Mod,Teff,Log(g),R,Age,L,Log(Tc),Log(Pc),Log(rhoc),Mx/M,Log(qx),Lnu,Log(H/*),Log(He/*),Log(C/*),Log(O/*),M/Msun
243.0,1463.0512,8.42852635,648488200.0,11506780000.0,1.373012e+27,4.803728,24.13411,7.149236,0.9999039279,-4.017403,221658900000.0,-9.99986,-1.999885,-0.305396,-0.305396,0.85
229.0,1463.5593,9.16055053,338559900.0,5274611000.0,3.747523e+26,4.328481,25.91458,8.43236,0.9999999652,-7.457984,386586100.0,-9.99986,-1.999885,-0.305396,-0.305396,1.25
237.0,1464.6535,7.79595558,977426900.0,14872790000.0,3.132854e+27,5.180469,22.71618,6.199089,0.990764313,-2.034531,150521500000000.0,-9.99986,-1.999885,-0.305396,-0.305396,0.45
240.0,1468.3107,8.50280529,612596400.0,10901910000.0,1.242947e+27,4.759136,24.30867,7.271267,0.9999599889,-4.39782,121629800000.0,-9.99986,-1.999884,-0.305396,-0.305396,0.9
212.0,1473.5143,7.59050728,1092034000.0,15847320000.0,4.0061e+27,5.3035,22.27681,5.91879,0.9898718684,-1.994471,1196059000000000.0,-9.99986,-1.999885,-0.305396,-0.305396,0.35
268.0,1476.1828,8.13140164,798383700.0,13344260000.0,2.15683e+27,4.993091,23.45366,6.684006,0.9969468454,-2.515251,4519264000000.0,-9.99986,-1.999885,-0.305396,-0.305396,0.65
224.0,1476.8475,7.69794446,1031605000.0,15330570000.0,3.607462e+27,5.244061,22.50563,6.064017,0.990328379,-2.014501,448489800000000.0,-9.99986,-1.999885,-0.305396,-0.305396,0.4
232.0,1476.8788,9.03261119,384362400.0,6307019000.0,5.008331e+26,4.406283,25.59746,8.199,0.9999999426,-7.241441,1105537000.0,-9.99986,-1.999885,-0.305396,-0.305396,1.2
