Mass/Mjup	Age/Gyr	log(L/Lsun)	Teff	log(g)	Radius/Rjup
0.047	1.020e-04	-6.075	431	1.658	1.603
0.047	1.341e-04	-6.170	421	1.714	1.502
0.047	1.770e-04	-6.247	417	1.776	1.400
0.047	2.340e-04	-6.371	403	1.837	1.304
0.047	3.095e-04	-6.473	393	1.897	1.218
0.047	4.093e-04	-6.617	373	1.953	1.142
0.047	5.392e-04	-6.724	362	2.004	1.076
0.047	7.131e-04	-6.836	349	2.055	1.015
0.047	9.431e-04	-6.949	337	2.104	0.960
0.047	1.247e-03	-7.064	324	2.151	0.909
0.047	1.639e-03	-7.175	312	2.195	0.863
0.047	2.164e-03	-7.291	299	2.241	0.820
0.047	2.850e-03	-7.410	286	2.285	0.779
0.047	3.746e-03	-7.529	274	2.326	0.743
0.047	4.954e-03	-7.650	261	2.366	0.710
0.047	6.552e-03	-7.772	249	2.403	0.680
0.047	8.648e-03	-7.889	238	2.439	0.653
0.047	1.132e-02	-8.003	227	2.472	0.628
0.047	1.486e-02	-8.117	216	2.503	0.606
0.047	1.953e-02	-8.232	206	2.534	0.585
0.047	2.583e-02	-8.355	195	2.563	0.565
0.047	3.409e-02	-8.475	185	2.590	0.548
0.047	4.463e-02	-8.588	176	2.615	0.533
0.047	5.891e-02	-8.704	167	2.639	0.518
0.047	7.760e-02	-8.820	158	2.662	0.505
0.047	1.020e-01	-8.936	150	2.684	0.492
0.047	1.349e-01	-9.061	141	2.706	0.480
0.047	1.784e-01	-9.188	133	2.727	0.468
0.047	2.345e-01	-9.313	125	2.746	0.458
0.047	3.083e-01	-9.442	117	2.763	0.449
0.047	4.069e-01	-9.572	110	2.779	0.441
0.047	5.360e-01	-9.696	103	2.794	0.434
0.047	7.044e-01	-9.817	97	2.808	0.427
0.047	9.316e-01	-9.940	91	2.821	0.420
0.047	1.225e+00	-10.059	85	2.833	0.414
0.047	1.610e+00	-10.180	80	2.845	0.409
0.047	2.129e+00	-10.307	75	2.857	0.403
0.047	2.816e+00	-10.426	71	2.868	0.398
0.063	1.023e-04	-5.891	480	1.789	1.592
0.063	1.350e-04	-5.994	467	1.842	1.498
0.063	1.779e-04	-6.095	454	1.894	1.410
0.063	2.338e-04	-6.178	446	1.946	1.329
0.063	3.092e-04	-6.293	430	1.999	1.251
0.063	4.081e-04	-6.400	416	2.049	1.180
0.063	5.397e-04	-6.517	400	2.098	1.115
0.063	7.065e-04	-6.627	386	2.144	1.058
0.063	9.344e-04	-6.748	369	2.189	1.004
0.063	1.229e-03	-6.853	356	2.232	0.956
0.063	1.615e-03	-6.964	342	2.274	0.911
0.063	2.131e-03	-7.077	329	2.315	0.869
0.063	2.808e-03	-7.189	315	2.354	0.831
0.063	3.690e-03	-7.302	302	2.392	0.795
0.063	4.880e-03	-7.420	288	2.430	0.761
0.063	6.441e-03	-7.540	275	2.466	0.730
0.063	8.485e-03	-7.666	261	2.501	0.702
0.063	1.115e-02	-7.786	248	2.533	0.676
0.063	1.472e-02	-7.905	236	2.565	0.652
0.063	1.927e-02	-8.019	224	2.594	0.630
0.063	2.549e-02	-8.140	213	2.623	0.610
0.063	3.364e-02	-8.263	201	2.650	0.591
0.063	4.404e-02	-8.383	191	2.675	0.574
0.063	5.813e-02	-8.508	180	2.699	0.558
0.063	7.688e-02	-8.632	170	2.722	0.544
0.063	1.017e-01	-8.756	160	2.744	0.530
0.063	1.339e-01	-8.884	151	2.766	0.517
0.063	1.760e-01	-9.017	141	2.786	0.505
0.063	2.323e-01	-9.157	132	2.805	0.494
0.063	3.061e-01	-9.296	123	2.823	0.484
0.063	4.023e-01	-9.431	115	2.838	0.476
0.063	5.310e-01	-9.563	107	2.852	0.468
0.063	6.951e-01	-9.687	100	2.865	0.461
0.063	9.193e-01	-9.807	94	2.876	0.455
0.063	1.209e+00	-9.913	89	2.886	0.450
0.063	1.588e+00	-10.002	85	2.894	0.446
0.063	2.089e+00	-10.078	82	2.900	0.443
0.063	2.745e+00	-10.146	79	2.906	0.440
0.063	3.623e+00	-10.211	76	2.911	0.438
0.063	4.743e+00	-10.274	74	2.916	0.435
0.063	6.261e+00	-10.332	71	2.920	0.433
0.126	1.005e-04	-5.426	544	1.840	2.123
0.126	1.326e-04	-5.560	519	1.894	1.996
0.126	1.754e-04	-5.660	505	1.945	1.881
0.126	2.296e-04	-5.754	492	1.994	1.778
0.126	3.031e-04	-5.854	478	2.044	1.679
0.126	4.008e-04	-5.954	464	2.093	1.586
0.126	5.279e-04	-6.069	446	2.140	1.503
0.126	6.939e-04	-6.179	430	2.184	1.428
0.126	9.159e-04	-6.287	414	2.228	1.359
0.126	1.206e-03	-6.392	399	2.270	1.295
0.126	1.596e-03	-6.516	381	2.310	1.236
0.126	2.097e-03	-6.624	366	2.348	1.183
0.126	2.757e-03	-6.731	351	2.385	1.133
0.126	3.646e-03	-6.843	336	2.422	1.086
0.126	4.822e-03	-6.962	321	2.458	1.042
0.126	6.338e-03	-7.075	306	2.492	1.002
0.126	8.366e-03	-7.193	292	2.525	0.965
0.126	1.106e-02	-7.315	277	2.558	0.929
0.126	1.448e-02	-7.435	263	2.587	0.898
0.126	1.915e-02	-7.560	249	2.616	0.868
0.126	2.498e-02	-7.677	236	2.643	0.842
0.126	3.279e-02	-7.796	224	2.669	0.817
0.126	4.310e-02	-7.919	212	2.695	0.794
0.126	5.622e-02	-8.042	200	2.718	0.772
0.126	7.420e-02	-8.176	188	2.742	0.752
0.126	9.714e-02	-8.307	176	2.763	0.734
0.126	1.285e-01	-8.440	165	2.784	0.716
0.126	1.696e-01	-8.574	155	2.803	0.700
0.126	2.220e-01	-8.706	145	2.821	0.686
0.126	2.930e-01	-8.844	135	2.838	0.673
0.126	3.836e-01	-8.980	126	2.854	0.661
0.126	5.073e-01	-9.126	117	2.868	0.650
0.126	6.670e-01	-9.269	108	2.882	0.640
0.126	8.766e-01	-9.412	101	2.894	0.631
0.126	1.157e+00	-9.558	93	2.906	0.622
0.126	1.512e+00	-9.698	86	2.917	0.615
0.126	1.996e+00	-9.844	80	2.927	0.608
0.126	2.629e+00	-9.985	74	2.936	0.601
0.126	3.377e+00	-10.093	70	2.943	0.596
0.126	3.723e+00	-10.093	70	2.943	0.596
0.126	4.868e+00	-10.093	70	2.943	0.596
0.126	6.479e+00	-10.093	70	2.943	0.596
0.126	8.623e+00	-10.093	70	2.943	0.596
0.189	1.025e-04	-5.181	637	2.045	2.053
0.189	1.355e-04	-5.281	618	2.094	1.942
0.189	1.789e-04	-5.402	592	2.140	1.841
0.189	2.356e-04	-5.512	570	2.183	1.753
0.189	3.097e-04	-5.612	551	2.224	1.671
0.189	4.088e-04	-5.718	531	2.265	1.593
0.189	5.406e-04	-5.838	507	2.305	1.522
0.189	7.122e-04	-5.951	485	2.342	1.458
0.189	9.326e-04	-6.060	465	2.378	1.400
0.189	1.221e-03	-6.159	448	2.412	1.346
0.189	1.612e-03	-6.266	430	2.447	1.292
0.189	2.123e-03	-6.388	408	2.481	1.243
0.189	2.790e-03	-6.504	389	2.513	1.198
0.189	3.690e-03	-6.614	372	2.544	1.156
0.189	4.871e-03	-6.721	356	2.575	1.115
0.189	6.441e-03	-6.836	339	2.606	1.077
0.189	8.485e-03	-6.953	322	2.635	1.041
0.189	1.115e-02	-7.069	306	2.663	1.008
0.189	1.466e-02	-7.187	291	2.690	0.977
0.189	1.927e-02	-7.306	276	2.716	0.948
0.189	2.548e-02	-7.436	260	2.742	0.920
0.189	3.364e-02	-7.562	245	2.766	0.895
0.189	4.404e-02	-7.680	232	2.789	0.872
0.189	5.824e-02	-7.804	219	2.811	0.850
0.189	7.657e-02	-7.929	206	2.832	0.829
0.189	1.003e-01	-8.058	193	2.852	0.811
0.189	1.313e-01	-8.191	181	2.871	0.793
0.189	1.733e-01	-8.329	169	2.889	0.777
0.189	2.268e-01	-8.462	158	2.906	0.762
0.189	3.000e-01	-8.601	147	2.923	0.748
0.189	3.944e-01	-8.740	137	2.937	0.735
0.189	5.184e-01	-8.880	128	2.951	0.724
0.189	6.761e-01	-9.020	119	2.963	0.714
0.189	8.925e-01	-9.168	110	2.975	0.704
0.189	1.168e+00	-9.311	102	2.986	0.695
0.189	1.542e+00	-9.460	94	2.996	0.687
0.189	2.019e+00	-9.605	87	3.005	0.680
0.189	2.665e+00	-9.755	80	3.014	0.673
0.189	3.489e+00	-9.896	74	3.022	0.667
0.262	1.043e-04	-4.950	740	2.217	1.985
0.262	1.369e-04	-5.060	711	2.258	1.892
0.262	1.792e-04	-5.157	688	2.299	1.806
0.262	2.361e-04	-5.275	658	2.339	1.725
0.262	3.103e-04	-5.399	626	2.376	1.653
0.262	4.104e-04	-5.506	601	2.412	1.586
0.262	5.417e-04	-5.613	576	2.447	1.523
0.262	7.091e-04	-5.750	543	2.479	1.467
0.262	9.361e-04	-5.861	519	2.511	1.415
0.262	1.233e-03	-5.969	496	2.541	1.366
0.262	1.621e-03	-6.071	476	2.571	1.319
0.262	2.139e-03	-6.182	454	2.602	1.274
0.262	2.818e-03	-6.303	431	2.631	1.233
0.262	3.703e-03	-6.421	409	2.658	1.194
0.262	4.889e-03	-6.538	388	2.685	1.158
0.262	6.400e-03	-6.647	370	2.711	1.124
0.262	8.400e-03	-6.751	354	2.736	1.091
0.262	1.104e-02	-6.868	336	2.762	1.060
0.262	1.451e-02	-6.986	318	2.786	1.030
0.262	1.908e-02	-7.102	301	2.810	1.003
0.262	2.508e-02	-7.221	285	2.833	0.976
0.262	3.296e-02	-7.349	268	2.855	0.952
0.262	4.351e-02	-7.475	253	2.877	0.928
0.262	5.696e-02	-7.593	239	2.897	0.907
0.262	7.519e-02	-7.716	225	2.917	0.886
0.262	9.843e-02	-7.840	212	2.936	0.867
0.262	1.302e-01	-7.971	199	2.954	0.849
0.262	1.711e-01	-8.108	185	2.972	0.832
0.262	2.249e-01	-8.246	173	2.988	0.817
0.262	2.957e-01	-8.382	161	3.003	0.803
0.262	3.887e-01	-8.519	150	3.017	0.790
0.262	5.131e-01	-8.661	140	3.031	0.777
0.262	6.717e-01	-8.800	130	3.043	0.767
0.262	8.866e-01	-8.947	120	3.054	0.757
0.262	1.161e+00	-9.093	111	3.065	0.748
0.262	1.523e+00	-9.240	103	3.074	0.740
0.262	2.002e+00	-9.389	95	3.083	0.732
0.262	2.611e+00	-9.534	87	3.092	0.725
0.262	3.447e+00	-9.687	80	3.100	0.718
0.262	4.512e+00	-9.830	74	3.107	0.713
0.524	1.022e-04	-4.311	1060	2.505	2.015
0.524	1.341e-04	-4.417	1026	2.553	1.907
0.524	1.763e-04	-4.547	977	2.598	1.809
0.524	2.327e-04	-4.680	927	2.640	1.724
0.524	3.047e-04	-4.810	879	2.677	1.652
0.524	4.022e-04	-4.946	830	2.713	1.586
0.524	5.255e-04	-5.089	777	2.744	1.530
0.524	6.937e-04	-5.230	729	2.773	1.480
0.524	9.081e-04	-5.357	688	2.799	1.436
0.524	1.199e-03	-5.481	650	2.825	1.394
0.524	1.569e-03	-5.647	598	2.847	1.359
0.524	2.060e-03	-5.777	562	2.868	1.327
0.524	2.707e-03	-5.898	530	2.888	1.297
0.524	3.573e-03	-6.031	497	2.907	1.268
0.524	4.678e-03	-6.140	471	2.925	1.242
0.524	6.174e-03	-6.210	458	2.945	1.214
0.524	8.166e-03	-6.278	446	2.966	1.184
0.524	1.069e-02	-6.415	417	2.987	1.156
0.524	1.403e-02	-6.536	393	3.007	1.130
0.524	1.844e-02	-6.655	372	3.027	1.104
0.524	2.424e-02	-6.775	351	3.046	1.080
0.524	3.186e-02	-6.892	331	3.065	1.057
0.524	4.206e-02	-7.010	313	3.084	1.035
0.524	5.506e-02	-7.132	295	3.101	1.014
0.524	7.227e-02	-7.260	276	3.118	0.994
0.524	9.498e-02	-7.384	260	3.135	0.976
0.524	1.249e-01	-7.505	245	3.150	0.958
0.524	1.641e-01	-7.626	230	3.166	0.941
0.524	2.166e-01	-7.754	216	3.181	0.925
0.524	2.836e-01	-7.882	202	3.195	0.910
0.524	3.744e-01	-8.023	188	3.209	0.896
0.524	4.901e-01	-8.162	175	3.222	0.883
0.524	6.432e-01	-8.301	162	3.234	0.871
0.524	8.423e-01	-8.439	151	3.245	0.860
0.524	1.103e+00	-8.582	140	3.255	0.850
0.524	1.456e+00	-8.730	129	3.265	0.840
0.524	1.905e+00	-8.879	119	3.273	0.832
0.524	2.515e+00	-9.034	109	3.282	0.824
0.524	3.293e+00	-9.184	101	3.289	0.817
0.524	4.346e+00	-9.337	93	3.296	0.810
0.524	5.690e+00	-9.486	85	3.302	0.804
0.524	7.510e+00	-9.639	78	3.308	0.799
0.786	1.009e-04	-3.959	1257	2.625	2.150
0.786	1.335e-04	-4.073	1214	2.678	2.021
0.786	1.755e-04	-4.185	1171	2.728	1.909
0.786	2.306e-04	-4.299	1127	2.774	1.809
0.786	3.044e-04	-4.424	1076	2.819	1.718
0.786	3.985e-04	-4.568	1014	2.859	1.641
0.786	5.261e-04	-4.706	956	2.896	1.574
0.786	6.887e-04	-4.846	898	2.928	1.516
0.786	9.090e-04	-5.022	826	2.957	1.465
0.786	1.197e-03	-5.147	780	2.984	1.422
0.786	1.574e-03	-5.290	729	3.008	1.383
0.786	2.069e-03	-5.521	645	3.028	1.351
0.786	2.737e-03	-5.645	607	3.045	1.324
0.786	3.597e-03	-5.762	573	3.062	1.299
0.786	4.729e-03	-5.881	540	3.079	1.275
0.786	6.215e-03	-6.003	508	3.094	1.252
0.786	8.204e-03	-6.093	487	3.111	1.228
0.786	1.085e-02	-6.157	474	3.128	1.203
0.786	1.435e-02	-6.246	456	3.148	1.176
0.786	1.898e-02	-6.391	424	3.167	1.151
0.786	2.500e-02	-6.522	397	3.185	1.128
0.786	3.285e-02	-6.643	374	3.202	1.106
0.786	4.312e-02	-6.767	351	3.218	1.086
0.786	5.667e-02	-6.880	332	3.234	1.066
0.786	7.451e-02	-7.000	313	3.250	1.047
0.786	9.792e-02	-7.127	294	3.265	1.028
0.786	1.277e-01	-7.252	275	3.279	1.012
0.786	1.686e-01	-7.373	259	3.294	0.995
0.786	2.221e-01	-7.497	243	3.308	0.979
0.786	2.919e-01	-7.620	228	3.321	0.964
0.786	3.853e-01	-7.749	214	3.334	0.950
0.786	5.044e-01	-7.880	199	3.347	0.936
0.786	6.658e-01	-8.022	185	3.359	0.923
0.786	8.716e-01	-8.161	172	3.369	0.912
0.786	1.150e+00	-8.305	159	3.380	0.901
0.786	1.506e+00	-8.447	147	3.389	0.891
0.786	1.988e+00	-8.597	136	3.398	0.882
0.786	2.603e+00	-8.744	126	3.407	0.874
0.786	3.435e+00	-8.900	115	3.414	0.866
0.786	4.497e+00	-9.052	106	3.421	0.859
0.786	5.856e+00	-9.199	98	3.427	0.853
0.786	7.730e+00	-9.355	90	3.433	0.847
0.786	1.000e+01	-9.498	83	3.438	0.842
1.048	1.022e-04	-3.745	1378	2.694	2.290
1.048	1.343e-04	-3.839	1347	2.749	2.151
1.048	1.766e-04	-3.935	1314	2.803	2.022
1.048	2.335e-04	-4.056	1264	2.855	1.904
1.048	3.069e-04	-4.174	1213	2.903	1.802
1.048	4.052e-04	-4.292	1164	2.949	1.709
1.048	5.295e-04	-4.436	1097	2.990	1.631
1.048	6.961e-04	-4.579	1032	3.027	1.563
1.048	9.149e-04	-4.720	971	3.060	1.503
1.048	1.203e-03	-4.894	893	3.090	1.453
1.048	1.591e-03	-5.039	834	3.117	1.409
1.048	2.104e-03	-5.199	771	3.141	1.371
1.048	2.782e-03	-5.416	688	3.160	1.340
1.048	3.657e-03	-5.541	647	3.177	1.315
1.048	4.827e-03	-5.666	607	3.193	1.290
1.048	6.359e-03	-5.793	570	3.209	1.267
1.048	8.357e-03	-5.920	535	3.224	1.245
1.048	1.099e-02	-6.044	502	3.239	1.224
1.048	1.453e-02	-6.100	490	3.254	1.202
1.048	1.910e-02	-6.185	472	3.271	1.179
1.048	2.521e-02	-6.334	437	3.288	1.156
1.048	3.300e-02	-6.462	409	3.304	1.136
1.048	4.356e-02	-6.586	385	3.319	1.116
1.048	5.738e-02	-6.711	361	3.333	1.098
1.048	7.542e-02	-6.821	342	3.348	1.080
1.048	9.916e-02	-6.941	321	3.362	1.062
1.048	1.303e-01	-7.063	302	3.376	1.045
1.048	1.713e-01	-7.187	283	3.389	1.029
1.048	2.252e-01	-7.308	266	3.402	1.014
1.048	2.961e-01	-7.433	250	3.415	0.999
1.048	3.877e-01	-7.553	235	3.427	0.985
1.048	5.076e-01	-7.677	220	3.439	0.972
1.048	6.700e-01	-7.809	205	3.451	0.958
1.048	8.771e-01	-7.945	191	3.462	0.946
1.048	1.158e+00	-8.089	177	3.473	0.935
1.048	1.513e+00	-8.229	164	3.482	0.925
1.048	1.989e+00	-8.372	152	3.491	0.915
1.048	2.614e+00	-8.520	140	3.500	0.906
1.048	3.437e+00	-8.669	129	3.507	0.898
1.048	4.518e+00	-8.823	119	3.515	0.891
1.048	5.963e+00	-8.981	109	3.521	0.884
1.048	7.807e+00	-9.132	100	3.527	0.878
1.048	1.000e+01	-9.272	93	3.532	0.873
1.571	1.009e-04	-3.409	1581	2.773	2.563
1.571	1.335e-04	-3.528	1527	2.832	2.393
1.571	1.748e-04	-3.624	1492	2.888	2.246
1.571	2.307e-04	-3.723	1455	2.943	2.107
1.571	3.020e-04	-3.820	1419	2.996	1.983
1.571	3.963e-04	-3.934	1368	3.047	1.868
1.571	5.209e-04	-4.056	1311	3.096	1.767
1.571	6.849e-04	-4.176	1257	3.141	1.677
1.571	9.001e-04	-4.314	1189	3.183	1.598
1.571	1.190e-03	-4.467	1113	3.222	1.529
1.571	1.553e-03	-4.616	1041	3.254	1.473
1.571	2.050e-03	-4.775	966	3.284	1.423
1.571	2.683e-03	-4.958	882	3.309	1.382
1.571	3.548e-03	-5.153	799	3.331	1.348
1.571	4.693e-03	-5.317	734	3.349	1.320
1.571	6.206e-03	-5.448	688	3.366	1.295
1.571	8.192e-03	-5.583	642	3.382	1.271
1.571	1.072e-02	-5.714	600	3.396	1.250
1.571	1.408e-02	-5.847	560	3.410	1.230
1.571	1.850e-02	-5.955	531	3.424	1.211
1.571	2.442e-02	-6.024	515	3.439	1.191
1.571	3.229e-02	-6.173	476	3.454	1.171
1.571	4.271e-02	-6.313	443	3.467	1.152
1.571	5.626e-02	-6.440	415	3.480	1.135
1.571	7.394e-02	-6.563	389	3.493	1.119
1.571	9.644e-02	-6.671	368	3.505	1.104
1.571	1.273e-01	-6.782	348	3.517	1.088
1.571	1.667e-01	-6.901	327	3.530	1.073
1.571	2.187e-01	-7.018	308	3.542	1.058
1.571	2.875e-01	-7.136	290	3.553	1.043
1.571	3.780e-01	-7.260	272	3.565	1.029
1.571	4.968e-01	-7.385	255	3.576	1.016
1.571	6.531e-01	-7.505	239	3.588	1.003
1.571	8.584e-01	-7.628	224	3.598	0.991
1.571	1.129e+00	-7.756	209	3.609	0.979
1.571	1.478e+00	-7.891	195	3.619	0.968
1.571	1.935e+00	-8.031	181	3.628	0.957
1.571	2.554e+00	-8.176	167	3.637	0.947
1.571	3.343e+00	-8.319	155	3.645	0.939
1.571	4.413e+00	-8.470	142	3.653	0.930
1.571	5.777e+00	-8.619	131	3.660	0.923
1.571	7.583e+00	-8.772	121	3.667	0.916
1.571	9.966e+00	-8.930	111	3.673	0.910
2.095	1.015e-04	-3.182	1716	2.814	2.822
2.095	1.340e-04	-3.277	1688	2.880	2.616
2.095	1.754e-04	-3.381	1648	2.942	2.436
2.095	2.302e-04	-3.502	1589	3.000	2.278
2.095	3.025e-04	-3.608	1543	3.056	2.137
2.095	3.993e-04	-3.715	1497	3.110	2.008
2.095	5.227e-04	-3.818	1453	3.160	1.894
2.095	6.900e-04	-3.930	1402	3.211	1.787
2.095	9.089e-04	-4.053	1343	3.258	1.693
2.095	1.195e-03	-4.174	1285	3.302	1.609
2.095	1.558e-03	-4.328	1202	3.341	1.538
2.095	2.057e-03	-4.480	1124	3.377	1.477
2.095	2.688e-03	-4.638	1045	3.407	1.426
2.095	3.534e-03	-4.810	961	3.434	1.382
2.095	4.645e-03	-4.980	883	3.457	1.346
2.095	6.131e-03	-5.187	793	3.477	1.316
2.095	8.076e-03	-5.318	742	3.494	1.291
2.095	1.061e-02	-5.457	691	3.509	1.268
2.095	1.401e-02	-5.600	642	3.524	1.246
2.095	1.834e-02	-5.735	599	3.538	1.227
2.095	2.426e-02	-5.857	562	3.551	1.208
2.095	3.202e-02	-5.954	536	3.565	1.189
2.095	4.234e-02	-6.095	498	3.578	1.171
2.095	5.600e-02	-6.262	456	3.591	1.154
2.095	7.406e-02	-6.367	432	3.602	1.139
2.095	9.795e-02	-6.484	407	3.614	1.124
2.095	1.290e-01	-6.602	382	3.625	1.109
2.095	1.696e-01	-6.707	362	3.637	1.094
2.095	2.243e-01	-6.832	339	3.648	1.080
2.095	2.948e-01	-6.951	319	3.660	1.066
2.095	3.875e-01	-7.067	300	3.671	1.053
2.095	5.095e-01	-7.189	282	3.681	1.040
2.095	6.696e-01	-7.312	264	3.692	1.027
2.095	8.734e-01	-7.427	248	3.702	1.015
2.095	1.153e+00	-7.548	233	3.712	1.003
2.095	1.509e+00	-7.671	218	3.722	0.992
2.095	1.992e+00	-7.805	203	3.732	0.981
2.095	2.608e+00	-7.942	189	3.741	0.971
2.095	3.443e+00	-8.087	175	3.750	0.961
2.095	4.507e+00	-8.231	161	3.758	0.952
2.095	5.949e+00	-8.381	149	3.765	0.944
2.095	7.774e+00	-8.530	137	3.772	0.937
2.095	1.000e+01	-8.670	127	3.778	0.931
2.619	1.018e-04	-3.016	1814	2.841	3.059
2.619	1.347e-04	-3.113	1784	2.909	2.828
2.619	1.770e-04	-3.205	1757	2.975	2.623
2.619	2.336e-04	-3.306	1721	3.039	2.434
2.619	3.078e-04	-3.430	1659	3.100	2.270
2.619	4.045e-04	-3.548	1600	3.156	2.129
2.619	5.318e-04	-3.656	1551	3.208	2.004
2.619	6.990e-04	-3.760	1504	3.259	1.890
2.619	9.226e-04	-3.863	1459	3.310	1.783
2.619	1.215e-03	-3.987	1397	3.358	1.687
2.619	1.597e-03	-4.109	1336	3.403	1.602
2.619	2.083e-03	-4.257	1255	3.442	1.531
2.619	2.750e-03	-4.410	1174	3.479	1.467
2.619	3.623e-03	-4.572	1089	3.511	1.414
2.619	4.761e-03	-4.745	1002	3.539	1.370
2.619	6.297e-03	-4.916	921	3.563	1.333
2.619	8.279e-03	-5.107	834	3.583	1.303
2.619	1.088e-02	-5.247	777	3.600	1.277
2.619	1.436e-02	-5.403	717	3.615	1.254
2.619	1.880e-02	-5.548	665	3.629	1.234
2.619	2.468e-02	-5.688	618	3.643	1.216
2.619	3.243e-02	-5.799	584	3.655	1.198
2.619	4.289e-02	-5.928	546	3.668	1.180
2.619	5.673e-02	-6.072	506	3.681	1.164
2.619	7.502e-02	-6.248	461	3.692	1.149
2.619	9.903e-02	-6.336	441	3.702	1.135
2.619	1.304e-01	-6.448	416	3.713	1.121
2.619	1.714e-01	-6.565	391	3.724	1.108
2.619	2.263e-01	-6.672	370	3.734	1.094
2.619	2.981e-01	-6.796	346	3.745	1.080
2.619	3.918e-01	-6.915	325	3.756	1.067
2.619	5.172e-01	-7.031	306	3.766	1.055
2.619	6.813e-01	-7.154	287	3.776	1.042
2.619	8.954e-01	-7.274	269	3.786	1.030
2.619	1.168e+00	-7.388	254	3.796	1.019
2.619	1.533e+00	-7.505	238	3.806	1.008
2.619	2.015e+00	-7.628	223	3.815	0.996
2.619	2.649e+00	-7.758	208	3.825	0.986
2.619	3.481e+00	-7.895	194	3.834	0.976
2.619	4.595e+00	-8.039	179	3.842	0.966
2.619	6.015e+00	-8.183	166	3.850	0.958
2.619	7.940e+00	-8.334	152	3.857	0.949
2.619	1.000e+01	-8.462	142	3.863	0.943
3.143	1.008e-04	-2.887	1882	2.855	3.299
3.143	1.324e-04	-2.977	1858	2.923	3.050
3.143	1.733e-04	-3.073	1826	2.989	2.825
3.143	2.269e-04	-3.164	1799	3.054	2.624
3.143	3.001e-04	-3.272	1754	3.118	2.437
3.143	3.961e-04	-3.387	1700	3.178	2.273
3.143	5.218e-04	-3.509	1637	3.234	2.131
3.143	6.858e-04	-3.612	1590	3.287	2.006
3.143	9.017e-04	-3.716	1542	3.338	1.891
3.143	1.185e-03	-3.822	1493	3.388	1.785
3.143	1.567e-03	-3.950	1427	3.437	1.688
3.143	2.061e-03	-4.073	1364	3.481	1.603
3.143	2.698e-03	-4.221	1281	3.522	1.531
3.143	3.532e-03	-4.369	1201	3.557	1.470
3.143	4.636e-03	-4.528	1117	3.589	1.416
3.143	6.093e-03	-4.700	1027	3.617	1.372
3.143	8.011e-03	-4.866	947	3.641	1.335
3.143	1.053e-02	-5.046	863	3.661	1.304
3.143	1.390e-02	-5.204	797	3.679	1.277
3.143	1.831e-02	-5.369	731	3.695	1.254
3.143	2.398e-02	-5.514	678	3.709	1.234
3.143	3.133e-02	-5.649	632	3.721	1.216
3.143	4.087e-02	-5.764	595	3.733	1.199
3.143	5.394e-02	-5.897	556	3.745	1.183
3.143	7.106e-02	-6.040	515	3.757	1.168
3.143	9.398e-02	-6.216	468	3.767	1.154
3.143	1.245e-01	-6.306	447	3.777	1.141
3.143	1.647e-01	-6.418	422	3.788	1.127
3.143	2.178e-01	-6.533	397	3.798	1.113
3.143	2.881e-01	-6.648	374	3.809	1.100
3.143	3.771e-01	-6.768	351	3.819	1.087
3.143	4.978e-01	-6.889	329	3.829	1.075
3.143	6.557e-01	-7.004	310	3.839	1.062
3.143	8.618e-01	-7.123	291	3.849	1.050
3.143	1.133e+00	-7.242	273	3.858	1.039
3.143	1.489e+00	-7.359	257	3.868	1.027
3.143	1.958e+00	-7.476	241	3.878	1.016
3.143	2.573e+00	-7.598	226	3.887	1.005
3.143	3.357e+00	-7.723	212	3.896	0.995
3.143	4.431e+00	-7.860	197	3.905	0.985
3.143	5.836e+00	-8.004	182	3.913	0.975
3.143	7.671e+00	-8.150	168	3.921	0.966
3.143	1.000e+01	-8.295	155	3.928	0.959
3.666	1.031e-04	-2.781	1944	2.873	3.489
3.666	1.355e-04	-2.872	1921	2.942	3.221
3.666	1.767e-04	-2.960	1896	3.009	2.985
3.666	2.320e-04	-3.055	1865	3.075	2.764
3.666	3.049e-04	-3.150	1834	3.140	2.564
3.666	4.008e-04	-3.264	1780	3.203	2.387
3.666	5.268e-04	-3.373	1730	3.261	2.231
3.666	6.926e-04	-3.488	1672	3.317	2.092
3.666	9.103e-04	-3.591	1624	3.371	1.967
3.666	1.197e-03	-3.699	1573	3.422	1.853
3.666	1.573e-03	-3.812	1516	3.472	1.750
3.666	2.052e-03	-3.936	1450	3.518	1.661
3.666	2.693e-03	-4.057	1387	3.561	1.579
3.666	3.539e-03	-4.209	1300	3.601	1.508
3.666	4.672e-03	-4.360	1217	3.637	1.447
3.666	6.105e-03	-4.517	1131	3.668	1.397
3.666	8.027e-03	-4.688	1042	3.696	1.353
3.666	1.051e-02	-4.852	961	3.719	1.317
3.666	1.385e-02	-5.023	881	3.739	1.287
3.666	1.820e-02	-5.196	805	3.757	1.261
3.666	2.402e-02	-5.362	739	3.772	1.239
3.666	3.139e-02	-5.506	685	3.786	1.220
3.666	4.127e-02	-5.638	640	3.799	1.202
3.666	5.425e-02	-5.785	592	3.811	1.185
3.666	7.174e-02	-5.911	554	3.822	1.169
3.666	9.470e-02	-6.112	497	3.833	1.155
3.666	1.252e-01	-6.204	474	3.843	1.142
3.666	1.650e-01	-6.316	447	3.853	1.130
3.666	2.182e-01	-6.425	422	3.862	1.117
3.666	2.867e-01	-6.534	398	3.872	1.104
3.666	3.770e-01	-6.652	374	3.882	1.092
3.666	4.955e-01	-6.774	351	3.892	1.080
3.666	6.515e-01	-6.891	330	3.901	1.068
3.666	8.562e-01	-7.005	311	3.911	1.056
3.666	1.130e+00	-7.123	292	3.921	1.044
3.666	1.480e+00	-7.238	275	3.930	1.033
3.666	1.953e+00	-7.356	258	3.939	1.022
3.666	2.557e+00	-7.472	243	3.949	1.011
3.666	3.375e+00	-7.595	227	3.958	1.000
3.666	4.418e+00	-7.721	212	3.967	0.990
3.666	5.832e+00	-7.858	197	3.976	0.980
3.666	7.634e+00	-7.999	183	3.984	0.971
3.666	1.000e+01	-8.144	169	3.991	0.963
4.190	1.008e-04	-2.676	2001	2.876	3.718
4.190	1.320e-04	-2.764	1980	2.945	3.433
4.190	1.732e-04	-2.855	1955	3.014	3.171
4.190	2.277e-04	-2.946	1929	3.082	2.931
4.190	2.993e-04	-3.042	1898	3.150	2.712
4.190	3.934e-04	-3.138	1865	3.216	2.514
4.190	5.172e-04	-3.256	1806	3.278	2.341
4.190	6.798e-04	-3.363	1756	3.336	2.188
4.190	8.867e-04	-3.472	1702	3.391	2.055
4.190	1.170e-03	-3.577	1654	3.445	1.930
4.190	1.529e-03	-3.685	1600	3.496	1.820
4.190	2.011e-03	-3.807	1535	3.546	1.719
4.190	2.643e-03	-3.932	1466	3.592	1.631
4.190	3.447e-03	-4.049	1405	3.634	1.554
4.190	4.550e-03	-4.207	1312	3.673	1.484
4.190	5.957e-03	-4.352	1231	3.707	1.427
4.190	7.878e-03	-4.518	1139	3.739	1.376
4.190	1.036e-02	-4.683	1052	3.766	1.335
4.190	1.356e-02	-4.855	965	3.789	1.300
4.190	1.776e-02	-5.021	888	3.808	1.271
4.190	2.344e-02	-5.199	809	3.826	1.246
4.190	3.068e-02	-5.357	745	3.840	1.225
4.190	4.050e-02	-5.506	689	3.854	1.205
4.190	5.293e-02	-5.636	644	3.866	1.188
4.190	6.987e-02	-5.777	598	3.878	1.172
4.190	9.240e-02	-5.918	555	3.890	1.157
4.190	1.222e-01	-6.096	504	3.900	1.144
4.190	1.616e-01	-6.216	473	3.909	1.131
4.190	2.129e-01	-6.321	447	3.919	1.119
4.190	2.798e-01	-6.428	423	3.928	1.107
4.190	3.700e-01	-6.544	398	3.938	1.095
4.190	4.865e-01	-6.664	373	3.947	1.083
4.190	6.371e-01	-6.785	350	3.957	1.071
4.190	8.325e-01	-6.897	330	3.966	1.060
4.190	1.095e+00	-7.009	311	3.975	1.049
4.190	1.439e+00	-7.123	293	3.984	1.038
4.190	1.899e+00	-7.243	275	3.994	1.027
4.190	2.486e+00	-7.355	259	4.003	1.016
4.190	3.281e+00	-7.474	243	4.012	1.005
4.190	4.296e+00	-7.594	228	4.021	0.995
4.190	5.670e+00	-7.724	213	4.030	0.985
4.190	7.423e+00	-7.857	198	4.038	0.975
4.190	9.743e+00	-8.000	183	4.046	0.966
4.714	1.031e-04	-2.596	2048	2.887	3.892
4.714	1.349e-04	-2.685	2027	2.957	3.590
4.714	1.771e-04	-2.775	2004	3.028	3.311
4.714	2.319e-04	-2.866	1977	3.096	3.059
4.714	3.036e-04	-2.958	1950	3.164	2.830
4.714	4.007e-04	-3.053	1921	3.232	2.616
4.714	5.237e-04	-3.156	1877	3.296	2.430
4.714	6.913e-04	-3.274	1818	3.358	2.263
4.714	9.050e-04	-3.380	1768	3.416	2.118
4.714	1.188e-03	-3.486	1716	3.471	1.988
4.714	1.561e-03	-3.595	1663	3.524	1.869
4.714	2.061e-03	-3.711	1602	3.576	1.761
4.714	2.698e-03	-3.836	1532	3.623	1.668
4.714	3.561e-03	-3.960	1464	3.668	1.584
4.714	4.661e-03	-4.091	1390	3.709	1.511
4.714	6.165e-03	-4.248	1298	3.747	1.446
4.714	8.105e-03	-4.397	1214	3.780	1.392
4.714	1.065e-02	-4.566	1121	3.809	1.346
4.714	1.401e-02	-4.733	1033	3.835	1.307
4.714	1.841e-02	-4.906	947	3.856	1.275
4.714	2.401e-02	-5.072	869	3.875	1.249
4.714	3.169e-02	-5.244	795	3.891	1.225
4.714	4.149e-02	-5.398	734	3.905	1.205
4.714	5.487e-02	-5.543	680	3.919	1.187
4.714	7.214e-02	-5.688	630	3.931	1.171
4.714	9.541e-02	-5.832	584	3.942	1.155
4.714	1.254e-01	-6.010	530	3.953	1.141
4.714	1.658e-01	-6.133	496	3.962	1.129
4.714	2.189e-01	-6.260	464	3.971	1.117
4.714	2.895e-01	-6.353	442	3.980	1.105
4.714	3.813e-01	-6.469	416	3.990	1.094
4.714	5.012e-01	-6.588	390	3.999	1.082
4.714	6.589e-01	-6.708	366	4.008	1.071
4.714	8.660e-01	-6.826	344	4.017	1.059
4.714	1.130e+00	-6.935	325	4.026	1.049
4.714	1.491e+00	-7.050	305	4.035	1.038
4.714	1.952e+00	-7.163	288	4.044	1.027
4.714	2.577e+00	-7.281	270	4.053	1.016
4.714	3.373e+00	-7.395	254	4.062	1.006
4.714	4.461e+00	-7.515	239	4.071	0.995
4.714	5.818e+00	-7.635	224	4.080	0.986
4.714	7.680e+00	-7.767	208	4.089	0.976
4.714	1.000e+01	-7.900	194	4.097	0.967
5.238	1.003e-04	-2.513	2090	2.885	4.112
5.238	1.324e-04	-2.601	2072	2.958	3.781
5.238	1.733e-04	-2.691	2049	3.029	3.485
5.238	2.287e-04	-2.785	2024	3.101	3.208
5.238	2.989e-04	-2.875	1997	3.169	2.966
5.238	3.899e-04	-2.966	1970	3.235	2.747
5.238	5.146e-04	-3.065	1935	3.303	2.540
5.238	6.737e-04	-3.171	1888	3.367	2.361
5.238	8.909e-04	-3.287	1831	3.429	2.199
5.238	1.162e-03	-3.392	1780	3.485	2.062
5.238	1.534e-03	-3.501	1726	3.541	1.933
5.238	2.021e-03	-3.614	1667	3.594	1.818
5.238	2.656e-03	-3.731	1604	3.644	1.717
5.238	3.492e-03	-3.857	1532	3.690	1.627
5.238	4.589e-03	-3.977	1467	3.734	1.548
5.238	6.034e-03	-4.122	1381	3.774	1.477
5.238	7.930e-03	-4.271	1294	3.810	1.417
5.238	1.047e-02	-4.429	1204	3.843	1.365
5.238	1.370e-02	-4.593	1113	3.871	1.322
5.238	1.799e-02	-4.763	1023	3.895	1.286
5.238	2.364e-02	-4.933	939	3.916	1.255
5.238	3.083e-02	-5.101	861	3.933	1.230
5.238	4.070e-02	-5.274	787	3.949	1.208
5.238	5.361e-02	-5.426	727	3.963	1.189
5.238	7.046e-02	-5.570	674	3.976	1.172
5.238	9.301e-02	-5.718	623	3.988	1.156
5.238	1.225e-01	-5.854	580	3.999	1.141
5.238	1.610e-01	-6.027	528	4.008	1.128
5.238	2.129e-01	-6.173	488	4.018	1.117
5.238	2.778e-01	-6.265	465	4.026	1.106
5.238	3.666e-01	-6.369	440	4.035	1.094
5.238	4.830e-01	-6.488	413	4.045	1.082
5.238	6.348e-01	-6.610	387	4.054	1.071
5.238	8.379e-01	-6.732	363	4.063	1.060
5.238	1.097e+00	-6.844	342	4.071	1.049
5.238	1.451e+00	-6.961	321	4.081	1.038
5.238	1.907e+00	-7.076	302	4.089	1.028
5.238	2.507e+00	-7.192	284	4.098	1.017
5.238	3.270e+00	-7.306	267	4.107	1.007
5.238	4.316e+00	-7.420	252	4.116	0.997
5.238	5.685e+00	-7.538	236	4.125	0.987
5.238	7.472e+00	-7.663	221	4.133	0.977
5.238	9.746e+00	-7.789	207	4.141	0.968
6.285	1.009e-04	-2.379	2160	2.888	4.491
6.285	1.315e-04	-2.466	2144	2.961	4.128
6.285	1.736e-04	-2.555	2126	3.036	3.785
6.285	2.273e-04	-2.647	2102	3.108	3.484
6.285	3.001e-04	-2.742	2076	3.182	3.202
6.285	3.928e-04	-2.835	2048	3.251	2.956
6.285	5.155e-04	-2.929	2018	3.320	2.731
6.285	6.776e-04	-3.028	1982	3.387	2.528
6.285	8.838e-04	-3.126	1943	3.450	2.350
6.285	1.169e-03	-3.240	1886	3.513	2.185
6.285	1.525e-03	-3.349	1831	3.570	2.047
6.285	1.982e-03	-3.454	1777	3.624	1.925
6.285	2.601e-03	-3.563	1721	3.676	1.811
6.285	3.419e-03	-3.677	1659	3.727	1.709
6.285	4.513e-03	-3.807	1582	3.775	1.617
6.285	5.908e-03	-3.927	1515	3.819	1.538
6.285	7.754e-03	-4.061	1435	3.860	1.467
6.285	1.019e-02	-4.212	1345	3.897	1.406
6.285	1.338e-02	-4.361	1258	3.930	1.353
6.285	1.758e-02	-4.526	1163	3.959	1.308
6.285	2.293e-02	-4.690	1073	3.984	1.271
6.285	3.027e-02	-4.866	983	4.006	1.239
6.285	3.962e-02	-5.036	901	4.025	1.213
6.285	5.240e-02	-5.215	820	4.041	1.190
6.285	6.889e-02	-5.372	755	4.055	1.171
6.285	9.055e-02	-5.519	699	4.068	1.154
6.285	1.195e-01	-5.669	646	4.080	1.138
6.285	1.565e-01	-5.811	599	4.091	1.124
6.285	2.069e-01	-5.970	549	4.101	1.111
6.285	2.731e-01	-6.122	506	4.110	1.100
6.285	3.598e-01	-6.225	479	4.119	1.088
6.285	4.729e-01	-6.340	451	4.128	1.077
6.285	6.242e-01	-6.468	421	4.137	1.066
6.285	8.157e-01	-6.587	395	4.145	1.056
6.285	1.060e+00	-6.697	373	4.153	1.046
6.285	1.383e+00	-6.807	351	4.162	1.036
6.285	1.829e+00	-6.928	330	4.170	1.026
6.285	2.405e+00	-7.044	310	4.179	1.016
6.285	3.161e+00	-7.158	291	4.187	1.006
6.285	4.156e+00	-7.277	274	4.195	0.997
6.285	5.442e+00	-7.382	259	4.204	0.987
6.285	7.124e+00	-7.493	244	4.212	0.978
6.285	9.404e+00	-7.616	228	4.221	0.968
7.333	1.006e-04	-2.277	2207	2.890	4.838
7.333	1.323e-04	-2.359	2199	2.965	4.436
7.333	1.732e-04	-2.446	2184	3.040	4.069
7.333	2.268e-04	-2.533	2167	3.115	3.736
7.333	2.994e-04	-2.628	2143	3.189	3.428
7.333	3.919e-04	-2.720	2117	3.261	3.157
7.333	5.143e-04	-2.815	2087	3.331	2.912
7.333	6.760e-04	-2.911	2054	3.400	2.690
7.333	8.888e-04	-3.010	2017	3.467	2.491
7.333	1.168e-03	-3.108	1979	3.532	2.311
7.333	1.536e-03	-3.219	1924	3.594	2.151
7.333	2.019e-03	-3.332	1865	3.653	2.010
7.333	2.654e-03	-3.444	1806	3.708	1.886
7.333	3.475e-03	-3.551	1749	3.761	1.775
7.333	4.550e-03	-3.666	1685	3.811	1.677
7.333	6.005e-03	-3.796	1607	3.858	1.587
7.333	7.862e-03	-3.914	1540	3.902	1.510
7.333	1.032e-02	-4.049	1459	3.943	1.439
7.333	1.356e-02	-4.196	1369	3.980	1.379
7.333	1.783e-02	-4.348	1279	4.014	1.327
7.333	2.343e-02	-4.513	1183	4.043	1.283
7.333	3.076e-02	-4.685	1087	4.068	1.246
7.333	4.042e-02	-4.858	997	4.090	1.215
7.333	5.315e-02	-5.031	912	4.108	1.190
7.333	6.985e-02	-5.202	834	4.124	1.168
7.333	9.220e-02	-5.365	766	4.139	1.149
7.333	1.215e-01	-5.513	708	4.151	1.132
7.333	1.596e-01	-5.663	654	4.163	1.117
7.333	2.099e-01	-5.819	602	4.174	1.104
7.333	2.776e-01	-5.976	553	4.184	1.091
7.333	3.648e-01	-6.116	513	4.193	1.080
7.333	4.824e-01	-6.227	483	4.201	1.069
7.333	6.380e-01	-6.354	452	4.210	1.058
7.333	8.389e-01	-6.494	418	4.219	1.048
7.333	1.109e+00	-6.602	395	4.227	1.038
7.333	1.458e+00	-6.716	372	4.235	1.028
7.333	1.917e+00	-6.830	350	4.243	1.019
7.333	2.520e+00	-6.957	327	4.251	1.009
7.333	3.313e+00	-7.066	308	4.259	1.000
7.333	4.354e+00	-7.180	290	4.268	0.991
7.333	5.747e+00	-7.296	273	4.276	0.981
7.333	7.570e+00	-7.403	258	4.284	0.972
7.333	9.950e+00	-7.517	242	4.292	0.963
8.381	1.014e-04	-2.193	2248	2.896	5.137
8.381	1.322e-04	-2.273	2239	2.969	4.721
8.381	1.745e-04	-2.357	2231	3.047	4.319
8.381	2.285e-04	-2.444	2216	3.121	3.962
8.381	2.999e-04	-2.532	2199	3.196	3.636
8.381	3.927e-04	-2.624	2174	3.269	3.344
8.381	5.141e-04	-2.716	2148	3.340	3.082
8.381	6.747e-04	-2.812	2116	3.410	2.843
8.381	8.868e-04	-2.909	2081	3.478	2.628
8.381	1.166e-03	-3.006	2045	3.545	2.434
8.381	1.527e-03	-3.102	2008	3.609	2.260
8.381	1.995e-03	-3.212	1952	3.670	2.107
8.381	2.603e-03	-3.323	1892	3.727	1.973
8.381	3.416e-03	-3.435	1832	3.782	1.851
8.381	4.473e-03	-3.544	1773	3.835	1.743
8.381	5.815e-03	-3.656	1709	3.883	1.649
8.381	7.560e-03	-3.778	1635	3.928	1.566
8.381	9.879e-03	-3.894	1568	3.971	1.490
8.381	1.299e-02	-4.027	1488	4.013	1.420
8.381	1.707e-02	-4.174	1397	4.050	1.360
8.381	2.241e-02	-4.323	1307	4.084	1.308
8.381	2.945e-02	-4.485	1211	4.114	1.264
8.381	3.872e-02	-4.657	1113	4.139	1.227
8.381	5.089e-02	-4.830	1021	4.161	1.197
8.381	6.637e-02	-4.998	937	4.180	1.172
8.381	8.761e-02	-5.175	854	4.196	1.150
8.381	1.154e-01	-5.334	786	4.210	1.131
8.381	1.517e-01	-5.484	726	4.223	1.115
8.381	2.002e-01	-5.638	669	4.235	1.100
8.381	2.621e-01	-5.786	618	4.245	1.087
8.381	3.440e-01	-5.949	566	4.255	1.075
8.381	4.550e-01	-6.093	523	4.264	1.064
8.381	5.979e-01	-6.209	492	4.272	1.053
8.381	7.908e-01	-6.339	459	4.281	1.043
8.381	1.044e+00	-6.481	425	4.289	1.033
8.381	1.380e+00	-6.592	400	4.297	1.023
8.381	1.807e+00	-6.706	377	4.305	1.014
8.381	2.385e+00	-6.826	353	4.313	1.005
8.381	3.123e+00	-6.945	331	4.321	0.996
8.381	4.122e+00	-7.056	312	4.329	0.987
8.381	5.430e+00	-7.171	293	4.337	0.978
8.381	7.136e+00	-7.283	276	4.345	0.969
8.381	9.420e+00	-7.393	261	4.353	0.960
9.428	1.006e-04	-2.123	2277	2.900	5.426
9.428	1.321e-04	-2.200	2274	2.974	4.978
9.428	1.736e-04	-2.282	2265	3.050	4.564
9.428	2.282e-04	-2.364	2257	3.126	4.183
9.428	3.000e-04	-2.453	2241	3.201	3.834
9.428	3.944e-04	-2.540	2224	3.276	3.518
9.428	5.183e-04	-2.634	2197	3.349	3.235
9.428	6.761e-04	-2.725	2171	3.418	2.986
9.428	8.874e-04	-2.821	2137	3.488	2.756
9.428	1.166e-03	-2.918	2103	3.556	2.549
9.428	1.521e-03	-3.011	2068	3.621	2.366
9.428	1.981e-03	-3.106	2030	3.683	2.201
9.428	2.615e-03	-3.223	1968	3.746	2.047
9.428	3.423e-03	-3.336	1906	3.803	1.917
9.428	4.518e-03	-3.449	1844	3.859	1.798
9.428	5.904e-03	-3.560	1782	3.910	1.695
9.428	7.701e-03	-3.676	1713	3.958	1.604
9.428	1.018e-02	-3.802	1637	4.005	1.520
9.428	1.339e-02	-3.917	1570	4.048	1.446
9.428	1.760e-02	-4.058	1482	4.088	1.382
9.428	2.323e-02	-4.197	1396	4.124	1.326
9.428	3.036e-02	-4.343	1307	4.155	1.279
9.428	3.991e-02	-4.498	1215	4.183	1.238
9.428	5.246e-02	-4.664	1120	4.207	1.204
9.428	6.897e-02	-4.831	1030	4.228	1.175
9.428	9.065e-02	-4.996	946	4.246	1.151
9.428	1.192e-01	-5.176	861	4.262	1.131
9.428	1.566e-01	-5.317	800	4.275	1.113
9.428	2.072e-01	-5.472	737	4.288	1.097
9.428	2.702e-01	-5.618	682	4.299	1.084
9.428	3.567e-01	-5.768	629	4.309	1.071
9.428	4.698e-01	-5.928	577	4.319	1.059
9.428	6.175e-01	-6.064	536	4.328	1.048
9.428	8.151e-01	-6.193	500	4.336	1.038
9.428	1.074e+00	-6.331	464	4.345	1.028
9.428	1.411e+00	-6.471	430	4.353	1.019
9.428	1.866e+00	-6.592	403	4.361	1.009
9.428	2.463e+00	-6.717	377	4.369	0.999
9.428	3.225e+00	-6.840	353	4.377	0.990
9.428	4.257e+00	-6.962	331	4.385	0.981
9.428	5.607e+00	-7.079	310	4.394	0.972
9.428	7.370e+00	-7.198	291	4.402	0.963
9.428	9.690e+00	-7.309	274	4.409	0.954
10.476	1.006e-04	-2.067	2301	2.907	5.670
10.476	1.322e-04	-2.139	2302	2.980	5.211
10.476	1.724e-04	-2.216	2296	3.053	4.792
10.476	2.275e-04	-2.299	2288	3.129	4.390
10.476	2.979e-04	-2.380	2279	3.203	4.032
10.476	3.879e-04	-2.465	2262	3.276	3.709
10.476	5.120e-04	-2.554	2244	3.351	3.402
10.476	6.702e-04	-2.646	2217	3.422	3.133
10.476	8.847e-04	-2.741	2189	3.495	2.883
10.476	1.156e-03	-2.836	2155	3.563	2.666
10.476	1.520e-03	-2.933	2120	3.630	2.465
10.476	1.998e-03	-3.028	2085	3.697	2.284
10.476	2.606e-03	-3.128	2040	3.759	2.125
10.476	3.446e-03	-3.248	1974	3.821	1.979
10.476	4.531e-03	-3.361	1911	3.878	1.853
10.476	5.955e-03	-3.470	1851	3.932	1.742
10.476	7.767e-03	-3.582	1785	3.981	1.646
10.476	1.025e-02	-3.701	1713	4.029	1.559
10.476	1.351e-02	-3.814	1645	4.071	1.484
10.476	1.775e-02	-3.919	1583	4.110	1.420
10.476	2.315e-02	-4.038	1507	4.143	1.367
10.476	3.056e-02	-4.151	1437	4.173	1.320
10.476	4.026e-02	-4.265	1367	4.200	1.280
10.476	5.291e-02	-4.381	1295	4.224	1.245
10.476	6.984e-02	-4.503	1223	4.245	1.215
10.476	9.200e-02	-4.632	1148	4.264	1.189
10.476	1.205e-01	-4.759	1077	4.280	1.167
10.476	1.577e-01	-4.890	1007	4.295	1.147
10.476	2.086e-01	-5.029	938	4.310	1.128
10.476	2.753e-01	-5.178	867	4.323	1.111
10.476	3.641e-01	-5.315	807	4.335	1.095
10.476	4.815e-01	-5.472	743	4.347	1.080
10.476	6.304e-01	-5.620	686	4.358	1.066
10.476	8.274e-01	-5.781	629	4.369	1.053
10.476	1.087e+00	-5.944	576	4.379	1.042
10.476	1.430e+00	-6.092	532	4.389	1.030
10.476	1.879e+00	-6.251	488	4.398	1.019
10.476	2.480e+00	-6.425	444	4.408	1.008
10.476	3.280e+00	-6.573	410	4.417	0.997
10.476	4.321e+00	-6.731	377	4.427	0.985
10.476	5.715e+00	-6.887	346	4.437	0.974
10.476	7.511e+00	-7.032	320	4.447	0.963
10.476	9.914e+00	-7.175	297	4.457	0.952
11.523	1.034e-04	-2.002	2329	2.905	5.962
11.523	1.354e-04	-2.082	2323	2.980	5.470
11.523	1.787e-04	-2.159	2323	3.057	5.001
11.523	2.340e-04	-2.241	2315	3.133	4.583
11.523	3.089e-04	-2.324	2308	3.211	4.191
11.523	4.036e-04	-2.409	2294	3.286	3.846
11.523	5.265e-04	-2.495	2277	3.359	3.535
11.523	6.910e-04	-2.585	2256	3.433	3.247
11.523	9.049e-04	-2.677	2230	3.504	2.990
11.523	1.185e-03	-2.772	2199	3.575	2.758
11.523	1.564e-03	-2.870	2164	3.645	2.544
11.523	2.043e-03	-2.964	2129	3.711	2.357
11.523	2.665e-03	-3.058	2093	3.775	2.190
11.523	3.518e-03	-3.171	2035	3.839	2.034
11.523	4.606e-03	-3.283	1972	3.897	1.903
11.523	6.045e-03	-3.392	1911	3.951	1.789
11.523	7.916e-03	-3.493	1854	4.000	1.690
11.523	1.034e-02	-3.594	1794	4.042	1.609
11.523	1.349e-02	-3.683	1739	4.078	1.544
11.523	1.781e-02	-3.764	1689	4.109	1.491
11.523	2.328e-02	-3.827	1651	4.132	1.452
11.523	3.036e-02	-3.880	1619	4.151	1.420
11.523	3.985e-02	-3.935	1586	4.170	1.390
11.523	5.218e-02	-4.003	1541	4.189	1.360
11.523	6.831e-02	-4.085	1489	4.211	1.325
11.523	9.034e-02	-4.203	1417	4.242	1.279
11.523	1.200e-01	-4.380	1307	4.279	1.225
11.523	1.587e-01	-4.611	1169	4.316	1.174
11.523	2.086e-01	-4.859	1032	4.347	1.133
11.523	2.753e-01	-5.117	902	4.372	1.101
11.523	3.604e-01	-5.336	804	4.392	1.077
11.523	4.766e-01	-5.553	716	4.408	1.057
11.523	6.291e-01	-5.753	644	4.421	1.040
11.523	8.236e-01	-5.934	584	4.433	1.027
11.523	1.087e+00	-6.099	534	4.443	1.015
11.523	1.423e+00	-6.258	490	4.452	1.004
11.523	1.882e+00	-6.425	447	4.461	0.994
11.523	2.489e+00	-6.554	417	4.469	0.985
11.523	3.286e+00	-6.684	389	4.477	0.976
11.523	4.301e+00	-6.806	364	4.485	0.967
11.523	5.688e+00	-6.924	342	4.493	0.958
11.523	7.479e+00	-7.043	321	4.501	0.950
11.523	9.830e+00	-7.161	301	4.508	0.941
12.047	1.017e-04	-1.967	2345	2.901	6.123
12.047	1.331e-04	-2.051	2333	2.976	5.616
12.047	1.757e-04	-2.128	2333	3.054	5.136
12.047	2.300e-04	-2.208	2328	3.129	4.708
12.047	3.019e-04	-2.290	2320	3.205	4.313
12.047	3.953e-04	-2.372	2312	3.281	3.954
12.047	5.175e-04	-2.460	2294	3.355	3.629
12.047	6.831e-04	-2.549	2276	3.431	3.325
12.047	8.943e-04	-2.642	2250	3.503	3.060
12.047	1.180e-03	-2.737	2221	3.576	2.814
12.047	1.543e-03	-2.832	2187	3.645	2.601
12.047	2.012e-03	-2.925	2153	3.711	2.410
12.047	2.656e-03	-3.022	2117	3.778	2.230
12.047	3.471e-03	-3.125	2069	3.841	2.074
12.047	4.563e-03	-3.239	2005	3.901	1.937
12.047	5.976e-03	-3.345	1945	3.954	1.821
12.047	7.809e-03	-3.441	1892	4.002	1.724
12.047	1.019e-02	-3.529	1839	4.041	1.647
12.047	1.345e-02	-3.605	1794	4.074	1.587
12.047	1.760e-02	-3.664	1758	4.098	1.544
12.047	2.323e-02	-3.713	1727	4.116	1.512
12.047	3.042e-02	-3.756	1701	4.132	1.484
12.047	4.015e-02	-3.810	1668	4.152	1.450
12.047	5.289e-02	-3.885	1622	4.179	1.406
12.047	6.994e-02	-4.016	1539	4.218	1.344
12.047	9.250e-02	-4.203	1422	4.268	1.269
12.047	1.226e-01	-4.463	1262	4.320	1.195
12.047	1.621e-01	-4.751	1094	4.361	1.141
12.047	2.122e-01	-5.008	959	4.389	1.104
12.047	2.801e-01	-5.244	848	4.410	1.077
12.047	3.667e-01	-5.460	756	4.426	1.057
12.047	4.841e-01	-5.650	683	4.440	1.041
12.047	6.337e-01	-5.826	621	4.452	1.027
12.047	8.365e-01	-5.994	567	4.462	1.015
12.047	1.095e+00	-6.147	522	4.471	1.005
12.047	1.445e+00	-6.308	478	4.479	0.995
12.047	1.912e+00	-6.449	443	4.487	0.986
12.047	2.528e+00	-6.570	415	4.495	0.977
12.047	3.310e+00	-6.689	389	4.502	0.969
12.047	4.369e+00	-6.805	365	4.510	0.961
12.047	5.719e+00	-6.914	345	4.517	0.953
12.047	7.549e+00	-7.029	324	4.524	0.945
12.047	9.944e+00	-7.145	304	4.532	0.936
12.571	1.011e-04	-1.939	2358	2.900	6.259
12.571	1.329e-04	-2.024	2346	2.977	5.729
12.571	1.734e-04	-2.100	2343	3.051	5.262
12.571	2.276e-04	-2.178	2341	3.127	4.821
12.571	2.991e-04	-2.261	2333	3.204	4.414
12.571	3.901e-04	-2.340	2325	3.278	4.053
12.571	5.149e-04	-2.429	2309	3.355	3.708
12.571	6.741e-04	-2.516	2293	3.429	3.406
12.571	8.898e-04	-2.609	2269	3.504	3.124
12.571	1.165e-03	-2.701	2242	3.575	2.878
12.571	1.538e-03	-2.799	2208	3.647	2.650
12.571	2.013e-03	-2.893	2175	3.715	2.451
12.571	2.657e-03	-2.991	2138	3.783	2.267
12.571	3.478e-03	-3.088	2097	3.846	2.106
12.571	4.565e-03	-3.200	2035	3.906	1.966
12.571	6.000e-03	-3.304	1977	3.960	1.849
12.571	7.826e-03	-3.393	1926	4.004	1.757
12.571	1.033e-02	-3.469	1883	4.040	1.685
12.571	1.352e-02	-3.526	1848	4.066	1.637
12.571	1.775e-02	-3.569	1823	4.084	1.603
12.571	2.333e-02	-3.606	1801	4.100	1.574
12.571	3.067e-02	-3.652	1773	4.119	1.540
12.571	4.031e-02	-3.723	1728	4.145	1.494
12.571	5.321e-02	-3.836	1658	4.187	1.423
12.571	7.037e-02	-4.032	1534	4.248	1.327
12.571	9.306e-02	-4.290	1373	4.312	1.232
12.571	1.228e-01	-4.571	1202	4.362	1.164
12.571	1.608e-01	-4.826	1057	4.395	1.121
12.571	2.111e-01	-5.064	935	4.419	1.090
12.571	2.774e-01	-5.270	839	4.437	1.067
12.571	3.647e-01	-5.469	755	4.452	1.049
12.571	4.793e-01	-5.644	687	4.464	1.034
12.571	6.252e-01	-5.807	629	4.475	1.021
12.571	8.253e-01	-5.971	576	4.485	1.010
12.571	1.079e+00	-6.119	532	4.494	1.000
12.571	1.418e+00	-6.271	489	4.502	0.990
12.571	1.875e+00	-6.416	452	4.510	0.982
12.571	2.480e+00	-6.534	424	4.517	0.973
12.571	3.260e+00	-6.655	397	4.524	0.965
12.571	4.303e+00	-6.773	373	4.532	0.957
12.571	5.633e+00	-6.881	352	4.539	0.949
12.571	7.393e+00	-6.993	331	4.546	0.941
12.571	9.716e+00	-7.106	312	4.553	0.933
13.095	1.033e-04	-1.920	2369	2.907	6.337
13.095	1.356e-04	-2.004	2359	2.984	5.802
13.095	1.782e-04	-2.085	2351	3.060	5.317
13.095	2.352e-04	-2.163	2351	3.137	4.864
13.095	3.079e-04	-2.244	2343	3.213	4.459
13.095	4.065e-04	-2.327	2335	3.290	4.079
13.095	5.321e-04	-2.412	2322	3.365	3.742
13.095	7.024e-04	-2.502	2304	3.442	3.426
13.095	9.194e-04	-2.591	2283	3.515	3.150
13.095	1.207e-03	-2.684	2256	3.587	2.899
13.095	1.586e-03	-2.779	2224	3.658	2.672
13.095	2.085e-03	-2.875	2191	3.727	2.467
13.095	2.741e-03	-2.971	2154	3.794	2.284
13.095	3.575e-03	-3.064	2117	3.856	2.125
13.095	4.719e-03	-3.173	2058	3.917	1.982
13.095	6.177e-03	-3.271	2003	3.967	1.870
13.095	8.154e-03	-3.352	1957	4.008	1.784
13.095	1.067e-02	-3.410	1924	4.036	1.728
13.095	1.401e-02	-3.449	1902	4.056	1.690
13.095	1.835e-02	-3.482	1883	4.071	1.660
13.095	2.402e-02	-3.522	1858	4.088	1.627
13.095	3.152e-02	-3.581	1823	4.113	1.581
13.095	4.143e-02	-3.684	1759	4.155	1.507
13.095	5.469e-02	-3.866	1646	4.222	1.396
13.095	7.159e-02	-4.115	1488	4.295	1.283
13.095	9.468e-02	-4.372	1327	4.353	1.200
13.095	1.245e-01	-4.619	1178	4.393	1.146
13.095	1.636e-01	-4.850	1048	4.421	1.109
13.095	2.151e-01	-5.068	936	4.443	1.081
13.095	2.827e-01	-5.266	844	4.461	1.060
13.095	3.688e-01	-5.452	764	4.474	1.043
13.095	4.868e-01	-5.625	697	4.487	1.028
13.095	6.372e-01	-5.785	639	4.498	1.016
13.095	8.363e-01	-5.945	587	4.507	1.005
13.095	1.099e+00	-6.095	541	4.516	0.994
13.095	1.445e+00	-6.244	498	4.524	0.985
13.095	1.911e+00	-6.390	460	4.532	0.977
13.095	2.528e+00	-6.511	431	4.539	0.968
13.095	3.322e+00	-6.635	403	4.546	0.960
13.095	4.393e+00	-6.753	378	4.554	0.952
13.095	5.776e+00	-6.865	356	4.561	0.945
13.095	7.592e+00	-6.976	335	4.568	0.937
13.095	9.981e+00	-7.089	316	4.575	0.929
13.618	1.025e-04	-1.896	2377	2.906	6.471
13.618	1.347e-04	-1.976	2372	2.983	5.922
13.618	1.778e-04	-2.063	2359	3.060	5.419
13.618	2.327e-04	-2.136	2361	3.135	4.971
13.618	3.072e-04	-2.219	2354	3.213	4.546
13.618	4.021e-04	-2.301	2345	3.288	4.170
13.618	5.308e-04	-2.385	2336	3.365	3.815
13.618	6.948e-04	-2.472	2319	3.440	3.502
13.618	9.120e-04	-2.560	2301	3.514	3.215
13.618	1.199e-03	-2.653	2274	3.587	2.956
13.618	1.563e-03	-2.744	2246	3.656	2.729
13.618	2.064e-03	-2.842	2211	3.727	2.515
13.618	2.701e-03	-2.936	2176	3.794	2.330
13.618	3.546e-03	-3.030	2140	3.858	2.164
13.618	4.660e-03	-3.129	2092	3.917	2.020
13.618	6.078e-03	-3.221	2039	3.965	1.912
13.618	8.023e-03	-3.292	1999	4.002	1.833
13.618	1.050e-02	-3.339	1973	4.025	1.784
13.618	1.368e-02	-3.370	1954	4.041	1.752
13.618	1.805e-02	-3.403	1935	4.057	1.721
13.618	2.363e-02	-3.446	1911	4.078	1.680
13.618	3.102e-02	-3.523	1864	4.112	1.615
13.618	4.077e-02	-3.668	1776	4.172	1.506
13.618	5.381e-02	-3.904	1629	4.258	1.364
13.618	7.088e-02	-4.148	1472	4.327	1.261
13.618	9.316e-02	-4.373	1331	4.377	1.191
13.618	1.225e-01	-4.600	1193	4.413	1.141
13.618	1.610e-01	-4.818	1069	4.441	1.106
13.618	2.117e-01	-5.027	960	4.463	1.078
13.618	2.782e-01	-5.220	868	4.480	1.057
13.618	3.651e-01	-5.414	783	4.495	1.039
13.618	4.781e-01	-5.579	717	4.507	1.025
13.618	6.259e-01	-5.738	658	4.518	1.012
13.618	8.215e-01	-5.896	604	4.527	1.001
13.618	1.080e+00	-6.048	556	4.536	0.991
13.618	1.425e+00	-6.197	513	4.545	0.981
13.618	1.877e+00	-6.347	473	4.552	0.973
13.618	2.467e+00	-6.470	442	4.560	0.965
13.618	3.244e+00	-6.599	412	4.567	0.957
13.618	4.290e+00	-6.716	387	4.574	0.949
13.618	5.639e+00	-6.828	364	4.581	0.941
13.618	7.401e+00	-6.939	343	4.588	0.934
13.618	9.727e+00	-7.051	323	4.595	0.926
14.142	1.014e-04	-1.872	2385	2.905	6.604
14.142	1.334e-04	-1.949	2384	2.982	6.045
14.142	1.753e-04	-2.036	2370	3.058	5.538
14.142	2.314e-04	-2.113	2369	3.135	5.070
14.142	3.029e-04	-2.191	2365	3.210	4.650
14.142	3.998e-04	-2.277	2355	3.287	4.253
14.142	5.234e-04	-2.355	2350	3.362	3.902
14.142	6.815e-04	-2.440	2333	3.435	3.587
14.142	8.995e-04	-2.529	2317	3.511	3.286
14.142	1.176e-03	-2.620	2292	3.583	3.025
14.142	1.533e-03	-2.709	2266	3.653	2.790
14.142	1.996e-03	-2.802	2233	3.721	2.580
14.142	2.635e-03	-2.899	2199	3.790	2.383
14.142	3.450e-03	-2.991	2163	3.854	2.214
14.142	4.554e-03	-3.083	2124	3.914	2.066
14.142	5.951e-03	-3.168	2077	3.961	1.959
14.142	7.824e-03	-3.231	2041	3.993	1.887
14.142	1.025e-02	-3.268	2020	4.013	1.845
14.142	1.339e-02	-3.297	2004	4.027	1.814
14.142	1.746e-02	-3.330	1985	4.044	1.780
14.142	2.305e-02	-3.384	1954	4.070	1.727
14.142	3.037e-02	-3.483	1896	4.118	1.635
14.142	3.991e-02	-3.683	1773	4.201	1.485
14.142	5.268e-02	-3.925	1621	4.287	1.346
14.142	6.940e-02	-4.142	1481	4.348	1.254
14.142	9.121e-02	-4.350	1350	4.395	1.189
14.142	1.199e-01	-4.563	1219	4.430	1.140
14.142	1.576e-01	-4.773	1098	4.458	1.104
14.142	2.080e-01	-4.978	988	4.481	1.076
14.142	2.724e-01	-5.164	897	4.498	1.055
14.142	3.575e-01	-5.364	806	4.513	1.037
14.142	4.698e-01	-5.532	737	4.526	1.022
14.142	6.201e-01	-5.696	675	4.537	1.009
14.142	8.118e-01	-5.851	621	4.547	0.997
14.142	1.057e+00	-6.001	573	4.556	0.987
14.142	1.374e+00	-6.142	530	4.564	0.978
14.142	1.814e+00	-6.297	487	4.572	0.969
14.142	2.399e+00	-6.426	454	4.579	0.961
14.142	3.140e+00	-6.561	422	4.586	0.953
14.142	4.153e+00	-6.673	397	4.593	0.946
14.142	5.482e+00	-6.790	373	4.600	0.938
14.142	7.177e+00	-6.901	351	4.607	0.931
14.142	9.473e+00	-7.013	331	4.614	0.923
14.666	1.043e-04	-1.860	2393	2.914	6.654
14.666	1.365e-04	-1.933	2395	2.990	6.101
14.666	1.784e-04	-2.019	2380	3.064	5.600
14.666	2.346e-04	-2.097	2376	3.139	5.135
14.666	3.083e-04	-2.174	2375	3.215	4.704
14.666	4.070e-04	-2.260	2363	3.293	4.303
14.666	5.328e-04	-2.338	2359	3.368	3.948
14.666	6.993e-04	-2.424	2345	3.443	3.620
14.666	9.158e-04	-2.510	2328	3.517	3.324
14.666	1.199e-03	-2.600	2305	3.590	3.056
14.666	1.582e-03	-2.694	2279	3.663	2.809
14.666	2.068e-03	-2.787	2247	3.733	2.594
14.666	2.719e-03	-2.881	2214	3.801	2.398
14.666	3.573e-03	-2.973	2178	3.864	2.228
14.666	4.698e-03	-3.056	2144	3.920	2.089
14.666	6.153e-03	-3.128	2107	3.962	1.992
14.666	8.054e-03	-3.177	2079	3.987	1.934
14.666	1.057e-02	-3.208	2062	4.003	1.899
14.666	1.389e-02	-3.237	2045	4.019	1.866
14.666	1.834e-02	-3.279	2022	4.041	1.819
14.666	2.401e-02	-3.355	1977	4.078	1.742
14.666	3.169e-02	-3.518	1881	4.154	1.596
14.666	4.175e-02	-3.759	1731	4.251	1.428
14.666	5.487e-02	-3.970	1596	4.322	1.316
14.666	7.242e-02	-4.168	1470	4.376	1.236
14.666	9.481e-02	-4.360	1349	4.418	1.178
14.666	1.251e-01	-4.567	1221	4.453	1.132
14.666	1.638e-01	-4.767	1105	4.480	1.098
14.666	2.163e-01	-4.967	998	4.502	1.070
14.666	2.831e-01	-5.153	905	4.519	1.049
14.666	3.737e-01	-5.353	814	4.534	1.031
14.666	4.892e-01	-5.519	745	4.547	1.016
14.666	6.457e-01	-5.682	683	4.558	1.003
14.666	8.453e-01	-5.837	628	4.568	0.992
14.666	1.116e+00	-5.994	577	4.577	0.981
14.666	1.470e+00	-6.143	532	4.585	0.972
14.666	1.932e+00	-6.294	490	4.593	0.963
14.666	2.555e+00	-6.423	457	4.600	0.955
14.666	3.359e+00	-6.565	423	4.607	0.947
14.666	4.442e+00	-6.674	398	4.614	0.940
14.666	5.838e+00	-6.791	374	4.621	0.933
14.666	7.615e+00	-6.900	353	4.628	0.925
14.666	1.000e+01	-7.010	332	4.635	0.918
15.190	1.001e-04	-1.830	2400	2.905	6.846
15.190	1.308e-04	-1.902	2402	2.979	6.287
15.190	1.701e-04	-1.983	2392	3.052	5.779
15.190	2.218e-04	-2.063	2382	3.125	5.313
15.190	2.912e-04	-2.136	2386	3.200	4.871
15.190	3.827e-04	-2.220	2374	3.276	4.463
15.190	5.031e-04	-2.301	2367	3.352	4.091
15.190	6.613e-04	-2.382	2361	3.428	3.747
15.190	8.625e-04	-2.467	2344	3.502	3.444
15.190	1.139e-03	-2.557	2326	3.577	3.156
15.190	1.490e-03	-2.649	2299	3.649	2.905
15.190	1.956e-03	-2.741	2272	3.720	2.677
15.190	2.543e-03	-2.832	2239	3.786	2.481
15.190	3.330e-03	-2.922	2206	3.850	2.305
15.190	4.352e-03	-3.002	2175	3.905	2.163
15.190	5.722e-03	-3.066	2148	3.948	2.060
15.190	7.520e-03	-3.110	2125	3.974	2.000
15.190	9.887e-03	-3.140	2107	3.989	1.964
15.190	1.295e-02	-3.170	2091	4.005	1.929
15.190	1.706e-02	-3.215	2065	4.029	1.877
15.190	2.242e-02	-3.299	2017	4.072	1.785
15.190	2.959e-02	-3.486	1907	4.162	1.610
15.190	3.898e-02	-3.719	1762	4.257	1.443
15.190	5.123e-02	-3.914	1639	4.327	1.332
15.190	6.762e-02	-4.108	1513	4.382	1.250
15.190	8.907e-02	-4.294	1395	4.426	1.188
15.190	1.171e-01	-4.485	1276	4.462	1.140
15.190	1.539e-01	-4.684	1156	4.491	1.103
15.190	2.023e-01	-4.882	1046	4.514	1.074
15.190	2.670e-01	-5.075	946	4.533	1.050
15.190	3.496e-01	-5.266	856	4.549	1.031
15.190	4.614e-01	-5.445	778	4.562	1.015
15.190	6.040e-01	-5.607	713	4.574	1.002
15.190	7.973e-01	-5.767	654	4.584	0.990
15.190	1.044e+00	-5.923	601	4.594	0.980
15.190	1.378e+00	-6.075	554	4.602	0.970
15.190	1.815e+00	-6.231	508	4.610	0.961
15.190	2.385e+00	-6.360	474	4.617	0.953
15.190	3.149e+00	-6.491	442	4.625	0.945
15.190	4.148e+00	-6.621	411	4.631	0.938
15.190	5.451e+00	-6.736	386	4.638	0.931
15.190	7.196e+00	-6.855	362	4.645	0.923
15.190	9.403e+00	-6.961	342	4.652	0.916
15.713	1.023e-04	-1.818	2407	2.913	6.901
15.713	1.337e-04	-1.890	2409	2.986	6.341
15.713	1.743e-04	-1.970	2401	3.060	5.824
15.713	2.301e-04	-2.054	2390	3.136	5.335
15.713	3.007e-04	-2.125	2394	3.210	4.900
15.713	3.969e-04	-2.211	2381	3.287	4.484
15.713	5.229e-04	-2.293	2374	3.363	4.107
15.713	6.872e-04	-2.371	2370	3.439	3.763
15.713	9.035e-04	-2.459	2354	3.515	3.449
15.713	1.183e-03	-2.546	2336	3.589	3.168
15.713	1.549e-03	-2.637	2310	3.661	2.916
15.713	2.033e-03	-2.729	2284	3.732	2.687
15.713	2.672e-03	-2.823	2250	3.800	2.483
15.713	3.513e-03	-2.910	2218	3.863	2.311
15.713	4.617e-03	-2.984	2189	3.914	2.179
15.713	6.022e-03	-3.033	2170	3.947	2.097
15.713	7.949e-03	-3.064	2156	3.967	2.049
15.713	1.039e-02	-3.089	2143	3.982	2.014
15.713	1.371e-02	-3.125	2123	4.002	1.969
15.713	1.806e-02	-3.189	2087	4.036	1.894
15.713	2.374e-02	-3.326	2008	4.106	1.746
15.713	3.097e-02	-3.551	1873	4.210	1.549
15.713	4.064e-02	-3.754	1746	4.290	1.412
15.713	5.342e-02	-3.936	1630	4.353	1.314
15.713	6.967e-02	-4.109	1517	4.402	1.242
15.713	9.145e-02	-4.285	1405	4.445	1.183
15.713	1.202e-01	-4.470	1289	4.480	1.136
15.713	1.568e-01	-4.660	1175	4.508	1.099
15.713	2.073e-01	-4.860	1061	4.532	1.069
15.713	2.704e-01	-5.044	965	4.551	1.047
15.713	3.570e-01	-5.238	871	4.567	1.027
15.713	4.702e-01	-5.418	792	4.581	1.011
15.713	6.180e-01	-5.583	725	4.593	0.998
15.713	8.157e-01	-5.744	665	4.603	0.985
15.713	1.066e+00	-5.900	611	4.612	0.975
15.713	1.402e+00	-6.051	563	4.621	0.965
15.713	1.842e+00	-6.204	518	4.629	0.957
15.713	2.403e+00	-6.332	483	4.636	0.949
15.713	3.178e+00	-6.463	450	4.643	0.941
15.713	4.194e+00	-6.602	417	4.650	0.934
15.713	5.491e+00	-6.714	392	4.657	0.927
15.713	7.248e+00	-6.834	367	4.663	0.919
15.713	9.488e+00	-6.941	347	4.670	0.912
16.237	1.010e-04	-1.797	2415	2.911	7.024
16.237	1.333e-04	-1.872	2416	2.987	6.440
16.237	1.756e-04	-1.952	2410	3.063	5.899
16.237	2.308e-04	-2.036	2398	3.138	5.411
16.237	3.034e-04	-2.110	2399	3.213	4.963
16.237	3.988e-04	-2.193	2389	3.289	4.549
16.237	5.264e-04	-2.276	2380	3.365	4.165
16.237	6.879e-04	-2.350	2380	3.440	3.823
16.237	8.973e-04	-2.434	2366	3.513	3.512
16.237	1.184e-03	-2.523	2349	3.590	3.216
16.237	1.550e-03	-2.614	2324	3.662	2.959
16.237	2.035e-03	-2.704	2299	3.734	2.726
16.237	2.675e-03	-2.797	2267	3.802	2.520
16.237	3.516e-03	-2.882	2237	3.863	2.348
16.237	4.605e-03	-2.949	2210	3.910	2.225
16.237	6.028e-03	-2.991	2194	3.939	2.151
16.237	7.912e-03	-3.017	2184	3.957	2.108
16.237	1.036e-02	-3.041	2174	3.972	2.071
16.237	1.356e-02	-3.077	2157	3.995	2.018
16.237	1.794e-02	-3.155	2113	4.038	1.919
16.237	2.368e-02	-3.340	2007	4.133	1.721
16.237	3.119e-02	-3.562	1873	4.235	1.530
16.237	4.099e-02	-3.753	1752	4.310	1.404
16.237	5.411e-02	-3.928	1640	4.371	1.309
16.237	7.071e-02	-4.098	1529	4.419	1.239
16.237	9.223e-02	-4.263	1424	4.459	1.182
16.237	1.217e-01	-4.444	1310	4.496	1.134
16.237	1.594e-01	-4.633	1194	4.525	1.097
16.237	2.108e-01	-4.831	1080	4.549	1.066
16.237	2.771e-01	-5.020	980	4.569	1.042
16.237	3.642e-01	-5.211	887	4.585	1.023
16.237	4.789e-01	-5.390	806	4.599	1.007
16.237	6.294e-01	-5.557	737	4.611	0.993
16.237	8.275e-01	-5.716	677	4.621	0.981
16.237	1.084e+00	-5.874	621	4.631	0.971
16.237	1.419e+00	-6.024	573	4.639	0.961
16.237	1.873e+00	-6.178	527	4.647	0.952
16.237	2.447e+00	-6.309	490	4.654	0.944
16.237	3.217e+00	-6.439	457	4.661	0.937
16.237	4.228e+00	-6.583	422	4.668	0.930
16.237	5.592e+00	-6.696	397	4.675	0.922
16.237	7.352e+00	-6.816	372	4.681	0.915
16.237	9.628e+00	-6.924	351	4.688	0.908
16.761	1.012e-04	-1.780	2424	2.915	7.111
16.761	1.324e-04	-1.853	2422	2.987	6.544
16.761	1.748e-04	-1.933	2417	3.063	5.995
16.761	2.303e-04	-2.017	2406	3.138	5.496
16.761	3.027e-04	-2.093	2403	3.213	5.043
16.761	3.948e-04	-2.171	2397	3.286	4.634
16.761	5.211e-04	-2.255	2387	3.363	4.244
16.761	6.810e-04	-2.329	2387	3.437	3.897
16.761	8.883e-04	-2.409	2378	3.511	3.579
16.761	1.173e-03	-2.498	2362	3.588	3.276
16.761	1.535e-03	-2.588	2339	3.661	3.012
16.761	2.026e-03	-2.680	2313	3.734	2.769
16.761	2.648e-03	-2.769	2284	3.801	2.564
16.761	3.481e-03	-2.851	2255	3.860	2.393
16.761	4.575e-03	-2.914	2231	3.905	2.274
16.761	6.016e-03	-2.951	2217	3.931	2.207
16.761	7.878e-03	-2.974	2208	3.947	2.167
16.761	1.031e-02	-2.998	2199	3.963	2.127
16.761	1.364e-02	-3.039	2181	3.991	2.060
16.761	1.793e-02	-3.134	2133	4.046	1.932
16.761	2.357e-02	-3.352	2007	4.158	1.699
16.761	3.074e-02	-3.550	1886	4.249	1.530
16.761	4.058e-02	-3.735	1769	4.322	1.406
16.761	5.312e-02	-3.893	1669	4.380	1.315
16.761	7.012e-02	-4.071	1551	4.430	1.242
16.761	9.179e-02	-4.230	1450	4.472	1.184
16.761	1.205e-01	-4.403	1340	4.508	1.136
16.761	1.583e-01	-4.590	1224	4.538	1.097
16.761	2.065e-01	-4.776	1115	4.562	1.067
16.761	2.726e-01	-4.968	1011	4.583	1.042
16.761	3.569e-01	-5.155	916	4.600	1.022
16.761	4.711e-01	-5.339	831	4.614	1.005
16.761	6.167e-01	-5.509	759	4.626	0.991
16.761	8.156e-01	-5.673	695	4.638	0.978
16.761	1.072e+00	-5.833	637	4.647	0.967
16.761	1.409e+00	-5.987	586	4.656	0.958
16.761	1.860e+00	-6.140	539	4.664	0.949
16.761	2.431e+00	-6.275	501	4.672	0.941
16.761	3.209e+00	-6.411	465	4.679	0.933
16.761	4.227e+00	-6.562	428	4.685	0.926
16.761	5.556e+00	-6.669	404	4.692	0.919
16.761	7.347e+00	-6.792	378	4.699	0.912
16.761	9.660e+00	-6.903	356	4.705	0.905
17.285	1.041e-04	-1.771	2431	2.925	7.138
17.285	1.374e-04	-1.847	2429	2.998	6.557
17.285	1.798e-04	-1.924	2423	3.072	6.026
17.285	2.374e-04	-2.008	2412	3.147	5.523
17.285	3.107e-04	-2.084	2408	3.221	5.075
17.285	4.101e-04	-2.164	2403	3.297	4.647
17.285	5.369e-04	-2.245	2393	3.371	4.268
17.285	7.087e-04	-2.322	2393	3.448	3.907
17.285	9.262e-04	-2.401	2388	3.523	3.585
17.285	1.218e-03	-2.489	2371	3.599	3.285
17.285	1.600e-03	-2.579	2349	3.673	3.016
17.285	2.088e-03	-2.667	2324	3.742	2.784
17.285	2.756e-03	-2.757	2295	3.811	2.574
17.285	3.607e-03	-2.832	2269	3.866	2.416
17.285	4.762e-03	-2.886	2250	3.904	2.311
17.285	6.233e-03	-2.915	2238	3.925	2.257
17.285	8.181e-03	-2.936	2230	3.939	2.219
17.285	1.075e-02	-2.964	2219	3.959	2.170
17.285	1.422e-02	-3.017	2198	3.995	2.081
17.285	1.870e-02	-3.159	2126	4.079	1.890
17.285	2.441e-02	-3.382	1994	4.191	1.661
17.285	3.222e-02	-3.572	1879	4.278	1.503
17.285	4.244e-02	-3.747	1766	4.346	1.390
17.285	5.578e-02	-3.904	1667	4.402	1.303
17.285	7.363e-02	-4.075	1553	4.450	1.233
17.285	9.639e-02	-4.230	1454	4.491	1.177
17.285	1.265e-01	-4.402	1345	4.526	1.129
17.285	1.663e-01	-4.586	1231	4.556	1.091
17.285	2.195e-01	-4.779	1117	4.581	1.060
17.285	2.873e-01	-4.964	1016	4.601	1.036
17.285	3.792e-01	-5.157	918	4.619	1.015
17.285	4.965e-01	-5.333	836	4.633	0.999
17.285	6.553e-01	-5.510	761	4.645	0.985
17.285	8.579e-01	-5.667	699	4.656	0.973
17.285	1.126e+00	-5.827	641	4.666	0.962
17.285	1.475e+00	-5.980	590	4.674	0.952
17.285	1.930e+00	-6.129	544	4.682	0.944
17.285	2.553e+00	-6.269	504	4.690	0.935
17.285	3.370e+00	-6.406	468	4.697	0.928
17.285	4.439e+00	-6.559	430	4.703	0.921
17.285	5.834e+00	-6.666	406	4.710	0.914
17.285	7.701e+00	-6.790	379	4.717	0.907
17.285	1.000e+01	-6.896	358	4.723	0.901
17.809	1.004e-04	-1.745	2440	2.918	7.303
17.809	1.320e-04	-1.821	2435	2.990	6.723
17.809	1.735e-04	-1.898	2429	3.063	6.176
17.809	2.281e-04	-1.978	2421	3.138	5.670
17.809	2.998e-04	-2.058	2414	3.212	5.204
17.809	3.941e-04	-2.135	2411	3.287	4.775
17.809	5.202e-04	-2.219	2400	3.363	4.374
17.809	6.810e-04	-2.295	2397	3.437	4.017
17.809	8.989e-04	-2.370	2400	3.514	3.674
17.809	1.177e-03	-2.456	2385	3.589	3.370
17.809	1.544e-03	-2.546	2365	3.664	3.093
17.809	2.022e-03	-2.635	2340	3.735	2.850
17.809	2.643e-03	-2.719	2316	3.801	2.641
17.809	3.447e-03	-2.794	2289	3.856	2.480
17.809	4.551e-03	-2.845	2271	3.893	2.375
17.809	5.957e-03	-2.873	2261	3.913	2.321
17.809	7.819e-03	-2.894	2253	3.928	2.282
17.809	1.028e-02	-2.923	2242	3.948	2.229
17.809	1.351e-02	-2.977	2221	3.986	2.136
17.809	1.776e-02	-3.120	2155	4.077	1.924
17.809	2.316e-02	-3.340	2026	4.190	1.688
17.809	3.057e-02	-3.529	1910	4.277	1.527
17.809	4.002e-02	-3.694	1806	4.344	1.413
17.809	5.283e-02	-3.852	1705	4.402	1.322
17.809	6.959e-02	-4.020	1593	4.452	1.248
17.809	9.146e-02	-4.171	1497	4.495	1.189
17.809	1.203e-01	-4.336	1391	4.532	1.139
17.809	1.580e-01	-4.516	1277	4.564	1.098
17.809	2.078e-01	-4.702	1165	4.590	1.065
17.809	2.731e-01	-4.889	1059	4.612	1.038
17.809	3.562e-01	-5.072	963	4.630	1.017
17.809	4.702e-01	-5.261	871	4.645	0.999
17.809	6.156e-01	-5.438	793	4.658	0.985
17.809	8.079e-01	-5.598	728	4.669	0.972
17.809	1.062e+00	-5.757	668	4.680	0.961
17.809	1.402e+00	-5.920	612	4.689	0.951
17.809	1.835e+00	-6.067	565	4.697	0.942
17.809	2.408e+00	-6.213	521	4.705	0.933
17.809	3.165e+00	-6.351	484	4.712	0.926
17.809	4.178e+00	-6.520	440	4.719	0.919
17.809	5.504e+00	-6.616	418	4.725	0.912
17.809	7.278e+00	-6.743	390	4.732	0.905
17.809	9.566e+00	-6.859	366	4.738	0.898
18.332	1.000e-04	-1.729	2448	2.919	7.395
18.332	1.307e-04	-1.803	2441	2.989	6.822
18.332	1.719e-04	-1.880	2435	3.062	6.274
18.332	2.259e-04	-1.959	2429	3.136	5.763
18.332	2.970e-04	-2.039	2421	3.210	5.291
18.332	3.904e-04	-2.117	2415	3.285	4.857
18.332	5.092e-04	-2.196	2407	3.357	4.467
18.332	6.722e-04	-2.275	2402	3.433	4.092
18.332	8.784e-04	-2.345	2408	3.508	3.757
18.332	1.142e-03	-2.426	2399	3.581	3.452
18.332	1.489e-03	-2.513	2380	3.655	3.172
18.332	1.955e-03	-2.603	2355	3.727	2.918
18.332	2.569e-03	-2.688	2332	3.794	2.700
18.332	3.351e-03	-2.760	2308	3.849	2.537
18.332	4.399e-03	-2.809	2291	3.884	2.435
18.332	5.781e-03	-2.835	2282	3.903	2.382
18.332	7.540e-03	-2.855	2275	3.918	2.342
18.332	9.972e-03	-2.885	2264	3.940	2.285
18.332	1.316e-02	-2.945	2240	3.982	2.177
18.332	1.723e-02	-3.100	2173	4.084	1.936
18.332	2.262e-02	-3.318	2046	4.197	1.699
18.332	2.973e-02	-3.498	1936	4.281	1.542
18.332	3.908e-02	-3.662	1833	4.350	1.425
18.332	5.137e-02	-3.818	1732	4.407	1.333
18.332	6.780e-02	-3.977	1627	4.458	1.258
18.332	8.931e-02	-4.131	1527	4.502	1.196
18.332	1.170e-01	-4.289	1425	4.540	1.145
18.332	1.531e-01	-4.459	1317	4.573	1.103
18.332	2.021e-01	-4.645	1203	4.601	1.067
18.332	2.646e-01	-4.829	1096	4.624	1.040
18.332	3.473e-01	-5.017	994	4.643	1.017
18.332	4.564e-01	-5.203	902	4.659	0.998
18.332	6.024e-01	-5.390	816	4.672	0.983
18.332	7.936e-01	-5.555	747	4.684	0.970
18.332	1.043e+00	-5.714	686	4.695	0.958
18.332	1.371e+00	-5.877	628	4.704	0.948
18.332	1.802e+00	-6.028	578	4.712	0.939
18.332	2.351e+00	-6.175	534	4.720	0.931
18.332	3.085e+00	-6.312	495	4.727	0.923
18.332	4.055e+00	-6.485	450	4.734	0.916
18.332	5.363e+00	-6.584	427	4.740	0.909
18.332	7.092e+00	-6.709	399	4.747	0.902
18.332	9.362e+00	-6.831	373	4.753	0.895
18.856	1.044e-04	-1.726	2454	2.933	7.382
18.856	1.372e-04	-1.802	2447	3.004	6.801
18.856	1.790e-04	-1.877	2440	3.075	6.273
18.856	2.349e-04	-1.955	2433	3.148	5.767
18.856	3.076e-04	-2.033	2426	3.221	5.303
18.856	4.052e-04	-2.113	2419	3.295	4.866
18.856	5.326e-04	-2.193	2411	3.370	4.466
18.856	6.947e-04	-2.269	2407	3.442	4.108
18.856	9.170e-04	-2.340	2414	3.519	3.759
18.856	1.208e-03	-2.424	2406	3.597	3.438
18.856	1.588e-03	-2.514	2386	3.672	3.152
18.856	2.087e-03	-2.603	2362	3.744	2.902
18.856	2.743e-03	-2.684	2339	3.808	2.695
18.856	3.578e-03	-2.746	2319	3.856	2.553
18.856	4.723e-03	-2.784	2306	3.883	2.472
18.856	6.172e-03	-2.805	2298	3.899	2.428
18.856	8.024e-03	-2.827	2291	3.915	2.385
18.856	1.043e-02	-2.861	2279	3.940	2.316
18.856	1.361e-02	-2.939	2249	3.995	2.175
18.856	1.796e-02	-3.138	2157	4.122	1.879
18.856	2.347e-02	-3.335	2041	4.223	1.673
18.856	3.086e-02	-3.507	1936	4.302	1.526
18.856	4.041e-02	-3.663	1838	4.368	1.416
18.856	5.290e-02	-3.813	1740	4.423	1.328
18.856	6.943e-02	-3.965	1640	4.472	1.255
18.856	9.125e-02	-4.116	1541	4.515	1.194
18.856	1.205e-01	-4.276	1437	4.554	1.142
18.856	1.577e-01	-4.443	1331	4.587	1.099
18.856	2.081e-01	-4.627	1217	4.616	1.064
18.856	2.725e-01	-4.811	1109	4.639	1.036
18.856	3.597e-01	-5.002	1005	4.659	1.013
18.856	4.700e-01	-5.185	913	4.675	0.994
18.856	6.180e-01	-5.370	827	4.688	0.979
18.856	8.122e-01	-5.535	757	4.700	0.965
18.856	1.072e+00	-5.697	694	4.711	0.954
18.856	1.412e+00	-5.863	634	4.720	0.943
18.856	1.856e+00	-6.014	584	4.729	0.934
18.856	2.421e+00	-6.162	539	4.736	0.926
18.856	3.196e+00	-6.303	499	4.744	0.918
18.856	4.210e+00	-6.483	452	4.750	0.911
18.856	5.533e+00	-6.575	430	4.757	0.905
18.856	7.317e+00	-6.702	401	4.763	0.898
18.856	9.659e+00	-6.823	376	4.770	0.891
19.380	1.043e-04	-1.711	2461	2.936	7.461
19.380	1.366e-04	-1.786	2454	3.006	6.886
19.380	1.803e-04	-1.865	2445	3.078	6.334
19.380	2.360e-04	-1.941	2439	3.150	5.831
19.380	3.115e-04	-2.021	2431	3.225	5.350
19.380	4.078e-04	-2.101	2422	3.297	4.921
19.380	5.352e-04	-2.178	2417	3.371	4.520
19.380	7.034e-04	-2.257	2411	3.446	4.148
19.380	9.285e-04	-2.328	2419	3.523	3.797
19.380	1.223e-03	-2.408	2417	3.600	3.472
19.380	1.607e-03	-2.498	2397	3.676	3.182
19.380	2.110e-03	-2.586	2373	3.747	2.932
19.380	2.773e-03	-2.664	2351	3.809	2.729
19.380	3.646e-03	-2.721	2335	3.854	2.593
19.380	4.792e-03	-2.753	2323	3.877	2.523
19.380	6.250e-03	-2.773	2316	3.892	2.482
19.380	8.125e-03	-2.797	2308	3.909	2.433
19.380	1.066e-02	-2.839	2293	3.941	2.346
19.380	1.402e-02	-2.948	2252	4.018	2.147
19.380	1.788e-02	-3.131	2168	4.135	1.875
19.380	2.351e-02	-3.326	2053	4.235	1.672
19.380	3.079e-02	-3.489	1953	4.312	1.530
19.380	4.031e-02	-3.642	1857	4.376	1.421
19.380	5.331e-02	-3.796	1755	4.434	1.330
19.380	7.009e-02	-3.944	1659	4.483	1.256
19.380	9.212e-02	-4.096	1558	4.527	1.195
19.380	1.218e-01	-4.254	1456	4.566	1.142
19.380	1.602e-01	-4.419	1350	4.600	1.098
19.380	2.105e-01	-4.597	1239	4.629	1.062
19.380	2.768e-01	-4.784	1128	4.653	1.033
19.380	3.638e-01	-4.972	1024	4.673	1.010
19.380	4.783e-01	-5.159	928	4.689	0.991
19.380	6.286e-01	-5.344	841	4.703	0.975
19.380	8.298e-01	-5.516	767	4.716	0.961
19.380	1.093e+00	-5.677	704	4.726	0.950
19.380	1.437e+00	-5.843	643	4.736	0.939
19.380	1.874e+00	-5.991	593	4.744	0.930
19.380	2.473e+00	-6.146	545	4.752	0.922
19.380	3.258e+00	-6.287	505	4.759	0.914
19.380	4.282e+00	-6.460	459	4.766	0.907
19.380	5.652e+00	-6.561	434	4.772	0.901
19.380	7.475e+00	-6.691	405	4.779	0.894
19.380	9.847e+00	-6.812	379	4.785	0.887
19.904	1.030e-04	-1.692	2471	2.935	7.565
19.904	1.348e-04	-1.768	2461	3.004	6.987
19.904	1.769e-04	-1.846	2451	3.075	6.443
19.904	2.325e-04	-1.923	2444	3.147	5.929
19.904	3.033e-04	-1.999	2437	3.218	5.462
19.904	3.981e-04	-2.079	2428	3.292	5.021
19.904	5.232e-04	-2.157	2423	3.365	4.612
19.904	6.825e-04	-2.234	2416	3.437	4.244
19.904	8.957e-04	-2.305	2421	3.512	3.894
19.904	1.177e-03	-2.376	2429	3.589	3.563
19.904	1.548e-03	-2.465	2411	3.666	3.263
19.904	2.034e-03	-2.554	2388	3.738	3.002
19.904	2.675e-03	-2.633	2367	3.801	2.793
19.904	3.515e-03	-2.689	2351	3.845	2.655
19.904	4.585e-03	-2.718	2342	3.868	2.586
19.904	6.018e-03	-2.738	2335	3.883	2.542
19.904	7.909e-03	-2.764	2326	3.901	2.488
19.904	1.046e-02	-2.811	2309	3.936	2.390
19.904	1.375e-02	-2.934	2263	4.025	2.158
19.904	1.781e-02	-3.125	2178	4.148	1.872
19.904	2.351e-02	-3.314	2066	4.246	1.673
19.904	3.072e-02	-3.472	1970	4.321	1.535
19.904	4.055e-02	-3.626	1872	4.387	1.423
19.904	5.308e-02	-3.774	1774	4.442	1.336
19.904	7.007e-02	-3.918	1682	4.492	1.260
19.904	9.173e-02	-4.071	1578	4.535	1.199
19.904	1.194e-01	-4.214	1486	4.573	1.148
19.904	1.577e-01	-4.377	1381	4.609	1.102
19.904	2.064e-01	-4.549	1272	4.638	1.065
19.904	2.724e-01	-4.736	1159	4.664	1.034
19.904	3.566e-01	-4.919	1056	4.684	1.010
19.904	4.716e-01	-5.115	953	4.702	0.990
19.904	6.201e-01	-5.296	866	4.717	0.973
19.904	8.121e-01	-5.471	788	4.729	0.960
19.904	1.063e+00	-5.630	724	4.740	0.948
19.904	1.403e+00	-5.798	661	4.750	0.937
19.904	1.848e+00	-5.954	607	4.758	0.928
19.904	2.429e+00	-6.111	557	4.766	0.919
19.904	3.207e+00	-6.250	516	4.774	0.911
19.904	4.241e+00	-6.408	473	4.781	0.904
19.904	5.609e+00	-6.537	441	4.787	0.897
19.904	7.417e+00	-6.668	411	4.794	0.891
19.904	9.710e+00	-6.786	385	4.800	0.884
20.428	1.013e-04	-1.673	2481	2.934	7.674
20.428	1.330e-04	-1.751	2468	3.003	7.089
20.428	1.748e-04	-1.829	2457	3.073	6.538
20.428	2.298e-04	-1.906	2450	3.145	6.020
20.428	3.020e-04	-1.984	2443	3.218	5.536
20.428	3.971e-04	-2.064	2433	3.291	5.087
20.428	5.219e-04	-2.142	2426	3.365	4.674
20.428	6.808e-04	-2.218	2421	3.437	4.303
20.428	8.986e-04	-2.292	2424	3.513	3.942
20.428	1.184e-03	-2.360	2437	3.590	3.605
20.428	1.556e-03	-2.448	2422	3.667	3.301
20.428	2.046e-03	-2.536	2399	3.739	3.038
20.428	2.688e-03	-2.612	2378	3.800	2.832
20.428	3.535e-03	-2.663	2364	3.841	2.703
20.428	4.646e-03	-2.690	2357	3.862	2.638
20.428	6.059e-03	-2.709	2351	3.876	2.594
20.428	8.014e-03	-2.737	2341	3.897	2.532
20.428	1.054e-02	-2.792	2322	3.938	2.417
20.428	1.385e-02	-2.942	2267	4.046	2.134
20.428	1.821e-02	-3.133	2180	4.169	1.852
20.428	2.393e-02	-3.312	2073	4.261	1.666
20.428	3.146e-02	-3.468	1978	4.336	1.529
20.428	4.135e-02	-3.617	1883	4.399	1.421
20.428	5.458e-02	-3.768	1783	4.455	1.332
20.428	7.145e-02	-3.903	1696	4.504	1.259
20.428	9.449e-02	-4.063	1588	4.549	1.196
20.428	1.247e-01	-4.211	1492	4.589	1.142
20.428	1.633e-01	-4.367	1391	4.623	1.098
20.428	2.159e-01	-4.545	1278	4.654	1.060
20.428	2.839e-01	-4.727	1168	4.679	1.029
20.428	3.731e-01	-4.913	1062	4.700	1.005
20.428	4.926e-01	-5.108	959	4.718	0.985
20.428	6.448e-01	-5.287	872	4.732	0.968
20.428	8.527e-01	-5.469	791	4.745	0.954
20.428	1.121e+00	-5.631	725	4.756	0.942
20.428	1.468e+00	-5.796	663	4.765	0.932
20.428	1.922e+00	-5.948	611	4.774	0.923
20.428	2.537e+00	-6.107	560	4.782	0.915
20.428	3.342e+00	-6.247	519	4.789	0.907
20.428	4.392e+00	-6.405	476	4.796	0.900
20.428	5.809e+00	-6.529	444	4.803	0.893
20.428	7.668e+00	-6.664	413	4.809	0.887
20.428	1.000e+01	-6.779	387	4.815	0.881
20.951	1.037e-04	-1.666	2488	2.943	7.694
20.951	1.358e-04	-1.744	2474	3.011	7.115
20.951	1.792e-04	-1.823	2462	3.082	6.557
20.951	2.346e-04	-1.899	2454	3.152	6.049
20.951	3.097e-04	-1.977	2447	3.226	5.557
20.951	4.054e-04	-2.056	2438	3.298	5.115
20.951	5.351e-04	-2.136	2430	3.372	4.696
20.951	6.993e-04	-2.212	2424	3.444	4.321
20.951	9.195e-04	-2.284	2429	3.519	3.964
20.951	1.208e-03	-2.350	2443	3.596	3.629
20.951	1.595e-03	-2.437	2431	3.674	3.317
20.951	2.101e-03	-2.525	2409	3.745	3.054
20.951	2.752e-03	-2.596	2389	3.802	2.861
20.951	3.602e-03	-2.640	2377	3.838	2.747
20.951	4.755e-03	-2.663	2370	3.856	2.689
20.951	6.214e-03	-2.682	2365	3.871	2.643
20.951	8.202e-03	-2.713	2355	3.895	2.570
20.951	1.074e-02	-2.780	2332	3.945	2.428
20.951	1.402e-02	-2.950	2269	4.068	2.108
20.951	1.808e-02	-3.118	2194	4.177	1.859
20.951	2.378e-02	-3.293	2091	4.268	1.674
20.951	3.114e-02	-3.446	1997	4.341	1.539
20.951	4.076e-02	-3.589	1906	4.404	1.431
20.951	5.307e-02	-3.733	1811	4.458	1.345
20.951	7.006e-02	-3.868	1725	4.509	1.268
20.951	9.228e-02	-4.028	1615	4.554	1.204
20.951	1.213e-01	-4.170	1523	4.594	1.150
20.951	1.582e-01	-4.317	1428	4.629	1.104
20.951	2.088e-01	-4.491	1315	4.661	1.064
20.951	2.734e-01	-4.667	1207	4.687	1.033
20.951	3.608e-01	-4.854	1098	4.710	1.006
20.951	4.753e-01	-5.050	991	4.728	0.985
20.951	6.247e-01	-5.227	903	4.744	0.968
20.951	8.246e-01	-5.418	815	4.757	0.953
20.951	1.086e+00	-5.584	746	4.768	0.941
20.951	1.428e+00	-5.748	682	4.778	0.930
20.951	1.862e+00	-5.902	628	4.787	0.921
20.951	2.458e+00	-6.061	576	4.795	0.912
20.951	3.218e+00	-6.197	534	4.802	0.905
20.951	4.256e+00	-6.343	494	4.810	0.897
20.951	5.628e+00	-6.497	453	4.816	0.890
20.951	7.443e+00	-6.630	421	4.822	0.884
20.951	9.844e+00	-6.753	394	4.829	0.878
23.046	1.019e-04	-1.601	2524	2.944	8.056
23.046	1.327e-04	-1.679	2507	3.011	7.466
23.046	1.751e-04	-1.763	2487	3.081	6.888
23.046	2.292e-04	-1.840	2475	3.149	6.364
23.046	3.009e-04	-1.916	2468	3.220	5.867
23.046	3.954e-04	-1.995	2458	3.292	5.399
23.046	5.158e-04	-2.072	2448	3.363	4.978
23.046	6.770e-04	-2.150	2440	3.435	4.580
23.046	8.897e-04	-2.223	2441	3.509	4.208
23.046	1.170e-03	-2.289	2455	3.584	3.857
23.046	1.537e-03	-2.356	2469	3.661	3.532
23.046	2.029e-03	-2.437	2456	3.733	3.249
23.046	2.673e-03	-2.503	2439	3.786	3.056
23.046	3.514e-03	-2.538	2429	3.814	2.959
23.046	4.583e-03	-2.557	2424	3.829	2.908
23.046	6.049e-03	-2.579	2417	3.847	2.849
23.046	7.969e-03	-2.620	2406	3.880	2.743
23.046	1.047e-02	-2.732	2372	3.968	2.481
23.046	1.320e-02	-2.891	2316	4.085	2.167
23.046	1.742e-02	-3.051	2252	4.196	1.906
23.046	2.280e-02	-3.209	2163	4.285	1.722
23.046	3.010e-02	-3.362	2070	4.360	1.579
23.046	3.940e-02	-3.499	1984	4.424	1.467
23.046	5.201e-02	-3.640	1892	4.482	1.372
23.046	6.797e-02	-3.776	1801	4.533	1.294
23.046	8.936e-02	-3.911	1712	4.580	1.225
23.046	1.174e-01	-4.058	1612	4.623	1.167
23.046	1.550e-01	-4.201	1519	4.662	1.116
23.046	2.029e-01	-4.350	1421	4.696	1.072
23.046	2.684e-01	-4.523	1310	4.727	1.035
23.046	3.529e-01	-4.703	1198	4.752	1.005
23.046	4.638e-01	-4.894	1087	4.774	0.981
23.046	6.098e-01	-5.085	983	4.791	0.961
23.046	8.014e-01	-5.273	890	4.806	0.945
23.046	1.058e+00	-5.452	809	4.818	0.931
23.046	1.394e+00	-5.617	740	4.829	0.920
23.046	1.832e+00	-5.783	677	4.839	0.910
23.046	2.408e+00	-5.938	622	4.848	0.901
23.046	3.165e+00	-6.091	572	4.855	0.893
23.046	4.178e+00	-6.245	526	4.863	0.885
23.046	5.525e+00	-6.407	481	4.870	0.878
23.046	7.278e+00	-6.520	452	4.876	0.872
23.046	9.625e+00	-6.673	415	4.882	0.866
25.142	1.019e-04	-1.549	2560	2.954	8.318
25.142	1.334e-04	-1.631	2536	3.021	7.708
25.142	1.760e-04	-1.715	2514	3.089	7.121
25.142	2.301e-04	-1.794	2497	3.156	6.593
25.142	3.025e-04	-1.871	2486	3.226	6.087
25.142	3.975e-04	-1.949	2475	3.296	5.612
25.142	5.185e-04	-2.025	2466	3.366	5.180
25.142	6.806e-04	-2.105	2455	3.438	4.769
25.142	8.912e-04	-2.177	2453	3.509	4.393
25.142	1.167e-03	-2.241	2467	3.582	4.038
25.142	1.531e-03	-2.305	2481	3.656	3.708
25.142	2.013e-03	-2.364	2494	3.724	3.429
25.142	2.657e-03	-2.418	2484	3.771	3.248
25.142	3.472e-03	-2.444	2477	3.793	3.168
25.142	4.528e-03	-2.463	2472	3.808	3.115
25.142	5.989e-03	-2.491	2464	3.830	3.034
25.142	7.874e-03	-2.551	2447	3.878	2.871
25.142	1.012e-02	-2.698	2404	3.995	2.510
25.142	1.322e-02	-2.863	2348	4.118	2.178
25.142	1.731e-02	-3.004	2294	4.219	1.940
25.142	2.272e-02	-3.146	2222	4.306	1.755
25.142	2.975e-02	-3.288	2136	4.379	1.613
25.142	3.888e-02	-3.420	2055	4.444	1.498
25.142	5.132e-02	-3.556	1966	4.504	1.398
25.142	6.760e-02	-3.695	1872	4.557	1.314
25.142	8.885e-02	-3.826	1785	4.606	1.242
25.142	1.168e-01	-3.967	1689	4.651	1.180
25.142	1.535e-01	-4.107	1595	4.691	1.127
25.142	2.030e-01	-4.247	1503	4.729	1.079
25.142	2.670e-01	-4.407	1398	4.762	1.038
25.142	3.509e-01	-4.579	1287	4.790	1.005
25.142	4.577e-01	-4.758	1177	4.814	0.978
25.142	6.041e-01	-4.955	1063	4.834	0.956
25.142	7.895e-01	-5.135	967	4.850	0.938
25.142	1.030e+00	-5.316	878	4.864	0.923
25.142	1.359e+00	-5.494	798	4.876	0.911
25.142	1.779e+00	-5.657	731	4.886	0.900
25.142	2.349e+00	-5.819	670	4.895	0.890
25.142	3.094e+00	-5.986	611	4.904	0.882
25.142	4.066e+00	-6.134	564	4.911	0.874
25.142	5.346e+00	-6.281	520	4.918	0.867
25.142	7.071e+00	-6.427	480	4.925	0.861
25.142	9.293e+00	-6.597	437	4.931	0.855
27.237	1.042e-04	-1.502	2599	2.970	8.508
27.237	1.359e-04	-1.591	2564	3.034	7.898
27.237	1.794e-04	-1.675	2540	3.102	7.308
27.237	2.348e-04	-1.756	2518	3.168	6.771
27.237	3.082e-04	-1.833	2504	3.236	6.262
27.237	4.050e-04	-1.912	2491	3.305	5.784
27.237	5.283e-04	-1.987	2481	3.373	5.346
27.237	6.934e-04	-2.065	2471	3.444	4.928
27.237	9.113e-04	-2.140	2466	3.516	4.538
27.237	1.189e-03	-2.201	2479	3.586	4.183
27.237	1.569e-03	-2.264	2493	3.659	3.847
27.237	2.067e-03	-2.317	2505	3.720	3.586
27.237	2.717e-03	-2.349	2511	3.756	3.441
27.237	3.572e-03	-2.365	2514	3.774	3.370
27.237	4.677e-03	-2.383	2514	3.792	3.301
27.237	6.112e-03	-2.420	2505	3.822	3.188
27.237	8.036e-03	-2.525	2475	3.907	2.892
27.237	1.033e-02	-2.692	2425	4.039	2.484
27.237	1.338e-02	-2.835	2377	4.147	2.193
27.237	1.767e-02	-2.970	2327	4.245	1.960
27.237	2.313e-02	-3.097	2270	4.328	1.780
27.237	3.035e-02	-3.235	2188	4.403	1.634
27.237	3.975e-02	-3.365	2108	4.468	1.516
27.237	5.204e-02	-3.493	2026	4.527	1.416
27.237	6.830e-02	-3.624	1938	4.581	1.330
27.237	8.976e-02	-3.760	1845	4.631	1.256
27.237	1.185e-01	-3.890	1758	4.678	1.190
27.237	1.551e-01	-4.029	1662	4.719	1.135
27.237	2.047e-01	-4.167	1570	4.758	1.085
27.237	2.697e-01	-4.312	1474	4.794	1.042
27.237	3.545e-01	-4.478	1364	4.825	1.005
27.237	4.679e-01	-4.657	1250	4.852	0.975
27.237	6.125e-01	-4.839	1140	4.873	0.950
27.237	7.975e-01	-5.027	1033	4.891	0.931
27.237	1.053e+00	-5.215	935	4.907	0.915
27.237	1.378e+00	-5.398	848	4.920	0.901
27.237	1.819e+00	-5.567	774	4.931	0.890
27.237	2.381e+00	-5.730	709	4.941	0.880
27.237	3.144e+00	-5.897	647	4.950	0.871
27.237	4.141e+00	-6.053	595	4.957	0.863
27.237	5.476e+00	-6.212	545	4.965	0.856
27.237	7.197e+00	-6.358	503	4.971	0.849
27.237	9.501e+00	-6.510	462	4.978	0.843
29.332	1.000e-04	-1.438	2646	2.968	8.840
29.332	1.310e-04	-1.530	2606	3.034	8.197
29.332	1.715e-04	-1.619	2570	3.099	7.609
29.332	2.264e-04	-1.702	2547	3.166	7.044
29.332	2.964e-04	-1.782	2526	3.232	6.530
29.332	3.912e-04	-1.862	2510	3.300	6.032
29.332	5.121e-04	-1.938	2498	3.368	5.580
29.332	6.760e-04	-2.017	2487	3.439	5.141
29.332	8.850e-04	-2.090	2481	3.509	4.745
29.332	1.161e-03	-2.156	2489	3.580	4.373
29.332	1.527e-03	-2.216	2502	3.649	4.040
29.332	2.015e-03	-2.264	2513	3.705	3.787
29.332	2.638e-03	-2.291	2519	3.735	3.657
29.332	3.482e-03	-2.305	2522	3.752	3.586
29.332	4.550e-03	-2.322	2525	3.771	3.509
29.332	5.983e-03	-2.355	2531	3.808	3.362
29.332	7.863e-03	-2.486	2506	3.921	2.952
29.332	1.030e-02	-2.658	2454	4.057	2.524
29.332	1.354e-02	-2.801	2407	4.166	2.226
29.332	1.766e-02	-2.924	2363	4.258	2.004
29.332	2.331e-02	-3.047	2313	4.343	1.816
29.332	3.046e-02	-3.174	2243	4.417	1.668
29.332	3.974e-02	-3.301	2166	4.483	1.546
29.332	5.245e-02	-3.427	2088	4.546	1.438
29.332	6.855e-02	-3.554	2003	4.601	1.350
29.332	9.012e-02	-3.690	1908	4.653	1.272
29.332	1.180e-01	-3.818	1821	4.699	1.205
29.332	1.545e-01	-3.950	1731	4.743	1.147
29.332	2.039e-01	-4.089	1636	4.783	1.094
29.332	2.670e-01	-4.222	1547	4.820	1.049
29.332	3.524e-01	-4.380	1440	4.854	1.009
29.332	4.642e-01	-4.546	1331	4.883	0.976
29.332	6.101e-01	-4.726	1217	4.908	0.948
29.332	7.958e-01	-4.914	1106	4.928	0.926
29.332	1.050e+00	-5.103	1001	4.945	0.908
29.332	1.384e+00	-5.293	905	4.960	0.893
29.332	1.819e+00	-5.472	822	4.972	0.881
29.332	2.391e+00	-5.640	751	4.982	0.870
29.332	3.142e+00	-5.801	688	4.992	0.861
29.332	4.148e+00	-5.972	627	5.000	0.853
29.332	5.464e+00	-6.140	571	5.007	0.845
29.332	7.226e+00	-6.285	528	5.014	0.839
29.332	9.497e+00	-6.421	490	5.021	0.833
31.427	1.035e-04	-1.401	2683	2.985	8.978
31.427	1.367e-04	-1.499	2636	3.052	8.307
31.427	1.789e-04	-1.590	2596	3.117	7.715
31.427	2.362e-04	-1.675	2568	3.183	7.149
31.427	3.086e-04	-1.755	2545	3.248	6.636
31.427	4.058e-04	-1.835	2525	3.314	6.145
31.427	5.333e-04	-1.913	2511	3.382	5.685
31.427	6.956e-04	-1.987	2501	3.449	5.263
31.427	9.182e-04	-2.060	2497	3.520	4.851
31.427	1.209e-03	-2.126	2504	3.590	4.474
31.427	1.590e-03	-2.183	2513	3.653	4.159
31.427	2.090e-03	-2.221	2522	3.698	3.951
31.427	2.747e-03	-2.241	2526	3.720	3.850
31.427	3.583e-03	-2.254	2529	3.736	3.783
31.427	4.729e-03	-2.275	2534	3.759	3.681
31.427	6.191e-03	-2.321	2542	3.812	3.466
31.427	7.987e-03	-2.465	2530	3.948	2.964
31.427	1.015e-02	-2.611	2486	4.063	2.595
31.427	1.324e-02	-2.748	2442	4.168	2.299
31.427	1.737e-02	-2.871	2401	4.262	2.064
31.427	2.283e-02	-2.990	2353	4.346	1.873
31.427	3.002e-02	-3.107	2300	4.424	1.713
31.427	3.945e-02	-3.236	2223	4.494	1.581
31.427	5.146e-02	-3.357	2149	4.556	1.472
31.427	6.793e-02	-3.484	2067	4.615	1.374
31.427	8.892e-02	-3.613	1979	4.668	1.293
31.427	1.176e-01	-3.751	1881	4.718	1.220
31.427	1.546e-01	-3.877	1796	4.764	1.158
31.427	2.032e-01	-4.015	1699	4.806	1.104
31.427	2.672e-01	-4.149	1608	4.844	1.056
31.427	3.512e-01	-4.289	1514	4.879	1.014
31.427	4.635e-01	-4.454	1403	4.911	0.977
31.427	6.068e-01	-4.622	1293	4.938	0.948
31.427	8.010e-01	-4.807	1178	4.962	0.922
31.427	1.049e+00	-5.000	1066	4.980	0.903
31.427	1.376e+00	-5.183	968	4.996	0.887
31.427	1.809e+00	-5.376	873	5.009	0.873
31.427	2.387e+00	-5.549	795	5.021	0.862
31.427	3.125e+00	-5.711	728	5.030	0.852
31.427	4.126e+00	-5.889	661	5.039	0.843
31.427	5.435e+00	-6.051	605	5.047	0.836
31.427	7.187e+00	-6.204	556	5.054	0.829
31.427	9.505e+00	-6.348	514	5.061	0.823
34.570	1.003e-04	-1.318	2752	2.988	9.384
34.570	1.319e-04	-1.420	2698	3.055	8.686
34.570	1.734e-04	-1.516	2651	3.121	8.056
34.570	2.279e-04	-1.608	2610	3.185	7.480
34.570	2.996e-04	-1.691	2582	3.250	6.944
34.570	3.937e-04	-1.773	2556	3.315	6.441
34.570	5.136e-04	-1.851	2537	3.379	5.983
34.570	6.740e-04	-1.927	2522	3.445	5.542
34.570	8.859e-04	-1.998	2517	3.513	5.127
34.570	1.156e-03	-2.059	2523	3.578	4.756
34.570	1.528e-03	-2.115	2529	3.638	4.440
34.570	1.993e-03	-2.149	2532	3.674	4.258
34.570	2.631e-03	-2.166	2536	3.694	4.164
34.570	3.438e-03	-2.180	2539	3.709	4.091
34.570	4.539e-03	-2.203	2544	3.736	3.968
34.570	5.941e-03	-2.259	2555	3.800	3.686
34.570	7.739e-03	-2.396	2576	3.950	3.099
34.570	9.885e-03	-2.542	2532	4.067	2.708
34.570	1.294e-02	-2.678	2489	4.173	2.398
34.570	1.698e-02	-2.800	2448	4.266	2.154
34.570	2.232e-02	-2.915	2405	4.351	1.953
34.570	2.912e-02	-3.021	2365	4.427	1.789
34.570	3.821e-02	-3.136	2309	4.500	1.645
34.570	5.022e-02	-3.260	2234	4.567	1.523
34.570	6.551e-02	-3.377	2161	4.627	1.421
34.570	8.647e-02	-3.504	2077	4.685	1.329
34.570	1.132e-01	-3.635	1985	4.737	1.252
34.570	1.494e-01	-3.770	1889	4.786	1.184
34.570	1.953e-01	-3.894	1804	4.830	1.126
34.570	2.547e-01	-4.026	1710	4.870	1.075
34.570	3.362e-01	-4.161	1619	4.908	1.029
34.570	4.429e-01	-4.306	1519	4.944	0.988
34.570	5.821e-01	-4.464	1412	4.975	0.953
34.570	7.592e-01	-4.629	1304	5.001	0.925
34.570	1.002e+00	-4.818	1185	5.024	0.900
34.570	1.312e+00	-5.009	1073	5.043	0.881
34.570	1.722e+00	-5.195	973	5.058	0.865
34.570	2.263e+00	-5.383	879	5.071	0.853
34.570	2.975e+00	-5.560	799	5.082	0.842
34.570	3.911e+00	-5.725	731	5.092	0.832
34.570	5.162e+00	-5.903	663	5.101	0.824
34.570	6.800e+00	-6.065	607	5.109	0.817
34.570	8.993e+00	-6.223	556	5.116	0.810
36.665	1.045e-04	-1.289	2784	3.005	9.482
36.665	1.374e-04	-1.392	2728	3.072	8.774
36.665	1.806e-04	-1.490	2678	3.137	8.138
36.665	2.374e-04	-1.582	2635	3.202	7.558
36.665	3.096e-04	-1.667	2600	3.264	7.036
36.665	4.087e-04	-1.750	2574	3.329	6.525
36.665	5.350e-04	-1.830	2550	3.393	6.060
36.665	7.022e-04	-1.907	2534	3.459	5.620
36.665	9.229e-04	-1.975	2531	3.525	5.209
36.665	1.218e-03	-2.035	2537	3.589	4.837
36.665	1.595e-03	-2.081	2542	3.638	4.570
36.665	2.093e-03	-2.107	2545	3.666	4.427
36.665	2.751e-03	-2.122	2546	3.682	4.348
36.665	3.588e-03	-2.138	2548	3.699	4.262
36.665	4.736e-03	-2.169	2552	3.734	4.096
36.665	6.200e-03	-2.259	2570	3.836	3.641
36.665	7.890e-03	-2.379	2593	3.971	3.116
36.665	1.043e-02	-2.536	2550	4.099	2.691
36.665	1.366e-02	-2.666	2508	4.200	2.394
36.665	1.779e-02	-2.782	2469	4.288	2.163
36.665	2.348e-02	-2.896	2427	4.373	1.963
36.665	3.073e-02	-3.001	2388	4.449	1.797
36.665	4.057e-02	-3.111	2338	4.523	1.650
36.665	5.301e-02	-3.231	2267	4.590	1.529
36.665	6.970e-02	-3.351	2193	4.652	1.423
36.665	9.161e-02	-3.473	2115	4.710	1.331
36.665	1.195e-01	-3.599	2026	4.762	1.253
36.665	1.568e-01	-3.734	1928	4.811	1.185
36.665	2.061e-01	-3.859	1841	4.856	1.125
36.665	2.721e-01	-3.998	1742	4.899	1.071
36.665	3.562e-01	-4.127	1653	4.937	1.025
36.665	4.702e-01	-4.268	1556	4.973	0.983
36.665	6.155e-01	-4.422	1450	5.005	0.948
36.665	8.124e-01	-4.590	1339	5.033	0.918
36.665	1.070e+00	-4.770	1223	5.057	0.892
36.665	1.407e+00	-4.966	1106	5.077	0.872
36.665	1.835e+00	-5.150	1004	5.093	0.857
36.665	2.422e+00	-5.342	906	5.107	0.843
36.665	3.170e+00	-5.521	822	5.118	0.832
36.665	4.185e+00	-5.690	751	5.128	0.822
36.665	5.512e+00	-5.870	680	5.137	0.814
36.665	7.245e+00	-6.030	623	5.145	0.807
36.665	9.581e+00	-6.193	570	5.152	0.800
39.807	1.019e-04	-1.215	2848	3.006	9.864
39.807	1.339e-04	-1.321	2789	3.075	9.112
39.807	1.754e-04	-1.420	2734	3.140	8.453
39.807	2.292e-04	-1.515	2685	3.203	7.861
39.807	2.989e-04	-1.605	2643	3.265	7.320
39.807	3.946e-04	-1.693	2607	3.329	6.798
39.807	5.166e-04	-1.773	2581	3.392	6.323
39.807	6.780e-04	-1.852	2559	3.456	5.875
39.807	8.911e-04	-1.921	2550	3.520	5.461
39.807	1.176e-03	-1.978	2555	3.580	5.097
39.807	1.540e-03	-2.018	2559	3.623	4.850
39.807	2.032e-03	-2.040	2561	3.646	4.721
39.807	2.661e-03	-2.053	2563	3.661	4.642
39.807	3.492e-03	-2.072	2564	3.680	4.539
39.807	4.590e-03	-2.110	2568	3.720	4.333
39.807	5.966e-03	-2.217	2584	3.838	3.783
39.807	7.614e-03	-2.332	2606	3.968	3.258
39.807	1.001e-02	-2.464	2594	4.092	2.825
39.807	1.316e-02	-2.596	2552	4.196	2.505
39.807	1.730e-02	-2.716	2512	4.288	2.254
39.807	2.274e-02	-2.827	2472	4.372	2.047
39.807	2.966e-02	-2.930	2434	4.448	1.875
39.807	3.862e-02	-3.028	2398	4.520	1.726
39.807	5.097e-02	-3.139	2345	4.592	1.589
39.807	6.673e-02	-3.257	2274	4.656	1.475
39.807	8.808e-02	-3.376	2200	4.718	1.374
39.807	1.160e-01	-3.501	2116	4.776	1.286
39.807	1.525e-01	-3.633	2021	4.828	1.211
39.807	2.005e-01	-3.766	1924	4.876	1.146
39.807	2.635e-01	-3.893	1835	4.920	1.089
39.807	3.464e-01	-4.028	1738	4.961	1.039
39.807	4.553e-01	-4.159	1648	4.999	0.995
39.807	6.010e-01	-4.306	1545	5.034	0.955
39.807	7.868e-01	-4.456	1442	5.065	0.922
39.807	1.039e+00	-4.628	1328	5.092	0.893
39.807	1.360e+00	-4.811	1210	5.115	0.870
39.807	1.798e+00	-5.010	1092	5.135	0.851
39.807	2.364e+00	-5.203	985	5.150	0.835
39.807	3.107e+00	-5.385	894	5.163	0.823
39.807	4.109e+00	-5.572	808	5.175	0.812
39.807	5.403e+00	-5.752	733	5.184	0.803
39.807	7.101e+00	-5.914	671	5.192	0.796
39.807	9.391e+00	-6.078	613	5.200	0.789
41.903	1.042e-04	-1.184	2879	3.016	10.003
41.903	1.369e-04	-1.290	2820	3.086	9.235
41.903	1.786e-04	-1.389	2765	3.150	8.572
41.903	2.357e-04	-1.488	2711	3.216	7.948
41.903	3.085e-04	-1.581	2665	3.278	7.395
41.903	4.050e-04	-1.670	2624	3.341	6.881
41.903	5.322e-04	-1.751	2597	3.404	6.399
41.903	6.998e-04	-1.832	2571	3.467	5.950
41.903	9.197e-04	-1.897	2565	3.529	5.545
41.903	1.214e-03	-1.950	2567	3.583	5.209
41.903	1.589e-03	-1.983	2570	3.618	5.005
41.903	2.086e-03	-2.000	2572	3.636	4.901
41.903	2.731e-03	-2.014	2573	3.651	4.818
41.903	3.598e-03	-2.036	2576	3.674	4.689
41.903	4.729e-03	-2.088	2581	3.729	4.401
41.903	6.168e-03	-2.219	2597	3.871	3.737
41.903	8.096e-03	-2.337	2620	4.005	3.203
41.903	1.064e-02	-2.462	2609	4.122	2.799
41.903	1.399e-02	-2.590	2568	4.223	2.493
41.903	1.839e-02	-2.707	2528	4.313	2.248
41.903	2.398e-02	-2.813	2490	4.393	2.050
41.903	3.123e-02	-2.914	2452	4.467	1.881
41.903	4.122e-02	-3.015	2416	4.542	1.726
41.903	5.387e-02	-3.118	2370	4.612	1.594
41.903	7.082e-02	-3.236	2301	4.678	1.476
41.903	9.308e-02	-3.353	2229	4.740	1.375
41.903	1.214e-01	-3.470	2152	4.796	1.289
41.903	1.603e-01	-3.602	2058	4.850	1.211
41.903	2.098e-01	-3.736	1958	4.898	1.146
41.903	2.754e-01	-3.859	1872	4.943	1.088
41.903	3.619e-01	-3.997	1771	4.984	1.038
41.903	4.777e-01	-4.128	1679	5.023	0.992
41.903	6.293e-01	-4.267	1582	5.059	0.952
41.903	8.270e-01	-4.420	1476	5.091	0.918
41.903	1.079e+00	-4.578	1369	5.119	0.889
41.903	1.424e+00	-4.760	1251	5.143	0.864
41.903	1.864e+00	-4.951	1133	5.163	0.844
41.903	2.465e+00	-5.151	1020	5.180	0.828
41.903	3.241e+00	-5.334	925	5.194	0.815
41.903	4.244e+00	-5.521	836	5.205	0.805
41.903	5.556e+00	-5.696	760	5.215	0.796
41.903	7.348e+00	-5.869	692	5.224	0.788
41.903	9.700e+00	-6.031	633	5.231	0.781
45.045	1.045e-04	-1.130	2928	3.023	10.295
45.045	1.373e-04	-1.234	2872	3.093	9.491
45.045	1.806e-04	-1.338	2812	3.161	8.780
45.045	2.364e-04	-1.437	2757	3.225	8.153
45.045	3.090e-04	-1.533	2705	3.287	7.589
45.045	4.062e-04	-1.625	2660	3.350	7.060
45.045	5.339e-04	-1.710	2624	3.412	6.574
45.045	7.020e-04	-1.789	2598	3.473	6.125
45.045	9.226e-04	-1.854	2586	3.531	5.733
45.045	1.213e-03	-1.900	2586	3.577	5.435
45.045	1.594e-03	-1.928	2587	3.605	5.267
45.045	2.080e-03	-1.942	2587	3.619	5.178
45.045	2.745e-03	-1.957	2588	3.636	5.082
45.045	3.616e-03	-1.985	2591	3.665	4.915
45.045	4.752e-03	-2.059	2599	3.744	4.486
45.045	6.026e-03	-2.184	2610	3.876	3.853
45.045	7.938e-03	-2.299	2632	4.006	3.317
45.045	1.043e-02	-2.405	2646	4.121	2.907
45.045	1.377e-02	-2.534	2605	4.224	2.581
45.045	1.803e-02	-2.650	2566	4.313	2.330
45.045	2.347e-02	-2.756	2528	4.393	2.125
45.045	3.099e-02	-2.861	2490	4.472	1.940
45.045	4.056e-02	-2.959	2455	4.545	1.784
45.045	5.355e-02	-3.058	2418	4.618	1.641
45.045	6.997e-02	-3.164	2365	4.685	1.518
45.045	9.200e-02	-3.281	2294	4.749	1.410
45.045	1.209e-01	-3.397	2221	4.809	1.316
45.045	1.596e-01	-3.524	2133	4.866	1.233
45.045	2.089e-01	-3.655	2036	4.917	1.163
45.045	2.742e-01	-3.786	1940	4.963	1.102
45.045	3.591e-01	-3.915	1847	5.006	1.049
45.045	4.701e-01	-4.045	1752	5.046	1.002
45.045	6.217e-01	-4.178	1659	5.084	0.959
45.045	8.174e-01	-4.324	1556	5.118	0.922
45.045	1.074e+00	-4.473	1454	5.149	0.890
45.045	1.421e+00	-4.647	1336	5.176	0.862
45.045	1.868e+00	-4.833	1216	5.199	0.840
45.045	2.455e+00	-5.031	1097	5.218	0.822
45.045	3.241e+00	-5.222	992	5.233	0.808
45.045	4.243e+00	-5.417	893	5.246	0.796
45.045	5.611e+00	-5.593	812	5.257	0.786
45.045	7.406e+00	-5.780	733	5.266	0.778
45.045	9.679e+00	-5.935	673	5.274	0.771
47.140	1.021e-04	-1.085	2965	3.019	10.572
47.140	1.336e-04	-1.189	2910	3.090	9.745
47.140	1.764e-04	-1.294	2850	3.160	8.994
47.140	2.305e-04	-1.394	2793	3.224	8.350
47.140	3.006e-04	-1.491	2738	3.286	7.772
47.140	3.968e-04	-1.586	2689	3.350	7.223
47.140	5.195e-04	-1.675	2645	3.411	6.735
47.140	6.857e-04	-1.754	2618	3.472	6.278
47.140	8.977e-04	-1.818	2604	3.527	5.895
47.140	1.187e-03	-1.865	2600	3.570	5.605
47.140	1.561e-03	-1.889	2600	3.595	5.451
47.140	2.051e-03	-1.903	2600	3.609	5.361
47.140	2.676e-03	-1.919	2600	3.625	5.262
47.140	3.539e-03	-1.950	2601	3.657	5.074
47.140	4.653e-03	-2.035	2609	3.747	4.574
47.140	6.115e-03	-2.176	2620	3.895	3.859
47.140	8.072e-03	-2.287	2641	4.020	3.340
47.140	1.057e-02	-2.386	2657	4.130	2.944
47.140	1.395e-02	-2.509	2626	4.232	2.616
47.140	1.826e-02	-2.624	2587	4.321	2.363
47.140	2.377e-02	-2.729	2549	4.401	2.155
47.140	3.138e-02	-2.834	2511	4.480	1.968
47.140	4.108e-02	-2.932	2476	4.553	1.809
47.140	5.423e-02	-3.029	2441	4.626	1.663
47.140	7.087e-02	-3.129	2397	4.693	1.538
47.140	9.317e-02	-3.245	2328	4.759	1.427
47.140	1.225e-01	-3.360	2256	4.820	1.330
47.140	1.597e-01	-3.477	2179	4.876	1.247
47.140	2.076e-01	-3.601	2089	4.927	1.176
47.140	2.725e-01	-3.737	1987	4.975	1.112
47.140	3.569e-01	-3.859	1899	5.019	1.057
47.140	4.672e-01	-3.996	1797	5.060	1.009
47.140	6.167e-01	-4.126	1705	5.099	0.965
47.140	8.059e-01	-4.258	1612	5.133	0.927
47.140	1.064e+00	-4.409	1506	5.166	0.893
47.140	1.393e+00	-4.565	1399	5.194	0.864
47.140	1.838e+00	-4.744	1280	5.219	0.840
47.140	2.406e+00	-4.936	1160	5.240	0.820
47.140	3.183e+00	-5.137	1044	5.257	0.804
47.140	4.184e+00	-5.325	944	5.271	0.792
47.140	5.499e+00	-5.514	852	5.282	0.781
47.140	7.173e+00	-5.694	773	5.291	0.773
47.140	9.487e+00	-5.862	705	5.300	0.765
50.283	1.010e-04	-1.033	3008	3.020	10.911
50.283	1.327e-04	-1.136	2956	3.093	10.030
50.283	1.745e-04	-1.240	2899	3.163	9.254
50.283	2.293e-04	-1.343	2840	3.230	8.567
50.283	3.015e-04	-1.445	2780	3.295	7.951
50.283	3.963e-04	-1.542	2726	3.357	7.397
50.283	5.169e-04	-1.629	2681	3.417	6.908
50.283	6.823e-04	-1.713	2643	3.476	6.454
50.283	8.932e-04	-1.772	2631	3.526	6.091
50.283	1.179e-03	-1.812	2625	3.563	5.840
50.283	1.543e-03	-1.833	2622	3.582	5.714
50.283	2.026e-03	-1.848	2620	3.595	5.626
50.283	2.662e-03	-1.867	2619	3.614	5.506
50.283	3.514e-03	-1.906	2619	3.652	5.266
50.283	4.600e-03	-2.015	2626	3.766	4.623
50.283	6.052e-03	-2.147	2635	3.904	3.941
50.283	7.923e-03	-2.253	2652	4.021	3.446
50.283	1.046e-02	-2.352	2668	4.131	3.037
50.283	1.367e-02	-2.455	2662	4.229	2.711
50.283	1.797e-02	-2.572	2621	4.320	2.441
50.283	2.362e-02	-2.681	2583	4.404	2.218
50.283	3.081e-02	-2.782	2546	4.480	2.032
50.283	4.011e-02	-2.878	2512	4.552	1.870
50.283	5.214e-02	-2.970	2480	4.621	1.726
50.283	6.883e-02	-3.067	2444	4.693	1.590
50.283	8.995e-02	-3.170	2392	4.759	1.473
50.283	1.173e-01	-3.283	2323	4.821	1.372
50.283	1.549e-01	-3.399	2251	4.882	1.279
50.283	2.027e-01	-3.521	2165	4.937	1.200
50.283	2.676e-01	-3.657	2064	4.989	1.130
50.283	3.503e-01	-3.786	1967	5.035	1.072
50.283	4.624e-01	-3.920	1868	5.079	1.019
50.283	6.092e-01	-4.052	1771	5.119	0.973
50.283	8.006e-01	-4.179	1681	5.156	0.933
50.283	1.059e+00	-4.325	1578	5.190	0.897
50.283	1.392e+00	-4.469	1478	5.221	0.866
50.283	1.830e+00	-4.635	1364	5.248	0.839
50.283	2.406e+00	-4.820	1242	5.271	0.817
50.283	3.162e+00	-5.018	1120	5.290	0.800
50.283	4.173e+00	-5.209	1013	5.305	0.786
50.283	5.463e+00	-5.399	914	5.318	0.774
50.283	7.170e+00	-5.576	831	5.328	0.765
50.283	9.390e+00	-5.754	754	5.337	0.757
52.378	1.011e-04	-1.004	3031	3.022	11.108
52.378	1.327e-04	-1.104	2984	3.095	10.207
52.378	1.744e-04	-1.208	2929	3.166	9.411
52.378	2.302e-04	-1.313	2869	3.235	8.694
52.378	3.014e-04	-1.414	2808	3.299	8.075
52.378	3.955e-04	-1.512	2752	3.362	7.514
52.378	5.198e-04	-1.603	2704	3.422	7.006
52.378	6.781e-04	-1.684	2663	3.478	6.574
52.378	8.950e-04	-1.743	2648	3.526	6.218
52.378	1.179e-03	-1.777	2643	3.557	5.997
52.378	1.550e-03	-1.796	2640	3.574	5.882
52.378	2.021e-03	-1.811	2638	3.588	5.792
52.378	2.673e-03	-1.834	2635	3.609	5.652
52.378	3.514e-03	-1.882	2632	3.654	5.365
52.378	4.563e-03	-2.002	2636	3.777	4.656
52.378	5.968e-03	-2.126	2645	3.907	4.008
52.378	7.844e-03	-2.232	2659	4.023	3.509
52.378	1.023e-02	-2.326	2674	4.126	3.117
52.378	1.351e-02	-2.421	2684	4.227	2.773
52.378	1.779e-02	-2.539	2644	4.320	2.493
52.378	2.338e-02	-2.649	2605	4.404	2.263
52.378	3.050e-02	-2.750	2568	4.480	2.073
52.378	4.003e-02	-2.848	2534	4.555	1.902
52.378	5.242e-02	-2.943	2500	4.626	1.752
52.378	6.850e-02	-3.035	2467	4.695	1.618
52.378	8.935e-02	-3.132	2424	4.762	1.498
52.378	1.162e-01	-3.242	2359	4.825	1.394
52.378	1.525e-01	-3.355	2290	4.885	1.300
52.378	2.004e-01	-3.473	2211	4.943	1.217
52.378	2.634e-01	-3.601	2117	4.996	1.144
52.378	3.462e-01	-3.738	2013	5.045	1.082
52.378	4.552e-01	-3.862	1923	5.089	1.028
52.378	5.983e-01	-4.001	1817	5.130	0.981
52.378	7.897e-01	-4.127	1727	5.168	0.939
52.378	1.034e+00	-4.256	1635	5.202	0.903
52.378	1.357e+00	-4.399	1534	5.234	0.870
52.378	1.783e+00	-4.552	1428	5.262	0.842
52.378	2.354e+00	-4.728	1309	5.287	0.818
52.378	3.082e+00	-4.918	1188	5.308	0.799
52.378	4.076e+00	-5.114	1071	5.325	0.784
52.378	5.358e+00	-5.302	969	5.339	0.771
52.378	7.043e+00	-5.488	876	5.350	0.761
52.378	9.259e+00	-5.667	795	5.360	0.753
55.521	1.042e-04	-0.973	3060	3.033	11.295
55.521	1.375e-04	-1.073	3017	3.108	10.356
55.521	1.797e-04	-1.174	2963	3.178	9.556
55.521	2.363e-04	-1.277	2905	3.247	8.831
55.521	3.106e-04	-1.380	2843	3.312	8.188
55.521	4.051e-04	-1.477	2786	3.374	7.630
55.521	5.348e-04	-1.571	2733	3.434	7.114
55.521	6.989e-04	-1.648	2694	3.487	6.698
55.521	9.189e-04	-1.701	2675	3.527	6.394
55.521	1.208e-03	-1.728	2669	3.550	6.224
55.521	1.575e-03	-1.743	2667	3.564	6.128
55.521	2.079e-03	-1.760	2664	3.579	6.020
55.521	2.739e-03	-1.790	2660	3.606	5.836
55.521	3.600e-03	-1.865	2649	3.674	5.396
55.521	4.752e-03	-2.005	2653	3.817	4.577
55.521	6.259e-03	-2.123	2661	3.940	3.972
55.521	8.197e-03	-2.223	2672	4.048	3.510
55.521	1.073e-02	-2.314	2687	4.148	3.128
55.521	1.408e-02	-2.401	2701	4.245	2.799
55.521	1.844e-02	-2.512	2669	4.334	2.524
55.521	2.414e-02	-2.620	2631	4.417	2.295
55.521	3.169e-02	-2.723	2593	4.495	2.097
55.521	4.165e-02	-2.821	2559	4.570	1.924
55.521	5.432e-02	-2.914	2527	4.641	1.774
55.521	7.073e-02	-3.005	2493	4.709	1.640
55.521	9.195e-02	-3.096	2458	4.775	1.520
55.521	1.214e-01	-3.208	2395	4.842	1.406
55.521	1.586e-01	-3.317	2330	4.903	1.311
55.521	2.069e-01	-3.427	2260	4.961	1.227
55.521	2.715e-01	-3.551	2171	5.015	1.153
55.521	3.569e-01	-3.687	2067	5.065	1.088
55.521	4.692e-01	-3.814	1973	5.111	1.033
55.521	6.145e-01	-3.949	1869	5.152	0.985
55.521	8.044e-01	-4.073	1778	5.189	0.944
55.521	1.064e+00	-4.195	1691	5.225	0.905
55.521	1.404e+00	-4.334	1591	5.258	0.872
55.521	1.850e+00	-4.475	1493	5.288	0.842
55.521	2.422e+00	-4.633	1383	5.313	0.818
55.521	3.171e+00	-4.807	1267	5.335	0.797
55.521	4.162e+00	-4.994	1150	5.354	0.781
55.521	5.470e+00	-5.176	1045	5.369	0.767
55.521	7.220e+00	-5.361	946	5.381	0.756
55.521	9.511e+00	-5.537	860	5.392	0.747
57.616	1.040e-04	-0.945	3082	3.034	11.495
57.616	1.362e-04	-1.043	3041	3.107	10.559
57.616	1.788e-04	-1.143	2991	3.179	9.723
57.616	2.349e-04	-1.246	2933	3.248	8.979
57.616	3.089e-04	-1.350	2871	3.315	8.318
57.616	4.060e-04	-1.449	2811	3.378	7.734
57.616	5.295e-04	-1.540	2759	3.436	7.236
57.616	6.990e-04	-1.618	2717	3.488	6.813
57.616	9.150e-04	-1.666	2699	3.524	6.535
57.616	1.208e-03	-1.693	2690	3.545	6.382
57.616	1.578e-03	-1.709	2685	3.557	6.289
57.616	2.052e-03	-1.727	2681	3.573	6.178
57.616	2.677e-03	-1.758	2676	3.601	5.982
57.616	3.533e-03	-1.846	2663	3.680	5.460
57.616	4.625e-03	-1.984	2662	3.818	4.659
57.616	6.105e-03	-2.100	2670	3.939	4.055
57.616	7.992e-03	-2.200	2678	4.044	3.592
57.616	1.055e-02	-2.291	2693	4.145	3.196
57.616	1.381e-02	-2.377	2707	4.240	2.867
57.616	1.798e-02	-2.475	2692	4.328	2.589
57.616	2.374e-02	-2.587	2652	4.414	2.345
57.616	3.107e-02	-2.689	2615	4.492	2.144
57.616	4.102e-02	-2.789	2581	4.569	1.963
57.616	5.369e-02	-2.883	2548	4.641	1.807
57.616	6.991e-02	-2.974	2515	4.709	1.670
57.616	9.176e-02	-3.068	2480	4.778	1.543
57.616	1.202e-01	-3.170	2428	4.844	1.429
57.616	1.573e-01	-3.279	2364	4.907	1.330
57.616	2.065e-01	-3.391	2295	4.967	1.242
57.616	2.714e-01	-3.512	2210	5.023	1.164
57.616	3.568e-01	-3.643	2111	5.074	1.097
57.616	4.689e-01	-3.773	2012	5.121	1.040
57.616	6.116e-01	-3.897	1918	5.162	0.992
57.616	8.073e-01	-4.030	1817	5.201	0.948
57.616	1.063e+00	-4.147	1734	5.236	0.911
57.616	1.398e+00	-4.273	1643	5.269	0.877
57.616	1.848e+00	-4.409	1546	5.299	0.847
57.616	2.411e+00	-4.550	1448	5.325	0.822
57.616	3.183e+00	-4.714	1335	5.349	0.799
57.616	4.209e+00	-4.896	1216	5.369	0.781
57.616	5.510e+00	-5.072	1109	5.385	0.767
57.616	7.232e+00	-5.246	1012	5.398	0.755
57.616	9.505e+00	-5.421	920	5.410	0.746
60.759	1.040e-04	-0.908	3110	3.035	11.783
60.759	1.370e-04	-1.006	3071	3.111	10.794
60.759	1.801e-04	-1.104	3027	3.184	9.927
60.759	2.349e-04	-1.204	2971	3.252	9.178
60.759	3.101e-04	-1.309	2909	3.320	8.485
60.759	4.052e-04	-1.408	2849	3.383	7.898
60.759	5.328e-04	-1.500	2794	3.441	7.383
60.759	7.003e-04	-1.574	2753	3.489	6.987
60.759	9.207e-04	-1.615	2736	3.520	6.743
60.759	1.210e-03	-1.637	2728	3.537	6.615
60.759	1.578e-03	-1.654	2722	3.549	6.519
60.759	2.087e-03	-1.679	2713	3.569	6.375
60.759	2.744e-03	-1.727	2699	3.607	6.097
60.759	3.607e-03	-1.852	2679	3.720	5.358
60.759	4.752e-03	-1.982	2677	3.849	4.620
60.759	6.221e-03	-2.087	2684	3.958	4.071
60.759	8.100e-03	-2.183	2689	4.057	3.633
60.759	1.069e-02	-2.271	2703	4.155	3.245
60.759	1.400e-02	-2.355	2717	4.247	2.919
60.759	1.823e-02	-2.442	2718	4.335	2.639
60.759	2.392e-02	-2.551	2679	4.419	2.394
60.759	3.144e-02	-2.655	2642	4.499	2.184
60.759	4.101e-02	-2.751	2609	4.573	2.006
60.759	5.339e-02	-2.843	2576	4.644	1.849
60.759	7.048e-02	-2.939	2542	4.716	1.702
60.759	9.226e-02	-3.031	2508	4.784	1.573
60.759	1.211e-01	-3.128	2466	4.852	1.455
60.759	1.592e-01	-3.238	2403	4.917	1.350
60.759	2.076e-01	-3.344	2340	4.976	1.261
60.759	2.740e-01	-3.460	2263	5.035	1.179
60.759	3.610e-01	-3.586	2171	5.088	1.108
60.759	4.727e-01	-3.716	2069	5.135	1.050
60.759	6.188e-01	-3.834	1981	5.178	1.000
60.759	8.168e-01	-3.969	1875	5.217	0.956
60.759	1.076e+00	-4.084	1790	5.251	0.919
60.759	1.409e+00	-4.191	1714	5.283	0.886
60.759	1.845e+00	-4.307	1630	5.312	0.857
60.759	2.435e+00	-4.429	1543	5.339	0.831
60.759	3.182e+00	-4.559	1452	5.362	0.809
60.759	4.200e+00	-4.708	1349	5.384	0.789
60.759	5.498e+00	-4.864	1246	5.402	0.773
60.759	7.271e+00	-5.025	1146	5.417	0.759
60.759	9.598e+00	-5.181	1055	5.429	0.748
62.854	1.005e-04	-0.873	3131	3.026	12.108
62.854	1.321e-04	-0.968	3096	3.103	11.091
62.854	1.737e-04	-1.066	3054	3.176	10.189
62.854	2.283e-04	-1.167	3001	3.247	9.388
62.854	3.013e-04	-1.272	2941	3.316	8.671
62.854	3.944e-04	-1.371	2880	3.380	8.061
62.854	5.206e-04	-1.465	2824	3.439	7.528
62.854	6.804e-04	-1.537	2781	3.485	7.141
62.854	8.945e-04	-1.578	2763	3.514	6.904
62.854	1.171e-03	-1.599	2754	3.530	6.781
62.854	1.531e-03	-1.616	2748	3.543	6.681
62.854	2.021e-03	-1.643	2738	3.563	6.527
62.854	2.645e-03	-1.696	2718	3.604	6.229
62.854	3.402e-03	-1.814	2696	3.707	5.528
62.854	4.447e-03	-1.944	2686	3.831	4.793
62.854	5.821e-03	-2.049	2691	3.940	4.229
62.854	7.641e-03	-2.147	2697	4.041	3.764
62.854	1.004e-02	-2.236	2706	4.137	3.372
62.854	1.320e-02	-2.320	2720	4.229	3.031
62.854	1.729e-02	-2.403	2731	4.318	2.735
62.854	2.278e-02	-2.507	2704	4.406	2.473
62.854	2.993e-02	-2.613	2666	4.487	2.253
62.854	3.904e-02	-2.709	2633	4.562	2.067
62.854	5.154e-02	-2.807	2599	4.637	1.896
62.854	6.747e-02	-2.900	2566	4.708	1.748
62.854	8.906e-02	-2.995	2530	4.779	1.610
62.854	1.166e-01	-3.087	2495	4.846	1.490
62.854	1.539e-01	-3.195	2437	4.913	1.379
62.854	2.015e-01	-3.300	2377	4.975	1.285
62.854	2.644e-01	-3.410	2308	5.033	1.201
62.854	3.475e-01	-3.530	2222	5.088	1.128
62.854	4.533e-01	-3.655	2126	5.136	1.067
62.854	5.983e-01	-3.779	2031	5.181	1.014
62.854	7.833e-01	-3.898	1939	5.220	0.969
62.854	1.036e+00	-4.019	1845	5.254	0.931
62.854	1.362e+00	-4.120	1772	5.285	0.899
62.854	1.790e+00	-4.222	1699	5.313	0.870
62.854	2.353e+00	-4.328	1622	5.339	0.845
62.854	3.082e+00	-4.433	1547	5.362	0.823
62.854	4.034e+00	-4.547	1467	5.383	0.803
62.854	5.325e+00	-4.674	1378	5.402	0.785
62.854	7.015e+00	-4.807	1289	5.419	0.771
62.854	9.220e+00	-4.938	1204	5.432	0.759
65.997	1.023e-04	-0.847	3151	3.032	12.321
65.997	1.336e-04	-0.938	3121	3.107	11.304
65.997	1.757e-04	-1.035	3081	3.181	10.378
65.997	2.309e-04	-1.133	3034	3.253	9.555
65.997	3.036e-04	-1.236	2975	3.322	8.829
65.997	3.991e-04	-1.336	2915	3.386	8.198
65.997	5.205e-04	-1.424	2861	3.442	7.691
65.997	6.871e-04	-1.492	2820	3.485	7.316
65.997	8.979e-04	-1.527	2803	3.509	7.118
65.997	1.171e-03	-1.546	2794	3.523	7.007
65.997	1.546e-03	-1.566	2785	3.537	6.891
65.997	2.036e-03	-1.599	2771	3.562	6.699
65.997	2.676e-03	-1.674	2743	3.619	6.270
65.997	3.519e-03	-1.825	2710	3.749	5.397
65.997	4.625e-03	-1.947	2700	3.864	4.728
65.997	6.105e-03	-2.048	2705	3.969	4.189
65.997	7.978e-03	-2.141	2710	4.064	3.756
65.997	1.041e-02	-2.226	2717	4.154	3.387
65.997	1.355e-02	-2.304	2730	4.241	3.064
65.997	1.761e-02	-2.383	2740	4.326	2.778
65.997	2.312e-02	-2.477	2729	4.412	2.515
65.997	3.038e-02	-2.582	2691	4.494	2.290
65.997	3.995e-02	-2.682	2657	4.571	2.096
65.997	5.250e-02	-2.778	2623	4.645	1.924
65.997	6.848e-02	-2.870	2590	4.715	1.775
65.997	8.988e-02	-2.963	2556	4.785	1.638
65.997	1.181e-01	-3.056	2520	4.854	1.513
65.997	1.541e-01	-3.153	2475	4.919	1.404
65.997	2.034e-01	-3.260	2414	4.983	1.304
65.997	2.679e-01	-3.369	2348	5.044	1.216
65.997	3.521e-01	-3.483	2271	5.099	1.141
65.997	4.648e-01	-3.604	2180	5.150	1.076
65.997	6.074e-01	-3.724	2086	5.193	1.024
65.997	7.986e-01	-3.830	2006	5.232	0.980
65.997	1.050e+00	-3.945	1913	5.264	0.943
65.997	1.386e+00	-4.037	1844	5.292	0.913
65.997	1.811e+00	-4.115	1787	5.316	0.889
65.997	2.390e+00	-4.192	1731	5.337	0.867
65.997	3.161e+00	-4.262	1680	5.356	0.849
65.997	4.138e+00	-4.328	1633	5.372	0.834
65.997	5.462e+00	-4.390	1588	5.386	0.820
65.997	7.138e+00	-4.445	1549	5.397	0.810
65.997	9.384e+00	-4.497	1512	5.407	0.801
67.044	1.020e-04	-0.836	3157	3.032	12.425
67.044	1.330e-04	-0.926	3130	3.106	11.404
67.044	1.756e-04	-1.023	3090	3.182	10.454
67.044	2.299e-04	-1.119	3047	3.253	9.635
67.044	3.035e-04	-1.224	2986	3.323	8.889
67.044	3.973e-04	-1.321	2928	3.386	8.262
67.044	5.214e-04	-1.410	2873	3.443	7.743
67.044	6.828e-04	-1.475	2834	3.484	7.385
67.044	8.938e-04	-1.509	2816	3.507	7.193
67.044	1.180e-03	-1.528	2807	3.521	7.079
67.044	1.554e-03	-1.550	2798	3.536	6.956
67.044	2.043e-03	-1.585	2783	3.562	6.750
67.044	2.686e-03	-1.671	2750	3.627	6.263
67.044	3.530e-03	-1.824	2715	3.758	5.386
67.044	4.641e-03	-1.943	2705	3.870	4.732
67.044	6.099e-03	-2.042	2709	3.972	4.208
67.044	7.956e-03	-2.133	2714	4.066	3.780
67.044	1.044e-02	-2.219	2720	4.157	3.403
67.044	1.372e-02	-2.300	2734	4.246	3.070
67.044	1.790e-02	-2.380	2744	4.332	2.782
67.044	2.349e-02	-2.471	2735	4.418	2.520
67.044	3.088e-02	-2.577	2697	4.499	2.294
67.044	4.060e-02	-2.676	2663	4.576	2.099
67.044	5.336e-02	-2.772	2630	4.651	1.927
67.044	7.015e-02	-2.867	2596	4.723	1.773
67.044	9.220e-02	-2.960	2561	4.793	1.636
67.044	1.203e-01	-3.051	2526	4.860	1.515
67.044	1.578e-01	-3.148	2481	4.926	1.403
67.044	2.075e-01	-3.254	2422	4.990	1.304
67.044	2.706e-01	-3.358	2359	5.048	1.220
67.044	3.572e-01	-3.471	2284	5.105	1.143
67.044	4.705e-01	-3.589	2196	5.155	1.078
67.044	6.184e-01	-3.710	2102	5.199	1.025
67.044	8.066e-01	-3.811	2025	5.235	0.983
67.044	1.065e+00	-3.919	1939	5.268	0.947
67.044	1.394e+00	-4.007	1871	5.294	0.919
67.044	1.843e+00	-4.082	1815	5.316	0.896
67.044	2.423e+00	-4.146	1768	5.335	0.877
67.044	3.185e+00	-4.203	1727	5.350	0.861
67.044	4.204e+00	-4.251	1692	5.364	0.848
67.044	5.504e+00	-4.292	1662	5.374	0.838
67.044	7.265e+00	-4.327	1637	5.382	0.830
67.044	9.511e+00	-4.351	1620	5.388	0.825
68.092	1.015e-04	-0.824	3165	3.031	12.535
68.092	1.340e-04	-0.917	3136	3.109	11.461
68.092	1.754e-04	-1.011	3100	3.182	10.532
68.092	2.284e-04	-1.105	3057	3.252	9.720
68.092	3.015e-04	-1.209	2998	3.322	8.964
68.092	3.972e-04	-1.309	2940	3.387	8.317
68.092	5.221e-04	-1.397	2885	3.443	7.796
68.092	6.809e-04	-1.459	2847	3.483	7.452
68.092	8.988e-04	-1.492	2830	3.505	7.262
68.092	1.177e-03	-1.511	2821	3.518	7.153
68.092	1.563e-03	-1.534	2811	3.535	7.019
68.092	2.054e-03	-1.573	2793	3.563	6.794
68.092	2.711e-03	-1.674	2754	3.639	6.221
68.092	3.523e-03	-1.820	2721	3.764	5.390
68.092	4.587e-03	-1.934	2710	3.871	4.766
68.092	6.055e-03	-2.033	2713	3.973	4.237
68.092	7.913e-03	-2.124	2718	4.066	3.807
68.092	1.032e-02	-2.209	2723	4.155	3.438
68.092	1.342e-02	-2.286	2735	4.240	3.116
68.092	1.761e-02	-2.367	2746	4.327	2.819
68.092	2.315e-02	-2.453	2746	4.413	2.552
68.092	3.055e-02	-2.561	2707	4.497	2.319
68.092	3.999e-02	-2.659	2673	4.573	2.124
68.092	5.208e-02	-2.752	2641	4.645	1.954
68.092	6.835e-02	-2.847	2607	4.717	1.799
68.092	8.951e-02	-2.939	2573	4.787	1.661
68.092	1.172e-01	-3.031	2538	4.855	1.536
68.092	1.538e-01	-3.125	2499	4.921	1.422
68.092	2.021e-01	-3.231	2439	4.986	1.321
68.092	2.636e-01	-3.334	2379	5.045	1.234
68.092	3.480e-01	-3.442	2309	5.102	1.155
68.092	4.548e-01	-3.555	2227	5.152	1.091
68.092	5.932e-01	-3.671	2137	5.195	1.038
68.092	7.830e-01	-3.777	2054	5.234	0.993
68.092	1.025e+00	-3.872	1982	5.265	0.957
68.092	1.356e+00	-3.967	1905	5.292	0.929
68.092	1.782e+00	-4.034	1854	5.312	0.907
68.092	2.342e+00	-4.090	1813	5.329	0.889
68.092	3.092e+00	-4.136	1779	5.342	0.876
68.092	4.048e+00	-4.173	1752	5.352	0.866
68.092	5.313e+00	-4.197	1734	5.359	0.859
68.092	6.982e+00	-4.214	1722	5.364	0.855
68.092	9.217e+00	-4.224	1715	5.367	0.852
69.139	1.027e-04	-0.818	3170	3.034	12.580
69.139	1.350e-04	-0.909	3143	3.111	11.518
69.139	1.775e-04	-1.004	3107	3.186	10.569
69.139	2.324e-04	-1.100	3063	3.257	9.737
69.139	3.042e-04	-1.200	3008	3.325	9.001
69.139	4.016e-04	-1.300	2949	3.391	8.348
69.139	5.248e-04	-1.385	2897	3.445	7.844
69.139	6.900e-04	-1.446	2859	3.483	7.505
69.139	9.068e-04	-1.476	2844	3.504	7.331
69.139	1.192e-03	-1.495	2835	3.517	7.220
69.139	1.580e-03	-1.519	2823	3.534	7.078
69.139	2.081e-03	-1.563	2803	3.566	6.823
69.139	2.735e-03	-1.679	2758	3.653	6.170
69.139	3.568e-03	-1.822	2725	3.776	5.357
69.139	4.710e-03	-1.939	2714	3.885	4.723
69.139	6.165e-03	-2.034	2718	3.983	4.223
69.139	8.138e-03	-2.126	2722	4.078	3.785
69.139	1.065e-02	-2.211	2727	4.166	3.418
69.139	1.406e-02	-2.293	2740	4.256	3.083
69.139	1.841e-02	-2.372	2750	4.342	2.793
69.139	2.430e-02	-2.461	2747	4.429	2.527
69.139	3.176e-02	-2.564	2710	4.508	2.305
69.139	4.175e-02	-2.663	2677	4.586	2.109
69.139	5.488e-02	-2.760	2643	4.660	1.936
69.139	7.158e-02	-2.852	2610	4.730	1.785
69.139	9.448e-02	-2.947	2575	4.802	1.645
69.139	1.237e-01	-3.038	2540	4.869	1.521
69.139	1.623e-01	-3.133	2499	4.936	1.409
69.139	2.134e-01	-3.238	2440	5.000	1.309
69.139	2.805e-01	-3.343	2377	5.060	1.222
69.139	3.687e-01	-3.450	2308	5.115	1.146
69.139	4.847e-01	-3.562	2226	5.165	1.082
69.139	6.371e-01	-3.678	2135	5.208	1.030
69.139	8.376e-01	-3.777	2059	5.244	0.989
69.139	1.097e+00	-3.863	1993	5.273	0.956
69.139	1.445e+00	-3.949	1923	5.296	0.930
69.139	1.899e+00	-4.006	1879	5.314	0.912
69.139	2.497e+00	-4.050	1846	5.327	0.898
69.139	3.282e+00	-4.083	1822	5.337	0.888
69.139	4.332e+00	-4.104	1806	5.343	0.882
69.139	5.671e+00	-4.117	1796	5.347	0.878
69.139	7.443e+00	-4.124	1792	5.349	0.876
69.139	9.782e+00	-4.126	1790	5.350	0.875
70.187	1.006e-04	-0.801	3178	3.029	12.758
70.187	1.327e-04	-0.893	3153	3.107	11.662
70.187	1.735e-04	-0.985	3119	3.180	10.718
70.187	2.281e-04	-1.082	3076	3.253	9.858
70.187	2.998e-04	-1.183	3022	3.323	9.097
70.187	3.941e-04	-1.281	2964	3.387	8.443
70.187	5.161e-04	-1.367	2912	3.442	7.927
70.187	6.756e-04	-1.427	2875	3.480	7.589
70.187	8.868e-04	-1.457	2858	3.500	7.413
70.187	1.165e-03	-1.476	2849	3.514	7.301
70.187	1.538e-03	-1.500	2838	3.531	7.159
70.187	2.014e-03	-1.543	2818	3.561	6.911
70.187	2.658e-03	-1.659	2770	3.648	6.254
70.187	3.480e-03	-1.807	2732	3.772	5.421
70.187	4.602e-03	-1.925	2719	3.881	4.781
70.187	6.003e-03	-2.019	2721	3.976	4.285
70.187	7.879e-03	-2.109	2725	4.069	3.851
70.187	1.032e-02	-2.195	2728	4.158	3.479
70.187	1.351e-02	-2.273	2741	4.244	3.149
70.187	1.783e-02	-2.355	2752	4.332	2.846
70.187	2.334e-02	-2.435	2759	4.416	2.582
70.187	3.087e-02	-2.542	2722	4.501	2.343
70.187	4.074e-02	-2.644	2688	4.580	2.139
70.187	5.325e-02	-2.738	2655	4.653	1.966
70.187	7.001e-02	-2.833	2621	4.726	1.809
70.187	9.201e-02	-2.927	2586	4.796	1.668
70.187	1.210e-01	-3.020	2551	4.865	1.540
70.187	1.590e-01	-3.113	2513	4.932	1.426
70.187	2.090e-01	-3.218	2455	4.997	1.324
70.187	2.747e-01	-3.321	2395	5.057	1.235
70.187	3.612e-01	-3.425	2330	5.113	1.157
70.187	4.730e-01	-3.535	2251	5.163	1.093
70.187	6.192e-01	-3.644	2166	5.206	1.041
70.187	8.174e-01	-3.745	2087	5.242	0.998
70.187	1.070e+00	-3.825	2027	5.271	0.966
70.187	1.404e+00	-3.900	1966	5.294	0.941
70.187	1.846e+00	-3.959	1918	5.310	0.923
70.187	2.427e+00	-3.996	1891	5.321	0.911
70.187	3.190e+00	-4.020	1872	5.328	0.904
70.187	4.160e+00	-4.034	1862	5.333	0.899
70.187	5.417e+00	-4.041	1857	5.335	0.897
70.187	7.110e+00	-4.044	1855	5.335	0.896
70.187	9.344e+00	-4.044	1854	5.336	0.896
71.234	1.031e-04	-0.800	3182	3.036	12.743
71.234	1.356e-04	-0.891	3157	3.113	11.666
71.234	1.768e-04	-0.981	3125	3.186	10.728
71.234	2.321e-04	-1.078	3081	3.258	9.872
71.234	3.050e-04	-1.177	3029	3.328	9.112
71.234	3.978e-04	-1.272	2974	3.390	8.477
71.234	5.221e-04	-1.356	2922	3.444	7.965
71.234	6.862e-04	-1.414	2887	3.480	7.641
71.234	8.951e-04	-1.441	2871	3.499	7.482
71.234	1.175e-03	-1.460	2862	3.512	7.369
71.234	1.544e-03	-1.485	2850	3.530	7.220
71.234	2.038e-03	-1.534	2827	3.565	6.935
71.234	2.668e-03	-1.661	2775	3.659	6.219
71.234	3.433e-03	-1.797	2739	3.772	5.460
71.234	4.511e-03	-1.912	2724	3.878	4.834
71.234	5.884e-03	-2.006	2724	3.972	4.337
71.234	7.767e-03	-2.097	2729	4.066	3.892
71.234	1.017e-02	-2.183	2732	4.154	3.518
71.234	1.324e-02	-2.260	2743	4.239	3.193
71.234	1.748e-02	-2.341	2754	4.326	2.886
71.234	2.288e-02	-2.420	2763	4.410	2.619
71.234	3.020e-02	-2.523	2733	4.495	2.377
71.234	3.978e-02	-2.624	2699	4.574	2.170
71.234	5.228e-02	-2.721	2665	4.649	1.990
71.234	6.820e-02	-2.813	2633	4.720	1.834
71.234	9.002e-02	-2.908	2597	4.792	1.689
71.234	1.176e-01	-2.999	2563	4.859	1.562
71.234	1.547e-01	-3.092	2527	4.927	1.445
71.234	2.025e-01	-3.193	2473	4.991	1.342
71.234	2.651e-01	-3.293	2417	5.051	1.252
71.234	3.500e-01	-3.398	2353	5.109	1.172
71.234	4.610e-01	-3.507	2276	5.160	1.105
71.234	6.059e-01	-3.613	2196	5.204	1.050
71.234	7.903e-01	-3.709	2119	5.239	1.009
71.234	1.043e+00	-3.790	2057	5.268	0.976
71.234	1.366e+00	-3.853	2009	5.290	0.951
71.234	1.792e+00	-3.908	1963	5.306	0.934
71.234	2.356e+00	-3.944	1934	5.315	0.924
71.234	3.097e+00	-3.962	1920	5.320	0.919
71.234	4.071e+00	-3.970	1914	5.323	0.916
71.234	5.310e+00	-3.974	1911	5.324	0.915
71.234	7.009e+00	-3.975	1910	5.324	0.915
71.234	9.310e+00	-3.975	1910	5.324	0.915
72.282	1.009e-04	-0.783	3191	3.030	12.923
72.282	1.332e-04	-0.875	3166	3.108	11.812
72.282	1.741e-04	-0.965	3135	3.182	10.854
72.282	2.271e-04	-1.060	3094	3.253	10.003
72.282	2.957e-04	-1.154	3046	3.321	9.252
72.282	3.903e-04	-1.253	2988	3.387	8.574
72.282	5.110e-04	-1.337	2938	3.441	8.057
72.282	6.707e-04	-1.395	2902	3.477	7.727
72.282	8.815e-04	-1.424	2885	3.496	7.561
72.282	1.150e-03	-1.442	2876	3.509	7.449
72.282	1.521e-03	-1.468	2864	3.527	7.293
72.282	1.999e-03	-1.518	2840	3.563	7.003
72.282	2.627e-03	-1.651	2784	3.661	6.250
72.282	3.339e-03	-1.781	2746	3.768	5.530
72.282	4.416e-03	-1.900	2728	3.875	4.887
72.282	5.806e-03	-1.996	2728	3.971	4.375
72.282	7.631e-03	-2.085	2732	4.063	3.936
72.282	9.954e-03	-2.170	2735	4.149	3.565
72.282	1.314e-02	-2.251	2745	4.237	3.221
72.282	1.720e-02	-2.329	2756	4.322	2.922
72.282	2.240e-02	-2.406	2765	4.404	2.658
72.282	2.939e-02	-2.501	2745	4.487	2.416
72.282	3.863e-02	-2.603	2711	4.566	2.205
72.282	5.079e-02	-2.700	2677	4.642	2.021
72.282	6.676e-02	-2.795	2643	4.715	1.858
72.282	8.707e-02	-2.887	2610	4.784	1.715
72.282	1.143e-01	-2.979	2575	4.853	1.584
72.282	1.502e-01	-3.071	2539	4.921	1.466
72.282	1.975e-01	-3.170	2490	4.987	1.359
72.282	2.595e-01	-3.272	2433	5.048	1.266
72.282	3.385e-01	-3.372	2372	5.104	1.187
72.282	4.469e-01	-3.477	2302	5.157	1.117
72.282	5.850e-01	-3.577	2228	5.201	1.062
72.282	7.737e-01	-3.678	2148	5.238	1.018
72.282	1.009e+00	-3.754	2089	5.265	0.987
72.282	1.332e+00	-3.813	2044	5.286	0.962
72.282	1.744e+00	-3.857	2010	5.301	0.946
72.282	2.306e+00	-3.889	1983	5.310	0.936
72.282	3.008e+00	-3.905	1971	5.314	0.932
72.282	3.971e+00	-3.911	1966	5.316	0.930
72.282	5.189e+00	-3.912	1964	5.316	0.930
72.282	6.849e+00	-3.913	1964	5.317	0.930
72.282	9.116e+00	-3.913	1964	5.317	0.930
73.330	1.012e-04	-0.775	3197	3.031	13.002
73.330	1.330e-04	-0.865	3172	3.108	11.900
73.330	1.735e-04	-0.954	3143	3.181	10.940
73.330	2.290e-04	-1.052	3101	3.256	10.043
73.330	2.998e-04	-1.148	3054	3.325	9.275
73.330	3.964e-04	-1.247	2996	3.391	8.595
73.330	5.171e-04	-1.327	2948	3.443	8.096
73.330	6.826e-04	-1.382	2914	3.478	7.779
73.330	8.935e-04	-1.408	2898	3.495	7.627
73.330	1.163e-03	-1.427	2889	3.508	7.514
73.330	1.536e-03	-1.454	2876	3.527	7.346
73.330	2.023e-03	-1.511	2849	3.567	7.017
73.330	2.659e-03	-1.657	2787	3.675	6.194
73.330	3.510e-03	-1.800	2747	3.794	5.405
73.330	4.594e-03	-1.910	2732	3.894	4.819
73.330	6.065e-03	-2.005	2733	3.989	4.317
73.330	7.939e-03	-2.091	2737	4.078	3.896
73.330	1.042e-02	-2.177	2740	4.165	3.524
73.330	1.370e-02	-2.256	2750	4.251	3.192
73.330	1.801e-02	-2.335	2760	4.337	2.893
73.330	2.358e-02	-2.413	2769	4.420	2.628
73.330	3.081e-02	-2.508	2747	4.501	2.393
73.330	4.051e-02	-2.609	2713	4.580	2.186
73.330	5.325e-02	-2.706	2679	4.656	2.004
73.330	6.945e-02	-2.798	2646	4.727	1.847
73.330	9.116e-02	-2.892	2612	4.797	1.703
73.330	1.198e-01	-2.985	2576	4.866	1.572
73.330	1.575e-01	-3.076	2541	4.934	1.455
73.330	2.070e-01	-3.176	2491	4.999	1.349
73.330	2.722e-01	-3.277	2435	5.060	1.258
73.330	3.577e-01	-3.377	2373	5.117	1.179
73.330	4.703e-01	-3.478	2305	5.167	1.112
73.330	6.159e-01	-3.575	2234	5.209	1.059
73.330	8.049e-01	-3.665	2162	5.243	1.020
73.330	1.050e+00	-3.735	2108	5.268	0.991
73.330	1.386e+00	-3.786	2068	5.286	0.969
73.330	1.814e+00	-3.820	2043	5.298	0.956
73.330	2.362e+00	-3.839	2028	5.305	0.948
73.330	3.118e+00	-3.851	2019	5.309	0.944
73.330	4.107e+00	-3.854	2016	5.310	0.943
73.330	5.443e+00	-3.855	2015	5.310	0.943
73.330	7.245e+00	-3.855	2015	5.310	0.943
73.330	9.643e+00	-3.855	2015	5.310	0.943
74.377	1.040e-04	-0.775	3200	3.039	12.972
74.377	1.367e-04	-0.865	3176	3.116	11.875
74.377	1.783e-04	-0.954	3147	3.189	10.918
74.377	2.354e-04	-1.051	3105	3.263	10.024
74.377	3.082e-04	-1.146	3058	3.332	9.261
74.377	4.076e-04	-1.244	3001	3.397	8.591
74.377	5.359e-04	-1.322	2955	3.448	8.103
74.377	7.043e-04	-1.370	2925	3.479	7.824
74.377	9.186e-04	-1.394	2911	3.494	7.687
74.377	1.213e-03	-1.414	2901	3.508	7.562
74.377	1.597e-03	-1.446	2885	3.531	7.370
74.377	2.099e-03	-1.515	2852	3.580	6.965
74.377	2.738e-03	-1.674	2785	3.697	6.084
74.377	3.529e-03	-1.798	2752	3.801	5.398
74.377	4.648e-03	-1.909	2737	3.901	4.809
74.377	6.109e-03	-2.001	2737	3.994	4.322
74.377	7.968e-03	-2.086	2740	4.081	3.910
74.377	1.046e-02	-2.171	2743	4.168	3.539
74.377	1.369e-02	-2.249	2753	4.252	3.212
74.377	1.793e-02	-2.327	2762	4.336	2.917
74.377	2.353e-02	-2.405	2772	4.420	2.648
74.377	3.081e-02	-2.498	2755	4.502	2.410
74.377	4.034e-02	-2.597	2721	4.580	2.203
74.377	5.325e-02	-2.695	2687	4.656	2.016
74.377	6.970e-02	-2.789	2654	4.728	1.856
74.377	9.149e-02	-2.883	2619	4.799	1.711
74.377	1.198e-01	-2.974	2584	4.868	1.581
74.377	1.568e-01	-3.065	2549	4.934	1.465
74.377	2.070e-01	-3.164	2502	5.000	1.357
74.377	2.710e-01	-3.263	2446	5.061	1.266
74.377	3.577e-01	-3.364	2386	5.118	1.185
74.377	4.683e-01	-3.459	2324	5.168	1.119
74.377	6.146e-01	-3.553	2255	5.210	1.066
74.377	8.049e-01	-3.639	2187	5.243	1.027
74.377	1.054e+00	-3.706	2134	5.267	0.999
74.377	1.372e+00	-3.751	2099	5.283	0.980
74.377	1.801e+00	-3.779	2078	5.293	0.968
74.377	2.358e+00	-3.795	2066	5.299	0.962
74.377	3.082e+00	-3.802	2061	5.301	0.960
74.377	4.019e+00	-3.804	2059	5.302	0.959
74.377	5.276e+00	-3.804	2059	5.302	0.958
74.377	6.991e+00	-3.804	2058	5.303	0.958
74.377	9.306e+00	-3.805	2058	5.303	0.958
75.425	1.036e-04	-0.764	3207	3.038	13.079
75.425	1.361e-04	-0.854	3182	3.115	11.972
75.425	1.775e-04	-0.943	3155	3.188	11.006
75.425	2.330e-04	-1.038	3115	3.261	10.120
75.425	3.063e-04	-1.133	3069	3.331	9.336
75.425	4.043e-04	-1.230	3013	3.396	8.664
75.425	5.292e-04	-1.306	2968	3.446	8.181
75.425	6.986e-04	-1.354	2939	3.477	7.898
75.425	9.145e-04	-1.378	2924	3.492	7.760
75.425	1.200e-03	-1.398	2914	3.506	7.635
75.425	1.578e-03	-1.430	2898	3.529	7.436
75.425	2.082e-03	-1.505	2862	3.581	6.999
75.425	2.743e-03	-1.671	2791	3.704	6.079
75.425	3.605e-03	-1.803	2756	3.814	5.357
75.425	4.759e-03	-1.911	2741	3.913	4.780
75.425	6.230e-03	-2.002	2741	4.003	4.308
75.425	8.176e-03	-2.087	2744	4.091	3.893
75.425	1.071e-02	-2.171	2747	4.176	3.529
75.425	1.399e-02	-2.248	2756	4.259	3.207
75.425	1.840e-02	-2.327	2766	4.344	2.910
75.425	2.409e-02	-2.404	2775	4.427	2.645
75.425	3.148e-02	-2.495	2760	4.508	2.408
75.425	4.139e-02	-2.595	2726	4.587	2.199
75.425	5.440e-02	-2.693	2692	4.663	2.015
75.425	7.096e-02	-2.785	2659	4.734	1.857
75.425	9.313e-02	-2.878	2625	4.805	1.712
75.425	1.220e-01	-2.970	2590	4.873	1.582
75.425	1.594e-01	-3.060	2555	4.939	1.466
75.425	2.079e-01	-3.153	2512	5.003	1.363
75.425	2.729e-01	-3.253	2456	5.064	1.271
75.425	3.586e-01	-3.351	2398	5.120	1.191
75.425	4.715e-01	-3.443	2340	5.170	1.124
75.425	6.197e-01	-3.536	2272	5.211	1.072
75.425	8.180e-01	-3.618	2209	5.244	1.032
75.425	1.071e+00	-3.679	2160	5.267	1.006
75.425	1.413e+00	-3.720	2127	5.281	0.989
75.425	1.847e+00	-3.742	2110	5.289	0.980
75.425	2.409e+00	-3.753	2102	5.293	0.976
75.425	3.132e+00	-3.757	2099	5.295	0.974
75.425	4.111e+00	-3.758	2098	5.295	0.973
75.425	5.448e+00	-3.758	2098	5.295	0.973
75.425	7.251e+00	-3.758	2098	5.295	0.973
75.425	9.651e+00	-3.758	2098	5.295	0.973
76.472	1.023e-04	-0.751	3214	3.035	13.218
76.472	1.345e-04	-0.842	3189	3.112	12.097
76.472	1.768e-04	-0.932	3162	3.188	11.092
76.472	2.316e-04	-1.025	3124	3.260	10.204
76.472	3.032e-04	-1.120	3079	3.329	9.423
76.472	4.002e-04	-1.215	3026	3.394	8.742
76.472	5.239e-04	-1.290	2982	3.444	8.256
76.472	6.876e-04	-1.337	2953	3.474	7.978
76.472	9.037e-04	-1.361	2938	3.489	7.836
76.472	1.179e-03	-1.381	2928	3.503	7.712
76.472	1.559e-03	-1.415	2911	3.527	7.502
76.472	2.050e-03	-1.491	2874	3.581	7.053
76.472	2.669e-03	-1.654	2803	3.700	6.149
76.472	3.499e-03	-1.787	2763	3.808	5.429
76.472	4.599e-03	-1.895	2746	3.905	4.855
76.472	6.047e-03	-1.987	2744	3.996	4.372
76.472	7.947e-03	-2.072	2747	4.084	3.951
76.472	1.037e-02	-2.154	2750	4.168	3.589
76.472	1.361e-02	-2.234	2757	4.252	3.258
76.472	1.788e-02	-2.312	2767	4.336	2.957
76.472	2.351e-02	-2.390	2777	4.420	2.685
76.472	3.090e-02	-2.477	2770	4.503	2.440
76.472	4.079e-02	-2.580	2735	4.584	2.223
76.472	5.339e-02	-2.676	2702	4.659	2.040
76.472	6.952e-02	-2.768	2670	4.730	1.880
76.472	9.177e-02	-2.863	2634	4.802	1.729
76.472	1.201e-01	-2.955	2600	4.870	1.598
76.472	1.586e-01	-3.048	2563	4.939	1.477
76.472	2.076e-01	-3.140	2523	5.004	1.371
76.472	2.740e-01	-3.242	2466	5.066	1.276
76.472	3.587e-01	-3.337	2410	5.121	1.197
76.472	4.735e-01	-3.428	2354	5.171	1.130
76.472	6.188e-01	-3.515	2291	5.212	1.079
76.472	8.071e-01	-3.588	2236	5.242	1.041
76.472	1.065e+00	-3.648	2188	5.264	1.015
76.472	1.392e+00	-3.684	2160	5.278	1.000
76.472	1.816e+00	-3.703	2145	5.284	0.992
76.472	2.361e+00	-3.711	2138	5.287	0.989
76.472	3.099e+00	-3.714	2136	5.288	0.988
76.472	4.106e+00	-3.714	2136	5.289	0.987
76.472	5.466e+00	-3.715	2136	5.289	0.987
76.472	7.275e+00	-3.715	2135	5.289	0.987
76.472	9.683e+00	-3.715	2135	5.289	0.987
77.520	1.016e-04	-0.740	3221	3.034	13.335
77.520	1.336e-04	-0.830	3196	3.111	12.203
77.520	1.763e-04	-0.921	3169	3.187	11.174
77.520	2.304e-04	-1.013	3133	3.259	10.284
77.520	3.030e-04	-1.109	3088	3.330	9.484
77.520	3.967e-04	-1.201	3038	3.393	8.817
77.520	5.194e-04	-1.275	2994	3.442	8.329
77.520	6.856e-04	-1.321	2967	3.472	8.049
77.520	8.974e-04	-1.345	2952	3.487	7.910
77.520	1.178e-03	-1.366	2941	3.502	7.778
77.520	1.548e-03	-1.401	2924	3.526	7.563
77.520	2.043e-03	-1.484	2883	3.585	7.069
77.520	2.692e-03	-1.655	2807	3.710	6.121
77.520	3.538e-03	-1.787	2768	3.817	5.412
77.520	4.643e-03	-1.893	2750	3.912	4.851
77.520	6.081e-03	-1.983	2748	4.000	4.380
77.520	7.960e-03	-2.067	2751	4.086	3.968
77.520	1.051e-02	-2.151	2754	4.173	3.591
77.520	1.376e-02	-2.230	2760	4.256	3.265
77.520	1.816e-02	-2.309	2770	4.341	2.960
77.520	2.377e-02	-2.385	2779	4.423	2.693
77.520	3.120e-02	-2.470	2776	4.506	2.448
77.520	4.100e-02	-2.571	2742	4.585	2.234
77.520	5.391e-02	-2.669	2708	4.662	2.046
77.520	7.085e-02	-2.764	2675	4.735	1.880
77.520	9.241e-02	-2.856	2641	4.805	1.735
77.520	1.220e-01	-2.950	2605	4.875	1.600
77.520	1.597e-01	-3.040	2570	4.942	1.482
77.520	2.108e-01	-3.134	2530	5.008	1.373
77.520	2.759e-01	-3.232	2475	5.069	1.281
77.520	3.622e-01	-3.327	2420	5.124	1.201
77.520	4.743e-01	-3.412	2369	5.172	1.137
77.520	6.209e-01	-3.497	2309	5.212	1.086
77.520	8.196e-01	-3.566	2258	5.243	1.048
77.520	1.073e+00	-3.619	2216	5.263	1.024
77.520	1.416e+00	-3.651	2190	5.275	1.010
77.520	1.854e+00	-3.666	2178	5.280	1.004
77.520	2.447e+00	-3.672	2173	5.282	1.001
77.520	3.224e+00	-3.673	2172	5.283	1.001
77.520	4.272e+00	-3.673	2172	5.283	1.001
77.520	5.686e+00	-3.674	2172	5.283	1.001
77.520	7.568e+00	-3.674	2172	5.283	1.001
77.520	1.000e+01	-3.674	2172	5.283	1.001
78.567	1.001e-04	-0.726	3227	3.029	13.491
78.567	1.315e-04	-0.817	3203	3.106	12.344
78.567	1.726e-04	-0.905	3178	3.182	11.321
78.567	2.260e-04	-0.997	3144	3.254	10.410
78.567	2.959e-04	-1.091	3099	3.324	9.608
78.567	3.884e-04	-1.182	3052	3.389	8.921
78.567	5.104e-04	-1.259	3007	3.439	8.415
78.567	6.711e-04	-1.304	2980	3.469	8.132
78.567	8.820e-04	-1.328	2966	3.484	7.989
78.567	1.150e-03	-1.349	2954	3.499	7.858
78.567	1.521e-03	-1.385	2937	3.524	7.634
78.567	2.000e-03	-1.468	2896	3.582	7.137
78.567	2.628e-03	-1.639	2818	3.707	6.185
78.567	3.428e-03	-1.770	2775	3.810	5.489
78.567	4.525e-03	-1.879	2755	3.907	4.912
78.567	5.923e-03	-1.969	2751	3.995	4.439
78.567	7.819e-03	-2.055	2754	4.083	4.012
78.567	1.022e-02	-2.136	2757	4.166	3.646
78.567	1.333e-02	-2.215	2761	4.247	3.320
78.567	1.759e-02	-2.293	2771	4.332	3.012
78.567	2.303e-02	-2.369	2781	4.414	2.741
78.567	2.999e-02	-2.445	2787	4.494	2.499
78.567	3.898e-02	-2.542	2756	4.571	2.285
78.567	5.146e-02	-2.643	2722	4.650	2.089
78.567	6.736e-02	-2.737	2689	4.723	1.920
78.567	8.892e-02	-2.833	2653	4.796	1.765
78.567	1.164e-01	-2.924	2619	4.865	1.631
78.567	1.528e-01	-3.016	2584	4.932	1.509
78.567	2.008e-01	-3.106	2547	4.998	1.398
78.567	2.619e-01	-3.202	2496	5.059	1.304
78.567	3.457e-01	-3.297	2442	5.116	1.221
78.567	4.526e-01	-3.384	2390	5.165	1.154
78.567	5.974e-01	-3.466	2336	5.207	1.099
78.567	7.820e-01	-3.533	2286	5.237	1.062
78.567	1.026e+00	-3.582	2249	5.258	1.037
78.567	1.349e+00	-3.613	2225	5.270	1.023
78.567	1.760e+00	-3.628	2213	5.275	1.016
78.567	2.309e+00	-3.633	2208	5.277	1.014
78.567	3.035e+00	-3.634	2207	5.278	1.014
78.567	4.040e+00	-3.635	2207	5.278	1.013
78.567	5.377e+00	-3.635	2207	5.278	1.013
78.567	7.157e+00	-3.635	2207	5.278	1.013
78.567	9.526e+00	-3.635	2207	5.278	1.013
80.663	1.020e-04	-0.716	3237	3.035	13.576
80.663	1.341e-04	-0.806	3213	3.112	12.423
80.663	1.763e-04	-0.895	3188	3.188	11.388
80.663	2.317e-04	-0.986	3155	3.262	10.460
80.663	3.023e-04	-1.079	3112	3.330	9.667
80.663	3.990e-04	-1.168	3067	3.395	8.976
80.663	5.223e-04	-1.238	3026	3.441	8.507
80.663	6.895e-04	-1.278	3003	3.467	8.254
80.663	9.026e-04	-1.300	2990	3.482	8.119
80.663	1.185e-03	-1.324	2977	3.498	7.969
80.663	1.557e-03	-1.365	2957	3.527	7.703
80.663	2.047e-03	-1.475	2902	3.605	7.047
80.663	2.690e-03	-1.646	2825	3.729	6.109
80.663	3.551e-03	-1.775	2782	3.832	5.425
80.663	4.649e-03	-1.878	2763	3.923	4.888
80.663	6.102e-03	-1.967	2759	4.009	4.424
80.663	8.019e-03	-2.051	2761	4.094	4.012
80.663	1.046e-02	-2.130	2764	4.176	3.653
80.663	1.381e-02	-2.212	2768	4.260	3.316
80.663	1.807e-02	-2.287	2777	4.341	3.020
80.663	2.386e-02	-2.365	2787	4.425	2.742
80.663	3.123e-02	-2.441	2796	4.506	2.496
80.663	4.099e-02	-2.541	2765	4.586	2.276
80.663	5.388e-02	-2.639	2731	4.663	2.083
80.663	7.084e-02	-2.735	2697	4.738	1.913
80.663	9.276e-02	-2.828	2663	4.808	1.763
80.663	1.214e-01	-2.919	2628	4.877	1.629
80.663	1.603e-01	-3.012	2592	4.946	1.505
80.663	2.098e-01	-3.100	2558	5.010	1.397
80.663	2.770e-01	-3.198	2506	5.073	1.300
80.663	3.626e-01	-3.287	2455	5.127	1.222
80.663	4.721e-01	-3.367	2408	5.173	1.159
80.663	6.232e-01	-3.437	2364	5.211	1.108
80.663	8.159e-01	-3.496	2322	5.238	1.075
80.663	1.071e+00	-3.533	2295	5.255	1.055
80.663	1.402e+00	-3.552	2280	5.263	1.044
80.663	1.832e+00	-3.560	2275	5.267	1.040
80.663	2.390e+00	-3.562	2273	5.268	1.039
80.663	3.175e+00	-3.563	2272	5.268	1.038
80.663	4.226e+00	-3.563	2272	5.268	1.038
80.663	5.624e+00	-3.563	2272	5.268	1.038
80.663	7.486e+00	-3.563	2272	5.268	1.038
80.663	9.964e+00	-3.564	2272	5.268	1.038
81.710	1.038e-04	-0.713	3241	3.040	13.583
81.710	1.373e-04	-0.805	3216	3.119	12.405
81.710	1.798e-04	-0.893	3192	3.193	11.389
81.710	2.341e-04	-0.981	3161	3.265	10.492
81.710	3.043e-04	-1.072	3119	3.332	9.707
81.710	4.017e-04	-1.159	3076	3.396	9.020
81.710	5.258e-04	-1.227	3036	3.441	8.562
81.710	6.941e-04	-1.265	3014	3.466	8.320
81.710	9.086e-04	-1.286	3002	3.480	8.185
81.710	1.193e-03	-1.311	2988	3.497	8.027
81.710	1.567e-03	-1.355	2966	3.529	7.738
81.710	2.061e-03	-1.477	2906	3.615	7.008
81.710	2.722e-03	-1.647	2829	3.738	6.082
81.710	3.578e-03	-1.773	2787	3.838	5.422
81.710	4.667e-03	-1.873	2768	3.926	4.897
81.710	6.125e-03	-1.962	2763	4.012	4.436
81.710	8.051e-03	-2.045	2765	4.097	4.025
81.710	1.058e-02	-2.127	2768	4.180	3.657
81.710	1.391e-02	-2.208	2770	4.263	3.326
81.710	1.829e-02	-2.284	2780	4.345	3.026
81.710	2.404e-02	-2.360	2789	4.427	2.752
81.710	3.136e-02	-2.435	2799	4.507	2.510
81.710	4.115e-02	-2.532	2772	4.588	2.287
81.710	5.409e-02	-2.631	2738	4.665	2.093
81.710	7.111e-02	-2.726	2704	4.739	1.921
81.710	9.312e-02	-2.820	2670	4.810	1.770
81.710	1.219e-01	-2.911	2635	4.879	1.636
81.710	1.600e-01	-3.002	2600	4.947	1.513
81.710	2.103e-01	-3.091	2565	5.012	1.404
81.710	2.743e-01	-3.182	2518	5.072	1.310
81.710	3.621e-01	-3.274	2466	5.127	1.229
81.710	4.740e-01	-3.354	2419	5.173	1.165
81.710	6.221e-01	-3.418	2381	5.210	1.117
81.710	8.176e-01	-3.473	2342	5.236	1.084
81.710	1.075e+00	-3.507	2318	5.252	1.065
81.710	1.413e+00	-3.523	2305	5.259	1.056
81.710	1.858e+00	-3.530	2301	5.262	1.052
81.710	2.441e+00	-3.531	2300	5.263	1.052
81.710	3.249e+00	-3.532	2299	5.263	1.051
81.710	4.325e+00	-3.532	2299	5.263	1.051
81.710	5.745e+00	-3.532	2299	5.263	1.051
81.710	7.646e+00	-3.532	2299	5.263	1.051
81.710	1.000e+01	-3.532	2299	5.263	1.051
83.805	1.026e-04	-0.695	3248	3.037	13.805
83.805	1.343e-04	-0.781	3229	3.113	12.647
83.805	1.773e-04	-0.872	3204	3.190	11.578
83.805	2.321e-04	-0.960	3175	3.263	10.647
83.805	3.046e-04	-1.053	3134	3.333	9.822
83.805	4.004e-04	-1.138	3093	3.395	9.144
83.805	5.264e-04	-1.202	3058	3.439	8.689
83.805	6.918e-04	-1.237	3037	3.462	8.462
83.805	9.024e-04	-1.258	3025	3.476	8.327
83.805	1.191e-03	-1.285	3010	3.495	8.152
83.805	1.569e-03	-1.335	2987	3.531	7.818
83.805	2.062e-03	-1.476	2916	3.631	6.969
83.805	2.711e-03	-1.637	2842	3.748	6.094
83.805	3.563e-03	-1.762	2797	3.845	5.448
83.805	4.648e-03	-1.860	2779	3.931	4.932
83.805	6.100e-03	-1.950	2771	4.016	4.474
83.805	7.989e-03	-2.031	2771	4.098	4.072
83.805	1.046e-02	-2.111	2774	4.179	3.709
83.805	1.380e-02	-2.192	2777	4.262	3.371
83.805	1.804e-02	-2.267	2784	4.342	3.075
83.805	2.372e-02	-2.343	2793	4.423	2.799
83.805	3.106e-02	-2.418	2803	4.504	2.550
83.805	4.059e-02	-2.507	2788	4.584	2.326
83.805	5.337e-02	-2.607	2754	4.662	2.127
83.805	7.014e-02	-2.703	2720	4.737	1.951
83.805	9.149e-02	-2.795	2686	4.807	1.799
83.805	1.208e-01	-2.889	2651	4.878	1.658
83.805	1.581e-01	-2.979	2616	4.945	1.535
83.805	2.087e-01	-3.069	2581	5.012	1.422
83.805	2.732e-01	-3.157	2540	5.072	1.326
83.805	3.585e-01	-3.246	2490	5.127	1.245
83.805	4.712e-01	-3.324	2445	5.172	1.182
83.805	6.146e-01	-3.383	2410	5.207	1.136
83.805	8.067e-01	-3.426	2384	5.231	1.105
83.805	1.060e+00	-3.454	2364	5.245	1.087
83.805	1.383e+00	-3.467	2354	5.251	1.080
83.805	1.825e+00	-3.472	2351	5.253	1.077
83.805	2.405e+00	-3.473	2350	5.253	1.077
83.805	3.201e+00	-3.473	2350	5.253	1.077
83.805	4.260e+00	-3.473	2350	5.253	1.077
83.805	5.670e+00	-3.473	2350	5.253	1.077
83.805	7.547e+00	-3.473	2350	5.253	1.077
83.805	1.000e+01	-3.474	2350	5.253	1.076
85.900	1.042e-04	-0.685	3255	3.042	13.901
85.900	1.364e-04	-0.770	3239	3.118	12.737
85.900	1.800e-04	-0.860	3214	3.195	11.661
85.900	2.352e-04	-0.948	3185	3.267	10.730
85.900	3.068e-04	-1.036	3148	3.335	9.919
85.900	4.050e-04	-1.121	3108	3.397	9.238
85.900	5.292e-04	-1.178	3079	3.438	8.813
85.900	6.958e-04	-1.210	3060	3.459	8.599
85.900	9.112e-04	-1.231	3047	3.473	8.459
85.900	1.200e-03	-1.261	3030	3.494	8.265
85.900	1.578e-03	-1.318	3004	3.535	7.876
85.900	2.074e-03	-1.476	2926	3.647	6.924
85.900	2.715e-03	-1.629	2854	3.757	6.100
85.900	3.554e-03	-1.751	2808	3.851	5.476
85.900	4.691e-03	-1.852	2788	3.940	4.945
85.900	6.141e-03	-1.940	2779	4.022	4.498
85.900	8.060e-03	-2.022	2778	4.104	4.095
85.900	1.059e-02	-2.102	2781	4.185	3.729
85.900	1.393e-02	-2.182	2783	4.266	3.396
85.900	1.824e-02	-2.258	2789	4.346	3.099
85.900	2.388e-02	-2.332	2798	4.426	2.826
85.900	3.134e-02	-2.407	2808	4.507	2.574
85.900	4.119e-02	-2.493	2800	4.588	2.343
85.900	5.372e-02	-2.590	2767	4.665	2.147
85.900	7.091e-02	-2.688	2733	4.741	1.966
85.900	9.267e-02	-2.781	2699	4.812	1.812
85.900	1.218e-01	-2.874	2663	4.882	1.671
85.900	1.601e-01	-2.965	2628	4.950	1.545
85.900	2.105e-01	-3.053	2594	5.015	1.433
85.900	2.767e-01	-3.139	2558	5.076	1.336
85.900	3.653e-01	-3.227	2508	5.131	1.255
85.900	4.782e-01	-3.299	2467	5.174	1.194
85.900	6.312e-01	-3.355	2434	5.206	1.150
85.900	8.248e-01	-3.390	2414	5.227	1.124
85.900	1.076e+00	-3.408	2403	5.238	1.110
85.900	1.401e+00	-3.417	2398	5.242	1.104
85.900	1.849e+00	-3.419	2396	5.244	1.102
85.900	2.436e+00	-3.420	2396	5.244	1.101
85.900	3.242e+00	-3.420	2396	5.244	1.101
85.900	4.315e+00	-3.420	2396	5.244	1.101
85.900	5.743e+00	-3.420	2395	5.244	1.101
85.900	7.645e+00	-3.420	2395	5.244	1.101
85.900	1.000e+01	-3.421	2395	5.244	1.101
87.996	1.025e-04	-0.667	3262	3.038	14.136
87.996	1.345e-04	-0.750	3250	3.114	12.943
87.996	1.768e-04	-0.839	3226	3.190	11.863
87.996	2.321e-04	-0.927	3199	3.264	10.900
87.996	3.039e-04	-1.015	3165	3.333	10.064
87.996	3.979e-04	-1.096	3126	3.393	9.394
87.996	5.252e-04	-1.153	3098	3.434	8.955
87.996	6.875e-04	-1.182	3083	3.455	8.746
87.996	9.075e-04	-1.205	3069	3.470	8.596
87.996	1.200e-03	-1.238	3050	3.492	8.379
87.996	1.584e-03	-1.304	3021	3.541	7.920
87.996	2.074e-03	-1.470	2938	3.659	6.912
87.996	2.743e-03	-1.625	2864	3.770	6.084
87.996	3.606e-03	-1.747	2817	3.863	5.468
87.996	4.739e-03	-1.844	2797	3.948	4.955
87.996	6.182e-03	-1.931	2786	4.028	4.520
87.996	8.114e-03	-2.013	2784	4.109	4.121
87.996	1.066e-02	-2.092	2787	4.189	3.756
87.996	1.391e-02	-2.168	2789	4.267	3.433
87.996	1.826e-02	-2.246	2793	4.347	3.132
87.996	2.391e-02	-2.319	2802	4.426	2.858
87.996	3.130e-02	-2.393	2812	4.506	2.607
87.996	4.131e-02	-2.475	2814	4.589	2.370
87.996	5.442e-02	-2.576	2779	4.669	2.162
87.996	7.152e-02	-2.673	2745	4.744	1.982
87.996	9.329e-02	-2.765	2712	4.815	1.827
87.996	1.224e-01	-2.858	2677	4.885	1.685
87.996	1.609e-01	-2.949	2642	4.953	1.558
87.996	2.116e-01	-3.036	2608	5.018	1.446
87.996	2.781e-01	-3.119	2574	5.079	1.349
87.996	3.656e-01	-3.203	2528	5.131	1.269
87.996	4.805e-01	-3.272	2489	5.173	1.209
87.996	6.267e-01	-3.322	2460	5.203	1.170
87.996	8.226e-01	-3.353	2442	5.221	1.145
87.996	1.077e+00	-3.368	2433	5.230	1.133
87.996	1.408e+00	-3.374	2430	5.233	1.129
87.996	1.836e+00	-3.375	2429	5.234	1.128
87.996	2.410e+00	-3.376	2429	5.234	1.128
87.996	3.194e+00	-3.376	2429	5.234	1.128
87.996	4.251e+00	-3.376	2429	5.234	1.127
87.996	5.658e+00	-3.376	2429	5.234	1.127
87.996	7.531e+00	-3.376	2429	5.235	1.127
87.996	1.000e+01	-3.376	2429	5.235	1.127
90.091	1.004e-04	-0.648	3269	3.033	14.390
90.091	1.315e-04	-0.728	3261	3.108	13.190
90.091	1.735e-04	-0.817	3238	3.185	12.071
90.091	2.272e-04	-0.904	3212	3.258	11.098
90.091	2.982e-04	-0.992	3179	3.328	10.237
90.091	3.919e-04	-1.073	3143	3.389	9.545
90.091	5.173e-04	-1.129	3116	3.430	9.105
90.091	6.772e-04	-1.156	3102	3.450	8.897
90.091	8.888e-04	-1.177	3092	3.465	8.743
90.091	1.168e-03	-1.211	3072	3.488	8.521
90.091	1.536e-03	-1.277	3042	3.537	8.051
90.091	2.018e-03	-1.445	2959	3.657	7.011
90.091	2.669e-03	-1.601	2883	3.768	6.172
90.091	3.482e-03	-1.722	2833	3.858	5.566
90.091	4.596e-03	-1.822	2809	3.944	5.041
90.091	6.006e-03	-1.911	2794	4.023	4.599
90.091	7.834e-03	-1.991	2790	4.101	4.205
90.091	1.034e-02	-2.071	2793	4.182	3.831
90.091	1.354e-02	-2.148	2795	4.261	3.500
90.091	1.777e-02	-2.226	2797	4.340	3.195
90.091	2.335e-02	-2.300	2806	4.420	2.914
90.091	3.046e-02	-2.373	2815	4.498	2.662
90.091	3.998e-02	-2.446	2828	4.579	2.426
90.091	5.254e-02	-2.545	2798	4.659	2.212
90.091	6.936e-02	-2.644	2763	4.737	2.023
90.091	9.064e-02	-2.738	2729	4.809	1.862
90.091	1.182e-01	-2.829	2695	4.878	1.720
90.091	1.552e-01	-2.919	2660	4.946	1.590
90.091	2.039e-01	-3.007	2626	5.011	1.475
90.091	2.660e-01	-3.087	2595	5.070	1.378
90.091	3.491e-01	-3.166	2557	5.123	1.296
90.091	4.588e-01	-3.235	2517	5.166	1.234
90.091	6.033e-01	-3.285	2489	5.196	1.193
90.091	7.900e-01	-3.314	2472	5.213	1.169
90.091	1.032e+00	-3.328	2463	5.221	1.158
90.091	1.347e+00	-3.333	2460	5.224	1.154
90.091	1.778e+00	-3.334	2460	5.225	1.153
90.091	2.351e+00	-3.335	2460	5.225	1.153
90.091	3.129e+00	-3.335	2460	5.225	1.153
90.091	4.165e+00	-3.335	2459	5.225	1.153
90.091	5.543e+00	-3.335	2459	5.225	1.153
90.091	7.378e+00	-3.335	2459	5.225	1.153
90.091	9.820e+00	-3.335	2459	5.226	1.152
92.186	1.001e-04	-0.634	3276	3.032	14.562
92.186	1.316e-04	-0.715	3268	3.109	13.333
92.186	1.724e-04	-0.800	3249	3.184	12.232
92.186	2.256e-04	-0.887	3223	3.257	11.246
92.186	2.978e-04	-0.975	3192	3.328	10.358
92.186	3.899e-04	-1.052	3159	3.387	9.676
92.186	5.147e-04	-1.106	3133	3.427	9.245
92.186	6.738e-04	-1.133	3120	3.446	9.041
92.186	8.843e-04	-1.154	3110	3.462	8.882
92.186	1.162e-03	-1.187	3092	3.486	8.640
92.186	1.537e-03	-1.265	3057	3.543	8.088
92.186	2.021e-03	-1.440	2971	3.669	6.998
92.186	2.656e-03	-1.590	2897	3.774	6.198
92.186	3.486e-03	-1.711	2845	3.865	5.586
92.186	4.582e-03	-1.811	2819	3.948	5.075
92.186	6.024e-03	-1.902	2802	4.028	4.626
92.186	7.888e-03	-1.982	2797	4.106	4.229
92.186	1.033e-02	-2.059	2799	4.184	3.867
92.186	1.363e-02	-2.138	2801	4.264	3.526
92.186	1.784e-02	-2.216	2801	4.342	3.223
92.186	2.355e-02	-2.291	2810	4.423	2.937
92.186	3.078e-02	-2.364	2820	4.501	2.683
92.186	4.047e-02	-2.437	2833	4.583	2.444
92.186	5.319e-02	-2.531	2809	4.663	2.228
92.186	7.021e-02	-2.631	2775	4.741	2.037
92.186	9.175e-02	-2.725	2740	4.813	1.874
92.186	1.206e-01	-2.818	2705	4.884	1.727
92.186	1.586e-01	-2.909	2671	4.952	1.596
92.186	2.085e-01	-2.996	2637	5.017	1.481
92.186	2.740e-01	-3.076	2606	5.077	1.383
92.186	3.574e-01	-3.148	2573	5.127	1.305
92.186	4.690e-01	-3.213	2536	5.167	1.247
92.186	6.165e-01	-3.257	2511	5.194	1.209
92.186	8.105e-01	-3.282	2497	5.209	1.189
92.186	1.061e+00	-3.292	2491	5.215	1.180
92.186	1.387e+00	-3.295	2489	5.217	1.178
92.186	1.831e+00	-3.296	2489	5.217	1.177
92.186	2.437e+00	-3.296	2489	5.217	1.177
92.186	3.243e+00	-3.296	2489	5.217	1.177
92.186	4.317e+00	-3.296	2489	5.217	1.177
92.186	5.746e+00	-3.296	2489	5.217	1.177
92.186	7.648e+00	-3.296	2489	5.217	1.177
92.186	1.000e+01	-3.296	2489	5.217	1.177
94.281	1.012e-04	-0.625	3282	3.036	14.664
94.281	1.333e-04	-0.706	3274	3.113	13.424
94.281	1.746e-04	-0.789	3257	3.188	12.317
94.281	2.282e-04	-0.875	3232	3.260	11.331
94.281	3.000e-04	-0.961	3203	3.330	10.455
94.281	3.943e-04	-1.036	3172	3.388	9.775
94.281	5.184e-04	-1.086	3148	3.425	9.373
94.281	6.813e-04	-1.111	3136	3.443	9.176
94.281	8.886e-04	-1.132	3126	3.459	9.012
94.281	1.175e-03	-1.169	3108	3.486	8.735
94.281	1.545e-03	-1.257	3069	3.552	8.096
94.281	2.031e-03	-1.434	2983	3.679	6.991
94.281	2.670e-03	-1.581	2909	3.783	6.207
94.281	3.509e-03	-1.702	2857	3.872	5.601
94.281	4.614e-03	-1.802	2828	3.954	5.094
94.281	6.042e-03	-1.891	2810	4.033	4.655
94.281	7.909e-03	-1.972	2804	4.110	4.260
94.281	1.044e-02	-2.050	2805	4.189	3.888
94.281	1.367e-02	-2.126	2807	4.266	3.557
94.281	1.794e-02	-2.205	2807	4.345	3.251
94.281	2.349e-02	-2.278	2814	4.423	2.972
94.281	3.075e-02	-2.351	2824	4.501	2.714
94.281	4.059e-02	-2.425	2837	4.583	2.470
94.281	5.305e-02	-2.512	2823	4.662	2.255
94.281	6.974e-02	-2.611	2789	4.740	2.063
94.281	9.166e-02	-2.707	2754	4.814	1.894
94.281	1.205e-01	-2.801	2719	4.885	1.745
94.281	1.584e-01	-2.892	2684	4.954	1.612
94.281	2.083e-01	-2.978	2650	5.018	1.497
94.281	2.737e-01	-3.058	2620	5.077	1.398
94.281	3.570e-01	-3.126	2591	5.127	1.321
94.281	4.712e-01	-3.188	2558	5.166	1.263
94.281	6.169e-01	-3.228	2535	5.190	1.228
94.281	8.033e-01	-3.248	2523	5.203	1.211
94.281	1.054e+00	-3.256	2518	5.208	1.203
94.281	1.381e+00	-3.259	2517	5.209	1.201
94.281	1.819e+00	-3.259	2517	5.209	1.201
94.281	2.421e+00	-3.259	2517	5.209	1.201
94.281	3.222e+00	-3.259	2517	5.209	1.201
94.281	4.288e+00	-3.259	2517	5.209	1.201
94.281	5.708e+00	-3.260	2516	5.210	1.201
94.281	7.597e+00	-3.260	2516	5.210	1.201
94.281	1.000e+01	-3.260	2516	5.210	1.201
96.376	1.020e-04	-0.614	3288	3.039	14.780
96.376	1.340e-04	-0.695	3280	3.115	13.544
96.376	1.748e-04	-0.775	3267	3.188	12.445
96.376	2.294e-04	-0.863	3241	3.262	11.435
96.376	3.016e-04	-0.947	3213	3.331	10.558
96.376	3.933e-04	-1.017	3186	3.386	9.903
96.376	5.121e-04	-1.063	3165	3.421	9.521
96.376	6.760e-04	-1.088	3153	3.439	9.320
96.376	8.835e-04	-1.110	3142	3.455	9.148
96.376	1.166e-03	-1.149	3123	3.484	8.852
96.376	1.527e-03	-1.241	3085	3.555	8.158
96.376	2.015e-03	-1.419	2999	3.684	7.034
96.376	2.660e-03	-1.567	2924	3.787	6.242
96.376	3.477e-03	-1.686	2871	3.874	5.649
96.376	4.535e-03	-1.785	2838	3.953	5.156
96.376	5.952e-03	-1.874	2820	4.032	4.711
96.376	7.794e-03	-1.956	2811	4.108	4.314
96.376	1.020e-02	-2.033	2811	4.184	3.952
96.376	1.339e-02	-2.109	2813	4.262	3.615
96.376	1.754e-02	-2.186	2813	4.339	3.308
96.376	2.296e-02	-2.260	2818	4.416	3.026
96.376	3.030e-02	-2.335	2827	4.497	2.758
96.376	3.967e-02	-2.406	2840	4.576	2.518
96.376	5.165e-02	-2.485	2839	4.654	2.301
96.376	6.818e-02	-2.586	2804	4.734	2.100
96.376	8.926e-02	-2.681	2770	4.807	1.929
96.376	1.178e-01	-2.777	2734	4.880	1.773
96.376	1.542e-01	-2.866	2700	4.948	1.640
96.376	2.036e-01	-2.954	2666	5.014	1.520
96.376	2.665e-01	-3.032	2636	5.072	1.422
96.376	3.470e-01	-3.099	2610	5.121	1.344
96.376	4.555e-01	-3.155	2583	5.160	1.285
96.376	5.986e-01	-3.195	2560	5.184	1.250
96.376	7.871e-01	-3.215	2549	5.196	1.232
96.376	1.031e+00	-3.222	2544	5.201	1.226
96.376	1.347e+00	-3.224	2543	5.202	1.225
96.376	1.778e+00	-3.224	2543	5.202	1.224
96.376	2.366e+00	-3.224	2543	5.202	1.224
96.376	3.150e+00	-3.225	2543	5.202	1.224
96.376	4.192e+00	-3.225	2543	5.202	1.224
96.376	5.580e+00	-3.225	2543	5.203	1.224
96.376	7.427e+00	-3.225	2543	5.203	1.224
96.376	9.885e+00	-3.225	2543	5.203	1.224
98.471	1.036e-04	-0.607	3294	3.044	14.855
98.471	1.362e-04	-0.687	3286	3.119	13.616
98.471	1.790e-04	-0.769	3274	3.195	12.484
98.471	2.353e-04	-0.856	3248	3.268	11.469
98.471	3.092e-04	-0.939	3221	3.337	10.604
98.471	4.034e-04	-1.005	3196	3.389	9.981
98.471	5.294e-04	-1.046	3179	3.420	9.628
98.471	6.958e-04	-1.068	3168	3.437	9.442
98.471	9.076e-04	-1.092	3156	3.455	9.255
98.471	1.200e-03	-1.138	3134	3.488	8.902
98.471	1.578e-03	-1.256	3087	3.580	8.010
98.471	2.087e-03	-1.430	3002	3.705	6.936
98.471	2.743e-03	-1.570	2930	3.804	6.192
98.471	3.578e-03	-1.685	2879	3.888	5.620
98.471	4.658e-03	-1.783	2846	3.965	5.140
98.471	6.056e-03	-1.868	2828	4.040	4.716
98.471	7.948e-03	-1.951	2818	4.116	4.320
98.471	1.045e-02	-2.028	2817	4.193	3.955
98.471	1.363e-02	-2.102	2819	4.268	3.627
98.471	1.788e-02	-2.180	2819	4.346	3.318
98.471	2.342e-02	-2.254	2822	4.423	3.037
98.471	3.066e-02	-2.327	2831	4.500	2.777
98.471	4.047e-02	-2.400	2845	4.582	2.528
98.471	5.298e-02	-2.477	2849	4.661	2.307
98.471	6.953e-02	-2.576	2815	4.740	2.108
98.471	9.139e-02	-2.673	2779	4.815	1.934
98.471	1.202e-01	-2.767	2744	4.887	1.780
98.471	1.579e-01	-2.858	2710	4.955	1.645
98.471	2.076e-01	-2.943	2677	5.020	1.527
98.471	2.729e-01	-3.021	2647	5.077	1.429
98.471	3.559e-01	-3.084	2622	5.125	1.353
98.471	4.698e-01	-3.135	2600	5.161	1.298
98.471	6.150e-01	-3.169	2582	5.182	1.267
98.471	8.119e-01	-3.185	2572	5.192	1.252
98.471	1.063e+00	-3.190	2569	5.195	1.248
98.471	1.403e+00	-3.191	2569	5.196	1.247
98.471	1.863e+00	-3.191	2569	5.196	1.247
98.471	2.480e+00	-3.191	2569	5.196	1.247
98.471	3.301e+00	-3.191	2569	5.196	1.247
98.471	4.394e+00	-3.191	2569	5.196	1.247
98.471	5.848e+00	-3.192	2568	5.196	1.246
98.471	7.784e+00	-3.192	2568	5.196	1.246
98.471	1.000e+01	-3.192	2568	5.196	1.246
100.566	1.002e-04	-0.586	3301	3.035	15.157
100.566	1.312e-04	-0.664	3293	3.109	13.918
100.566	1.731e-04	-0.745	3284	3.186	12.746
100.566	2.267e-04	-0.830	3261	3.259	11.721
100.566	2.951e-04	-0.911	3235	3.325	10.856
100.566	3.896e-04	-0.981	3210	3.382	10.172
100.566	5.100e-04	-1.022	3194	3.414	9.800
100.566	6.732e-04	-1.045	3184	3.432	9.601
100.566	8.797e-04	-1.069	3173	3.449	9.409
100.566	1.157e-03	-1.113	3152	3.482	9.065
100.566	1.520e-03	-1.226	3109	3.571	8.177
100.566	1.983e-03	-1.391	3031	3.692	7.115
100.566	2.617e-03	-1.537	2955	3.794	6.328
100.566	3.426e-03	-1.656	2898	3.880	5.733
100.566	4.497e-03	-1.761	2858	3.960	5.230
100.566	5.910e-03	-1.849	2839	4.037	4.785
100.566	7.709e-03	-1.931	2826	4.111	4.395
100.566	1.018e-02	-2.011	2822	4.188	4.021
100.566	1.332e-02	-2.085	2824	4.263	3.686
100.566	1.748e-02	-2.162	2824	4.340	3.374
100.566	2.290e-02	-2.238	2825	4.417	3.090
100.566	2.992e-02	-2.309	2834	4.494	2.828
100.566	3.934e-02	-2.381	2847	4.573	2.580
100.566	5.170e-02	-2.453	2860	4.654	2.351
100.566	6.744e-02	-2.548	2831	4.731	2.151
100.566	8.852e-02	-2.646	2796	4.807	1.972
100.566	1.159e-01	-2.739	2761	4.878	1.816
100.566	1.517e-01	-2.829	2727	4.946	1.679
100.566	1.992e-01	-2.914	2694	5.011	1.559
100.566	2.618e-01	-2.992	2664	5.070	1.457
100.566	3.414e-01	-3.056	2639	5.117	1.379
100.566	4.507e-01	-3.106	2619	5.154	1.322
100.566	5.889e-01	-3.137	2605	5.175	1.290
100.566	7.682e-01	-3.152	2597	5.185	1.275
100.566	1.008e+00	-3.158	2594	5.189	1.270
100.566	1.325e+00	-3.159	2593	5.190	1.269
100.566	1.764e+00	-3.159	2593	5.190	1.269
100.566	2.348e+00	-3.159	2593	5.190	1.269
100.566	3.125e+00	-3.160	2593	5.190	1.269
100.566	4.159e+00	-3.160	2593	5.190	1.269
100.566	5.535e+00	-3.160	2593	5.190	1.268
100.566	7.368e+00	-3.160	2593	5.190	1.268
100.566	9.806e+00	-3.160	2593	5.190	1.268
102.661	1.040e-04	-0.585	3306	3.046	15.121
102.661	1.373e-04	-0.666	3297	3.122	13.853
102.661	1.798e-04	-0.744	3289	3.196	12.724
102.661	2.373e-04	-0.831	3266	3.271	11.679
102.661	3.106e-04	-0.911	3240	3.336	10.827
102.661	4.101e-04	-0.973	3218	3.388	10.208
102.661	5.368e-04	-1.008	3205	3.415	9.895
102.661	7.045e-04	-1.029	3196	3.431	9.711
102.661	9.260e-04	-1.055	3185	3.451	9.484
102.661	1.222e-03	-1.113	3157	3.494	9.033
102.661	1.600e-03	-1.254	3105	3.606	7.937
102.661	2.112e-03	-1.416	3026	3.724	6.934
102.661	2.765e-03	-1.552	2955	3.818	6.222
102.661	3.650e-03	-1.670	2900	3.903	5.637
102.661	4.770e-03	-1.769	2862	3.980	5.160
102.661	6.271e-03	-1.857	2844	4.057	4.726
102.661	8.242e-03	-1.940	2831	4.132	4.334
102.661	1.084e-02	-2.017	2828	4.207	3.973
102.661	1.424e-02	-2.093	2830	4.284	3.639
102.661	1.872e-02	-2.170	2830	4.361	3.330
102.661	2.461e-02	-2.246	2832	4.438	3.047
102.661	3.236e-02	-2.318	2842	4.516	2.784
102.661	4.253e-02	-2.390	2855	4.596	2.540
102.661	5.591e-02	-2.464	2865	4.677	2.314
102.661	7.348e-02	-2.563	2832	4.756	2.113
102.661	9.700e-02	-2.662	2796	4.832	1.936
102.661	1.268e-01	-2.753	2762	4.902	1.785
102.661	1.653e-01	-2.841	2729	4.968	1.654
102.661	2.182e-01	-2.925	2696	5.032	1.537
102.661	2.857e-01	-2.997	2669	5.086	1.444
102.661	3.720e-01	-3.054	2646	5.129	1.375
102.661	4.911e-01	-3.095	2630	5.159	1.328
102.661	6.417e-01	-3.117	2621	5.175	1.304
102.661	8.370e-01	-3.127	2617	5.181	1.294
102.661	1.099e+00	-3.129	2615	5.183	1.292
102.661	1.444e+00	-3.130	2615	5.184	1.291
102.661	1.922e+00	-3.130	2615	5.184	1.291
102.661	2.558e+00	-3.130	2615	5.184	1.291
102.661	3.405e+00	-3.130	2615	5.184	1.291
102.661	4.531e+00	-3.130	2615	5.184	1.291
102.661	6.031e+00	-3.130	2615	5.184	1.291
102.661	8.028e+00	-3.131	2615	5.184	1.290
104.757	1.001e-04	-0.563	3313	3.037	15.448
104.757	1.310e-04	-0.641	3305	3.110	14.196
104.757	1.729e-04	-0.721	3296	3.186	13.009
104.757	2.264e-04	-0.802	3280	3.258	11.967
104.757	2.988e-04	-0.886	3252	3.327	11.055
104.757	3.905e-04	-0.948	3232	3.379	10.420
104.757	5.093e-04	-0.984	3219	3.408	10.078
104.757	6.684e-04	-1.006	3210	3.424	9.884
104.757	8.785e-04	-1.031	3200	3.444	9.664
104.757	1.160e-03	-1.082	3177	3.483	9.240
104.757	1.518e-03	-1.212	3132	3.588	8.186
104.757	2.004e-03	-1.377	3054	3.709	7.121
104.757	2.623e-03	-1.515	2982	3.805	6.375
104.757	3.443e-03	-1.635	2922	3.890	5.780
104.757	4.525e-03	-1.741	2877	3.969	5.278
104.757	5.950e-03	-1.830	2856	4.045	4.837
104.757	7.819e-03	-1.915	2839	4.120	4.438
104.757	1.028e-02	-1.993	2834	4.195	4.072
104.757	1.351e-02	-2.067	2835	4.270	3.733
104.757	1.777e-02	-2.144	2835	4.347	3.418
104.757	2.326e-02	-2.220	2835	4.423	3.132
104.757	3.040e-02	-2.291	2842	4.499	2.870
104.757	3.997e-02	-2.362	2855	4.578	2.620
104.757	5.253e-02	-2.435	2868	4.658	2.389
104.757	6.907e-02	-2.525	2852	4.738	2.178
104.757	9.078e-02	-2.623	2817	4.814	1.995
104.757	1.191e-01	-2.717	2782	4.887	1.835
104.757	1.560e-01	-2.806	2748	4.955	1.697
104.757	2.028e-01	-2.888	2717	5.017	1.581
104.757	2.651e-01	-2.962	2689	5.072	1.483
104.757	3.485e-01	-3.023	2665	5.118	1.406
104.757	4.564e-01	-3.065	2648	5.150	1.356
104.757	5.974e-01	-3.089	2638	5.167	1.329
104.757	7.842e-01	-3.100	2634	5.175	1.317
104.757	1.027e+00	-3.103	2633	5.177	1.314
104.757	1.353e+00	-3.103	2633	5.177	1.313
104.757	1.800e+00	-3.103	2633	5.178	1.313
104.757	2.396e+00	-3.103	2633	5.178	1.313
104.757	3.176e+00	-3.103	2633	5.178	1.313
104.757	4.227e+00	-3.104	2633	5.178	1.313
104.757	5.626e+00	-3.104	2633	5.178	1.313
104.757	7.488e+00	-3.104	2633	5.178	1.313
104.757	9.967e+00	-3.104	2632	5.178	1.312
