Mass/Mjup	Age/Gyr	log(L/Lsun)	Teff	log(g)	Radius/Rjup
0.047	1.043e-04	-6.108	669	2.456	0.639
0.047	1.370e-04	-6.221	635	2.477	0.624
0.047	1.809e-04	-6.342	599	2.498	0.609
0.047	2.368e-04	-6.456	567	2.518	0.596
0.047	3.132e-04	-6.567	538	2.538	0.582
0.047	4.117e-04	-6.668	514	2.557	0.569
0.047	5.445e-04	-6.769	490	2.578	0.556
0.047	7.157e-04	-6.857	472	2.598	0.543
0.047	9.465e-04	-6.951	453	2.620	0.530
0.047	1.252e-03	-7.046	434	2.642	0.516
0.047	1.652e-03	-7.136	417	2.665	0.503
0.047	2.185e-03	-7.246	397	2.688	0.490
0.047	2.861e-03	-7.355	378	2.710	0.478
0.047	3.783e-03	-7.462	360	2.733	0.465
0.047	4.994e-03	-7.577	341	2.756	0.453
0.047	6.578e-03	-7.700	322	2.778	0.442
0.047	8.645e-03	-7.819	304	2.798	0.431
0.047	1.143e-02	-7.940	287	2.819	0.421
0.047	1.512e-02	-8.069	270	2.838	0.412
0.047	1.996e-02	-8.198	253	2.856	0.404
0.047	2.629e-02	-8.317	238	2.873	0.396
0.047	3.455e-02	-8.430	226	2.889	0.388
0.047	4.561e-02	-8.542	213	2.905	0.381
0.047	6.008e-02	-8.660	201	2.921	0.374
0.047	7.897e-02	-8.782	189	2.937	0.368
0.047	1.044e-01	-8.910	177	2.952	0.362
0.047	1.379e-01	-9.040	166	2.965	0.356
0.047	1.816e-01	-9.171	155	2.978	0.351
0.047	2.387e-01	-9.298	145	2.990	0.346
0.047	3.150e-01	-9.422	136	3.001	0.342
0.047	4.124e-01	-9.533	128	3.010	0.338
0.047	5.413e-01	-9.645	121	3.019	0.335
0.047	7.114e-01	-9.755	114	3.027	0.332
0.047	9.391e-01	-9.866	107	3.034	0.329
0.047	1.237e+00	-9.984	101	3.042	0.326
0.047	1.636e+00	-10.120	94	3.051	0.323
0.047	2.164e+00	-10.274	86	3.060	0.319
0.047	2.861e+00	-10.448	78	3.069	0.316
0.047	3.784e+00	-10.626	71	3.078	0.312
0.063	1.043e-04	-5.881	756	2.565	0.651
0.063	1.380e-04	-6.009	710	2.586	0.636
0.063	1.821e-04	-6.130	670	2.606	0.622
0.063	2.408e-04	-6.258	629	2.625	0.608
0.063	3.172e-04	-6.376	594	2.643	0.595
0.063	4.169e-04	-6.488	563	2.661	0.583
0.063	5.514e-04	-6.600	533	2.679	0.572
0.063	7.278e-04	-6.714	504	2.696	0.560
0.063	9.626e-04	-6.812	482	2.714	0.549
0.063	1.260e-03	-6.901	462	2.731	0.538
0.063	1.663e-03	-6.990	444	2.750	0.527
0.063	2.200e-03	-7.081	426	2.770	0.515
0.063	2.898e-03	-7.182	407	2.789	0.503
0.063	3.832e-03	-7.293	386	2.810	0.492
0.063	5.037e-03	-7.396	368	2.829	0.481
0.063	6.648e-03	-7.506	349	2.849	0.470
0.063	8.792e-03	-7.628	329	2.869	0.459
0.063	1.163e-02	-7.753	310	2.889	0.449
0.063	1.532e-02	-7.875	292	2.907	0.439
0.063	2.013e-02	-8.003	274	2.925	0.431
0.063	2.662e-02	-8.138	256	2.941	0.423
0.063	3.500e-02	-8.261	241	2.957	0.415
0.063	4.601e-02	-8.377	227	2.971	0.408
0.063	6.084e-02	-8.494	214	2.987	0.401
0.063	7.999e-02	-8.613	201	3.001	0.394
0.063	1.051e-01	-8.744	188	3.016	0.388
0.063	1.390e-01	-8.882	176	3.030	0.381
0.063	1.835e-01	-9.023	163	3.043	0.376
0.063	2.403e-01	-9.154	152	3.055	0.371
0.063	3.177e-01	-9.291	142	3.066	0.366
0.063	4.202e-01	-9.421	132	3.077	0.362
0.063	5.557e-01	-9.551	123	3.086	0.358
0.063	7.307e-01	-9.685	115	3.095	0.354
0.063	9.663e-01	-9.817	107	3.103	0.351
0.063	1.270e+00	-9.929	100	3.109	0.348
0.063	1.680e+00	-10.026	95	3.114	0.346
0.063	2.208e+00	-10.105	91	3.118	0.345
0.063	2.902e+00	-10.175	88	3.121	0.343
0.063	3.816e+00	-10.239	85	3.124	0.342
0.063	5.015e+00	-10.294	82	3.127	0.341
0.063	6.594e+00	-10.348	80	3.129	0.340
0.063	8.666e+00	-10.404	77	3.132	0.339
0.126	1.023e-04	-5.386	910	2.694	0.794
0.126	1.350e-04	-5.519	853	2.715	0.775
0.126	1.779e-04	-5.668	792	2.735	0.757
0.126	2.352e-04	-5.795	744	2.754	0.741
0.126	3.111e-04	-5.925	697	2.771	0.727
0.126	4.089e-04	-6.049	656	2.788	0.713
0.126	5.397e-04	-6.168	618	2.804	0.700
0.126	7.109e-04	-6.283	584	2.820	0.687
0.126	9.402e-04	-6.410	547	2.835	0.675
0.126	1.243e-03	-6.520	518	2.850	0.663
0.126	1.634e-03	-6.621	493	2.865	0.652
0.126	2.157e-03	-6.724	469	2.880	0.641
0.126	2.842e-03	-6.843	442	2.896	0.630
0.126	3.758e-03	-6.914	428	2.911	0.618
0.126	4.970e-03	-7.002	411	2.929	0.606
0.126	6.573e-03	-7.112	389	2.946	0.594
0.126	8.639e-03	-7.220	370	2.963	0.583
0.126	1.140e-02	-7.328	351	2.981	0.571
0.126	1.508e-02	-7.454	329	2.998	0.560
0.126	1.987e-02	-7.573	310	3.014	0.550
0.126	2.611e-02	-7.697	292	3.030	0.540
0.126	3.446e-02	-7.832	272	3.045	0.530
0.126	4.540e-02	-7.972	253	3.059	0.522
0.126	5.967e-02	-8.094	238	3.072	0.514
0.126	7.876e-02	-8.215	224	3.086	0.506
0.126	1.037e-01	-8.334	210	3.099	0.499
0.126	1.364e-01	-8.457	197	3.111	0.491
0.126	1.793e-01	-8.586	185	3.123	0.484
0.126	2.356e-01	-8.718	172	3.135	0.478
0.126	3.073e-01	-8.851	161	3.146	0.472
0.126	4.002e-01	-8.984	150	3.155	0.467
0.126	5.282e-01	-9.128	138	3.165	0.462
0.126	6.958e-01	-9.272	128	3.174	0.457
0.126	9.145e-01	-9.420	118	3.183	0.452
0.126	1.207e+00	-9.572	109	3.191	0.448
0.126	1.596e+00	-9.722	100	3.198	0.445
0.126	2.090e+00	-9.861	93	3.205	0.441
0.126	2.764e+00	-10.005	86	3.211	0.438
0.126	3.648e+00	-10.148	79	3.216	0.435
0.126	4.806e+00	-10.292	73	3.222	0.433
0.189	1.029e-04	-5.047	1077	2.824	0.838
0.189	1.353e-04	-5.206	995	2.846	0.816
0.189	1.786e-04	-5.351	926	2.867	0.797
0.189	2.337e-04	-5.498	861	2.885	0.781
0.189	3.068e-04	-5.641	800	2.902	0.766
0.189	4.032e-04	-5.773	748	2.918	0.752
0.189	5.322e-04	-5.902	701	2.933	0.739
0.189	6.967e-04	-6.024	659	2.947	0.727
0.189	9.197e-04	-6.150	618	2.961	0.715
0.189	1.211e-03	-6.280	578	2.975	0.704
0.189	1.592e-03	-6.399	543	2.988	0.694
0.189	2.093e-03	-6.519	511	3.000	0.684
0.189	2.751e-03	-6.628	483	3.013	0.674
0.189	3.632e-03	-6.756	452	3.025	0.665
0.189	4.803e-03	-6.815	440	3.038	0.655
0.189	6.352e-03	-6.894	424	3.052	0.644
0.189	8.401e-03	-7.002	402	3.067	0.633
0.189	1.100e-02	-7.110	381	3.081	0.623
0.189	1.452e-02	-7.212	362	3.096	0.612
0.189	1.920e-02	-7.335	340	3.111	0.602
0.189	2.513e-02	-7.451	321	3.125	0.592
0.189	3.324e-02	-7.577	301	3.139	0.583
0.189	4.387e-02	-7.709	281	3.153	0.573
0.189	5.743e-02	-7.845	262	3.165	0.565
0.189	7.538e-02	-7.976	244	3.177	0.558
0.189	9.907e-02	-8.094	230	3.189	0.550
0.189	1.308e-01	-8.213	216	3.200	0.543
0.189	1.712e-01	-8.329	203	3.211	0.536
0.189	2.260e-01	-8.458	190	3.223	0.529
0.189	2.958e-01	-8.586	178	3.233	0.523
0.189	3.905e-01	-8.726	165	3.243	0.517
0.189	5.112e-01	-8.862	153	3.252	0.512
0.189	6.748e-01	-9.008	142	3.261	0.506
0.189	8.889e-01	-9.153	131	3.269	0.502
0.189	1.164e+00	-9.301	121	3.277	0.497
0.189	1.524e+00	-9.452	111	3.284	0.493
0.189	2.011e+00	-9.604	102	3.291	0.489
0.189	2.633e+00	-9.747	94	3.297	0.486
0.189	3.482e+00	-9.894	87	3.302	0.483
0.189	4.596e+00	-10.040	80	3.308	0.480
0.262	1.006e-04	-4.706	1277	2.921	0.882
0.262	1.327e-04	-4.883	1172	2.950	0.854
0.262	1.749e-04	-5.060	1073	2.973	0.831
0.262	2.298e-04	-5.212	994	2.993	0.812
0.262	3.033e-04	-5.363	921	3.012	0.795
0.262	3.996e-04	-5.525	848	3.028	0.780
0.262	5.252e-04	-5.665	789	3.043	0.767
0.262	6.932e-04	-5.802	735	3.057	0.755
0.262	9.075e-04	-5.926	689	3.070	0.743
0.262	1.200e-03	-6.060	643	3.083	0.732
0.262	1.584e-03	-6.191	600	3.095	0.722
0.262	2.087e-03	-6.313	563	3.107	0.712
0.262	2.743e-03	-6.435	529	3.118	0.703
0.262	3.577e-03	-6.559	495	3.129	0.694
0.262	4.731e-03	-6.660	470	3.140	0.686
0.262	6.245e-03	-6.746	450	3.152	0.677
0.262	8.259e-03	-6.841	430	3.164	0.667
0.262	1.088e-02	-6.949	407	3.177	0.657
0.262	1.430e-02	-7.051	386	3.189	0.648
0.262	1.891e-02	-7.153	367	3.202	0.638
0.262	2.496e-02	-7.271	345	3.215	0.629
0.262	3.288e-02	-7.386	326	3.228	0.620
0.262	4.321e-02	-7.508	306	3.240	0.611
0.262	5.704e-02	-7.639	286	3.252	0.603
0.262	7.468e-02	-7.774	266	3.263	0.595
0.262	9.801e-02	-7.906	248	3.274	0.588
0.262	1.288e-01	-8.024	233	3.284	0.581
0.262	1.700e-01	-8.143	219	3.295	0.574
0.262	2.240e-01	-8.262	206	3.305	0.567
0.262	2.944e-01	-8.387	193	3.315	0.561
0.262	3.870e-01	-8.516	180	3.325	0.554
0.262	5.068e-01	-8.650	167	3.334	0.549
0.262	6.635e-01	-8.787	155	3.342	0.543
0.262	8.758e-01	-8.932	143	3.350	0.538
0.262	1.147e+00	-9.075	133	3.358	0.534
0.262	1.513e+00	-9.226	122	3.365	0.529
0.262	1.994e+00	-9.381	112	3.372	0.525
0.262	2.620e+00	-9.533	103	3.378	0.522
0.262	3.445e+00	-9.681	95	3.383	0.518
0.262	4.528e+00	-9.827	88	3.388	0.515
0.262	5.953e+00	-9.974	81	3.393	0.512
0.524	1.005e-04	-4.144	1654	3.109	1.005
0.524	1.322e-04	-4.266	1572	3.143	0.966
0.524	1.737e-04	-4.405	1477	3.174	0.932
0.524	2.284e-04	-4.511	1414	3.204	0.901
0.524	3.002e-04	-4.666	1315	3.233	0.871
0.524	3.971e-04	-4.871	1185	3.257	0.848
0.524	5.220e-04	-5.044	1084	3.276	0.829
0.524	6.861e-04	-5.208	996	3.293	0.813
0.524	8.949e-04	-5.374	913	3.307	0.800
0.524	1.184e-03	-5.540	836	3.320	0.788
0.524	1.562e-03	-5.675	779	3.332	0.777
0.524	2.058e-03	-5.816	723	3.343	0.767
0.524	2.705e-03	-5.946	675	3.354	0.758
0.524	3.528e-03	-6.075	630	3.364	0.750
0.524	4.657e-03	-6.208	587	3.373	0.741
0.524	6.096e-03	-6.337	548	3.383	0.733
0.524	8.047e-03	-6.458	513	3.392	0.726
0.524	1.052e-02	-6.571	484	3.400	0.718
0.524	1.383e-02	-6.686	455	3.409	0.711
0.524	1.817e-02	-6.793	430	3.418	0.704
0.524	2.399e-02	-6.888	409	3.428	0.696
0.524	3.140e-02	-6.982	390	3.437	0.689
0.524	4.153e-02	-7.093	368	3.447	0.681
0.524	5.482e-02	-7.200	348	3.457	0.673
0.524	7.221e-02	-7.317	327	3.467	0.665
0.524	9.490e-02	-7.449	305	3.477	0.658
0.524	1.248e-01	-7.579	284	3.486	0.651
0.524	1.640e-01	-7.710	265	3.495	0.644
0.524	2.165e-01	-7.841	247	3.503	0.638
0.524	2.851e-01	-7.957	232	3.512	0.632
0.524	3.748e-01	-8.072	218	3.520	0.626
0.524	4.927e-01	-8.189	205	3.528	0.620
0.524	6.476e-01	-8.313	192	3.537	0.614
0.524	8.548e-01	-8.443	179	3.545	0.609
0.524	1.126e+00	-8.583	166	3.552	0.603
0.524	1.480e+00	-8.723	154	3.559	0.598
0.524	1.930e+00	-8.866	142	3.566	0.594
0.524	2.548e+00	-9.015	131	3.572	0.590
0.524	3.336e+00	-9.166	120	3.578	0.586
0.524	4.378e+00	-9.321	110	3.583	0.582
0.524	5.754e+00	-9.473	101	3.588	0.579
0.524	7.565e+00	-9.621	93	3.592	0.576
0.524	9.943e+00	-9.768	86	3.596	0.573
0.786	1.015e-04	-3.710	2015	3.195	1.115
0.786	1.334e-04	-3.843	1917	3.242	1.056
0.786	1.754e-04	-4.065	1729	3.284	1.006
0.786	2.306e-04	-4.162	1667	3.318	0.968
0.786	3.044e-04	-4.303	1566	3.350	0.932
0.786	3.984e-04	-4.420	1490	3.380	0.901
0.786	5.229e-04	-4.613	1354	3.407	0.873
0.786	6.848e-04	-4.804	1228	3.429	0.852
0.786	9.021e-04	-4.983	1120	3.447	0.834
0.786	1.186e-03	-5.154	1024	3.463	0.819
0.786	1.559e-03	-5.339	927	3.476	0.807
0.786	2.061e-03	-5.487	858	3.488	0.796
0.786	2.709e-03	-5.630	795	3.499	0.786
0.786	3.576e-03	-5.765	740	3.509	0.776
0.786	4.711e-03	-5.905	686	3.519	0.768
0.786	6.192e-03	-6.041	638	3.528	0.760
0.786	8.141e-03	-6.180	592	3.537	0.752
0.786	1.070e-02	-6.306	553	3.545	0.745
0.786	1.412e-02	-6.437	515	3.553	0.738
0.786	1.849e-02	-6.560	482	3.561	0.731
0.786	2.440e-02	-6.681	452	3.569	0.725
0.786	3.227e-02	-6.782	428	3.577	0.718
0.786	4.225e-02	-6.873	408	3.584	0.712
0.786	5.588e-02	-6.979	386	3.593	0.705
0.786	7.346e-02	-7.083	365	3.602	0.698
0.786	9.655e-02	-7.191	345	3.610	0.691
0.786	1.275e-01	-7.318	322	3.619	0.684
0.786	1.668e-01	-7.444	301	3.627	0.678
0.786	2.202e-01	-7.575	281	3.635	0.672
0.786	2.901e-01	-7.707	261	3.643	0.666
0.786	3.813e-01	-7.828	245	3.650	0.660
0.786	4.973e-01	-7.939	230	3.657	0.655
0.786	6.565e-01	-8.056	216	3.665	0.649
0.786	8.594e-01	-8.170	203	3.672	0.644
0.786	1.128e+00	-8.294	190	3.679	0.638
0.786	1.482e+00	-8.423	177	3.686	0.633
0.786	1.957e+00	-8.565	164	3.693	0.628
0.786	2.562e+00	-8.706	152	3.699	0.624
0.786	3.381e+00	-8.856	140	3.705	0.619
0.786	4.427e+00	-9.003	129	3.711	0.615
0.786	5.810e+00	-9.157	118	3.716	0.612
0.786	7.636e+00	-9.315	108	3.721	0.609
0.786	1.000e+01	-9.466	99	3.725	0.606
1.048	1.026e-04	-3.450	2228	3.234	1.230
1.048	1.355e-04	-3.581	2135	3.291	1.152
1.048	1.774e-04	-3.711	2039	3.341	1.088
1.048	2.328e-04	-3.846	1937	3.387	1.031
1.048	3.060e-04	-4.008	1807	3.428	0.984
1.048	4.047e-04	-4.156	1694	3.464	0.944
1.048	5.352e-04	-4.299	1589	3.496	0.910
1.048	7.108e-04	-4.497	1441	3.525	0.880
1.048	9.342e-04	-4.696	1302	3.548	0.858
1.048	1.226e-03	-4.881	1183	3.566	0.840
1.048	1.612e-03	-5.059	1078	3.581	0.825
1.048	2.119e-03	-5.238	979	3.595	0.812
1.048	2.802e-03	-5.390	904	3.607	0.801
1.048	3.683e-03	-5.540	834	3.617	0.792
1.048	4.861e-03	-5.685	772	3.627	0.782
1.048	6.364e-03	-5.823	716	3.637	0.774
1.048	8.416e-03	-5.968	662	3.645	0.766
1.048	1.111e-02	-6.105	615	3.654	0.759
1.048	1.463e-02	-6.239	572	3.662	0.752
1.048	1.923e-02	-6.370	533	3.669	0.746
1.048	2.529e-02	-6.512	493	3.676	0.740
1.048	3.344e-02	-6.638	460	3.683	0.734
1.048	4.423e-02	-6.741	436	3.690	0.728
1.048	5.849e-02	-6.835	414	3.698	0.722
1.048	7.688e-02	-6.935	393	3.705	0.716
1.048	1.015e-01	-7.042	371	3.713	0.709
1.048	1.337e-01	-7.148	351	3.721	0.703
1.048	1.757e-01	-7.272	328	3.728	0.697
1.048	2.319e-01	-7.396	307	3.736	0.691
1.048	3.055e-01	-7.527	286	3.743	0.685
1.048	4.015e-01	-7.655	266	3.750	0.679
1.048	5.237e-01	-7.776	250	3.757	0.674
1.048	6.913e-01	-7.890	235	3.764	0.669
1.048	9.106e-01	-8.005	220	3.771	0.663
1.048	1.197e+00	-8.120	207	3.778	0.658
1.048	1.573e+00	-8.242	194	3.784	0.653
1.048	2.068e+00	-8.370	181	3.791	0.648
1.048	2.730e+00	-8.510	167	3.797	0.643
1.048	3.596e+00	-8.654	155	3.803	0.639
1.048	4.726e+00	-8.803	142	3.809	0.635
1.048	6.214e+00	-8.953	131	3.814	0.631
1.048	8.166e+00	-9.109	120	3.819	0.628
1.571	1.000e-04	-3.130	2450	3.256	1.470
1.571	1.305e-04	-3.226	2404	3.319	1.367
1.571	1.726e-04	-3.331	2348	3.383	1.270
1.571	2.269e-04	-3.447	2273	3.442	1.186
1.571	2.982e-04	-3.578	2175	3.497	1.114
1.571	3.944e-04	-3.714	2071	3.547	1.051
1.571	5.185e-04	-3.857	1957	3.592	0.998
1.571	6.815e-04	-4.020	1823	3.632	0.953
1.571	8.960e-04	-4.185	1691	3.666	0.917
1.571	1.178e-03	-4.349	1565	3.695	0.886
1.571	1.557e-03	-4.550	1414	3.720	0.861
1.571	2.048e-03	-4.751	1274	3.740	0.842
1.571	2.691e-03	-4.940	1153	3.756	0.826
1.571	3.510e-03	-5.106	1056	3.769	0.814
1.571	4.607e-03	-5.270	967	3.781	0.803
1.571	6.055e-03	-5.430	888	3.791	0.793
1.571	7.961e-03	-5.580	819	3.801	0.785
1.571	1.043e-02	-5.724	757	3.810	0.777
1.571	1.365e-02	-5.866	701	3.818	0.770
1.571	1.805e-02	-6.008	649	3.825	0.763
1.571	2.354e-02	-6.141	603	3.832	0.757
1.571	3.108e-02	-6.280	559	3.839	0.751
1.571	4.094e-02	-6.439	512	3.846	0.745
1.571	5.380e-02	-6.559	480	3.852	0.740
1.571	7.074e-02	-6.667	452	3.858	0.735
1.571	9.297e-02	-6.775	427	3.864	0.730
1.571	1.227e-01	-6.876	404	3.870	0.725
1.571	1.617e-01	-6.971	384	3.877	0.719
1.571	2.125e-01	-7.077	363	3.884	0.713
1.571	2.804e-01	-7.200	339	3.891	0.708
1.571	3.671e-01	-7.317	318	3.897	0.702
1.571	4.846e-01	-7.444	297	3.904	0.697
1.571	6.344e-01	-7.568	277	3.910	0.692
1.571	8.374e-01	-7.694	259	3.916	0.687
1.571	1.096e+00	-7.810	243	3.922	0.682
1.571	1.447e+00	-7.925	228	3.929	0.677
1.571	1.906e+00	-8.038	215	3.935	0.673
1.571	2.505e+00	-8.154	202	3.941	0.668
1.571	3.307e+00	-8.281	188	3.947	0.663
1.571	4.329e+00	-8.410	175	3.953	0.659
1.571	5.714e+00	-8.558	161	3.959	0.654
1.571	7.527e+00	-8.705	149	3.964	0.651
1.571	9.893e+00	-8.861	136	3.969	0.647
2.095	1.010e-04	-2.926	2585	3.269	1.671
2.095	1.315e-04	-3.023	2540	3.336	1.548
2.095	1.736e-04	-3.124	2491	3.403	1.433
2.095	2.272e-04	-3.221	2442	3.466	1.333
2.095	2.982e-04	-3.321	2390	3.528	1.241
2.095	3.905e-04	-3.435	2314	3.586	1.160
2.095	5.113e-04	-3.567	2212	3.639	1.091
2.095	6.710e-04	-3.699	2108	3.688	1.032
2.095	8.819e-04	-3.843	1990	3.732	0.981
2.095	1.164e-03	-4.013	1846	3.771	0.938
2.095	1.524e-03	-4.177	1711	3.804	0.903
2.095	2.012e-03	-4.349	1576	3.833	0.873
2.095	2.650e-03	-4.550	1424	3.857	0.850
2.095	3.483e-03	-4.750	1282	3.876	0.832
2.095	4.597e-03	-4.944	1157	3.891	0.817
2.095	6.018e-03	-5.112	1058	3.904	0.805
2.095	7.899e-03	-5.282	966	3.915	0.795
2.095	1.038e-02	-5.441	886	3.925	0.786
2.095	1.354e-02	-5.591	817	3.934	0.778
2.095	1.787e-02	-5.741	753	3.942	0.770
2.095	2.340e-02	-5.883	697	3.950	0.764
2.095	3.071e-02	-6.024	645	3.957	0.757
2.095	4.022e-02	-6.160	599	3.963	0.752
2.095	5.255e-02	-6.321	548	3.969	0.746
2.095	6.855e-02	-6.448	511	3.975	0.742
2.095	9.066e-02	-6.578	476	3.981	0.737
2.095	1.197e-01	-6.703	444	3.986	0.732
2.095	1.576e-01	-6.805	420	3.992	0.727
2.095	2.085e-01	-6.889	402	3.998	0.722
2.095	2.740e-01	-6.992	380	4.004	0.717
2.095	3.617e-01	-7.109	356	4.010	0.712
2.095	4.735e-01	-7.222	335	4.016	0.707
2.095	6.250e-01	-7.345	313	4.022	0.702
2.095	8.181e-01	-7.468	293	4.028	0.697
2.095	1.074e+00	-7.593	273	4.034	0.693
2.095	1.411e+00	-7.715	256	4.040	0.688
2.095	1.863e+00	-7.830	240	4.046	0.684
2.095	2.454e+00	-7.945	226	4.052	0.679
2.095	3.225e+00	-8.057	212	4.057	0.675
2.095	4.257e+00	-8.176	199	4.063	0.670
2.095	5.573e+00	-8.301	186	4.069	0.666
2.095	7.356e+00	-8.440	172	4.074	0.662
2.095	9.690e+00	-8.589	158	4.079	0.658
2.619	1.037e-04	-2.769	2695	3.282	1.842
2.619	1.363e-04	-2.873	2646	3.354	1.696
2.619	1.778e-04	-2.972	2598	3.421	1.570
2.619	2.347e-04	-3.074	2547	3.488	1.452
2.619	3.072e-04	-3.171	2498	3.551	1.350
2.619	4.032e-04	-3.268	2447	3.613	1.257
2.619	5.280e-04	-3.369	2389	3.673	1.174
2.619	6.956e-04	-3.500	2290	3.729	1.100
2.619	9.142e-04	-3.636	2179	3.780	1.038
2.619	1.192e-03	-3.773	2066	3.824	0.986
2.619	1.574e-03	-3.930	1933	3.866	0.940
2.619	2.060e-03	-4.108	1780	3.900	0.904
2.619	2.725e-03	-4.266	1654	3.931	0.873
2.619	3.604e-03	-4.462	1499	3.956	0.847
2.619	4.738e-03	-4.666	1349	3.977	0.827
2.619	6.227e-03	-4.865	1214	3.993	0.812
2.619	8.187e-03	-5.046	1103	4.006	0.800
2.619	1.076e-02	-5.222	1003	4.018	0.789
2.619	1.415e-02	-5.385	918	4.028	0.780
2.619	1.859e-02	-5.544	843	4.037	0.772
2.619	2.454e-02	-5.700	774	4.045	0.765
2.619	3.213e-02	-5.841	716	4.052	0.758
2.619	4.217e-02	-5.985	662	4.059	0.752
2.619	5.543e-02	-6.139	608	4.066	0.747
2.619	7.316e-02	-6.284	562	4.072	0.742
2.619	9.637e-02	-6.423	520	4.078	0.737
2.619	1.267e-01	-6.557	483	4.083	0.732
2.619	1.675e-01	-6.676	452	4.088	0.728
2.619	2.202e-01	-6.778	428	4.094	0.723
2.619	2.884e-01	-6.879	405	4.099	0.719
2.619	3.776e-01	-6.986	382	4.105	0.714
2.619	4.993e-01	-7.093	360	4.110	0.709
2.619	6.591e-01	-7.210	338	4.116	0.705
2.619	8.682e-01	-7.339	315	4.122	0.700
2.619	1.141e+00	-7.460	295	4.128	0.696
2.619	1.506e+00	-7.587	275	4.133	0.691
2.619	1.972e+00	-7.703	258	4.138	0.687
2.619	2.608e+00	-7.817	242	4.144	0.683
2.619	3.429e+00	-7.929	228	4.149	0.678
2.619	4.506e+00	-8.041	214	4.155	0.674
2.619	5.925e+00	-8.156	201	4.160	0.670
2.619	7.787e+00	-8.282	188	4.166	0.666
2.619	1.000e+01	-8.405	175	4.170	0.662
3.143	1.030e-04	-2.657	2747	3.282	2.017
3.143	1.348e-04	-2.738	2735	3.355	1.854
3.143	1.783e-04	-2.844	2683	3.429	1.703
3.143	2.325e-04	-2.943	2634	3.496	1.577
3.143	3.023e-04	-3.039	2586	3.559	1.466
3.143	3.967e-04	-3.138	2535	3.623	1.362
3.143	5.214e-04	-3.236	2482	3.685	1.268
3.143	6.801e-04	-3.332	2429	3.744	1.185
3.143	8.926e-04	-3.454	2341	3.801	1.110
3.143	1.173e-03	-3.590	2230	3.853	1.045
3.143	1.530e-03	-3.726	2117	3.898	0.992
3.143	2.020e-03	-3.874	1991	3.941	0.945
3.143	2.644e-03	-4.051	1837	3.976	0.907
3.143	3.497e-03	-4.209	1707	4.008	0.874
3.143	4.598e-03	-4.396	1556	4.035	0.848
3.143	6.043e-03	-4.601	1400	4.056	0.827
3.143	7.977e-03	-4.809	1255	4.073	0.811
3.143	1.044e-02	-4.991	1139	4.087	0.798
3.143	1.381e-02	-5.175	1032	4.099	0.788
3.143	1.816e-02	-5.340	944	4.109	0.778
3.143	2.378e-02	-5.499	865	4.118	0.770
3.143	3.113e-02	-5.662	792	4.126	0.763
3.143	4.116e-02	-5.803	733	4.133	0.757
3.143	5.444e-02	-5.953	675	4.140	0.751
3.143	7.101e-02	-6.104	621	4.147	0.745
3.143	9.373e-02	-6.244	575	4.153	0.740
3.143	1.235e-01	-6.395	529	4.158	0.735
3.143	1.633e-01	-6.529	491	4.164	0.731
3.143	2.159e-01	-6.650	460	4.169	0.727
3.143	2.838e-01	-6.763	432	4.174	0.722
3.143	3.746e-01	-6.875	406	4.179	0.718
3.143	4.935e-01	-6.979	384	4.185	0.714
3.143	6.486e-01	-7.079	363	4.190	0.709
3.143	8.561e-01	-7.200	340	4.196	0.705
3.143	1.128e+00	-7.331	316	4.201	0.700
3.143	1.482e+00	-7.450	296	4.206	0.696
3.143	1.957e+00	-7.577	276	4.212	0.692
3.143	2.561e+00	-7.688	260	4.217	0.688
3.143	3.381e+00	-7.801	244	4.222	0.684
3.143	4.418e+00	-7.910	230	4.227	0.680
3.143	5.809e+00	-8.021	216	4.232	0.676
3.143	7.635e+00	-8.134	203	4.237	0.671
3.143	1.000e+01	-8.258	190	4.243	0.667
3.666	1.010e-04	-2.573	2774	3.282	2.178
3.666	1.327e-04	-2.646	2772	3.354	2.006
3.666	1.731e-04	-2.718	2769	3.424	1.849
3.666	2.273e-04	-2.819	2723	3.496	1.703
3.666	2.987e-04	-2.921	2672	3.565	1.573
3.666	3.896e-04	-3.018	2622	3.629	1.460
3.666	5.142e-04	-3.119	2569	3.695	1.355
3.666	6.732e-04	-3.217	2515	3.756	1.263
3.666	8.836e-04	-3.316	2459	3.816	1.179
3.666	1.161e-03	-3.431	2379	3.873	1.103
3.666	1.515e-03	-3.562	2272	3.925	1.040
3.666	1.999e-03	-3.705	2152	3.973	0.984
3.666	2.613e-03	-3.845	2033	4.014	0.938
3.666	3.449e-03	-4.022	1877	4.052	0.898
3.666	4.543e-03	-4.181	1744	4.084	0.866
3.666	6.008e-03	-4.375	1584	4.111	0.839
3.666	7.897e-03	-4.580	1425	4.133	0.818
3.666	1.042e-02	-4.787	1278	4.150	0.802
3.666	1.365e-02	-4.973	1157	4.164	0.789
3.666	1.801e-02	-5.159	1047	4.176	0.779
3.666	2.358e-02	-5.324	958	4.186	0.770
3.666	3.113e-02	-5.490	875	4.195	0.762
3.666	4.075e-02	-5.651	801	4.202	0.755
3.666	5.389e-02	-5.798	739	4.210	0.749
3.666	7.113e-02	-5.949	680	4.217	0.743
3.666	9.295e-02	-6.093	628	4.223	0.738
3.666	1.227e-01	-6.239	580	4.229	0.733
3.666	1.616e-01	-6.399	530	4.234	0.728
3.666	2.124e-01	-6.522	496	4.239	0.724
3.666	2.804e-01	-6.653	461	4.244	0.720
3.666	3.671e-01	-6.773	431	4.249	0.716
3.666	4.854e-01	-6.886	405	4.254	0.712
3.666	6.383e-01	-6.977	386	4.259	0.708
3.666	8.441e-01	-7.083	364	4.264	0.703
3.666	1.109e+00	-7.207	340	4.269	0.699
3.666	1.467e+00	-7.335	317	4.275	0.695
3.666	1.937e+00	-7.457	296	4.280	0.691
3.666	2.535e+00	-7.579	277	4.285	0.687
3.666	3.347e+00	-7.691	260	4.290	0.683
3.666	4.408e+00	-7.804	245	4.295	0.679
3.666	5.794e+00	-7.915	230	4.300	0.675
3.666	7.618e+00	-8.024	217	4.305	0.671
3.666	1.000e+01	-8.136	204	4.310	0.667
4.190	1.006e-04	-2.507	2799	3.290	2.308
4.190	1.323e-04	-2.577	2797	3.358	2.134
4.190	1.739e-04	-2.649	2794	3.428	1.968
4.190	2.268e-04	-2.720	2791	3.498	1.816
4.190	2.976e-04	-2.818	2749	3.570	1.673
4.190	3.897e-04	-2.919	2697	3.637	1.547
4.190	5.102e-04	-3.018	2645	3.702	1.436
4.190	6.697e-04	-3.117	2591	3.766	1.334
4.190	8.801e-04	-3.217	2535	3.828	1.243
4.190	1.157e-03	-3.317	2477	3.887	1.160
4.190	1.521e-03	-3.430	2398	3.945	1.086
4.190	2.008e-03	-3.567	2285	3.998	1.021
4.190	2.628e-03	-3.707	2166	4.044	0.968
4.190	3.469e-03	-3.852	2041	4.087	0.922
4.190	4.570e-03	-4.030	1883	4.124	0.884
4.190	6.006e-03	-4.191	1748	4.155	0.852
4.190	7.943e-03	-4.391	1582	4.182	0.826
4.190	1.044e-02	-4.597	1422	4.203	0.806
4.190	1.372e-02	-4.797	1280	4.220	0.791
4.190	1.801e-02	-4.990	1154	4.233	0.779
4.190	2.368e-02	-5.170	1047	4.245	0.769
4.190	3.088e-02	-5.336	957	4.254	0.760
4.190	4.076e-02	-5.523	864	4.263	0.753
4.190	5.391e-02	-5.662	801	4.271	0.746
4.190	7.129e-02	-5.821	734	4.278	0.740
4.190	9.333e-02	-5.967	677	4.285	0.734
4.190	1.225e-01	-6.113	625	4.291	0.729
4.190	1.610e-01	-6.274	571	4.296	0.725
4.190	2.125e-01	-6.410	530	4.301	0.720
4.190	2.799e-01	-6.541	493	4.306	0.716
4.190	3.679e-01	-6.676	457	4.311	0.712
4.190	4.799e-01	-6.788	430	4.316	0.709
4.190	6.299e-01	-6.893	406	4.320	0.705
4.190	8.278e-01	-6.998	383	4.325	0.701
4.190	1.093e+00	-7.104	361	4.330	0.697
4.190	1.445e+00	-7.233	336	4.335	0.693
4.190	1.904e+00	-7.353	315	4.340	0.689
4.190	2.502e+00	-7.472	295	4.345	0.685
4.190	3.303e+00	-7.592	276	4.350	0.681
4.190	4.350e+00	-7.707	259	4.355	0.678
4.190	5.718e+00	-7.820	243	4.359	0.674
4.190	7.517e+00	-7.929	229	4.364	0.670
4.190	9.880e+00	-8.037	216	4.369	0.666
4.714	1.015e-04	-2.451	2827	3.303	2.411
4.714	1.327e-04	-2.521	2819	3.367	2.240
4.714	1.731e-04	-2.588	2816	3.433	2.077
4.714	2.285e-04	-2.660	2814	3.503	1.915
4.714	2.986e-04	-2.731	2812	3.573	1.767
4.714	3.894e-04	-2.829	2767	3.642	1.632
4.714	5.140e-04	-2.933	2712	3.711	1.507
4.714	6.729e-04	-3.032	2658	3.776	1.399
4.714	8.832e-04	-3.132	2602	3.839	1.301
4.714	1.157e-03	-3.230	2545	3.899	1.214
4.714	1.514e-03	-3.328	2487	3.957	1.136
4.714	1.999e-03	-3.444	2405	4.014	1.063
4.714	2.643e-03	-3.583	2288	4.067	1.001
4.714	3.460e-03	-3.721	2169	4.112	0.950
4.714	4.567e-03	-3.871	2039	4.154	0.905
4.714	5.969e-03	-4.036	1892	4.189	0.870
4.714	7.847e-03	-4.206	1746	4.220	0.839
4.714	1.031e-02	-4.405	1581	4.246	0.814
4.714	1.354e-02	-4.611	1420	4.266	0.796
4.714	1.779e-02	-4.809	1279	4.282	0.781
4.714	2.321e-02	-5.004	1152	4.295	0.769
4.714	3.063e-02	-5.185	1045	4.307	0.759
4.714	4.003e-02	-5.355	953	4.316	0.751
4.714	5.221e-02	-5.525	868	4.324	0.744
4.714	6.892e-02	-5.679	798	4.332	0.738
4.714	9.079e-02	-5.837	731	4.339	0.732
4.714	1.189e-01	-5.984	674	4.345	0.726
4.714	1.556e-01	-6.129	622	4.351	0.722
4.714	2.054e-01	-6.286	570	4.356	0.717
4.714	2.717e-01	-6.423	529	4.361	0.713
4.714	3.557e-01	-6.554	492	4.366	0.709
4.714	4.704e-01	-6.695	454	4.371	0.705
4.714	6.221e-01	-6.807	427	4.376	0.701
4.714	8.211e-01	-6.921	401	4.380	0.698
4.714	1.086e+00	-7.031	378	4.385	0.694
4.714	1.422e+00	-7.137	356	4.390	0.690
4.714	1.880e+00	-7.262	332	4.394	0.686
4.714	2.472e+00	-7.381	311	4.399	0.683
4.714	3.249e+00	-7.499	292	4.404	0.679
4.714	4.288e+00	-7.618	273	4.408	0.675
4.714	5.614e+00	-7.730	257	4.413	0.672
4.714	7.410e+00	-7.843	241	4.418	0.668
4.714	9.762e+00	-7.952	227	4.422	0.665
5.238	1.012e-04	-2.401	2854	3.315	2.508
5.238	1.331e-04	-2.470	2845	3.377	2.333
5.238	1.749e-04	-2.540	2836	3.442	2.165
5.238	2.300e-04	-2.609	2834	3.510	2.003
5.238	3.022e-04	-2.679	2832	3.579	1.849
5.238	3.942e-04	-2.752	2827	3.649	1.707
5.238	5.204e-04	-2.857	2772	3.720	1.573
5.238	6.812e-04	-2.957	2718	3.786	1.458
5.238	8.941e-04	-3.057	2662	3.850	1.355
5.238	1.175e-03	-3.157	2604	3.912	1.261
5.238	1.533e-03	-3.253	2548	3.970	1.180
5.238	2.012e-03	-3.352	2487	4.026	1.105
5.238	2.644e-03	-3.468	2399	4.080	1.039
5.238	3.476e-03	-3.597	2291	4.129	0.982
5.238	4.569e-03	-3.732	2174	4.173	0.934
5.238	6.031e-03	-3.880	2043	4.212	0.892
5.238	7.894e-03	-4.033	1907	4.247	0.858
5.238	1.042e-02	-4.215	1749	4.278	0.827
5.238	1.373e-02	-4.417	1580	4.303	0.804
5.238	1.804e-02	-4.630	1414	4.323	0.785
5.238	2.381e-02	-4.836	1268	4.340	0.771
5.238	3.112e-02	-5.031	1142	4.352	0.759
5.238	4.059e-02	-5.209	1037	4.363	0.750
5.238	5.358e-02	-5.393	937	4.373	0.742
5.238	7.002e-02	-5.551	860	4.381	0.735
5.238	9.243e-02	-5.726	781	4.388	0.729
5.238	1.222e-01	-5.884	716	4.395	0.723
5.238	1.600e-01	-6.034	659	4.401	0.718
5.238	2.100e-01	-6.188	605	4.407	0.713
5.238	2.760e-01	-6.329	560	4.412	0.709
5.238	3.623e-01	-6.467	518	4.417	0.705
5.238	4.762e-01	-6.617	477	4.421	0.701
5.238	6.297e-01	-6.735	446	4.426	0.698
5.238	8.328e-01	-6.852	419	4.431	0.694
5.238	1.099e+00	-6.976	391	4.435	0.690
5.238	1.448e+00	-7.073	371	4.440	0.687
5.238	1.903e+00	-7.188	348	4.444	0.683
5.238	2.512e+00	-7.311	325	4.449	0.680
5.238	3.309e+00	-7.428	304	4.453	0.676
5.238	4.349e+00	-7.546	285	4.458	0.672
5.238	5.741e+00	-7.665	267	4.463	0.669
5.238	7.516e+00	-7.779	251	4.467	0.665
5.238	9.864e+00	-7.884	237	4.472	0.662
6.285	1.009e-04	-2.276	2909	3.302	2.787
6.285	1.332e-04	-2.351	2896	3.369	2.582
6.285	1.744e-04	-2.423	2886	3.435	2.393
6.285	2.302e-04	-2.499	2875	3.504	2.209
6.285	3.013e-04	-2.571	2869	3.573	2.041
6.285	3.978e-04	-2.644	2867	3.645	1.878
6.285	5.207e-04	-2.717	2864	3.716	1.730
6.285	6.834e-04	-2.807	2836	3.788	1.592
6.285	8.982e-04	-2.911	2778	3.857	1.471
6.285	1.172e-03	-3.008	2723	3.919	1.370
6.285	1.546e-03	-3.103	2667	3.978	1.280
6.285	2.024e-03	-3.187	2617	4.029	1.207
6.285	2.636e-03	-3.259	2572	4.071	1.149
6.285	3.460e-03	-3.324	2532	4.109	1.101
6.285	4.531e-03	-3.388	2488	4.142	1.060
6.285	5.931e-03	-3.460	2432	4.174	1.021
6.285	7.844e-03	-3.554	2355	4.213	0.977
6.285	1.035e-02	-3.685	2243	4.258	0.927
6.285	1.364e-02	-3.865	2080	4.308	0.876
6.285	1.804e-02	-4.074	1894	4.354	0.830
6.285	2.371e-02	-4.330	1670	4.391	0.795
6.285	3.092e-02	-4.590	1459	4.417	0.772
6.285	4.082e-02	-4.844	1275	4.437	0.754
6.285	5.377e-02	-5.071	1128	4.452	0.742
6.285	7.041e-02	-5.274	1011	4.463	0.732
6.285	9.217e-02	-5.463	912	4.473	0.724
6.285	1.217e-01	-5.659	818	4.481	0.717
6.285	1.609e-01	-5.828	745	4.488	0.712
6.285	2.106e-01	-5.986	683	4.494	0.707
6.285	2.780e-01	-6.140	627	4.500	0.702
6.285	3.640e-01	-6.291	577	4.505	0.698
6.285	4.777e-01	-6.432	533	4.510	0.694
6.285	6.279e-01	-6.593	487	4.515	0.690
6.285	8.303e-01	-6.708	457	4.519	0.686
6.285	1.096e+00	-6.841	424	4.524	0.683
6.285	1.435e+00	-6.960	397	4.528	0.680
6.285	1.898e+00	-7.059	376	4.532	0.676
6.285	2.495e+00	-7.172	354	4.536	0.673
6.285	3.279e+00	-7.297	330	4.541	0.670
6.285	4.311e+00	-7.408	310	4.545	0.666
6.285	5.666e+00	-7.527	290	4.550	0.663
6.285	7.437e+00	-7.644	272	4.554	0.660
6.285	9.774e+00	-7.759	255	4.558	0.656
7.333	1.035e-04	-2.202	2962	3.326	2.930
7.333	1.360e-04	-2.276	2942	3.388	2.726
7.333	1.774e-04	-2.347	2927	3.451	2.537
7.333	2.341e-04	-2.420	2917	3.518	2.349
7.333	3.065e-04	-2.492	2908	3.584	2.176
7.333	4.023e-04	-2.566	2899	3.653	2.011
7.333	5.287e-04	-2.637	2896	3.722	1.856
7.333	6.896e-04	-2.707	2893	3.791	1.715
7.333	9.051e-04	-2.783	2881	3.859	1.586
7.333	1.190e-03	-2.875	2829	3.919	1.479
7.333	1.564e-03	-2.948	2787	3.966	1.401
7.333	2.048e-03	-3.001	2756	4.000	1.349
7.333	2.676e-03	-3.043	2730	4.026	1.308
7.333	3.491e-03	-3.090	2702	4.054	1.266
7.333	4.546e-03	-3.159	2660	4.096	1.207
7.333	6.000e-03	-3.281	2583	4.167	1.112
7.333	7.841e-03	-3.452	2460	4.254	1.006
7.333	1.019e-02	-3.633	2311	4.326	0.926
7.333	1.325e-02	-3.826	2137	4.383	0.868
7.333	1.728e-02	-4.016	1965	4.427	0.824
7.333	2.269e-02	-4.233	1770	4.463	0.791
7.333	2.982e-02	-4.470	1570	4.490	0.766
7.333	3.889e-02	-4.691	1397	4.510	0.749
7.333	5.104e-02	-4.913	1241	4.525	0.736
7.333	6.709e-02	-5.117	1111	4.538	0.726
7.333	8.821e-02	-5.305	1003	4.548	0.717
7.333	1.155e-01	-5.489	906	4.556	0.710
7.333	1.512e-01	-5.659	825	4.564	0.705
7.333	2.000e-01	-5.827	752	4.570	0.699
7.333	2.629e-01	-5.978	692	4.576	0.694
7.333	3.456e-01	-6.128	637	4.582	0.690
7.333	4.543e-01	-6.276	586	4.587	0.686
7.333	5.971e-01	-6.428	539	4.591	0.682
7.333	7.882e-01	-6.570	498	4.596	0.679
7.333	1.042e+00	-6.693	465	4.600	0.676
7.333	1.365e+00	-6.833	430	4.604	0.672
7.333	1.801e+00	-6.944	404	4.608	0.669
7.333	2.373e+00	-7.054	380	4.612	0.666
7.333	3.107e+00	-7.164	358	4.616	0.663
7.333	4.068e+00	-7.286	334	4.620	0.660
7.333	5.369e+00	-7.396	315	4.624	0.657
7.333	7.101e+00	-7.519	294	4.629	0.654
7.333	9.295e+00	-7.630	276	4.633	0.651
8.381	1.003e-04	-2.122	3020	3.338	3.089
8.381	1.318e-04	-2.196	2995	3.398	2.883
8.381	1.733e-04	-2.272	2972	3.459	2.685
8.381	2.278e-04	-2.344	2956	3.523	2.497
8.381	3.007e-04	-2.416	2946	3.589	2.314
8.381	3.936e-04	-2.487	2936	3.654	2.146
8.381	5.166e-04	-2.560	2925	3.720	1.988
8.381	6.790e-04	-2.628	2922	3.786	1.843
8.381	8.928e-04	-2.690	2919	3.847	1.719
8.381	1.173e-03	-2.741	2916	3.896	1.624
8.381	1.543e-03	-2.779	2911	3.931	1.560
8.381	2.020e-03	-2.818	2890	3.957	1.514
8.381	2.640e-03	-2.866	2862	3.988	1.460
8.381	3.471e-03	-2.954	2810	4.044	1.370
8.381	4.545e-03	-3.108	2715	4.139	1.229
8.381	5.967e-03	-3.266	2614	4.231	1.104
8.381	7.812e-03	-3.412	2513	4.308	1.010
8.381	1.033e-02	-3.570	2385	4.376	0.935
8.381	1.358e-02	-3.737	2238	4.432	0.876
8.381	1.785e-02	-3.917	2071	4.478	0.831
8.381	2.356e-02	-4.105	1901	4.517	0.795
8.381	3.079e-02	-4.310	1720	4.547	0.768
8.381	4.049e-02	-4.539	1528	4.571	0.747
8.381	5.321e-02	-4.762	1358	4.588	0.732
8.381	6.941e-02	-4.965	1217	4.602	0.721
8.381	9.162e-02	-5.166	1092	4.614	0.711
8.381	1.197e-01	-5.348	988	4.623	0.704
8.381	1.562e-01	-5.528	895	4.631	0.697
8.381	2.061e-01	-5.703	812	4.638	0.692
8.381	2.699e-01	-5.860	745	4.644	0.687
8.381	3.562e-01	-6.012	684	4.649	0.682
8.381	4.663e-01	-6.161	630	4.655	0.678
8.381	6.155e-01	-6.308	581	4.659	0.674
8.381	8.108e-01	-6.465	532	4.664	0.671
8.381	1.066e+00	-6.591	496	4.668	0.668
8.381	1.407e+00	-6.736	457	4.672	0.665
8.381	1.853e+00	-6.865	425	4.676	0.662
8.381	2.435e+00	-6.976	400	4.680	0.659
8.381	3.215e+00	-7.089	376	4.684	0.656
8.381	4.208e+00	-7.208	352	4.688	0.653
8.381	5.555e+00	-7.320	330	4.692	0.650
8.381	7.272e+00	-7.432	310	4.696	0.647
8.381	9.599e+00	-7.552	290	4.700	0.644
9.428	1.030e-04	-2.064	3076	3.363	3.181
9.428	1.360e-04	-2.142	3043	3.422	2.974
9.428	1.781e-04	-2.215	3017	3.480	2.780
9.428	2.319e-04	-2.287	2995	3.539	2.597
9.428	3.061e-04	-2.359	2980	3.603	2.414
9.428	4.007e-04	-2.428	2970	3.666	2.246
9.428	5.289e-04	-2.498	2960	3.730	2.086
9.428	6.923e-04	-2.561	2950	3.787	1.953
9.428	9.139e-04	-2.612	2945	3.835	1.848
9.428	1.196e-03	-2.645	2944	3.868	1.780
9.428	1.570e-03	-2.671	2943	3.892	1.730
9.428	2.064e-03	-2.703	2941	3.923	1.669
9.428	2.713e-03	-2.763	2937	3.981	1.562
9.428	3.566e-03	-2.924	2851	4.091	1.377
9.428	4.651e-03	-3.081	2753	4.188	1.231
9.428	6.140e-03	-3.225	2661	4.272	1.117
9.428	8.024e-03	-3.351	2578	4.344	1.029
9.428	1.047e-02	-3.488	2471	4.407	0.957
9.428	1.381e-02	-3.633	2351	4.465	0.895
9.428	1.808e-02	-3.794	2204	4.513	0.846
9.428	2.374e-02	-3.965	2046	4.555	0.807
9.428	3.120e-02	-4.155	1871	4.591	0.774
9.428	4.118e-02	-4.366	1685	4.619	0.749
9.428	5.391e-02	-4.586	1503	4.641	0.731
9.428	7.116e-02	-4.809	1334	4.657	0.717
9.428	9.315e-02	-5.016	1194	4.670	0.706
9.428	1.230e-01	-5.212	1073	4.681	0.698
9.428	1.607e-01	-5.400	968	4.690	0.691
9.428	2.113e-01	-5.575	879	4.698	0.685
9.428	2.777e-01	-5.753	796	4.704	0.680
9.428	3.672e-01	-5.908	731	4.710	0.675
9.428	4.847e-01	-6.064	670	4.715	0.671
9.428	6.345e-01	-6.210	618	4.720	0.667
9.428	8.328e-01	-6.367	566	4.725	0.663
9.428	1.095e+00	-6.502	525	4.729	0.660
9.428	1.445e+00	-6.645	485	4.733	0.657
9.428	1.903e+00	-6.790	447	4.737	0.654
9.428	2.517e+00	-6.908	418	4.741	0.651
9.428	3.308e+00	-7.024	392	4.745	0.649
9.428	4.315e+00	-7.132	369	4.748	0.646
9.428	5.663e+00	-7.252	345	4.752	0.643
9.428	7.443e+00	-7.355	326	4.756	0.640
9.428	9.825e+00	-7.480	304	4.760	0.637
10.476	1.042e-04	-2.008	3135	3.385	3.270
10.476	1.363e-04	-2.085	3095	3.440	3.069
10.476	1.800e-04	-2.162	3062	3.498	2.870
10.476	2.356e-04	-2.233	3038	3.556	2.685
10.476	3.068e-04	-2.304	3017	3.614	2.512
10.476	4.049e-04	-2.373	3001	3.675	2.341
10.476	5.301e-04	-2.435	2992	3.732	2.195
10.476	6.997e-04	-2.489	2984	3.780	2.075
10.476	9.160e-04	-2.525	2978	3.814	1.997
10.476	1.209e-03	-2.552	2973	3.838	1.942
10.476	1.580e-03	-2.580	2969	3.863	1.887
10.476	2.078e-03	-2.625	2965	3.906	1.794
10.476	2.731e-03	-2.726	2960	4.003	1.605
10.476	3.604e-03	-2.880	2900	4.122	1.400
10.476	4.748e-03	-3.033	2805	4.217	1.255
10.476	6.217e-03	-3.165	2720	4.296	1.146
10.476	8.125e-03	-3.287	2640	4.366	1.058
10.476	1.068e-02	-3.412	2550	4.431	0.981
10.476	1.399e-02	-3.545	2442	4.489	0.918
10.476	1.831e-02	-3.686	2321	4.541	0.864
10.476	2.404e-02	-3.852	2166	4.587	0.820
10.476	3.159e-02	-4.014	2017	4.626	0.784
10.476	4.146e-02	-4.212	1835	4.659	0.755
10.476	5.449e-02	-4.420	1652	4.685	0.732
10.476	7.193e-02	-4.650	1464	4.705	0.715
10.476	9.416e-02	-4.864	1306	4.720	0.703
10.476	1.243e-01	-5.074	1165	4.733	0.693
10.476	1.627e-01	-5.267	1049	4.743	0.685
10.476	2.136e-01	-5.450	949	4.751	0.679
10.476	2.807e-01	-5.643	852	4.758	0.673
10.476	3.661e-01	-5.796	783	4.764	0.669
10.476	4.833e-01	-5.954	718	4.770	0.664
10.476	6.326e-01	-6.103	660	4.775	0.660
10.476	8.351e-01	-6.256	606	4.780	0.657
10.476	1.091e+00	-6.404	558	4.784	0.653
10.476	1.419e+00	-6.536	519	4.788	0.650
10.476	1.850e+00	-6.681	478	4.792	0.648
10.476	2.443e+00	-6.809	445	4.795	0.645
10.476	3.218e+00	-6.933	415	4.799	0.642
10.476	4.229e+00	-7.046	390	4.803	0.639
10.476	5.582e+00	-7.175	363	4.806	0.637
10.476	7.353e+00	-7.282	342	4.810	0.634
10.476	9.629e+00	-7.392	321	4.814	0.632
11.523	1.027e-04	-1.891	3229	3.362	3.523
11.523	1.355e-04	-1.985	3176	3.426	3.272
11.523	1.774e-04	-2.072	3129	3.488	3.048
11.523	2.328e-04	-2.156	3090	3.549	2.839
11.523	3.060e-04	-2.232	3063	3.611	2.645
11.523	3.991e-04	-2.303	3039	3.669	2.475
11.523	5.189e-04	-2.362	3026	3.719	2.334
11.523	6.810e-04	-2.407	3017	3.760	2.229
11.523	8.951e-04	-2.436	3013	3.786	2.161
11.523	1.167e-03	-2.460	3009	3.808	2.109
11.523	1.532e-03	-2.493	3004	3.838	2.037
11.523	2.014e-03	-2.561	2992	3.899	1.899
11.523	2.592e-03	-2.674	2981	4.006	1.678
11.523	3.428e-03	-2.795	2971	4.120	1.471
11.523	4.525e-03	-2.947	2878	4.217	1.316
11.523	5.923e-03	-3.078	2795	4.297	1.200
11.523	7.713e-03	-3.197	2717	4.367	1.107
11.523	1.018e-02	-3.317	2637	4.435	1.024
11.523	1.333e-02	-3.439	2545	4.496	0.955
11.523	1.759e-02	-3.571	2437	4.553	0.894
11.523	2.299e-02	-3.712	2313	4.603	0.844
11.523	3.023e-02	-3.878	2156	4.647	0.802
11.523	3.973e-02	-4.044	2004	4.685	0.768
11.523	5.244e-02	-4.244	1819	4.717	0.740
11.523	6.865e-02	-4.451	1638	4.742	0.719
11.523	9.079e-02	-4.683	1450	4.762	0.703
11.523	1.194e-01	-4.901	1289	4.776	0.691
11.523	1.569e-01	-5.107	1153	4.788	0.682
11.523	2.063e-01	-5.306	1034	4.798	0.675
11.523	2.711e-01	-5.488	935	4.806	0.668
11.523	3.536e-01	-5.668	846	4.812	0.663
11.523	4.597e-01	-5.819	779	4.818	0.659
11.523	6.033e-01	-5.977	713	4.823	0.655
11.523	7.929e-01	-6.128	655	4.828	0.651
11.523	1.034e+00	-6.280	602	4.833	0.648
11.523	1.365e+00	-6.423	556	4.837	0.644
11.523	1.798e+00	-6.575	511	4.841	0.641
11.523	2.364e+00	-6.712	473	4.845	0.639
11.523	3.108e+00	-6.837	441	4.849	0.636
11.523	4.084e+00	-6.960	412	4.852	0.633
11.523	5.391e+00	-7.096	381	4.856	0.631
11.523	7.102e+00	-7.208	358	4.859	0.628
11.523	9.334e+00	-7.312	338	4.863	0.626
12.047	1.007e-04	-1.852	3267	3.362	3.601
12.047	1.324e-04	-1.946	3211	3.426	3.346
12.047	1.740e-04	-2.036	3161	3.488	3.114
12.047	2.269e-04	-2.120	3118	3.548	2.906
12.047	2.978e-04	-2.197	3087	3.609	2.711
12.047	3.915e-04	-2.269	3062	3.666	2.537
12.047	5.147e-04	-2.328	3044	3.716	2.397
12.047	6.764e-04	-2.369	3035	3.751	2.301
12.047	8.894e-04	-2.396	3029	3.775	2.240
12.047	1.165e-03	-2.420	3025	3.796	2.184
12.047	1.514e-03	-2.456	3019	3.829	2.103
12.047	1.979e-03	-2.535	3006	3.900	1.938
12.047	2.612e-03	-2.665	2990	4.022	1.685
12.047	3.440e-03	-2.779	2980	4.130	1.488
12.047	4.505e-03	-2.915	2908	4.223	1.337
12.047	5.898e-03	-3.045	2825	4.303	1.219
12.047	7.679e-03	-3.164	2747	4.373	1.125
12.047	1.008e-02	-3.280	2670	4.439	1.042
12.047	1.325e-02	-3.397	2588	4.502	0.970
12.047	1.749e-02	-3.529	2479	4.560	0.907
12.047	2.289e-02	-3.660	2368	4.611	0.855
12.047	3.004e-02	-3.820	2219	4.658	0.810
12.047	3.949e-02	-3.982	2069	4.698	0.774
12.047	5.192e-02	-4.169	1894	4.732	0.744
12.047	6.823e-02	-4.369	1715	4.759	0.721
12.047	9.007e-02	-4.601	1519	4.780	0.704
12.047	1.179e-01	-4.821	1351	4.796	0.691
12.047	1.556e-01	-5.035	1203	4.809	0.681
12.047	2.037e-01	-5.234	1079	4.819	0.673
12.047	2.674e-01	-5.420	974	4.828	0.666
12.047	3.502e-01	-5.607	878	4.835	0.661
12.047	4.584e-01	-5.766	804	4.841	0.656
12.047	6.051e-01	-5.930	734	4.847	0.652
12.047	7.921e-01	-6.081	675	4.852	0.648
12.047	1.046e+00	-6.238	618	4.856	0.645
12.047	1.366e+00	-6.380	571	4.861	0.641
12.047	1.782e+00	-6.526	526	4.865	0.638
12.047	2.353e+00	-6.669	486	4.869	0.636
12.047	3.080e+00	-6.794	453	4.872	0.633
12.047	4.065e+00	-6.924	421	4.876	0.630
12.047	5.355e+00	-7.057	391	4.879	0.628
12.047	7.082e+00	-7.179	365	4.883	0.625
12.047	9.308e+00	-7.281	345	4.886	0.623
12.571	1.002e-04	-1.820	3301	3.366	3.663
12.571	1.323e-04	-1.915	3243	3.431	3.400
12.571	1.732e-04	-2.005	3191	3.492	3.166
12.571	2.286e-04	-2.093	3144	3.555	2.947
12.571	2.993e-04	-2.172	3107	3.613	2.755
12.571	3.950e-04	-2.241	3083	3.669	2.584
12.571	5.171e-04	-2.296	3063	3.713	2.456
12.571	6.826e-04	-2.332	3054	3.744	2.371
12.571	8.936e-04	-2.357	3048	3.764	2.315
12.571	1.173e-03	-2.384	3042	3.788	2.253
12.571	1.541e-03	-2.430	3033	3.830	2.147
12.571	2.027e-03	-2.535	3015	3.924	1.925
12.571	2.680e-03	-2.663	2999	4.043	1.680
12.571	3.523e-03	-2.771	2989	4.145	1.493
12.571	4.595e-03	-2.896	2929	4.235	1.347
12.571	6.031e-03	-3.026	2846	4.315	1.228
12.571	7.926e-03	-3.147	2767	4.387	1.130
12.571	1.034e-02	-3.260	2691	4.452	1.049
12.571	1.357e-02	-3.373	2614	4.514	0.977
12.571	1.783e-02	-3.500	2511	4.571	0.914
12.571	2.345e-02	-3.630	2403	4.625	0.860
12.571	3.082e-02	-3.782	2263	4.672	0.814
12.571	4.020e-02	-3.942	2111	4.712	0.777
12.571	5.306e-02	-4.124	1941	4.748	0.746
12.571	6.989e-02	-4.323	1761	4.777	0.721
12.571	9.186e-02	-4.542	1572	4.800	0.703
12.571	1.213e-01	-4.774	1390	4.817	0.689
12.571	1.587e-01	-4.985	1240	4.831	0.678
12.571	2.083e-01	-5.188	1110	4.841	0.670
12.571	2.728e-01	-5.377	1000	4.850	0.663
12.571	3.565e-01	-5.564	902	4.857	0.658
12.571	4.687e-01	-5.730	823	4.864	0.653
12.571	6.161e-01	-5.892	752	4.869	0.649
12.571	8.100e-01	-6.048	690	4.874	0.645
12.571	1.065e+00	-6.201	633	4.879	0.641
12.571	1.389e+00	-6.345	584	4.883	0.638
12.571	1.836e+00	-6.501	536	4.888	0.635
12.571	2.429e+00	-6.644	494	4.892	0.632
12.571	3.193e+00	-6.773	460	4.895	0.630
12.571	4.197e+00	-6.904	427	4.899	0.627
12.571	5.540e+00	-7.040	396	4.902	0.625
12.571	7.326e+00	-7.164	369	4.906	0.622
12.571	9.650e+00	-7.267	349	4.909	0.620
13.095	1.009e-04	-1.792	3331	3.372	3.713
13.095	1.327e-04	-1.886	3273	3.436	3.448
13.095	1.730e-04	-1.976	3219	3.497	3.215
13.095	2.284e-04	-2.064	3172	3.559	2.993
13.095	2.985e-04	-2.144	3131	3.616	2.803
13.095	3.880e-04	-2.208	3106	3.666	2.645
13.095	5.062e-04	-2.258	3088	3.706	2.527
13.095	6.681e-04	-2.292	3075	3.734	2.448
13.095	8.731e-04	-2.317	3067	3.753	2.393
13.095	1.135e-03	-2.344	3061	3.777	2.329
13.095	1.480e-03	-2.395	3049	3.821	2.215
13.095	1.954e-03	-2.508	3029	3.923	1.969
13.095	2.584e-03	-2.635	3009	4.038	1.723
13.095	3.383e-03	-2.739	3000	4.137	1.538
13.095	4.405e-03	-2.847	2969	4.227	1.387
13.095	5.815e-03	-2.980	2884	4.310	1.261
13.095	7.612e-03	-3.100	2806	4.382	1.160
13.095	1.005e-02	-3.218	2727	4.451	1.072
13.095	1.315e-02	-3.329	2652	4.513	0.998
13.095	1.727e-02	-3.448	2561	4.572	0.933
13.095	2.269e-02	-3.576	2456	4.626	0.876
13.095	2.983e-02	-3.717	2331	4.676	0.827
13.095	3.921e-02	-3.880	2176	4.720	0.786
13.095	5.176e-02	-4.048	2020	4.758	0.752
13.095	6.818e-02	-4.244	1836	4.790	0.725
13.095	8.961e-02	-4.455	1651	4.815	0.705
13.095	1.185e-01	-4.687	1460	4.834	0.689
13.095	1.564e-01	-4.910	1296	4.849	0.678
13.095	2.044e-01	-5.113	1160	4.861	0.669
13.095	2.666e-01	-5.307	1043	4.870	0.662
13.095	3.500e-01	-5.493	941	4.878	0.656
13.095	4.599e-01	-5.670	854	4.884	0.651
13.095	6.047e-01	-5.834	779	4.890	0.646
13.095	7.919e-01	-5.992	714	4.896	0.642
13.095	1.037e+00	-6.140	657	4.900	0.639
13.095	1.361e+00	-6.294	603	4.905	0.636
13.095	1.788e+00	-6.444	555	4.909	0.633
13.095	2.361e+00	-6.592	510	4.913	0.630
13.095	3.122e+00	-6.725	474	4.917	0.627
13.095	4.087e+00	-6.857	440	4.920	0.624
13.095	5.394e+00	-6.985	410	4.924	0.622
13.095	7.134e+00	-7.125	378	4.927	0.620
13.095	9.398e+00	-7.229	357	4.930	0.617
13.618	1.025e-04	-1.768	3359	3.379	3.753
13.618	1.345e-04	-1.863	3301	3.444	3.486
13.618	1.768e-04	-1.955	3244	3.506	3.243
13.618	2.325e-04	-2.042	3196	3.567	3.025
13.618	3.055e-04	-2.122	3153	3.623	2.834
13.618	3.985e-04	-2.184	3125	3.670	2.686
13.618	5.260e-04	-2.228	3109	3.705	2.579
13.618	6.886e-04	-2.256	3099	3.728	2.514
13.618	9.038e-04	-2.282	3089	3.748	2.456
13.618	1.188e-03	-2.319	3076	3.778	2.373
13.618	1.562e-03	-2.393	3058	3.842	2.204
13.618	2.053e-03	-2.523	3035	3.958	1.927
13.618	2.677e-03	-2.637	3016	4.061	1.712
13.618	3.534e-03	-2.739	3007	4.159	1.530
13.618	4.627e-03	-2.844	2980	4.247	1.382
13.618	6.072e-03	-2.972	2898	4.327	1.260
13.618	7.952e-03	-3.091	2821	4.399	1.161
13.618	1.039e-02	-3.203	2745	4.464	1.076
13.618	1.355e-02	-3.311	2672	4.525	1.003
13.618	1.779e-02	-3.427	2587	4.584	0.937
13.618	2.338e-02	-3.554	2481	4.639	0.880
13.618	3.074e-02	-3.689	2365	4.690	0.830
13.618	4.040e-02	-3.850	2212	4.735	0.788
13.618	5.312e-02	-4.008	2064	4.774	0.754
13.618	6.982e-02	-4.202	1881	4.806	0.726
13.618	9.233e-02	-4.412	1693	4.833	0.704
13.618	1.214e-01	-4.640	1502	4.853	0.688
13.618	1.596e-01	-4.861	1334	4.869	0.676
13.618	2.098e-01	-5.073	1190	4.881	0.666
13.618	2.757e-01	-5.275	1065	4.891	0.659
13.618	3.596e-01	-5.457	963	4.898	0.653
13.618	4.747e-01	-5.641	870	4.905	0.648
13.618	6.253e-01	-5.808	793	4.912	0.643
13.618	8.218e-01	-5.970	725	4.917	0.639
13.618	1.081e+00	-6.121	666	4.922	0.636
13.618	1.420e+00	-6.275	611	4.926	0.632
13.618	1.852e+00	-6.423	563	4.930	0.629
13.618	2.445e+00	-6.572	518	4.934	0.627
13.618	3.234e+00	-6.705	480	4.938	0.624
13.618	4.233e+00	-6.840	445	4.942	0.621
13.618	5.588e+00	-6.969	414	4.945	0.619
13.618	7.390e+00	-7.113	382	4.948	0.617
13.618	9.773e+00	-7.218	360	4.952	0.614
14.142	1.005e-04	-1.733	3394	3.378	3.829
14.142	1.314e-04	-1.826	3336	3.442	3.559
14.142	1.727e-04	-1.919	3278	3.505	3.310
14.142	2.270e-04	-2.008	3226	3.565	3.087
14.142	2.961e-04	-2.084	3185	3.619	2.901
14.142	3.908e-04	-2.149	3150	3.666	2.750
14.142	5.117e-04	-2.190	3133	3.697	2.654
14.142	6.754e-04	-2.217	3123	3.718	2.590
14.142	8.826e-04	-2.242	3114	3.738	2.530
14.142	1.160e-03	-2.284	3098	3.772	2.435
14.142	1.525e-03	-2.371	3072	3.844	2.239
14.142	1.989e-03	-2.499	3048	3.958	1.965
14.142	2.626e-03	-2.616	3025	4.062	1.742
14.142	3.438e-03	-2.714	3017	4.155	1.566
14.142	4.538e-03	-2.809	3007	4.245	1.412
14.142	5.977e-03	-2.937	2929	4.327	1.284
14.142	7.856e-03	-3.058	2851	4.400	1.181
14.142	1.025e-02	-3.170	2776	4.466	1.095
14.142	1.345e-02	-3.280	2701	4.529	1.018
14.142	1.768e-02	-3.390	2625	4.589	0.950
14.142	2.333e-02	-3.519	2517	4.646	0.890
14.142	3.054e-02	-3.645	2411	4.697	0.839
14.142	4.009e-02	-3.797	2269	4.743	0.795
14.142	5.269e-02	-3.959	2115	4.784	0.759
14.142	6.927e-02	-4.141	1944	4.818	0.730
14.142	9.071e-02	-4.334	1767	4.846	0.707
14.142	1.195e-01	-4.559	1573	4.869	0.689
14.142	1.570e-01	-4.786	1393	4.885	0.675
14.142	2.065e-01	-5.000	1241	4.899	0.665
14.142	2.714e-01	-5.209	1107	4.909	0.657
14.142	3.540e-01	-5.394	1000	4.917	0.651
14.142	4.672e-01	-5.584	901	4.925	0.646
14.142	6.117e-01	-5.749	822	4.931	0.641
14.142	8.028e-01	-5.913	750	4.936	0.637
14.142	1.055e+00	-6.067	688	4.941	0.633
14.142	1.393e+00	-6.225	630	4.946	0.630
14.142	1.823e+00	-6.369	582	4.950	0.627
14.142	2.393e+00	-6.526	532	4.954	0.624
14.142	3.165e+00	-6.660	494	4.958	0.621
14.142	4.159e+00	-6.798	457	4.962	0.619
14.142	5.469e+00	-6.928	425	4.965	0.616
14.142	7.187e+00	-7.079	390	4.968	0.614
14.142	9.487e+00	-7.183	369	4.971	0.612
14.666	1.028e-04	-1.713	3418	3.387	3.860
14.666	1.349e-04	-1.808	3359	3.452	3.583
14.666	1.773e-04	-1.901	3302	3.515	3.333
14.666	2.313e-04	-1.986	3250	3.573	3.118
14.666	3.012e-04	-2.060	3209	3.624	2.939
14.666	3.953e-04	-2.118	3178	3.665	2.803
14.666	5.195e-04	-2.156	3158	3.692	2.717
14.666	6.776e-04	-2.181	3147	3.711	2.659
14.666	8.945e-04	-2.210	3136	3.734	2.590
14.666	1.178e-03	-2.261	3117	3.774	2.472
14.666	1.549e-03	-2.373	3081	3.866	2.224
14.666	2.036e-03	-2.499	3056	3.979	1.954
14.666	2.676e-03	-2.610	3034	4.077	1.744
14.666	3.518e-03	-2.707	3024	4.168	1.571
14.666	4.624e-03	-2.799	3015	4.255	1.422
14.666	6.031e-03	-2.914	2952	4.334	1.298
14.666	7.961e-03	-3.036	2872	4.408	1.192
14.666	1.042e-02	-3.149	2797	4.475	1.103
14.666	1.357e-02	-3.256	2725	4.536	1.028
14.666	1.781e-02	-3.364	2651	4.596	0.960
14.666	2.332e-02	-3.486	2552	4.652	0.900
14.666	3.053e-02	-3.610	2448	4.704	0.848
14.666	4.008e-02	-3.754	2317	4.752	0.802
14.666	5.300e-02	-3.920	2158	4.795	0.763
14.666	6.966e-02	-4.094	1994	4.831	0.732
14.666	9.086e-02	-4.279	1822	4.860	0.708
14.666	1.199e-01	-4.495	1632	4.884	0.689
14.666	1.580e-01	-4.730	1440	4.902	0.674
14.666	2.076e-01	-4.947	1281	4.916	0.664
14.666	2.730e-01	-5.159	1141	4.927	0.655
14.666	3.588e-01	-5.353	1026	4.936	0.649
14.666	4.680e-01	-5.537	927	4.944	0.643
14.666	6.178e-01	-5.710	842	4.950	0.638
14.666	8.137e-01	-5.880	766	4.956	0.634
14.666	1.069e+00	-6.035	703	4.961	0.630
14.666	1.395e+00	-6.186	646	4.966	0.627
14.666	1.841e+00	-6.336	594	4.970	0.624
14.666	2.406e+00	-6.495	543	4.974	0.621
14.666	3.176e+00	-6.627	505	4.978	0.618
14.666	4.158e+00	-6.765	467	4.981	0.616
14.666	5.458e+00	-6.897	434	4.985	0.614
14.666	7.173e+00	-7.056	396	4.988	0.611
14.666	9.486e+00	-7.159	374	4.991	0.609
15.190	1.030e-04	-1.687	3446	3.391	3.913
15.190	1.354e-04	-1.783	3387	3.456	3.628
15.190	1.773e-04	-1.875	3330	3.518	3.378
15.190	2.320e-04	-1.960	3278	3.576	3.160
15.190	3.063e-04	-2.034	3234	3.628	2.979
15.190	4.010e-04	-2.086	3206	3.664	2.857
15.190	5.263e-04	-2.119	3188	3.687	2.781
15.190	6.892e-04	-2.145	3174	3.706	2.723
15.190	9.022e-04	-2.179	3158	3.731	2.646
15.190	1.191e-03	-2.243	3133	3.781	2.497
15.190	1.556e-03	-2.370	3090	3.884	2.217
15.190	2.030e-03	-2.487	3066	3.988	1.968
15.190	2.680e-03	-2.597	3044	4.085	1.760
15.190	3.502e-03	-2.690	3033	4.172	1.592
15.190	4.604e-03	-2.780	3024	4.257	1.444
15.190	6.051e-03	-2.889	2976	4.338	1.315
15.190	8.002e-03	-3.012	2896	4.413	1.205
15.190	1.044e-02	-3.123	2822	4.480	1.117
15.190	1.378e-02	-3.235	2747	4.544	1.037
15.190	1.800e-02	-3.341	2674	4.604	0.968
15.190	2.348e-02	-3.457	2584	4.660	0.908
15.190	3.106e-02	-3.585	2475	4.714	0.853
15.190	4.051e-02	-3.719	2356	4.762	0.807
15.190	5.347e-02	-3.883	2199	4.806	0.767
15.190	6.988e-02	-4.045	2046	4.842	0.735
15.190	9.115e-02	-4.229	1873	4.873	0.710
15.190	1.203e-01	-4.439	1684	4.899	0.689
15.190	1.575e-01	-4.666	1494	4.918	0.674
15.190	2.079e-01	-4.891	1325	4.933	0.662
15.190	2.717e-01	-5.101	1182	4.945	0.654
15.190	3.572e-01	-5.301	1059	4.954	0.647
15.190	4.678e-01	-5.488	955	4.962	0.641
15.190	6.113e-01	-5.660	868	4.968	0.636
15.190	8.038e-01	-5.831	789	4.974	0.632
15.190	1.056e+00	-5.991	722	4.980	0.628
15.190	1.389e+00	-6.145	663	4.984	0.625
15.190	1.825e+00	-6.295	610	4.989	0.621
15.190	2.381e+00	-6.455	557	4.993	0.619
15.190	3.143e+00	-6.588	517	4.997	0.616
15.190	4.114e+00	-6.727	478	5.000	0.613
15.190	5.431e+00	-6.864	443	5.004	0.611
15.190	7.154e+00	-7.025	404	5.007	0.609
15.190	9.402e+00	-7.129	382	5.010	0.607
15.713	1.021e-04	-1.659	3475	3.391	3.976
15.713	1.342e-04	-1.754	3417	3.457	3.685
15.713	1.758e-04	-1.846	3360	3.520	3.431
15.713	2.301e-04	-1.930	3307	3.577	3.212
15.713	3.020e-04	-2.001	3264	3.625	3.038
15.713	3.955e-04	-2.050	3237	3.659	2.923
15.713	5.177e-04	-2.080	3220	3.680	2.852
15.713	6.741e-04	-2.106	3206	3.698	2.792
15.713	8.763e-04	-2.143	3185	3.724	2.710
15.713	1.157e-03	-2.217	3152	3.780	2.542
15.713	1.512e-03	-2.351	3103	3.887	2.249
15.713	1.964e-03	-2.464	3078	3.986	2.006
15.713	2.560e-03	-2.567	3057	4.077	1.806
15.713	3.380e-03	-2.664	3041	4.165	1.631
15.713	4.424e-03	-2.752	3033	4.248	1.483
15.713	5.807e-03	-2.844	3013	4.329	1.351
15.713	7.632e-03	-2.966	2934	4.405	1.239
15.713	1.003e-02	-3.081	2858	4.474	1.143
15.713	1.314e-02	-3.190	2784	4.538	1.062
15.713	1.717e-02	-3.296	2712	4.598	0.991
15.713	2.258e-02	-3.407	2633	4.657	0.926
15.713	2.967e-02	-3.533	2526	4.712	0.870
15.713	3.901e-02	-3.660	2418	4.762	0.820
15.713	5.109e-02	-3.813	2272	4.808	0.779
15.713	6.688e-02	-3.971	2123	4.847	0.744
15.713	8.828e-02	-4.156	1946	4.881	0.715
15.713	1.167e-01	-4.357	1762	4.910	0.692
15.713	1.528e-01	-4.581	1568	4.931	0.676
15.713	2.021e-01	-4.812	1386	4.948	0.663
15.713	2.657e-01	-5.029	1232	4.961	0.653
15.713	3.493e-01	-5.237	1100	4.971	0.645
15.713	4.556e-01	-5.421	994	4.979	0.639
15.713	5.979e-01	-5.602	899	4.986	0.634
15.713	7.859e-01	-5.776	816	4.992	0.630
15.713	1.033e+00	-5.941	744	4.997	0.626
15.713	1.353e+00	-6.092	685	5.002	0.622
15.713	1.768e+00	-6.242	629	5.007	0.619
15.713	2.325e+00	-6.408	574	5.011	0.616
15.713	3.055e+00	-6.542	532	5.015	0.614
15.713	4.033e+00	-6.682	492	5.018	0.611
15.713	5.280e+00	-6.819	456	5.022	0.609
15.713	6.930e+00	-6.963	420	5.025	0.606
15.713	9.165e+00	-7.093	391	5.028	0.604
16.237	1.022e-04	-1.635	3500	3.394	4.028
16.237	1.350e-04	-1.731	3443	3.462	3.728
16.237	1.767e-04	-1.822	3386	3.524	3.471
16.237	2.319e-04	-1.905	3334	3.580	3.252
16.237	3.048e-04	-1.973	3292	3.626	3.086
16.237	4.007e-04	-2.017	3266	3.656	2.981
16.237	5.266e-04	-2.045	3250	3.676	2.914
16.237	6.869e-04	-2.073	3234	3.695	2.849
16.237	9.084e-04	-2.122	3207	3.729	2.740
16.237	1.194e-03	-2.223	3159	3.804	2.515
16.237	1.552e-03	-2.356	3110	3.910	2.225
16.237	2.045e-03	-2.470	3084	4.009	1.985
16.237	2.678e-03	-2.570	3064	4.098	1.792
16.237	3.499e-03	-2.662	3048	4.181	1.629
16.237	4.564e-03	-2.746	3040	4.261	1.486
16.237	5.990e-03	-2.833	3027	4.341	1.355
16.237	7.873e-03	-2.954	2950	4.416	1.243
16.237	1.039e-02	-3.070	2872	4.486	1.146
16.237	1.358e-02	-3.178	2800	4.550	1.065
16.237	1.771e-02	-3.283	2728	4.609	0.994
16.237	2.307e-02	-3.387	2655	4.666	0.931
16.237	3.045e-02	-3.515	2548	4.722	0.873
16.237	3.979e-02	-3.637	2444	4.773	0.824
16.237	5.190e-02	-3.781	2310	4.818	0.782
16.237	6.850e-02	-3.946	2152	4.860	0.746
16.237	8.968e-02	-4.120	1985	4.894	0.717
16.237	1.184e-01	-4.314	1805	4.923	0.693
16.237	1.550e-01	-4.531	1614	4.946	0.675
16.237	2.049e-01	-4.767	1424	4.964	0.661
16.237	2.695e-01	-4.985	1265	4.977	0.651
16.237	3.541e-01	-5.198	1126	4.988	0.643
16.237	4.656e-01	-5.390	1014	4.996	0.637
16.237	6.097e-01	-5.572	916	5.004	0.632
16.237	7.982e-01	-5.745	833	5.010	0.627
16.237	1.039e+00	-5.907	761	5.015	0.623
16.237	1.364e+00	-6.060	699	5.020	0.620
16.237	1.786e+00	-6.213	641	5.024	0.617
16.237	2.338e+00	-6.375	586	5.029	0.614
16.237	3.069e+00	-6.512	542	5.032	0.611
16.237	4.034e+00	-6.649	502	5.036	0.608
16.237	5.335e+00	-6.792	464	5.040	0.606
16.237	7.014e+00	-6.933	428	5.043	0.604
16.237	9.276e+00	-7.071	396	5.046	0.601
16.761	1.038e-04	-1.616	3523	3.401	4.063
16.761	1.363e-04	-1.710	3467	3.467	3.766
16.761	1.784e-04	-1.800	3411	3.528	3.508
16.761	2.336e-04	-1.880	3361	3.583	3.295
16.761	3.083e-04	-1.944	3321	3.626	3.136
16.761	4.036e-04	-1.983	3297	3.652	3.043
16.761	5.298e-04	-2.010	3280	3.671	2.978
16.761	6.963e-04	-2.042	3261	3.693	2.903
16.761	9.191e-04	-2.101	3229	3.734	2.769
16.761	1.203e-03	-2.224	3167	3.823	2.499
16.761	1.579e-03	-2.357	3117	3.929	2.211
16.761	2.075e-03	-2.466	3092	4.023	1.984
16.761	2.707e-03	-2.561	3072	4.108	1.800
16.761	3.553e-03	-2.653	3055	4.190	1.637
16.761	4.670e-03	-2.738	3047	4.271	1.492
16.761	6.091e-03	-2.820	3039	4.348	1.366
16.761	8.040e-03	-2.938	2967	4.424	1.250
16.761	1.059e-02	-3.054	2890	4.494	1.154
16.761	1.387e-02	-3.162	2818	4.558	1.071
16.761	1.812e-02	-3.267	2746	4.619	0.999
16.761	2.364e-02	-3.371	2673	4.676	0.936
16.761	3.103e-02	-3.494	2572	4.732	0.878
16.761	4.063e-02	-3.617	2467	4.783	0.828
16.761	5.319e-02	-3.758	2338	4.830	0.784
16.761	6.981e-02	-3.919	2183	4.871	0.748
16.761	9.175e-02	-4.090	2019	4.907	0.717
16.761	1.206e-01	-4.277	1844	4.937	0.693
16.761	1.585e-01	-4.490	1655	4.961	0.674
16.761	2.093e-01	-4.730	1457	4.980	0.660
16.761	2.740e-01	-4.945	1297	4.994	0.649
16.761	3.596e-01	-5.161	1152	5.004	0.641
16.761	4.726e-01	-5.356	1036	5.013	0.635
16.761	6.164e-01	-5.538	936	5.020	0.629
16.761	8.091e-01	-5.713	850	5.027	0.625
16.761	1.063e+00	-5.883	773	5.032	0.621
16.761	1.398e+00	-6.039	709	5.038	0.617
16.761	1.831e+00	-6.192	651	5.042	0.614
16.761	2.397e+00	-6.353	595	5.046	0.611
16.761	3.146e+00	-6.493	550	5.050	0.608
16.761	4.134e+00	-6.630	509	5.054	0.606
16.761	5.468e+00	-6.773	470	5.057	0.603
16.761	7.189e+00	-6.913	434	5.061	0.601
16.761	9.448e+00	-7.051	402	5.064	0.599
17.285	1.013e-04	-1.585	3552	3.397	4.144
17.285	1.330e-04	-1.678	3497	3.463	3.839
17.285	1.742e-04	-1.767	3443	3.525	3.575
17.285	2.280e-04	-1.847	3393	3.579	3.360
17.285	3.010e-04	-1.908	3354	3.620	3.204
17.285	3.933e-04	-1.945	3331	3.645	3.113
17.285	5.130e-04	-1.972	3314	3.663	3.049
17.285	6.733e-04	-2.006	3293	3.686	2.970
17.285	8.850e-04	-2.068	3257	3.729	2.826
17.285	1.154e-03	-2.199	3186	3.822	2.541
17.285	1.524e-03	-2.334	3133	3.928	2.249
17.285	1.995e-03	-2.441	3103	4.018	2.027
17.285	2.633e-03	-2.539	3084	4.105	1.834
17.285	3.447e-03	-2.630	3064	4.186	1.671
17.285	4.524e-03	-2.714	3056	4.265	1.526
17.285	5.946e-03	-2.797	3048	4.343	1.395
17.285	7.755e-03	-2.898	3001	4.417	1.280
17.285	1.024e-02	-3.016	2923	4.489	1.179
17.285	1.340e-02	-3.124	2850	4.554	1.094
17.285	1.769e-02	-3.234	2776	4.617	1.017
17.285	2.316e-02	-3.339	2703	4.676	0.950
17.285	3.015e-02	-3.452	2614	4.731	0.892
17.285	3.980e-02	-3.579	2505	4.785	0.838
17.285	5.201e-02	-3.710	2389	4.833	0.793
17.285	6.866e-02	-3.872	2233	4.877	0.754
17.285	9.044e-02	-4.036	2077	4.915	0.722
17.285	1.189e-01	-4.221	1901	4.947	0.696
17.285	1.563e-01	-4.425	1715	4.973	0.675
17.285	2.054e-01	-4.660	1516	4.993	0.660
17.285	2.711e-01	-4.886	1343	5.008	0.649
17.285	3.543e-01	-5.101	1194	5.019	0.640
17.285	4.658e-01	-5.302	1070	5.029	0.633
17.285	6.122e-01	-5.493	962	5.037	0.628
17.285	8.050e-01	-5.670	872	5.043	0.623
17.285	1.058e+00	-5.842	793	5.049	0.619
17.285	1.380e+00	-5.997	727	5.054	0.615
17.285	1.811e+00	-6.153	667	5.059	0.612
17.285	2.380e+00	-6.310	611	5.063	0.609
17.285	3.105e+00	-6.455	563	5.067	0.606
17.285	4.106e+00	-6.595	520	5.071	0.603
17.285	5.420e+00	-6.739	480	5.074	0.601
17.285	7.095e+00	-6.871	446	5.077	0.599
17.285	9.313e+00	-7.018	410	5.081	0.596
17.809	1.001e-04	-1.558	3578	3.396	4.212
17.809	1.321e-04	-1.653	3523	3.464	3.894
17.809	1.729e-04	-1.741	3470	3.525	3.628
17.809	2.270e-04	-1.819	3421	3.579	3.412
17.809	2.983e-04	-1.875	3385	3.617	3.265
17.809	3.922e-04	-1.910	3363	3.640	3.178
17.809	5.136e-04	-1.938	3346	3.659	3.111
17.809	6.765e-04	-1.977	3321	3.685	3.019
17.809	8.891e-04	-2.053	3275	3.737	2.844
17.809	1.174e-03	-2.202	3193	3.842	2.520
17.809	1.552e-03	-2.332	3141	3.944	2.242
17.809	2.041e-03	-2.438	3111	4.032	2.024
17.809	2.682e-03	-2.532	3092	4.116	1.838
17.809	3.526e-03	-2.623	3072	4.196	1.676
17.809	4.635e-03	-2.707	3062	4.274	1.532
17.809	6.094e-03	-2.789	3055	4.352	1.401
17.809	8.009e-03	-2.888	3015	4.428	1.284
17.809	1.045e-02	-3.000	2940	4.497	1.186
17.809	1.379e-02	-3.112	2866	4.564	1.097
17.809	1.805e-02	-3.218	2793	4.626	1.022
17.809	2.350e-02	-3.321	2722	4.684	0.956
17.809	3.085e-02	-3.434	2635	4.740	0.896
17.809	4.055e-02	-3.560	2528	4.794	0.842
17.809	5.331e-02	-3.689	2414	4.844	0.795
17.809	7.006e-02	-3.847	2262	4.888	0.756
17.809	9.212e-02	-4.003	2114	4.927	0.723
17.809	1.211e-01	-4.190	1935	4.959	0.696
17.809	1.601e-01	-4.394	1747	4.987	0.674
17.809	2.113e-01	-4.631	1543	5.008	0.658
17.809	2.784e-01	-4.857	1367	5.024	0.647
17.809	3.646e-01	-5.075	1215	5.035	0.638
17.809	4.773e-01	-5.275	1088	5.045	0.631
17.809	6.214e-01	-5.462	981	5.053	0.625
17.809	8.203e-01	-5.643	888	5.060	0.620
17.809	1.072e+00	-5.813	808	5.065	0.616
17.809	1.415e+00	-5.978	737	5.071	0.612
17.809	1.864e+00	-6.137	674	5.075	0.609
17.809	2.450e+00	-6.292	618	5.080	0.606
17.809	3.234e+00	-6.445	567	5.084	0.603
17.809	4.260e+00	-6.584	525	5.087	0.601
17.809	5.598e+00	-6.725	485	5.091	0.598
17.809	7.302e+00	-6.857	450	5.094	0.596
17.809	9.639e+00	-7.006	414	5.097	0.594
18.332	1.032e-04	-1.548	3593	3.405	4.226
18.332	1.360e-04	-1.641	3541	3.473	3.911
18.332	1.787e-04	-1.727	3489	3.534	3.645
18.332	2.350e-04	-1.800	3444	3.584	3.441
18.332	3.088e-04	-1.849	3412	3.617	3.312
18.332	4.028e-04	-1.880	3393	3.638	3.235
18.332	5.237e-04	-1.907	3375	3.656	3.166
18.332	6.873e-04	-1.953	3347	3.687	3.058
18.332	9.034e-04	-2.049	3287	3.752	2.836
18.332	1.192e-03	-2.206	3199	3.862	2.498
18.332	1.571e-03	-2.328	3150	3.958	2.238
18.332	2.064e-03	-2.432	3119	4.043	2.027
18.332	2.714e-03	-2.524	3100	4.125	1.846
18.332	3.567e-03	-2.614	3080	4.204	1.686
18.332	4.653e-03	-2.695	3069	4.278	1.547
18.332	6.142e-03	-2.777	3062	4.356	1.415
18.332	8.026e-03	-2.865	3037	4.430	1.299
18.332	1.047e-02	-2.978	2962	4.500	1.199
18.332	1.382e-02	-3.090	2887	4.568	1.109
18.332	1.806e-02	-3.196	2815	4.629	1.033
18.332	2.356e-02	-3.299	2743	4.688	0.965
18.332	3.092e-02	-3.407	2664	4.745	0.904
18.332	4.089e-02	-3.536	2554	4.801	0.848
18.332	5.374e-02	-3.662	2445	4.851	0.800
18.332	7.009e-02	-3.810	2304	4.895	0.760
18.332	9.270e-02	-3.971	2149	4.936	0.725
18.332	1.209e-01	-4.147	1980	4.969	0.698
18.332	1.596e-01	-4.344	1797	4.998	0.676
18.332	2.089e-01	-4.568	1600	5.020	0.659
18.332	2.763e-01	-4.800	1413	5.037	0.646
18.332	3.604e-01	-5.017	1257	5.049	0.637
18.332	4.757e-01	-5.230	1118	5.060	0.629
18.332	6.217e-01	-5.420	1007	5.068	0.623
18.332	8.174e-01	-5.603	910	5.075	0.618
18.332	1.074e+00	-5.779	825	5.081	0.614
18.332	1.418e+00	-5.947	752	5.086	0.610
18.332	1.868e+00	-6.106	688	5.091	0.607
18.332	2.455e+00	-6.258	632	5.096	0.604
18.332	3.241e+00	-6.416	578	5.100	0.601
18.332	4.242e+00	-6.554	535	5.103	0.598
18.332	5.600e+00	-6.697	494	5.107	0.596
18.332	7.377e+00	-6.833	457	5.110	0.594
18.332	9.695e+00	-6.981	421	5.113	0.591
18.856	1.003e-04	-1.519	3617	3.400	4.314
18.856	1.308e-04	-1.606	3571	3.465	4.001
18.856	1.727e-04	-1.694	3520	3.528	3.723
18.856	2.261e-04	-1.764	3477	3.577	3.518
18.856	2.985e-04	-1.814	3445	3.611	3.384
18.856	3.907e-04	-1.844	3426	3.631	3.306
18.856	5.128e-04	-1.874	3407	3.651	3.230
18.856	6.740e-04	-1.923	3375	3.684	3.109
18.856	8.896e-04	-2.035	3305	3.759	2.852
18.856	1.163e-03	-2.188	3217	3.865	2.525
18.856	1.529e-03	-2.308	3166	3.958	2.270
18.856	2.009e-03	-2.411	3131	4.042	2.060
18.856	2.641e-03	-2.503	3110	4.122	1.878
18.856	3.471e-03	-2.591	3091	4.200	1.718
18.856	4.564e-03	-2.676	3077	4.276	1.574
18.856	5.999e-03	-2.755	3070	4.351	1.442
18.856	7.824e-03	-2.833	3061	4.425	1.325
18.856	1.027e-02	-2.947	2989	4.497	1.219
18.856	1.350e-02	-3.058	2915	4.565	1.128
18.856	1.775e-02	-3.166	2842	4.629	1.048
18.856	2.332e-02	-3.273	2768	4.690	0.977
18.856	3.042e-02	-3.377	2694	4.746	0.916
18.856	4.016e-02	-3.502	2589	4.802	0.858
18.856	5.290e-02	-3.627	2481	4.854	0.809
18.856	6.927e-02	-3.767	2351	4.900	0.767
18.856	9.125e-02	-3.930	2193	4.942	0.731
18.856	1.199e-01	-4.102	2027	4.978	0.701
18.856	1.583e-01	-4.292	1849	5.008	0.677
18.856	2.069e-01	-4.505	1658	5.031	0.659
18.856	2.731e-01	-4.741	1462	5.049	0.646
18.856	3.575e-01	-4.961	1299	5.063	0.636
18.856	4.692e-01	-5.175	1155	5.074	0.628
18.856	6.144e-01	-5.370	1038	5.082	0.622
18.856	8.043e-01	-5.554	937	5.089	0.617
18.856	1.064e+00	-5.737	847	5.096	0.612
18.856	1.399e+00	-5.907	770	5.101	0.608
18.856	1.838e+00	-6.065	705	5.106	0.605
18.856	2.426e+00	-6.219	647	5.111	0.602
18.856	3.196e+00	-6.378	592	5.115	0.599
18.856	4.200e+00	-6.521	546	5.119	0.596
18.856	5.523e+00	-6.663	505	5.122	0.594
18.856	7.258e+00	-6.798	468	5.126	0.591
18.856	9.581e+00	-6.948	430	5.129	0.589
19.380	1.013e-04	-1.502	3634	3.404	4.353
19.380	1.321e-04	-1.588	3592	3.469	4.039
19.380	1.747e-04	-1.674	3541	3.531	3.761
19.380	2.297e-04	-1.741	3501	3.578	3.562
19.380	3.019e-04	-1.785	3474	3.608	3.442
19.380	3.938e-04	-1.813	3456	3.627	3.367
19.380	5.198e-04	-1.846	3434	3.649	3.281
19.380	6.847e-04	-1.905	3396	3.689	3.134
19.380	8.998e-04	-2.038	3312	3.778	2.829
19.380	1.195e-03	-2.192	3222	3.885	2.503
19.380	1.571e-03	-2.308	3174	3.974	2.259
19.380	2.065e-03	-2.409	3139	4.056	2.055
19.380	2.714e-03	-2.499	3117	4.134	1.878
19.380	3.569e-03	-2.586	3098	4.211	1.719
19.380	4.674e-03	-2.669	3083	4.285	1.579
19.380	6.118e-03	-2.747	3076	4.359	1.450
19.380	7.966e-03	-2.824	3068	4.431	1.334
19.380	1.046e-02	-2.932	3006	4.504	1.227
19.380	1.369e-02	-3.042	2933	4.571	1.136
19.380	1.792e-02	-3.148	2861	4.634	1.056
19.380	2.353e-02	-3.255	2787	4.695	0.985
19.380	3.092e-02	-3.361	2712	4.754	0.920
19.380	4.033e-02	-3.477	2616	4.808	0.865
19.380	5.323e-02	-3.604	2506	4.860	0.814
19.380	6.969e-02	-3.738	2384	4.908	0.771
19.380	9.199e-02	-3.901	2226	4.951	0.733
19.380	1.204e-01	-4.065	2068	4.987	0.703
19.380	1.593e-01	-4.252	1891	5.019	0.678
19.380	2.102e-01	-4.465	1698	5.044	0.659
19.380	2.769e-01	-4.704	1495	5.063	0.645
19.380	3.640e-01	-4.928	1326	5.077	0.634
19.380	4.747e-01	-5.140	1180	5.088	0.626
19.380	6.231e-01	-5.340	1058	5.097	0.620
19.380	8.189e-01	-5.529	953	5.105	0.614
19.380	1.068e+00	-5.705	864	5.111	0.610
19.380	1.410e+00	-5.879	784	5.116	0.606
19.380	1.857e+00	-6.040	717	5.121	0.603
19.380	2.441e+00	-6.193	658	5.126	0.599
19.380	3.209e+00	-6.350	603	5.130	0.597
19.380	4.218e+00	-6.497	555	5.134	0.594
19.380	5.546e+00	-6.637	513	5.138	0.592
19.380	7.289e+00	-6.773	475	5.141	0.589
19.380	9.621e+00	-6.922	437	5.144	0.587
19.904	1.010e-04	-1.483	3653	3.405	4.407
19.904	1.322e-04	-1.568	3612	3.471	4.086
19.904	1.746e-04	-1.651	3565	3.531	3.811
19.904	2.285e-04	-1.714	3528	3.575	3.621
19.904	3.016e-04	-1.755	3503	3.604	3.504
19.904	3.949e-04	-1.783	3485	3.623	3.428
19.904	5.183e-04	-1.818	3463	3.647	3.335
19.904	6.811e-04	-1.885	3419	3.692	3.166
19.904	8.991e-04	-2.035	3323	3.792	2.822
19.904	1.175e-03	-2.176	3239	3.890	2.522
19.904	1.545e-03	-2.291	3187	3.977	2.282
19.904	2.023e-03	-2.391	3150	4.056	2.082
19.904	2.644e-03	-2.480	3127	4.131	1.909
19.904	3.476e-03	-2.565	3109	4.207	1.750
19.904	4.568e-03	-2.650	3090	4.281	1.606
19.904	5.959e-03	-2.726	3083	4.353	1.479
19.904	7.865e-03	-2.806	3075	4.429	1.355
19.904	1.028e-02	-2.903	3032	4.501	1.248
19.904	1.351e-02	-3.015	2958	4.570	1.152
19.904	1.776e-02	-3.123	2884	4.635	1.069
19.904	2.317e-02	-3.227	2812	4.695	0.998
19.904	3.041e-02	-3.333	2737	4.754	0.932
19.904	3.996e-02	-3.448	2647	4.810	0.874
19.904	5.254e-02	-3.573	2539	4.863	0.822
19.904	6.906e-02	-3.704	2422	4.912	0.777
19.904	9.079e-02	-3.861	2270	4.956	0.739
19.904	1.193e-01	-4.019	2118	4.994	0.707
19.904	1.569e-01	-4.202	1942	5.027	0.681
19.904	2.062e-01	-4.404	1756	5.053	0.661
19.904	2.722e-01	-4.641	1550	5.074	0.645
19.904	3.585e-01	-4.869	1372	5.090	0.634
19.904	4.712e-01	-5.090	1216	5.101	0.625
19.904	6.196e-01	-5.296	1086	5.111	0.618
19.904	8.113e-01	-5.486	978	5.119	0.613
19.904	1.062e+00	-5.667	884	5.125	0.608
19.904	1.394e+00	-5.840	803	5.131	0.604
19.904	1.832e+00	-6.002	734	5.136	0.601
19.904	2.418e+00	-6.158	672	5.140	0.597
19.904	3.166e+00	-6.313	617	5.145	0.595
19.904	4.155e+00	-6.463	567	5.148	0.592
19.904	5.461e+00	-6.602	524	5.152	0.589
19.904	7.222e+00	-6.741	485	5.156	0.587
19.904	9.496e+00	-6.888	447	5.159	0.585
20.428	1.027e-04	-1.469	3669	3.410	4.437
20.428	1.350e-04	-1.555	3627	3.476	4.112
20.428	1.774e-04	-1.633	3586	3.534	3.847
20.428	2.332e-04	-1.692	3551	3.576	3.667
20.428	3.066e-04	-1.728	3529	3.601	3.562
20.428	4.015e-04	-1.755	3512	3.620	3.484
20.428	5.289e-04	-1.795	3487	3.648	3.375
20.428	6.951e-04	-1.878	3433	3.704	3.165
20.428	9.176e-04	-2.041	3328	3.812	2.794
20.428	1.201e-03	-2.177	3247	3.906	2.508
20.428	1.586e-03	-2.291	3195	3.991	2.273
20.428	2.072e-03	-2.388	3157	4.068	2.080
20.428	2.724e-03	-2.477	3133	4.144	1.906
20.428	3.580e-03	-2.562	3115	4.218	1.750
20.428	4.670e-03	-2.643	3097	4.290	1.612
20.428	6.130e-03	-2.721	3089	4.363	1.482
20.428	8.056e-03	-2.799	3081	4.437	1.361
20.428	1.051e-02	-2.890	3047	4.508	1.253
20.428	1.379e-02	-3.002	2973	4.577	1.158
20.428	1.813e-02	-3.110	2899	4.642	1.074
20.428	2.364e-02	-3.215	2827	4.703	1.002
20.428	3.103e-02	-3.320	2752	4.762	0.936
20.428	4.034e-02	-3.427	2671	4.816	0.879
20.428	5.283e-02	-3.551	2563	4.869	0.827
20.428	6.916e-02	-3.676	2453	4.918	0.782
20.428	9.005e-02	-3.823	2312	4.961	0.744
20.428	1.189e-01	-3.981	2160	5.001	0.710
20.428	1.566e-01	-4.164	1982	5.035	0.683
20.428	2.058e-01	-4.360	1800	5.063	0.662
20.428	2.706e-01	-4.587	1599	5.085	0.645
20.428	3.556e-01	-4.817	1414	5.102	0.633
20.428	4.694e-01	-5.044	1250	5.114	0.624
20.428	6.145e-01	-5.250	1116	5.124	0.617
20.428	8.065e-01	-5.446	1002	5.132	0.611
20.428	1.060e+00	-5.630	905	5.139	0.606
20.428	1.383e+00	-5.801	823	5.145	0.602
20.428	1.797e+00	-5.961	753	5.150	0.599
20.428	2.359e+00	-6.116	690	5.154	0.596
20.428	3.100e+00	-6.273	632	5.159	0.593
20.428	4.044e+00	-6.420	582	5.163	0.590
20.428	5.308e+00	-6.560	538	5.166	0.588
20.428	6.950e+00	-6.695	499	5.170	0.585
20.428	9.099e+00	-6.837	461	5.173	0.583
20.951	1.039e-04	-1.455	3684	3.414	4.473
20.951	1.371e-04	-1.541	3643	3.481	4.143
20.951	1.795e-04	-1.613	3607	3.536	3.889
20.951	2.369e-04	-1.668	3574	3.575	3.718
20.951	3.101e-04	-1.701	3555	3.598	3.621
20.951	4.038e-04	-1.728	3539	3.617	3.541
20.951	5.249e-04	-1.770	3513	3.646	3.426
20.951	6.824e-04	-1.857	3456	3.705	3.200
20.951	8.956e-04	-2.020	3349	3.813	2.824
20.951	1.177e-03	-2.158	3266	3.907	2.535
20.951	1.554e-03	-2.272	3209	3.992	2.300
20.951	2.034e-03	-2.371	3168	4.068	2.107
20.951	2.670e-03	-2.460	3143	4.142	1.934
20.951	3.509e-03	-2.543	3125	4.216	1.777
20.951	4.577e-03	-2.624	3107	4.287	1.638
20.951	5.959e-03	-2.700	3096	4.357	1.511
20.951	7.822e-03	-2.777	3089	4.430	1.389
20.951	1.028e-02	-2.859	3073	4.503	1.276
20.951	1.357e-02	-2.974	2998	4.575	1.175
20.951	1.776e-02	-3.082	2925	4.640	1.091
20.951	2.331e-02	-3.189	2851	4.702	1.015
20.951	3.064e-02	-3.295	2776	4.762	0.947
20.951	3.997e-02	-3.399	2700	4.818	0.888
20.951	5.276e-02	-3.526	2590	4.873	0.834
20.951	6.906e-02	-3.650	2482	4.923	0.787
20.951	9.116e-02	-3.797	2343	4.970	0.746
20.951	1.201e-01	-3.957	2187	5.010	0.712
20.951	1.578e-01	-4.134	2015	5.045	0.684
20.951	2.083e-01	-4.328	1833	5.074	0.662
20.951	2.727e-01	-4.547	1637	5.097	0.645
20.951	3.607e-01	-4.783	1444	5.114	0.632
20.951	4.742e-01	-5.008	1278	5.128	0.622
20.951	6.233e-01	-5.221	1137	5.138	0.615
20.951	8.195e-01	-5.421	1018	5.146	0.609
20.951	1.077e+00	-5.606	919	5.153	0.604
20.951	1.405e+00	-5.778	835	5.159	0.600
20.951	1.858e+00	-5.951	758	5.164	0.596
20.951	2.443e+00	-6.107	695	5.169	0.593
20.951	3.210e+00	-6.263	637	5.173	0.590
20.951	4.187e+00	-6.412	586	5.177	0.588
20.951	5.527e+00	-6.555	541	5.181	0.585
20.951	7.310e+00	-6.695	500	5.184	0.583
20.951	9.569e+00	-6.837	462	5.188	0.581
23.046	1.002e-04	-1.361	3753	3.393	4.804
23.046	1.322e-04	-1.445	3722	3.464	4.432
23.046	1.731e-04	-1.515	3691	3.519	4.159
23.046	2.285e-04	-1.562	3669	3.555	3.988
23.046	2.991e-04	-1.591	3655	3.577	3.889
23.046	3.925e-04	-1.622	3638	3.601	3.784
23.046	5.159e-04	-1.683	3602	3.644	3.600
23.046	6.810e-04	-1.827	3511	3.744	3.210
23.046	9.006e-04	-1.986	3405	3.849	2.843
23.046	1.179e-03	-2.114	3323	3.935	2.576
23.046	1.535e-03	-2.223	3258	4.010	2.362
23.046	2.026e-03	-2.322	3214	4.085	2.167
23.046	2.648e-03	-2.410	3180	4.155	1.999
23.046	3.482e-03	-2.493	3157	4.225	1.844
23.046	4.576e-03	-2.573	3140	4.296	1.700
23.046	6.016e-03	-2.654	3122	4.367	1.567
23.046	7.907e-03	-2.730	3113	4.438	1.444
23.046	1.040e-02	-2.806	3106	4.510	1.329
23.046	1.361e-02	-2.894	3076	4.581	1.224
23.046	1.782e-02	-3.004	3002	4.649	1.132
23.046	2.352e-02	-3.115	2926	4.715	1.050
23.046	3.074e-02	-3.219	2852	4.775	0.979
23.046	4.010e-02	-3.322	2778	4.832	0.917
23.046	5.293e-02	-3.436	2690	4.890	0.858
23.046	6.929e-02	-3.560	2581	4.942	0.808
23.046	9.146e-02	-3.690	2465	4.992	0.763
23.046	1.195e-01	-3.838	2320	5.036	0.725
23.046	1.572e-01	-3.992	2172	5.075	0.693
23.046	2.065e-01	-4.175	1994	5.108	0.667
23.046	2.726e-01	-4.373	1807	5.136	0.646
23.046	3.569e-01	-4.597	1609	5.158	0.630
23.046	4.711e-01	-4.832	1418	5.174	0.618
23.046	6.167e-01	-5.054	1257	5.186	0.610
23.046	8.095e-01	-5.267	1118	5.196	0.603
23.046	1.064e+00	-5.463	1004	5.204	0.597
23.046	1.399e+00	-5.650	904	5.211	0.593
23.046	1.838e+00	-5.831	818	5.216	0.589
23.046	2.427e+00	-5.995	746	5.222	0.586
23.046	3.177e+00	-6.147	685	5.226	0.583
23.046	4.169e+00	-6.301	629	5.230	0.580
23.046	5.480e+00	-6.453	578	5.234	0.577
23.046	7.233e+00	-6.595	533	5.238	0.575
23.046	9.566e+00	-6.739	492	5.241	0.573
25.142	1.012e-04	-1.303	3801	3.395	5.010
25.142	1.320e-04	-1.378	3778	3.460	4.649
25.142	1.742e-04	-1.439	3756	3.511	4.385
25.142	2.281e-04	-1.474	3742	3.540	4.240
25.142	2.994e-04	-1.501	3731	3.561	4.135
25.142	3.935e-04	-1.541	3712	3.592	3.991
25.142	5.173e-04	-1.630	3667	3.660	3.690
25.142	6.799e-04	-1.795	3565	3.776	3.230
25.142	8.939e-04	-1.940	3467	3.872	2.892
25.142	1.175e-03	-2.066	3381	3.955	2.629
25.142	1.545e-03	-2.177	3312	4.030	2.410
25.142	2.030e-03	-2.277	3257	4.101	2.222
25.142	2.669e-03	-2.367	3218	4.170	2.052
25.142	3.508e-03	-2.451	3189	4.238	1.898
25.142	4.613e-03	-2.529	3170	4.306	1.754
25.142	6.062e-03	-2.608	3153	4.375	1.620
25.142	7.971e-03	-2.686	3136	4.445	1.496
25.142	1.048e-02	-2.761	3129	4.515	1.379
25.142	1.366e-02	-2.833	3124	4.585	1.273
25.142	1.804e-02	-2.935	3072	4.657	1.171
25.142	2.361e-02	-3.044	2997	4.723	1.086
25.142	3.117e-02	-3.153	2920	4.787	1.008
25.142	4.073e-02	-3.258	2845	4.847	0.942
25.142	5.312e-02	-3.361	2769	4.903	0.882
25.142	6.917e-02	-3.475	2675	4.957	0.830
25.142	9.131e-02	-3.602	2562	5.009	0.781
25.142	1.195e-01	-3.732	2443	5.057	0.740
25.142	1.569e-01	-3.887	2290	5.099	0.704
25.142	2.062e-01	-4.051	2130	5.137	0.674
25.142	2.727e-01	-4.232	1954	5.169	0.650
25.142	3.599e-01	-4.439	1762	5.196	0.630
25.142	4.712e-01	-4.670	1560	5.215	0.616
25.142	6.220e-01	-4.904	1376	5.231	0.605
25.142	8.142e-01	-5.129	1217	5.242	0.597
25.142	1.075e+00	-5.342	1081	5.251	0.591
25.142	1.407e+00	-5.534	972	5.258	0.586
25.142	1.857e+00	-5.722	876	5.265	0.582
25.142	2.456e+00	-5.901	793	5.270	0.578
25.142	3.215e+00	-6.056	727	5.275	0.575
25.142	4.220e+00	-6.207	668	5.279	0.572
25.142	5.547e+00	-6.370	610	5.283	0.570
25.142	7.321e+00	-6.516	562	5.287	0.567
25.142	9.644e+00	-6.658	519	5.290	0.565
27.237	1.039e-04	-1.252	3844	3.399	5.190
27.237	1.364e-04	-1.324	3822	3.461	4.834
27.237	1.793e-04	-1.372	3807	3.502	4.610
27.237	2.357e-04	-1.400	3799	3.526	4.481
27.237	3.086e-04	-1.429	3789	3.551	4.357
27.237	4.040e-04	-1.483	3769	3.595	4.141
27.237	5.333e-04	-1.619	3704	3.701	3.666
27.237	7.053e-04	-1.775	3608	3.812	3.226
27.237	9.233e-04	-1.909	3517	3.901	2.911
27.237	1.202e-03	-2.026	3436	3.978	2.664
27.237	1.587e-03	-2.139	3361	4.053	2.446
27.237	2.074e-03	-2.239	3299	4.120	2.262
27.237	2.727e-03	-2.329	3257	4.187	2.094
27.237	3.571e-03	-2.413	3220	4.253	1.942
27.237	4.674e-03	-2.492	3197	4.318	1.802
27.237	6.135e-03	-2.567	3180	4.385	1.668
27.237	8.063e-03	-2.645	3162	4.453	1.542
27.237	1.052e-02	-2.719	3151	4.520	1.428
27.237	1.388e-02	-2.793	3146	4.591	1.315
27.237	1.817e-02	-2.868	3137	4.662	1.212
27.237	2.403e-02	-2.983	3060	4.733	1.117
27.237	3.173e-02	-3.094	2982	4.799	1.035
27.237	4.146e-02	-3.199	2907	4.860	0.965
27.237	5.408e-02	-3.302	2831	4.918	0.903
27.237	7.041e-02	-3.405	2754	4.973	0.848
27.237	9.295e-02	-3.532	2642	5.028	0.796
27.237	1.215e-01	-3.654	2533	5.077	0.752
27.237	1.579e-01	-3.789	2405	5.121	0.715
27.237	2.060e-01	-3.943	2252	5.161	0.683
27.237	2.703e-01	-4.113	2084	5.196	0.656
27.237	3.553e-01	-4.295	1909	5.226	0.633
27.237	4.690e-01	-4.509	1712	5.251	0.616
27.237	6.178e-01	-4.751	1505	5.269	0.603
27.237	8.119e-01	-4.983	1328	5.283	0.593
27.237	1.059e+00	-5.202	1177	5.293	0.586
27.237	1.398e+00	-5.409	1050	5.302	0.580
27.237	1.841e+00	-5.603	943	5.309	0.576
27.237	2.420e+00	-5.789	850	5.314	0.572
27.237	3.195e+00	-5.958	773	5.320	0.569
27.237	4.182e+00	-6.112	710	5.324	0.566
27.237	5.520e+00	-6.273	648	5.328	0.563
27.237	7.272e+00	-6.425	596	5.332	0.560
27.237	9.522e+00	-6.569	549	5.336	0.558
29.332	1.026e-04	-1.198	3878	3.392	5.432
29.332	1.349e-04	-1.261	3867	3.450	5.076
29.332	1.773e-04	-1.303	3854	3.487	4.866
29.332	2.330e-04	-1.330	3847	3.510	4.737
29.332	3.040e-04	-1.362	3837	3.538	4.588
29.332	4.012e-04	-1.433	3816	3.599	4.279
29.332	5.285e-04	-1.582	3750	3.719	3.728
29.332	6.946e-04	-1.726	3668	3.823	3.304
29.332	9.169e-04	-1.858	3580	3.914	2.978
29.332	1.200e-03	-1.977	3497	3.992	2.722
29.332	1.584e-03	-2.091	3417	4.065	2.501
29.332	2.074e-03	-2.192	3351	4.132	2.315
29.332	2.722e-03	-2.286	3296	4.198	2.147
29.332	3.578e-03	-2.371	3258	4.263	1.992
29.332	4.667e-03	-2.450	3228	4.326	1.853
29.332	6.160e-03	-2.529	3206	4.393	1.716
29.332	8.065e-03	-2.604	3189	4.458	1.590
29.332	1.065e-02	-2.682	3172	4.527	1.469
29.332	1.394e-02	-2.753	3166	4.595	1.358
29.332	1.839e-02	-2.828	3160	4.667	1.251
29.332	2.408e-02	-2.918	3124	4.737	1.154
29.332	3.135e-02	-3.026	3049	4.803	1.070
29.332	4.139e-02	-3.136	2971	4.868	0.993
29.332	5.418e-02	-3.242	2894	4.927	0.927
29.332	7.111e-02	-3.348	2815	4.985	0.867
29.332	9.312e-02	-3.460	2725	5.041	0.814
29.332	1.219e-01	-3.583	2614	5.092	0.767
29.332	1.609e-01	-3.715	2492	5.141	0.725
29.332	2.120e-01	-3.868	2341	5.185	0.689
29.332	2.786e-01	-4.026	2185	5.224	0.659
29.332	3.634e-01	-4.196	2019	5.256	0.635
29.332	4.806e-01	-4.394	1830	5.284	0.615
29.332	6.344e-01	-4.629	1619	5.305	0.600
29.332	8.304e-01	-4.862	1428	5.321	0.589
29.332	1.090e+00	-5.094	1258	5.333	0.581
29.332	1.432e+00	-5.309	1118	5.342	0.575
29.332	1.868e+00	-5.507	1002	5.350	0.570
29.332	2.466e+00	-5.699	900	5.356	0.566
29.332	3.249e+00	-5.876	815	5.362	0.562
29.332	4.270e+00	-6.037	745	5.366	0.559
29.332	5.614e+00	-6.194	683	5.371	0.556
29.332	7.352e+00	-6.347	626	5.375	0.554
29.332	9.624e+00	-6.498	576	5.378	0.552
31.427	1.015e-04	-1.148	3904	3.384	5.671
31.427	1.334e-04	-1.206	3898	3.439	5.324
31.427	1.754e-04	-1.240	3895	3.472	5.125
31.427	2.305e-04	-1.266	3890	3.496	4.988
31.427	3.030e-04	-1.305	3880	3.530	4.796
31.427	3.983e-04	-1.396	3853	3.609	4.377
31.427	5.195e-04	-1.540	3799	3.728	3.816
31.427	6.754e-04	-1.670	3730	3.827	3.405
31.427	8.864e-04	-1.798	3648	3.916	3.075
31.427	1.165e-03	-1.917	3564	3.995	2.806
31.427	1.520e-03	-2.027	3486	4.066	2.587
31.427	2.006e-03	-2.134	3411	4.135	2.388
31.427	2.626e-03	-2.231	3349	4.200	2.217
31.427	3.446e-03	-2.319	3301	4.263	2.061
31.427	4.530e-03	-2.403	3263	4.327	1.915
31.427	5.955e-03	-2.482	3236	4.392	1.778
31.427	7.799e-03	-2.557	3217	4.456	1.651
31.427	1.021e-02	-2.631	3200	4.522	1.531
31.427	1.348e-02	-2.708	3186	4.590	1.414
31.427	1.764e-02	-2.779	3181	4.659	1.307
31.427	2.329e-02	-2.854	3175	4.731	1.203
31.427	3.067e-02	-2.957	3117	4.802	1.109
31.427	4.032e-02	-3.068	3038	4.868	1.028
31.427	5.291e-02	-3.175	2960	4.930	0.956
31.427	6.929e-02	-3.280	2882	4.989	0.894
31.427	9.055e-02	-3.384	2805	5.045	0.838
31.427	1.181e-01	-3.501	2704	5.099	0.788
31.427	1.559e-01	-3.627	2590	5.150	0.742
31.427	2.054e-01	-3.763	2461	5.198	0.703
31.427	2.699e-01	-3.918	2306	5.239	0.670
31.427	3.521e-01	-4.079	2146	5.275	0.643
31.427	4.647e-01	-4.257	1973	5.307	0.620
31.427	6.122e-01	-4.463	1779	5.333	0.602
31.427	8.046e-01	-4.699	1570	5.352	0.588
31.427	1.062e+00	-4.941	1378	5.367	0.578
31.427	1.388e+00	-5.165	1219	5.378	0.571
31.427	1.810e+00	-5.370	1088	5.387	0.565
31.427	2.376e+00	-5.568	975	5.394	0.561
31.427	3.123e+00	-5.757	877	5.400	0.557
31.427	4.106e+00	-5.929	797	5.405	0.554
31.427	5.377e+00	-6.085	730	5.409	0.551
31.427	7.038e+00	-6.240	670	5.413	0.548
31.427	9.238e+00	-6.398	613	5.417	0.546
34.570	1.043e-04	-1.088	3941	3.381	5.967
34.570	1.371e-04	-1.135	3936	3.427	5.663
34.570	1.802e-04	-1.163	3933	3.453	5.491
34.570	2.350e-04	-1.190	3931	3.479	5.333
34.570	3.102e-04	-1.241	3926	3.528	5.038
34.570	4.061e-04	-1.367	3897	3.641	4.424
34.570	5.360e-04	-1.505	3850	3.758	3.869
34.570	7.061e-04	-1.632	3788	3.856	3.453
34.570	9.280e-04	-1.752	3715	3.943	3.125
34.570	1.210e-03	-1.865	3638	4.019	2.862
34.570	1.598e-03	-1.978	3555	4.093	2.630
34.570	2.092e-03	-2.083	3479	4.160	2.435
34.570	2.761e-03	-2.184	3409	4.226	2.257
34.570	3.608e-03	-2.276	3351	4.287	2.102
34.570	4.744e-03	-2.360	3310	4.350	1.956
34.570	6.212e-03	-2.441	3273	4.412	1.821
34.570	8.132e-03	-2.517	3249	4.475	1.694
34.570	1.073e-02	-2.591	3233	4.541	1.570
34.570	1.405e-02	-2.665	3218	4.607	1.456
34.570	1.844e-02	-2.739	3207	4.674	1.347
34.570	2.424e-02	-2.811	3201	4.744	1.243
34.570	3.162e-02	-2.885	3192	4.813	1.148
34.570	4.174e-02	-2.999	3113	4.883	1.059
34.570	5.464e-02	-3.107	3035	4.947	0.984
34.570	7.171e-02	-3.214	2956	5.008	0.917
34.570	9.391e-02	-3.318	2878	5.066	0.858
34.570	1.229e-01	-3.423	2798	5.122	0.805
34.570	1.623e-01	-3.550	2682	5.176	0.756
34.570	2.124e-01	-3.673	2570	5.224	0.715
34.570	2.809e-01	-3.818	2428	5.270	0.678
34.570	3.694e-01	-3.970	2276	5.310	0.648
34.570	4.837e-01	-4.138	2108	5.344	0.623
34.570	6.372e-01	-4.320	1930	5.374	0.602
34.570	8.374e-01	-4.532	1733	5.398	0.586
34.570	1.105e+00	-4.777	1520	5.416	0.573
34.570	1.447e+00	-5.014	1337	5.429	0.565
34.570	1.910e+00	-5.242	1180	5.440	0.558
34.570	2.496e+00	-5.449	1051	5.448	0.553
34.570	3.282e+00	-5.644	943	5.454	0.549
34.570	4.313e+00	-5.828	851	5.460	0.545
34.570	5.671e+00	-5.993	776	5.464	0.542
34.570	7.427e+00	-6.147	712	5.469	0.540
34.570	9.722e+00	-6.306	652	5.473	0.537
36.665	1.003e-04	-1.037	3965	3.367	6.250
36.665	1.319e-04	-1.083	3960	3.411	5.939
36.665	1.733e-04	-1.111	3958	3.437	5.762
36.665	2.261e-04	-1.138	3955	3.463	5.590
36.665	2.984e-04	-1.194	3950	3.517	5.258
36.665	3.931e-04	-1.321	3933	3.637	4.579
36.665	5.166e-04	-1.454	3892	3.751	4.014
36.665	6.793e-04	-1.576	3840	3.850	3.582
36.665	8.895e-04	-1.691	3778	3.937	3.241
36.665	1.164e-03	-1.805	3702	4.016	2.960
36.665	1.528e-03	-1.916	3622	4.089	2.720
36.665	2.009e-03	-2.024	3543	4.158	2.513
36.665	2.641e-03	-2.127	3468	4.224	2.330
36.665	3.471e-03	-2.222	3403	4.287	2.167
36.665	4.564e-03	-2.313	3348	4.349	2.017
36.665	5.998e-03	-2.395	3310	4.411	1.878
36.665	7.823e-03	-2.473	3279	4.472	1.751
36.665	1.033e-02	-2.549	3257	4.537	1.625
36.665	1.352e-02	-2.621	3243	4.601	1.508
36.665	1.784e-02	-2.698	3226	4.669	1.395
36.665	2.336e-02	-2.769	3219	4.737	1.291
36.665	3.084e-02	-2.844	3213	4.808	1.189
36.665	4.037e-02	-2.933	3177	4.878	1.097
36.665	5.298e-02	-3.044	3097	4.944	1.016
36.665	6.963e-02	-3.153	3017	5.008	0.945
36.665	9.082e-02	-3.256	2940	5.066	0.883
36.665	1.183e-01	-3.358	2864	5.122	0.828
36.665	1.561e-01	-3.472	2769	5.178	0.777
36.665	2.040e-01	-3.594	2657	5.228	0.733
36.665	2.682e-01	-3.721	2538	5.275	0.694
36.665	3.525e-01	-3.867	2392	5.318	0.661
36.665	4.635e-01	-4.020	2239	5.356	0.633
36.665	6.069e-01	-4.185	2073	5.389	0.609
36.665	7.995e-01	-4.372	1893	5.417	0.590
36.665	1.051e+00	-4.595	1687	5.439	0.575
36.665	1.387e+00	-4.843	1476	5.456	0.564
36.665	1.816e+00	-5.077	1300	5.469	0.556
36.665	2.383e+00	-5.299	1150	5.478	0.550
36.665	3.132e+00	-5.508	1024	5.486	0.545
36.665	4.085e+00	-5.695	923	5.492	0.541
36.665	5.362e+00	-5.872	836	5.497	0.538
36.665	7.022e+00	-6.031	764	5.501	0.535
36.665	9.192e+00	-6.181	703	5.506	0.533
39.807	1.007e-04	-0.980	3990	3.356	6.588
39.807	1.323e-04	-1.018	3991	3.395	6.306
39.807	1.726e-04	-1.042	3991	3.419	6.133
39.807	2.278e-04	-1.076	3988	3.451	5.908
39.807	2.982e-04	-1.149	3982	3.522	5.448
39.807	3.944e-04	-1.284	3971	3.652	4.690
39.807	5.186e-04	-1.410	3937	3.762	4.128
39.807	6.816e-04	-1.525	3895	3.860	3.692
39.807	8.961e-04	-1.638	3839	3.947	3.337
39.807	1.178e-03	-1.749	3773	4.028	3.042
39.807	1.536e-03	-1.856	3698	4.100	2.799
39.807	2.028e-03	-1.965	3616	4.171	2.579
39.807	2.650e-03	-2.067	3540	4.236	2.394
39.807	3.456e-03	-2.163	3470	4.297	2.230
39.807	4.562e-03	-2.258	3407	4.360	2.074
39.807	5.973e-03	-2.344	3358	4.421	1.935
39.807	7.839e-03	-2.425	3319	4.482	1.803
39.807	1.030e-02	-2.502	3292	4.545	1.678
39.807	1.355e-02	-2.576	3274	4.609	1.558
39.807	1.780e-02	-2.650	3259	4.674	1.445
39.807	2.341e-02	-2.725	3243	4.742	1.337
39.807	3.076e-02	-2.797	3237	4.810	1.236
39.807	4.013e-02	-2.869	3230	4.878	1.142
39.807	5.267e-02	-2.969	3174	4.948	1.054
39.807	6.922e-02	-3.079	3094	5.014	0.978
39.807	9.085e-02	-3.186	3015	5.075	0.911
39.807	1.194e-01	-3.291	2936	5.134	0.851
39.807	1.570e-01	-3.395	2856	5.191	0.798
39.807	2.056e-01	-3.510	2755	5.243	0.751
39.807	2.691e-01	-3.627	2647	5.291	0.711
39.807	3.552e-01	-3.755	2525	5.336	0.674
39.807	4.679e-01	-3.901	2376	5.377	0.644
39.807	6.150e-01	-4.051	2224	5.412	0.618
39.807	8.118e-01	-4.215	2061	5.444	0.596
39.807	1.074e+00	-4.405	1877	5.472	0.577
39.807	1.414e+00	-4.634	1666	5.494	0.563
39.807	1.859e+00	-4.883	1457	5.510	0.552
39.807	2.444e+00	-5.117	1282	5.522	0.545
39.807	3.200e+00	-5.338	1135	5.530	0.539
39.807	4.189e+00	-5.539	1015	5.537	0.535
39.807	5.530e+00	-5.734	910	5.543	0.531
39.807	7.239e+00	-5.901	829	5.548	0.528
39.807	9.556e+00	-6.058	759	5.553	0.526
41.903	1.020e-04	-0.945	4006	3.351	6.803
41.903	1.336e-04	-0.979	4006	3.384	6.546
41.903	1.753e-04	-1.003	4006	3.409	6.363
41.903	2.304e-04	-1.040	4006	3.446	6.097
41.903	3.029e-04	-1.133	4001	3.537	5.494
41.903	4.006e-04	-1.267	3990	3.665	4.737
41.903	5.265e-04	-1.386	3964	3.773	4.183
41.903	6.867e-04	-1.496	3927	3.866	3.758
41.903	9.013e-04	-1.604	3878	3.953	3.400
41.903	1.185e-03	-1.712	3817	4.034	3.098
41.903	1.564e-03	-1.824	3740	4.110	2.838
41.903	2.047e-03	-1.929	3663	4.180	2.621
41.903	2.702e-03	-2.036	3582	4.247	2.425
41.903	3.531e-03	-2.134	3509	4.309	2.257
41.903	4.606e-03	-2.226	3446	4.370	2.105
41.903	6.079e-03	-2.318	3387	4.432	1.960
41.903	7.958e-03	-2.398	3347	4.492	1.829
41.903	1.051e-02	-2.479	3314	4.555	1.701
41.903	1.384e-02	-2.554	3293	4.618	1.581
41.903	1.819e-02	-2.627	3277	4.683	1.467
41.903	2.391e-02	-2.702	3260	4.750	1.359
41.903	3.143e-02	-2.775	3252	4.818	1.257
41.903	4.132e-02	-2.848	3245	4.887	1.160
41.903	5.411e-02	-2.934	3215	4.957	1.071
41.903	7.071e-02	-3.043	3135	5.023	0.993
41.903	9.297e-02	-3.150	3056	5.086	0.923
41.903	1.222e-01	-3.255	2977	5.145	0.862
41.903	1.594e-01	-3.355	2900	5.200	0.810
41.903	2.075e-01	-3.457	2818	5.251	0.763
41.903	2.739e-01	-3.576	2708	5.301	0.721
41.903	3.586e-01	-3.688	2603	5.345	0.685
41.903	4.743e-01	-3.820	2472	5.387	0.653
41.903	6.235e-01	-3.959	2330	5.423	0.626
41.903	8.195e-01	-4.110	2176	5.455	0.603
41.903	1.082e+00	-4.272	2016	5.485	0.583
41.903	1.425e+00	-4.465	1831	5.510	0.566
41.903	1.885e+00	-4.709	1610	5.531	0.553
41.903	2.477e+00	-4.955	1409	5.546	0.544
41.903	3.231e+00	-5.179	1246	5.556	0.537
41.903	4.264e+00	-5.402	1101	5.565	0.532
41.903	5.582e+00	-5.592	991	5.571	0.528
41.903	7.369e+00	-5.780	892	5.576	0.525
41.903	9.630e+00	-5.937	817	5.581	0.522
45.045	1.008e-04	-0.891	4026	3.337	7.168
45.045	1.325e-04	-0.921	4028	3.368	6.920
45.045	1.729e-04	-0.946	4028	3.392	6.724
45.045	2.282e-04	-0.990	4029	3.437	6.391
45.045	2.987e-04	-1.096	4029	3.543	5.657
45.045	3.943e-04	-1.224	4019	3.667	4.903
45.045	5.162e-04	-1.335	4006	3.772	4.345
45.045	6.775e-04	-1.445	3971	3.867	3.894
45.045	8.904e-04	-1.550	3932	3.955	3.520
45.045	1.171e-03	-1.656	3877	4.036	3.204
45.045	1.539e-03	-1.762	3812	4.113	2.935
45.045	2.007e-03	-1.865	3738	4.182	2.709
45.045	2.634e-03	-1.970	3660	4.250	2.506
45.045	3.449e-03	-2.070	3583	4.314	2.328
45.045	4.508e-03	-2.167	3511	4.375	2.170
45.045	5.880e-03	-2.257	3449	4.434	2.026
45.045	7.761e-03	-2.347	3393	4.496	1.888
45.045	1.016e-02	-2.426	3357	4.556	1.762
45.045	1.333e-02	-2.503	3328	4.617	1.641
45.045	1.753e-02	-2.576	3308	4.681	1.526
45.045	2.304e-02	-2.650	3292	4.746	1.415
45.045	3.028e-02	-2.726	3274	4.813	1.311
45.045	3.950e-02	-2.796	3268	4.879	1.215
45.045	5.214e-02	-2.870	3261	4.949	1.120
45.045	6.814e-02	-2.963	3215	5.018	1.035
45.045	8.959e-02	-3.072	3135	5.083	0.960
45.045	1.177e-01	-3.177	3056	5.144	0.895
45.045	1.536e-01	-3.276	2981	5.200	0.839
45.045	2.000e-01	-3.371	2908	5.251	0.791
45.045	2.640e-01	-3.472	2825	5.301	0.747
45.045	3.450e-01	-3.575	2728	5.345	0.710
45.045	4.535e-01	-3.676	2634	5.384	0.679
45.045	5.961e-01	-3.783	2528	5.420	0.651
45.045	7.775e-01	-3.897	2409	5.451	0.629
45.045	1.026e+00	-4.013	2292	5.480	0.608
45.045	1.357e+00	-4.146	2156	5.507	0.589
45.045	1.788e+00	-4.297	2008	5.534	0.572
45.045	2.350e+00	-4.484	1828	5.558	0.556
45.045	3.084e+00	-4.731	1604	5.578	0.543
45.045	4.009e+00	-4.966	1412	5.592	0.535
45.045	5.250e+00	-5.194	1246	5.602	0.528
45.045	6.873e+00	-5.402	1110	5.610	0.524
45.045	9.073e+00	-5.582	1004	5.616	0.520
47.140	1.007e-04	-0.858	4037	3.328	7.406
47.140	1.315e-04	-0.885	4039	3.357	7.169
47.140	1.716e-04	-0.910	4041	3.382	6.959
47.140	2.265e-04	-0.959	4043	3.432	6.576
47.140	2.965e-04	-1.073	4045	3.546	5.764
47.140	3.914e-04	-1.198	4037	3.668	5.009
47.140	5.155e-04	-1.308	4027	3.774	4.433
47.140	6.751e-04	-1.415	3999	3.868	3.978
47.140	8.823e-04	-1.516	3964	3.954	3.603
47.140	1.151e-03	-1.616	3918	4.034	3.286
47.140	1.496e-03	-1.716	3860	4.108	3.017
47.140	1.964e-03	-1.822	3788	4.181	2.775
47.140	2.571e-03	-1.925	3712	4.249	2.566
47.140	3.366e-03	-2.026	3634	4.314	2.382
47.140	4.383e-03	-2.123	3560	4.375	2.221
47.140	5.752e-03	-2.218	3491	4.436	2.070
47.140	7.560e-03	-2.310	3429	4.496	1.931
47.140	9.940e-03	-2.391	3387	4.557	1.801
47.140	1.306e-02	-2.472	3351	4.618	1.678
47.140	1.718e-02	-2.546	3327	4.681	1.561
47.140	2.258e-02	-2.619	3311	4.745	1.450
47.140	2.968e-02	-2.694	3294	4.811	1.344
47.140	3.901e-02	-2.767	3282	4.878	1.244
47.140	5.129e-02	-2.840	3275	4.947	1.149
47.140	6.717e-02	-2.916	3262	5.016	1.062
47.140	8.777e-02	-3.023	3185	5.081	0.984
47.140	1.154e-01	-3.129	3106	5.144	0.916
47.140	1.517e-01	-3.230	3029	5.201	0.857
47.140	1.978e-01	-3.323	2957	5.253	0.808
47.140	2.597e-01	-3.411	2889	5.301	0.765
47.140	3.413e-01	-3.506	2805	5.344	0.728
47.140	4.505e-01	-3.597	2720	5.381	0.697
47.140	5.887e-01	-3.678	2645	5.413	0.672
47.140	7.678e-01	-3.758	2565	5.440	0.651
47.140	1.014e+00	-3.844	2477	5.465	0.633
47.140	1.327e+00	-3.924	2392	5.485	0.618
47.140	1.751e+00	-4.000	2316	5.505	0.604
47.140	2.316e+00	-4.096	2217	5.525	0.591
47.140	3.032e+00	-4.196	2117	5.545	0.577
47.140	4.010e+00	-4.344	1972	5.569	0.561
47.140	5.326e+00	-4.576	1751	5.595	0.545
47.140	7.000e+00	-4.858	1505	5.614	0.533
47.140	9.240e+00	-5.105	1315	5.627	0.525
50.283	1.032e-04	-0.814	4052	3.319	7.734
50.283	1.362e-04	-0.839	4055	3.345	7.503
50.283	1.780e-04	-0.869	4057	3.375	7.247
50.283	2.341e-04	-0.933	4062	3.442	6.710
50.283	3.077e-04	-1.060	4066	3.571	5.785
50.283	4.013e-04	-1.174	4062	3.683	5.086
50.283	5.297e-04	-1.282	4052	3.787	4.512
50.283	6.935e-04	-1.382	4035	3.880	4.055
50.283	9.154e-04	-1.487	3999	3.968	3.661
50.283	1.198e-03	-1.585	3958	4.049	3.336
50.283	1.582e-03	-1.690	3900	4.128	3.047
50.283	2.067e-03	-1.790	3836	4.199	2.806
50.283	2.696e-03	-1.891	3762	4.267	2.596
50.283	3.539e-03	-1.994	3684	4.333	2.406
50.283	4.634e-03	-2.093	3607	4.396	2.239
50.283	6.056e-03	-2.189	3535	4.456	2.088
50.283	7.899e-03	-2.278	3472	4.515	1.952
50.283	1.027e-02	-2.361	3422	4.572	1.826
50.283	1.348e-02	-2.441	3385	4.633	1.704
50.283	1.771e-02	-2.518	3355	4.694	1.587
50.283	2.310e-02	-2.589	3336	4.756	1.479
50.283	3.050e-02	-2.664	3319	4.822	1.370
50.283	3.992e-02	-2.739	3301	4.887	1.271
50.283	5.270e-02	-2.811	3294	4.956	1.174
50.283	6.899e-02	-2.882	3288	5.024	1.086
50.283	8.983e-02	-2.973	3241	5.090	1.007
50.283	1.186e-01	-3.080	3162	5.154	0.935
50.283	1.552e-01	-3.177	3088	5.210	0.877
50.283	2.049e-01	-3.269	3018	5.262	0.826
50.283	2.678e-01	-3.348	2958	5.305	0.785
50.283	3.521e-01	-3.419	2903	5.344	0.752
50.283	4.610e-01	-3.485	2843	5.374	0.725
50.283	6.035e-01	-3.541	2791	5.398	0.706
50.283	7.966e-01	-3.584	2751	5.415	0.692
50.283	1.043e+00	-3.613	2723	5.427	0.683
50.283	1.369e+00	-3.631	2706	5.434	0.677
50.283	1.792e+00	-3.642	2696	5.439	0.674
50.283	2.342e+00	-3.647	2691	5.440	0.672
50.283	3.055e+00	-3.649	2689	5.441	0.672
50.283	4.058e+00	-3.650	2689	5.442	0.671
50.283	5.401e+00	-3.650	2688	5.442	0.671
50.283	7.189e+00	-3.651	2687	5.442	0.671
50.283	9.569e+00	-3.652	2686	5.443	0.671
52.378	1.042e-04	-0.785	4062	3.311	7.962
52.378	1.358e-04	-0.808	4064	3.336	7.741
52.378	1.793e-04	-0.841	4067	3.370	7.442
52.378	2.347e-04	-0.915	4073	3.447	6.812
52.378	3.105e-04	-1.045	4079	3.579	5.851
52.378	4.098e-04	-1.160	4078	3.693	5.128
52.378	5.355e-04	-1.263	4068	3.792	4.576
52.378	7.041e-04	-1.362	4056	3.886	4.109
52.378	9.254e-04	-1.463	4023	3.973	3.716
52.378	1.207e-03	-1.559	3985	4.053	3.390
52.378	1.593e-03	-1.662	3932	4.132	3.095
52.378	2.086e-03	-1.761	3873	4.205	2.846
52.378	2.738e-03	-1.865	3798	4.274	2.627
52.378	3.598e-03	-1.967	3720	4.341	2.432
52.378	4.693e-03	-2.066	3643	4.404	2.264
52.378	6.160e-03	-2.164	3567	4.465	2.109
52.378	8.066e-03	-2.256	3502	4.525	1.969
52.378	1.049e-02	-2.341	3446	4.583	1.842
52.378	1.370e-02	-2.420	3408	4.642	1.721
52.378	1.787e-02	-2.497	3374	4.701	1.607
52.378	2.346e-02	-2.571	3351	4.763	1.496
52.378	3.083e-02	-2.644	3335	4.828	1.389
52.378	4.022e-02	-2.717	3317	4.892	1.291
52.378	5.236e-02	-2.787	3307	4.956	1.198
52.378	6.912e-02	-2.859	3301	5.025	1.107
52.378	9.033e-02	-2.936	3281	5.092	1.025
52.378	1.192e-01	-3.044	3201	5.157	0.951
52.378	1.561e-01	-3.139	3129	5.213	0.892
52.378	2.032e-01	-3.224	3065	5.261	0.844
52.378	2.683e-01	-3.300	3007	5.304	0.803
52.378	3.512e-01	-3.361	2959	5.338	0.772
52.378	4.573e-01	-3.409	2922	5.363	0.750
52.378	6.002e-01	-3.446	2892	5.382	0.734
52.378	7.888e-01	-3.473	2867	5.394	0.724
52.378	1.029e+00	-3.487	2854	5.400	0.719
52.378	1.358e+00	-3.493	2848	5.403	0.716
52.378	1.778e+00	-3.495	2846	5.404	0.716
52.378	2.362e+00	-3.496	2846	5.404	0.716
52.378	3.143e+00	-3.496	2845	5.404	0.716
52.378	4.184e+00	-3.496	2845	5.404	0.715
52.378	5.568e+00	-3.497	2844	5.404	0.715
52.378	7.411e+00	-3.498	2844	5.405	0.715
52.378	9.802e+00	-3.498	2843	5.405	0.715
55.521	1.031e-04	-0.740	4076	3.298	8.326
55.521	1.349e-04	-0.764	4078	3.322	8.092
55.521	1.771e-04	-0.800	4081	3.360	7.753
55.521	2.328e-04	-0.888	4088	3.451	6.981
55.521	3.036e-04	-1.008	4098	3.575	6.051
55.521	4.008e-04	-1.119	4101	3.688	5.312
55.521	5.246e-04	-1.222	4093	3.787	4.739
55.521	6.886e-04	-1.319	4082	3.880	4.260
55.521	9.050e-04	-1.416	4062	3.968	3.850
55.521	1.180e-03	-1.512	4027	4.048	3.509
55.521	1.558e-03	-1.610	3983	4.128	3.200
55.521	2.040e-03	-1.709	3927	4.202	2.939
55.521	2.677e-03	-1.809	3862	4.274	2.707
55.521	3.519e-03	-1.912	3786	4.342	2.503
55.521	4.626e-03	-2.014	3706	4.407	2.321
55.521	6.058e-03	-2.113	3628	4.469	2.162
55.521	7.875e-03	-2.206	3558	4.528	2.021
55.521	1.029e-02	-2.295	3497	4.587	1.888
55.521	1.359e-02	-2.382	3445	4.647	1.760
55.521	1.778e-02	-2.461	3407	4.707	1.643
55.521	2.334e-02	-2.537	3378	4.768	1.531
55.521	3.068e-02	-2.610	3359	4.831	1.424
55.521	4.033e-02	-2.684	3341	4.896	1.322
55.521	5.282e-02	-2.757	3325	4.961	1.226
55.521	6.902e-02	-2.826	3319	5.027	1.138
55.521	9.003e-02	-2.894	3313	5.092	1.055
55.521	1.188e-01	-2.986	3262	5.157	0.979
55.521	1.556e-01	-3.080	3192	5.213	0.918
55.521	2.054e-01	-3.163	3129	5.262	0.868
55.521	2.688e-01	-3.228	3079	5.299	0.831
55.521	3.500e-01	-3.277	3042	5.327	0.805
55.521	4.594e-01	-3.311	3016	5.346	0.788
55.521	5.973e-01	-3.331	3001	5.357	0.778
55.521	7.821e-01	-3.341	2993	5.362	0.773
55.521	1.022e+00	-3.344	2990	5.364	0.771
55.521	1.344e+00	-3.345	2989	5.365	0.771
55.521	1.781e+00	-3.346	2989	5.365	0.771
55.521	2.370e+00	-3.346	2989	5.365	0.771
55.521	3.155e+00	-3.346	2989	5.365	0.770
55.521	4.199e+00	-3.347	2988	5.365	0.770
55.521	5.589e+00	-3.347	2988	5.366	0.770
55.521	7.439e+00	-3.348	2987	5.366	0.770
55.521	9.902e+00	-3.349	2987	5.366	0.769
57.616	1.023e-04	-0.711	4084	3.289	8.567
57.616	1.339e-04	-0.735	4087	3.314	8.325
57.616	1.768e-04	-0.775	4090	3.355	7.940
57.616	2.314e-04	-0.870	4098	3.454	7.089
57.616	3.037e-04	-0.990	4110	3.578	6.140
57.616	3.991e-04	-1.098	4113	3.688	5.410
57.616	5.248e-04	-1.201	4108	3.788	4.821
57.616	6.897e-04	-1.298	4098	3.881	4.333
57.616	9.068e-04	-1.392	4084	3.969	3.916
57.616	1.187e-03	-1.488	4049	4.051	3.563
57.616	1.555e-03	-1.583	4011	4.129	3.257
57.616	2.052e-03	-1.683	3957	4.206	2.982
57.616	2.686e-03	-1.781	3897	4.277	2.747
57.616	3.546e-03	-1.885	3821	4.347	2.534
57.616	4.642e-03	-1.986	3744	4.412	2.352
57.616	6.092e-03	-2.086	3664	4.475	2.187
57.616	8.007e-03	-2.184	3588	4.536	2.038
57.616	1.053e-02	-2.276	3523	4.597	1.901
57.616	1.384e-02	-2.364	3466	4.656	1.775
57.616	1.819e-02	-2.444	3427	4.717	1.655
57.616	2.391e-02	-2.522	3394	4.778	1.543
57.616	3.119e-02	-2.594	3373	4.839	1.439
57.616	4.117e-02	-2.668	3356	4.904	1.335
57.616	5.389e-02	-2.742	3337	4.968	1.239
57.616	7.073e-02	-2.811	3330	5.034	1.149
57.616	9.262e-02	-2.879	3325	5.099	1.066
57.616	1.210e-01	-2.956	3297	5.161	0.992
57.616	1.598e-01	-3.051	3226	5.218	0.930
57.616	2.092e-01	-3.126	3168	5.263	0.883
57.616	2.723e-01	-3.184	3125	5.296	0.850
57.616	3.595e-01	-3.226	3093	5.321	0.826
57.616	4.698e-01	-3.250	3074	5.334	0.813
57.616	6.128e-01	-3.263	3065	5.341	0.807
57.616	7.979e-01	-3.267	3061	5.344	0.804
57.616	1.037e+00	-3.269	3060	5.345	0.803
57.616	1.369e+00	-3.269	3060	5.345	0.803
57.616	1.819e+00	-3.269	3060	5.345	0.803
57.616	2.421e+00	-3.270	3059	5.345	0.803
57.616	3.222e+00	-3.270	3059	5.345	0.803
57.616	4.288e+00	-3.270	3059	5.346	0.803
57.616	5.707e+00	-3.271	3059	5.346	0.802
57.616	7.597e+00	-3.272	3058	5.346	0.802
57.616	1.000e+01	-3.273	3057	5.347	0.801
60.759	1.015e-04	-0.671	4097	3.277	8.921
60.759	1.334e-04	-0.696	4099	3.303	8.658
60.759	1.754e-04	-0.740	4103	3.349	8.213
60.759	2.305e-04	-0.847	4112	3.459	7.232
60.759	3.043e-04	-0.965	4125	3.583	6.272
60.759	3.984e-04	-1.069	4131	3.689	5.548
60.759	5.229e-04	-1.168	4130	3.788	4.952
60.759	6.847e-04	-1.263	4120	3.879	4.459
60.759	8.901e-04	-1.352	4110	3.963	4.047
60.759	1.163e-03	-1.444	4086	4.046	3.682
60.759	1.529e-03	-1.540	4049	4.126	3.358
60.759	2.010e-03	-1.636	4005	4.202	3.074
60.759	2.622e-03	-1.732	3949	4.274	2.832
60.759	3.461e-03	-1.833	3881	4.345	2.608
60.759	4.559e-03	-1.936	3804	4.413	2.412
60.759	5.970e-03	-2.036	3724	4.477	2.242
60.759	7.815e-03	-2.134	3648	4.538	2.089
60.759	1.026e-02	-2.229	3576	4.598	1.948
60.759	1.348e-02	-2.319	3513	4.658	1.819
60.759	1.773e-02	-2.404	3464	4.718	1.698
60.759	2.330e-02	-2.484	3425	4.778	1.583
60.759	3.063e-02	-2.559	3398	4.840	1.475
60.759	4.026e-02	-2.632	3379	4.903	1.372
60.759	5.293e-02	-2.705	3361	4.967	1.274
60.759	6.931e-02	-2.776	3347	5.031	1.184
60.759	9.073e-02	-2.842	3342	5.094	1.101
60.759	1.191e-01	-2.907	3337	5.156	1.025
60.759	1.565e-01	-2.988	3290	5.212	0.961
60.759	2.066e-01	-3.062	3234	5.257	0.913
60.759	2.700e-01	-3.113	3196	5.287	0.881
60.759	3.522e-01	-3.145	3172	5.306	0.862
60.759	4.622e-01	-3.162	3159	5.316	0.852
60.759	6.053e-01	-3.169	3154	5.320	0.849
60.759	7.923e-01	-3.171	3152	5.321	0.847
60.759	1.052e+00	-3.171	3152	5.322	0.847
60.759	1.401e+00	-3.172	3152	5.322	0.847
60.759	1.864e+00	-3.172	3151	5.322	0.847
60.759	2.482e+00	-3.172	3151	5.322	0.847
60.759	3.303e+00	-3.172	3151	5.322	0.847
60.759	4.396e+00	-3.173	3151	5.323	0.846
60.759	5.826e+00	-3.173	3150	5.323	0.846
60.759	7.755e+00	-3.174	3150	5.323	0.846
60.759	1.000e+01	-3.175	3149	5.324	0.845
62.854	1.037e-04	-0.647	4105	3.271	9.131
62.854	1.362e-04	-0.674	4108	3.299	8.845
62.854	1.790e-04	-0.726	4112	3.353	8.314
62.854	2.353e-04	-0.843	4123	3.474	7.230
62.854	3.092e-04	-0.956	4135	3.592	6.310
62.854	4.066e-04	-1.059	4142	3.699	5.583
62.854	5.344e-04	-1.156	4144	3.796	4.989
62.854	6.970e-04	-1.249	4134	3.886	4.502
62.854	9.148e-04	-1.340	4124	3.972	4.074
62.854	1.198e-03	-1.431	4104	4.055	3.705
62.854	1.568e-03	-1.525	4068	4.134	3.384
62.854	2.070e-03	-1.621	4025	4.212	3.094
62.854	2.710e-03	-1.718	3971	4.284	2.846
62.854	3.577e-03	-1.818	3906	4.356	2.620
62.854	4.683e-03	-1.918	3831	4.423	2.426
62.854	6.146e-03	-2.020	3751	4.487	2.252
62.854	8.078e-03	-2.119	3673	4.550	2.096
62.854	1.062e-02	-2.215	3599	4.611	1.954
62.854	1.391e-02	-2.305	3535	4.670	1.825
62.854	1.821e-02	-2.390	3482	4.728	1.706
62.854	2.403e-02	-2.472	3442	4.790	1.590
62.854	3.146e-02	-2.547	3412	4.850	1.484
62.854	4.129e-02	-2.619	3392	4.912	1.381
62.854	5.427e-02	-2.692	3374	4.975	1.284
62.854	7.136e-02	-2.764	3358	5.039	1.193
62.854	9.344e-02	-2.829	3353	5.101	1.110
62.854	1.223e-01	-2.891	3347	5.161	1.037
62.854	1.606e-01	-2.958	3324	5.215	0.975
62.854	2.110e-01	-3.026	3272	5.256	0.929
62.854	2.785e-01	-3.073	3237	5.284	0.900
62.854	3.646e-01	-3.098	3218	5.299	0.884
62.854	4.786e-01	-3.109	3210	5.306	0.877
62.854	6.267e-01	-3.113	3207	5.308	0.875
62.854	8.190e-01	-3.114	3206	5.309	0.875
62.854	1.081e+00	-3.114	3206	5.309	0.874
62.854	1.439e+00	-3.114	3206	5.309	0.874
62.854	1.915e+00	-3.115	3206	5.309	0.874
62.854	2.549e+00	-3.115	3206	5.309	0.874
62.854	3.393e+00	-3.115	3205	5.310	0.874
62.854	4.516e+00	-3.116	3205	5.310	0.874
62.854	6.011e+00	-3.116	3205	5.310	0.873
62.854	8.000e+00	-3.117	3204	5.311	0.873
65.997	1.006e-04	-0.609	4115	3.258	9.501
65.997	1.317e-04	-0.635	4119	3.286	9.200
65.997	1.724e-04	-0.688	4124	3.341	8.639
65.997	2.276e-04	-0.807	4135	3.465	7.490
65.997	2.974e-04	-0.917	4147	3.580	6.562
65.997	3.910e-04	-1.018	4157	3.686	5.808
65.997	5.139e-04	-1.115	4160	3.783	5.189
65.997	6.756e-04	-1.209	4156	3.876	4.667
65.997	8.879e-04	-1.301	4146	3.963	4.220
65.997	1.158e-03	-1.387	4134	4.045	3.841
65.997	1.520e-03	-1.481	4104	4.125	3.501
65.997	1.998e-03	-1.574	4066	4.203	3.202
65.997	2.606e-03	-1.666	4021	4.276	2.944
65.997	3.420e-03	-1.763	3963	4.347	2.711
65.997	4.495e-03	-1.864	3892	4.417	2.503
65.997	5.934e-03	-1.967	3813	4.484	2.317
65.997	7.754e-03	-2.065	3735	4.546	2.156
65.997	1.011e-02	-2.160	3660	4.606	2.012
65.997	1.335e-02	-2.256	3588	4.668	1.875
65.997	1.748e-02	-2.346	3525	4.726	1.752
65.997	2.294e-02	-2.427	3480	4.786	1.637
65.997	2.982e-02	-2.504	3442	4.843	1.531
65.997	3.905e-02	-2.578	3417	4.904	1.429
65.997	5.103e-02	-2.647	3399	4.965	1.332
65.997	6.710e-02	-2.719	3382	5.027	1.239
65.997	8.787e-02	-2.786	3369	5.088	1.155
65.997	1.150e-01	-2.846	3365	5.146	1.081
65.997	1.518e-01	-2.903	3360	5.200	1.016
65.997	1.988e-01	-2.954	3343	5.242	0.968
65.997	2.624e-01	-3.000	3308	5.270	0.937
65.997	3.435e-01	-3.023	3291	5.285	0.922
65.997	4.472e-01	-3.033	3284	5.290	0.916
65.997	5.870e-01	-3.036	3282	5.292	0.914
65.997	7.714e-01	-3.036	3281	5.292	0.913
65.997	1.027e+00	-3.036	3281	5.292	0.913
65.997	1.367e+00	-3.037	3281	5.293	0.913
65.997	1.819e+00	-3.037	3281	5.293	0.913
65.997	2.421e+00	-3.037	3281	5.293	0.913
65.997	3.222e+00	-3.037	3280	5.293	0.913
65.997	4.289e+00	-3.038	3280	5.293	0.912
65.997	5.709e+00	-3.039	3279	5.294	0.912
65.997	7.598e+00	-3.039	3279	5.294	0.911
65.997	1.000e+01	-3.041	3278	5.295	0.911
67.044	1.030e-04	-0.599	4118	3.257	9.590
67.044	1.348e-04	-0.627	4123	3.287	9.266
67.044	1.765e-04	-0.687	4129	3.349	8.624
67.044	2.330e-04	-0.811	4140	3.477	7.440
67.044	3.050e-04	-0.919	4152	3.591	6.528
67.044	4.026e-04	-1.020	4163	3.697	5.778
67.044	5.271e-04	-1.115	4166	3.792	5.176
67.044	6.957e-04	-1.209	4162	3.885	4.652
67.044	9.108e-04	-1.299	4152	3.971	4.215
67.044	1.202e-03	-1.389	4139	4.056	3.822
67.044	1.574e-03	-1.482	4109	4.135	3.488
67.044	2.066e-03	-1.574	4072	4.212	3.191
67.044	2.715e-03	-1.669	4026	4.287	2.928
67.044	3.569e-03	-1.767	3967	4.359	2.695
67.044	4.691e-03	-1.867	3897	4.428	2.489
67.044	6.193e-03	-1.970	3817	4.496	2.304
67.044	8.093e-03	-2.068	3739	4.558	2.144
67.044	1.064e-02	-2.166	3662	4.620	1.997
67.044	1.398e-02	-2.260	3591	4.680	1.863
67.044	1.839e-02	-2.351	3527	4.740	1.740
67.044	2.416e-02	-2.433	3482	4.799	1.624
67.044	3.152e-02	-2.511	3444	4.858	1.518
67.044	4.160e-02	-2.585	3419	4.920	1.414
67.044	5.446e-02	-2.655	3402	4.981	1.318
67.044	7.189e-02	-2.727	3385	5.044	1.225
67.044	9.411e-02	-2.792	3373	5.103	1.144
67.044	1.235e-01	-2.851	3369	5.160	1.072
67.044	1.623e-01	-2.903	3364	5.210	1.013
67.044	2.118e-01	-2.947	3353	5.247	0.970
67.044	2.753e-01	-2.984	3325	5.270	0.944
67.044	3.613e-01	-3.003	3311	5.282	0.932
67.044	4.749e-01	-3.010	3306	5.286	0.927
67.044	6.194e-01	-3.012	3305	5.287	0.926
67.044	8.065e-01	-3.012	3305	5.287	0.926
67.044	1.065e+00	-3.012	3305	5.288	0.926
67.044	1.414e+00	-3.012	3304	5.288	0.926
67.044	1.882e+00	-3.013	3304	5.288	0.925
67.044	2.505e+00	-3.013	3304	5.288	0.925
67.044	3.334e+00	-3.013	3304	5.288	0.925
67.044	4.438e+00	-3.014	3303	5.289	0.925
67.044	5.907e+00	-3.015	3303	5.289	0.924
67.044	7.862e+00	-3.016	3302	5.290	0.924
67.044	1.000e+01	-3.017	3301	5.290	0.923
68.092	1.046e-04	-0.589	4121	3.255	9.686
68.092	1.367e-04	-0.618	4126	3.286	9.344
68.092	1.797e-04	-0.686	4133	3.357	8.613
68.092	2.361e-04	-0.809	4144	3.485	7.434
68.092	3.105e-04	-0.918	4157	3.599	6.520
68.092	4.081e-04	-1.017	4168	3.702	5.788
68.092	5.365e-04	-1.112	4171	3.799	5.180
68.092	7.051e-04	-1.204	4168	3.890	4.665
68.092	9.271e-04	-1.295	4158	3.976	4.221
68.092	1.218e-03	-1.384	4145	4.060	3.834
68.092	1.589e-03	-1.474	4118	4.138	3.503
68.092	2.098e-03	-1.569	4080	4.217	3.199
68.092	2.741e-03	-1.661	4037	4.290	2.941
68.092	3.604e-03	-1.758	3979	4.363	2.706
68.092	4.737e-03	-1.858	3910	4.432	2.498
68.092	6.179e-03	-1.956	3834	4.496	2.319
68.092	8.156e-03	-2.058	3754	4.561	2.152
68.092	1.068e-02	-2.155	3677	4.622	2.006
68.092	1.401e-02	-2.250	3604	4.683	1.872
68.092	1.842e-02	-2.341	3540	4.742	1.748
68.092	2.422e-02	-2.424	3492	4.802	1.632
68.092	3.171e-02	-2.503	3453	4.861	1.525
68.092	4.144e-02	-2.575	3427	4.920	1.424
68.092	5.449e-02	-2.646	3408	4.982	1.326
68.092	7.135e-02	-2.716	3392	5.043	1.236
68.092	9.341e-02	-2.781	3379	5.102	1.155
68.092	1.233e-01	-2.841	3374	5.159	1.082
68.092	1.614e-01	-2.891	3370	5.207	1.024
68.092	2.102e-01	-2.929	3366	5.243	0.982
68.092	2.758e-01	-2.963	3346	5.267	0.955
68.092	3.625e-01	-2.981	3333	5.278	0.943
68.092	4.729e-01	-2.987	3329	5.282	0.939
68.092	6.242e-01	-2.989	3328	5.283	0.938
68.092	8.291e-01	-2.989	3327	5.283	0.938
68.092	1.103e+00	-2.989	3327	5.283	0.938
68.092	1.469e+00	-2.989	3327	5.283	0.938
68.092	1.955e+00	-2.989	3327	5.283	0.938
68.092	2.602e+00	-2.990	3327	5.283	0.937
68.092	3.463e+00	-2.990	3326	5.284	0.937
68.092	4.610e+00	-2.991	3326	5.284	0.937
68.092	6.135e+00	-2.991	3325	5.284	0.936
68.092	8.166e+00	-2.992	3325	5.285	0.936
69.139	1.012e-04	-0.576	4122	3.249	9.830
69.139	1.323e-04	-0.604	4128	3.279	9.495
69.139	1.739e-04	-0.666	4136	3.345	8.799
69.139	2.285e-04	-0.788	4147	3.472	7.605
69.139	2.981e-04	-0.895	4160	3.583	6.688
69.139	3.935e-04	-0.996	4171	3.689	5.921
69.139	5.151e-04	-1.089	4176	3.785	5.304
69.139	6.707e-04	-1.178	4176	3.873	4.790
69.139	8.803e-04	-1.269	4166	3.960	4.333
69.139	1.157e-03	-1.358	4154	4.044	3.934
69.139	1.509e-03	-1.445	4135	4.123	3.592
69.139	1.965e-03	-1.536	4099	4.199	3.292
69.139	2.579e-03	-1.628	4059	4.274	3.019
69.139	3.390e-03	-1.724	4006	4.347	2.775
69.139	4.457e-03	-1.822	3943	4.418	2.559
69.139	5.857e-03	-1.924	3866	4.485	2.368
69.139	7.640e-03	-2.022	3789	4.548	2.202
69.139	9.932e-03	-2.117	3713	4.608	2.055
69.139	1.304e-02	-2.214	3637	4.669	1.917
69.139	1.713e-02	-2.305	3570	4.729	1.789
69.139	2.235e-02	-2.391	3513	4.786	1.674
69.139	2.950e-02	-2.472	3473	4.847	1.561
69.139	3.861e-02	-2.547	3441	4.906	1.458
69.139	5.097e-02	-2.621	3419	4.968	1.358
69.139	6.661e-02	-2.689	3403	5.028	1.267
69.139	8.758e-02	-2.757	3387	5.088	1.182
69.139	1.151e-01	-2.817	3380	5.145	1.108
69.139	1.513e-01	-2.869	3376	5.194	1.046
69.139	1.982e-01	-2.909	3372	5.233	1.001
69.139	2.594e-01	-2.936	3370	5.259	0.972
69.139	3.424e-01	-2.957	3357	5.272	0.957
69.139	4.483e-01	-2.964	3351	5.277	0.952
69.139	5.884e-01	-2.966	3350	5.278	0.950
69.139	7.798e-01	-2.966	3349	5.278	0.950
69.139	1.038e+00	-2.966	3349	5.278	0.950
69.139	1.381e+00	-2.967	3349	5.279	0.950
69.139	1.839e+00	-2.967	3349	5.279	0.950
69.139	2.447e+00	-2.967	3349	5.279	0.950
69.139	3.257e+00	-2.967	3349	5.279	0.949
69.139	4.335e+00	-2.968	3348	5.279	0.949
69.139	5.770e+00	-2.969	3348	5.280	0.948
69.139	7.680e+00	-2.970	3347	5.280	0.948
69.139	1.000e+01	-2.971	3346	5.281	0.947
70.187	1.040e-04	-0.568	4125	3.248	9.912
70.187	1.357e-04	-0.598	4131	3.281	9.548
70.187	1.791e-04	-0.671	4141	3.359	8.727
70.187	2.344e-04	-0.792	4152	3.484	7.552
70.187	3.077e-04	-0.899	4165	3.597	6.636
70.187	4.044e-04	-0.997	4177	3.699	5.895
70.187	5.317e-04	-1.092	4181	3.795	5.278
70.187	6.988e-04	-1.182	4181	3.886	4.753
70.187	9.187e-04	-1.274	4171	3.973	4.300
70.187	1.203e-03	-1.361	4159	4.056	3.911
70.187	1.575e-03	-1.449	4140	4.136	3.567
70.187	2.079e-03	-1.544	4102	4.215	3.256
70.187	2.722e-03	-1.636	4062	4.289	2.989
70.187	3.572e-03	-1.731	4007	4.362	2.750
70.187	4.678e-03	-1.828	3945	4.431	2.540
70.187	6.123e-03	-1.928	3869	4.497	2.353
70.187	8.037e-03	-2.028	3791	4.561	2.185
70.187	1.056e-02	-2.127	3711	4.624	2.033
70.187	1.378e-02	-2.221	3637	4.683	1.900
70.187	1.819e-02	-2.314	3570	4.744	1.772
70.187	2.381e-02	-2.400	3514	4.802	1.656
70.187	3.143e-02	-2.481	3473	4.863	1.545
70.187	4.114e-02	-2.556	3443	4.922	1.443
70.187	5.400e-02	-2.627	3422	4.982	1.346
70.187	7.097e-02	-2.696	3406	5.043	1.255
70.187	9.256e-02	-2.761	3390	5.100	1.175
70.187	1.222e-01	-2.819	3384	5.156	1.102
70.187	1.597e-01	-2.867	3380	5.201	1.046
70.187	2.083e-01	-2.903	3377	5.235	1.006
70.187	2.734e-01	-2.926	3375	5.258	0.980
70.187	3.593e-01	-2.938	3374	5.269	0.968
70.187	4.724e-01	-2.943	3371	5.273	0.963
70.187	6.186e-01	-2.945	3370	5.274	0.962
70.187	8.148e-01	-2.945	3370	5.274	0.962
70.187	1.085e+00	-2.945	3370	5.274	0.962
70.187	1.444e+00	-2.945	3369	5.274	0.962
70.187	1.921e+00	-2.945	3369	5.274	0.962
70.187	2.557e+00	-2.946	3369	5.274	0.962
70.187	3.382e+00	-2.946	3369	5.275	0.961
70.187	4.501e+00	-2.947	3369	5.275	0.961
70.187	5.991e+00	-2.947	3368	5.276	0.960
70.187	7.974e+00	-2.948	3368	5.276	0.960
71.234	1.005e-04	-0.554	4127	3.242	10.058
71.234	1.319e-04	-0.584	4132	3.274	9.694
71.234	1.734e-04	-0.651	4144	3.346	8.919
71.234	2.289e-04	-0.775	4155	3.475	7.691
71.234	3.015e-04	-0.884	4168	3.589	6.744
71.234	3.948e-04	-0.981	4180	3.691	5.998
71.234	5.159e-04	-1.073	4186	3.785	5.381
71.234	6.729e-04	-1.161	4187	3.874	4.858
71.234	8.832e-04	-1.251	4179	3.961	4.395
71.234	1.157e-03	-1.339	4168	4.044	3.995
71.234	1.511e-03	-1.425	4152	4.124	3.644
71.234	1.971e-03	-1.516	4119	4.200	3.337
71.234	2.602e-03	-1.610	4080	4.277	3.053
71.234	3.407e-03	-1.703	4031	4.350	2.809
71.234	4.436e-03	-1.797	3973	4.418	2.596
71.234	5.855e-03	-1.899	3897	4.487	2.397
71.234	7.665e-03	-1.998	3821	4.552	2.226
71.234	1.006e-02	-2.098	3741	4.615	2.070
71.234	1.322e-02	-2.195	3663	4.676	1.929
71.234	1.725e-02	-2.286	3595	4.734	1.804
71.234	2.277e-02	-2.377	3533	4.794	1.683
71.234	2.980e-02	-2.456	3491	4.853	1.574
71.234	3.934e-02	-2.535	3454	4.914	1.467
71.234	5.150e-02	-2.606	3431	4.973	1.370
71.234	6.759e-02	-2.675	3415	5.033	1.279
71.234	8.883e-02	-2.741	3399	5.092	1.195
71.234	1.159e-01	-2.799	3390	5.145	1.124
71.234	1.521e-01	-2.848	3386	5.192	1.065
71.234	1.999e-01	-2.886	3383	5.228	1.022
71.234	2.607e-01	-2.909	3381	5.250	0.996
71.234	3.422e-01	-2.921	3380	5.262	0.982
71.234	4.497e-01	-2.926	3380	5.267	0.977
71.234	5.913e-01	-2.927	3380	5.268	0.976
71.234	7.836e-01	-2.928	3380	5.268	0.976
71.234	1.043e+00	-2.928	3380	5.268	0.975
71.234	1.388e+00	-2.928	3380	5.269	0.975
71.234	1.848e+00	-2.928	3380	5.269	0.975
71.234	2.459e+00	-2.928	3380	5.269	0.975
71.234	3.273e+00	-2.929	3380	5.269	0.975
71.234	4.357e+00	-2.929	3380	5.270	0.974
71.234	5.799e+00	-2.929	3380	5.270	0.973
71.234	7.718e+00	-2.930	3380	5.271	0.973
71.234	1.000e+01	-2.931	3380	5.272	0.972
72.282	1.007e-04	-0.544	4129	3.239	10.164
72.282	1.319e-04	-0.574	4135	3.272	9.788
72.282	1.741e-04	-0.647	4148	3.350	8.949
72.282	2.279e-04	-0.767	4159	3.475	7.747
72.282	2.991e-04	-0.874	4172	3.587	6.809
72.282	3.931e-04	-0.972	4184	3.690	6.049
72.282	5.169e-04	-1.065	4191	3.786	5.415
72.282	6.793e-04	-1.156	4192	3.877	4.876
72.282	8.860e-04	-1.243	4185	3.962	4.422
72.282	1.170e-03	-1.334	4173	4.047	4.009
72.282	1.531e-03	-1.420	4159	4.127	3.655
72.282	1.994e-03	-1.509	4127	4.203	3.349
72.282	2.632e-03	-1.603	4089	4.281	3.063
72.282	3.445e-03	-1.696	4042	4.353	2.818
72.282	4.547e-03	-1.794	3980	4.425	2.593
72.282	5.990e-03	-1.896	3905	4.494	2.396
72.282	7.873e-03	-1.996	3829	4.560	2.222
72.282	1.035e-02	-2.096	3748	4.623	2.066
72.282	1.355e-02	-2.193	3671	4.683	1.927
72.282	1.774e-02	-2.285	3602	4.742	1.800
72.282	2.329e-02	-2.374	3539	4.801	1.682
72.282	3.061e-02	-2.454	3497	4.861	1.571
72.282	4.024e-02	-2.533	3460	4.920	1.467
72.282	5.289e-02	-2.605	3435	4.980	1.369
72.282	6.899e-02	-2.671	3420	5.039	1.280
72.282	9.107e-02	-2.738	3405	5.097	1.196
72.282	1.192e-01	-2.795	3394	5.150	1.126
72.282	1.552e-01	-2.840	3391	5.193	1.071
72.282	2.018e-01	-2.875	3388	5.226	1.032
72.282	2.649e-01	-2.897	3386	5.247	1.007
72.282	3.481e-01	-2.908	3385	5.257	0.995
72.282	4.540e-01	-2.911	3385	5.261	0.991
72.282	5.993e-01	-2.912	3385	5.262	0.990
72.282	7.895e-01	-2.913	3385	5.262	0.989
72.282	1.051e+00	-2.913	3385	5.262	0.989
72.282	1.399e+00	-2.913	3385	5.263	0.989
72.282	1.862e+00	-2.913	3385	5.263	0.989
72.282	2.478e+00	-2.913	3385	5.263	0.989
72.282	3.298e+00	-2.914	3385	5.263	0.988
72.282	4.389e+00	-2.914	3385	5.264	0.988
72.282	5.842e+00	-2.915	3385	5.264	0.987
72.282	7.776e+00	-2.915	3385	5.265	0.986
72.282	1.000e+01	-2.916	3385	5.266	0.985
73.330	1.042e-04	-0.537	4131	3.239	10.233
73.330	1.359e-04	-0.570	4138	3.275	9.819
73.330	1.794e-04	-0.654	4153	3.366	8.849
73.330	2.348e-04	-0.773	4164	3.489	7.674
73.330	3.105e-04	-0.881	4178	3.602	6.738
73.330	4.051e-04	-0.975	4189	3.701	6.015
73.330	5.347e-04	-1.069	4196	3.798	5.382
73.330	6.987e-04	-1.157	4197	3.886	4.860
73.330	9.114e-04	-1.244	4191	3.971	4.410
73.330	1.203e-03	-1.334	4178	4.056	3.999
73.330	1.575e-03	-1.419	4165	4.135	3.647
73.330	2.067e-03	-1.512	4132	4.214	3.333
73.330	2.717e-03	-1.603	4094	4.290	3.054
73.330	3.572e-03	-1.697	4046	4.363	2.805
73.330	4.694e-03	-1.795	3986	4.434	2.586
73.330	6.123e-03	-1.892	3914	4.501	2.395
73.330	8.082e-03	-1.994	3837	4.567	2.218
73.330	1.058e-02	-2.093	3757	4.630	2.065
73.330	1.389e-02	-2.190	3679	4.691	1.925
73.330	1.825e-02	-2.284	3608	4.751	1.796
73.330	2.400e-02	-2.374	3545	4.810	1.678
73.330	3.154e-02	-2.454	3502	4.869	1.568
73.330	4.147e-02	-2.532	3464	4.928	1.464
73.330	5.450e-02	-2.604	3440	4.988	1.367
73.330	7.165e-02	-2.671	3425	5.047	1.276
73.330	9.417e-02	-2.736	3409	5.104	1.195
73.330	1.228e-01	-2.791	3399	5.154	1.129
73.330	1.599e-01	-2.834	3396	5.196	1.076
73.330	2.099e-01	-2.867	3393	5.227	1.039
73.330	2.759e-01	-2.886	3391	5.245	1.017
73.330	3.599e-01	-2.894	3390	5.253	1.007
73.330	4.723e-01	-2.897	3390	5.256	1.004
73.330	6.208e-01	-2.898	3390	5.257	1.003
73.330	8.263e-01	-2.898	3390	5.257	1.003
73.330	1.100e+00	-2.898	3390	5.257	1.003
73.330	1.464e+00	-2.898	3390	5.257	1.003
73.330	1.948e+00	-2.898	3390	5.257	1.003
73.330	2.588e+00	-2.899	3390	5.257	1.002
73.330	3.444e+00	-2.899	3390	5.258	1.002
73.330	4.584e+00	-2.900	3390	5.258	1.001
73.330	6.102e+00	-2.900	3390	5.259	1.001
73.330	8.122e+00	-2.901	3390	5.259	1.000
74.377	1.039e-04	-0.527	4133	3.236	10.342
74.377	1.351e-04	-0.561	4140	3.272	9.920
74.377	1.766e-04	-0.641	4156	3.360	8.972
74.377	2.303e-04	-0.758	4167	3.482	7.796
74.377	3.040e-04	-0.866	4181	3.594	6.848
74.377	3.980e-04	-0.961	4192	3.694	6.103
74.377	5.253e-04	-1.054	4200	3.791	5.459
74.377	6.865e-04	-1.143	4202	3.880	4.929
74.377	8.954e-04	-1.229	4198	3.965	4.471
74.377	1.182e-03	-1.319	4185	4.050	4.053
74.377	1.547e-03	-1.405	4172	4.130	3.696
74.377	2.015e-03	-1.493	4145	4.206	3.385
74.377	2.659e-03	-1.586	4107	4.284	3.096
74.377	3.481e-03	-1.678	4063	4.357	2.846
74.377	4.569e-03	-1.774	4004	4.428	2.623
74.377	6.005e-03	-1.873	3935	4.497	2.423
74.377	7.833e-03	-1.971	3861	4.561	2.250
74.377	1.034e-02	-2.073	3779	4.626	2.088
74.377	1.351e-02	-2.169	3701	4.686	1.948
74.377	1.777e-02	-2.264	3628	4.747	1.817
74.377	2.335e-02	-2.355	3562	4.806	1.698
74.377	3.070e-02	-2.437	3515	4.865	1.586
74.377	4.035e-02	-2.516	3475	4.924	1.482
74.377	5.305e-02	-2.589	3449	4.984	1.384
74.377	6.972e-02	-2.656	3432	5.042	1.293
74.377	9.167e-02	-2.720	3417	5.099	1.211
74.377	1.200e-01	-2.778	3404	5.150	1.143
74.377	1.569e-01	-2.821	3401	5.191	1.089
74.377	2.046e-01	-2.852	3398	5.221	1.053
74.377	2.664e-01	-2.871	3396	5.239	1.031
74.377	3.497e-01	-2.880	3396	5.248	1.021
74.377	4.579e-01	-2.883	3395	5.250	1.018
74.377	6.032e-01	-2.884	3395	5.251	1.017
74.377	8.029e-01	-2.884	3395	5.251	1.017
74.377	1.069e+00	-2.884	3395	5.251	1.016
74.377	1.422e+00	-2.884	3395	5.251	1.016
74.377	1.893e+00	-2.884	3395	5.252	1.016
74.377	2.520e+00	-2.885	3395	5.252	1.016
74.377	3.354e+00	-2.885	3395	5.252	1.015
74.377	4.464e+00	-2.885	3395	5.253	1.015
74.377	5.941e+00	-2.886	3395	5.253	1.014
74.377	7.908e+00	-2.887	3395	5.254	1.013
75.425	1.002e-04	-0.514	4135	3.230	10.491
75.425	1.315e-04	-0.547	4141	3.266	10.065
75.425	1.728e-04	-0.627	4157	3.352	9.113
75.425	2.255e-04	-0.744	4171	3.474	7.918
75.425	2.976e-04	-0.851	4183	3.587	6.955
75.425	3.896e-04	-0.946	4195	3.687	6.197
75.425	5.143e-04	-1.039	4204	3.784	5.543
75.425	6.732e-04	-1.128	4206	3.874	5.000
75.425	8.836e-04	-1.216	4204	3.960	4.525
75.425	1.161e-03	-1.305	4193	4.045	4.107
75.425	1.515e-03	-1.389	4179	4.124	3.749
75.425	1.999e-03	-1.480	4155	4.204	3.417
75.425	2.617e-03	-1.571	4119	4.280	3.132
75.425	3.435e-03	-1.663	4077	4.354	2.877
75.425	4.499e-03	-1.758	4020	4.425	2.651
75.425	5.889e-03	-1.855	3955	4.493	2.451
75.425	7.774e-03	-1.956	3878	4.561	2.267
75.425	1.018e-02	-2.055	3799	4.624	2.108
75.425	1.343e-02	-2.156	3718	4.687	1.960
75.425	1.755e-02	-2.250	3644	4.746	1.831
75.425	2.308e-02	-2.341	3578	4.805	1.711
75.425	3.033e-02	-2.425	3526	4.864	1.599
75.425	3.957e-02	-2.502	3487	4.922	1.496
75.425	5.223e-02	-2.576	3457	4.981	1.397
75.425	6.837e-02	-2.643	3440	5.039	1.307
75.425	9.025e-02	-2.708	3425	5.096	1.224
75.425	1.181e-01	-2.765	3411	5.146	1.155
75.425	1.559e-01	-2.810	3405	5.189	1.100
75.425	2.038e-01	-2.840	3403	5.218	1.064
75.425	2.680e-01	-2.858	3401	5.235	1.043
75.425	3.509e-01	-2.867	3401	5.243	1.034
75.425	4.585e-01	-2.869	3401	5.245	1.031
75.425	6.053e-01	-2.870	3400	5.246	1.030
75.425	8.056e-01	-2.870	3400	5.246	1.030
75.425	1.072e+00	-2.870	3400	5.246	1.030
75.425	1.427e+00	-2.870	3400	5.246	1.030
75.425	1.900e+00	-2.870	3400	5.246	1.029
75.425	2.528e+00	-2.871	3400	5.247	1.029
75.425	3.365e+00	-2.871	3400	5.247	1.029
75.425	4.479e+00	-2.871	3400	5.247	1.028
75.425	5.962e+00	-2.872	3400	5.248	1.028
75.425	7.935e+00	-2.873	3400	5.249	1.027
76.472	1.042e-04	-0.508	4137	3.231	10.547
76.472	1.364e-04	-0.546	4145	3.272	10.065
76.472	1.800e-04	-0.640	4163	3.374	8.953
76.472	2.381e-04	-0.759	4177	3.498	7.755
76.472	3.116e-04	-0.861	4189	3.605	6.858
76.472	4.058e-04	-0.953	4200	3.702	6.135
76.472	5.356e-04	-1.045	4209	3.798	5.494
76.472	7.012e-04	-1.133	4211	3.887	4.960
76.472	9.203e-04	-1.220	4209	3.973	4.491
76.472	1.210e-03	-1.309	4197	4.057	4.078
76.472	1.578e-03	-1.393	4184	4.136	3.724
76.472	2.082e-03	-1.484	4159	4.216	3.395
76.472	2.726e-03	-1.575	4122	4.291	3.113
76.472	3.578e-03	-1.666	4080	4.365	2.859
76.472	4.703e-03	-1.763	4023	4.437	2.633
76.472	6.134e-03	-1.858	3958	4.504	2.436
76.472	8.097e-03	-1.960	3881	4.572	2.254
76.472	1.060e-02	-2.059	3802	4.635	2.096
76.472	1.391e-02	-2.157	3722	4.697	1.952
76.472	1.822e-02	-2.252	3648	4.756	1.823
76.472	2.385e-02	-2.342	3582	4.814	1.705
76.472	3.148e-02	-2.427	3529	4.874	1.592
76.472	4.121e-02	-2.505	3490	4.932	1.489
76.472	5.440e-02	-2.579	3461	4.991	1.390
76.472	7.121e-02	-2.644	3443	5.048	1.302
76.472	9.400e-02	-2.708	3429	5.104	1.221
76.472	1.228e-01	-2.762	3416	5.152	1.155
76.472	1.602e-01	-2.803	3410	5.190	1.106
76.472	2.115e-01	-2.832	3408	5.218	1.072
76.472	2.769e-01	-2.847	3406	5.232	1.053
76.472	3.605e-01	-2.854	3406	5.239	1.046
76.472	4.732e-01	-2.856	3406	5.240	1.044
76.472	6.219e-01	-2.856	3406	5.241	1.043
76.472	8.277e-01	-2.856	3406	5.241	1.043
76.472	1.102e+00	-2.856	3406	5.241	1.043
76.472	1.466e+00	-2.857	3406	5.241	1.043
76.472	1.952e+00	-2.857	3406	5.241	1.043
76.472	2.598e+00	-2.857	3406	5.242	1.042
76.472	3.458e+00	-2.857	3405	5.242	1.042
76.472	4.602e+00	-2.858	3405	5.242	1.041
76.472	6.125e+00	-2.858	3405	5.243	1.041
76.472	8.136e+00	-2.859	3405	5.244	1.040
77.520	1.003e-04	-0.496	4139	3.225	10.698
77.520	1.324e-04	-0.532	4146	3.265	10.219
77.520	1.733e-04	-0.618	4163	3.358	9.177
77.520	2.275e-04	-0.735	4178	3.481	7.967
77.520	2.989e-04	-0.839	4191	3.590	7.025
77.520	3.930e-04	-0.935	4203	3.691	6.256
77.520	5.166e-04	-1.026	4213	3.786	5.609
77.520	6.738e-04	-1.112	4216	3.874	5.069
77.520	8.844e-04	-1.199	4216	3.960	4.588
77.520	1.162e-03	-1.288	4205	4.044	4.164
77.520	1.516e-03	-1.372	4192	4.124	3.801
77.520	2.001e-03	-1.461	4174	4.204	3.464
77.520	2.620e-03	-1.552	4137	4.280	3.174
77.520	3.458e-03	-1.645	4097	4.356	2.908
77.520	4.519e-03	-1.738	4044	4.427	2.680
77.520	5.942e-03	-1.835	3981	4.497	2.473
77.520	7.781e-03	-1.934	3907	4.563	2.291
77.520	1.019e-02	-2.033	3829	4.627	2.129
77.520	1.337e-02	-2.132	3748	4.689	1.982
77.520	1.757e-02	-2.229	3670	4.750	1.848
77.520	2.310e-02	-2.321	3602	4.809	1.726
77.520	3.036e-02	-2.408	3544	4.868	1.613
77.520	3.992e-02	-2.487	3503	4.927	1.508
77.520	5.246e-02	-2.561	3471	4.985	1.410
77.520	6.898e-02	-2.629	3451	5.043	1.320
77.520	9.066e-02	-2.691	3437	5.097	1.239
77.520	1.192e-01	-2.747	3424	5.146	1.171
77.520	1.561e-01	-2.790	3415	5.185	1.120
77.520	2.043e-01	-2.818	3413	5.212	1.086
77.520	2.682e-01	-2.834	3411	5.227	1.067
77.520	3.512e-01	-2.840	3411	5.234	1.059
77.520	4.590e-01	-2.842	3411	5.236	1.057
77.520	6.058e-01	-2.843	3411	5.236	1.056
77.520	8.063e-01	-2.843	3411	5.236	1.056
77.520	1.073e+00	-2.843	3411	5.236	1.056
77.520	1.428e+00	-2.843	3411	5.236	1.056
77.520	1.901e+00	-2.843	3411	5.237	1.056
77.520	2.531e+00	-2.844	3411	5.237	1.055
77.520	3.368e+00	-2.844	3411	5.237	1.055
77.520	4.483e+00	-2.844	3410	5.238	1.054
77.520	5.967e+00	-2.845	3410	5.238	1.054
77.520	7.926e+00	-2.846	3410	5.239	1.053
78.567	1.027e-04	-0.489	4141	3.225	10.769
78.567	1.351e-04	-0.529	4149	3.268	10.248
78.567	1.775e-04	-0.624	4168	3.371	9.098
78.567	2.358e-04	-0.742	4183	3.496	7.883
78.567	3.099e-04	-0.844	4196	3.604	6.964
78.567	4.067e-04	-0.939	4208	3.703	6.213
78.567	5.345e-04	-1.029	4217	3.797	5.575
78.567	6.972e-04	-1.115	4220	3.884	5.041
78.567	9.151e-04	-1.201	4221	3.971	4.565
78.567	1.203e-03	-1.290	4209	4.054	4.144
78.567	1.569e-03	-1.374	4196	4.133	3.784
78.567	2.071e-03	-1.463	4178	4.214	3.448
78.567	2.711e-03	-1.554	4142	4.290	3.160
78.567	3.558e-03	-1.644	4102	4.364	2.901
78.567	4.659e-03	-1.738	4050	4.436	2.672
78.567	6.099e-03	-1.834	3988	4.504	2.469
78.567	8.066e-03	-1.936	3912	4.573	2.281
78.567	1.060e-02	-2.037	3832	4.638	2.117
78.567	1.394e-02	-2.136	3750	4.700	1.970
78.567	1.818e-02	-2.231	3674	4.759	1.841
78.567	2.400e-02	-2.324	3605	4.819	1.718
78.567	3.136e-02	-2.409	3548	4.877	1.608
78.567	4.123e-02	-2.487	3508	4.935	1.503
78.567	5.419e-02	-2.561	3475	4.993	1.406
78.567	7.125e-02	-2.628	3455	5.050	1.317
78.567	9.364e-02	-2.689	3442	5.104	1.238
78.567	1.231e-01	-2.743	3429	5.151	1.173
78.567	1.612e-01	-2.784	3419	5.187	1.125
78.567	2.111e-01	-2.809	3417	5.211	1.094
78.567	2.770e-01	-2.823	3416	5.224	1.078
78.567	3.641e-01	-2.828	3416	5.230	1.071
78.567	4.806e-01	-2.830	3416	5.231	1.069
78.567	6.331e-01	-2.830	3415	5.231	1.069
78.567	8.426e-01	-2.830	3415	5.231	1.069
78.567	1.122e+00	-2.830	3415	5.232	1.069
78.567	1.493e+00	-2.830	3415	5.232	1.069
78.567	1.987e+00	-2.830	3415	5.232	1.068
78.567	2.644e+00	-2.831	3415	5.232	1.068
78.567	3.520e+00	-2.831	3415	5.233	1.068
78.567	4.685e+00	-2.832	3415	5.233	1.067
78.567	6.235e+00	-2.832	3415	5.234	1.066
78.567	8.299e+00	-2.833	3415	5.234	1.065
80.663	1.022e-04	-0.471	4145	3.220	10.975
80.663	1.338e-04	-0.512	4153	3.265	10.424
80.663	1.767e-04	-0.612	4174	3.373	9.198
80.663	2.336e-04	-0.727	4190	3.495	7.994
80.663	3.059e-04	-0.827	4203	3.600	7.083
80.663	4.037e-04	-0.923	4215	3.701	6.309
80.663	5.285e-04	-1.011	4224	3.793	5.673
80.663	6.976e-04	-1.100	4229	3.884	5.108
80.663	9.133e-04	-1.185	4230	3.970	4.630
80.663	1.199e-03	-1.272	4221	4.053	4.206
80.663	1.575e-03	-1.359	4208	4.134	3.830
80.663	2.071e-03	-1.445	4193	4.214	3.495
80.663	2.722e-03	-1.536	4159	4.291	3.197
80.663	3.551e-03	-1.624	4122	4.364	2.940
80.663	4.623e-03	-1.715	4075	4.435	2.711
80.663	6.103e-03	-1.813	4013	4.506	2.497
80.663	8.039e-03	-1.913	3940	4.575	2.307
80.663	1.057e-02	-2.013	3862	4.640	2.140
80.663	1.389e-02	-2.114	3780	4.703	1.991
80.663	1.819e-02	-2.210	3701	4.763	1.857
80.663	2.381e-02	-2.302	3631	4.822	1.736
80.663	3.126e-02	-2.391	3568	4.880	1.624
80.663	4.108e-02	-2.469	3526	4.938	1.519
80.663	5.358e-02	-2.543	3490	4.993	1.425
80.663	7.073e-02	-2.611	3467	5.050	1.335
80.663	9.259e-02	-2.669	3454	5.102	1.258
80.663	1.222e-01	-2.722	3442	5.148	1.192
80.663	1.600e-01	-2.761	3432	5.183	1.146
80.663	2.083e-01	-2.786	3427	5.205	1.117
80.663	2.750e-01	-2.798	3425	5.217	1.102
80.663	3.600e-01	-2.803	3425	5.221	1.096
80.663	4.687e-01	-2.804	3425	5.222	1.095
80.663	6.187e-01	-2.805	3425	5.222	1.094
80.663	8.151e-01	-2.805	3425	5.222	1.094
80.663	1.085e+00	-2.805	3425	5.223	1.094
80.663	1.444e+00	-2.805	3425	5.223	1.094
80.663	1.922e+00	-2.805	3425	5.223	1.094
80.663	2.558e+00	-2.805	3425	5.223	1.093
80.663	3.405e+00	-2.806	3425	5.224	1.093
80.663	4.532e+00	-2.806	3425	5.224	1.092
80.663	6.032e+00	-2.807	3425	5.225	1.092
80.663	8.028e+00	-2.808	3425	5.225	1.091
81.710	1.005e-04	-0.461	4146	3.216	11.098
81.710	1.307e-04	-0.500	4154	3.258	10.568
81.710	1.705e-04	-0.592	4173	3.359	9.411
81.710	2.250e-04	-0.707	4192	3.481	8.178
81.710	2.945e-04	-0.807	4205	3.587	7.240
81.710	3.888e-04	-0.903	4217	3.688	6.445
81.710	5.090e-04	-0.992	4227	3.781	5.793
81.710	6.718e-04	-1.081	4233	3.872	5.214
81.710	8.780e-04	-1.165	4234	3.957	4.728
81.710	1.145e-03	-1.249	4229	4.039	4.302
81.710	1.512e-03	-1.338	4215	4.122	3.910
81.710	1.975e-03	-1.422	4202	4.200	3.574
81.710	2.577e-03	-1.509	4175	4.276	3.275
81.710	3.401e-03	-1.601	4138	4.353	2.998
81.710	4.445e-03	-1.691	4094	4.425	2.760
81.710	5.797e-03	-1.785	4036	4.494	2.549
81.710	7.653e-03	-1.884	3968	4.563	2.352
81.710	1.000e-02	-1.983	3892	4.628	2.183
81.710	1.304e-02	-2.080	3813	4.690	2.033
81.710	1.722e-02	-2.181	3730	4.752	1.892
81.710	2.254e-02	-2.274	3657	4.811	1.768
81.710	2.958e-02	-2.364	3591	4.870	1.653
81.710	3.874e-02	-2.444	3543	4.927	1.548
81.710	5.072e-02	-2.520	3504	4.983	1.451
81.710	6.694e-02	-2.590	3478	5.040	1.359
81.710	8.818e-02	-2.651	3462	5.093	1.279
81.710	1.159e-01	-2.703	3450	5.139	1.212
81.710	1.524e-01	-2.745	3440	5.176	1.162
81.710	2.003e-01	-2.772	3433	5.199	1.131
81.710	2.612e-01	-2.785	3431	5.211	1.115
81.710	3.429e-01	-2.790	3430	5.216	1.109
81.710	4.490e-01	-2.792	3430	5.218	1.107
81.710	5.914e-01	-2.792	3430	5.218	1.107
81.710	7.872e-01	-2.792	3430	5.218	1.107
81.710	1.048e+00	-2.792	3430	5.218	1.107
81.710	1.395e+00	-2.793	3430	5.218	1.107
81.710	1.856e+00	-2.793	3430	5.219	1.106
81.710	2.471e+00	-2.793	3430	5.219	1.106
81.710	3.288e+00	-2.793	3430	5.219	1.106
81.710	4.377e+00	-2.794	3430	5.220	1.105
81.710	5.825e+00	-2.795	3430	5.220	1.104
81.710	7.754e+00	-2.795	3430	5.221	1.103
81.710	1.000e+01	-2.796	3429	5.222	1.102
83.805	1.031e-04	-0.447	4151	3.215	11.249
83.805	1.356e-04	-0.496	4161	3.268	10.581
83.805	1.782e-04	-0.603	4183	3.385	9.255
83.805	2.343e-04	-0.711	4201	3.500	8.103
83.805	3.080e-04	-0.810	4214	3.605	7.181
83.805	4.048e-04	-0.903	4225	3.703	6.418
83.805	5.322e-04	-0.992	4235	3.796	5.766
83.805	6.995e-04	-1.079	4242	3.885	5.204
83.805	9.197e-04	-1.165	4243	3.971	4.711
83.805	1.204e-03	-1.250	4238	4.054	4.283
83.805	1.577e-03	-1.335	4225	4.134	3.905
83.805	2.081e-03	-1.422	4211	4.215	3.558
83.805	2.724e-03	-1.509	4185	4.292	3.258
83.805	3.576e-03	-1.599	4148	4.367	2.988
83.805	4.682e-03	-1.690	4105	4.439	2.749
83.805	6.119e-03	-1.784	4047	4.509	2.537
83.805	8.045e-03	-1.882	3981	4.578	2.344
83.805	1.057e-02	-1.982	3904	4.644	2.172
83.805	1.390e-02	-2.083	3821	4.707	2.018
83.805	1.827e-02	-2.182	3740	4.769	1.880
83.805	2.402e-02	-2.277	3665	4.829	1.755
83.805	3.157e-02	-2.367	3599	4.887	1.641
83.805	4.151e-02	-2.448	3550	4.944	1.536
83.805	5.456e-02	-2.523	3511	5.001	1.440
83.805	7.116e-02	-2.588	3487	5.054	1.355
83.805	9.394e-02	-2.647	3471	5.104	1.278
83.805	1.230e-01	-2.694	3460	5.146	1.217
83.805	1.623e-01	-2.731	3451	5.179	1.173
83.805	2.121e-01	-2.752	3446	5.197	1.148
83.805	2.767e-01	-2.763	3443	5.206	1.137
83.805	3.652e-01	-2.766	3443	5.209	1.132
83.805	4.811e-01	-2.767	3442	5.210	1.131
83.805	6.403e-01	-2.767	3442	5.210	1.131
83.805	8.523e-01	-2.767	3442	5.210	1.131
83.805	1.134e+00	-2.767	3442	5.211	1.131
83.805	1.510e+00	-2.768	3442	5.211	1.131
83.805	2.010e+00	-2.768	3442	5.211	1.130
83.805	2.675e+00	-2.768	3442	5.211	1.130
83.805	3.560e+00	-2.769	3442	5.212	1.130
83.805	4.739e+00	-2.769	3442	5.212	1.129
83.805	6.307e+00	-2.770	3442	5.213	1.128
83.805	8.395e+00	-2.771	3441	5.214	1.127
85.900	1.046e-04	-0.433	4155	3.214	11.409
85.900	1.369e-04	-0.487	4166	3.273	10.659
85.900	1.803e-04	-0.598	4189	3.393	9.284
85.900	2.370e-04	-0.703	4209	3.506	8.146
85.900	3.129e-04	-0.803	4222	3.611	7.217
85.900	4.089e-04	-0.893	4233	3.706	6.471
85.900	5.376e-04	-0.982	4242	3.799	5.818
85.900	7.065e-04	-1.067	4250	3.887	5.252
85.900	9.289e-04	-1.153	4252	3.974	4.756
85.900	1.216e-03	-1.237	4248	4.056	4.324
85.900	1.592e-03	-1.322	4236	4.137	3.942
85.900	2.102e-03	-1.409	4221	4.217	3.592
85.900	2.752e-03	-1.494	4201	4.294	3.288
85.900	3.612e-03	-1.585	4164	4.370	3.015
85.900	4.747e-03	-1.676	4122	4.443	2.769
85.900	6.192e-03	-1.769	4067	4.513	2.556
85.900	8.173e-03	-1.867	4004	4.583	2.358
85.900	1.070e-02	-1.966	3928	4.649	2.186
85.900	1.412e-02	-2.068	3844	4.714	2.028
85.900	1.849e-02	-2.166	3763	4.775	1.891
85.900	2.440e-02	-2.263	3685	4.835	1.763
85.900	3.189e-02	-2.352	3619	4.893	1.651
85.900	4.193e-02	-2.435	3565	4.950	1.546
85.900	5.511e-02	-2.509	3526	5.005	1.450
85.900	7.246e-02	-2.576	3499	5.058	1.364
85.900	9.523e-02	-2.633	3482	5.107	1.290
85.900	1.252e-01	-2.678	3472	5.147	1.232
85.900	1.640e-01	-2.711	3464	5.176	1.192
85.900	2.146e-01	-2.730	3459	5.192	1.169
85.900	2.795e-01	-2.739	3457	5.200	1.159
85.900	3.668e-01	-2.742	3456	5.202	1.156
85.900	4.821e-01	-2.742	3456	5.203	1.155
85.900	6.417e-01	-2.742	3456	5.203	1.155
85.900	8.541e-01	-2.742	3456	5.203	1.155
85.900	1.137e+00	-2.743	3456	5.203	1.154
85.900	1.513e+00	-2.743	3456	5.204	1.154
85.900	2.014e+00	-2.743	3456	5.204	1.154
85.900	2.675e+00	-2.743	3456	5.204	1.154
85.900	3.560e+00	-2.744	3456	5.204	1.153
85.900	4.739e+00	-2.744	3456	5.205	1.152
85.900	6.307e+00	-2.745	3455	5.206	1.152
85.900	8.358e+00	-2.746	3455	5.206	1.150
87.996	1.011e-04	-0.414	4158	3.206	11.647
87.996	1.328e-04	-0.468	4169	3.265	10.883
87.996	1.753e-04	-0.578	4192	3.385	9.483
87.996	2.295e-04	-0.681	4212	3.496	8.345
87.996	3.030e-04	-0.780	4227	3.601	7.394
87.996	3.966e-04	-0.871	4238	3.696	6.625
87.996	5.206e-04	-0.958	4248	3.788	5.961
87.996	6.842e-04	-1.044	4257	3.877	5.381
87.996	8.996e-04	-1.129	4260	3.963	4.872
87.996	1.182e-03	-1.213	4259	4.047	4.423
87.996	1.542e-03	-1.297	4248	4.127	4.036
87.996	2.036e-03	-1.384	4234	4.208	3.676
87.996	2.665e-03	-1.467	4219	4.285	3.364
87.996	3.524e-03	-1.560	4184	4.363	3.074
87.996	4.634e-03	-1.650	4145	4.437	2.822
87.996	6.068e-03	-1.743	4094	4.509	2.600
87.996	7.943e-03	-1.837	4036	4.578	2.402
87.996	1.048e-02	-1.939	3959	4.646	2.220
87.996	1.373e-02	-2.038	3880	4.710	2.062
87.996	1.787e-02	-2.134	3799	4.770	1.924
87.996	2.346e-02	-2.231	3719	4.830	1.796
87.996	3.083e-02	-2.323	3649	4.889	1.679
87.996	4.053e-02	-2.409	3588	4.946	1.572
87.996	5.327e-02	-2.484	3548	5.001	1.475
87.996	7.004e-02	-2.553	3515	5.054	1.388
87.996	9.172e-02	-2.609	3496	5.101	1.315
87.996	1.201e-01	-2.654	3485	5.140	1.257
87.996	1.585e-01	-2.687	3477	5.169	1.215
87.996	2.071e-01	-2.706	3472	5.186	1.193
87.996	2.702e-01	-2.715	3470	5.193	1.182
87.996	3.546e-01	-2.718	3470	5.196	1.179
87.996	4.660e-01	-2.718	3469	5.196	1.178
87.996	6.203e-01	-2.718	3469	5.196	1.178
87.996	8.256e-01	-2.718	3469	5.196	1.178
87.996	1.099e+00	-2.719	3469	5.197	1.178
87.996	1.463e+00	-2.719	3469	5.197	1.177
87.996	1.947e+00	-2.719	3469	5.197	1.177
87.996	2.591e+00	-2.719	3469	5.197	1.177
87.996	3.449e+00	-2.720	3469	5.198	1.176
87.996	4.590e+00	-2.720	3469	5.198	1.176
87.996	6.097e+00	-2.721	3469	5.199	1.175
87.996	8.115e+00	-2.722	3469	5.200	1.173
90.091	1.011e-04	-0.400	4161	3.204	11.819
90.091	1.321e-04	-0.456	4174	3.266	11.004
90.091	1.744e-04	-0.568	4196	3.386	9.579
90.091	2.297e-04	-0.671	4217	3.498	8.419
90.091	3.008e-04	-0.766	4233	3.599	7.494
90.091	3.938e-04	-0.856	4244	3.694	6.719
90.091	5.169e-04	-0.943	4254	3.786	6.048
90.091	6.794e-04	-1.028	4263	3.874	5.461
90.091	8.932e-04	-1.112	4268	3.960	4.945
90.091	1.174e-03	-1.197	4267	4.044	4.489
90.091	1.531e-03	-1.280	4259	4.124	4.096
90.091	2.010e-03	-1.365	4246	4.204	3.737
90.091	2.641e-03	-1.449	4232	4.282	3.415
90.091	3.445e-03	-1.535	4203	4.357	3.133
90.091	4.548e-03	-1.627	4165	4.433	2.871
90.091	5.953e-03	-1.718	4119	4.504	2.644
90.091	7.814e-03	-1.813	4061	4.575	2.438
90.091	1.027e-02	-1.911	3991	4.643	2.254
90.091	1.356e-02	-2.013	3910	4.709	2.088
90.091	1.775e-02	-2.113	3828	4.771	1.944
90.091	2.329e-02	-2.210	3747	4.832	1.814
90.091	3.061e-02	-2.303	3673	4.890	1.695
90.091	3.993e-02	-2.388	3610	4.946	1.591
90.091	5.271e-02	-2.466	3566	5.001	1.492
90.091	6.900e-02	-2.533	3531	5.052	1.407
90.091	9.056e-02	-2.590	3510	5.099	1.334
90.091	1.190e-01	-2.636	3496	5.137	1.276
90.091	1.565e-01	-2.666	3489	5.165	1.236
90.091	2.057e-01	-2.684	3485	5.180	1.214
90.091	2.683e-01	-2.692	3483	5.187	1.205
90.091	3.487e-01	-2.694	3483	5.189	1.202
90.091	4.577e-01	-2.695	3482	5.190	1.201
90.091	6.016e-01	-2.695	3482	5.190	1.201
90.091	8.007e-01	-2.695	3482	5.190	1.201
90.091	1.066e+00	-2.695	3482	5.190	1.200
90.091	1.418e+00	-2.696	3482	5.190	1.200
90.091	1.888e+00	-2.696	3482	5.190	1.200
90.091	2.513e+00	-2.696	3482	5.191	1.200
90.091	3.345e+00	-2.697	3482	5.191	1.199
90.091	4.452e+00	-2.697	3482	5.192	1.198
90.091	5.925e+00	-2.698	3482	5.192	1.197
90.091	7.887e+00	-2.699	3482	5.193	1.196
92.186	1.043e-04	-0.391	4166	3.207	11.910
92.186	1.371e-04	-0.462	4181	3.285	10.889
92.186	1.802e-04	-0.572	4204	3.404	9.495
92.186	2.378e-04	-0.673	4225	3.514	8.367
92.186	3.114e-04	-0.766	4241	3.613	7.465
92.186	4.087e-04	-0.856	4252	3.707	6.695
92.186	5.371e-04	-0.943	4262	3.798	6.030
92.186	7.062e-04	-1.027	4271	3.886	5.449
92.186	9.281e-04	-1.110	4276	3.972	4.937
92.186	1.220e-03	-1.195	4275	4.056	4.483
92.186	1.604e-03	-1.279	4267	4.137	4.081
92.186	2.109e-03	-1.365	4254	4.217	3.722
92.186	2.771e-03	-1.449	4240	4.295	3.402
92.186	3.644e-03	-1.537	4212	4.372	3.113
92.186	4.789e-03	-1.628	4174	4.447	2.857
92.186	6.296e-03	-1.720	4128	4.520	2.627
92.186	8.275e-03	-1.815	4070	4.590	2.422
92.186	1.088e-02	-1.913	4000	4.659	2.239
92.186	1.430e-02	-2.014	3920	4.724	2.076
92.186	1.865e-02	-2.112	3838	4.785	1.935
92.186	2.448e-02	-2.209	3757	4.846	1.806
92.186	3.217e-02	-2.302	3683	4.904	1.688
92.186	4.197e-02	-2.387	3620	4.959	1.585
92.186	5.539e-02	-2.463	3575	5.013	1.489
92.186	7.252e-02	-2.529	3542	5.063	1.406
92.186	9.572e-02	-2.584	3520	5.107	1.336
92.186	1.253e-01	-2.625	3506	5.141	1.285
92.186	1.645e-01	-2.651	3500	5.164	1.251
92.186	2.162e-01	-2.665	3497	5.177	1.233
92.186	2.819e-01	-2.671	3495	5.182	1.226
92.186	3.671e-01	-2.672	3495	5.183	1.224
92.186	4.818e-01	-2.673	3495	5.184	1.223
92.186	6.310e-01	-2.673	3495	5.184	1.223
92.186	8.312e-01	-2.673	3495	5.184	1.223
92.186	1.106e+00	-2.673	3495	5.184	1.223
92.186	1.472e+00	-2.673	3495	5.184	1.223
92.186	1.960e+00	-2.673	3495	5.184	1.222
92.186	2.609e+00	-2.674	3495	5.185	1.222
92.186	3.472e+00	-2.674	3495	5.185	1.221
92.186	4.621e+00	-2.675	3494	5.186	1.221
92.186	6.112e+00	-2.676	3494	5.186	1.220
92.186	8.135e+00	-2.677	3494	5.187	1.218
94.281	1.005e-04	-0.373	4169	3.199	12.148
94.281	1.322e-04	-0.441	4184	3.275	11.142
94.281	1.752e-04	-0.553	4206	3.395	9.699
94.281	2.316e-04	-0.654	4228	3.505	8.543
94.281	3.032e-04	-0.745	4246	3.604	7.625
94.281	3.980e-04	-0.835	4257	3.699	6.839
94.281	5.231e-04	-0.922	4267	3.789	6.160
94.281	6.877e-04	-1.006	4276	3.877	5.566
94.281	9.039e-04	-1.089	4284	3.963	5.044
94.281	1.188e-03	-1.173	4283	4.047	4.579
94.281	1.562e-03	-1.257	4279	4.129	4.167
94.281	2.054e-03	-1.342	4266	4.209	3.800
94.281	2.699e-03	-1.426	4252	4.288	3.471
94.281	3.549e-03	-1.512	4231	4.365	3.176
94.281	4.664e-03	-1.603	4193	4.440	2.912
94.281	6.132e-03	-1.694	4151	4.513	2.676
94.281	8.059e-03	-1.788	4097	4.585	2.465
94.281	1.060e-02	-1.885	4032	4.654	2.277
94.281	1.393e-02	-1.985	3953	4.720	2.110
94.281	1.838e-02	-2.088	3868	4.785	1.959
94.281	2.406e-02	-2.185	3786	4.845	1.828
94.281	3.158e-02	-2.279	3710	4.903	1.709
94.281	4.151e-02	-2.366	3644	4.959	1.602
94.281	5.415e-02	-2.442	3594	5.011	1.509
94.281	7.147e-02	-2.509	3560	5.061	1.424
94.281	9.356e-02	-2.564	3534	5.104	1.356
94.281	1.235e-01	-2.605	3520	5.138	1.304
94.281	1.617e-01	-2.631	3512	5.160	1.272
94.281	2.122e-01	-2.644	3509	5.172	1.255
94.281	2.789e-01	-2.649	3508	5.176	1.248
94.281	3.667e-01	-2.651	3507	5.177	1.246
94.281	4.859e-01	-2.651	3507	5.178	1.246
94.281	6.455e-01	-2.651	3507	5.178	1.246
94.281	8.591e-01	-2.651	3507	5.178	1.245
94.281	1.143e+00	-2.651	3507	5.178	1.245
94.281	1.522e+00	-2.652	3507	5.178	1.245
94.281	2.026e+00	-2.652	3507	5.178	1.245
94.281	2.696e+00	-2.652	3507	5.179	1.244
94.281	3.573e+00	-2.653	3507	5.179	1.244
94.281	4.756e+00	-2.653	3507	5.180	1.243
94.281	6.330e+00	-2.654	3506	5.180	1.242
94.281	8.425e+00	-2.655	3506	5.181	1.240
96.376	1.033e-04	-0.365	4174	3.204	12.219
96.376	1.353e-04	-0.445	4191	3.290	11.062
96.376	1.775e-04	-0.551	4212	3.405	9.691
96.376	2.333e-04	-0.648	4233	3.511	8.583
96.376	3.068e-04	-0.739	4253	3.610	7.659
96.376	4.032e-04	-0.828	4264	3.704	6.874
96.376	5.259e-04	-0.912	4274	3.791	6.213
96.376	6.942e-04	-0.997	4283	3.880	5.609
96.376	9.088e-04	-1.078	4290	3.964	5.092
96.376	1.200e-03	-1.163	4291	4.049	4.617
96.376	1.570e-03	-1.244	4288	4.130	4.208
96.376	2.061e-03	-1.329	4276	4.210	3.839
96.376	2.709e-03	-1.413	4262	4.288	3.507
96.376	3.533e-03	-1.495	4246	4.363	3.216
96.376	4.637e-03	-1.585	4210	4.439	2.949
96.376	6.095e-03	-1.675	4170	4.512	2.710
96.376	8.014e-03	-1.769	4119	4.584	2.494
96.376	1.049e-02	-1.863	4059	4.653	2.305
96.376	1.374e-02	-1.962	3982	4.719	2.137
96.376	1.803e-02	-2.062	3899	4.782	1.985
96.376	2.370e-02	-2.161	3815	4.844	1.849
96.376	3.091e-02	-2.254	3738	4.901	1.731
96.376	4.018e-02	-2.339	3672	4.955	1.627
96.376	5.224e-02	-2.417	3616	5.007	1.534
96.376	6.856e-02	-2.483	3581	5.056	1.449
96.376	9.011e-02	-2.540	3551	5.099	1.380
96.376	1.175e-01	-2.581	3536	5.131	1.329
96.376	1.551e-01	-2.608	3526	5.154	1.294
96.376	2.027e-01	-2.622	3522	5.166	1.277
96.376	2.645e-01	-2.628	3520	5.170	1.270
96.376	3.471e-01	-2.630	3519	5.172	1.268
96.376	4.600e-01	-2.630	3519	5.172	1.268
96.376	6.122e-01	-2.630	3519	5.172	1.268
96.376	8.149e-01	-2.630	3519	5.172	1.267
96.376	1.085e+00	-2.630	3519	5.172	1.267
96.376	1.444e+00	-2.630	3519	5.172	1.267
96.376	1.921e+00	-2.631	3519	5.173	1.267
96.376	2.557e+00	-2.631	3519	5.173	1.266
96.376	3.404e+00	-2.631	3519	5.173	1.266
96.376	4.531e+00	-2.632	3519	5.174	1.265
96.376	6.030e+00	-2.633	3518	5.175	1.264
96.376	8.026e+00	-2.634	3518	5.176	1.262
98.471	1.028e-04	-0.354	4178	3.203	12.360
98.471	1.357e-04	-0.440	4196	3.298	11.090
98.471	1.787e-04	-0.545	4218	3.411	9.728
98.471	2.349e-04	-0.641	4238	3.515	8.633
98.471	3.064e-04	-0.727	4258	3.610	7.738
98.471	4.044e-04	-0.817	4270	3.705	6.937
98.471	5.285e-04	-0.901	4280	3.793	6.269
98.471	6.949e-04	-0.985	4289	3.880	5.670
98.471	9.132e-04	-1.067	4297	3.965	5.141
98.471	1.201e-03	-1.150	4299	4.049	4.669
98.471	1.578e-03	-1.233	4296	4.131	4.249
98.471	2.058e-03	-1.315	4286	4.209	3.884
98.471	2.717e-03	-1.400	4272	4.289	3.543
98.471	3.557e-03	-1.482	4258	4.365	3.245
98.471	4.668e-03	-1.572	4224	4.441	2.975
98.471	6.136e-03	-1.662	4185	4.514	2.732
98.471	8.067e-03	-1.754	4138	4.587	2.514
98.471	1.060e-02	-1.849	4077	4.657	2.320
98.471	1.383e-02	-1.947	4003	4.722	2.151
98.471	1.825e-02	-2.049	3920	4.788	1.995
98.471	2.390e-02	-2.147	3837	4.848	1.860
98.471	3.154e-02	-2.244	3755	4.908	1.736
98.471	4.129e-02	-2.331	3687	4.964	1.629
98.471	5.451e-02	-2.413	3627	5.017	1.532
98.471	7.135e-02	-2.477	3592	5.064	1.452
98.471	9.365e-02	-2.530	3564	5.104	1.386
98.471	1.231e-01	-2.569	3547	5.134	1.339
98.471	1.605e-01	-2.591	3539	5.153	1.310
98.471	2.107e-01	-2.603	3535	5.162	1.296
98.471	2.759e-01	-2.607	3534	5.166	1.291
98.471	3.635e-01	-2.608	3533	5.167	1.289
98.471	4.817e-01	-2.608	3533	5.167	1.289
98.471	6.412e-01	-2.608	3533	5.167	1.289
98.471	8.534e-01	-2.609	3533	5.167	1.289
98.471	1.136e+00	-2.609	3533	5.167	1.289
98.471	1.512e+00	-2.609	3533	5.167	1.288
98.471	2.012e+00	-2.609	3533	5.168	1.288
98.471	2.678e+00	-2.610	3533	5.168	1.287
98.471	3.565e+00	-2.610	3533	5.168	1.287
98.471	4.745e+00	-2.611	3532	5.169	1.286
98.471	6.302e+00	-2.612	3532	5.170	1.285
98.471	8.388e+00	-2.613	3532	5.171	1.283
100.566	1.028e-04	-0.344	4182	3.205	12.472
100.566	1.357e-04	-0.435	4201	3.304	11.129
100.566	1.795e-04	-0.540	4223	3.417	9.770
100.566	2.349e-04	-0.632	4242	3.517	8.702
100.566	3.059e-04	-0.717	4263	3.611	7.814
100.566	4.015e-04	-0.804	4276	3.703	7.026
100.566	5.277e-04	-0.889	4286	3.793	6.339
100.566	6.883e-04	-0.970	4294	3.877	5.751
100.566	9.086e-04	-1.054	4303	3.963	5.207
100.566	1.189e-03	-1.134	4306	4.046	4.737
100.566	1.570e-03	-1.218	4304	4.129	4.305
100.566	2.052e-03	-1.300	4296	4.207	3.932
100.566	2.698e-03	-1.385	4282	4.286	3.591
100.566	3.545e-03	-1.468	4269	4.364	3.284
100.566	4.661e-03	-1.556	4239	4.440	3.007
100.566	6.126e-03	-1.646	4201	4.514	2.761
100.566	8.055e-03	-1.737	4157	4.587	2.540
100.566	1.059e-02	-1.832	4097	4.657	2.342
100.566	1.392e-02	-1.931	4025	4.725	2.166
100.566	1.829e-02	-2.032	3944	4.790	2.010
100.566	2.386e-02	-2.129	3861	4.851	1.875
100.566	3.107e-02	-2.222	3782	4.908	1.755
100.566	4.101e-02	-2.313	3709	4.965	1.644
100.566	5.369e-02	-2.392	3649	5.016	1.550
100.566	7.046e-02	-2.458	3609	5.063	1.468
100.566	9.261e-02	-2.511	3582	5.102	1.403
100.566	1.218e-01	-2.550	3562	5.131	1.357
100.566	1.595e-01	-2.572	3553	5.149	1.329
100.566	2.087e-01	-2.582	3550	5.158	1.316
100.566	2.718e-01	-2.586	3548	5.161	1.312
100.566	3.588e-01	-2.587	3548	5.162	1.310
100.566	4.765e-01	-2.587	3548	5.162	1.310
100.566	6.343e-01	-2.587	3548	5.162	1.310
100.566	8.442e-01	-2.587	3548	5.162	1.310
100.566	1.124e+00	-2.588	3548	5.162	1.310
100.566	1.496e+00	-2.588	3548	5.163	1.309
100.566	1.991e+00	-2.588	3547	5.163	1.309
100.566	2.649e+00	-2.589	3547	5.163	1.308
100.566	3.526e+00	-2.589	3547	5.164	1.308
100.566	4.673e+00	-2.590	3547	5.164	1.307
100.566	6.220e+00	-2.591	3547	5.165	1.306
100.566	8.279e+00	-2.592	3546	5.166	1.304
102.661	1.019e-04	-0.334	4185	3.205	12.601
102.661	1.340e-04	-0.425	4205	3.304	11.234
102.661	1.772e-04	-0.528	4226	3.416	9.886
102.661	2.311e-04	-0.618	4246	3.514	8.830
102.661	3.034e-04	-0.705	4267	3.609	7.911
102.661	3.987e-04	-0.791	4281	3.701	7.114
102.661	5.200e-04	-0.874	4291	3.788	6.439
102.661	6.865e-04	-0.958	4300	3.876	5.818
102.661	8.986e-04	-1.038	4308	3.960	5.284
102.661	1.186e-03	-1.121	4313	4.044	4.794
102.661	1.550e-03	-1.202	4311	4.124	4.371
102.661	2.022e-03	-1.282	4306	4.203	3.995
102.661	2.669e-03	-1.368	4292	4.283	3.642
102.661	3.494e-03	-1.450	4279	4.359	3.335
102.661	4.612e-03	-1.537	4256	4.437	3.049
102.661	6.027e-03	-1.626	4218	4.510	2.803
102.661	7.924e-03	-1.716	4178	4.583	2.577
102.661	1.041e-02	-1.810	4121	4.654	2.375
102.661	1.369e-02	-1.908	4053	4.723	2.195
102.661	1.800e-02	-2.008	3972	4.788	2.035
102.661	2.366e-02	-2.108	3887	4.851	1.893
102.661	3.110e-02	-2.205	3805	4.910	1.768
102.661	4.089e-02	-2.296	3730	4.967	1.658
102.661	5.374e-02	-2.376	3670	5.018	1.562
102.661	7.065e-02	-2.444	3624	5.064	1.481
102.661	9.286e-02	-2.494	3598	5.102	1.417
102.661	1.211e-01	-2.531	3579	5.129	1.374
102.661	1.590e-01	-2.553	3568	5.146	1.348
102.661	2.082e-01	-2.562	3563	5.154	1.336
102.661	2.720e-01	-2.566	3562	5.156	1.332
102.661	3.591e-01	-2.566	3562	5.157	1.331
102.661	4.780e-01	-2.567	3562	5.157	1.331
102.661	6.362e-01	-2.567	3562	5.157	1.331
102.661	8.467e-01	-2.567	3562	5.157	1.330
102.661	1.127e+00	-2.567	3562	5.158	1.330
102.661	1.500e+00	-2.567	3562	5.158	1.330
102.661	1.997e+00	-2.568	3562	5.158	1.330
102.661	2.657e+00	-2.568	3561	5.158	1.329
102.661	3.537e+00	-2.569	3561	5.159	1.328
102.661	4.708e+00	-2.569	3561	5.159	1.327
102.661	6.253e+00	-2.570	3561	5.160	1.326
102.661	8.323e+00	-2.572	3560	5.161	1.325
104.757	1.013e-04	-0.325	4189	3.206	12.712
104.757	1.337e-04	-0.420	4210	3.310	11.277
104.757	1.747e-04	-0.516	4230	3.414	10.004
104.757	2.297e-04	-0.608	4249	3.514	8.919
104.757	3.019e-04	-0.694	4271	3.609	7.996
104.757	3.969e-04	-0.779	4287	3.700	7.194
104.757	5.197e-04	-0.863	4297	3.788	6.504
104.757	6.792e-04	-0.944	4306	3.872	5.901
104.757	8.859e-04	-1.023	4314	3.955	5.367
104.757	1.169e-03	-1.105	4320	4.039	4.869
104.757	1.528e-03	-1.185	4319	4.120	4.440
104.757	1.993e-03	-1.265	4316	4.198	4.057
104.757	2.591e-03	-1.346	4303	4.274	3.717
104.757	3.401e-03	-1.429	4290	4.351	3.400
104.757	4.470e-03	-1.513	4273	4.428	3.112
104.757	5.877e-03	-1.603	4236	4.504	2.854
104.757	7.724e-03	-1.692	4199	4.577	2.622
104.757	1.016e-02	-1.785	4146	4.649	2.415
104.757	1.330e-02	-1.880	4084	4.717	2.232
104.757	1.741e-02	-1.979	4005	4.782	2.070
104.757	2.285e-02	-2.079	3922	4.845	1.925
104.757	3.003e-02	-2.176	3838	4.905	1.797
104.757	3.949e-02	-2.268	3760	4.962	1.683
104.757	5.189e-02	-2.350	3697	5.014	1.585
104.757	6.769e-02	-2.419	3647	5.059	1.505
104.757	8.935e-02	-2.472	3617	5.098	1.440
104.757	1.168e-01	-2.508	3598	5.125	1.395
104.757	1.535e-01	-2.531	3586	5.142	1.368
104.757	2.010e-01	-2.541	3581	5.150	1.356
104.757	2.613e-01	-2.545	3579	5.152	1.352
104.757	3.398e-01	-2.545	3579	5.153	1.351
104.757	4.440e-01	-2.546	3578	5.153	1.351
104.757	5.861e-01	-2.546	3578	5.153	1.351
104.757	7.801e-01	-2.546	3578	5.153	1.351
104.757	1.038e+00	-2.546	3578	5.153	1.350
104.757	1.382e+00	-2.546	3578	5.154	1.350
104.757	1.839e+00	-2.547	3578	5.154	1.350
104.757	2.448e+00	-2.547	3578	5.154	1.349
104.757	3.259e+00	-2.548	3577	5.154	1.349
104.757	4.337e+00	-2.548	3577	5.155	1.348
104.757	5.773e+00	-2.549	3577	5.156	1.347
104.757	7.683e+00	-2.551	3576	5.157	1.345
104.757	1.000e+01	-2.552	3575	5.158	1.343
