Mass/Mjup	Age/Gyr	log(L/Lsun)	Teff	log(g)	Radius/Rjup
0.047	1.001e-04	-6.067	444	1.704	1.521
0.047	1.318e-04	-6.137	441	1.762	1.423
0.047	1.743e-04	-6.265	424	1.822	1.328
0.047	2.305e-04	-6.388	408	1.878	1.245
0.047	3.030e-04	-6.506	393	1.930	1.172
0.047	3.984e-04	-6.617	380	1.980	1.106
0.047	5.236e-04	-6.729	366	2.028	1.047
0.047	6.924e-04	-6.844	352	2.075	0.992
0.047	9.104e-04	-6.954	339	2.120	0.942
0.047	1.204e-03	-7.061	327	2.164	0.895
0.047	1.592e-03	-7.176	314	2.209	0.850
0.047	2.093e-03	-7.295	300	2.252	0.810
0.047	2.762e-03	-7.412	288	2.293	0.771
0.047	3.616e-03	-7.526	275	2.332	0.738
0.047	4.746e-03	-7.640	264	2.370	0.706
0.047	6.238e-03	-7.756	252	2.406	0.678
0.047	8.250e-03	-7.876	240	2.441	0.651
0.047	1.085e-02	-7.994	228	2.473	0.627
0.047	1.426e-02	-8.110	217	2.504	0.605
0.047	1.882e-02	-8.227	207	2.535	0.584
0.047	2.479e-02	-8.345	196	2.563	0.566
0.047	3.258e-02	-8.461	186	2.589	0.549
0.047	4.308e-02	-8.578	177	2.614	0.533
0.047	5.687e-02	-8.694	168	2.638	0.519
0.047	7.491e-02	-8.809	159	2.661	0.505
0.047	9.846e-02	-8.925	151	2.683	0.493
0.047	1.302e-01	-9.049	142	2.705	0.480
0.047	1.722e-01	-9.175	134	2.726	0.469
0.047	2.264e-01	-9.300	126	2.745	0.459
0.047	2.976e-01	-9.428	118	2.762	0.450
0.047	3.928e-01	-9.557	111	2.778	0.442
0.047	5.133e-01	-9.677	104	2.792	0.434
0.047	6.695e-01	-9.795	98	2.806	0.428
0.047	8.838e-01	-9.917	92	2.819	0.421
0.047	1.164e+00	-10.038	86	2.832	0.415
0.047	1.530e+00	-10.158	81	2.843	0.410
0.047	2.020e+00	-10.285	76	2.855	0.404
0.047	2.671e+00	-10.406	71	2.866	0.399
0.063	1.027e-04	-5.869	497	1.827	1.524
0.063	1.350e-04	-5.975	482	1.880	1.434
0.063	1.785e-04	-6.066	472	1.933	1.349
0.063	2.356e-04	-6.178	456	1.986	1.270
0.063	3.103e-04	-6.297	438	2.035	1.199
0.063	4.104e-04	-6.416	421	2.083	1.135
0.063	5.394e-04	-6.528	405	2.128	1.077
0.063	7.120e-04	-6.636	390	2.173	1.023
0.063	9.417e-04	-6.763	372	2.216	0.974
0.063	1.240e-03	-6.880	356	2.256	0.930
0.063	1.630e-03	-6.984	343	2.295	0.889
0.063	2.143e-03	-7.092	329	2.333	0.851
0.063	2.835e-03	-7.206	315	2.371	0.814
0.063	3.726e-03	-7.323	301	2.408	0.781
0.063	4.927e-03	-7.441	287	2.443	0.750
0.063	6.478e-03	-7.556	274	2.477	0.721
0.063	8.514e-03	-7.675	261	2.510	0.694
0.063	1.124e-02	-7.796	248	2.542	0.669
0.063	1.471e-02	-7.914	235	2.572	0.646
0.063	1.942e-02	-8.033	223	2.601	0.625
0.063	2.558e-02	-8.152	212	2.629	0.606
0.063	3.362e-02	-8.272	201	2.655	0.588
0.063	4.421e-02	-8.393	190	2.679	0.571
0.063	5.810e-02	-8.515	179	2.702	0.556
0.063	7.684e-02	-8.638	169	2.725	0.542
0.063	1.016e-01	-8.762	160	2.746	0.529
0.063	1.341e-01	-8.890	150	2.767	0.516
0.063	1.767e-01	-9.025	141	2.788	0.504
0.063	2.337e-01	-9.165	131	2.807	0.493
0.063	3.071e-01	-9.301	122	2.824	0.484
0.063	4.062e-01	-9.438	114	2.839	0.475
0.063	5.340e-01	-9.567	107	2.853	0.468
0.063	7.018e-01	-9.693	100	2.866	0.461
0.063	9.228e-01	-9.809	94	2.877	0.455
0.063	1.208e+00	-9.912	89	2.886	0.450
0.063	1.582e+00	-10.000	85	2.894	0.446
0.063	2.092e+00	-10.077	82	2.901	0.443
0.063	2.761e+00	-10.146	79	2.906	0.440
0.063	3.609e+00	-10.209	76	2.911	0.437
0.063	4.745e+00	-10.273	74	2.916	0.435
0.063	6.213e+00	-10.330	72	2.920	0.433
0.126	1.022e-04	-5.395	565	1.875	2.040
0.126	1.343e-04	-5.538	537	1.931	1.913
0.126	1.777e-04	-5.642	521	1.983	1.801
0.126	2.349e-04	-5.745	506	2.034	1.699
0.126	3.107e-04	-5.843	492	2.084	1.604
0.126	4.101e-04	-5.960	473	2.132	1.518
0.126	5.403e-04	-6.076	454	2.176	1.441
0.126	7.101e-04	-6.191	435	2.219	1.373
0.126	9.336e-04	-6.297	419	2.259	1.311
0.126	1.227e-03	-6.405	403	2.299	1.252
0.126	1.623e-03	-6.533	383	2.337	1.198
0.126	2.142e-03	-6.650	365	2.373	1.149
0.126	2.804e-03	-6.757	350	2.407	1.105
0.126	3.708e-03	-6.868	335	2.442	1.062
0.126	4.895e-03	-6.981	320	2.475	1.022
0.126	6.448e-03	-7.103	304	2.507	0.985
0.126	8.475e-03	-7.217	290	2.538	0.950
0.126	1.114e-02	-7.333	276	2.568	0.918
0.126	1.464e-02	-7.451	262	2.597	0.888
0.126	1.933e-02	-7.574	248	2.625	0.860
0.126	2.531e-02	-7.693	235	2.651	0.835
0.126	3.347e-02	-7.817	222	2.677	0.810
0.126	4.426e-02	-7.943	210	2.702	0.787
0.126	5.819e-02	-8.070	198	2.726	0.766
0.126	7.648e-02	-8.202	186	2.748	0.747
0.126	1.006e-01	-8.334	174	2.768	0.729
0.126	1.330e-01	-8.466	163	2.788	0.712
0.126	1.748e-01	-8.596	153	2.807	0.697
0.126	2.298e-01	-8.730	143	2.825	0.683
0.126	3.020e-01	-8.865	134	2.841	0.670
0.126	3.971e-01	-9.003	125	2.857	0.659
0.126	5.219e-01	-9.144	116	2.871	0.648
0.126	6.889e-01	-9.289	107	2.884	0.638
0.126	9.074e-01	-9.433	99	2.896	0.629
0.126	1.193e+00	-9.577	92	2.908	0.621
0.126	1.568e+00	-9.720	85	2.919	0.613
0.126	2.061e+00	-9.862	79	2.928	0.607
0.126	2.720e+00	-10.004	73	2.937	0.600
0.126	3.359e+00	-10.090	70	2.943	0.596
0.126	3.752e+00	-10.090	70	2.943	0.596
0.126	4.994e+00	-10.090	70	2.943	0.596
0.126	6.647e+00	-10.090	70	2.943	0.596
0.126	8.847e+00	-10.090	70	2.943	0.596
0.189	1.027e-04	-5.114	657	2.034	2.080
0.189	1.351e-04	-5.221	638	2.089	1.952
0.189	1.775e-04	-5.333	617	2.141	1.838
0.189	2.343e-04	-5.453	592	2.191	1.736
0.189	3.087e-04	-5.561	572	2.237	1.646
0.189	4.057e-04	-5.675	549	2.282	1.564
0.189	5.366e-04	-5.795	525	2.324	1.489
0.189	7.055e-04	-5.923	499	2.363	1.425
0.189	9.330e-04	-6.043	475	2.400	1.365
0.189	1.226e-03	-6.153	455	2.435	1.311
0.189	1.619e-03	-6.261	437	2.470	1.260
0.189	2.132e-03	-6.389	413	2.503	1.213
0.189	2.802e-03	-6.510	392	2.533	1.170
0.189	3.706e-03	-6.629	373	2.563	1.131
0.189	4.872e-03	-6.742	355	2.592	1.094
0.189	6.404e-03	-6.852	339	2.620	1.060
0.189	8.453e-03	-6.973	321	2.647	1.027
0.189	1.107e-02	-7.087	305	2.673	0.996
0.189	1.463e-02	-7.206	289	2.699	0.967
0.189	1.935e-02	-7.324	274	2.725	0.939
0.189	2.555e-02	-7.449	259	2.749	0.913
0.189	3.365e-02	-7.572	244	2.773	0.889
0.189	4.423e-02	-7.693	231	2.795	0.866
0.189	5.838e-02	-7.817	218	2.816	0.845
0.189	7.630e-02	-7.940	205	2.836	0.826
0.189	9.952e-02	-8.067	193	2.855	0.808
0.189	1.314e-01	-8.204	180	2.874	0.791
0.189	1.730e-01	-8.339	168	2.892	0.775
0.189	2.274e-01	-8.472	157	2.908	0.760
0.189	2.990e-01	-8.607	147	2.924	0.747
0.189	3.930e-01	-8.745	137	2.938	0.734
0.189	5.187e-01	-8.886	127	2.952	0.723
0.189	6.791e-01	-9.027	118	2.964	0.713
0.189	8.964e-01	-9.174	109	2.976	0.703
0.189	1.173e+00	-9.317	101	2.987	0.695
0.189	1.540e+00	-9.462	94	2.997	0.687
0.189	2.024e+00	-9.609	87	3.006	0.679
0.189	2.640e+00	-9.753	80	3.014	0.673
0.189	3.492e+00	-9.899	74	3.022	0.666
0.262	1.013e-04	-4.861	753	2.158	2.123
0.262	1.331e-04	-4.973	728	2.212	1.995
0.262	1.736e-04	-5.075	707	2.262	1.884
0.262	2.292e-04	-5.184	683	2.312	1.779
0.262	3.000e-04	-5.294	658	2.358	1.688
0.262	3.960e-04	-5.413	630	2.402	1.603
0.262	5.184e-04	-5.525	605	2.443	1.530
0.262	6.804e-04	-5.647	577	2.482	1.462
0.262	8.942e-04	-5.784	545	2.519	1.402
0.262	1.180e-03	-5.917	514	2.552	1.349
0.262	1.555e-03	-6.035	489	2.584	1.301
0.262	2.044e-03	-6.144	468	2.614	1.256
0.262	2.697e-03	-6.274	441	2.644	1.214
0.262	3.567e-03	-6.403	416	2.672	1.176
0.262	4.670e-03	-6.521	395	2.697	1.142
0.262	6.176e-03	-6.645	373	2.723	1.108
0.262	8.153e-03	-6.761	354	2.748	1.077
0.262	1.074e-02	-6.879	335	2.771	1.048
0.262	1.411e-02	-6.996	318	2.794	1.021
0.262	1.856e-02	-7.112	301	2.817	0.995
0.262	2.439e-02	-7.227	285	2.839	0.970
0.262	3.207e-02	-7.352	269	2.860	0.946
0.262	4.214e-02	-7.472	254	2.880	0.924
0.262	5.574e-02	-7.595	239	2.901	0.903
0.262	7.328e-02	-7.718	225	2.920	0.883
0.262	9.631e-02	-7.843	212	2.938	0.865
0.262	1.266e-01	-7.971	199	2.956	0.848
0.262	1.664e-01	-8.107	186	2.973	0.831
0.262	2.197e-01	-8.246	173	2.989	0.816
0.262	2.876e-01	-8.378	162	3.003	0.802
0.262	3.775e-01	-8.513	151	3.017	0.790
0.262	4.961e-01	-8.651	140	3.030	0.778
0.262	6.523e-01	-8.791	130	3.043	0.767
0.262	8.572e-01	-8.934	121	3.054	0.757
0.262	1.132e+00	-9.083	112	3.064	0.748
0.262	1.481e+00	-9.228	103	3.074	0.740
0.262	1.944e+00	-9.376	95	3.083	0.732
0.262	2.555e+00	-9.525	88	3.091	0.725
0.262	3.360e+00	-9.676	81	3.099	0.719
0.262	4.416e+00	-9.821	75	3.106	0.713
0.524	1.023e-04	-4.336	980	2.392	2.294
0.524	1.344e-04	-4.434	956	2.447	2.155
0.524	1.767e-04	-4.530	932	2.499	2.028
0.524	2.332e-04	-4.627	908	2.551	1.910
0.524	3.048e-04	-4.737	877	2.600	1.806
0.524	4.007e-04	-4.858	840	2.646	1.712
0.524	5.267e-04	-4.976	804	2.690	1.629
0.524	6.870e-04	-5.098	767	2.729	1.556
0.524	9.068e-04	-5.228	728	2.767	1.489
0.524	1.187e-03	-5.350	692	2.802	1.431
0.524	1.558e-03	-5.487	652	2.835	1.378
0.524	2.048e-03	-5.626	612	2.864	1.332
0.524	2.703e-03	-5.768	573	2.892	1.290
0.524	3.561e-03	-5.902	538	2.918	1.252
0.524	4.680e-03	-6.034	506	2.942	1.218
0.524	6.153e-03	-6.167	475	2.964	1.187
0.524	8.086e-03	-6.305	444	2.985	1.159
0.524	1.055e-02	-6.446	413	3.003	1.135
0.524	1.384e-02	-6.556	392	3.022	1.111
0.524	1.819e-02	-6.679	369	3.040	1.088
0.524	2.392e-02	-6.800	348	3.057	1.066
0.524	3.133e-02	-6.915	329	3.074	1.046
0.524	4.127e-02	-7.031	311	3.091	1.026
0.524	5.423e-02	-7.153	292	3.108	1.006
0.524	7.131e-02	-7.278	275	3.124	0.988
0.524	9.372e-02	-7.396	259	3.139	0.970
0.524	1.239e-01	-7.517	244	3.155	0.953
0.524	1.636e-01	-7.642	229	3.170	0.937
0.524	2.142e-01	-7.766	215	3.184	0.922
0.524	2.827e-01	-7.897	201	3.198	0.907
0.524	3.724e-01	-8.037	187	3.211	0.893
0.524	4.894e-01	-8.176	173	3.224	0.881
0.524	6.435e-01	-8.313	161	3.235	0.869
0.524	8.457e-01	-8.451	150	3.246	0.858
0.524	1.112e+00	-8.596	139	3.256	0.848
0.524	1.461e+00	-8.740	128	3.266	0.839
0.524	1.921e+00	-8.890	118	3.274	0.831
0.524	2.525e+00	-9.041	109	3.282	0.823
0.524	3.320e+00	-9.192	100	3.290	0.816
0.524	4.348e+00	-9.341	92	3.296	0.810
0.524	5.692e+00	-9.490	85	3.303	0.804
0.524	7.471e+00	-9.640	78	3.308	0.799
0.786	1.021e-04	-4.018	1140	2.513	2.443
0.786	1.336e-04	-4.113	1113	2.568	2.296
0.786	1.764e-04	-4.213	1085	2.622	2.156
0.786	2.324e-04	-4.323	1049	2.674	2.031
0.786	3.054e-04	-4.429	1015	2.723	1.920
0.786	3.983e-04	-4.529	984	2.769	1.821
0.786	5.258e-04	-4.639	949	2.816	1.725
0.786	6.883e-04	-4.765	904	2.858	1.643
0.786	9.034e-04	-4.888	862	2.898	1.569
0.786	1.187e-03	-5.017	818	2.935	1.503
0.786	1.567e-03	-5.151	773	2.971	1.443
0.786	2.052e-03	-5.281	730	3.002	1.392
0.786	2.713e-03	-5.421	685	3.033	1.344
0.786	3.539e-03	-5.563	641	3.059	1.303
0.786	4.672e-03	-5.713	597	3.084	1.267
0.786	6.116e-03	-5.856	557	3.106	1.235
0.786	8.088e-03	-6.000	519	3.127	1.205
0.786	1.055e-02	-6.132	486	3.146	1.180
0.786	1.385e-02	-6.276	452	3.164	1.156
0.786	1.820e-02	-6.425	419	3.180	1.134
0.786	2.407e-02	-6.550	393	3.196	1.114
0.786	3.177e-02	-6.667	371	3.211	1.094
0.786	4.185e-02	-6.777	351	3.226	1.075
0.786	5.500e-02	-6.899	330	3.241	1.057
0.786	7.260e-02	-7.017	311	3.256	1.039
0.786	9.601e-02	-7.144	291	3.271	1.022
0.786	1.265e-01	-7.269	273	3.284	1.006
0.786	1.662e-01	-7.385	258	3.298	0.990
0.786	2.194e-01	-7.508	242	3.311	0.975
0.786	2.872e-01	-7.630	227	3.324	0.961
0.786	3.799e-01	-7.760	212	3.337	0.947
0.786	4.994e-01	-7.893	198	3.349	0.934
0.786	6.564e-01	-8.032	184	3.360	0.922
0.786	8.630e-01	-8.171	171	3.371	0.911
0.786	1.134e+00	-8.310	159	3.381	0.900
0.786	1.491e+00	-8.453	147	3.390	0.890
0.786	1.960e+00	-8.598	136	3.399	0.882
0.786	2.577e+00	-8.746	125	3.407	0.873
0.786	3.387e+00	-8.898	115	3.414	0.866
0.786	4.471e+00	-9.053	106	3.421	0.859
0.786	5.843e+00	-9.202	98	3.428	0.853
0.786	7.621e+00	-9.351	90	3.433	0.847
0.786	1.000e+01	-9.501	83	3.439	0.842
1.048	1.029e-04	-3.798	1261	2.594	2.572
1.048	1.353e-04	-3.891	1234	2.649	2.413
1.048	1.786e-04	-3.992	1202	2.705	2.264
1.048	2.338e-04	-4.095	1168	2.756	2.133
1.048	3.068e-04	-4.202	1130	2.807	2.012
1.048	4.033e-04	-4.315	1088	2.855	1.904
1.048	5.323e-04	-4.428	1048	2.902	1.804
1.048	6.969e-04	-4.531	1013	2.945	1.716
1.048	9.147e-04	-4.658	964	2.988	1.634
1.048	1.202e-03	-4.785	917	3.027	1.563
1.048	1.590e-03	-4.917	868	3.064	1.497
1.048	2.090e-03	-5.049	821	3.098	1.439
1.048	2.747e-03	-5.186	772	3.129	1.389
1.048	3.612e-03	-5.323	725	3.158	1.343
1.048	4.747e-03	-5.465	679	3.184	1.303
1.048	6.241e-03	-5.619	630	3.208	1.268
1.048	8.203e-03	-5.775	583	3.230	1.237
1.048	1.083e-02	-5.922	541	3.249	1.209
1.048	1.426e-02	-6.059	506	3.267	1.184
1.048	1.875e-02	-6.199	471	3.284	1.162
1.048	2.445e-02	-6.358	434	3.299	1.142
1.048	3.234e-02	-6.488	406	3.313	1.123
1.048	4.252e-02	-6.600	383	3.327	1.106
1.048	5.588e-02	-6.715	362	3.341	1.088
1.048	7.376e-02	-6.839	339	3.355	1.071
1.048	9.656e-02	-6.953	320	3.368	1.055
1.048	1.275e-01	-7.078	300	3.381	1.039
1.048	1.679e-01	-7.201	282	3.394	1.024
1.048	2.199e-01	-7.317	266	3.406	1.010
1.048	2.896e-01	-7.439	249	3.418	0.995
1.048	3.806e-01	-7.561	234	3.430	0.982
1.048	4.965e-01	-7.683	219	3.441	0.969
1.048	6.554e-01	-7.816	205	3.453	0.957
1.048	8.579e-01	-7.951	191	3.463	0.945
1.048	1.132e+00	-8.094	177	3.474	0.934
1.048	1.483e+00	-8.232	164	3.483	0.924
1.048	1.957e+00	-8.375	152	3.492	0.915
1.048	2.578e+00	-8.523	140	3.500	0.906
1.048	3.388e+00	-8.669	129	3.508	0.898
1.048	4.419e+00	-8.817	119	3.515	0.891
1.048	5.833e+00	-8.974	109	3.521	0.884
1.048	7.636e+00	-9.124	101	3.527	0.878
1.048	1.000e+01	-9.276	92	3.532	0.873
1.571	1.030e-04	-3.462	1466	2.695	2.803
1.571	1.355e-04	-3.571	1424	2.754	2.619
1.571	1.781e-04	-3.678	1383	2.810	2.456
1.571	2.341e-04	-3.783	1343	2.864	2.308
1.571	3.077e-04	-3.883	1307	2.916	2.173
1.571	4.013e-04	-3.990	1264	2.966	2.053
1.571	5.298e-04	-4.101	1220	3.015	1.940
1.571	6.935e-04	-4.219	1170	3.060	1.841
1.571	9.154e-04	-4.337	1121	3.105	1.749
1.571	1.198e-03	-4.446	1079	3.146	1.668
1.571	1.573e-03	-4.572	1026	3.186	1.594
1.571	2.067e-03	-4.705	971	3.222	1.528
1.571	2.696e-03	-4.827	922	3.256	1.470
1.571	3.566e-03	-4.972	865	3.289	1.415
1.571	4.688e-03	-5.108	813	3.318	1.369
1.571	6.162e-03	-5.251	761	3.345	1.327
1.571	8.102e-03	-5.395	710	3.369	1.290
1.571	1.061e-02	-5.547	659	3.391	1.258
1.571	1.389e-02	-5.700	610	3.411	1.230
1.571	1.837e-02	-5.853	565	3.429	1.204
1.571	2.425e-02	-5.995	525	3.446	1.181
1.571	3.194e-02	-6.157	483	3.461	1.160
1.571	4.198e-02	-6.317	444	3.475	1.143
1.571	5.551e-02	-6.441	416	3.487	1.126
1.571	7.328e-02	-6.557	392	3.500	1.110
1.571	9.592e-02	-6.678	368	3.512	1.095
1.571	1.266e-01	-6.799	346	3.524	1.080
1.571	1.668e-01	-6.918	325	3.536	1.065
1.571	2.192e-01	-7.041	305	3.547	1.051
1.571	2.882e-01	-7.158	287	3.558	1.038
1.571	3.788e-01	-7.279	269	3.569	1.024
1.571	4.980e-01	-7.401	253	3.580	1.012
1.571	6.546e-01	-7.522	237	3.591	0.999
1.571	8.538e-01	-7.642	223	3.601	0.988
1.571	1.127e+00	-7.773	208	3.611	0.976
1.571	1.485e+00	-7.910	193	3.621	0.965
1.571	1.951e+00	-8.050	179	3.630	0.955
1.571	2.565e+00	-8.192	166	3.639	0.946
1.571	3.372e+00	-8.337	153	3.647	0.937
1.571	4.433e+00	-8.484	141	3.654	0.929
1.571	5.826e+00	-8.633	130	3.661	0.922
1.571	7.599e+00	-8.781	120	3.667	0.915
1.571	1.000e+01	-8.938	110	3.673	0.909
2.095	1.003e-04	-3.212	1611	2.733	3.097
2.095	1.319e-04	-3.301	1589	2.799	2.870
2.095	1.733e-04	-3.410	1548	2.863	2.667
2.095	2.288e-04	-3.532	1495	2.924	2.486
2.095	2.995e-04	-3.643	1447	2.979	2.334
2.095	3.953e-04	-3.753	1402	3.033	2.193
2.095	5.166e-04	-3.857	1359	3.084	2.069
2.095	6.792e-04	-3.971	1309	3.133	1.955
2.095	8.926e-04	-4.086	1259	3.180	1.853
2.095	1.174e-03	-4.211	1202	3.224	1.761
2.095	1.542e-03	-4.327	1151	3.266	1.678
2.095	2.028e-03	-4.441	1103	3.305	1.603
2.095	2.665e-03	-4.583	1039	3.342	1.536
2.095	3.518e-03	-4.712	984	3.377	1.476
2.095	4.598e-03	-4.849	926	3.408	1.424
2.095	6.045e-03	-4.987	870	3.438	1.377
2.095	7.945e-03	-5.125	816	3.465	1.335
2.095	1.049e-02	-5.269	762	3.490	1.297
2.095	1.381e-02	-5.426	705	3.512	1.263
2.095	1.816e-02	-5.572	656	3.533	1.234
2.095	2.401e-02	-5.736	603	3.551	1.208
2.095	3.170e-02	-5.885	559	3.568	1.185
2.095	4.149e-02	-6.050	513	3.582	1.166
2.095	5.487e-02	-6.213	470	3.596	1.148
2.095	7.257e-02	-6.344	439	3.608	1.132
2.095	9.579e-02	-6.465	412	3.620	1.116
2.095	1.254e-01	-6.591	386	3.631	1.102
2.095	1.655e-01	-6.716	362	3.642	1.088
2.095	2.180e-01	-6.836	339	3.653	1.074
2.095	2.866e-01	-6.956	319	3.664	1.061
2.095	3.783e-01	-7.076	299	3.674	1.048
2.095	4.983e-01	-7.198	281	3.685	1.036
2.095	6.549e-01	-7.319	263	3.695	1.024
2.095	8.542e-01	-7.435	248	3.704	1.013
2.095	1.128e+00	-7.554	233	3.714	1.001
2.095	1.476e+00	-7.677	218	3.724	0.990
2.095	1.937e+00	-7.808	203	3.733	0.980
2.095	2.537e+00	-7.944	189	3.742	0.970
2.095	3.321e+00	-8.083	175	3.750	0.961
2.095	4.359e+00	-8.227	162	3.758	0.952
2.095	5.729e+00	-8.374	149	3.765	0.944
2.095	7.533e+00	-8.524	138	3.772	0.937
2.095	9.900e+00	-8.673	127	3.778	0.930
2.619	1.020e-04	-3.063	1690	2.764	3.341
2.619	1.347e-04	-3.145	1675	2.832	3.091
2.619	1.763e-04	-3.227	1660	2.898	2.864
2.619	2.331e-04	-3.330	1627	2.966	2.649
2.619	3.077e-04	-3.454	1571	3.029	2.463
2.619	4.028e-04	-3.571	1517	3.086	2.308
2.619	5.287e-04	-3.683	1467	3.139	2.170
2.619	6.949e-04	-3.792	1419	3.191	2.045
2.619	9.064e-04	-3.905	1366	3.238	1.936
2.619	1.196e-03	-4.023	1313	3.286	1.833
2.619	1.566e-03	-4.149	1251	3.329	1.744
2.619	2.067e-03	-4.271	1195	3.371	1.662
2.619	2.706e-03	-4.383	1145	3.410	1.590
2.619	3.572e-03	-4.528	1077	3.447	1.523
2.619	4.668e-03	-4.654	1021	3.480	1.466
2.619	6.138e-03	-4.794	959	3.512	1.413
2.619	8.067e-03	-4.930	902	3.541	1.367
2.619	1.065e-02	-5.070	845	3.568	1.325
2.619	1.394e-02	-5.209	791	3.592	1.289
2.619	1.844e-02	-5.364	733	3.614	1.256
2.619	2.434e-02	-5.520	678	3.635	1.227
2.619	3.206e-02	-5.675	626	3.652	1.202
2.619	4.213e-02	-5.834	577	3.668	1.180
2.619	5.539e-02	-6.001	528	3.683	1.161
2.619	7.326e-02	-6.165	484	3.695	1.144
2.619	9.688e-02	-6.303	450	3.707	1.129
2.619	1.273e-01	-6.421	423	3.718	1.114
2.619	1.681e-01	-6.556	394	3.729	1.100
2.619	2.214e-01	-6.681	369	3.740	1.087
2.619	2.910e-01	-6.802	346	3.750	1.074
2.619	3.841e-01	-6.922	325	3.760	1.062
2.619	5.028e-01	-7.038	306	3.770	1.050
2.619	6.637e-01	-7.161	286	3.780	1.038
2.619	8.689e-01	-7.278	269	3.789	1.027
2.619	1.149e+00	-7.399	253	3.799	1.016
2.619	1.511e+00	-7.516	237	3.808	1.005
2.619	1.986e+00	-7.638	222	3.817	0.994
2.619	2.611e+00	-7.767	208	3.826	0.984
2.619	3.431e+00	-7.904	193	3.835	0.974
2.619	4.511e+00	-8.046	179	3.843	0.965
2.619	5.929e+00	-8.191	165	3.851	0.957
2.619	7.734e+00	-8.333	153	3.858	0.949
2.619	1.000e+01	-8.474	141	3.864	0.942
3.143	1.018e-04	-2.936	1757	2.785	3.575
3.143	1.343e-04	-3.026	1734	2.853	3.307
3.143	1.759e-04	-3.108	1719	2.919	3.064
3.143	2.321e-04	-3.194	1702	2.987	2.832
3.143	3.058e-04	-3.297	1667	3.054	2.624
3.143	4.019e-04	-3.415	1613	3.115	2.444
3.143	5.242e-04	-3.531	1557	3.171	2.293
3.143	6.919e-04	-3.647	1503	3.225	2.154
3.143	9.042e-04	-3.758	1452	3.275	2.034
3.143	1.194e-03	-3.877	1394	3.324	1.922
3.143	1.563e-03	-3.991	1340	3.369	1.824
3.143	2.051e-03	-4.121	1275	3.412	1.736
3.143	2.695e-03	-4.241	1218	3.453	1.657
3.143	3.544e-03	-4.355	1166	3.492	1.584
3.143	4.658e-03	-4.500	1095	3.528	1.520
3.143	6.148e-03	-4.631	1036	3.562	1.462
3.143	8.098e-03	-4.771	973	3.593	1.410
3.143	1.064e-02	-4.905	915	3.622	1.364
3.143	1.388e-02	-5.043	858	3.647	1.324
3.143	1.833e-02	-5.189	800	3.672	1.287
3.143	2.424e-02	-5.343	742	3.694	1.255
3.143	3.193e-02	-5.504	684	3.714	1.227
3.143	4.196e-02	-5.655	633	3.731	1.203
3.143	5.473e-02	-5.812	584	3.746	1.182
3.143	7.224e-02	-5.980	534	3.760	1.164
3.143	9.554e-02	-6.140	490	3.772	1.147
3.143	1.264e-01	-6.286	454	3.783	1.132
3.143	1.664e-01	-6.404	427	3.794	1.118
3.143	2.187e-01	-6.535	398	3.805	1.105
3.143	2.887e-01	-6.662	372	3.815	1.092
3.143	3.780e-01	-6.783	349	3.824	1.080
3.143	4.922e-01	-6.900	328	3.834	1.069
3.143	6.497e-01	-7.018	308	3.843	1.057
3.143	8.505e-01	-7.137	289	3.853	1.046
3.143	1.123e+00	-7.255	272	3.862	1.034
3.143	1.470e+00	-7.371	256	3.871	1.024
3.143	1.940e+00	-7.491	240	3.880	1.013
3.143	2.555e+00	-7.611	225	3.889	1.002
3.143	3.359e+00	-7.740	210	3.898	0.992
3.143	4.416e+00	-7.875	195	3.907	0.983
3.143	5.804e+00	-8.018	181	3.915	0.974
3.143	7.570e+00	-8.160	167	3.922	0.966
3.143	9.992e+00	-8.309	154	3.929	0.958
3.666	1.013e-04	-2.813	1829	2.798	3.802
3.666	1.337e-04	-2.906	1805	2.868	3.507
3.666	1.750e-04	-2.997	1779	2.935	3.248
3.666	2.310e-04	-3.084	1760	3.003	3.004
3.666	3.024e-04	-3.174	1735	3.069	2.786
3.666	3.991e-04	-3.273	1703	3.135	2.581
3.666	5.225e-04	-3.385	1654	3.196	2.406
3.666	6.897e-04	-3.509	1592	3.254	2.249
3.666	9.029e-04	-3.627	1534	3.307	2.117
3.666	1.192e-03	-3.741	1480	3.358	1.995
3.666	1.560e-03	-3.857	1423	3.406	1.889
3.666	2.048e-03	-3.975	1365	3.452	1.792
3.666	2.691e-03	-4.106	1297	3.494	1.706
3.666	3.539e-03	-4.227	1238	3.534	1.629
3.666	4.651e-03	-4.346	1182	3.573	1.559
3.666	6.115e-03	-4.489	1111	3.608	1.497
3.666	8.037e-03	-4.619	1050	3.641	1.442
3.666	1.061e-02	-4.758	987	3.671	1.391
3.666	1.389e-02	-4.890	929	3.699	1.348
3.666	1.833e-02	-5.036	867	3.726	1.307
3.666	2.396e-02	-5.182	808	3.749	1.273
3.666	3.150e-02	-5.329	752	3.770	1.242
3.666	4.139e-02	-5.488	694	3.789	1.215
3.666	5.399e-02	-5.642	641	3.806	1.192
3.666	7.141e-02	-5.807	588	3.821	1.171
3.666	9.426e-02	-5.982	536	3.835	1.153
3.666	1.247e-01	-6.128	496	3.846	1.137
3.666	1.649e-01	-6.276	458	3.858	1.123
3.666	2.180e-01	-6.404	428	3.868	1.109
3.666	2.872e-01	-6.533	400	3.878	1.097
3.666	3.761e-01	-6.657	374	3.888	1.085
3.666	4.923e-01	-6.783	350	3.897	1.073
3.666	6.499e-01	-6.904	328	3.906	1.062
3.666	8.507e-01	-7.019	309	3.915	1.051
3.666	1.123e+00	-7.139	290	3.925	1.040
3.666	1.470e+00	-7.253	273	3.934	1.029
3.666	1.941e+00	-7.372	256	3.943	1.018
3.666	2.536e+00	-7.487	241	3.951	1.008
3.666	3.308e+00	-7.602	227	3.960	0.998
3.666	4.366e+00	-7.732	211	3.969	0.988
3.666	5.716e+00	-7.865	197	3.977	0.979
3.666	7.502e+00	-8.009	182	3.985	0.970
3.666	9.860e+00	-8.155	168	3.992	0.962
4.190	1.008e-04	-2.718	1878	2.807	4.022
4.190	1.331e-04	-2.800	1865	2.878	3.708
4.190	1.739e-04	-2.890	1842	2.946	3.428
4.190	2.286e-04	-2.985	1814	3.014	3.170
4.190	3.005e-04	-3.076	1789	3.081	2.934
4.190	3.951e-04	-3.172	1759	3.147	2.720
4.190	5.193e-04	-3.266	1729	3.212	2.524
4.190	6.827e-04	-3.380	1678	3.274	2.350
4.190	8.973e-04	-3.505	1614	3.331	2.200
4.190	1.180e-03	-3.625	1553	3.385	2.069
4.190	1.551e-03	-3.736	1500	3.435	1.953
4.190	2.022e-03	-3.851	1442	3.482	1.851
4.190	2.670e-03	-3.974	1380	3.528	1.755
4.190	3.495e-03	-4.103	1312	3.569	1.673
4.190	4.613e-03	-4.227	1250	3.610	1.597
4.190	6.039e-03	-4.352	1188	3.647	1.531
4.190	7.987e-03	-4.494	1117	3.681	1.470
4.190	1.050e-02	-4.625	1055	3.713	1.417
4.190	1.380e-02	-4.763	992	3.743	1.370
4.190	1.822e-02	-4.900	931	3.771	1.327
4.190	2.385e-02	-5.041	871	3.796	1.289
4.190	3.130e-02	-5.190	810	3.819	1.255
4.190	4.114e-02	-5.344	750	3.840	1.226
4.190	5.409e-02	-5.497	694	3.858	1.200
4.190	7.109e-02	-5.665	636	3.874	1.178
4.190	9.383e-02	-5.828	584	3.889	1.158
4.190	1.236e-01	-6.000	533	3.902	1.141
4.190	1.619e-01	-6.145	494	3.913	1.126
4.190	2.132e-01	-6.280	459	3.923	1.113
4.190	2.820e-01	-6.411	429	3.934	1.100
4.190	3.706e-01	-6.539	400	3.944	1.087
4.190	4.834e-01	-6.664	375	3.953	1.076
4.190	6.381e-01	-6.799	348	3.962	1.065
4.190	8.353e-01	-6.911	328	3.971	1.054
4.190	1.103e+00	-7.028	308	3.980	1.043
4.190	1.443e+00	-7.143	290	3.989	1.032
4.190	1.909e+00	-7.262	272	3.998	1.022
4.190	2.510e+00	-7.380	256	4.006	1.012
4.190	3.299e+00	-7.495	241	4.015	1.002
4.190	4.354e+00	-7.616	226	4.024	0.991
4.190	5.700e+00	-7.744	211	4.032	0.982
4.190	7.524e+00	-7.884	195	4.040	0.973
4.190	9.849e+00	-8.025	181	4.048	0.964
4.714	1.020e-04	-2.639	1922	2.820	4.206
4.714	1.347e-04	-2.721	1908	2.890	3.880
4.714	1.763e-04	-2.803	1895	2.959	3.583
4.714	2.327e-04	-2.899	1867	3.030	3.301
4.714	3.047e-04	-2.992	1840	3.097	3.055
4.714	3.999e-04	-3.090	1808	3.164	2.830
4.714	5.255e-04	-3.187	1774	3.229	2.625
4.714	6.910e-04	-3.280	1745	3.293	2.439
4.714	9.081e-04	-3.402	1685	3.354	2.274
4.714	1.199e-03	-3.527	1621	3.411	2.129
4.714	1.569e-03	-3.642	1562	3.463	2.007
4.714	2.071e-03	-3.754	1507	3.513	1.893
4.714	2.707e-03	-3.873	1446	3.559	1.795
4.714	3.559e-03	-4.000	1379	3.604	1.705
4.714	4.678e-03	-4.128	1311	3.645	1.627
4.714	6.150e-03	-4.248	1251	3.683	1.556
4.714	8.083e-03	-4.389	1178	3.719	1.493
4.714	1.054e-02	-4.519	1113	3.751	1.439
4.714	1.384e-02	-4.649	1052	3.782	1.389
4.714	1.819e-02	-4.786	988	3.811	1.344
4.714	2.372e-02	-4.922	928	3.837	1.304
4.714	3.131e-02	-5.068	865	3.862	1.267
4.714	4.092e-02	-5.216	804	3.883	1.236
4.714	5.380e-02	-5.371	744	3.903	1.208
4.714	7.071e-02	-5.527	687	3.921	1.183
4.714	9.334e-02	-5.697	629	3.937	1.162
4.714	1.229e-01	-5.864	576	3.951	1.144
4.714	1.616e-01	-6.019	530	3.963	1.128
4.714	2.125e-01	-6.181	486	3.974	1.114
4.714	2.810e-01	-6.308	455	3.984	1.101
4.714	3.693e-01	-6.436	425	3.994	1.088
4.714	4.855e-01	-6.566	396	4.004	1.076
4.714	6.381e-01	-6.698	369	4.013	1.065
4.714	8.323e-01	-6.821	346	4.021	1.055
4.714	1.099e+00	-6.935	325	4.030	1.044
4.714	1.438e+00	-7.052	306	4.039	1.034
4.714	1.888e+00	-7.168	287	4.047	1.023
4.714	2.481e+00	-7.284	270	4.056	1.013
4.714	3.256e+00	-7.402	254	4.065	1.003
4.714	4.280e+00	-7.515	239	4.073	0.994
4.714	5.649e+00	-7.639	223	4.082	0.984
4.714	7.395e+00	-7.767	209	4.090	0.975
4.714	9.762e+00	-7.908	193	4.098	0.966
5.238	1.038e-04	-2.564	1969	2.833	4.367
5.238	1.359e-04	-2.652	1948	2.902	4.034
5.238	1.794e-04	-2.736	1933	2.973	3.718
5.238	2.349e-04	-2.821	1916	3.042	3.431
5.238	3.101e-04	-2.919	1886	3.113	3.163
5.238	4.059e-04	-3.013	1857	3.180	2.927
5.238	5.358e-04	-3.119	1817	3.247	2.710
5.238	7.014e-04	-3.209	1789	3.311	2.519
5.238	9.259e-04	-3.314	1747	3.375	2.340
5.238	1.212e-03	-3.434	1685	3.433	2.190
5.238	1.600e-03	-3.560	1619	3.488	2.054
5.238	2.094e-03	-3.669	1565	3.538	1.938
5.238	2.749e-03	-3.784	1506	3.587	1.833
5.238	3.613e-03	-3.904	1444	3.633	1.738
5.238	4.742e-03	-4.037	1370	3.676	1.654
5.238	6.232e-03	-4.163	1304	3.716	1.581
5.238	8.194e-03	-4.286	1241	3.753	1.514
5.238	1.073e-02	-4.428	1167	3.787	1.456
5.238	1.405e-02	-4.556	1103	3.818	1.404
5.238	1.858e-02	-4.696	1036	3.849	1.356
5.238	2.452e-02	-4.833	973	3.877	1.313
5.238	3.205e-02	-4.975	910	3.902	1.275
5.238	4.213e-02	-5.122	847	3.925	1.241
5.238	5.517e-02	-5.275	785	3.946	1.212
5.238	7.223e-02	-5.423	729	3.965	1.187
5.238	9.552e-02	-5.597	666	3.982	1.164
5.238	1.256e-01	-5.751	614	3.996	1.144
5.238	1.645e-01	-5.927	559	4.009	1.128
5.238	2.166e-01	-6.084	514	4.020	1.113
5.238	2.865e-01	-6.225	477	4.031	1.099
5.238	3.766e-01	-6.351	446	4.041	1.087
5.238	4.971e-01	-6.488	415	4.051	1.075
5.238	6.507e-01	-6.618	387	4.060	1.063
5.238	8.589e-01	-6.753	360	4.069	1.053
5.238	1.124e+00	-6.863	339	4.077	1.042
5.238	1.484e+00	-6.983	318	4.086	1.032
5.238	1.955e+00	-7.104	298	4.095	1.022
5.238	2.570e+00	-7.221	280	4.103	1.012
5.238	3.373e+00	-7.337	263	4.111	1.002
5.238	4.433e+00	-7.450	248	4.120	0.993
5.238	5.828e+00	-7.567	233	4.128	0.983
5.238	7.659e+00	-7.693	218	4.136	0.974
5.238	9.991e+00	-7.822	203	4.144	0.965
6.285	1.018e-04	-2.413	2051	2.832	4.789
6.285	1.344e-04	-2.503	2033	2.907	4.394
6.285	1.770e-04	-2.599	2008	2.981	4.036
6.285	2.326e-04	-2.686	1990	3.052	3.716
6.285	3.059e-04	-2.775	1970	3.124	3.421
6.285	4.020e-04	-2.870	1944	3.195	3.152
6.285	5.285e-04	-2.965	1915	3.265	2.910
6.285	6.946e-04	-3.071	1873	3.331	2.695
6.285	9.060e-04	-3.165	1839	3.394	2.507
6.285	1.189e-03	-3.264	1801	3.457	2.332
6.285	1.563e-03	-3.382	1741	3.517	2.177
6.285	2.039e-03	-3.499	1680	3.571	2.045
6.285	2.676e-03	-3.613	1620	3.623	1.927
6.285	3.517e-03	-3.727	1562	3.672	1.820
6.285	4.623e-03	-3.849	1496	3.719	1.724
6.285	6.077e-03	-3.980	1422	3.763	1.640
6.285	8.021e-03	-4.112	1350	3.804	1.564
6.285	1.050e-02	-4.228	1290	3.841	1.499
6.285	1.386e-02	-4.378	1208	3.876	1.439
6.285	1.814e-02	-4.507	1141	3.908	1.388
6.285	2.395e-02	-4.646	1073	3.938	1.340
6.285	3.135e-02	-4.779	1010	3.966	1.298
6.285	4.139e-02	-4.926	942	3.992	1.259
6.285	5.418e-02	-5.069	879	4.015	1.226
6.285	7.152e-02	-5.228	812	4.037	1.196
6.285	9.362e-02	-5.376	754	4.055	1.171
6.285	1.238e-01	-5.548	689	4.073	1.148
6.285	1.628e-01	-5.702	636	4.087	1.129
6.285	2.153e-01	-5.880	579	4.101	1.112
6.285	2.830e-01	-6.046	529	4.112	1.097
6.285	3.735e-01	-6.184	492	4.123	1.084
6.285	4.920e-01	-6.315	459	4.133	1.071
6.285	6.443e-01	-6.458	425	4.142	1.060
6.285	8.434e-01	-6.590	396	4.151	1.049
6.285	1.107e+00	-6.718	370	4.159	1.039
6.285	1.455e+00	-6.828	348	4.168	1.029
6.285	1.924e+00	-6.956	325	4.176	1.019
6.285	2.540e+00	-7.081	304	4.184	1.009
6.285	3.325e+00	-7.196	286	4.192	1.000
6.285	4.397e+00	-7.313	269	4.201	0.991
6.285	5.781e+00	-7.424	253	4.209	0.981
6.285	7.598e+00	-7.539	238	4.217	0.972
6.285	9.990e+00	-7.662	223	4.225	0.963
7.333	1.001e-04	-2.305	2100	2.832	5.170
7.333	1.311e-04	-2.385	2092	2.905	4.753
7.333	1.730e-04	-2.471	2081	2.982	4.353
7.333	2.265e-04	-2.565	2056	3.056	3.998
7.333	2.973e-04	-2.654	2038	3.129	3.676
7.333	3.893e-04	-2.744	2016	3.200	3.387
7.333	5.088e-04	-2.838	1988	3.270	3.125
7.333	6.636e-04	-2.932	1958	3.337	2.893
7.333	8.760e-04	-3.035	1918	3.405	2.674
7.333	1.147e-03	-3.133	1882	3.469	2.485
7.333	1.505e-03	-3.231	1844	3.532	2.311
7.333	1.978e-03	-3.346	1787	3.592	2.156
7.333	2.611e-03	-3.467	1723	3.649	2.019
7.333	3.440e-03	-3.584	1660	3.702	1.899
7.333	4.504e-03	-3.697	1601	3.752	1.794
7.333	5.897e-03	-3.818	1533	3.798	1.701
7.333	7.783e-03	-3.950	1458	3.843	1.616
7.333	1.019e-02	-4.079	1385	3.883	1.543
7.333	1.345e-02	-4.200	1321	3.921	1.476
7.333	1.772e-02	-4.348	1237	3.956	1.418
7.333	2.329e-02	-4.480	1169	3.988	1.366
7.333	3.074e-02	-4.620	1098	4.019	1.319
7.333	4.024e-02	-4.753	1033	4.046	1.278
7.333	5.281e-02	-4.897	965	4.072	1.241
7.333	6.941e-02	-5.042	899	4.095	1.208
7.333	9.126e-02	-5.200	831	4.117	1.179
7.333	1.199e-01	-5.350	771	4.135	1.153
7.333	1.586e-01	-5.519	706	4.152	1.131
7.333	2.085e-01	-5.676	651	4.167	1.112
7.333	2.758e-01	-5.851	593	4.181	1.095
7.333	3.625e-01	-6.025	540	4.192	1.081
7.333	4.794e-01	-6.161	502	4.203	1.068
7.333	6.328e-01	-6.297	467	4.213	1.055
7.333	8.336e-01	-6.451	430	4.222	1.044
7.333	1.096e+00	-6.587	399	4.230	1.034
7.333	1.440e+00	-6.708	374	4.239	1.024
7.333	1.893e+00	-6.817	353	4.247	1.014
7.333	2.499e+00	-6.954	328	4.255	1.005
7.333	3.292e+00	-7.076	307	4.263	0.996
7.333	4.326e+00	-7.191	289	4.271	0.987
7.333	5.721e+00	-7.306	272	4.279	0.978
7.333	7.552e+00	-7.418	256	4.287	0.969
7.333	9.887e+00	-7.532	241	4.295	0.960
8.381	1.035e-04	-2.229	2140	2.847	5.435
8.381	1.369e-04	-2.312	2133	2.924	4.975
8.381	1.807e-04	-2.395	2125	3.000	4.555
8.381	2.366e-04	-2.481	2111	3.075	4.181
8.381	3.123e-04	-2.575	2090	3.151	3.831
8.381	4.089e-04	-2.662	2072	3.223	3.524
8.381	5.397e-04	-2.760	2042	3.296	3.240
8.381	7.065e-04	-2.856	2011	3.365	2.993
8.381	9.273e-04	-2.952	1978	3.433	2.768
8.381	1.219e-03	-3.053	1939	3.499	2.565
8.381	1.590e-03	-3.147	1904	3.562	2.387
8.381	2.098e-03	-3.250	1862	3.625	2.218
8.381	2.747e-03	-3.367	1800	3.684	2.074
8.381	3.626e-03	-3.488	1734	3.740	1.944
8.381	4.747e-03	-3.602	1673	3.791	1.833
8.381	6.230e-03	-3.720	1607	3.840	1.732
8.381	8.188e-03	-3.843	1538	3.886	1.643
8.381	1.081e-02	-3.979	1458	3.930	1.563
8.381	1.415e-02	-4.104	1387	3.968	1.495
8.381	1.868e-02	-4.236	1314	4.006	1.431
8.381	2.470e-02	-4.380	1233	4.040	1.376
8.381	3.233e-02	-4.509	1166	4.071	1.328
8.381	4.268e-02	-4.648	1094	4.101	1.284
8.381	5.587e-02	-4.784	1028	4.127	1.245
8.381	7.375e-02	-4.929	959	4.152	1.210
8.381	9.715e-02	-5.077	892	4.175	1.179
8.381	1.277e-01	-5.239	822	4.195	1.152
8.381	1.685e-01	-5.394	760	4.213	1.128
8.381	2.220e-01	-5.550	701	4.229	1.107
8.381	2.918e-01	-5.721	640	4.243	1.089
8.381	3.852e-01	-5.889	586	4.256	1.073
8.381	5.033e-01	-6.052	537	4.267	1.060
8.381	6.565e-01	-6.184	500	4.276	1.048
8.381	8.666e-01	-6.343	459	4.286	1.037
8.381	1.142e+00	-6.483	426	4.295	1.026
8.381	1.500e+00	-6.616	396	4.303	1.016
8.381	1.980e+00	-6.734	372	4.312	1.007
8.381	2.609e+00	-6.855	348	4.320	0.997
8.381	3.429e+00	-6.984	325	4.328	0.988
8.381	4.526e+00	-7.106	304	4.335	0.979
8.381	5.962e+00	-7.222	286	4.343	0.971
8.381	7.836e+00	-7.333	270	4.351	0.962
8.381	1.000e+01	-7.433	255	4.358	0.955
9.428	1.047e-04	-2.167	2169	2.858	5.689
9.428	1.371e-04	-2.239	2169	2.931	5.232
9.428	1.813e-04	-2.323	2161	3.008	4.788
9.428	2.365e-04	-2.403	2153	3.081	4.401
9.428	3.122e-04	-2.491	2137	3.158	4.032
9.428	4.079e-04	-2.578	2121	3.231	3.706
9.428	5.364e-04	-2.671	2096	3.304	3.407
9.428	7.049e-04	-2.767	2066	3.375	3.139
9.428	9.195e-04	-2.862	2034	3.442	2.905
9.428	1.207e-03	-2.958	2001	3.510	2.688
9.428	1.580e-03	-3.055	1964	3.575	2.495
9.428	2.069e-03	-3.152	1927	3.638	2.319
9.428	2.731e-03	-3.257	1881	3.701	2.156
9.428	3.597e-03	-3.378	1815	3.760	2.014
9.428	4.728e-03	-3.497	1749	3.815	1.891
9.428	6.167e-03	-3.608	1689	3.865	1.785
9.428	8.140e-03	-3.731	1619	3.915	1.686
9.428	1.066e-02	-3.853	1548	3.959	1.602
9.428	1.409e-02	-3.987	1468	4.002	1.526
9.428	1.853e-02	-4.110	1399	4.040	1.460
9.428	2.435e-02	-4.243	1323	4.075	1.401
9.428	3.221e-02	-4.378	1246	4.108	1.350
9.428	4.234e-02	-4.502	1181	4.138	1.305
9.428	5.565e-02	-4.631	1113	4.165	1.264
9.428	7.317e-02	-4.761	1048	4.190	1.228
9.428	9.617e-02	-4.896	983	4.213	1.196
9.428	1.264e-01	-5.034	919	4.235	1.167
9.428	1.662e-01	-5.194	848	4.254	1.140
9.428	2.193e-01	-5.338	789	4.273	1.117
9.428	2.901e-01	-5.498	726	4.289	1.096
9.428	3.821e-01	-5.669	664	4.304	1.077
9.428	5.022e-01	-5.839	606	4.317	1.062
9.428	6.551e-01	-5.999	557	4.328	1.048
9.428	8.647e-01	-6.152	513	4.338	1.035
9.428	1.139e+00	-6.315	469	4.348	1.024
9.428	1.497e+00	-6.459	434	4.357	1.013
9.428	1.980e+00	-6.606	401	4.366	1.003
9.428	2.613e+00	-6.733	375	4.375	0.993
9.428	3.443e+00	-6.864	349	4.383	0.983
9.428	4.524e+00	-6.993	326	4.391	0.974
9.428	5.938e+00	-7.115	305	4.399	0.966
9.428	7.805e+00	-7.234	286	4.407	0.957
9.428	1.000e+01	-7.338	271	4.414	0.949
10.476	1.042e-04	-2.108	2196	2.867	5.940
10.476	1.369e-04	-2.181	2195	2.939	5.465
10.476	1.800e-04	-2.256	2194	3.013	5.018
10.476	2.366e-04	-2.338	2184	3.088	4.604
10.476	3.105e-04	-2.419	2176	3.162	4.226
10.476	4.081e-04	-2.507	2160	3.237	3.879
10.476	5.366e-04	-2.595	2141	3.311	3.562
10.476	7.027e-04	-2.689	2114	3.382	3.282
10.476	9.199e-04	-2.783	2084	3.452	3.029
10.476	1.207e-03	-2.880	2051	3.520	2.800
10.476	1.587e-03	-2.976	2017	3.587	2.591
10.476	2.086e-03	-3.074	1980	3.653	2.402
10.476	2.732e-03	-3.170	1942	3.716	2.234
10.476	3.599e-03	-3.283	1887	3.778	2.080
10.476	4.730e-03	-3.402	1820	3.836	1.947
10.476	6.219e-03	-3.518	1756	3.889	1.831
10.476	8.144e-03	-3.629	1695	3.939	1.729
10.476	1.066e-02	-3.748	1626	3.984	1.640
10.476	1.407e-02	-3.869	1554	4.027	1.561
10.476	1.854e-02	-3.990	1481	4.065	1.495
10.476	2.436e-02	-4.094	1422	4.097	1.440
10.476	3.203e-02	-4.199	1361	4.127	1.392
10.476	4.210e-02	-4.300	1302	4.151	1.354
10.476	5.557e-02	-4.389	1253	4.173	1.320
10.476	7.262e-02	-4.470	1209	4.192	1.292
10.476	9.473e-02	-4.552	1165	4.209	1.266
10.476	1.233e-01	-4.636	1121	4.227	1.241
10.476	1.628e-01	-4.732	1072	4.245	1.215
10.476	2.145e-01	-4.845	1016	4.265	1.187
10.476	2.819e-01	-4.975	954	4.286	1.159
10.476	3.706e-01	-5.141	878	4.308	1.130
10.476	4.871e-01	-5.313	805	4.329	1.103
10.476	6.429e-01	-5.511	727	4.350	1.077
10.476	8.469e-01	-5.730	647	4.367	1.056
10.476	1.113e+00	-5.935	580	4.382	1.038
10.476	1.463e+00	-6.128	523	4.395	1.023
10.476	1.935e+00	-6.326	470	4.407	1.009
10.476	2.544e+00	-6.486	431	4.417	0.997
10.476	3.364e+00	-6.658	393	4.427	0.985
10.476	4.441e+00	-6.806	363	4.437	0.974
10.476	5.850e+00	-6.956	334	4.446	0.964
10.476	7.688e+00	-7.096	310	4.455	0.954
10.476	1.000e+01	-7.222	290	4.463	0.946
11.523	1.007e-04	-2.017	2233	2.846	6.378
11.523	1.329e-04	-2.104	2220	2.924	5.834
11.523	1.739e-04	-2.181	2218	2.999	5.352
11.523	2.296e-04	-2.261	2215	3.076	4.894
11.523	3.006e-04	-2.343	2206	3.152	4.487
11.523	3.968e-04	-2.426	2198	3.229	4.105
11.523	5.194e-04	-2.516	2179	3.303	3.769
11.523	6.856e-04	-2.606	2161	3.379	3.455
11.523	8.959e-04	-2.701	2132	3.450	3.183
11.523	1.169e-03	-2.794	2102	3.519	2.941
11.523	1.543e-03	-2.892	2069	3.589	2.713
11.523	2.016e-03	-2.987	2034	3.655	2.515
11.523	2.629e-03	-3.082	1998	3.719	2.337
11.523	3.471e-03	-3.183	1957	3.783	2.169
11.523	4.544e-03	-3.298	1896	3.843	2.025
11.523	5.998e-03	-3.416	1830	3.900	1.897
11.523	7.851e-03	-3.523	1771	3.950	1.790
11.523	1.030e-02	-3.627	1713	3.996	1.698
11.523	1.363e-02	-3.732	1650	4.036	1.621
11.523	1.791e-02	-3.818	1599	4.068	1.563
11.523	2.336e-02	-3.893	1553	4.091	1.521
11.523	3.084e-02	-3.951	1517	4.110	1.489
11.523	4.030e-02	-3.998	1490	4.124	1.464
11.523	5.257e-02	-4.044	1463	4.139	1.440
11.523	6.899e-02	-4.100	1431	4.157	1.410
11.523	9.068e-02	-4.193	1376	4.181	1.371
11.523	1.199e-01	-4.324	1299	4.213	1.322
11.523	1.586e-01	-4.502	1201	4.255	1.261
11.523	2.093e-01	-4.722	1086	4.299	1.198
11.523	2.758e-01	-4.961	968	4.339	1.144
11.523	3.624e-01	-5.198	860	4.371	1.103
11.523	4.784e-01	-5.433	762	4.396	1.071
11.523	6.302e-01	-5.657	678	4.415	1.048
11.523	8.283e-01	-5.861	608	4.430	1.030
11.523	1.080e+00	-6.043	552	4.443	1.015
11.523	1.429e+00	-6.226	500	4.454	1.002
11.523	1.886e+00	-6.389	457	4.464	0.991
11.523	2.484e+00	-6.546	420	4.473	0.981
11.523	3.286e+00	-6.678	391	4.481	0.971
11.523	4.318e+00	-6.802	366	4.489	0.962
11.523	5.700e+00	-6.931	341	4.497	0.953
11.523	7.462e+00	-7.054	319	4.505	0.945
11.523	9.849e+00	-7.177	299	4.512	0.937
12.047	1.035e-04	-1.997	2245	2.855	6.457
12.047	1.360e-04	-2.082	2234	2.932	5.911
12.047	1.774e-04	-2.160	2228	3.005	5.430
12.047	2.328e-04	-2.237	2228	3.081	4.975
12.047	3.048e-04	-2.319	2219	3.157	4.560
12.047	3.990e-04	-2.400	2212	3.232	4.184
12.047	5.267e-04	-2.490	2195	3.309	3.829
12.047	6.895e-04	-2.578	2177	3.382	3.518
12.047	8.978e-04	-2.668	2152	3.453	3.243
12.047	1.185e-03	-2.765	2122	3.526	2.983
12.047	1.551e-03	-2.861	2090	3.594	2.757
12.047	2.036e-03	-2.956	2057	3.662	2.550
12.047	2.676e-03	-3.054	2019	3.728	2.363
12.047	3.519e-03	-3.154	1978	3.792	2.195
12.047	4.625e-03	-3.263	1924	3.853	2.046
12.047	6.104e-03	-3.381	1858	3.910	1.916
12.047	7.991e-03	-3.485	1800	3.960	1.810
12.047	1.055e-02	-3.581	1747	4.004	1.721
12.047	1.381e-02	-3.665	1698	4.038	1.654
12.047	1.823e-02	-3.734	1656	4.064	1.605
12.047	2.386e-02	-3.782	1628	4.082	1.572
12.047	3.107e-02	-3.824	1602	4.096	1.546
12.047	4.101e-02	-3.871	1573	4.111	1.520
12.047	5.448e-02	-3.934	1534	4.131	1.486
12.047	7.204e-02	-4.025	1480	4.160	1.437
12.047	9.528e-02	-4.173	1394	4.203	1.367
12.047	1.260e-01	-4.392	1267	4.257	1.285
12.047	1.656e-01	-4.638	1134	4.309	1.211
12.047	2.174e-01	-4.874	1014	4.351	1.153
12.047	2.857e-01	-5.100	907	4.384	1.111
12.047	3.726e-01	-5.306	817	4.408	1.080
12.047	4.928e-01	-5.513	734	4.429	1.055
12.047	6.479e-01	-5.714	660	4.445	1.035
12.047	8.515e-01	-5.889	601	4.458	1.020
12.047	1.120e+00	-6.077	543	4.470	1.006
12.047	1.471e+00	-6.242	497	4.480	0.994
12.047	1.946e+00	-6.390	459	4.489	0.984
12.047	2.569e+00	-6.545	421	4.498	0.974
12.047	3.384e+00	-6.670	394	4.506	0.965
12.047	4.447e+00	-6.790	369	4.513	0.957
12.047	5.870e+00	-6.917	345	4.521	0.948
12.047	7.685e+00	-7.038	323	4.529	0.940
12.047	1.000e+01	-7.154	303	4.536	0.933
12.571	1.024e-04	-1.968	2255	2.853	6.612
12.571	1.344e-04	-2.049	2249	2.930	6.053
12.571	1.766e-04	-2.134	2238	3.006	5.545
12.571	2.322e-04	-2.210	2239	3.082	5.078
12.571	3.052e-04	-2.292	2232	3.159	4.650
12.571	3.981e-04	-2.372	2224	3.232	4.271
12.571	5.225e-04	-2.457	2212	3.308	3.915
12.571	6.867e-04	-2.547	2193	3.383	3.591
12.571	9.028e-04	-2.638	2172	3.457	3.297
12.571	1.182e-03	-2.733	2142	3.528	3.039
12.571	1.548e-03	-2.828	2111	3.597	2.806
12.571	2.043e-03	-2.925	2078	3.667	2.590
12.571	2.674e-03	-3.021	2041	3.733	2.401
12.571	3.530e-03	-3.122	2001	3.798	2.227
12.571	4.621e-03	-3.222	1955	3.859	2.076
12.571	6.066e-03	-3.337	1891	3.915	1.947
12.571	7.972e-03	-3.439	1833	3.964	1.840
12.571	1.040e-02	-3.521	1788	4.003	1.760
12.571	1.373e-02	-3.588	1750	4.033	1.700
12.571	1.794e-02	-3.637	1722	4.053	1.661
12.571	2.340e-02	-3.675	1699	4.068	1.633
12.571	3.071e-02	-3.713	1676	4.082	1.606
12.571	4.036e-02	-3.763	1646	4.101	1.571
12.571	5.327e-02	-3.848	1594	4.130	1.520
12.571	6.974e-02	-3.984	1511	4.172	1.447
12.571	9.223e-02	-4.204	1380	4.236	1.345
12.571	1.217e-01	-4.463	1233	4.298	1.253
12.571	1.610e-01	-4.697	1107	4.346	1.185
12.571	2.108e-01	-4.903	1004	4.381	1.139
12.571	2.766e-01	-5.102	909	4.409	1.102
12.571	3.636e-01	-5.296	824	4.432	1.074
12.571	4.808e-01	-5.488	746	4.451	1.050
12.571	6.272e-01	-5.673	677	4.466	1.032
12.571	8.279e-01	-5.847	617	4.480	1.016
12.571	1.084e+00	-6.021	562	4.491	1.003
12.571	1.433e+00	-6.189	513	4.501	0.991
12.571	1.892e+00	-6.349	470	4.510	0.981
12.571	2.492e+00	-6.491	435	4.519	0.971
12.571	3.275e+00	-6.624	405	4.527	0.962
12.571	4.323e+00	-6.745	380	4.535	0.954
12.571	5.695e+00	-6.871	355	4.542	0.945
12.571	7.485e+00	-6.995	332	4.550	0.937
12.571	9.841e+00	-7.115	311	4.557	0.929
13.095	1.021e-04	-1.943	2265	2.853	6.747
13.095	1.334e-04	-2.020	2263	2.929	6.185
13.095	1.754e-04	-2.106	2252	3.005	5.661
13.095	2.306e-04	-2.184	2249	3.081	5.187
13.095	3.032e-04	-2.264	2244	3.158	4.750
13.095	3.984e-04	-2.347	2236	3.234	4.351
13.095	5.197e-04	-2.427	2227	3.308	3.996
13.095	6.821e-04	-2.517	2209	3.383	3.666
13.095	8.965e-04	-2.605	2191	3.457	3.365
13.095	1.179e-03	-2.702	2161	3.530	3.095
13.095	1.549e-03	-2.797	2131	3.601	2.853
13.095	2.037e-03	-2.893	2098	3.670	2.634
13.095	2.667e-03	-2.988	2063	3.736	2.441
13.095	3.492e-03	-3.086	2024	3.800	2.267
13.095	4.609e-03	-3.186	1981	3.863	2.109
13.095	6.034e-03	-3.293	1923	3.918	1.979
13.095	7.964e-03	-3.390	1868	3.966	1.874
13.095	1.043e-02	-3.463	1828	4.000	1.800
13.095	1.368e-02	-3.514	1800	4.024	1.752
13.095	1.798e-02	-3.550	1780	4.041	1.719
13.095	2.346e-02	-3.581	1762	4.055	1.692
13.095	3.079e-02	-3.623	1738	4.072	1.658
13.095	4.047e-02	-3.691	1696	4.099	1.608
13.095	5.352e-02	-3.816	1621	4.144	1.526
13.095	7.078e-02	-4.035	1487	4.214	1.409
13.095	9.305e-02	-4.299	1330	4.283	1.300
13.095	1.223e-01	-4.520	1206	4.335	1.225
13.095	1.614e-01	-4.722	1098	4.374	1.171
13.095	2.113e-01	-4.907	1005	4.405	1.129
13.095	2.790e-01	-5.096	916	4.432	1.095
13.095	3.675e-01	-5.282	833	4.454	1.068
13.095	4.830e-01	-5.463	758	4.472	1.046
13.095	6.350e-01	-5.648	688	4.488	1.027
13.095	8.346e-01	-5.816	629	4.501	1.012
13.095	1.102e+00	-5.989	574	4.513	0.998
13.095	1.451e+00	-6.155	524	4.523	0.986
13.095	1.919e+00	-6.322	479	4.532	0.976
13.095	2.538e+00	-6.463	444	4.541	0.966
13.095	3.357e+00	-6.601	412	4.549	0.958
13.095	4.411e+00	-6.722	386	4.557	0.949
13.095	5.823e+00	-6.848	360	4.564	0.941
13.095	7.671e+00	-6.975	336	4.572	0.933
13.095	1.000e+01	-7.091	316	4.579	0.925
13.618	1.026e-04	-1.922	2274	2.855	6.863
13.618	1.349e-04	-1.998	2275	2.932	6.279
13.618	1.773e-04	-2.083	2264	3.010	5.746
13.618	2.331e-04	-2.165	2257	3.086	5.265
13.618	3.064e-04	-2.242	2255	3.162	4.822
13.618	4.044e-04	-2.327	2247	3.239	4.410
13.618	5.294e-04	-2.408	2239	3.314	4.046
13.618	6.988e-04	-2.498	2221	3.391	3.704
13.618	9.148e-04	-2.585	2204	3.464	3.403
13.618	1.201e-03	-2.679	2177	3.537	3.130
13.618	1.578e-03	-2.773	2148	3.608	2.884
13.618	2.058e-03	-2.867	2116	3.676	2.668
13.618	2.717e-03	-2.964	2082	3.745	2.465
13.618	3.557e-03	-3.062	2042	3.809	2.289
13.618	4.668e-03	-3.157	2002	3.870	2.134
13.618	6.113e-03	-3.255	1953	3.924	2.006
13.618	8.003e-03	-3.342	1903	3.966	1.910
13.618	1.056e-02	-3.404	1868	3.996	1.845
13.618	1.383e-02	-3.442	1847	4.014	1.807
13.618	1.815e-02	-3.471	1831	4.029	1.778
13.618	2.377e-02	-3.504	1813	4.044	1.746
13.618	3.111e-02	-3.556	1784	4.067	1.700
13.618	4.107e-02	-3.653	1726	4.108	1.622
13.618	5.432e-02	-3.852	1604	4.179	1.494
13.618	7.155e-02	-4.102	1455	4.259	1.363
13.618	9.462e-02	-4.345	1308	4.319	1.273
13.618	1.244e-01	-4.542	1198	4.363	1.210
13.618	1.635e-01	-4.725	1101	4.398	1.161
13.618	2.149e-01	-4.902	1011	4.428	1.123
13.618	2.803e-01	-5.073	929	4.452	1.091
13.618	3.700e-01	-5.255	848	4.474	1.064
13.618	4.874e-01	-5.435	772	4.492	1.042
13.618	6.406e-01	-5.615	703	4.508	1.024
13.618	8.455e-01	-5.786	641	4.521	1.008
13.618	1.107e+00	-5.946	589	4.533	0.994
13.618	1.453e+00	-6.113	538	4.543	0.983
13.618	1.909e+00	-6.283	491	4.553	0.972
13.618	2.525e+00	-6.424	455	4.561	0.963
13.618	3.340e+00	-6.564	421	4.569	0.954
13.618	4.417e+00	-6.690	394	4.577	0.945
13.618	5.807e+00	-6.814	368	4.585	0.937
13.618	7.632e+00	-6.941	344	4.592	0.929
13.618	1.000e+01	-7.060	322	4.599	0.922
14.142	1.034e-04	-1.902	2282	2.858	6.969
14.142	1.351e-04	-1.976	2284	2.934	6.390
14.142	1.762e-04	-2.056	2277	3.009	5.860
14.142	2.326e-04	-2.142	2266	3.086	5.361
14.142	3.040e-04	-2.217	2266	3.161	4.920
14.142	3.997e-04	-2.299	2258	3.237	4.505
14.142	5.253e-04	-2.382	2250	3.313	4.128
14.142	6.907e-04	-2.468	2236	3.389	3.782
14.142	9.077e-04	-2.557	2218	3.464	3.470
14.142	1.193e-03	-2.648	2196	3.538	3.187
14.142	1.563e-03	-2.742	2167	3.608	2.938
14.142	2.046e-03	-2.836	2136	3.678	2.713
14.142	2.685e-03	-2.931	2104	3.745	2.510
14.142	3.529e-03	-3.029	2064	3.811	2.328
14.142	4.640e-03	-3.123	2025	3.872	2.170
14.142	6.077e-03	-3.210	1985	3.924	2.043
14.142	7.955e-03	-3.287	1941	3.963	1.954
14.142	1.050e-02	-3.339	1912	3.988	1.898
14.142	1.375e-02	-3.370	1895	4.003	1.865
14.142	1.790e-02	-3.398	1879	4.017	1.837
14.142	2.363e-02	-3.438	1857	4.036	1.796
14.142	3.093e-02	-3.503	1821	4.067	1.733
14.142	4.090e-02	-3.643	1739	4.127	1.617
14.142	5.378e-02	-3.900	1580	4.217	1.458
14.142	7.068e-02	-4.123	1447	4.288	1.344
14.142	9.330e-02	-4.340	1316	4.340	1.265
14.142	1.229e-01	-4.525	1212	4.382	1.206
14.142	1.615e-01	-4.698	1119	4.416	1.160
14.142	2.107e-01	-4.865	1033	4.444	1.122
14.142	2.739e-01	-5.027	954	4.469	1.091
14.142	3.595e-01	-5.198	876	4.490	1.064
14.142	4.707e-01	-5.375	800	4.509	1.042
14.142	6.162e-01	-5.550	729	4.525	1.023
14.142	8.134e-01	-5.728	664	4.539	1.007
14.142	1.065e+00	-5.876	614	4.551	0.993
14.142	1.406e+00	-6.059	556	4.562	0.980
14.142	1.837e+00	-6.220	509	4.571	0.970
14.142	2.415e+00	-6.376	468	4.580	0.960
14.142	3.194e+00	-6.507	436	4.588	0.951
14.142	4.198e+00	-6.636	407	4.596	0.943
14.142	5.552e+00	-6.761	380	4.603	0.935
14.142	7.328e+00	-6.894	354	4.611	0.927
14.142	9.653e+00	-7.016	331	4.618	0.919
14.666	1.003e-04	-1.872	2291	2.851	7.157
14.666	1.318e-04	-1.948	2292	2.927	6.554
14.666	1.732e-04	-2.026	2290	3.005	5.995
14.666	2.260e-04	-2.110	2278	3.079	5.502
14.666	2.983e-04	-2.189	2276	3.156	5.035
14.666	3.929e-04	-2.271	2269	3.233	4.608
14.666	5.164e-04	-2.354	2261	3.310	4.221
14.666	6.735e-04	-2.434	2252	3.383	3.877
14.666	8.891e-04	-2.525	2233	3.460	3.551
14.666	1.164e-03	-2.612	2215	3.533	3.264
14.666	1.515e-03	-2.705	2186	3.603	3.012
14.666	2.000e-03	-2.800	2157	3.675	2.772
14.666	2.614e-03	-2.894	2125	3.742	2.566
14.666	3.437e-03	-2.991	2087	3.808	2.378
14.666	4.517e-03	-3.083	2050	3.868	2.218
14.666	5.892e-03	-3.162	2016	3.918	2.094
14.666	7.733e-03	-3.227	1984	3.955	2.007
14.666	1.016e-02	-3.271	1958	3.977	1.957
14.666	1.336e-02	-3.300	1942	3.991	1.926
14.666	1.756e-02	-3.331	1924	4.006	1.892
14.666	2.318e-02	-3.378	1898	4.030	1.842
14.666	3.054e-02	-3.467	1848	4.072	1.754
14.666	4.014e-02	-3.656	1738	4.155	1.595
14.666	5.154e-02	-3.894	1589	4.237	1.451
14.666	6.803e-02	-4.097	1468	4.303	1.344
14.666	8.890e-02	-4.301	1343	4.352	1.271
14.666	1.169e-01	-4.476	1244	4.393	1.212
14.666	1.536e-01	-4.644	1151	4.428	1.165
14.666	2.020e-01	-4.811	1064	4.457	1.126
14.666	2.655e-01	-4.975	983	4.483	1.093
14.666	3.490e-01	-5.139	906	4.506	1.065
14.666	4.587e-01	-5.320	825	4.525	1.042
14.666	6.055e-01	-5.499	752	4.542	1.021
14.666	7.926e-01	-5.672	686	4.556	1.005
14.666	1.046e+00	-5.828	632	4.569	0.990
14.666	1.378e+00	-6.011	572	4.580	0.978
14.666	1.811e+00	-6.174	524	4.590	0.967
14.666	2.396e+00	-6.350	476	4.599	0.957
14.666	3.168e+00	-6.472	446	4.607	0.948
14.666	4.190e+00	-6.604	415	4.615	0.939
14.666	5.531e+00	-6.728	388	4.622	0.931
14.666	7.285e+00	-6.863	361	4.630	0.923
14.666	9.575e+00	-6.985	338	4.637	0.916
15.190	1.002e-04	-1.850	2301	2.852	7.274
15.190	1.317e-04	-1.927	2300	2.928	6.666
15.190	1.731e-04	-2.003	2302	3.005	6.097
15.190	2.275e-04	-2.089	2289	3.082	5.580
15.190	2.991e-04	-2.170	2283	3.158	5.113
15.190	3.932e-04	-2.249	2280	3.234	4.684
15.190	5.128e-04	-2.330	2271	3.309	4.300
15.190	6.731e-04	-2.411	2264	3.384	3.942
15.190	8.814e-04	-2.498	2247	3.459	3.619
15.190	1.154e-03	-2.585	2229	3.532	3.325
15.190	1.514e-03	-2.679	2203	3.605	3.058
15.190	1.990e-03	-2.772	2175	3.676	2.818
15.190	2.617e-03	-2.867	2142	3.745	2.602
15.190	3.439e-03	-2.962	2107	3.811	2.412
15.190	4.522e-03	-3.052	2070	3.870	2.253
15.190	5.922e-03	-3.126	2039	3.918	2.133
15.190	7.752e-03	-3.176	2017	3.949	2.057
15.190	1.023e-02	-3.210	2000	3.968	2.013
15.190	1.340e-02	-3.237	1985	3.982	1.981
15.190	1.744e-02	-3.271	1965	3.999	1.943
15.190	2.302e-02	-3.331	1931	4.029	1.877
15.190	3.033e-02	-3.453	1863	4.088	1.754
15.190	3.972e-02	-3.684	1727	4.187	1.564
15.190	5.232e-02	-3.920	1579	4.267	1.426
15.190	6.876e-02	-4.104	1469	4.326	1.333
15.190	8.969e-02	-4.293	1352	4.372	1.264
15.190	1.177e-01	-4.460	1256	4.411	1.209
15.190	1.547e-01	-4.623	1167	4.445	1.163
15.190	2.042e-01	-4.789	1079	4.475	1.123
15.190	2.673e-01	-4.947	1000	4.500	1.091
15.190	3.509e-01	-5.108	923	4.523	1.063
15.190	4.612e-01	-5.286	843	4.542	1.039
15.190	6.087e-01	-5.463	769	4.560	1.019
15.190	7.969e-01	-5.636	702	4.574	1.002
15.190	1.046e+00	-5.790	646	4.587	0.987
15.190	1.375e+00	-5.967	588	4.598	0.974
15.190	1.814e+00	-6.137	536	4.608	0.963
15.190	2.400e+00	-6.299	491	4.617	0.953
15.190	3.174e+00	-6.441	454	4.625	0.944
15.190	4.197e+00	-6.574	423	4.633	0.936
15.190	5.529e+00	-6.699	395	4.641	0.928
15.190	7.266e+00	-6.831	368	4.648	0.920
15.190	9.591e+00	-6.958	344	4.655	0.912
15.713	1.003e-04	-1.829	2311	2.854	7.385
15.713	1.312e-04	-1.906	2308	2.928	6.780
15.713	1.732e-04	-1.983	2310	3.006	6.196
15.713	2.282e-04	-2.068	2300	3.084	5.665
15.713	2.999e-04	-2.152	2290	3.160	5.191
15.713	3.912e-04	-2.226	2290	3.234	4.766
15.713	5.164e-04	-2.310	2281	3.312	4.359
15.713	6.760e-04	-2.391	2273	3.386	4.000
15.713	8.872e-04	-2.477	2259	3.462	3.668
15.713	1.166e-03	-2.566	2241	3.536	3.365
15.713	1.521e-03	-2.655	2218	3.608	3.100
15.713	1.977e-03	-2.745	2191	3.676	2.864
15.713	2.595e-03	-2.838	2161	3.746	2.645
15.713	3.411e-03	-2.931	2127	3.811	2.452
15.713	4.449e-03	-3.017	2092	3.868	2.298
15.713	5.873e-03	-3.086	2064	3.913	2.181
15.713	7.688e-03	-3.129	2045	3.941	2.113
15.713	1.009e-02	-3.155	2034	3.957	2.073
15.713	1.326e-02	-3.180	2022	3.972	2.038
15.713	1.744e-02	-3.218	2003	3.993	1.988
15.713	2.292e-02	-3.294	1959	4.031	1.903
15.713	3.013e-02	-3.461	1865	4.113	1.733
15.713	3.960e-02	-3.699	1724	4.214	1.542
15.713	5.227e-02	-3.918	1586	4.288	1.417
15.713	6.843e-02	-4.087	1485	4.343	1.330
15.713	8.981e-02	-4.275	1368	4.388	1.262
15.713	1.180e-01	-4.438	1273	4.427	1.207
15.713	1.552e-01	-4.598	1184	4.460	1.162
15.713	2.040e-01	-4.758	1098	4.490	1.123
15.713	2.682e-01	-4.916	1018	4.516	1.089
15.713	3.524e-01	-5.077	940	4.539	1.061
15.713	4.597e-01	-5.246	863	4.558	1.037
15.713	6.068e-01	-5.423	787	4.576	1.017
15.713	7.993e-01	-5.598	718	4.591	0.999
15.713	1.051e+00	-5.757	660	4.604	0.984
15.713	1.387e+00	-5.929	602	4.616	0.971
15.713	1.827e+00	-6.100	549	4.626	0.959
15.713	2.416e+00	-6.263	502	4.635	0.949
15.713	3.195e+00	-6.415	462	4.644	0.941
15.713	4.225e+00	-6.547	431	4.652	0.932
15.713	5.553e+00	-6.672	402	4.659	0.924
15.713	7.330e+00	-6.805	374	4.666	0.916
15.713	9.656e+00	-6.933	349	4.674	0.909
16.237	1.043e-04	-1.820	2320	2.866	7.405
16.237	1.370e-04	-1.899	2316	2.941	6.790
16.237	1.802e-04	-1.975	2317	3.018	6.214
16.237	2.368e-04	-2.058	2309	3.095	5.685
16.237	3.126e-04	-2.144	2299	3.172	5.201
16.237	4.085e-04	-2.219	2298	3.247	4.773
16.237	5.370e-04	-2.302	2289	3.323	4.371
16.237	7.033e-04	-2.382	2281	3.398	4.010
16.237	9.142e-04	-2.464	2269	3.471	3.688
16.237	1.195e-03	-2.551	2251	3.544	3.390
16.237	1.558e-03	-2.639	2231	3.616	3.121
16.237	2.057e-03	-2.734	2202	3.689	2.871
16.237	2.693e-03	-2.826	2173	3.757	2.653
16.237	3.555e-03	-2.918	2139	3.822	2.461
16.237	4.653e-03	-2.998	2107	3.876	2.315
16.237	6.107e-03	-3.055	2084	3.913	2.217
16.237	8.027e-03	-3.088	2070	3.935	2.162
16.237	1.047e-02	-3.110	2060	3.949	2.127
16.237	1.382e-02	-3.138	2048	3.966	2.085
16.237	1.828e-02	-3.186	2026	3.996	2.016
16.237	2.393e-02	-3.296	1965	4.053	1.888
16.237	3.158e-02	-3.525	1835	4.163	1.664
16.237	4.127e-02	-3.734	1709	4.248	1.508
16.237	5.426e-02	-3.934	1581	4.313	1.399
16.237	7.132e-02	-4.099	1482	4.366	1.317
16.237	9.414e-02	-4.282	1369	4.410	1.251
16.237	1.232e-01	-4.438	1278	4.447	1.199
16.237	1.627e-01	-4.596	1189	4.480	1.154
16.237	2.130e-01	-4.752	1105	4.509	1.117
16.237	2.795e-01	-4.908	1026	4.535	1.084
16.237	3.674e-01	-5.068	948	4.557	1.056
16.237	4.830e-01	-5.240	868	4.578	1.032
16.237	6.348e-01	-5.413	794	4.595	1.011
16.237	8.379e-01	-5.589	724	4.610	0.994
16.237	1.097e+00	-5.745	666	4.623	0.979
16.237	1.448e+00	-5.917	608	4.635	0.966
16.237	1.907e+00	-6.090	553	4.645	0.954
16.237	2.507e+00	-6.249	507	4.654	0.945
16.237	3.315e+00	-6.404	467	4.662	0.936
16.237	4.384e+00	-6.534	435	4.670	0.927
16.237	5.798e+00	-6.663	405	4.678	0.919
16.237	7.654e+00	-6.798	377	4.685	0.911
16.237	1.000e+01	-6.923	352	4.692	0.904
16.761	1.010e-04	-1.791	2331	2.858	7.590
16.761	1.326e-04	-1.871	2324	2.933	6.961
16.761	1.743e-04	-1.947	2324	3.009	6.377
16.761	2.292e-04	-2.027	2321	3.087	5.834
16.761	3.012e-04	-2.112	2310	3.163	5.341
16.761	3.960e-04	-2.190	2307	3.239	4.893
16.761	5.204e-04	-2.272	2299	3.315	4.482
16.761	6.788e-04	-2.352	2292	3.389	4.116
16.761	8.825e-04	-2.431	2284	3.462	3.785
16.761	1.158e-03	-2.520	2265	3.537	3.473
16.761	1.522e-03	-2.608	2247	3.611	3.189
16.761	1.986e-03	-2.699	2220	3.681	2.941
16.761	2.585e-03	-2.786	2195	3.749	2.722
16.761	3.393e-03	-2.878	2161	3.813	2.527
16.761	4.460e-03	-2.955	2132	3.867	2.375
16.761	5.864e-03	-3.010	2109	3.904	2.277
16.761	7.707e-03	-3.041	2097	3.924	2.225
16.761	1.005e-02	-3.062	2088	3.938	2.189
16.761	1.319e-02	-3.089	2077	3.956	2.145
16.761	1.728e-02	-3.137	2056	3.986	2.072
16.761	2.262e-02	-3.252	1998	4.051	1.923
16.761	2.882e-02	-3.458	1880	4.152	1.711
16.761	3.787e-02	-3.667	1756	4.242	1.543
16.761	4.999e-02	-3.866	1629	4.311	1.425
16.761	6.533e-02	-4.029	1529	4.364	1.341
16.761	8.589e-02	-4.201	1422	4.410	1.272
16.761	1.129e-01	-4.359	1328	4.449	1.216
16.761	1.493e-01	-4.520	1235	4.484	1.168
16.761	1.963e-01	-4.673	1151	4.514	1.127
16.761	2.580e-01	-4.830	1068	4.542	1.093
16.761	3.392e-01	-4.988	989	4.566	1.063
16.761	4.442e-01	-5.148	913	4.587	1.037
16.761	5.851e-01	-5.320	836	4.605	1.015
16.761	7.690e-01	-5.497	762	4.621	0.996
16.761	1.003e+00	-5.662	698	4.635	0.981
16.761	1.324e+00	-5.819	643	4.648	0.967
16.761	1.730e+00	-5.991	586	4.658	0.955
16.761	2.275e+00	-6.158	535	4.668	0.945
16.761	3.009e+00	-6.345	483	4.676	0.935
16.761	3.979e+00	-6.452	456	4.684	0.927
16.761	5.262e+00	-6.590	423	4.692	0.919
16.761	6.916e+00	-6.716	395	4.700	0.911
16.761	9.129e+00	-6.858	366	4.707	0.903
17.285	1.003e-04	-1.771	2339	2.857	7.713
17.285	1.308e-04	-1.849	2333	2.931	7.086
17.285	1.727e-04	-1.927	2331	3.008	6.488
17.285	2.257e-04	-2.003	2331	3.083	5.948
17.285	2.967e-04	-2.088	2320	3.160	5.444
17.285	3.900e-04	-2.169	2313	3.236	4.989
17.285	5.128e-04	-2.248	2309	3.312	4.569
17.285	6.739e-04	-2.331	2301	3.388	4.186
17.285	8.791e-04	-2.410	2294	3.462	3.845
17.285	1.160e-03	-2.499	2276	3.538	3.521
17.285	1.519e-03	-2.586	2259	3.612	3.236
17.285	1.994e-03	-2.678	2234	3.684	2.978
17.285	2.620e-03	-2.767	2208	3.754	2.748
17.285	3.418e-03	-2.854	2177	3.816	2.559
17.285	4.511e-03	-2.926	2151	3.867	2.412
17.285	5.906e-03	-2.973	2132	3.898	2.327
17.285	7.796e-03	-3.000	2121	3.916	2.280
17.285	1.019e-02	-3.021	2112	3.930	2.243
17.285	1.345e-02	-3.053	2099	3.951	2.189
17.285	1.771e-02	-3.116	2072	3.991	2.090
17.285	2.328e-02	-3.284	1986	4.086	1.874
17.285	3.061e-02	-3.510	1857	4.195	1.654
17.285	4.023e-02	-3.702	1740	4.274	1.509
17.285	5.289e-02	-3.887	1621	4.337	1.405
17.285	6.952e-02	-4.044	1525	4.388	1.324
17.285	9.068e-02	-4.209	1422	4.431	1.261
17.285	1.197e-01	-4.366	1328	4.469	1.206
17.285	1.567e-01	-4.518	1240	4.502	1.161
17.285	2.068e-01	-4.673	1155	4.533	1.120
17.285	2.725e-01	-4.829	1072	4.560	1.086
17.285	3.581e-01	-4.987	993	4.584	1.056
17.285	4.708e-01	-5.150	915	4.605	1.031
17.285	6.188e-01	-5.318	839	4.624	1.009
17.285	8.168e-01	-5.498	764	4.640	0.990
17.285	1.069e+00	-5.663	700	4.654	0.975
17.285	1.411e+00	-5.823	643	4.666	0.961
17.285	1.859e+00	-5.997	585	4.677	0.949
17.285	2.443e+00	-6.163	535	4.687	0.939
17.285	3.231e+00	-6.349	483	4.695	0.930
17.285	4.266e+00	-6.457	456	4.703	0.921
17.285	5.641e+00	-6.596	423	4.711	0.913
17.285	7.385e+00	-6.720	395	4.718	0.906
17.285	9.748e+00	-6.862	366	4.725	0.898
17.809	1.041e-04	-1.764	2348	2.869	7.722
17.809	1.363e-04	-1.843	2341	2.944	7.088
17.809	1.799e-04	-1.922	2338	3.020	6.491
17.809	2.355e-04	-1.997	2338	3.096	5.949
17.809	3.109e-04	-2.083	2328	3.174	5.438
17.809	4.069e-04	-2.164	2320	3.249	4.990
17.809	5.372e-04	-2.244	2316	3.326	4.565
17.809	7.076e-04	-2.327	2308	3.403	4.179
17.809	9.300e-04	-2.408	2301	3.478	3.829
17.809	1.213e-03	-2.493	2285	3.552	3.520
17.809	1.601e-03	-2.582	2267	3.627	3.227
17.809	2.096e-03	-2.672	2243	3.699	2.972
17.809	2.767e-03	-2.762	2217	3.768	2.743
17.809	3.622e-03	-2.845	2187	3.827	2.562
17.809	4.781e-03	-2.907	2165	3.871	2.436
17.809	6.259e-03	-2.941	2152	3.896	2.369
17.809	8.215e-03	-2.963	2143	3.910	2.329
17.809	1.080e-02	-2.988	2133	3.927	2.286
17.809	1.425e-02	-3.030	2115	3.954	2.214
17.809	1.866e-02	-3.119	2077	4.012	2.071
17.809	2.463e-02	-3.343	1959	4.134	1.800
17.809	3.218e-02	-3.539	1846	4.227	1.618
17.809	4.231e-02	-3.721	1734	4.300	1.487
17.809	5.561e-02	-3.899	1619	4.359	1.390
17.809	7.311e-02	-4.050	1527	4.408	1.313
17.809	9.609e-02	-4.218	1421	4.451	1.250
17.809	1.268e-01	-4.371	1329	4.489	1.197
17.809	1.661e-01	-4.522	1242	4.522	1.152
17.809	2.192e-01	-4.676	1157	4.552	1.112
17.809	2.887e-01	-4.831	1075	4.579	1.079
17.809	3.795e-01	-4.988	995	4.603	1.050
17.809	4.989e-01	-5.151	917	4.624	1.024
17.809	6.557e-01	-5.320	841	4.642	1.003
17.809	8.672e-01	-5.499	766	4.658	0.984
17.809	1.131e+00	-5.661	703	4.672	0.969
17.809	1.493e+00	-5.823	645	4.684	0.956
17.809	1.967e+00	-5.996	587	4.695	0.944
17.809	2.585e+00	-6.160	537	4.704	0.934
17.809	3.419e+00	-6.349	484	4.713	0.925
17.809	4.541e+00	-6.460	457	4.721	0.916
17.809	6.005e+00	-6.598	424	4.728	0.908
17.809	7.892e+00	-6.726	395	4.736	0.901
17.809	1.000e+01	-6.849	369	4.742	0.894
18.332	1.020e-04	-1.740	2357	2.866	7.868
18.332	1.336e-04	-1.820	2350	2.940	7.225
18.332	1.749e-04	-1.898	2345	3.014	6.636
18.332	2.308e-04	-1.974	2346	3.091	6.069
18.332	3.022e-04	-2.056	2338	3.167	5.562
18.332	3.989e-04	-2.141	2328	3.244	5.089
18.332	5.221e-04	-2.217	2326	3.319	4.668
18.332	6.905e-04	-2.301	2317	3.397	4.269
18.332	9.079e-04	-2.383	2310	3.473	3.912
18.332	1.189e-03	-2.467	2297	3.547	3.589
18.332	1.556e-03	-2.554	2279	3.621	3.299
18.332	2.054e-03	-2.644	2258	3.695	3.029
18.332	2.706e-03	-2.733	2232	3.764	2.797
18.332	3.544e-03	-2.812	2206	3.823	2.615
18.332	4.639e-03	-2.870	2185	3.864	2.494
18.332	6.124e-03	-2.903	2173	3.887	2.428
18.332	8.003e-03	-2.923	2166	3.901	2.389
18.332	1.040e-02	-2.947	2156	3.917	2.344
18.332	1.357e-02	-2.989	2139	3.945	2.270
18.332	1.791e-02	-3.088	2098	4.011	2.105
18.332	2.345e-02	-3.305	1987	4.133	1.828
18.332	3.078e-02	-3.501	1874	4.228	1.640
18.332	4.045e-02	-3.677	1767	4.301	1.506
18.332	5.276e-02	-3.846	1658	4.360	1.408
18.332	6.964e-02	-4.004	1559	4.411	1.328
18.332	9.101e-02	-4.159	1462	4.454	1.263
18.332	1.197e-01	-4.312	1369	4.493	1.209
18.332	1.573e-01	-4.463	1280	4.527	1.162
18.332	2.076e-01	-4.615	1194	4.559	1.120
18.332	2.718e-01	-4.767	1112	4.586	1.085
18.332	3.587e-01	-4.923	1031	4.611	1.054
18.332	4.696e-01	-5.078	954	4.633	1.029
18.332	6.199e-01	-5.247	876	4.653	1.005
18.332	8.165e-01	-5.427	798	4.669	0.986
18.332	1.073e+00	-5.598	729	4.684	0.970
18.332	1.400e+00	-5.746	674	4.696	0.956
18.332	1.851e+00	-5.926	612	4.708	0.943
18.332	2.415e+00	-6.095	558	4.718	0.933
18.332	3.187e+00	-6.312	495	4.726	0.923
18.332	4.215e+00	-6.396	474	4.734	0.915
18.332	5.575e+00	-6.536	439	4.742	0.907
18.332	7.372e+00	-6.667	409	4.750	0.899
18.332	9.651e+00	-6.809	379	4.757	0.892
18.856	1.012e-04	-1.721	2366	2.865	7.982
18.856	1.330e-04	-1.802	2358	2.940	7.324
18.856	1.748e-04	-1.882	2352	3.015	6.718
18.856	2.297e-04	-1.957	2353	3.091	6.157
18.856	2.997e-04	-2.035	2348	3.165	5.650
18.856	3.956e-04	-2.121	2336	3.243	5.168
18.856	5.178e-04	-2.198	2333	3.318	4.742
18.856	6.796e-04	-2.279	2326	3.393	4.347
18.856	8.932e-04	-2.360	2318	3.469	3.984
18.856	1.165e-03	-2.441	2309	3.543	3.660
18.856	1.529e-03	-2.529	2291	3.617	3.360
18.856	2.002e-03	-2.614	2274	3.689	3.092
18.856	2.617e-03	-2.701	2248	3.757	2.861
18.856	3.441e-03	-2.779	2225	3.816	2.672
18.856	4.506e-03	-2.835	2204	3.856	2.552
18.856	5.898e-03	-2.865	2193	3.877	2.489
18.856	7.741e-03	-2.885	2186	3.892	2.449
18.856	1.017e-02	-2.910	2177	3.910	2.399
18.856	1.343e-02	-2.958	2158	3.942	2.310
18.856	1.758e-02	-3.073	2111	4.019	2.115
18.856	2.224e-02	-3.261	2019	4.130	1.862
18.856	2.930e-02	-3.459	1904	4.226	1.666
18.856	3.850e-02	-3.630	1802	4.301	1.529
18.856	5.062e-02	-3.798	1695	4.362	1.424
18.856	6.653e-02	-3.958	1592	4.414	1.342
18.856	8.732e-02	-4.106	1501	4.459	1.274
18.856	1.148e-01	-4.266	1400	4.498	1.218
18.856	1.509e-01	-4.414	1312	4.534	1.169
18.856	1.983e-01	-4.562	1227	4.566	1.127
18.856	2.618e-01	-4.716	1142	4.595	1.090
18.856	3.421e-01	-4.865	1064	4.620	1.059
18.856	4.498e-01	-5.022	984	4.643	1.031
18.856	5.912e-01	-5.187	906	4.663	1.008
18.856	7.772e-01	-5.361	828	4.681	0.987
18.856	1.022e+00	-5.533	756	4.696	0.970
18.856	1.348e+00	-5.692	696	4.709	0.955
18.856	1.776e+00	-5.864	634	4.721	0.942
18.856	2.334e+00	-6.043	576	4.732	0.931
18.856	3.081e+00	-6.206	527	4.741	0.921
18.856	4.075e+00	-6.365	483	4.749	0.913
18.856	5.390e+00	-6.494	451	4.756	0.905
18.856	7.128e+00	-6.626	419	4.764	0.897
18.856	9.371e+00	-6.765	389	4.771	0.890
19.380	1.041e-04	-1.713	2374	2.875	8.000
19.380	1.358e-04	-1.792	2366	2.948	7.360
19.380	1.792e-04	-1.873	2359	3.024	6.744
19.380	2.346e-04	-1.947	2359	3.098	6.191
19.380	3.079e-04	-2.026	2355	3.174	5.671
19.380	4.047e-04	-2.111	2344	3.250	5.195
19.380	5.279e-04	-2.188	2339	3.324	4.773
19.380	6.968e-04	-2.270	2333	3.401	4.368
19.380	9.121e-04	-2.350	2325	3.476	4.008
19.380	1.197e-03	-2.431	2317	3.551	3.675
19.380	1.573e-03	-2.520	2299	3.625	3.373
19.380	2.052e-03	-2.602	2283	3.696	3.109
19.380	2.709e-03	-2.691	2258	3.765	2.872
19.380	3.546e-03	-2.761	2237	3.819	2.698
19.380	4.681e-03	-2.809	2220	3.855	2.591
19.380	6.128e-03	-2.834	2211	3.872	2.538
19.380	7.979e-03	-2.854	2204	3.886	2.498
19.380	1.037e-02	-2.881	2194	3.906	2.442
19.380	1.369e-02	-2.939	2173	3.947	2.330
19.380	1.792e-02	-3.092	2109	4.048	2.072
19.380	2.331e-02	-3.294	2006	4.163	1.816
19.380	3.064e-02	-3.476	1900	4.251	1.641
19.380	4.028e-02	-3.641	1801	4.322	1.512
19.380	5.294e-02	-3.804	1696	4.382	1.412
19.380	6.960e-02	-3.961	1595	4.432	1.333
19.380	9.115e-02	-4.105	1505	4.476	1.267
19.380	1.193e-01	-4.261	1407	4.514	1.212
19.380	1.566e-01	-4.407	1320	4.549	1.164
19.380	2.058e-01	-4.555	1235	4.581	1.122
19.380	2.717e-01	-4.708	1150	4.610	1.085
19.380	3.557e-01	-4.857	1071	4.636	1.054
19.380	4.695e-01	-5.016	990	4.659	1.026
19.380	6.146e-01	-5.177	913	4.679	1.003
19.380	8.113e-01	-5.355	833	4.697	0.983
19.380	1.069e+00	-5.527	761	4.712	0.965
19.380	1.399e+00	-5.681	701	4.725	0.951
19.380	1.843e+00	-5.853	640	4.737	0.938
19.380	2.423e+00	-6.034	580	4.748	0.927
19.380	3.198e+00	-6.197	531	4.757	0.917
19.380	4.230e+00	-6.357	486	4.765	0.909
19.380	5.594e+00	-6.486	454	4.772	0.901
19.380	7.398e+00	-6.619	422	4.780	0.893
19.380	9.765e+00	-6.761	390	4.787	0.885
19.904	1.041e-04	-1.698	2382	2.878	8.084
19.904	1.374e-04	-1.780	2373	2.953	7.412
19.904	1.799e-04	-1.859	2366	3.027	6.811
19.904	2.375e-04	-1.936	2365	3.103	6.241
19.904	3.109e-04	-2.013	2363	3.178	5.723
19.904	4.104e-04	-2.099	2351	3.255	5.235
19.904	5.373e-04	-2.178	2345	3.330	4.805
19.904	7.052e-04	-2.257	2340	3.405	4.406
19.904	9.268e-04	-2.338	2333	3.481	4.038
19.904	1.209e-03	-2.417	2325	3.554	3.710
19.904	1.596e-03	-2.506	2308	3.630	3.400
19.904	2.089e-03	-2.589	2292	3.702	3.131
19.904	2.757e-03	-2.675	2269	3.769	2.897
19.904	3.610e-03	-2.740	2249	3.820	2.733
19.904	4.765e-03	-2.780	2237	3.850	2.638
19.904	6.237e-03	-2.802	2229	3.866	2.590
19.904	8.187e-03	-2.824	2221	3.882	2.545
19.904	1.076e-02	-2.858	2209	3.906	2.474
19.904	1.420e-02	-2.935	2181	3.961	2.323
19.904	1.781e-02	-3.091	2116	4.064	2.062
19.904	2.352e-02	-3.293	2013	4.179	1.806
19.904	3.092e-02	-3.469	1910	4.265	1.638
19.904	4.064e-02	-3.628	1814	4.334	1.512
19.904	5.344e-02	-3.788	1712	4.393	1.413
19.904	7.023e-02	-3.943	1611	4.443	1.334
19.904	9.218e-02	-4.084	1524	4.487	1.267
19.904	1.211e-01	-4.244	1422	4.527	1.211
19.904	1.593e-01	-4.389	1335	4.562	1.163
19.904	2.093e-01	-4.537	1249	4.594	1.121
19.904	2.763e-01	-4.688	1164	4.624	1.083
19.904	3.617e-01	-4.837	1084	4.649	1.052
19.904	4.775e-01	-4.996	1003	4.672	1.024
19.904	6.251e-01	-5.156	925	4.693	1.000
19.904	8.204e-01	-5.327	847	4.711	0.980
19.904	1.074e+00	-5.497	775	4.726	0.963
19.904	1.404e+00	-5.653	714	4.739	0.948
19.904	1.853e+00	-5.823	652	4.752	0.935
19.904	2.441e+00	-6.004	591	4.762	0.923
19.904	3.197e+00	-6.162	542	4.771	0.914
19.904	4.211e+00	-6.336	493	4.779	0.906
19.904	5.581e+00	-6.459	461	4.787	0.897
19.904	7.381e+00	-6.595	429	4.795	0.890
19.904	9.662e+00	-6.730	398	4.802	0.883
20.428	1.017e-04	-1.677	2391	2.874	8.227
20.428	1.344e-04	-1.757	2384	2.949	7.541
20.428	1.768e-04	-1.839	2374	3.024	6.924
20.428	2.323e-04	-1.916	2370	3.098	6.357
20.428	3.055e-04	-1.992	2371	3.174	5.823
20.428	4.000e-04	-2.075	2360	3.249	5.340
20.428	5.236e-04	-2.156	2350	3.323	4.903
20.428	6.873e-04	-2.233	2349	3.399	4.495
20.428	9.033e-04	-2.314	2341	3.474	4.120
20.428	1.188e-03	-2.396	2333	3.550	3.777
20.428	1.561e-03	-2.481	2319	3.625	3.465
20.428	2.060e-03	-2.567	2302	3.699	3.183
20.428	2.697e-03	-2.647	2283	3.764	2.953
20.428	3.540e-03	-2.712	2264	3.814	2.787
20.428	4.653e-03	-2.749	2253	3.843	2.697
20.428	6.069e-03	-2.769	2247	3.858	2.649
20.428	8.011e-03	-2.791	2240	3.874	2.601
20.428	1.059e-02	-2.829	2225	3.901	2.520
20.428	1.387e-02	-2.912	2196	3.961	2.353
20.428	1.831e-02	-3.111	2114	4.094	2.020
20.428	2.396e-02	-3.296	2017	4.198	1.792
20.428	3.163e-02	-3.468	1916	4.281	1.629
20.428	4.141e-02	-3.621	1824	4.348	1.508
20.428	5.435e-02	-3.776	1725	4.405	1.411
20.428	7.143e-02	-3.930	1624	4.455	1.332
20.428	9.392e-02	-4.068	1539	4.500	1.266
20.428	1.234e-01	-4.228	1436	4.539	1.209
20.428	1.629e-01	-4.374	1348	4.575	1.160
20.428	2.146e-01	-4.523	1260	4.608	1.118
20.428	2.821e-01	-4.671	1177	4.637	1.081
20.428	3.724e-01	-4.824	1094	4.663	1.048
20.428	4.875e-01	-4.978	1015	4.686	1.021
20.428	6.434e-01	-5.142	935	4.707	0.997
20.428	8.423e-01	-5.310	857	4.725	0.976
20.428	1.114e+00	-5.488	781	4.741	0.959
20.428	1.465e+00	-5.647	718	4.755	0.944
20.428	1.925e+00	-5.815	656	4.767	0.931
20.428	2.541e+00	-5.998	595	4.778	0.919
20.428	3.347e+00	-6.160	545	4.787	0.909
20.428	4.399e+00	-6.330	496	4.795	0.901
20.428	5.818e+00	-6.455	464	4.802	0.893
20.428	7.694e+00	-6.591	431	4.810	0.885
20.428	1.000e+01	-6.724	400	4.817	0.879
20.951	1.040e-04	-1.669	2399	2.883	8.246
20.951	1.362e-04	-1.747	2392	2.955	7.587
20.951	1.798e-04	-1.829	2381	3.030	6.960
20.951	2.368e-04	-1.908	2376	3.105	6.387
20.951	3.112e-04	-1.982	2378	3.180	5.854
20.951	4.060e-04	-2.064	2367	3.254	5.376
20.951	5.359e-04	-2.148	2357	3.331	4.923
20.951	7.003e-04	-2.223	2356	3.405	4.521
20.951	9.207e-04	-2.304	2348	3.481	4.144
20.951	1.206e-03	-2.385	2339	3.555	3.804
20.951	1.578e-03	-2.467	2328	3.629	3.494
20.951	2.072e-03	-2.551	2311	3.700	3.217
20.951	2.723e-03	-2.629	2295	3.765	2.985
20.951	3.580e-03	-2.690	2276	3.812	2.828
20.951	4.705e-03	-2.722	2267	3.837	2.747
20.951	6.137e-03	-2.741	2261	3.852	2.702
20.951	8.101e-03	-2.763	2255	3.869	2.648
20.951	1.071e-02	-2.806	2240	3.901	2.554
20.951	1.402e-02	-2.912	2202	3.977	2.340
20.951	1.780e-02	-3.087	2130	4.095	2.044
20.951	2.344e-02	-3.270	2038	4.200	1.809
20.951	3.070e-02	-3.436	1941	4.282	1.648
20.951	4.012e-02	-3.584	1853	4.349	1.525
20.951	5.233e-02	-3.732	1759	4.406	1.428
20.951	6.868e-02	-3.887	1656	4.457	1.346
20.951	9.027e-02	-4.025	1570	4.502	1.278
20.951	1.187e-01	-4.181	1470	4.543	1.219
20.951	1.560e-01	-4.325	1382	4.580	1.169
20.951	2.059e-01	-4.474	1292	4.613	1.125
20.951	2.695e-01	-4.618	1210	4.643	1.087
20.951	3.558e-01	-4.771	1126	4.670	1.053
20.951	4.658e-01	-4.923	1046	4.694	1.025
20.951	6.148e-01	-5.084	965	4.716	0.999
20.951	8.099e-01	-5.246	889	4.735	0.978
20.951	1.061e+00	-5.425	809	4.751	0.960
20.951	1.397e+00	-5.593	741	4.765	0.944
20.951	1.836e+00	-5.754	680	4.778	0.930
20.951	2.395e+00	-5.922	621	4.789	0.919
20.951	3.161e+00	-6.093	566	4.799	0.908
20.951	4.181e+00	-6.294	507	4.807	0.900
20.951	5.507e+00	-6.400	479	4.815	0.892
20.951	7.283e+00	-6.541	444	4.822	0.884
20.951	9.573e+00	-6.675	412	4.830	0.877
23.046	1.042e-04	-1.607	2436	2.889	8.592
23.046	1.368e-04	-1.688	2424	2.961	7.901
23.046	1.798e-04	-1.770	2412	3.035	7.259
23.046	2.345e-04	-1.849	2402	3.107	6.685
23.046	3.078e-04	-1.925	2399	3.180	6.141
23.046	4.045e-04	-2.003	2397	3.256	5.628
23.046	5.339e-04	-2.089	2383	3.333	5.153
23.046	6.990e-04	-2.167	2377	3.406	4.733
23.046	9.174e-04	-2.244	2375	3.482	4.341
23.046	1.206e-03	-2.328	2363	3.557	3.981
23.046	1.573e-03	-2.402	2360	3.629	3.664
23.046	2.044e-03	-2.480	2348	3.697	3.387
23.046	2.683e-03	-2.548	2335	3.757	3.163
23.046	3.514e-03	-2.592	2326	3.794	3.029
23.046	4.600e-03	-2.615	2321	3.813	2.964
23.046	6.072e-03	-2.634	2315	3.828	2.913
23.046	7.999e-03	-2.664	2306	3.851	2.838
23.046	1.051e-02	-2.726	2288	3.899	2.684
23.046	1.382e-02	-2.899	2229	4.027	2.316
23.046	1.817e-02	-3.072	2160	4.145	2.023
23.046	2.388e-02	-3.227	2086	4.240	1.813
23.046	3.139e-02	-3.385	1992	4.318	1.658
23.046	4.127e-02	-3.527	1907	4.384	1.535
23.046	5.424e-02	-3.671	1817	4.443	1.435
23.046	7.132e-02	-3.818	1720	4.495	1.352
23.046	9.373e-02	-3.960	1628	4.541	1.281
23.046	1.232e-01	-4.102	1537	4.584	1.220
23.046	1.620e-01	-4.250	1442	4.621	1.169
23.046	2.138e-01	-4.394	1355	4.656	1.123
23.046	2.816e-01	-4.538	1269	4.687	1.083
23.046	3.701e-01	-4.688	1184	4.716	1.048
23.046	4.867e-01	-4.837	1102	4.741	1.018
23.046	6.396e-01	-4.994	1020	4.764	0.992
23.046	8.409e-01	-5.155	941	4.784	0.969
23.046	1.105e+00	-5.331	859	4.801	0.950
23.046	1.459e+00	-5.504	784	4.817	0.933
23.046	1.907e+00	-5.658	723	4.830	0.919
23.046	2.517e+00	-5.833	658	4.842	0.907
23.046	3.315e+00	-6.016	596	4.852	0.896
23.046	4.384e+00	-6.231	529	4.861	0.887
23.046	5.762e+00	-6.332	502	4.869	0.879
23.046	7.620e+00	-6.474	464	4.877	0.871
23.046	1.000e+01	-6.609	431	4.884	0.864
25.142	1.005e-04	-1.537	2482	2.889	8.973
25.142	1.310e-04	-1.623	2460	2.959	8.271
25.142	1.730e-04	-1.707	2445	3.033	7.601
25.142	2.260e-04	-1.789	2429	3.104	7.005
25.142	2.972e-04	-1.868	2421	3.177	6.440
25.142	3.892e-04	-1.943	2418	3.249	5.923
25.142	5.086e-04	-2.022	2409	3.323	5.445
25.142	6.686e-04	-2.104	2399	3.397	4.997
25.142	8.788e-04	-2.180	2397	3.472	4.586
25.142	1.146e-03	-2.260	2388	3.545	4.216
25.142	1.513e-03	-2.341	2379	3.619	3.870
25.142	1.981e-03	-2.408	2380	3.687	3.578
25.142	2.600e-03	-2.470	2370	3.742	3.358
25.142	3.417e-03	-2.506	2364	3.773	3.240
25.142	4.457e-03	-2.524	2361	3.789	3.182
25.142	5.883e-03	-2.543	2357	3.806	3.121
25.142	7.749e-03	-2.577	2350	3.835	3.019
25.142	1.018e-02	-2.670	2325	3.909	2.771
25.142	1.290e-02	-2.832	2275	4.033	2.403
25.142	1.696e-02	-2.995	2213	4.148	2.106
25.142	2.221e-02	-3.133	2156	4.241	1.892
25.142	2.903e-02	-3.278	2076	4.320	1.727
25.142	3.817e-02	-3.421	1990	4.390	1.594
25.142	5.016e-02	-3.553	1912	4.451	1.485
25.142	6.595e-02	-3.692	1822	4.507	1.393
25.142	8.668e-02	-3.837	1724	4.557	1.315
25.142	1.144e-01	-3.974	1636	4.602	1.248
25.142	1.495e-01	-4.115	1544	4.643	1.191
25.142	1.966e-01	-4.258	1453	4.679	1.142
25.142	2.584e-01	-4.399	1366	4.713	1.098
25.142	3.411e-01	-4.544	1279	4.744	1.060
25.142	4.465e-01	-4.692	1193	4.772	1.027
25.142	5.893e-01	-4.846	1108	4.797	0.997
25.142	7.715e-01	-5.000	1027	4.819	0.972
25.142	1.013e+00	-5.159	948	4.839	0.950
25.142	1.331e+00	-5.334	865	4.856	0.931
25.142	1.757e+00	-5.508	790	4.871	0.915
25.142	2.300e+00	-5.665	727	4.884	0.902
25.142	3.018e+00	-5.835	664	4.896	0.890
25.142	3.967e+00	-6.014	602	4.906	0.880
25.142	5.246e+00	-6.218	538	4.915	0.871
25.142	6.925e+00	-6.340	504	4.923	0.863
25.142	9.159e+00	-6.481	467	4.930	0.855
27.237	1.018e-04	-1.484	2525	2.901	9.203
27.237	1.338e-04	-1.576	2499	2.974	8.462
27.237	1.752e-04	-1.665	2472	3.045	7.802
27.237	2.294e-04	-1.746	2457	3.115	7.196
27.237	3.028e-04	-1.829	2442	3.188	6.617
27.237	3.957e-04	-1.905	2435	3.259	6.098
27.237	5.202e-04	-1.984	2428	3.332	5.605
27.237	6.837e-04	-2.064	2418	3.406	5.149
27.237	8.990e-04	-2.141	2414	3.480	4.728
27.237	1.181e-03	-2.220	2407	3.554	4.342
27.237	1.560e-03	-2.301	2396	3.626	3.994
27.237	2.042e-03	-2.365	2395	3.689	3.715
27.237	2.680e-03	-2.407	2398	3.734	3.530
27.237	3.509e-03	-2.430	2397	3.756	3.439
27.237	4.586e-03	-2.446	2395	3.771	3.381
27.237	6.053e-03	-2.470	2392	3.792	3.300
27.237	7.924e-03	-2.519	2383	3.835	3.142
27.237	1.010e-02	-2.650	2351	3.942	2.777
27.237	1.315e-02	-2.815	2301	4.070	2.396
27.237	1.721e-02	-2.961	2247	4.175	2.124
27.237	2.259e-02	-3.092	2194	4.265	1.915
27.237	2.959e-02	-3.224	2128	4.344	1.749
27.237	3.873e-02	-3.362	2045	4.413	1.616
27.237	5.083e-02	-3.492	1967	4.475	1.504
27.237	6.657e-02	-3.621	1886	4.531	1.410
27.237	8.714e-02	-3.757	1796	4.582	1.330
27.237	1.150e-01	-3.900	1700	4.629	1.259
27.237	1.506e-01	-4.024	1622	4.671	1.199
27.237	1.988e-01	-4.180	1516	4.711	1.146
27.237	2.602e-01	-4.315	1431	4.745	1.101
27.237	3.435e-01	-4.461	1340	4.778	1.061
27.237	4.496e-01	-4.605	1255	4.807	1.026
27.237	5.901e-01	-4.754	1169	4.833	0.996
27.237	7.756e-01	-4.908	1085	4.857	0.969
27.237	1.020e+00	-5.067	1002	4.878	0.945
27.237	1.340e+00	-5.232	921	4.897	0.925
27.237	1.762e+00	-5.404	842	4.913	0.908
27.237	2.308e+00	-5.570	771	4.927	0.894
27.237	3.040e+00	-5.736	706	4.940	0.881
27.237	3.995e+00	-5.929	636	4.950	0.870
27.237	5.283e+00	-6.085	585	4.960	0.860
27.237	6.987e+00	-6.267	529	4.968	0.852
27.237	9.223e+00	-6.408	490	4.976	0.845
29.332	1.008e-04	-1.425	2573	2.907	9.488
29.332	1.323e-04	-1.521	2540	2.980	8.723
29.332	1.739e-04	-1.615	2507	3.052	8.033
29.332	2.268e-04	-1.700	2483	3.120	7.426
29.332	2.977e-04	-1.781	2468	3.190	6.849
29.332	3.913e-04	-1.862	2454	3.261	6.311
29.332	5.144e-04	-1.941	2443	3.333	5.810
29.332	6.761e-04	-2.019	2437	3.406	5.344
29.332	8.889e-04	-2.097	2430	3.479	4.912
29.332	1.168e-03	-2.176	2421	3.552	4.518
29.332	1.536e-03	-2.251	2413	3.621	4.169
29.332	2.019e-03	-2.314	2408	3.680	3.895
29.332	2.665e-03	-2.352	2408	3.718	3.729
29.332	3.489e-03	-2.369	2409	3.737	3.651
29.332	4.579e-03	-2.383	2411	3.752	3.587
29.332	6.018e-03	-2.406	2415	3.777	3.484
29.332	7.912e-03	-2.469	2412	3.838	3.249
29.332	9.967e-03	-2.617	2378	3.962	2.816
29.332	1.269e-02	-2.759	2339	4.074	2.475
29.332	1.665e-02	-2.900	2289	4.179	2.195
29.332	2.189e-02	-3.029	2239	4.269	1.978
29.332	2.878e-02	-3.151	2186	4.350	1.802
29.332	3.782e-02	-3.286	2109	4.423	1.658
29.332	4.992e-02	-3.420	2028	4.488	1.537
29.332	6.535e-02	-3.542	1955	4.546	1.438
29.332	8.578e-02	-3.674	1868	4.599	1.352
29.332	1.127e-01	-3.816	1771	4.648	1.278
29.332	1.488e-01	-3.948	1685	4.694	1.213
29.332	1.960e-01	-4.090	1590	4.735	1.156
29.332	2.576e-01	-4.233	1496	4.772	1.108
29.332	3.401e-01	-4.374	1406	4.807	1.065
29.332	4.480e-01	-4.518	1318	4.838	1.028
29.332	5.888e-01	-4.667	1229	4.866	0.995
29.332	7.680e-01	-4.814	1146	4.890	0.968
29.332	1.014e+00	-4.972	1060	4.913	0.942
29.332	1.327e+00	-5.129	979	4.933	0.921
29.332	1.742e+00	-5.299	897	4.950	0.903
29.332	2.289e+00	-5.471	820	4.966	0.887
29.332	3.010e+00	-5.634	752	4.979	0.873
29.332	3.956e+00	-5.811	684	4.991	0.862
29.332	5.221e+00	-5.986	622	5.001	0.852
29.332	6.835e+00	-6.179	559	5.009	0.843
29.332	9.023e+00	-6.320	518	5.017	0.836
31.427	1.033e-04	-1.381	2615	2.921	9.665
31.427	1.357e-04	-1.480	2579	2.995	8.876
31.427	1.770e-04	-1.575	2541	3.064	8.193
31.427	2.337e-04	-1.668	2508	3.135	7.552
31.427	3.059e-04	-1.749	2491	3.204	6.978
31.427	4.038e-04	-1.834	2471	3.275	6.429
31.427	5.286e-04	-1.912	2459	3.345	5.934
31.427	6.978e-04	-1.990	2450	3.417	5.460
31.427	9.118e-04	-2.065	2444	3.488	5.034
31.427	1.199e-03	-2.144	2434	3.559	4.637
31.427	1.576e-03	-2.216	2426	3.625	4.297
31.427	2.072e-03	-2.271	2421	3.676	4.050
31.427	2.723e-03	-2.300	2420	3.705	3.921
31.427	3.551e-03	-2.315	2419	3.720	3.854
31.427	4.688e-03	-2.332	2420	3.737	3.778
31.427	6.175e-03	-2.362	2423	3.769	3.640
31.427	8.116e-03	-2.451	2432	3.865	3.260
31.427	1.019e-02	-2.599	2400	3.990	2.823
31.427	1.343e-02	-2.750	2358	4.110	2.458
31.427	1.759e-02	-2.882	2313	4.209	2.195
31.427	2.290e-02	-3.002	2267	4.294	1.990
31.427	3.023e-02	-3.122	2217	4.375	1.813
31.427	3.950e-02	-3.245	2151	4.446	1.670
31.427	5.193e-02	-3.376	2072	4.511	1.549
31.427	6.801e-02	-3.498	1999	4.570	1.447
31.427	8.887e-02	-3.623	1918	4.624	1.360
31.427	1.168e-01	-3.758	1826	4.675	1.283
31.427	1.536e-01	-3.895	1734	4.720	1.218
31.427	2.031e-01	-4.024	1650	4.764	1.158
31.427	2.649e-01	-4.173	1548	4.801	1.109
31.427	3.477e-01	-4.309	1460	4.836	1.066
31.427	4.553e-01	-4.450	1371	4.868	1.028
31.427	5.961e-01	-4.593	1283	4.897	0.994
31.427	7.868e-01	-4.745	1194	4.923	0.964
31.427	1.030e+00	-4.897	1109	4.947	0.938
31.427	1.352e+00	-5.055	1025	4.968	0.916
31.427	1.777e+00	-5.219	943	4.986	0.896
31.427	2.317e+00	-5.386	864	5.002	0.880
31.427	3.059e+00	-5.559	789	5.017	0.866
31.427	4.005e+00	-5.722	723	5.029	0.854
31.427	5.256e+00	-5.911	653	5.040	0.843
31.427	6.883e+00	-6.104	587	5.049	0.834
31.427	9.010e+00	-6.243	544	5.057	0.827
34.570	1.004e-04	-1.295	2685	2.922	10.124
34.570	1.315e-04	-1.396	2646	2.997	9.287
34.570	1.736e-04	-1.501	2597	3.071	8.533
34.570	2.272e-04	-1.596	2559	3.139	7.882
34.570	2.982e-04	-1.686	2528	3.208	7.286
34.570	3.919e-04	-1.769	2506	3.276	6.732
34.570	5.174e-04	-1.854	2485	3.346	6.211
34.570	6.761e-04	-1.930	2473	3.414	5.744
34.570	8.819e-04	-2.004	2465	3.482	5.312
34.570	1.157e-03	-2.079	2456	3.551	4.908
34.570	1.521e-03	-2.148	2447	3.613	4.568
34.570	2.008e-03	-2.197	2440	3.658	4.339
34.570	2.624e-03	-2.221	2437	3.680	4.230
34.570	3.423e-03	-2.236	2437	3.694	4.163
34.570	4.518e-03	-2.256	2435	3.713	4.072
34.570	5.951e-03	-2.295	2435	3.751	3.897
34.570	7.822e-03	-2.402	2452	3.871	3.395
34.570	9.975e-03	-2.537	2442	4.000	2.928
34.570	1.303e-02	-2.680	2403	4.114	2.567
34.570	1.713e-02	-2.808	2364	4.213	2.289
34.570	2.234e-02	-2.925	2322	4.300	2.073
34.570	2.949e-02	-3.042	2276	4.381	1.887
34.570	3.854e-02	-3.151	2230	4.455	1.734
34.570	5.087e-02	-3.279	2156	4.525	1.600
34.570	6.660e-02	-3.402	2081	4.586	1.490
34.570	8.791e-02	-3.524	2006	4.645	1.393
34.570	1.149e-01	-3.651	1922	4.697	1.311
34.570	1.510e-01	-3.790	1826	4.747	1.239
34.570	1.985e-01	-3.919	1739	4.791	1.177
34.570	2.610e-01	-4.055	1647	4.833	1.122
34.570	3.430e-01	-4.200	1548	4.870	1.074
34.570	4.528e-01	-4.341	1456	4.905	1.032
34.570	5.964e-01	-4.482	1367	4.937	0.996
34.570	7.839e-01	-4.631	1275	4.965	0.963
34.570	1.031e+00	-4.782	1187	4.991	0.935
34.570	1.355e+00	-4.936	1101	5.014	0.911
34.570	1.788e+00	-5.099	1014	5.034	0.890
34.570	2.341e+00	-5.264	932	5.052	0.872
34.570	3.090e+00	-5.440	850	5.068	0.856
34.570	4.045e+00	-5.604	779	5.081	0.843
34.570	5.339e+00	-5.790	705	5.093	0.831
34.570	6.989e+00	-5.953	645	5.103	0.822
34.570	9.173e+00	-6.137	583	5.112	0.814
36.665	1.016e-04	-1.252	2724	2.930	10.329
36.665	1.325e-04	-1.353	2684	3.005	9.474
36.665	1.749e-04	-1.461	2633	3.079	8.698
36.665	2.290e-04	-1.558	2590	3.149	8.034
36.665	3.023e-04	-1.653	2554	3.218	7.415
36.665	3.957e-04	-1.738	2527	3.285	6.866
36.665	5.194e-04	-1.821	2504	3.353	6.351
36.665	6.826e-04	-1.901	2488	3.421	5.871
36.665	8.975e-04	-1.977	2477	3.490	5.425
36.665	1.180e-03	-2.050	2468	3.556	5.025
36.665	1.539e-03	-2.112	2460	3.612	4.713
36.665	2.031e-03	-2.153	2454	3.649	4.514
36.665	2.659e-03	-2.173	2452	3.667	4.422
36.665	3.509e-03	-2.189	2449	3.682	4.348
36.665	4.623e-03	-2.214	2446	3.704	4.236
36.665	6.076e-03	-2.267	2444	3.756	3.994
36.665	7.925e-03	-2.391	2464	3.894	3.404
36.665	9.940e-03	-2.503	2468	4.009	2.985
36.665	1.306e-02	-2.646	2428	4.123	2.615
36.665	1.718e-02	-2.770	2392	4.222	2.334
36.665	2.258e-02	-2.889	2350	4.310	2.109
36.665	2.945e-02	-2.999	2308	4.389	1.927
36.665	3.887e-02	-3.109	2264	4.465	1.765
36.665	5.088e-02	-3.224	2205	4.534	1.629
36.665	6.717e-02	-3.351	2128	4.600	1.511
36.665	8.793e-02	-3.471	2055	4.658	1.413
36.665	1.154e-01	-3.594	1976	4.713	1.326
36.665	1.500e-01	-3.719	1890	4.762	1.254
36.665	1.965e-01	-3.856	1793	4.808	1.189
36.665	2.588e-01	-3.981	1711	4.851	1.131
36.665	3.401e-01	-4.130	1607	4.891	1.081
36.665	4.490e-01	-4.269	1514	4.927	1.037
36.665	5.877e-01	-4.409	1423	4.959	0.999
36.665	7.758e-01	-4.555	1332	4.989	0.965
36.665	1.022e+00	-4.706	1240	5.017	0.935
36.665	1.343e+00	-4.858	1152	5.041	0.909
36.665	1.752e+00	-5.012	1067	5.062	0.888
36.665	2.313e+00	-5.178	981	5.081	0.868
36.665	3.022e+00	-5.345	900	5.098	0.852
36.665	3.973e+00	-5.518	821	5.112	0.838
36.665	5.222e+00	-5.689	750	5.125	0.825
36.665	6.811e+00	-5.867	681	5.136	0.815
36.665	8.991e+00	-6.052	616	5.145	0.806
39.807	1.039e-04	-1.196	2777	2.943	10.608
39.807	1.372e-04	-1.303	2734	3.023	9.676
39.807	1.796e-04	-1.409	2683	3.096	8.897
39.807	2.370e-04	-1.512	2634	3.167	8.194
39.807	3.103e-04	-1.606	2595	3.234	7.582
39.807	4.073e-04	-1.699	2555	3.301	7.021
39.807	5.353e-04	-1.782	2531	3.368	6.502
39.807	7.037e-04	-1.865	2509	3.435	6.019
39.807	9.249e-04	-1.940	2496	3.501	5.577
39.807	1.223e-03	-2.011	2484	3.564	5.189
39.807	1.608e-03	-2.062	2478	3.610	4.918
39.807	2.106e-03	-2.090	2474	3.636	4.778
39.807	2.757e-03	-2.105	2472	3.650	4.700
39.807	3.619e-03	-2.123	2470	3.666	4.611
39.807	4.756e-03	-2.157	2465	3.697	4.453
39.807	6.278e-03	-2.250	2461	3.786	4.017
39.807	8.218e-03	-2.381	2482	3.933	3.393
39.807	1.085e-02	-2.503	2490	4.060	2.931
39.807	1.420e-02	-2.634	2454	4.166	2.596
39.807	1.875e-02	-2.754	2419	4.261	2.326
39.807	2.450e-02	-2.867	2379	4.345	2.112
39.807	3.195e-02	-2.972	2340	4.422	1.933
39.807	4.218e-02	-3.078	2299	4.497	1.772
39.807	5.512e-02	-3.185	2250	4.566	1.636
39.807	7.189e-02	-3.306	2178	4.630	1.521
39.807	9.490e-02	-3.428	2103	4.691	1.417
39.807	1.242e-01	-3.545	2029	4.747	1.329
39.807	1.618e-01	-3.670	1945	4.797	1.254
39.807	2.135e-01	-3.812	1843	4.846	1.186
39.807	2.795e-01	-3.936	1759	4.890	1.128
39.807	3.690e-01	-4.078	1660	4.931	1.075
39.807	4.860e-01	-4.218	1565	4.968	1.030
39.807	6.388e-01	-4.359	1471	5.002	0.991
39.807	8.432e-01	-4.502	1379	5.033	0.956
39.807	1.104e+00	-4.649	1287	5.061	0.926
39.807	1.457e+00	-4.802	1196	5.086	0.900
39.807	1.904e+00	-4.955	1109	5.108	0.877
39.807	2.503e+00	-5.117	1022	5.128	0.857
39.807	3.290e+00	-5.286	937	5.146	0.840
39.807	4.343e+00	-5.462	854	5.161	0.825
39.807	5.685e+00	-5.633	780	5.174	0.813
39.807	7.462e+00	-5.814	708	5.185	0.802
39.807	9.807e+00	-5.991	643	5.195	0.793
41.903	1.044e-04	-1.157	2811	2.947	10.828
41.903	1.372e-04	-1.262	2770	3.027	9.876
41.903	1.804e-04	-1.371	2717	3.102	9.060
41.903	2.367e-04	-1.474	2667	3.173	8.352
41.903	3.111e-04	-1.572	2622	3.241	7.718
41.903	4.058e-04	-1.665	2580	3.306	7.160
41.903	5.357e-04	-1.753	2550	3.373	6.629
41.903	7.012e-04	-1.833	2528	3.439	6.151
41.903	9.204e-04	-1.909	2510	3.503	5.713
41.903	1.210e-03	-1.976	2497	3.561	5.343
41.903	1.590e-03	-2.023	2490	3.602	5.093
41.903	2.090e-03	-2.047	2487	3.624	4.967
41.903	2.726e-03	-2.062	2485	3.638	4.890
41.903	3.599e-03	-2.082	2482	3.656	4.788
41.903	4.741e-03	-2.122	2477	3.692	4.594
41.903	6.231e-03	-2.234	2471	3.800	4.057
41.903	8.192e-03	-2.361	2491	3.942	3.447
41.903	1.077e-02	-2.469	2511	4.063	2.997
41.903	1.421e-02	-2.601	2477	4.171	2.645
41.903	1.860e-02	-2.717	2443	4.264	2.378
41.903	2.442e-02	-2.830	2405	4.349	2.156
41.903	3.198e-02	-2.935	2368	4.427	1.970
41.903	4.179e-02	-3.038	2329	4.501	1.811
41.903	5.494e-02	-3.142	2286	4.572	1.668
41.903	7.221e-02	-3.259	2220	4.639	1.543
41.903	9.494e-02	-3.380	2146	4.702	1.437
41.903	1.248e-01	-3.498	2073	4.759	1.344
41.903	1.641e-01	-3.624	1988	4.813	1.264
41.903	2.156e-01	-3.758	1894	4.863	1.193
41.903	2.835e-01	-3.891	1801	4.908	1.133
41.903	3.726e-01	-4.020	1713	4.950	1.079
41.903	4.918e-01	-4.168	1609	4.989	1.032
41.903	6.438e-01	-4.306	1516	5.023	0.992
41.903	8.498e-01	-4.446	1424	5.055	0.956
41.903	1.119e+00	-4.595	1329	5.084	0.925
41.903	1.471e+00	-4.743	1239	5.110	0.897
41.903	1.919e+00	-4.892	1152	5.133	0.874
41.903	2.533e+00	-5.055	1062	5.155	0.853
41.903	3.316e+00	-5.219	976	5.173	0.835
41.903	4.377e+00	-5.395	891	5.189	0.820
41.903	5.730e+00	-5.567	813	5.203	0.807
41.903	7.521e+00	-5.745	739	5.215	0.796
41.903	9.849e+00	-5.914	674	5.225	0.787
45.045	1.015e-04	-1.090	2861	2.942	11.291
45.045	1.320e-04	-1.190	2826	3.021	10.309
45.045	1.729e-04	-1.297	2776	3.097	9.445
45.045	2.277e-04	-1.404	2723	3.171	8.680
45.045	2.993e-04	-1.506	2673	3.240	8.011
45.045	3.904e-04	-1.603	2626	3.306	7.431
45.045	5.153e-04	-1.698	2583	3.372	6.882
45.045	6.745e-04	-1.778	2558	3.436	6.396
45.045	8.904e-04	-1.857	2535	3.499	5.947
45.045	1.166e-03	-1.921	2519	3.552	5.594
45.045	1.539e-03	-1.964	2511	3.589	5.364
45.045	2.014e-03	-1.985	2506	3.607	5.254
45.045	2.644e-03	-2.000	2504	3.620	5.172
45.045	3.474e-03	-2.022	2501	3.640	5.056
45.045	4.586e-03	-2.068	2494	3.682	4.816
45.045	6.004e-03	-2.195	2487	3.804	4.188
45.045	7.925e-03	-2.321	2502	3.940	3.580
45.045	1.037e-02	-2.423	2521	4.056	3.134
45.045	1.362e-02	-2.533	2517	4.162	2.772
45.045	1.790e-02	-2.652	2482	4.258	2.483
45.045	2.353e-02	-2.764	2446	4.344	2.247
45.045	3.081e-02	-2.870	2409	4.424	2.051
45.045	4.006e-02	-2.968	2375	4.497	1.886
45.045	5.235e-02	-3.067	2337	4.568	1.737
45.045	6.828e-02	-3.168	2293	4.636	1.607
45.045	9.013e-02	-3.289	2222	4.702	1.488
45.045	1.180e-01	-3.407	2150	4.762	1.389
45.045	1.549e-01	-3.524	2076	4.819	1.302
45.045	2.035e-01	-3.651	1989	4.872	1.225
45.045	2.676e-01	-3.788	1890	4.920	1.158
45.045	3.517e-01	-3.917	1801	4.964	1.101
45.045	4.624e-01	-4.053	1705	5.006	1.049
45.045	6.077e-01	-4.194	1606	5.043	1.005
45.045	8.022e-01	-4.334	1511	5.078	0.966
45.045	1.057e+00	-4.474	1420	5.109	0.932
45.045	1.389e+00	-4.623	1325	5.137	0.902
45.045	1.826e+00	-4.772	1234	5.163	0.876
45.045	2.400e+00	-4.927	1143	5.186	0.853
45.045	3.155e+00	-5.088	1054	5.206	0.833
45.045	4.147e+00	-5.256	967	5.224	0.816
45.045	5.443e+00	-5.429	883	5.239	0.802
45.045	7.153e+00	-5.606	804	5.253	0.790
45.045	9.331e+00	-5.777	733	5.264	0.780
47.140	1.004e-04	-1.053	2887	2.941	11.574
47.140	1.317e-04	-1.154	2858	3.024	10.519
47.140	1.731e-04	-1.262	2808	3.102	9.615
47.140	2.276e-04	-1.369	2755	3.175	8.832
47.140	2.981e-04	-1.471	2703	3.245	8.156
47.140	3.903e-04	-1.571	2652	3.311	7.555
47.140	5.122e-04	-1.665	2609	3.376	7.009
47.140	6.732e-04	-1.751	2575	3.440	6.514
47.140	8.851e-04	-1.826	2553	3.500	6.076
47.140	1.163e-03	-1.890	2533	3.550	5.736
47.140	1.529e-03	-1.926	2525	3.581	5.535
47.140	2.003e-03	-1.945	2522	3.597	5.434
47.140	2.617e-03	-1.960	2518	3.611	5.350
47.140	3.455e-03	-1.986	2513	3.633	5.216
47.140	4.523e-03	-2.039	2505	3.680	4.939
47.140	5.864e-03	-2.170	2497	3.806	4.275
47.140	7.496e-03	-2.281	2507	3.924	3.732
47.140	9.856e-03	-2.385	2525	4.040	3.264
47.140	1.295e-02	-2.480	2543	4.147	2.886
47.140	1.710e-02	-2.601	2510	4.246	2.575
47.140	2.238e-02	-2.713	2474	4.333	2.330
47.140	2.938e-02	-2.820	2438	4.414	2.122
47.140	3.819e-02	-2.917	2406	4.488	1.949
47.140	5.001e-02	-3.018	2368	4.561	1.792
47.140	6.547e-02	-3.115	2330	4.631	1.654
47.140	8.643e-02	-3.227	2272	4.699	1.528
47.140	1.131e-01	-3.345	2201	4.761	1.423
47.140	1.485e-01	-3.462	2128	4.820	1.330
47.140	1.945e-01	-3.582	2049	4.874	1.250
47.140	2.546e-01	-3.710	1959	4.924	1.179
47.140	3.367e-01	-3.850	1858	4.972	1.117
47.140	4.426e-01	-3.973	1773	5.014	1.063
47.140	5.817e-01	-4.120	1667	5.054	1.016
47.140	7.679e-01	-4.259	1572	5.090	0.975
47.140	1.005e+00	-4.395	1480	5.122	0.939
47.140	1.327e+00	-4.540	1385	5.152	0.907
47.140	1.748e+00	-4.688	1292	5.179	0.879
47.140	2.297e+00	-4.838	1202	5.203	0.855
47.140	3.032e+00	-4.999	1109	5.225	0.834
47.140	3.995e+00	-5.165	1020	5.245	0.816
47.140	5.250e+00	-5.335	933	5.261	0.800
47.140	6.930e+00	-5.514	849	5.276	0.787
47.140	9.072e+00	-5.688	774	5.288	0.776
50.283	1.038e-04	-1.017	2921	2.953	11.781
50.283	1.359e-04	-1.115	2895	3.036	10.708
50.283	1.794e-04	-1.225	2846	3.116	9.763
50.283	2.348e-04	-1.330	2795	3.190	8.973
50.283	3.082e-04	-1.435	2740	3.260	8.274
50.283	4.051e-04	-1.538	2685	3.328	7.655
50.283	5.283e-04	-1.631	2639	3.391	7.117
50.283	6.934e-04	-1.719	2599	3.453	6.628
50.283	9.114e-04	-1.791	2576	3.509	6.215
50.283	1.203e-03	-1.844	2559	3.550	5.923
50.283	1.575e-03	-1.872	2551	3.572	5.775
50.283	2.067e-03	-1.889	2545	3.586	5.687
50.283	2.717e-03	-1.909	2539	3.602	5.584
50.283	3.586e-03	-1.943	2532	3.631	5.398
50.283	4.694e-03	-2.033	2515	3.709	4.935
50.283	6.197e-03	-2.177	2514	3.852	4.185
50.283	8.163e-03	-2.290	2524	3.972	3.644
50.283	1.073e-02	-2.386	2542	4.081	3.217
50.283	1.410e-02	-2.476	2560	4.183	2.860
50.283	1.854e-02	-2.591	2531	4.277	2.565
50.283	2.447e-02	-2.704	2494	4.365	2.319
50.283	3.198e-02	-2.806	2460	4.444	2.118
50.283	4.171e-02	-2.904	2427	4.518	1.945
50.283	5.506e-02	-3.005	2390	4.592	1.785
50.283	7.207e-02	-3.100	2354	4.662	1.648
50.283	9.460e-02	-3.206	2304	4.730	1.524
50.283	1.239e-01	-3.324	2232	4.792	1.418
50.283	1.622e-01	-3.439	2160	4.851	1.325
50.283	2.128e-01	-3.557	2084	4.906	1.243
50.283	2.787e-01	-3.683	1996	4.957	1.173
50.283	3.649e-01	-3.819	1895	5.004	1.111
50.283	4.816e-01	-3.947	1806	5.048	1.056
50.283	6.345e-01	-4.089	1704	5.088	1.009
50.283	8.339e-01	-4.224	1609	5.124	0.968
50.283	1.103e+00	-4.363	1514	5.158	0.931
50.283	1.450e+00	-4.502	1422	5.188	0.899
50.283	1.906e+00	-4.647	1329	5.215	0.871
50.283	2.520e+00	-4.798	1236	5.240	0.847
50.283	3.313e+00	-4.953	1145	5.262	0.825
50.283	4.355e+00	-5.115	1055	5.282	0.807
50.283	5.748e+00	-5.283	967	5.299	0.791
50.283	7.572e+00	-5.458	882	5.314	0.777
50.283	9.952e+00	-5.633	803	5.327	0.766
52.378	1.024e-04	-0.982	2945	2.950	12.069
52.378	1.340e-04	-1.081	2920	3.034	10.959
52.378	1.769e-04	-1.188	2876	3.115	9.977
52.378	2.330e-04	-1.295	2826	3.191	9.141
52.378	3.051e-04	-1.400	2770	3.262	8.427
52.378	3.994e-04	-1.503	2714	3.329	7.801
52.378	5.272e-04	-1.602	2663	3.395	7.230
52.378	6.902e-04	-1.689	2623	3.455	6.744
52.378	9.059e-04	-1.761	2593	3.508	6.345
52.378	1.191e-03	-1.808	2578	3.545	6.081
52.378	1.565e-03	-1.833	2570	3.565	5.946
52.378	2.050e-03	-1.850	2565	3.578	5.858
52.378	2.700e-03	-1.872	2558	3.595	5.742
52.378	3.549e-03	-1.914	2545	3.628	5.529
52.378	4.666e-03	-2.024	2523	3.723	4.956
52.378	6.171e-03	-2.161	2524	3.861	4.228
52.378	8.110e-03	-2.272	2531	3.977	3.701
52.378	1.058e-02	-2.363	2549	4.080	3.287
52.378	1.377e-02	-2.448	2566	4.177	2.940
52.378	1.808e-02	-2.551	2554	4.272	2.636
52.378	2.376e-02	-2.663	2518	4.359	2.384
52.378	3.124e-02	-2.769	2483	4.440	2.171
52.378	4.106e-02	-2.869	2449	4.517	1.987
52.378	5.355e-02	-2.965	2416	4.589	1.829
52.378	7.069e-02	-3.063	2380	4.661	1.683
52.378	9.238e-02	-3.160	2340	4.729	1.557
52.378	1.205e-01	-3.273	2275	4.792	1.447
52.378	1.591e-01	-3.392	2201	4.854	1.347
52.378	2.082e-01	-3.506	2129	4.911	1.263
52.378	2.749e-01	-3.634	2041	4.965	1.186
52.378	3.598e-01	-3.766	1945	5.013	1.122
52.378	4.722e-01	-3.895	1852	5.057	1.066
52.378	6.184e-01	-4.024	1761	5.098	1.017
52.378	8.096e-01	-4.164	1659	5.135	0.976
52.378	1.063e+00	-4.295	1568	5.169	0.938
52.378	1.396e+00	-4.428	1479	5.200	0.905
52.378	1.822e+00	-4.567	1387	5.227	0.877
52.378	2.404e+00	-4.710	1297	5.253	0.851
52.378	3.167e+00	-4.859	1207	5.277	0.829
52.378	4.163e+00	-5.013	1117	5.297	0.809
52.378	5.495e+00	-5.177	1028	5.316	0.792
52.378	7.193e+00	-5.342	943	5.332	0.778
52.378	9.495e+00	-5.517	859	5.346	0.765
55.521	1.002e-04	-0.934	2973	2.944	12.506
55.521	1.315e-04	-1.031	2955	3.030	11.328
55.521	1.728e-04	-1.133	2921	3.112	10.313
55.521	2.281e-04	-1.241	2871	3.190	9.424
55.521	2.986e-04	-1.346	2817	3.262	8.675
55.521	3.942e-04	-1.454	2756	3.332	8.002
55.521	5.152e-04	-1.551	2703	3.396	7.434
55.521	6.773e-04	-1.640	2659	3.456	6.936
55.521	8.902e-04	-1.712	2626	3.506	6.551
55.521	1.170e-03	-1.756	2607	3.537	6.319
55.521	1.538e-03	-1.778	2599	3.554	6.202
55.521	2.006e-03	-1.794	2594	3.566	6.111
55.521	2.653e-03	-1.819	2586	3.586	5.973
55.521	3.489e-03	-1.870	2569	3.627	5.702
55.521	4.585e-03	-2.009	2534	3.742	4.994
55.521	6.052e-03	-2.135	2538	3.870	4.309
55.521	7.923e-03	-2.241	2543	3.979	3.800
55.521	1.046e-02	-2.334	2559	4.083	3.373
55.521	1.367e-02	-2.418	2576	4.178	3.021
55.521	1.783e-02	-2.504	2584	4.270	2.718
55.521	2.340e-02	-2.616	2549	4.358	2.457
55.521	3.075e-02	-2.722	2514	4.440	2.236
55.521	4.043e-02	-2.823	2480	4.517	2.045
55.521	5.314e-02	-2.920	2448	4.592	1.877
55.521	6.987e-02	-3.017	2413	4.663	1.728
55.521	9.182e-02	-3.111	2378	4.733	1.594
55.521	1.207e-01	-3.218	2325	4.801	1.475
55.521	1.587e-01	-3.336	2253	4.864	1.372
55.521	2.070e-01	-3.448	2183	4.921	1.285
55.521	2.716e-01	-3.566	2105	4.976	1.206
55.521	3.570e-01	-3.694	2014	5.027	1.137
55.521	4.713e-01	-3.831	1912	5.074	1.077
55.521	6.169e-01	-3.952	1827	5.116	1.026
55.521	8.143e-01	-4.093	1723	5.155	0.981
55.521	1.073e+00	-4.224	1631	5.190	0.943
55.521	1.410e+00	-4.353	1542	5.222	0.909
55.521	1.854e+00	-4.484	1454	5.250	0.879
55.521	2.436e+00	-4.620	1364	5.276	0.853
55.521	3.216e+00	-4.759	1277	5.300	0.830
55.521	4.210e+00	-4.900	1191	5.321	0.810
55.521	5.557e+00	-5.052	1104	5.341	0.792
55.521	7.274e+00	-5.204	1021	5.357	0.777
55.521	9.620e+00	-5.369	937	5.373	0.764
57.616	1.003e-04	-0.910	2990	2.946	12.722
57.616	1.317e-04	-1.004	2976	3.032	11.519
57.616	1.731e-04	-1.106	2942	3.114	10.479
57.616	2.276e-04	-1.211	2897	3.192	9.579
57.616	2.991e-04	-1.317	2843	3.266	8.800
57.616	3.901e-04	-1.421	2785	3.333	8.141
57.616	5.149e-04	-1.523	2728	3.400	7.541
57.616	6.741e-04	-1.611	2683	3.458	7.052
57.616	8.898e-04	-1.679	2650	3.505	6.678
57.616	1.165e-03	-1.719	2631	3.532	6.473
57.616	1.529e-03	-1.741	2620	3.547	6.366
57.616	1.987e-03	-1.758	2613	3.560	6.272
57.616	2.603e-03	-1.785	2603	3.580	6.125
57.616	3.407e-03	-1.842	2585	3.625	5.822
57.616	4.450e-03	-1.987	2545	3.743	5.082
57.616	5.774e-03	-2.103	2546	3.859	4.442
57.616	7.621e-03	-2.211	2551	3.970	3.910
57.616	9.959e-03	-2.302	2562	4.069	3.490
57.616	1.309e-02	-2.387	2579	4.166	3.122
57.616	1.715e-02	-2.468	2595	4.258	2.807
57.616	2.259e-02	-2.575	2572	4.349	2.529
57.616	2.969e-02	-2.682	2537	4.432	2.299
57.616	3.872e-02	-2.780	2504	4.508	2.106
57.616	5.042e-02	-2.875	2473	4.580	1.937
57.616	6.655e-02	-2.972	2439	4.654	1.780
57.616	8.713e-02	-3.065	2406	4.723	1.643
57.616	1.150e-01	-3.166	2364	4.793	1.516
57.616	1.506e-01	-3.278	2299	4.857	1.408
57.616	1.976e-01	-3.394	2227	4.918	1.313
57.616	2.588e-01	-3.506	2157	4.974	1.231
57.616	3.382e-01	-3.628	2071	5.026	1.159
57.616	4.446e-01	-3.760	1975	5.075	1.096
57.616	5.843e-01	-3.888	1881	5.119	1.042
57.616	7.683e-01	-4.013	1792	5.159	0.995
57.616	1.010e+00	-4.149	1691	5.194	0.955
57.616	1.325e+00	-4.270	1607	5.226	0.921
57.616	1.742e+00	-4.393	1522	5.256	0.890
57.616	2.299e+00	-4.523	1435	5.283	0.863
57.616	3.010e+00	-4.648	1353	5.306	0.840
57.616	3.973e+00	-4.779	1271	5.328	0.819
57.616	5.201e+00	-4.913	1190	5.348	0.801
57.616	6.865e+00	-5.055	1108	5.366	0.784
57.616	8.972e+00	-5.197	1030	5.382	0.770
60.759	1.013e-04	-0.878	3012	2.950	13.003
60.759	1.326e-04	-0.969	3002	3.035	11.780
60.759	1.740e-04	-1.070	2972	3.118	10.714
60.759	2.287e-04	-1.171	2934	3.197	9.785
60.759	2.983e-04	-1.275	2882	3.269	9.000
60.759	3.938e-04	-1.383	2821	3.341	8.289
60.759	5.146e-04	-1.481	2766	3.405	7.700
60.759	6.766e-04	-1.569	2718	3.462	7.210
60.759	8.892e-04	-1.631	2686	3.503	6.874
60.759	1.169e-03	-1.664	2669	3.526	6.699
60.759	1.531e-03	-1.683	2660	3.539	6.599
60.759	2.017e-03	-1.705	2649	3.554	6.485
60.759	2.651e-03	-1.744	2630	3.580	6.290
60.759	3.499e-03	-1.835	2597	3.649	5.811
60.759	4.423e-03	-1.975	2559	3.763	5.099
60.759	5.764e-03	-2.086	2559	3.874	4.485
60.759	7.575e-03	-2.187	2563	3.978	3.978
60.759	9.881e-03	-2.277	2571	4.073	3.567
60.759	1.304e-02	-2.360	2589	4.169	3.196
60.759	1.707e-02	-2.440	2604	4.259	2.879
60.759	2.241e-02	-2.532	2600	4.348	2.599
60.759	2.945e-02	-2.640	2565	4.432	2.359
60.759	3.866e-02	-2.742	2531	4.511	2.155
60.759	5.062e-02	-2.838	2499	4.585	1.978
60.759	6.615e-02	-2.932	2468	4.657	1.822
60.759	8.629e-02	-3.024	2435	4.726	1.683
60.759	1.133e-01	-3.118	2400	4.795	1.554
60.759	1.483e-01	-3.221	2349	4.861	1.440
60.759	1.941e-01	-3.335	2280	4.923	1.341
60.759	2.563e-01	-3.451	2207	4.982	1.252
60.759	3.355e-01	-3.567	2130	5.036	1.177
60.759	4.428e-01	-3.694	2039	5.087	1.110
60.759	5.797e-01	-3.823	1942	5.132	1.054
60.759	7.652e-01	-3.942	1856	5.173	1.006
60.759	1.008e+00	-4.071	1761	5.209	0.964
60.759	1.325e+00	-4.188	1675	5.241	0.930
60.759	1.749e+00	-4.300	1597	5.270	0.900
60.759	2.304e+00	-4.408	1523	5.295	0.874
60.759	3.028e+00	-4.518	1448	5.318	0.851
60.759	3.981e+00	-4.623	1379	5.338	0.832
60.759	5.232e+00	-4.727	1313	5.356	0.815
60.759	6.906e+00	-4.833	1247	5.373	0.799
60.759	9.040e+00	-4.941	1182	5.387	0.786
62.854	1.010e-04	-0.855	3026	2.950	13.227
62.854	1.326e-04	-0.946	3019	3.036	11.969
62.854	1.743e-04	-1.046	2991	3.120	10.875
62.854	2.291e-04	-1.145	2956	3.199	9.925
62.854	3.001e-04	-1.251	2904	3.273	9.111
62.854	3.928e-04	-1.355	2847	3.343	8.408
62.854	5.156e-04	-1.455	2790	3.408	7.802
62.854	6.751e-04	-1.539	2743	3.463	7.325
62.854	8.823e-04	-1.596	2712	3.500	7.015
62.854	1.160e-03	-1.627	2696	3.521	6.854
62.854	1.519e-03	-1.646	2686	3.533	6.755
62.854	2.001e-03	-1.670	2674	3.550	6.628
62.854	2.630e-03	-1.715	2652	3.580	6.402
62.854	3.458e-03	-1.827	2606	3.661	5.828
62.854	4.544e-03	-1.980	2568	3.789	5.030
62.854	5.999e-03	-2.091	2568	3.900	4.430
62.854	7.853e-03	-2.186	2572	3.998	3.955
62.854	1.037e-02	-2.277	2580	4.094	3.540
62.854	1.357e-02	-2.356	2597	4.185	3.190
62.854	1.791e-02	-2.438	2612	4.277	2.870
62.854	2.345e-02	-2.525	2612	4.364	2.596
62.854	3.101e-02	-2.635	2576	4.449	2.353
62.854	4.045e-02	-2.734	2543	4.526	2.155
62.854	5.309e-02	-2.830	2511	4.601	1.976
62.854	6.977e-02	-2.926	2479	4.674	1.817
62.854	9.101e-02	-3.017	2447	4.742	1.679
62.854	1.201e-01	-3.113	2411	4.813	1.548
62.854	1.573e-01	-3.214	2363	4.879	1.435
62.854	2.080e-01	-3.332	2292	4.943	1.332
62.854	2.734e-01	-3.445	2221	5.002	1.245
62.854	3.581e-01	-3.559	2145	5.056	1.170
62.854	4.688e-01	-3.679	2059	5.105	1.106
62.854	6.153e-01	-3.808	1962	5.149	1.051
62.854	8.086e-01	-3.923	1878	5.189	1.004
62.854	1.055e+00	-4.036	1795	5.223	0.965
62.854	1.395e+00	-4.153	1708	5.254	0.932
62.854	1.834e+00	-4.249	1641	5.280	0.904
62.854	2.410e+00	-4.343	1575	5.303	0.881
62.854	3.169e+00	-4.429	1516	5.323	0.861
62.854	4.165e+00	-4.515	1457	5.340	0.844
62.854	5.476e+00	-4.591	1407	5.354	0.830
62.854	7.197e+00	-4.660	1362	5.367	0.818
62.854	9.500e+00	-4.727	1319	5.379	0.807
65.997	1.036e-04	-0.832	3046	2.959	13.410
65.997	1.362e-04	-0.923	3039	3.046	12.131
65.997	1.776e-04	-1.017	3017	3.127	11.049
65.997	2.345e-04	-1.118	2982	3.208	10.066
65.997	3.070e-04	-1.221	2933	3.283	9.235
65.997	4.052e-04	-1.328	2876	3.355	8.500
65.997	5.304e-04	-1.424	2821	3.418	7.905
65.997	6.962e-04	-1.503	2777	3.469	7.456
65.997	9.150e-04	-1.551	2750	3.500	7.195
65.997	1.193e-03	-1.575	2736	3.515	7.068
65.997	1.551e-03	-1.594	2725	3.528	6.966
65.997	2.036e-03	-1.624	2709	3.547	6.811
65.997	2.676e-03	-1.685	2678	3.588	6.498
65.997	3.494e-03	-1.835	2613	3.696	5.742
65.997	4.474e-03	-1.961	2582	3.801	5.084
65.997	5.857e-03	-2.065	2579	3.903	4.521
65.997	7.688e-03	-2.158	2584	3.999	4.047
65.997	1.010e-02	-2.246	2591	4.092	3.639
65.997	1.318e-02	-2.325	2604	4.179	3.291
65.997	1.740e-02	-2.404	2619	4.269	2.966
65.997	2.273e-02	-2.483	2630	4.355	2.687
65.997	2.989e-02	-2.584	2606	4.440	2.436
65.997	3.914e-02	-2.686	2572	4.519	2.225
65.997	5.124e-02	-2.782	2541	4.594	2.041
65.997	6.725e-02	-2.878	2508	4.667	1.875
65.997	8.839e-02	-2.972	2476	4.739	1.727
65.997	1.153e-01	-3.063	2443	4.807	1.598
65.997	1.522e-01	-3.160	2404	4.876	1.476
65.997	1.992e-01	-3.266	2347	4.940	1.370
65.997	2.630e-01	-3.382	2275	5.002	1.276
65.997	3.443e-01	-3.491	2206	5.057	1.197
65.997	4.518e-01	-3.608	2124	5.109	1.128
65.997	5.939e-01	-3.726	2037	5.155	1.070
65.997	7.746e-01	-3.840	1952	5.193	1.024
65.997	1.017e+00	-3.939	1879	5.227	0.984
65.997	1.336e+00	-4.040	1804	5.257	0.952
65.997	1.764e+00	-4.130	1737	5.280	0.926
65.997	2.305e+00	-4.195	1690	5.299	0.907
65.997	3.042e+00	-4.255	1647	5.314	0.891
65.997	3.983e+00	-4.300	1615	5.325	0.879
65.997	5.267e+00	-4.335	1591	5.334	0.871
65.997	6.870e+00	-4.358	1575	5.339	0.866
65.997	9.069e+00	-4.372	1566	5.342	0.862
67.044	1.034e-04	-0.821	3053	2.958	13.523
67.044	1.364e-04	-0.913	3045	3.047	12.213
67.044	1.797e-04	-1.010	3024	3.131	11.085
67.044	2.362e-04	-1.109	2990	3.211	10.113
67.044	3.081e-04	-1.210	2943	3.285	9.287
67.044	4.067e-04	-1.317	2887	3.357	8.547
67.044	5.324e-04	-1.412	2832	3.420	7.951
67.044	6.988e-04	-1.489	2789	3.469	7.511
67.044	9.185e-04	-1.534	2763	3.498	7.263
67.044	1.198e-03	-1.557	2750	3.513	7.141
67.044	1.581e-03	-1.579	2738	3.527	7.028
67.044	2.083e-03	-1.613	2719	3.549	6.851
67.044	2.738e-03	-1.686	2681	3.598	6.478
67.044	3.600e-03	-1.852	2610	3.718	5.641
67.044	4.731e-03	-1.980	2585	3.829	4.964
67.044	6.171e-03	-2.078	2584	3.926	4.438
67.044	8.099e-03	-2.169	2589	4.020	3.983
67.044	1.064e-02	-2.255	2596	4.111	3.587
67.044	1.388e-02	-2.332	2610	4.197	3.248
67.044	1.833e-02	-2.412	2624	4.287	2.930
67.044	2.395e-02	-2.490	2635	4.372	2.656
67.044	3.161e-02	-2.594	2607	4.457	2.407
67.044	4.164e-02	-2.697	2573	4.537	2.196
67.044	5.453e-02	-2.793	2541	4.612	2.014
67.044	7.139e-02	-2.887	2510	4.684	1.854
67.044	9.370e-02	-2.981	2477	4.755	1.709
67.044	1.231e-01	-3.074	2444	4.825	1.577
67.044	1.606e-01	-3.167	2406	4.891	1.462
67.044	2.120e-01	-3.277	2345	4.956	1.355
67.044	2.776e-01	-3.389	2275	5.016	1.266
67.044	3.664e-01	-3.500	2205	5.072	1.186
67.044	4.788e-01	-3.614	2124	5.122	1.120
67.044	6.295e-01	-3.731	2038	5.167	1.064
67.044	8.274e-01	-3.842	1954	5.205	1.018
67.044	1.079e+00	-3.934	1887	5.236	0.982
67.044	1.425e+00	-4.026	1819	5.264	0.951
67.044	1.876e+00	-4.106	1758	5.285	0.929
67.044	2.457e+00	-4.165	1715	5.300	0.912
67.044	3.211e+00	-4.206	1686	5.312	0.900
67.044	4.189e+00	-4.239	1663	5.321	0.891
67.044	5.529e+00	-4.261	1647	5.326	0.886
67.044	7.238e+00	-4.272	1638	5.329	0.883
67.044	9.554e+00	-4.277	1635	5.330	0.882
68.092	1.032e-04	-0.810	3060	2.958	13.634
68.092	1.356e-04	-0.901	3052	3.045	12.332
68.092	1.768e-04	-0.994	3033	3.127	11.229
68.092	2.334e-04	-1.094	3000	3.208	10.224
68.092	3.056e-04	-1.195	2956	3.283	9.374
68.092	4.011e-04	-1.299	2901	3.354	8.637
68.092	5.252e-04	-1.395	2847	3.418	8.032
68.092	6.875e-04	-1.470	2803	3.466	7.593
68.092	9.075e-04	-1.515	2778	3.496	7.341
68.092	1.188e-03	-1.538	2764	3.510	7.218
68.092	1.559e-03	-1.560	2752	3.524	7.104
68.092	2.049e-03	-1.595	2732	3.547	6.922
68.092	2.705e-03	-1.674	2690	3.599	6.520
68.092	3.563e-03	-1.844	2616	3.720	5.671
68.092	4.683e-03	-1.971	2590	3.830	4.998
68.092	6.182e-03	-2.073	2588	3.930	4.452
68.092	8.093e-03	-2.161	2593	4.022	4.004
68.092	1.062e-02	-2.247	2599	4.112	3.611
68.092	1.396e-02	-2.326	2613	4.200	3.263
68.092	1.835e-02	-2.404	2627	4.288	2.950
68.092	2.412e-02	-2.484	2638	4.374	2.670
68.092	3.147e-02	-2.581	2616	4.456	2.429
68.092	4.153e-02	-2.684	2581	4.537	2.213
68.092	5.437e-02	-2.781	2550	4.612	2.030
68.092	7.136e-02	-2.876	2518	4.685	1.866
68.092	9.345e-02	-2.968	2486	4.756	1.721
68.092	1.223e-01	-3.060	2453	4.824	1.590
68.092	1.606e-01	-3.155	2415	4.892	1.471
68.092	2.110e-01	-3.260	2360	4.957	1.365
68.092	2.775e-01	-3.373	2290	5.018	1.272
68.092	3.633e-01	-3.481	2222	5.073	1.194
68.092	4.756e-01	-3.593	2144	5.123	1.127
68.092	6.279e-01	-3.708	2060	5.169	1.069
68.092	8.205e-01	-3.816	1978	5.206	1.025
68.092	1.070e+00	-3.906	1911	5.237	0.989
68.092	1.413e+00	-3.986	1854	5.264	0.959
68.092	1.861e+00	-4.062	1795	5.284	0.937
68.092	2.446e+00	-4.115	1755	5.298	0.922
68.092	3.190e+00	-4.151	1728	5.307	0.912
68.092	4.211e+00	-4.173	1713	5.313	0.906
68.092	5.512e+00	-4.184	1705	5.317	0.902
68.092	7.276e+00	-4.191	1701	5.319	0.900
68.092	9.526e+00	-4.193	1699	5.319	0.900
69.139	1.041e-04	-0.803	3066	2.961	13.684
69.139	1.358e-04	-0.892	3058	3.046	12.412
69.139	1.793e-04	-0.988	3039	3.131	11.255
69.139	2.343e-04	-1.084	3009	3.210	10.282
69.139	3.081e-04	-1.186	2965	3.286	9.412
69.139	4.049e-04	-1.290	2910	3.358	8.670
69.139	5.281e-04	-1.383	2858	3.419	8.076
69.139	6.971e-04	-1.458	2814	3.468	7.637
69.139	9.126e-04	-1.499	2791	3.494	7.409
69.139	1.198e-03	-1.521	2778	3.509	7.289
69.139	1.557e-03	-1.543	2765	3.522	7.173
69.139	2.039e-03	-1.580	2744	3.546	6.982
69.139	2.669e-03	-1.662	2700	3.599	6.566
69.139	3.523e-03	-1.838	2621	3.724	5.690
69.139	4.612e-03	-1.961	2595	3.830	5.036
69.139	6.088e-03	-2.062	2592	3.929	4.493
69.139	7.970e-03	-2.150	2596	4.020	4.046
69.139	1.046e-02	-2.235	2603	4.109	3.651
69.139	1.375e-02	-2.315	2615	4.197	3.301
69.139	1.808e-02	-2.392	2629	4.284	2.986
69.139	2.376e-02	-2.471	2640	4.370	2.704
69.139	3.124e-02	-2.566	2625	4.455	2.452
69.139	4.105e-02	-2.669	2591	4.535	2.236
69.139	5.388e-02	-2.766	2559	4.611	2.049
69.139	7.082e-02	-2.862	2527	4.684	1.883
69.139	9.237e-02	-2.953	2495	4.754	1.738
69.139	1.212e-01	-3.046	2462	4.823	1.604
69.139	1.593e-01	-3.140	2425	4.891	1.483
69.139	2.078e-01	-3.238	2378	4.955	1.378
69.139	2.743e-01	-3.353	2307	5.018	1.282
69.139	3.591e-01	-3.461	2239	5.073	1.203
69.139	4.714e-01	-3.571	2165	5.124	1.134
69.139	6.195e-01	-3.680	2086	5.169	1.077
69.139	8.080e-01	-3.786	2004	5.206	1.032
69.139	1.061e+00	-3.877	1937	5.237	0.996
69.139	1.394e+00	-3.948	1885	5.262	0.968
69.139	1.818e+00	-4.013	1837	5.281	0.947
69.139	2.386e+00	-4.062	1798	5.294	0.933
69.139	3.136e+00	-4.092	1776	5.302	0.925
69.139	4.091e+00	-4.108	1764	5.306	0.920
69.139	5.369e+00	-4.116	1758	5.308	0.918
69.139	7.031e+00	-4.118	1756	5.309	0.917
69.139	9.262e+00	-4.119	1756	5.309	0.917
70.187	1.033e-04	-0.791	3072	2.959	13.822
70.187	1.364e-04	-0.884	3064	3.048	12.481
70.187	1.797e-04	-0.978	3046	3.132	11.326
70.187	2.362e-04	-1.076	3017	3.213	10.325
70.187	3.080e-04	-1.174	2976	3.287	9.475
70.187	4.066e-04	-1.280	2920	3.360	8.715
70.187	5.323e-04	-1.373	2868	3.422	8.116
70.187	6.986e-04	-1.444	2827	3.468	7.697
70.187	9.182e-04	-1.483	2805	3.493	7.477
70.187	1.198e-03	-1.504	2792	3.506	7.361
70.187	1.581e-03	-1.528	2778	3.522	7.232
70.187	2.082e-03	-1.571	2753	3.549	7.012
70.187	2.737e-03	-1.672	2698	3.615	6.494
70.187	3.613e-03	-1.848	2620	3.740	5.624
70.187	4.759e-03	-1.968	2599	3.846	4.981
70.187	6.254e-03	-2.065	2596	3.941	4.463
70.187	8.158e-03	-2.151	2601	4.030	4.030
70.187	1.077e-02	-2.236	2607	4.120	3.633
70.187	1.410e-02	-2.314	2619	4.206	3.292
70.187	1.850e-02	-2.391	2632	4.292	2.981
70.187	2.432e-02	-2.470	2644	4.377	2.701
70.187	3.172e-02	-2.561	2631	4.460	2.457
70.187	4.163e-02	-2.663	2597	4.539	2.242
70.187	5.471e-02	-2.761	2565	4.616	2.053
70.187	7.194e-02	-2.856	2533	4.689	1.886
70.187	9.420e-02	-2.949	2501	4.760	1.738
70.187	1.233e-01	-3.041	2468	4.829	1.606
70.187	1.628e-01	-3.136	2431	4.898	1.483
70.187	2.131e-01	-3.234	2385	4.963	1.376
70.187	2.813e-01	-3.349	2314	5.025	1.281
70.187	3.682e-01	-3.455	2247	5.081	1.202
70.187	4.833e-01	-3.563	2175	5.131	1.134
70.187	6.352e-01	-3.669	2098	5.175	1.078
70.187	8.385e-01	-3.775	2017	5.213	1.032
70.187	1.098e+00	-3.859	1954	5.242	0.999
70.187	1.441e+00	-3.926	1905	5.264	0.973
70.187	1.887e+00	-3.974	1871	5.281	0.954
70.187	2.485e+00	-4.016	1838	5.292	0.942
70.187	3.266e+00	-4.039	1820	5.298	0.936
70.187	4.260e+00	-4.048	1813	5.300	0.933
70.187	5.547e+00	-4.052	1810	5.301	0.932
70.187	7.211e+00	-4.053	1809	5.301	0.932
70.187	9.519e+00	-4.053	1809	5.301	0.932
71.234	1.032e-04	-0.781	3078	2.959	13.928
71.234	1.364e-04	-0.874	3071	3.048	12.568
71.234	1.794e-04	-0.968	3054	3.132	11.411
71.234	2.358e-04	-1.064	3026	3.213	10.400
71.234	3.100e-04	-1.165	2985	3.290	9.519
71.234	4.074e-04	-1.269	2930	3.361	8.766
71.234	5.356e-04	-1.362	2878	3.424	8.159
71.234	7.040e-04	-1.430	2839	3.468	7.752
71.234	9.256e-04	-1.467	2818	3.492	7.545
71.234	1.212e-03	-1.488	2805	3.505	7.429
71.234	1.597e-03	-1.513	2790	3.521	7.291
71.234	2.098e-03	-1.559	2763	3.550	7.050
71.234	2.759e-03	-1.677	2699	3.627	6.455
71.234	3.626e-03	-1.849	2623	3.749	5.607
71.234	4.786e-03	-1.966	2603	3.853	4.976
71.234	6.266e-03	-2.061	2600	3.946	4.473
71.234	8.271e-03	-2.149	2605	4.037	4.026
71.234	1.083e-02	-2.231	2611	4.124	3.644
71.234	1.421e-02	-2.310	2622	4.209	3.302
71.234	1.868e-02	-2.387	2635	4.295	2.991
71.234	2.456e-02	-2.465	2646	4.381	2.710
71.234	3.227e-02	-2.556	2636	4.465	2.459
71.234	4.210e-02	-2.656	2604	4.543	2.248
71.234	5.557e-02	-2.755	2571	4.621	2.056
71.234	7.274e-02	-2.849	2539	4.693	1.891
71.234	9.548e-02	-2.943	2507	4.765	1.742
71.234	1.250e-01	-3.035	2474	4.834	1.609
71.234	1.637e-01	-3.127	2439	4.901	1.490
71.234	2.161e-01	-3.226	2394	4.968	1.379
71.234	2.823e-01	-3.336	2326	5.028	1.287
71.234	3.712e-01	-3.444	2259	5.084	1.206
71.234	4.879e-01	-3.549	2189	5.135	1.137
71.234	6.415e-01	-3.653	2114	5.179	1.081
71.234	8.400e-01	-3.751	2040	5.215	1.038
71.234	1.100e+00	-3.832	1978	5.242	1.005
71.234	1.432e+00	-3.892	1934	5.263	0.982
71.234	1.890e+00	-3.935	1902	5.278	0.965
71.234	2.474e+00	-3.962	1884	5.287	0.954
71.234	3.247e+00	-3.981	1869	5.293	0.948
71.234	4.268e+00	-3.989	1863	5.295	0.946
71.234	5.634e+00	-3.991	1861	5.295	0.946
71.234	7.421e+00	-3.991	1861	5.295	0.945
71.234	9.878e+00	-3.992	1861	5.296	0.945
72.282	1.024e-04	-0.769	3084	2.957	14.065
72.282	1.340e-04	-0.859	3078	3.043	12.737
72.282	1.769e-04	-0.953	3062	3.128	11.546
72.282	2.316e-04	-1.047	3036	3.208	10.533
72.282	3.056e-04	-1.149	2995	3.286	9.624
72.282	4.001e-04	-1.250	2944	3.357	8.868
72.282	5.282e-04	-1.344	2892	3.421	8.242
72.282	6.914e-04	-1.412	2854	3.465	7.835
72.282	9.075e-04	-1.448	2833	3.488	7.627
72.282	1.188e-03	-1.469	2820	3.502	7.509
72.282	1.565e-03	-1.495	2805	3.518	7.368
72.282	2.057e-03	-1.542	2777	3.548	7.120
72.282	2.705e-03	-1.664	2709	3.627	6.506
72.282	3.555e-03	-1.837	2629	3.748	5.658
72.282	4.693e-03	-1.954	2607	3.851	5.027
72.282	6.143e-03	-2.049	2603	3.942	4.523
72.282	8.109e-03	-2.136	2608	4.033	4.075
72.282	1.062e-02	-2.218	2614	4.119	3.691
72.282	1.393e-02	-2.297	2623	4.204	3.345
72.282	1.831e-02	-2.374	2637	4.290	3.032
72.282	2.389e-02	-2.449	2648	4.372	2.756
72.282	3.153e-02	-2.536	2647	4.458	2.497
72.282	4.153e-02	-2.640	2613	4.540	2.274
72.282	5.458e-02	-2.738	2581	4.617	2.081
72.282	7.120e-02	-2.831	2550	4.689	1.915
72.282	9.398e-02	-2.927	2517	4.762	1.761
72.282	1.230e-01	-3.019	2484	4.831	1.626
72.282	1.624e-01	-3.113	2449	4.900	1.502
72.282	2.126e-01	-3.207	2408	4.965	1.393
72.282	2.806e-01	-3.319	2341	5.028	1.295
72.282	3.674e-01	-3.425	2275	5.084	1.215
72.282	4.849e-01	-3.529	2208	5.136	1.144
72.282	6.348e-01	-3.630	2135	5.179	1.089
72.282	8.379e-01	-3.725	2064	5.215	1.044
72.282	1.104e+00	-3.804	2003	5.243	1.012
72.282	1.445e+00	-3.860	1961	5.262	0.990
72.282	1.892e+00	-3.898	1934	5.274	0.976
72.282	2.498e+00	-3.920	1917	5.282	0.967
72.282	3.270e+00	-3.931	1909	5.286	0.963
72.282	4.292e+00	-3.935	1906	5.288	0.961
72.282	5.640e+00	-3.937	1905	5.288	0.961
72.282	7.507e+00	-3.937	1905	5.288	0.960
72.282	9.992e+00	-3.937	1905	5.288	0.960
73.330	1.028e-04	-0.761	3090	2.959	14.138
73.330	1.349e-04	-0.852	3083	3.046	12.792
73.330	1.773e-04	-0.944	3068	3.129	11.613
73.330	2.313e-04	-1.036	3045	3.208	10.607
73.330	3.036e-04	-1.136	3005	3.285	9.707
73.330	3.976e-04	-1.236	2955	3.357	8.942
73.330	5.204e-04	-1.327	2906	3.418	8.327
73.330	6.870e-04	-1.396	2867	3.463	7.906
73.330	8.993e-04	-1.431	2847	3.486	7.703
73.330	1.180e-03	-1.452	2834	3.500	7.583
73.330	1.551e-03	-1.479	2818	3.517	7.438
73.330	2.048e-03	-1.529	2789	3.548	7.170
73.330	2.681e-03	-1.658	2716	3.631	6.518
73.330	3.545e-03	-1.832	2635	3.752	5.669
73.330	4.680e-03	-1.947	2613	3.854	5.045
73.330	6.126e-03	-2.042	2607	3.944	4.545
73.330	8.087e-03	-2.129	2612	4.034	4.099
73.330	1.057e-02	-2.209	2618	4.119	3.717
73.330	1.389e-02	-2.290	2626	4.204	3.369
73.330	1.819e-02	-2.365	2639	4.288	3.059
73.330	2.382e-02	-2.441	2650	4.372	2.778
73.330	3.144e-02	-2.524	2655	4.458	2.517
73.330	4.142e-02	-2.628	2621	4.539	2.291
73.330	5.443e-02	-2.726	2589	4.617	2.096
73.330	7.100e-02	-2.820	2558	4.689	1.929
73.330	9.319e-02	-2.914	2525	4.760	1.776
73.330	1.225e-01	-3.007	2492	4.831	1.638
73.330	1.610e-01	-3.099	2458	4.899	1.514
73.330	2.116e-01	-3.193	2419	4.966	1.403
73.330	2.783e-01	-3.302	2356	5.028	1.305
73.330	3.657e-01	-3.408	2290	5.085	1.222
73.330	4.770e-01	-3.506	2228	5.135	1.154
73.330	6.261e-01	-3.605	2157	5.179	1.098
73.330	8.228e-01	-3.694	2092	5.214	1.054
73.330	1.082e+00	-3.770	2033	5.241	1.022
73.330	1.422e+00	-3.824	1992	5.259	1.000
73.330	1.855e+00	-3.857	1968	5.270	0.987
73.330	2.448e+00	-3.876	1954	5.277	0.980
73.330	3.199e+00	-3.884	1948	5.280	0.977
73.330	4.173e+00	-3.887	1946	5.281	0.976
73.330	5.508e+00	-3.887	1945	5.281	0.976
73.330	7.316e+00	-3.888	1945	5.281	0.976
73.330	9.738e+00	-3.888	1945	5.281	0.976
74.377	1.029e-04	-0.753	3094	2.959	14.230
74.377	1.355e-04	-0.844	3089	3.047	12.858
74.377	1.781e-04	-0.936	3074	3.131	11.674
74.377	2.323e-04	-1.027	3053	3.210	10.662
74.377	3.048e-04	-1.127	3012	3.287	9.756
74.377	4.007e-04	-1.228	2964	3.359	8.978
74.377	5.268e-04	-1.319	2915	3.421	8.360
74.377	6.923e-04	-1.383	2879	3.463	7.963
74.377	9.030e-04	-1.415	2860	3.484	7.772
74.377	1.185e-03	-1.436	2847	3.498	7.651
74.377	1.558e-03	-1.464	2831	3.516	7.497
74.377	2.056e-03	-1.519	2798	3.550	7.204
74.377	2.692e-03	-1.662	2717	3.642	6.482
74.377	3.484e-03	-1.821	2641	3.752	5.714
74.377	4.579e-03	-1.934	2620	3.850	5.100
74.377	6.021e-03	-2.030	2612	3.942	4.591
74.377	7.913e-03	-2.116	2615	4.029	4.150
74.377	1.040e-02	-2.198	2621	4.116	3.758
74.377	1.362e-02	-2.278	2627	4.199	3.413
74.377	1.784e-02	-2.352	2641	4.283	3.100
74.377	2.354e-02	-2.430	2652	4.368	2.809
74.377	3.077e-02	-2.506	2663	4.451	2.555
74.377	4.013e-02	-2.605	2633	4.531	2.331
74.377	5.297e-02	-2.706	2600	4.610	2.128
74.377	6.934e-02	-2.801	2568	4.683	1.955
74.377	9.101e-02	-2.895	2536	4.755	1.799
74.377	1.192e-01	-2.987	2503	4.825	1.661
74.377	1.560e-01	-3.078	2469	4.892	1.537
74.377	2.060e-01	-3.172	2433	4.960	1.421
74.377	2.696e-01	-3.275	2377	5.023	1.322
74.377	3.559e-01	-3.383	2310	5.082	1.236
74.377	4.651e-01	-3.480	2249	5.132	1.166
74.377	6.115e-01	-3.577	2181	5.176	1.108
74.377	8.037e-01	-3.663	2120	5.212	1.064
74.377	1.048e+00	-3.734	2066	5.238	1.033
74.377	1.384e+00	-3.786	2025	5.256	1.011
74.377	1.808e+00	-3.817	2002	5.266	0.999
74.377	2.359e+00	-3.832	1990	5.271	0.993
74.377	3.071e+00	-3.838	1985	5.274	0.991
74.377	4.031e+00	-3.840	1984	5.274	0.990
74.377	5.298e+00	-3.841	1983	5.275	0.990
74.377	7.051e+00	-3.841	1983	5.275	0.990
74.377	9.385e+00	-3.841	1983	5.275	0.990
75.425	1.023e-04	-0.744	3097	2.958	14.353
75.425	1.339e-04	-0.831	3096	3.044	12.997
75.425	1.750e-04	-0.921	3081	3.126	11.822
75.425	2.283e-04	-1.012	3061	3.205	10.794
75.425	3.013e-04	-1.113	3022	3.284	9.854
75.425	3.944e-04	-1.211	2977	3.356	9.075
75.425	5.217e-04	-1.303	2927	3.419	8.436
75.425	6.804e-04	-1.365	2893	3.460	8.046
75.425	8.982e-04	-1.399	2874	3.482	7.847
75.425	1.174e-03	-1.420	2861	3.496	7.726
75.425	1.549e-03	-1.449	2843	3.514	7.562
75.425	2.028e-03	-1.504	2810	3.549	7.264
75.425	2.677e-03	-1.658	2723	3.647	6.488
75.425	3.529e-03	-1.822	2645	3.762	5.686
75.425	4.620e-03	-1.932	2624	3.857	5.094
75.425	6.063e-03	-2.027	2616	3.947	4.595
75.425	7.940e-03	-2.111	2618	4.033	4.164
75.425	1.039e-02	-2.191	2625	4.117	3.779
75.425	1.364e-02	-2.271	2631	4.201	3.431
75.425	1.793e-02	-2.346	2644	4.285	3.114
75.425	2.357e-02	-2.423	2655	4.369	2.826
75.425	3.098e-02	-2.500	2665	4.453	2.566
75.425	4.041e-02	-2.597	2639	4.533	2.341
75.425	5.334e-02	-2.698	2606	4.612	2.137
75.425	6.983e-02	-2.793	2575	4.686	1.963
75.425	9.218e-02	-2.889	2542	4.760	1.803
75.425	1.205e-01	-2.981	2509	4.829	1.665
75.425	1.571e-01	-3.070	2476	4.895	1.542
75.425	2.074e-01	-3.163	2440	4.963	1.426
75.425	2.715e-01	-3.264	2388	5.026	1.327
75.425	3.584e-01	-3.371	2322	5.085	1.240
75.425	4.692e-01	-3.468	2261	5.135	1.170
75.425	6.158e-01	-3.560	2198	5.178	1.113
75.425	8.093e-01	-3.642	2139	5.213	1.070
75.425	1.064e+00	-3.708	2090	5.238	1.039
75.425	1.398e+00	-3.754	2054	5.254	1.020
75.425	1.824e+00	-3.780	2034	5.263	1.010
75.425	2.408e+00	-3.792	2025	5.267	1.005
75.425	3.152e+00	-3.796	2022	5.269	1.004
75.425	4.187e+00	-3.797	2021	5.269	1.003
75.425	5.572e+00	-3.797	2021	5.269	1.003
75.425	7.417e+00	-3.797	2020	5.269	1.003
75.425	9.872e+00	-3.797	2020	5.269	1.003
76.472	1.014e-04	-0.734	3100	2.955	14.491
76.472	1.331e-04	-0.820	3102	3.042	13.111
76.472	1.749e-04	-0.912	3087	3.126	11.900
76.472	2.300e-04	-1.005	3067	3.208	10.836
76.472	3.023e-04	-1.104	3030	3.286	9.906
76.472	3.990e-04	-1.203	2985	3.359	9.102
76.472	5.223e-04	-1.292	2938	3.420	8.491
76.472	6.894e-04	-1.353	2904	3.461	8.099
76.472	9.025e-04	-1.383	2886	3.481	7.916
76.472	1.185e-03	-1.405	2874	3.494	7.791
76.472	1.557e-03	-1.435	2855	3.514	7.619
76.472	2.055e-03	-1.499	2817	3.554	7.274
76.472	2.690e-03	-1.663	2723	3.659	6.447
76.472	3.551e-03	-1.822	2649	3.770	5.672
76.472	4.649e-03	-1.929	2629	3.864	5.091
76.472	6.053e-03	-2.021	2620	3.950	4.612
76.472	7.990e-03	-2.107	2622	4.037	4.172
76.472	1.046e-02	-2.186	2628	4.121	3.789
76.472	1.373e-02	-2.265	2634	4.204	3.442
76.472	1.798e-02	-2.340	2646	4.287	3.130
76.472	2.353e-02	-2.415	2657	4.369	2.847
76.472	3.107e-02	-2.493	2668	4.454	2.581
76.472	4.092e-02	-2.591	2645	4.537	2.346
76.472	5.378e-02	-2.691	2613	4.615	2.144
76.472	7.015e-02	-2.784	2581	4.688	1.972
76.472	9.207e-02	-2.879	2549	4.760	1.814
76.472	1.210e-01	-2.972	2516	4.831	1.673
76.472	1.591e-01	-3.064	2482	4.900	1.545
76.472	2.091e-01	-3.156	2447	4.966	1.431
76.472	2.727e-01	-3.252	2400	5.028	1.332
76.472	3.607e-01	-3.359	2334	5.087	1.245
76.472	4.705e-01	-3.454	2274	5.137	1.176
76.472	6.210e-01	-3.543	2215	5.180	1.118
76.472	8.130e-01	-3.621	2158	5.213	1.077
76.472	1.073e+00	-3.681	2115	5.238	1.047
76.472	1.402e+00	-3.721	2084	5.252	1.030
76.472	1.844e+00	-3.743	2066	5.260	1.021
76.472	2.423e+00	-3.752	2059	5.263	1.017
76.472	3.161e+00	-3.755	2057	5.264	1.016
76.472	4.109e+00	-3.755	2057	5.264	1.016
76.472	5.393e+00	-3.755	2057	5.264	1.016
76.472	7.148e+00	-3.755	2057	5.264	1.016
76.472	9.513e+00	-3.756	2057	5.264	1.016
77.520	1.013e-04	-0.726	3104	2.955	14.589
77.520	1.326e-04	-0.810	3108	3.042	13.213
77.520	1.753e-04	-0.904	3092	3.128	11.966
77.520	2.305e-04	-0.996	3074	3.209	10.896
77.520	3.019e-04	-1.094	3038	3.286	9.972
77.520	3.952e-04	-1.189	2997	3.357	9.184
77.520	5.216e-04	-1.279	2948	3.419	8.552
77.520	6.829e-04	-1.337	2917	3.459	8.174
77.520	9.014e-04	-1.368	2899	3.479	7.988
77.520	1.178e-03	-1.389	2887	3.492	7.862
77.520	1.555e-03	-1.421	2868	3.513	7.678
77.520	2.035e-03	-1.486	2828	3.554	7.322
77.520	2.687e-03	-1.660	2728	3.665	6.445
77.520	3.553e-03	-1.818	2654	3.775	5.677
77.520	4.652e-03	-1.924	2634	3.868	5.104
77.520	6.105e-03	-2.018	2624	3.955	4.615
77.520	8.024e-03	-2.102	2625	4.040	4.184
77.520	1.055e-02	-2.182	2632	4.125	3.797
77.520	1.382e-02	-2.260	2638	4.207	3.454
77.520	1.809e-02	-2.335	2649	4.289	3.143
77.520	2.387e-02	-2.412	2660	4.374	2.851
77.520	3.120e-02	-2.487	2670	4.455	2.595
77.520	4.069e-02	-2.578	2653	4.535	2.366
77.520	5.341e-02	-2.678	2621	4.613	2.163
77.520	6.994e-02	-2.773	2589	4.688	1.986
77.520	9.140e-02	-2.866	2557	4.759	1.829
77.520	1.192e-01	-2.957	2525	4.828	1.690
77.520	1.574e-01	-3.051	2491	4.898	1.559
77.520	2.060e-01	-3.140	2457	4.964	1.445
77.520	2.719e-01	-3.237	2413	5.029	1.341
77.520	3.560e-01	-3.341	2349	5.086	1.255
77.520	4.672e-01	-3.436	2289	5.137	1.184
77.520	6.141e-01	-3.521	2234	5.179	1.127
77.520	8.010e-01	-3.595	2181	5.212	1.086
77.520	1.057e+00	-3.651	2141	5.235	1.057
77.520	1.382e+00	-3.686	2114	5.249	1.041
77.520	1.802e+00	-3.705	2100	5.256	1.032
77.520	2.379e+00	-3.713	2094	5.259	1.029
77.520	3.114e+00	-3.715	2092	5.259	1.028
77.520	4.136e+00	-3.716	2092	5.259	1.028
77.520	5.482e+00	-3.716	2092	5.260	1.028
77.520	7.296e+00	-3.716	2092	5.260	1.028
77.520	9.711e+00	-3.716	2091	5.260	1.028
78.567	1.007e-04	-0.717	3107	2.954	14.707
78.567	1.324e-04	-0.801	3113	3.041	13.303
78.567	1.727e-04	-0.891	3099	3.123	12.106
78.567	2.279e-04	-0.983	3081	3.206	11.006
78.567	2.984e-04	-1.080	3048	3.283	10.070
78.567	3.939e-04	-1.177	3006	3.357	9.251
78.567	5.147e-04	-1.264	2961	3.417	8.635
78.567	6.767e-04	-1.322	2929	3.456	8.250
78.567	8.894e-04	-1.351	2913	3.476	8.066
78.567	1.160e-03	-1.372	2901	3.490	7.939
78.567	1.534e-03	-1.405	2881	3.511	7.748
78.567	2.017e-03	-1.475	2839	3.555	7.367
78.567	2.651e-03	-1.649	2737	3.666	6.483
78.567	3.506e-03	-1.807	2661	3.775	5.716
78.567	4.573e-03	-1.912	2640	3.866	5.151
78.567	6.037e-03	-2.008	2628	3.954	4.651
78.567	7.902e-03	-2.091	2628	4.038	4.226
78.567	1.037e-02	-2.170	2635	4.121	3.840
78.567	1.358e-02	-2.248	2641	4.203	3.494
78.567	1.775e-02	-2.323	2650	4.284	3.183
78.567	2.334e-02	-2.399	2661	4.367	2.892
78.567	3.056e-02	-2.474	2672	4.449	2.632
78.567	3.994e-02	-2.561	2663	4.530	2.397
78.567	5.209e-02	-2.659	2631	4.607	2.194
78.567	6.876e-02	-2.757	2598	4.684	2.008
78.567	9.001e-02	-2.851	2566	4.756	1.848
78.567	1.181e-01	-2.944	2533	4.827	1.704
78.567	1.547e-01	-3.035	2500	4.895	1.575
78.567	2.022e-01	-3.124	2467	4.960	1.460
78.567	2.658e-01	-3.216	2427	5.025	1.356
78.567	3.494e-01	-3.321	2365	5.084	1.267
78.567	4.593e-01	-3.415	2307	5.135	1.195
78.567	6.037e-01	-3.498	2254	5.177	1.137
78.567	7.874e-01	-3.568	2205	5.209	1.096
78.567	1.039e+00	-3.622	2165	5.232	1.068
78.567	1.358e+00	-3.654	2143	5.245	1.052
78.567	1.772e+00	-3.669	2131	5.252	1.044
78.567	2.325e+00	-3.676	2126	5.254	1.041
78.567	3.056e+00	-3.678	2125	5.255	1.040
78.567	4.034e+00	-3.678	2125	5.255	1.040
78.567	5.370e+00	-3.678	2124	5.255	1.040
78.567	7.147e+00	-3.679	2124	5.255	1.040
78.567	9.513e+00	-3.679	2124	5.255	1.040
80.663	1.019e-04	-0.706	3116	2.959	14.818
80.663	1.340e-04	-0.788	3123	3.046	13.409
80.663	1.761e-04	-0.880	3109	3.130	12.172
80.663	2.315e-04	-0.971	3093	3.211	11.083
80.663	3.043e-04	-1.067	3060	3.290	10.130
80.663	4.000e-04	-1.163	3020	3.362	9.324
80.663	5.239e-04	-1.244	2979	3.420	8.721
80.663	6.858e-04	-1.296	2951	3.455	8.373
80.663	9.053e-04	-1.323	2936	3.473	8.200
80.663	1.183e-03	-1.345	2924	3.488	8.063
80.663	1.562e-03	-1.382	2902	3.512	7.841
80.663	2.044e-03	-1.467	2850	3.566	7.372
80.663	2.698e-03	-1.659	2738	3.688	6.405
80.663	3.532e-03	-1.802	2670	3.788	5.709
80.663	4.636e-03	-1.906	2649	3.878	5.148
80.663	6.093e-03	-2.000	2636	3.963	4.666
80.663	7.948e-03	-2.081	2635	4.043	4.253
80.663	1.049e-02	-2.161	2642	4.127	3.862
80.663	1.373e-02	-2.238	2648	4.208	3.518
80.663	1.813e-02	-2.316	2656	4.292	3.196
80.663	2.373e-02	-2.390	2667	4.373	2.911
80.663	3.115e-02	-2.465	2677	4.455	2.648
80.663	4.079e-02	-2.548	2675	4.536	2.411
80.663	5.331e-02	-2.647	2643	4.614	2.205
80.663	6.953e-02	-2.741	2611	4.688	2.025
80.663	9.039e-02	-2.833	2580	4.759	1.867
80.663	1.186e-01	-2.926	2547	4.829	1.721
80.663	1.554e-01	-3.017	2514	4.898	1.590
80.663	2.030e-01	-3.106	2481	4.963	1.475
80.663	2.648e-01	-3.192	2447	5.026	1.372
80.663	3.476e-01	-3.292	2390	5.085	1.283
80.663	4.568e-01	-3.383	2335	5.136	1.210
80.663	5.958e-01	-3.460	2286	5.176	1.154
80.663	7.865e-01	-3.525	2244	5.208	1.113
80.663	1.028e+00	-3.570	2212	5.228	1.088
80.663	1.351e+00	-3.596	2193	5.239	1.074
80.663	1.776e+00	-3.607	2184	5.244	1.068
80.663	2.335e+00	-3.611	2182	5.245	1.066
80.663	3.095e+00	-3.612	2181	5.246	1.066
80.663	4.119e+00	-3.612	2181	5.246	1.066
80.663	5.482e+00	-3.612	2181	5.246	1.066
80.663	7.297e+00	-3.612	2181	5.246	1.066
80.663	9.712e+00	-3.612	2181	5.246	1.065
81.710	1.004e-04	-0.695	3118	2.955	14.986
81.710	1.314e-04	-0.774	3129	3.040	13.584
81.710	1.735e-04	-0.867	3115	3.126	12.310
81.710	2.271e-04	-0.956	3100	3.206	11.223
81.710	2.997e-04	-1.052	3070	3.286	10.240
81.710	3.924e-04	-1.147	3030	3.357	9.433
81.710	5.150e-04	-1.228	2991	3.416	8.812
81.710	6.768e-04	-1.281	2962	3.452	8.452
81.710	8.899e-04	-1.307	2948	3.470	8.280
81.710	1.165e-03	-1.329	2936	3.485	8.139
81.710	1.535e-03	-1.367	2914	3.510	7.914
81.710	2.018e-03	-1.455	2861	3.566	7.420
81.710	2.653e-03	-1.646	2748	3.687	6.453
81.710	3.486e-03	-1.791	2679	3.788	5.745
81.710	4.576e-03	-1.896	2654	3.877	5.185
81.710	6.014e-03	-1.990	2640	3.961	4.704
81.710	7.844e-03	-2.071	2638	4.042	4.290
81.710	1.030e-02	-2.149	2644	4.123	3.906
81.710	1.353e-02	-2.227	2650	4.205	3.555
81.710	1.779e-02	-2.304	2657	4.287	3.235
81.710	2.338e-02	-2.379	2668	4.368	2.944
81.710	3.050e-02	-2.452	2679	4.449	2.685
81.710	4.003e-02	-2.531	2684	4.531	2.442
81.710	5.242e-02	-2.631	2652	4.610	2.230
81.710	6.862e-02	-2.727	2620	4.685	2.045
81.710	8.935e-02	-2.819	2589	4.756	1.884
81.710	1.162e-01	-2.910	2556	4.825	1.741
81.710	1.525e-01	-3.001	2523	4.894	1.608
81.710	2.004e-01	-3.092	2490	4.961	1.488
81.710	2.634e-01	-3.180	2456	5.026	1.382
81.710	3.450e-01	-3.276	2403	5.084	1.292
81.710	4.516e-01	-3.365	2351	5.134	1.219
81.710	5.927e-01	-3.443	2302	5.175	1.163
81.710	7.790e-01	-3.502	2263	5.206	1.123
81.710	1.016e+00	-3.543	2235	5.225	1.098
81.710	1.334e+00	-3.567	2217	5.235	1.085
81.710	1.746e+00	-3.577	2210	5.240	1.080
81.710	2.282e+00	-3.580	2208	5.241	1.078
81.710	3.013e+00	-3.581	2208	5.241	1.078
81.710	4.010e+00	-3.581	2208	5.241	1.078
81.710	5.337e+00	-3.581	2207	5.241	1.078
81.710	7.104e+00	-3.581	2207	5.241	1.078
81.710	9.455e+00	-3.581	2207	5.241	1.078
83.805	1.005e-04	-0.681	3126	2.957	15.143
83.805	1.322e-04	-0.761	3137	3.043	13.714
83.805	1.737e-04	-0.851	3126	3.127	12.448
83.805	2.284e-04	-0.941	3111	3.209	11.334
83.805	3.002e-04	-1.035	3084	3.287	10.356
83.805	3.963e-04	-1.131	3044	3.360	9.521
83.805	5.188e-04	-1.206	3011	3.417	8.920
83.805	6.848e-04	-1.256	2984	3.450	8.579
83.805	8.964e-04	-1.280	2970	3.467	8.418
83.805	1.177e-03	-1.303	2958	3.483	8.265
83.805	1.546e-03	-1.345	2934	3.510	8.008
83.805	2.041e-03	-1.455	2868	3.581	7.385
83.805	2.625e-03	-1.633	2761	3.693	6.486
83.805	3.434e-03	-1.773	2694	3.791	5.799
83.805	4.513e-03	-1.880	2665	3.879	5.240
83.805	5.933e-03	-1.975	2648	3.962	4.760
83.805	7.770e-03	-2.057	2645	4.042	4.340
83.805	1.017e-02	-2.133	2651	4.122	3.960
83.805	1.343e-02	-2.211	2657	4.204	3.602
83.805	1.755e-02	-2.288	2661	4.284	3.287
83.805	2.281e-02	-2.359	2672	4.362	3.005
83.805	2.975e-02	-2.432	2682	4.441	2.742
83.805	3.905e-02	-2.506	2693	4.523	2.496
83.805	5.132e-02	-2.603	2668	4.604	2.273
83.805	6.774e-02	-2.703	2635	4.682	2.077
83.805	8.853e-02	-2.797	2603	4.755	1.911
83.805	1.164e-01	-2.892	2570	4.827	1.759
83.805	1.530e-01	-2.984	2537	4.897	1.623
83.805	2.011e-01	-3.074	2503	4.964	1.502
83.805	2.643e-01	-3.161	2471	5.028	1.396
83.805	3.475e-01	-3.252	2425	5.087	1.304
83.805	4.568e-01	-3.340	2373	5.137	1.231
83.805	6.006e-01	-3.412	2329	5.176	1.176
83.805	7.893e-01	-3.465	2295	5.204	1.139
83.805	1.030e+00	-3.497	2274	5.220	1.118
83.805	1.359e+00	-3.515	2262	5.229	1.107
83.805	1.779e+00	-3.521	2258	5.232	1.104
83.805	2.348e+00	-3.523	2257	5.233	1.103
83.805	3.119e+00	-3.523	2257	5.233	1.102
83.805	4.152e+00	-3.523	2257	5.233	1.102
83.805	5.526e+00	-3.523	2257	5.233	1.102
83.805	7.355e+00	-3.523	2257	5.233	1.102
83.805	9.789e+00	-3.523	2256	5.233	1.102
85.900	1.047e-04	-0.680	3135	2.971	15.082
85.900	1.376e-04	-0.760	3144	3.056	13.671
85.900	1.816e-04	-0.851	3134	3.141	12.398
85.900	2.378e-04	-0.938	3119	3.221	11.311
85.900	3.096e-04	-1.029	3092	3.296	10.375
85.900	4.087e-04	-1.121	3055	3.368	9.556
85.900	5.350e-04	-1.191	3025	3.420	8.995
85.900	7.022e-04	-1.232	3004	3.449	8.699
85.900	9.228e-04	-1.255	2991	3.465	8.543
85.900	1.204e-03	-1.280	2977	3.482	8.376
85.900	1.592e-03	-1.330	2949	3.516	8.058
85.900	2.076e-03	-1.465	2868	3.602	7.297
85.900	2.741e-03	-1.652	2757	3.720	6.366
85.900	3.610e-03	-1.785	2697	3.815	5.709
85.900	4.728e-03	-1.886	2671	3.899	5.182
85.900	6.146e-03	-1.975	2655	3.977	4.735
85.900	8.032e-03	-2.055	2652	4.056	4.327
85.900	1.056e-02	-2.131	2658	4.136	3.946
85.900	1.388e-02	-2.208	2664	4.216	3.598
85.900	1.825e-02	-2.286	2667	4.297	3.279
85.900	2.398e-02	-2.360	2678	4.377	2.988
85.900	3.153e-02	-2.434	2689	4.459	2.721
85.900	4.144e-02	-2.509	2700	4.541	2.476
85.900	5.406e-02	-2.603	2676	4.619	2.262
85.900	7.136e-02	-2.703	2643	4.698	2.067
85.900	9.341e-02	-2.797	2610	4.771	1.900
85.900	1.216e-01	-2.888	2578	4.840	1.754
85.900	1.581e-01	-2.977	2546	4.907	1.625
85.900	2.075e-01	-3.066	2513	4.973	1.505
85.900	2.728e-01	-3.151	2481	5.036	1.399
85.900	3.558e-01	-3.235	2442	5.093	1.311
85.900	4.696e-01	-3.321	2392	5.142	1.239
85.900	6.148e-01	-3.384	2354	5.178	1.189
85.900	8.069e-01	-3.430	2325	5.202	1.156
85.900	1.057e+00	-3.456	2309	5.216	1.138
85.900	1.381e+00	-3.467	2302	5.222	1.130
85.900	1.801e+00	-3.471	2299	5.224	1.128
85.900	2.345e+00	-3.472	2299	5.224	1.127
85.900	3.078e+00	-3.472	2298	5.224	1.127
85.900	4.045e+00	-3.472	2298	5.224	1.127
85.900	5.384e+00	-3.472	2298	5.224	1.127
85.900	7.167e+00	-3.472	2298	5.224	1.127
85.900	9.539e+00	-3.472	2298	5.224	1.127
87.996	1.031e-04	-0.663	3141	2.968	15.319
87.996	1.345e-04	-0.740	3150	3.051	13.932
87.996	1.775e-04	-0.828	3146	3.135	12.636
87.996	2.339e-04	-0.918	3130	3.217	11.501
87.996	3.063e-04	-1.008	3106	3.294	10.529
87.996	4.009e-04	-1.096	3072	3.363	9.720
87.996	5.292e-04	-1.167	3042	3.417	9.138
87.996	6.928e-04	-1.205	3025	3.445	8.849
87.996	9.093e-04	-1.227	3013	3.461	8.690
87.996	1.195e-03	-1.255	2998	3.479	8.506
87.996	1.578e-03	-1.309	2968	3.516	8.156
87.996	2.065e-03	-1.460	2877	3.613	7.293
87.996	2.711e-03	-1.638	2771	3.725	6.408
87.996	3.562e-03	-1.768	2712	3.818	5.760
87.996	4.684e-03	-1.872	2681	3.902	5.229
87.996	6.133e-03	-1.963	2663	3.981	4.772
87.996	8.015e-03	-2.042	2660	4.059	4.365
87.996	1.054e-02	-2.119	2664	4.138	3.986
87.996	1.380e-02	-2.193	2670	4.216	3.641
87.996	1.803e-02	-2.269	2673	4.294	3.328
87.996	2.352e-02	-2.342	2681	4.372	3.042
87.996	3.105e-02	-2.417	2692	4.454	2.768
87.996	4.058e-02	-2.489	2704	4.534	2.525
87.996	5.335e-02	-2.579	2691	4.616	2.299
87.996	7.012e-02	-2.678	2658	4.693	2.102
87.996	9.203e-02	-2.774	2625	4.768	1.929
87.996	1.205e-01	-2.867	2593	4.839	1.778
87.996	1.567e-01	-2.956	2561	4.906	1.646
87.996	2.037e-01	-3.042	2529	4.970	1.528
87.996	2.662e-01	-3.125	2497	5.032	1.423
87.996	3.499e-01	-3.206	2464	5.090	1.331
87.996	4.599e-01	-3.288	2418	5.138	1.259
87.996	6.071e-01	-3.350	2382	5.175	1.208
87.996	7.948e-01	-3.390	2358	5.197	1.176
87.996	1.049e+00	-3.414	2343	5.210	1.160
87.996	1.371e+00	-3.422	2338	5.214	1.154
87.996	1.788e+00	-3.425	2336	5.216	1.152
87.996	2.347e+00	-3.426	2336	5.216	1.152
87.996	3.110e+00	-3.426	2335	5.216	1.151
87.996	4.140e+00	-3.426	2335	5.216	1.151
87.996	5.510e+00	-3.426	2335	5.216	1.151
87.996	7.334e+00	-3.426	2335	5.216	1.151
87.996	9.762e+00	-3.426	2335	5.216	1.151
90.091	1.027e-04	-0.649	3148	2.969	15.492
90.091	1.355e-04	-0.730	3157	3.054	14.040
90.091	1.774e-04	-0.813	3155	3.136	12.776
90.091	2.342e-04	-0.903	3140	3.218	11.622
90.091	3.085e-04	-0.995	3117	3.296	10.622
90.091	4.055e-04	-1.081	3085	3.366	9.807
90.091	5.331e-04	-1.148	3057	3.416	9.256
90.091	6.982e-04	-1.182	3042	3.442	8.985
90.091	9.139e-04	-1.203	3033	3.457	8.826
90.091	1.200e-03	-1.231	3018	3.477	8.625
90.091	1.577e-03	-1.291	2984	3.518	8.233
90.091	2.058e-03	-1.454	2887	3.623	7.294
90.091	2.632e-03	-1.612	2792	3.723	6.502
90.091	3.445e-03	-1.742	2730	3.814	5.856
90.091	4.548e-03	-1.851	2692	3.898	5.312
90.091	5.953e-03	-1.941	2675	3.977	4.853
90.091	7.858e-03	-2.025	2667	4.056	4.429
90.091	1.029e-02	-2.100	2669	4.133	4.054
90.091	1.350e-02	-2.175	2675	4.211	3.704
90.091	1.768e-02	-2.251	2679	4.290	3.385
90.091	2.315e-02	-2.325	2685	4.368	3.093
90.091	3.055e-02	-2.400	2696	4.450	2.815
90.091	4.000e-02	-2.473	2707	4.530	2.568
90.091	5.250e-02	-2.554	2706	4.611	2.339
90.091	6.900e-02	-2.654	2673	4.689	2.136
90.091	9.056e-02	-2.751	2640	4.764	1.960
90.091	1.186e-01	-2.844	2608	4.836	1.805
90.091	1.550e-01	-2.934	2575	4.905	1.668
90.091	2.021e-01	-3.021	2543	4.970	1.547
90.091	2.668e-01	-3.108	2511	5.034	1.437
90.091	3.493e-01	-3.184	2481	5.090	1.347
90.091	4.548e-01	-3.257	2443	5.136	1.277
90.091	6.003e-01	-3.318	2407	5.171	1.227
90.091	7.859e-01	-3.354	2387	5.192	1.197
90.091	1.031e+00	-3.372	2377	5.203	1.182
90.091	1.351e+00	-3.380	2372	5.207	1.177
90.091	1.768e+00	-3.381	2371	5.208	1.175
90.091	2.349e+00	-3.382	2371	5.209	1.175
90.091	3.126e+00	-3.382	2371	5.209	1.175
90.091	4.161e+00	-3.382	2371	5.209	1.175
90.091	5.538e+00	-3.382	2371	5.209	1.175
90.091	7.371e+00	-3.382	2371	5.209	1.175
90.091	9.811e+00	-3.382	2371	5.209	1.175
92.186	1.027e-04	-0.637	3155	2.971	15.636
92.186	1.356e-04	-0.718	3163	3.055	14.180
92.186	1.775e-04	-0.798	3165	3.137	12.910
92.186	2.348e-04	-0.889	3150	3.220	11.738
92.186	3.087e-04	-0.979	3127	3.297	10.738
92.186	4.057e-04	-1.063	3099	3.365	9.923
92.186	5.334e-04	-1.127	3072	3.414	9.385
92.186	7.010e-04	-1.159	3058	3.438	9.124
92.186	9.144e-04	-1.180	3049	3.454	8.965
92.186	1.207e-03	-1.209	3036	3.476	8.739
92.186	1.590e-03	-1.279	2997	3.523	8.277
92.186	2.090e-03	-1.458	2891	3.639	7.240
92.186	2.764e-03	-1.630	2787	3.747	6.393
92.186	3.633e-03	-1.752	2733	3.836	5.772
92.186	4.775e-03	-1.856	2698	3.917	5.256
92.186	6.229e-03	-1.943	2681	3.994	4.814
92.186	8.175e-03	-2.024	2674	4.070	4.407
92.186	1.074e-02	-2.101	2676	4.148	4.032
92.186	1.401e-02	-2.173	2682	4.224	3.694
92.186	1.839e-02	-2.250	2685	4.302	3.375
92.186	2.418e-02	-2.325	2691	4.381	3.081
92.186	3.153e-02	-2.396	2701	4.459	2.817
92.186	4.162e-02	-2.470	2713	4.541	2.563
92.186	5.449e-02	-2.550	2714	4.622	2.337
92.186	7.152e-02	-2.649	2682	4.700	2.135
92.186	9.365e-02	-2.745	2649	4.774	1.960
92.186	1.224e-01	-2.837	2616	4.845	1.806
92.186	1.596e-01	-2.927	2584	4.913	1.670
92.186	2.095e-01	-3.015	2552	4.980	1.547
92.186	2.754e-01	-3.099	2520	5.042	1.440
92.186	3.621e-01	-3.174	2492	5.097	1.352
92.186	4.741e-01	-3.241	2459	5.141	1.285
92.186	6.207e-01	-3.293	2428	5.172	1.240
92.186	8.146e-01	-3.324	2411	5.190	1.215
92.186	1.067e+00	-3.337	2404	5.198	1.204
92.186	1.394e+00	-3.341	2401	5.200	1.200
92.186	1.818e+00	-3.343	2401	5.201	1.199
92.186	2.368e+00	-3.343	2401	5.201	1.199
92.186	3.125e+00	-3.343	2401	5.201	1.199
92.186	4.151e+00	-3.343	2401	5.201	1.199
92.186	5.525e+00	-3.343	2400	5.201	1.199
92.186	7.354e+00	-3.343	2400	5.201	1.199
92.186	9.788e+00	-3.343	2400	5.201	1.199
94.281	1.012e-04	-0.622	3160	2.968	15.862
94.281	1.322e-04	-0.698	3169	3.049	14.446
94.281	1.738e-04	-0.779	3172	3.131	13.138
94.281	2.285e-04	-0.866	3161	3.212	11.969
94.281	3.004e-04	-0.955	3140	3.290	10.947
94.281	3.948e-04	-1.039	3114	3.359	10.111
94.281	5.191e-04	-1.102	3089	3.408	9.554
94.281	6.822e-04	-1.135	3075	3.433	9.284
94.281	8.899e-04	-1.155	3066	3.449	9.120
94.281	1.175e-03	-1.185	3053	3.471	8.888
94.281	1.547e-03	-1.253	3018	3.519	8.408
94.281	2.034e-03	-1.433	2912	3.637	7.342
94.281	2.689e-03	-1.605	2807	3.745	6.483
94.281	3.536e-03	-1.729	2750	3.834	5.855
94.281	4.647e-03	-1.836	2710	3.914	5.334
94.281	6.110e-03	-1.925	2691	3.992	4.877
94.281	8.031e-03	-2.008	2681	4.069	4.467
94.281	1.047e-02	-2.083	2681	4.143	4.100
94.281	1.383e-02	-2.158	2687	4.222	3.745
94.281	1.810e-02	-2.233	2690	4.299	3.426
94.281	2.389e-02	-2.310	2694	4.379	3.126
94.281	3.128e-02	-2.382	2705	4.457	2.856
94.281	4.129e-02	-2.456	2716	4.539	2.599
94.281	5.405e-02	-2.529	2727	4.619	2.370
94.281	7.094e-02	-2.629	2695	4.698	2.164
94.281	9.323e-02	-2.726	2662	4.774	1.983
94.281	1.226e-01	-2.821	2629	4.847	1.823
94.281	1.605e-01	-2.912	2596	4.916	1.684
94.281	2.101e-01	-2.999	2564	4.982	1.561
94.281	2.774e-01	-3.083	2533	5.044	1.453
94.281	3.631e-01	-3.155	2505	5.097	1.366
94.281	4.728e-01	-3.215	2480	5.139	1.302
94.281	6.241e-01	-3.264	2452	5.169	1.258
94.281	8.170e-01	-3.291	2437	5.185	1.235
94.281	1.072e+00	-3.302	2430	5.192	1.226
94.281	1.409e+00	-3.305	2428	5.194	1.223
94.281	1.860e+00	-3.306	2428	5.194	1.223
94.281	2.476e+00	-3.306	2428	5.194	1.223
94.281	3.296e+00	-3.306	2428	5.194	1.223
94.281	4.387e+00	-3.306	2428	5.194	1.222
94.281	5.839e+00	-3.306	2428	5.194	1.222
94.281	7.771e+00	-3.307	2428	5.194	1.222
94.281	1.000e+01	-3.307	2428	5.194	1.222
96.376	1.048e-04	-0.620	3169	2.980	15.809
96.376	1.372e-04	-0.698	3176	3.061	14.398
96.376	1.796e-04	-0.777	3179	3.142	13.123
96.376	2.339e-04	-0.859	3170	3.220	11.999
96.376	3.087e-04	-0.950	3147	3.298	10.970
96.376	4.041e-04	-1.029	3123	3.363	10.170
96.376	5.304e-04	-1.085	3103	3.408	9.656
96.376	6.971e-04	-1.115	3090	3.431	9.411
96.376	9.093e-04	-1.135	3081	3.447	9.241
96.376	1.200e-03	-1.169	3066	3.472	8.978
96.376	1.571e-03	-1.247	3028	3.528	8.412
96.376	2.074e-03	-1.441	2913	3.655	7.270
96.376	2.715e-03	-1.599	2817	3.755	6.478
96.376	3.584e-03	-1.724	2759	3.843	5.853
96.376	4.692e-03	-1.828	2718	3.922	5.347
96.376	6.158e-03	-1.917	2700	3.998	4.897
96.376	8.093e-03	-1.999	2688	4.074	4.489
96.376	1.056e-02	-2.074	2688	4.148	4.123
96.376	1.386e-02	-2.147	2693	4.224	3.776
96.376	1.821e-02	-2.222	2696	4.302	3.453
96.376	2.394e-02	-2.299	2698	4.380	3.155
96.376	3.147e-02	-2.372	2709	4.459	2.881
96.376	4.104e-02	-2.442	2720	4.537	2.634
96.376	5.418e-02	-2.516	2733	4.619	2.395
96.376	7.137e-02	-2.614	2707	4.700	2.183
96.376	9.380e-02	-2.711	2674	4.776	1.999
96.376	1.223e-01	-2.804	2641	4.847	1.842
96.376	1.606e-01	-2.895	2608	4.917	1.700
96.376	2.110e-01	-2.984	2576	4.984	1.575
96.376	2.775e-01	-3.065	2546	5.045	1.468
96.376	3.634e-01	-3.136	2519	5.097	1.382
96.376	4.748e-01	-3.192	2497	5.138	1.318
96.376	6.243e-01	-3.235	2475	5.166	1.277
96.376	8.205e-01	-3.259	2462	5.180	1.256
96.376	1.070e+00	-3.268	2456	5.186	1.248
96.376	1.394e+00	-3.271	2455	5.187	1.246
96.376	1.840e+00	-3.271	2455	5.187	1.246
96.376	2.443e+00	-3.271	2454	5.187	1.245
96.376	3.252e+00	-3.271	2454	5.187	1.245
96.376	4.310e+00	-3.271	2454	5.187	1.245
96.376	5.736e+00	-3.271	2454	5.188	1.245
96.376	7.635e+00	-3.272	2454	5.188	1.245
96.376	1.000e+01	-3.272	2454	5.188	1.245
98.471	1.027e-04	-0.604	3174	2.976	16.053
98.471	1.356e-04	-0.683	3182	3.059	14.591
98.471	1.775e-04	-0.761	3185	3.139	13.306
98.471	2.330e-04	-0.844	3179	3.219	12.136
98.471	3.062e-04	-0.933	3157	3.296	11.114
98.471	3.994e-04	-1.009	3136	3.360	10.318
98.471	5.272e-04	-1.065	3117	3.405	9.798
98.471	6.902e-04	-1.092	3106	3.427	9.558
98.471	9.058e-04	-1.114	3096	3.443	9.378
98.471	1.191e-03	-1.149	3081	3.469	9.101
98.471	1.565e-03	-1.235	3041	3.533	8.459
98.471	2.057e-03	-1.428	2927	3.659	7.313
98.471	2.705e-03	-1.586	2832	3.760	6.514
98.471	3.555e-03	-1.708	2773	3.846	5.899
98.471	4.674e-03	-1.815	2729	3.925	5.384
98.471	6.143e-03	-1.904	2709	4.001	4.934
98.471	8.077e-03	-1.988	2695	4.076	4.525
98.471	1.061e-02	-2.064	2694	4.151	4.150
98.471	1.385e-02	-2.135	2698	4.225	3.811
98.471	1.828e-02	-2.212	2701	4.304	3.481
98.471	2.393e-02	-2.287	2703	4.381	3.187
98.471	3.140e-02	-2.360	2712	4.459	2.913
98.471	4.112e-02	-2.431	2724	4.537	2.661
98.471	5.383e-02	-2.503	2736	4.617	2.428
98.471	7.065e-02	-2.593	2720	4.697	2.214
98.471	9.286e-02	-2.691	2687	4.774	2.026
98.471	1.219e-01	-2.786	2654	4.847	1.862
98.471	1.596e-01	-2.877	2621	4.917	1.719
98.471	2.089e-01	-2.964	2589	4.982	1.594
98.471	2.758e-01	-3.046	2559	5.044	1.485
98.471	3.604e-01	-3.115	2533	5.095	1.400
98.471	4.701e-01	-3.169	2512	5.135	1.338
98.471	6.205e-01	-3.207	2496	5.162	1.297
98.471	8.123e-01	-3.228	2485	5.175	1.277
98.471	1.066e+00	-3.236	2481	5.180	1.270
98.471	1.401e+00	-3.238	2480	5.181	1.268
98.471	1.850e+00	-3.238	2480	5.181	1.268
98.471	2.462e+00	-3.238	2480	5.181	1.268
98.471	3.277e+00	-3.238	2480	5.181	1.268
98.471	4.361e+00	-3.238	2480	5.181	1.268
98.471	5.805e+00	-3.238	2479	5.181	1.268
98.471	7.727e+00	-3.238	2479	5.181	1.268
98.471	1.000e+01	-3.239	2479	5.182	1.267
100.566	1.005e-04	-0.587	3179	2.972	16.310
100.566	1.320e-04	-0.664	3187	3.053	14.856
100.566	1.743e-04	-0.745	3190	3.135	13.516
100.566	2.282e-04	-0.824	3189	3.214	12.342
100.566	3.012e-04	-0.914	3167	3.292	11.286
100.566	3.943e-04	-0.990	3147	3.357	10.470
100.566	5.205e-04	-1.044	3129	3.401	9.949
100.566	6.801e-04	-1.071	3120	3.422	9.709
100.566	8.871e-04	-1.092	3112	3.439	9.528
100.566	1.153e-03	-1.125	3098	3.464	9.257
100.566	1.514e-03	-1.208	3060	3.525	8.623
100.566	1.989e-03	-1.398	2951	3.652	7.448
100.566	2.616e-03	-1.558	2853	3.754	6.626
100.566	3.438e-03	-1.682	2792	3.841	5.997
100.566	4.484e-03	-1.787	2747	3.918	5.488
100.566	5.885e-03	-1.880	2720	3.993	5.034
100.566	7.707e-03	-1.963	2705	4.066	4.625
100.566	1.007e-02	-2.038	2701	4.139	4.253
100.566	1.324e-02	-2.112	2703	4.215	3.899
100.566	1.734e-02	-2.186	2707	4.290	3.574
100.566	2.270e-02	-2.261	2708	4.366	3.274
100.566	2.996e-02	-2.336	2714	4.446	2.989
100.566	3.923e-02	-2.407	2725	4.524	2.732
100.566	5.178e-02	-2.480	2738	4.605	2.487
100.566	6.766e-02	-2.560	2738	4.684	2.270
100.566	8.932e-02	-2.661	2704	4.764	2.072
100.566	1.169e-01	-2.756	2671	4.837	1.904
100.566	1.522e-01	-2.845	2639	4.906	1.759
100.566	2.010e-01	-2.935	2606	4.974	1.626
100.566	2.631e-01	-3.016	2576	5.035	1.517
100.566	3.453e-01	-3.087	2550	5.088	1.427
100.566	4.522e-01	-3.141	2529	5.128	1.362
100.566	5.919e-01	-3.177	2515	5.154	1.321
100.566	7.707e-01	-3.197	2507	5.168	1.301
100.566	1.012e+00	-3.205	2503	5.173	1.293
100.566	1.330e+00	-3.207	2502	5.175	1.291
100.566	1.755e+00	-3.207	2502	5.175	1.291
100.566	2.336e+00	-3.207	2502	5.175	1.290
100.566	3.109e+00	-3.207	2502	5.175	1.290
100.566	4.138e+00	-3.207	2502	5.175	1.290
100.566	5.508e+00	-3.207	2502	5.175	1.290
100.566	7.331e+00	-3.208	2502	5.175	1.290
100.566	9.758e+00	-3.208	2501	5.175	1.290
102.661	1.029e-04	-0.583	3187	2.981	16.309
102.661	1.353e-04	-0.660	3194	3.061	14.866
102.661	1.778e-04	-0.739	3196	3.142	13.551
102.661	2.337e-04	-0.819	3197	3.221	12.364
102.661	3.073e-04	-0.906	3175	3.297	11.332
102.661	4.039e-04	-0.981	3155	3.360	10.532
102.661	5.310e-04	-1.029	3140	3.400	10.060
102.661	6.979e-04	-1.053	3132	3.420	9.833
102.661	9.103e-04	-1.074	3124	3.437	9.639
102.661	1.204e-03	-1.116	3107	3.469	9.294
102.661	1.583e-03	-1.230	3054	3.553	8.436
102.661	2.080e-03	-1.418	2944	3.678	7.310
102.661	2.746e-03	-1.570	2854	3.776	6.529
102.661	3.589e-03	-1.688	2796	3.858	5.938
102.661	4.681e-03	-1.791	2752	3.934	5.442
102.661	6.179e-03	-1.884	2726	4.010	4.988
102.661	8.088e-03	-1.966	2711	4.082	4.588
102.661	1.062e-02	-2.042	2707	4.156	4.215
102.661	1.395e-02	-2.116	2709	4.231	3.866
102.661	1.834e-02	-2.190	2712	4.307	3.541
102.661	2.411e-02	-2.266	2714	4.384	3.240
102.661	3.145e-02	-2.338	2720	4.460	2.970
102.661	4.151e-02	-2.411	2732	4.540	2.708
102.661	5.434e-02	-2.482	2744	4.619	2.473
102.661	7.132e-02	-2.563	2743	4.700	2.254
102.661	9.374e-02	-2.662	2710	4.778	2.061
102.661	1.230e-01	-2.757	2676	4.851	1.893
102.661	1.611e-01	-2.848	2644	4.921	1.747
102.661	2.109e-01	-2.934	2612	4.986	1.620
102.661	2.768e-01	-3.013	2583	5.046	1.513
102.661	3.638e-01	-3.080	2558	5.096	1.429
102.661	4.745e-01	-3.128	2540	5.131	1.371
102.661	6.228e-01	-3.159	2528	5.154	1.336
102.661	8.156e-01	-3.173	2522	5.164	1.320
102.661	1.066e+00	-3.178	2521	5.168	1.315
102.661	1.401e+00	-3.179	2520	5.169	1.313
102.661	1.857e+00	-3.179	2520	5.169	1.313
102.661	2.472e+00	-3.179	2520	5.169	1.313
102.661	3.290e+00	-3.179	2520	5.169	1.313
102.661	4.379e+00	-3.179	2520	5.169	1.313
102.661	5.829e+00	-3.180	2520	5.169	1.313
102.661	7.758e+00	-3.180	2520	5.169	1.313
102.661	1.000e+01	-3.180	2520	5.169	1.313
104.757	1.019e-04	-0.571	3192	2.980	16.493
104.757	1.334e-04	-0.646	3199	3.058	15.065
104.757	1.760e-04	-0.725	3202	3.139	13.722
104.757	2.304e-04	-0.802	3204	3.218	12.542
104.757	3.025e-04	-0.888	3185	3.293	11.501
104.757	3.975e-04	-0.962	3165	3.356	10.691
104.757	5.227e-04	-1.009	3152	3.396	10.215
104.757	6.869e-04	-1.033	3144	3.416	9.984
104.757	8.960e-04	-1.055	3137	3.433	9.785
104.757	1.185e-03	-1.096	3122	3.466	9.424
104.757	1.558e-03	-1.214	3067	3.553	8.523
104.757	2.048e-03	-1.398	2962	3.677	7.389
104.757	2.703e-03	-1.550	2871	3.775	6.598
104.757	3.532e-03	-1.669	2811	3.858	6.001
104.757	4.644e-03	-1.776	2765	3.936	5.488
104.757	6.081e-03	-1.868	2735	4.009	5.045
104.757	7.961e-03	-1.950	2720	4.081	4.642
104.757	1.051e-02	-2.029	2713	4.155	4.260
104.757	1.376e-02	-2.101	2714	4.229	3.916
104.757	1.806e-02	-2.175	2717	4.304	3.590
104.757	2.373e-02	-2.251	2719	4.381	3.287
104.757	3.095e-02	-2.323	2723	4.456	3.015
104.757	4.086e-02	-2.395	2734	4.536	2.750
104.757	5.349e-02	-2.466	2747	4.614	2.512
104.757	7.020e-02	-2.541	2756	4.695	2.290
104.757	9.226e-02	-2.640	2723	4.773	2.092
104.757	1.203e-01	-2.734	2690	4.846	1.924
104.757	1.589e-01	-2.828	2657	4.918	1.770
104.757	2.080e-01	-2.914	2626	4.984	1.642
104.757	2.745e-01	-2.994	2596	5.044	1.531
104.757	3.587e-01	-3.059	2572	5.093	1.448
104.757	4.663e-01	-3.105	2554	5.127	1.392
104.757	6.083e-01	-3.134	2543	5.148	1.358
104.757	7.983e-01	-3.148	2538	5.158	1.342
104.757	1.045e+00	-3.152	2536	5.162	1.337
104.757	1.377e+00	-3.153	2536	5.163	1.336
104.757	1.833e+00	-3.153	2536	5.163	1.336
104.757	2.440e+00	-3.154	2536	5.163	1.336
104.757	3.247e+00	-3.154	2536	5.163	1.336
104.757	4.322e+00	-3.154	2536	5.163	1.336
104.757	5.753e+00	-3.154	2536	5.163	1.336
104.757	7.657e+00	-3.154	2536	5.163	1.336
104.757	1.000e+01	-3.154	2536	5.163	1.335
