Mass/Mjup	Age/Gyr	log(L/Lsun)	Teff	log(g)	Radius/Rjup
0.047	1.042e-04	-6.080	452	1.746	1.449
0.047	1.359e-04	-6.142	451	1.803	1.357
0.047	1.797e-04	-6.241	441	1.866	1.262
0.047	2.377e-04	-6.384	421	1.925	1.178
0.047	3.144e-04	-6.494	407	1.980	1.107
0.047	4.150e-04	-6.601	395	2.034	1.039
0.047	5.466e-04	-6.714	382	2.087	0.979
0.047	7.184e-04	-6.831	367	2.136	0.925
0.047	9.483e-04	-6.956	351	2.185	0.874
0.047	1.249e-03	-7.078	336	2.230	0.830
0.047	1.652e-03	-7.205	320	2.274	0.789
0.047	2.171e-03	-7.333	305	2.313	0.754
0.047	2.866e-03	-7.461	289	2.350	0.723
0.047	3.776e-03	-7.586	274	2.384	0.695
0.047	4.962e-03	-7.710	260	2.415	0.671
0.047	6.550e-03	-7.832	246	2.445	0.648
0.047	8.574e-03	-7.952	234	2.473	0.627
0.047	1.132e-02	-8.075	221	2.500	0.608
0.047	1.491e-02	-8.197	209	2.524	0.591
0.047	1.960e-02	-8.317	198	2.547	0.576
0.047	2.556e-02	-8.434	187	2.568	0.562
0.047	3.374e-02	-8.556	177	2.589	0.549
0.047	4.417e-02	-8.673	167	2.608	0.537
0.047	5.841e-02	-8.796	157	2.627	0.525
0.047	7.710e-02	-8.923	148	2.646	0.514
0.047	1.016e-01	-9.047	139	2.664	0.503
0.047	1.330e-01	-9.169	131	2.681	0.494
0.047	1.752e-01	-9.293	123	2.696	0.485
0.047	2.303e-01	-9.415	116	2.711	0.477
0.047	3.003e-01	-9.534	109	2.725	0.469
0.047	3.964e-01	-9.657	102	2.739	0.462
0.047	5.222e-01	-9.776	96	2.752	0.455
0.047	6.863e-01	-9.892	90	2.765	0.448
0.047	9.077e-01	-10.013	85	2.778	0.442
0.047	1.193e+00	-10.133	80	2.789	0.436
0.047	1.578e+00	-10.254	75	2.801	0.430
0.047	2.074e+00	-10.360	71	2.812	0.425
0.063	1.044e-04	-5.911	501	1.880	1.435
0.063	1.375e-04	-5.994	490	1.927	1.359
0.063	1.807e-04	-6.075	481	1.975	1.285
0.063	2.389e-04	-6.173	468	2.026	1.212
0.063	3.154e-04	-6.286	451	2.076	1.144
0.063	4.154e-04	-6.395	436	2.124	1.082
0.063	5.494e-04	-6.520	417	2.172	1.025
0.063	7.221e-04	-6.626	403	2.216	0.974
0.063	9.532e-04	-6.731	389	2.260	0.926
0.063	1.256e-03	-6.847	372	2.303	0.881
0.063	1.660e-03	-6.973	355	2.344	0.840
0.063	2.182e-03	-7.094	339	2.384	0.803
0.063	2.881e-03	-7.225	321	2.422	0.769
0.063	3.795e-03	-7.357	303	2.456	0.738
0.063	5.018e-03	-7.494	286	2.489	0.712
0.063	6.596e-03	-7.623	270	2.517	0.688
0.063	8.706e-03	-7.749	255	2.545	0.667
0.063	1.147e-02	-7.874	241	2.571	0.647
0.063	1.507e-02	-8.000	227	2.595	0.630
0.063	1.990e-02	-8.128	214	2.617	0.614
0.063	2.631e-02	-8.257	201	2.639	0.599
0.063	3.480e-02	-8.386	189	2.659	0.585
0.063	4.555e-02	-8.513	177	2.678	0.572
0.063	5.979e-02	-8.643	166	2.696	0.560
0.063	7.858e-02	-8.774	156	2.713	0.549
0.063	1.025e-01	-8.904	146	2.729	0.539
0.063	1.356e-01	-9.037	136	2.745	0.529
0.063	1.793e-01	-9.168	127	2.760	0.521
0.063	2.366e-01	-9.293	119	2.773	0.513
0.063	3.098e-01	-9.413	112	2.786	0.505
0.063	4.089e-01	-9.535	105	2.798	0.498
0.063	5.386e-01	-9.655	99	2.809	0.492
0.063	7.079e-01	-9.765	94	2.820	0.486
0.063	9.345e-01	-9.868	89	2.829	0.481
0.063	1.231e+00	-9.963	84	2.838	0.476
0.063	1.618e+00	-10.045	81	2.845	0.472
0.063	2.136e+00	-10.118	78	2.851	0.469
0.063	2.796e+00	-10.178	75	2.856	0.466
0.063	3.690e+00	-10.239	73	2.861	0.463
0.063	4.880e+00	-10.304	70	2.867	0.460
0.126	1.010e-04	-5.445	566	1.928	1.918
0.126	1.328e-04	-5.555	546	1.975	1.818
0.126	1.746e-04	-5.656	528	2.020	1.726
0.126	2.295e-04	-5.751	513	2.064	1.640
0.126	3.029e-04	-5.847	498	2.109	1.558
0.126	3.990e-04	-5.950	482	2.153	1.481
0.126	5.244e-04	-6.050	466	2.196	1.410
0.126	6.922e-04	-6.148	452	2.239	1.341
0.126	9.119e-04	-6.276	429	2.280	1.279
0.126	1.198e-03	-6.380	414	2.320	1.222
0.126	1.585e-03	-6.492	397	2.359	1.168
0.126	2.096e-03	-6.611	379	2.397	1.118
0.126	2.772e-03	-6.734	360	2.433	1.073
0.126	3.645e-03	-6.853	343	2.467	1.032
0.126	4.790e-03	-6.977	325	2.499	0.994
0.126	6.323e-03	-7.112	306	2.530	0.960
0.126	8.329e-03	-7.251	287	2.558	0.929
0.126	1.095e-02	-7.382	271	2.584	0.902
0.126	1.445e-02	-7.516	254	2.608	0.877
0.126	1.892e-02	-7.647	239	2.631	0.854
0.126	2.502e-02	-7.786	223	2.653	0.833
0.126	3.289e-02	-7.923	209	2.673	0.814
0.126	4.323e-02	-8.060	195	2.692	0.796
0.126	5.638e-02	-8.195	182	2.709	0.781
0.126	7.443e-02	-8.335	170	2.726	0.766
0.126	9.743e-02	-8.470	158	2.741	0.752
0.126	1.286e-01	-8.607	148	2.756	0.740
0.126	1.681e-01	-8.735	138	2.769	0.728
0.126	2.192e-01	-8.863	129	2.782	0.718
0.126	2.894e-01	-8.995	121	2.794	0.708
0.126	3.782e-01	-9.123	113	2.805	0.699
0.126	4.972e-01	-9.255	105	2.816	0.690
0.126	6.535e-01	-9.384	98	2.827	0.681
0.126	8.577e-01	-9.512	92	2.837	0.673
0.126	1.127e+00	-9.642	86	2.847	0.666
0.126	1.488e+00	-9.777	80	2.857	0.658
0.126	1.948e+00	-9.903	75	2.866	0.651
0.189	1.034e-04	-5.180	674	2.143	1.834
0.189	1.368e-04	-5.294	646	2.184	1.751
0.189	1.805e-04	-5.410	618	2.222	1.675
0.189	2.378e-04	-5.526	590	2.258	1.607
0.189	3.126e-04	-5.636	565	2.293	1.544
0.189	4.110e-04	-5.743	542	2.327	1.484
0.189	5.401e-04	-5.847	520	2.360	1.429
0.189	7.143e-04	-5.953	499	2.394	1.375
0.189	9.429e-04	-6.055	480	2.427	1.323
0.189	1.247e-03	-6.159	460	2.460	1.273
0.189	1.643e-03	-6.271	440	2.493	1.226
0.189	2.172e-03	-6.389	418	2.524	1.183
0.189	2.873e-03	-6.504	399	2.555	1.141
0.189	3.776e-03	-6.623	379	2.585	1.104
0.189	4.984e-03	-6.739	360	2.613	1.067
0.189	6.525e-03	-6.860	341	2.641	1.035
0.189	8.564e-03	-6.995	320	2.666	1.004
0.189	1.126e-02	-7.128	301	2.690	0.977
0.189	1.468e-02	-7.259	283	2.712	0.953
0.189	1.938e-02	-7.399	264	2.734	0.930
0.189	2.553e-02	-7.535	247	2.753	0.909
0.189	3.355e-02	-7.671	231	2.772	0.890
0.189	4.411e-02	-7.808	215	2.789	0.872
0.189	5.797e-02	-7.947	201	2.805	0.856
0.189	7.622e-02	-8.088	187	2.820	0.841
0.189	1.002e-01	-8.228	174	2.834	0.828
0.189	1.317e-01	-8.368	161	2.847	0.815
0.189	1.731e-01	-8.505	150	2.860	0.804
0.189	2.276e-01	-8.641	140	2.871	0.793
0.189	2.991e-01	-8.774	130	2.882	0.783
0.189	3.933e-01	-8.907	121	2.892	0.774
0.189	5.169e-01	-9.039	113	2.902	0.765
0.189	6.796e-01	-9.172	105	2.912	0.757
0.189	8.932e-01	-9.304	98	2.921	0.749
0.189	1.181e+00	-9.436	91	2.930	0.742
0.189	1.541e+00	-9.564	85	2.938	0.735
0.189	2.034e+00	-9.701	79	2.946	0.728
0.189	2.662e+00	-9.833	74	2.954	0.721
0.262	1.014e-04	-4.940	787	2.315	1.773
0.262	1.336e-04	-5.056	751	2.350	1.703
0.262	1.755e-04	-5.171	717	2.383	1.639
0.262	2.317e-04	-5.291	682	2.415	1.579
0.262	3.052e-04	-5.409	648	2.446	1.524
0.262	4.012e-04	-5.526	616	2.476	1.473
0.262	5.275e-04	-5.647	584	2.504	1.426
0.262	6.932e-04	-5.761	556	2.532	1.381
0.262	9.151e-04	-5.874	529	2.559	1.339
0.262	1.205e-03	-5.977	506	2.585	1.299
0.262	1.594e-03	-6.080	485	2.612	1.259
0.262	2.108e-03	-6.190	462	2.639	1.221
0.262	2.771e-03	-6.296	441	2.665	1.185
0.262	3.657e-03	-6.421	417	2.691	1.150
0.262	4.818e-03	-6.542	394	2.716	1.117
0.262	6.332e-03	-6.648	376	2.740	1.087
0.262	8.259e-03	-6.764	357	2.763	1.058
0.262	1.092e-02	-6.900	334	2.786	1.031
0.262	1.442e-02	-7.032	313	2.808	1.005
0.262	1.907e-02	-7.172	293	2.828	0.982
0.262	2.512e-02	-7.312	273	2.847	0.961
0.262	3.301e-02	-7.452	254	2.864	0.942
0.262	4.306e-02	-7.584	238	2.879	0.925
0.262	5.684e-02	-7.725	221	2.895	0.909
0.262	7.441e-02	-7.864	206	2.909	0.895
0.262	9.822e-02	-8.008	191	2.923	0.881
0.262	1.286e-01	-8.148	177	2.935	0.868
0.262	1.697e-01	-8.292	164	2.947	0.857
0.262	2.222e-01	-8.430	153	2.957	0.846
0.262	2.933e-01	-8.568	142	2.967	0.837
0.262	3.839e-01	-8.699	132	2.976	0.828
0.262	5.077e-01	-8.836	123	2.986	0.819
0.262	6.702e-01	-8.969	114	2.994	0.811
0.262	8.774e-01	-9.101	107	3.002	0.803
0.262	1.152e+00	-9.234	99	3.010	0.796
0.262	1.513e+00	-9.364	92	3.018	0.789
0.262	1.998e+00	-9.499	86	3.026	0.782
0.262	2.615e+00	-9.634	80	3.033	0.776
0.262	3.433e+00	-9.766	74	3.039	0.770
0.524	1.034e-04	-4.401	1089	2.641	1.722
0.524	1.359e-04	-4.528	1031	2.672	1.661
0.524	1.787e-04	-4.660	972	2.702	1.606
0.524	2.348e-04	-4.780	921	2.729	1.556
0.524	3.100e-04	-4.912	867	2.756	1.508
0.524	4.083e-04	-5.050	813	2.781	1.467
0.524	5.366e-04	-5.167	770	2.804	1.428
0.524	7.043e-04	-5.294	725	2.826	1.392
0.524	9.223e-04	-5.421	682	2.847	1.359
0.524	1.205e-03	-5.585	627	2.867	1.328
0.524	1.591e-03	-5.704	592	2.885	1.301
0.524	2.096e-03	-5.811	562	2.902	1.275
0.524	2.754e-03	-5.911	536	2.920	1.249
0.524	3.636e-03	-6.012	512	2.939	1.222
0.524	4.789e-03	-6.119	486	2.958	1.196
0.524	6.295e-03	-6.232	460	2.976	1.171
0.524	8.309e-03	-6.360	432	2.995	1.146
0.524	1.099e-02	-6.478	408	3.012	1.123
0.524	1.447e-02	-6.589	387	3.030	1.101
0.524	1.902e-02	-6.709	365	3.047	1.079
0.524	2.511e-02	-6.844	340	3.064	1.059
0.524	3.308e-02	-6.977	318	3.079	1.040
0.524	4.348e-02	-7.117	296	3.094	1.022
0.524	5.750e-02	-7.263	274	3.108	1.006
0.524	7.559e-02	-7.403	255	3.121	0.992
0.524	9.935e-02	-7.540	237	3.132	0.978
0.524	1.296e-01	-7.680	220	3.143	0.966
0.524	1.711e-01	-7.827	204	3.154	0.954
0.524	2.239e-01	-7.969	189	3.164	0.944
0.524	2.939e-01	-8.114	174	3.173	0.934
0.524	3.863e-01	-8.258	161	3.181	0.925
0.524	5.038e-01	-8.395	150	3.188	0.917
0.524	6.651e-01	-8.534	139	3.196	0.909
0.524	8.691e-01	-8.668	129	3.203	0.902
0.524	1.134e+00	-8.799	120	3.209	0.896
0.524	1.496e+00	-8.936	111	3.216	0.889
0.524	1.959e+00	-9.070	103	3.222	0.883
0.524	2.571e+00	-9.201	96	3.227	0.877
0.524	3.379e+00	-9.331	90	3.233	0.871
0.524	4.461e+00	-9.469	83	3.239	0.866
0.786	1.008e-04	-3.982	1362	2.787	1.784
0.786	1.328e-04	-4.123	1284	2.825	1.707
0.786	1.745e-04	-4.277	1198	2.858	1.642
0.786	2.291e-04	-4.420	1122	2.888	1.587
0.786	3.000e-04	-4.561	1051	2.915	1.539
0.786	3.927e-04	-4.689	990	2.940	1.495
0.786	5.155e-04	-4.911	883	2.962	1.458
0.786	6.831e-04	-4.982	857	2.982	1.424
0.786	9.034e-04	-5.090	816	3.004	1.390
0.786	1.195e-03	-5.239	757	3.024	1.358
0.786	1.574e-03	-5.395	700	3.042	1.329
0.786	2.081e-03	-5.569	639	3.057	1.306
0.786	2.736e-03	-5.665	609	3.072	1.284
0.786	3.611e-03	-5.766	580	3.088	1.261
0.786	4.727e-03	-5.868	552	3.104	1.239
0.786	6.240e-03	-5.978	523	3.120	1.216
0.786	8.168e-03	-6.088	495	3.135	1.194
0.786	1.072e-02	-6.199	469	3.151	1.173
0.786	1.409e-02	-6.320	441	3.167	1.152
0.786	1.863e-02	-6.451	413	3.182	1.132
0.786	2.460e-02	-6.567	390	3.197	1.112
0.786	3.240e-02	-6.688	366	3.212	1.094
0.786	4.285e-02	-6.826	341	3.226	1.076
0.786	5.632e-02	-6.959	319	3.239	1.060
0.786	7.405e-02	-7.097	296	3.251	1.045
0.786	9.732e-02	-7.246	274	3.263	1.031
0.786	1.285e-01	-7.381	255	3.274	1.018
0.786	1.692e-01	-7.528	236	3.284	1.006
0.786	2.224e-01	-7.673	218	3.294	0.995
0.786	2.924e-01	-7.818	201	3.302	0.985
0.786	3.829e-01	-7.963	186	3.311	0.976
0.786	5.013e-01	-8.108	172	3.318	0.968
0.786	6.579e-01	-8.251	159	3.325	0.960
0.786	8.616e-01	-8.390	147	3.331	0.953
0.786	1.128e+00	-8.526	137	3.338	0.946
0.786	1.480e+00	-8.662	127	3.343	0.940
0.786	1.946e+00	-8.798	118	3.349	0.934
0.786	2.558e+00	-8.934	109	3.354	0.928
0.786	3.362e+00	-9.068	101	3.360	0.922
0.786	4.385e+00	-9.197	94	3.364	0.917
0.786	5.755e+00	-9.329	88	3.369	0.912
1.048	1.037e-04	-3.795	1492	2.882	1.845
1.048	1.366e-04	-3.891	1443	2.920	1.766
1.048	1.806e-04	-3.999	1386	2.958	1.690
1.048	2.374e-04	-4.143	1302	2.994	1.623
1.048	3.134e-04	-4.307	1206	3.025	1.565
1.048	4.128e-04	-4.464	1120	3.053	1.516
1.048	5.425e-04	-4.630	1032	3.076	1.475
1.048	7.162e-04	-4.832	929	3.097	1.441
1.048	9.471e-04	-4.929	888	3.115	1.411
1.048	1.248e-03	-5.030	847	3.134	1.381
1.048	1.640e-03	-5.140	804	3.153	1.351
1.048	2.169e-03	-5.378	708	3.170	1.324
1.048	2.851e-03	-5.489	669	3.184	1.303
1.048	3.747e-03	-5.592	636	3.198	1.282
1.048	4.946e-03	-5.704	601	3.213	1.261
1.048	6.475e-03	-5.812	570	3.227	1.240
1.048	8.547e-03	-5.925	538	3.242	1.220
1.048	1.119e-02	-6.033	510	3.256	1.200
1.048	1.480e-02	-6.146	482	3.271	1.180
1.048	1.953e-02	-6.273	452	3.285	1.160
1.048	2.573e-02	-6.402	423	3.299	1.142
1.048	3.382e-02	-6.517	399	3.312	1.125
1.048	4.446e-02	-6.641	374	3.325	1.108
1.048	5.843e-02	-6.773	349	3.338	1.092
1.048	7.713e-02	-6.909	325	3.350	1.077
1.048	1.010e-01	-7.047	302	3.361	1.063
1.048	1.335e-01	-7.192	280	3.372	1.050
1.048	1.742e-01	-7.323	261	3.382	1.038
1.048	2.299e-01	-7.475	240	3.391	1.027
1.048	3.010e-01	-7.617	223	3.400	1.017
1.048	3.973e-01	-7.765	205	3.408	1.007
1.048	5.201e-01	-7.910	190	3.416	0.999
1.048	6.826e-01	-8.057	175	3.422	0.991
1.048	8.972e-01	-8.203	162	3.429	0.983
1.048	1.170e+00	-8.342	150	3.435	0.977
1.048	1.521e+00	-8.475	139	3.440	0.971
1.048	1.997e+00	-8.612	129	3.445	0.965
1.048	2.624e+00	-8.748	120	3.451	0.959
1.048	3.423e+00	-8.880	111	3.455	0.954
1.048	4.518e+00	-9.018	103	3.460	0.948
1.048	5.915e+00	-9.149	96	3.465	0.944
1.048	7.763e+00	-9.279	89	3.469	0.939
1.048	9.636e+00	-9.368	85	3.472	0.936
1.571	1.037e-04	-3.554	1683	3.027	1.914
1.571	1.372e-04	-3.645	1629	3.061	1.840
1.571	1.803e-04	-3.746	1565	3.093	1.773
1.571	2.380e-04	-3.841	1510	3.126	1.706
1.571	3.135e-04	-3.945	1450	3.159	1.643
1.571	4.120e-04	-4.060	1383	3.192	1.583
1.571	5.438e-04	-4.210	1291	3.222	1.528
1.571	7.163e-04	-4.409	1169	3.248	1.482
1.571	9.473e-04	-4.596	1062	3.269	1.447
1.571	1.245e-03	-4.734	991	3.288	1.417
1.571	1.634e-03	-4.867	928	3.305	1.389
1.571	2.148e-03	-4.946	895	3.322	1.361
1.571	2.835e-03	-5.102	827	3.341	1.333
1.571	3.735e-03	-5.268	758	3.356	1.310
1.571	4.908e-03	-5.425	698	3.369	1.290
1.571	6.491e-03	-5.544	657	3.382	1.270
1.571	8.568e-03	-5.660	619	3.395	1.252
1.571	1.122e-02	-5.772	585	3.408	1.234
1.571	1.481e-02	-5.889	551	3.421	1.216
1.571	1.938e-02	-5.999	520	3.433	1.199
1.571	2.524e-02	-6.111	491	3.445	1.182
1.571	3.331e-02	-6.236	461	3.458	1.165
1.571	4.388e-02	-6.362	431	3.470	1.149
1.571	5.768e-02	-6.481	405	3.481	1.134
1.571	7.570e-02	-6.604	380	3.493	1.119
1.571	9.949e-02	-6.739	354	3.504	1.105
1.571	1.308e-01	-6.871	330	3.514	1.092
1.571	1.719e-01	-7.012	306	3.524	1.080
1.571	2.260e-01	-7.144	285	3.533	1.068
1.571	2.971e-01	-7.291	263	3.542	1.057
1.571	3.921e-01	-7.439	243	3.551	1.047
1.571	5.133e-01	-7.582	225	3.558	1.038
1.571	6.776e-01	-7.730	207	3.565	1.029
1.571	8.871e-01	-7.878	191	3.572	1.022
1.571	1.164e+00	-8.026	176	3.578	1.014
1.571	1.530e+00	-8.173	162	3.584	1.008
1.571	2.012e+00	-8.316	150	3.589	1.002
1.571	2.644e+00	-8.456	139	3.594	0.996
1.571	3.449e+00	-8.590	129	3.598	0.991
1.571	4.553e+00	-8.728	119	3.603	0.986
1.571	5.960e+00	-8.862	111	3.607	0.981
1.571	7.822e+00	-8.997	103	3.611	0.976
1.571	1.000e+01	-9.118	96	3.615	0.972
2.095	1.031e-04	-3.196	2037	3.125	1.972
2.095	1.364e-04	-3.405	1845	3.162	1.890
2.095	1.804e-04	-3.465	1820	3.198	1.814
2.095	2.367e-04	-3.667	1647	3.227	1.754
2.095	3.131e-04	-3.746	1602	3.258	1.692
2.095	4.140e-04	-3.852	1535	3.290	1.632
2.095	5.442e-04	-3.952	1476	3.321	1.574
2.095	7.196e-04	-4.102	1377	3.352	1.520
2.095	9.499e-04	-4.283	1260	3.378	1.475
2.095	1.256e-03	-4.459	1153	3.400	1.438
2.095	1.645e-03	-4.598	1076	3.419	1.407
2.095	2.159e-03	-4.784	976	3.436	1.379
2.095	2.837e-03	-4.861	943	3.452	1.354
2.095	3.752e-03	-5.010	874	3.469	1.328
2.095	4.952e-03	-5.149	814	3.484	1.304
2.095	6.524e-03	-5.351	730	3.497	1.285
2.095	8.574e-03	-5.467	687	3.509	1.268
2.095	1.132e-02	-5.583	647	3.521	1.251
2.095	1.491e-02	-5.700	609	3.533	1.234
2.095	1.959e-02	-5.814	574	3.544	1.218
2.095	2.556e-02	-5.924	543	3.555	1.202
2.095	3.374e-02	-6.041	511	3.567	1.186
2.095	4.416e-02	-6.164	479	3.578	1.171
2.095	5.830e-02	-6.290	448	3.589	1.156
2.095	7.631e-02	-6.403	422	3.600	1.142
2.095	1.009e-01	-6.529	395	3.611	1.128
2.095	1.332e-01	-6.661	369	3.621	1.115
2.095	1.755e-01	-6.794	343	3.631	1.102
2.095	2.306e-01	-6.931	319	3.640	1.090
2.095	3.032e-01	-7.065	297	3.649	1.079
2.095	3.985e-01	-7.212	274	3.657	1.069
2.095	5.261e-01	-7.360	253	3.665	1.059
2.095	6.887e-01	-7.502	234	3.672	1.051
2.095	9.039e-01	-7.647	216	3.679	1.043
2.095	1.184e+00	-7.795	199	3.685	1.035
2.095	1.550e+00	-7.943	184	3.691	1.028
2.095	2.034e+00	-8.090	169	3.696	1.022
2.095	2.673e+00	-8.236	156	3.701	1.016
2.095	3.487e+00	-8.374	144	3.706	1.011
2.095	4.602e+00	-8.514	134	3.710	1.006
2.095	6.025e+00	-8.650	124	3.715	1.001
2.095	7.953e+00	-8.787	115	3.719	0.996
2.095	1.000e+01	-8.902	108	3.722	0.992
2.619	1.035e-04	-2.931	2302	3.170	2.094
2.619	1.369e-04	-3.080	2179	3.223	1.970
2.619	1.811e-04	-3.285	1986	3.268	1.871
2.619	2.380e-04	-3.376	1927	3.305	1.792
2.619	3.145e-04	-3.559	1768	3.339	1.724
2.619	4.159e-04	-3.664	1696	3.372	1.659
2.619	5.500e-04	-3.785	1611	3.404	1.599
2.619	7.232e-04	-3.911	1525	3.435	1.545
2.619	9.505e-04	-4.069	1414	3.462	1.497
2.619	1.255e-03	-4.244	1296	3.486	1.456
2.619	1.642e-03	-4.388	1208	3.507	1.422
2.619	2.168e-03	-4.538	1120	3.526	1.390
2.619	2.838e-03	-4.723	1017	3.542	1.365
2.619	3.746e-03	-4.825	968	3.558	1.340
2.619	4.935e-03	-4.978	893	3.573	1.317
2.619	6.486e-03	-5.122	829	3.587	1.297
2.619	8.561e-03	-5.292	757	3.599	1.279
2.619	1.128e-02	-5.412	711	3.610	1.262
2.619	1.482e-02	-5.532	668	3.621	1.246
2.619	1.949e-02	-5.650	628	3.633	1.230
2.619	2.561e-02	-5.765	591	3.644	1.214
2.619	3.367e-02	-5.882	556	3.654	1.199
2.619	4.426e-02	-5.999	523	3.665	1.184
2.619	5.819e-02	-6.134	487	3.676	1.170
2.619	7.648e-02	-6.248	459	3.686	1.156
2.619	1.010e-01	-6.365	432	3.696	1.143
2.619	1.322e-01	-6.484	405	3.706	1.130
2.619	1.748e-01	-6.616	378	3.716	1.117
2.619	2.307e-01	-6.750	352	3.726	1.105
2.619	3.020e-01	-6.880	328	3.734	1.094
2.619	3.987e-01	-7.020	304	3.743	1.083
2.619	5.251e-01	-7.167	281	3.751	1.073
2.619	6.902e-01	-7.312	259	3.758	1.064
2.619	9.002e-01	-7.452	240	3.765	1.056
2.619	1.182e+00	-7.597	222	3.772	1.048
2.619	1.553e+00	-7.746	204	3.778	1.041
2.619	2.026e+00	-7.894	188	3.783	1.034
2.619	2.674e+00	-8.045	173	3.788	1.028
2.619	3.494e+00	-8.189	160	3.793	1.022
2.619	4.594e+00	-8.332	147	3.798	1.017
2.619	6.038e+00	-8.471	136	3.802	1.012
2.619	7.875e+00	-8.606	127	3.806	1.008
2.619	1.000e+01	-8.724	118	3.809	1.004
3.143	1.012e-04	-2.765	2439	3.184	2.258
3.143	1.331e-04	-2.877	2367	3.243	2.109
3.143	1.760e-04	-3.027	2242	3.299	1.978
3.143	2.313e-04	-3.211	2071	3.346	1.874
3.143	3.017e-04	-3.312	1999	3.385	1.791
3.143	3.990e-04	-3.479	1855	3.422	1.716
3.143	5.277e-04	-3.608	1757	3.457	1.649
3.143	6.938e-04	-3.737	1661	3.489	1.590
3.143	9.118e-04	-3.889	1548	3.518	1.537
3.143	1.204e-03	-4.053	1430	3.544	1.491
3.143	1.576e-03	-4.211	1323	3.566	1.454
3.143	2.080e-03	-4.362	1227	3.587	1.420
3.143	2.723e-03	-4.517	1134	3.605	1.391
3.143	3.601e-03	-4.668	1049	3.621	1.366
3.143	4.753e-03	-4.813	974	3.636	1.341
3.143	6.286e-03	-4.964	900	3.650	1.320
3.143	8.313e-03	-5.123	827	3.663	1.300
3.143	1.088e-02	-5.251	774	3.675	1.283
3.143	1.428e-02	-5.373	726	3.686	1.267
3.143	1.877e-02	-5.497	680	3.697	1.251
3.143	2.468e-02	-5.617	638	3.708	1.236
3.143	3.244e-02	-5.733	601	3.718	1.221
3.143	4.282e-02	-5.854	564	3.729	1.206
3.143	5.605e-02	-5.971	530	3.739	1.192
3.143	7.399e-02	-6.108	493	3.749	1.178
3.143	9.785e-02	-6.220	465	3.759	1.164
3.143	1.289e-01	-6.341	436	3.769	1.151
3.143	1.694e-01	-6.458	410	3.779	1.138
3.143	2.240e-01	-6.593	382	3.789	1.126
3.143	2.957e-01	-6.724	356	3.798	1.114
3.143	3.872e-01	-6.856	331	3.806	1.103
3.143	5.081e-01	-6.995	307	3.815	1.092
3.143	6.678e-01	-7.139	284	3.822	1.083
3.143	8.711e-01	-7.278	263	3.829	1.074
3.143	1.143e+00	-7.422	243	3.836	1.066
3.143	1.503e+00	-7.569	224	3.842	1.058
3.143	1.976e+00	-7.718	207	3.848	1.051
3.143	2.587e+00	-7.868	190	3.854	1.044
3.143	3.387e+00	-8.016	175	3.859	1.038
3.143	4.410e+00	-8.159	162	3.863	1.033
3.143	5.788e+00	-8.302	149	3.867	1.028
3.143	7.607e+00	-8.443	138	3.872	1.023
3.143	1.000e+01	-8.581	128	3.876	1.018
3.666	1.017e-04	-2.652	2524	3.197	2.403
3.666	1.329e-04	-2.746	2475	3.257	2.241
3.666	1.748e-04	-2.854	2408	3.317	2.092
3.666	2.311e-04	-2.996	2292	3.374	1.960
3.666	3.037e-04	-3.160	2146	3.423	1.853
3.666	4.009e-04	-3.277	2057	3.467	1.761
3.666	5.303e-04	-3.445	1911	3.507	1.682
3.666	6.985e-04	-3.602	1780	3.541	1.617
3.666	9.180e-04	-3.745	1669	3.572	1.561
3.666	1.207e-03	-3.897	1554	3.599	1.512
3.666	1.586e-03	-4.054	1440	3.624	1.469
3.666	2.086e-03	-4.208	1334	3.646	1.433
3.666	2.741e-03	-4.363	1234	3.666	1.401
3.666	3.604e-03	-4.524	1137	3.683	1.373
3.666	4.737e-03	-4.649	1068	3.699	1.348
3.666	6.253e-03	-4.832	969	3.714	1.325
3.666	8.236e-03	-4.974	900	3.727	1.306
3.666	1.082e-02	-5.109	838	3.739	1.288
3.666	1.421e-02	-5.235	784	3.750	1.271
3.666	1.867e-02	-5.362	734	3.761	1.255
3.666	2.455e-02	-5.488	687	3.772	1.239
3.666	3.227e-02	-5.608	645	3.782	1.225
3.666	4.209e-02	-5.724	607	3.792	1.210
3.666	5.555e-02	-5.846	569	3.803	1.196
3.666	7.273e-02	-5.971	532	3.813	1.183
3.666	9.618e-02	-6.099	497	3.822	1.169
3.666	1.270e-01	-6.214	468	3.832	1.156
3.666	1.672e-01	-6.337	439	3.842	1.144
3.666	2.198e-01	-6.455	412	3.851	1.131
3.666	2.907e-01	-6.588	384	3.860	1.119
3.666	3.822e-01	-6.717	358	3.869	1.108
3.666	5.023e-01	-6.856	332	3.878	1.098
3.666	6.604e-01	-6.994	308	3.885	1.088
3.666	8.680e-01	-7.135	285	3.893	1.078
3.666	1.141e+00	-7.278	264	3.900	1.070
3.666	1.500e+00	-7.424	243	3.907	1.062
3.666	1.972e+00	-7.572	224	3.913	1.054
3.666	2.592e+00	-7.722	207	3.918	1.047
3.666	3.408e+00	-7.873	190	3.924	1.041
3.666	4.462e+00	-8.023	175	3.928	1.035
3.666	5.842e+00	-8.168	161	3.933	1.030
3.666	7.606e+00	-8.308	149	3.937	1.025
3.666	9.983e+00	-8.447	138	3.941	1.020
4.190	1.008e-04	-2.551	2596	3.203	2.549
4.190	1.323e-04	-2.646	2549	3.267	2.371
4.190	1.739e-04	-2.744	2497	3.328	2.208
4.190	2.287e-04	-2.851	2429	3.388	2.062
4.190	3.005e-04	-2.985	2324	3.444	1.933
4.190	3.967e-04	-3.129	2201	3.494	1.824
4.190	5.193e-04	-3.271	2081	3.539	1.733
4.190	6.816e-04	-3.443	1927	3.577	1.659
4.190	8.959e-04	-3.595	1799	3.610	1.596
4.190	1.169e-03	-3.739	1685	3.640	1.542
4.190	1.542e-03	-3.891	1568	3.668	1.494
4.190	2.019e-03	-4.043	1458	3.692	1.453
4.190	2.665e-03	-4.203	1346	3.714	1.417
4.190	3.489e-03	-4.358	1244	3.733	1.386
4.190	4.606e-03	-4.502	1157	3.750	1.358
4.190	6.067e-03	-4.666	1063	3.767	1.333
4.190	7.974e-03	-4.836	971	3.780	1.312
4.190	1.047e-02	-4.966	908	3.793	1.293
4.190	1.375e-02	-5.097	848	3.805	1.276
4.190	1.808e-02	-5.227	792	3.816	1.259
4.190	2.368e-02	-5.355	740	3.827	1.243
4.190	3.100e-02	-5.478	694	3.837	1.229
4.190	4.092e-02	-5.602	650	3.848	1.214
4.190	5.357e-02	-5.722	610	3.858	1.200
4.190	7.031e-02	-5.843	572	3.868	1.186
4.190	9.241e-02	-5.977	533	3.877	1.173
4.190	1.215e-01	-6.095	500	3.887	1.161
4.190	1.607e-01	-6.213	470	3.896	1.148
4.190	2.112e-01	-6.333	441	3.906	1.136
4.190	2.788e-01	-6.457	413	3.915	1.124
4.190	3.672e-01	-6.586	385	3.924	1.113
4.190	4.826e-01	-6.717	359	3.932	1.102
4.190	6.345e-01	-6.856	333	3.940	1.091
4.190	8.339e-01	-6.993	309	3.948	1.082
4.190	1.088e+00	-7.129	287	3.955	1.073
4.190	1.436e+00	-7.274	265	3.962	1.064
4.190	1.876e+00	-7.418	245	3.968	1.057
4.190	2.467e+00	-7.565	226	3.974	1.050
4.190	3.231e+00	-7.714	208	3.980	1.043
4.190	4.229e+00	-7.864	191	3.985	1.037
4.190	5.583e+00	-8.019	175	3.990	1.031
4.190	7.295e+00	-8.164	162	3.994	1.026
4.190	9.516e+00	-8.306	149	3.998	1.021
4.714	1.010e-04	-2.465	2661	3.211	2.682
4.714	1.315e-04	-2.558	2614	3.273	2.496
4.714	1.726e-04	-2.654	2565	3.336	2.321
4.714	2.268e-04	-2.754	2509	3.398	2.162
4.714	2.982e-04	-2.861	2440	3.457	2.020
4.714	3.905e-04	-2.993	2335	3.512	1.895
4.714	5.112e-04	-3.133	2216	3.561	1.792
4.714	6.748e-04	-3.290	2077	3.606	1.701
4.714	8.833e-04	-3.455	1930	3.643	1.630
4.714	1.166e-03	-3.609	1800	3.677	1.568
4.714	1.526e-03	-3.761	1677	3.706	1.517
4.714	2.015e-03	-3.908	1566	3.733	1.470
4.714	2.665e-03	-4.068	1448	3.757	1.430
4.714	3.488e-03	-4.229	1335	3.778	1.396
4.714	4.578e-03	-4.384	1235	3.796	1.367
4.714	5.995e-03	-4.527	1148	3.813	1.341
4.714	7.794e-03	-4.693	1052	3.827	1.318
4.714	1.019e-02	-4.837	976	3.841	1.299
4.714	1.344e-02	-4.972	910	3.853	1.280
4.714	1.760e-02	-5.103	849	3.865	1.262
4.714	2.310e-02	-5.235	792	3.876	1.246
4.714	3.025e-02	-5.363	741	3.887	1.231
4.714	3.960e-02	-5.487	694	3.897	1.216
4.714	5.197e-02	-5.609	650	3.907	1.202
4.714	6.831e-02	-5.733	609	3.917	1.189
4.714	8.981e-02	-5.862	569	3.927	1.175
4.714	1.188e-01	-5.992	530	3.937	1.163
4.714	1.561e-01	-6.109	499	3.946	1.150
4.714	2.036e-01	-6.225	469	3.955	1.139
4.714	2.672e-01	-6.343	440	3.964	1.127
4.714	3.500e-01	-6.465	412	3.972	1.116
4.714	4.573e-01	-6.589	386	3.981	1.105
4.714	6.013e-01	-6.725	359	3.989	1.094
4.714	7.903e-01	-6.862	333	3.997	1.084
4.714	1.045e+00	-7.000	309	4.005	1.075
4.714	1.363e+00	-7.136	287	4.012	1.066
4.714	1.799e+00	-7.283	264	4.018	1.058
4.714	2.352e+00	-7.427	244	4.025	1.051
4.714	3.067e+00	-7.569	226	4.030	1.044
4.714	4.026e+00	-7.720	208	4.036	1.037
4.714	5.291e+00	-7.874	191	4.041	1.031
4.714	6.957e+00	-8.026	175	4.045	1.026
4.714	9.143e+00	-8.175	161	4.049	1.021
5.238	1.020e-04	-2.389	2720	3.218	2.801
5.238	1.346e-04	-2.489	2669	3.286	2.593
5.238	1.763e-04	-2.585	2619	3.349	2.410
5.238	2.313e-04	-2.682	2568	3.411	2.244
5.238	3.040e-04	-2.785	2506	3.472	2.091
5.238	3.997e-04	-2.893	2436	3.531	1.955
5.238	5.235e-04	-3.031	2319	3.584	1.839
5.238	6.853e-04	-3.168	2203	3.632	1.740
5.238	9.046e-04	-3.343	2041	3.675	1.657
5.238	1.184e-03	-3.498	1906	3.710	1.591
5.238	1.566e-03	-3.655	1774	3.742	1.533
5.238	2.059e-03	-3.807	1652	3.770	1.484
5.238	2.706e-03	-3.957	1538	3.796	1.441
5.238	3.558e-03	-4.120	1419	3.819	1.403
5.238	4.659e-03	-4.280	1309	3.838	1.372
5.238	6.099e-03	-4.428	1214	3.856	1.345
5.238	7.942e-03	-4.583	1120	3.872	1.321
5.238	1.048e-02	-4.743	1030	3.886	1.299
5.238	1.372e-02	-4.875	962	3.899	1.280
5.238	1.812e-02	-5.016	893	3.911	1.262
5.238	2.386e-02	-5.152	832	3.923	1.245
5.238	3.136e-02	-5.285	775	3.934	1.229
5.238	4.091e-02	-5.409	726	3.944	1.214
5.238	5.400e-02	-5.537	679	3.955	1.200
5.238	7.069e-02	-5.660	636	3.965	1.187
5.238	9.331e-02	-5.788	594	3.975	1.173
5.238	1.234e-01	-5.924	552	3.984	1.160
5.238	1.625e-01	-6.043	518	3.993	1.148
5.238	2.136e-01	-6.162	486	4.002	1.136
5.238	2.787e-01	-6.277	458	4.011	1.125
5.238	3.657e-01	-6.398	429	4.020	1.114
5.238	4.789e-01	-6.521	402	4.028	1.103
5.238	6.270e-01	-6.649	375	4.036	1.093
5.238	8.229e-01	-6.788	348	4.044	1.083
5.238	1.082e+00	-6.922	323	4.052	1.073
5.238	1.422e+00	-7.063	299	4.059	1.064
5.238	1.869e+00	-7.204	277	4.066	1.056
5.238	2.438e+00	-7.346	256	4.072	1.049
5.238	3.218e+00	-7.494	236	4.078	1.041
5.238	4.205e+00	-7.641	218	4.083	1.035
5.238	5.529e+00	-7.795	200	4.089	1.029
5.238	7.266e+00	-7.948	183	4.093	1.023
5.238	9.554e+00	-8.099	169	4.098	1.018
6.285	1.026e-04	-2.265	2803	3.226	3.041
6.285	1.339e-04	-2.351	2773	3.293	2.815
6.285	1.757e-04	-2.448	2725	3.361	2.606
6.285	2.309e-04	-2.547	2672	3.426	2.417
6.285	3.036e-04	-2.646	2618	3.489	2.247
6.285	3.975e-04	-2.744	2562	3.550	2.096
6.285	5.195e-04	-2.849	2494	3.607	1.961
6.285	6.776e-04	-2.970	2401	3.662	1.842
6.285	8.809e-04	-3.101	2289	3.710	1.742
6.285	1.156e-03	-3.263	2140	3.755	1.654
6.285	1.520e-03	-3.428	1989	3.793	1.583
6.285	1.998e-03	-3.579	1859	3.827	1.523
6.285	2.616e-03	-3.734	1729	3.856	1.473
6.285	3.446e-03	-3.890	1605	3.883	1.428
6.285	4.530e-03	-4.054	1481	3.907	1.389
6.285	5.979e-03	-4.220	1362	3.928	1.357
6.285	7.827e-03	-4.375	1259	3.945	1.329
6.285	1.035e-02	-4.542	1154	3.962	1.304
6.285	1.350e-02	-4.680	1075	3.976	1.283
6.285	1.782e-02	-4.819	1000	3.990	1.263
6.285	2.329e-02	-4.961	928	4.002	1.245
6.285	3.074e-02	-5.102	861	4.014	1.228
6.285	4.025e-02	-5.234	803	4.025	1.213
6.285	5.282e-02	-5.357	753	4.035	1.198
6.285	6.943e-02	-5.494	700	4.046	1.184
6.285	9.164e-02	-5.624	654	4.056	1.171
6.285	1.200e-01	-5.753	610	4.065	1.158
6.285	1.587e-01	-5.883	569	4.074	1.146
6.285	2.086e-01	-6.005	533	4.083	1.134
6.285	2.742e-01	-6.125	500	4.092	1.123
6.285	3.605e-01	-6.242	470	4.101	1.111
6.285	4.720e-01	-6.364	440	4.109	1.101
6.285	6.179e-01	-6.488	412	4.118	1.090
6.285	8.110e-01	-6.617	384	4.126	1.080
6.285	1.066e+00	-6.753	357	4.133	1.070
6.285	1.407e+00	-6.891	331	4.141	1.061
6.285	1.842e+00	-7.033	306	4.148	1.053
6.285	2.431e+00	-7.175	283	4.155	1.044
6.285	3.183e+00	-7.317	262	4.161	1.037
6.285	4.201e+00	-7.461	242	4.167	1.030
6.285	5.534e+00	-7.614	222	4.172	1.024
6.285	7.274e+00	-7.769	204	4.177	1.018
6.285	9.563e+00	-7.923	187	4.182	1.012
7.333	1.004e-04	-2.153	2877	3.226	3.287
7.333	1.313e-04	-2.240	2846	3.294	3.038
7.333	1.712e-04	-2.326	2814	3.362	2.811
7.333	2.229e-04	-2.418	2773	3.427	2.606
7.333	2.898e-04	-2.515	2719	3.490	2.424
7.333	3.767e-04	-2.609	2667	3.551	2.259
7.333	4.973e-04	-2.709	2611	3.614	2.102
7.333	6.550e-04	-2.817	2541	3.674	1.961
7.333	8.609e-04	-2.932	2456	3.731	1.837
7.333	1.132e-03	-3.064	2347	3.783	1.730
7.333	1.488e-03	-3.220	2203	3.830	1.639
7.333	1.967e-03	-3.394	2041	3.871	1.565
7.333	2.566e-03	-3.538	1915	3.904	1.505
7.333	3.387e-03	-3.699	1777	3.936	1.452
7.333	4.462e-03	-3.863	1642	3.963	1.407
7.333	5.865e-03	-4.029	1513	3.987	1.369
7.333	7.741e-03	-4.196	1392	4.008	1.336
7.333	1.020e-02	-4.364	1277	4.026	1.309
7.333	1.340e-02	-4.519	1178	4.042	1.285
7.333	1.772e-02	-4.660	1096	4.057	1.263
7.333	2.330e-02	-4.801	1018	4.070	1.243
7.333	3.052e-02	-4.943	945	4.083	1.226
7.333	3.995e-02	-5.082	878	4.094	1.209
7.333	5.273e-02	-5.211	821	4.105	1.194
7.333	6.946e-02	-5.322	775	4.117	1.179
7.333	9.130e-02	-5.488	708	4.127	1.165
7.333	1.207e-01	-5.620	660	4.137	1.152
7.333	1.575e-01	-5.751	615	4.145	1.140
7.333	2.079e-01	-5.875	576	4.155	1.128
7.333	2.738e-01	-6.001	538	4.163	1.117
7.333	3.586e-01	-6.119	505	4.172	1.106
7.333	4.694e-01	-6.234	475	4.180	1.095
7.333	6.196e-01	-6.362	444	4.189	1.085
7.333	8.098e-01	-6.486	415	4.197	1.075
7.333	1.065e+00	-6.615	387	4.205	1.065
7.333	1.399e+00	-6.749	360	4.212	1.056
7.333	1.825e+00	-6.886	334	4.219	1.047
7.333	2.409e+00	-7.030	309	4.226	1.039
7.333	3.154e+00	-7.168	286	4.232	1.032
7.333	4.163e+00	-7.312	264	4.239	1.024
7.333	5.450e+00	-7.453	245	4.244	1.018
7.333	7.207e+00	-7.608	224	4.250	1.011
7.333	9.514e+00	-7.766	205	4.254	1.006
8.381	1.031e-04	-2.069	2937	3.236	3.471
8.381	1.356e-04	-2.159	2905	3.307	3.200
8.381	1.782e-04	-2.249	2871	3.377	2.953
8.381	2.325e-04	-2.336	2838	3.444	2.733
8.381	3.051e-04	-2.432	2792	3.511	2.530
8.381	3.996e-04	-2.531	2737	3.576	2.349
8.381	5.230e-04	-2.628	2682	3.638	2.186
8.381	6.865e-04	-2.727	2624	3.699	2.038
8.381	8.990e-04	-2.834	2552	3.757	1.906
8.381	1.177e-03	-2.949	2465	3.812	1.789
8.381	1.553e-03	-3.082	2355	3.865	1.684
8.381	2.046e-03	-3.250	2195	3.911	1.596
8.381	2.689e-03	-3.410	2047	3.950	1.526
8.381	3.550e-03	-3.564	1911	3.985	1.466
8.381	4.647e-03	-3.722	1775	4.015	1.416
8.381	6.146e-03	-3.895	1632	4.042	1.373
8.381	8.113e-03	-4.071	1495	4.065	1.337
8.381	1.062e-02	-4.231	1378	4.084	1.308
8.381	1.402e-02	-4.401	1263	4.102	1.282
8.381	1.835e-02	-4.540	1176	4.117	1.259
8.381	2.423e-02	-4.683	1092	4.132	1.238
8.381	3.171e-02	-4.825	1014	4.145	1.220
8.381	4.186e-02	-4.970	940	4.157	1.202
8.381	5.480e-02	-5.106	875	4.169	1.187
8.381	7.192e-02	-5.208	830	4.180	1.171
8.381	9.419e-02	-5.382	755	4.191	1.157
8.381	1.224e-01	-5.508	706	4.200	1.145
8.381	1.592e-01	-5.636	660	4.209	1.133
8.381	2.080e-01	-5.762	617	4.218	1.121
8.381	2.746e-01	-5.891	576	4.227	1.110
8.381	3.594e-01	-6.013	539	4.235	1.099
8.381	4.745e-01	-6.131	506	4.244	1.089
8.381	6.250e-01	-6.254	474	4.252	1.078
8.381	8.214e-01	-6.381	442	4.260	1.068
8.381	1.080e+00	-6.506	414	4.268	1.058
8.381	1.419e+00	-6.639	385	4.276	1.049
8.381	1.874e+00	-6.774	358	4.283	1.040
8.381	2.449e+00	-6.918	330	4.290	1.032
8.381	3.219e+00	-7.052	307	4.297	1.024
8.381	4.231e+00	-7.194	284	4.303	1.017
8.381	5.563e+00	-7.335	263	4.309	1.010
8.381	7.311e+00	-7.484	242	4.314	1.004
8.381	9.651e+00	-7.639	222	4.319	0.998
9.428	1.036e-04	-1.988	2995	3.240	3.665
9.428	1.354e-04	-2.077	2962	3.310	3.381
9.428	1.766e-04	-2.165	2929	3.379	3.125
9.428	2.317e-04	-2.255	2895	3.448	2.886
9.428	3.035e-04	-2.343	2861	3.516	2.669
9.428	3.966e-04	-2.438	2814	3.582	2.473
9.428	5.214e-04	-2.539	2757	3.647	2.295
9.428	6.828e-04	-2.637	2700	3.709	2.136
9.428	8.923e-04	-2.735	2641	3.769	1.994
9.428	1.164e-03	-2.840	2570	3.826	1.867
9.428	1.528e-03	-2.958	2478	3.882	1.752
9.428	2.008e-03	-3.084	2375	3.933	1.650
9.428	2.650e-03	-3.260	2205	3.980	1.564
9.428	3.491e-03	-3.413	2064	4.019	1.496
9.428	4.588e-03	-3.569	1925	4.054	1.437
9.428	6.068e-03	-3.735	1781	4.085	1.387
9.428	8.009e-03	-3.916	1629	4.111	1.345
9.428	1.048e-02	-4.088	1494	4.132	1.312
9.428	1.384e-02	-4.254	1373	4.152	1.283
9.428	1.809e-02	-4.406	1270	4.168	1.259
9.428	2.378e-02	-4.550	1179	4.184	1.237
9.428	3.125e-02	-4.691	1096	4.198	1.217
9.428	4.077e-02	-4.831	1019	4.211	1.199
9.428	5.381e-02	-4.980	942	4.223	1.182
9.428	7.044e-02	-5.101	884	4.235	1.167
9.428	9.298e-02	-5.198	842	4.247	1.151
9.428	1.225e-01	-5.402	753	4.257	1.137
9.428	1.610e-01	-5.535	702	4.266	1.125
9.428	2.125e-01	-5.670	653	4.275	1.113
9.428	2.777e-01	-5.794	611	4.284	1.102
9.428	3.622e-01	-5.918	571	4.292	1.092
9.428	4.781e-01	-6.042	534	4.301	1.081
9.428	6.259e-01	-6.157	503	4.309	1.071
9.428	8.262e-01	-6.291	468	4.317	1.061
9.428	1.088e+00	-6.411	438	4.325	1.051
9.428	1.430e+00	-6.540	409	4.333	1.042
9.428	1.888e+00	-6.677	379	4.340	1.033
9.428	2.472e+00	-6.807	353	4.347	1.025
9.428	3.263e+00	-6.949	327	4.354	1.017
9.428	4.271e+00	-7.085	303	4.360	1.010
9.428	5.638e+00	-7.229	280	4.366	1.002
9.428	7.380e+00	-7.371	259	4.372	0.996
9.428	9.760e+00	-7.525	238	4.377	0.990
10.476	1.015e-04	-1.908	3051	3.238	3.875
10.476	1.330e-04	-1.998	3017	3.309	3.570
10.476	1.741e-04	-2.088	2983	3.379	3.293
10.476	2.298e-04	-2.180	2947	3.450	3.034
10.476	3.008e-04	-2.268	2913	3.518	2.805
10.476	3.916e-04	-2.355	2880	3.585	2.599
10.476	5.169e-04	-2.455	2827	3.653	2.403
10.476	6.767e-04	-2.555	2769	3.717	2.233
10.476	8.882e-04	-2.653	2712	3.779	2.078
10.476	1.167e-03	-2.755	2648	3.840	1.937
10.476	1.523e-03	-2.861	2574	3.896	1.815
10.476	2.010e-03	-2.985	2476	3.952	1.702
10.476	2.631e-03	-3.109	2372	4.002	1.607
10.476	3.480e-03	-3.288	2197	4.048	1.525
10.476	4.575e-03	-3.434	2064	4.086	1.459
10.476	6.013e-03	-3.595	1919	4.120	1.403
10.476	7.937e-03	-3.768	1767	4.150	1.355
10.476	1.039e-02	-3.951	1613	4.175	1.318
10.476	1.371e-02	-4.119	1483	4.196	1.286
10.476	1.807e-02	-4.286	1361	4.214	1.259
10.476	2.374e-02	-4.430	1265	4.231	1.236
10.476	3.140e-02	-4.579	1171	4.246	1.214
10.476	4.129e-02	-4.720	1089	4.260	1.194
10.476	5.407e-02	-4.862	1010	4.273	1.177
10.476	7.078e-02	-5.004	938	4.285	1.161
10.476	9.343e-02	-5.111	888	4.296	1.145
10.476	1.231e-01	-5.295	804	4.308	1.131
10.476	1.628e-01	-5.435	746	4.318	1.118
10.476	2.139e-01	-5.570	693	4.327	1.106
10.476	2.812e-01	-5.701	646	4.336	1.095
10.476	3.696e-01	-5.831	603	4.344	1.084
10.476	4.821e-01	-5.954	564	4.353	1.074
10.476	6.364e-01	-6.076	529	4.361	1.063
10.476	8.383e-01	-6.202	494	4.369	1.053
10.476	1.102e+00	-6.330	461	4.377	1.044
10.476	1.457e+00	-6.451	432	4.385	1.035
10.476	1.923e+00	-6.595	399	4.392	1.026
10.476	2.544e+00	-6.725	372	4.400	1.017
10.476	3.351e+00	-6.863	345	4.406	1.009
10.476	4.404e+00	-6.999	320	4.413	1.002
10.476	5.813e+00	-7.142	296	4.419	0.994
10.476	7.610e+00	-7.284	274	4.425	0.988
10.476	1.000e+01	-7.433	252	4.430	0.982
11.523	1.002e-04	-1.834	3102	3.234	4.080
11.523	1.322e-04	-1.928	3067	3.309	3.743
11.523	1.728e-04	-2.019	3032	3.380	3.452
11.523	2.254e-04	-2.107	2997	3.449	3.188
11.523	2.959e-04	-2.197	2962	3.518	2.943
11.523	3.888e-04	-2.287	2928	3.587	2.718
11.523	5.112e-04	-2.378	2891	3.656	2.511
11.523	6.719e-04	-2.479	2834	3.722	2.326
11.523	8.834e-04	-2.579	2775	3.787	2.160
11.523	1.157e-03	-2.677	2719	3.848	2.013
11.523	1.514e-03	-2.780	2651	3.908	1.879
11.523	1.999e-03	-2.895	2566	3.966	1.757
11.523	2.612e-03	-3.013	2471	4.018	1.654
11.523	3.435e-03	-3.148	2352	4.068	1.562
11.523	4.543e-03	-3.316	2190	4.112	1.485
11.523	5.970e-03	-3.462	2058	4.149	1.423
11.523	7.881e-03	-3.627	1907	4.183	1.369
11.523	1.032e-02	-3.801	1753	4.210	1.327
11.523	1.362e-02	-3.993	1591	4.233	1.292
11.523	1.783e-02	-4.143	1476	4.253	1.263
11.523	2.358e-02	-4.300	1362	4.270	1.238
11.523	3.112e-02	-4.445	1264	4.286	1.215
11.523	4.099e-02	-4.587	1175	4.301	1.195
11.523	5.388e-02	-4.727	1093	4.315	1.176
11.523	7.084e-02	-4.870	1014	4.327	1.159
11.523	9.276e-02	-5.007	943	4.339	1.144
11.523	1.214e-01	-5.113	893	4.351	1.129
11.523	1.603e-01	-5.298	808	4.362	1.115
11.523	2.120e-01	-5.441	748	4.371	1.102
11.523	2.775e-01	-5.577	696	4.381	1.090
11.523	3.663e-01	-5.712	647	4.390	1.079
11.523	4.795e-01	-5.843	603	4.398	1.068
11.523	6.330e-01	-5.976	561	4.407	1.058
11.523	8.287e-01	-6.098	526	4.415	1.048
11.523	1.096e+00	-6.246	485	4.423	1.038
11.523	1.449e+00	-6.360	456	4.431	1.028
11.523	1.917e+00	-6.501	423	4.439	1.019
11.523	2.530e+00	-6.638	392	4.447	1.010
11.523	3.333e+00	-6.764	366	4.454	1.002
11.523	4.408e+00	-6.905	339	4.461	0.994
11.523	5.793e+00	-7.045	314	4.467	0.987
11.523	7.616e+00	-7.188	290	4.473	0.980
11.523	1.000e+01	-7.336	267	4.479	0.974
12.047	1.012e-04	-1.805	3125	3.237	4.158
12.047	1.324e-04	-1.897	3090	3.310	3.822
12.047	1.738e-04	-1.989	3054	3.382	3.518
12.047	2.276e-04	-2.080	3019	3.453	3.245
12.047	2.979e-04	-2.169	2984	3.522	2.996
12.047	3.879e-04	-2.256	2950	3.589	2.774
12.047	5.121e-04	-2.347	2914	3.659	2.560
12.047	6.692e-04	-2.443	2865	3.725	2.372
12.047	8.798e-04	-2.544	2806	3.790	2.201
12.047	1.152e-03	-2.642	2749	3.852	2.049
12.047	1.506e-03	-2.741	2687	3.912	1.912
12.047	1.980e-03	-2.851	2610	3.970	1.788
12.047	2.602e-03	-2.970	2514	4.025	1.679
12.047	3.421e-03	-3.090	2417	4.076	1.583
12.047	4.480e-03	-3.251	2260	4.121	1.504
12.047	5.854e-03	-3.393	2129	4.159	1.439
12.047	7.697e-03	-3.546	1988	4.193	1.383
12.047	1.012e-02	-3.708	1842	4.223	1.337
12.047	1.319e-02	-3.886	1686	4.247	1.301
12.047	1.742e-02	-4.051	1551	4.267	1.271
12.047	2.280e-02	-4.201	1438	4.284	1.245
12.047	3.010e-02	-4.340	1339	4.301	1.222
12.047	3.933e-02	-4.476	1249	4.315	1.202
12.047	5.130e-02	-4.606	1167	4.329	1.184
12.047	6.772e-02	-4.745	1086	4.342	1.166
12.047	8.865e-02	-4.884	1009	4.354	1.149
12.047	1.164e-01	-5.015	943	4.366	1.134
12.047	1.529e-01	-5.136	885	4.377	1.119
12.047	2.022e-01	-5.319	801	4.388	1.105
12.047	2.659e-01	-5.461	743	4.398	1.093
12.047	3.495e-01	-5.602	689	4.407	1.081
12.047	4.595e-01	-5.740	640	4.417	1.069
12.047	6.039e-01	-5.878	594	4.426	1.059
12.047	7.940e-01	-6.012	552	4.434	1.048
12.047	1.043e+00	-6.144	515	4.443	1.038
12.047	1.377e+00	-6.288	476	4.451	1.028
12.047	1.822e+00	-6.411	446	4.459	1.018
12.047	2.409e+00	-6.566	409	4.467	1.009
12.047	3.186e+00	-6.696	381	4.475	1.000
12.047	4.171e+00	-6.828	355	4.481	0.993
12.047	5.505e+00	-6.970	328	4.488	0.985
12.047	7.207e+00	-7.111	304	4.494	0.978
12.047	9.384e+00	-7.254	281	4.500	0.972
12.571	1.036e-04	-1.782	3144	3.244	4.215
12.571	1.357e-04	-1.875	3109	3.318	3.872
12.571	1.776e-04	-1.967	3074	3.389	3.565
12.571	2.331e-04	-2.058	3038	3.460	3.285
12.571	3.063e-04	-2.149	3002	3.531	3.030
12.571	4.028e-04	-2.239	2967	3.600	2.796
12.571	5.294e-04	-2.329	2931	3.669	2.583
12.571	6.905e-04	-2.422	2887	3.735	2.394
12.571	9.114e-04	-2.524	2828	3.802	2.218
12.571	1.193e-03	-2.622	2770	3.864	2.064
12.571	1.566e-03	-2.721	2710	3.925	1.923
12.571	2.058e-03	-2.830	2634	3.984	1.798
12.571	2.717e-03	-2.948	2541	4.040	1.685
12.571	3.556e-03	-3.062	2450	4.091	1.590
12.571	4.695e-03	-3.217	2301	4.137	1.507
12.571	6.184e-03	-3.360	2168	4.176	1.441
12.571	8.098e-03	-3.501	2037	4.209	1.387
12.571	1.058e-02	-3.646	1905	4.238	1.342
12.571	1.391e-02	-3.816	1753	4.262	1.305
12.571	1.829e-02	-3.979	1614	4.282	1.276
12.571	2.404e-02	-4.109	1512	4.299	1.251
12.571	3.160e-02	-4.245	1410	4.314	1.229
12.571	4.171e-02	-4.370	1323	4.329	1.209
12.571	5.460e-02	-4.495	1241	4.342	1.191
12.571	7.208e-02	-4.623	1161	4.355	1.173
12.571	9.495e-02	-4.756	1083	4.367	1.156
12.571	1.248e-01	-4.895	1007	4.380	1.140
12.571	1.647e-01	-5.026	941	4.392	1.125
12.571	2.170e-01	-5.192	861	4.404	1.109
12.571	2.852e-01	-5.346	793	4.414	1.095
12.571	3.764e-01	-5.499	730	4.425	1.082
12.571	4.919e-01	-5.646	675	4.434	1.070
12.571	6.468e-01	-5.795	623	4.444	1.058
12.571	8.500e-01	-5.946	574	4.454	1.047
12.571	1.122e+00	-6.091	531	4.464	1.035
12.571	1.478e+00	-6.253	486	4.473	1.024
12.571	1.955e+00	-6.379	455	4.481	1.014
12.571	2.585e+00	-6.542	416	4.490	1.004
12.571	3.419e+00	-6.677	386	4.497	0.996
12.571	4.493e+00	-6.812	359	4.504	0.987
12.571	5.931e+00	-6.958	331	4.511	0.980
12.571	7.764e+00	-7.101	306	4.518	0.973
12.571	1.000e+01	-7.240	284	4.523	0.967
13.095	1.045e-04	-1.755	3165	3.246	4.290
13.095	1.368e-04	-1.849	3130	3.320	3.940
13.095	1.781e-04	-1.939	3095	3.391	3.631
13.095	2.338e-04	-2.031	3058	3.462	3.345
13.095	3.061e-04	-2.121	3023	3.532	3.087
13.095	4.000e-04	-2.209	2989	3.601	2.853
13.095	5.260e-04	-2.299	2953	3.670	2.635
13.095	6.888e-04	-2.389	2914	3.737	2.438
13.095	9.016e-04	-2.489	2858	3.803	2.261
13.095	1.190e-03	-2.590	2799	3.868	2.098
13.095	1.555e-03	-2.687	2741	3.928	1.957
13.095	2.029e-03	-2.790	2671	3.986	1.830
13.095	2.678e-03	-2.903	2587	4.043	1.714
13.095	3.506e-03	-3.016	2495	4.094	1.617
13.095	4.601e-03	-3.140	2386	4.140	1.533
13.095	6.047e-03	-3.283	2248	4.180	1.465
13.095	7.982e-03	-3.411	2130	4.214	1.409
13.095	1.051e-02	-3.543	2007	4.243	1.362
13.095	1.382e-02	-3.676	1885	4.267	1.325
13.095	1.803e-02	-3.816	1759	4.286	1.296
13.095	2.379e-02	-3.951	1642	4.302	1.272
13.095	3.115e-02	-4.056	1559	4.316	1.252
13.095	4.111e-02	-4.171	1470	4.330	1.233
13.095	5.416e-02	-4.279	1391	4.342	1.215
13.095	7.092e-02	-4.391	1314	4.355	1.198
13.095	9.284e-02	-4.510	1236	4.367	1.180
13.095	1.226e-01	-4.645	1152	4.381	1.162
13.095	1.614e-01	-4.791	1068	4.394	1.144
13.095	2.122e-01	-4.948	983	4.408	1.126
13.095	2.790e-01	-5.098	909	4.422	1.109
13.095	3.666e-01	-5.300	815	4.435	1.092
13.095	4.849e-01	-5.481	740	4.447	1.077
13.095	6.375e-01	-5.656	673	4.459	1.063
13.095	8.379e-01	-5.825	615	4.470	1.049
13.095	1.106e+00	-5.993	562	4.480	1.036
13.095	1.457e+00	-6.161	513	4.490	1.024
13.095	1.915e+00	-6.304	475	4.500	1.014
13.095	2.528e+00	-6.461	436	4.508	1.003
13.095	3.309e+00	-6.611	402	4.516	0.994
13.095	4.343e+00	-6.741	374	4.524	0.986
13.095	5.708e+00	-6.889	345	4.531	0.978
13.095	7.491e+00	-7.034	319	4.537	0.970
13.095	9.846e+00	-7.185	293	4.544	0.963
13.618	1.039e-04	-1.724	3188	3.244	4.385
13.618	1.371e-04	-1.821	3150	3.321	4.014
13.618	1.792e-04	-1.913	3115	3.394	3.692
13.618	2.337e-04	-2.003	3079	3.464	3.406
13.618	3.044e-04	-2.092	3044	3.532	3.148
13.618	3.995e-04	-2.182	3009	3.602	2.905
13.618	5.250e-04	-2.272	2973	3.671	2.682
13.618	6.848e-04	-2.359	2938	3.738	2.484
13.618	9.039e-04	-2.459	2885	3.806	2.296
13.618	1.183e-03	-2.558	2827	3.870	2.134
13.618	1.562e-03	-2.659	2767	3.933	1.984
13.618	2.041e-03	-2.759	2701	3.992	1.854
13.618	2.684e-03	-2.864	2627	4.048	1.738
13.618	3.514e-03	-2.975	2536	4.099	1.639
13.618	4.601e-03	-3.080	2451	4.144	1.557
13.618	6.084e-03	-3.212	2324	4.183	1.487
13.618	8.032e-03	-3.324	2219	4.215	1.435
13.618	1.050e-02	-3.422	2128	4.240	1.393
13.618	1.385e-02	-3.529	2027	4.263	1.357
13.618	1.814e-02	-3.628	1936	4.282	1.328
13.618	2.380e-02	-3.735	1837	4.298	1.303
13.618	3.117e-02	-3.845	1739	4.313	1.282
13.618	4.106e-02	-3.958	1642	4.326	1.262
13.618	5.397e-02	-4.068	1554	4.341	1.241
13.618	7.137e-02	-4.210	1446	4.357	1.218
13.618	9.439e-02	-4.363	1337	4.374	1.194
13.618	1.246e-01	-4.534	1225	4.392	1.169
13.618	1.641e-01	-4.718	1113	4.410	1.145
13.618	2.157e-01	-4.909	1007	4.427	1.123
13.618	2.847e-01	-5.094	913	4.444	1.102
13.618	3.766e-01	-5.319	810	4.459	1.084
13.618	4.930e-01	-5.504	733	4.471	1.068
13.618	6.507e-01	-5.681	667	4.483	1.054
13.618	8.518e-01	-5.843	611	4.493	1.041
13.618	1.124e+00	-6.001	561	4.503	1.029
13.618	1.469e+00	-6.160	515	4.513	1.018
13.618	1.940e+00	-6.295	479	4.521	1.008
13.618	2.565e+00	-6.447	441	4.530	0.998
13.618	3.358e+00	-6.594	407	4.538	0.989
13.618	4.407e+00	-6.721	380	4.545	0.981
13.618	5.829e+00	-6.870	350	4.552	0.973
13.618	7.661e+00	-7.014	323	4.559	0.966
13.618	1.000e+01	-7.159	298	4.565	0.959
14.142	1.039e-04	-1.695	3209	3.244	4.471
14.142	1.369e-04	-1.793	3171	3.321	4.092
14.142	1.792e-04	-1.887	3135	3.394	3.760
14.142	2.346e-04	-1.978	3098	3.466	3.462
14.142	3.080e-04	-2.069	3063	3.537	3.191
14.142	4.033e-04	-2.159	3028	3.606	2.946
14.142	5.270e-04	-2.247	2992	3.674	2.724
14.142	6.929e-04	-2.338	2956	3.743	2.517
14.142	9.107e-04	-2.432	2910	3.811	2.328
14.142	1.204e-03	-2.535	2849	3.877	2.156
14.142	1.571e-03	-2.632	2792	3.938	2.010
14.142	2.062e-03	-2.730	2731	3.998	1.876
14.142	2.700e-03	-2.830	2661	4.053	1.761
14.142	3.535e-03	-2.934	2578	4.103	1.663
14.142	4.666e-03	-3.032	2498	4.146	1.582
14.142	6.108e-03	-3.125	2417	4.181	1.519
14.142	8.017e-03	-3.222	2323	4.209	1.472
14.142	1.054e-02	-3.299	2251	4.231	1.435
14.142	1.391e-02	-3.373	2181	4.251	1.402
14.142	1.832e-02	-3.456	2103	4.270	1.371
14.142	2.408e-02	-3.555	2010	4.290	1.340
14.142	3.184e-02	-3.684	1890	4.313	1.306
14.142	4.203e-02	-3.853	1738	4.336	1.272
14.142	5.537e-02	-4.032	1588	4.358	1.239
14.142	7.323e-02	-4.233	1434	4.382	1.206
14.142	9.684e-02	-4.438	1291	4.405	1.175
14.142	1.281e-01	-4.645	1160	4.426	1.147
14.142	1.683e-01	-4.845	1045	4.444	1.123
14.142	2.213e-01	-5.034	946	4.460	1.102
14.142	2.909e-01	-5.238	848	4.475	1.083
14.142	3.839e-01	-5.421	769	4.488	1.068
14.142	5.017e-01	-5.586	704	4.498	1.055
14.142	6.597e-01	-5.740	648	4.508	1.043
14.142	8.670e-01	-5.889	598	4.518	1.031
14.142	1.131e+00	-6.023	556	4.527	1.021
14.142	1.470e+00	-6.176	512	4.535	1.011
14.142	1.914e+00	-6.287	482	4.543	1.002
14.142	2.488e+00	-6.420	449	4.550	0.994
14.142	3.285e+00	-6.568	414	4.558	0.985
14.142	4.300e+00	-6.689	387	4.565	0.977
14.142	5.644e+00	-6.829	359	4.572	0.969
14.142	7.418e+00	-6.971	332	4.578	0.962
14.142	9.753e+00	-7.116	306	4.584	0.956
14.666	1.023e-04	-1.662	3231	3.238	4.582
14.666	1.353e-04	-1.762	3193	3.318	4.182
14.666	1.771e-04	-1.856	3156	3.392	3.841
14.666	2.306e-04	-1.947	3120	3.462	3.540
14.666	3.026e-04	-2.038	3084	3.534	3.261
14.666	3.977e-04	-2.129	3049	3.604	3.007
14.666	5.188e-04	-2.217	3013	3.672	2.781
14.666	6.755e-04	-2.304	2978	3.739	2.576
14.666	8.782e-04	-2.391	2942	3.804	2.389
14.666	1.159e-03	-2.493	2883	3.871	2.211
14.666	1.517e-03	-2.591	2825	3.934	2.057
14.666	1.992e-03	-2.687	2767	3.994	1.920
14.666	2.618e-03	-2.784	2702	4.050	1.800
14.666	3.455e-03	-2.880	2631	4.099	1.700
14.666	4.515e-03	-2.967	2560	4.139	1.625
14.666	5.937e-03	-3.039	2501	4.170	1.567
14.666	7.803e-03	-3.103	2445	4.195	1.523
14.666	1.018e-02	-3.166	2385	4.215	1.489
14.666	1.343e-02	-3.233	2320	4.234	1.456
14.666	1.770e-02	-3.313	2246	4.257	1.417
14.666	2.345e-02	-3.436	2129	4.287	1.369
14.666	3.115e-02	-3.616	1960	4.323	1.314
14.666	4.094e-02	-3.855	1741	4.357	1.263
14.666	5.404e-02	-4.097	1542	4.388	1.220
14.666	7.147e-02	-4.331	1368	4.414	1.183
14.666	9.356e-02	-4.537	1231	4.436	1.154
14.666	1.235e-01	-4.738	1109	4.456	1.128
14.666	1.617e-01	-4.923	1006	4.472	1.107
14.666	2.134e-01	-5.103	915	4.487	1.088
14.666	2.794e-01	-5.282	831	4.499	1.073
14.666	3.688e-01	-5.447	761	4.511	1.059
14.666	4.827e-01	-5.597	702	4.520	1.047
14.666	6.372e-01	-5.743	649	4.530	1.036
14.666	8.342e-01	-5.881	602	4.539	1.026
14.666	1.095e+00	-6.011	561	4.547	1.016
14.666	1.439e+00	-6.160	518	4.555	1.006
14.666	1.903e+00	-6.276	487	4.563	0.997
14.666	2.517e+00	-6.411	452	4.571	0.988
14.666	3.322e+00	-6.555	418	4.578	0.980
14.666	4.349e+00	-6.672	392	4.585	0.972
14.666	5.751e+00	-6.814	363	4.592	0.965
14.666	7.592e+00	-6.956	336	4.598	0.958
14.666	9.938e+00	-7.096	311	4.604	0.951
15.190	1.005e-04	-1.632	3247	3.232	4.697
15.190	1.321e-04	-1.728	3216	3.311	4.290
15.190	1.736e-04	-1.824	3178	3.387	3.932
15.190	2.283e-04	-1.919	3140	3.461	3.610
15.190	3.000e-04	-2.011	3104	3.533	3.323
15.190	3.945e-04	-2.102	3068	3.604	3.062
15.190	5.166e-04	-2.191	3033	3.673	2.828
15.190	6.751e-04	-2.280	2996	3.740	2.616
15.190	8.876e-04	-2.369	2962	3.809	2.418
15.190	1.167e-03	-2.468	2907	3.876	2.239
15.190	1.540e-03	-2.569	2847	3.940	2.078
15.190	2.016e-03	-2.662	2790	3.999	1.942
15.190	2.646e-03	-2.752	2733	4.053	1.825
15.190	3.477e-03	-2.836	2674	4.099	1.732
15.190	4.572e-03	-2.911	2614	4.134	1.663
15.190	6.009e-03	-2.968	2567	4.160	1.614
15.190	7.838e-03	-3.013	2530	4.180	1.577
15.190	1.021e-02	-3.058	2493	4.199	1.542
15.190	1.339e-02	-3.126	2432	4.224	1.500
15.190	1.754e-02	-3.231	2331	4.255	1.446
15.190	2.311e-02	-3.397	2173	4.299	1.375
15.190	3.037e-02	-3.632	1951	4.347	1.301
15.190	4.008e-02	-3.935	1678	4.388	1.241
15.190	5.247e-02	-4.184	1480	4.419	1.198
15.190	6.927e-02	-4.405	1322	4.443	1.165
15.190	9.067e-02	-4.597	1197	4.463	1.138
15.190	1.190e-01	-4.774	1092	4.480	1.116
15.190	1.564e-01	-4.947	997	4.495	1.097
15.190	2.056e-01	-5.111	914	4.508	1.081
15.190	2.703e-01	-5.278	835	4.520	1.066
15.190	3.554e-01	-5.432	769	4.530	1.054
15.190	4.670e-01	-5.578	711	4.540	1.042
15.190	6.141e-01	-5.717	660	4.549	1.031
15.190	8.071e-01	-5.853	613	4.557	1.021
15.190	1.053e+00	-5.978	573	4.565	1.012
15.190	1.390e+00	-6.118	531	4.573	1.003
15.190	1.830e+00	-6.240	497	4.581	0.994
15.190	2.421e+00	-6.363	465	4.588	0.985
15.190	3.182e+00	-6.509	430	4.596	0.977
15.190	4.208e+00	-6.632	402	4.603	0.969
15.190	5.554e+00	-6.767	373	4.609	0.962
15.190	7.316e+00	-6.909	345	4.616	0.955
15.190	9.615e+00	-7.048	320	4.622	0.948
15.713	1.007e-04	-1.613	3254	3.232	4.780
15.713	1.323e-04	-1.703	3235	3.311	4.363
15.713	1.740e-04	-1.800	3196	3.387	3.995
15.713	2.287e-04	-1.895	3159	3.462	3.667
15.713	2.983e-04	-1.985	3123	3.532	3.381
15.713	3.915e-04	-2.076	3087	3.603	3.116
15.713	5.127e-04	-2.166	3052	3.672	2.877
15.713	6.665e-04	-2.252	3016	3.739	2.665
15.713	8.709e-04	-2.339	2982	3.806	2.467
15.713	1.145e-03	-2.434	2936	3.874	2.282
15.713	1.505e-03	-2.533	2877	3.938	2.120
15.713	1.975e-03	-2.627	2820	3.997	1.981
15.713	2.596e-03	-2.710	2771	4.049	1.864
15.713	3.427e-03	-2.787	2717	4.093	1.774
15.713	4.486e-03	-2.845	2676	4.123	1.712
15.713	5.888e-03	-2.891	2638	4.145	1.669
15.713	7.739e-03	-2.932	2604	4.164	1.634
15.713	1.017e-02	-2.981	2564	4.186	1.594
15.713	1.337e-02	-3.054	2504	4.218	1.536
15.713	1.765e-02	-3.196	2373	4.266	1.452
15.713	2.311e-02	-3.426	2152	4.326	1.356
15.713	3.056e-02	-3.728	1867	4.382	1.272
15.713	4.041e-02	-4.023	1610	4.420	1.217
15.713	5.271e-02	-4.248	1437	4.446	1.181
15.713	6.958e-02	-4.444	1299	4.468	1.152
15.713	9.109e-02	-4.621	1186	4.486	1.128
15.713	1.196e-01	-4.784	1090	4.501	1.108
15.713	1.571e-01	-4.947	1000	4.515	1.090
15.713	2.066e-01	-5.103	920	4.528	1.075
15.713	2.715e-01	-5.264	844	4.539	1.061
15.713	3.570e-01	-5.415	779	4.549	1.049
15.713	4.675e-01	-5.557	721	4.558	1.037
15.713	6.120e-01	-5.692	671	4.567	1.027
15.713	8.078e-01	-5.829	623	4.576	1.017
15.713	1.058e+00	-5.956	582	4.584	1.008
15.713	1.396e+00	-6.090	541	4.592	0.999
15.713	1.839e+00	-6.218	505	4.599	0.990
15.713	2.432e+00	-6.339	473	4.607	0.981
15.713	3.196e+00	-6.482	437	4.614	0.973
15.713	4.219e+00	-6.606	409	4.621	0.966
15.713	5.557e+00	-6.736	381	4.628	0.958
15.713	7.304e+00	-6.878	352	4.634	0.951
15.713	9.641e+00	-7.018	326	4.640	0.944
16.237	1.031e-04	-1.602	3260	3.238	4.825
16.237	1.361e-04	-1.688	3249	3.318	4.397
16.237	1.782e-04	-1.784	3211	3.394	4.029
16.237	2.352e-04	-1.881	3173	3.470	3.693
16.237	3.079e-04	-1.973	3137	3.542	3.400
16.237	4.065e-04	-2.066	3100	3.614	3.128
16.237	5.321e-04	-2.155	3064	3.684	2.888
16.237	6.984e-04	-2.245	3028	3.753	2.667
16.237	9.178e-04	-2.333	2993	3.821	2.465
16.237	1.197e-03	-2.424	2950	3.886	2.286
16.237	1.556e-03	-2.518	2894	3.947	2.131
16.237	2.043e-03	-2.609	2840	4.005	1.995
16.237	2.685e-03	-2.685	2795	4.053	1.887
16.237	3.530e-03	-2.747	2754	4.090	1.809
16.237	4.639e-03	-2.792	2722	4.115	1.757
16.237	6.051e-03	-2.826	2698	4.133	1.721
16.237	7.942e-03	-2.865	2668	4.153	1.682
16.237	1.040e-02	-2.925	2618	4.180	1.630
16.237	1.370e-02	-3.027	2534	4.225	1.548
16.237	1.812e-02	-3.223	2357	4.295	1.428
16.237	2.401e-02	-3.529	2060	4.367	1.315
16.237	3.163e-02	-3.829	1781	4.415	1.244
16.237	4.142e-02	-4.073	1576	4.445	1.201
16.237	5.422e-02	-4.277	1420	4.469	1.169
16.237	7.117e-02	-4.454	1297	4.489	1.143
16.237	9.319e-02	-4.622	1189	4.505	1.121
16.237	1.220e-01	-4.778	1096	4.520	1.102
16.237	1.613e-01	-4.940	1007	4.534	1.084
16.237	2.104e-01	-5.089	930	4.546	1.069
16.237	2.778e-01	-5.249	854	4.558	1.056
16.237	3.659e-01	-5.400	787	4.568	1.043
16.237	4.809e-01	-5.543	729	4.577	1.032
16.237	6.323e-01	-5.680	677	4.586	1.022
16.237	8.310e-01	-5.815	630	4.594	1.012
16.237	1.084e+00	-5.940	588	4.602	1.003
16.237	1.431e+00	-6.073	548	4.610	0.994
16.237	1.885e+00	-6.203	510	4.617	0.985
16.237	2.477e+00	-6.321	479	4.625	0.977
16.237	3.270e+00	-6.464	443	4.632	0.969
16.237	4.307e+00	-6.589	414	4.639	0.961
16.237	5.661e+00	-6.716	386	4.646	0.954
16.237	7.473e+00	-6.861	356	4.652	0.947
16.237	9.765e+00	-6.994	331	4.658	0.941
16.761	1.012e-04	-1.579	3265	3.231	4.937
16.761	1.325e-04	-1.654	3271	3.310	4.512
16.761	1.732e-04	-1.751	3233	3.386	4.132
16.761	2.277e-04	-1.847	3195	3.462	3.788
16.761	2.982e-04	-1.939	3158	3.534	3.485
16.761	3.896e-04	-2.029	3123	3.604	3.214
16.761	5.123e-04	-2.121	3086	3.675	2.962
16.761	6.733e-04	-2.211	3049	3.745	2.734
16.761	8.852e-04	-2.300	3015	3.814	2.525
16.761	1.163e-03	-2.389	2978	3.881	2.336
16.761	1.518e-03	-2.483	2923	3.943	2.175
16.761	2.003e-03	-2.574	2869	4.001	2.036
16.761	2.622e-03	-2.644	2828	4.046	1.932
16.761	3.461e-03	-2.696	2797	4.080	1.859
16.761	4.523e-03	-2.733	2772	4.101	1.814
16.761	5.900e-03	-2.764	2750	4.118	1.778
16.761	7.788e-03	-2.804	2722	4.141	1.733
16.761	1.026e-02	-2.873	2669	4.175	1.665
16.761	1.348e-02	-3.005	2559	4.234	1.556
16.761	1.748e-02	-3.221	2368	4.315	1.418
16.761	2.312e-02	-3.528	2066	4.386	1.307
16.761	3.015e-02	-3.794	1818	4.429	1.243
16.761	3.980e-02	-4.038	1609	4.460	1.200
16.761	5.210e-02	-4.237	1454	4.484	1.168
16.761	6.877e-02	-4.415	1327	4.504	1.141
16.761	9.003e-02	-4.580	1219	4.520	1.119
16.761	1.172e-01	-4.730	1127	4.535	1.101
16.761	1.547e-01	-4.889	1037	4.549	1.083
16.761	2.026e-01	-5.039	958	4.561	1.068
16.761	2.674e-01	-5.198	880	4.573	1.054
16.761	3.500e-01	-5.345	813	4.583	1.042
16.761	4.594e-01	-5.490	752	4.593	1.030
16.761	6.038e-01	-5.628	698	4.601	1.020
16.761	7.939e-01	-5.764	649	4.610	1.010
16.761	1.043e+00	-5.896	604	4.618	1.000
16.761	1.372e+00	-6.024	564	4.626	0.992
16.761	1.803e+00	-6.159	524	4.633	0.983
16.761	2.380e+00	-6.277	492	4.641	0.975
16.761	3.135e+00	-6.414	456	4.648	0.967
16.761	4.120e+00	-6.545	425	4.655	0.959
16.761	5.439e+00	-6.667	398	4.662	0.951
16.761	7.193e+00	-6.813	367	4.668	0.944
16.761	9.416e+00	-6.946	341	4.674	0.938
17.285	1.023e-04	-1.565	3271	3.234	4.999
17.285	1.343e-04	-1.639	3279	3.313	4.566
17.285	1.765e-04	-1.735	3248	3.391	4.171
17.285	2.321e-04	-1.831	3209	3.467	3.822
17.285	3.050e-04	-1.925	3172	3.541	3.511
17.285	4.010e-04	-2.017	3136	3.613	3.231
17.285	5.271e-04	-2.109	3099	3.684	2.978
17.285	6.875e-04	-2.197	3063	3.752	2.754
17.285	9.075e-04	-2.287	3029	3.822	2.541
17.285	1.188e-03	-2.373	2994	3.888	2.355
17.285	1.559e-03	-2.466	2942	3.950	2.191
17.285	2.049e-03	-2.550	2891	4.004	2.059
17.285	2.673e-03	-2.612	2855	4.044	1.967
17.285	3.528e-03	-2.655	2830	4.072	1.905
17.285	4.611e-03	-2.683	2813	4.090	1.865
17.285	6.014e-03	-2.713	2795	4.108	1.827
17.285	7.954e-03	-2.761	2760	4.135	1.771
17.285	1.046e-02	-2.848	2697	4.182	1.679
17.285	1.383e-02	-3.030	2548	4.266	1.524
17.285	1.818e-02	-3.288	2313	4.355	1.375
17.285	2.399e-02	-3.576	2027	4.414	1.285
17.285	3.160e-02	-3.837	1784	4.453	1.228
17.285	4.154e-02	-4.055	1599	4.481	1.189
17.285	5.461e-02	-4.249	1449	4.504	1.159
17.285	7.152e-02	-4.416	1331	4.522	1.134
17.285	9.362e-02	-4.578	1224	4.539	1.113
17.285	1.229e-01	-4.730	1131	4.554	1.094
17.285	1.615e-01	-4.884	1043	4.567	1.077
17.285	2.123e-01	-5.035	963	4.580	1.062
17.285	2.791e-01	-5.190	886	4.591	1.048
17.285	3.684e-01	-5.343	817	4.601	1.036
17.285	4.822e-01	-5.486	756	4.611	1.025
17.285	6.366e-01	-5.626	701	4.620	1.014
17.285	8.333e-01	-5.760	652	4.628	1.004
17.285	1.094e+00	-5.891	608	4.636	0.995
17.285	1.437e+00	-6.020	567	4.644	0.986
17.285	1.890e+00	-6.154	527	4.651	0.978
17.285	2.484e+00	-6.271	495	4.658	0.970
17.285	3.279e+00	-6.408	459	4.666	0.962
17.285	4.319e+00	-6.539	427	4.673	0.954
17.285	5.676e+00	-6.660	400	4.679	0.947
17.285	7.507e+00	-6.807	369	4.686	0.940
17.285	9.909e+00	-6.943	342	4.692	0.933
17.809	1.024e-04	-1.549	3276	3.233	5.077
17.809	1.340e-04	-1.622	3285	3.311	4.643
17.809	1.752e-04	-1.709	3267	3.389	4.246
17.809	2.303e-04	-1.807	3227	3.465	3.888
17.809	3.027e-04	-1.901	3190	3.540	3.569
17.809	3.980e-04	-1.994	3154	3.612	3.283
17.809	5.231e-04	-2.086	3117	3.683	3.025
17.809	6.823e-04	-2.174	3081	3.751	2.797
17.809	9.006e-04	-2.263	3046	3.821	2.580
17.809	1.179e-03	-2.349	3012	3.887	2.391
17.809	1.547e-03	-2.437	2967	3.949	2.227
17.809	2.034e-03	-2.518	2918	4.001	2.097
17.809	2.684e-03	-2.575	2885	4.039	2.009
17.809	3.514e-03	-2.610	2864	4.062	1.957
17.809	4.612e-03	-2.637	2849	4.079	1.918
17.809	6.040e-03	-2.668	2831	4.098	1.876
17.809	7.956e-03	-2.721	2797	4.131	1.807
17.809	1.046e-02	-2.832	2717	4.191	1.685
17.809	1.364e-02	-3.034	2556	4.288	1.508
17.809	1.800e-02	-3.286	2323	4.374	1.366
17.809	2.353e-02	-3.554	2054	4.427	1.285
17.809	3.059e-02	-3.787	1836	4.465	1.230
17.809	3.989e-02	-4.004	1646	4.493	1.191
17.809	5.186e-02	-4.190	1498	4.515	1.161
17.809	6.807e-02	-4.361	1373	4.534	1.135
17.809	8.946e-02	-4.524	1262	4.552	1.113
17.809	1.176e-01	-4.678	1165	4.567	1.094
17.809	1.540e-01	-4.829	1077	4.581	1.077
17.809	2.016e-01	-4.976	996	4.593	1.061
17.809	2.647e-01	-5.129	919	4.605	1.047
17.809	3.478e-01	-5.280	847	4.615	1.035
17.809	4.591e-01	-5.431	781	4.625	1.023
17.809	6.048e-01	-5.572	724	4.634	1.012
17.809	7.949e-01	-5.709	672	4.643	1.002
17.809	1.045e+00	-5.843	625	4.651	0.993
17.809	1.369e+00	-5.970	584	4.658	0.984
17.809	1.792e+00	-6.106	542	4.666	0.976
17.809	2.369e+00	-6.226	508	4.673	0.968
17.809	3.134e+00	-6.356	473	4.681	0.959
17.809	4.136e+00	-6.498	438	4.688	0.952
17.809	5.415e+00	-6.610	412	4.694	0.945
17.809	7.161e+00	-6.752	381	4.701	0.937
17.809	9.453e+00	-6.893	353	4.707	0.931
18.332	1.033e-04	-1.535	3282	3.236	5.139
18.332	1.347e-04	-1.607	3290	3.312	4.706
18.332	1.778e-04	-1.693	3281	3.393	4.289
18.332	2.328e-04	-1.789	3242	3.468	3.930
18.332	3.073e-04	-1.886	3204	3.544	3.602
18.332	4.016e-04	-1.976	3169	3.616	3.318
18.332	5.238e-04	-2.066	3132	3.685	3.063
18.332	6.874e-04	-2.156	3096	3.755	2.827
18.332	9.035e-04	-2.244	3062	3.824	2.611
18.332	1.178e-03	-2.328	3029	3.888	2.424
18.332	1.556e-03	-2.412	2990	3.951	2.256
18.332	2.049e-03	-2.489	2943	4.000	2.132
18.332	2.693e-03	-2.538	2915	4.032	2.054
18.332	3.541e-03	-2.569	2897	4.052	2.007
18.332	4.637e-03	-2.594	2882	4.069	1.969
18.332	6.108e-03	-2.629	2862	4.092	1.918
18.332	8.028e-03	-2.692	2824	4.131	1.832
18.332	1.055e-02	-2.838	2720	4.212	1.670
18.332	1.387e-02	-3.055	2550	4.317	1.479
18.332	1.835e-02	-3.298	2320	4.396	1.352
18.332	2.422e-02	-3.566	2048	4.447	1.274
18.332	3.190e-02	-3.802	1826	4.485	1.220
18.332	4.192e-02	-4.016	1641	4.512	1.182
18.332	5.512e-02	-4.204	1492	4.534	1.152
18.332	7.245e-02	-4.372	1369	4.553	1.127
18.332	9.525e-02	-4.533	1260	4.570	1.106
18.332	1.252e-01	-4.685	1165	4.585	1.087
18.332	1.633e-01	-4.832	1078	4.599	1.070
18.332	2.155e-01	-4.983	996	4.611	1.054
18.332	2.817e-01	-5.133	919	4.623	1.041
18.332	3.703e-01	-5.284	848	4.633	1.028
18.332	4.867e-01	-5.433	783	4.643	1.017
18.332	6.425e-01	-5.575	725	4.652	1.006
18.332	8.411e-01	-5.710	674	4.660	0.997
18.332	1.110e+00	-5.846	626	4.668	0.987
18.332	1.453e+00	-5.973	584	4.676	0.979
18.332	1.918e+00	-6.110	543	4.683	0.970
18.332	2.527e+00	-6.230	508	4.691	0.962
18.332	3.321e+00	-6.359	474	4.698	0.954
18.332	4.367e+00	-6.497	440	4.705	0.947
18.332	5.739e+00	-6.611	413	4.711	0.940
18.332	7.590e+00	-6.756	382	4.718	0.933
18.332	9.979e+00	-6.894	354	4.724	0.926
18.856	1.004e-04	-1.513	3286	3.227	5.263
18.856	1.318e-04	-1.586	3295	3.305	4.812
18.856	1.726e-04	-1.661	3301	3.383	4.397
18.856	2.255e-04	-1.757	3263	3.460	4.027
18.856	2.932e-04	-1.849	3226	3.532	3.705
18.856	3.824e-04	-1.940	3191	3.603	3.412
18.856	5.047e-04	-2.034	3153	3.676	3.137
18.856	6.607e-04	-2.124	3116	3.746	2.896
18.856	8.722e-04	-2.213	3082	3.816	2.671
18.856	1.140e-03	-2.297	3049	3.881	2.478
18.856	1.499e-03	-2.377	3016	3.942	2.310
18.856	1.970e-03	-2.449	2975	3.991	2.185
18.856	2.590e-03	-2.496	2948	4.022	2.109
18.856	3.403e-03	-2.524	2931	4.040	2.064
18.856	4.439e-03	-2.549	2917	4.056	2.025
18.856	5.771e-03	-2.583	2897	4.079	1.974
18.856	7.574e-03	-2.649	2858	4.121	1.881
18.856	9.955e-03	-2.802	2755	4.210	1.697
18.856	1.298e-02	-3.008	2597	4.314	1.505
18.856	1.714e-02	-3.232	2392	4.395	1.372
18.856	2.258e-02	-3.494	2123	4.450	1.288
18.856	2.967e-02	-3.713	1914	4.489	1.230
18.856	3.901e-02	-3.938	1711	4.519	1.189
18.856	5.128e-02	-4.127	1556	4.543	1.157
18.856	6.742e-02	-4.302	1423	4.563	1.131
18.856	8.860e-02	-4.463	1310	4.580	1.108
18.856	1.165e-01	-4.617	1210	4.596	1.089
18.856	1.531e-01	-4.768	1118	4.610	1.071
18.856	2.013e-01	-4.916	1034	4.623	1.055
18.856	2.646e-01	-5.067	955	4.635	1.041
18.856	3.479e-01	-5.220	880	4.646	1.028
18.856	4.572e-01	-5.372	811	4.656	1.016
18.856	6.011e-01	-5.513	751	4.665	1.005
18.856	7.900e-01	-5.651	697	4.673	0.995
18.856	1.039e+00	-5.787	648	4.682	0.986
18.856	1.365e+00	-5.918	604	4.690	0.977
18.856	1.795e+00	-6.053	561	4.697	0.969
18.856	2.359e+00	-6.176	525	4.704	0.961
18.856	3.120e+00	-6.302	490	4.712	0.953
18.856	4.118e+00	-6.442	454	4.719	0.945
18.856	5.391e+00	-6.559	426	4.725	0.938
18.856	7.129e+00	-6.694	396	4.732	0.931
18.856	9.411e+00	-6.841	365	4.738	0.924
19.380	1.019e-04	-1.502	3291	3.231	5.311
19.380	1.334e-04	-1.574	3300	3.308	4.861
19.380	1.751e-04	-1.648	3308	3.387	4.441
19.380	2.293e-04	-1.743	3277	3.464	4.062
19.380	2.980e-04	-1.835	3240	3.537	3.735
19.380	3.895e-04	-1.927	3204	3.609	3.437
19.380	5.121e-04	-2.019	3167	3.681	3.163
19.380	6.706e-04	-2.109	3130	3.751	2.919
19.380	8.778e-04	-2.196	3096	3.819	2.699
19.380	1.159e-03	-2.282	3062	3.886	2.499
19.380	1.514e-03	-2.357	3032	3.944	2.339
19.380	1.969e-03	-2.417	3002	3.987	2.225
19.380	2.568e-03	-2.458	2978	4.013	2.158
19.380	3.343e-03	-2.483	2963	4.030	2.117
19.380	4.346e-03	-2.508	2949	4.046	2.077
19.380	5.737e-03	-2.549	2925	4.073	2.015
19.380	7.510e-03	-2.626	2880	4.123	1.902
19.380	9.857e-03	-2.805	2760	4.228	1.685
19.380	1.291e-02	-3.001	2613	4.329	1.500
19.380	1.700e-02	-3.213	2418	4.407	1.372
19.380	2.235e-02	-3.469	2153	4.461	1.289
19.380	2.950e-02	-3.684	1947	4.502	1.230
19.380	3.886e-02	-3.908	1742	4.532	1.187
19.380	5.107e-02	-4.096	1585	4.556	1.155
19.380	6.662e-02	-4.267	1453	4.576	1.129
19.380	8.793e-02	-4.430	1336	4.594	1.106
19.380	1.151e-01	-4.583	1235	4.609	1.087
19.380	1.519e-01	-4.736	1140	4.624	1.068
19.380	1.989e-01	-4.882	1056	4.637	1.053
19.380	2.626e-01	-5.033	975	4.649	1.038
19.380	3.437e-01	-5.184	900	4.660	1.025
19.380	4.537e-01	-5.338	828	4.670	1.013
19.380	5.940e-01	-5.480	767	4.679	1.002
19.380	7.840e-01	-5.621	711	4.688	0.992
19.380	1.026e+00	-5.756	661	4.696	0.983
19.380	1.355e+00	-5.890	615	4.704	0.974
19.380	1.774e+00	-6.021	573	4.712	0.966
19.380	2.345e+00	-6.150	534	4.719	0.958
19.380	3.059e+00	-6.270	500	4.726	0.950
19.380	4.038e+00	-6.406	464	4.733	0.942
19.380	5.287e+00	-6.529	434	4.740	0.935
19.380	6.991e+00	-6.658	405	4.746	0.928
19.380	9.229e+00	-6.807	373	4.753	0.921
19.904	1.030e-04	-1.490	3296	3.234	5.366
19.904	1.343e-04	-1.561	3305	3.309	4.918
19.904	1.773e-04	-1.637	3314	3.390	4.485
19.904	2.336e-04	-1.729	3289	3.469	4.092
19.904	3.070e-04	-1.826	3251	3.545	3.749
19.904	4.029e-04	-1.919	3214	3.619	3.444
19.904	5.276e-04	-2.010	3177	3.690	3.173
19.904	6.907e-04	-2.100	3141	3.760	2.929
19.904	9.118e-04	-2.189	3107	3.830	2.702
19.904	1.194e-03	-2.271	3074	3.893	2.511
19.904	1.567e-03	-2.342	3046	3.948	2.357
19.904	2.059e-03	-2.394	3022	3.987	2.255
19.904	2.707e-03	-2.427	3004	4.009	2.197
19.904	3.558e-03	-2.451	2990	4.025	2.157
19.904	4.678e-03	-2.482	2972	4.045	2.108
19.904	6.148e-03	-2.536	2940	4.081	2.023
19.904	8.115e-03	-2.662	2866	4.162	1.842
19.904	1.061e-02	-2.863	2728	4.277	1.614
19.904	1.394e-02	-3.044	2589	4.368	1.454
19.904	1.833e-02	-3.255	2385	4.437	1.343
19.904	2.419e-02	-3.510	2119	4.486	1.269
19.904	3.167e-02	-3.714	1925	4.523	1.216
19.904	4.180e-02	-3.934	1725	4.552	1.176
19.904	5.462e-02	-4.113	1576	4.575	1.146
19.904	7.182e-02	-4.285	1444	4.594	1.120
19.904	9.405e-02	-4.442	1332	4.611	1.099
19.904	1.231e-01	-4.592	1232	4.627	1.079
19.904	1.616e-01	-4.742	1140	4.641	1.062
19.904	2.124e-01	-4.889	1056	4.654	1.046
19.904	2.770e-01	-5.034	977	4.666	1.032
19.904	3.657e-01	-5.189	900	4.677	1.019
19.904	4.787e-01	-5.340	829	4.687	1.008
19.904	6.319e-01	-5.485	767	4.696	0.997
19.904	8.323e-01	-5.626	711	4.705	0.987
19.904	1.090e+00	-5.760	661	4.713	0.978
19.904	1.427e+00	-5.891	616	4.720	0.969
19.904	1.873e+00	-6.023	573	4.728	0.961
19.904	2.461e+00	-6.149	535	4.735	0.953
19.904	3.236e+00	-6.273	501	4.742	0.945
19.904	4.253e+00	-6.407	465	4.749	0.938
19.904	5.592e+00	-6.530	435	4.756	0.930
19.904	7.396e+00	-6.662	405	4.762	0.923
19.904	9.781e+00	-6.810	373	4.769	0.917
20.428	1.039e-04	-1.479	3301	3.236	5.421
20.428	1.371e-04	-1.553	3310	3.315	4.951
20.428	1.792e-04	-1.625	3319	3.392	4.531
20.428	2.356e-04	-1.713	3303	3.471	4.135
20.428	3.097e-04	-1.810	3265	3.548	3.786
20.428	4.065e-04	-1.904	3228	3.622	3.477
20.428	5.323e-04	-1.995	3191	3.693	3.202
20.428	6.956e-04	-2.084	3155	3.763	2.957
20.428	9.073e-04	-2.169	3122	3.829	2.739
20.428	1.181e-03	-2.248	3091	3.891	2.551
20.428	1.559e-03	-2.318	3063	3.945	2.397
20.428	2.041e-03	-2.364	3044	3.980	2.302
20.428	2.679e-03	-2.391	3031	4.000	2.249
20.428	3.509e-03	-2.414	3019	4.016	2.208
20.428	4.585e-03	-2.446	3001	4.038	2.154
20.428	6.029e-03	-2.507	2966	4.078	2.057
20.428	7.923e-03	-2.650	2881	4.170	1.849
20.428	1.033e-02	-2.840	2755	4.283	1.624
20.428	1.364e-02	-3.017	2621	4.374	1.463
20.428	1.797e-02	-3.221	2427	4.444	1.349
20.428	2.362e-02	-3.472	2162	4.494	1.274
20.428	3.081e-02	-3.666	1976	4.531	1.220
20.428	4.066e-02	-3.885	1773	4.562	1.178
20.428	5.323e-02	-4.067	1618	4.585	1.147
20.428	6.987e-02	-4.240	1481	4.605	1.121
20.428	9.183e-02	-4.400	1365	4.623	1.098
20.428	1.198e-01	-4.551	1263	4.639	1.079
20.428	1.581e-01	-4.702	1167	4.653	1.061
20.428	2.070e-01	-4.848	1081	4.666	1.045
20.428	2.717e-01	-4.995	1000	4.679	1.030
20.428	3.570e-01	-5.147	923	4.690	1.017
20.428	4.694e-01	-5.301	849	4.700	1.005
20.428	6.169e-01	-5.447	785	4.709	0.994
20.428	8.144e-01	-5.589	727	4.718	0.984
20.428	1.066e+00	-5.725	676	4.726	0.975
20.428	1.399e+00	-5.858	629	4.734	0.966
20.428	1.839e+00	-5.990	585	4.742	0.958
20.428	2.418e+00	-6.118	546	4.749	0.950
20.428	3.178e+00	-6.243	510	4.756	0.942
20.428	4.195e+00	-6.375	475	4.763	0.935
20.428	5.491e+00	-6.502	443	4.770	0.928
20.428	7.262e+00	-6.629	413	4.776	0.921
20.428	9.586e+00	-6.777	381	4.783	0.914
20.951	1.022e-04	-1.461	3305	3.231	5.520
20.951	1.333e-04	-1.531	3314	3.307	5.063
20.951	1.750e-04	-1.605	3323	3.385	4.628
20.951	2.299e-04	-1.684	3322	3.464	4.224
20.951	2.999e-04	-1.780	3284	3.539	3.874
20.951	3.959e-04	-1.876	3246	3.615	3.548
20.951	5.174e-04	-1.967	3209	3.687	3.268
20.951	6.726e-04	-2.055	3174	3.755	3.021
20.951	8.744e-04	-2.139	3141	3.821	2.800
20.951	1.140e-03	-2.218	3110	3.883	2.606
20.951	1.485e-03	-2.285	3084	3.934	2.457
20.951	1.960e-03	-2.331	3065	3.970	2.358
20.951	2.566e-03	-2.357	3054	3.990	2.305
20.951	3.341e-03	-2.377	3045	4.005	2.264
20.951	4.410e-03	-2.409	3031	4.028	2.205
20.951	5.810e-03	-2.473	2993	4.071	2.099
20.951	7.636e-03	-2.628	2901	4.172	1.869
20.951	1.004e-02	-2.816	2782	4.287	1.638
20.951	1.319e-02	-2.986	2655	4.376	1.478
20.951	1.721e-02	-3.172	2483	4.445	1.365
20.951	2.248e-02	-3.416	2224	4.498	1.285
20.951	2.960e-02	-3.608	2037	4.538	1.227
20.951	3.875e-02	-3.821	1835	4.569	1.183
20.951	5.115e-02	-4.015	1666	4.594	1.149
20.951	6.696e-02	-4.186	1527	4.615	1.122
20.951	8.788e-02	-4.348	1405	4.633	1.099
20.951	1.151e-01	-4.502	1298	4.649	1.079
20.951	1.507e-01	-4.650	1203	4.664	1.061
20.951	1.989e-01	-4.800	1112	4.678	1.044
20.951	2.603e-01	-4.945	1030	4.690	1.029
20.951	3.436e-01	-5.098	949	4.702	1.016
20.951	4.527e-01	-5.252	875	4.712	1.003
20.951	5.949e-01	-5.402	806	4.722	0.992
20.951	7.822e-01	-5.544	747	4.731	0.982
20.951	1.024e+00	-5.681	694	4.739	0.973
20.951	1.341e+00	-5.814	645	4.747	0.964
20.951	1.770e+00	-5.949	600	4.755	0.956
20.951	2.317e+00	-6.076	560	4.762	0.948
20.951	3.059e+00	-6.204	522	4.769	0.940
20.951	4.004e+00	-6.329	488	4.776	0.933
20.951	5.285e+00	-6.466	453	4.783	0.925
20.951	6.962e+00	-6.585	424	4.789	0.918
20.951	9.207e+00	-6.730	392	4.796	0.912
23.046	1.013e-04	-1.408	3323	3.229	5.803
23.046	1.332e-04	-1.480	3331	3.305	5.317
23.046	1.751e-04	-1.553	3340	3.383	4.863
23.046	2.293e-04	-1.626	3349	3.460	4.448
23.046	3.002e-04	-1.708	3341	3.539	4.065
23.046	3.970e-04	-1.807	3301	3.617	3.713
23.046	5.178e-04	-1.899	3264	3.689	3.417
23.046	6.796e-04	-1.990	3228	3.761	3.148
23.046	8.899e-04	-2.074	3195	3.827	2.915
23.046	1.165e-03	-2.147	3166	3.885	2.729
23.046	1.529e-03	-2.199	3146	3.925	2.606
23.046	2.010e-03	-2.227	3135	3.947	2.540
23.046	2.621e-03	-2.246	3127	3.962	2.497
23.046	3.460e-03	-2.273	3116	3.982	2.439
23.046	4.530e-03	-2.319	3098	4.019	2.338
23.046	5.945e-03	-2.446	3039	4.112	2.101
23.046	7.555e-03	-2.618	2936	4.224	1.847
23.046	9.973e-03	-2.769	2855	4.326	1.641
23.046	1.314e-02	-2.924	2742	4.411	1.488
23.046	1.720e-02	-3.088	2598	4.481	1.373
23.046	2.252e-02	-3.311	2359	4.537	1.288
23.046	2.978e-02	-3.515	2149	4.579	1.227
23.046	3.916e-02	-3.709	1961	4.613	1.179
23.046	5.147e-02	-3.911	1773	4.640	1.143
23.046	6.793e-02	-4.085	1624	4.663	1.114
23.046	8.893e-02	-4.250	1494	4.682	1.090
23.046	1.174e-01	-4.411	1375	4.699	1.068
23.046	1.534e-01	-4.557	1275	4.714	1.050
23.046	2.001e-01	-4.702	1183	4.728	1.033
23.046	2.641e-01	-4.847	1096	4.741	1.018
23.046	3.458e-01	-4.995	1013	4.753	1.004
23.046	4.538e-01	-5.147	934	4.764	0.991
23.046	5.965e-01	-5.304	859	4.774	0.980
23.046	7.873e-01	-5.449	794	4.784	0.970
23.046	1.031e+00	-5.589	736	4.792	0.960
23.046	1.360e+00	-5.730	682	4.800	0.951
23.046	1.781e+00	-5.862	635	4.808	0.943
23.046	2.351e+00	-5.997	590	4.815	0.935
23.046	3.072e+00	-6.121	551	4.822	0.927
23.046	4.007e+00	-6.245	515	4.829	0.920
23.046	5.300e+00	-6.380	479	4.836	0.913
23.046	6.968e+00	-6.502	448	4.842	0.906
23.046	9.215e+00	-6.637	416	4.849	0.899
25.142	1.034e-04	-1.365	3346	3.236	6.015
25.142	1.353e-04	-1.438	3348	3.310	5.524
25.142	1.776e-04	-1.509	3357	3.386	5.061
25.142	2.334e-04	-1.583	3365	3.464	4.628
25.142	3.044e-04	-1.654	3375	3.540	4.237
25.142	3.958e-04	-1.741	3354	3.616	3.883
25.142	5.194e-04	-1.836	3316	3.691	3.561
25.142	6.827e-04	-1.928	3279	3.763	3.277
25.142	8.976e-04	-2.010	3247	3.829	3.040
25.142	1.180e-03	-2.073	3223	3.879	2.871
25.142	1.539e-03	-2.109	3208	3.907	2.779
25.142	2.020e-03	-2.130	3200	3.923	2.727
25.142	2.654e-03	-2.151	3191	3.940	2.675
25.142	3.504e-03	-2.188	3177	3.968	2.588
25.142	4.587e-03	-2.270	3145	4.033	2.402
25.142	6.038e-03	-2.452	3064	4.170	2.053
25.142	7.887e-03	-2.608	2978	4.276	1.816
25.142	1.041e-02	-2.739	2916	4.371	1.629
25.142	1.371e-02	-2.883	2812	4.452	1.484
25.142	1.802e-02	-3.040	2673	4.521	1.370
25.142	2.351e-02	-3.230	2473	4.576	1.286
25.142	3.086e-02	-3.446	2239	4.619	1.224
25.142	4.055e-02	-3.617	2071	4.655	1.175
25.142	5.353e-02	-3.825	1868	4.684	1.136
25.142	7.008e-02	-4.000	1712	4.707	1.106
25.142	9.250e-02	-4.170	1571	4.728	1.080
25.142	1.211e-01	-4.329	1448	4.745	1.058
25.142	1.589e-01	-4.481	1339	4.761	1.039
25.142	2.089e-01	-4.630	1240	4.776	1.021
25.142	2.746e-01	-4.775	1149	4.789	1.006
25.142	3.596e-01	-4.921	1064	4.802	0.992
25.142	4.708e-01	-5.070	983	4.813	0.979
25.142	6.179e-01	-5.223	905	4.823	0.967
25.142	8.121e-01	-5.372	836	4.833	0.957
25.142	1.068e+00	-5.517	773	4.842	0.947
25.142	1.403e+00	-5.659	716	4.850	0.938
25.142	1.830e+00	-5.792	666	4.857	0.930
25.142	2.416e+00	-5.929	618	4.865	0.922
25.142	3.158e+00	-6.055	577	4.872	0.915
25.142	4.152e+00	-6.186	537	4.879	0.907
25.142	5.456e+00	-6.314	501	4.885	0.901
25.142	7.216e+00	-6.443	467	4.892	0.894
25.142	9.525e+00	-6.574	434	4.898	0.887
27.237	1.017e-04	-1.316	3368	3.233	6.279
27.237	1.327e-04	-1.389	3367	3.305	5.779
27.237	1.741e-04	-1.462	3371	3.380	5.302
27.237	2.280e-04	-1.533	3380	3.456	4.859
27.237	2.985e-04	-1.605	3390	3.533	4.448
27.237	3.918e-04	-1.678	3400	3.611	4.064
27.237	5.130e-04	-1.772	3366	3.688	3.721
27.237	6.716e-04	-1.862	3329	3.759	3.427
27.237	8.865e-04	-1.941	3299	3.823	3.186
27.237	1.161e-03	-1.994	3279	3.865	3.036
27.237	1.532e-03	-2.023	3268	3.887	2.958
27.237	2.002e-03	-2.041	3260	3.902	2.909
27.237	2.643e-03	-2.067	3250	3.923	2.840
27.237	3.459e-03	-2.117	3230	3.962	2.715
27.237	4.566e-03	-2.257	3178	4.073	2.389
27.237	6.015e-03	-2.425	3106	4.202	2.059
27.237	7.906e-03	-2.565	3039	4.304	1.831
27.237	1.039e-02	-2.684	2990	4.394	1.651
27.237	1.361e-02	-2.814	2904	4.473	1.507
27.237	1.782e-02	-2.966	2768	4.542	1.391
27.237	2.339e-02	-3.147	2581	4.601	1.300
27.237	3.074e-02	-3.348	2362	4.648	1.231
27.237	4.065e-02	-3.516	2193	4.687	1.178
27.237	5.366e-02	-3.717	1990	4.720	1.134
27.237	7.068e-02	-3.909	1808	4.746	1.101
27.237	9.290e-02	-4.074	1666	4.768	1.074
27.237	1.221e-01	-4.240	1530	4.786	1.050
27.237	1.599e-01	-4.396	1412	4.803	1.031
27.237	2.094e-01	-4.541	1310	4.818	1.013
27.237	2.748e-01	-4.687	1214	4.832	0.997
27.237	3.612e-01	-4.832	1125	4.845	0.982
27.237	4.749e-01	-4.984	1039	4.857	0.969
27.237	6.219e-01	-5.133	959	4.868	0.957
27.237	8.127e-01	-5.283	885	4.877	0.946
27.237	1.060e+00	-5.427	819	4.886	0.936
27.237	1.399e+00	-5.574	756	4.895	0.927
27.237	1.829e+00	-5.712	701	4.903	0.919
27.237	2.377e+00	-5.843	653	4.910	0.911
27.237	3.101e+00	-5.972	608	4.917	0.904
27.237	4.093e+00	-6.106	566	4.924	0.897
27.237	5.358e+00	-6.233	528	4.931	0.890
27.237	7.086e+00	-6.365	491	4.937	0.883
27.237	9.316e+00	-6.489	459	4.943	0.877
29.332	1.019e-04	-1.276	3389	3.236	6.496
29.332	1.338e-04	-1.350	3388	3.309	5.972
29.332	1.758e-04	-1.425	3387	3.384	5.481
29.332	2.311e-04	-1.497	3394	3.459	5.023
29.332	3.027e-04	-1.568	3404	3.536	4.602
29.332	3.962e-04	-1.639	3416	3.613	4.211
29.332	5.201e-04	-1.719	3411	3.691	3.850
29.332	6.835e-04	-1.810	3374	3.762	3.544
29.332	8.915e-04	-1.879	3348	3.818	3.325
29.332	1.177e-03	-1.922	3331	3.852	3.196
29.332	1.541e-03	-1.944	3323	3.869	3.133
29.332	2.022e-03	-1.964	3315	3.885	3.076
29.332	2.657e-03	-1.997	3302	3.912	2.984
29.332	3.508e-03	-2.079	3269	3.976	2.770
29.332	4.406e-03	-2.223	3216	4.092	2.425
29.332	5.790e-03	-2.373	3160	4.212	2.113
29.332	7.600e-03	-2.503	3105	4.311	1.884
29.332	9.988e-03	-2.616	3064	4.401	1.700
29.332	1.303e-02	-2.732	3000	4.480	1.551
29.332	1.720e-02	-2.887	2862	4.554	1.425
29.332	2.265e-02	-3.046	2709	4.616	1.326
29.332	2.977e-02	-3.224	2519	4.668	1.249
29.332	3.930e-02	-3.414	2313	4.711	1.189
29.332	5.177e-02	-3.573	2155	4.747	1.141
29.332	6.846e-02	-3.786	1940	4.777	1.102
29.332	8.998e-02	-3.962	1777	4.801	1.073
29.332	1.174e-01	-4.123	1638	4.821	1.048
29.332	1.549e-01	-4.291	1504	4.839	1.026
29.332	2.028e-01	-4.441	1392	4.855	1.008
29.332	2.662e-01	-4.586	1291	4.870	0.991
29.332	3.486e-01	-4.730	1198	4.883	0.975
29.332	4.563e-01	-4.876	1109	4.896	0.962
29.332	5.989e-01	-5.027	1023	4.907	0.949
29.332	7.871e-01	-5.180	943	4.918	0.937
29.332	1.035e+00	-5.330	870	4.927	0.927
29.332	1.355e+00	-5.477	803	4.936	0.918
29.332	1.774e+00	-5.621	743	4.944	0.909
29.332	2.329e+00	-5.759	689	4.952	0.901
29.332	3.060e+00	-5.897	639	4.959	0.894
29.332	4.024e+00	-6.026	596	4.966	0.887
29.332	5.288e+00	-6.161	553	4.973	0.880
29.332	6.981e+00	-6.290	516	4.979	0.873
29.332	9.138e+00	-6.413	482	4.986	0.867
31.427	1.017e-04	-1.238	3408	3.238	6.707
31.427	1.332e-04	-1.310	3407	3.310	6.177
31.427	1.741e-04	-1.383	3406	3.382	5.684
31.427	2.271e-04	-1.456	3407	3.455	5.228
31.427	2.956e-04	-1.524	3417	3.528	4.803
31.427	3.880e-04	-1.595	3428	3.605	4.396
31.427	5.081e-04	-1.666	3439	3.682	4.027
31.427	6.640e-04	-1.745	3422	3.752	3.711
31.427	8.731e-04	-1.813	3396	3.807	3.486
31.427	1.147e-03	-1.849	3382	3.836	3.371
31.427	1.497e-03	-1.869	3375	3.851	3.311
31.427	1.976e-03	-1.891	3366	3.870	3.243
31.427	2.602e-03	-1.933	3350	3.903	3.121
31.427	3.420e-03	-2.048	3304	3.994	2.809
31.427	4.247e-03	-2.184	3255	4.104	2.474
31.427	5.606e-03	-2.329	3202	4.220	2.166
31.427	7.338e-03	-2.444	3168	4.317	1.937
31.427	9.687e-03	-2.557	3129	4.408	1.745
31.427	1.266e-02	-2.665	3079	4.489	1.590
31.427	1.664e-02	-2.811	2955	4.563	1.459
31.427	2.187e-02	-2.960	2813	4.627	1.356
31.427	2.876e-02	-3.126	2640	4.683	1.271
31.427	3.780e-02	-3.300	2453	4.729	1.205
31.427	4.999e-02	-3.471	2275	4.769	1.152
31.427	6.572e-02	-3.653	2088	4.802	1.108
31.427	8.638e-02	-3.846	1898	4.829	1.075
31.427	1.140e-01	-4.015	1745	4.852	1.047
31.427	1.493e-01	-4.179	1606	4.871	1.023
31.427	1.970e-01	-4.345	1474	4.889	1.003
31.427	2.579e-01	-4.489	1369	4.904	0.985
31.427	3.385e-01	-4.635	1269	4.919	0.969
31.427	4.449e-01	-4.780	1176	4.932	0.955
31.427	5.850e-01	-4.933	1085	4.944	0.941
31.427	7.688e-01	-5.085	1000	4.955	0.929
31.427	1.011e+00	-5.237	922	4.965	0.918
31.427	1.329e+00	-5.389	849	4.975	0.909
31.427	1.747e+00	-5.538	783	4.983	0.900
31.427	2.287e+00	-5.680	725	4.991	0.892
31.427	2.994e+00	-5.817	673	4.998	0.884
31.427	3.953e+00	-5.952	625	5.005	0.877
31.427	5.174e+00	-6.088	580	5.012	0.870
31.427	6.830e+00	-6.217	541	5.019	0.864
31.427	8.997e+00	-6.343	505	5.025	0.857
34.570	1.016e-04	-1.187	3437	3.243	6.995
34.570	1.336e-04	-1.259	3434	3.314	6.448
34.570	1.755e-04	-1.333	3433	3.387	5.931
34.570	2.290e-04	-1.405	3431	3.458	5.461
34.570	2.981e-04	-1.475	3436	3.531	5.025
34.570	3.913e-04	-1.545	3447	3.606	4.606
34.570	5.124e-04	-1.614	3458	3.680	4.229
34.570	6.696e-04	-1.675	3467	3.747	3.918
34.570	8.804e-04	-1.724	3463	3.793	3.713
34.570	1.157e-03	-1.752	3453	3.815	3.620
34.570	1.521e-03	-1.771	3445	3.831	3.555
34.570	1.999e-03	-1.801	3434	3.855	3.458
34.570	2.639e-03	-1.870	3407	3.911	3.243
34.570	3.344e-03	-2.016	3351	4.028	2.834
34.570	4.423e-03	-2.171	3295	4.154	2.451
34.570	5.769e-03	-2.295	3251	4.255	2.183
34.570	7.615e-03	-2.394	3247	4.351	1.954
34.570	1.007e-02	-2.504	3209	4.441	1.762
34.570	1.318e-02	-2.615	3153	4.521	1.606
34.570	1.730e-02	-2.752	3039	4.594	1.477
34.570	2.274e-02	-2.897	2901	4.659	1.371
34.570	2.990e-02	-3.040	2761	4.716	1.283
34.570	3.954e-02	-3.210	2578	4.766	1.211
34.570	5.197e-02	-3.379	2396	4.808	1.154
34.570	6.779e-02	-3.531	2240	4.843	1.109
34.570	8.965e-02	-3.732	2031	4.874	1.070
34.570	1.183e-01	-3.911	1859	4.900	1.039
34.570	1.549e-01	-4.074	1713	4.921	1.014
34.570	2.033e-01	-4.243	1571	4.939	0.992
34.570	2.672e-01	-4.397	1452	4.956	0.974
34.570	3.513e-01	-4.542	1347	4.971	0.957
34.570	4.618e-01	-4.690	1248	4.985	0.941
34.570	6.095e-01	-4.842	1151	4.998	0.927
34.570	8.029e-01	-4.997	1060	5.010	0.915
34.570	1.051e+00	-5.146	979	5.020	0.904
34.570	1.374e+00	-5.297	902	5.030	0.894
34.570	1.807e+00	-5.450	831	5.039	0.885
34.570	2.374e+00	-5.599	766	5.047	0.877
34.570	3.122e+00	-5.741	709	5.055	0.869
34.570	4.103e+00	-5.877	658	5.062	0.862
34.570	5.416e+00	-6.014	611	5.069	0.855
34.570	7.090e+00	-6.146	568	5.075	0.849
34.570	9.376e+00	-6.275	529	5.082	0.842
36.665	1.004e-04	-1.152	3458	3.244	7.196
36.665	1.312e-04	-1.223	3452	3.312	6.655
36.665	1.725e-04	-1.296	3450	3.384	6.128
36.665	2.267e-04	-1.370	3449	3.457	5.633
36.665	2.956e-04	-1.442	3448	3.529	5.185
36.665	3.880e-04	-1.511	3458	3.603	4.760
36.665	5.100e-04	-1.579	3469	3.677	4.373
36.665	6.732e-04	-1.639	3478	3.741	4.059
36.665	8.812e-04	-1.675	3486	3.781	3.878
36.665	1.157e-03	-1.694	3490	3.801	3.789
36.665	1.515e-03	-1.711	3489	3.818	3.715
36.665	1.983e-03	-1.746	3476	3.847	3.596
36.665	2.617e-03	-1.840	3439	3.922	3.296
36.665	3.313e-03	-1.993	3381	4.047	2.857
36.665	4.318e-03	-2.134	3332	4.161	2.505
36.665	5.676e-03	-2.255	3291	4.262	2.230
36.665	7.462e-03	-2.346	3298	4.355	2.002
36.665	9.807e-03	-2.451	3267	4.444	1.808
36.665	1.289e-02	-2.564	3209	4.527	1.644
36.665	1.695e-02	-2.695	3106	4.601	1.509
36.665	2.237e-02	-2.835	2979	4.668	1.397
36.665	2.928e-02	-2.971	2848	4.726	1.306
36.665	3.844e-02	-3.124	2688	4.779	1.230
36.665	5.052e-02	-3.284	2516	4.824	1.168
36.665	6.589e-02	-3.451	2335	4.861	1.118
36.665	8.698e-02	-3.620	2162	4.895	1.075
36.665	1.146e-01	-3.808	1971	4.923	1.041
36.665	1.506e-01	-3.977	1812	4.947	1.013
36.665	1.980e-01	-4.144	1666	4.967	0.990
36.665	2.602e-01	-4.312	1528	4.985	0.970
36.665	3.421e-01	-4.458	1418	5.001	0.952
36.665	4.480e-01	-4.604	1314	5.015	0.936
36.665	5.865e-01	-4.750	1218	5.029	0.922
36.665	7.697e-01	-4.904	1122	5.041	0.909
36.665	1.012e+00	-5.055	1035	5.052	0.898
36.665	1.320e+00	-5.204	956	5.062	0.887
36.665	1.742e+00	-5.361	878	5.072	0.878
36.665	2.280e+00	-5.510	810	5.080	0.869
36.665	3.010e+00	-5.660	746	5.088	0.861
36.665	3.933e+00	-5.797	692	5.095	0.854
36.665	5.130e+00	-5.928	645	5.102	0.848
36.665	6.772e+00	-6.068	597	5.109	0.841
36.665	8.921e+00	-6.199	556	5.115	0.835
39.807	1.019e-04	-1.111	3488	3.254	7.411
39.807	1.345e-04	-1.186	3478	3.324	6.842
39.807	1.761e-04	-1.257	3474	3.393	6.321
39.807	2.311e-04	-1.329	3473	3.464	5.820
39.807	3.026e-04	-1.401	3472	3.536	5.356
39.807	3.962e-04	-1.472	3475	3.608	4.929
39.807	5.230e-04	-1.538	3486	3.679	4.543
39.807	6.889e-04	-1.589	3494	3.735	4.263
39.807	9.021e-04	-1.616	3500	3.765	4.119
39.807	1.181e-03	-1.631	3503	3.781	4.040
39.807	1.550e-03	-1.649	3507	3.801	3.949
39.807	2.037e-03	-1.685	3515	3.841	3.770
39.807	2.638e-03	-1.814	3479	3.952	3.318
39.807	3.394e-03	-1.968	3423	4.078	2.872
39.807	4.444e-03	-2.102	3375	4.187	2.532
39.807	5.866e-03	-2.213	3350	4.286	2.259
39.807	7.727e-03	-2.302	3359	4.379	2.029
39.807	1.015e-02	-2.400	3340	4.468	1.832
39.807	1.325e-02	-2.517	3270	4.548	1.671
39.807	1.748e-02	-2.643	3177	4.623	1.532
39.807	2.289e-02	-2.770	3068	4.690	1.420
39.807	3.027e-02	-2.910	2932	4.752	1.322
39.807	3.980e-02	-3.042	2805	4.807	1.241
39.807	5.263e-02	-3.206	2627	4.856	1.172
39.807	6.917e-02	-3.375	2442	4.898	1.117
39.807	9.095e-02	-3.535	2271	4.933	1.073
39.807	1.203e-01	-3.722	2077	4.964	1.035
39.807	1.581e-01	-3.895	1908	4.989	1.005
39.807	2.062e-01	-4.057	1759	5.011	0.981
39.807	2.722e-01	-4.232	1608	5.030	0.959
39.807	3.563e-01	-4.383	1488	5.047	0.941
39.807	4.703e-01	-4.534	1377	5.062	0.925
39.807	6.146e-01	-4.679	1277	5.076	0.910
39.807	8.017e-01	-4.828	1181	5.088	0.897
39.807	1.058e+00	-4.982	1088	5.100	0.885
39.807	1.385e+00	-5.131	1004	5.111	0.874
39.807	1.829e+00	-5.289	922	5.121	0.864
39.807	2.394e+00	-5.441	849	5.129	0.856
39.807	3.160e+00	-5.595	781	5.138	0.848
39.807	4.129e+00	-5.735	723	5.145	0.841
39.807	5.386e+00	-5.869	672	5.152	0.834
39.807	7.069e+00	-6.008	623	5.158	0.828
39.807	9.291e+00	-6.142	579	5.165	0.821
41.903	1.045e-04	-1.089	3509	3.265	7.510
41.903	1.374e-04	-1.163	3496	3.333	6.948
41.903	1.806e-04	-1.236	3489	3.402	6.417
41.903	2.375e-04	-1.308	3488	3.473	5.911
41.903	3.121e-04	-1.381	3488	3.546	5.438
41.903	4.071e-04	-1.450	3488	3.615	5.017
41.903	5.373e-04	-1.513	3497	3.682	4.645
41.903	7.078e-04	-1.557	3504	3.730	4.396
41.903	9.303e-04	-1.579	3508	3.754	4.275
41.903	1.213e-03	-1.594	3511	3.770	4.199
41.903	1.602e-03	-1.615	3516	3.794	4.086
41.903	2.110e-03	-1.664	3527	3.848	3.838
41.903	2.638e-03	-1.791	3506	3.965	3.353
41.903	3.489e-03	-1.954	3448	4.099	2.875
41.903	4.551e-03	-2.082	3402	4.204	2.548
41.903	5.973e-03	-2.185	3387	4.299	2.283
41.903	7.850e-03	-2.273	3396	4.391	2.053
41.903	1.024e-02	-2.363	3389	4.478	1.859
41.903	1.352e-02	-2.489	3308	4.562	1.688
41.903	1.780e-02	-2.611	3219	4.636	1.549
41.903	2.331e-02	-2.734	3116	4.703	1.434
41.903	3.071e-02	-2.867	2992	4.766	1.335
41.903	4.036e-02	-2.993	2874	4.822	1.251
41.903	5.328e-02	-3.152	2702	4.873	1.179
41.903	7.018e-02	-3.313	2525	4.917	1.121
41.903	9.224e-02	-3.483	2339	4.954	1.074
41.903	1.213e-01	-3.648	2168	4.986	1.035
41.903	1.588e-01	-3.825	1988	5.013	1.004
41.903	2.079e-01	-3.992	1830	5.036	0.977
41.903	2.744e-01	-4.166	1675	5.057	0.955
41.903	3.586e-01	-4.325	1544	5.074	0.936
41.903	4.715e-01	-4.473	1430	5.090	0.919
41.903	6.197e-01	-4.622	1324	5.104	0.904
41.903	8.148e-01	-4.774	1222	5.118	0.890
41.903	1.071e+00	-4.926	1128	5.130	0.878
41.903	1.408e+00	-5.077	1040	5.141	0.867
41.903	1.850e+00	-5.233	956	5.151	0.857
41.903	2.433e+00	-5.389	879	5.160	0.848
41.903	3.198e+00	-5.544	808	5.168	0.840
41.903	4.204e+00	-5.690	746	5.176	0.832
41.903	5.525e+00	-5.829	691	5.183	0.825
41.903	7.265e+00	-5.969	640	5.190	0.819
41.903	9.548e+00	-6.105	594	5.196	0.813
45.045	1.023e-04	-1.041	3548	3.267	7.772
45.045	1.350e-04	-1.119	3525	3.334	7.193
45.045	1.767e-04	-1.191	3514	3.401	6.659
45.045	2.333e-04	-1.265	3509	3.471	6.140
45.045	3.048e-04	-1.334	3509	3.541	5.667
45.045	4.008e-04	-1.404	3510	3.611	5.227
45.045	5.248e-04	-1.465	3511	3.673	4.871
45.045	6.871e-04	-1.503	3516	3.714	4.644
45.045	9.069e-04	-1.523	3520	3.735	4.531
45.045	1.185e-03	-1.538	3522	3.751	4.449
45.045	1.564e-03	-1.561	3528	3.777	4.317
45.045	2.048e-03	-1.617	3541	3.840	4.019
45.045	2.663e-03	-1.761	3544	3.985	3.398
45.045	3.381e-03	-1.896	3498	4.097	2.987
45.045	4.426e-03	-2.025	3452	4.203	2.643
45.045	5.809e-03	-2.128	3438	4.299	2.368
45.045	7.635e-03	-2.214	3449	4.391	2.130
45.045	9.959e-03	-2.298	3456	4.478	1.927
45.045	1.315e-02	-2.421	3383	4.564	1.745
45.045	1.732e-02	-2.544	3293	4.640	1.599
45.045	2.268e-02	-2.660	3204	4.709	1.477
45.045	2.963e-02	-2.778	3103	4.772	1.374
45.045	3.865e-02	-2.903	2986	4.829	1.286
45.045	5.102e-02	-3.035	2857	4.885	1.206
45.045	6.668e-02	-3.192	2683	4.932	1.142
45.045	8.697e-02	-3.353	2503	4.973	1.090
45.045	1.148e-01	-3.520	2321	5.009	1.046
45.045	1.503e-01	-3.687	2146	5.040	1.009
45.045	1.988e-01	-3.864	1968	5.066	0.979
45.045	2.613e-01	-4.033	1809	5.089	0.954
45.045	3.434e-01	-4.205	1657	5.108	0.932
45.045	4.533e-01	-4.363	1528	5.126	0.914
45.045	5.935e-01	-4.512	1415	5.141	0.898
45.045	7.834e-01	-4.664	1307	5.156	0.883
45.045	1.026e+00	-4.814	1208	5.168	0.870
45.045	1.346e+00	-4.964	1115	5.180	0.859
45.045	1.769e+00	-5.118	1027	5.191	0.848
45.045	2.307e+00	-5.270	946	5.200	0.839
45.045	3.046e+00	-5.430	868	5.209	0.830
45.045	3.987e+00	-5.582	798	5.217	0.823
45.045	5.263e+00	-5.728	737	5.225	0.816
45.045	6.890e+00	-5.866	684	5.232	0.809
45.045	9.043e+00	-6.006	633	5.238	0.803
47.140	1.009e-04	-1.011	3572	3.268	7.937
47.140	1.318e-04	-1.086	3549	3.332	7.372
47.140	1.720e-04	-1.159	3532	3.397	6.840
47.140	2.270e-04	-1.233	3523	3.467	6.314
47.140	2.971e-04	-1.302	3523	3.536	5.832
47.140	3.922e-04	-1.372	3524	3.606	5.381
47.140	5.135e-04	-1.431	3524	3.665	5.027
47.140	6.778e-04	-1.470	3525	3.704	4.804
47.140	8.873e-04	-1.488	3527	3.723	4.699
47.140	1.165e-03	-1.503	3530	3.740	4.612
47.140	1.531e-03	-1.527	3535	3.767	4.472
47.140	2.012e-03	-1.590	3549	3.836	4.126
47.140	2.645e-03	-1.732	3573	3.990	3.457
47.140	3.477e-03	-1.883	3521	4.116	2.992
47.140	4.570e-03	-2.011	3476	4.221	2.650
47.140	5.961e-03	-2.105	3472	4.313	2.383
47.140	7.869e-03	-2.193	3483	4.406	2.141
47.140	1.030e-02	-2.277	3491	4.494	1.934
47.140	1.352e-02	-2.399	3415	4.578	1.757
47.140	1.770e-02	-2.518	3327	4.653	1.612
47.140	2.318e-02	-2.632	3243	4.721	1.490
47.140	3.042e-02	-2.748	3148	4.786	1.383
47.140	3.998e-02	-2.873	3032	4.846	1.290
47.140	5.277e-02	-3.002	2908	4.903	1.209
47.140	6.896e-02	-3.156	2738	4.951	1.143
47.140	9.067e-02	-3.316	2559	4.995	1.088
47.140	1.192e-01	-3.485	2372	5.031	1.043
47.140	1.567e-01	-3.648	2200	5.063	1.005
47.140	2.059e-01	-3.823	2020	5.090	0.974
47.140	2.686e-01	-3.987	1862	5.113	0.949
47.140	3.545e-01	-4.161	1705	5.134	0.927
47.140	4.641e-01	-4.319	1573	5.151	0.908
47.140	6.127e-01	-4.474	1452	5.167	0.891
47.140	8.020e-01	-4.621	1345	5.182	0.877
47.140	1.053e+00	-4.773	1241	5.195	0.864
47.140	1.378e+00	-4.922	1147	5.207	0.852
47.140	1.805e+00	-5.072	1059	5.218	0.841
47.140	2.387e+00	-5.233	971	5.228	0.831
47.140	3.138e+00	-5.391	891	5.237	0.823
47.140	4.124e+00	-5.548	818	5.245	0.815
47.140	5.422e+00	-5.694	755	5.253	0.808
47.140	7.100e+00	-5.834	700	5.260	0.802
47.140	9.295e+00	-5.973	648	5.266	0.796
50.283	1.040e-04	-0.982	3603	3.283	8.062
50.283	1.373e-04	-1.060	3578	3.348	7.474
50.283	1.797e-04	-1.136	3556	3.414	6.934
50.283	2.373e-04	-1.210	3545	3.482	6.407
50.283	3.106e-04	-1.278	3543	3.549	5.931
50.283	4.108e-04	-1.344	3544	3.616	5.494
50.283	5.401e-04	-1.395	3544	3.667	5.179
50.283	7.072e-04	-1.423	3544	3.695	5.014
50.283	9.258e-04	-1.439	3544	3.711	4.924
50.283	1.215e-03	-1.457	3544	3.729	4.820
50.283	1.597e-03	-1.492	3548	3.765	4.625
50.283	2.108e-03	-1.593	3572	3.878	4.062
50.283	2.777e-03	-1.724	3602	4.024	3.432
50.283	3.650e-03	-1.867	3554	4.143	2.992
50.283	4.799e-03	-1.990	3510	4.246	2.661
50.283	6.284e-03	-2.077	3522	4.338	2.391
50.283	8.212e-03	-2.161	3533	4.428	2.157
50.283	1.071e-02	-2.249	3531	4.514	1.953
50.283	1.414e-02	-2.369	3460	4.599	1.772
50.283	1.851e-02	-2.487	3373	4.673	1.626
50.283	2.443e-02	-2.603	3287	4.744	1.499
50.283	3.193e-02	-2.711	3205	4.808	1.392
50.283	4.198e-02	-2.832	3098	4.870	1.297
50.283	5.517e-02	-2.958	2977	4.927	1.214
50.283	7.241e-02	-3.104	2819	4.978	1.144
50.283	9.517e-02	-3.260	2645	5.023	1.087
50.283	1.251e-01	-3.431	2451	5.062	1.039
50.283	1.645e-01	-3.593	2276	5.096	1.000
50.283	2.145e-01	-3.759	2102	5.123	0.968
50.283	2.831e-01	-3.931	1931	5.149	0.941
50.283	3.707e-01	-4.098	1776	5.170	0.918
50.283	4.865e-01	-4.262	1633	5.188	0.899
50.283	6.371e-01	-4.415	1509	5.204	0.882
50.283	8.340e-01	-4.563	1398	5.219	0.867
50.283	1.101e+00	-4.719	1288	5.233	0.854
50.283	1.441e+00	-4.867	1192	5.245	0.842
50.283	1.892e+00	-5.017	1100	5.257	0.831
50.283	2.486e+00	-5.175	1010	5.267	0.821
50.283	3.269e+00	-5.335	927	5.276	0.812
50.283	4.280e+00	-5.492	850	5.285	0.804
50.283	5.603e+00	-5.640	785	5.292	0.797
50.283	7.354e+00	-5.782	726	5.299	0.791
50.283	9.630e+00	-5.923	672	5.306	0.785
52.378	1.019e-04	-0.951	3632	3.283	8.227
52.378	1.340e-04	-1.029	3602	3.347	7.641
52.378	1.762e-04	-1.107	3577	3.412	7.087
52.378	2.316e-04	-1.181	3562	3.479	6.563
52.378	3.033e-04	-1.250	3555	3.545	6.083
52.378	3.964e-04	-1.312	3556	3.607	5.663
52.378	5.153e-04	-1.360	3557	3.655	5.357
52.378	6.721e-04	-1.387	3557	3.683	5.188
52.378	8.872e-04	-1.404	3557	3.700	5.092
52.378	1.169e-03	-1.422	3557	3.718	4.983
52.378	1.536e-03	-1.458	3557	3.754	4.781
52.378	1.985e-03	-1.549	3575	3.854	4.261
52.378	2.547e-03	-1.670	3603	3.988	3.652
52.378	3.347e-03	-1.798	3595	4.113	3.164
52.378	4.401e-03	-1.926	3550	4.219	2.800
52.378	5.784e-03	-2.023	3548	4.314	2.509
52.378	7.605e-03	-2.109	3561	4.407	2.256
52.378	9.959e-03	-2.193	3571	4.495	2.037
52.378	1.301e-02	-2.302	3519	4.579	1.850
52.378	1.697e-02	-2.418	3439	4.655	1.695
52.378	2.241e-02	-2.536	3352	4.728	1.558
52.378	2.933e-02	-2.640	3280	4.795	1.443
52.378	3.872e-02	-2.755	3187	4.860	1.339
52.378	5.060e-02	-2.878	3070	4.918	1.252
52.378	6.653e-02	-3.005	2945	4.973	1.175
52.378	8.712e-02	-3.157	2775	5.022	1.111
52.378	1.140e-01	-3.312	2601	5.064	1.058
52.378	1.497e-01	-3.483	2408	5.101	1.014
52.378	1.967e-01	-3.649	2228	5.133	0.978
52.378	2.597e-01	-3.821	2050	5.160	0.947
52.378	3.399e-01	-3.987	1888	5.183	0.923
52.378	4.487e-01	-4.159	1731	5.204	0.901
52.378	5.874e-01	-4.317	1597	5.221	0.883
52.378	7.710e-01	-4.471	1475	5.237	0.867
52.378	1.013e+00	-4.621	1364	5.252	0.853
52.378	1.322e+00	-4.769	1261	5.265	0.840
52.378	1.745e+00	-4.922	1164	5.277	0.828
52.378	2.280e+00	-5.074	1073	5.288	0.818
52.378	2.998e+00	-5.231	985	5.298	0.809
52.378	3.940e+00	-5.392	903	5.307	0.800
52.378	5.180e+00	-5.550	829	5.315	0.793
52.378	6.808e+00	-5.696	765	5.322	0.786
52.378	8.951e+00	-5.839	707	5.329	0.780
55.521	1.005e-04	-0.907	3679	3.287	8.434
55.521	1.321e-04	-0.991	3634	3.350	7.839
55.521	1.736e-04	-1.068	3609	3.414	7.278
55.521	2.265e-04	-1.143	3586	3.478	6.765
55.521	2.972e-04	-1.212	3577	3.543	6.278
55.521	3.907e-04	-1.274	3574	3.603	5.858
55.521	5.157e-04	-1.318	3575	3.648	5.561
55.521	6.739e-04	-1.341	3575	3.671	5.415
55.521	8.790e-04	-1.356	3575	3.686	5.323
55.521	1.160e-03	-1.377	3575	3.707	5.197
55.521	1.528e-03	-1.420	3575	3.750	4.944
55.521	2.009e-03	-1.539	3593	3.878	4.271
55.521	2.652e-03	-1.663	3624	4.017	3.638
55.521	3.471e-03	-1.779	3627	4.134	3.177
55.521	4.520e-03	-1.900	3585	4.235	2.831
55.521	5.966e-03	-1.993	3592	4.331	2.534
55.521	7.796e-03	-2.076	3606	4.421	2.284
55.521	1.025e-02	-2.165	3608	4.511	2.060
55.521	1.342e-02	-2.275	3553	4.594	1.872
55.521	1.757e-02	-2.387	3483	4.671	1.712
55.521	2.320e-02	-2.504	3396	4.745	1.574
55.521	3.031e-02	-2.605	3329	4.811	1.457
55.521	3.985e-02	-2.715	3245	4.876	1.352
55.521	5.238e-02	-2.835	3136	4.938	1.260
55.521	6.914e-02	-2.963	3011	4.995	1.180
55.521	9.108e-02	-3.108	2854	5.047	1.111
55.521	1.197e-01	-3.264	2678	5.092	1.055
55.521	1.580e-01	-3.439	2476	5.131	1.009
55.521	2.068e-01	-3.603	2294	5.163	0.972
55.521	2.715e-01	-3.769	2120	5.191	0.941
55.521	3.568e-01	-3.936	1952	5.215	0.915
55.521	4.654e-01	-4.100	1798	5.236	0.894
55.521	6.143e-01	-4.265	1653	5.255	0.875
55.521	8.042e-01	-4.420	1526	5.271	0.859
55.521	1.056e+00	-4.570	1412	5.286	0.844
55.521	1.387e+00	-4.723	1303	5.299	0.831
55.521	1.809e+00	-4.868	1207	5.311	0.819
55.521	2.389e+00	-5.024	1111	5.323	0.809
55.521	3.127e+00	-5.179	1022	5.333	0.799
55.521	4.135e+00	-5.343	935	5.343	0.791
55.521	5.437e+00	-5.503	856	5.351	0.783
55.521	7.146e+00	-5.652	789	5.358	0.776
55.521	9.395e+00	-5.797	729	5.365	0.770
57.616	1.031e-04	-0.890	3703	3.297	8.489
57.616	1.353e-04	-0.976	3654	3.360	7.895
57.616	1.778e-04	-1.053	3626	3.424	7.334
57.616	2.338e-04	-1.130	3601	3.489	6.807
57.616	3.062e-04	-1.198	3591	3.551	6.333
57.616	4.001e-04	-1.255	3586	3.607	5.944
57.616	5.219e-04	-1.293	3586	3.644	5.691
57.616	6.850e-04	-1.313	3586	3.665	5.560
57.616	8.970e-04	-1.328	3586	3.680	5.464
57.616	1.182e-03	-1.351	3587	3.703	5.319
57.616	1.553e-03	-1.404	3587	3.756	5.006
57.616	2.025e-03	-1.532	3604	3.892	4.280
57.616	2.605e-03	-1.641	3631	4.014	3.718
57.616	3.424e-03	-1.748	3654	4.132	3.245
57.616	4.502e-03	-1.873	3610	4.236	2.878
57.616	5.917e-03	-1.964	3619	4.332	2.579
57.616	7.780e-03	-2.049	3634	4.424	2.319
57.616	1.022e-02	-2.139	3635	4.514	2.091
57.616	1.334e-02	-2.247	3581	4.596	1.903
57.616	1.760e-02	-2.357	3519	4.676	1.735
57.616	2.301e-02	-2.471	3434	4.747	1.598
57.616	3.025e-02	-2.574	3367	4.816	1.476
57.616	3.975e-02	-2.680	3290	4.882	1.369
57.616	5.185e-02	-2.793	3193	4.943	1.276
57.616	6.845e-02	-2.922	3067	5.001	1.193
57.616	8.960e-02	-3.050	2935	5.054	1.123
57.616	1.185e-01	-3.209	2754	5.102	1.062
57.616	1.558e-01	-3.379	2557	5.143	1.014
57.616	2.048e-01	-3.551	2362	5.177	0.974
57.616	2.692e-01	-3.714	2187	5.207	0.942
57.616	3.538e-01	-3.879	2019	5.232	0.915
57.616	4.652e-01	-4.046	1857	5.254	0.891
57.616	6.114e-01	-4.211	1708	5.274	0.872
57.616	8.039e-01	-4.370	1574	5.291	0.855
57.616	1.053e+00	-4.521	1456	5.306	0.840
57.616	1.378e+00	-4.671	1345	5.320	0.827
57.616	1.809e+00	-4.819	1245	5.332	0.815
57.616	2.369e+00	-4.968	1150	5.344	0.804
57.616	3.095e+00	-5.123	1058	5.354	0.795
57.616	4.070e+00	-5.282	971	5.364	0.786
57.616	5.329e+00	-5.442	890	5.372	0.778
57.616	6.965e+00	-5.591	820	5.380	0.772
57.616	9.084e+00	-5.733	759	5.387	0.765
60.759	1.025e-04	-0.851	3747	3.302	8.667
60.759	1.345e-04	-0.939	3695	3.365	8.061
60.759	1.768e-04	-1.021	3655	3.428	7.495
60.759	2.324e-04	-1.096	3630	3.492	6.966
60.759	3.054e-04	-1.166	3613	3.553	6.492
60.759	3.984e-04	-1.219	3606	3.603	6.126
60.759	5.259e-04	-1.254	3603	3.637	5.896
60.759	6.884e-04	-1.271	3603	3.654	5.782
60.759	8.964e-04	-1.286	3603	3.669	5.681
60.759	1.165e-03	-1.311	3603	3.694	5.522
60.759	1.538e-03	-1.374	3604	3.758	5.128
60.759	1.953e-03	-1.497	3614	3.885	4.431
60.759	2.566e-03	-1.613	3643	4.014	3.817
60.759	3.387e-03	-1.713	3680	4.132	3.334
60.759	4.462e-03	-1.833	3648	4.237	2.952
60.759	5.864e-03	-1.924	3658	4.333	2.644
60.759	7.710e-03	-2.009	3674	4.426	2.376
60.759	1.010e-02	-2.098	3675	4.515	2.145
60.759	1.319e-02	-2.206	3621	4.598	1.949
60.759	1.735e-02	-2.312	3567	4.677	1.780
60.759	2.272e-02	-2.423	3490	4.750	1.636
60.759	2.974e-02	-2.525	3424	4.819	1.511
60.759	3.926e-02	-2.629	3355	4.887	1.397
60.759	5.130e-02	-2.738	3266	4.950	1.300
60.759	6.772e-02	-2.862	3148	5.011	1.212
60.759	8.865e-02	-2.980	3037	5.066	1.138
60.759	1.170e-01	-3.134	2861	5.117	1.073
60.759	1.541e-01	-3.294	2677	5.161	1.020
60.759	2.026e-01	-3.469	2472	5.198	0.977
60.759	2.664e-01	-3.637	2285	5.229	0.943
60.759	3.501e-01	-3.798	2116	5.256	0.914
60.759	4.603e-01	-3.964	1949	5.280	0.889
60.759	6.049e-01	-4.129	1793	5.300	0.869
60.759	7.954e-01	-4.288	1654	5.318	0.851
60.759	1.045e+00	-4.445	1525	5.334	0.835
60.759	1.374e+00	-4.596	1410	5.349	0.821
60.759	1.800e+00	-4.744	1304	5.362	0.809
60.759	2.356e+00	-4.890	1208	5.374	0.798
60.759	3.110e+00	-5.048	1110	5.385	0.788
60.759	4.097e+00	-5.207	1019	5.395	0.779
60.759	5.384e+00	-5.369	933	5.404	0.771
60.759	7.079e+00	-5.526	856	5.412	0.764
60.759	9.270e+00	-5.673	790	5.419	0.757
62.854	1.028e-04	-0.828	3776	3.307	8.765
62.854	1.344e-04	-0.915	3722	3.369	8.162
62.854	1.767e-04	-1.000	3675	3.432	7.591
62.854	2.322e-04	-1.075	3649	3.495	7.063
62.854	3.053e-04	-1.145	3628	3.554	6.594
62.854	4.013e-04	-1.197	3620	3.602	6.238
62.854	5.234e-04	-1.226	3617	3.631	6.039
62.854	6.909e-04	-1.244	3615	3.647	5.926
62.854	9.028e-04	-1.260	3614	3.663	5.817
62.854	1.187e-03	-1.290	3614	3.692	5.624
62.854	1.560e-03	-1.369	3616	3.772	5.128
62.854	1.979e-03	-1.492	3625	3.900	4.429
62.854	2.607e-03	-1.604	3654	4.026	3.830
62.854	3.427e-03	-1.700	3690	4.139	3.362
62.854	4.470e-03	-1.811	3671	4.240	2.992
62.854	5.900e-03	-1.902	3684	4.338	2.675
62.854	7.772e-03	-1.987	3701	4.432	2.401
62.854	1.018e-02	-2.078	3698	4.521	2.167
62.854	1.330e-02	-2.186	3644	4.603	1.970
62.854	1.749e-02	-2.291	3590	4.683	1.799
62.854	2.290e-02	-2.398	3522	4.756	1.652
62.854	2.993e-02	-2.500	3457	4.825	1.526
62.854	3.903e-02	-2.599	3391	4.891	1.415
62.854	5.123e-02	-2.707	3307	4.955	1.314
62.854	6.733e-02	-2.824	3201	5.016	1.225
62.854	8.888e-02	-2.946	3086	5.074	1.146
62.854	1.162e-01	-3.087	2931	5.125	1.080
62.854	1.527e-01	-3.243	2750	5.171	1.025
62.854	2.007e-01	-3.416	2545	5.210	0.980
62.854	2.649e-01	-3.591	2345	5.243	0.944
62.854	3.490e-01	-3.750	2176	5.271	0.914
62.854	4.587e-01	-3.913	2009	5.295	0.888
62.854	6.031e-01	-4.077	1850	5.317	0.867
62.854	7.926e-01	-4.236	1707	5.335	0.848
62.854	1.034e+00	-4.388	1579	5.351	0.833
62.854	1.365e+00	-4.542	1457	5.366	0.818
62.854	1.783e+00	-4.689	1349	5.380	0.806
62.854	2.345e+00	-4.835	1249	5.392	0.795
62.854	3.070e+00	-4.985	1153	5.403	0.784
62.854	4.019e+00	-5.140	1061	5.414	0.775
62.854	5.316e+00	-5.304	971	5.423	0.767
62.854	6.989e+00	-5.465	889	5.432	0.759
62.854	9.186e+00	-5.616	819	5.439	0.753
65.997	1.027e-04	-0.792	3821	3.312	8.924
65.997	1.344e-04	-0.882	3761	3.375	8.306
65.997	1.750e-04	-0.966	3710	3.435	7.747
65.997	2.310e-04	-1.044	3676	3.498	7.211
65.997	3.043e-04	-1.111	3655	3.555	6.751
65.997	4.000e-04	-1.161	3642	3.598	6.424
65.997	5.259e-04	-1.187	3638	3.622	6.247
65.997	6.887e-04	-1.203	3636	3.637	6.142
65.997	8.953e-04	-1.221	3634	3.654	6.022
65.997	1.170e-03	-1.254	3631	3.686	5.805
65.997	1.538e-03	-1.347	3632	3.780	5.209
65.997	2.022e-03	-1.484	3641	3.921	4.430
65.997	2.669e-03	-1.592	3670	4.042	3.852
65.997	3.487e-03	-1.683	3704	4.150	3.404
65.997	4.585e-03	-1.787	3702	4.253	3.024
65.997	6.026e-03	-1.873	3722	4.349	2.707
65.997	7.955e-03	-1.960	3740	4.443	2.428
65.997	1.040e-02	-2.054	3729	4.532	2.193
65.997	1.356e-02	-2.160	3675	4.613	1.996
65.997	1.790e-02	-2.266	3622	4.694	1.820
65.997	2.343e-02	-2.366	3567	4.767	1.671
65.997	3.093e-02	-2.472	3498	4.840	1.538
65.997	4.049e-02	-2.573	3431	4.907	1.423
65.997	5.314e-02	-2.678	3353	4.972	1.321
65.997	6.984e-02	-2.789	3260	5.034	1.230
65.997	9.237e-02	-2.913	3141	5.093	1.148
65.997	1.205e-01	-3.043	3003	5.146	1.081
65.997	1.590e-01	-3.202	2818	5.193	1.024
65.997	2.082e-01	-3.368	2619	5.233	0.978
65.997	2.748e-01	-3.546	2411	5.267	0.940
65.997	3.597e-01	-3.699	2244	5.295	0.910
65.997	4.749e-01	-3.860	2076	5.321	0.884
65.997	6.216e-01	-4.018	1919	5.342	0.862
65.997	8.206e-01	-4.178	1770	5.362	0.843
65.997	1.074e+00	-4.329	1639	5.378	0.827
65.997	1.418e+00	-4.484	1512	5.394	0.813
65.997	1.856e+00	-4.630	1401	5.407	0.800
65.997	2.436e+00	-4.773	1300	5.420	0.789
65.997	3.202e+00	-4.920	1202	5.432	0.778
65.997	4.176e+00	-5.070	1109	5.442	0.769
65.997	5.513e+00	-5.231	1017	5.452	0.760
65.997	7.217e+00	-5.390	932	5.460	0.753
65.997	9.526e+00	-5.546	856	5.468	0.746
67.044	1.030e-04	-0.781	3835	3.315	8.969
67.044	1.354e-04	-0.873	3772	3.378	8.338
67.044	1.779e-04	-0.960	3720	3.441	7.759
67.044	2.340e-04	-1.038	3683	3.502	7.234
67.044	3.064e-04	-1.102	3664	3.556	6.792
67.044	4.011e-04	-1.149	3650	3.597	6.483
67.044	5.294e-04	-1.174	3645	3.620	6.314
67.044	6.930e-04	-1.190	3643	3.634	6.210
67.044	9.096e-04	-1.209	3641	3.653	6.078
67.044	1.196e-03	-1.248	3636	3.690	5.826
67.044	1.578e-03	-1.358	3639	3.800	5.129
67.044	2.079e-03	-1.490	3647	3.937	4.382
67.044	2.732e-03	-1.593	3677	4.054	3.830
67.044	3.564e-03	-1.683	3711	4.159	3.393
67.044	4.704e-03	-1.784	3716	4.263	3.012
67.044	6.196e-03	-1.871	3736	4.359	2.695
67.044	8.144e-03	-1.956	3754	4.452	2.421
67.044	1.071e-02	-2.055	3734	4.543	2.183
67.044	1.407e-02	-2.164	3680	4.626	1.983
67.044	1.847e-02	-2.267	3627	4.704	1.813
67.044	2.419e-02	-2.366	3575	4.778	1.665
67.044	3.161e-02	-2.468	3509	4.847	1.537
67.044	4.156e-02	-2.570	3441	4.916	1.421
67.044	5.442e-02	-2.674	3365	4.980	1.319
67.044	7.124e-02	-2.781	3276	5.041	1.229
67.044	9.422e-02	-2.906	3156	5.101	1.147
67.044	1.229e-01	-3.034	3021	5.154	1.080
67.044	1.622e-01	-3.192	2836	5.202	1.022
67.044	2.124e-01	-3.358	2638	5.241	0.976
67.044	2.803e-01	-3.534	2430	5.276	0.938
67.044	3.670e-01	-3.689	2260	5.304	0.908
67.044	4.844e-01	-3.847	2094	5.329	0.882
67.044	6.341e-01	-4.003	1937	5.351	0.860
67.044	8.322e-01	-4.159	1791	5.370	0.842
67.044	1.094e+00	-4.311	1657	5.387	0.825
67.044	1.438e+00	-4.463	1531	5.403	0.811
67.044	1.883e+00	-4.608	1420	5.416	0.798
67.044	2.465e+00	-4.749	1319	5.429	0.787
67.044	3.236e+00	-4.894	1222	5.440	0.776
67.044	4.253e+00	-5.047	1126	5.451	0.767
67.044	5.591e+00	-5.203	1035	5.461	0.758
67.044	7.349e+00	-5.364	948	5.470	0.751
67.044	9.662e+00	-5.518	871	5.478	0.744
68.092	1.049e-04	-0.776	3846	3.321	8.975
68.092	1.379e-04	-0.868	3781	3.384	8.345
68.092	1.798e-04	-0.953	3730	3.445	7.782
68.092	2.360e-04	-1.031	3691	3.505	7.263
68.092	3.122e-04	-1.095	3672	3.560	6.817
68.092	4.103e-04	-1.139	3658	3.598	6.526
68.092	5.394e-04	-1.162	3652	3.618	6.375
68.092	7.064e-04	-1.178	3650	3.632	6.271
68.092	9.305e-04	-1.200	3647	3.653	6.126
68.092	1.223e-03	-1.244	3642	3.695	5.836
68.092	1.599e-03	-1.362	3644	3.814	5.090
68.092	2.058e-03	-1.480	3652	3.936	4.423
68.092	2.694e-03	-1.582	3679	4.050	3.877
68.092	3.556e-03	-1.675	3714	4.160	3.418
68.092	4.647e-03	-1.769	3726	4.259	3.048
68.092	6.062e-03	-1.853	3746	4.353	2.736
68.092	8.002e-03	-1.939	3765	4.448	2.453
68.092	1.047e-02	-2.035	3750	4.537	2.214
68.092	1.364e-02	-2.141	3697	4.618	2.017
68.092	1.800e-02	-2.246	3644	4.698	1.839
68.092	2.357e-02	-2.343	3596	4.772	1.689
68.092	3.093e-02	-2.447	3530	4.844	1.555
68.092	4.066e-02	-2.549	3463	4.912	1.437
68.092	5.345e-02	-2.652	3390	4.978	1.332
68.092	7.000e-02	-2.759	3304	5.040	1.240
68.092	9.221e-02	-2.880	3188	5.100	1.158
68.092	1.212e-01	-3.005	3062	5.155	1.087
68.092	1.581e-01	-3.156	2884	5.202	1.029
68.092	2.087e-01	-3.323	2686	5.245	0.980
68.092	2.731e-01	-3.490	2488	5.279	0.942
68.092	3.585e-01	-3.653	2303	5.308	0.911
68.092	4.712e-01	-3.807	2140	5.334	0.884
68.092	6.220e-01	-3.966	1978	5.357	0.861
68.092	8.142e-01	-4.120	1831	5.376	0.843
68.092	1.075e+00	-4.272	1694	5.394	0.826
68.092	1.407e+00	-4.422	1568	5.409	0.811
68.092	1.857e+00	-4.570	1452	5.423	0.798
68.092	2.427e+00	-4.710	1349	5.436	0.787
68.092	3.191e+00	-4.851	1252	5.448	0.776
68.092	4.194e+00	-5.002	1156	5.459	0.766
68.092	5.470e+00	-5.151	1066	5.468	0.758
68.092	7.234e+00	-5.314	976	5.478	0.750
68.092	9.511e+00	-5.470	896	5.486	0.743
69.139	1.018e-04	-0.754	3868	3.316	9.098
69.139	1.337e-04	-0.847	3802	3.379	8.460
69.139	1.757e-04	-0.935	3747	3.441	7.874
69.139	2.310e-04	-1.015	3703	3.502	7.347
69.139	3.036e-04	-1.078	3682	3.555	6.907
69.139	3.960e-04	-1.122	3669	3.593	6.617
69.139	5.197e-04	-1.147	3662	3.613	6.459
69.139	6.806e-04	-1.163	3657	3.628	6.355
69.139	8.965e-04	-1.184	3654	3.647	6.214
69.139	1.178e-03	-1.226	3649	3.687	5.938
69.139	1.538e-03	-1.337	3648	3.798	5.225
69.139	1.983e-03	-1.458	3656	3.922	4.526
69.139	2.617e-03	-1.565	3680	4.040	3.951
69.139	3.426e-03	-1.655	3714	4.146	3.497
69.139	4.522e-03	-1.749	3735	4.250	3.104
69.139	5.910e-03	-1.834	3756	4.345	2.782
69.139	7.770e-03	-1.919	3775	4.439	2.497
69.139	1.021e-02	-2.014	3766	4.530	2.249
69.139	1.348e-02	-2.126	3711	4.616	2.037
69.139	1.765e-02	-2.228	3659	4.694	1.862
69.139	2.298e-02	-2.323	3613	4.767	1.712
69.139	3.033e-02	-2.427	3551	4.840	1.573
69.139	3.971e-02	-2.528	3484	4.909	1.454
69.139	5.211e-02	-2.629	3415	4.975	1.348
69.139	6.849e-02	-2.735	3332	5.038	1.253
69.139	8.934e-02	-2.850	3225	5.097	1.171
69.139	1.179e-01	-2.973	3105	5.153	1.097
69.139	1.553e-01	-3.127	2925	5.204	1.035
69.139	2.042e-01	-3.285	2738	5.247	0.985
69.139	2.663e-01	-3.451	2539	5.282	0.946
69.139	3.495e-01	-3.616	2349	5.312	0.914
69.139	4.594e-01	-3.769	2184	5.338	0.887
69.139	6.040e-01	-3.924	2025	5.361	0.864
69.139	7.909e-01	-4.076	1876	5.381	0.844
69.139	1.035e+00	-4.222	1742	5.398	0.827
69.139	1.367e+00	-4.374	1611	5.415	0.812
69.139	1.789e+00	-4.518	1495	5.429	0.799
69.139	2.348e+00	-4.659	1388	5.442	0.787
69.139	3.086e+00	-4.797	1291	5.454	0.776
69.139	4.058e+00	-4.944	1195	5.465	0.766
69.139	5.314e+00	-5.093	1103	5.475	0.758
69.139	7.000e+00	-5.250	1013	5.484	0.749
69.139	9.199e+00	-5.409	929	5.493	0.742
70.187	1.007e-04	-0.738	3886	3.315	9.179
70.187	1.321e-04	-0.832	3817	3.378	8.533
70.187	1.730e-04	-0.919	3762	3.440	7.949
70.187	2.265e-04	-1.000	3715	3.499	7.427
70.187	2.989e-04	-1.065	3692	3.553	6.980
70.187	3.913e-04	-1.108	3679	3.590	6.688
70.187	5.166e-04	-1.133	3671	3.611	6.530
70.187	6.751e-04	-1.149	3666	3.625	6.426
70.187	8.911e-04	-1.171	3661	3.645	6.279
70.187	1.167e-03	-1.214	3656	3.685	5.996
70.187	1.511e-03	-1.324	3653	3.793	5.293
70.187	1.981e-03	-1.452	3661	3.925	4.547
70.187	2.594e-03	-1.555	3682	4.039	3.989
70.187	3.378e-03	-1.643	3716	4.142	3.541
70.187	4.433e-03	-1.730	3746	4.243	3.151
70.187	5.805e-03	-1.817	3766	4.340	2.821
70.187	7.600e-03	-1.901	3785	4.432	2.535
70.187	1.003e-02	-1.996	3781	4.525	2.278
70.187	1.313e-02	-2.105	3727	4.609	2.068
70.187	1.724e-02	-2.209	3674	4.688	1.888
70.187	2.265e-02	-2.308	3626	4.764	1.730
70.187	2.978e-02	-2.407	3571	4.837	1.591
70.187	3.914e-02	-2.510	3503	4.907	1.468
70.187	5.106e-02	-2.609	3437	4.972	1.362
70.187	6.740e-02	-2.715	3356	5.037	1.264
70.187	8.878e-02	-2.832	3251	5.099	1.177
70.187	1.167e-01	-2.952	3134	5.155	1.103
70.187	1.540e-01	-3.103	2960	5.207	1.039
70.187	2.029e-01	-3.259	2775	5.251	0.988
70.187	2.666e-01	-3.429	2571	5.288	0.947
70.187	3.478e-01	-3.591	2382	5.318	0.915
70.187	4.591e-01	-3.745	2214	5.344	0.887
70.187	6.010e-01	-3.895	2058	5.367	0.864
70.187	7.888e-01	-4.046	1909	5.387	0.844
70.187	1.037e+00	-4.193	1772	5.405	0.827
70.187	1.363e+00	-4.338	1645	5.421	0.812
70.187	1.791e+00	-4.485	1524	5.436	0.799
70.187	2.337e+00	-4.621	1420	5.448	0.787
70.187	3.084e+00	-4.759	1320	5.461	0.776
70.187	4.038e+00	-4.899	1226	5.472	0.766
70.187	5.330e+00	-5.050	1131	5.482	0.757
70.187	6.977e+00	-5.201	1043	5.492	0.749
70.187	9.210e+00	-5.361	955	5.500	0.741
71.234	1.018e-04	-0.731	3898	3.319	9.202
71.234	1.336e-04	-0.825	3829	3.382	8.554
71.234	1.755e-04	-0.914	3771	3.445	7.963
71.234	2.290e-04	-0.993	3723	3.502	7.451
71.234	3.022e-04	-1.057	3700	3.555	7.017
71.234	3.956e-04	-1.097	3688	3.589	6.742
71.234	5.223e-04	-1.120	3681	3.609	6.594
71.234	6.825e-04	-1.136	3676	3.623	6.488
71.234	9.009e-04	-1.161	3668	3.644	6.330
71.234	1.179e-03	-1.208	3661	3.688	6.016
71.234	1.540e-03	-1.331	3659	3.809	5.233
71.234	2.010e-03	-1.453	3667	3.935	4.528
71.234	2.641e-03	-1.556	3689	4.048	3.974
71.234	3.473e-03	-1.645	3723	4.154	3.519
71.234	4.547e-03	-1.730	3754	4.253	3.138
71.234	5.990e-03	-1.816	3780	4.352	2.803
71.234	7.873e-03	-1.902	3799	4.446	2.516
71.234	1.027e-02	-1.996	3787	4.534	2.272
71.234	1.335e-02	-2.101	3734	4.615	2.069
71.234	1.752e-02	-2.205	3682	4.694	1.889
71.234	2.303e-02	-2.302	3636	4.770	1.732
71.234	3.004e-02	-2.398	3585	4.841	1.595
71.234	3.965e-02	-2.503	3516	4.912	1.470
71.234	5.190e-02	-2.603	3448	4.978	1.362
71.234	6.812e-02	-2.706	3371	5.042	1.266
71.234	8.953e-02	-2.820	3270	5.103	1.179
71.234	1.168e-01	-2.937	3156	5.159	1.107
71.234	1.542e-01	-3.083	2990	5.211	1.042
71.234	2.031e-01	-3.239	2806	5.256	0.990
71.234	2.669e-01	-3.406	2604	5.293	0.948
71.234	3.523e-01	-3.576	2405	5.325	0.914
71.234	4.641e-01	-3.728	2237	5.352	0.886
71.234	6.099e-01	-3.876	2082	5.375	0.863
71.234	8.019e-01	-4.025	1933	5.395	0.843
71.234	1.050e+00	-4.168	1798	5.413	0.826
71.234	1.375e+00	-4.308	1674	5.428	0.811
71.234	1.815e+00	-4.455	1551	5.443	0.798
71.234	2.375e+00	-4.590	1446	5.456	0.786
71.234	3.118e+00	-4.724	1348	5.468	0.776
71.234	4.098e+00	-4.860	1254	5.479	0.765
71.234	5.387e+00	-5.006	1161	5.489	0.756
71.234	7.081e+00	-5.155	1071	5.499	0.748
71.234	9.346e+00	-5.312	984	5.508	0.740
72.282	1.020e-04	-0.720	3912	3.321	9.247
72.282	1.341e-04	-0.816	3842	3.385	8.591
72.282	1.756e-04	-0.903	3783	3.446	8.005
72.282	2.298e-04	-0.984	3735	3.504	7.488
72.282	3.034e-04	-1.047	3708	3.555	7.063
72.282	3.965e-04	-1.085	3697	3.588	6.803
72.282	5.213e-04	-1.106	3690	3.606	6.662
72.282	6.826e-04	-1.123	3685	3.620	6.553
72.282	8.992e-04	-1.149	3677	3.642	6.390
72.282	1.182e-03	-1.201	3667	3.690	6.046
72.282	1.554e-03	-1.332	3664	3.820	5.209
72.282	2.042e-03	-1.454	3672	3.945	4.507
72.282	2.685e-03	-1.555	3695	4.057	3.964
72.282	3.529e-03	-1.644	3728	4.161	3.515
72.282	4.639e-03	-1.726	3766	4.261	3.133
72.282	6.076e-03	-1.810	3792	4.357	2.805
72.282	7.953e-03	-1.894	3811	4.450	2.521
72.282	1.044e-02	-1.992	3794	4.540	2.272
72.282	1.372e-02	-2.102	3740	4.625	2.062
72.282	1.804e-02	-2.205	3687	4.704	1.882
72.282	2.371e-02	-2.302	3644	4.779	1.726
72.282	3.092e-02	-2.397	3593	4.850	1.590
72.282	4.059e-02	-2.500	3525	4.920	1.468
72.282	5.334e-02	-2.601	3456	4.987	1.359
72.282	6.958e-02	-2.700	3384	5.049	1.264
72.282	9.184e-02	-2.816	3282	5.112	1.177
72.282	1.202e-01	-2.934	3166	5.168	1.103
72.282	1.587e-01	-3.080	3000	5.220	1.039
72.282	2.091e-01	-3.234	2817	5.265	0.987
72.282	2.748e-01	-3.400	2616	5.302	0.945
72.282	3.584e-01	-3.562	2425	5.332	0.913
72.282	4.704e-01	-3.711	2260	5.359	0.886
72.282	6.182e-01	-3.855	2107	5.382	0.863
72.282	8.128e-01	-4.001	1960	5.402	0.843
72.282	1.068e+00	-4.144	1824	5.420	0.826
72.282	1.393e+00	-4.278	1704	5.435	0.811
72.282	1.839e+00	-4.422	1582	5.450	0.798
72.282	2.408e+00	-4.555	1476	5.462	0.786
72.282	3.178e+00	-4.688	1376	5.474	0.775
72.282	4.153e+00	-4.814	1288	5.485	0.765
72.282	5.482e+00	-4.958	1193	5.496	0.756
72.282	7.177e+00	-5.100	1106	5.506	0.748
72.282	9.420e+00	-5.250	1019	5.514	0.740
73.330	1.017e-04	-0.708	3927	3.322	9.304
73.330	1.332e-04	-0.802	3857	3.385	8.652
73.330	1.758e-04	-0.894	3795	3.448	8.047
73.330	2.301e-04	-0.973	3747	3.506	7.531
73.330	3.020e-04	-1.036	3717	3.554	7.121
73.330	3.969e-04	-1.073	3706	3.586	6.865
73.330	5.219e-04	-1.093	3700	3.603	6.729
73.330	6.834e-04	-1.110	3694	3.618	6.618
73.330	9.002e-04	-1.137	3686	3.641	6.445
73.330	1.183e-03	-1.195	3673	3.693	6.073
73.330	1.543e-03	-1.325	3669	3.821	5.241
73.330	1.994e-03	-1.438	3677	3.938	4.579
73.330	2.620e-03	-1.541	3695	4.049	4.029
73.330	3.418e-03	-1.627	3728	4.150	3.585
73.330	4.486e-03	-1.711	3760	4.250	3.198
73.330	5.895e-03	-1.790	3801	4.347	2.858
73.330	7.782e-03	-1.877	3821	4.443	2.558
73.330	1.017e-02	-1.971	3810	4.533	2.308
73.330	1.326e-02	-2.079	3757	4.616	2.098
73.330	1.751e-02	-2.184	3704	4.697	1.912
73.330	2.292e-02	-2.280	3659	4.771	1.754
73.330	3.026e-02	-2.377	3613	4.846	1.609
73.330	3.961e-02	-2.479	3546	4.916	1.486
73.330	5.228e-02	-2.582	3477	4.984	1.373
73.330	6.844e-02	-2.681	3407	5.048	1.275
73.330	9.034e-02	-2.793	3312	5.111	1.186
73.330	1.190e-01	-2.915	3192	5.169	1.110
73.330	1.564e-01	-3.052	3040	5.222	1.044
73.330	2.069e-01	-3.207	2856	5.268	0.990
73.330	2.698e-01	-3.366	2663	5.305	0.949
73.330	3.561e-01	-3.534	2462	5.337	0.914
73.330	4.662e-01	-3.683	2295	5.363	0.887
73.330	6.154e-01	-3.825	2143	5.387	0.864
73.330	8.056e-01	-3.965	2000	5.407	0.844
73.330	1.057e+00	-4.104	1865	5.425	0.827
73.330	1.390e+00	-4.237	1743	5.440	0.812
73.330	1.813e+00	-4.370	1628	5.454	0.799
73.330	2.393e+00	-4.505	1518	5.467	0.787
73.330	3.132e+00	-4.631	1421	5.479	0.777
73.330	4.135e+00	-4.757	1330	5.490	0.767
73.330	5.413e+00	-4.888	1241	5.501	0.757
73.330	7.145e+00	-5.029	1151	5.511	0.749
73.330	9.411e+00	-5.174	1064	5.520	0.741
74.377	1.007e-04	-0.693	3944	3.321	9.380
74.377	1.322e-04	-0.789	3873	3.385	8.715
74.377	1.737e-04	-0.880	3809	3.447	8.114
74.377	2.266e-04	-0.959	3761	3.504	7.602
74.377	2.974e-04	-1.022	3728	3.552	7.192
74.377	3.909e-04	-1.059	3715	3.583	6.938
74.377	5.139e-04	-1.079	3709	3.600	6.803
74.377	6.730e-04	-1.096	3704	3.615	6.690
74.377	8.865e-04	-1.123	3695	3.638	6.514
74.377	1.165e-03	-1.183	3680	3.690	6.134
74.377	1.528e-03	-1.316	3673	3.820	5.279
74.377	1.995e-03	-1.433	3681	3.941	4.593
74.377	2.633e-03	-1.536	3700	4.053	4.039
74.377	3.447e-03	-1.623	3733	4.155	3.592
74.377	4.525e-03	-1.706	3766	4.253	3.207
74.377	5.925e-03	-1.781	3812	4.350	2.870
74.377	7.757e-03	-1.866	3831	4.443	2.577
74.377	1.024e-02	-1.964	3819	4.536	2.315
74.377	1.349e-02	-2.075	3764	4.622	2.098
74.377	1.766e-02	-2.178	3713	4.700	1.917
74.377	2.308e-02	-2.272	3669	4.774	1.760
74.377	3.011e-02	-2.363	3630	4.846	1.621
74.377	3.951e-02	-2.466	3562	4.917	1.494
74.377	5.193e-02	-2.568	3493	4.984	1.382
74.377	6.774e-02	-2.664	3428	5.048	1.285
74.377	8.941e-02	-2.773	3339	5.112	1.194
74.377	1.171e-01	-2.893	3221	5.169	1.118
74.377	1.536e-01	-3.022	3083	5.222	1.051
74.377	2.019e-01	-3.173	2903	5.268	0.997
74.377	2.655e-01	-3.332	2710	5.308	0.953
74.377	3.489e-01	-3.495	2514	5.340	0.918
74.377	4.614e-01	-3.653	2332	5.368	0.889
74.377	6.067e-01	-3.790	2185	5.391	0.866
74.377	7.973e-01	-3.927	2042	5.411	0.846
74.377	1.048e+00	-4.063	1908	5.429	0.828
74.377	1.378e+00	-4.192	1787	5.445	0.813
74.377	1.797e+00	-4.318	1676	5.459	0.800
74.377	2.372e+00	-4.450	1565	5.472	0.789
74.377	3.100e+00	-4.570	1470	5.483	0.778
74.377	4.076e+00	-4.690	1381	5.494	0.769
74.377	5.357e+00	-4.809	1297	5.504	0.760
74.377	7.085e+00	-4.944	1207	5.515	0.751
74.377	9.352e+00	-5.081	1121	5.524	0.743
75.425	1.003e-04	-0.681	3960	3.322	9.441
75.425	1.319e-04	-0.778	3887	3.386	8.765
75.425	1.733e-04	-0.869	3822	3.448	8.161
75.425	2.261e-04	-0.947	3773	3.504	7.650
75.425	2.984e-04	-1.012	3738	3.552	7.240
75.425	3.907e-04	-1.047	3724	3.581	7.001
75.425	5.087e-04	-1.066	3718	3.597	6.874
75.425	6.715e-04	-1.083	3713	3.612	6.755
75.425	8.845e-04	-1.112	3704	3.636	6.571
75.425	1.162e-03	-1.176	3686	3.692	6.164
75.425	1.528e-03	-1.313	3678	3.826	5.284
75.425	2.009e-03	-1.431	3686	3.948	4.592
75.425	2.652e-03	-1.533	3705	4.058	4.045
75.425	3.471e-03	-1.618	3737	4.159	3.601
75.425	4.556e-03	-1.700	3773	4.257	3.217
75.425	5.966e-03	-1.773	3823	4.353	2.879
75.425	7.810e-03	-1.858	3843	4.447	2.585
75.425	1.031e-02	-1.957	3828	4.540	2.323
75.425	1.358e-02	-2.068	3773	4.625	2.105
75.425	1.778e-02	-2.170	3722	4.703	1.924
75.425	2.324e-02	-2.265	3679	4.777	1.766
75.425	3.056e-02	-2.357	3641	4.851	1.622
75.425	4.016e-02	-2.461	3572	4.922	1.495
75.425	5.280e-02	-2.562	3504	4.990	1.382
75.425	6.914e-02	-2.659	3441	5.055	1.283
75.425	9.051e-02	-2.764	3355	5.117	1.195
75.425	1.188e-01	-2.885	3237	5.175	1.118
75.425	1.561e-01	-3.012	3102	5.228	1.051
75.425	2.053e-01	-3.161	2923	5.275	0.996
75.425	2.698e-01	-3.318	2733	5.314	0.952
75.425	3.547e-01	-3.477	2541	5.347	0.917
75.425	4.662e-01	-3.631	2361	5.374	0.889
75.425	6.154e-01	-3.768	2212	5.397	0.866
75.425	8.107e-01	-3.902	2072	5.417	0.846
75.425	1.062e+00	-4.030	1944	5.435	0.829
75.425	1.390e+00	-4.153	1827	5.450	0.815
75.425	1.824e+00	-4.274	1718	5.464	0.802
75.425	2.397e+00	-4.398	1611	5.476	0.790
75.425	3.164e+00	-4.516	1515	5.488	0.780
75.425	4.142e+00	-4.627	1430	5.498	0.771
75.425	5.468e+00	-4.739	1348	5.508	0.762
75.425	7.158e+00	-4.855	1268	5.517	0.753
75.425	9.467e+00	-4.984	1184	5.527	0.745
76.472	1.040e-04	-0.683	3964	3.332	9.397
76.472	1.357e-04	-0.777	3894	3.394	8.744
76.472	1.781e-04	-0.867	3829	3.455	8.148
76.472	2.340e-04	-0.946	3780	3.512	7.636
76.472	3.077e-04	-1.006	3745	3.556	7.258
76.472	4.044e-04	-1.038	3732	3.582	7.044
76.472	5.275e-04	-1.055	3727	3.597	6.925
76.472	6.923e-04	-1.074	3721	3.612	6.802
76.472	9.099e-04	-1.105	3711	3.639	6.596
76.472	1.201e-03	-1.185	3689	3.709	6.089
76.472	1.514e-03	-1.304	3683	3.825	5.326
76.472	1.971e-03	-1.418	3691	3.942	4.653
76.472	2.591e-03	-1.519	3705	4.051	4.107
76.472	3.379e-03	-1.603	3737	4.150	3.664
76.472	4.435e-03	-1.687	3769	4.248	3.274
76.472	5.829e-03	-1.756	3832	4.345	2.926
76.472	7.708e-03	-1.844	3853	4.443	2.615
76.472	1.005e-02	-1.937	3844	4.532	2.359
76.472	1.327e-02	-2.049	3788	4.619	2.134
76.472	1.737e-02	-2.152	3737	4.698	1.949
76.472	2.293e-02	-2.250	3691	4.775	1.784
76.472	2.997e-02	-2.339	3658	4.848	1.641
76.472	3.940e-02	-2.442	3592	4.919	1.511
76.472	5.179e-02	-2.544	3523	4.988	1.396
76.472	6.755e-02	-2.637	3466	5.052	1.297
76.472	8.917e-02	-2.744	3380	5.116	1.204
76.472	1.175e-01	-2.865	3263	5.176	1.125
76.472	1.544e-01	-2.987	3138	5.230	1.057
76.472	2.014e-01	-3.132	2965	5.276	1.002
76.472	2.658e-01	-3.284	2780	5.317	0.956
76.472	3.479e-01	-3.441	2589	5.349	0.921
76.472	4.593e-01	-3.596	2405	5.377	0.892
76.472	6.050e-01	-3.731	2256	5.400	0.868
76.472	7.951e-01	-3.857	2122	5.420	0.849
76.472	1.037e+00	-3.978	1998	5.437	0.832
76.472	1.369e+00	-4.101	1880	5.453	0.817
76.472	1.792e+00	-4.211	1777	5.466	0.805
76.472	2.352e+00	-4.325	1677	5.479	0.793
76.472	3.092e+00	-4.437	1582	5.489	0.784
76.472	4.032e+00	-4.537	1501	5.499	0.775
76.472	5.323e+00	-4.639	1424	5.508	0.767
76.472	6.968e+00	-4.736	1353	5.517	0.759
76.472	9.198e+00	-4.844	1278	5.526	0.751
77.520	1.036e-04	-0.671	3980	3.332	9.457
77.520	1.354e-04	-0.766	3908	3.395	8.794
77.520	1.766e-04	-0.854	3843	3.455	8.208
77.520	2.331e-04	-0.934	3792	3.512	7.688
77.520	3.051e-04	-0.993	3758	3.554	7.321
77.520	4.027e-04	-1.025	3743	3.580	7.109
77.520	5.272e-04	-1.043	3736	3.594	6.991
77.520	6.920e-04	-1.062	3730	3.610	6.864
77.520	9.095e-04	-1.095	3720	3.638	6.646
77.520	1.200e-03	-1.181	3694	3.713	6.096
77.520	1.572e-03	-1.318	3689	3.847	5.227
77.520	2.063e-03	-1.431	3696	3.964	4.570
77.520	2.711e-03	-1.528	3715	4.070	4.045
77.520	3.564e-03	-1.614	3747	4.170	3.603
77.520	4.684e-03	-1.691	3790	4.268	3.221
77.520	6.159e-03	-1.763	3847	4.365	2.878
77.520	8.095e-03	-1.849	3867	4.460	2.580
77.520	1.062e-02	-1.951	3843	4.551	2.324
77.520	1.396e-02	-2.059	3789	4.635	2.109
77.520	1.821e-02	-2.160	3738	4.712	1.930
77.520	2.372e-02	-2.252	3698	4.785	1.775
77.520	3.130e-02	-2.344	3662	4.860	1.627
77.520	4.091e-02	-2.445	3597	4.930	1.502
77.520	5.379e-02	-2.547	3528	4.999	1.388
77.520	7.043e-02	-2.640	3471	5.064	1.288
77.520	9.220e-02	-2.745	3388	5.126	1.199
77.520	1.219e-01	-2.867	3269	5.186	1.119
77.520	1.603e-01	-2.989	3143	5.240	1.051
77.520	2.120e-01	-3.139	2963	5.288	0.995
77.520	2.787e-01	-3.289	2781	5.327	0.951
77.520	3.664e-01	-3.444	2591	5.359	0.916
77.520	4.815e-01	-3.593	2414	5.386	0.889
77.520	6.281e-01	-3.718	2274	5.407	0.867
77.520	8.291e-01	-3.839	2145	5.427	0.848
77.520	1.085e+00	-3.955	2026	5.443	0.832
77.520	1.433e+00	-4.069	1914	5.458	0.818
77.520	1.875e+00	-4.172	1817	5.471	0.806
77.520	2.462e+00	-4.272	1726	5.482	0.795
77.520	3.235e+00	-4.373	1638	5.493	0.786
77.520	4.270e+00	-4.467	1560	5.502	0.778
77.520	5.590e+00	-4.551	1494	5.510	0.771
77.520	7.379e+00	-4.633	1430	5.517	0.764
77.520	9.660e+00	-4.712	1373	5.524	0.758
78.567	1.032e-04	-0.659	3995	3.333	9.515
78.567	1.351e-04	-0.755	3922	3.396	8.843
78.567	1.784e-04	-0.848	3853	3.459	8.229
78.567	2.335e-04	-0.924	3804	3.513	7.730
78.567	3.065e-04	-0.981	3770	3.554	7.370
78.567	4.028e-04	-1.013	3753	3.578	7.172
78.567	5.254e-04	-1.030	3746	3.592	7.058
78.567	6.935e-04	-1.050	3738	3.609	6.924
78.567	9.135e-04	-1.085	3728	3.639	6.689
78.567	1.201e-03	-1.179	3700	3.719	6.097
78.567	1.548e-03	-1.307	3693	3.845	5.277
78.567	2.035e-03	-1.420	3701	3.961	4.615
78.567	2.654e-03	-1.516	3716	4.064	4.101
78.567	3.503e-03	-1.602	3749	4.165	3.648
78.567	4.586e-03	-1.680	3786	4.261	3.269
78.567	6.019e-03	-1.746	3855	4.358	2.923
78.567	7.911e-03	-1.832	3876	4.453	2.619
78.567	1.038e-02	-1.932	3857	4.545	2.357
78.567	1.365e-02	-2.041	3803	4.629	2.138
78.567	1.794e-02	-2.145	3751	4.709	1.951
78.567	2.358e-02	-2.240	3709	4.785	1.787
78.567	3.076e-02	-2.327	3677	4.857	1.645
78.567	4.068e-02	-2.432	3613	4.931	1.512
78.567	5.348e-02	-2.534	3544	4.999	1.397
78.567	7.029e-02	-2.627	3489	5.065	1.294
78.567	9.278e-02	-2.734	3404	5.130	1.202
78.567	1.215e-01	-2.851	3292	5.188	1.124
78.567	1.594e-01	-2.969	3171	5.242	1.056
78.567	2.088e-01	-3.112	3002	5.289	1.001
78.567	2.733e-01	-3.253	2830	5.328	0.956
78.567	3.587e-01	-3.406	2642	5.361	0.921
78.567	4.714e-01	-3.553	2465	5.388	0.893
78.567	6.198e-01	-3.682	2318	5.410	0.870
78.567	8.146e-01	-3.794	2197	5.429	0.852
78.567	1.075e+00	-3.905	2081	5.446	0.835
78.567	1.405e+00	-4.007	1978	5.459	0.822
78.567	1.833e+00	-4.101	1886	5.471	0.811
78.567	2.386e+00	-4.186	1807	5.482	0.801
78.567	3.132e+00	-4.271	1730	5.492	0.792
78.567	4.117e+00	-4.353	1659	5.500	0.785
78.567	5.412e+00	-4.425	1598	5.507	0.779
78.567	7.114e+00	-4.485	1549	5.513	0.773
78.567	9.390e+00	-4.539	1506	5.518	0.769
80.663	1.035e-04	-0.639	4022	3.336	9.607
80.663	1.360e-04	-0.736	3947	3.400	8.917
80.663	1.774e-04	-0.825	3880	3.460	8.325
80.663	2.342e-04	-0.904	3827	3.515	7.817
80.663	3.060e-04	-0.957	3796	3.553	7.481
80.663	4.023e-04	-0.986	3778	3.574	7.297
80.663	5.268e-04	-1.005	3767	3.588	7.183
80.663	6.940e-04	-1.027	3757	3.606	7.040
80.663	9.121e-04	-1.066	3743	3.639	6.779
80.663	1.199e-03	-1.174	3710	3.730	6.100
80.663	1.586e-03	-1.310	3703	3.863	5.235
80.663	2.084e-03	-1.419	3710	3.975	4.599
80.663	2.741e-03	-1.514	3727	4.079	4.084
80.663	3.602e-03	-1.598	3758	4.177	3.647
80.663	4.698e-03	-1.671	3802	4.270	3.276
80.663	6.166e-03	-1.734	3877	4.367	2.930
80.663	8.104e-03	-1.820	3898	4.463	2.624
80.663	1.064e-02	-1.923	3872	4.554	2.363
80.663	1.398e-02	-2.032	3818	4.638	2.144
80.663	1.823e-02	-2.132	3768	4.716	1.962
80.663	2.374e-02	-2.223	3729	4.789	1.803
80.663	3.087e-02	-2.309	3698	4.860	1.661
80.663	4.051e-02	-2.408	3642	4.932	1.528
80.663	5.324e-02	-2.510	3573	5.001	1.412
80.663	7.000e-02	-2.603	3520	5.068	1.307
80.663	9.201e-02	-2.706	3443	5.132	1.214
80.663	1.214e-01	-2.822	3334	5.193	1.132
80.663	1.600e-01	-2.939	3217	5.248	1.062
80.663	2.095e-01	-3.074	3059	5.296	1.006
80.663	2.743e-01	-3.210	2895	5.336	0.961
80.663	3.620e-01	-3.357	2712	5.369	0.924
80.663	4.739e-01	-3.492	2548	5.396	0.896
80.663	6.267e-01	-3.619	2398	5.417	0.874
80.663	8.175e-01	-3.717	2288	5.434	0.858
80.663	1.073e+00	-3.807	2191	5.449	0.843
80.663	1.410e+00	-3.890	2104	5.461	0.831
80.663	1.854e+00	-3.965	2028	5.472	0.821
80.663	2.437e+00	-4.028	1964	5.480	0.813
80.663	3.178e+00	-4.080	1914	5.487	0.807
80.663	4.195e+00	-4.122	1874	5.492	0.802
80.663	5.492e+00	-4.153	1844	5.496	0.799
80.663	7.209e+00	-4.176	1824	5.499	0.796
80.663	9.474e+00	-4.191	1810	5.501	0.795
81.710	1.047e-04	-0.633	4032	3.340	9.626
81.710	1.375e-04	-0.730	3957	3.404	8.933
81.710	1.808e-04	-0.821	3888	3.465	8.327
81.710	2.368e-04	-0.896	3837	3.517	7.846
81.710	3.100e-04	-0.946	3807	3.553	7.525
81.710	4.092e-04	-0.974	3790	3.574	7.351
81.710	5.348e-04	-0.993	3779	3.587	7.238
81.710	7.059e-04	-1.017	3766	3.606	7.084
81.710	9.241e-04	-1.061	3750	3.642	6.798
81.710	1.220e-03	-1.182	3713	3.746	6.029
81.710	1.607e-03	-1.312	3708	3.873	5.206
81.710	2.112e-03	-1.419	3715	3.984	4.585
81.710	2.777e-03	-1.513	3732	4.086	4.078
81.710	3.649e-03	-1.596	3763	4.183	3.645
81.710	4.760e-03	-1.667	3810	4.276	3.277
81.710	6.247e-03	-1.729	3888	4.372	2.931
81.710	8.262e-03	-1.817	3910	4.470	2.619
81.710	1.086e-02	-1.922	3878	4.561	2.357
81.710	1.433e-02	-2.033	3823	4.647	2.137
81.710	1.876e-02	-2.134	3772	4.725	1.953
81.710	2.477e-02	-2.228	3734	4.802	1.788
81.710	3.242e-02	-2.316	3703	4.875	1.644
81.710	4.256e-02	-2.416	3643	4.947	1.513
81.710	5.593e-02	-2.516	3578	5.015	1.398
81.710	7.354e-02	-2.609	3524	5.082	1.295
81.710	9.665e-02	-2.712	3445	5.146	1.203
81.710	1.271e-01	-2.828	3336	5.205	1.124
81.710	1.670e-01	-2.942	3222	5.259	1.056
81.710	2.178e-01	-3.074	3065	5.305	1.002
81.710	2.875e-01	-3.211	2899	5.345	0.957
81.710	3.788e-01	-3.352	2723	5.377	0.922
81.710	4.978e-01	-3.481	2565	5.403	0.895
81.710	6.493e-01	-3.595	2430	5.422	0.875
81.710	8.571e-01	-3.691	2321	5.438	0.859
81.710	1.129e+00	-3.770	2235	5.452	0.846
81.710	1.484e+00	-3.839	2161	5.463	0.835
81.710	1.959e+00	-3.899	2098	5.472	0.827
81.710	2.564e+00	-3.947	2050	5.478	0.821
81.710	3.385e+00	-3.983	2013	5.483	0.816
81.710	4.431e+00	-4.007	1989	5.486	0.813
81.710	5.816e+00	-4.021	1975	5.488	0.811
81.710	7.616e+00	-4.028	1968	5.489	0.810
81.710	9.970e+00	-4.031	1965	5.489	0.810
83.805	1.029e-04	-0.606	4064	3.337	9.771
83.805	1.350e-04	-0.703	3989	3.402	9.067
83.805	1.774e-04	-0.795	3919	3.463	8.452
83.805	2.333e-04	-0.871	3864	3.515	7.962
83.805	3.066e-04	-0.920	3833	3.550	7.647
83.805	4.031e-04	-0.946	3817	3.569	7.483
83.805	5.279e-04	-0.965	3806	3.583	7.366
83.805	6.954e-04	-0.992	3790	3.602	7.202
83.805	9.139e-04	-1.043	3766	3.642	6.885
83.805	1.195e-03	-1.168	3726	3.749	6.086
83.805	1.551e-03	-1.290	3716	3.866	5.316
83.805	2.039e-03	-1.396	3723	3.976	4.687
83.805	2.680e-03	-1.490	3737	4.076	4.173
83.805	3.496e-03	-1.571	3765	4.170	3.746
83.805	4.615e-03	-1.648	3807	4.266	3.355
83.805	6.031e-03	-1.701	3899	4.360	3.010
83.805	7.960e-03	-1.786	3928	4.458	2.688
83.805	1.042e-02	-1.887	3905	4.550	2.420
83.805	1.368e-02	-1.996	3852	4.635	2.195
83.805	1.798e-02	-2.100	3799	4.714	2.002
83.805	2.345e-02	-2.192	3760	4.789	1.838
83.805	3.077e-02	-2.281	3729	4.863	1.688
83.805	4.045e-02	-2.375	3684	4.936	1.551
83.805	5.318e-02	-2.477	3616	5.006	1.431
83.805	6.989e-02	-2.570	3563	5.073	1.325
83.805	9.116e-02	-2.666	3497	5.136	1.232
83.805	1.197e-01	-2.773	3404	5.197	1.148
83.805	1.573e-01	-2.889	3288	5.252	1.078
83.805	2.068e-01	-3.007	3160	5.302	1.018
83.805	2.717e-01	-3.138	3000	5.343	0.971
83.805	3.587e-01	-3.267	2840	5.377	0.934
83.805	4.696e-01	-3.388	2689	5.403	0.907
83.805	6.163e-01	-3.496	2558	5.423	0.886
83.805	8.100e-01	-3.584	2452	5.438	0.871
83.805	1.065e+00	-3.652	2372	5.449	0.860
83.805	1.400e+00	-3.697	2322	5.457	0.852
83.805	1.851e+00	-3.733	2284	5.463	0.846
83.805	2.414e+00	-3.756	2258	5.467	0.842
83.805	3.187e+00	-3.771	2242	5.469	0.840
83.805	4.172e+00	-3.778	2235	5.470	0.839
83.805	5.432e+00	-3.780	2232	5.471	0.838
83.805	7.130e+00	-3.781	2231	5.471	0.838
83.805	9.371e+00	-3.782	2230	5.471	0.838
85.900	1.004e-04	-0.577	4096	3.333	9.939
85.900	1.319e-04	-0.675	4021	3.399	9.213
85.900	1.734e-04	-0.768	3950	3.461	8.585
85.900	2.279e-04	-0.844	3893	3.512	8.091
85.900	2.997e-04	-0.893	3860	3.546	7.778
85.900	3.939e-04	-0.919	3845	3.565	7.616
85.900	5.138e-04	-0.937	3833	3.578	7.499
85.900	6.794e-04	-0.965	3816	3.599	7.325
85.900	8.933e-04	-1.021	3784	3.640	6.985
85.900	1.174e-03	-1.155	3739	3.752	6.137
85.900	1.550e-03	-1.283	3725	3.874	5.333
85.900	2.029e-03	-1.385	3732	3.979	4.726
85.900	2.663e-03	-1.477	3746	4.078	4.218
85.900	3.500e-03	-1.560	3772	4.173	3.781
85.900	4.601e-03	-1.635	3813	4.266	3.395
85.900	6.026e-03	-1.687	3907	4.361	3.046
85.900	7.937e-03	-1.767	3947	4.458	2.721
85.900	1.043e-02	-1.870	3924	4.551	2.445
85.900	1.377e-02	-1.981	3869	4.638	2.213
85.900	1.803e-02	-2.083	3818	4.717	2.021
85.900	2.347e-02	-2.175	3780	4.791	1.856
85.900	3.098e-02	-2.265	3748	4.867	1.701
85.900	4.049e-02	-2.355	3710	4.939	1.566
85.900	5.281e-02	-2.454	3645	5.007	1.447
85.900	6.971e-02	-2.549	3591	5.076	1.337
85.900	9.126e-02	-2.643	3530	5.140	1.241
85.900	1.198e-01	-2.747	3444	5.201	1.157
85.900	1.574e-01	-2.861	3330	5.257	1.085
85.900	2.070e-01	-2.969	3218	5.306	1.026
85.900	2.737e-01	-3.099	3060	5.348	0.977
85.900	3.598e-01	-3.214	2918	5.381	0.941
85.900	4.749e-01	-3.325	2778	5.407	0.914
85.900	6.216e-01	-3.414	2667	5.425	0.895
85.900	8.159e-01	-3.486	2579	5.438	0.881
85.900	1.072e+00	-3.537	2516	5.447	0.872
85.900	1.415e+00	-3.569	2479	5.452	0.867
85.900	1.850e+00	-3.585	2460	5.455	0.864
85.900	2.413e+00	-3.592	2451	5.456	0.863
85.900	3.185e+00	-3.594	2449	5.456	0.863
85.900	4.230e+00	-3.595	2448	5.456	0.863
85.900	5.631e+00	-3.595	2448	5.456	0.863
85.900	7.494e+00	-3.595	2447	5.456	0.863
85.900	9.975e+00	-3.595	2447	5.456	0.863
87.996	1.025e-04	-0.566	4116	3.340	9.979
87.996	1.347e-04	-0.663	4041	3.406	9.250
87.996	1.771e-04	-0.754	3971	3.467	8.627
87.996	2.327e-04	-0.827	3916	3.516	8.156
87.996	3.054e-04	-0.871	3886	3.546	7.877
87.996	4.014e-04	-0.894	3870	3.562	7.730
87.996	5.236e-04	-0.914	3858	3.576	7.606
87.996	6.925e-04	-0.946	3838	3.599	7.407
87.996	9.104e-04	-1.015	3797	3.650	6.989
87.996	1.166e-03	-1.146	3751	3.760	6.156
87.996	1.542e-03	-1.273	3735	3.879	5.366
87.996	2.027e-03	-1.375	3740	3.984	4.758
87.996	2.664e-03	-1.466	3755	4.081	4.252
87.996	3.503e-03	-1.549	3778	4.175	3.816
87.996	4.604e-03	-1.623	3820	4.268	3.431
87.996	6.053e-03	-1.675	3915	4.363	3.075
87.996	7.955e-03	-1.750	3966	4.460	2.750
87.996	1.050e-02	-1.855	3941	4.555	2.465
87.996	1.383e-02	-1.966	3887	4.641	2.232
87.996	1.811e-02	-2.068	3835	4.720	2.038
87.996	2.367e-02	-2.160	3798	4.795	1.870
87.996	3.112e-02	-2.249	3767	4.870	1.715
87.996	4.091e-02	-2.339	3732	4.944	1.576
87.996	5.336e-02	-2.437	3670	5.013	1.456
87.996	7.003e-02	-2.530	3617	5.080	1.346
87.996	9.204e-02	-2.623	3560	5.146	1.248
87.996	1.200e-01	-2.723	3480	5.206	1.165
87.996	1.585e-01	-2.835	3370	5.262	1.092
87.996	2.074e-01	-2.935	3270	5.310	1.033
87.996	2.723e-01	-3.052	3129	5.351	0.986
87.996	3.578e-01	-3.158	3000	5.383	0.950
87.996	4.668e-01	-3.247	2888	5.406	0.925
87.996	6.126e-01	-3.327	2786	5.424	0.907
87.996	8.052e-01	-3.382	2717	5.435	0.895
87.996	1.050e+00	-3.417	2674	5.442	0.888
87.996	1.378e+00	-3.436	2650	5.446	0.884
87.996	1.805e+00	-3.445	2639	5.448	0.882
87.996	2.363e+00	-3.448	2636	5.448	0.881
87.996	3.139e+00	-3.449	2635	5.448	0.881
87.996	4.159e+00	-3.449	2634	5.449	0.881
87.996	5.536e+00	-3.449	2634	5.449	0.881
87.996	7.369e+00	-3.449	2634	5.449	0.881
87.996	9.808e+00	-3.450	2633	5.449	0.881
90.091	1.026e-04	-0.547	4140	3.342	10.076
90.091	1.354e-04	-0.646	4066	3.409	9.326
90.091	1.769e-04	-0.734	3996	3.468	8.717
90.091	2.326e-04	-0.805	3943	3.515	8.255
90.091	3.057e-04	-0.846	3913	3.544	7.991
90.091	3.987e-04	-0.868	3898	3.559	7.853
90.091	5.263e-04	-0.890	3883	3.574	7.717
90.091	6.933e-04	-0.925	3861	3.599	7.498
90.091	9.112e-04	-1.006	3812	3.658	7.008
90.091	1.198e-03	-1.156	3758	3.783	6.063
90.091	1.575e-03	-1.275	3744	3.895	5.332
90.091	2.078e-03	-1.375	3749	3.998	4.737
90.091	2.716e-03	-1.462	3764	4.092	4.252
90.091	3.543e-03	-1.542	3785	4.182	3.834
90.091	4.676e-03	-1.614	3832	4.274	3.445
90.091	6.122e-03	-1.665	3926	4.367	3.095
90.091	8.035e-03	-1.735	3986	4.464	2.768
90.091	1.056e-02	-1.841	3958	4.558	2.486
90.091	1.394e-02	-1.952	3903	4.645	2.249
90.091	1.825e-02	-2.054	3852	4.724	2.053
90.091	2.376e-02	-2.144	3816	4.798	1.886
90.091	3.119e-02	-2.233	3785	4.873	1.730
90.091	4.084e-02	-2.320	3753	4.945	1.591
90.091	5.346e-02	-2.417	3696	5.016	1.467
90.091	7.057e-02	-2.512	3643	5.085	1.355
90.091	9.238e-02	-2.603	3588	5.150	1.257
90.091	1.213e-01	-2.703	3510	5.211	1.172
90.091	1.594e-01	-2.808	3410	5.267	1.099
90.091	2.095e-01	-2.908	3311	5.314	1.040
90.091	2.754e-01	-3.011	3192	5.355	0.993
90.091	3.635e-01	-3.109	3071	5.385	0.959
90.091	4.758e-01	-3.186	2976	5.407	0.935
90.091	6.245e-01	-3.245	2902	5.422	0.919
90.091	8.208e-01	-3.287	2847	5.432	0.909
90.091	1.079e+00	-3.309	2819	5.436	0.904
90.091	1.413e+00	-3.318	2808	5.438	0.902
90.091	1.837e+00	-3.320	2804	5.439	0.901
90.091	2.388e+00	-3.321	2803	5.439	0.901
90.091	3.121e+00	-3.321	2803	5.439	0.901
90.091	4.120e+00	-3.322	2803	5.439	0.901
90.091	5.484e+00	-3.322	2803	5.439	0.901
90.091	7.299e+00	-3.322	2802	5.439	0.901
90.091	9.715e+00	-3.323	2801	5.439	0.901
92.186	1.010e-04	-0.524	4167	3.340	10.219
92.186	1.327e-04	-0.620	4096	3.406	9.465
92.186	1.745e-04	-0.710	4025	3.467	8.832
92.186	2.294e-04	-0.780	3972	3.513	8.372
92.186	3.016e-04	-0.820	3942	3.540	8.115
92.186	3.963e-04	-0.842	3926	3.555	7.974
92.186	5.170e-04	-0.864	3910	3.570	7.838
92.186	6.837e-04	-0.903	3885	3.597	7.600
92.186	8.989e-04	-0.992	3830	3.662	7.056
92.186	1.181e-03	-1.145	3771	3.787	6.104
92.186	1.553e-03	-1.262	3753	3.897	5.384
92.186	2.041e-03	-1.360	3756	3.996	4.802
92.186	2.684e-03	-1.447	3772	4.091	4.306
92.186	3.528e-03	-1.530	3791	4.182	3.875
92.186	4.601e-03	-1.599	3833	4.270	3.501
92.186	6.039e-03	-1.650	3927	4.363	3.146
92.186	7.937e-03	-1.714	4003	4.460	2.813
92.186	1.048e-02	-1.821	3977	4.556	2.520
92.186	1.380e-02	-1.932	3923	4.643	2.280
92.186	1.807e-02	-2.034	3871	4.723	2.080
92.186	2.362e-02	-2.126	3835	4.798	1.907
92.186	3.105e-02	-2.215	3804	4.873	1.749
92.186	4.066e-02	-2.302	3773	4.946	1.608
92.186	5.323e-02	-2.396	3723	5.017	1.482
92.186	6.987e-02	-2.489	3671	5.086	1.370
92.186	9.183e-02	-2.581	3617	5.151	1.270
92.186	1.198e-01	-2.675	3547	5.212	1.185
92.186	1.581e-01	-2.777	3455	5.268	1.110
92.186	2.070e-01	-2.873	3360	5.315	1.052
92.186	2.717e-01	-2.960	3267	5.354	1.006
92.186	3.570e-01	-3.051	3155	5.384	0.972
92.186	4.657e-01	-3.115	3075	5.404	0.950
92.186	6.112e-01	-3.162	3016	5.417	0.935
92.186	8.033e-01	-3.191	2980	5.425	0.927
92.186	1.056e+00	-3.205	2963	5.428	0.923
92.186	1.388e+00	-3.210	2956	5.430	0.922
92.186	1.832e+00	-3.211	2954	5.430	0.921
92.186	2.439e+00	-3.211	2954	5.430	0.921
92.186	3.246e+00	-3.212	2954	5.430	0.921
92.186	4.321e+00	-3.212	2954	5.430	0.921
92.186	5.751e+00	-3.212	2953	5.430	0.921
92.186	7.654e+00	-3.212	2953	5.430	0.921
92.186	1.000e+01	-3.213	2952	5.431	0.921
94.281	1.005e-04	-0.504	4191	3.340	10.334
94.281	1.321e-04	-0.600	4121	3.407	9.567
94.281	1.736e-04	-0.689	4052	3.467	8.930
94.281	2.265e-04	-0.755	4001	3.511	8.489
94.281	2.990e-04	-0.795	3971	3.537	8.235
94.281	3.914e-04	-0.816	3955	3.552	8.097
94.281	5.137e-04	-0.840	3938	3.568	7.950
94.281	6.751e-04	-0.881	3909	3.596	7.697
94.281	8.911e-04	-0.983	3845	3.669	7.075
94.281	1.167e-03	-1.133	3783	3.791	6.146
94.281	1.531e-03	-1.249	3763	3.898	5.437
94.281	2.012e-03	-1.346	3764	3.995	4.859
94.281	2.646e-03	-1.432	3779	4.089	4.363
94.281	3.477e-03	-1.516	3796	4.180	3.930
94.281	4.536e-03	-1.585	3835	4.267	3.555
94.281	5.987e-03	-1.636	3930	4.361	3.190
94.281	7.838e-03	-1.693	4020	4.456	2.858
94.281	1.037e-02	-1.799	3997	4.553	2.556
94.281	1.363e-02	-1.910	3943	4.640	2.313
94.281	1.791e-02	-2.014	3891	4.721	2.107
94.281	2.336e-02	-2.106	3854	4.796	1.932
94.281	3.084e-02	-2.197	3823	4.873	1.769
94.281	4.037e-02	-2.284	3792	4.946	1.626
94.281	5.299e-02	-2.375	3750	5.018	1.497
94.281	6.939e-02	-2.468	3698	5.087	1.384
94.281	9.068e-02	-2.557	3646	5.151	1.284
94.281	1.183e-01	-2.648	3582	5.212	1.198
94.281	1.538e-01	-2.739	3507	5.265	1.126
94.281	2.018e-01	-2.833	3412	5.312	1.067
94.281	2.652e-01	-2.914	3331	5.351	1.021
94.281	3.487e-01	-2.989	3243	5.380	0.987
94.281	4.583e-01	-3.050	3167	5.399	0.965
94.281	6.026e-01	-3.086	3122	5.411	0.953
94.281	7.920e-01	-3.105	3098	5.417	0.946
94.281	1.041e+00	-3.113	3089	5.419	0.943
94.281	1.369e+00	-3.116	3086	5.420	0.943
94.281	1.806e+00	-3.116	3085	5.420	0.942
94.281	2.404e+00	-3.116	3085	5.420	0.942
94.281	3.200e+00	-3.117	3084	5.420	0.942
94.281	4.259e+00	-3.117	3084	5.420	0.942
94.281	5.669e+00	-3.117	3084	5.420	0.942
94.281	7.546e+00	-3.118	3083	5.420	0.942
94.281	1.000e+01	-3.118	3082	5.421	0.942
96.376	1.030e-04	-0.495	4207	3.347	10.360
96.376	1.348e-04	-0.589	4139	3.413	9.605
96.376	1.779e-04	-0.677	4071	3.472	8.971
96.376	2.329e-04	-0.739	4023	3.513	8.557
96.376	3.075e-04	-0.773	3998	3.536	8.333
96.376	4.018e-04	-0.794	3982	3.550	8.200
96.376	5.223e-04	-0.819	3963	3.567	8.042
96.376	6.813e-04	-0.865	3930	3.598	7.759
96.376	8.993e-04	-0.986	3852	3.686	7.018
96.376	1.177e-03	-1.132	3792	3.804	6.122
96.376	1.557e-03	-1.248	3772	3.910	5.419
96.376	2.031e-03	-1.340	3772	4.003	4.870
96.376	2.665e-03	-1.425	3788	4.095	4.383
96.376	3.503e-03	-1.507	3803	4.184	3.953
96.376	4.606e-03	-1.576	3847	4.273	3.568
96.376	6.053e-03	-1.627	3940	4.365	3.209
96.376	7.991e-03	-1.682	4038	4.463	2.866
96.376	1.053e-02	-1.790	4011	4.559	2.567
96.376	1.383e-02	-1.900	3957	4.646	2.323
96.376	1.816e-02	-2.004	3905	4.727	2.117
96.376	2.386e-02	-2.097	3869	4.804	1.937
96.376	3.138e-02	-2.186	3839	4.880	1.775
96.376	4.124e-02	-2.275	3808	4.954	1.630
96.376	5.379e-02	-2.361	3772	5.024	1.503
96.376	7.113e-02	-2.457	3719	5.095	1.385
96.376	9.278e-02	-2.546	3667	5.159	1.286
96.376	1.225e-01	-2.638	3604	5.222	1.197
96.376	1.603e-01	-2.727	3531	5.275	1.126
96.376	2.104e-01	-2.815	3444	5.320	1.069
96.376	2.766e-01	-2.888	3370	5.355	1.027
96.376	3.607e-01	-2.945	3309	5.380	0.998
96.376	4.762e-01	-2.992	3251	5.397	0.979
96.376	6.272e-01	-3.019	3218	5.405	0.969
96.376	8.214e-01	-3.029	3204	5.409	0.965
96.376	1.073e+00	-3.033	3200	5.410	0.964
96.376	1.417e+00	-3.033	3199	5.410	0.964
96.376	1.886e+00	-3.034	3199	5.410	0.964
96.376	2.510e+00	-3.034	3199	5.410	0.964
96.376	3.341e+00	-3.034	3198	5.410	0.964
96.376	4.447e+00	-3.034	3198	5.410	0.964
96.376	5.919e+00	-3.035	3198	5.410	0.963
96.376	7.878e+00	-3.035	3197	5.411	0.963
98.471	1.041e-04	-0.481	4227	3.351	10.426
98.471	1.368e-04	-0.576	4159	3.418	9.658
98.471	1.795e-04	-0.660	4095	3.474	9.046
98.471	2.359e-04	-0.719	4049	3.514	8.648
98.471	3.102e-04	-0.749	4025	3.534	8.444
98.471	4.062e-04	-0.770	4009	3.548	8.308
98.471	5.351e-04	-0.800	3987	3.568	8.122
98.471	7.033e-04	-0.858	3944	3.607	7.763
98.471	9.228e-04	-1.003	3851	3.711	6.891
98.471	1.201e-03	-1.135	3801	3.820	6.074
98.471	1.572e-03	-1.244	3780	3.919	5.420
98.471	2.063e-03	-1.336	3781	4.013	4.869
98.471	2.701e-03	-1.419	3796	4.102	4.393
98.471	3.536e-03	-1.499	3811	4.189	3.972
98.471	4.641e-03	-1.567	3855	4.277	3.591
98.471	6.100e-03	-1.617	3949	4.369	3.231
98.471	8.052e-03	-1.671	4049	4.466	2.888
98.471	1.061e-02	-1.777	4027	4.562	2.585
98.471	1.394e-02	-1.887	3972	4.649	2.339
98.471	1.830e-02	-1.991	3921	4.730	2.131
98.471	2.405e-02	-2.084	3886	4.808	1.950
98.471	3.161e-02	-2.173	3856	4.883	1.787
98.471	4.155e-02	-2.261	3824	4.957	1.641
98.471	5.420e-02	-2.345	3795	5.028	1.513
98.471	7.154e-02	-2.441	3743	5.099	1.394
98.471	9.365e-02	-2.530	3691	5.164	1.293
98.471	1.229e-01	-2.617	3635	5.224	1.206
98.471	1.615e-01	-2.703	3565	5.278	1.135
98.471	2.107e-01	-2.784	3488	5.320	1.080
98.471	2.781e-01	-2.853	3419	5.354	1.039
98.471	3.641e-01	-2.900	3371	5.377	1.013
98.471	4.806e-01	-2.933	3336	5.391	0.996
98.471	6.292e-01	-2.950	3315	5.398	0.988
98.471	8.305e-01	-2.957	3306	5.401	0.985
98.471	1.087e+00	-2.959	3304	5.401	0.984
98.471	1.444e+00	-2.960	3304	5.402	0.984
98.471	1.922e+00	-2.960	3304	5.402	0.984
98.471	2.547e+00	-2.960	3303	5.402	0.984
98.471	3.390e+00	-2.960	3303	5.402	0.984
98.471	4.513e+00	-2.961	3303	5.402	0.983
98.471	6.006e+00	-2.961	3302	5.402	0.983
98.471	7.995e+00	-2.962	3302	5.402	0.983
100.566	1.002e-04	-0.451	4258	3.343	10.641
100.566	1.303e-04	-0.543	4192	3.407	9.876
100.566	1.700e-04	-0.626	4131	3.465	9.246
100.566	2.243e-04	-0.689	4082	3.507	8.808
100.566	2.937e-04	-0.721	4057	3.529	8.590
100.566	3.854e-04	-0.743	4040	3.543	8.448
100.566	5.066e-04	-0.771	4019	3.562	8.266
100.566	6.687e-04	-0.827	3976	3.600	7.914
100.566	8.754e-04	-0.967	3882	3.698	7.067
100.566	1.149e-03	-1.110	3816	3.812	6.202
100.566	1.510e-03	-1.222	3790	3.911	5.530
100.566	1.970e-03	-1.314	3786	4.001	4.985
100.566	2.585e-03	-1.396	3802	4.091	4.498
100.566	3.398e-03	-1.477	3817	4.179	4.064
100.566	4.432e-03	-1.548	3847	4.263	3.687
100.566	5.850e-03	-1.598	3940	4.355	3.317
100.566	7.706e-03	-1.651	4039	4.451	2.971
100.566	1.013e-02	-1.741	4053	4.547	2.658
100.566	1.339e-02	-1.856	3997	4.638	2.395
100.566	1.761e-02	-1.961	3944	4.720	2.179
100.566	2.306e-02	-2.055	3907	4.797	1.994
100.566	3.019e-02	-2.143	3878	4.872	1.829
100.566	3.962e-02	-2.231	3847	4.946	1.679
100.566	5.189e-02	-2.315	3820	5.018	1.546
100.566	6.792e-02	-2.405	3777	5.088	1.426
100.566	8.966e-02	-2.497	3724	5.156	1.319
100.566	1.174e-01	-2.582	3673	5.217	1.230
100.566	1.541e-01	-2.666	3609	5.270	1.156
100.566	2.025e-01	-2.741	3545	5.315	1.099
100.566	2.662e-01	-2.807	3478	5.348	1.058
100.566	3.499e-01	-2.852	3432	5.369	1.032
100.566	4.600e-01	-2.879	3405	5.382	1.017
100.566	6.024e-01	-2.891	3392	5.388	1.010
100.566	7.831e-01	-2.896	3387	5.390	1.007
100.566	1.023e+00	-2.898	3385	5.391	1.006
100.566	1.351e+00	-2.898	3385	5.391	1.006
100.566	1.798e+00	-2.898	3385	5.391	1.006
100.566	2.393e+00	-2.898	3385	5.391	1.006
100.566	3.185e+00	-2.898	3385	5.391	1.006
100.566	4.239e+00	-2.899	3384	5.392	1.006
100.566	5.643e+00	-2.899	3384	5.392	1.006
100.566	7.510e+00	-2.900	3383	5.392	1.005
100.566	9.996e+00	-2.900	3383	5.392	1.005
102.661	1.034e-04	-0.446	4269	3.351	10.643
102.661	1.362e-04	-0.540	4203	3.419	9.850
102.661	1.790e-04	-0.621	4144	3.474	9.239
102.661	2.334e-04	-0.673	4104	3.509	8.872
102.661	3.040e-04	-0.701	4082	3.528	8.685
102.661	3.990e-04	-0.722	4065	3.543	8.540
102.661	5.243e-04	-0.755	4040	3.564	8.328
102.661	6.921e-04	-0.826	3987	3.612	7.884
102.661	9.061e-04	-0.986	3878	3.725	6.923
102.661	1.198e-03	-1.123	3821	3.835	6.096
102.661	1.575e-03	-1.230	3798	3.932	5.458
102.661	2.071e-03	-1.320	3797	4.022	4.918
102.661	2.722e-03	-1.402	3812	4.110	4.443
102.661	3.578e-03	-1.482	3827	4.197	4.020
102.661	4.704e-03	-1.548	3872	4.284	3.638
102.661	6.183e-03	-1.598	3965	4.375	3.277
102.661	8.129e-03	-1.650	4064	4.470	2.936
102.661	1.065e-02	-1.747	4059	4.564	2.633
102.661	1.394e-02	-1.856	4005	4.651	2.384
102.661	1.840e-02	-1.963	3952	4.734	2.167
102.661	2.408e-02	-2.054	3919	4.811	1.984
102.661	3.179e-02	-2.145	3889	4.888	1.815
102.661	4.154e-02	-2.231	3859	4.961	1.669
102.661	5.418e-02	-2.312	3835	5.031	1.539
102.661	7.152e-02	-2.404	3791	5.103	1.416
102.661	9.363e-02	-2.493	3740	5.168	1.314
102.661	1.219e-01	-2.574	3691	5.226	1.229
102.661	1.609e-01	-2.654	3632	5.279	1.157
102.661	2.107e-01	-2.721	3577	5.319	1.104
102.661	2.781e-01	-2.779	3519	5.349	1.067
102.661	3.640e-01	-2.815	3483	5.366	1.046
102.661	4.805e-01	-2.834	3463	5.376	1.035
102.661	6.279e-01	-2.841	3456	5.379	1.031
102.661	8.190e-01	-2.844	3453	5.380	1.029
102.661	1.075e+00	-2.844	3453	5.381	1.029
102.661	1.425e+00	-2.844	3453	5.381	1.029
102.661	1.896e+00	-2.844	3453	5.381	1.029
102.661	2.524e+00	-2.845	3452	5.381	1.029
102.661	3.359e+00	-2.845	3452	5.381	1.029
102.661	4.471e+00	-2.845	3452	5.381	1.028
102.661	5.951e+00	-2.845	3452	5.381	1.028
102.661	7.921e+00	-2.846	3451	5.382	1.028
104.757	1.041e-04	-0.434	4285	3.354	10.718
104.757	1.369e-04	-0.525	4224	3.421	9.928
104.757	1.807e-04	-0.604	4166	3.476	9.318
104.757	2.365e-04	-0.653	4128	3.509	8.968
104.757	3.122e-04	-0.680	4108	3.527	8.785
104.757	4.080e-04	-0.702	4090	3.542	8.633
104.757	5.385e-04	-0.740	4061	3.567	8.385
104.757	7.050e-04	-0.825	3997	3.624	7.855
104.757	9.306e-04	-0.998	3880	3.746	6.826
104.757	1.218e-03	-1.123	3830	3.848	6.069
104.757	1.608e-03	-1.229	3806	3.943	5.439
104.757	2.105e-03	-1.317	3805	4.031	4.918
104.757	2.779e-03	-1.398	3821	4.119	4.442
104.757	3.637e-03	-1.476	3835	4.204	4.028
104.757	4.774e-03	-1.540	3883	4.290	3.650
104.757	6.275e-03	-1.590	3976	4.380	3.289
104.757	8.184e-03	-1.641	4072	4.472	2.957
104.757	1.074e-02	-1.735	4074	4.568	2.650
104.757	1.412e-02	-1.846	4019	4.656	2.395
104.757	1.841e-02	-1.948	3968	4.735	2.186
104.757	2.417e-02	-2.040	3935	4.813	1.999
104.757	3.165e-02	-2.128	3906	4.888	1.833
104.757	4.143e-02	-2.215	3876	4.961	1.684
104.757	5.438e-02	-2.298	3853	5.034	1.549
104.757	7.147e-02	-2.386	3815	5.105	1.428
104.757	9.397e-02	-2.476	3764	5.171	1.323
104.757	1.235e-01	-2.558	3714	5.230	1.236
104.757	1.624e-01	-2.633	3663	5.281	1.166
104.757	2.126e-01	-2.695	3614	5.319	1.116
104.757	2.784e-01	-2.743	3570	5.346	1.082
104.757	3.674e-01	-2.774	3537	5.361	1.063
104.757	4.802e-01	-2.788	3523	5.368	1.054
104.757	6.263e-01	-2.793	3518	5.371	1.051
104.757	8.221e-01	-2.795	3516	5.372	1.050
104.757	1.089e+00	-2.795	3516	5.372	1.050
104.757	1.450e+00	-2.795	3516	5.372	1.050
104.757	1.930e+00	-2.795	3516	5.372	1.050
104.757	2.569e+00	-2.795	3516	5.372	1.050
104.757	3.419e+00	-2.795	3515	5.372	1.050
104.757	4.551e+00	-2.796	3515	5.372	1.050
104.757	6.057e+00	-2.796	3515	5.372	1.050
104.757	8.045e+00	-2.797	3514	5.373	1.049
