Mass/Mjup	Age/Gyr	log(L/Lsun)	Teff	log(g)	Radius/Rjup
0.047	1.001e-04	-6.026	449	1.682	1.560
0.047	1.315e-04	-6.150	433	1.742	1.456
0.047	1.736e-04	-6.266	419	1.800	1.362
0.047	2.287e-04	-6.361	410	1.858	1.274
0.047	3.025e-04	-6.499	391	1.914	1.194
0.047	3.975e-04	-6.612	377	1.965	1.126
0.047	5.227e-04	-6.726	363	2.015	1.063
0.047	6.912e-04	-6.842	350	2.063	1.006
0.047	9.085e-04	-6.950	337	2.108	0.955
0.047	1.199e-03	-7.061	325	2.153	0.907
0.047	1.586e-03	-7.172	312	2.197	0.862
0.047	2.089e-03	-7.285	300	2.241	0.819
0.047	2.746e-03	-7.401	288	2.284	0.780
0.047	3.624e-03	-7.520	275	2.325	0.744
0.047	4.745e-03	-7.636	263	2.363	0.712
0.047	6.263e-03	-7.756	251	2.400	0.682
0.047	8.250e-03	-7.873	239	2.435	0.655
0.047	1.084e-02	-7.988	228	2.468	0.631
0.047	1.414e-02	-8.099	218	2.499	0.609
0.047	1.870e-02	-8.216	208	2.530	0.587
0.047	2.469e-02	-8.336	197	2.560	0.568
0.047	3.252e-02	-8.456	187	2.587	0.550
0.047	4.274e-02	-8.571	177	2.612	0.535
0.047	5.642e-02	-8.687	168	2.636	0.520
0.047	7.432e-02	-8.803	159	2.659	0.506
0.047	9.768e-02	-8.919	151	2.681	0.494
0.047	1.282e-01	-9.039	143	2.703	0.482
0.047	1.685e-01	-9.163	134	2.723	0.470
0.047	2.224e-01	-9.290	126	2.743	0.460
0.047	2.941e-01	-9.421	118	2.760	0.451
0.047	3.851e-01	-9.546	111	2.776	0.442
0.047	5.083e-01	-9.672	104	2.791	0.435
0.047	6.722e-01	-9.796	98	2.806	0.428
0.047	8.855e-01	-9.918	92	2.819	0.421
0.047	1.164e+00	-10.037	86	2.831	0.415
0.047	1.536e+00	-10.160	81	2.843	0.410
0.047	2.032e+00	-10.287	76	2.855	0.404
0.047	2.687e+00	-10.407	71	2.866	0.399
0.063	1.008e-04	-5.828	501	1.798	1.575
0.063	1.325e-04	-5.948	483	1.856	1.474
0.063	1.750e-04	-6.069	465	1.911	1.383
0.063	2.314e-04	-6.189	447	1.963	1.303
0.063	3.048e-04	-6.289	435	2.013	1.231
0.063	4.031e-04	-6.403	419	2.062	1.162
0.063	5.298e-04	-6.515	403	2.109	1.102
0.063	6.993e-04	-6.635	387	2.155	1.045
0.063	9.155e-04	-6.755	370	2.196	0.996
0.063	1.208e-03	-6.860	356	2.238	0.949
0.063	1.582e-03	-6.967	343	2.278	0.907
0.063	2.088e-03	-7.077	329	2.318	0.866
0.063	2.751e-03	-7.189	316	2.356	0.828
0.063	3.615e-03	-7.300	302	2.394	0.794
0.063	4.781e-03	-7.417	289	2.431	0.760
0.063	6.311e-03	-7.536	275	2.467	0.730
0.063	8.313e-03	-7.660	261	2.501	0.701
0.063	1.093e-02	-7.780	249	2.533	0.676
0.063	1.442e-02	-7.898	236	2.564	0.652
0.063	1.888e-02	-8.013	225	2.594	0.631
0.063	2.497e-02	-8.133	214	2.622	0.610
0.063	3.283e-02	-8.254	202	2.649	0.591
0.063	4.299e-02	-8.374	191	2.674	0.575
0.063	5.618e-02	-8.495	181	2.697	0.560
0.063	7.386e-02	-8.616	171	2.720	0.545
0.063	9.769e-02	-8.740	161	2.742	0.532
0.063	1.292e-01	-8.869	152	2.763	0.519
0.063	1.698e-01	-9.001	142	2.784	0.507
0.063	2.245e-01	-9.142	133	2.804	0.495
0.063	2.970e-01	-9.282	124	2.821	0.485
0.063	3.920e-01	-9.419	115	2.837	0.476
0.063	5.132e-01	-9.547	108	2.851	0.469
0.063	6.774e-01	-9.676	101	2.864	0.462
0.063	8.867e-01	-9.793	95	2.875	0.456
0.063	1.164e+00	-9.899	90	2.885	0.451
0.063	1.530e+00	-9.990	86	2.893	0.447
0.063	2.019e+00	-10.069	82	2.900	0.443
0.063	2.660e+00	-10.137	79	2.905	0.440
0.063	3.496e+00	-10.202	77	2.910	0.438
0.063	4.559e+00	-10.265	74	2.915	0.435
0.063	5.984e+00	-10.323	72	2.920	0.433
0.126	1.013e-04	-5.412	550	1.845	2.110
0.126	1.340e-04	-5.515	536	1.904	1.972
0.126	1.765e-04	-5.629	518	1.959	1.851
0.126	2.320e-04	-5.737	502	2.011	1.744
0.126	3.068e-04	-5.853	483	2.061	1.645
0.126	4.033e-04	-5.967	465	2.108	1.559
0.126	5.334e-04	-6.076	448	2.154	1.479
0.126	7.010e-04	-6.181	433	2.198	1.407
0.126	9.201e-04	-6.287	417	2.240	1.340
0.126	1.209e-03	-6.405	399	2.280	1.279
0.126	1.599e-03	-6.528	380	2.319	1.223
0.126	2.103e-03	-6.635	365	2.356	1.173
0.126	2.764e-03	-6.740	351	2.392	1.125
0.126	3.655e-03	-6.851	336	2.428	1.079
0.126	4.833e-03	-6.970	320	2.463	1.036
0.126	6.355e-03	-7.082	306	2.496	0.998
0.126	8.352e-03	-7.197	292	2.528	0.961
0.126	1.102e-02	-7.317	277	2.560	0.927
0.126	1.443e-02	-7.436	263	2.589	0.896
0.126	1.909e-02	-7.561	249	2.618	0.867
0.126	2.490e-02	-7.678	236	2.645	0.841
0.126	3.268e-02	-7.797	224	2.671	0.816
0.126	4.295e-02	-7.920	212	2.696	0.793
0.126	5.602e-02	-8.043	200	2.719	0.771
0.126	7.394e-02	-8.177	188	2.742	0.751
0.126	9.680e-02	-8.308	176	2.764	0.733
0.126	1.280e-01	-8.441	165	2.784	0.716
0.126	1.690e-01	-8.574	155	2.804	0.700
0.126	2.212e-01	-8.706	145	2.821	0.686
0.126	2.920e-01	-8.844	135	2.838	0.673
0.126	3.822e-01	-8.980	126	2.854	0.661
0.126	5.055e-01	-9.125	117	2.868	0.650
0.126	6.646e-01	-9.268	108	2.882	0.640
0.126	8.735e-01	-9.411	101	2.894	0.631
0.126	1.153e+00	-9.557	93	2.906	0.622
0.126	1.507e+00	-9.697	86	2.917	0.615
0.126	1.989e+00	-9.843	80	2.927	0.608
0.126	2.620e+00	-9.984	74	2.936	0.601
0.126	3.369e+00	-10.092	70	2.943	0.596
0.126	3.732e+00	-10.092	70	2.943	0.596
0.126	4.885e+00	-10.092	70	2.943	0.596
0.126	6.502e+00	-10.092	70	2.943	0.596
0.126	8.654e+00	-10.092	70	2.943	0.596
0.189	1.016e-04	-5.148	644	2.032	2.085
0.189	1.336e-04	-5.248	626	2.083	1.965
0.189	1.756e-04	-5.359	604	2.133	1.857
0.189	2.308e-04	-5.478	580	2.179	1.761
0.189	3.047e-04	-5.588	558	2.223	1.673
0.189	3.988e-04	-5.694	538	2.264	1.595
0.189	5.275e-04	-5.809	515	2.306	1.521
0.189	6.976e-04	-5.924	493	2.345	1.454
0.189	9.208e-04	-6.036	473	2.383	1.392
0.189	1.203e-03	-6.143	453	2.418	1.337
0.189	1.570e-03	-6.258	433	2.452	1.286
0.189	2.072e-03	-6.384	410	2.485	1.238
0.189	2.729e-03	-6.500	391	2.516	1.194
0.189	3.587e-03	-6.611	373	2.547	1.153
0.189	4.735e-03	-6.717	357	2.577	1.113
0.189	6.237e-03	-6.829	341	2.606	1.076
0.189	8.197e-03	-6.944	324	2.635	1.042
0.189	1.082e-02	-7.062	308	2.663	1.008
0.189	1.416e-02	-7.177	292	2.689	0.978
0.189	1.870e-02	-7.297	277	2.716	0.949
0.189	2.448e-02	-7.419	262	2.740	0.922
0.189	3.237e-02	-7.547	247	2.765	0.897
0.189	4.273e-02	-7.669	233	2.788	0.873
0.189	5.593e-02	-7.790	220	2.810	0.852
0.189	7.397e-02	-7.917	207	2.831	0.831
0.189	9.726e-02	-8.047	195	2.851	0.812
0.189	1.274e-01	-8.179	182	2.870	0.794
0.189	1.667e-01	-8.313	170	2.888	0.778
0.189	2.171e-01	-8.442	160	2.904	0.764
0.189	2.849e-01	-8.577	149	2.920	0.750
0.189	3.745e-01	-8.715	139	2.935	0.737
0.189	4.885e-01	-8.851	130	2.948	0.726
0.189	6.448e-01	-8.996	120	2.961	0.715
0.189	8.493e-01	-9.143	111	2.973	0.705
0.189	1.112e+00	-9.286	103	2.984	0.697
0.189	1.456e+00	-9.430	95	2.994	0.688
0.189	1.922e+00	-9.580	88	3.004	0.681
0.189	2.516e+00	-9.725	81	3.013	0.674
0.189	3.321e+00	-9.873	75	3.021	0.668
0.262	1.030e-04	-4.887	752	2.183	2.064
0.262	1.349e-04	-5.005	723	2.232	1.950
0.262	1.780e-04	-5.113	698	2.279	1.847
0.262	2.345e-04	-5.226	671	2.324	1.753
0.262	3.082e-04	-5.348	641	2.366	1.671
0.262	4.076e-04	-5.465	613	2.407	1.595
0.262	5.380e-04	-5.588	584	2.445	1.527
0.262	7.115e-04	-5.706	557	2.481	1.464
0.262	9.373e-04	-5.825	531	2.515	1.408
0.262	1.232e-03	-5.941	506	2.548	1.356
0.262	1.620e-03	-6.066	479	2.579	1.309
0.262	2.142e-03	-6.187	455	2.609	1.264
0.262	2.833e-03	-6.299	433	2.638	1.223
0.262	3.746e-03	-6.423	410	2.666	1.184
0.262	4.924e-03	-6.551	387	2.692	1.149
0.262	6.499e-03	-6.662	368	2.717	1.116
0.262	8.508e-03	-6.765	352	2.742	1.084
0.262	1.117e-02	-6.881	334	2.766	1.054
0.262	1.468e-02	-6.998	317	2.790	1.025
0.262	1.930e-02	-7.114	300	2.814	0.998
0.262	2.536e-02	-7.232	284	2.836	0.972
0.262	3.334e-02	-7.359	267	2.858	0.948
0.262	4.382e-02	-7.481	252	2.879	0.926
0.262	5.762e-02	-7.601	238	2.899	0.905
0.262	7.573e-02	-7.725	224	2.919	0.884
0.262	9.996e-02	-7.851	211	2.938	0.865
0.262	1.309e-01	-7.977	198	2.956	0.848
0.262	1.727e-01	-8.116	185	2.973	0.831
0.262	2.261e-01	-8.252	172	2.989	0.816
0.262	2.968e-01	-8.387	161	3.004	0.802
0.262	3.886e-01	-8.521	150	3.018	0.789
0.262	5.088e-01	-8.659	140	3.031	0.778
0.262	6.678e-01	-8.798	130	3.043	0.767
0.262	8.776e-01	-8.943	120	3.054	0.757
0.262	1.158e+00	-9.093	111	3.065	0.748
0.262	1.517e+00	-9.239	103	3.074	0.739
0.262	2.002e+00	-9.391	95	3.084	0.732
0.262	2.621e+00	-9.537	87	3.092	0.725
0.262	3.459e+00	-9.690	80	3.100	0.718
0.262	4.528e+00	-9.832	74	3.107	0.712
0.262	5.013e+00	-9.857	73	3.108	0.711
0.262	5.680e+00	-9.857	73	3.108	0.711
0.262	7.528e+00	-9.857	73	3.108	0.711
0.262	1.000e+01	-9.857	73	3.108	0.711
0.524	1.009e-04	-4.317	1010	2.426	2.205
0.524	1.332e-04	-4.418	983	2.480	2.072
0.524	1.744e-04	-4.515	958	2.531	1.955
0.524	2.289e-04	-4.621	927	2.581	1.847
0.524	3.008e-04	-4.750	884	2.627	1.751
0.524	3.955e-04	-4.873	844	2.669	1.667
0.524	5.197e-04	-5.004	801	2.709	1.592
0.524	6.874e-04	-5.133	760	2.746	1.526
0.524	9.037e-04	-5.276	713	2.780	1.468
0.524	1.183e-03	-5.413	670	2.810	1.418
0.524	1.549e-03	-5.539	634	2.838	1.373
0.524	2.045e-03	-5.670	597	2.865	1.331
0.524	2.677e-03	-5.813	557	2.890	1.294
0.524	3.540e-03	-5.942	525	2.913	1.259
0.524	4.673e-03	-6.062	496	2.935	1.227
0.524	6.118e-03	-6.185	468	2.956	1.198
0.524	8.076e-03	-6.320	438	2.977	1.170
0.524	1.057e-02	-6.449	411	2.996	1.145
0.524	1.398e-02	-6.564	389	3.015	1.120
0.524	1.846e-02	-6.675	369	3.033	1.096
0.524	2.431e-02	-6.791	349	3.052	1.073
0.524	3.195e-02	-6.912	328	3.070	1.052
0.524	4.218e-02	-7.026	311	3.087	1.030
0.524	5.556e-02	-7.149	292	3.105	1.010
0.524	7.275e-02	-7.268	276	3.121	0.991
0.524	9.583e-02	-7.391	259	3.137	0.972
0.524	1.260e-01	-7.519	243	3.153	0.955
0.524	1.663e-01	-7.641	228	3.168	0.939
0.524	2.176e-01	-7.764	215	3.183	0.923
0.524	2.873e-01	-7.896	201	3.197	0.908
0.524	3.784e-01	-8.035	187	3.211	0.894
0.524	4.974e-01	-8.176	173	3.223	0.881
0.524	6.488e-01	-8.310	162	3.235	0.870
0.524	8.564e-01	-8.451	150	3.246	0.858
0.524	1.119e+00	-8.594	139	3.256	0.849
0.524	1.460e+00	-8.734	129	3.265	0.840
0.524	1.927e+00	-8.888	118	3.274	0.831
0.524	2.522e+00	-9.039	109	3.282	0.824
0.524	3.330e+00	-9.193	100	3.289	0.816
0.524	4.351e+00	-9.339	93	3.296	0.810
0.524	5.721e+00	-9.490	85	3.303	0.804
0.524	7.519e+00	-9.640	78	3.308	0.799
0.786	1.009e-04	-3.996	1179	2.550	2.343
0.786	1.321e-04	-4.092	1150	2.603	2.203
0.786	1.744e-04	-4.199	1115	2.657	2.072
0.786	2.283e-04	-4.308	1078	2.706	1.958
0.786	2.997e-04	-4.411	1044	2.753	1.853
0.786	3.939e-04	-4.516	1009	2.800	1.757
0.786	5.199e-04	-4.650	958	2.844	1.670
0.786	6.849e-04	-4.780	910	2.884	1.594
0.786	9.001e-04	-4.917	859	2.921	1.528
0.786	1.190e-03	-5.058	808	2.956	1.468
0.786	1.571e-03	-5.210	754	2.986	1.418
0.786	2.057e-03	-5.337	712	3.014	1.374
0.786	2.715e-03	-5.494	660	3.039	1.334
0.786	3.577e-03	-5.623	621	3.063	1.298
0.786	4.730e-03	-5.776	576	3.085	1.266
0.786	6.217e-03	-5.907	540	3.105	1.237
0.786	8.206e-03	-6.044	505	3.124	1.210
0.786	1.074e-02	-6.168	475	3.141	1.186
0.786	1.410e-02	-6.297	445	3.158	1.163
0.786	1.853e-02	-6.427	417	3.175	1.141
0.786	2.446e-02	-6.547	393	3.191	1.120
0.786	3.222e-02	-6.662	371	3.206	1.100
0.786	4.235e-02	-6.784	349	3.222	1.081
0.786	5.524e-02	-6.889	331	3.236	1.063
0.786	7.291e-02	-7.006	312	3.252	1.044
0.786	9.545e-02	-7.122	294	3.266	1.027
0.786	1.260e-01	-7.245	277	3.281	1.010
0.786	1.649e-01	-7.374	259	3.295	0.994
0.786	2.177e-01	-7.498	243	3.308	0.978
0.786	2.850e-01	-7.618	229	3.321	0.964
0.786	3.762e-01	-7.746	214	3.334	0.949
0.786	4.925e-01	-7.876	200	3.347	0.936
0.786	6.501e-01	-8.017	186	3.358	0.924
0.786	8.511e-01	-8.155	172	3.369	0.912
0.786	1.123e+00	-8.298	160	3.380	0.901
0.786	1.471e+00	-8.439	148	3.389	0.892
0.786	1.941e+00	-8.587	137	3.398	0.882
0.786	2.541e+00	-8.734	126	3.406	0.874
0.786	3.354e+00	-8.889	116	3.414	0.867
0.786	4.419e+00	-9.045	106	3.421	0.860
0.786	5.786e+00	-9.195	98	3.427	0.853
0.786	7.575e+00	-9.345	90	3.433	0.848
0.786	9.863e+00	-9.491	83	3.438	0.843
1.048	1.027e-04	-3.779	1304	2.633	2.459
1.048	1.345e-04	-3.875	1273	2.687	2.311
1.048	1.757e-04	-3.975	1238	2.739	2.176
1.048	2.310e-04	-4.077	1203	2.790	2.051
1.048	3.036e-04	-4.193	1158	2.840	1.938
1.048	3.992e-04	-4.305	1115	2.886	1.836
1.048	5.246e-04	-4.414	1075	2.931	1.744
1.048	6.925e-04	-4.534	1028	2.975	1.658
1.048	9.159e-04	-4.673	971	3.016	1.583
1.048	1.199e-03	-4.803	920	3.051	1.519
1.048	1.583e-03	-4.945	865	3.085	1.460
1.048	2.085e-03	-5.103	804	3.115	1.411
1.048	2.740e-03	-5.236	756	3.143	1.367
1.048	3.617e-03	-5.397	699	3.168	1.328
1.048	4.735e-03	-5.530	656	3.189	1.295
1.048	6.262e-03	-5.684	607	3.211	1.264
1.048	8.265e-03	-5.830	564	3.230	1.237
1.048	1.093e-02	-5.973	525	3.247	1.212
1.048	1.440e-02	-6.098	493	3.263	1.190
1.048	1.892e-02	-6.224	463	3.279	1.168
1.048	2.468e-02	-6.356	433	3.294	1.149
1.048	3.258e-02	-6.483	406	3.308	1.130
1.048	4.292e-02	-6.603	382	3.323	1.111
1.048	5.641e-02	-6.717	360	3.336	1.094
1.048	7.446e-02	-6.832	340	3.350	1.076
1.048	9.809e-02	-6.951	320	3.364	1.059
1.048	1.289e-01	-7.068	301	3.378	1.043
1.048	1.695e-01	-7.188	284	3.391	1.027
1.048	2.228e-01	-7.313	266	3.404	1.012
1.048	2.929e-01	-7.437	249	3.416	0.998
1.048	3.835e-01	-7.556	234	3.428	0.984
1.048	5.021e-01	-7.678	220	3.440	0.971
1.048	6.627e-01	-7.810	205	3.452	0.958
1.048	8.676e-01	-7.946	191	3.462	0.946
1.048	1.145e+00	-8.089	177	3.473	0.935
1.048	1.499e+00	-8.229	164	3.482	0.925
1.048	1.968e+00	-8.370	152	3.491	0.915
1.048	2.586e+00	-8.518	140	3.500	0.906
1.048	3.400e+00	-8.666	129	3.507	0.898
1.048	4.469e+00	-8.820	119	3.515	0.891
1.048	5.899e+00	-8.978	109	3.521	0.884
1.048	7.722e+00	-9.129	100	3.527	0.878
1.048	1.000e+01	-9.274	93	3.532	0.873
1.571	1.033e-04	-3.445	1508	2.727	2.701
1.571	1.352e-04	-3.550	1468	2.786	2.526
1.571	1.775e-04	-3.657	1426	2.842	2.368
1.571	2.333e-04	-3.762	1384	2.896	2.225
1.571	3.067e-04	-3.869	1341	2.948	2.095
1.571	4.031e-04	-3.979	1296	2.998	1.978
1.571	5.322e-04	-4.096	1246	3.047	1.870
1.571	7.010e-04	-4.216	1193	3.092	1.775
1.571	9.213e-04	-4.330	1146	3.135	1.690
1.571	1.202e-03	-4.449	1095	3.175	1.614
1.571	1.586e-03	-4.588	1033	3.213	1.544
1.571	2.077e-03	-4.717	978	3.247	1.485
1.571	2.746e-03	-4.860	918	3.280	1.430
1.571	3.625e-03	-5.025	849	3.309	1.383
1.571	4.775e-03	-5.176	790	3.334	1.343
1.571	6.276e-03	-5.330	732	3.357	1.309
1.571	8.284e-03	-5.475	682	3.378	1.277
1.571	1.091e-02	-5.635	628	3.396	1.250
1.571	1.434e-02	-5.773	586	3.413	1.226
1.571	1.893e-02	-5.922	543	3.429	1.204
1.571	2.504e-02	-6.051	508	3.444	1.183
1.571	3.278e-02	-6.179	476	3.458	1.164
1.571	4.326e-02	-6.332	439	3.472	1.146
1.571	5.722e-02	-6.460	411	3.485	1.129
1.571	7.537e-02	-6.573	388	3.497	1.114
1.571	9.906e-02	-6.685	366	3.509	1.098
1.571	1.310e-01	-6.809	344	3.521	1.083
1.571	1.709e-01	-6.924	324	3.533	1.068
1.571	2.256e-01	-7.041	305	3.545	1.054
1.571	2.953e-01	-7.157	287	3.556	1.040
1.571	3.898e-01	-7.281	269	3.568	1.026
1.571	5.102e-01	-7.402	252	3.579	1.013
1.571	6.735e-01	-7.524	237	3.590	1.001
1.571	8.817e-01	-7.646	222	3.600	0.989
1.571	1.164e+00	-7.777	207	3.611	0.977
1.571	1.521e+00	-7.911	193	3.621	0.966
1.571	1.984e+00	-8.049	179	3.630	0.956
1.571	2.604e+00	-8.191	166	3.638	0.946
1.571	3.422e+00	-8.336	153	3.646	0.938
1.571	4.499e+00	-8.485	141	3.654	0.929
1.571	5.913e+00	-8.635	130	3.661	0.922
1.571	7.805e+00	-8.792	119	3.667	0.915
1.571	1.000e+01	-8.935	110	3.673	0.910
2.095	1.041e-04	-3.210	1647	2.770	2.968
2.095	1.369e-04	-3.299	1625	2.837	2.750
2.095	1.799e-04	-3.411	1581	2.900	2.557
2.095	2.365e-04	-3.526	1531	2.960	2.386
2.095	3.108e-04	-3.640	1481	3.016	2.237
2.095	4.054e-04	-3.748	1434	3.067	2.108
2.095	5.352e-04	-3.860	1384	3.119	1.987
2.095	7.050e-04	-3.971	1336	3.168	1.878
2.095	9.265e-04	-4.096	1277	3.214	1.781
2.095	1.218e-03	-4.217	1221	3.257	1.695
2.095	1.601e-03	-4.331	1170	3.298	1.617
2.095	2.113e-03	-4.475	1102	3.337	1.546
2.095	2.784e-03	-4.610	1040	3.372	1.485
2.095	3.659e-03	-4.747	979	3.404	1.431
2.095	4.839e-03	-4.913	905	3.433	1.383
2.095	6.387e-03	-5.062	843	3.459	1.343
2.095	8.414e-03	-5.218	781	3.482	1.308
2.095	1.106e-02	-5.364	727	3.503	1.277
2.095	1.462e-02	-5.530	668	3.522	1.249
2.095	1.923e-02	-5.669	622	3.539	1.225
2.095	2.543e-02	-5.829	573	3.554	1.204
2.095	3.342e-02	-5.961	535	3.569	1.184
2.095	4.359e-02	-6.088	501	3.582	1.166
2.095	5.754e-02	-6.249	460	3.594	1.149
2.095	7.610e-02	-6.375	431	3.606	1.134
2.095	1.002e-01	-6.491	406	3.618	1.119
2.095	1.317e-01	-6.608	382	3.629	1.104
2.095	1.739e-01	-6.733	358	3.641	1.090
2.095	2.277e-01	-6.851	336	3.651	1.076
2.095	2.988e-01	-6.967	316	3.662	1.063
2.095	3.927e-01	-7.082	298	3.673	1.050
2.095	5.184e-01	-7.205	279	3.684	1.037
2.095	6.774e-01	-7.323	263	3.694	1.025
2.095	8.906e-01	-7.442	247	3.704	1.013
2.095	1.166e+00	-7.559	232	3.714	1.002
2.095	1.527e+00	-7.683	217	3.723	0.991
2.095	2.015e+00	-7.816	202	3.733	0.980
2.095	2.655e+00	-7.957	187	3.742	0.970
2.095	3.489e+00	-8.099	174	3.751	0.960
2.095	4.588e+00	-8.246	160	3.759	0.951
2.095	6.029e+00	-8.393	148	3.766	0.943
2.095	7.927e+00	-8.545	136	3.773	0.936
2.095	1.000e+01	-8.673	127	3.778	0.930
2.619	1.050e-04	-3.060	1729	2.802	3.201
2.619	1.379e-04	-3.144	1711	2.867	2.968
2.619	1.821e-04	-3.228	1695	2.935	2.746
2.619	2.384e-04	-3.331	1657	2.999	2.550
2.619	3.152e-04	-3.450	1604	3.062	2.372
2.619	4.145e-04	-3.574	1543	3.118	2.223
2.619	5.447e-04	-3.687	1491	3.171	2.091
2.619	7.162e-04	-3.794	1443	3.222	1.973
2.619	9.413e-04	-3.906	1392	3.271	1.865
2.619	1.238e-03	-4.030	1331	3.317	1.768
2.619	1.627e-03	-4.155	1270	3.360	1.682
2.619	2.139e-03	-4.272	1215	3.401	1.605
2.619	2.811e-03	-4.410	1147	3.439	1.536
2.619	3.710e-03	-4.550	1080	3.475	1.475
2.619	4.848e-03	-4.682	1019	3.506	1.422
2.619	6.375e-03	-4.841	946	3.536	1.375
2.619	8.378e-03	-4.989	882	3.561	1.335
2.619	1.102e-02	-5.142	818	3.584	1.300
2.619	1.457e-02	-5.293	759	3.606	1.269
2.619	1.915e-02	-5.458	698	3.624	1.242
2.619	2.532e-02	-5.612	645	3.641	1.218
2.619	3.342e-02	-5.774	593	3.656	1.197
2.619	4.375e-02	-5.907	553	3.669	1.179
2.619	5.787e-02	-6.042	516	3.682	1.161
2.619	7.638e-02	-6.214	470	3.694	1.145
2.619	1.006e-01	-6.328	443	3.705	1.131
2.619	1.331e-01	-6.449	416	3.716	1.117
2.619	1.749e-01	-6.571	390	3.727	1.103
2.619	2.281e-01	-6.691	366	3.737	1.090
2.619	2.994e-01	-6.810	344	3.748	1.077
2.619	3.935e-01	-6.927	324	3.758	1.065
2.619	5.174e-01	-7.041	305	3.768	1.052
2.619	6.800e-01	-7.161	286	3.778	1.040
2.619	8.940e-01	-7.279	269	3.788	1.029
2.619	1.175e+00	-7.397	253	3.797	1.017
2.619	1.545e+00	-7.515	237	3.807	1.006
2.619	2.030e+00	-7.638	222	3.816	0.995
2.619	2.648e+00	-7.764	208	3.825	0.985
2.619	3.496e+00	-7.902	193	3.834	0.975
2.619	4.576e+00	-8.043	179	3.843	0.966
2.619	6.041e+00	-8.191	165	3.850	0.957
2.619	7.894e+00	-8.336	152	3.857	0.949
2.619	1.000e+01	-8.466	142	3.863	0.943
3.143	1.016e-04	-2.915	1808	2.813	3.461
3.143	1.341e-04	-3.013	1777	2.881	3.199
3.143	1.753e-04	-3.100	1755	2.946	2.968
3.143	2.305e-04	-3.185	1736	3.013	2.750
3.143	3.018e-04	-3.283	1702	3.077	2.555
3.143	3.951e-04	-3.394	1653	3.137	2.383
3.143	5.186e-04	-3.523	1585	3.193	2.233
3.143	6.815e-04	-3.635	1532	3.246	2.102
3.143	8.890e-04	-3.737	1486	3.295	1.986
3.143	1.167e-03	-3.850	1432	3.344	1.878
3.143	1.533e-03	-3.972	1372	3.390	1.780
3.143	2.000e-03	-4.096	1308	3.433	1.696
3.143	2.640e-03	-4.217	1250	3.474	1.617
3.143	3.456e-03	-4.349	1184	3.512	1.548
3.143	4.536e-03	-4.489	1114	3.547	1.487
3.143	5.962e-03	-4.623	1051	3.580	1.432
3.143	7.870e-03	-4.779	978	3.610	1.383
3.143	1.030e-02	-4.924	913	3.636	1.342
3.143	1.360e-02	-5.080	846	3.660	1.306
3.143	1.791e-02	-5.233	784	3.681	1.274
3.143	2.354e-02	-5.400	720	3.700	1.247
3.143	3.108e-02	-5.563	662	3.717	1.223
3.143	4.061e-02	-5.720	610	3.731	1.203
3.143	5.340e-02	-5.856	568	3.744	1.185
3.143	7.018e-02	-5.989	530	3.756	1.168
3.143	9.211e-02	-6.161	483	3.768	1.153
3.143	1.211e-01	-6.272	456	3.778	1.139
3.143	1.592e-01	-6.394	428	3.789	1.125
3.143	2.092e-01	-6.518	401	3.799	1.112
3.143	2.761e-01	-6.642	375	3.810	1.099
3.143	3.637e-01	-6.763	352	3.820	1.086
3.143	4.781e-01	-6.883	331	3.829	1.074
3.143	6.286e-01	-6.995	312	3.839	1.062
3.143	8.261e-01	-7.112	293	3.849	1.050
3.143	1.086e+00	-7.229	275	3.858	1.039
3.143	1.428e+00	-7.346	259	3.868	1.028
3.143	1.877e+00	-7.464	243	3.877	1.016
3.143	2.467e+00	-7.585	228	3.886	1.006
3.143	3.243e+00	-7.712	213	3.896	0.995
3.143	4.262e+00	-7.846	198	3.904	0.985
3.143	5.604e+00	-7.988	183	3.913	0.976
3.143	7.366e+00	-8.134	169	3.920	0.967
3.143	9.684e+00	-8.282	156	3.927	0.959
3.666	1.014e-04	-2.800	1871	2.826	3.684
3.666	1.333e-04	-2.886	1854	2.895	3.401
3.666	1.759e-04	-2.986	1821	2.964	3.141
3.666	2.303e-04	-3.077	1795	3.029	2.914
3.666	3.022e-04	-3.167	1769	3.095	2.703
3.666	3.958e-04	-3.263	1736	3.158	2.513
3.666	5.181e-04	-3.368	1692	3.218	2.344
3.666	6.852e-04	-3.505	1617	3.277	2.192
3.666	9.044e-04	-3.617	1563	3.330	2.061
3.666	1.191e-03	-3.726	1513	3.381	1.943
3.666	1.566e-03	-3.842	1455	3.430	1.837
3.666	2.059e-03	-3.968	1390	3.476	1.742
3.666	2.706e-03	-4.095	1323	3.519	1.659
3.666	3.529e-03	-4.209	1268	3.558	1.586
3.666	4.658e-03	-4.353	1193	3.596	1.518
3.666	6.136e-03	-4.491	1124	3.630	1.459
3.666	8.065e-03	-4.630	1056	3.662	1.407
3.666	1.065e-02	-4.780	985	3.691	1.360
3.666	1.394e-02	-4.929	918	3.717	1.321
3.666	1.840e-02	-5.079	853	3.740	1.286
3.666	2.423e-02	-5.246	784	3.761	1.255
3.666	3.185e-02	-5.413	720	3.779	1.230
3.666	4.187e-02	-5.575	662	3.795	1.208
3.666	5.503e-02	-5.730	610	3.808	1.188
3.666	7.236e-02	-5.867	568	3.821	1.171
3.666	9.510e-02	-6.025	522	3.833	1.155
3.666	1.240e-01	-6.164	485	3.844	1.141
3.666	1.637e-01	-6.281	456	3.854	1.127
3.666	2.157e-01	-6.415	425	3.864	1.114
3.666	2.852e-01	-6.538	398	3.874	1.101
3.666	3.749e-01	-6.658	373	3.884	1.089
3.666	4.929e-01	-6.780	350	3.894	1.077
3.666	6.455e-01	-6.894	330	3.903	1.066
3.666	8.450e-01	-7.006	311	3.912	1.055
3.666	1.115e+00	-7.124	292	3.922	1.043
3.666	1.460e+00	-7.237	275	3.931	1.032
3.666	1.927e+00	-7.355	258	3.940	1.021
3.666	2.523e+00	-7.471	243	3.949	1.011
3.666	3.312e+00	-7.592	228	3.958	1.000
3.666	4.352e+00	-7.720	213	3.967	0.990
3.666	5.677e+00	-7.850	198	3.975	0.981
3.666	7.451e+00	-7.993	183	3.983	0.972
3.666	9.793e+00	-8.139	169	3.991	0.963
4.190	1.016e-04	-2.705	1924	2.837	3.889
4.190	1.336e-04	-2.790	1907	2.906	3.589
4.190	1.756e-04	-2.877	1888	2.976	3.313
4.190	2.308e-04	-2.976	1854	3.044	3.063
4.190	3.034e-04	-3.070	1825	3.111	2.837
4.190	3.988e-04	-3.167	1792	3.176	2.632
4.190	5.244e-04	-3.265	1757	3.239	2.446
4.190	6.892e-04	-3.376	1707	3.300	2.281
4.190	9.061e-04	-3.503	1639	3.357	2.137
4.190	1.191e-03	-3.614	1585	3.409	2.011
4.190	1.566e-03	-3.725	1531	3.460	1.897
4.190	2.058e-03	-3.843	1471	3.508	1.795
4.190	2.706e-03	-3.972	1402	3.554	1.704
4.190	3.556e-03	-4.098	1335	3.595	1.623
4.190	4.675e-03	-4.217	1276	3.635	1.551
4.190	6.145e-03	-4.366	1196	3.671	1.488
4.190	8.111e-03	-4.501	1128	3.705	1.431
4.190	1.062e-02	-4.640	1059	3.735	1.383
4.190	1.402e-02	-4.787	989	3.763	1.338
4.190	1.846e-02	-4.947	916	3.789	1.300
4.190	2.426e-02	-5.098	850	3.811	1.267
4.190	3.209e-02	-5.271	779	3.831	1.238
4.190	4.219e-02	-5.432	717	3.848	1.213
4.190	5.545e-02	-5.592	659	3.864	1.192
4.190	7.320e-02	-5.746	609	3.877	1.174
4.190	9.582e-02	-5.891	564	3.890	1.157
4.190	1.267e-01	-6.059	515	3.901	1.142
4.190	1.676e-01	-6.184	482	3.912	1.128
4.190	2.212e-01	-6.315	450	3.922	1.115
4.190	2.926e-01	-6.446	419	3.932	1.102
4.190	3.854e-01	-6.567	393	3.941	1.090
4.190	5.065e-01	-6.687	369	3.951	1.079
4.190	6.607e-01	-6.808	346	3.959	1.068
4.190	8.721e-01	-6.921	326	3.969	1.056
4.190	1.149e+00	-7.034	307	3.978	1.045
4.190	1.510e+00	-7.149	289	3.987	1.034
4.190	1.985e+00	-7.264	272	3.996	1.023
4.190	2.609e+00	-7.380	256	4.005	1.013
4.190	3.444e+00	-7.500	240	4.014	1.002
4.190	4.508e+00	-7.622	225	4.023	0.992
4.190	5.917e+00	-7.751	210	4.032	0.982
4.190	7.749e+00	-7.886	195	4.040	0.973
4.190	1.000e+01	-8.020	181	4.047	0.965
4.714	1.025e-04	-2.619	1975	2.847	4.076
4.714	1.353e-04	-2.709	1954	2.918	3.757
4.714	1.771e-04	-2.795	1935	2.987	3.469
4.714	2.338e-04	-2.887	1911	3.058	3.197
4.714	3.061e-04	-2.984	1879	3.125	2.959
4.714	4.040e-04	-3.082	1847	3.193	2.737
4.714	5.289e-04	-3.181	1809	3.257	2.543
4.714	6.981e-04	-3.282	1770	3.320	2.364
4.714	9.139e-04	-3.398	1713	3.379	2.209
4.714	1.209e-03	-3.519	1651	3.436	2.069
4.714	1.589e-03	-3.630	1596	3.488	1.948
4.714	2.081e-03	-3.746	1536	3.538	1.841
4.714	2.724e-03	-3.863	1475	3.584	1.744
4.714	3.603e-03	-3.997	1402	3.629	1.657
4.714	4.699e-03	-4.116	1338	3.669	1.583
4.714	6.203e-03	-4.251	1267	3.707	1.514
4.714	8.171e-03	-4.395	1189	3.742	1.454
4.714	1.070e-02	-4.528	1122	3.774	1.402
4.714	1.401e-02	-4.668	1053	3.803	1.356
4.714	1.849e-02	-4.818	981	3.831	1.313
4.714	2.420e-02	-4.971	911	3.854	1.278
4.714	3.195e-02	-5.134	840	3.876	1.246
4.714	4.182e-02	-5.300	771	3.895	1.220
4.714	5.489e-02	-5.452	714	3.911	1.197
4.714	7.215e-02	-5.616	655	3.926	1.177
4.714	9.486e-02	-5.770	604	3.939	1.159
4.714	1.247e-01	-5.934	553	3.951	1.144
4.714	1.649e-01	-6.078	512	3.962	1.130
4.714	2.176e-01	-6.202	480	3.972	1.116
4.714	2.867e-01	-6.348	444	3.982	1.104
4.714	3.791e-01	-6.468	416	3.991	1.092
4.714	4.983e-01	-6.587	391	4.001	1.080
4.714	6.500e-01	-6.705	367	4.009	1.069
4.714	8.579e-01	-6.826	344	4.019	1.058
4.714	1.130e+00	-6.938	324	4.028	1.047
4.714	1.485e+00	-7.053	305	4.037	1.036
4.714	1.961e+00	-7.169	287	4.046	1.025
4.714	2.583e+00	-7.286	270	4.055	1.015
4.714	3.394e+00	-7.402	253	4.064	1.005
4.714	4.463e+00	-7.520	238	4.072	0.994
4.714	5.866e+00	-7.644	223	4.081	0.984
4.714	7.712e+00	-7.775	208	4.090	0.975
4.714	1.000e+01	-7.906	193	4.097	0.966
5.238	1.028e-04	-2.539	2022	2.855	4.259
5.238	1.357e-04	-2.633	1998	2.927	3.921
5.238	1.776e-04	-2.720	1978	2.996	3.619
5.238	2.331e-04	-2.809	1956	3.066	3.338
5.238	3.064e-04	-2.903	1929	3.136	3.080
5.238	3.997e-04	-2.996	1900	3.202	2.854
5.238	5.276e-04	-3.099	1861	3.270	2.641
5.238	6.906e-04	-3.196	1825	3.333	2.456
5.238	9.116e-04	-3.303	1779	3.395	2.285
5.238	1.201e-03	-3.424	1716	3.454	2.136
5.238	1.578e-03	-3.539	1658	3.509	2.006
5.238	2.059e-03	-3.648	1603	3.559	1.893
5.238	2.702e-03	-3.766	1540	3.608	1.790
5.238	3.551e-03	-3.889	1473	3.654	1.697
5.238	4.669e-03	-4.019	1401	3.696	1.616
5.238	6.114e-03	-4.139	1338	3.736	1.544
5.238	8.054e-03	-4.283	1258	3.773	1.479
5.238	1.059e-02	-4.420	1185	3.807	1.423
5.238	1.381e-02	-4.554	1116	3.837	1.374
5.238	1.822e-02	-4.701	1043	3.866	1.329
5.238	2.386e-02	-4.849	973	3.892	1.290
5.238	3.149e-02	-5.006	900	3.915	1.256
5.238	4.123e-02	-5.171	828	3.935	1.227
5.238	5.442e-02	-5.333	762	3.954	1.202
5.238	7.169e-02	-5.492	702	3.970	1.180
5.238	9.422e-02	-5.656	644	3.984	1.161
5.238	1.237e-01	-5.816	592	3.996	1.144
5.238	1.625e-01	-5.978	542	4.007	1.130
5.238	2.145e-01	-6.108	506	4.018	1.116
5.238	2.808e-01	-6.236	473	4.028	1.104
5.238	3.714e-01	-6.372	440	4.037	1.092
5.238	4.912e-01	-6.493	413	4.047	1.080
5.238	6.458e-01	-6.614	387	4.056	1.068
5.238	8.488e-01	-6.740	362	4.065	1.058
5.238	1.116e+00	-6.854	340	4.073	1.047
5.238	1.467e+00	-6.968	320	4.082	1.036
5.238	1.936e+00	-7.086	301	4.091	1.026
5.238	2.534e+00	-7.201	283	4.100	1.016
5.238	3.345e+00	-7.319	266	4.109	1.005
5.238	4.379e+00	-7.431	250	4.117	0.995
5.238	5.781e+00	-7.551	235	4.126	0.985
5.238	7.568e+00	-7.674	220	4.134	0.976
5.238	9.933e+00	-7.805	205	4.143	0.967
6.285	1.005e-04	-2.399	2091	2.851	4.685
6.285	1.322e-04	-2.482	2080	2.925	4.302
6.285	1.737e-04	-2.575	2058	3.000	3.948
6.285	2.284e-04	-2.667	2036	3.072	3.631
6.285	3.001e-04	-2.759	2013	3.144	3.342
6.285	3.946e-04	-2.852	1987	3.215	3.080
6.285	5.186e-04	-2.951	1953	3.284	2.845
6.285	6.765e-04	-3.048	1917	3.349	2.639
6.285	8.929e-04	-3.150	1877	3.415	2.447
6.285	1.167e-03	-3.251	1835	3.476	2.280
6.285	1.534e-03	-3.367	1776	3.536	2.130
6.285	2.016e-03	-3.483	1715	3.591	1.998
6.285	2.651e-03	-3.596	1657	3.644	1.881
6.285	3.484e-03	-3.713	1593	3.693	1.776
6.285	4.581e-03	-3.835	1527	3.740	1.683
6.285	6.021e-03	-3.966	1451	3.784	1.601
6.285	7.948e-03	-4.093	1381	3.824	1.528
6.285	1.039e-02	-4.229	1304	3.861	1.464
6.285	1.366e-02	-4.368	1227	3.895	1.408
6.285	1.795e-02	-4.506	1155	3.927	1.357
6.285	2.369e-02	-4.652	1080	3.956	1.312
6.285	3.101e-02	-4.797	1009	3.982	1.274
6.285	4.094e-02	-4.958	932	4.006	1.239
6.285	5.350e-02	-5.120	859	4.027	1.210
6.285	6.978e-02	-5.275	794	4.044	1.186
6.285	9.211e-02	-5.438	729	4.061	1.164
6.285	1.213e-01	-5.607	667	4.075	1.145
6.285	1.595e-01	-5.765	614	4.088	1.128
6.285	2.097e-01	-5.920	565	4.099	1.114
6.285	2.756e-01	-6.065	523	4.109	1.100
6.285	3.637e-01	-6.206	485	4.119	1.088
6.285	4.791e-01	-6.331	454	4.128	1.076
6.285	6.297e-01	-6.453	425	4.138	1.065
6.285	8.312e-01	-6.581	397	4.147	1.054
6.285	1.086e+00	-6.705	371	4.155	1.044
6.285	1.428e+00	-6.820	349	4.164	1.034
6.285	1.870e+00	-6.936	328	4.172	1.024
6.285	2.448e+00	-7.052	309	4.180	1.014
6.285	3.238e+00	-7.172	289	4.189	1.004
6.285	4.274e+00	-7.290	272	4.197	0.994
6.285	5.595e+00	-7.397	257	4.206	0.985
6.285	7.386e+00	-7.514	241	4.214	0.975
6.285	9.669e+00	-7.634	226	4.222	0.966
7.333	1.026e-04	-2.299	2143	2.860	5.006
7.333	1.343e-04	-2.382	2131	2.934	4.598
7.333	1.762e-04	-2.466	2120	3.009	4.218
7.333	2.316e-04	-2.558	2100	3.085	3.867
7.333	3.057e-04	-2.651	2078	3.159	3.548
7.333	3.995e-04	-2.742	2055	3.230	3.270
7.333	5.253e-04	-2.838	2025	3.301	3.013
7.333	6.904e-04	-2.938	1989	3.370	2.785
7.333	9.005e-04	-3.035	1952	3.435	2.585
7.333	1.189e-03	-3.134	1914	3.500	2.397
7.333	1.553e-03	-3.236	1871	3.562	2.233
7.333	2.042e-03	-3.352	1810	3.621	2.086
7.333	2.675e-03	-3.467	1749	3.676	1.958
7.333	3.501e-03	-3.578	1690	3.727	1.845
7.333	4.622e-03	-3.698	1624	3.778	1.741
7.333	6.088e-03	-3.823	1553	3.825	1.649
7.333	8.001e-03	-3.954	1476	3.868	1.569
7.333	1.050e-02	-4.077	1407	3.908	1.498
7.333	1.375e-02	-4.216	1327	3.945	1.436
7.333	1.800e-02	-4.352	1251	3.979	1.382
7.333	2.363e-02	-4.490	1177	4.010	1.333
7.333	3.105e-02	-4.634	1101	4.039	1.289
7.333	4.099e-02	-4.784	1025	4.066	1.250
7.333	5.366e-02	-4.942	949	4.089	1.217
7.333	7.083e-02	-5.110	872	4.109	1.188
7.333	9.273e-02	-5.268	804	4.127	1.165
7.333	1.217e-01	-5.434	738	4.143	1.143
7.333	1.600e-01	-5.601	675	4.157	1.125
7.333	2.103e-01	-5.750	624	4.169	1.109
7.333	2.764e-01	-5.906	574	4.181	1.095
7.333	3.655e-01	-6.065	527	4.191	1.082
7.333	4.806e-01	-6.200	491	4.200	1.070
7.333	6.356e-01	-6.325	459	4.210	1.059
7.333	8.354e-01	-6.451	429	4.219	1.048
7.333	1.098e+00	-6.586	399	4.227	1.038
7.333	1.444e+00	-6.706	374	4.236	1.028
7.333	1.905e+00	-6.825	351	4.244	1.018
7.333	2.510e+00	-6.948	329	4.252	1.008
7.333	3.287e+00	-7.063	309	4.260	0.999
7.333	4.303e+00	-7.177	291	4.268	0.990
7.333	5.648e+00	-7.290	274	4.276	0.981
7.333	7.396e+00	-7.397	258	4.284	0.972
7.333	9.681e+00	-7.510	243	4.292	0.963
8.381	1.012e-04	-2.213	2179	2.862	5.345
8.381	1.330e-04	-2.290	2176	2.937	4.901
8.381	1.755e-04	-2.377	2164	3.014	4.485
8.381	2.298e-04	-2.460	2153	3.088	4.117
8.381	3.033e-04	-2.553	2134	3.165	3.769
8.381	3.963e-04	-2.641	2114	3.237	3.470
8.381	5.170e-04	-2.734	2086	3.307	3.200
8.381	6.785e-04	-2.830	2056	3.377	2.952
8.381	8.885e-04	-2.928	2019	3.445	2.732
8.381	1.163e-03	-3.025	1983	3.510	2.534
8.381	1.527e-03	-3.121	1947	3.574	2.353
8.381	1.999e-03	-3.224	1902	3.636	2.191
8.381	2.613e-03	-3.338	1841	3.694	2.049
8.381	3.435e-03	-3.456	1777	3.750	1.921
8.381	4.515e-03	-3.568	1717	3.803	1.809
8.381	5.959e-03	-3.690	1648	3.853	1.706
8.381	7.801e-03	-3.813	1577	3.899	1.619
8.381	1.030e-02	-3.945	1498	3.943	1.539
8.381	1.348e-02	-4.066	1429	3.982	1.471
8.381	1.779e-02	-4.211	1344	4.020	1.408
8.381	2.344e-02	-4.347	1267	4.054	1.354
8.381	3.100e-02	-4.490	1189	4.086	1.306
8.381	4.074e-02	-4.632	1113	4.114	1.264
8.381	5.378e-02	-4.786	1035	4.140	1.226
8.381	7.040e-02	-4.941	958	4.163	1.195
8.381	9.293e-02	-5.109	881	4.183	1.167
8.381	1.217e-01	-5.271	810	4.201	1.144
8.381	1.606e-01	-5.442	741	4.216	1.123
8.381	2.102e-01	-5.601	681	4.230	1.106
8.381	2.775e-01	-5.748	630	4.242	1.090
8.381	3.633e-01	-5.929	572	4.253	1.077
8.381	4.730e-01	-6.074	529	4.263	1.065
8.381	6.244e-01	-6.196	495	4.272	1.054
8.381	8.257e-01	-6.326	462	4.281	1.042
8.381	1.081e+00	-6.452	432	4.290	1.032
8.381	1.427e+00	-6.585	402	4.299	1.022
8.381	1.880e+00	-6.714	375	4.307	1.012
8.381	2.486e+00	-6.835	352	4.315	1.002
8.381	3.267e+00	-6.957	329	4.323	0.993
8.381	4.261e+00	-7.070	310	4.331	0.984
8.381	5.625e+00	-7.187	291	4.339	0.975
8.381	7.350e+00	-7.296	275	4.347	0.967
8.381	9.703e+00	-7.409	259	4.355	0.958
9.428	1.017e-04	-2.147	2209	2.871	5.609
9.428	1.337e-04	-2.223	2207	2.945	5.152
9.428	1.751e-04	-2.299	2204	3.019	4.728
9.428	2.293e-04	-2.384	2191	3.093	4.340
9.428	3.026e-04	-2.469	2180	3.170	3.975
9.428	3.955e-04	-2.558	2160	3.243	3.653
9.428	5.200e-04	-2.649	2139	3.316	3.358
9.428	6.809e-04	-2.744	2109	3.387	3.096
9.428	8.898e-04	-2.839	2077	3.455	2.861
9.428	1.170e-03	-2.938	2040	3.523	2.647
9.428	1.538e-03	-3.034	2004	3.589	2.453
9.428	2.006e-03	-3.129	1968	3.652	2.281
9.428	2.632e-03	-3.235	1919	3.714	2.124
9.428	3.460e-03	-3.355	1853	3.773	1.985
9.428	4.549e-03	-3.471	1789	3.828	1.863
9.428	5.978e-03	-3.583	1728	3.880	1.755
9.428	7.798e-03	-3.701	1659	3.927	1.662
9.428	1.029e-02	-3.829	1583	3.974	1.575
9.428	1.345e-02	-3.954	1509	4.015	1.503
9.428	1.769e-02	-4.073	1440	4.054	1.437
9.428	2.324e-02	-4.217	1353	4.089	1.379
9.428	3.068e-02	-4.346	1280	4.122	1.328
9.428	4.058e-02	-4.483	1204	4.152	1.283
9.428	5.312e-02	-4.615	1133	4.179	1.244
9.428	7.012e-02	-4.762	1056	4.204	1.209
9.428	9.179e-02	-4.908	983	4.225	1.179
9.428	1.212e-01	-5.068	907	4.245	1.152
9.428	1.596e-01	-5.234	833	4.263	1.130
9.428	2.098e-01	-5.396	765	4.278	1.110
9.428	2.769e-01	-5.557	703	4.291	1.093
9.428	3.647e-01	-5.703	651	4.304	1.077
9.428	4.794e-01	-5.883	591	4.315	1.064
9.428	6.340e-01	-6.044	541	4.325	1.051
9.428	8.384e-01	-6.174	505	4.334	1.040
9.428	1.109e+00	-6.304	471	4.344	1.029
9.428	1.464e+00	-6.436	439	4.353	1.018
9.428	1.928e+00	-6.570	409	4.362	1.008
9.428	2.550e+00	-6.717	377	4.371	0.998
9.428	3.372e+00	-6.848	352	4.379	0.988
9.428	4.432e+00	-6.974	329	4.388	0.978
9.428	5.861e+00	-7.098	307	4.396	0.969
9.428	7.737e+00	-7.218	288	4.404	0.960
9.428	1.000e+01	-7.324	272	4.411	0.952
10.476	1.000e-04	-2.083	2238	2.875	5.885
10.476	1.309e-04	-2.158	2234	2.947	5.419
10.476	1.728e-04	-2.234	2232	3.021	4.970
10.476	2.262e-04	-2.313	2226	3.096	4.564
10.476	2.986e-04	-2.398	2214	3.172	4.182
10.476	3.909e-04	-2.481	2203	3.245	3.842
10.476	5.131e-04	-2.572	2181	3.319	3.529
10.476	6.743e-04	-2.662	2159	3.391	3.247
10.476	8.901e-04	-2.761	2126	3.464	2.987
10.476	1.165e-03	-2.856	2093	3.532	2.762
10.476	1.538e-03	-2.954	2058	3.600	2.552
10.476	2.010e-03	-3.050	2022	3.665	2.369
10.476	2.622e-03	-3.144	1985	3.727	2.205
10.476	3.441e-03	-3.257	1927	3.789	2.054
10.476	4.522e-03	-3.375	1860	3.846	1.923
10.476	5.899e-03	-3.485	1800	3.899	1.810
10.476	7.742e-03	-3.597	1738	3.949	1.708
10.476	1.018e-02	-3.716	1667	3.996	1.618
10.476	1.327e-02	-3.834	1595	4.038	1.543
10.476	1.752e-02	-3.951	1524	4.076	1.476
10.476	2.293e-02	-4.052	1466	4.109	1.420
10.476	3.027e-02	-4.170	1394	4.140	1.372
10.476	3.956e-02	-4.269	1335	4.164	1.334
10.476	5.222e-02	-4.364	1281	4.187	1.299
10.476	6.879e-02	-4.457	1229	4.208	1.268
10.476	9.041e-02	-4.553	1176	4.227	1.240
10.476	1.189e-01	-4.651	1124	4.246	1.214
10.476	1.572e-01	-4.768	1062	4.265	1.187
10.476	2.066e-01	-4.893	999	4.284	1.162
10.476	2.727e-01	-5.041	927	4.302	1.138
10.476	3.607e-01	-5.207	851	4.320	1.115
10.476	4.751e-01	-5.383	776	4.336	1.094
10.476	6.244e-01	-5.554	710	4.351	1.076
10.476	8.243e-01	-5.735	645	4.365	1.059
10.476	1.086e+00	-5.934	579	4.377	1.044
10.476	1.427e+00	-6.098	530	4.387	1.031
10.476	1.887e+00	-6.256	487	4.398	1.019
10.476	2.496e+00	-6.409	448	4.409	1.006
10.476	3.301e+00	-6.571	411	4.420	0.994
10.476	4.365e+00	-6.753	373	4.430	0.982
10.476	5.773e+00	-6.913	342	4.441	0.970
10.476	7.621e+00	-7.059	316	4.450	0.959
10.476	1.000e+01	-7.194	294	4.459	0.950
11.523	1.009e-04	-2.009	2268	2.866	6.238
11.523	1.326e-04	-2.092	2260	2.942	5.713
11.523	1.730e-04	-2.169	2256	3.016	5.244
11.523	2.284e-04	-2.249	2253	3.094	4.795
11.523	2.984e-04	-2.330	2245	3.169	4.398
11.523	3.924e-04	-2.415	2234	3.245	4.029
11.523	5.157e-04	-2.502	2219	3.321	3.693
11.523	6.726e-04	-2.592	2197	3.393	3.397
11.523	8.879e-04	-2.685	2173	3.467	3.120
11.523	1.160e-03	-2.781	2141	3.537	2.880
11.523	1.513e-03	-2.875	2107	3.604	2.665
11.523	1.998e-03	-2.973	2073	3.673	2.463
11.523	2.615e-03	-3.069	2035	3.738	2.286
11.523	3.405e-03	-3.167	1993	3.799	2.129
11.523	4.469e-03	-3.283	1930	3.859	1.987
11.523	5.874e-03	-3.397	1866	3.915	1.864
11.523	7.723e-03	-3.504	1807	3.966	1.758
11.523	1.011e-02	-3.608	1747	4.011	1.669
11.523	1.322e-02	-3.705	1689	4.049	1.597
11.523	1.738e-02	-3.792	1635	4.081	1.540
11.523	2.284e-02	-3.865	1590	4.105	1.498
11.523	2.979e-02	-3.921	1556	4.123	1.467
11.523	3.932e-02	-3.969	1527	4.139	1.440
11.523	5.138e-02	-4.018	1499	4.155	1.413
11.523	6.702e-02	-4.085	1458	4.175	1.382
11.523	8.902e-02	-4.190	1393	4.200	1.341
11.523	1.180e-01	-4.325	1315	4.235	1.290
11.523	1.554e-01	-4.515	1207	4.275	1.231
11.523	2.043e-01	-4.743	1084	4.317	1.174
11.523	2.701e-01	-4.999	954	4.352	1.126
11.523	3.566e-01	-5.256	836	4.379	1.092
11.523	4.668e-01	-5.488	740	4.399	1.067
11.523	6.161e-01	-5.697	662	4.416	1.047
11.523	8.116e-01	-5.914	589	4.429	1.031
11.523	1.067e+00	-6.083	538	4.440	1.019
11.523	1.408e+00	-6.237	495	4.450	1.007
11.523	1.855e+00	-6.371	461	4.459	0.996
11.523	2.438e+00	-6.498	431	4.468	0.985
11.523	3.224e+00	-6.665	393	4.477	0.975
11.523	4.256e+00	-6.791	367	4.486	0.966
11.523	5.606e+00	-6.919	343	4.494	0.957
11.523	7.368e+00	-7.039	321	4.501	0.949
11.523	9.725e+00	-7.160	301	4.509	0.940
12.047	1.038e-04	-1.990	2279	2.874	6.314
12.047	1.371e-04	-2.072	2274	2.953	5.771
12.047	1.794e-04	-2.153	2267	3.028	5.292
12.047	2.373e-04	-2.233	2264	3.106	4.837
12.047	3.095e-04	-2.312	2258	3.181	4.438
12.047	4.085e-04	-2.399	2246	3.258	4.060
12.047	5.339e-04	-2.482	2234	3.332	3.729
12.047	7.019e-04	-2.575	2212	3.407	3.420
12.047	9.226e-04	-2.665	2190	3.480	3.144
12.047	1.203e-03	-2.760	2157	3.550	2.902
12.047	1.579e-03	-2.856	2125	3.619	2.680
12.047	2.076e-03	-2.953	2090	3.687	2.479
12.047	2.708e-03	-3.048	2053	3.751	2.302
12.047	3.574e-03	-3.149	2011	3.816	2.136
12.047	4.670e-03	-3.261	1951	3.875	1.995
12.047	6.141e-03	-3.373	1888	3.930	1.873
12.047	8.041e-03	-3.474	1832	3.979	1.771
12.047	1.053e-02	-3.564	1781	4.020	1.688
12.047	1.382e-02	-3.647	1730	4.053	1.625
12.047	1.816e-02	-3.709	1694	4.078	1.580
12.047	2.369e-02	-3.756	1665	4.095	1.549
12.047	3.109e-02	-3.801	1637	4.110	1.522
12.047	4.071e-02	-3.848	1607	4.126	1.495
12.047	5.329e-02	-3.913	1567	4.147	1.459
12.047	7.048e-02	-4.009	1510	4.179	1.406
12.047	9.361e-02	-4.185	1402	4.226	1.333
12.047	1.246e-01	-4.412	1270	4.281	1.251
12.047	1.638e-01	-4.662	1131	4.330	1.182
12.047	2.166e-01	-4.920	997	4.368	1.131
12.047	2.847e-01	-5.162	882	4.396	1.095
12.047	3.742e-01	-5.392	781	4.417	1.069
12.047	4.881e-01	-5.584	706	4.433	1.050
12.047	6.443e-01	-5.782	635	4.446	1.033
12.047	8.435e-01	-5.979	571	4.457	1.020
12.047	1.113e+00	-6.138	524	4.467	1.009
12.047	1.472e+00	-6.263	490	4.477	0.998
12.047	1.947e+00	-6.387	459	4.486	0.988
12.047	2.565e+00	-6.512	429	4.495	0.978
12.047	3.392e+00	-6.674	393	4.503	0.968
12.047	4.459e+00	-6.793	368	4.511	0.960
12.047	5.885e+00	-6.918	344	4.518	0.951
12.047	7.753e+00	-7.036	323	4.526	0.943
12.047	1.000e+01	-7.145	305	4.533	0.935
12.571	1.003e-04	-1.953	2291	2.865	6.516
12.571	1.309e-04	-2.031	2288	2.940	5.978
12.571	1.727e-04	-2.116	2278	3.018	5.466
12.571	2.275e-04	-2.195	2275	3.095	5.003
12.571	2.990e-04	-2.274	2272	3.172	4.580
12.571	3.900e-04	-2.357	2261	3.246	4.204
12.571	5.149e-04	-2.443	2250	3.323	3.848
12.571	6.728e-04	-2.530	2232	3.397	3.534
12.571	8.846e-04	-2.621	2210	3.471	3.245
12.571	1.163e-03	-2.716	2182	3.543	2.986
12.571	1.535e-03	-2.814	2150	3.615	2.750
12.571	2.009e-03	-2.909	2115	3.683	2.544
12.571	2.637e-03	-3.005	2080	3.749	2.356
12.571	3.453e-03	-3.103	2040	3.813	2.189
12.571	4.520e-03	-3.207	1989	3.874	2.042
12.571	5.933e-03	-3.318	1926	3.929	1.916
12.571	7.798e-03	-3.416	1872	3.977	1.812
12.571	1.017e-02	-3.495	1828	4.015	1.735
12.571	1.335e-02	-3.560	1791	4.044	1.678
12.571	1.754e-02	-3.609	1761	4.064	1.640
12.571	2.307e-02	-3.647	1738	4.079	1.612
12.571	3.032e-02	-3.686	1714	4.094	1.583
12.571	4.002e-02	-3.743	1680	4.116	1.544
12.571	5.239e-02	-3.836	1621	4.147	1.490
12.571	6.876e-02	-3.982	1532	4.196	1.409
12.571	9.037e-02	-4.219	1387	4.260	1.309
12.571	1.193e-01	-4.474	1239	4.319	1.223
12.571	1.571e-01	-4.712	1109	4.363	1.163
12.571	2.065e-01	-4.935	993	4.395	1.120
12.571	2.715e-01	-5.151	890	4.420	1.089
12.571	3.569e-01	-5.364	796	4.439	1.065
12.571	4.692e-01	-5.551	721	4.455	1.046
12.571	6.144e-01	-5.731	655	4.468	1.030
12.571	8.043e-01	-5.924	590	4.479	1.017
12.571	1.062e+00	-6.078	543	4.488	1.006
12.571	1.399e+00	-6.215	504	4.497	0.996
12.571	1.850e+00	-6.339	472	4.506	0.985
12.571	2.431e+00	-6.454	444	4.515	0.976
12.571	3.215e+00	-6.617	406	4.523	0.966
12.571	4.193e+00	-6.731	382	4.531	0.958
12.571	5.535e+00	-6.860	356	4.539	0.949
12.571	7.234e+00	-6.976	335	4.546	0.941
12.571	9.511e+00	-7.092	314	4.553	0.933
13.095	1.018e-04	-1.932	2302	2.870	6.614
13.095	1.344e-04	-2.013	2299	2.949	6.043
13.095	1.759e-04	-2.096	2290	3.024	5.538
13.095	2.309e-04	-2.175	2285	3.100	5.075
13.095	3.034e-04	-2.253	2283	3.177	4.648
13.095	3.958e-04	-2.335	2273	3.251	4.266
13.095	5.225e-04	-2.421	2262	3.328	3.903
13.095	6.828e-04	-2.506	2247	3.402	3.585
13.095	8.905e-04	-2.595	2226	3.475	3.298
13.095	1.176e-03	-2.689	2200	3.549	3.029
13.095	1.536e-03	-2.784	2169	3.618	2.796
13.095	2.004e-03	-2.877	2136	3.685	2.588
13.095	2.645e-03	-2.974	2101	3.754	2.392
13.095	3.462e-03	-3.072	2061	3.818	2.222
13.095	4.570e-03	-3.173	2016	3.880	2.067
13.095	5.983e-03	-3.279	1956	3.934	1.943
13.095	7.898e-03	-3.371	1905	3.980	1.843
13.095	1.034e-02	-3.439	1867	4.013	1.774
13.095	1.357e-02	-3.486	1841	4.036	1.729
13.095	1.777e-02	-3.520	1822	4.051	1.698
13.095	2.322e-02	-3.554	1802	4.066	1.669
13.095	3.029e-02	-3.600	1774	4.085	1.633
13.095	3.975e-02	-3.675	1728	4.115	1.579
13.095	5.225e-02	-3.813	1642	4.164	1.491
13.095	6.897e-02	-4.032	1509	4.237	1.371
13.095	9.029e-02	-4.292	1350	4.303	1.271
13.095	1.192e-01	-4.521	1218	4.353	1.200
13.095	1.570e-01	-4.732	1102	4.390	1.150
13.095	2.063e-01	-4.935	997	4.419	1.112
13.095	2.713e-01	-5.136	900	4.442	1.083
13.095	3.565e-01	-5.340	809	4.461	1.060
13.095	4.706e-01	-5.526	733	4.476	1.041
13.095	6.161e-01	-5.700	668	4.489	1.026
13.095	8.133e-01	-5.896	601	4.501	1.012
13.095	1.071e+00	-6.045	554	4.510	1.001
13.095	1.417e+00	-6.189	513	4.519	0.991
13.095	1.874e+00	-6.314	480	4.528	0.981
13.095	2.463e+00	-6.429	451	4.537	0.971
13.095	3.257e+00	-6.585	415	4.545	0.962
13.095	4.248e+00	-6.704	389	4.553	0.953
13.095	5.607e+00	-6.832	363	4.560	0.945
13.095	7.340e+00	-6.952	340	4.568	0.937
13.095	9.708e+00	-7.070	319	4.575	0.929
13.618	1.044e-04	-1.915	2312	2.878	6.684
13.618	1.367e-04	-1.994	2309	2.954	6.124
13.618	1.794e-04	-2.075	2303	3.031	5.605
13.618	2.358e-04	-2.158	2294	3.107	5.135
13.618	3.100e-04	-2.236	2293	3.184	4.703
13.618	4.074e-04	-2.318	2285	3.260	4.305
13.618	5.356e-04	-2.403	2273	3.336	3.944
13.618	7.014e-04	-2.488	2260	3.411	3.620
13.618	9.182e-04	-2.578	2239	3.484	3.326
13.618	1.205e-03	-2.668	2216	3.557	3.058
13.618	1.584e-03	-2.765	2184	3.629	2.817
13.618	2.082e-03	-2.861	2151	3.698	2.600
13.618	2.727e-03	-2.955	2117	3.765	2.408
13.618	3.564e-03	-3.052	2078	3.828	2.238
13.618	4.648e-03	-3.143	2039	3.888	2.091
13.618	6.136e-03	-3.245	1983	3.941	1.966
13.618	8.032e-03	-3.324	1939	3.981	1.878
13.618	1.054e-02	-3.378	1909	4.008	1.821
13.618	1.386e-02	-3.414	1889	4.025	1.784
13.618	1.807e-02	-3.443	1872	4.039	1.756
13.618	2.372e-02	-3.480	1851	4.057	1.721
13.618	3.118e-02	-3.540	1817	4.084	1.667
13.618	4.123e-02	-3.660	1744	4.133	1.577
13.618	5.453e-02	-3.887	1602	4.212	1.439
13.618	7.169e-02	-4.139	1447	4.287	1.319
13.618	9.422e-02	-4.356	1317	4.341	1.240
13.618	1.244e-01	-4.556	1203	4.383	1.182
13.618	1.628e-01	-4.748	1097	4.416	1.138
13.618	2.149e-01	-4.942	997	4.443	1.103
13.618	2.813e-01	-5.132	905	4.465	1.076
13.618	3.714e-01	-5.335	814	4.483	1.053
13.618	4.892e-01	-5.516	739	4.498	1.035
13.618	6.429e-01	-5.690	674	4.511	1.020
13.618	8.453e-01	-5.879	608	4.522	1.007
13.618	1.111e+00	-6.027	562	4.532	0.996
13.618	1.469e+00	-6.173	519	4.541	0.985
13.618	1.943e+00	-6.299	485	4.550	0.975
13.618	2.565e+00	-6.418	455	4.559	0.966
13.618	3.392e+00	-6.572	419	4.567	0.957
13.618	4.486e+00	-6.696	392	4.575	0.948
13.618	5.910e+00	-6.825	365	4.582	0.940
13.618	7.767e+00	-6.947	342	4.590	0.932
13.618	1.000e+01	-7.054	323	4.596	0.925
14.142	1.017e-04	-1.884	2323	2.871	6.864
14.142	1.337e-04	-1.965	2319	2.949	6.280
14.142	1.751e-04	-2.043	2316	3.025	5.752
14.142	2.289e-04	-2.127	2304	3.100	5.277
14.142	2.985e-04	-2.202	2302	3.174	4.846
14.142	3.940e-04	-2.283	2298	3.252	4.430
14.142	5.149e-04	-2.367	2286	3.326	4.065
14.142	6.770e-04	-2.451	2275	3.402	3.726
14.142	8.898e-04	-2.541	2256	3.477	3.417
14.142	1.170e-03	-2.631	2235	3.551	3.138
14.142	1.538e-03	-2.727	2205	3.623	2.888
14.142	2.030e-03	-2.823	2174	3.695	2.660
14.142	2.652e-03	-2.917	2140	3.761	2.464
14.142	3.487e-03	-3.014	2102	3.827	2.285
14.142	4.567e-03	-3.105	2064	3.886	2.134
14.142	5.968e-03	-3.191	2021	3.937	2.013
14.142	7.846e-03	-3.265	1980	3.974	1.929
14.142	1.027e-02	-3.310	1954	3.997	1.879
14.142	1.343e-02	-3.340	1938	4.012	1.847
14.142	1.751e-02	-3.368	1922	4.026	1.816
14.142	2.312e-02	-3.412	1897	4.047	1.772
14.142	3.026e-02	-3.486	1855	4.083	1.702
14.142	3.995e-02	-3.646	1759	4.150	1.574
14.142	5.262e-02	-3.905	1597	4.241	1.419
14.142	6.916e-02	-4.130	1458	4.308	1.313
14.142	9.129e-02	-4.334	1335	4.359	1.239
14.142	1.193e-01	-4.516	1229	4.398	1.184
14.142	1.569e-01	-4.701	1127	4.431	1.140
14.142	2.062e-01	-4.885	1030	4.458	1.105
14.142	2.711e-01	-5.070	937	4.481	1.076
14.142	3.562e-01	-5.270	845	4.500	1.053
14.142	4.684e-01	-5.450	768	4.515	1.034
14.142	6.156e-01	-5.625	700	4.529	1.018
14.142	8.029e-01	-5.799	638	4.540	1.005
14.142	1.062e+00	-5.970	581	4.550	0.993
14.142	1.402e+00	-6.118	537	4.560	0.983
14.142	1.854e+00	-6.246	501	4.568	0.973
14.142	2.442e+00	-6.365	470	4.577	0.964
14.142	3.198e+00	-6.499	437	4.585	0.955
14.142	4.212e+00	-6.640	405	4.593	0.946
14.142	5.536e+00	-6.759	380	4.600	0.938
14.142	7.308e+00	-6.894	353	4.608	0.930
14.142	9.664e+00	-7.011	331	4.615	0.922
14.666	1.035e-04	-1.867	2333	2.877	6.944
14.666	1.355e-04	-1.946	2328	2.953	6.362
14.666	1.789e-04	-2.027	2325	3.032	5.812
14.666	2.341e-04	-2.111	2313	3.107	5.329
14.666	3.091e-04	-2.191	2310	3.184	4.875
14.666	4.071e-04	-2.270	2308	3.262	4.460
14.666	5.332e-04	-2.354	2296	3.337	4.090
14.666	6.979e-04	-2.437	2286	3.412	3.753
14.666	9.213e-04	-2.527	2268	3.488	3.436
14.666	1.214e-03	-2.618	2246	3.563	3.154
14.666	1.589e-03	-2.711	2219	3.634	2.905
14.666	2.077e-03	-2.803	2189	3.703	2.683
14.666	2.709e-03	-2.897	2155	3.770	2.485
14.666	3.555e-03	-2.991	2119	3.834	2.308
14.666	4.673e-03	-3.080	2082	3.893	2.157
14.666	6.144e-03	-3.155	2048	3.940	2.043
14.666	8.075e-03	-3.214	2016	3.971	1.972
14.666	1.062e-02	-3.250	1995	3.989	1.931
14.666	1.390e-02	-3.278	1980	4.003	1.900
14.666	1.831e-02	-3.313	1960	4.021	1.862
14.666	2.407e-02	-3.371	1928	4.050	1.800
14.666	3.165e-02	-3.488	1861	4.106	1.687
14.666	4.144e-02	-3.716	1724	4.200	1.514
14.666	5.459e-02	-3.953	1574	4.279	1.382
14.666	7.175e-02	-4.161	1443	4.338	1.292
14.666	9.470e-02	-4.347	1332	4.384	1.226
14.666	1.238e-01	-4.520	1232	4.420	1.175
14.666	1.634e-01	-4.701	1131	4.453	1.132
14.666	2.139e-01	-4.877	1037	4.479	1.098
14.666	2.807e-01	-5.057	947	4.501	1.070
14.666	3.689e-01	-5.254	855	4.520	1.048
14.666	4.850e-01	-5.434	777	4.536	1.029
14.666	6.375e-01	-5.608	709	4.549	1.013
14.666	8.367e-01	-5.785	645	4.561	1.000
14.666	1.100e+00	-5.950	589	4.571	0.988
14.666	1.452e+00	-6.100	544	4.580	0.978
14.666	1.920e+00	-6.231	507	4.589	0.968
14.666	2.513e+00	-6.350	475	4.597	0.959
14.666	3.323e+00	-6.490	441	4.605	0.950
14.666	4.387e+00	-6.629	409	4.613	0.941
14.666	5.779e+00	-6.748	383	4.621	0.933
14.666	7.595e+00	-6.883	356	4.628	0.925
14.666	1.000e+01	-6.999	334	4.635	0.918
15.190	1.044e-04	-1.848	2342	2.881	7.038
15.190	1.372e-04	-1.929	2337	2.958	6.441
15.190	1.804e-04	-2.008	2334	3.035	5.893
15.190	2.371e-04	-2.092	2325	3.112	5.394
15.190	3.118e-04	-2.173	2319	3.188	4.942
15.190	4.083e-04	-2.249	2317	3.263	4.531
15.190	5.345e-04	-2.332	2307	3.339	4.154
15.190	7.055e-04	-2.418	2296	3.416	3.802
15.190	9.236e-04	-2.503	2282	3.490	3.490
15.190	1.219e-03	-2.596	2259	3.566	3.199
15.190	1.596e-03	-2.686	2235	3.637	2.946
15.190	2.107e-03	-2.782	2204	3.709	2.712
15.190	2.758e-03	-2.876	2171	3.777	2.509
15.190	3.640e-03	-2.969	2136	3.842	2.328
15.190	4.765e-03	-3.053	2101	3.897	2.185
15.190	6.290e-03	-3.118	2074	3.939	2.081
15.190	8.220e-03	-3.160	2053	3.964	2.022
15.190	1.069e-02	-3.189	2038	3.979	1.987
15.190	1.394e-02	-3.217	2021	3.994	1.954
15.190	1.829e-02	-3.259	1997	4.015	1.907
15.190	2.404e-02	-3.335	1955	4.054	1.824
15.190	3.174e-02	-3.505	1858	4.135	1.660
15.190	3.988e-02	-3.707	1735	4.219	1.508
15.190	5.274e-02	-3.932	1592	4.294	1.383
15.190	6.904e-02	-4.123	1473	4.349	1.298
15.190	9.061e-02	-4.300	1364	4.394	1.232
15.190	1.191e-01	-4.473	1262	4.432	1.180
15.190	1.566e-01	-4.644	1166	4.464	1.137
15.190	2.058e-01	-4.816	1072	4.492	1.101
15.190	2.684e-01	-4.990	983	4.515	1.073
15.190	3.543e-01	-5.182	891	4.535	1.048
15.190	4.638e-01	-5.363	810	4.551	1.029
15.190	6.134e-01	-5.545	735	4.565	1.012
15.190	8.001e-01	-5.710	673	4.577	0.998
15.190	1.056e+00	-5.893	610	4.588	0.986
15.190	1.383e+00	-6.040	563	4.597	0.976
15.190	1.828e+00	-6.178	523	4.606	0.966
15.190	2.414e+00	-6.303	489	4.614	0.956
15.190	3.160e+00	-6.437	455	4.623	0.947
15.190	4.179e+00	-6.583	420	4.630	0.939
15.190	5.516e+00	-6.697	395	4.638	0.931
15.190	7.266e+00	-6.835	366	4.645	0.923
15.190	9.549e+00	-6.953	344	4.652	0.915
15.713	1.010e-04	-1.819	2352	2.873	7.222
15.713	1.318e-04	-1.896	2347	2.947	6.630
15.713	1.730e-04	-1.976	2343	3.024	6.071
15.713	2.265e-04	-2.055	2339	3.100	5.562
15.713	2.966e-04	-2.139	2327	3.175	5.102
15.713	3.915e-04	-2.217	2325	3.252	4.668
15.713	5.125e-04	-2.297	2320	3.328	4.279
15.713	6.764e-04	-2.383	2308	3.405	3.915
15.713	8.855e-04	-2.465	2298	3.479	3.593
15.713	1.162e-03	-2.556	2276	3.554	3.297
15.713	1.528e-03	-2.646	2255	3.627	3.031
15.713	2.008e-03	-2.741	2225	3.699	2.790
15.713	2.640e-03	-2.834	2194	3.768	2.577
15.713	3.470e-03	-2.926	2160	3.833	2.392
15.713	4.545e-03	-3.007	2127	3.888	2.246
15.713	5.949e-03	-3.068	2102	3.927	2.145
15.713	7.853e-03	-3.105	2087	3.952	2.086
15.713	1.026e-02	-3.129	2076	3.967	2.050
15.713	1.339e-02	-3.156	2063	3.983	2.013
15.713	1.740e-02	-3.201	2038	4.006	1.959
15.713	2.262e-02	-3.285	1990	4.049	1.865
15.713	2.969e-02	-3.474	1883	4.142	1.676
15.713	3.888e-02	-3.700	1746	4.237	1.503
15.713	5.090e-02	-3.904	1615	4.305	1.389
15.713	6.681e-02	-4.084	1503	4.360	1.304
15.713	8.780e-02	-4.258	1395	4.405	1.238
15.713	1.159e-01	-4.431	1291	4.444	1.184
15.713	1.517e-01	-4.593	1198	4.476	1.141
15.713	2.003e-01	-4.764	1104	4.505	1.104
15.713	2.622e-01	-4.937	1013	4.529	1.074
15.713	3.461e-01	-5.121	922	4.550	1.048
15.713	4.523e-01	-5.306	837	4.566	1.028
15.713	5.970e-01	-5.490	760	4.581	1.011
15.713	7.815e-01	-5.658	695	4.594	0.996
15.713	1.032e+00	-5.839	630	4.605	0.984
15.713	1.350e+00	-5.985	582	4.614	0.973
15.713	1.786e+00	-6.138	536	4.623	0.963
15.713	2.329e+00	-6.259	502	4.631	0.954
15.713	3.075e+00	-6.393	467	4.640	0.945
15.713	4.025e+00	-6.537	432	4.647	0.936
15.713	5.324e+00	-6.653	406	4.655	0.928
15.713	7.040e+00	-6.786	377	4.663	0.920
15.713	9.293e+00	-6.916	352	4.670	0.913
16.237	1.039e-04	-1.808	2360	2.883	7.261
16.237	1.372e-04	-1.889	2355	2.960	6.644
16.237	1.796e-04	-1.967	2351	3.035	6.090
16.237	2.357e-04	-2.047	2347	3.112	5.576
16.237	3.098e-04	-2.132	2335	3.188	5.108
16.237	4.090e-04	-2.211	2333	3.265	4.674
16.237	5.354e-04	-2.290	2328	3.341	4.285
16.237	7.067e-04	-2.376	2316	3.418	3.920
16.237	9.251e-04	-2.458	2306	3.492	3.598
16.237	1.214e-03	-2.548	2286	3.567	3.302
16.237	1.596e-03	-2.637	2265	3.640	3.034
16.237	2.098e-03	-2.732	2236	3.712	2.794
16.237	2.758e-03	-2.824	2206	3.781	2.582
16.237	3.597e-03	-2.910	2173	3.842	2.407
16.237	4.748e-03	-2.985	2144	3.893	2.268
16.237	6.215e-03	-3.035	2123	3.926	2.185
16.237	8.158e-03	-3.063	2111	3.945	2.138
16.237	1.068e-02	-3.085	2102	3.959	2.103
16.237	1.407e-02	-3.116	2089	3.979	2.055
16.237	1.849e-02	-3.176	2059	4.014	1.974
16.237	2.446e-02	-3.328	1973	4.091	1.806
16.237	3.190e-02	-3.552	1843	4.197	1.598
16.237	4.211e-02	-3.762	1711	4.278	1.456
16.237	5.513e-02	-3.944	1596	4.339	1.358
16.237	7.236e-02	-4.119	1485	4.389	1.282
16.237	9.510e-02	-4.285	1383	4.431	1.221
16.237	1.250e-01	-4.449	1285	4.467	1.171
16.237	1.637e-01	-4.609	1193	4.499	1.130
16.237	2.140e-01	-4.772	1103	4.526	1.095
16.237	2.813e-01	-4.946	1012	4.550	1.065
16.237	3.697e-01	-5.127	923	4.570	1.041
16.237	4.881e-01	-5.316	836	4.587	1.020
16.237	6.429e-01	-5.499	758	4.602	1.003
16.237	8.450e-01	-5.668	693	4.614	0.989
16.237	1.115e+00	-5.847	629	4.625	0.977
16.237	1.460e+00	-5.994	581	4.634	0.966
16.237	1.931e+00	-6.144	536	4.643	0.956
16.237	2.549e+00	-6.271	501	4.652	0.947
16.237	3.358e+00	-6.412	464	4.660	0.938
16.237	4.413e+00	-6.553	430	4.668	0.930
16.237	5.825e+00	-6.665	404	4.675	0.922
16.237	7.704e+00	-6.805	375	4.683	0.914
16.237	1.000e+01	-6.923	351	4.689	0.907
16.761	1.014e-04	-1.783	2368	2.877	7.423
16.761	1.327e-04	-1.860	2364	2.952	6.813
16.761	1.751e-04	-1.942	2359	3.029	6.230
16.761	2.289e-04	-2.018	2357	3.105	5.714
16.761	2.985e-04	-2.101	2346	3.179	5.245
16.761	3.918e-04	-2.181	2340	3.254	4.808
16.761	5.131e-04	-2.257	2339	3.330	4.410
16.761	6.717e-04	-2.340	2328	3.405	4.044
16.761	8.867e-04	-2.425	2318	3.482	3.701
16.761	1.161e-03	-2.511	2302	3.556	3.398
16.761	1.523e-03	-2.600	2281	3.629	3.122
16.761	2.002e-03	-2.691	2256	3.702	2.873
16.761	2.633e-03	-2.784	2227	3.771	2.653
16.761	3.460e-03	-2.871	2195	3.834	2.467
16.761	4.513e-03	-2.941	2169	3.883	2.333
16.761	5.957e-03	-2.989	2150	3.915	2.247
16.761	7.798e-03	-3.016	2138	3.933	2.202
16.761	1.024e-02	-3.038	2129	3.947	2.165
16.761	1.345e-02	-3.070	2116	3.968	2.114
16.761	1.776e-02	-3.131	2090	4.008	2.019
16.761	2.325e-02	-3.297	1997	4.095	1.826
16.761	3.051e-02	-3.520	1868	4.203	1.613
16.761	4.010e-02	-3.717	1747	4.282	1.472
16.761	5.272e-02	-3.901	1628	4.344	1.372
16.761	6.929e-02	-4.067	1523	4.395	1.293
16.761	9.110e-02	-4.233	1419	4.438	1.231
16.761	1.197e-01	-4.393	1322	4.475	1.179
16.761	1.574e-01	-4.553	1229	4.508	1.135
16.761	2.069e-01	-4.718	1136	4.537	1.098
16.761	2.716e-01	-4.888	1045	4.561	1.068
16.761	3.569e-01	-5.065	956	4.583	1.042
16.761	4.692e-01	-5.251	867	4.601	1.021
16.761	6.167e-01	-5.435	787	4.616	1.003
16.761	8.141e-01	-5.609	717	4.629	0.988
16.761	1.064e+00	-5.780	654	4.640	0.976
16.761	1.399e+00	-5.931	603	4.650	0.965
16.761	1.838e+00	-6.089	554	4.659	0.954
16.761	2.431e+00	-6.223	515	4.667	0.945
16.761	3.209e+00	-6.359	479	4.676	0.936
16.761	4.201e+00	-6.502	443	4.683	0.928
16.761	5.556e+00	-6.618	416	4.691	0.920
16.761	7.334e+00	-6.746	388	4.698	0.912
16.761	9.661e+00	-6.884	360	4.705	0.905
17.285	1.022e-04	-1.768	2375	2.882	7.500
17.285	1.349e-04	-1.847	2373	2.958	6.867
17.285	1.766e-04	-1.926	2367	3.033	6.300
17.285	2.331e-04	-2.006	2364	3.111	5.761
17.285	3.071e-04	-2.089	2356	3.188	5.271
17.285	4.036e-04	-2.172	2347	3.264	4.831
17.285	5.306e-04	-2.248	2346	3.340	4.426
17.285	6.974e-04	-2.332	2337	3.416	4.054
17.285	9.169e-04	-2.415	2326	3.492	3.715
17.285	1.201e-03	-2.500	2312	3.566	3.411
17.285	1.569e-03	-2.589	2291	3.639	3.137
17.285	2.063e-03	-2.678	2268	3.711	2.887
17.285	2.711e-03	-2.770	2238	3.779	2.668
17.285	3.565e-03	-2.853	2209	3.840	2.488
17.285	4.685e-03	-2.917	2185	3.885	2.364
17.285	6.160e-03	-2.953	2171	3.910	2.295
17.285	8.067e-03	-2.976	2162	3.926	2.255
17.285	1.054e-02	-3.000	2152	3.941	2.214
17.285	1.386e-02	-3.039	2136	3.967	2.150
17.285	1.822e-02	-3.120	2102	4.020	2.022
17.285	2.404e-02	-3.339	1980	4.136	1.770
17.285	3.167e-02	-3.545	1860	4.233	1.583
17.285	4.163e-02	-3.730	1743	4.306	1.455
17.285	5.473e-02	-3.905	1630	4.364	1.360
17.285	7.193e-02	-4.067	1528	4.414	1.285
17.285	9.383e-02	-4.225	1429	4.455	1.226
17.285	1.231e-01	-4.381	1334	4.492	1.175
17.285	1.619e-01	-4.539	1241	4.524	1.132
17.285	2.128e-01	-4.702	1149	4.553	1.095
17.285	2.797e-01	-4.871	1057	4.578	1.064
17.285	3.692e-01	-5.050	966	4.600	1.038
17.285	4.833e-01	-5.232	879	4.618	1.016
17.285	6.379e-01	-5.420	796	4.633	0.998
17.285	8.403e-01	-5.593	726	4.646	0.984
17.285	1.104e+00	-5.765	661	4.658	0.971
17.285	1.458e+00	-5.920	609	4.668	0.960
17.285	1.908e+00	-6.078	559	4.677	0.950
17.285	2.524e+00	-6.212	520	4.685	0.940
17.285	3.332e+00	-6.352	482	4.693	0.931
17.285	4.361e+00	-6.495	446	4.701	0.923
17.285	5.768e+00	-6.608	419	4.708	0.916
17.285	7.614e+00	-6.736	391	4.716	0.908
17.285	1.000e+01	-6.876	362	4.723	0.901
17.809	1.010e-04	-1.749	2383	2.881	7.620
17.809	1.333e-04	-1.826	2382	2.957	6.979
17.809	1.756e-04	-1.908	2375	3.033	6.395
17.809	2.307e-04	-1.986	2371	3.109	5.859
17.809	3.010e-04	-2.064	2367	3.184	5.378
17.809	3.913e-04	-2.146	2354	3.256	4.946
17.809	5.135e-04	-2.222	2352	3.331	4.536
17.809	6.749e-04	-2.302	2347	3.408	4.155
17.809	8.803e-04	-2.384	2337	3.481	3.817
17.809	1.162e-03	-2.469	2325	3.558	3.494
17.809	1.519e-03	-2.557	2305	3.631	3.213
17.809	1.981e-03	-2.643	2285	3.702	2.962
17.809	2.600e-03	-2.733	2257	3.770	2.736
17.809	3.417e-03	-2.814	2231	3.831	2.552
17.809	4.492e-03	-2.877	2207	3.875	2.426
17.809	5.904e-03	-2.912	2194	3.900	2.357
17.809	7.701e-03	-2.933	2186	3.915	2.318
17.809	1.001e-02	-2.956	2177	3.930	2.276
17.809	1.302e-02	-2.993	2162	3.955	2.211
17.809	1.708e-02	-3.075	2127	4.010	2.077
17.809	2.206e-02	-3.271	2026	4.120	1.829
17.809	2.890e-02	-3.475	1907	4.220	1.631
17.809	3.783e-02	-3.653	1798	4.295	1.495
17.809	4.965e-02	-3.827	1685	4.357	1.393
17.809	6.525e-02	-3.983	1587	4.409	1.312
17.809	8.579e-02	-4.149	1480	4.453	1.247
17.809	1.128e-01	-4.303	1386	4.492	1.192
17.809	1.471e-01	-4.455	1294	4.526	1.147
17.809	1.941e-01	-4.616	1201	4.557	1.107
17.809	2.541e-01	-4.777	1111	4.583	1.074
17.809	3.355e-01	-4.950	1019	4.607	1.045
17.809	4.392e-01	-5.128	931	4.626	1.022
17.809	5.808e-01	-5.314	844	4.643	1.002
17.809	7.666e-01	-5.499	765	4.657	0.986
17.809	1.004e+00	-5.668	699	4.669	0.972
17.809	1.327e+00	-5.837	638	4.680	0.960
17.809	1.745e+00	-5.989	588	4.690	0.949
17.809	2.294e+00	-6.140	542	4.699	0.940
17.809	3.033e+00	-6.274	504	4.707	0.931
17.809	4.004e+00	-6.425	464	4.715	0.922
17.809	5.274e+00	-6.551	434	4.722	0.915
17.809	6.932e+00	-6.664	408	4.730	0.907
17.809	9.167e+00	-6.815	376	4.737	0.899
18.332	1.029e-04	-1.739	2391	2.889	7.660
18.332	1.348e-04	-1.813	2390	2.962	7.037
18.332	1.765e-04	-1.893	2382	3.036	6.465
18.332	2.329e-04	-1.972	2378	3.113	5.917
18.332	3.049e-04	-2.049	2376	3.188	5.426
18.332	4.025e-04	-2.138	2360	3.265	4.967
18.332	5.269e-04	-2.213	2358	3.339	4.560
18.332	6.955e-04	-2.293	2355	3.417	4.171
18.332	9.105e-04	-2.376	2344	3.492	3.827
18.332	1.202e-03	-2.460	2333	3.568	3.504
18.332	1.573e-03	-2.549	2313	3.642	3.220
18.332	2.077e-03	-2.637	2294	3.715	2.959
18.332	2.736e-03	-2.727	2266	3.783	2.736
18.332	3.596e-03	-2.801	2242	3.839	2.565
18.332	4.690e-03	-2.851	2223	3.875	2.461
18.332	6.191e-03	-2.880	2213	3.895	2.405
18.332	8.090e-03	-2.900	2205	3.909	2.366
18.332	1.068e-02	-2.928	2194	3.929	2.312
18.332	1.398e-02	-2.981	2174	3.965	2.218
18.332	1.845e-02	-3.121	2115	4.058	1.994
18.332	2.416e-02	-3.344	1990	4.175	1.742
18.332	3.189e-02	-3.530	1881	4.263	1.575
18.332	4.174e-02	-3.698	1776	4.331	1.456
18.332	5.510e-02	-3.869	1664	4.389	1.362
18.332	7.213e-02	-4.018	1570	4.437	1.289
18.332	9.467e-02	-4.178	1466	4.479	1.228
18.332	1.244e-01	-4.331	1373	4.517	1.176
18.332	1.623e-01	-4.480	1283	4.549	1.133
18.332	2.142e-01	-4.643	1189	4.579	1.094
18.332	2.805e-01	-4.804	1100	4.605	1.062
18.332	3.681e-01	-4.974	1010	4.627	1.035
18.332	4.838e-01	-5.156	920	4.646	1.013
18.332	6.386e-01	-5.344	833	4.663	0.994
18.332	8.345e-01	-5.517	760	4.676	0.978
18.332	1.097e+00	-5.689	693	4.688	0.965
18.332	1.442e+00	-5.848	636	4.699	0.953
18.332	1.904e+00	-6.003	586	4.708	0.943
18.332	2.492e+00	-6.153	540	4.717	0.934
18.332	3.295e+00	-6.291	501	4.725	0.925
18.332	4.298e+00	-6.436	463	4.733	0.917
18.332	5.674e+00	-6.556	434	4.740	0.909
18.332	7.474e+00	-6.673	407	4.747	0.902
18.332	9.885e+00	-6.827	374	4.754	0.894
18.856	1.016e-04	-1.718	2401	2.888	7.776
18.856	1.335e-04	-1.795	2397	2.962	7.141
18.856	1.755e-04	-1.876	2389	3.036	6.555
18.856	2.307e-04	-1.954	2385	3.112	6.011
18.856	3.045e-04	-2.031	2385	3.189	5.499
18.856	3.986e-04	-2.118	2369	3.264	5.046
18.856	5.261e-04	-2.197	2364	3.340	4.622
18.856	6.875e-04	-2.271	2364	3.414	4.243
18.856	9.040e-04	-2.356	2353	3.490	3.887
18.856	1.188e-03	-2.438	2344	3.566	3.564
18.856	1.562e-03	-2.527	2325	3.641	3.270
18.856	2.053e-03	-2.614	2305	3.713	3.008
18.856	2.678e-03	-2.697	2282	3.778	2.790
18.856	3.481e-03	-2.768	2259	3.832	2.624
18.856	4.569e-03	-2.815	2244	3.867	2.519
18.856	6.005e-03	-2.842	2234	3.886	2.465
18.856	7.833e-03	-2.862	2226	3.900	2.425
18.856	1.036e-02	-2.892	2215	3.921	2.367
18.856	1.362e-02	-2.949	2193	3.961	2.260
18.856	1.790e-02	-3.104	2129	4.064	2.007
18.856	2.271e-02	-3.294	2025	4.168	1.782
18.856	2.921e-02	-3.464	1926	4.250	1.621
18.856	3.834e-02	-3.631	1823	4.322	1.492
18.856	5.038e-02	-3.796	1716	4.382	1.393
18.856	6.651e-02	-3.950	1618	4.433	1.312
18.856	8.691e-02	-4.104	1518	4.477	1.248
18.856	1.143e-01	-4.256	1423	4.516	1.193
18.856	1.502e-01	-4.410	1328	4.551	1.146
18.856	1.975e-01	-4.563	1239	4.583	1.105
18.856	2.595e-01	-4.723	1148	4.610	1.071
18.856	3.426e-01	-4.893	1055	4.635	1.041
18.856	4.484e-01	-5.066	967	4.655	1.017
18.856	5.920e-01	-5.250	878	4.673	0.996
18.856	7.798e-01	-5.441	794	4.688	0.979
18.856	1.025e+00	-5.612	724	4.700	0.965
18.856	1.353e+00	-5.780	662	4.711	0.953
18.856	1.771e+00	-5.931	610	4.721	0.942
18.856	2.338e+00	-6.097	558	4.730	0.933
18.856	3.091e+00	-6.230	519	4.739	0.924
18.856	4.072e+00	-6.385	477	4.746	0.915
18.856	5.352e+00	-6.512	445	4.754	0.908
18.856	7.065e+00	-6.622	420	4.761	0.900
18.856	9.306e+00	-6.765	388	4.768	0.893
19.380	1.034e-04	-1.708	2410	2.896	7.812
19.380	1.359e-04	-1.786	2404	2.969	7.179
19.380	1.794e-04	-1.867	2396	3.045	6.584
19.380	2.363e-04	-1.946	2391	3.120	6.037
19.380	3.094e-04	-2.020	2391	3.195	5.539
19.380	4.076e-04	-2.108	2376	3.271	5.072
19.380	5.357e-04	-2.188	2369	3.346	4.654
19.380	7.072e-04	-2.263	2371	3.423	4.260
19.380	9.241e-04	-2.345	2361	3.497	3.910
19.380	1.215e-03	-2.427	2352	3.573	3.584
19.380	1.591e-03	-2.514	2335	3.646	3.293
19.380	2.083e-03	-2.599	2315	3.717	3.034
19.380	2.749e-03	-2.683	2293	3.784	2.809
19.380	3.622e-03	-2.750	2271	3.835	2.649
19.380	4.760e-03	-2.789	2259	3.864	2.561
19.380	6.209e-03	-2.810	2252	3.880	2.515
19.380	8.071e-03	-2.831	2244	3.895	2.473
19.380	1.059e-02	-2.865	2231	3.919	2.405
19.380	1.392e-02	-2.939	2203	3.971	2.266
19.380	1.831e-02	-3.124	2127	4.095	1.965
19.380	2.406e-02	-3.327	2012	4.202	1.738
19.380	3.163e-02	-3.499	1911	4.284	1.581
19.380	4.157e-02	-3.660	1810	4.351	1.463
19.380	5.423e-02	-3.817	1707	4.406	1.373
19.380	7.158e-02	-3.966	1612	4.456	1.297
19.380	9.354e-02	-4.120	1512	4.498	1.235
19.380	1.230e-01	-4.271	1418	4.537	1.181
19.380	1.611e-01	-4.421	1326	4.571	1.136
19.380	2.105e-01	-4.570	1238	4.601	1.097
19.380	2.767e-01	-4.730	1148	4.628	1.063
19.380	3.637e-01	-4.897	1056	4.652	1.034
19.380	4.801e-01	-5.075	965	4.673	1.010
19.380	6.285e-01	-5.253	880	4.690	0.990
19.380	8.296e-01	-5.446	794	4.705	0.973
19.380	1.084e+00	-5.614	726	4.717	0.960
19.380	1.425e+00	-5.777	665	4.728	0.948
19.380	1.873e+00	-5.930	612	4.738	0.937
19.380	2.463e+00	-6.096	559	4.747	0.928
19.380	3.257e+00	-6.231	520	4.755	0.919
19.380	4.281e+00	-6.383	479	4.763	0.911
19.380	5.629e+00	-6.508	447	4.770	0.903
19.380	7.398e+00	-6.620	421	4.777	0.895
19.380	9.783e+00	-6.767	388	4.785	0.888
19.904	1.014e-04	-1.688	2419	2.894	7.937
19.904	1.327e-04	-1.765	2411	2.965	7.308
19.904	1.742e-04	-1.843	2405	3.039	6.716
19.904	2.290e-04	-1.922	2397	3.113	6.168
19.904	3.010e-04	-1.998	2397	3.188	5.656
19.904	3.956e-04	-2.081	2387	3.264	5.182
19.904	5.202e-04	-2.165	2375	3.339	4.755
19.904	6.837e-04	-2.238	2377	3.414	4.361
19.904	8.917e-04	-2.317	2371	3.488	4.005
19.904	1.177e-03	-2.401	2360	3.564	3.667
19.904	1.551e-03	-2.486	2347	3.640	3.362
19.904	2.038e-03	-2.574	2327	3.712	3.093
19.904	2.679e-03	-2.653	2309	3.778	2.868
19.904	3.521e-03	-2.719	2287	3.828	2.707
19.904	4.630e-03	-2.757	2275	3.856	2.621
19.904	6.085e-03	-2.777	2269	3.872	2.574
19.904	7.937e-03	-2.798	2263	3.888	2.528
19.904	1.050e-02	-2.836	2249	3.915	2.449
19.904	1.380e-02	-2.923	2216	3.976	2.283
19.904	1.798e-02	-3.109	2140	4.102	1.974
19.904	2.333e-02	-3.297	2036	4.203	1.758
19.904	3.080e-02	-3.469	1934	4.286	1.597
19.904	4.032e-02	-3.625	1837	4.353	1.479
19.904	5.292e-02	-3.781	1736	4.411	1.384
19.904	6.955e-02	-3.929	1640	4.460	1.307
19.904	9.072e-02	-4.077	1545	4.504	1.244
19.904	1.198e-01	-4.228	1449	4.543	1.188
19.904	1.568e-01	-4.377	1356	4.578	1.141
19.904	2.073e-01	-4.532	1264	4.611	1.100
19.904	2.726e-01	-4.690	1173	4.639	1.065
19.904	3.582e-01	-4.855	1082	4.663	1.035
19.904	4.710e-01	-5.029	991	4.684	1.010
19.904	6.191e-01	-5.208	903	4.702	0.989
19.904	8.139e-01	-5.401	815	4.718	0.972
19.904	1.070e+00	-5.574	744	4.730	0.958
19.904	1.412e+00	-5.739	680	4.742	0.945
19.904	1.848e+00	-5.891	627	4.752	0.935
19.904	2.440e+00	-6.065	570	4.761	0.925
19.904	3.227e+00	-6.198	531	4.770	0.916
19.904	4.268e+00	-6.353	488	4.778	0.907
19.904	5.587e+00	-6.484	454	4.785	0.900
19.904	7.374e+00	-6.595	428	4.792	0.892
19.904	9.753e+00	-6.740	395	4.799	0.885
20.428	1.016e-04	-1.674	2428	2.897	8.006
20.428	1.341e-04	-1.754	2418	2.971	7.357
20.428	1.752e-04	-1.830	2412	3.043	6.774
20.428	2.304e-04	-1.910	2403	3.116	6.225
20.428	3.028e-04	-1.986	2402	3.191	5.711
20.428	3.949e-04	-2.064	2396	3.264	5.247
20.428	5.213e-04	-2.151	2380	3.340	4.809
20.428	6.824e-04	-2.224	2382	3.414	4.418
20.428	9.008e-04	-2.303	2379	3.491	4.042
20.428	1.179e-03	-2.386	2367	3.565	3.711
20.428	1.548e-03	-2.468	2357	3.640	3.406
20.428	2.034e-03	-2.555	2337	3.712	3.134
20.428	2.653e-03	-2.630	2321	3.775	2.915
20.428	3.502e-03	-2.693	2302	3.824	2.756
20.428	4.577e-03	-2.726	2291	3.849	2.677
20.428	5.970e-03	-2.746	2285	3.864	2.632
20.428	7.880e-03	-2.768	2278	3.881	2.580
20.428	1.038e-02	-2.808	2265	3.911	2.493
20.428	1.364e-02	-2.909	2227	3.982	2.296
20.428	1.739e-02	-3.083	2157	4.101	2.002
20.428	2.286e-02	-3.271	2057	4.207	1.773
20.428	3.018e-02	-3.442	1956	4.290	1.611
20.428	3.943e-02	-3.593	1863	4.357	1.492
20.428	5.144e-02	-3.742	1767	4.414	1.398
20.428	6.789e-02	-3.894	1667	4.465	1.317
20.428	8.888e-02	-4.039	1574	4.510	1.251
20.428	1.173e-01	-4.193	1475	4.550	1.194
20.428	1.536e-01	-4.338	1385	4.586	1.146
20.428	2.000e-01	-4.482	1298	4.617	1.106
20.428	2.640e-01	-4.642	1204	4.647	1.069
20.428	3.456e-01	-4.802	1114	4.672	1.038
20.428	4.561e-01	-4.975	1021	4.694	1.012
20.428	5.961e-01	-5.149	934	4.713	0.990
20.428	7.837e-01	-5.343	843	4.729	0.972
20.428	1.030e+00	-5.518	768	4.742	0.957
20.428	1.360e+00	-5.687	702	4.754	0.944
20.428	1.780e+00	-5.839	647	4.765	0.933
20.428	2.354e+00	-6.016	587	4.774	0.923
20.428	3.107e+00	-6.153	546	4.783	0.914
20.428	4.093e+00	-6.302	503	4.791	0.905
20.428	5.379e+00	-6.446	465	4.798	0.898
20.428	7.101e+00	-6.556	438	4.805	0.890
20.428	9.391e+00	-6.694	406	4.813	0.883
20.951	1.044e-04	-1.668	2436	2.908	8.011
20.951	1.367e-04	-1.746	2426	2.979	7.384
20.951	1.804e-04	-1.825	2418	3.053	6.782
20.951	2.376e-04	-1.905	2409	3.126	6.231
20.951	3.123e-04	-1.980	2408	3.201	5.719
20.951	4.073e-04	-2.058	2402	3.274	5.256
20.951	5.377e-04	-2.146	2385	3.349	4.819
20.951	7.039e-04	-2.218	2386	3.423	4.427
20.951	9.291e-04	-2.297	2385	3.500	4.051
20.951	1.224e-03	-2.381	2373	3.576	3.712
20.951	1.609e-03	-2.463	2364	3.651	3.406
20.951	2.115e-03	-2.548	2345	3.722	3.138
20.951	2.780e-03	-2.621	2329	3.783	2.924
20.951	3.655e-03	-2.673	2314	3.825	2.788
20.951	4.786e-03	-2.701	2305	3.846	2.722
20.951	6.254e-03	-2.720	2299	3.860	2.678
20.951	8.130e-03	-2.744	2291	3.878	2.621
20.951	1.060e-02	-2.790	2277	3.913	2.518
20.951	1.400e-02	-2.925	2227	4.010	2.253
20.951	1.807e-02	-3.104	2154	4.131	1.960
20.951	2.386e-02	-3.287	2053	4.231	1.747
20.951	3.123e-02	-3.447	1959	4.308	1.599
20.951	4.067e-02	-3.592	1869	4.372	1.485
20.951	5.368e-02	-3.745	1770	4.430	1.388
20.951	7.071e-02	-3.893	1673	4.481	1.310
20.951	9.260e-02	-4.037	1579	4.525	1.245
20.951	1.210e-01	-4.185	1484	4.564	1.190
20.951	1.578e-01	-4.327	1396	4.599	1.143
20.951	2.083e-01	-4.477	1304	4.632	1.101
20.951	2.727e-01	-4.632	1213	4.661	1.065
20.951	3.600e-01	-4.796	1120	4.687	1.033
20.951	4.705e-01	-4.963	1031	4.709	1.008
20.951	6.186e-01	-5.139	942	4.728	0.986
20.951	8.130e-01	-5.335	849	4.744	0.968
20.951	1.060e+00	-5.504	776	4.757	0.953
20.951	1.400e+00	-5.674	709	4.769	0.940
20.951	1.829e+00	-5.824	654	4.779	0.929
20.951	2.405e+00	-5.997	595	4.789	0.919
20.951	3.161e+00	-6.135	552	4.797	0.910
20.951	4.172e+00	-6.286	509	4.805	0.901
20.951	5.462e+00	-6.429	470	4.813	0.894
20.951	7.210e+00	-6.542	443	4.820	0.886
20.951	9.535e+00	-6.680	411	4.827	0.879
23.046	1.021e-04	-1.595	2473	2.903	8.448
23.046	1.337e-04	-1.675	2461	2.975	7.780
23.046	1.747e-04	-1.758	2445	3.046	7.167
23.046	2.296e-04	-1.838	2435	3.119	6.588
23.046	3.018e-04	-1.916	2428	3.192	6.056
23.046	3.937e-04	-1.991	2425	3.265	5.570
23.046	5.197e-04	-2.075	2414	3.341	5.103
23.046	6.803e-04	-2.157	2402	3.414	4.691
23.046	8.980e-04	-2.229	2407	3.490	4.297
23.046	1.176e-03	-2.309	2400	3.565	3.944
23.046	1.552e-03	-2.389	2393	3.640	3.615
23.046	2.028e-03	-2.464	2386	3.710	3.338
23.046	2.677e-03	-2.533	2371	3.768	3.121
23.046	3.504e-03	-2.573	2363	3.802	3.003
23.046	4.625e-03	-2.594	2358	3.819	2.943
23.046	6.044e-03	-2.613	2353	3.835	2.891
23.046	7.979e-03	-2.645	2345	3.861	2.806
23.046	1.044e-02	-2.720	2322	3.918	2.625
23.046	1.379e-02	-2.908	2257	4.057	2.238
23.046	1.805e-02	-3.070	2192	4.168	1.969
23.046	2.382e-02	-3.230	2110	4.262	1.768
23.046	3.119e-02	-3.381	2019	4.337	1.622
23.046	4.093e-02	-3.520	1935	4.402	1.505
23.046	5.360e-02	-3.659	1846	4.459	1.409
23.046	7.061e-02	-3.806	1748	4.511	1.327
23.046	9.280e-02	-3.945	1658	4.558	1.257
23.046	1.210e-01	-4.090	1561	4.599	1.199
23.046	1.598e-01	-4.233	1469	4.637	1.148
23.046	2.105e-01	-4.382	1376	4.671	1.103
23.046	2.766e-01	-4.528	1288	4.702	1.064
23.046	3.651e-01	-4.687	1194	4.730	1.031
23.046	4.780e-01	-4.849	1103	4.754	1.003
23.046	6.310e-01	-5.026	1009	4.775	0.979
23.046	8.260e-01	-5.201	921	4.793	0.959
23.046	1.090e+00	-5.395	831	4.808	0.942
23.046	1.425e+00	-5.564	759	4.821	0.929
23.046	1.873e+00	-5.725	697	4.832	0.917
23.046	2.462e+00	-5.887	638	4.842	0.906
23.046	3.211e+00	-6.043	587	4.851	0.897
23.046	4.247e+00	-6.194	540	4.859	0.889
23.046	5.606e+00	-6.345	498	4.867	0.881
23.046	7.385e+00	-6.474	464	4.874	0.874
23.046	9.706e+00	-6.610	430	4.881	0.867
25.142	1.043e-04	-1.544	2516	2.920	8.659
25.142	1.370e-04	-1.632	2491	2.991	7.977
25.142	1.800e-04	-1.716	2473	3.062	7.347
25.142	2.348e-04	-1.797	2457	3.132	6.783
25.142	3.099e-04	-1.877	2448	3.205	6.235
25.142	4.057e-04	-1.954	2441	3.277	5.739
25.142	5.355e-04	-2.034	2433	3.352	5.265
25.142	6.998e-04	-2.114	2422	3.424	4.844
25.142	9.201e-04	-2.190	2420	3.498	4.449
25.142	1.205e-03	-2.264	2420	3.571	4.088
25.142	1.587e-03	-2.343	2412	3.645	3.755
25.142	2.086e-03	-2.408	2413	3.711	3.480
25.142	2.743e-03	-2.459	2409	3.760	3.292
25.142	3.605e-03	-2.488	2403	3.784	3.202
25.142	4.702e-03	-2.505	2400	3.798	3.149
25.142	6.206e-03	-2.528	2395	3.818	3.077
25.142	8.175e-03	-2.576	2384	3.858	2.940
25.142	1.074e-02	-2.720	2343	3.972	2.577
25.142	1.356e-02	-2.870	2292	4.084	2.265
25.142	1.768e-02	-3.017	2235	4.187	2.012
25.142	2.324e-02	-3.155	2175	4.277	1.814
25.142	3.031e-02	-3.300	2088	4.352	1.665
25.142	4.001e-02	-3.440	2003	4.420	1.540
25.142	5.228e-02	-3.571	1922	4.478	1.439
25.142	6.874e-02	-3.708	1832	4.532	1.352
25.142	9.034e-02	-3.850	1736	4.581	1.279
25.142	1.186e-01	-3.982	1650	4.625	1.215
25.142	1.553e-01	-4.131	1550	4.665	1.161
25.142	2.033e-01	-4.266	1464	4.701	1.114
25.142	2.683e-01	-4.414	1371	4.734	1.072
25.142	3.534e-01	-4.565	1278	4.765	1.035
25.142	4.645e-01	-4.724	1184	4.791	1.004
25.142	6.107e-01	-4.892	1090	4.814	0.978
25.142	8.027e-01	-5.066	997	4.834	0.955
25.142	1.060e+00	-5.255	903	4.851	0.936
25.142	1.387e+00	-5.429	824	4.866	0.921
25.142	1.831e+00	-5.609	748	4.878	0.908
25.142	2.412e+00	-5.766	688	4.889	0.897
25.142	3.170e+00	-5.938	626	4.899	0.887
25.142	4.192e+00	-6.087	578	4.908	0.878
25.142	5.533e+00	-6.245	530	4.916	0.870
25.142	7.318e+00	-6.393	489	4.923	0.862
25.142	9.678e+00	-6.521	456	4.930	0.855
27.237	1.034e-04	-1.486	2560	2.927	8.939
27.237	1.357e-04	-1.578	2530	2.998	8.235
27.237	1.783e-04	-1.667	2502	3.068	7.596
27.237	2.344e-04	-1.751	2483	3.139	7.004
27.237	3.070e-04	-1.830	2469	3.208	6.464
27.237	4.019e-04	-1.909	2458	3.279	5.962
27.237	5.305e-04	-1.988	2450	3.352	5.478
27.237	6.945e-04	-2.066	2442	3.424	5.043
27.237	9.167e-04	-2.146	2433	3.498	4.630
27.237	1.200e-03	-2.219	2431	3.570	4.262
27.237	1.584e-03	-2.293	2430	3.642	3.922
27.237	2.070e-03	-2.355	2427	3.703	3.659
27.237	2.700e-03	-2.392	2429	3.742	3.497
27.237	3.544e-03	-2.410	2433	3.762	3.416
27.237	4.641e-03	-2.424	2436	3.778	3.355
27.237	6.113e-03	-2.450	2433	3.802	3.262
27.237	8.035e-03	-2.516	2419	3.857	3.061
27.237	1.048e-02	-2.685	2373	3.994	2.617
27.237	1.343e-02	-2.830	2328	4.105	2.303
27.237	1.765e-02	-2.971	2275	4.206	2.049
27.237	2.302e-02	-3.096	2223	4.292	1.857
27.237	3.038e-02	-3.237	2145	4.370	1.696
27.237	3.977e-02	-3.371	2065	4.438	1.570
27.237	5.220e-02	-3.498	1987	4.498	1.464
27.237	6.836e-02	-3.629	1902	4.553	1.374
27.237	8.948e-02	-3.767	1808	4.604	1.297
27.237	1.181e-01	-3.903	1718	4.650	1.229
27.237	1.546e-01	-4.041	1625	4.692	1.171
27.237	2.030e-01	-4.180	1533	4.730	1.121
27.237	2.667e-01	-4.321	1442	4.765	1.077
27.237	3.521e-01	-4.469	1349	4.797	1.038
27.237	4.609e-01	-4.622	1256	4.825	1.005
27.237	6.084e-01	-4.785	1160	4.851	0.976
27.237	8.014e-01	-4.957	1064	4.873	0.951
27.237	1.053e+00	-5.133	972	4.891	0.931
27.237	1.385e+00	-5.317	883	4.907	0.914
27.237	1.820e+00	-5.493	804	4.921	0.900
27.237	2.403e+00	-5.662	734	4.933	0.888
27.237	3.165e+00	-5.834	669	4.943	0.877
27.237	4.160e+00	-5.993	614	4.953	0.868
27.237	5.469e+00	-6.158	561	4.961	0.859
27.237	7.233e+00	-6.309	516	4.969	0.852
27.237	9.506e+00	-6.439	481	4.976	0.845
29.332	1.039e-04	-1.434	2604	2.937	9.170
29.332	1.355e-04	-1.528	2569	3.006	8.463
29.332	1.764e-04	-1.621	2531	3.074	7.830
29.332	2.316e-04	-1.704	2510	3.143	7.234
29.332	3.043e-04	-1.787	2491	3.212	6.678
29.332	3.970e-04	-1.865	2477	3.280	6.173
29.332	5.240e-04	-1.945	2465	3.352	5.684
29.332	6.848e-04	-2.021	2457	3.422	5.242
29.332	9.003e-04	-2.099	2449	3.495	4.823
29.332	1.183e-03	-2.176	2442	3.567	4.441
29.332	1.556e-03	-2.245	2441	3.635	4.103
29.332	2.045e-03	-2.302	2440	3.692	3.845
29.332	2.688e-03	-2.336	2440	3.725	3.700
29.332	3.533e-03	-2.352	2440	3.742	3.629
29.332	4.609e-03	-2.367	2443	3.758	3.562
29.332	6.095e-03	-2.392	2448	3.788	3.442
29.332	8.013e-03	-2.472	2448	3.868	3.139
29.332	1.039e-02	-2.647	2403	4.010	2.665
29.332	1.366e-02	-2.798	2357	4.128	2.328
29.332	1.788e-02	-2.931	2309	4.224	2.082
29.332	2.329e-02	-3.052	2259	4.308	1.891
29.332	3.074e-02	-3.180	2198	4.387	1.726
29.332	4.049e-02	-3.315	2116	4.457	1.592
29.332	5.321e-02	-3.442	2039	4.520	1.482
29.332	6.941e-02	-3.567	1960	4.575	1.390
29.332	9.110e-02	-3.699	1871	4.628	1.309
29.332	1.197e-01	-3.838	1776	4.675	1.239
29.332	1.571e-01	-3.963	1695	4.719	1.178
29.332	2.058e-01	-4.113	1590	4.758	1.126
29.332	2.711e-01	-4.248	1502	4.795	1.080
29.332	3.563e-01	-4.392	1409	4.828	1.039
29.332	4.703e-01	-4.544	1314	4.859	1.003
29.332	6.157e-01	-4.698	1221	4.885	0.973
29.332	8.127e-01	-4.867	1124	4.909	0.947
29.332	1.064e+00	-5.037	1030	4.929	0.925
29.332	1.404e+00	-5.220	937	4.946	0.907
29.332	1.850e+00	-5.398	853	4.961	0.891
29.332	2.422e+00	-5.577	775	4.974	0.879
29.332	3.191e+00	-5.744	708	4.985	0.867
29.332	4.194e+00	-5.909	648	4.995	0.858
29.332	5.514e+00	-6.071	593	5.003	0.849
29.332	7.247e+00	-6.222	546	5.011	0.842
29.332	9.452e+00	-6.367	504	5.018	0.835
31.427	1.039e-04	-1.383	2649	2.945	9.403
31.427	1.361e-04	-1.482	2606	3.016	8.665
31.427	1.786e-04	-1.579	2566	3.085	8.000
31.427	2.338e-04	-1.668	2534	3.153	7.403
31.427	3.061e-04	-1.748	2515	3.220	6.848
31.427	4.018e-04	-1.831	2494	3.289	6.329
31.427	5.281e-04	-1.911	2480	3.358	5.842
31.427	6.943e-04	-1.987	2471	3.429	5.387
31.427	9.092e-04	-2.063	2463	3.499	4.969
31.427	1.188e-03	-2.137	2456	3.568	4.590
31.427	1.550e-03	-2.204	2451	3.631	4.266
31.427	2.046e-03	-2.255	2451	3.682	4.025
31.427	2.678e-03	-2.281	2451	3.708	3.904
31.427	3.515e-03	-2.297	2451	3.724	3.836
31.427	4.620e-03	-2.315	2451	3.742	3.757
31.427	6.098e-03	-2.346	2457	3.777	3.606
31.427	7.983e-03	-2.440	2475	3.884	3.189
31.427	1.008e-02	-2.593	2437	4.010	2.758
31.427	1.319e-02	-2.740	2392	4.125	2.416
31.427	1.731e-02	-2.871	2348	4.224	2.157
31.427	2.275e-02	-2.994	2301	4.311	1.950
31.427	2.968e-02	-3.106	2255	4.388	1.784
31.427	3.895e-02	-3.234	2183	4.460	1.642
31.427	5.101e-02	-3.361	2106	4.525	1.525
31.427	6.677e-02	-3.482	2032	4.583	1.426
31.427	8.764e-02	-3.611	1946	4.638	1.339
31.427	1.152e-01	-3.748	1853	4.689	1.263
31.427	1.520e-01	-3.881	1762	4.735	1.197
31.427	1.987e-01	-4.014	1672	4.777	1.141
31.427	2.592e-01	-4.152	1578	4.814	1.093
31.427	3.427e-01	-4.294	1485	4.850	1.049
31.427	4.524e-01	-4.439	1391	4.883	1.010
31.427	5.923e-01	-4.590	1297	4.911	0.977
31.427	7.818e-01	-4.752	1199	4.937	0.948
31.427	1.030e+00	-4.922	1102	4.960	0.924
31.427	1.353e+00	-5.096	1008	4.979	0.904
31.427	1.780e+00	-5.274	918	4.996	0.887
31.427	2.339e+00	-5.458	833	5.010	0.873
31.427	3.087e+00	-5.626	761	5.022	0.860
31.427	4.083e+00	-5.809	690	5.033	0.850
31.427	5.378e+00	-5.970	632	5.042	0.841
31.427	7.068e+00	-6.131	579	5.050	0.833
31.427	9.348e+00	-6.291	530	5.058	0.826
34.570	1.009e-04	-1.299	2718	2.947	9.837
34.570	1.321e-04	-1.402	2671	3.020	9.049
34.570	1.743e-04	-1.506	2621	3.091	8.336
34.570	2.282e-04	-1.599	2582	3.158	7.716
34.570	3.013e-04	-1.689	2550	3.226	7.132
34.570	3.944e-04	-1.771	2527	3.293	6.607
34.570	5.176e-04	-1.853	2506	3.360	6.113
34.570	6.803e-04	-1.931	2492	3.429	5.650
34.570	8.945e-04	-2.006	2484	3.498	5.218
34.570	1.176e-03	-2.079	2477	3.566	4.826
34.570	1.546e-03	-2.143	2471	3.625	4.506
34.570	2.031e-03	-2.186	2466	3.665	4.303
34.570	2.650e-03	-2.206	2465	3.685	4.207
34.570	3.478e-03	-2.221	2465	3.699	4.138
34.570	4.571e-03	-2.242	2465	3.720	4.039
34.570	6.033e-03	-2.286	2469	3.767	3.827
34.570	7.702e-03	-2.391	2493	3.889	3.326
34.570	9.764e-03	-2.523	2482	4.013	2.882
34.570	1.291e-02	-2.673	2438	4.132	2.515
34.570	1.684e-02	-2.796	2400	4.228	2.252
34.570	2.211e-02	-2.916	2355	4.315	2.036
34.570	2.906e-02	-3.030	2310	4.395	1.856
34.570	3.790e-02	-3.137	2265	4.468	1.707
34.570	5.012e-02	-3.267	2188	4.538	1.575
34.570	6.590e-02	-3.390	2113	4.601	1.466
34.570	8.629e-02	-3.509	2039	4.658	1.372
34.570	1.122e-01	-3.634	1954	4.709	1.294
34.570	1.466e-01	-3.768	1860	4.757	1.224
34.570	1.928e-01	-3.897	1773	4.802	1.162
34.570	2.533e-01	-4.037	1675	4.844	1.107
34.570	3.344e-01	-4.177	1580	4.882	1.060
34.570	4.405e-01	-4.318	1486	4.917	1.018
34.570	5.789e-01	-4.462	1393	4.949	0.982
34.570	7.612e-01	-4.615	1297	4.977	0.950
34.570	1.000e+00	-4.775	1200	5.002	0.923
34.570	1.321e+00	-4.947	1100	5.025	0.900
34.570	1.729e+00	-5.120	1007	5.043	0.881
34.570	2.286e+00	-5.303	915	5.060	0.864
34.570	2.982e+00	-5.486	830	5.073	0.851
34.570	3.936e+00	-5.659	756	5.085	0.839
34.570	5.185e+00	-5.829	690	5.095	0.830
34.570	6.790e+00	-5.991	632	5.104	0.821
34.570	8.944e+00	-6.153	578	5.112	0.813
36.665	1.006e-04	-1.252	2760	2.952	10.073
36.665	1.312e-04	-1.355	2711	3.025	9.267
36.665	1.705e-04	-1.456	2661	3.092	8.569
36.665	2.238e-04	-1.553	2616	3.160	7.925
36.665	2.942e-04	-1.646	2577	3.227	7.336
36.665	3.837e-04	-1.729	2550	3.292	6.810
36.665	5.037e-04	-1.812	2526	3.359	6.308
36.665	6.595e-04	-1.890	2509	3.425	5.843
36.665	8.634e-04	-1.965	2497	3.492	5.413
36.665	1.140e-03	-2.037	2490	3.558	5.011
36.665	1.492e-03	-2.097	2485	3.615	4.698
36.665	1.969e-03	-2.137	2481	3.652	4.502
36.665	2.578e-03	-2.156	2479	3.670	4.410
36.665	3.384e-03	-2.172	2477	3.684	4.337
36.665	4.447e-03	-2.196	2475	3.707	4.226
36.665	5.847e-03	-2.247	2475	3.758	3.983
36.665	7.362e-03	-2.349	2500	3.878	3.471
36.665	9.736e-03	-2.488	2507	4.022	2.939
36.665	1.280e-02	-2.633	2465	4.137	2.576
36.665	1.676e-02	-2.756	2428	4.233	2.304
36.665	2.191e-02	-2.872	2386	4.319	2.087
36.665	2.880e-02	-2.983	2344	4.400	1.902
36.665	3.772e-02	-3.089	2302	4.474	1.746
36.665	4.968e-02	-3.209	2239	4.546	1.608
36.665	6.530e-02	-3.332	2164	4.610	1.493
36.665	8.517e-02	-3.449	2092	4.668	1.397
36.665	1.109e-01	-3.570	2012	4.721	1.314
36.665	1.442e-01	-3.697	1925	4.771	1.241
36.665	1.903e-01	-3.834	1828	4.818	1.175
36.665	2.491e-01	-3.958	1744	4.861	1.118
36.665	3.295e-01	-4.107	1639	4.902	1.068
36.665	4.332e-01	-4.244	1546	4.938	1.024
36.665	5.693e-01	-4.383	1454	4.971	0.986
36.665	7.515e-01	-4.536	1356	5.001	0.952
36.665	9.821e-01	-4.688	1261	5.027	0.924
36.665	1.281e+00	-4.848	1165	5.050	0.899
36.665	1.691e+00	-5.024	1066	5.071	0.878
36.665	2.227e+00	-5.202	972	5.089	0.860
36.665	2.927e+00	-5.383	883	5.104	0.846
36.665	3.864e+00	-5.564	802	5.117	0.833
36.665	5.059e+00	-5.738	730	5.128	0.823
36.665	6.677e+00	-5.905	667	5.137	0.814
36.665	8.796e+00	-6.068	610	5.146	0.806
39.807	1.006e-04	-1.188	2817	2.960	10.404
39.807	1.323e-04	-1.296	2766	3.036	9.533
39.807	1.739e-04	-1.403	2711	3.107	8.778
39.807	2.286e-04	-1.504	2660	3.176	8.113
39.807	3.005e-04	-1.599	2618	3.243	7.511
39.807	3.936e-04	-1.690	2578	3.307	6.972
39.807	5.152e-04	-1.771	2554	3.372	6.472
39.807	6.762e-04	-1.853	2530	3.438	6.002
39.807	8.887e-04	-1.927	2517	3.503	5.567
39.807	1.173e-03	-1.995	2508	3.565	5.185
39.807	1.545e-03	-2.046	2503	3.612	4.911
39.807	2.024e-03	-2.073	2500	3.637	4.768
39.807	2.649e-03	-2.089	2499	3.652	4.690
39.807	3.477e-03	-2.106	2497	3.668	4.601
39.807	4.570e-03	-2.139	2494	3.699	4.443
39.807	6.032e-03	-2.228	2494	3.788	4.011
39.807	7.896e-03	-2.355	2524	3.936	3.381
39.807	1.042e-02	-2.478	2533	4.065	2.914
39.807	1.365e-02	-2.612	2493	4.171	2.578
39.807	1.791e-02	-2.732	2456	4.265	2.315
39.807	2.354e-02	-2.846	2416	4.351	2.098
39.807	3.070e-02	-2.950	2378	4.428	1.920
39.807	4.053e-02	-3.057	2336	4.504	1.759
39.807	5.305e-02	-3.163	2289	4.574	1.623
39.807	7.003e-02	-3.288	2213	4.640	1.503
39.807	9.167e-02	-3.405	2141	4.700	1.403
39.807	1.203e-01	-3.525	2065	4.757	1.314
39.807	1.581e-01	-3.653	1976	4.809	1.237
39.807	2.087e-01	-3.793	1876	4.858	1.170
39.807	2.733e-01	-3.917	1790	4.901	1.113
39.807	3.607e-01	-4.061	1687	4.943	1.061
39.807	4.751e-01	-4.202	1590	4.980	1.016
39.807	6.284e-01	-4.342	1497	5.015	0.976
39.807	8.259e-01	-4.488	1401	5.046	0.942
39.807	1.090e+00	-4.643	1302	5.074	0.912
39.807	1.425e+00	-4.801	1205	5.098	0.887
39.807	1.873e+00	-4.973	1105	5.119	0.866
39.807	2.462e+00	-5.149	1009	5.138	0.848
39.807	3.250e+00	-5.330	918	5.154	0.832
39.807	4.254e+00	-5.512	833	5.167	0.820
39.807	5.626e+00	-5.693	755	5.178	0.809
39.807	7.338e+00	-5.855	692	5.188	0.800
39.807	9.686e+00	-6.022	632	5.197	0.792
41.903	1.003e-04	-1.148	2851	2.963	10.636
41.903	1.324e-04	-1.257	2801	3.041	9.721
41.903	1.730e-04	-1.362	2746	3.112	8.961
41.903	2.256e-04	-1.462	2695	3.179	8.295
41.903	2.961e-04	-1.559	2648	3.245	7.683
41.903	3.892e-04	-1.654	2604	3.311	7.124
41.903	5.076e-04	-1.737	2574	3.374	6.626
41.903	6.663e-04	-1.818	2550	3.438	6.151
41.903	8.757e-04	-1.894	2531	3.502	5.717
41.903	1.142e-03	-1.958	2521	3.559	5.356
41.903	1.508e-03	-2.005	2515	3.602	5.094
41.903	1.974e-03	-2.030	2513	3.625	4.963
41.903	2.590e-03	-2.045	2511	3.639	4.883
41.903	3.405e-03	-2.064	2509	3.657	4.785
41.903	4.494e-03	-2.100	2506	3.691	4.599
41.903	5.883e-03	-2.201	2504	3.791	4.101
41.903	7.518e-03	-2.315	2529	3.922	3.525
41.903	9.903e-03	-2.426	2553	4.049	3.045
41.903	1.297e-02	-2.555	2524	4.158	2.686
41.903	1.698e-02	-2.675	2488	4.253	2.409
41.903	2.228e-02	-2.788	2449	4.339	2.181
41.903	2.918e-02	-2.896	2410	4.419	1.990
41.903	3.820e-02	-2.997	2373	4.493	1.826
41.903	5.042e-02	-3.100	2334	4.567	1.678
41.903	6.589e-02	-3.213	2273	4.634	1.553
41.903	8.663e-02	-3.333	2200	4.697	1.444
41.903	1.139e-01	-3.451	2127	4.756	1.349
41.903	1.485e-01	-3.573	2045	4.810	1.268
41.903	1.949e-01	-3.704	1952	4.860	1.197
41.903	2.553e-01	-3.835	1858	4.906	1.135
41.903	3.342e-01	-3.962	1770	4.949	1.081
41.903	4.419e-01	-4.106	1667	4.989	1.032
41.903	5.764e-01	-4.240	1575	5.024	0.991
41.903	7.609e-01	-4.380	1481	5.057	0.954
41.903	1.002e+00	-4.532	1382	5.088	0.921
41.903	1.317e+00	-4.686	1284	5.115	0.893
41.903	1.739e+00	-4.853	1182	5.139	0.869
41.903	2.276e+00	-5.023	1084	5.159	0.849
41.903	3.005e+00	-5.204	987	5.176	0.832
41.903	3.933e+00	-5.383	898	5.191	0.818
41.903	5.192e+00	-5.571	812	5.204	0.806
41.903	6.797e+00	-5.739	742	5.215	0.796
41.903	8.972e+00	-5.909	676	5.224	0.787
45.045	1.006e-04	-1.093	2900	2.969	10.950
45.045	1.322e-04	-1.201	2852	3.047	10.008
45.045	1.738e-04	-1.308	2796	3.121	9.196
45.045	2.284e-04	-1.413	2741	3.190	8.486
45.045	3.003e-04	-1.514	2688	3.258	7.853
45.045	3.933e-04	-1.609	2641	3.322	7.292
45.045	5.149e-04	-1.699	2600	3.385	6.780
45.045	6.796e-04	-1.780	2575	3.450	6.296
45.045	8.882e-04	-1.855	2553	3.509	5.880
45.045	1.158e-03	-1.913	2541	3.559	5.550
45.045	1.529e-03	-1.952	2534	3.593	5.336
45.045	1.998e-03	-1.971	2531	3.610	5.233
45.045	2.607e-03	-1.985	2529	3.624	5.153
45.045	3.389e-03	-2.007	2527	3.643	5.038
45.045	4.447e-03	-2.052	2523	3.686	4.798
45.045	5.845e-03	-2.178	2522	3.811	4.153
45.045	7.716e-03	-2.299	2546	3.949	3.545
45.045	1.010e-02	-2.402	2567	4.066	3.097
45.045	1.333e-02	-2.519	2555	4.175	2.731
45.045	1.756e-02	-2.641	2517	4.271	2.446
45.045	2.300e-02	-2.752	2479	4.355	2.219
45.045	3.006e-02	-2.856	2443	4.434	2.027
45.045	3.952e-02	-2.957	2407	4.510	1.858
45.045	5.194e-02	-3.058	2369	4.582	1.709
45.045	6.774e-02	-3.157	2326	4.650	1.581
45.045	8.942e-02	-3.279	2253	4.716	1.464
45.045	1.171e-01	-3.395	2181	4.776	1.367
45.045	1.545e-01	-3.516	2104	4.834	1.279
45.045	2.023e-01	-3.642	2016	4.886	1.205
45.045	2.655e-01	-3.778	1916	4.934	1.140
45.045	3.489e-01	-3.906	1826	4.978	1.083
45.045	4.588e-01	-4.044	1727	5.019	1.033
45.045	6.030e-01	-4.184	1628	5.056	0.990
45.045	7.928e-01	-4.319	1536	5.091	0.952
45.045	1.042e+00	-4.463	1439	5.122	0.918
45.045	1.375e+00	-4.615	1341	5.151	0.888
45.045	1.800e+00	-4.771	1243	5.175	0.863
45.045	2.381e+00	-4.946	1139	5.198	0.841
45.045	3.131e+00	-5.122	1040	5.217	0.823
45.045	4.114e+00	-5.300	948	5.233	0.808
45.045	5.431e+00	-5.494	854	5.246	0.796
45.045	7.154e+00	-5.669	777	5.258	0.785
45.045	9.403e+00	-5.838	709	5.268	0.776
47.140	1.046e-04	-1.074	2924	2.983	11.016
47.140	1.370e-04	-1.180	2875	3.061	10.079
47.140	1.794e-04	-1.285	2822	3.133	9.270
47.140	2.368e-04	-1.392	2765	3.204	8.541
47.140	3.100e-04	-1.493	2710	3.271	7.913
47.140	4.069e-04	-1.590	2661	3.336	7.344
47.140	5.347e-04	-1.682	2618	3.399	6.825
47.140	6.975e-04	-1.761	2590	3.459	6.369
47.140	9.207e-04	-1.834	2568	3.518	5.954
47.140	1.205e-03	-1.888	2554	3.562	5.658
47.140	1.591e-03	-1.917	2549	3.588	5.489
47.140	2.083e-03	-1.934	2546	3.603	5.400
47.140	2.733e-03	-1.951	2543	3.618	5.307
47.140	3.593e-03	-1.980	2538	3.644	5.150
47.140	4.742e-03	-2.055	2530	3.713	4.757
47.140	6.011e-03	-2.178	2535	3.840	4.110
47.140	7.934e-03	-2.292	2557	3.969	3.540
47.140	1.039e-02	-2.392	2577	4.082	3.109
47.140	1.363e-02	-2.499	2574	4.187	2.757
47.140	1.785e-02	-2.617	2537	4.280	2.477
47.140	2.337e-02	-2.727	2499	4.364	2.247
47.140	3.067e-02	-2.832	2463	4.444	2.051
47.140	4.031e-02	-2.933	2427	4.519	1.880
47.140	5.258e-02	-3.029	2392	4.590	1.733
47.140	6.941e-02	-3.128	2355	4.661	1.596
47.140	9.086e-02	-3.243	2288	4.727	1.480
47.140	1.199e-01	-3.363	2214	4.790	1.377
47.140	1.570e-01	-3.478	2142	4.847	1.289
47.140	2.073e-01	-3.607	2052	4.902	1.211
47.140	2.730e-01	-3.743	1953	4.951	1.143
47.140	3.588e-01	-3.872	1861	4.997	1.085
47.140	4.680e-01	-4.003	1767	5.037	1.035
47.140	6.143e-01	-4.140	1669	5.075	0.991
47.140	8.073e-01	-4.275	1576	5.110	0.952
47.140	1.066e+00	-4.418	1478	5.143	0.917
47.140	1.395e+00	-4.563	1383	5.172	0.887
47.140	1.817e+00	-4.712	1287	5.197	0.862
47.140	2.398e+00	-4.880	1185	5.220	0.839
47.140	3.139e+00	-5.051	1085	5.240	0.820
47.140	4.151e+00	-5.234	987	5.257	0.804
47.140	5.458e+00	-5.417	896	5.271	0.791
47.140	7.173e+00	-5.602	811	5.284	0.780
47.140	9.431e+00	-5.774	739	5.294	0.771
50.283	1.046e-04	-1.028	2960	2.987	11.331
50.283	1.374e-04	-1.132	2919	3.066	10.341
50.283	1.807e-04	-1.238	2866	3.141	9.488
50.283	2.375e-04	-1.343	2810	3.212	8.743
50.283	3.098e-04	-1.445	2753	3.278	8.103
50.283	4.066e-04	-1.545	2699	3.343	7.519
50.283	5.344e-04	-1.638	2653	3.406	6.991
50.283	7.026e-04	-1.723	2615	3.467	6.523
50.283	9.234e-04	-1.790	2594	3.520	6.137
50.283	1.214e-03	-1.836	2580	3.557	5.878
50.283	1.596e-03	-1.861	2573	3.577	5.745
50.283	2.081e-03	-1.877	2569	3.590	5.661
50.283	2.747e-03	-1.898	2564	3.607	5.549
50.283	3.596e-03	-1.934	2557	3.639	5.346
50.283	4.747e-03	-2.042	2542	3.737	4.780
50.283	6.204e-03	-2.170	2554	3.872	4.088
50.283	8.092e-03	-2.274	2572	3.989	3.577
50.283	1.070e-02	-2.373	2590	4.100	3.145
50.283	1.396e-02	-2.465	2602	4.200	2.805
50.283	1.843e-02	-2.585	2564	4.295	2.514
50.283	2.412e-02	-2.695	2527	4.379	2.282
50.283	3.184e-02	-2.801	2490	4.460	2.080
50.283	4.161e-02	-2.899	2456	4.533	1.910
50.283	5.471e-02	-2.996	2422	4.606	1.756
50.283	7.190e-02	-3.092	2387	4.677	1.619
50.283	9.453e-02	-3.200	2332	4.745	1.497
50.283	1.242e-01	-3.318	2260	4.808	1.392
50.283	1.621e-01	-3.431	2190	4.866	1.302
50.283	2.139e-01	-3.554	2106	4.923	1.220
50.283	2.800e-01	-3.682	2015	4.973	1.151
50.283	3.696e-01	-3.819	1914	5.021	1.090
50.283	4.839e-01	-3.944	1825	5.063	1.038
50.283	6.351e-01	-4.084	1722	5.102	0.992
50.283	8.347e-01	-4.217	1629	5.138	0.952
50.283	1.097e+00	-4.352	1536	5.171	0.916
50.283	1.442e+00	-4.497	1438	5.202	0.885
50.283	1.896e+00	-4.645	1341	5.229	0.858
50.283	2.492e+00	-4.804	1241	5.253	0.834
50.283	3.251e+00	-4.968	1142	5.273	0.815
50.283	4.291e+00	-5.146	1042	5.292	0.798
50.283	5.653e+00	-5.325	949	5.307	0.784
50.283	7.429e+00	-5.512	858	5.320	0.772
50.283	9.807e+00	-5.690	780	5.332	0.762
52.378	1.017e-04	-0.989	2986	2.981	11.646
52.378	1.338e-04	-1.090	2950	3.061	10.617
52.378	1.752e-04	-1.195	2900	3.136	9.739
52.378	2.293e-04	-1.298	2847	3.207	8.974
52.378	3.010e-04	-1.403	2787	3.276	8.294
52.378	3.956e-04	-1.505	2730	3.342	7.688
52.378	5.201e-04	-1.600	2680	3.405	7.148
52.378	6.811e-04	-1.686	2640	3.464	6.680
52.378	8.916e-04	-1.754	2613	3.514	6.304
52.378	1.177e-03	-1.798	2600	3.549	6.052
52.378	1.538e-03	-1.820	2593	3.568	5.927
52.378	2.006e-03	-1.836	2589	3.580	5.841
52.378	2.608e-03	-1.857	2583	3.597	5.730
52.378	3.423e-03	-1.897	2571	3.630	5.519
52.378	4.499e-03	-2.005	2553	3.725	4.945
52.378	5.915e-03	-2.136	2562	3.862	4.224
52.378	7.774e-03	-2.244	2576	3.979	3.689
52.378	1.022e-02	-2.339	2595	4.087	3.259
52.378	1.343e-02	-2.429	2611	4.188	2.901
52.378	1.766e-02	-2.538	2590	4.284	2.599
52.378	2.321e-02	-2.651	2552	4.370	2.353
52.378	3.047e-02	-2.756	2516	4.450	2.145
52.378	3.990e-02	-2.855	2481	4.526	1.967
52.378	5.223e-02	-2.950	2449	4.598	1.810
52.378	6.855e-02	-3.046	2415	4.669	1.668
52.378	9.009e-02	-3.142	2378	4.738	1.540
52.378	1.185e-01	-3.259	2308	4.804	1.428
52.378	1.557e-01	-3.375	2236	4.865	1.331
52.378	2.047e-01	-3.491	2163	4.923	1.246
52.378	2.690e-01	-3.618	2073	4.976	1.171
52.378	3.509e-01	-3.749	1975	5.024	1.109
52.378	4.632e-01	-3.880	1881	5.069	1.052
52.378	6.063e-01	-4.013	1784	5.109	1.004
52.378	8.004e-01	-4.148	1686	5.147	0.962
52.378	1.048e+00	-4.278	1595	5.181	0.925
52.378	1.386e+00	-4.420	1498	5.213	0.891
52.378	1.822e+00	-4.561	1403	5.242	0.863
52.378	2.394e+00	-4.712	1306	5.267	0.838
52.378	3.161e+00	-4.877	1203	5.290	0.816
52.378	4.138e+00	-5.045	1104	5.309	0.798
52.378	5.472e+00	-5.224	1006	5.326	0.783
52.378	7.194e+00	-5.404	914	5.340	0.770
52.378	9.455e+00	-5.585	830	5.352	0.760
55.521	1.019e-04	-0.948	3018	2.984	11.947
55.521	1.337e-04	-1.049	2983	3.064	10.890
55.521	1.758e-04	-1.151	2940	3.141	9.968
55.521	2.311e-04	-1.256	2887	3.215	9.163
55.521	3.037e-04	-1.362	2827	3.284	8.457
55.521	3.962e-04	-1.462	2769	3.348	7.853
55.521	5.229e-04	-1.561	2715	3.412	7.296
55.521	6.845e-04	-1.644	2673	3.469	6.835
55.521	8.913e-04	-1.708	2643	3.514	6.494
55.521	1.177e-03	-1.747	2628	3.542	6.284
55.521	1.540e-03	-1.766	2621	3.557	6.177
55.521	2.022e-03	-1.783	2617	3.570	6.082
55.521	2.657e-03	-1.809	2609	3.592	5.936
55.521	3.507e-03	-1.867	2592	3.638	5.624
55.521	4.591e-03	-2.008	2565	3.762	4.880
55.521	6.072e-03	-2.127	2578	3.890	4.212
55.521	7.983e-03	-2.231	2590	4.001	3.707
55.521	1.049e-02	-2.322	2607	4.103	3.293
55.521	1.369e-02	-2.407	2622	4.199	2.951
55.521	1.782e-02	-2.501	2618	4.290	2.657
55.521	2.317e-02	-2.609	2582	4.373	2.414
55.521	3.058e-02	-2.716	2545	4.455	2.196
55.521	4.003e-02	-2.815	2511	4.531	2.013
55.521	5.212e-02	-2.908	2479	4.602	1.854
55.521	6.880e-02	-3.005	2445	4.675	1.705
55.521	9.007e-02	-3.096	2413	4.744	1.575
55.521	1.182e-01	-3.205	2357	4.811	1.458
55.521	1.554e-01	-3.320	2287	4.874	1.356
55.521	2.051e-01	-3.436	2214	4.934	1.265
55.521	2.680e-01	-3.555	2134	4.988	1.189
55.521	3.496e-01	-3.680	2043	5.038	1.123
55.521	4.614e-01	-3.816	1942	5.085	1.063
55.521	6.041e-01	-3.938	1853	5.127	1.013
55.521	7.989e-01	-4.079	1748	5.166	0.969
55.521	1.050e+00	-4.205	1659	5.201	0.930
55.521	1.380e+00	-4.334	1569	5.233	0.897
55.521	1.822e+00	-4.473	1473	5.263	0.867
55.521	2.385e+00	-4.609	1383	5.289	0.841
55.521	3.131e+00	-4.757	1288	5.313	0.818
55.521	4.115e+00	-4.915	1190	5.333	0.799
55.521	5.432e+00	-5.083	1091	5.352	0.782
55.521	7.155e+00	-5.252	999	5.367	0.768
55.521	9.403e+00	-5.428	910	5.381	0.757
57.616	1.038e-04	-0.930	3034	2.991	12.072
57.616	1.358e-04	-1.028	3002	3.071	11.013
57.616	1.793e-04	-1.130	2962	3.149	10.063
57.616	2.347e-04	-1.233	2910	3.222	9.258
57.616	3.080e-04	-1.339	2851	3.291	8.545
57.616	4.048e-04	-1.442	2790	3.358	7.916
57.616	5.281e-04	-1.536	2737	3.418	7.382
57.616	6.970e-04	-1.620	2693	3.475	6.918
57.616	9.125e-04	-1.679	2665	3.515	6.603
57.616	1.198e-03	-1.712	2650	3.538	6.430
57.616	1.568e-03	-1.731	2641	3.551	6.333
57.616	2.066e-03	-1.750	2635	3.566	6.227
57.616	2.715e-03	-1.782	2624	3.591	6.050
57.616	3.584e-03	-1.860	2601	3.654	5.627
57.616	4.583e-03	-1.998	2576	3.775	4.896
57.616	6.023e-03	-2.111	2588	3.895	4.263
57.616	7.950e-03	-2.213	2599	4.005	3.757
57.616	1.041e-02	-2.303	2613	4.104	3.351
57.616	1.374e-02	-2.390	2629	4.202	2.994
57.616	1.795e-02	-2.477	2636	4.294	2.695
57.616	2.342e-02	-2.586	2599	4.378	2.444
57.616	3.073e-02	-2.691	2563	4.459	2.227
57.616	4.025e-02	-2.790	2529	4.535	2.041
57.616	5.269e-02	-2.885	2497	4.608	1.876
57.616	6.915e-02	-2.979	2465	4.680	1.728
57.616	9.056e-02	-3.072	2432	4.749	1.596
57.616	1.185e-01	-3.171	2387	4.816	1.477
57.616	1.565e-01	-3.288	2318	4.881	1.370
57.616	2.048e-01	-3.401	2248	4.941	1.279
57.616	2.704e-01	-3.519	2170	4.998	1.198
57.616	3.540e-01	-3.643	2081	5.049	1.129
57.616	4.673e-01	-3.779	1978	5.097	1.068
57.616	6.117e-01	-3.901	1890	5.140	1.017
57.616	8.028e-01	-4.035	1789	5.178	0.973
57.616	1.055e+00	-4.159	1700	5.213	0.935
57.616	1.387e+00	-4.282	1613	5.246	0.901
57.616	1.817e+00	-4.409	1524	5.274	0.871
57.616	2.378e+00	-4.536	1438	5.300	0.846
57.616	3.139e+00	-4.674	1347	5.325	0.822
57.616	4.135e+00	-4.820	1254	5.346	0.802
57.616	5.435e+00	-4.974	1160	5.365	0.785
57.616	7.146e+00	-5.133	1069	5.382	0.770
57.616	9.391e+00	-5.293	983	5.396	0.758
60.759	1.029e-04	-0.892	3060	2.991	12.403
60.759	1.358e-04	-0.990	3032	3.073	11.277
60.759	1.778e-04	-1.088	2995	3.150	10.325
60.759	2.334e-04	-1.190	2948	3.224	9.480
60.759	3.067e-04	-1.295	2890	3.295	8.737
60.759	4.001e-04	-1.396	2831	3.360	8.105
60.759	5.251e-04	-1.493	2776	3.422	7.548
60.759	6.876e-04	-1.573	2731	3.474	7.107
60.759	9.002e-04	-1.627	2703	3.510	6.818
60.759	1.188e-03	-1.655	2690	3.530	6.664
60.759	1.553e-03	-1.673	2681	3.543	6.569
60.759	2.050e-03	-1.697	2670	3.559	6.445
60.759	2.683e-03	-1.740	2650	3.589	6.229
60.759	3.542e-03	-1.846	2616	3.673	5.653
60.759	4.637e-03	-1.991	2592	3.802	4.876
60.759	6.132e-03	-2.099	2602	3.916	4.272
60.759	7.998e-03	-2.193	2612	4.017	3.806
60.759	1.050e-02	-2.282	2623	4.114	3.405
60.759	1.380e-02	-2.366	2639	4.207	3.056
60.759	1.814e-02	-2.449	2651	4.299	2.750
60.759	2.384e-02	-2.555	2624	4.387	2.486
60.759	3.147e-02	-2.662	2587	4.469	2.260
60.759	4.113e-02	-2.760	2554	4.545	2.072
60.759	5.346e-02	-2.852	2523	4.616	1.909
60.759	6.974e-02	-2.944	2492	4.686	1.761
60.759	9.205e-02	-3.039	2458	4.758	1.622
60.759	1.205e-01	-3.132	2423	4.825	1.500
60.759	1.594e-01	-3.245	2359	4.893	1.388
60.759	2.095e-01	-3.360	2289	4.954	1.293
60.759	2.754e-01	-3.472	2218	5.012	1.210
60.759	3.592e-01	-3.592	2133	5.064	1.140
60.759	4.741e-01	-3.724	2034	5.113	1.077
60.759	6.207e-01	-3.847	1942	5.156	1.025
60.759	8.193e-01	-3.971	1851	5.196	0.979
60.759	1.073e+00	-4.092	1760	5.230	0.942
60.759	1.416e+00	-4.206	1679	5.262	0.908
60.759	1.865e+00	-4.320	1598	5.290	0.879
60.759	2.451e+00	-4.436	1517	5.315	0.854
60.759	3.235e+00	-4.548	1441	5.338	0.831
60.759	4.235e+00	-4.663	1365	5.359	0.812
60.759	5.591e+00	-4.787	1284	5.378	0.794
60.759	7.319e+00	-4.914	1205	5.394	0.780
60.759	9.606e+00	-5.044	1127	5.409	0.767
62.854	1.034e-04	-0.872	3074	2.993	12.575
62.854	1.357e-04	-0.966	3050	3.075	11.454
62.854	1.784e-04	-1.065	3014	3.153	10.469
62.854	2.327e-04	-1.162	2973	3.226	9.625
62.854	3.072e-04	-1.269	2914	3.298	8.854
62.854	4.021e-04	-1.371	2855	3.365	8.202
62.854	5.277e-04	-1.467	2799	3.426	7.643
62.854	6.911e-04	-1.545	2755	3.476	7.216
62.854	9.047e-04	-1.594	2729	3.508	6.952
62.854	1.194e-03	-1.619	2715	3.525	6.815
62.854	1.561e-03	-1.638	2707	3.538	6.718
62.854	2.060e-03	-1.664	2694	3.557	6.576
62.854	2.697e-03	-1.716	2669	3.592	6.313
62.854	3.560e-03	-1.849	2623	3.695	5.607
62.854	4.689e-03	-1.986	2603	3.819	4.862
62.854	6.163e-03	-2.088	2611	3.927	4.294
62.854	8.089e-03	-2.182	2621	4.027	3.827
62.854	1.059e-02	-2.270	2630	4.120	3.435
62.854	1.384e-02	-2.350	2645	4.211	3.096
62.854	1.820e-02	-2.433	2657	4.301	2.790
62.854	2.392e-02	-2.531	2641	4.389	2.522
62.854	3.157e-02	-2.639	2604	4.472	2.292
62.854	4.126e-02	-2.737	2571	4.548	2.100
62.854	5.364e-02	-2.829	2540	4.620	1.934
62.854	6.996e-02	-2.921	2509	4.690	1.783
62.854	9.235e-02	-3.016	2475	4.762	1.642
62.854	1.207e-01	-3.108	2441	4.829	1.520
62.854	1.574e-01	-3.210	2389	4.894	1.410
62.854	2.078e-01	-3.324	2321	4.958	1.310
62.854	2.720e-01	-3.435	2252	5.015	1.226
62.854	3.591e-01	-3.555	2169	5.071	1.150
62.854	4.701e-01	-3.677	2079	5.120	1.087
62.854	6.205e-01	-3.805	1982	5.164	1.033
62.854	8.122e-01	-3.916	1901	5.203	0.988
62.854	1.072e+00	-4.042	1804	5.238	0.949
62.854	1.404e+00	-4.143	1732	5.267	0.917
62.854	1.856e+00	-4.245	1658	5.295	0.889
62.854	2.450e+00	-4.345	1588	5.319	0.865
62.854	3.228e+00	-4.443	1518	5.340	0.844
62.854	4.242e+00	-4.532	1458	5.358	0.827
62.854	5.599e+00	-4.624	1396	5.375	0.811
62.854	7.330e+00	-4.713	1338	5.390	0.797
62.854	9.694e+00	-4.806	1278	5.403	0.785
65.997	1.010e-04	-0.833	3095	2.988	12.969
65.997	1.325e-04	-0.925	3077	3.069	11.809
65.997	1.742e-04	-1.021	3046	3.148	10.784
65.997	2.290e-04	-1.119	3008	3.224	9.881
65.997	2.998e-04	-1.222	2953	3.296	9.099
65.997	3.925e-04	-1.323	2896	3.363	8.421
65.997	5.152e-04	-1.419	2840	3.424	7.848
65.997	6.746e-04	-1.494	2797	3.472	7.424
65.997	8.832e-04	-1.539	2771	3.502	7.179
65.997	1.166e-03	-1.563	2757	3.517	7.050
65.997	1.523e-03	-1.583	2747	3.530	6.945
65.997	2.011e-03	-1.614	2730	3.551	6.781
65.997	2.633e-03	-1.677	2700	3.594	6.454
65.997	3.468e-03	-1.833	2638	3.710	5.649
65.997	4.560e-03	-1.961	2618	3.825	4.947
65.997	5.993e-03	-2.061	2623	3.928	4.392
65.997	7.879e-03	-2.152	2632	4.026	3.926
65.997	1.032e-02	-2.241	2637	4.117	3.533
65.997	1.348e-02	-2.319	2652	4.206	3.191
65.997	1.759e-02	-2.398	2664	4.292	2.889
65.997	2.322e-02	-2.483	2670	4.381	2.608
65.997	3.058e-02	-2.591	2634	4.465	2.367
65.997	4.019e-02	-2.692	2600	4.544	2.163
65.997	5.284e-02	-2.789	2568	4.619	1.983
65.997	6.920e-02	-2.882	2536	4.691	1.826
65.997	9.059e-02	-2.974	2504	4.761	1.684
65.997	1.180e-01	-3.065	2470	4.828	1.560
65.997	1.557e-01	-3.162	2430	4.896	1.441
65.997	2.038e-01	-3.269	2370	4.960	1.339
65.997	2.696e-01	-3.384	2298	5.021	1.248
65.997	3.516e-01	-3.491	2229	5.076	1.172
65.997	4.615e-01	-3.610	2144	5.126	1.106
65.997	6.065e-01	-3.732	2051	5.171	1.050
65.997	7.974e-01	-3.844	1966	5.210	1.004
65.997	1.048e+00	-3.945	1891	5.244	0.966
65.997	1.383e+00	-4.049	1811	5.272	0.935
65.997	1.811e+00	-4.126	1755	5.295	0.911
65.997	2.391e+00	-4.198	1703	5.315	0.890
65.997	3.130e+00	-4.258	1660	5.330	0.874
65.997	4.131e+00	-4.311	1622	5.343	0.862
65.997	5.408e+00	-4.351	1594	5.353	0.852
65.997	7.152e+00	-4.383	1571	5.360	0.845
65.997	9.328e+00	-4.403	1557	5.364	0.841
67.044	1.033e-04	-0.830	3101	2.995	12.961
67.044	1.358e-04	-0.923	3082	3.077	11.798
67.044	1.784e-04	-1.019	3052	3.156	10.775
67.044	2.346e-04	-1.116	3013	3.231	9.874
67.044	3.072e-04	-1.219	2959	3.303	9.094
67.044	4.022e-04	-1.320	2903	3.370	8.420
67.044	5.279e-04	-1.413	2848	3.430	7.857
67.044	6.938e-04	-1.485	2806	3.476	7.452
67.044	9.121e-04	-1.525	2783	3.502	7.231
67.044	1.199e-03	-1.547	2770	3.516	7.114
67.044	1.564e-03	-1.568	2759	3.530	7.003
67.044	2.068e-03	-1.604	2740	3.554	6.814
67.044	2.719e-03	-1.683	2701	3.607	6.405
67.044	3.534e-03	-1.842	2638	3.726	5.586
67.044	4.632e-03	-1.963	2623	3.836	4.920
67.044	6.088e-03	-2.060	2628	3.938	4.379
67.044	7.941e-03	-2.148	2636	4.031	3.933
67.044	1.048e-02	-2.238	2642	4.124	3.532
67.044	1.370e-02	-2.316	2656	4.212	3.194
67.044	1.787e-02	-2.394	2668	4.298	2.893
67.044	2.358e-02	-2.478	2676	4.386	2.613
67.044	3.087e-02	-2.583	2641	4.468	2.377
67.044	4.075e-02	-2.685	2607	4.548	2.168
67.044	5.326e-02	-2.780	2575	4.622	1.992
67.044	7.002e-02	-2.875	2543	4.695	1.831
67.044	9.170e-02	-2.967	2510	4.765	1.689
67.044	1.200e-01	-3.059	2476	4.833	1.561
67.044	1.563e-01	-3.150	2440	4.899	1.448
67.044	2.063e-01	-3.259	2381	4.965	1.343
67.044	2.701e-01	-3.369	2312	5.024	1.253
67.044	3.545e-01	-3.478	2243	5.080	1.175
67.044	4.659e-01	-3.596	2158	5.131	1.109
67.044	6.126e-01	-3.714	2068	5.176	1.053
67.044	8.051e-01	-3.825	1984	5.214	1.007
67.044	1.050e+00	-3.915	1919	5.246	0.971
67.044	1.386e+00	-4.014	1841	5.274	0.941
67.044	1.815e+00	-4.088	1786	5.295	0.918
67.044	2.382e+00	-4.150	1741	5.312	0.900
67.044	3.130e+00	-4.200	1705	5.326	0.886
67.044	4.115e+00	-4.238	1678	5.336	0.876
67.044	5.409e+00	-4.266	1657	5.343	0.869
67.044	7.055e+00	-4.283	1645	5.347	0.865
67.044	9.313e+00	-4.292	1639	5.349	0.862
68.092	1.012e-04	-0.814	3108	2.990	13.145
68.092	1.331e-04	-0.906	3090	3.072	11.962
68.092	1.749e-04	-1.000	3063	3.151	10.921
68.092	2.300e-04	-1.098	3025	3.227	10.004
68.092	3.023e-04	-1.201	2974	3.300	9.198
68.092	3.975e-04	-1.303	2917	3.368	8.502
68.092	5.224e-04	-1.397	2862	3.429	7.930
68.092	6.868e-04	-1.468	2820	3.474	7.525
68.092	9.027e-04	-1.507	2797	3.500	7.308
68.092	1.177e-03	-1.528	2785	3.513	7.194
68.092	1.554e-03	-1.551	2773	3.528	7.075
68.092	2.047e-03	-1.588	2752	3.552	6.878
68.092	2.691e-03	-1.672	2710	3.610	6.439
68.092	3.538e-03	-1.841	2642	3.734	5.578
68.092	4.650e-03	-1.960	2627	3.843	4.920
68.092	6.137e-03	-2.057	2632	3.944	4.379
68.092	8.034e-03	-2.145	2640	4.038	3.933
68.092	1.061e-02	-2.234	2646	4.130	3.537
68.092	1.386e-02	-2.312	2659	4.217	3.200
68.092	1.822e-02	-2.392	2671	4.305	2.892
68.092	2.395e-02	-2.473	2681	4.391	2.618
68.092	3.161e-02	-2.580	2646	4.476	2.375
68.092	4.138e-02	-2.679	2613	4.553	2.172
68.092	5.432e-02	-2.775	2581	4.628	1.993
68.092	7.139e-02	-2.870	2549	4.701	1.832
68.092	9.311e-02	-2.961	2517	4.770	1.692
68.092	1.229e-01	-3.056	2482	4.841	1.560
68.092	1.606e-01	-3.148	2445	4.907	1.446
68.092	2.112e-01	-3.254	2389	4.972	1.342
68.092	2.776e-01	-3.365	2319	5.032	1.252
68.092	3.649e-01	-3.474	2250	5.088	1.173
68.092	4.779e-01	-3.588	2169	5.138	1.108
68.092	6.256e-01	-3.701	2083	5.182	1.054
68.092	8.258e-01	-3.811	1999	5.220	1.009
68.092	1.079e+00	-3.898	1935	5.250	0.974
68.092	1.419e+00	-3.985	1868	5.276	0.945
68.092	1.865e+00	-4.056	1813	5.295	0.924
68.092	2.452e+00	-4.106	1777	5.310	0.909
68.092	3.222e+00	-4.145	1748	5.321	0.897
68.092	4.203e+00	-4.172	1729	5.328	0.890
68.092	5.516e+00	-4.187	1718	5.332	0.886
68.092	7.250e+00	-4.195	1712	5.335	0.884
68.092	9.516e+00	-4.198	1710	5.335	0.883
69.139	1.016e-04	-0.805	3115	2.991	13.220
69.139	1.342e-04	-0.899	3096	3.074	12.015
69.139	1.756e-04	-0.991	3071	3.152	10.984
69.139	2.305e-04	-1.088	3034	3.228	10.065
69.139	3.030e-04	-1.190	2984	3.301	9.252
69.139	3.983e-04	-1.291	2928	3.370	8.552
69.139	5.235e-04	-1.384	2874	3.430	7.981
69.139	6.828e-04	-1.451	2834	3.473	7.594
69.139	9.013e-04	-1.490	2811	3.498	7.380
69.139	1.180e-03	-1.511	2799	3.511	7.266
69.139	1.549e-03	-1.534	2786	3.526	7.144
69.139	2.035e-03	-1.573	2764	3.552	6.936
69.139	2.687e-03	-1.668	2716	3.616	6.443
69.139	3.483e-03	-1.831	2648	3.735	5.618
69.139	4.597e-03	-1.951	2632	3.844	4.954
69.139	6.018e-03	-2.045	2636	3.941	4.431
69.139	7.899e-03	-2.133	2644	4.034	3.979
69.139	1.034e-02	-2.219	2649	4.124	3.590
69.139	1.352e-02	-2.298	2661	4.210	3.250
69.139	1.777e-02	-2.377	2673	4.297	2.939
69.139	2.336e-02	-2.457	2683	4.384	2.661
69.139	3.047e-02	-2.554	2659	4.465	2.422
69.139	4.022e-02	-2.658	2625	4.546	2.208
69.139	5.265e-02	-2.753	2593	4.621	2.025
69.139	6.910e-02	-2.848	2561	4.694	1.862
69.139	9.082e-02	-2.942	2528	4.765	1.715
69.139	1.185e-01	-3.033	2495	4.833	1.587
69.139	1.564e-01	-3.126	2459	4.902	1.466
69.139	2.060e-01	-3.231	2405	4.968	1.358
69.139	2.707e-01	-3.341	2339	5.029	1.266
69.139	3.531e-01	-3.445	2273	5.084	1.188
69.139	4.635e-01	-3.557	2195	5.135	1.120
69.139	6.091e-01	-3.668	2113	5.180	1.064
69.139	7.945e-01	-3.773	2032	5.217	1.020
69.139	1.043e+00	-3.862	1966	5.248	0.984
69.139	1.371e+00	-3.938	1908	5.273	0.956
69.139	1.809e+00	-4.007	1855	5.292	0.935
69.139	2.368e+00	-4.054	1818	5.305	0.921
69.139	3.108e+00	-4.084	1797	5.314	0.912
69.139	4.085e+00	-4.102	1783	5.319	0.906
69.139	5.329e+00	-4.112	1776	5.322	0.903
69.139	7.034e+00	-4.116	1773	5.323	0.902
69.139	9.265e+00	-4.118	1772	5.324	0.902
70.187	1.003e-04	-0.792	3122	2.988	13.374
70.187	1.318e-04	-0.883	3104	3.070	12.172
70.187	1.719e-04	-0.973	3081	3.147	11.138
70.187	2.270e-04	-1.072	3045	3.225	10.183
70.187	2.971e-04	-1.170	2999	3.297	9.367
70.187	3.899e-04	-1.272	2943	3.366	8.658
70.187	5.125e-04	-1.364	2889	3.426	8.075
70.187	6.738e-04	-1.434	2848	3.471	7.672
70.187	8.856e-04	-1.471	2826	3.495	7.461
70.187	1.155e-03	-1.492	2814	3.508	7.347
70.187	1.525e-03	-1.516	2801	3.523	7.219
70.187	2.009e-03	-1.557	2777	3.550	7.001
70.187	2.640e-03	-1.655	2726	3.616	6.491
70.187	3.485e-03	-1.828	2652	3.741	5.618
70.187	4.590e-03	-1.945	2637	3.848	4.969
70.187	6.033e-03	-2.040	2640	3.945	4.443
70.187	7.869e-03	-2.125	2648	4.035	4.005
70.187	1.039e-02	-2.213	2653	4.126	3.605
70.187	1.357e-02	-2.292	2664	4.212	3.266
70.187	1.785e-02	-2.371	2676	4.299	2.955
70.187	2.345e-02	-2.450	2685	4.385	2.677
70.187	3.059e-02	-2.544	2667	4.467	2.436
70.187	4.015e-02	-2.646	2633	4.546	2.224
70.187	5.258e-02	-2.742	2601	4.621	2.040
70.187	6.872e-02	-2.835	2570	4.693	1.877
70.187	8.963e-02	-2.926	2538	4.763	1.733
70.187	1.176e-01	-3.019	2504	4.832	1.600
70.187	1.546e-01	-3.112	2469	4.900	1.479
70.187	2.017e-01	-3.209	2421	4.964	1.374
70.187	2.662e-01	-3.320	2356	5.027	1.278
70.187	3.507e-01	-3.428	2289	5.085	1.196
70.187	4.592e-01	-3.535	2216	5.136	1.128
70.187	6.011e-01	-3.641	2139	5.180	1.072
70.187	7.950e-01	-3.749	2055	5.219	1.025
70.187	1.045e+00	-3.836	1988	5.249	0.990
70.187	1.374e+00	-3.903	1940	5.273	0.964
70.187	1.792e+00	-3.961	1894	5.290	0.945
70.187	2.365e+00	-4.004	1861	5.302	0.932
70.187	3.096e+00	-4.028	1842	5.308	0.925
70.187	4.032e+00	-4.041	1832	5.311	0.921
70.187	5.292e+00	-4.046	1829	5.313	0.920
70.187	6.929e+00	-4.047	1827	5.313	0.920
70.187	9.128e+00	-4.047	1827	5.313	0.920
71.234	1.011e-04	-0.785	3128	2.991	13.428
71.234	1.324e-04	-0.875	3110	3.071	12.238
71.234	1.747e-04	-0.969	3086	3.152	11.155
71.234	2.283e-04	-1.063	3053	3.227	10.231
71.234	3.002e-04	-1.163	3008	3.301	9.399
71.234	3.931e-04	-1.263	2952	3.368	8.694
71.234	5.146e-04	-1.352	2900	3.427	8.122
71.234	6.793e-04	-1.420	2860	3.471	7.727
71.234	8.893e-04	-1.455	2840	3.493	7.531
71.234	1.167e-03	-1.476	2828	3.507	7.415
71.234	1.534e-03	-1.500	2813	3.522	7.281
71.234	2.025e-03	-1.546	2788	3.552	7.039
71.234	2.651e-03	-1.657	2729	3.625	6.467
71.234	3.506e-03	-1.828	2656	3.750	5.601
71.234	4.628e-03	-1.943	2641	3.855	4.962
71.234	6.058e-03	-2.036	2644	3.950	4.452
71.234	7.951e-03	-2.122	2652	4.041	4.007
71.234	1.045e-02	-2.208	2657	4.130	3.617
71.234	1.363e-02	-2.286	2667	4.215	3.281
71.234	1.789e-02	-2.364	2678	4.301	2.972
71.234	2.351e-02	-2.443	2688	4.386	2.693
71.234	3.067e-02	-2.534	2674	4.468	2.451
71.234	4.025e-02	-2.636	2640	4.547	2.237
71.234	5.290e-02	-2.733	2608	4.624	2.049
71.234	6.955e-02	-2.828	2576	4.697	1.882
71.234	9.108e-02	-2.921	2544	4.768	1.735
71.234	1.192e-01	-3.013	2510	4.837	1.603
71.234	1.565e-01	-3.105	2475	4.905	1.483
71.234	2.057e-01	-3.204	2429	4.971	1.374
71.234	2.715e-01	-3.313	2364	5.034	1.278
71.234	3.576e-01	-3.420	2298	5.091	1.197
71.234	4.683e-01	-3.525	2228	5.141	1.129
71.234	6.120e-01	-3.627	2154	5.185	1.074
71.234	8.079e-01	-3.730	2073	5.222	1.029
71.234	1.058e+00	-3.812	2011	5.250	0.996
71.234	1.388e+00	-3.873	1966	5.272	0.971
71.234	1.824e+00	-3.918	1933	5.288	0.954
71.234	2.408e+00	-3.955	1903	5.298	0.943
71.234	3.152e+00	-3.973	1889	5.303	0.937
71.234	4.161e+00	-3.981	1883	5.305	0.935
71.234	5.482e+00	-3.983	1881	5.306	0.934
71.234	7.204e+00	-3.984	1880	5.306	0.934
71.234	9.589e+00	-3.984	1880	5.306	0.934
72.282	1.037e-04	-0.783	3133	2.999	13.402
72.282	1.357e-04	-0.874	3114	3.079	12.218
72.282	1.781e-04	-0.966	3092	3.158	11.159
72.282	2.333e-04	-1.060	3058	3.233	10.229
72.282	3.054e-04	-1.157	3015	3.306	9.411
72.282	4.008e-04	-1.258	2959	3.374	8.703
72.282	5.268e-04	-1.346	2908	3.432	8.137
72.282	6.926e-04	-1.408	2871	3.472	7.772
72.282	9.102e-04	-1.440	2852	3.492	7.591
72.282	1.187e-03	-1.460	2840	3.505	7.479
72.282	1.567e-03	-1.487	2825	3.523	7.330
72.282	2.064e-03	-1.539	2796	3.556	7.056
72.282	2.713e-03	-1.674	2724	3.646	6.362
72.282	3.567e-03	-1.833	2660	3.764	5.553
72.282	4.688e-03	-1.943	2646	3.865	4.943
72.282	6.164e-03	-2.036	2649	3.959	4.436
72.282	8.102e-03	-2.122	2656	4.050	3.996
72.282	1.057e-02	-2.204	2661	4.135	3.621
72.282	1.387e-02	-2.284	2670	4.221	3.280
72.282	1.823e-02	-2.362	2682	4.307	2.971
72.282	2.378e-02	-2.439	2691	4.390	2.701
72.282	3.096e-02	-2.527	2681	4.471	2.460
72.282	4.087e-02	-2.630	2647	4.552	2.241
72.282	5.350e-02	-2.726	2615	4.628	2.055
72.282	6.966e-02	-2.818	2584	4.699	1.893
72.282	9.195e-02	-2.914	2550	4.772	1.741
72.282	1.204e-01	-3.006	2517	4.840	1.608
72.282	1.580e-01	-3.097	2482	4.908	1.488
72.282	2.076e-01	-3.195	2438	4.974	1.379
72.282	2.730e-01	-3.301	2376	5.036	1.283
72.282	3.588e-01	-3.406	2311	5.093	1.202
72.282	4.709e-01	-3.509	2244	5.144	1.134
72.282	6.189e-01	-3.612	2169	5.188	1.078
72.282	8.138e-01	-3.708	2095	5.224	1.034
72.282	1.070e+00	-3.786	2034	5.251	1.002
72.282	1.395e+00	-3.842	1993	5.271	0.980
72.282	1.831e+00	-3.880	1964	5.284	0.965
72.282	2.398e+00	-3.904	1947	5.293	0.955
72.282	3.133e+00	-3.917	1937	5.297	0.950
72.282	4.136e+00	-3.924	1932	5.299	0.948
72.282	5.448e+00	-3.925	1931	5.300	0.948
72.282	7.252e+00	-3.926	1930	5.300	0.948
72.282	9.652e+00	-3.926	1930	5.300	0.948
73.330	1.031e-04	-0.772	3139	2.998	13.519
73.330	1.350e-04	-0.863	3121	3.078	12.323
73.330	1.771e-04	-0.954	3099	3.157	11.255
73.330	2.328e-04	-1.049	3067	3.234	10.302
73.330	3.061e-04	-1.148	3023	3.307	9.465
73.330	4.023e-04	-1.248	2968	3.375	8.750
73.330	5.289e-04	-1.334	2919	3.433	8.187
73.330	6.952e-04	-1.394	2884	3.471	7.835
73.330	9.140e-04	-1.424	2866	3.491	7.661
73.330	1.197e-03	-1.445	2854	3.504	7.546
73.330	1.577e-03	-1.473	2837	3.522	7.388
73.330	2.072e-03	-1.529	2805	3.558	7.088
73.330	2.724e-03	-1.676	2726	3.656	6.332
73.330	3.603e-03	-1.833	2664	3.774	5.533
73.330	4.735e-03	-1.942	2651	3.873	4.936
73.330	6.226e-03	-2.033	2653	3.966	4.435
73.330	8.183e-03	-2.118	2660	4.055	4.001
73.330	1.067e-02	-2.200	2664	4.140	3.628
73.330	1.401e-02	-2.280	2673	4.226	3.288
73.330	1.841e-02	-2.358	2685	4.311	2.980
73.330	2.421e-02	-2.436	2694	4.396	2.703
73.330	3.181e-02	-2.526	2685	4.480	2.454
73.330	4.200e-02	-2.629	2651	4.561	2.235
73.330	5.498e-02	-2.725	2619	4.636	2.050
73.330	7.216e-02	-2.820	2587	4.709	1.884
73.330	9.483e-02	-2.914	2554	4.781	1.735
73.330	1.247e-01	-3.007	2520	4.850	1.601
73.330	1.639e-01	-3.099	2485	4.918	1.481
73.330	2.155e-01	-3.196	2441	4.984	1.373
73.330	2.832e-01	-3.302	2380	5.046	1.278
73.330	3.723e-01	-3.405	2316	5.102	1.198
73.330	4.875e-01	-3.504	2252	5.152	1.132
73.330	6.382e-01	-3.602	2180	5.194	1.078
73.330	8.425e-01	-3.693	2111	5.229	1.036
73.330	1.103e+00	-3.764	2055	5.253	1.007
73.330	1.456e+00	-3.815	2016	5.271	0.987
73.330	1.902e+00	-3.845	1994	5.282	0.975
73.330	2.481e+00	-3.862	1981	5.288	0.968
73.330	3.276e+00	-3.870	1975	5.291	0.965
73.330	4.288e+00	-3.873	1973	5.292	0.964
73.330	5.696e+00	-3.874	1973	5.292	0.963
73.330	7.581e+00	-3.874	1973	5.292	0.963
73.330	1.000e+01	-3.874	1973	5.292	0.963
74.377	1.041e-04	-0.766	3145	3.001	13.563
74.377	1.360e-04	-0.857	3126	3.081	12.372
74.377	1.789e-04	-0.948	3105	3.160	11.293
74.377	2.351e-04	-1.042	3074	3.237	10.337
74.377	3.066e-04	-1.138	3031	3.308	9.520
74.377	4.047e-04	-1.238	2977	3.377	8.791
74.377	5.298e-04	-1.322	2930	3.433	8.242
74.377	6.954e-04	-1.379	2897	3.470	7.901
74.377	9.139e-04	-1.408	2879	3.489	7.733
74.377	1.192e-03	-1.428	2867	3.502	7.617
74.377	1.577e-03	-1.459	2850	3.522	7.448
74.377	2.073e-03	-1.519	2815	3.560	7.121
74.377	2.724e-03	-1.677	2729	3.665	6.311
74.377	3.596e-03	-1.829	2670	3.779	5.538
74.377	4.737e-03	-1.937	2655	3.877	4.945
74.377	6.226e-03	-2.027	2657	3.969	4.450
74.377	8.120e-03	-2.110	2663	4.055	4.030
74.377	1.072e-02	-2.195	2668	4.143	3.641
74.377	1.403e-02	-2.273	2676	4.227	3.305
74.377	1.852e-02	-2.352	2687	4.313	2.993
74.377	2.425e-02	-2.429	2697	4.397	2.720
74.377	3.157e-02	-2.512	2694	4.478	2.477
74.377	4.168e-02	-2.616	2660	4.559	2.256
74.377	5.456e-02	-2.712	2628	4.634	2.068
74.377	7.202e-02	-2.809	2595	4.709	1.897
74.377	9.411e-02	-2.901	2563	4.780	1.749
74.377	1.228e-01	-2.992	2530	4.848	1.618
74.377	1.620e-01	-3.085	2494	4.917	1.494
74.377	2.121e-01	-3.177	2455	4.982	1.386
74.377	2.800e-01	-3.284	2396	5.045	1.289
74.377	3.665e-01	-3.385	2334	5.101	1.209
74.377	4.811e-01	-3.482	2271	5.151	1.141
74.377	6.323e-01	-3.579	2201	5.194	1.086
74.377	8.313e-01	-3.663	2139	5.227	1.045
74.377	1.093e+00	-3.732	2084	5.252	1.016
74.377	1.442e+00	-3.779	2048	5.268	0.997
74.377	1.888e+00	-3.806	2027	5.277	0.986
74.377	2.492e+00	-3.820	2017	5.282	0.981
74.377	3.262e+00	-3.825	2013	5.284	0.979
74.377	4.306e+00	-3.826	2012	5.284	0.978
74.377	5.695e+00	-3.827	2012	5.285	0.978
74.377	7.580e+00	-3.827	2011	5.285	0.978
74.377	1.000e+01	-3.827	2011	5.285	0.978
75.425	1.033e-04	-0.755	3151	2.999	13.686
75.425	1.353e-04	-0.846	3133	3.079	12.476
75.425	1.786e-04	-0.938	3112	3.160	11.373
75.425	2.334e-04	-1.029	3083	3.235	10.428
75.425	3.068e-04	-1.128	3039	3.309	9.578
75.425	4.033e-04	-1.225	2988	3.377	8.855
75.425	5.323e-04	-1.310	2941	3.434	8.293
75.425	6.968e-04	-1.364	2909	3.469	7.966
75.425	9.198e-04	-1.392	2893	3.487	7.802
75.425	1.202e-03	-1.413	2880	3.501	7.682
75.425	1.587e-03	-1.445	2861	3.521	7.500
75.425	2.077e-03	-1.510	2823	3.563	7.146
75.425	2.742e-03	-1.680	2731	3.676	6.280
75.425	3.626e-03	-1.828	2675	3.787	5.525
75.425	4.776e-03	-1.935	2660	3.884	4.942
75.425	6.278e-03	-2.024	2661	3.974	4.454
75.425	8.188e-03	-2.106	2667	4.060	4.036
75.425	1.081e-02	-2.190	2672	4.147	3.650
75.425	1.415e-02	-2.269	2679	4.231	3.315
75.425	1.857e-02	-2.346	2690	4.315	3.009
75.425	2.441e-02	-2.424	2699	4.399	2.732
75.425	3.209e-02	-2.507	2699	4.483	2.481
75.425	4.244e-02	-2.612	2665	4.565	2.257
75.425	5.578e-02	-2.709	2633	4.641	2.066
75.425	7.275e-02	-2.802	2602	4.713	1.902
75.425	9.604e-02	-2.898	2568	4.786	1.749
75.425	1.255e-01	-2.989	2534	4.854	1.617
75.425	1.637e-01	-3.078	2501	4.920	1.498
75.425	2.161e-01	-3.172	2462	4.987	1.387
75.425	2.829e-01	-3.274	2406	5.049	1.293
75.425	3.741e-01	-3.378	2342	5.106	1.210
75.425	4.879e-01	-3.471	2283	5.155	1.144
75.425	6.441e-01	-3.565	2215	5.197	1.090
75.425	8.432e-01	-3.641	2160	5.229	1.051
75.425	1.107e+00	-3.704	2110	5.252	1.023
75.425	1.454e+00	-3.746	2078	5.266	1.007
75.425	1.897e+00	-3.767	2061	5.274	0.998
75.425	2.490e+00	-3.777	2053	5.277	0.994
75.425	3.261e+00	-3.781	2050	5.278	0.992
75.425	4.295e+00	-3.782	2050	5.279	0.992
75.425	5.717e+00	-3.782	2050	5.279	0.992
75.425	7.609e+00	-3.782	2050	5.279	0.992
75.425	1.000e+01	-3.782	2050	5.279	0.992
76.472	1.038e-04	-0.748	3156	3.001	13.755
76.472	1.358e-04	-0.838	3138	3.081	12.540
76.472	1.793e-04	-0.930	3118	3.161	11.431
76.472	2.347e-04	-1.021	3090	3.237	10.474
76.472	3.081e-04	-1.120	3046	3.311	9.626
76.472	4.049e-04	-1.215	2998	3.379	8.901
76.472	5.324e-04	-1.298	2952	3.434	8.352
76.472	6.997e-04	-1.350	2922	3.468	8.030
76.472	9.127e-04	-1.376	2906	3.485	7.877
76.472	1.188e-03	-1.396	2894	3.498	7.756
76.472	1.545e-03	-1.427	2876	3.518	7.582
76.472	2.039e-03	-1.495	2836	3.562	7.210
76.472	2.670e-03	-1.662	2744	3.672	6.353
76.472	3.519e-03	-1.812	2681	3.781	5.601
76.472	4.635e-03	-1.918	2666	3.877	5.013
76.472	6.092e-03	-2.009	2665	3.967	4.520
76.472	8.009e-03	-2.093	2670	4.055	4.088
76.472	1.053e-02	-2.175	2675	4.140	3.704
76.472	1.373e-02	-2.254	2680	4.222	3.370
76.472	1.802e-02	-2.330	2691	4.306	3.061
76.472	2.369e-02	-2.408	2701	4.390	2.779
76.472	3.089e-02	-2.483	2710	4.471	2.531
76.472	4.055e-02	-2.584	2678	4.552	2.306
76.472	5.329e-02	-2.683	2646	4.629	2.110
76.472	7.007e-02	-2.779	2614	4.704	1.936
76.472	9.209e-02	-2.873	2581	4.776	1.782
76.472	1.201e-01	-2.964	2547	4.844	1.647
76.472	1.576e-01	-3.055	2513	4.912	1.523
76.472	2.064e-01	-3.145	2479	4.978	1.412
76.472	2.703e-01	-3.243	2427	5.040	1.315
76.472	3.567e-01	-3.348	2364	5.098	1.229
76.472	4.670e-01	-3.440	2307	5.148	1.160
76.472	6.129e-01	-3.529	2246	5.191	1.105
76.472	8.056e-01	-3.606	2190	5.224	1.064
76.472	1.059e+00	-3.666	2144	5.247	1.036
76.472	1.392e+00	-3.706	2113	5.262	1.019
76.472	1.816e+00	-3.727	2096	5.269	1.010
76.472	2.364e+00	-3.736	2089	5.272	1.007
76.472	3.103e+00	-3.739	2087	5.273	1.005
76.472	4.063e+00	-3.739	2087	5.273	1.005
76.472	5.353e+00	-3.739	2087	5.273	1.005
76.472	7.124e+00	-3.740	2086	5.273	1.005
76.472	9.483e+00	-3.740	2086	5.273	1.005
77.520	1.005e-04	-0.730	3161	2.991	13.997
77.520	1.320e-04	-0.820	3146	3.073	12.744
77.520	1.734e-04	-0.910	3127	3.152	11.631
77.520	2.262e-04	-0.999	3102	3.227	10.666
77.520	2.986e-04	-1.099	3059	3.303	9.778
77.520	3.909e-04	-1.192	3015	3.371	9.043
77.520	5.170e-04	-1.278	2967	3.429	8.459
77.520	6.797e-04	-1.331	2936	3.464	8.122
77.520	8.934e-04	-1.358	2920	3.482	7.958
77.520	1.165e-03	-1.379	2908	3.496	7.834
77.520	1.541e-03	-1.413	2888	3.517	7.640
77.520	2.026e-03	-1.485	2846	3.563	7.246
77.520	2.663e-03	-1.658	2749	3.677	6.357
77.520	3.522e-03	-1.807	2687	3.786	5.607
77.520	4.594e-03	-1.909	2672	3.878	5.044
77.520	6.064e-03	-2.001	2669	3.968	4.545
77.520	7.938e-03	-2.084	2673	4.054	4.120
77.520	1.048e-02	-2.167	2678	4.140	3.730
77.520	1.372e-02	-2.247	2683	4.223	3.391
77.520	1.811e-02	-2.325	2694	4.308	3.075
77.520	2.370e-02	-2.401	2703	4.390	2.797
77.520	3.086e-02	-2.475	2712	4.471	2.550
77.520	4.051e-02	-2.574	2686	4.552	2.322
77.520	5.324e-02	-2.672	2653	4.629	2.123
77.520	6.999e-02	-2.768	2621	4.704	1.948
77.520	9.199e-02	-2.863	2588	4.777	1.792
77.520	1.210e-01	-2.956	2554	4.847	1.653
77.520	1.584e-01	-3.047	2520	4.915	1.529
77.520	2.073e-01	-3.136	2486	4.980	1.418
77.520	2.737e-01	-3.236	2435	5.044	1.317
77.520	3.583e-01	-3.336	2376	5.101	1.235
77.520	4.729e-01	-3.429	2318	5.151	1.164
77.520	6.181e-01	-3.512	2263	5.192	1.111
77.520	8.126e-01	-3.586	2209	5.224	1.071
77.520	1.064e+00	-3.637	2171	5.246	1.044
77.520	1.391e+00	-3.672	2144	5.259	1.029
77.520	1.828e+00	-3.690	2129	5.265	1.021
77.520	2.403e+00	-3.697	2124	5.268	1.019
77.520	3.159e+00	-3.699	2122	5.268	1.018
77.520	4.187e+00	-3.699	2122	5.268	1.018
77.520	5.573e+00	-3.699	2122	5.268	1.018
77.520	7.417e+00	-3.699	2122	5.268	1.018
77.520	9.873e+00	-3.700	2122	5.268	1.018
78.567	1.025e-04	-0.728	3166	2.998	13.989
78.567	1.337e-04	-0.816	3151	3.077	12.768
78.567	1.755e-04	-0.905	3132	3.156	11.659
78.567	2.298e-04	-0.995	3107	3.232	10.678
78.567	3.004e-04	-1.091	3066	3.305	9.821
78.567	3.918e-04	-1.181	3025	3.372	9.094
78.567	5.171e-04	-1.266	2977	3.429	8.519
78.567	6.770e-04	-1.316	2949	3.462	8.193
78.567	8.936e-04	-1.343	2933	3.480	8.029
78.567	1.168e-03	-1.365	2920	3.494	7.900
78.567	1.541e-03	-1.400	2900	3.517	7.695
78.567	2.018e-03	-1.476	2855	3.566	7.275
78.567	2.664e-03	-1.658	2752	3.685	6.342
78.567	3.481e-03	-1.798	2693	3.787	5.637
78.567	4.577e-03	-1.902	2677	3.881	5.062
78.567	6.015e-03	-1.993	2673	3.969	4.574
78.567	7.909e-03	-2.077	2676	4.055	4.143
78.567	1.039e-02	-2.158	2681	4.139	3.759
78.567	1.367e-02	-2.239	2686	4.223	3.414
78.567	1.796e-02	-2.316	2696	4.306	3.102
78.567	2.361e-02	-2.393	2705	4.389	2.819
78.567	3.104e-02	-2.470	2715	4.472	2.562
78.567	4.048e-02	-2.563	2693	4.552	2.338
78.567	5.344e-02	-2.664	2660	4.631	2.134
78.567	6.995e-02	-2.758	2629	4.705	1.960
78.567	9.181e-02	-2.852	2596	4.777	1.804
78.567	1.207e-01	-2.946	2562	4.847	1.663
78.567	1.587e-01	-3.038	2527	4.916	1.537
78.567	2.085e-01	-3.128	2493	4.982	1.424
78.567	2.742e-01	-3.224	2445	5.046	1.324
78.567	3.603e-01	-3.324	2387	5.103	1.240
78.567	4.737e-01	-3.414	2332	5.153	1.171
78.567	6.204e-01	-3.493	2280	5.193	1.117
78.567	8.121e-01	-3.563	2229	5.223	1.079
78.567	1.072e+00	-3.611	2194	5.244	1.053
78.567	1.401e+00	-3.640	2173	5.256	1.039
78.567	1.827e+00	-3.655	2161	5.261	1.033
78.567	2.412e+00	-3.660	2157	5.263	1.031
78.567	3.177e+00	-3.661	2156	5.264	1.030
78.567	4.211e+00	-3.661	2156	5.264	1.030
78.567	5.604e+00	-3.661	2156	5.264	1.030
78.567	7.459e+00	-3.661	2156	5.264	1.030
78.567	9.929e+00	-3.662	2156	5.264	1.030
80.663	1.043e-04	-0.719	3173	3.004	14.080
80.663	1.376e-04	-0.808	3160	3.086	12.802
80.663	1.802e-04	-0.897	3141	3.164	11.703
80.663	2.378e-04	-0.989	3116	3.243	10.693
80.663	3.108e-04	-1.083	3077	3.315	9.839
80.663	4.086e-04	-1.174	3036	3.382	9.107
80.663	5.370e-04	-1.250	2994	3.434	8.582
80.663	7.060e-04	-1.293	2969	3.463	8.299
80.663	9.279e-04	-1.316	2956	3.478	8.154
80.663	1.210e-03	-1.339	2943	3.493	8.011
80.663	1.601e-03	-1.382	2918	3.522	7.756
80.663	2.088e-03	-1.485	2857	3.587	7.189
80.663	2.756e-03	-1.674	2751	3.711	6.233
80.663	3.630e-03	-1.806	2700	3.811	5.557
80.663	4.771e-03	-1.906	2686	3.901	5.009
80.663	6.224e-03	-1.992	2682	3.985	4.550
80.663	8.215e-03	-2.076	2684	4.070	4.123
80.663	1.075e-02	-2.155	2689	4.152	3.751
80.663	1.420e-02	-2.236	2693	4.236	3.406
80.663	1.858e-02	-2.312	2702	4.317	3.102
80.663	2.453e-02	-2.389	2711	4.401	2.817
80.663	3.206e-02	-2.464	2721	4.482	2.566
80.663	4.181e-02	-2.554	2704	4.562	2.342
80.663	5.488e-02	-2.653	2672	4.639	2.142
80.663	7.213e-02	-2.749	2639	4.714	1.964
80.663	9.408e-02	-2.841	2607	4.785	1.811
80.663	1.242e-01	-2.936	2572	4.857	1.668
80.663	1.626e-01	-3.026	2539	4.924	1.543
80.663	2.146e-01	-3.118	2504	4.991	1.428
80.663	2.809e-01	-3.209	2461	5.053	1.330
80.663	3.708e-01	-3.307	2405	5.110	1.245
80.663	4.854e-01	-3.390	2355	5.158	1.179
80.663	6.371e-01	-3.464	2308	5.196	1.128
80.663	8.283e-01	-3.521	2269	5.223	1.094
80.663	1.085e+00	-3.560	2239	5.240	1.072
80.663	1.420e+00	-3.581	2224	5.249	1.062
80.663	1.864e+00	-3.590	2218	5.253	1.057
80.663	2.449e+00	-3.592	2216	5.254	1.056
80.663	3.233e+00	-3.593	2215	5.254	1.055
80.663	4.303e+00	-3.593	2215	5.254	1.055
80.663	5.728e+00	-3.593	2215	5.254	1.055
80.663	7.608e+00	-3.593	2215	5.254	1.055
80.663	1.000e+01	-3.593	2215	5.254	1.055
81.710	1.004e-04	-0.701	3176	2.993	14.349
81.710	1.310e-04	-0.784	3169	3.072	13.098
81.710	1.719e-04	-0.873	3150	3.151	11.958
81.710	2.251e-04	-0.961	3129	3.228	10.949
81.710	2.942e-04	-1.054	3093	3.301	10.064
81.710	3.868e-04	-1.147	3052	3.370	9.298
81.710	5.065e-04	-1.224	3012	3.424	8.733
81.710	6.631e-04	-1.272	2985	3.456	8.415
81.710	8.752e-04	-1.297	2971	3.473	8.252
81.710	1.144e-03	-1.319	2958	3.488	8.112
81.710	1.510e-03	-1.358	2936	3.514	7.877
81.710	1.976e-03	-1.448	2882	3.572	7.367
81.710	2.609e-03	-1.639	2773	3.695	6.392
81.710	3.415e-03	-1.777	2712	3.794	5.702
81.710	4.483e-03	-1.878	2694	3.884	5.141
81.710	5.891e-03	-1.969	2685	3.970	4.657
81.710	7.684e-03	-2.051	2686	4.052	4.240
81.710	1.014e-02	-2.132	2691	4.136	3.848
81.710	1.328e-02	-2.210	2695	4.217	3.504
81.710	1.743e-02	-2.288	2702	4.299	3.190
81.710	2.291e-02	-2.363	2711	4.381	2.902
81.710	3.012e-02	-2.440	2721	4.463	2.640
81.710	3.958e-02	-2.524	2718	4.546	2.401
81.710	5.225e-02	-2.626	2685	4.626	2.189
81.710	6.840e-02	-2.721	2653	4.701	2.009
81.710	8.906e-02	-2.813	2621	4.771	1.851
81.710	1.176e-01	-2.908	2586	4.844	1.704
81.710	1.539e-01	-2.999	2553	4.911	1.576
81.710	2.004e-01	-3.086	2520	4.976	1.463
81.710	2.645e-01	-3.176	2483	5.040	1.358
81.710	3.463e-01	-3.270	2431	5.098	1.272
81.710	4.571e-01	-3.359	2378	5.148	1.200
81.710	5.983e-01	-3.431	2333	5.188	1.146
81.710	7.853e-01	-3.489	2296	5.217	1.109
81.710	1.032e+00	-3.529	2266	5.235	1.085
81.710	1.357e+00	-3.551	2250	5.244	1.074
81.710	1.784e+00	-3.559	2244	5.248	1.069
81.710	2.326e+00	-3.561	2243	5.249	1.068
81.710	3.071e+00	-3.562	2242	5.249	1.068
81.710	4.079e+00	-3.562	2242	5.249	1.068
81.710	5.429e+00	-3.562	2242	5.249	1.068
81.710	7.226e+00	-3.562	2242	5.249	1.068
81.710	9.617e+00	-3.562	2242	5.249	1.068
83.805	1.031e-04	-0.694	3184	3.001	14.387
83.805	1.353e-04	-0.778	3177	3.082	13.110
83.805	1.778e-04	-0.868	3158	3.161	11.967
83.805	2.334e-04	-0.956	3138	3.238	10.952
83.805	3.057e-04	-1.049	3102	3.312	10.067
83.805	4.001e-04	-1.138	3063	3.378	9.330
83.805	5.282e-04	-1.209	3027	3.429	8.793
83.805	6.914e-04	-1.250	3004	3.456	8.522
83.805	9.075e-04	-1.272	2992	3.471	8.375
83.805	1.193e-03	-1.297	2978	3.488	8.213
83.805	1.574e-03	-1.345	2951	3.520	7.918
83.805	2.061e-03	-1.472	2875	3.602	7.204
83.805	2.726e-03	-1.657	2770	3.723	6.272
83.805	3.598e-03	-1.787	2717	3.820	5.607
83.805	4.702e-03	-1.883	2702	3.906	5.080
83.805	6.182e-03	-1.973	2694	3.990	4.611
83.805	8.125e-03	-2.055	2693	4.072	4.194
83.805	1.060e-02	-2.132	2698	4.152	3.827
83.805	1.391e-02	-2.210	2703	4.233	3.486
83.805	1.821e-02	-2.287	2708	4.313	3.178
83.805	2.384e-02	-2.361	2717	4.393	2.897
83.805	3.148e-02	-2.438	2727	4.477	2.633
83.805	4.120e-02	-2.519	2727	4.557	2.399
83.805	5.449e-02	-2.621	2694	4.638	2.185
83.805	7.108e-02	-2.715	2662	4.712	2.007
83.805	9.382e-02	-2.812	2629	4.787	1.843
83.805	1.226e-01	-2.904	2595	4.856	1.701
83.805	1.599e-01	-2.993	2562	4.923	1.575
83.805	2.111e-01	-3.084	2527	4.990	1.458
83.805	2.763e-01	-3.169	2493	5.052	1.358
83.805	3.627e-01	-3.260	2444	5.108	1.273
83.805	4.767e-01	-3.343	2395	5.155	1.205
83.805	6.218e-01	-3.406	2357	5.191	1.156
83.805	8.161e-01	-3.454	2327	5.216	1.123
83.805	1.073e+00	-3.483	2307	5.231	1.104
83.805	1.399e+00	-3.497	2298	5.238	1.096
83.805	1.822e+00	-3.501	2295	5.240	1.093
83.805	2.391e+00	-3.503	2294	5.241	1.092
83.805	3.108e+00	-3.503	2294	5.241	1.092
83.805	4.070e+00	-3.503	2293	5.241	1.092
83.805	5.328e+00	-3.503	2293	5.241	1.092
83.805	7.077e+00	-3.503	2293	5.241	1.092
83.805	9.420e+00	-3.503	2293	5.241	1.092
85.900	1.008e-04	-0.674	3190	2.996	14.664
85.900	1.323e-04	-0.755	3189	3.076	13.367
85.900	1.739e-04	-0.844	3171	3.155	12.199
85.900	2.268e-04	-0.930	3152	3.231	11.185
85.900	2.976e-04	-1.022	3120	3.305	10.269
85.900	3.912e-04	-1.111	3081	3.373	9.501
85.900	5.102e-04	-1.179	3050	3.422	8.971
85.900	6.697e-04	-1.219	3028	3.451	8.683
85.900	8.802e-04	-1.242	3015	3.466	8.530
85.900	1.148e-03	-1.267	3001	3.483	8.368
85.900	1.518e-03	-1.315	2975	3.515	8.063
85.900	1.996e-03	-1.445	2898	3.600	7.310
85.900	2.639e-03	-1.631	2790	3.720	6.368
85.900	3.469e-03	-1.761	2735	3.815	5.707
85.900	4.561e-03	-1.862	2713	3.902	5.165
85.900	5.973e-03	-1.951	2701	3.984	4.700
85.900	7.868e-03	-2.034	2700	4.066	4.277
85.900	1.034e-02	-2.112	2704	4.147	3.896
85.900	1.349e-02	-2.188	2708	4.225	3.559
85.900	1.770e-02	-2.267	2711	4.306	3.245
85.900	2.327e-02	-2.341	2721	4.387	2.956
85.900	3.035e-02	-2.415	2730	4.466	2.699
85.900	3.983e-02	-2.489	2741	4.547	2.458
85.900	5.235e-02	-2.587	2713	4.627	2.240
85.900	6.910e-02	-2.687	2679	4.705	2.048
85.900	9.030e-02	-2.780	2647	4.778	1.884
85.900	1.178e-01	-2.872	2614	4.847	1.739
85.900	1.555e-01	-2.965	2579	4.918	1.604
85.900	2.035e-01	-3.053	2546	4.983	1.488
85.900	2.687e-01	-3.140	2513	5.047	1.382
85.900	3.511e-01	-3.225	2470	5.103	1.296
85.900	4.616e-01	-3.306	2423	5.150	1.227
85.900	6.067e-01	-3.368	2388	5.186	1.177
85.900	7.913e-01	-3.410	2362	5.210	1.146
85.900	1.039e+00	-3.436	2346	5.224	1.128
85.900	1.365e+00	-3.447	2338	5.230	1.120
85.900	1.780e+00	-3.451	2336	5.231	1.118
85.900	2.337e+00	-3.452	2336	5.232	1.117
85.900	3.071e+00	-3.452	2336	5.232	1.117
85.900	4.088e+00	-3.452	2335	5.232	1.117
85.900	5.441e+00	-3.452	2335	5.232	1.117
85.900	7.242e+00	-3.452	2335	5.232	1.117
85.900	9.639e+00	-3.452	2335	5.232	1.117
87.996	1.007e-04	-0.661	3197	2.996	14.829
87.996	1.319e-04	-0.741	3195	3.076	13.535
87.996	1.741e-04	-0.829	3181	3.156	12.334
87.996	2.279e-04	-0.916	3162	3.233	11.296
87.996	2.991e-04	-1.007	3132	3.307	10.373
87.996	3.931e-04	-1.094	3095	3.373	9.606
87.996	5.189e-04	-1.160	3065	3.423	9.075
87.996	6.793e-04	-1.194	3049	3.448	8.814
87.996	8.916e-04	-1.217	3037	3.463	8.661
87.996	1.172e-03	-1.245	3021	3.482	8.475
87.996	1.547e-03	-1.301	2989	3.520	8.112
87.996	2.025e-03	-1.455	2899	3.621	7.224
87.996	2.673e-03	-1.631	2796	3.734	6.340
87.996	3.499e-03	-1.754	2746	3.826	5.709
87.996	4.619e-03	-1.855	2722	3.912	5.170
87.996	6.046e-03	-1.944	2709	3.992	4.712
87.996	7.981e-03	-2.027	2707	4.074	4.290
87.996	1.045e-02	-2.103	2710	4.152	3.918
87.996	1.379e-02	-2.182	2715	4.234	3.568
87.996	1.802e-02	-2.259	2716	4.312	3.260
87.996	2.370e-02	-2.334	2726	4.393	2.972
87.996	3.114e-02	-2.409	2735	4.474	2.707
87.996	4.062e-02	-2.481	2747	4.553	2.471
87.996	5.332e-02	-2.575	2724	4.633	2.253
87.996	6.982e-02	-2.672	2692	4.709	2.064
87.996	9.140e-02	-2.766	2659	4.782	1.898
87.996	1.206e-01	-2.862	2624	4.855	1.745
87.996	1.579e-01	-2.952	2591	4.923	1.614
87.996	2.073e-01	-3.041	2557	4.989	1.496
87.996	2.724e-01	-3.125	2525	5.051	1.392
87.996	3.554e-01	-3.205	2488	5.106	1.307
87.996	4.691e-01	-3.283	2445	5.152	1.239
87.996	6.141e-01	-3.339	2411	5.185	1.193
87.996	8.106e-01	-3.376	2391	5.207	1.164
87.996	1.059e+00	-3.394	2380	5.218	1.149
87.996	1.393e+00	-3.403	2375	5.222	1.144
87.996	1.824e+00	-3.405	2373	5.223	1.142
87.996	2.383e+00	-3.405	2373	5.223	1.142
87.996	3.109e+00	-3.405	2373	5.223	1.142
87.996	4.129e+00	-3.405	2373	5.223	1.142
87.996	5.496e+00	-3.405	2373	5.224	1.142
87.996	7.315e+00	-3.406	2373	5.224	1.142
87.996	9.736e+00	-3.406	2373	5.224	1.141
90.091	1.009e-04	-0.648	3204	2.998	14.982
90.091	1.332e-04	-0.730	3202	3.079	13.642
90.091	1.743e-04	-0.814	3191	3.157	12.468
90.091	2.288e-04	-0.902	3171	3.234	11.410
90.091	3.007e-04	-0.992	3143	3.308	10.476
90.091	3.953e-04	-1.076	3110	3.374	9.710
90.091	5.196e-04	-1.139	3081	3.421	9.203
90.091	6.859e-04	-1.172	3066	3.445	8.950
90.091	8.978e-04	-1.192	3057	3.460	8.795
90.091	1.178e-03	-1.222	3040	3.481	8.589
90.091	1.549e-03	-1.285	3005	3.523	8.179
90.091	2.036e-03	-1.455	2906	3.635	7.189
90.091	2.667e-03	-1.620	2809	3.742	6.362
90.091	3.491e-03	-1.741	2759	3.831	5.738
90.091	4.608e-03	-1.843	2732	3.916	5.204
90.091	6.032e-03	-1.931	2719	3.996	4.749
90.091	7.917e-03	-2.013	2714	4.074	4.337
90.091	1.041e-02	-2.090	2716	4.153	3.960
90.091	1.368e-02	-2.167	2721	4.233	3.613
90.091	1.792e-02	-2.245	2722	4.312	3.301
90.091	2.345e-02	-2.319	2729	4.390	3.015
90.091	3.096e-02	-2.394	2739	4.472	2.745
90.091	4.046e-02	-2.466	2751	4.551	2.505
90.091	5.319e-02	-2.556	2738	4.632	2.281
90.091	6.991e-02	-2.654	2705	4.710	2.086
90.091	9.176e-02	-2.750	2672	4.784	1.915
90.091	1.206e-01	-2.844	2638	4.856	1.763
90.091	1.573e-01	-2.933	2605	4.924	1.632
90.091	2.064e-01	-3.022	2571	4.989	1.512
90.091	2.713e-01	-3.105	2540	5.051	1.408
90.091	3.567e-01	-3.183	2507	5.107	1.321
90.091	4.689e-01	-3.256	2467	5.151	1.255
90.091	6.116e-01	-3.308	2436	5.182	1.211
90.091	8.027e-01	-3.341	2418	5.201	1.185
90.091	1.043e+00	-3.356	2409	5.210	1.173
90.091	1.366e+00	-3.362	2406	5.214	1.168
90.091	1.789e+00	-3.363	2405	5.215	1.167
90.091	2.376e+00	-3.363	2405	5.215	1.166
90.091	3.149e+00	-3.364	2405	5.215	1.166
90.091	4.191e+00	-3.364	2405	5.215	1.166
90.091	5.578e+00	-3.364	2405	5.215	1.166
90.091	7.425e+00	-3.364	2405	5.215	1.166
90.091	9.882e+00	-3.364	2405	5.215	1.166
92.186	1.031e-04	-0.642	3210	3.005	15.030
92.186	1.340e-04	-0.719	3208	3.081	13.763
92.186	1.754e-04	-0.801	3201	3.159	12.580
92.186	2.297e-04	-0.888	3181	3.236	11.522
92.186	3.014e-04	-0.976	3155	3.309	10.587
92.186	3.962e-04	-1.058	3124	3.374	9.824
92.186	5.209e-04	-1.118	3097	3.419	9.332
92.186	6.846e-04	-1.148	3083	3.441	9.093
92.186	8.929e-04	-1.169	3074	3.456	8.937
92.186	1.179e-03	-1.199	3060	3.479	8.708
92.186	1.543e-03	-1.268	3021	3.526	8.249
92.186	2.011e-03	-1.441	2921	3.640	7.235
92.186	2.589e-03	-1.595	2830	3.739	6.457
92.186	3.404e-03	-1.719	2776	3.829	5.817
92.186	4.474e-03	-1.822	2743	3.912	5.287
92.186	5.835e-03	-1.908	2730	3.990	4.835
92.186	7.659e-03	-1.992	2722	4.068	4.419
92.186	1.007e-02	-2.070	2722	4.146	4.039
92.186	1.313e-02	-2.143	2726	4.223	3.698
92.186	1.723e-02	-2.221	2728	4.301	3.378
92.186	2.265e-02	-2.297	2732	4.381	3.084
92.186	2.954e-02	-2.369	2741	4.458	2.820
92.186	3.899e-02	-2.444	2753	4.540	2.566
92.186	5.105e-02	-2.522	2756	4.620	2.340
92.186	6.751e-02	-2.624	2722	4.701	2.133
92.186	8.805e-02	-2.718	2690	4.774	1.960
92.186	1.162e-01	-2.814	2655	4.848	1.801
92.186	1.522e-01	-2.905	2622	4.917	1.664
92.186	2.008e-01	-2.995	2588	4.984	1.539
92.186	2.629e-01	-3.078	2557	5.045	1.434
92.186	3.451e-01	-3.152	2528	5.101	1.346
92.186	4.519e-01	-3.221	2493	5.145	1.279
92.186	5.916e-01	-3.273	2464	5.176	1.234
92.186	7.809e-01	-3.305	2445	5.195	1.207
92.186	1.020e+00	-3.319	2437	5.203	1.196
92.186	1.331e+00	-3.324	2434	5.206	1.192
92.186	1.733e+00	-3.325	2434	5.207	1.191
92.186	2.275e+00	-3.325	2434	5.207	1.191
92.186	2.979e+00	-3.325	2434	5.207	1.191
92.186	3.924e+00	-3.325	2433	5.207	1.191
92.186	5.223e+00	-3.325	2433	5.207	1.191
92.186	6.952e+00	-3.325	2433	5.207	1.191
92.186	9.253e+00	-3.326	2433	5.207	1.190
94.281	1.020e-04	-0.626	3217	3.003	15.235
94.281	1.347e-04	-0.708	3215	3.083	13.886
94.281	1.763e-04	-0.788	3210	3.161	12.697
94.281	2.332e-04	-0.878	3189	3.240	11.592
94.281	3.065e-04	-0.966	3164	3.314	10.652
94.281	4.029e-04	-1.045	3136	3.377	9.906
94.281	5.297e-04	-1.099	3111	3.418	9.445
94.281	6.962e-04	-1.127	3099	3.439	9.224
94.281	9.081e-04	-1.148	3089	3.454	9.062
94.281	1.201e-03	-1.182	3073	3.480	8.800
94.281	1.579e-03	-1.267	3028	3.538	8.223
94.281	2.074e-03	-1.454	2919	3.662	7.131
94.281	2.705e-03	-1.606	2831	3.761	6.365
94.281	3.571e-03	-1.726	2781	3.850	5.744
94.281	4.675e-03	-1.826	2750	3.930	5.239
94.281	6.171e-03	-1.915	2736	4.010	4.778
94.281	8.078e-03	-1.996	2728	4.086	4.376
94.281	1.066e-02	-2.074	2729	4.165	3.997
94.281	1.396e-02	-2.149	2733	4.242	3.658
94.281	1.832e-02	-2.226	2734	4.320	3.343
94.281	2.408e-02	-2.302	2738	4.399	3.053
94.281	3.141e-02	-2.374	2747	4.476	2.793
94.281	4.146e-02	-2.448	2760	4.558	2.542
94.281	5.427e-02	-2.527	2761	4.638	2.318
94.281	7.123e-02	-2.626	2728	4.716	2.119
94.281	9.328e-02	-2.721	2695	4.790	1.945
94.281	1.219e-01	-2.814	2662	4.861	1.793
94.281	1.585e-01	-2.902	2629	4.928	1.661
94.281	2.067e-01	-2.987	2597	4.992	1.542
94.281	2.713e-01	-3.069	2566	5.053	1.438
94.281	3.566e-01	-3.141	2539	5.106	1.352
94.281	4.651e-01	-3.202	2510	5.148	1.290
94.281	6.139e-01	-3.249	2484	5.176	1.248
94.281	8.023e-01	-3.274	2470	5.191	1.226
94.281	1.046e+00	-3.284	2464	5.197	1.218
94.281	1.363e+00	-3.287	2462	5.199	1.215
94.281	1.799e+00	-3.288	2461	5.200	1.214
94.281	2.379e+00	-3.288	2461	5.200	1.214
94.281	3.166e+00	-3.288	2461	5.200	1.214
94.281	4.214e+00	-3.288	2461	5.200	1.214
94.281	5.609e+00	-3.288	2461	5.200	1.214
94.281	7.465e+00	-3.289	2461	5.200	1.214
94.281	9.936e+00	-3.289	2461	5.200	1.214
96.376	1.000e-04	-0.609	3223	2.998	15.488
96.376	1.304e-04	-0.686	3221	3.075	14.179
96.376	1.722e-04	-0.767	3219	3.155	12.933
96.376	2.250e-04	-0.852	3202	3.231	11.850
96.376	2.970e-04	-0.941	3176	3.306	10.871
96.376	3.888e-04	-1.019	3151	3.369	10.109
96.376	5.132e-04	-1.074	3129	3.412	9.616
96.376	6.719e-04	-1.102	3116	3.433	9.387
96.376	8.818e-04	-1.124	3106	3.449	9.216
96.376	1.159e-03	-1.157	3091	3.474	8.958
96.376	1.524e-03	-1.237	3052	3.531	8.381
96.376	1.967e-03	-1.411	2952	3.648	7.329
96.376	2.540e-03	-1.564	2860	3.746	6.549
96.376	3.353e-03	-1.689	2803	3.836	5.902
96.376	4.389e-03	-1.794	2764	3.916	5.381
96.376	5.761e-03	-1.881	2749	3.994	4.920
96.376	7.571e-03	-1.966	2736	4.071	4.503
96.376	9.955e-03	-2.044	2734	4.148	4.122
96.376	1.308e-02	-2.119	2738	4.225	3.771
96.376	1.707e-02	-2.194	2739	4.301	3.456
96.376	2.240e-02	-2.272	2740	4.379	3.160
96.376	2.944e-02	-2.344	2749	4.458	2.885
96.376	3.840e-02	-2.415	2760	4.535	2.639
96.376	5.068e-02	-2.489	2774	4.617	2.400
96.376	6.676e-02	-2.585	2749	4.698	2.187
96.376	8.775e-02	-2.683	2715	4.775	2.003
96.376	1.145e-01	-2.775	2682	4.846	1.845
96.376	1.502e-01	-2.867	2649	4.916	1.703
96.376	1.974e-01	-2.956	2615	4.983	1.577
96.376	2.596e-01	-3.038	2584	5.044	1.469
96.376	3.399e-01	-3.110	2557	5.098	1.381
96.376	4.442e-01	-3.169	2533	5.140	1.316
96.376	5.794e-01	-3.213	2510	5.168	1.273
96.376	7.648e-01	-3.239	2496	5.184	1.250
96.376	1.001e+00	-3.250	2490	5.191	1.241
96.376	1.304e+00	-3.253	2488	5.193	1.238
96.376	1.721e+00	-3.253	2488	5.193	1.238
96.376	2.286e+00	-3.253	2488	5.193	1.237
96.376	3.042e+00	-3.254	2488	5.193	1.237
96.376	4.049e+00	-3.254	2488	5.193	1.237
96.376	5.390e+00	-3.254	2487	5.193	1.237
96.376	7.174e+00	-3.254	2487	5.193	1.237
96.376	9.548e+00	-3.254	2487	5.193	1.237
98.471	1.035e-04	-0.607	3229	3.009	15.457
98.471	1.359e-04	-0.686	3227	3.087	14.128
98.471	1.786e-04	-0.766	3225	3.166	12.911
98.471	2.348e-04	-0.852	3208	3.243	11.812
98.471	3.086e-04	-0.938	3183	3.315	10.867
98.471	4.025e-04	-1.010	3159	3.374	10.152
98.471	5.313e-04	-1.058	3142	3.413	9.713
98.471	6.956e-04	-1.083	3130	3.431	9.506
98.471	9.057e-04	-1.105	3120	3.448	9.329
98.471	1.177e-03	-1.141	3104	3.474	9.046
98.471	1.554e-03	-1.239	3057	3.546	8.332
98.471	2.023e-03	-1.421	2952	3.667	7.245
98.471	2.652e-03	-1.573	2863	3.766	6.464
98.471	3.485e-03	-1.692	2810	3.853	5.850
98.471	4.546e-03	-1.794	2772	3.931	5.349
98.471	6.001e-03	-1.883	2756	4.009	4.887
98.471	7.842e-03	-1.966	2742	4.084	4.485
98.471	1.031e-02	-2.043	2740	4.160	4.109
98.471	1.355e-02	-2.118	2744	4.237	3.761
98.471	1.768e-02	-2.192	2745	4.312	3.449
98.471	2.333e-02	-2.271	2745	4.391	3.148
98.471	3.054e-02	-2.343	2754	4.469	2.880
98.471	4.032e-02	-2.416	2766	4.550	2.624
98.471	5.269e-02	-2.487	2779	4.629	2.395
98.471	6.927e-02	-2.581	2757	4.709	2.184
98.471	9.105e-02	-2.679	2723	4.785	2.000
98.471	1.197e-01	-2.774	2689	4.859	1.838
98.471	1.573e-01	-2.866	2655	4.928	1.696
98.471	2.068e-01	-2.954	2622	4.994	1.572
98.471	2.719e-01	-3.034	2592	5.055	1.467
98.471	3.546e-01	-3.101	2567	5.104	1.385
98.471	4.654e-01	-3.154	2546	5.144	1.324
98.471	6.117e-01	-3.191	2529	5.169	1.286
98.471	8.042e-01	-3.211	2517	5.181	1.268
98.471	1.053e+00	-3.218	2514	5.185	1.262
98.471	1.376e+00	-3.220	2513	5.186	1.260
98.471	1.817e+00	-3.220	2512	5.187	1.260
98.471	2.418e+00	-3.221	2512	5.187	1.260
98.471	3.218e+00	-3.221	2512	5.187	1.260
98.471	4.284e+00	-3.221	2512	5.187	1.260
98.471	5.702e+00	-3.221	2512	5.187	1.260
98.471	7.589e+00	-3.221	2512	5.187	1.260
98.471	1.000e+01	-3.221	2512	5.187	1.259
100.566	1.035e-04	-0.596	3235	3.010	15.601
100.566	1.355e-04	-0.674	3233	3.087	14.279
100.566	1.779e-04	-0.753	3231	3.165	13.059
100.566	2.312e-04	-0.833	3219	3.239	11.993
100.566	3.028e-04	-0.918	3194	3.310	11.043
100.566	3.957e-04	-0.989	3172	3.370	10.312
100.566	5.203e-04	-1.037	3155	3.408	9.873
100.566	6.838e-04	-1.061	3146	3.427	9.657
100.566	8.919e-04	-1.083	3136	3.444	9.472
100.566	1.180e-03	-1.124	3117	3.474	9.146
100.566	1.551e-03	-1.232	3067	3.553	8.347
100.566	2.038e-03	-1.418	2960	3.678	7.231
100.566	2.691e-03	-1.569	2873	3.777	6.451
100.566	3.516e-03	-1.684	2821	3.861	5.860
100.566	4.623e-03	-1.788	2781	3.940	5.348
100.566	6.076e-03	-1.875	2764	4.016	4.899
100.566	7.988e-03	-1.960	2749	4.092	4.491
100.566	1.046e-02	-2.037	2746	4.166	4.122
100.566	1.369e-02	-2.109	2749	4.241	3.781
100.566	1.808e-02	-2.187	2750	4.320	3.455
100.566	2.366e-02	-2.263	2750	4.396	3.164
100.566	3.124e-02	-2.338	2759	4.475	2.888
100.566	4.089e-02	-2.408	2771	4.554	2.639
100.566	5.367e-02	-2.480	2784	4.634	2.407
100.566	7.054e-02	-2.571	2767	4.714	2.194
100.566	9.311e-02	-2.671	2732	4.792	2.006
100.566	1.217e-01	-2.764	2699	4.864	1.847
100.566	1.587e-01	-2.853	2666	4.932	1.708
100.566	2.095e-01	-2.942	2633	4.998	1.582
100.566	2.742e-01	-3.019	2604	5.057	1.479
100.566	3.600e-01	-3.086	2579	5.106	1.397
100.566	4.714e-01	-3.135	2559	5.143	1.340
100.566	6.171e-01	-3.166	2547	5.165	1.305
100.566	8.099e-01	-3.182	2539	5.176	1.289
100.566	1.061e+00	-3.188	2537	5.180	1.284
100.566	1.379e+00	-3.189	2536	5.180	1.283
100.566	1.792e+00	-3.189	2536	5.181	1.282
100.566	2.342e+00	-3.189	2536	5.181	1.282
100.566	3.092e+00	-3.189	2536	5.181	1.282
100.566	4.115e+00	-3.189	2536	5.181	1.282
100.566	5.477e+00	-3.189	2536	5.181	1.282
100.566	7.290e+00	-3.190	2536	5.181	1.282
100.566	9.704e+00	-3.190	2536	5.181	1.282
102.661	1.002e-04	-0.576	3241	3.002	15.912
102.661	1.322e-04	-0.655	3239	3.081	14.531
102.661	1.731e-04	-0.733	3237	3.157	13.306
102.661	2.285e-04	-0.816	3229	3.236	12.160
102.661	2.986e-04	-0.900	3204	3.307	11.205
102.661	3.926e-04	-0.972	3183	3.367	10.453
102.661	5.160e-04	-1.017	3167	3.404	10.018
102.661	6.785e-04	-1.041	3159	3.423	9.803
102.661	8.885e-04	-1.063	3150	3.440	9.606
102.661	1.170e-03	-1.105	3132	3.472	9.261
102.661	1.538e-03	-1.220	3079	3.558	8.388
102.661	1.985e-03	-1.392	2981	3.674	7.344
102.661	2.620e-03	-1.544	2893	3.774	6.546
102.661	3.430e-03	-1.662	2838	3.858	5.941
102.661	4.527e-03	-1.768	2796	3.938	5.416
102.661	5.926e-03	-1.857	2774	4.013	4.970
102.661	7.778e-03	-1.941	2758	4.087	4.561
102.661	1.022e-02	-2.019	2753	4.162	4.185
102.661	1.344e-02	-2.094	2755	4.238	3.836
102.661	1.760e-02	-2.168	2756	4.313	3.517
102.661	2.304e-02	-2.244	2756	4.389	3.222
102.661	3.024e-02	-2.318	2761	4.466	2.948
102.661	3.975e-02	-2.390	2773	4.545	2.692
102.661	5.226e-02	-2.461	2786	4.626	2.455
102.661	6.843e-02	-2.544	2783	4.705	2.239
102.661	8.959e-02	-2.641	2749	4.782	2.051
102.661	1.183e-01	-2.738	2714	4.857	1.881
102.661	1.548e-01	-2.829	2681	4.926	1.736
102.661	2.043e-01	-2.918	2648	4.993	1.607
102.661	2.675e-01	-2.996	2619	5.052	1.502
102.661	3.511e-01	-3.062	2594	5.101	1.419
102.661	4.598e-01	-3.110	2575	5.137	1.362
102.661	6.019e-01	-3.140	2563	5.159	1.328
102.661	7.945e-01	-3.155	2558	5.170	1.311
102.661	1.038e+00	-3.159	2556	5.173	1.306
102.661	1.365e+00	-3.161	2555	5.174	1.305
102.661	1.809e+00	-3.161	2555	5.174	1.305
102.661	2.408e+00	-3.161	2555	5.174	1.305
102.661	3.205e+00	-3.161	2555	5.174	1.305
102.661	4.266e+00	-3.161	2555	5.175	1.305
102.661	5.677e+00	-3.161	2555	5.175	1.305
102.661	7.557e+00	-3.161	2555	5.175	1.304
102.661	1.000e+01	-3.161	2555	5.175	1.304
104.757	1.034e-04	-0.574	3246	3.012	15.886
104.757	1.368e-04	-0.654	3244	3.091	14.505
104.757	1.798e-04	-0.733	3242	3.169	13.269
104.757	2.364e-04	-0.813	3234	3.245	12.151
104.757	3.108e-04	-0.898	3210	3.316	11.195
104.757	4.084e-04	-0.964	3190	3.372	10.496
104.757	5.327e-04	-1.002	3178	3.404	10.125
104.757	7.032e-04	-1.025	3170	3.421	9.919
104.757	9.189e-04	-1.049	3161	3.440	9.703
104.757	1.208e-03	-1.097	3141	3.478	9.292
104.757	1.588e-03	-1.238	3076	3.582	8.241
104.757	2.088e-03	-1.413	2975	3.699	7.203
104.757	2.744e-03	-1.553	2897	3.794	6.462
104.757	3.601e-03	-1.669	2842	3.877	5.872
104.757	4.733e-03	-1.772	2802	3.954	5.369
104.757	6.174e-03	-1.858	2780	4.027	4.937
104.757	8.149e-03	-1.944	2763	4.103	4.527
104.757	1.065e-02	-2.020	2759	4.175	4.163
104.757	1.400e-02	-2.094	2760	4.251	3.818
104.757	1.834e-02	-2.169	2761	4.326	3.501
104.757	2.400e-02	-2.245	2761	4.401	3.209
104.757	3.169e-02	-2.320	2767	4.480	2.931
104.757	4.148e-02	-2.390	2779	4.558	2.681
104.757	5.475e-02	-2.463	2792	4.639	2.441
104.757	7.168e-02	-2.544	2789	4.718	2.228
104.757	9.407e-02	-2.643	2755	4.796	2.039
104.757	1.236e-01	-2.738	2720	4.869	1.873
104.757	1.613e-01	-2.827	2688	4.937	1.732
104.757	2.129e-01	-2.914	2655	5.003	1.605
104.757	2.787e-01	-2.990	2627	5.060	1.503
104.757	3.629e-01	-3.050	2604	5.105	1.427
104.757	4.762e-01	-3.094	2587	5.138	1.374
104.757	6.259e-01	-3.120	2577	5.157	1.344
104.757	8.164e-01	-3.131	2573	5.165	1.332
104.757	1.072e+00	-3.134	2572	5.168	1.328
104.757	1.408e+00	-3.135	2571	5.168	1.328
104.757	1.874e+00	-3.135	2571	5.168	1.328
104.757	2.495e+00	-3.135	2571	5.168	1.328
104.757	3.321e+00	-3.135	2571	5.168	1.327
104.757	4.420e+00	-3.135	2571	5.168	1.327
104.757	5.883e+00	-3.135	2571	5.168	1.327
104.757	7.830e+00	-3.135	2571	5.169	1.327
104.757	1.000e+01	-3.135	2571	5.169	1.327
