Mass/Mjup	Age/Gyr	log(L/Lsun)	Teff	log(g)	Radius/Rjup
0.047	1.028e-04	-6.108	423	1.661	1.597
0.047	1.363e-04	-6.162	425	1.721	1.491
0.047	1.802e-04	-6.244	421	1.787	1.382
0.047	2.383e-04	-6.381	404	1.851	1.284
0.047	3.140e-04	-6.479	395	1.910	1.200
0.047	4.152e-04	-6.596	382	1.969	1.121
0.047	5.457e-04	-6.714	368	2.024	1.052
0.047	7.217e-04	-6.836	354	2.078	0.989
0.047	9.489e-04	-6.953	341	2.128	0.934
0.047	1.247e-03	-7.074	326	2.175	0.884
0.047	1.649e-03	-7.195	313	2.222	0.837
0.047	2.168e-03	-7.313	300	2.266	0.796
0.047	2.868e-03	-7.449	284	2.307	0.759
0.047	3.793e-03	-7.574	270	2.346	0.726
0.047	4.985e-03	-7.694	257	2.380	0.698
0.047	6.502e-03	-7.808	245	2.411	0.673
0.047	8.582e-03	-7.931	233	2.443	0.649
0.047	1.130e-02	-8.054	220	2.473	0.627
0.047	1.486e-02	-8.176	209	2.500	0.608
0.047	1.961e-02	-8.301	197	2.526	0.590
0.047	2.567e-02	-8.421	186	2.549	0.575
0.047	3.395e-02	-8.543	176	2.572	0.560
0.047	4.464e-02	-8.658	167	2.593	0.546
0.047	5.867e-02	-8.775	158	2.613	0.534
0.047	7.745e-02	-8.895	149	2.633	0.522
0.047	1.024e-01	-9.019	140	2.654	0.510
0.047	1.341e-01	-9.139	132	2.672	0.499
0.047	1.773e-01	-9.265	124	2.689	0.489
0.047	2.345e-01	-9.391	117	2.706	0.480
0.047	3.083e-01	-9.515	110	2.722	0.471
0.047	4.078e-01	-9.640	103	2.737	0.463
0.047	5.359e-01	-9.762	97	2.751	0.456
0.047	7.074e-01	-9.884	91	2.764	0.449
0.047	9.356e-01	-10.008	85	2.778	0.442
0.047	1.225e+00	-10.128	80	2.790	0.436
0.047	1.620e+00	-10.252	75	2.802	0.430
0.047	2.138e+00	-10.361	71	2.813	0.424
0.063	1.002e-04	-5.904	479	1.795	1.582
0.063	1.318e-04	-6.002	465	1.844	1.494
0.063	1.732e-04	-6.077	459	1.896	1.408
0.063	2.287e-04	-6.162	451	1.948	1.326
0.063	3.024e-04	-6.275	435	2.001	1.247
0.063	3.959e-04	-6.381	421	2.051	1.178
0.063	5.235e-04	-6.496	406	2.101	1.111
0.063	6.883e-04	-6.605	392	2.149	1.051
0.063	9.103e-04	-6.720	377	2.197	0.996
0.063	1.196e-03	-6.828	363	2.241	0.946
0.063	1.579e-03	-6.943	349	2.285	0.899
0.063	2.080e-03	-7.063	334	2.327	0.857
0.063	2.751e-03	-7.186	318	2.369	0.817
0.063	3.639e-03	-7.316	302	2.408	0.780
0.063	4.782e-03	-7.443	287	2.445	0.748
0.063	6.312e-03	-7.578	270	2.478	0.720
0.063	8.315e-03	-7.703	256	2.509	0.695
0.063	1.093e-02	-7.829	242	2.538	0.672
0.063	1.443e-02	-7.956	229	2.565	0.651
0.063	1.908e-02	-8.085	216	2.591	0.632
0.063	2.513e-02	-8.212	203	2.615	0.615
0.063	3.324e-02	-8.342	191	2.637	0.600
0.063	4.395e-02	-8.469	180	2.658	0.585
0.063	5.777e-02	-8.594	169	2.678	0.572
0.063	7.640e-02	-8.725	159	2.698	0.559
0.063	1.008e-01	-8.857	149	2.716	0.547
0.063	1.334e-01	-8.989	139	2.734	0.536
0.063	1.764e-01	-9.121	130	2.751	0.526
0.063	2.333e-01	-9.251	122	2.767	0.517
0.063	3.054e-01	-9.373	115	2.780	0.509
0.063	4.031e-01	-9.497	107	2.793	0.501
0.063	5.310e-01	-9.622	101	2.806	0.494
0.063	6.978e-01	-9.738	95	2.818	0.487
0.063	9.211e-01	-9.847	90	2.828	0.481
0.063	1.206e+00	-9.944	85	2.837	0.476
0.063	1.595e+00	-10.032	81	2.845	0.472
0.063	2.097e+00	-10.107	78	2.851	0.469
0.063	2.756e+00	-10.171	76	2.857	0.466
0.063	3.623e+00	-10.231	73	2.862	0.463
0.063	4.792e+00	-10.297	71	2.867	0.460
0.126	1.036e-04	-5.464	535	1.851	2.096
0.126	1.361e-04	-5.569	519	1.901	1.978
0.126	1.797e-04	-5.674	502	1.951	1.869
0.126	2.367e-04	-5.768	490	1.999	1.768
0.126	3.110e-04	-5.861	477	2.047	1.673
0.126	4.057e-04	-5.959	463	2.093	1.587
0.126	5.325e-04	-6.066	447	2.138	1.506
0.126	7.042e-04	-6.179	430	2.184	1.429
0.126	9.256e-04	-6.289	413	2.226	1.362
0.126	1.224e-03	-6.393	399	2.268	1.297
0.126	1.616e-03	-6.502	384	2.310	1.237
0.126	2.128e-03	-6.610	369	2.350	1.181
0.126	2.815e-03	-6.729	352	2.389	1.128
0.126	3.699e-03	-6.845	337	2.426	1.082
0.126	4.883e-03	-6.974	319	2.461	1.039
0.126	6.393e-03	-7.088	304	2.494	1.000
0.126	8.438e-03	-7.228	286	2.526	0.964
0.126	1.116e-02	-7.363	269	2.555	0.932
0.126	1.461e-02	-7.491	254	2.581	0.904
0.126	1.932e-02	-7.624	239	2.607	0.878
0.126	2.550e-02	-7.760	224	2.632	0.853
0.126	3.339e-02	-7.893	210	2.654	0.832
0.126	4.382e-02	-8.030	196	2.675	0.812
0.126	5.759e-02	-8.166	184	2.694	0.794
0.126	7.512e-02	-8.298	172	2.712	0.778
0.126	9.916e-02	-8.435	161	2.730	0.762
0.126	1.306e-01	-8.572	150	2.746	0.748
0.126	1.717e-01	-8.701	140	2.762	0.735
0.126	2.266e-01	-8.835	131	2.776	0.723
0.126	2.966e-01	-8.964	123	2.789	0.712
0.126	3.916e-01	-9.099	114	2.802	0.701
0.126	5.126e-01	-9.231	107	2.814	0.691
0.126	6.766e-01	-9.366	99	2.826	0.682
0.126	8.858e-01	-9.498	93	2.837	0.674
0.126	1.171e+00	-9.635	86	2.848	0.665
0.126	1.546e+00	-9.774	80	2.858	0.657
0.126	2.024e+00	-9.904	75	2.868	0.650
0.189	1.043e-04	-5.174	648	2.070	1.996
0.189	1.371e-04	-5.295	620	2.114	1.897
0.189	1.788e-04	-5.402	597	2.154	1.810
0.189	2.360e-04	-5.516	572	2.195	1.727
0.189	3.109e-04	-5.632	548	2.234	1.652
0.189	4.087e-04	-5.742	525	2.271	1.584
0.189	5.394e-04	-5.850	504	2.307	1.519
0.189	7.062e-04	-5.956	484	2.342	1.459
0.189	9.339e-04	-6.064	464	2.377	1.402
0.189	1.233e-03	-6.168	445	2.411	1.348
0.189	1.624e-03	-6.278	426	2.445	1.296
0.189	2.134e-03	-6.383	409	2.477	1.249
0.189	2.823e-03	-6.490	392	2.510	1.202
0.189	3.711e-03	-6.602	374	2.542	1.159
0.189	4.908e-03	-6.715	357	2.574	1.117
0.189	6.491e-03	-6.844	337	2.604	1.079
0.189	8.531e-03	-6.965	320	2.633	1.044
0.189	1.122e-02	-7.098	301	2.660	1.012
0.189	1.474e-02	-7.234	282	2.685	0.983
0.189	1.938e-02	-7.368	265	2.708	0.957
0.189	2.547e-02	-7.497	249	2.730	0.933
0.189	3.349e-02	-7.631	233	2.751	0.912
0.189	4.402e-02	-7.766	218	2.770	0.891
0.189	5.787e-02	-7.902	204	2.788	0.873
0.189	7.606e-02	-8.040	190	2.805	0.856
0.189	1.000e-01	-8.179	177	2.821	0.840
0.189	1.310e-01	-8.317	165	2.836	0.826
0.189	1.714e-01	-8.452	154	2.850	0.813
0.189	2.263e-01	-8.589	143	2.863	0.801
0.189	2.962e-01	-8.721	134	2.875	0.789
0.189	3.888e-01	-8.854	125	2.887	0.779
0.189	5.110e-01	-8.989	116	2.898	0.769
0.189	6.719e-01	-9.125	108	2.908	0.760
0.189	8.830e-01	-9.261	101	2.918	0.751
0.189	1.166e+00	-9.398	93	2.928	0.743
0.189	1.526e+00	-9.532	87	2.937	0.735
0.189	2.018e+00	-9.673	81	2.946	0.728
0.189	2.653e+00	-9.811	75	2.954	0.721
0.262	1.015e-04	-4.922	763	2.243	1.927
0.262	1.328e-04	-5.031	733	2.282	1.841
0.262	1.756e-04	-5.158	697	2.321	1.760
0.262	2.319e-04	-5.277	665	2.358	1.687
0.262	3.054e-04	-5.396	633	2.392	1.621
0.262	4.014e-04	-5.515	602	2.425	1.562
0.262	5.278e-04	-5.636	572	2.456	1.507
0.262	6.911e-04	-5.759	542	2.485	1.457
0.262	9.104e-04	-5.881	514	2.514	1.410
0.262	1.197e-03	-5.980	493	2.541	1.366
0.262	1.579e-03	-6.085	472	2.570	1.322
0.262	2.089e-03	-6.194	450	2.598	1.280
0.262	2.751e-03	-6.296	431	2.625	1.240
0.262	3.616e-03	-6.411	410	2.652	1.202
0.262	4.773e-03	-6.525	390	2.679	1.166
0.262	6.288e-03	-6.630	373	2.705	1.131
0.262	8.316e-03	-6.749	353	2.731	1.098
0.262	1.093e-02	-6.875	333	2.756	1.067
0.262	1.443e-02	-7.006	313	2.780	1.038
0.262	1.889e-02	-7.138	294	2.802	1.012
0.262	2.493e-02	-7.275	275	2.823	0.988
0.262	3.297e-02	-7.410	257	2.842	0.966
0.262	4.360e-02	-7.548	240	2.861	0.945
0.262	5.708e-02	-7.682	225	2.878	0.927
0.262	7.534e-02	-7.822	209	2.894	0.910
0.262	9.925e-02	-7.962	195	2.909	0.894
0.262	1.304e-01	-8.104	181	2.924	0.880
0.262	1.715e-01	-8.246	168	2.937	0.866
0.262	2.254e-01	-8.385	156	2.949	0.854
0.262	2.964e-01	-8.522	145	2.961	0.843
0.262	3.895e-01	-8.656	135	2.971	0.832
0.262	5.121e-01	-8.790	126	2.982	0.823
0.262	6.730e-01	-8.925	117	2.991	0.814
0.262	8.884e-01	-9.064	109	3.000	0.805
0.262	1.163e+00	-9.200	101	3.009	0.797
0.262	1.538e+00	-9.338	94	3.018	0.789
0.262	2.006e+00	-9.472	87	3.025	0.782
0.262	2.648e+00	-9.615	81	3.033	0.776
0.262	3.467e+00	-9.751	75	3.040	0.769
0.524	1.025e-04	-4.373	1064	2.573	1.863
0.524	1.342e-04	-4.493	1014	2.609	1.787
0.524	1.775e-04	-4.620	962	2.644	1.716
0.524	2.333e-04	-4.744	912	2.676	1.654
0.524	3.067e-04	-4.872	863	2.707	1.596
0.524	4.056e-04	-5.008	811	2.736	1.544
0.524	5.354e-04	-5.136	765	2.763	1.497
0.524	7.009e-04	-5.264	721	2.788	1.455
0.524	9.199e-04	-5.395	678	2.811	1.416
0.524	1.209e-03	-5.528	636	2.834	1.380
0.524	1.596e-03	-5.660	597	2.855	1.346
0.524	2.089e-03	-5.786	561	2.875	1.316
0.524	2.758e-03	-5.911	528	2.894	1.287
0.524	3.633e-03	-6.025	500	2.913	1.260
0.524	4.774e-03	-6.135	474	2.931	1.233
0.524	6.302e-03	-6.244	450	2.950	1.207
0.524	8.302e-03	-6.374	422	2.968	1.181
0.524	1.091e-02	-6.473	403	2.986	1.157
0.524	1.440e-02	-6.575	384	3.005	1.133
0.524	1.897e-02	-6.693	363	3.023	1.109
0.524	2.493e-02	-6.815	342	3.041	1.087
0.524	3.297e-02	-6.945	320	3.058	1.065
0.524	4.335e-02	-7.079	299	3.075	1.045
0.524	5.698e-02	-7.218	279	3.090	1.027
0.524	7.479e-02	-7.354	260	3.104	1.011
0.524	9.794e-02	-7.488	242	3.117	0.995
0.524	1.282e-01	-7.623	226	3.130	0.981
0.524	1.692e-01	-7.765	210	3.142	0.967
0.524	2.215e-01	-7.907	194	3.153	0.955
0.524	2.908e-01	-8.051	180	3.164	0.944
0.524	3.822e-01	-8.194	167	3.173	0.933
0.524	5.025e-01	-8.336	154	3.183	0.923
0.524	6.604e-01	-8.475	143	3.191	0.914
0.524	8.613e-01	-8.608	133	3.199	0.906
0.524	1.137e+00	-8.748	123	3.206	0.898
0.524	1.486e+00	-8.883	115	3.213	0.891
0.524	1.954e+00	-9.022	106	3.220	0.884
0.524	2.568e+00	-9.161	98	3.227	0.878
0.524	3.376e+00	-9.297	91	3.233	0.871
0.524	4.437e+00	-9.437	85	3.239	0.865
0.524	5.833e+00	-9.579	78	3.244	0.860
0.786	1.001e-04	-3.969	1317	2.715	1.938
0.786	1.315e-04	-4.109	1245	2.757	1.845
0.786	1.736e-04	-4.245	1177	2.796	1.764
0.786	2.272e-04	-4.378	1112	2.831	1.695
0.786	3.005e-04	-4.517	1046	2.864	1.632
0.786	3.951e-04	-4.647	988	2.894	1.577
0.786	5.193e-04	-4.791	924	2.922	1.527
0.786	6.828e-04	-4.922	870	2.947	1.483
0.786	9.029e-04	-5.069	810	2.971	1.442
0.786	1.187e-03	-5.202	760	2.993	1.406
0.786	1.566e-03	-5.343	709	3.014	1.373
0.786	2.051e-03	-5.479	663	3.033	1.344
0.786	2.707e-03	-5.617	619	3.051	1.316
0.786	3.544e-03	-5.746	580	3.067	1.291
0.786	4.651e-03	-5.872	544	3.083	1.267
0.786	6.090e-03	-5.991	513	3.099	1.245
0.786	8.023e-03	-6.106	484	3.114	1.223
0.786	1.054e-02	-6.226	456	3.130	1.202
0.786	1.386e-02	-6.330	433	3.145	1.181
0.786	1.833e-02	-6.447	409	3.160	1.160
0.786	2.410e-02	-6.551	388	3.175	1.140
0.786	3.181e-02	-6.662	368	3.191	1.120
0.786	4.207e-02	-6.795	343	3.206	1.101
0.786	5.541e-02	-6.918	323	3.221	1.082
0.786	7.283e-02	-7.054	301	3.234	1.065
0.786	9.613e-02	-7.196	279	3.248	1.049
0.786	1.258e-01	-7.330	260	3.260	1.035
0.786	1.652e-01	-7.465	242	3.271	1.021
0.786	2.171e-01	-7.604	225	3.282	1.008
0.786	2.854e-01	-7.747	209	3.292	0.997
0.786	3.738e-01	-7.891	193	3.302	0.986
0.786	4.893e-01	-8.034	179	3.310	0.976
0.786	6.422e-01	-8.177	165	3.319	0.967
0.786	8.440e-01	-8.320	153	3.326	0.958
0.786	1.110e+00	-8.461	142	3.333	0.950
0.786	1.453e+00	-8.598	131	3.340	0.943
0.786	1.902e+00	-8.734	122	3.346	0.936
0.786	2.497e+00	-8.872	113	3.353	0.930
0.786	3.282e+00	-9.012	105	3.358	0.924
0.786	4.314e+00	-9.150	97	3.364	0.918
0.786	5.670e+00	-9.289	90	3.369	0.912
0.786	7.455e+00	-9.429	83	3.374	0.907
0.786	8.066e+00	-9.458	82	3.375	0.906
0.786	8.734e+00	-9.458	82	3.375	0.906
1.048	1.031e-04	-3.743	1461	2.793	2.044
1.048	1.361e-04	-3.833	1426	2.842	1.932
1.048	1.800e-04	-3.965	1358	2.889	1.831
1.048	2.380e-04	-4.107	1282	2.931	1.743
1.048	3.116e-04	-4.252	1205	2.968	1.671
1.048	4.113e-04	-4.406	1124	3.002	1.608
1.048	5.384e-04	-4.544	1056	3.031	1.554
1.048	7.107e-04	-4.694	984	3.059	1.506
1.048	9.362e-04	-4.835	920	3.084	1.463
1.048	1.230e-03	-4.978	859	3.106	1.426
1.048	1.627e-03	-5.128	797	3.127	1.391
1.048	2.139e-03	-5.269	743	3.146	1.361
1.048	2.802e-03	-5.407	694	3.164	1.334
1.048	3.661e-03	-5.542	648	3.180	1.309
1.048	4.775e-03	-5.673	606	3.195	1.287
1.048	6.304e-03	-5.806	566	3.210	1.265
1.048	8.252e-03	-5.936	529	3.224	1.245
1.048	1.089e-02	-6.061	497	3.238	1.225
1.048	1.441e-02	-6.172	470	3.252	1.206
1.048	1.898e-02	-6.288	443	3.265	1.187
1.048	2.494e-02	-6.400	418	3.279	1.169
1.048	3.298e-02	-6.504	397	3.293	1.150
1.048	4.354e-02	-6.618	375	3.307	1.132
1.048	5.758e-02	-6.745	351	3.320	1.114
1.048	7.585e-02	-6.873	329	3.333	1.097
1.048	9.968e-02	-7.004	307	3.346	1.082
1.048	1.318e-01	-7.145	285	3.358	1.067
1.048	1.733e-01	-7.277	266	3.369	1.053
1.048	2.278e-01	-7.417	247	3.380	1.040
1.048	2.971e-01	-7.554	229	3.390	1.029
1.048	3.922e-01	-7.700	212	3.399	1.017
1.048	5.126e-01	-7.842	196	3.408	1.007
1.048	6.739e-01	-7.988	181	3.416	0.998
1.048	8.857e-01	-8.133	168	3.423	0.989
1.048	1.165e+00	-8.279	155	3.430	0.982
1.048	1.530e+00	-8.421	143	3.437	0.974
1.048	2.012e+00	-8.560	133	3.443	0.967
1.048	2.635e+00	-8.698	123	3.449	0.961
1.048	3.450e+00	-8.834	114	3.454	0.955
1.048	4.553e+00	-8.976	105	3.460	0.949
1.048	5.961e+00	-9.113	98	3.465	0.944
1.048	7.824e+00	-9.250	91	3.469	0.938
1.571	1.016e-04	-3.525	1599	2.910	2.189
1.571	1.344e-04	-3.612	1557	2.950	2.091
1.571	1.777e-04	-3.691	1524	2.991	1.993
1.571	2.336e-04	-3.770	1492	3.033	1.899
1.571	3.071e-04	-3.864	1449	3.076	1.807
1.571	4.061e-04	-3.978	1391	3.120	1.719
1.571	5.297e-04	-4.113	1316	3.159	1.644
1.571	6.886e-04	-4.270	1226	3.193	1.581
1.571	9.038e-04	-4.427	1140	3.223	1.527
1.571	1.188e-03	-4.584	1057	3.250	1.480
1.571	1.568e-03	-4.734	984	3.274	1.439
1.571	2.065e-03	-4.887	912	3.296	1.403
1.571	2.715e-03	-5.046	842	3.316	1.372
1.571	3.541e-03	-5.189	783	3.333	1.345
1.571	4.674e-03	-5.331	728	3.349	1.320
1.571	6.118e-03	-5.466	680	3.364	1.297
1.571	8.076e-03	-5.608	632	3.379	1.276
1.571	1.057e-02	-5.744	589	3.392	1.257
1.571	1.388e-02	-5.878	549	3.405	1.239
1.571	1.817e-02	-6.003	514	3.416	1.222
1.571	2.379e-02	-6.123	483	3.428	1.206
1.571	3.140e-02	-6.243	454	3.440	1.189
1.571	4.136e-02	-6.353	429	3.451	1.174
1.571	5.436e-02	-6.459	406	3.463	1.158
1.571	7.190e-02	-6.574	383	3.475	1.142
1.571	9.378e-02	-6.693	360	3.486	1.127
1.571	1.238e-01	-6.818	337	3.498	1.113
1.571	1.620e-01	-6.944	315	3.509	1.099
1.571	2.139e-01	-7.078	294	3.519	1.085
1.571	2.818e-01	-7.211	274	3.530	1.073
1.571	3.703e-01	-7.357	253	3.539	1.061
1.571	4.830e-01	-7.494	235	3.548	1.050
1.571	6.376e-01	-7.640	217	3.556	1.040
1.571	8.347e-01	-7.782	201	3.564	1.031
1.571	1.102e+00	-7.931	185	3.571	1.022
1.571	1.440e+00	-8.076	171	3.578	1.015
1.571	1.893e+00	-8.223	158	3.584	1.007
1.571	2.479e+00	-8.363	146	3.590	1.001
1.571	3.245e+00	-8.502	135	3.595	0.995
1.571	4.284e+00	-8.644	125	3.600	0.989
1.571	5.608e+00	-8.782	116	3.605	0.983
1.571	7.360e+00	-8.921	107	3.610	0.978
1.571	9.673e+00	-9.061	99	3.614	0.973
2.095	1.040e-04	-3.168	1915	2.991	2.302
2.095	1.373e-04	-3.376	1752	3.044	2.166
2.095	1.815e-04	-3.551	1621	3.084	2.068
2.095	2.401e-04	-3.641	1572	3.121	1.983
2.095	3.163e-04	-3.714	1540	3.158	1.899
2.095	4.156e-04	-3.795	1504	3.197	1.816
2.095	5.487e-04	-3.885	1462	3.238	1.732
2.095	7.227e-04	-3.974	1422	3.280	1.651
2.095	9.558e-04	-4.143	1320	3.319	1.578
2.095	1.256e-03	-4.316	1217	3.351	1.521
2.095	1.658e-03	-4.486	1122	3.379	1.472
2.095	2.171e-03	-4.637	1043	3.403	1.432
2.095	2.865e-03	-4.792	966	3.425	1.396
2.095	3.774e-03	-4.957	888	3.445	1.365
2.095	4.992e-03	-5.113	820	3.462	1.338
2.095	6.561e-03	-5.249	766	3.478	1.314
2.095	8.660e-03	-5.392	711	3.494	1.291
2.095	1.134e-02	-5.537	659	3.507	1.271
2.095	1.488e-02	-5.677	613	3.520	1.252
2.095	1.956e-02	-5.817	569	3.532	1.235
2.095	2.551e-02	-5.946	532	3.543	1.220
2.095	3.367e-02	-6.072	498	3.554	1.204
2.095	4.408e-02	-6.200	465	3.564	1.190
2.095	5.818e-02	-6.308	440	3.575	1.175
2.095	7.664e-02	-6.415	416	3.586	1.161
2.095	1.007e-01	-6.525	393	3.596	1.147
2.095	1.332e-01	-6.648	368	3.607	1.133
2.095	1.762e-01	-6.772	345	3.618	1.119
2.095	2.316e-01	-6.901	322	3.628	1.106
2.095	3.044e-01	-7.030	301	3.638	1.094
2.095	4.003e-01	-7.167	280	3.647	1.082
2.095	5.261e-01	-7.309	259	3.656	1.071
2.095	6.944e-01	-7.450	240	3.664	1.061
2.095	9.090e-01	-7.590	222	3.672	1.051
2.095	1.193e+00	-7.734	206	3.679	1.043
2.095	1.568e+00	-7.881	190	3.686	1.034
2.095	2.062e+00	-8.031	175	3.692	1.027
2.095	2.700e+00	-8.176	161	3.698	1.020
2.095	3.510e+00	-8.314	149	3.703	1.014
2.095	4.587e+00	-8.453	138	3.708	1.008
2.095	6.054e+00	-8.597	128	3.713	1.002
2.095	7.926e+00	-8.735	118	3.718	0.997
2.095	1.000e+01	-8.854	111	3.721	0.993
2.619	1.019e-04	-2.967	2074	3.025	2.475
2.619	1.345e-04	-3.076	2016	3.085	2.310
2.619	1.772e-04	-3.202	1936	3.140	2.168
2.619	2.329e-04	-3.349	1829	3.189	2.049
2.619	3.028e-04	-3.594	1620	3.223	1.971
2.619	4.005e-04	-3.649	1602	3.258	1.893
2.619	5.286e-04	-3.697	1593	3.297	1.809
2.619	6.964e-04	-3.784	1553	3.339	1.724
2.619	9.210e-04	-3.896	1492	3.382	1.641
2.619	1.210e-03	-4.059	1389	3.420	1.570
2.619	1.601e-03	-4.237	1277	3.453	1.511
2.619	2.105e-03	-4.407	1177	3.481	1.464
2.619	2.766e-03	-4.562	1092	3.505	1.424
2.619	3.637e-03	-4.713	1013	3.527	1.389
2.619	4.780e-03	-4.876	933	3.546	1.359
2.619	6.321e-03	-5.032	861	3.563	1.332
2.619	8.311e-03	-5.170	803	3.579	1.308
2.619	1.092e-02	-5.315	745	3.594	1.286
2.619	1.442e-02	-5.466	688	3.607	1.266
2.619	1.888e-02	-5.608	639	3.619	1.248
2.619	2.458e-02	-5.745	594	3.631	1.233
2.619	3.244e-02	-5.882	552	3.642	1.217
2.619	4.247e-02	-6.009	517	3.652	1.203
2.619	5.606e-02	-6.154	478	3.662	1.189
2.619	7.385e-02	-6.260	452	3.672	1.176
2.619	9.705e-02	-6.366	428	3.682	1.162
2.619	1.266e-01	-6.469	405	3.691	1.149
2.619	1.662e-01	-6.584	382	3.701	1.136
2.619	2.176e-01	-6.704	358	3.711	1.124
2.619	2.848e-01	-6.827	335	3.720	1.111
2.619	3.760e-01	-6.958	313	3.730	1.099
2.619	4.922e-01	-7.089	292	3.739	1.088
2.619	6.497e-01	-7.233	270	3.747	1.078
2.619	8.505e-01	-7.367	251	3.755	1.068
2.619	1.116e+00	-7.506	233	3.763	1.059
2.619	1.467e+00	-7.650	215	3.770	1.050
2.619	1.914e+00	-7.792	199	3.776	1.042
2.619	2.531e+00	-7.946	183	3.783	1.034
2.619	3.301e+00	-8.090	169	3.788	1.028
2.619	4.357e+00	-8.239	155	3.794	1.021
2.619	5.704e+00	-8.380	144	3.799	1.016
2.619	7.530e+00	-8.525	132	3.803	1.010
2.619	9.857e+00	-8.663	123	3.808	1.005
3.143	1.007e-04	-2.825	2176	3.045	2.649
3.143	1.322e-04	-2.928	2124	3.107	2.469
3.143	1.732e-04	-3.031	2071	3.165	2.308
3.143	2.281e-04	-3.163	1982	3.220	2.165
3.143	2.998e-04	-3.280	1908	3.271	2.042
3.143	3.957e-04	-3.511	1708	3.311	1.951
3.143	5.213e-04	-3.566	1692	3.350	1.866
3.143	6.894e-04	-3.643	1660	3.393	1.775
3.143	9.117e-04	-3.762	1589	3.435	1.690
3.143	1.198e-03	-3.898	1502	3.475	1.615
3.143	1.575e-03	-4.071	1388	3.510	1.552
3.143	2.071e-03	-4.231	1287	3.539	1.500
3.143	2.733e-03	-4.400	1186	3.565	1.456
3.143	3.578e-03	-4.548	1102	3.587	1.419
3.143	4.723e-03	-4.706	1019	3.608	1.386
3.143	6.183e-03	-4.853	945	3.626	1.358
3.143	8.176e-03	-5.006	874	3.643	1.332
3.143	1.075e-02	-5.147	813	3.658	1.309
3.143	1.413e-02	-5.295	753	3.672	1.288
3.143	1.858e-02	-5.443	696	3.685	1.269
3.143	2.441e-02	-5.589	645	3.697	1.251
3.143	3.210e-02	-5.730	598	3.708	1.236
3.143	4.219e-02	-5.865	557	3.718	1.221
3.143	5.547e-02	-6.000	518	3.728	1.207
3.143	7.290e-02	-6.143	480	3.737	1.194
3.143	9.641e-02	-6.243	455	3.747	1.181
3.143	1.268e-01	-6.356	429	3.756	1.169
3.143	1.666e-01	-6.454	408	3.766	1.156
3.143	2.199e-01	-6.577	382	3.776	1.143
3.143	2.897e-01	-6.696	359	3.785	1.130
3.143	3.831e-01	-6.828	334	3.795	1.118
3.143	5.035e-01	-6.956	312	3.804	1.106
3.143	6.620e-01	-7.091	290	3.812	1.096
3.143	8.701e-01	-7.228	270	3.820	1.085
3.143	1.144e+00	-7.366	250	3.828	1.076
3.143	1.498e+00	-7.504	232	3.835	1.067
3.143	1.958e+00	-7.645	215	3.842	1.058
3.143	2.574e+00	-7.794	198	3.848	1.051
3.143	3.383e+00	-7.945	182	3.854	1.044
3.143	4.412e+00	-8.091	168	3.860	1.037
3.143	5.824e+00	-8.240	154	3.865	1.031
3.143	7.625e+00	-8.381	143	3.870	1.025
3.143	1.000e+01	-8.523	132	3.874	1.020
3.666	1.043e-04	-2.710	2269	3.070	2.781
3.666	1.365e-04	-2.812	2218	3.133	2.586
3.666	1.802e-04	-2.920	2161	3.196	2.407
3.666	2.355e-04	-3.023	2105	3.253	2.253
3.666	3.072e-04	-3.147	2021	3.306	2.119
3.666	4.055e-04	-3.272	1938	3.358	1.995
3.666	5.341e-04	-3.441	1802	3.401	1.901
3.666	7.064e-04	-3.515	1771	3.445	1.806
3.666	9.284e-04	-3.637	1693	3.488	1.718
3.666	1.211e-03	-3.776	1598	3.527	1.643
3.666	1.598e-03	-3.928	1495	3.563	1.576
3.666	2.093e-03	-4.088	1388	3.594	1.520
3.666	2.762e-03	-4.251	1284	3.623	1.472
3.666	3.616e-03	-4.407	1190	3.646	1.432
3.666	4.782e-03	-4.560	1104	3.668	1.396
3.666	6.287e-03	-4.710	1024	3.688	1.366
3.666	8.263e-03	-4.859	949	3.705	1.338
3.666	1.086e-02	-5.005	881	3.721	1.314
3.666	1.428e-02	-5.153	816	3.736	1.292
3.666	1.877e-02	-5.301	755	3.750	1.272
3.666	2.467e-02	-5.452	697	3.762	1.254
3.666	3.218e-02	-5.592	647	3.773	1.238
3.666	4.248e-02	-5.735	600	3.783	1.223
3.666	5.552e-02	-5.867	559	3.793	1.209
3.666	7.299e-02	-6.023	514	3.803	1.196
3.666	9.653e-02	-6.137	484	3.812	1.184
3.666	1.269e-01	-6.246	457	3.821	1.172
3.666	1.678e-01	-6.357	430	3.830	1.159
3.666	2.215e-01	-6.464	407	3.839	1.147
3.666	2.917e-01	-6.584	382	3.849	1.135
3.666	3.834e-01	-6.702	359	3.858	1.123
3.666	5.061e-01	-6.837	334	3.867	1.111
3.666	6.626e-01	-6.960	312	3.875	1.101
3.666	8.746e-01	-7.096	290	3.884	1.090
3.666	1.145e+00	-7.230	270	3.891	1.080
3.666	1.503e+00	-7.367	250	3.899	1.071
3.666	1.975e+00	-7.507	232	3.906	1.062
3.666	2.597e+00	-7.652	214	3.913	1.054
3.666	3.400e+00	-7.801	197	3.919	1.047
3.666	4.452e+00	-7.951	182	3.924	1.040
3.666	5.876e+00	-8.103	167	3.930	1.034
3.666	7.692e+00	-8.248	154	3.935	1.028
3.666	1.000e+01	-8.386	143	3.939	1.023
4.190	1.032e-04	-2.595	2353	3.076	2.953
4.190	1.364e-04	-2.700	2305	3.145	2.726
4.190	1.793e-04	-2.805	2251	3.210	2.531
4.190	2.358e-04	-2.913	2192	3.271	2.358
4.190	3.099e-04	-3.022	2129	3.330	2.204
4.190	4.042e-04	-3.139	2053	3.383	2.073
4.190	5.305e-04	-3.296	1931	3.434	1.954
4.190	6.972e-04	-3.387	1883	3.480	1.853
4.190	9.221e-04	-3.510	1801	3.527	1.756
4.190	1.219e-03	-3.668	1685	3.569	1.674
4.190	1.610e-03	-3.809	1587	3.606	1.604
4.190	2.107e-03	-3.954	1488	3.639	1.544
4.190	2.782e-03	-4.112	1383	3.669	1.491
4.190	3.641e-03	-4.274	1278	3.695	1.448
4.190	4.807e-03	-4.430	1184	3.718	1.409
4.190	6.332e-03	-4.578	1100	3.739	1.376
4.190	8.321e-03	-4.724	1023	3.758	1.346
4.190	1.085e-02	-4.871	949	3.775	1.320
4.190	1.433e-02	-5.022	878	3.791	1.297
4.190	1.876e-02	-5.168	814	3.805	1.276
4.190	2.476e-02	-5.321	751	3.818	1.257
4.190	3.241e-02	-5.467	695	3.829	1.240
4.190	4.278e-02	-5.614	643	3.841	1.224
4.190	5.600e-02	-5.750	598	3.851	1.210
4.190	7.393e-02	-5.890	554	3.860	1.197
4.190	9.738e-02	-6.037	512	3.869	1.184
4.190	1.280e-01	-6.152	482	3.878	1.173
4.190	1.689e-01	-6.272	452	3.887	1.161
4.190	2.225e-01	-6.373	429	3.896	1.149
4.190	2.925e-01	-6.485	404	3.905	1.137
4.190	3.861e-01	-6.601	380	3.914	1.125
4.190	5.054e-01	-6.724	355	3.922	1.114
4.190	6.684e-01	-6.857	331	3.931	1.103
4.190	8.823e-01	-6.985	309	3.940	1.092
4.190	1.155e+00	-7.114	288	3.948	1.082
4.190	1.516e+00	-7.251	268	3.955	1.073
4.190	1.985e+00	-7.387	248	3.962	1.064
4.190	2.599e+00	-7.526	230	3.969	1.056
4.190	3.411e+00	-7.673	212	3.976	1.048
4.190	4.483e+00	-7.825	195	3.981	1.041
4.190	5.894e+00	-7.979	179	3.987	1.034
4.190	7.746e+00	-8.128	165	3.992	1.028
4.190	1.000e+01	-8.265	153	3.996	1.023
4.714	1.045e-04	-2.515	2403	3.083	3.105
4.714	1.374e-04	-2.604	2377	3.154	2.863
4.714	1.806e-04	-2.708	2328	3.222	2.648
4.714	2.383e-04	-2.818	2269	3.287	2.456
4.714	3.120e-04	-2.924	2210	3.347	2.291
4.714	4.118e-04	-3.040	2139	3.407	2.140
4.714	5.425e-04	-3.154	2068	3.462	2.008
4.714	7.104e-04	-3.284	1976	3.512	1.895
4.714	9.300e-04	-3.411	1885	3.559	1.797
4.714	1.221e-03	-3.548	1787	3.602	1.709
4.714	1.604e-03	-3.700	1674	3.640	1.635
4.714	2.093e-03	-3.828	1585	3.674	1.573
4.714	2.762e-03	-3.977	1482	3.707	1.514
4.714	3.639e-03	-4.135	1377	3.736	1.464
4.714	4.782e-03	-4.302	1268	3.761	1.423
4.714	6.237e-03	-4.450	1180	3.782	1.388
4.714	8.233e-03	-4.599	1095	3.803	1.356
4.714	1.078e-02	-4.744	1018	3.821	1.328
4.714	1.425e-02	-4.896	942	3.838	1.302
4.714	1.859e-02	-5.042	873	3.853	1.281
4.714	2.454e-02	-5.194	807	3.867	1.260
4.714	3.207e-02	-5.342	746	3.879	1.243
4.714	4.183e-02	-5.486	691	3.890	1.227
4.714	5.522e-02	-5.632	640	3.901	1.212
4.714	7.216e-02	-5.767	595	3.911	1.198
4.714	9.413e-02	-5.918	548	3.920	1.186
4.714	1.226e-01	-6.038	514	3.928	1.174
4.714	1.618e-01	-6.166	480	3.937	1.162
4.714	2.140e-01	-6.278	452	3.945	1.151
4.714	2.818e-01	-6.383	428	3.954	1.140
4.714	3.704e-01	-6.495	403	3.963	1.128
4.714	4.870e-01	-6.610	379	3.972	1.117
4.714	6.401e-01	-6.741	353	3.980	1.106
4.714	8.449e-01	-6.868	330	3.989	1.095
4.714	1.113e+00	-6.993	309	3.997	1.085
4.714	1.463e+00	-7.126	287	4.005	1.075
4.714	1.931e+00	-7.266	266	4.012	1.066
4.714	2.528e+00	-7.402	247	4.019	1.057
4.714	3.317e+00	-7.543	229	4.026	1.049
4.714	4.344e+00	-7.692	211	4.032	1.042
4.714	5.687e+00	-7.843	194	4.038	1.035
4.714	7.507e+00	-7.999	178	4.043	1.029
4.714	9.810e+00	-8.145	164	4.048	1.023
5.238	1.029e-04	-2.436	2447	3.082	3.277
5.238	1.352e-04	-2.524	2423	3.154	3.019
5.238	1.763e-04	-2.611	2398	3.222	2.790
5.238	2.332e-04	-2.720	2344	3.291	2.576
5.238	3.066e-04	-2.829	2285	3.356	2.392
5.238	4.030e-04	-2.936	2224	3.417	2.230
5.238	5.298e-04	-3.051	2154	3.475	2.085
5.238	6.963e-04	-3.168	2077	3.530	1.958
5.238	9.209e-04	-3.308	1973	3.581	1.846
5.238	1.201e-03	-3.432	1885	3.625	1.754
5.238	1.586e-03	-3.584	1770	3.668	1.670
5.238	2.076e-03	-3.726	1666	3.704	1.602
5.238	2.740e-03	-3.857	1576	3.739	1.539
5.238	3.587e-03	-4.008	1470	3.769	1.486
5.238	4.734e-03	-4.176	1357	3.797	1.439
5.238	6.198e-03	-4.333	1256	3.821	1.400
5.238	8.197e-03	-4.488	1164	3.843	1.365
5.238	1.078e-02	-4.634	1082	3.862	1.335
5.238	1.416e-02	-4.783	1003	3.880	1.308
5.238	1.862e-02	-4.931	930	3.896	1.284
5.238	2.439e-02	-5.079	861	3.910	1.263
5.238	3.192e-02	-5.230	795	3.924	1.244
5.238	4.214e-02	-5.382	734	3.936	1.227
5.238	5.516e-02	-5.527	679	3.947	1.211
5.238	7.183e-02	-5.665	631	3.957	1.198
5.238	9.481e-02	-5.808	584	3.966	1.184
5.238	1.249e-01	-5.957	539	3.975	1.172
5.238	1.641e-01	-6.091	502	3.984	1.161
5.238	2.171e-01	-6.213	470	3.992	1.149
5.238	2.866e-01	-6.316	445	4.001	1.138
5.238	3.775e-01	-6.423	420	4.009	1.127
5.238	4.961e-01	-6.536	396	4.018	1.116
5.238	6.549e-01	-6.660	371	4.027	1.105
5.238	8.573e-01	-6.788	346	4.035	1.094
5.238	1.132e+00	-6.913	323	4.043	1.084
5.238	1.481e+00	-7.040	302	4.051	1.074
5.238	1.959e+00	-7.180	280	4.059	1.065
5.238	2.555e+00	-7.313	260	4.066	1.056
5.238	3.373e+00	-7.453	241	4.073	1.048
5.238	4.416e+00	-7.597	223	4.079	1.040
5.238	5.796e+00	-7.747	205	4.085	1.033
5.238	7.589e+00	-7.900	188	4.090	1.027
5.238	9.935e+00	-8.050	173	4.095	1.021
6.285	1.046e-04	-2.316	2518	3.090	3.556
6.285	1.369e-04	-2.402	2496	3.162	3.275
6.285	1.797e-04	-2.490	2473	3.234	3.016
6.285	2.353e-04	-2.578	2448	3.304	2.781
6.285	3.075e-04	-2.678	2403	3.372	2.573
6.285	4.011e-04	-2.779	2352	3.436	2.389
6.285	5.305e-04	-2.891	2289	3.500	2.219
6.285	6.975e-04	-3.005	2218	3.560	2.072
6.285	9.167e-04	-3.123	2140	3.615	1.943
6.285	1.212e-03	-3.262	2035	3.667	1.830
6.285	1.594e-03	-3.392	1939	3.714	1.735
6.285	2.095e-03	-3.537	1828	3.756	1.653
6.285	2.765e-03	-3.694	1707	3.794	1.583
6.285	3.643e-03	-3.819	1620	3.828	1.521
6.285	4.787e-03	-3.966	1516	3.860	1.467
6.285	6.319e-03	-4.134	1399	3.888	1.419
6.285	8.273e-03	-4.292	1295	3.912	1.380
6.285	1.094e-02	-4.450	1198	3.935	1.345
6.285	1.444e-02	-4.600	1112	3.954	1.315
6.285	1.891e-02	-4.745	1033	3.972	1.289
6.285	2.496e-02	-4.898	955	3.988	1.265
6.285	3.287e-02	-5.051	882	4.003	1.243
6.285	4.320e-02	-5.206	813	4.016	1.225
6.285	5.671e-02	-5.358	750	4.028	1.208
6.285	7.453e-02	-5.505	693	4.039	1.193
6.285	9.799e-02	-5.647	642	4.050	1.179
6.285	1.283e-01	-5.798	592	4.059	1.166
6.285	1.680e-01	-5.931	551	4.068	1.155
6.285	2.217e-01	-6.071	511	4.076	1.143
6.285	2.921e-01	-6.187	480	4.084	1.133
6.285	3.839e-01	-6.297	453	4.092	1.122
6.285	5.067e-01	-6.409	427	4.101	1.111
6.285	6.633e-01	-6.523	402	4.109	1.101
6.285	8.756e-01	-6.647	376	4.117	1.090
6.285	1.153e+00	-6.773	351	4.125	1.080
6.285	1.510e+00	-6.896	329	4.133	1.071
6.285	1.977e+00	-7.028	306	4.141	1.061
6.285	2.610e+00	-7.164	284	4.148	1.052
6.285	3.417e+00	-7.297	264	4.155	1.044
6.285	4.484e+00	-7.431	245	4.162	1.036
6.285	5.894e+00	-7.577	226	4.168	1.029
6.285	7.780e+00	-7.732	208	4.174	1.022
6.285	1.000e+01	-7.873	192	4.179	1.016
7.333	1.022e-04	-2.200	2584	3.087	3.858
7.333	1.337e-04	-2.288	2561	3.160	3.546
7.333	1.765e-04	-2.379	2537	3.234	3.256
7.333	2.307e-04	-2.466	2513	3.305	3.002
7.333	3.009e-04	-2.553	2488	3.374	2.771
7.333	3.949e-04	-2.650	2448	3.443	2.559
7.333	5.190e-04	-2.751	2400	3.510	2.369
7.333	6.851e-04	-2.863	2336	3.575	2.199
7.333	9.025e-04	-2.975	2268	3.636	2.051
7.333	1.186e-03	-3.094	2188	3.692	1.922
7.333	1.566e-03	-3.233	2082	3.744	1.809
7.333	2.050e-03	-3.363	1983	3.790	1.716
7.333	2.706e-03	-3.504	1875	3.834	1.632
7.333	3.578e-03	-3.675	1737	3.873	1.561
7.333	4.713e-03	-3.795	1654	3.907	1.501
7.333	6.195e-03	-3.937	1552	3.939	1.446
7.333	8.192e-03	-4.106	1433	3.968	1.398
7.333	1.077e-02	-4.267	1324	3.993	1.359
7.333	1.416e-02	-4.425	1225	4.015	1.325
7.333	1.869e-02	-4.575	1136	4.035	1.295
7.333	2.462e-02	-4.725	1053	4.053	1.269
7.333	3.235e-02	-4.877	974	4.069	1.245
7.333	4.270e-02	-5.033	898	4.084	1.224
7.333	5.625e-02	-5.189	827	4.097	1.206
7.333	7.393e-02	-5.342	762	4.109	1.189
7.333	9.759e-02	-5.490	705	4.120	1.174
7.333	1.278e-01	-5.631	653	4.130	1.161
7.333	1.663e-01	-5.775	605	4.139	1.149
7.333	2.196e-01	-5.919	559	4.148	1.137
7.333	2.874e-01	-6.056	520	4.156	1.126
7.333	3.801e-01	-6.176	487	4.164	1.116
7.333	5.027e-01	-6.294	457	4.172	1.105
7.333	6.610e-01	-6.405	431	4.180	1.095
7.333	8.687e-01	-6.521	405	4.188	1.085
7.333	1.147e+00	-6.646	379	4.196	1.075
7.333	1.501e+00	-6.766	355	4.204	1.066
7.333	1.970e+00	-6.894	331	4.212	1.056
7.333	2.590e+00	-7.028	308	4.219	1.047
7.333	3.405e+00	-7.161	286	4.226	1.039
7.333	4.475e+00	-7.293	266	4.233	1.031
7.333	5.837e+00	-7.421	248	4.239	1.023
7.333	7.704e+00	-7.570	229	4.245	1.016
7.333	1.000e+01	-7.717	211	4.251	1.010
8.381	1.033e-04	-2.108	2641	3.091	4.102
8.381	1.357e-04	-2.199	2617	3.167	3.762
8.381	1.771e-04	-2.288	2593	3.239	3.462
8.381	2.337e-04	-2.379	2567	3.313	3.179
8.381	3.060e-04	-2.467	2542	3.384	2.930
8.381	3.984e-04	-2.554	2515	3.452	2.708
8.381	5.259e-04	-2.654	2474	3.523	2.497
8.381	6.927e-04	-2.757	2422	3.590	2.312
8.381	9.104e-04	-2.863	2364	3.653	2.149
8.381	1.188e-03	-2.971	2298	3.712	2.008
8.381	1.568e-03	-3.095	2212	3.769	1.880
8.381	2.052e-03	-3.233	2103	3.820	1.773
8.381	2.693e-03	-3.361	2006	3.866	1.681
8.381	3.540e-03	-3.501	1897	3.909	1.599
8.381	4.681e-03	-3.676	1754	3.947	1.531
8.381	6.179e-03	-3.795	1670	3.982	1.472
8.381	8.172e-03	-3.941	1564	4.014	1.417
8.381	1.070e-02	-4.108	1444	4.042	1.373
8.381	1.412e-02	-4.270	1335	4.067	1.334
8.381	1.845e-02	-4.423	1237	4.088	1.302
8.381	2.426e-02	-4.572	1148	4.108	1.273
8.381	3.189e-02	-4.721	1064	4.125	1.247
8.381	4.159e-02	-4.870	986	4.141	1.225
8.381	5.490e-02	-5.028	908	4.156	1.204
8.381	7.188e-02	-5.187	835	4.169	1.187
8.381	9.488e-02	-5.333	773	4.180	1.171
8.381	1.255e-01	-5.486	712	4.192	1.156
8.381	1.643e-01	-5.630	659	4.201	1.143
8.381	2.156e-01	-5.775	610	4.211	1.131
8.381	2.833e-01	-5.923	563	4.219	1.119
8.381	3.740e-01	-6.060	523	4.228	1.109
8.381	4.896e-01	-6.180	490	4.235	1.099
8.381	6.463e-01	-6.296	460	4.243	1.089
8.381	8.513e-01	-6.413	432	4.251	1.079
8.381	1.119e+00	-6.527	407	4.259	1.070
8.381	1.480e+00	-6.653	380	4.267	1.060
8.381	1.946e+00	-6.772	356	4.275	1.051
8.381	2.557e+00	-6.907	331	4.282	1.042
8.381	3.375e+00	-7.039	308	4.289	1.033
8.381	4.411e+00	-7.167	287	4.296	1.025
8.381	5.799e+00	-7.298	267	4.303	1.017
8.381	7.594e+00	-7.434	248	4.309	1.010
8.381	9.942e+00	-7.579	229	4.315	1.003
9.428	1.022e-04	-2.019	2695	3.088	4.367
9.428	1.343e-04	-2.112	2671	3.166	3.995
9.428	1.766e-04	-2.204	2645	3.241	3.664
9.428	2.320e-04	-2.295	2619	3.315	3.365
9.428	3.027e-04	-2.383	2593	3.385	3.102
9.428	3.972e-04	-2.473	2566	3.456	2.858
9.428	5.221e-04	-2.563	2537	3.527	2.635
9.428	6.810e-04	-2.660	2494	3.594	2.440
9.428	8.938e-04	-2.762	2441	3.660	2.262
9.428	1.170e-03	-2.862	2390	3.722	2.105
9.428	1.532e-03	-2.973	2320	3.782	1.965
9.428	2.023e-03	-3.098	2232	3.839	1.839
9.428	2.664e-03	-3.243	2115	3.891	1.733
9.428	3.502e-03	-3.368	2022	3.937	1.643
9.428	4.622e-03	-3.514	1905	3.981	1.563
9.428	6.113e-03	-3.684	1765	4.017	1.498
9.428	8.052e-03	-3.807	1677	4.052	1.440
9.428	1.058e-02	-3.955	1568	4.083	1.389
9.428	1.397e-02	-4.127	1443	4.111	1.345
9.428	1.826e-02	-4.282	1338	4.134	1.309
9.428	2.400e-02	-4.434	1241	4.156	1.277
9.428	3.155e-02	-4.586	1149	4.175	1.249
9.428	4.148e-02	-4.736	1065	4.193	1.225
9.428	5.431e-02	-4.887	985	4.208	1.203
9.428	7.110e-02	-5.042	909	4.222	1.184
9.428	9.385e-02	-5.210	831	4.235	1.166
9.428	1.241e-01	-5.353	770	4.247	1.150
9.428	1.635e-01	-5.504	710	4.258	1.136
9.428	2.141e-01	-5.649	657	4.267	1.124
9.428	2.803e-01	-5.795	607	4.276	1.112
9.428	3.700e-01	-5.947	559	4.285	1.101
9.428	4.843e-01	-6.073	522	4.293	1.091
9.428	6.393e-01	-6.200	488	4.300	1.081
9.428	8.369e-01	-6.317	458	4.308	1.072
9.428	1.098e+00	-6.431	431	4.316	1.063
9.428	1.438e+00	-6.548	405	4.323	1.054
9.428	1.883e+00	-6.666	380	4.330	1.045
9.428	2.472e+00	-6.785	356	4.338	1.036
9.428	3.248e+00	-6.916	332	4.345	1.027
9.428	4.237e+00	-7.043	309	4.352	1.019
9.428	5.561e+00	-7.172	288	4.359	1.012
9.428	7.282e+00	-7.303	268	4.365	1.004
9.428	9.533e+00	-7.443	249	4.371	0.997
10.476	1.002e-04	-1.935	2746	3.083	4.632
10.476	1.323e-04	-2.032	2720	3.163	4.225
10.476	1.729e-04	-2.123	2694	3.238	3.875
10.476	2.255e-04	-2.212	2669	3.310	3.565
10.476	2.959e-04	-2.303	2641	3.383	3.277
10.476	3.875e-04	-2.393	2614	3.454	3.020
10.476	5.038e-04	-2.479	2586	3.523	2.791
10.476	6.584e-04	-2.568	2557	3.591	2.579
10.476	8.588e-04	-2.666	2511	3.658	2.389
10.476	1.134e-03	-2.770	2458	3.725	2.212
10.476	1.484e-03	-2.869	2407	3.787	2.059
10.476	1.963e-03	-2.984	2334	3.849	1.917
10.476	2.580e-03	-3.108	2245	3.905	1.797
10.476	3.391e-03	-3.255	2124	3.956	1.695
10.476	4.476e-03	-3.376	2034	4.003	1.606
10.476	5.860e-03	-3.531	1906	4.044	1.531
10.476	7.750e-03	-3.684	1783	4.081	1.468
10.476	1.023e-02	-3.817	1684	4.115	1.411
10.476	1.348e-02	-3.972	1568	4.146	1.362
10.476	1.771e-02	-4.136	1449	4.173	1.321
10.476	2.338e-02	-4.297	1339	4.196	1.285
10.476	3.060e-02	-4.445	1244	4.217	1.255
10.476	4.017e-02	-4.595	1154	4.236	1.228
10.476	5.279e-02	-4.745	1068	4.253	1.204
10.476	6.941e-02	-4.899	987	4.268	1.183
10.476	9.089e-02	-5.056	909	4.282	1.164
10.476	1.197e-01	-5.214	836	4.295	1.148
10.476	1.583e-01	-5.367	770	4.306	1.132
10.476	2.081e-01	-5.518	711	4.317	1.119
10.476	2.736e-01	-5.666	656	4.327	1.106
10.476	3.583e-01	-5.814	606	4.335	1.095
10.476	4.691e-01	-5.954	561	4.344	1.085
10.476	6.192e-01	-6.087	522	4.352	1.075
10.476	8.091e-01	-6.212	488	4.359	1.065
10.476	1.055e+00	-6.335	457	4.366	1.057
10.476	1.396e+00	-6.445	431	4.374	1.047
10.476	1.842e+00	-6.575	401	4.382	1.038
10.476	2.437e+00	-6.692	377	4.389	1.029
10.476	3.190e+00	-6.813	353	4.396	1.021
10.476	4.210e+00	-6.944	329	4.403	1.013
10.476	5.512e+00	-7.072	306	4.410	1.005
10.476	7.276e+00	-7.204	285	4.417	0.997
10.476	9.524e+00	-7.341	265	4.423	0.990
11.523	1.032e-04	-1.872	2789	3.088	4.831
11.523	1.363e-04	-1.971	2762	3.170	4.395
11.523	1.784e-04	-2.064	2736	3.247	4.023
11.523	2.323e-04	-2.155	2709	3.320	3.697
11.523	3.049e-04	-2.246	2681	3.394	3.396
11.523	3.993e-04	-2.336	2653	3.466	3.127
11.523	5.227e-04	-2.426	2625	3.536	2.882
11.523	6.860e-04	-2.516	2594	3.606	2.658
11.523	9.016e-04	-2.609	2559	3.676	2.454
11.523	1.176e-03	-2.710	2508	3.741	2.276
11.523	1.544e-03	-2.810	2457	3.805	2.114
11.523	2.029e-03	-2.914	2399	3.868	1.968
11.523	2.667e-03	-3.029	2322	3.927	1.838
11.523	3.506e-03	-3.170	2210	3.981	1.726
11.523	4.609e-03	-3.301	2106	4.029	1.634
11.523	6.058e-03	-3.425	2012	4.074	1.551
11.523	8.011e-03	-3.601	1861	4.114	1.482
11.523	1.053e-02	-3.723	1770	4.148	1.424
11.523	1.384e-02	-3.858	1667	4.180	1.373
11.523	1.827e-02	-4.022	1542	4.209	1.329
11.523	2.407e-02	-4.174	1433	4.233	1.292
11.523	3.164e-02	-4.322	1333	4.255	1.260
11.523	4.152e-02	-4.468	1239	4.275	1.232
11.523	5.457e-02	-4.613	1152	4.292	1.207
11.523	7.175e-02	-4.761	1067	4.309	1.184
11.523	9.430e-02	-4.913	987	4.324	1.164
11.523	1.230e-01	-5.071	908	4.337	1.146
11.523	1.624e-01	-5.220	839	4.349	1.130
11.523	2.147e-01	-5.381	770	4.361	1.115
11.523	2.811e-01	-5.531	710	4.371	1.102
11.523	3.710e-01	-5.685	654	4.381	1.090
11.523	4.888e-01	-5.838	602	4.390	1.078
11.523	6.424e-01	-5.980	557	4.398	1.068
11.523	8.379e-01	-6.114	518	4.406	1.058
11.523	1.106e+00	-6.263	478	4.414	1.049
11.523	1.463e+00	-6.378	449	4.422	1.040
11.523	1.927e+00	-6.508	419	4.430	1.030
11.523	2.532e+00	-6.625	393	4.437	1.022
11.523	3.343e+00	-6.744	369	4.444	1.013
11.523	4.376e+00	-6.870	344	4.452	1.005
11.523	5.776e+00	-7.005	320	4.459	0.996
11.523	7.561e+00	-7.131	299	4.465	0.989
11.523	9.981e+00	-7.272	276	4.472	0.981
12.047	1.005e-04	-1.833	2805	3.077	4.998
12.047	1.326e-04	-1.928	2786	3.161	4.539
12.047	1.747e-04	-2.025	2758	3.241	4.141
12.047	2.296e-04	-2.119	2731	3.318	3.791
12.047	2.994e-04	-2.209	2704	3.390	3.487
12.047	3.899e-04	-2.297	2676	3.461	3.214
12.047	5.117e-04	-2.388	2647	3.533	2.959
12.047	6.725e-04	-2.479	2616	3.604	2.727
12.047	8.842e-04	-2.570	2585	3.674	2.516
12.047	1.158e-03	-2.670	2537	3.741	2.328
12.047	1.516e-03	-2.770	2487	3.805	2.162
12.047	2.001e-03	-2.872	2433	3.870	2.008
12.047	2.615e-03	-2.978	2367	3.929	1.875
12.047	3.438e-03	-3.103	2277	3.986	1.757
12.047	4.518e-03	-3.247	2157	4.036	1.658
12.047	5.964e-03	-3.365	2069	4.082	1.572
12.047	7.808e-03	-3.517	1941	4.122	1.501
12.047	1.033e-02	-3.658	1826	4.158	1.441
12.047	1.358e-02	-3.785	1729	4.189	1.389
12.047	1.784e-02	-3.923	1623	4.218	1.344
12.047	2.327e-02	-4.067	1515	4.242	1.307
12.047	3.055e-02	-4.207	1415	4.264	1.275
12.047	4.000e-02	-4.341	1325	4.284	1.247
12.047	5.269e-02	-4.481	1235	4.302	1.221
12.047	6.925e-02	-4.619	1152	4.319	1.197
12.047	9.033e-02	-4.759	1073	4.334	1.176
12.047	1.192e-01	-4.911	991	4.349	1.156
12.047	1.571e-01	-5.074	910	4.363	1.138
12.047	2.064e-01	-5.222	841	4.375	1.122
12.047	2.730e-01	-5.387	770	4.387	1.107
12.047	3.561e-01	-5.538	710	4.397	1.094
12.047	4.700e-01	-5.697	652	4.407	1.082
12.047	6.153e-01	-5.851	600	4.416	1.070
12.047	8.122e-01	-6.001	553	4.425	1.060
12.047	1.063e+00	-6.145	511	4.433	1.049
12.047	1.396e+00	-6.295	471	4.441	1.040
12.047	1.834e+00	-6.409	443	4.449	1.030
12.047	2.421e+00	-6.554	410	4.457	1.021
12.047	3.202e+00	-6.674	384	4.465	1.012
12.047	4.192e+00	-6.798	359	4.472	1.003
12.047	5.501e+00	-6.930	334	4.479	0.995
12.047	7.230e+00	-7.063	311	4.486	0.987
12.047	9.544e+00	-7.201	288	4.493	0.979
12.571	1.001e-04	-1.808	2811	3.075	5.121
12.571	1.310e-04	-1.891	2808	3.157	4.661
12.571	1.732e-04	-1.991	2780	3.238	4.242
12.571	2.259e-04	-2.083	2752	3.314	3.889
12.571	2.965e-04	-2.176	2725	3.389	3.568
12.571	3.883e-04	-2.267	2696	3.461	3.281
12.571	5.084e-04	-2.357	2667	3.533	3.023
12.571	6.672e-04	-2.448	2637	3.604	2.786
12.571	8.769e-04	-2.538	2605	3.674	2.570
12.571	1.144e-03	-2.632	2566	3.741	2.379
12.571	1.510e-03	-2.736	2513	3.808	2.201
12.571	1.977e-03	-2.834	2462	3.871	2.047
12.571	2.594e-03	-2.938	2403	3.932	1.908
12.571	3.410e-03	-3.053	2324	3.990	1.785
12.571	4.483e-03	-3.197	2205	4.042	1.681
12.571	5.870e-03	-3.314	2116	4.088	1.595
12.571	7.685e-03	-3.440	2016	4.129	1.521
12.571	1.009e-02	-3.587	1889	4.164	1.462
12.571	1.334e-02	-3.703	1799	4.195	1.410
12.571	1.764e-02	-3.820	1709	4.223	1.366
12.571	2.319e-02	-3.950	1608	4.247	1.328
12.571	3.066e-02	-4.074	1516	4.268	1.296
12.571	4.047e-02	-4.198	1427	4.287	1.268
12.571	5.298e-02	-4.314	1348	4.304	1.243
12.571	6.994e-02	-4.440	1266	4.321	1.219
12.571	9.156e-02	-4.565	1188	4.337	1.197
12.571	1.202e-01	-4.702	1108	4.353	1.176
12.571	1.579e-01	-4.849	1027	4.368	1.156
12.571	2.089e-01	-5.015	942	4.383	1.136
12.571	2.757e-01	-5.181	863	4.396	1.118
12.571	3.646e-01	-5.360	784	4.409	1.102
12.571	4.803e-01	-5.531	715	4.421	1.087
12.571	6.313e-01	-5.702	652	4.431	1.074
12.571	8.300e-01	-5.872	595	4.441	1.062
12.571	1.091e+00	-6.036	544	4.451	1.050
12.571	1.423e+00	-6.215	493	4.460	1.039
12.571	1.882e+00	-6.347	460	4.469	1.029
12.571	2.489e+00	-6.501	423	4.477	1.019
12.571	3.291e+00	-6.629	395	4.486	1.009
12.571	4.344e+00	-6.757	368	4.494	1.000
12.571	5.677e+00	-6.890	343	4.501	0.991
12.571	7.464e+00	-7.028	318	4.508	0.983
12.571	9.810e+00	-7.165	295	4.515	0.975
13.095	1.023e-04	-1.791	2818	3.081	5.191
13.095	1.350e-04	-1.871	2825	3.165	4.713
13.095	1.779e-04	-1.970	2797	3.246	4.292
13.095	2.338e-04	-2.065	2768	3.324	3.924
13.095	3.050e-04	-2.156	2741	3.397	3.605
13.095	4.003e-04	-2.248	2712	3.471	3.313
13.095	5.242e-04	-2.339	2682	3.542	3.050
13.095	6.862e-04	-2.429	2652	3.613	2.813
13.095	9.006e-04	-2.519	2621	3.683	2.595
13.095	1.184e-03	-2.613	2585	3.752	2.397
13.095	1.556e-03	-2.715	2532	3.819	2.219
13.095	2.045e-03	-2.816	2480	3.883	2.061
13.095	2.668e-03	-2.914	2426	3.943	1.923
13.095	3.522e-03	-3.027	2352	4.002	1.796
13.095	4.610e-03	-3.161	2243	4.054	1.692
13.095	6.097e-03	-3.283	2147	4.100	1.605
13.095	8.016e-03	-3.391	2065	4.140	1.533
13.095	1.054e-02	-3.526	1947	4.173	1.475
13.095	1.374e-02	-3.626	1867	4.200	1.432
13.095	1.817e-02	-3.721	1792	4.224	1.393
13.095	2.389e-02	-3.809	1724	4.244	1.360
13.095	3.140e-02	-3.905	1649	4.264	1.330
13.095	4.145e-02	-4.007	1570	4.281	1.304
13.095	5.426e-02	-4.107	1497	4.297	1.279
13.095	7.177e-02	-4.222	1416	4.315	1.254
13.095	9.436e-02	-4.347	1331	4.333	1.228
13.095	1.240e-01	-4.493	1237	4.352	1.201
13.095	1.637e-01	-4.661	1136	4.372	1.174
13.095	2.165e-01	-4.848	1031	4.391	1.148
13.095	2.852e-01	-5.053	926	4.409	1.125
13.095	3.748e-01	-5.251	834	4.425	1.105
13.095	4.957e-01	-5.454	748	4.439	1.087
13.095	6.517e-01	-5.647	674	4.451	1.071
13.095	8.565e-01	-5.833	610	4.463	1.058
13.095	1.126e+00	-6.008	554	4.473	1.045
13.095	1.480e+00	-6.199	499	4.482	1.034
13.095	1.954e+00	-6.332	465	4.491	1.024
13.095	2.584e+00	-6.483	428	4.499	1.014
13.095	3.417e+00	-6.611	400	4.508	1.004
13.095	4.501e+00	-6.737	373	4.516	0.995
13.095	5.894e+00	-6.872	347	4.523	0.986
13.095	7.716e+00	-7.008	322	4.530	0.978
13.095	1.000e+01	-7.136	300	4.537	0.971
13.618	1.048e-04	-1.776	2825	3.087	5.257
13.618	1.377e-04	-1.851	2838	3.169	4.781
13.618	1.811e-04	-1.947	2814	3.251	4.353
13.618	2.380e-04	-2.043	2785	3.329	3.978
13.618	3.129e-04	-2.137	2756	3.405	3.643
13.618	4.097e-04	-2.229	2728	3.478	3.349
13.618	5.364e-04	-2.320	2698	3.550	3.083
13.618	6.984e-04	-2.408	2668	3.619	2.848
13.618	9.079e-04	-2.495	2638	3.687	2.634
13.618	1.198e-03	-2.588	2604	3.758	2.429
13.618	1.566e-03	-2.687	2555	3.824	2.251
13.618	2.059e-03	-2.788	2503	3.888	2.089
13.618	2.706e-03	-2.888	2449	3.950	1.945
13.618	3.530e-03	-2.989	2387	4.007	1.821
13.618	4.668e-03	-3.113	2293	4.061	1.712
13.618	6.162e-03	-3.236	2192	4.106	1.626
13.618	8.067e-03	-3.327	2124	4.142	1.559
13.618	1.065e-02	-3.428	2041	4.173	1.505
13.618	1.394e-02	-3.522	1959	4.196	1.466
13.618	1.840e-02	-3.592	1901	4.215	1.434
13.618	2.424e-02	-3.659	1848	4.232	1.406
13.618	3.186e-02	-3.733	1789	4.250	1.378
13.618	4.213e-02	-3.819	1722	4.270	1.346
13.618	5.561e-02	-3.948	1621	4.294	1.310
13.618	7.354e-02	-4.101	1507	4.320	1.271
13.618	9.726e-02	-4.284	1378	4.347	1.232
13.618	1.286e-01	-4.489	1243	4.374	1.194
13.618	1.701e-01	-4.707	1113	4.400	1.160
13.618	2.227e-01	-4.920	997	4.421	1.132
13.618	2.940e-01	-5.138	888	4.439	1.108
13.618	3.888e-01	-5.355	791	4.455	1.088
13.618	5.089e-01	-5.546	714	4.468	1.072
13.618	6.679e-01	-5.727	648	4.479	1.058
13.618	8.779e-01	-5.898	590	4.489	1.046
13.618	1.154e+00	-6.060	541	4.498	1.035
13.618	1.511e+00	-6.229	493	4.506	1.026
13.618	1.979e+00	-6.342	464	4.514	1.017
13.618	2.597e+00	-6.485	429	4.522	1.008
13.618	3.434e+00	-6.603	403	4.529	0.999
13.618	4.514e+00	-6.723	377	4.537	0.990
13.618	5.935e+00	-6.855	351	4.544	0.982
13.618	7.800e+00	-6.990	326	4.551	0.974
13.618	1.000e+01	-7.108	306	4.557	0.967
14.142	1.041e-04	-1.754	2830	3.084	5.374
14.142	1.375e-04	-1.828	2844	3.167	4.883
14.142	1.811e-04	-1.919	2832	3.250	4.438
14.142	2.380e-04	-2.016	2803	3.329	4.052
14.142	3.124e-04	-2.110	2774	3.406	3.711
14.142	4.091e-04	-2.202	2746	3.479	3.409
14.142	5.355e-04	-2.293	2716	3.551	3.138
14.142	7.029e-04	-2.384	2685	3.623	2.890
14.142	9.238e-04	-2.475	2653	3.693	2.665
14.142	1.205e-03	-2.563	2623	3.761	2.465
14.142	1.590e-03	-2.663	2576	3.830	2.276
14.142	2.095e-03	-2.765	2523	3.896	2.111
14.142	2.754e-03	-2.864	2471	3.958	1.965
14.142	3.620e-03	-2.963	2413	4.016	1.838
14.142	4.758e-03	-3.070	2337	4.067	1.732
14.142	6.281e-03	-3.185	2241	4.110	1.650
14.142	8.208e-03	-3.266	2177	4.141	1.592
14.142	1.079e-02	-3.329	2131	4.166	1.546
14.142	1.418e-02	-3.392	2079	4.186	1.511
14.142	1.865e-02	-3.457	2022	4.203	1.481
14.142	2.451e-02	-3.528	1961	4.221	1.452
14.142	3.235e-02	-3.611	1893	4.243	1.415
14.142	4.228e-02	-3.728	1799	4.271	1.370
14.142	5.581e-02	-3.898	1666	4.308	1.313
14.142	7.380e-02	-4.126	1494	4.346	1.257
14.142	9.742e-02	-4.364	1329	4.380	1.208
14.142	1.283e-01	-4.594	1183	4.409	1.169
14.142	1.687e-01	-4.812	1058	4.433	1.137
14.142	2.218e-01	-5.028	944	4.452	1.112
14.142	2.914e-01	-5.233	847	4.468	1.092
14.142	3.847e-01	-5.425	765	4.482	1.075
14.142	5.027e-01	-5.598	697	4.493	1.061
14.142	6.558e-01	-5.758	639	4.503	1.049
14.142	8.607e-01	-5.915	587	4.512	1.038
14.142	1.131e+00	-6.066	540	4.520	1.028
14.142	1.475e+00	-6.221	497	4.528	1.020
14.142	1.948e+00	-6.334	467	4.535	1.011
14.142	2.565e+00	-6.473	433	4.543	1.002
14.142	3.393e+00	-6.587	407	4.550	0.994
14.142	4.459e+00	-6.700	383	4.557	0.986
14.142	5.863e+00	-6.829	357	4.564	0.978
14.142	7.706e+00	-6.961	333	4.571	0.970
14.142	1.000e+01	-7.082	311	4.577	0.963
14.666	1.008e-04	-1.725	2834	3.074	5.538
14.666	1.324e-04	-1.798	2848	3.155	5.042
14.666	1.741e-04	-1.877	2855	3.238	4.585
14.666	2.302e-04	-1.977	2825	3.320	4.171
14.666	3.026e-04	-2.073	2795	3.397	3.815
14.666	3.947e-04	-2.164	2767	3.471	3.506
14.666	5.180e-04	-2.256	2736	3.544	3.223
14.666	6.809e-04	-2.348	2705	3.616	2.966
14.666	8.881e-04	-2.437	2675	3.685	2.739
14.666	1.172e-03	-2.529	2643	3.756	2.524
14.666	1.535e-03	-2.621	2606	3.824	2.335
14.666	2.014e-03	-2.722	2554	3.890	2.165
14.666	2.647e-03	-2.820	2502	3.952	2.014
14.666	3.480e-03	-2.914	2451	4.010	1.884
14.666	4.558e-03	-3.010	2388	4.061	1.778
14.666	5.967e-03	-3.099	2321	4.101	1.698
14.666	7.891e-03	-3.181	2253	4.130	1.641
14.666	1.037e-02	-3.234	2210	4.151	1.602
14.666	1.364e-02	-3.278	2176	4.168	1.571
14.666	1.778e-02	-3.325	2142	4.187	1.538
14.666	2.334e-02	-3.401	2078	4.211	1.496
14.666	3.068e-02	-3.521	1974	4.242	1.444
14.666	4.034e-02	-3.685	1841	4.283	1.376
14.666	5.301e-02	-3.912	1661	4.332	1.301
14.666	7.011e-02	-4.180	1459	4.376	1.237
14.666	9.218e-02	-4.424	1294	4.410	1.190
14.666	1.212e-01	-4.643	1158	4.436	1.154
14.666	1.593e-01	-4.847	1042	4.458	1.126
14.666	2.093e-01	-5.044	940	4.475	1.103
14.666	2.763e-01	-5.238	848	4.490	1.084
14.666	3.640e-01	-5.415	771	4.502	1.069
14.666	4.767e-01	-5.579	706	4.513	1.056
14.666	6.240e-01	-5.733	650	4.523	1.045
14.666	8.190e-01	-5.885	598	4.531	1.034
14.666	1.076e+00	-6.031	553	4.540	1.024
14.666	1.415e+00	-6.189	507	4.547	1.016
14.666	1.872e+00	-6.303	476	4.554	1.007
14.666	2.460e+00	-6.431	444	4.561	0.999
14.666	3.247e+00	-6.551	417	4.569	0.991
14.666	4.277e+00	-6.660	393	4.576	0.983
14.666	5.622e+00	-6.784	367	4.583	0.975
14.666	7.391e+00	-6.915	342	4.589	0.967
14.666	9.714e+00	-7.041	319	4.596	0.960
15.190	1.003e-04	-1.705	2839	3.072	5.647
15.190	1.317e-04	-1.778	2853	3.153	5.146
15.190	1.731e-04	-1.851	2866	3.235	4.683
15.190	2.257e-04	-1.944	2844	3.314	4.275
15.190	2.980e-04	-2.042	2814	3.393	3.901
15.190	3.900e-04	-2.135	2785	3.468	3.578
15.190	5.149e-04	-2.230	2754	3.543	3.282
15.190	6.740e-04	-2.321	2723	3.615	3.022
15.190	8.846e-04	-2.412	2692	3.686	2.785
15.190	1.158e-03	-2.501	2660	3.755	2.572
15.190	1.517e-03	-2.590	2629	3.823	2.378
15.190	2.002e-03	-2.692	2577	3.891	2.200
15.190	2.621e-03	-2.788	2526	3.952	2.049
15.190	3.439e-03	-2.879	2478	4.009	1.920
15.190	4.504e-03	-2.961	2429	4.057	1.817
15.190	5.896e-03	-3.035	2378	4.094	1.742
15.190	7.783e-03	-3.094	2334	4.120	1.690
15.190	1.017e-02	-3.142	2292	4.137	1.656
15.190	1.337e-02	-3.186	2256	4.154	1.625
15.190	1.751e-02	-3.241	2213	4.175	1.585
15.190	2.307e-02	-3.326	2148	4.209	1.526
15.190	3.051e-02	-3.499	2000	4.257	1.443
15.190	4.043e-02	-3.737	1805	4.317	1.347
15.190	5.326e-02	-4.011	1589	4.370	1.267
15.190	6.999e-02	-4.263	1406	4.409	1.212
15.190	9.187e-02	-4.479	1262	4.438	1.172
15.190	1.207e-01	-4.678	1141	4.461	1.141
15.190	1.587e-01	-4.864	1037	4.480	1.116
15.190	2.086e-01	-5.046	942	4.496	1.096
15.190	2.743e-01	-5.229	855	4.510	1.079
15.190	3.605e-01	-5.396	781	4.522	1.064
15.190	4.702e-01	-5.553	718	4.532	1.051
15.190	6.207e-01	-5.709	660	4.542	1.040
15.190	8.126e-01	-5.856	610	4.550	1.030
15.190	1.073e+00	-6.003	563	4.559	1.020
15.190	1.402e+00	-6.159	517	4.566	1.011
15.190	1.843e+00	-6.274	486	4.573	1.003
15.190	2.422e+00	-6.396	455	4.580	0.995
15.190	3.159e+00	-6.516	426	4.587	0.987
15.190	4.147e+00	-6.622	402	4.593	0.980
15.190	5.484e+00	-6.744	376	4.601	0.972
15.190	7.207e+00	-6.875	350	4.607	0.964
15.190	9.476e+00	-7.001	327	4.614	0.957
15.713	1.009e-04	-1.689	2845	3.074	5.734
15.713	1.332e-04	-1.762	2859	3.156	5.217
15.713	1.741e-04	-1.834	2872	3.235	4.758
15.713	2.289e-04	-1.924	2859	3.318	4.329
15.713	3.008e-04	-2.021	2829	3.396	3.954
15.713	3.949e-04	-2.115	2800	3.472	3.622
15.713	5.171e-04	-2.207	2770	3.546	3.328
15.713	6.769e-04	-2.299	2739	3.618	3.065
15.713	8.884e-04	-2.390	2707	3.689	2.824
15.713	1.168e-03	-2.480	2676	3.759	2.604
15.713	1.535e-03	-2.570	2645	3.828	2.405
15.713	2.010e-03	-2.667	2599	3.894	2.229
15.713	2.632e-03	-2.762	2548	3.955	2.077
15.713	3.454e-03	-2.849	2502	4.010	1.950
15.713	4.523e-03	-2.920	2463	4.054	1.854
15.713	5.922e-03	-2.978	2425	4.086	1.787
15.713	7.816e-03	-3.022	2394	4.108	1.743
15.713	1.021e-02	-3.058	2369	4.125	1.709
15.713	1.332e-02	-3.105	2332	4.144	1.671
15.713	1.749e-02	-3.179	2270	4.172	1.619
15.713	2.298e-02	-3.296	2179	4.218	1.535
15.713	3.053e-02	-3.534	1977	4.287	1.417
15.713	4.012e-02	-3.798	1762	4.352	1.316
15.713	5.306e-02	-4.067	1552	4.399	1.246
15.713	6.976e-02	-4.290	1391	4.433	1.199
15.713	9.169e-02	-4.488	1261	4.459	1.163
15.713	1.206e-01	-4.673	1147	4.481	1.135
15.713	1.584e-01	-4.849	1048	4.499	1.111
15.713	2.067e-01	-5.020	958	4.514	1.092
15.713	2.728e-01	-5.200	871	4.528	1.074
15.713	3.593e-01	-5.367	796	4.540	1.060
15.713	4.723e-01	-5.527	730	4.550	1.047
15.713	6.209e-01	-5.680	673	4.560	1.036
15.713	8.161e-01	-5.828	621	4.569	1.025
15.713	1.073e+00	-5.973	574	4.577	1.016
15.713	1.405e+00	-6.130	526	4.584	1.007
15.713	1.839e+00	-6.247	494	4.591	0.999
15.713	2.433e+00	-6.370	462	4.598	0.991
15.713	3.211e+00	-6.498	431	4.605	0.983
15.713	4.204e+00	-6.603	407	4.612	0.975
15.713	5.559e+00	-6.723	382	4.619	0.968
15.713	7.309e+00	-6.854	355	4.626	0.960
15.713	9.606e+00	-6.979	332	4.632	0.953
16.237	1.010e-04	-1.671	2850	3.074	5.828
16.237	1.323e-04	-1.742	2863	3.153	5.319
16.237	1.732e-04	-1.814	2877	3.233	4.850
16.237	2.286e-04	-1.898	2876	3.317	4.406
16.237	3.024e-04	-1.999	2845	3.398	4.011
16.237	3.958e-04	-2.093	2816	3.474	3.676
16.237	5.154e-04	-2.183	2786	3.546	3.383
16.237	6.764e-04	-2.276	2755	3.619	3.111
16.237	8.858e-04	-2.366	2723	3.690	2.868
16.237	1.158e-03	-2.455	2692	3.759	2.649
16.237	1.510e-03	-2.542	2663	3.826	2.451
16.237	1.993e-03	-2.637	2622	3.894	2.266
16.237	2.609e-03	-2.731	2572	3.955	2.113
16.237	3.444e-03	-2.815	2527	4.009	1.986
16.237	4.501e-03	-2.878	2493	4.048	1.898
16.237	5.917e-03	-2.923	2468	4.076	1.839
16.237	7.749e-03	-2.957	2446	4.094	1.800
16.237	1.014e-02	-2.991	2423	4.112	1.764
16.237	1.339e-02	-3.041	2388	4.136	1.714
16.237	1.764e-02	-3.139	2311	4.177	1.636
16.237	2.333e-02	-3.313	2174	4.245	1.513
16.237	3.066e-02	-3.594	1934	4.323	1.383
16.237	3.999e-02	-3.837	1737	4.379	1.296
16.237	5.279e-02	-4.079	1548	4.421	1.236
16.237	6.910e-02	-4.282	1401	4.451	1.193
16.237	9.121e-02	-4.472	1275	4.477	1.159
16.237	1.192e-01	-4.647	1166	4.497	1.131
16.237	1.567e-01	-4.819	1068	4.516	1.108
16.237	2.060e-01	-4.991	976	4.531	1.088
16.237	2.719e-01	-5.167	889	4.545	1.071
16.237	3.559e-01	-5.330	815	4.557	1.056
16.237	4.672e-01	-5.490	748	4.568	1.044
16.237	6.118e-01	-5.640	689	4.577	1.032
16.237	7.995e-01	-5.786	637	4.586	1.022
16.237	1.043e+00	-5.927	590	4.594	1.013
16.237	1.369e+00	-6.077	544	4.601	1.004
16.237	1.810e+00	-6.214	504	4.608	0.996
16.237	2.379e+00	-6.331	473	4.615	0.988
16.237	3.140e+00	-6.464	440	4.622	0.980
16.237	4.136e+00	-6.573	415	4.629	0.972
16.237	5.436e+00	-6.686	391	4.636	0.965
16.237	7.176e+00	-6.818	363	4.643	0.957
16.237	9.394e+00	-6.942	340	4.649	0.950
16.761	1.034e-04	-1.661	2856	3.080	5.876
16.761	1.358e-04	-1.732	2870	3.160	5.358
16.761	1.786e-04	-1.805	2883	3.242	4.879
16.761	2.347e-04	-1.884	2889	3.324	4.440
16.761	3.086e-04	-1.982	2859	3.404	4.048
16.761	4.056e-04	-2.078	2828	3.481	3.704
16.761	5.291e-04	-2.170	2798	3.554	3.405
16.761	6.944e-04	-2.262	2767	3.627	3.131
16.761	9.127e-04	-2.354	2735	3.699	2.882
16.761	1.190e-03	-2.442	2705	3.767	2.664
16.761	1.563e-03	-2.531	2674	3.836	2.461
16.761	2.054e-03	-2.621	2638	3.903	2.279
16.761	2.700e-03	-2.714	2589	3.963	2.128
16.761	3.549e-03	-2.790	2548	4.011	2.012
16.761	4.629e-03	-2.842	2520	4.044	1.937
16.761	6.075e-03	-2.877	2501	4.066	1.889
16.761	7.955e-03	-2.904	2486	4.083	1.853
16.761	1.041e-02	-2.939	2465	4.103	1.810
16.761	1.375e-02	-3.001	2423	4.136	1.744
16.761	1.811e-02	-3.133	2323	4.194	1.630
16.761	2.395e-02	-3.375	2128	4.284	1.470
16.761	3.148e-02	-3.645	1898	4.355	1.354
16.761	4.155e-02	-3.876	1712	4.406	1.277
16.761	5.439e-02	-4.094	1542	4.442	1.224
16.761	7.179e-02	-4.294	1398	4.472	1.183
16.761	9.398e-02	-4.470	1280	4.496	1.152
16.761	1.234e-01	-4.644	1172	4.516	1.125
16.761	1.621e-01	-4.812	1075	4.534	1.102
16.761	2.115e-01	-4.976	986	4.549	1.083
16.761	2.791e-01	-5.150	900	4.563	1.066
16.761	3.654e-01	-5.313	825	4.575	1.051
16.761	4.823e-01	-5.476	755	4.586	1.039
16.761	6.314e-01	-5.626	697	4.595	1.027
16.761	8.287e-01	-5.774	643	4.604	1.017
16.761	1.089e+00	-5.919	594	4.612	1.007
16.761	1.432e+00	-6.071	547	4.620	0.999
16.761	1.894e+00	-6.207	508	4.627	0.990
16.761	2.489e+00	-6.327	476	4.634	0.982
16.761	3.267e+00	-6.456	444	4.640	0.975
16.761	4.294e+00	-6.564	418	4.647	0.967
16.761	5.668e+00	-6.679	393	4.654	0.960
16.761	7.466e+00	-6.811	366	4.661	0.952
16.761	9.813e+00	-6.936	342	4.667	0.945
17.285	1.028e-04	-1.643	2860	3.079	5.977
17.285	1.357e-04	-1.715	2874	3.160	5.445
17.285	1.776e-04	-1.787	2888	3.239	4.968
17.285	2.332e-04	-1.861	2900	3.321	4.524
17.285	3.053e-04	-1.956	2876	3.401	4.126
17.285	3.997e-04	-2.051	2845	3.477	3.777
17.285	5.276e-04	-2.147	2814	3.554	3.457
17.285	6.907e-04	-2.239	2783	3.627	3.180
17.285	9.065e-04	-2.331	2751	3.699	2.928
17.285	1.191e-03	-2.421	2719	3.769	2.700
17.285	1.554e-03	-2.507	2690	3.836	2.499
17.285	2.040e-03	-2.594	2658	3.902	2.316
17.285	2.681e-03	-2.683	2612	3.961	2.165
17.285	3.497e-03	-2.752	2575	4.005	2.057
17.285	4.615e-03	-2.799	2550	4.035	1.987
17.285	6.042e-03	-2.829	2534	4.054	1.945
17.285	7.867e-03	-2.854	2520	4.070	1.909
17.285	1.038e-02	-2.892	2499	4.094	1.858
17.285	1.359e-02	-2.962	2457	4.133	1.775
17.285	1.784e-02	-3.123	2339	4.209	1.627
17.285	2.337e-02	-3.377	2133	4.303	1.460
17.285	3.038e-02	-3.619	1926	4.368	1.355
17.285	3.969e-02	-3.831	1753	4.416	1.282
17.285	5.219e-02	-4.047	1582	4.454	1.228
17.285	6.834e-02	-4.237	1442	4.483	1.187
17.285	8.947e-02	-4.414	1321	4.507	1.154
17.285	1.181e-01	-4.589	1209	4.529	1.126
17.285	1.546e-01	-4.752	1112	4.547	1.103
17.285	2.041e-01	-4.921	1018	4.563	1.082
17.285	2.672e-01	-5.087	933	4.577	1.065
17.285	3.526e-01	-5.259	851	4.590	1.050
17.285	4.608e-01	-5.418	782	4.600	1.037
17.285	6.011e-01	-5.567	721	4.610	1.026
17.285	7.934e-01	-5.719	664	4.619	1.015
17.285	1.039e+00	-5.863	614	4.627	1.005
17.285	1.371e+00	-6.010	567	4.635	0.996
17.285	1.792e+00	-6.154	524	4.642	0.988
17.285	2.365e+00	-6.280	490	4.649	0.980
17.285	3.096e+00	-6.409	456	4.656	0.973
17.285	4.064e+00	-6.521	429	4.662	0.965
17.285	5.341e+00	-6.628	405	4.669	0.958
17.285	7.063e+00	-6.757	378	4.676	0.950
17.285	9.287e+00	-6.885	352	4.683	0.943
17.809	1.020e-04	-1.626	2865	3.077	6.080
17.809	1.341e-04	-1.696	2878	3.156	5.551
17.809	1.749e-04	-1.767	2892	3.234	5.073
17.809	2.296e-04	-1.840	2905	3.315	4.621
17.809	3.017e-04	-1.929	2892	3.397	4.206
17.809	3.982e-04	-2.028	2861	3.477	3.837
17.809	5.204e-04	-2.121	2830	3.551	3.521
17.809	6.788e-04	-2.212	2799	3.623	3.241
17.809	8.961e-04	-2.306	2767	3.697	2.978
17.809	1.173e-03	-2.395	2736	3.767	2.748
17.809	1.527e-03	-2.481	2707	3.833	2.545
17.809	2.005e-03	-2.565	2677	3.899	2.360
17.809	2.625e-03	-2.648	2638	3.956	2.210
17.809	3.437e-03	-2.713	2603	3.998	2.105
17.809	4.510e-03	-2.755	2581	4.025	2.041
17.809	5.907e-03	-2.781	2567	4.042	2.002
17.809	7.719e-03	-2.808	2552	4.059	1.964
17.809	1.019e-02	-2.850	2530	4.085	1.905
17.809	1.334e-02	-2.928	2485	4.133	1.803
17.809	1.764e-02	-3.129	2341	4.230	1.612
17.809	2.328e-02	-3.385	2132	4.324	1.447
17.809	3.067e-02	-3.621	1931	4.387	1.346
17.809	4.017e-02	-3.825	1763	4.433	1.276
17.809	5.291e-02	-4.035	1596	4.470	1.223
17.809	6.954e-02	-4.223	1456	4.499	1.182
17.809	9.143e-02	-4.401	1333	4.524	1.149
17.809	1.202e-01	-4.571	1223	4.545	1.122
17.809	1.567e-01	-4.730	1128	4.563	1.099
17.809	2.057e-01	-4.894	1036	4.579	1.079
17.809	2.704e-01	-5.062	948	4.593	1.061
17.809	3.569e-01	-5.233	866	4.606	1.046
17.809	4.672e-01	-5.394	794	4.617	1.033
17.809	6.167e-01	-5.550	730	4.627	1.021
17.809	8.073e-01	-5.698	674	4.636	1.011
17.809	1.066e+00	-5.847	622	4.644	1.001
17.809	1.395e+00	-5.989	575	4.652	0.992
17.809	1.831e+00	-6.136	531	4.659	0.984
17.809	2.406e+00	-6.263	495	4.666	0.976
17.809	3.164e+00	-6.394	461	4.673	0.968
17.809	4.158e+00	-6.508	433	4.679	0.961
17.809	5.499e+00	-6.616	409	4.686	0.953
17.809	7.259e+00	-6.744	381	4.693	0.946
17.809	9.503e+00	-6.871	356	4.699	0.939
18.332	1.041e-04	-1.615	2871	3.083	6.126
18.332	1.374e-04	-1.687	2884	3.163	5.587
18.332	1.796e-04	-1.758	2897	3.242	5.104
18.332	2.342e-04	-1.829	2910	3.321	4.660
18.332	3.092e-04	-1.916	2904	3.404	4.234
18.332	4.072e-04	-2.014	2873	3.483	3.863
18.332	5.352e-04	-2.110	2841	3.560	3.538
18.332	6.981e-04	-2.201	2810	3.632	3.256
18.332	9.163e-04	-2.293	2778	3.704	2.997
18.332	1.204e-03	-2.384	2747	3.775	2.762
18.332	1.571e-03	-2.469	2718	3.842	2.558
18.332	2.073e-03	-2.553	2688	3.907	2.372
18.332	2.710e-03	-2.627	2656	3.960	2.232
18.332	3.534e-03	-2.683	2626	3.996	2.141
18.332	4.665e-03	-2.717	2608	4.018	2.088
18.332	6.097e-03	-2.741	2595	4.034	2.051
18.332	8.047e-03	-2.772	2578	4.053	2.004
18.332	1.060e-02	-2.826	2549	4.087	1.928
18.332	1.393e-02	-2.942	2483	4.157	1.778
18.332	1.817e-02	-3.174	2312	4.266	1.570
18.332	2.371e-02	-3.401	2124	4.346	1.431
18.332	3.117e-02	-3.620	1938	4.405	1.338
18.332	4.098e-02	-3.820	1772	4.450	1.270
18.332	5.386e-02	-4.023	1610	4.486	1.218
18.332	7.081e-02	-4.209	1471	4.515	1.178
18.332	9.307e-02	-4.385	1348	4.539	1.146
18.332	1.224e-01	-4.553	1238	4.560	1.118
18.332	1.608e-01	-4.715	1140	4.579	1.095
18.332	2.123e-01	-4.882	1046	4.595	1.074
18.332	2.779e-01	-5.046	959	4.609	1.057
18.332	3.668e-01	-5.216	876	4.622	1.041
18.332	4.802e-01	-5.378	803	4.633	1.028
18.332	6.339e-01	-5.535	738	4.643	1.016
18.332	8.298e-01	-5.682	682	4.652	1.006
18.332	1.095e+00	-5.832	629	4.661	0.996
18.332	1.434e+00	-5.974	582	4.668	0.987
18.332	1.882e+00	-6.122	536	4.676	0.979
18.332	2.473e+00	-6.251	500	4.683	0.971
18.332	3.226e+00	-6.378	466	4.689	0.964
18.332	4.259e+00	-6.497	437	4.696	0.957
18.332	5.565e+00	-6.598	414	4.702	0.950
18.332	7.259e+00	-6.719	388	4.709	0.943
18.332	9.600e+00	-6.852	361	4.715	0.936
18.856	1.033e-04	-1.598	2876	3.081	6.225
18.856	1.356e-04	-1.669	2888	3.159	5.691
18.856	1.776e-04	-1.740	2901	3.238	5.197
18.856	2.325e-04	-1.812	2914	3.318	4.741
18.856	3.052e-04	-1.890	2920	3.399	4.317
18.856	4.036e-04	-1.991	2888	3.481	3.929
18.856	5.304e-04	-2.087	2856	3.558	3.596
18.856	6.919e-04	-2.178	2825	3.630	3.308
18.856	8.994e-04	-2.267	2795	3.700	3.052
18.856	1.180e-03	-2.357	2763	3.771	2.814
18.856	1.551e-03	-2.445	2733	3.840	2.600
18.856	2.024e-03	-2.525	2706	3.902	2.421
18.856	2.656e-03	-2.593	2680	3.954	2.280
18.856	3.491e-03	-2.645	2653	3.988	2.191
18.856	4.553e-03	-2.675	2637	4.007	2.143
18.856	5.976e-03	-2.699	2625	4.023	2.105
18.856	7.854e-03	-2.732	2607	4.044	2.054
18.856	1.037e-02	-2.792	2574	4.083	1.965
18.856	1.357e-02	-2.926	2500	4.165	1.787
18.856	1.779e-02	-3.160	2330	4.277	1.571
18.856	2.332e-02	-3.377	2152	4.356	1.434
18.856	3.066e-02	-3.591	1968	4.415	1.341
18.856	4.029e-02	-3.786	1805	4.460	1.273
18.856	5.318e-02	-3.988	1642	4.497	1.219
18.856	6.962e-02	-4.169	1504	4.527	1.179
18.856	9.138e-02	-4.346	1378	4.551	1.146
18.856	1.201e-01	-4.513	1268	4.573	1.118
18.856	1.579e-01	-4.676	1167	4.592	1.094
18.856	2.075e-01	-4.838	1073	4.608	1.073
18.856	2.707e-01	-4.999	986	4.623	1.056
18.856	3.573e-01	-5.168	901	4.636	1.040
18.856	4.678e-01	-5.330	827	4.647	1.026
18.856	6.174e-01	-5.490	758	4.657	1.014
18.856	8.083e-01	-5.638	700	4.667	1.003
18.856	1.067e+00	-5.788	645	4.675	0.993
18.856	1.394e+00	-5.931	597	4.683	0.985
18.856	1.819e+00	-6.079	551	4.690	0.976
18.856	2.387e+00	-6.210	512	4.697	0.969
18.856	3.137e+00	-6.341	477	4.704	0.961
18.856	4.092e+00	-6.459	447	4.710	0.954
18.856	5.412e+00	-6.565	423	4.717	0.947
18.856	7.143e+00	-6.686	396	4.724	0.940
18.856	9.447e+00	-6.822	367	4.730	0.933
19.380	1.011e-04	-1.577	2882	3.075	6.354
19.380	1.328e-04	-1.649	2891	3.153	5.809
19.380	1.732e-04	-1.718	2904	3.230	5.315
19.380	2.287e-04	-1.792	2918	3.312	4.837
19.380	2.988e-04	-1.865	2930	3.392	4.412
19.380	3.898e-04	-1.958	2906	3.471	4.030
19.380	5.145e-04	-2.056	2874	3.550	3.680
19.380	6.735e-04	-2.150	2842	3.624	3.378
19.380	8.891e-04	-2.244	2810	3.698	3.101
19.380	1.164e-03	-2.334	2778	3.769	2.860
19.380	1.536e-03	-2.422	2748	3.838	2.640
19.380	2.011e-03	-2.501	2721	3.900	2.459
19.380	2.655e-03	-2.566	2697	3.950	2.321
19.380	3.475e-03	-2.609	2680	3.981	2.240
19.380	4.587e-03	-2.637	2665	3.999	2.194
19.380	5.995e-03	-2.661	2652	4.015	2.154
19.380	7.913e-03	-2.699	2632	4.039	2.094
19.380	1.042e-02	-2.773	2591	4.087	1.983
19.380	1.370e-02	-2.944	2494	4.192	1.757
19.380	1.723e-02	-3.132	2360	4.283	1.583
19.380	2.264e-02	-3.339	2192	4.362	1.444
19.380	2.972e-02	-3.550	2008	4.421	1.349
19.380	3.906e-02	-3.743	1846	4.468	1.279
19.380	5.135e-02	-3.934	1690	4.505	1.225
19.380	6.749e-02	-4.121	1544	4.536	1.182
19.380	8.873e-02	-4.300	1414	4.562	1.148
19.380	1.166e-01	-4.465	1302	4.584	1.119
19.380	1.533e-01	-4.629	1198	4.603	1.094
19.380	2.015e-01	-4.790	1103	4.620	1.073
19.380	2.629e-01	-4.950	1015	4.635	1.055
19.380	3.470e-01	-5.118	928	4.649	1.038
19.380	4.570e-01	-5.284	850	4.661	1.024
19.380	6.007e-01	-5.445	779	4.671	1.012
19.380	7.898e-01	-5.597	718	4.681	1.001
19.380	1.038e+00	-5.745	662	4.689	0.991
19.380	1.365e+00	-5.892	612	4.697	0.982
19.380	1.787e+00	-6.042	563	4.705	0.973
19.380	2.340e+00	-6.176	524	4.712	0.966
19.380	3.088e+00	-6.310	487	4.719	0.958
19.380	4.036e+00	-6.431	456	4.725	0.951
19.380	5.327e+00	-6.538	430	4.732	0.944
19.380	7.017e+00	-6.655	403	4.738	0.937
19.380	9.280e+00	-6.792	374	4.745	0.930
19.904	1.044e-04	-1.571	2889	3.085	6.367
19.904	1.367e-04	-1.643	2897	3.162	5.829
19.904	1.780e-04	-1.711	2910	3.238	5.338
19.904	2.350e-04	-1.785	2924	3.320	4.859
19.904	3.070e-04	-1.857	2937	3.400	4.433
19.904	4.005e-04	-1.947	2917	3.479	4.048
19.904	5.286e-04	-2.046	2884	3.558	3.695
19.904	6.921e-04	-2.140	2853	3.632	3.392
19.904	9.083e-04	-2.232	2820	3.705	3.119
19.904	1.194e-03	-2.323	2789	3.776	2.874
19.904	1.557e-03	-2.407	2761	3.842	2.663
19.904	2.024e-03	-2.481	2735	3.900	2.491
19.904	2.657e-03	-2.541	2713	3.946	2.363
19.904	3.492e-03	-2.577	2700	3.974	2.289
19.904	4.555e-03	-2.599	2691	3.990	2.246
19.904	6.012e-03	-2.625	2678	4.008	2.202
19.904	7.919e-03	-2.668	2655	4.035	2.132
19.904	1.041e-02	-2.758	2606	4.093	1.995
19.904	1.315e-02	-2.919	2517	4.194	1.777
19.904	1.740e-02	-3.136	2363	4.301	1.571
19.904	2.287e-02	-3.333	2203	4.377	1.439
19.904	3.006e-02	-3.538	2024	4.435	1.346
19.904	3.952e-02	-3.728	1864	4.481	1.277
19.904	5.194e-02	-3.915	1710	4.519	1.222
19.904	6.775e-02	-4.096	1568	4.549	1.181
19.904	8.944e-02	-4.277	1434	4.575	1.146
19.904	1.171e-01	-4.438	1324	4.597	1.117
19.904	1.524e-01	-4.597	1222	4.616	1.093
19.904	2.012e-01	-4.759	1124	4.634	1.071
19.904	2.630e-01	-4.918	1034	4.649	1.052
19.904	3.457e-01	-5.084	948	4.663	1.036
19.904	4.544e-01	-5.248	869	4.675	1.021
19.904	5.964e-01	-5.412	795	4.685	1.009
19.904	7.839e-01	-5.564	733	4.695	0.998
19.904	1.022e+00	-5.709	677	4.703	0.988
19.904	1.342e+00	-5.855	626	4.712	0.979
19.904	1.757e+00	-6.003	577	4.719	0.970
19.904	2.296e+00	-6.142	535	4.726	0.963
19.904	3.019e+00	-6.278	496	4.733	0.955
19.904	3.954e+00	-6.400	464	4.739	0.948
19.904	5.176e+00	-6.509	438	4.746	0.941
19.904	6.740e+00	-6.615	413	4.752	0.935
19.904	8.896e+00	-6.747	385	4.758	0.927
20.428	1.034e-04	-1.554	2895	3.083	6.467
20.428	1.351e-04	-1.626	2901	3.159	5.927
20.428	1.776e-04	-1.697	2914	3.237	5.413
20.428	2.334e-04	-1.769	2927	3.317	4.936
20.428	3.069e-04	-1.842	2941	3.399	4.495
20.428	4.033e-04	-1.930	2930	3.480	4.092
20.428	5.261e-04	-2.025	2898	3.557	3.748
20.428	6.944e-04	-2.122	2865	3.634	3.430
20.428	9.090e-04	-2.214	2834	3.706	3.155
20.428	1.200e-03	-2.306	2802	3.778	2.903
20.428	1.571e-03	-2.390	2773	3.845	2.690
20.428	2.074e-03	-2.466	2747	3.904	2.514
20.428	2.714e-03	-2.518	2728	3.944	2.399
20.428	3.583e-03	-2.548	2717	3.968	2.335
20.428	4.682e-03	-2.569	2710	3.983	2.294
20.428	6.107e-03	-2.594	2700	4.002	2.245
20.428	8.062e-03	-2.644	2674	4.036	2.159
20.428	1.062e-02	-2.764	2609	4.113	1.976
20.428	1.396e-02	-2.969	2490	4.237	1.713
20.428	1.835e-02	-3.168	2343	4.330	1.539
20.428	2.412e-02	-3.357	2188	4.400	1.419
20.428	3.146e-02	-3.548	2021	4.454	1.334
20.428	4.090e-02	-3.727	1870	4.497	1.270
20.428	5.368e-02	-3.912	1717	4.534	1.217
20.428	7.054e-02	-4.095	1573	4.565	1.174
20.428	9.330e-02	-4.275	1440	4.591	1.140
20.428	1.227e-01	-4.438	1328	4.613	1.111
20.428	1.612e-01	-4.601	1222	4.632	1.086
20.428	2.120e-01	-4.760	1126	4.650	1.065
20.428	2.786e-01	-4.923	1035	4.665	1.046
20.428	3.677e-01	-5.090	947	4.679	1.030
20.428	4.814e-01	-5.252	869	4.691	1.016
20.428	6.318e-01	-5.416	796	4.701	1.003
20.428	8.304e-01	-5.567	733	4.711	0.992
20.428	1.083e+00	-5.712	678	4.719	0.983
20.428	1.422e+00	-5.859	626	4.728	0.974
20.428	1.868e+00	-6.009	576	4.735	0.965
20.428	2.437e+00	-6.147	535	4.742	0.958
20.428	3.217e+00	-6.286	495	4.749	0.950
20.428	4.211e+00	-6.407	464	4.755	0.943
20.428	5.559e+00	-6.516	437	4.762	0.936
20.428	7.322e+00	-6.631	411	4.768	0.929
20.428	9.684e+00	-6.765	382	4.775	0.922
20.951	1.009e-04	-1.533	2901	3.077	6.597
20.951	1.321e-04	-1.606	2905	3.153	6.045
20.951	1.729e-04	-1.676	2917	3.230	5.532
20.951	2.282e-04	-1.749	2930	3.311	5.039
20.951	2.988e-04	-1.821	2943	3.390	4.597
20.951	3.921e-04	-1.901	2946	3.472	4.186
20.951	5.154e-04	-2.000	2914	3.551	3.821
20.951	6.776e-04	-2.096	2881	3.628	3.498
20.951	8.906e-04	-2.189	2849	3.702	3.212
20.951	1.162e-03	-2.278	2818	3.771	2.966
20.951	1.533e-03	-2.364	2789	3.839	2.741
20.951	2.004e-03	-2.436	2764	3.896	2.569
20.951	2.614e-03	-2.486	2746	3.935	2.456
20.951	3.450e-03	-2.516	2735	3.958	2.393
20.951	4.509e-03	-2.535	2728	3.973	2.351
20.951	5.951e-03	-2.562	2719	3.993	2.297
20.951	7.791e-03	-2.609	2699	4.028	2.206
20.951	1.028e-02	-2.742	2628	4.114	1.998
20.951	1.346e-02	-2.940	2515	4.236	1.737
20.951	1.767e-02	-3.129	2381	4.329	1.560
20.951	2.322e-02	-3.311	2234	4.401	1.436
20.951	3.071e-02	-3.510	2060	4.459	1.343
20.951	4.038e-02	-3.694	1903	4.505	1.274
20.951	5.307e-02	-3.876	1751	4.543	1.219
20.951	7.019e-02	-4.063	1602	4.575	1.175
20.951	9.265e-02	-4.242	1468	4.602	1.139
20.951	1.213e-01	-4.403	1355	4.624	1.111
20.951	1.601e-01	-4.568	1246	4.644	1.085
20.951	2.096e-01	-4.724	1151	4.662	1.064
20.951	2.772e-01	-4.890	1056	4.678	1.044
20.951	3.644e-01	-5.054	969	4.692	1.027
20.951	4.789e-01	-5.219	887	4.704	1.013
20.951	6.297e-01	-5.385	811	4.715	1.001
20.951	8.276e-01	-5.538	747	4.725	0.989
20.951	1.088e+00	-5.687	689	4.734	0.979
20.951	1.425e+00	-5.834	636	4.742	0.970
20.951	1.865e+00	-5.981	587	4.749	0.962
20.951	2.467e+00	-6.129	541	4.756	0.954
20.951	3.244e+00	-6.268	502	4.763	0.946
20.951	4.247e+00	-6.389	469	4.769	0.940
20.951	5.595e+00	-6.500	442	4.776	0.933
20.951	7.399e+00	-6.615	415	4.782	0.926
20.951	9.725e+00	-6.744	387	4.789	0.919
23.046	1.041e-04	-1.489	2924	3.088	6.832
23.046	1.366e-04	-1.562	2929	3.164	6.260
23.046	1.796e-04	-1.636	2934	3.241	5.727
23.046	2.342e-04	-1.705	2947	3.317	5.244
23.046	3.091e-04	-1.778	2960	3.399	4.776
23.046	4.040e-04	-1.850	2973	3.478	4.359
23.046	5.269e-04	-1.936	2961	3.557	3.980
23.046	6.956e-04	-2.035	2928	3.636	3.633
23.046	9.106e-04	-2.128	2895	3.710	3.337
23.046	1.202e-03	-2.219	2864	3.782	3.071
23.046	1.573e-03	-2.297	2838	3.844	2.860
23.046	2.077e-03	-2.356	2817	3.891	2.711
23.046	2.714e-03	-2.388	2806	3.916	2.634
23.046	3.540e-03	-2.407	2799	3.931	2.589
23.046	4.610e-03	-2.429	2792	3.947	2.539
23.046	5.993e-03	-2.465	2779	3.975	2.459
23.046	7.910e-03	-2.553	2747	4.044	2.272
23.046	1.001e-02	-2.724	2662	4.160	1.987
23.046	1.315e-02	-2.898	2565	4.269	1.753
23.046	1.726e-02	-3.056	2462	4.356	1.586
23.046	2.268e-02	-3.225	2328	4.428	1.460
23.046	2.982e-02	-3.399	2180	4.488	1.363
23.046	3.920e-02	-3.574	2027	4.537	1.288
23.046	5.174e-02	-3.754	1872	4.578	1.228
23.046	6.773e-02	-3.932	1723	4.612	1.181
23.046	8.941e-02	-4.107	1585	4.642	1.141
23.046	1.170e-01	-4.273	1461	4.666	1.110
23.046	1.536e-01	-4.433	1349	4.688	1.083
23.046	2.019e-01	-4.593	1244	4.707	1.059
23.046	2.633e-01	-4.747	1149	4.723	1.039
23.046	3.476e-01	-4.911	1055	4.739	1.021
23.046	4.579e-01	-5.075	967	4.753	1.005
23.046	6.018e-01	-5.245	883	4.765	0.991
23.046	7.944e-01	-5.409	809	4.775	0.979
23.046	1.040e+00	-5.559	746	4.785	0.968
23.046	1.365e+00	-5.709	688	4.793	0.959
23.046	1.794e+00	-5.858	634	4.801	0.950
23.046	2.340e+00	-6.004	585	4.808	0.942
23.046	3.089e+00	-6.149	541	4.815	0.935
23.046	4.043e+00	-6.284	502	4.822	0.928
23.046	5.347e+00	-6.413	468	4.828	0.921
23.046	7.030e+00	-6.518	442	4.835	0.914
23.046	9.298e+00	-6.639	414	4.841	0.908
25.142	1.038e-04	-1.441	2945	3.090	7.115
25.142	1.358e-04	-1.512	2950	3.164	6.534
25.142	1.793e-04	-1.587	2954	3.242	5.975
25.142	2.347e-04	-1.659	2961	3.318	5.472
25.142	3.099e-04	-1.732	2975	3.398	4.990
25.142	4.056e-04	-1.803	2988	3.477	4.556
25.142	5.324e-04	-1.877	3000	3.558	4.152
25.142	6.972e-04	-1.971	2974	3.637	3.791
25.142	9.127e-04	-2.065	2941	3.712	3.478
25.142	1.198e-03	-2.152	2911	3.782	3.210
25.142	1.569e-03	-2.223	2887	3.838	3.007
25.142	2.054e-03	-2.268	2872	3.874	2.887
25.142	2.711e-03	-2.292	2864	3.892	2.825
25.142	3.542e-03	-2.311	2857	3.907	2.778
25.142	4.676e-03	-2.340	2847	3.930	2.704
25.142	6.121e-03	-2.400	2825	3.978	2.562
25.142	7.795e-03	-2.539	2776	4.085	2.262
25.142	1.014e-02	-2.714	2691	4.206	1.969
25.142	1.328e-02	-2.865	2607	4.302	1.762
25.142	1.743e-02	-3.008	2518	4.385	1.602
25.142	2.291e-02	-3.161	2402	4.456	1.477
25.142	3.024e-02	-3.316	2276	4.518	1.375
25.142	3.959e-02	-3.488	2122	4.568	1.297
25.142	5.225e-02	-3.661	1971	4.613	1.233
25.142	6.841e-02	-3.829	1828	4.649	1.182
25.142	9.047e-02	-4.007	1680	4.681	1.140
25.142	1.189e-01	-4.179	1545	4.707	1.105
25.142	1.558e-01	-4.337	1429	4.730	1.077
25.142	2.039e-01	-4.496	1320	4.750	1.052
25.142	2.692e-01	-4.656	1216	4.769	1.030
25.142	3.523e-01	-4.815	1120	4.785	1.011
25.142	4.651e-01	-4.980	1027	4.799	0.995
25.142	6.078e-01	-5.142	942	4.812	0.981
25.142	7.991e-01	-5.310	861	4.823	0.968
25.142	1.050e+00	-5.465	792	4.833	0.957
25.142	1.381e+00	-5.617	729	4.842	0.947
25.142	1.815e+00	-5.769	672	4.850	0.938
25.142	2.386e+00	-5.920	618	4.858	0.930
25.142	3.136e+00	-6.067	571	4.865	0.922
25.142	4.140e+00	-6.215	526	4.872	0.915
25.142	5.453e+00	-6.346	489	4.878	0.908
25.142	7.167e+00	-6.460	460	4.884	0.902
25.142	9.460e+00	-6.576	432	4.890	0.895
27.237	1.006e-04	-1.391	2965	3.087	7.437
27.237	1.323e-04	-1.462	2969	3.160	6.834
27.237	1.739e-04	-1.535	2973	3.235	6.266
27.237	2.268e-04	-1.607	2977	3.310	5.752
27.237	2.994e-04	-1.680	2987	3.388	5.254
27.237	3.919e-04	-1.750	3000	3.466	4.803
27.237	5.174e-04	-1.824	3012	3.548	4.373
27.237	6.773e-04	-1.899	3021	3.627	3.990
27.237	8.940e-04	-1.997	2987	3.706	3.644
27.237	1.170e-03	-2.083	2958	3.774	3.368
27.237	1.536e-03	-2.148	2936	3.826	3.173
27.237	2.012e-03	-2.183	2924	3.855	3.071
27.237	2.633e-03	-2.203	2917	3.870	3.017
27.237	3.456e-03	-2.223	2910	3.887	2.960
27.237	4.542e-03	-2.260	2897	3.916	2.862
27.237	5.996e-03	-2.356	2864	3.991	2.625
27.237	7.620e-03	-2.514	2808	4.115	2.276
27.237	9.942e-03	-2.670	2737	4.226	2.002
27.237	1.307e-02	-2.815	2658	4.320	1.797
27.237	1.718e-02	-2.948	2580	4.401	1.637
27.237	2.250e-02	-3.084	2484	4.472	1.509
27.237	2.945e-02	-3.226	2371	4.534	1.405
27.237	3.887e-02	-3.390	2230	4.590	1.316
27.237	5.089e-02	-3.551	2087	4.637	1.248
27.237	6.717e-02	-3.721	1937	4.677	1.191
27.237	8.794e-02	-3.894	1788	4.711	1.146
27.237	1.161e-01	-4.062	1652	4.741	1.107
27.237	1.535e-01	-4.233	1519	4.766	1.075
27.237	2.010e-01	-4.392	1403	4.788	1.049
27.237	2.658e-01	-4.556	1291	4.808	1.025
27.237	3.467e-01	-4.709	1194	4.824	1.006
27.237	4.576e-01	-4.873	1096	4.840	0.988
27.237	5.990e-01	-5.032	1008	4.854	0.972
27.237	7.907e-01	-5.203	920	4.866	0.959
27.237	1.035e+00	-5.361	845	4.876	0.947
27.237	1.366e+00	-5.519	776	4.886	0.937
27.237	1.786e+00	-5.670	715	4.895	0.927
27.237	2.348e+00	-5.821	658	4.903	0.919
27.237	3.085e+00	-5.973	606	4.910	0.911
27.237	4.057e+00	-6.124	558	4.917	0.904
27.237	5.332e+00	-6.262	517	4.923	0.897
27.237	7.038e+00	-6.393	481	4.930	0.891
27.237	9.271e+00	-6.503	453	4.936	0.885
29.332	1.018e-04	-1.354	2988	3.095	7.644
29.332	1.344e-04	-1.427	2987	3.168	7.029
29.332	1.759e-04	-1.497	2992	3.241	6.461
29.332	2.322e-04	-1.572	2996	3.318	5.913
29.332	3.040e-04	-1.645	3001	3.393	5.420
29.332	4.013e-04	-1.717	3013	3.473	4.947
29.332	5.244e-04	-1.787	3026	3.550	4.524
29.332	6.840e-04	-1.858	3037	3.628	4.137
29.332	9.029e-04	-1.943	3028	3.707	3.777
29.332	1.189e-03	-2.026	2999	3.774	3.497
29.332	1.563e-03	-2.080	2981	3.818	3.326
29.332	2.055e-03	-2.107	2972	3.839	3.246
29.332	2.691e-03	-2.125	2966	3.853	3.192
29.332	3.545e-03	-2.152	2956	3.875	3.114
29.332	4.659e-03	-2.208	2937	3.919	2.959
29.332	6.053e-03	-2.356	2885	4.036	2.585
29.332	7.619e-03	-2.494	2836	4.145	2.282
29.332	9.974e-03	-2.636	2777	4.250	2.023
29.332	1.309e-02	-2.773	2702	4.339	1.824
29.332	1.714e-02	-2.896	2634	4.418	1.666
29.332	2.240e-02	-3.022	2550	4.488	1.537
29.332	2.957e-02	-3.162	2443	4.554	1.425
29.332	3.871e-02	-3.302	2330	4.611	1.335
29.332	5.120e-02	-3.470	2177	4.662	1.259
29.332	6.731e-02	-3.631	2034	4.705	1.198
29.332	8.847e-02	-3.797	1889	4.741	1.148
29.332	1.168e-01	-3.970	1741	4.773	1.107
29.332	1.538e-01	-4.143	1601	4.800	1.073
29.332	2.022e-01	-4.306	1477	4.824	1.044
29.332	2.669e-01	-4.470	1361	4.844	1.020
29.332	3.494e-01	-4.623	1259	4.862	0.999
29.332	4.549e-01	-4.777	1163	4.878	0.981
29.332	6.005e-01	-4.940	1067	4.893	0.964
29.332	7.910e-01	-5.107	977	4.906	0.950
29.332	1.040e+00	-5.272	894	4.917	0.938
29.332	1.356e+00	-5.426	823	4.927	0.927
29.332	1.790e+00	-5.585	755	4.937	0.917
29.332	2.343e+00	-5.737	695	4.945	0.908
29.332	3.075e+00	-5.889	640	4.953	0.900
29.332	4.042e+00	-6.037	590	4.960	0.893
29.332	5.335e+00	-6.191	542	4.966	0.886
29.332	6.984e+00	-6.326	503	4.972	0.880
29.332	9.219e+00	-6.443	472	4.978	0.874
31.427	1.005e-04	-1.313	3010	3.097	7.892
31.427	1.327e-04	-1.387	3007	3.169	7.266
31.427	1.737e-04	-1.457	3009	3.240	6.692
31.427	2.293e-04	-1.530	3013	3.316	6.132
31.427	2.997e-04	-1.603	3017	3.391	5.629
31.427	3.909e-04	-1.673	3024	3.465	5.164
31.427	5.130e-04	-1.744	3036	3.543	4.721
31.427	6.743e-04	-1.816	3048	3.622	4.311
31.427	8.795e-04	-1.884	3060	3.697	3.956
31.427	1.161e-03	-1.961	3042	3.763	3.664
31.427	1.529e-03	-2.010	3026	3.803	3.502
31.427	2.010e-03	-2.033	3018	3.821	3.428
31.427	2.622e-03	-2.052	3011	3.836	3.369
31.427	3.467e-03	-2.084	3000	3.862	3.270
31.427	4.558e-03	-2.160	2974	3.923	3.049
31.427	5.772e-03	-2.313	2921	4.045	2.651
31.427	7.375e-03	-2.452	2871	4.154	2.337
31.427	9.735e-03	-2.587	2821	4.259	2.072
31.427	1.274e-02	-2.717	2754	4.347	1.872
31.427	1.673e-02	-2.839	2686	4.426	1.709
31.427	2.190e-02	-2.959	2613	4.497	1.574
31.427	2.868e-02	-3.084	2524	4.562	1.460
31.427	3.764e-02	-3.219	2417	4.622	1.363
31.427	4.946e-02	-3.370	2286	4.676	1.281
31.427	6.542e-02	-3.531	2141	4.724	1.213
31.427	8.601e-02	-3.695	1994	4.764	1.158
31.427	1.130e-01	-3.866	1843	4.798	1.113
31.427	1.474e-01	-4.025	1710	4.827	1.077
31.427	1.946e-01	-4.196	1573	4.853	1.046
31.427	2.548e-01	-4.358	1451	4.875	1.020
31.427	3.344e-01	-4.516	1340	4.894	0.997
31.427	4.379e-01	-4.670	1239	4.911	0.977
31.427	5.723e-01	-4.826	1142	4.927	0.960
31.427	7.524e-01	-4.988	1049	4.941	0.945
31.427	9.889e-01	-5.154	960	4.953	0.931
31.427	1.300e+00	-5.315	881	4.964	0.919
31.427	1.709e+00	-5.475	808	4.974	0.909
31.427	2.247e+00	-5.633	741	4.983	0.900
31.427	2.953e+00	-5.787	682	4.991	0.891
31.427	3.851e+00	-5.936	628	4.998	0.884
31.427	5.055e+00	-6.095	576	5.005	0.877
31.427	6.620e+00	-6.233	534	5.011	0.871
31.427	8.666e+00	-6.361	497	5.017	0.865
34.570	1.041e-04	-1.268	3047	3.114	8.113
34.570	1.368e-04	-1.343	3037	3.184	7.491
34.570	1.798e-04	-1.415	3034	3.255	6.903
34.570	2.363e-04	-1.486	3038	3.328	6.346
34.570	3.107e-04	-1.559	3042	3.403	5.820
34.570	4.069e-04	-1.632	3045	3.478	5.339
34.570	5.317e-04	-1.702	3054	3.553	4.896
34.570	6.991e-04	-1.773	3066	3.630	4.480
34.570	9.155e-04	-1.838	3077	3.702	4.126
34.570	1.199e-03	-1.887	3086	3.756	3.876
34.570	1.573e-03	-1.916	3087	3.785	3.749
34.570	2.067e-03	-1.935	3080	3.801	3.681
34.570	2.697e-03	-1.959	3072	3.820	3.600
34.570	3.566e-03	-2.010	3055	3.861	3.434
34.570	4.642e-03	-2.151	3006	3.974	3.014
34.570	5.947e-03	-2.301	2954	4.094	2.626
34.570	7.819e-03	-2.439	2905	4.203	2.317
34.570	1.024e-02	-2.558	2863	4.296	2.081
34.570	1.340e-02	-2.677	2806	4.381	1.888
34.570	1.759e-02	-2.795	2740	4.458	1.728
34.570	2.312e-02	-2.908	2677	4.529	1.591
34.570	3.052e-02	-3.029	2594	4.597	1.472
34.570	4.021e-02	-3.162	2491	4.658	1.372
34.570	5.284e-02	-3.295	2382	4.714	1.286
34.570	6.975e-02	-3.457	2234	4.764	1.215
34.570	9.131e-02	-3.611	2094	4.806	1.157
34.570	1.198e-01	-3.772	1949	4.842	1.110
34.570	1.575e-01	-3.942	1800	4.874	1.070
34.570	2.079e-01	-4.112	1659	4.902	1.036
34.570	2.739e-01	-4.282	1524	4.926	1.008
34.570	3.600e-01	-4.443	1407	4.946	0.984
34.570	4.695e-01	-4.592	1304	4.964	0.964
34.570	6.162e-01	-4.749	1202	4.981	0.946
34.570	8.099e-01	-4.909	1106	4.996	0.930
34.570	1.069e+00	-5.078	1011	5.009	0.916
34.570	1.399e+00	-5.239	928	5.020	0.904
34.570	1.822e+00	-5.396	853	5.030	0.894
34.570	2.405e+00	-5.559	781	5.040	0.884
34.570	3.143e+00	-5.712	718	5.048	0.876
34.570	4.133e+00	-5.868	659	5.056	0.868
34.570	5.432e+00	-6.023	605	5.063	0.861
34.570	7.170e+00	-6.173	557	5.069	0.855
34.570	9.445e+00	-6.313	516	5.075	0.849
36.665	1.043e-04	-1.234	3073	3.121	8.292
36.665	1.366e-04	-1.310	3057	3.188	7.673
36.665	1.789e-04	-1.382	3053	3.258	7.086
36.665	2.361e-04	-1.455	3053	3.330	6.516
36.665	3.091e-04	-1.525	3057	3.403	5.992
36.665	4.056e-04	-1.598	3061	3.478	5.496
36.665	5.331e-04	-1.672	3065	3.554	5.036
36.665	6.954e-04	-1.739	3076	3.628	4.628
36.665	9.179e-04	-1.803	3087	3.698	4.269
36.665	1.209e-03	-1.848	3095	3.747	4.034
36.665	1.589e-03	-1.869	3099	3.771	3.925
36.665	2.073e-03	-1.883	3102	3.786	3.854
36.665	2.736e-03	-1.906	3105	3.811	3.748
36.665	3.582e-03	-1.969	3088	3.864	3.525
36.665	4.667e-03	-2.138	3029	4.000	3.015
36.665	6.022e-03	-2.282	2979	4.115	2.639
36.665	7.855e-03	-2.411	2933	4.217	2.349
36.665	1.021e-02	-2.523	2894	4.306	2.120
36.665	1.340e-02	-2.635	2849	4.390	1.923
36.665	1.762e-02	-2.753	2783	4.468	1.759
36.665	2.316e-02	-2.864	2721	4.540	1.619
36.665	3.033e-02	-2.977	2649	4.606	1.500
36.665	3.943e-02	-3.096	2561	4.667	1.399
36.665	5.152e-02	-3.224	2459	4.723	1.311
36.665	6.774e-02	-3.370	2330	4.776	1.234
36.665	8.903e-02	-3.524	2189	4.821	1.171
36.665	1.175e-01	-3.687	2039	4.862	1.118
36.665	1.539e-01	-3.852	1891	4.896	1.075
36.665	2.031e-01	-4.020	1747	4.926	1.038
36.665	2.659e-01	-4.186	1611	4.951	1.009
36.665	3.509e-01	-4.355	1481	4.973	0.983
36.665	4.594e-01	-4.509	1370	4.993	0.961
36.665	6.030e-01	-4.663	1266	5.010	0.942
36.665	7.925e-01	-4.823	1166	5.026	0.925
36.665	1.042e+00	-4.987	1069	5.040	0.910
36.665	1.369e+00	-5.151	980	5.052	0.898
36.665	1.800e+00	-5.314	898	5.063	0.886
36.665	2.366e+00	-5.476	823	5.073	0.876
36.665	3.111e+00	-5.636	754	5.082	0.868
36.665	4.089e+00	-5.793	692	5.090	0.860
36.665	5.333e+00	-5.942	638	5.097	0.853
36.665	7.040e+00	-6.098	585	5.103	0.846
36.665	9.216e+00	-6.240	541	5.109	0.840
39.807	1.011e-04	-1.178	3112	3.122	8.626
39.807	1.329e-04	-1.254	3095	3.190	7.985
39.807	1.747e-04	-1.331	3081	3.258	7.379
39.807	2.296e-04	-1.404	3077	3.328	6.805
39.807	3.018e-04	-1.475	3078	3.400	6.264
39.807	3.937e-04	-1.545	3082	3.472	5.767
39.807	5.196e-04	-1.619	3085	3.548	5.284
39.807	6.802e-04	-1.688	3090	3.620	4.863
39.807	8.928e-04	-1.747	3100	3.685	4.515
39.807	1.173e-03	-1.786	3107	3.727	4.299
39.807	1.531e-03	-1.804	3110	3.748	4.200
39.807	2.009e-03	-1.819	3113	3.764	4.122
39.807	2.640e-03	-1.842	3118	3.790	3.999
39.807	3.471e-03	-1.902	3130	3.857	3.702
39.807	4.542e-03	-2.082	3075	4.006	3.119
39.807	5.964e-03	-2.232	3023	4.127	2.715
39.807	7.839e-03	-2.361	2977	4.228	2.414
39.807	1.031e-02	-2.475	2939	4.320	2.174
39.807	1.350e-02	-2.579	2903	4.403	1.975
39.807	1.764e-02	-2.691	2845	4.480	1.808
39.807	2.319e-02	-2.802	2783	4.553	1.662
39.807	3.048e-02	-2.909	2722	4.621	1.536
39.807	4.023e-02	-3.028	2640	4.687	1.424
39.807	5.266e-02	-3.155	2539	4.746	1.331
39.807	6.912e-02	-3.281	2436	4.801	1.249
39.807	9.084e-02	-3.438	2290	4.850	1.181
39.807	1.199e-01	-3.593	2148	4.893	1.123
39.807	1.570e-01	-3.751	2003	4.930	1.076
39.807	2.072e-01	-3.922	1849	4.963	1.037
39.807	2.708e-01	-4.083	1712	4.990	1.004
39.807	3.560e-01	-4.258	1570	5.014	0.977
39.807	4.679e-01	-4.418	1449	5.035	0.954
39.807	6.152e-01	-4.572	1341	5.054	0.934
39.807	8.056e-01	-4.728	1237	5.070	0.916
39.807	1.055e+00	-4.886	1139	5.085	0.901
39.807	1.392e+00	-5.055	1042	5.098	0.887
39.807	1.822e+00	-5.216	956	5.110	0.875
39.807	2.392e+00	-5.378	876	5.120	0.865
39.807	3.144e+00	-5.542	801	5.130	0.855
39.807	4.101e+00	-5.697	737	5.138	0.847
39.807	5.413e+00	-5.856	675	5.146	0.840
39.807	7.086e+00	-6.008	621	5.152	0.833
39.807	9.300e+00	-6.159	571	5.159	0.827
41.903	1.045e-04	-1.156	3137	3.137	8.708
41.903	1.373e-04	-1.233	3117	3.203	8.067
41.903	1.805e-04	-1.311	3100	3.271	7.459
41.903	2.364e-04	-1.383	3093	3.340	6.893
41.903	3.095e-04	-1.454	3092	3.410	6.359
41.903	4.085e-04	-1.526	3096	3.484	5.837
41.903	5.347e-04	-1.597	3098	3.557	5.368
41.903	6.963e-04	-1.665	3101	3.625	4.961
41.903	9.191e-04	-1.720	3109	3.685	4.631
41.903	1.203e-03	-1.751	3115	3.719	4.453
41.903	1.579e-03	-1.767	3117	3.737	4.364
41.903	2.068e-03	-1.782	3120	3.754	4.278
41.903	2.724e-03	-1.811	3127	3.786	4.120
41.903	3.580e-03	-1.899	3145	3.884	3.682
41.903	4.422e-03	-2.039	3107	4.003	3.213
41.903	5.804e-03	-2.188	3055	4.123	2.796
41.903	7.628e-03	-2.317	3010	4.226	2.485
41.903	9.950e-03	-2.427	2972	4.315	2.243
41.903	1.313e-02	-2.535	2936	4.400	2.032
41.903	1.719e-02	-2.640	2891	4.479	1.857
41.903	2.257e-02	-2.751	2830	4.553	1.705
41.903	2.955e-02	-2.857	2770	4.622	1.575
41.903	3.862e-02	-2.966	2701	4.686	1.462
41.903	5.077e-02	-3.087	2611	4.748	1.361
41.903	6.673e-02	-3.213	2509	4.806	1.275
41.903	8.774e-02	-3.356	2382	4.858	1.200
41.903	1.153e-01	-3.508	2241	4.904	1.138
41.903	1.522e-01	-3.669	2091	4.945	1.086
41.903	2.005e-01	-3.834	1940	4.980	1.043
41.903	2.635e-01	-4.001	1794	5.010	1.007
41.903	3.478e-01	-4.173	1649	5.036	0.977
41.903	4.582e-01	-4.341	1517	5.059	0.952
41.903	6.000e-01	-4.496	1403	5.078	0.931
41.903	7.855e-01	-4.649	1297	5.096	0.913
41.903	1.031e+00	-4.808	1194	5.111	0.896
41.903	1.355e+00	-4.972	1095	5.126	0.882
41.903	1.781e+00	-5.137	1004	5.138	0.869
41.903	2.341e+00	-5.299	920	5.149	0.858
41.903	3.054e+00	-5.459	844	5.159	0.849
41.903	4.031e+00	-5.624	771	5.168	0.840
41.903	5.277e+00	-5.781	708	5.175	0.833
41.903	6.966e+00	-5.939	649	5.183	0.826
41.903	9.119e+00	-6.090	597	5.189	0.820
45.045	1.003e-04	-1.094	3190	3.136	9.037
45.045	1.314e-04	-1.179	3154	3.200	8.388
45.045	1.720e-04	-1.255	3136	3.266	7.778
45.045	2.270e-04	-1.333	3119	3.335	7.183
45.045	2.967e-04	-1.404	3114	3.403	6.640
45.045	3.870e-04	-1.473	3114	3.473	6.132
45.045	5.079e-04	-1.543	3117	3.544	5.645
45.045	6.651e-04	-1.610	3120	3.613	5.219
45.045	8.706e-04	-1.664	3121	3.668	4.899
45.045	1.143e-03	-1.694	3125	3.699	4.723
45.045	1.502e-03	-1.709	3127	3.716	4.633
45.045	1.959e-03	-1.725	3130	3.733	4.542
45.045	2.586e-03	-1.755	3136	3.767	4.368
45.045	3.385e-03	-1.845	3156	3.868	3.891
45.045	4.262e-03	-1.977	3152	3.997	3.352
45.045	5.626e-03	-2.130	3100	4.121	2.906
45.045	7.352e-03	-2.255	3056	4.222	2.589
45.045	9.589e-03	-2.366	3018	4.311	2.336
45.045	1.266e-02	-2.473	2983	4.397	2.115
45.045	1.657e-02	-2.572	2948	4.476	1.931
45.045	2.175e-02	-2.679	2895	4.552	1.769
45.045	2.858e-02	-2.787	2835	4.623	1.630
45.045	3.728e-02	-2.889	2776	4.689	1.511
45.045	4.894e-02	-3.002	2700	4.753	1.403
45.045	6.408e-02	-3.123	2606	4.813	1.310
45.045	8.389e-02	-3.246	2506	4.868	1.230
45.045	1.101e-01	-3.398	2364	4.918	1.161
45.045	1.447e-01	-3.546	2226	4.962	1.103
45.045	1.888e-01	-3.701	2081	5.000	1.056
45.045	2.492e-01	-3.869	1927	5.035	1.015
45.045	3.262e-01	-4.033	1783	5.063	0.982
45.045	4.281e-01	-4.203	1640	5.088	0.954
45.045	5.626e-01	-4.367	1511	5.110	0.931
45.045	7.397e-01	-4.523	1396	5.129	0.910
45.045	9.722e-01	-4.681	1288	5.147	0.892
45.045	1.278e+00	-4.842	1184	5.162	0.877
45.045	1.680e+00	-5.007	1086	5.176	0.863
45.045	2.209e+00	-5.170	995	5.188	0.851
45.045	2.903e+00	-5.334	911	5.199	0.841
45.045	3.832e+00	-5.504	831	5.208	0.831
45.045	5.008e+00	-5.662	762	5.217	0.823
45.045	6.584e+00	-5.821	699	5.224	0.816
45.045	8.622e+00	-5.972	643	5.231	0.810
47.140	1.033e-04	-1.073	3217	3.148	9.111
47.140	1.356e-04	-1.160	3176	3.213	8.453
47.140	1.782e-04	-1.238	3154	3.280	7.833
47.140	2.343e-04	-1.315	3137	3.347	7.246
47.140	3.068e-04	-1.388	3129	3.415	6.700
47.140	3.988e-04	-1.456	3127	3.483	6.199
47.140	5.211e-04	-1.524	3130	3.552	5.723
47.140	6.798e-04	-1.587	3132	3.616	5.316
47.140	8.973e-04	-1.636	3133	3.666	5.019
47.140	1.173e-03	-1.661	3134	3.691	4.876
47.140	1.529e-03	-1.675	3135	3.706	4.793
47.140	2.019e-03	-1.694	3137	3.727	4.682
47.140	2.659e-03	-1.732	3145	3.769	4.461
47.140	3.495e-03	-1.849	3170	3.899	3.840
47.140	4.614e-03	-1.998	3161	4.043	3.254
47.140	6.078e-03	-2.140	3112	4.158	2.851
47.140	7.959e-03	-2.261	3069	4.255	2.550
47.140	1.040e-02	-2.368	3034	4.342	2.306
47.140	1.357e-02	-2.468	3000	4.423	2.100
47.140	1.766e-02	-2.564	2967	4.499	1.923
47.140	2.318e-02	-2.668	2918	4.575	1.764
47.140	3.047e-02	-2.776	2858	4.646	1.625
47.140	3.974e-02	-2.878	2799	4.712	1.506
47.140	5.167e-02	-2.984	2728	4.774	1.403
47.140	6.781e-02	-3.104	2637	4.834	1.308
47.140	8.913e-02	-3.229	2535	4.890	1.226
47.140	1.172e-01	-3.377	2397	4.942	1.156
47.140	1.540e-01	-3.526	2258	4.987	1.097
47.140	2.033e-01	-3.686	2107	5.027	1.048
47.140	2.661e-01	-3.848	1957	5.061	1.008
47.140	3.493e-01	-4.013	1810	5.090	0.974
47.140	4.591e-01	-4.183	1666	5.116	0.946
47.140	6.036e-01	-4.348	1534	5.138	0.922
47.140	7.933e-01	-4.506	1417	5.157	0.902
47.140	1.043e+00	-4.663	1308	5.175	0.884
47.140	1.371e+00	-4.824	1202	5.190	0.868
47.140	1.788e+00	-4.984	1105	5.204	0.855
47.140	2.360e+00	-5.150	1012	5.216	0.842
47.140	3.090e+00	-5.312	928	5.227	0.832
47.140	4.078e+00	-5.482	846	5.237	0.823
47.140	5.330e+00	-5.642	775	5.245	0.815
47.140	7.007e+00	-5.803	710	5.253	0.808
47.140	9.210e+00	-5.955	653	5.260	0.801
50.283	1.032e-04	-1.027	3263	3.156	9.327
50.283	1.356e-04	-1.116	3220	3.222	8.649
50.283	1.783e-04	-1.201	3185	3.287	8.021
50.283	2.344e-04	-1.277	3167	3.354	7.428
50.283	3.080e-04	-1.354	3152	3.422	6.869
50.283	4.018e-04	-1.423	3147	3.489	6.358
50.283	5.274e-04	-1.491	3147	3.557	5.881
50.283	6.931e-04	-1.551	3149	3.617	5.483
50.283	9.113e-04	-1.591	3151	3.658	5.232
50.283	1.198e-03	-1.610	3151	3.678	5.112
50.283	1.562e-03	-1.625	3152	3.693	5.025
50.283	2.062e-03	-1.649	3152	3.717	4.887
50.283	2.699e-03	-1.702	3158	3.773	4.583
50.283	3.482e-03	-1.826	3185	3.913	3.904
50.283	4.201e-03	-1.912	3204	4.008	3.496
50.283	5.419e-03	-2.044	3167	4.121	3.072
50.283	7.095e-03	-2.170	3123	4.222	2.734
50.283	9.312e-03	-2.282	3086	4.314	2.460
50.283	1.219e-02	-2.385	3052	4.398	2.233
50.283	1.585e-02	-2.482	3019	4.475	2.043
50.283	2.061e-02	-2.574	2988	4.549	1.875
50.283	2.693e-02	-2.676	2938	4.622	1.725
50.283	3.541e-02	-2.783	2877	4.692	1.590
50.283	4.654e-02	-2.886	2817	4.759	1.472
50.283	6.070e-02	-2.993	2746	4.822	1.371
50.283	8.012e-02	-3.117	2649	4.883	1.277
50.283	1.055e-01	-3.242	2546	4.939	1.197
50.283	1.382e-01	-3.392	2403	4.989	1.131
50.283	1.809e-01	-3.537	2267	5.032	1.075
50.283	2.388e-01	-3.697	2115	5.072	1.027
50.283	3.126e-01	-3.859	1964	5.105	0.989
50.283	4.103e-01	-4.023	1817	5.135	0.956
50.283	5.393e-01	-4.192	1673	5.160	0.928
50.283	7.119e-01	-4.360	1538	5.182	0.905
50.283	9.319e-01	-4.515	1423	5.201	0.885
50.283	1.230e+00	-4.675	1311	5.219	0.868
50.283	1.610e+00	-4.834	1206	5.234	0.852
50.283	2.126e+00	-5.001	1105	5.248	0.839
50.283	2.783e+00	-5.162	1014	5.260	0.827
50.283	3.673e+00	-5.332	925	5.271	0.817
50.283	4.809e+00	-5.499	845	5.280	0.808
50.283	6.347e+00	-5.665	772	5.289	0.801
50.283	8.309e+00	-5.821	709	5.296	0.794
52.378	1.005e-04	-0.989	3301	3.155	9.534
52.378	1.321e-04	-1.080	3252	3.220	8.840
52.378	1.736e-04	-1.168	3211	3.286	8.199
52.378	2.282e-04	-1.246	3188	3.352	7.600
52.378	3.000e-04	-1.323	3170	3.419	7.034
52.378	3.913e-04	-1.394	3162	3.485	6.519
52.378	5.165e-04	-1.463	3158	3.553	6.030
52.378	6.761e-04	-1.520	3160	3.610	5.642
52.378	8.874e-04	-1.557	3162	3.649	5.399
52.378	1.166e-03	-1.576	3162	3.668	5.281
52.378	1.521e-03	-1.591	3163	3.683	5.191
52.378	2.012e-03	-1.616	3163	3.708	5.041
52.378	2.645e-03	-1.676	3166	3.770	4.697
52.378	3.368e-03	-1.796	3191	3.903	4.029
52.378	4.318e-03	-1.906	3215	4.026	3.495
52.378	5.667e-03	-2.040	3183	4.143	3.057
52.378	7.448e-03	-2.164	3139	4.243	2.724
52.378	9.793e-03	-2.274	3104	4.333	2.454
52.378	1.287e-02	-2.378	3070	4.418	2.227
52.378	1.679e-02	-2.474	3037	4.495	2.037
52.378	2.216e-02	-2.571	3005	4.573	1.862
52.378	2.901e-02	-2.672	2955	4.646	1.712
52.378	3.829e-02	-2.780	2894	4.717	1.577
52.378	5.013e-02	-2.881	2836	4.783	1.462
52.378	6.579e-02	-2.989	2764	4.847	1.359
52.378	8.616e-02	-3.109	2670	4.907	1.269
52.378	1.128e-01	-3.232	2568	4.962	1.191
52.378	1.480e-01	-3.380	2428	5.012	1.123
52.378	1.946e-01	-3.528	2288	5.057	1.067
52.378	2.558e-01	-3.684	2138	5.096	1.020
52.378	3.362e-01	-3.847	1985	5.130	0.980
52.378	4.438e-01	-4.015	1834	5.160	0.947
52.378	5.800e-01	-4.179	1693	5.185	0.920
52.378	7.625e-01	-4.346	1558	5.208	0.897
52.378	1.002e+00	-4.503	1439	5.227	0.877
52.378	1.307e+00	-4.657	1331	5.244	0.860
52.378	1.725e+00	-4.821	1222	5.260	0.844
52.378	2.273e+00	-4.986	1119	5.274	0.831
52.378	2.987e+00	-5.150	1026	5.286	0.819
52.378	3.928e+00	-5.318	937	5.297	0.809
52.378	5.162e+00	-5.488	855	5.307	0.800
52.378	6.787e+00	-5.651	782	5.315	0.793
52.378	8.920e+00	-5.810	717	5.323	0.786
55.521	1.021e-04	-0.951	3346	3.166	9.694
55.521	1.332e-04	-1.042	3294	3.230	9.005
55.521	1.748e-04	-1.130	3250	3.295	8.356
55.521	2.298e-04	-1.214	3215	3.360	7.751
55.521	3.021e-04	-1.290	3197	3.426	7.181
55.521	3.971e-04	-1.365	3182	3.493	6.652
55.521	5.179e-04	-1.430	3177	3.555	6.192
55.521	6.837e-04	-1.484	3176	3.608	5.824
55.521	8.950e-04	-1.514	3177	3.639	5.621
55.521	1.181e-03	-1.530	3178	3.656	5.514
55.521	1.544e-03	-1.546	3179	3.672	5.411
55.521	2.038e-03	-1.576	3179	3.702	5.225
55.521	2.668e-03	-1.658	3183	3.786	4.744
55.521	3.521e-03	-1.796	3209	3.938	3.982
55.521	4.639e-03	-1.909	3235	4.066	3.439
55.521	6.075e-03	-2.035	3205	4.175	3.032
55.521	7.952e-03	-2.153	3165	4.271	2.716
55.521	1.035e-02	-2.256	3132	4.357	2.461
55.521	1.359e-02	-2.358	3098	4.439	2.237
55.521	1.780e-02	-2.455	3066	4.518	2.044
55.521	2.326e-02	-2.547	3035	4.592	1.875
55.521	3.058e-02	-2.646	2993	4.667	1.722
55.521	4.019e-02	-2.752	2932	4.737	1.587
55.521	5.275e-02	-2.853	2875	4.804	1.470
55.521	6.907e-02	-2.957	2808	4.868	1.365
55.521	9.042e-02	-3.072	2722	4.929	1.273
55.521	1.187e-01	-3.197	2617	4.985	1.193
55.521	1.554e-01	-3.333	2493	5.037	1.124
55.521	2.031e-01	-3.481	2350	5.082	1.067
55.521	2.670e-01	-3.635	2201	5.123	1.018
55.521	3.510e-01	-3.794	2052	5.159	0.977
55.521	4.614e-01	-3.959	1899	5.190	0.943
55.521	6.064e-01	-4.123	1754	5.217	0.914
55.521	7.973e-01	-4.291	1614	5.240	0.890
55.521	1.048e+00	-4.452	1488	5.260	0.869
55.521	1.367e+00	-4.604	1378	5.278	0.852
55.521	1.804e+00	-4.767	1266	5.294	0.836
55.521	2.362e+00	-4.928	1164	5.308	0.823
55.521	3.118e+00	-5.095	1065	5.321	0.811
55.521	4.081e+00	-5.259	975	5.332	0.800
55.521	5.388e+00	-5.433	887	5.342	0.791
55.521	7.097e+00	-5.598	811	5.351	0.783
55.521	9.294e+00	-5.756	744	5.359	0.776
57.616	1.001e-04	-0.915	3382	3.165	9.881
57.616	1.309e-04	-1.009	3326	3.230	9.170
57.616	1.720e-04	-1.100	3278	3.295	8.505
57.616	2.261e-04	-1.187	3237	3.360	7.890
57.616	2.973e-04	-1.264	3216	3.426	7.316
57.616	3.893e-04	-1.338	3198	3.491	6.791
57.616	5.088e-04	-1.403	3190	3.552	6.330
57.616	6.689e-04	-1.455	3187	3.602	5.976
57.616	8.792e-04	-1.484	3187	3.631	5.782
57.616	1.147e-03	-1.499	3188	3.646	5.680
57.616	1.514e-03	-1.516	3189	3.663	5.568
57.616	1.994e-03	-1.547	3190	3.695	5.368
57.616	2.621e-03	-1.637	3194	3.788	4.825
57.616	3.332e-03	-1.758	3212	3.918	4.153
57.616	4.398e-03	-1.872	3238	4.047	3.581
57.616	5.758e-03	-1.985	3236	4.158	3.151
57.616	7.614e-03	-2.110	3192	4.259	2.804
57.616	9.932e-03	-2.215	3159	4.347	2.535
57.616	1.304e-02	-2.317	3126	4.430	2.303
57.616	1.713e-02	-2.416	3093	4.510	2.100
57.616	2.235e-02	-2.507	3063	4.585	1.927
57.616	2.910e-02	-2.597	3032	4.657	1.773
57.616	3.841e-02	-2.704	2973	4.730	1.630
57.616	5.028e-02	-2.805	2917	4.798	1.508
57.616	6.599e-02	-2.905	2859	4.863	1.398
57.616	8.673e-02	-3.017	2780	4.926	1.301
57.616	1.140e-01	-3.142	2676	4.985	1.215
57.616	1.499e-01	-3.266	2571	5.040	1.141
57.616	1.971e-01	-3.420	2421	5.089	1.079
57.616	2.590e-01	-3.570	2276	5.132	1.027
57.616	3.378e-01	-3.720	2132	5.168	0.985
57.616	4.459e-01	-3.886	1975	5.202	0.947
57.616	5.837e-01	-4.047	1830	5.230	0.917
57.616	7.705e-01	-4.215	1685	5.255	0.891
57.616	1.009e+00	-4.378	1553	5.276	0.870
57.616	1.324e+00	-4.534	1435	5.295	0.851
57.616	1.740e+00	-4.693	1323	5.312	0.835
57.616	2.270e+00	-4.850	1219	5.326	0.821
57.616	2.996e+00	-5.015	1117	5.340	0.808
57.616	3.922e+00	-5.178	1024	5.352	0.797
57.616	5.147e+00	-5.347	934	5.362	0.788
57.616	6.765e+00	-5.515	852	5.371	0.779
57.616	8.824e+00	-5.673	782	5.379	0.772
60.759	1.038e-04	-0.887	3421	3.180	9.979
60.759	1.364e-04	-0.984	3362	3.246	9.241
60.759	1.794e-04	-1.077	3310	3.312	8.569
60.759	2.357e-04	-1.164	3267	3.377	7.951
60.759	3.100e-04	-1.244	3238	3.442	7.380
60.759	4.074e-04	-1.317	3221	3.505	6.858
60.759	5.356e-04	-1.381	3209	3.562	6.422
60.759	7.039e-04	-1.423	3206	3.603	6.131
60.759	9.255e-04	-1.445	3204	3.624	5.985
60.759	1.212e-03	-1.459	3203	3.638	5.887
60.759	1.596e-03	-1.480	3203	3.659	5.748
60.759	2.098e-03	-1.524	3205	3.703	5.461
60.759	2.756e-03	-1.650	3212	3.833	4.700
60.759	3.613e-03	-1.773	3232	3.967	4.032
60.759	4.750e-03	-1.877	3257	4.085	3.519
60.759	6.243e-03	-1.986	3255	4.193	3.109
60.759	8.143e-03	-2.101	3216	4.286	2.792
60.759	1.069e-02	-2.207	3183	4.374	2.523
60.759	1.400e-02	-2.307	3150	4.456	2.296
60.759	1.832e-02	-2.402	3118	4.534	2.099
60.759	2.386e-02	-2.492	3089	4.608	1.927
60.759	3.131e-02	-2.584	3058	4.682	1.770
60.759	4.100e-02	-2.686	3005	4.753	1.630
60.759	5.368e-02	-2.786	2949	4.821	1.508
60.759	7.086e-02	-2.888	2891	4.888	1.395
60.759	9.260e-02	-2.996	2816	4.950	1.299
60.759	1.217e-01	-3.118	2717	5.010	1.213
60.759	1.600e-01	-3.239	2616	5.065	1.138
60.759	2.087e-01	-3.386	2472	5.114	1.076
60.759	2.755e-01	-3.538	2323	5.159	1.022
60.759	3.629e-01	-3.692	2174	5.197	0.978
60.759	4.769e-01	-3.852	2022	5.231	0.941
60.759	6.296e-01	-4.017	1870	5.260	0.909
60.759	8.242e-01	-4.177	1730	5.285	0.884
60.759	1.082e+00	-4.340	1595	5.307	0.862
60.759	1.422e+00	-4.497	1473	5.326	0.843
60.759	1.869e+00	-4.654	1359	5.343	0.826
60.759	2.457e+00	-4.813	1251	5.359	0.812
60.759	3.230e+00	-4.975	1149	5.372	0.799
60.759	4.245e+00	-5.139	1053	5.385	0.788
60.759	5.604e+00	-5.312	959	5.395	0.778
60.759	7.336e+00	-5.479	876	5.405	0.770
60.759	9.683e+00	-5.643	801	5.413	0.763
62.854	1.020e-04	-0.854	3455	3.179	10.159
62.854	1.336e-04	-0.951	3395	3.245	9.411
62.854	1.748e-04	-1.044	3340	3.310	8.735
62.854	2.308e-04	-1.134	3294	3.376	8.095
62.854	3.016e-04	-1.216	3258	3.439	7.530
62.854	3.934e-04	-1.287	3240	3.500	7.019
62.854	5.193e-04	-1.353	3223	3.557	6.575
62.854	6.798e-04	-1.393	3218	3.595	6.294
62.854	8.973e-04	-1.415	3217	3.615	6.147
62.854	1.173e-03	-1.429	3216	3.629	6.047
62.854	1.548e-03	-1.451	3214	3.651	5.901
62.854	2.026e-03	-1.496	3214	3.695	5.609
62.854	2.634e-03	-1.616	3220	3.819	4.862
62.854	3.426e-03	-1.738	3235	3.948	4.189
62.854	4.502e-03	-1.843	3260	4.066	3.657
62.854	5.920e-03	-1.939	3281	4.174	3.228
62.854	7.752e-03	-2.057	3243	4.272	2.887
62.854	1.015e-02	-2.163	3210	4.360	2.607
62.854	1.332e-02	-2.265	3177	4.444	2.368
62.854	1.744e-02	-2.361	3145	4.523	2.163
62.854	2.279e-02	-2.453	3116	4.598	1.982
62.854	2.997e-02	-2.545	3085	4.673	1.818
62.854	3.939e-02	-2.642	3043	4.746	1.671
62.854	5.137e-02	-2.742	2988	4.814	1.545
62.854	6.743e-02	-2.843	2931	4.881	1.431
62.854	8.862e-02	-2.948	2864	4.946	1.328
62.854	1.156e-01	-3.059	2780	5.006	1.240
62.854	1.529e-01	-3.185	2674	5.064	1.159
62.854	1.994e-01	-3.316	2554	5.116	1.093
62.854	2.617e-01	-3.468	2403	5.162	1.036
62.854	3.440e-01	-3.619	2254	5.202	0.989
62.854	4.522e-01	-3.772	2108	5.238	0.949
62.854	5.944e-01	-3.932	1956	5.269	0.916
62.854	7.801e-01	-4.091	1813	5.295	0.888
62.854	1.025e+00	-4.254	1672	5.319	0.865
62.854	1.348e+00	-4.414	1544	5.339	0.845
62.854	1.772e+00	-4.569	1427	5.357	0.827
62.854	2.329e+00	-4.725	1317	5.373	0.812
62.854	3.050e+00	-4.882	1213	5.388	0.799
62.854	3.993e+00	-5.040	1115	5.400	0.787
62.854	5.271e+00	-5.210	1018	5.412	0.777
62.854	6.943e+00	-5.383	927	5.422	0.768
62.854	9.092e+00	-5.544	849	5.431	0.760
65.997	1.040e-04	-0.822	3495	3.188	10.297
65.997	1.367e-04	-0.921	3433	3.256	9.522
65.997	1.782e-04	-1.015	3376	3.321	8.842
65.997	2.353e-04	-1.107	3326	3.386	8.196
65.997	3.080e-04	-1.191	3284	3.449	7.625
65.997	4.066e-04	-1.265	3262	3.510	7.106
65.997	5.322e-04	-1.321	3248	3.560	6.714
65.997	7.025e-04	-1.358	3238	3.591	6.477
65.997	9.197e-04	-1.375	3236	3.607	6.358
65.997	1.207e-03	-1.391	3234	3.622	6.249
65.997	1.586e-03	-1.417	3232	3.647	6.070
65.997	2.094e-03	-1.483	3228	3.711	5.639
65.997	2.659e-03	-1.606	3236	3.838	4.874
65.997	3.495e-03	-1.727	3248	3.966	4.207
65.997	4.614e-03	-1.829	3273	4.081	3.684
65.997	6.040e-03	-1.921	3296	4.185	3.269
65.997	7.927e-03	-2.032	3271	4.282	2.922
65.997	1.038e-02	-2.138	3237	4.370	2.640
65.997	1.359e-02	-2.238	3205	4.453	2.400
65.997	1.794e-02	-2.337	3173	4.534	2.186
65.997	2.348e-02	-2.429	3144	4.610	2.003
65.997	3.082e-02	-2.520	3113	4.685	1.838
65.997	4.036e-02	-2.611	3080	4.758	1.691
65.997	5.274e-02	-2.712	3025	4.827	1.561
65.997	6.935e-02	-2.813	2968	4.895	1.443
65.997	9.114e-02	-2.915	2907	4.960	1.338
65.997	1.189e-01	-3.022	2829	5.021	1.248
65.997	1.572e-01	-3.147	2725	5.081	1.165
65.997	2.075e-01	-3.275	2614	5.135	1.094
65.997	2.712e-01	-3.425	2462	5.182	1.037
65.997	3.537e-01	-3.570	2317	5.222	0.990
65.997	4.669e-01	-3.719	2174	5.259	0.949
65.997	6.113e-01	-3.874	2024	5.291	0.915
65.997	8.069e-01	-4.032	1878	5.319	0.886
65.997	1.056e+00	-4.187	1742	5.342	0.862
65.997	1.394e+00	-4.345	1609	5.364	0.841
65.997	1.825e+00	-4.496	1491	5.382	0.824
65.997	2.396e+00	-4.646	1380	5.398	0.808
65.997	3.149e+00	-4.800	1275	5.413	0.795
65.997	4.140e+00	-4.955	1174	5.427	0.782
65.997	5.441e+00	-5.117	1077	5.439	0.772
65.997	7.182e+00	-5.287	983	5.449	0.762
65.997	9.460e+00	-5.456	897	5.459	0.754
67.044	1.045e-04	-0.812	3508	3.191	10.346
67.044	1.374e-04	-0.911	3446	3.259	9.565
67.044	1.799e-04	-1.006	3388	3.325	8.870
67.044	2.355e-04	-1.096	3337	3.389	8.241
67.044	3.066e-04	-1.179	3296	3.450	7.679
67.044	4.048e-04	-1.253	3270	3.510	7.163
67.044	5.332e-04	-1.310	3256	3.559	6.770
67.044	7.008e-04	-1.343	3247	3.588	6.547
67.044	9.140e-04	-1.361	3243	3.604	6.433
67.044	1.188e-03	-1.377	3241	3.618	6.326
67.044	1.560e-03	-1.403	3238	3.643	6.146
67.044	2.050e-03	-1.468	3233	3.706	5.720
67.044	2.695e-03	-1.607	3241	3.849	4.850
67.044	3.542e-03	-1.726	3253	3.974	4.199
67.044	4.675e-03	-1.827	3277	4.088	3.684
67.044	6.120e-03	-1.918	3300	4.191	3.273
67.044	8.033e-03	-2.026	3279	4.287	2.927
67.044	1.056e-02	-2.133	3245	4.377	2.641
67.044	1.377e-02	-2.232	3213	4.458	2.405
67.044	1.818e-02	-2.330	3181	4.539	2.190
67.044	2.380e-02	-2.422	3152	4.615	2.007
67.044	3.123e-02	-2.514	3122	4.690	1.841
67.044	4.090e-02	-2.604	3090	4.763	1.694
67.044	5.345e-02	-2.704	3036	4.832	1.564
67.044	7.027e-02	-2.805	2979	4.900	1.446
67.044	9.202e-02	-2.905	2920	4.965	1.342
67.044	1.205e-01	-3.013	2843	5.027	1.250
67.044	1.590e-01	-3.136	2741	5.086	1.167
67.044	2.082e-01	-3.258	2636	5.140	1.097
67.044	2.732e-01	-3.409	2483	5.188	1.038
67.044	3.591e-01	-3.557	2336	5.230	0.990
67.044	4.740e-01	-3.705	2191	5.267	0.948
67.044	6.244e-01	-3.861	2041	5.299	0.914
67.044	8.206e-01	-4.015	1897	5.326	0.885
67.044	1.070e+00	-4.165	1764	5.350	0.862
67.044	1.413e+00	-4.321	1632	5.371	0.841
67.044	1.850e+00	-4.471	1513	5.390	0.823
67.044	2.442e+00	-4.623	1400	5.406	0.807
67.044	3.196e+00	-4.771	1297	5.421	0.794
67.044	4.195e+00	-4.924	1197	5.435	0.781
67.044	5.513e+00	-5.083	1100	5.447	0.770
67.044	7.278e+00	-5.251	1004	5.458	0.761
67.044	9.587e+00	-5.420	917	5.467	0.753
68.092	1.033e-04	-0.795	3525	3.190	10.444
68.092	1.353e-04	-0.893	3464	3.257	9.662
68.092	1.776e-04	-0.990	3404	3.323	8.953
68.092	2.325e-04	-1.081	3351	3.387	8.316
68.092	3.044e-04	-1.166	3309	3.450	7.739
68.092	3.995e-04	-1.240	3278	3.509	7.233
68.092	5.251e-04	-1.296	3265	3.556	6.846
68.092	6.892e-04	-1.328	3256	3.585	6.625
68.092	9.058e-04	-1.346	3252	3.600	6.508
68.092	1.181e-03	-1.364	3247	3.615	6.397
68.092	1.563e-03	-1.392	3244	3.642	6.201
68.092	2.054e-03	-1.464	3238	3.711	5.731
68.092	2.700e-03	-1.604	3246	3.855	4.853
68.092	3.550e-03	-1.722	3256	3.978	4.211
68.092	4.666e-03	-1.820	3281	4.089	3.708
68.092	6.086e-03	-1.908	3303	4.190	3.303
68.092	8.033e-03	-2.015	3288	4.288	2.947
68.092	1.058e-02	-2.123	3254	4.379	2.656
68.092	1.386e-02	-2.223	3222	4.461	2.415
68.092	1.811e-02	-2.318	3192	4.540	2.207
68.092	2.381e-02	-2.411	3162	4.617	2.019
68.092	3.118e-02	-2.502	3132	4.691	1.854
68.092	4.074e-02	-2.591	3102	4.763	1.706
68.092	5.314e-02	-2.689	3051	4.833	1.575
68.092	6.909e-02	-2.786	2997	4.898	1.460
68.092	9.068e-02	-2.886	2938	4.964	1.354
68.092	1.187e-01	-2.993	2864	5.026	1.260
68.092	1.564e-01	-3.113	2767	5.086	1.176
68.092	2.056e-01	-3.233	2665	5.141	1.104
68.092	2.714e-01	-3.385	2512	5.191	1.042
68.092	3.575e-01	-3.535	2362	5.234	0.992
68.092	4.698e-01	-3.679	2221	5.271	0.951
68.092	6.177e-01	-3.830	2075	5.303	0.916
68.092	8.118e-01	-3.982	1932	5.331	0.887
68.092	1.067e+00	-4.133	1796	5.356	0.862
68.092	1.403e+00	-4.285	1666	5.377	0.842
68.092	1.844e+00	-4.436	1544	5.396	0.823
68.092	2.424e+00	-4.583	1432	5.413	0.808
68.092	3.187e+00	-4.730	1328	5.428	0.794
68.092	4.174e+00	-4.878	1229	5.441	0.781
68.092	5.454e+00	-5.030	1134	5.454	0.771
68.092	7.171e+00	-5.193	1039	5.465	0.761
68.092	9.425e+00	-5.360	949	5.474	0.752
69.139	1.026e-04	-0.781	3540	3.189	10.529
69.139	1.344e-04	-0.879	3479	3.257	9.738
69.139	1.763e-04	-0.976	3419	3.323	9.020
69.139	2.318e-04	-1.069	3363	3.388	8.369
69.139	3.023e-04	-1.153	3321	3.450	7.797
69.139	3.990e-04	-1.230	3287	3.509	7.283
69.139	5.224e-04	-1.283	3273	3.555	6.910
69.139	6.895e-04	-1.315	3265	3.583	6.693
69.139	9.026e-04	-1.332	3260	3.597	6.580
69.139	1.185e-03	-1.350	3256	3.613	6.462
69.139	1.557e-03	-1.381	3250	3.641	6.260
69.139	2.055e-03	-1.460	3243	3.716	5.739
69.139	2.604e-03	-1.582	3249	3.841	4.969
69.139	3.369e-03	-1.695	3257	3.959	4.341
69.139	4.447e-03	-1.796	3280	4.072	3.811
69.139	5.811e-03	-1.886	3302	4.173	3.391
69.139	7.580e-03	-1.980	3305	4.269	3.036
69.139	9.948e-03	-2.089	3272	4.360	2.735
69.139	1.307e-02	-2.191	3239	4.445	2.480
69.139	1.705e-02	-2.286	3208	4.523	2.266
69.139	2.238e-02	-2.380	3179	4.601	2.073
69.139	2.942e-02	-2.472	3148	4.676	1.900
69.139	3.837e-02	-2.561	3118	4.748	1.749
69.139	5.036e-02	-2.656	3076	4.820	1.610
69.139	6.619e-02	-2.758	3019	4.890	1.486
69.139	8.703e-02	-2.858	2961	4.956	1.376
69.139	1.144e-01	-2.964	2891	5.020	1.278
69.139	1.504e-01	-3.079	2802	5.081	1.192
69.139	1.976e-01	-3.200	2699	5.137	1.118
69.139	2.594e-01	-3.340	2564	5.188	1.055
69.139	3.409e-01	-3.490	2412	5.232	1.003
69.139	4.483e-01	-3.634	2270	5.270	0.960
69.139	5.891e-01	-3.778	2129	5.303	0.923
69.139	7.746e-01	-3.928	1986	5.332	0.893
69.139	1.018e+00	-4.076	1851	5.357	0.867
69.139	1.339e+00	-4.226	1719	5.379	0.846
69.139	1.759e+00	-4.374	1597	5.399	0.827
69.139	2.313e+00	-4.519	1483	5.416	0.811
69.139	3.040e+00	-4.662	1378	5.431	0.796
69.139	3.997e+00	-4.808	1277	5.446	0.784
69.139	5.253e+00	-4.957	1181	5.458	0.772
69.139	6.934e+00	-5.117	1085	5.470	0.762
69.139	9.077e+00	-5.278	995	5.480	0.753
70.187	1.011e-04	-0.763	3557	3.186	10.641
70.187	1.334e-04	-0.864	3494	3.257	9.814
70.187	1.747e-04	-0.961	3434	3.323	9.094
70.187	2.293e-04	-1.055	3377	3.388	8.439
70.187	3.002e-04	-1.140	3333	3.450	7.856
70.187	3.924e-04	-1.215	3297	3.507	7.358
70.187	5.159e-04	-1.269	3281	3.552	6.982
70.187	6.780e-04	-1.300	3274	3.579	6.771
70.187	8.844e-04	-1.317	3269	3.594	6.658
70.187	1.167e-03	-1.336	3265	3.610	6.536
70.187	1.538e-03	-1.368	3257	3.638	6.327
70.187	2.021e-03	-1.447	3249	3.713	5.802
70.187	2.577e-03	-1.573	3254	3.841	5.009
70.187	3.395e-03	-1.692	3262	3.965	4.343
70.187	4.446e-03	-1.789	3283	4.073	3.833
70.187	5.810e-03	-1.878	3306	4.174	3.413
70.187	7.578e-03	-1.969	3315	4.270	3.057
70.187	1.002e-02	-2.081	3280	4.363	2.746
70.187	1.307e-02	-2.181	3248	4.446	2.496
70.187	1.716e-02	-2.278	3217	4.526	2.275
70.187	2.255e-02	-2.372	3187	4.604	2.080
70.187	2.965e-02	-2.464	3157	4.680	1.906
70.187	3.897e-02	-2.555	3127	4.754	1.751
70.187	5.123e-02	-2.650	3086	4.826	1.611
70.187	6.733e-02	-2.752	3029	4.896	1.487
70.187	8.837e-02	-2.852	2971	4.962	1.377
70.187	1.149e-01	-2.952	2906	5.024	1.283
70.187	1.504e-01	-3.063	2822	5.084	1.197
70.187	1.966e-01	-3.182	2720	5.139	1.123
70.187	2.585e-01	-3.317	2593	5.191	1.059
70.187	3.397e-01	-3.467	2440	5.236	1.006
70.187	4.493e-01	-3.614	2294	5.275	0.961
70.187	5.907e-01	-3.755	2156	5.308	0.925
70.187	7.736e-01	-3.899	2017	5.337	0.894
70.187	1.013e+00	-4.043	1885	5.362	0.869
70.187	1.337e+00	-4.191	1753	5.385	0.847
70.187	1.750e+00	-4.332	1635	5.404	0.828
70.187	2.310e+00	-4.477	1518	5.421	0.812
70.187	3.024e+00	-4.614	1415	5.437	0.798
70.187	3.992e+00	-4.758	1314	5.451	0.785
70.187	5.216e+00	-4.899	1220	5.464	0.773
70.187	6.804e+00	-5.046	1129	5.475	0.763
70.187	8.930e+00	-5.204	1037	5.486	0.754
71.234	1.003e-04	-0.749	3572	3.186	10.731
71.234	1.319e-04	-0.848	3511	3.255	9.903
71.234	1.734e-04	-0.947	3449	3.323	9.164
71.234	2.261e-04	-1.039	3392	3.386	8.517
71.234	2.968e-04	-1.126	3345	3.449	7.924
71.234	3.886e-04	-1.203	3307	3.506	7.421
71.234	5.079e-04	-1.256	3290	3.550	7.056
71.234	6.677e-04	-1.286	3282	3.576	6.847
71.234	8.776e-04	-1.303	3278	3.591	6.731
71.234	1.145e-03	-1.321	3273	3.606	6.613
71.234	1.514e-03	-1.354	3265	3.635	6.397
71.234	1.990e-03	-1.436	3255	3.711	5.860
71.234	2.599e-03	-1.572	3258	3.849	4.996
71.234	3.424e-03	-1.690	3266	3.971	4.342
71.234	4.483e-03	-1.786	3287	4.078	3.839
71.234	5.883e-03	-1.875	3310	4.180	3.415
71.234	7.733e-03	-1.967	3321	4.277	3.053
71.234	1.021e-02	-2.077	3287	4.370	2.745
71.234	1.336e-02	-2.178	3255	4.453	2.493
71.234	1.740e-02	-2.272	3225	4.531	2.279
71.234	2.284e-02	-2.365	3196	4.609	2.084
71.234	2.990e-02	-2.456	3166	4.684	1.913
71.234	3.908e-02	-2.545	3136	4.756	1.760
71.234	5.097e-02	-2.636	3101	4.827	1.622
71.234	6.741e-02	-2.740	3042	4.898	1.494
71.234	8.793e-02	-2.838	2986	4.963	1.386
71.234	1.161e-01	-2.942	2919	5.029	1.285
71.234	1.519e-01	-3.052	2838	5.089	1.199
71.234	2.009e-01	-3.176	2731	5.147	1.122
71.234	2.621e-01	-3.304	2612	5.197	1.059
71.234	3.460e-01	-3.456	2457	5.242	1.005
71.234	4.529e-01	-3.596	2317	5.280	0.962
71.234	5.989e-01	-3.737	2179	5.315	0.925
71.234	7.875e-01	-3.881	2039	5.344	0.894
71.234	1.035e+00	-4.023	1907	5.369	0.869
71.234	1.361e+00	-4.163	1781	5.391	0.847
71.234	1.788e+00	-4.302	1662	5.410	0.828
71.234	2.351e+00	-4.441	1549	5.427	0.812
71.234	3.090e+00	-4.577	1446	5.443	0.798
71.234	4.063e+00	-4.711	1349	5.457	0.785
71.234	5.340e+00	-4.850	1255	5.470	0.774
71.234	7.021e+00	-4.994	1163	5.482	0.763
71.234	9.228e+00	-5.147	1071	5.492	0.754
72.282	1.041e-04	-0.751	3577	3.196	10.679
72.282	1.368e-04	-0.850	3516	3.266	9.856
72.282	1.798e-04	-0.949	3454	3.333	9.121
72.282	2.345e-04	-1.041	3397	3.396	8.479
72.282	3.078e-04	-1.126	3351	3.459	7.894
72.282	4.031e-04	-1.201	3313	3.513	7.411
72.282	5.277e-04	-1.250	3296	3.553	7.078
72.282	6.965e-04	-1.276	3290	3.576	6.895
72.282	9.118e-04	-1.292	3286	3.590	6.785
72.282	1.197e-03	-1.312	3281	3.607	6.651
72.282	1.573e-03	-1.351	3271	3.641	6.400
72.282	2.076e-03	-1.457	3258	3.740	5.708
72.282	2.719e-03	-1.588	3264	3.875	4.887
72.282	3.573e-03	-1.701	3272	3.992	4.273
72.282	4.698e-03	-1.795	3295	4.098	3.781
72.282	6.174e-03	-1.884	3317	4.198	3.368
72.282	8.054e-03	-1.973	3326	4.292	3.023
72.282	1.057e-02	-2.080	3292	4.382	2.727
72.282	1.384e-02	-2.181	3260	4.465	2.478
72.282	1.809e-02	-2.275	3230	4.544	2.263
72.282	2.378e-02	-2.369	3201	4.621	2.070
72.282	3.126e-02	-2.461	3171	4.697	1.897
72.282	4.110e-02	-2.551	3141	4.771	1.743
72.282	5.401e-02	-2.645	3102	4.843	1.603
72.282	7.130e-02	-2.749	3043	4.914	1.478
72.282	9.334e-02	-2.848	2986	4.980	1.370
72.282	1.232e-01	-2.952	2919	5.045	1.271
72.282	1.623e-01	-3.066	2832	5.106	1.185
72.282	2.125e-01	-3.185	2729	5.161	1.112
72.282	2.782e-01	-3.317	2604	5.211	1.050
72.282	3.652e-01	-3.464	2454	5.255	0.998
72.282	4.782e-01	-3.601	2316	5.292	0.957
72.282	6.260e-01	-3.734	2185	5.324	0.922
72.282	8.279e-01	-3.877	2047	5.353	0.891
72.282	1.088e+00	-4.015	1917	5.378	0.867
72.282	1.431e+00	-4.150	1796	5.399	0.845
72.282	1.866e+00	-4.280	1684	5.417	0.828
72.282	2.463e+00	-4.415	1574	5.434	0.812
72.282	3.244e+00	-4.546	1472	5.449	0.798
72.282	4.264e+00	-4.672	1380	5.463	0.786
72.282	5.629e+00	-4.806	1287	5.476	0.774
72.282	7.368e+00	-4.939	1200	5.487	0.764
72.282	9.671e+00	-5.084	1111	5.498	0.754
73.330	1.031e-04	-0.736	3591	3.195	10.773
73.330	1.349e-04	-0.834	3533	3.264	9.951
73.330	1.781e-04	-0.934	3469	3.332	9.194
73.330	2.327e-04	-1.027	3411	3.396	8.541
73.330	3.036e-04	-1.112	3364	3.457	7.966
73.330	3.984e-04	-1.186	3326	3.512	7.478
73.330	5.236e-04	-1.237	3305	3.551	7.144
73.330	6.885e-04	-1.262	3298	3.573	6.969
73.330	9.016e-04	-1.278	3294	3.587	6.859
73.330	1.188e-03	-1.299	3289	3.605	6.718
73.330	1.561e-03	-1.339	3279	3.639	6.457
73.330	2.052e-03	-1.447	3263	3.739	5.754
73.330	2.714e-03	-1.582	3269	3.877	4.911
73.330	3.567e-03	-1.693	3276	3.993	4.299
73.330	4.653e-03	-1.785	3297	4.095	3.820
73.330	6.107e-03	-1.873	3319	4.195	3.406
73.330	8.026e-03	-1.961	3335	4.291	3.049
73.330	1.059e-02	-2.071	3301	4.383	2.743
73.330	1.387e-02	-2.171	3269	4.466	2.492
73.330	1.806e-02	-2.264	3240	4.544	2.279
73.330	2.370e-02	-2.357	3210	4.621	2.084
73.330	3.104e-02	-2.448	3181	4.696	1.913
73.330	4.035e-02	-2.535	3152	4.767	1.763
73.330	5.273e-02	-2.624	3120	4.838	1.624
73.330	6.878e-02	-2.724	3064	4.907	1.501
73.330	9.078e-02	-2.826	3005	4.975	1.387
73.330	1.188e-01	-2.925	2945	5.039	1.289
73.330	1.572e-01	-3.036	2864	5.102	1.199
73.330	2.075e-01	-3.160	2757	5.159	1.122
73.330	2.716e-01	-3.283	2645	5.210	1.058
73.330	3.565e-01	-3.429	2494	5.255	1.005
73.330	4.685e-01	-3.568	2355	5.293	0.962
73.330	6.184e-01	-3.703	2221	5.327	0.926
73.330	8.146e-01	-3.840	2087	5.355	0.895
73.330	1.071e+00	-3.973	1961	5.380	0.870
73.330	1.408e+00	-4.101	1844	5.401	0.849
73.330	1.843e+00	-4.228	1732	5.420	0.831
73.330	2.413e+00	-4.351	1629	5.436	0.816
73.330	3.167e+00	-4.474	1530	5.451	0.802
73.330	4.148e+00	-4.592	1441	5.464	0.790
73.330	5.420e+00	-4.709	1356	5.476	0.779
73.330	7.126e+00	-4.834	1271	5.488	0.769
73.330	9.366e+00	-4.963	1187	5.499	0.759
74.377	1.007e-04	-0.717	3608	3.190	10.912
74.377	1.319e-04	-0.814	3551	3.259	10.073
74.377	1.731e-04	-0.913	3488	3.327	9.318
74.377	2.275e-04	-1.009	3428	3.393	8.639
74.377	2.991e-04	-1.097	3377	3.455	8.040
74.377	3.931e-04	-1.172	3339	3.510	7.547
74.377	5.169e-04	-1.223	3315	3.549	7.216
74.377	6.793e-04	-1.249	3307	3.570	7.043
74.377	8.860e-04	-1.264	3303	3.584	6.934
74.377	1.172e-03	-1.285	3297	3.602	6.789
74.377	1.541e-03	-1.326	3287	3.637	6.520
74.377	2.025e-03	-1.439	3268	3.740	5.793
74.377	2.662e-03	-1.570	3273	3.873	4.968
74.377	3.499e-03	-1.681	3280	3.988	4.352
74.377	4.600e-03	-1.776	3299	4.093	3.857
74.377	6.024e-03	-1.862	3321	4.191	3.444
74.377	7.873e-03	-1.945	3343	4.285	3.091
74.377	1.027e-02	-2.049	3314	4.374	2.791
74.377	1.355e-02	-2.153	3281	4.460	2.527
74.377	1.774e-02	-2.248	3251	4.540	2.306
74.377	2.329e-02	-2.341	3221	4.618	2.108
74.377	3.050e-02	-2.432	3192	4.692	1.934
74.377	3.985e-02	-2.521	3163	4.765	1.779
74.377	5.198e-02	-2.607	3135	4.836	1.640
74.377	6.862e-02	-2.711	3077	4.908	1.510
74.377	8.983e-02	-2.810	3020	4.974	1.398
74.377	1.186e-01	-2.911	2961	5.040	1.296
74.377	1.552e-01	-3.017	2885	5.101	1.208
74.377	2.053e-01	-3.140	2780	5.160	1.129
74.377	2.699e-01	-3.261	2672	5.212	1.063
74.377	3.547e-01	-3.406	2523	5.258	1.009
74.377	4.682e-01	-3.543	2384	5.297	0.965
74.377	6.168e-01	-3.678	2250	5.330	0.928
74.377	8.107e-01	-3.807	2122	5.358	0.899
74.377	1.070e+00	-3.936	1999	5.383	0.873
74.377	1.401e+00	-4.057	1887	5.404	0.853
74.377	1.839e+00	-4.177	1780	5.422	0.835
74.377	2.416e+00	-4.293	1681	5.439	0.819
74.377	3.177e+00	-4.409	1585	5.453	0.806
74.377	4.176e+00	-4.519	1498	5.466	0.794
74.377	5.446e+00	-4.623	1421	5.477	0.784
74.377	7.189e+00	-4.734	1341	5.488	0.774
74.377	9.470e+00	-4.848	1264	5.499	0.764
75.425	1.034e-04	-0.715	3615	3.198	10.890
75.425	1.360e-04	-0.814	3557	3.268	10.040
75.425	1.787e-04	-0.913	3493	3.336	9.283
75.425	2.350e-04	-1.009	3433	3.402	8.607
75.425	3.077e-04	-1.095	3383	3.463	8.027
75.425	4.028e-04	-1.166	3347	3.515	7.559
75.425	5.317e-04	-1.214	3323	3.551	7.252
75.425	6.961e-04	-1.237	3315	3.569	7.100
75.425	9.136e-04	-1.253	3310	3.583	6.989
75.425	1.201e-03	-1.276	3304	3.602	6.833
75.425	1.585e-03	-1.324	3292	3.644	6.516
75.425	2.075e-03	-1.450	3272	3.759	5.704
75.425	2.739e-03	-1.577	3278	3.890	4.910
75.425	3.585e-03	-1.684	3285	4.000	4.322
75.425	4.733e-03	-1.779	3305	4.105	3.830
75.425	6.185e-03	-1.864	3326	4.202	3.428
75.425	8.067e-03	-1.945	3348	4.294	3.081
75.425	1.067e-02	-2.053	3318	4.387	2.770
75.425	1.408e-02	-2.156	3285	4.473	2.509
75.425	1.840e-02	-2.251	3256	4.552	2.291
75.425	2.420e-02	-2.345	3226	4.629	2.095
75.425	3.180e-02	-2.436	3197	4.705	1.920
75.425	4.181e-02	-2.526	3168	4.779	1.763
75.425	5.495e-02	-2.616	3137	4.852	1.621
75.425	7.168e-02	-2.716	3081	4.920	1.498
75.425	9.462e-02	-2.818	3022	4.989	1.385
75.425	1.236e-01	-2.914	2965	5.052	1.287
75.425	1.626e-01	-3.022	2887	5.114	1.199
75.425	2.137e-01	-3.142	2784	5.171	1.123
75.425	2.787e-01	-3.258	2680	5.221	1.060
75.425	3.658e-01	-3.400	2534	5.266	1.007
75.425	4.807e-01	-3.534	2399	5.304	0.964
75.425	6.346e-01	-3.666	2266	5.336	0.928
75.425	8.307e-01	-3.787	2146	5.364	0.899
75.425	1.090e+00	-3.906	2031	5.388	0.875
75.425	1.433e+00	-4.023	1922	5.408	0.855
75.425	1.869e+00	-4.131	1824	5.425	0.838
75.425	2.453e+00	-4.237	1731	5.440	0.823
75.425	3.224e+00	-4.339	1645	5.454	0.811
75.425	4.206e+00	-4.436	1566	5.466	0.800
75.425	5.551e+00	-4.531	1492	5.477	0.790
75.425	7.267e+00	-4.619	1427	5.486	0.781
75.425	9.593e+00	-4.711	1360	5.496	0.773
76.472	1.031e-04	-0.703	3628	3.198	10.964
76.472	1.361e-04	-0.803	3569	3.269	10.094
76.472	1.781e-04	-0.901	3507	3.337	9.341
76.472	2.351e-04	-0.998	3446	3.403	8.652
76.472	3.073e-04	-1.084	3395	3.463	8.074
76.472	4.008e-04	-1.153	3359	3.514	7.617
76.472	5.290e-04	-1.201	3334	3.549	7.317
76.472	6.926e-04	-1.224	3325	3.567	7.169
76.472	9.090e-04	-1.241	3319	3.580	7.057
76.472	1.195e-03	-1.264	3312	3.600	6.895
76.472	1.577e-03	-1.314	3299	3.644	6.561
76.472	2.064e-03	-1.444	3277	3.762	5.723
76.472	2.612e-03	-1.552	3281	3.872	5.043
76.472	3.448e-03	-1.663	3288	3.987	4.418
76.472	4.513e-03	-1.757	3304	4.089	3.929
76.472	5.924e-03	-1.843	3326	4.187	3.510
76.472	7.785e-03	-1.926	3349	4.282	3.146
76.472	1.024e-02	-2.027	3332	4.374	2.830
76.472	1.345e-02	-2.130	3299	4.460	2.565
76.472	1.766e-02	-2.227	3269	4.540	2.337
76.472	2.321e-02	-2.320	3240	4.619	2.136
76.472	3.027e-02	-2.410	3211	4.693	1.961
76.472	3.973e-02	-2.500	3182	4.766	1.801
76.472	5.203e-02	-2.586	3156	4.839	1.658
76.472	6.811e-02	-2.685	3104	4.909	1.529
76.472	8.990e-02	-2.788	3046	4.978	1.411
76.472	1.177e-01	-2.883	2991	5.043	1.310
76.472	1.545e-01	-2.988	2919	5.105	1.220
76.472	2.030e-01	-3.105	2822	5.163	1.141
76.472	2.648e-01	-3.218	2724	5.215	1.075
76.472	3.475e-01	-3.354	2587	5.261	1.019
76.472	4.568e-01	-3.488	2449	5.300	0.974
76.472	6.006e-01	-3.617	2319	5.334	0.938
76.472	7.893e-01	-3.732	2205	5.362	0.908
76.472	1.038e+00	-3.848	2091	5.386	0.883
76.472	1.364e+00	-3.958	1986	5.406	0.863
76.472	1.793e+00	-4.059	1893	5.423	0.845
76.472	2.348e+00	-4.155	1806	5.438	0.831
76.472	3.074e+00	-4.244	1729	5.451	0.819
76.472	4.035e+00	-4.327	1659	5.462	0.809
76.472	5.303e+00	-4.407	1593	5.472	0.800
76.472	6.972e+00	-4.477	1537	5.480	0.792
76.472	9.163e+00	-4.540	1488	5.487	0.786
77.520	1.019e-04	-0.688	3642	3.195	11.069
77.520	1.339e-04	-0.786	3585	3.266	10.198
77.520	1.760e-04	-0.886	3522	3.335	9.422
77.520	2.305e-04	-0.981	3462	3.400	8.743
77.520	3.017e-04	-1.068	3409	3.461	8.154
77.520	3.983e-04	-1.141	3370	3.513	7.676
77.520	5.204e-04	-1.186	3347	3.546	7.390
77.520	6.843e-04	-1.210	3335	3.564	7.241
77.520	8.961e-04	-1.227	3329	3.578	7.128
77.520	1.180e-03	-1.251	3320	3.598	6.963
77.520	1.551e-03	-1.301	3307	3.641	6.625
77.520	2.040e-03	-1.435	3282	3.762	5.766
77.520	2.671e-03	-1.557	3285	3.886	5.000
77.520	3.497e-03	-1.663	3293	3.995	4.408
77.520	4.616e-03	-1.758	3309	4.099	3.912
77.520	6.032e-03	-1.842	3330	4.194	3.504
77.520	7.930e-03	-1.925	3354	4.289	3.142
77.520	1.038e-02	-2.023	3339	4.379	2.833
77.520	1.359e-02	-2.124	3307	4.463	2.571
77.520	1.784e-02	-2.220	3277	4.544	2.342
77.520	2.337e-02	-2.313	3248	4.621	2.143
77.520	3.054e-02	-2.403	3219	4.696	1.967
77.520	3.983e-02	-2.491	3191	4.768	1.810
77.520	5.228e-02	-2.578	3165	4.841	1.664
77.520	6.870e-02	-2.677	3115	4.913	1.532
77.520	9.069e-02	-2.780	3056	4.982	1.415
77.520	1.185e-01	-2.874	3003	5.046	1.314
77.520	1.558e-01	-2.979	2931	5.109	1.222
77.520	2.048e-01	-3.094	2837	5.168	1.143
77.520	2.693e-01	-3.209	2737	5.220	1.075
77.520	3.539e-01	-3.342	2605	5.267	1.019
77.520	4.653e-01	-3.473	2470	5.306	0.975
77.520	6.115e-01	-3.598	2342	5.338	0.939
77.520	8.072e-01	-3.710	2231	5.366	0.909
77.520	1.068e+00	-3.821	2121	5.389	0.885
77.520	1.397e+00	-3.919	2027	5.408	0.866
77.520	1.848e+00	-4.013	1939	5.425	0.850
77.520	2.411e+00	-4.093	1866	5.438	0.837
77.520	3.164e+00	-4.169	1797	5.450	0.826
77.520	4.158e+00	-4.235	1740	5.459	0.817
77.520	5.467e+00	-4.291	1692	5.467	0.810
77.520	7.186e+00	-4.341	1650	5.473	0.804
77.520	9.485e+00	-4.380	1618	5.478	0.800
78.567	1.024e-04	-0.679	3653	3.197	11.116
78.567	1.343e-04	-0.777	3597	3.268	10.244
78.567	1.766e-04	-0.876	3534	3.337	9.463
78.567	2.303e-04	-0.970	3474	3.401	8.789
78.567	3.040e-04	-1.060	3419	3.463	8.183
78.567	3.980e-04	-1.129	3381	3.513	7.728
78.567	5.253e-04	-1.173	3359	3.546	7.444
78.567	6.877e-04	-1.196	3347	3.562	7.304
78.567	9.026e-04	-1.214	3338	3.576	7.189
78.567	1.194e-03	-1.242	3328	3.598	7.009
78.567	1.569e-03	-1.298	3313	3.646	6.631
78.567	2.063e-03	-1.439	3287	3.773	5.727
78.567	2.711e-03	-1.559	3290	3.896	4.975
78.567	3.564e-03	-1.665	3297	4.005	4.387
78.567	4.685e-03	-1.757	3313	4.106	3.906
78.567	6.159e-03	-1.843	3335	4.203	3.494
78.567	8.066e-03	-1.923	3359	4.295	3.141
78.567	1.062e-02	-2.022	3345	4.387	2.826
78.567	1.396e-02	-2.124	3312	4.472	2.562
78.567	1.833e-02	-2.220	3283	4.553	2.335
78.567	2.409e-02	-2.314	3254	4.631	2.134
78.567	3.167e-02	-2.406	3224	4.707	1.955
78.567	4.162e-02	-2.495	3196	4.781	1.795
78.567	5.473e-02	-2.583	3169	4.855	1.649
78.567	7.167e-02	-2.682	3118	4.925	1.521
78.567	9.382e-02	-2.781	3061	4.992	1.408
78.567	1.231e-01	-2.877	3008	5.057	1.306
78.567	1.618e-01	-2.981	2936	5.120	1.216
78.567	2.128e-01	-3.096	2842	5.178	1.137
78.567	2.796e-01	-3.210	2742	5.230	1.071
78.567	3.648e-01	-3.335	2617	5.274	1.018
78.567	4.787e-01	-3.462	2486	5.312	0.974
78.567	6.269e-01	-3.581	2365	5.343	0.940
78.567	8.207e-01	-3.686	2259	5.369	0.912
78.567	1.085e+00	-3.787	2159	5.391	0.889
78.567	1.433e+00	-3.877	2071	5.410	0.871
78.567	1.876e+00	-3.957	1995	5.424	0.856
78.567	2.476e+00	-4.027	1930	5.436	0.844
78.567	3.241e+00	-4.084	1877	5.446	0.835
78.567	4.254e+00	-4.133	1833	5.453	0.828
78.567	5.591e+00	-4.171	1800	5.459	0.823
78.567	7.292e+00	-4.196	1778	5.463	0.819
78.567	9.626e+00	-4.212	1763	5.465	0.817
80.663	1.005e-04	-0.651	3680	3.194	11.308
80.663	1.321e-04	-0.750	3624	3.266	10.408
80.663	1.736e-04	-0.849	3563	3.336	9.606
80.663	2.274e-04	-0.945	3501	3.401	8.909
80.663	2.977e-04	-1.033	3446	3.461	8.313
80.663	3.907e-04	-1.103	3405	3.511	7.855
80.663	5.134e-04	-1.145	3383	3.541	7.582
80.663	6.751e-04	-1.167	3372	3.557	7.442
80.663	8.840e-04	-1.186	3362	3.571	7.323
80.663	1.165e-03	-1.216	3347	3.594	7.137
80.663	1.530e-03	-1.277	3327	3.644	6.734
80.663	2.010e-03	-1.420	3297	3.772	5.813
80.663	2.635e-03	-1.539	3297	3.891	5.068
80.663	3.478e-03	-1.645	3305	4.000	4.469
80.663	4.545e-03	-1.736	3317	4.098	3.993
80.663	5.928e-03	-1.818	3338	4.191	3.587
80.663	7.719e-03	-1.897	3360	4.281	3.234
80.663	1.019e-02	-1.986	3367	4.374	2.906
80.663	1.348e-02	-2.092	3334	4.463	2.625
80.663	1.764e-02	-2.188	3304	4.543	2.392
80.663	2.315e-02	-2.282	3275	4.622	2.186
80.663	3.043e-02	-2.374	3246	4.698	2.001
80.663	4.001e-02	-2.464	3217	4.773	1.836
80.663	5.258e-02	-2.551	3191	4.846	1.687
80.663	6.859e-02	-2.643	3152	4.917	1.556
80.663	9.053e-02	-2.746	3093	4.987	1.436
80.663	1.183e-01	-2.840	3041	5.052	1.332
80.663	1.556e-01	-2.941	2977	5.115	1.238
80.663	2.044e-01	-3.049	2894	5.174	1.157
80.663	2.688e-01	-3.163	2794	5.227	1.089
80.663	3.520e-01	-3.274	2692	5.273	1.032
80.663	4.637e-01	-3.400	2561	5.313	0.986
80.663	6.094e-01	-3.512	2445	5.344	0.951
80.663	8.012e-01	-3.614	2338	5.369	0.924
80.663	1.053e+00	-3.694	2259	5.389	0.903
80.663	1.385e+00	-3.766	2187	5.405	0.887
80.663	1.820e+00	-3.824	2130	5.417	0.875
80.663	2.373e+00	-3.868	2088	5.426	0.866
80.663	3.133e+00	-3.901	2056	5.432	0.859
80.663	4.101e+00	-3.922	2035	5.436	0.856
80.663	5.414e+00	-3.934	2025	5.438	0.854
80.663	7.075e+00	-3.938	2020	5.439	0.853
80.663	9.228e+00	-3.940	2019	5.439	0.853
81.710	1.034e-04	-0.651	3686	3.202	11.274
81.710	1.357e-04	-0.750	3630	3.274	10.381
81.710	1.783e-04	-0.848	3569	3.343	9.583
81.710	2.344e-04	-0.945	3506	3.410	8.880
81.710	3.081e-04	-1.032	3452	3.469	8.290
81.710	4.051e-04	-1.098	3413	3.516	7.860
81.710	5.324e-04	-1.135	3393	3.542	7.620
81.710	6.944e-04	-1.155	3383	3.557	7.495
81.710	9.166e-04	-1.176	3372	3.572	7.365
81.710	1.207e-03	-1.211	3354	3.598	7.150
81.710	1.587e-03	-1.287	3329	3.661	6.649
81.710	2.067e-03	-1.431	3301	3.790	5.728
81.710	2.734e-03	-1.550	3303	3.910	4.993
81.710	3.566e-03	-1.648	3310	4.012	4.437
81.710	4.707e-03	-1.742	3322	4.112	3.955
81.710	6.162e-03	-1.824	3344	4.205	3.552
81.710	8.023e-03	-1.901	3367	4.295	3.204
81.710	1.059e-02	-1.991	3371	4.387	2.881
81.710	1.395e-02	-2.095	3338	4.474	2.608
81.710	1.827e-02	-2.191	3309	4.554	2.377
81.710	2.392e-02	-2.283	3280	4.632	2.174
81.710	3.157e-02	-2.377	3250	4.709	1.989
81.710	4.125e-02	-2.464	3223	4.782	1.828
81.710	5.424e-02	-2.552	3197	4.856	1.680
81.710	7.103e-02	-2.645	3157	4.927	1.548
81.710	9.234e-02	-2.742	3101	4.993	1.434
81.710	1.207e-01	-2.837	3049	5.058	1.331
81.710	1.574e-01	-2.933	2988	5.120	1.240
81.710	2.078e-01	-3.041	2906	5.179	1.157
81.710	2.720e-01	-3.153	2808	5.231	1.090
81.710	3.570e-01	-3.260	2712	5.277	1.034
81.710	4.692e-01	-3.381	2586	5.316	0.989
81.710	6.119e-01	-3.485	2477	5.346	0.956
81.710	8.078e-01	-3.581	2377	5.370	0.929
81.710	1.064e+00	-3.657	2300	5.389	0.910
81.710	1.398e+00	-3.715	2242	5.403	0.895
81.710	1.846e+00	-3.765	2193	5.413	0.884
81.710	2.417e+00	-3.797	2161	5.420	0.877
81.710	3.172e+00	-3.818	2141	5.425	0.873
81.710	4.169e+00	-3.829	2130	5.427	0.870
81.710	5.437e+00	-3.834	2125	5.428	0.869
81.710	7.136e+00	-3.835	2124	5.428	0.869
81.710	9.345e+00	-3.836	2123	5.428	0.869
83.805	1.011e-04	-0.625	3708	3.198	11.478
83.805	1.329e-04	-0.722	3656	3.270	10.556
83.805	1.734e-04	-0.818	3599	3.339	9.758
83.805	2.289e-04	-0.917	3535	3.406	9.027
83.805	2.996e-04	-1.003	3480	3.465	8.434
83.805	3.932e-04	-1.069	3439	3.511	8.001
83.805	5.150e-04	-1.106	3418	3.537	7.764
83.805	6.741e-04	-1.126	3408	3.552	7.635
83.805	8.848e-04	-1.147	3397	3.567	7.504
83.805	1.163e-03	-1.182	3379	3.592	7.285
83.805	1.535e-03	-1.265	3344	3.658	6.760
83.805	1.976e-03	-1.405	3311	3.780	5.868
83.805	2.613e-03	-1.524	3309	3.899	5.122
83.805	3.409e-03	-1.622	3316	4.000	4.556
83.805	4.474e-03	-1.715	3325	4.098	4.073
83.805	5.880e-03	-1.798	3346	4.191	3.656
83.805	7.670e-03	-1.876	3368	4.281	3.298
83.805	1.007e-02	-1.953	3393	4.371	2.972
83.805	1.323e-02	-2.057	3361	4.459	2.688
83.805	1.746e-02	-2.157	3330	4.542	2.441
83.805	2.286e-02	-2.250	3302	4.621	2.231
83.805	3.001e-02	-2.342	3273	4.697	2.043
83.805	3.930e-02	-2.431	3245	4.771	1.876
83.805	5.144e-02	-2.517	3219	4.844	1.725
83.805	6.752e-02	-2.605	3190	4.916	1.587
83.805	8.874e-02	-2.707	3133	4.986	1.464
83.805	1.157e-01	-2.801	3081	5.051	1.358
83.805	1.528e-01	-2.897	3026	5.116	1.260
83.805	1.997e-01	-2.998	2952	5.175	1.178
83.805	2.604e-01	-3.106	2861	5.227	1.110
83.805	3.438e-01	-3.208	2772	5.275	1.051
83.805	4.528e-01	-3.318	2662	5.314	1.004
83.805	5.951e-01	-3.417	2559	5.345	0.969
83.805	7.825e-01	-3.500	2471	5.367	0.944
83.805	1.028e+00	-3.566	2402	5.384	0.926
83.805	1.341e+00	-3.613	2353	5.395	0.915
83.805	1.771e+00	-3.640	2325	5.402	0.908
83.805	2.318e+00	-3.656	2309	5.406	0.904
83.805	3.042e+00	-3.664	2301	5.408	0.901
83.805	3.984e+00	-3.667	2298	5.408	0.901
83.805	5.248e+00	-3.668	2297	5.409	0.900
83.805	6.985e+00	-3.668	2297	5.409	0.900
83.805	9.297e+00	-3.668	2297	5.409	0.900
85.900	1.013e-04	-0.608	3726	3.199	11.600
85.900	1.321e-04	-0.701	3680	3.270	10.687
85.900	1.744e-04	-0.800	3621	3.342	9.840
85.900	2.283e-04	-0.896	3560	3.408	9.123
85.900	2.973e-04	-0.980	3505	3.465	8.540
85.900	3.902e-04	-1.044	3464	3.509	8.117
85.900	5.129e-04	-1.080	3443	3.534	7.890
85.900	6.690e-04	-1.099	3432	3.548	7.765
85.900	8.830e-04	-1.122	3420	3.564	7.622
85.900	1.163e-03	-1.161	3399	3.593	7.374
85.900	1.529e-03	-1.259	3354	3.667	6.766
85.900	1.965e-03	-1.397	3321	3.788	5.890
85.900	2.588e-03	-1.512	3317	3.901	5.168
85.900	3.401e-03	-1.611	3324	4.004	4.593
85.900	4.472e-03	-1.703	3332	4.100	4.110
85.900	5.877e-03	-1.786	3351	4.193	3.694
85.900	7.666e-03	-1.863	3373	4.282	3.336
85.900	1.012e-02	-1.941	3401	4.373	3.002
85.900	1.333e-02	-2.041	3376	4.462	2.711
85.900	1.752e-02	-2.140	3346	4.544	2.465
85.900	2.285e-02	-2.232	3318	4.622	2.255
85.900	2.971e-02	-2.321	3290	4.696	2.071
85.900	3.899e-02	-2.410	3262	4.771	1.900
85.900	5.124e-02	-2.498	3237	4.845	1.744
85.900	6.737e-02	-2.586	3209	4.918	1.604
85.900	8.855e-02	-2.685	3157	4.989	1.478
85.900	1.169e-01	-2.783	3103	5.057	1.367
85.900	1.530e-01	-2.876	3051	5.120	1.271
85.900	2.008e-01	-2.976	2981	5.179	1.187
85.900	2.639e-01	-3.081	2893	5.233	1.116
85.900	3.470e-01	-3.178	2809	5.278	1.059
85.900	4.544e-01	-3.269	2724	5.316	1.014
85.900	5.949e-01	-3.360	2627	5.345	0.981
85.900	7.808e-01	-3.429	2555	5.365	0.958
85.900	1.022e+00	-3.479	2502	5.379	0.943
85.900	1.339e+00	-3.510	2470	5.387	0.934
85.900	1.767e+00	-3.528	2452	5.392	0.929
85.900	2.309e+00	-3.535	2444	5.394	0.927
85.900	3.036e+00	-3.538	2441	5.395	0.926
85.900	3.990e+00	-3.538	2440	5.395	0.926
85.900	5.310e+00	-3.539	2440	5.395	0.926
85.900	7.068e+00	-3.539	2440	5.395	0.926
85.900	9.408e+00	-3.539	2440	5.395	0.926
87.996	1.016e-04	-0.591	3743	3.201	11.715
87.996	1.330e-04	-0.684	3700	3.274	10.777
87.996	1.756e-04	-0.784	3642	3.346	9.919
87.996	2.299e-04	-0.878	3581	3.411	9.196
87.996	3.034e-04	-0.965	3525	3.470	8.593
87.996	3.972e-04	-1.024	3487	3.510	8.205
87.996	5.244e-04	-1.055	3467	3.532	8.000
87.996	6.852e-04	-1.075	3455	3.546	7.878
87.996	9.045e-04	-1.100	3441	3.564	7.717
87.996	1.184e-03	-1.146	3416	3.597	7.428
87.996	1.563e-03	-1.270	3359	3.692	6.654
87.996	2.059e-03	-1.413	3328	3.818	5.757
87.996	2.706e-03	-1.521	3326	3.925	5.089
87.996	3.530e-03	-1.614	3333	4.022	4.554
87.996	4.633e-03	-1.703	3341	4.116	4.087
87.996	6.088e-03	-1.785	3359	4.207	3.679
87.996	8.005e-03	-1.863	3383	4.297	3.317
87.996	1.052e-02	-1.939	3410	4.387	2.992
87.996	1.389e-02	-2.039	3387	4.475	2.702
87.996	1.829e-02	-2.137	3358	4.558	2.455
87.996	2.396e-02	-2.230	3329	4.637	2.243
87.996	3.136e-02	-2.321	3300	4.713	2.056
87.996	4.140e-02	-2.412	3273	4.789	1.883
87.996	5.419e-02	-2.499	3248	4.862	1.731
87.996	7.153e-02	-2.587	3220	4.936	1.590
87.996	9.364e-02	-2.685	3168	5.005	1.468
87.996	1.229e-01	-2.780	3117	5.072	1.359
87.996	1.615e-01	-2.873	3064	5.135	1.264
87.996	2.124e-01	-2.971	2995	5.194	1.181
87.996	2.791e-01	-3.071	2912	5.245	1.113
87.996	3.670e-01	-3.162	2834	5.288	1.060
87.996	4.823e-01	-3.241	2762	5.323	1.018
87.996	6.342e-01	-3.318	2682	5.348	0.989
87.996	8.305e-01	-3.370	2626	5.365	0.970
87.996	1.087e+00	-3.403	2593	5.375	0.959
87.996	1.435e+00	-3.420	2574	5.380	0.954
87.996	1.879e+00	-3.427	2567	5.382	0.951
87.996	2.480e+00	-3.430	2564	5.382	0.951
87.996	3.266e+00	-3.430	2564	5.382	0.951
87.996	4.329e+00	-3.430	2564	5.383	0.951
87.996	5.762e+00	-3.430	2563	5.383	0.951
87.996	7.669e+00	-3.431	2563	5.383	0.951
87.996	1.000e+01	-3.431	2563	5.383	0.950
90.091	1.046e-04	-0.584	3756	3.210	11.735
90.091	1.374e-04	-0.677	3714	3.284	10.780
90.091	1.793e-04	-0.772	3659	3.353	9.957
90.091	2.366e-04	-0.868	3598	3.420	9.216
90.091	3.093e-04	-0.948	3545	3.474	8.654
90.091	4.034e-04	-1.002	3511	3.511	8.301
90.091	5.325e-04	-1.030	3493	3.530	8.116
90.091	6.958e-04	-1.050	3480	3.544	7.991
90.091	9.185e-04	-1.079	3463	3.563	7.810
90.091	1.202e-03	-1.133	3432	3.603	7.465
90.091	1.587e-03	-1.277	3366	3.712	6.579
90.091	2.099e-03	-1.414	3336	3.834	5.721
90.091	2.748e-03	-1.518	3333	3.936	5.084
90.091	3.606e-03	-1.611	3341	4.033	4.548
90.091	4.740e-03	-1.699	3349	4.126	4.087
90.091	6.232e-03	-1.781	3366	4.216	3.684
90.091	8.161e-03	-1.856	3390	4.304	3.329
90.091	1.068e-02	-1.930	3417	4.392	3.010
90.091	1.402e-02	-2.025	3402	4.479	2.723
90.091	1.843e-02	-2.123	3373	4.562	2.475
90.091	2.404e-02	-2.214	3345	4.639	2.264
90.091	3.155e-02	-2.306	3316	4.716	2.073
90.091	4.131e-02	-2.395	3289	4.790	1.903
90.091	5.408e-02	-2.481	3264	4.863	1.749
90.091	7.139e-02	-2.569	3237	4.937	1.606
90.091	9.329e-02	-2.664	3191	5.007	1.483
90.091	1.227e-01	-2.759	3140	5.074	1.372
90.091	1.612e-01	-2.852	3088	5.138	1.275
90.091	2.103e-01	-2.943	3026	5.194	1.195
90.091	2.760e-01	-3.037	2954	5.245	1.127
90.091	3.627e-01	-3.124	2878	5.287	1.073
90.091	4.769e-01	-3.194	2817	5.320	1.033
90.091	6.245e-01	-3.252	2762	5.344	1.005
90.091	8.176e-01	-3.298	2713	5.359	0.988
90.091	1.065e+00	-3.322	2687	5.367	0.980
90.091	1.384e+00	-3.333	2676	5.370	0.976
90.091	1.816e+00	-3.337	2672	5.371	0.975
90.091	2.387e+00	-3.338	2671	5.371	0.974
90.091	3.177e+00	-3.338	2671	5.371	0.974
90.091	4.229e+00	-3.338	2670	5.371	0.974
90.091	5.629e+00	-3.338	2670	5.371	0.974
90.091	7.492e+00	-3.338	2670	5.372	0.974
90.091	9.972e+00	-3.339	2670	5.372	0.974
92.186	1.003e-04	-0.553	3779	3.199	12.014
92.186	1.319e-04	-0.645	3740	3.274	11.028
92.186	1.728e-04	-0.741	3687	3.345	10.164
92.186	2.262e-04	-0.834	3630	3.411	9.419
92.186	2.969e-04	-0.917	3576	3.468	8.823
92.186	3.902e-04	-0.973	3539	3.506	8.445
92.186	5.130e-04	-1.002	3521	3.525	8.256
92.186	6.718e-04	-1.022	3507	3.539	8.127
92.186	8.849e-04	-1.051	3489	3.559	7.944
92.186	1.163e-03	-1.108	3455	3.599	7.584
92.186	1.517e-03	-1.251	3382	3.705	6.714
92.186	1.937e-03	-1.373	3351	3.811	5.944
92.186	2.536e-03	-1.481	3340	3.913	5.281
92.186	3.348e-03	-1.577	3346	4.012	4.716
92.186	4.375e-03	-1.663	3354	4.102	4.249
92.186	5.706e-03	-1.745	3365	4.189	3.843
92.186	7.489e-03	-1.821	3387	4.277	3.473
92.186	9.843e-03	-1.896	3414	4.366	3.137
92.186	1.284e-02	-1.974	3428	4.451	2.842
92.186	1.695e-02	-2.076	3397	4.537	2.575
92.186	2.219e-02	-2.170	3369	4.617	2.349
92.186	2.912e-02	-2.263	3340	4.695	2.148
92.186	3.827e-02	-2.353	3312	4.771	1.968
92.186	4.992e-02	-2.439	3288	4.843	1.810
92.186	6.589e-02	-2.527	3261	4.918	1.661
92.186	8.626e-02	-2.615	3230	4.989	1.531
92.186	1.139e-01	-2.714	3176	5.059	1.413
92.186	1.491e-01	-2.805	3126	5.122	1.313
92.186	1.956e-01	-2.894	3073	5.182	1.226
92.186	2.571e-01	-2.985	3007	5.234	1.154
92.186	3.381e-01	-3.070	2936	5.278	1.098
92.186	4.443e-01	-3.139	2876	5.311	1.056
92.186	5.795e-01	-3.188	2833	5.334	1.029
92.186	7.650e-01	-3.224	2800	5.350	1.011
92.186	1.001e+00	-3.244	2780	5.357	1.002
92.186	1.322e+00	-3.253	2771	5.361	0.998
92.186	1.730e+00	-3.256	2768	5.362	0.997
92.186	2.284e+00	-3.256	2768	5.362	0.996
92.186	3.034e+00	-3.256	2768	5.362	0.996
92.186	4.038e+00	-3.257	2768	5.362	0.996
92.186	5.375e+00	-3.257	2767	5.362	0.996
92.186	7.154e+00	-3.257	2767	5.362	0.996
92.186	9.522e+00	-3.257	2767	5.362	0.996
94.281	1.022e-04	-0.543	3792	3.205	12.068
94.281	1.344e-04	-0.635	3754	3.280	11.075
94.281	1.767e-04	-0.731	3703	3.352	10.195
94.281	2.332e-04	-0.825	3646	3.419	9.434
94.281	3.053e-04	-0.903	3595	3.473	8.870
94.281	4.030e-04	-0.953	3561	3.507	8.529
94.281	5.276e-04	-0.978	3545	3.524	8.364
94.281	6.924e-04	-1.000	3531	3.538	8.226
94.281	9.100e-04	-1.033	3510	3.561	8.014
94.281	1.201e-03	-1.108	3464	3.613	7.548
94.281	1.582e-03	-1.270	3384	3.735	6.560
94.281	2.080e-03	-1.397	3354	3.846	5.771
94.281	2.745e-03	-1.501	3348	3.947	5.137
94.281	3.594e-03	-1.590	3355	4.040	4.618
94.281	4.679e-03	-1.673	3363	4.127	4.176
94.281	6.142e-03	-1.755	3375	4.215	3.774
94.281	8.072e-03	-1.830	3399	4.303	3.412
94.281	1.061e-02	-1.904	3426	4.390	3.084
94.281	1.390e-02	-1.987	3434	4.477	2.792
94.281	1.819e-02	-2.084	3404	4.559	2.539
94.281	2.388e-02	-2.179	3376	4.639	2.315
94.281	3.138e-02	-2.272	3347	4.717	2.117
94.281	4.094e-02	-2.359	3321	4.791	1.945
94.281	5.403e-02	-2.448	3296	4.866	1.782
94.281	7.074e-02	-2.533	3270	4.939	1.641
94.281	9.284e-02	-2.622	3237	5.010	1.511
94.281	1.220e-01	-2.718	3185	5.078	1.398
94.281	1.604e-01	-2.810	3135	5.141	1.299
94.281	2.108e-01	-2.896	3082	5.199	1.216
94.281	2.772e-01	-2.981	3020	5.248	1.149
94.281	3.643e-01	-3.055	2960	5.287	1.098
94.281	4.790e-01	-3.114	2909	5.315	1.063
94.281	6.273e-01	-3.152	2875	5.333	1.041
94.281	8.155e-01	-3.173	2857	5.343	1.029
94.281	1.066e+00	-3.183	2848	5.348	1.024
94.281	1.401e+00	-3.187	2844	5.350	1.022
94.281	1.842e+00	-3.188	2844	5.350	1.021
94.281	2.451e+00	-3.188	2843	5.350	1.021
94.281	3.262e+00	-3.188	2843	5.350	1.021
94.281	4.342e+00	-3.189	2843	5.351	1.021
94.281	5.780e+00	-3.189	2843	5.351	1.021
94.281	7.693e+00	-3.189	2843	5.351	1.021
94.281	1.000e+01	-3.189	2842	5.351	1.020
96.376	1.005e-04	-0.521	3810	3.201	12.258
96.376	1.321e-04	-0.613	3773	3.276	11.246
96.376	1.723e-04	-0.704	3728	3.346	10.370
96.376	2.275e-04	-0.799	3672	3.415	9.588
96.376	2.978e-04	-0.876	3622	3.468	9.012
96.376	3.931e-04	-0.927	3589	3.503	8.664
96.376	5.146e-04	-0.952	3572	3.520	8.497
96.376	6.754e-04	-0.973	3558	3.534	8.355
96.376	8.876e-04	-1.008	3535	3.558	8.133
96.376	1.172e-03	-1.087	3485	3.612	7.638
96.376	1.543e-03	-1.254	3398	3.735	6.633
96.376	2.028e-03	-1.380	3365	3.844	5.847
96.376	2.678e-03	-1.484	3356	3.944	5.214
96.376	3.499e-03	-1.572	3361	4.034	4.697
96.376	4.564e-03	-1.655	3369	4.122	4.249
96.376	6.024e-03	-1.739	3379	4.211	3.835
96.376	7.887e-03	-1.813	3402	4.296	3.475
96.376	1.035e-02	-1.886	3428	4.383	3.145
96.376	1.355e-02	-1.960	3451	4.469	2.848
96.376	1.771e-02	-2.058	3422	4.552	2.589
96.376	2.329e-02	-2.154	3394	4.633	2.358
96.376	3.050e-02	-2.246	3365	4.710	2.157
96.376	3.993e-02	-2.335	3339	4.785	1.978
96.376	5.199e-02	-2.419	3315	4.858	1.821
96.376	6.758e-02	-2.503	3290	4.928	1.679
96.376	8.921e-02	-2.591	3261	5.001	1.543
96.376	1.166e-01	-2.683	3215	5.069	1.428
96.376	1.533e-01	-2.775	3165	5.133	1.326
96.376	2.014e-01	-2.860	3116	5.191	1.240
96.376	2.649e-01	-2.942	3059	5.241	1.171
96.376	3.481e-01	-3.010	3010	5.281	1.119
96.376	4.540e-01	-3.065	2963	5.308	1.084
96.376	5.993e-01	-3.101	2931	5.325	1.063
96.376	7.832e-01	-3.119	2915	5.334	1.052
96.376	1.022e+00	-3.127	2908	5.338	1.048
96.376	1.349e+00	-3.129	2906	5.339	1.046
96.376	1.776e+00	-3.130	2905	5.339	1.046
96.376	2.364e+00	-3.130	2905	5.339	1.046
96.376	3.147e+00	-3.130	2905	5.339	1.046
96.376	4.189e+00	-3.130	2905	5.339	1.046
96.376	5.575e+00	-3.130	2905	5.339	1.046
96.376	7.420e+00	-3.131	2905	5.339	1.046
96.376	9.876e+00	-3.131	2904	5.340	1.045
98.471	1.014e-04	-0.509	3822	3.204	12.346
98.471	1.339e-04	-0.602	3787	3.281	11.309
98.471	1.752e-04	-0.693	3744	3.352	10.417
98.471	2.318e-04	-0.786	3689	3.420	9.634
98.471	3.047e-04	-0.861	3641	3.472	9.074
98.471	4.005e-04	-0.905	3612	3.502	8.764
98.471	5.224e-04	-0.928	3597	3.517	8.609
98.471	6.895e-04	-0.952	3581	3.533	8.453
98.471	9.083e-04	-0.992	3554	3.561	8.192
98.471	1.194e-03	-1.090	3491	3.628	7.579
98.471	1.576e-03	-1.261	3403	3.754	6.558
98.471	2.076e-03	-1.382	3373	3.860	5.805
98.471	2.728e-03	-1.482	3364	3.955	5.201
98.471	3.587e-03	-1.571	3369	4.046	4.684
98.471	4.697e-03	-1.654	3376	4.133	4.237
98.471	6.138e-03	-1.734	3385	4.218	3.842
98.471	8.006e-03	-1.806	3408	4.302	3.490
98.471	1.057e-02	-1.880	3435	4.390	3.154
98.471	1.384e-02	-1.954	3459	4.475	2.858
98.471	1.830e-02	-2.054	3433	4.562	2.586
98.471	2.415e-02	-2.151	3404	4.645	2.352
98.471	3.162e-02	-2.242	3376	4.722	2.152
98.471	4.173e-02	-2.333	3350	4.799	1.969
98.471	5.463e-02	-2.420	3325	4.873	1.809
98.471	7.171e-02	-2.506	3300	4.946	1.663
98.471	9.424e-02	-2.592	3273	5.017	1.531
98.471	1.239e-01	-2.686	3225	5.086	1.415
98.471	1.629e-01	-2.775	3176	5.149	1.316
98.471	2.141e-01	-2.857	3129	5.204	1.235
98.471	2.814e-01	-2.932	3077	5.251	1.170
98.471	3.715e-01	-2.992	3035	5.286	1.124
98.471	4.863e-01	-3.035	3000	5.309	1.095
98.471	6.419e-01	-3.061	2977	5.322	1.079
98.471	8.388e-01	-3.072	2967	5.327	1.072
98.471	1.094e+00	-3.076	2964	5.329	1.070
98.471	1.444e+00	-3.077	2963	5.329	1.069
98.471	1.918e+00	-3.077	2963	5.329	1.069
98.471	2.553e+00	-3.077	2963	5.329	1.069
98.471	3.398e+00	-3.077	2962	5.329	1.069
98.471	4.523e+00	-3.077	2962	5.329	1.069
98.471	6.021e+00	-3.077	2962	5.330	1.069
98.471	8.013e+00	-3.078	2962	5.330	1.069
100.566	1.008e-04	-0.493	3836	3.203	12.492
100.566	1.331e-04	-0.584	3803	3.280	11.439
100.566	1.742e-04	-0.673	3765	3.351	10.534
100.566	2.287e-04	-0.765	3711	3.418	9.761
100.566	3.006e-04	-0.838	3666	3.469	9.198
100.566	3.952e-04	-0.880	3638	3.499	8.891
100.566	5.194e-04	-0.904	3622	3.514	8.731
100.566	6.774e-04	-0.927	3606	3.530	8.574
100.566	8.959e-04	-0.970	3578	3.559	8.291
100.566	1.178e-03	-1.079	3507	3.633	7.614
100.566	1.545e-03	-1.247	3416	3.756	6.612
100.566	2.031e-03	-1.366	3385	3.859	5.872
100.566	2.669e-03	-1.467	3372	3.953	5.270
100.566	3.510e-03	-1.555	3375	4.043	4.753
100.566	4.612e-03	-1.638	3383	4.130	4.298
100.566	6.016e-03	-1.718	3390	4.214	3.904
100.566	7.942e-03	-1.793	3412	4.300	3.533
100.566	1.040e-02	-1.865	3438	4.385	3.205
100.566	1.364e-02	-1.938	3464	4.471	2.902
100.566	1.793e-02	-2.030	3450	4.557	2.630
100.566	2.367e-02	-2.128	3421	4.640	2.391
100.566	3.099e-02	-2.220	3393	4.717	2.186
100.566	4.067e-02	-2.310	3367	4.793	2.003
100.566	5.346e-02	-2.397	3342	4.868	1.837
100.566	6.972e-02	-2.482	3317	4.940	1.692
100.566	9.151e-02	-2.567	3292	5.011	1.558
100.566	1.203e-01	-2.657	3252	5.080	1.439
100.566	1.581e-01	-2.747	3203	5.144	1.338
100.566	2.078e-01	-2.828	3157	5.200	1.254
100.566	2.733e-01	-2.899	3112	5.246	1.189
100.566	3.591e-01	-2.955	3073	5.280	1.144
100.566	4.722e-01	-2.993	3045	5.302	1.115
100.566	6.183e-01	-3.014	3029	5.314	1.100
100.566	8.081e-01	-3.024	3020	5.319	1.094
100.566	1.062e+00	-3.027	3017	5.320	1.092
100.566	1.408e+00	-3.027	3017	5.321	1.091
100.566	1.874e+00	-3.028	3017	5.321	1.091
100.566	2.494e+00	-3.028	3017	5.321	1.091
100.566	3.313e+00	-3.028	3017	5.321	1.091
100.566	4.410e+00	-3.028	3016	5.321	1.091
100.566	5.869e+00	-3.028	3016	5.321	1.091
100.566	7.812e+00	-3.029	3016	5.321	1.091
100.566	1.000e+01	-3.029	3016	5.321	1.091
102.661	1.032e-04	-0.486	3847	3.210	12.519
102.661	1.351e-04	-0.574	3817	3.285	11.493
102.661	1.784e-04	-0.665	3778	3.358	10.559
102.661	2.331e-04	-0.753	3727	3.422	9.809
102.661	3.041e-04	-0.820	3686	3.470	9.284
102.661	4.014e-04	-0.859	3661	3.497	8.996
102.661	5.254e-04	-0.881	3646	3.512	8.842
102.661	6.896e-04	-0.907	3629	3.530	8.667
102.661	9.064e-04	-0.955	3596	3.562	8.347
102.661	1.196e-03	-1.088	3509	3.653	7.521
102.661	1.572e-03	-1.250	3423	3.772	6.561
102.661	2.066e-03	-1.366	3392	3.871	5.848
102.661	2.694e-03	-1.462	3379	3.961	5.276
102.661	3.536e-03	-1.548	3381	4.049	4.770
102.661	4.648e-03	-1.631	3389	4.135	4.318
102.661	6.111e-03	-1.712	3397	4.220	3.914
102.661	8.031e-03	-1.786	3418	4.305	3.551
102.661	1.048e-02	-1.856	3443	4.388	3.227
102.661	1.383e-02	-1.930	3470	4.475	2.918
102.661	1.810e-02	-2.018	3463	4.560	2.648
102.661	2.394e-02	-2.116	3434	4.643	2.405
102.661	3.123e-02	-2.207	3406	4.720	2.201
102.661	4.122e-02	-2.299	3380	4.798	2.012
102.661	5.396e-02	-2.385	3356	4.872	1.848
102.661	7.122e-02	-2.473	3330	4.947	1.695
102.661	9.324e-02	-2.557	3305	5.018	1.563
102.661	1.231e-01	-2.646	3269	5.088	1.442
102.661	1.608e-01	-2.733	3221	5.149	1.344
102.661	2.098e-01	-2.810	3178	5.202	1.264
102.661	2.769e-01	-2.876	3138	5.247	1.200
102.661	3.619e-01	-2.927	3104	5.278	1.158
102.661	4.758e-01	-2.959	3081	5.298	1.132
102.661	6.253e-01	-2.975	3070	5.307	1.120
102.661	8.156e-01	-2.981	3065	5.311	1.115
102.661	1.071e+00	-2.983	3064	5.312	1.114
102.661	1.419e+00	-2.983	3063	5.312	1.113
102.661	1.884e+00	-2.984	3063	5.312	1.113
102.661	2.508e+00	-2.984	3063	5.312	1.113
102.661	3.338e+00	-2.984	3063	5.312	1.113
102.661	4.443e+00	-2.984	3063	5.312	1.113
102.661	5.914e+00	-2.984	3063	5.313	1.113
102.661	7.872e+00	-2.984	3063	5.313	1.113
102.661	1.000e+01	-2.985	3062	5.313	1.113
104.757	1.038e-04	-0.474	3859	3.212	12.618
104.757	1.364e-04	-0.562	3830	3.288	11.568
104.757	1.793e-04	-0.652	3792	3.360	10.642
104.757	2.348e-04	-0.738	3745	3.424	9.887
104.757	3.074e-04	-0.802	3707	3.470	9.374
104.757	4.057e-04	-0.838	3684	3.496	9.107
104.757	5.311e-04	-0.859	3669	3.510	8.953
104.757	6.971e-04	-0.887	3651	3.529	8.760
104.757	9.162e-04	-0.942	3613	3.567	8.391
104.757	1.209e-03	-1.093	3515	3.669	7.457
104.757	1.599e-03	-1.251	3430	3.785	6.523
104.757	2.094e-03	-1.363	3401	3.881	5.840
104.757	2.748e-03	-1.459	3387	3.971	5.266
104.757	3.599e-03	-1.544	3388	4.057	4.772
104.757	4.711e-03	-1.625	3396	4.141	4.331
104.757	6.183e-03	-1.705	3403	4.225	3.932
104.757	8.126e-03	-1.779	3423	4.309	3.569
104.757	1.068e-02	-1.851	3449	4.394	3.236
104.757	1.399e-02	-1.922	3475	4.479	2.936
104.757	1.828e-02	-2.006	3476	4.563	2.665
104.757	2.385e-02	-2.100	3448	4.643	2.431
104.757	3.148e-02	-2.195	3419	4.723	2.215
104.757	4.121e-02	-2.284	3394	4.799	2.030
104.757	5.440e-02	-2.373	3369	4.876	1.859
104.757	7.109e-02	-2.458	3344	4.948	1.711
104.757	9.347e-02	-2.543	3320	5.020	1.575
104.757	1.228e-01	-2.628	3289	5.089	1.455
104.757	1.602e-01	-2.713	3243	5.150	1.356
104.757	2.103e-01	-2.790	3199	5.203	1.275
104.757	2.764e-01	-2.852	3163	5.246	1.214
104.757	3.605e-01	-2.896	3136	5.275	1.175
104.757	4.759e-01	-2.925	3116	5.292	1.151
104.757	6.219e-01	-2.938	3107	5.300	1.140
104.757	8.085e-01	-2.943	3103	5.303	1.137
104.757	1.051e+00	-2.944	3103	5.304	1.136
104.757	1.366e+00	-2.944	3103	5.304	1.136
104.757	1.782e+00	-2.944	3102	5.304	1.136
104.757	2.367e+00	-2.944	3102	5.304	1.136
104.757	3.151e+00	-2.945	3102	5.304	1.136
104.757	4.193e+00	-2.945	3102	5.304	1.135
104.757	5.581e+00	-2.945	3102	5.304	1.135
104.757	7.429e+00	-2.945	3102	5.304	1.135
104.757	9.888e+00	-2.946	3102	5.305	1.135
