Mass/Mjup	Age/Gyr	log(L/Lsun)	Teff	log(g)	Radius/Rjup
0.047	1.019e-04	-6.079	427	1.649	1.619
0.047	1.348e-04	-6.175	419	1.709	1.512
0.047	1.775e-04	-6.267	411	1.770	1.409
0.047	2.348e-04	-6.398	395	1.830	1.315
0.047	3.086e-04	-6.499	385	1.887	1.232
0.047	4.073e-04	-6.612	373	1.943	1.155
0.047	5.386e-04	-6.729	359	1.997	1.086
0.047	7.095e-04	-6.847	346	2.049	1.022
0.047	9.325e-04	-6.962	333	2.098	0.966
0.047	1.231e-03	-7.074	321	2.146	0.914
0.047	1.621e-03	-7.196	307	2.193	0.866
0.047	2.131e-03	-7.321	293	2.236	0.824
0.047	2.802e-03	-7.448	279	2.277	0.786
0.047	3.683e-03	-7.566	267	2.316	0.752
0.047	4.842e-03	-7.682	255	2.352	0.721
0.047	6.403e-03	-7.798	243	2.387	0.692
0.047	8.416e-03	-7.913	232	2.420	0.667
0.047	1.111e-02	-8.032	220	2.452	0.643
0.047	1.463e-02	-8.157	209	2.482	0.621
0.047	1.923e-02	-8.278	198	2.509	0.602
0.047	2.543e-02	-8.403	187	2.535	0.584
0.047	3.357e-02	-8.523	177	2.559	0.568
0.047	4.395e-02	-8.636	168	2.582	0.554
0.047	5.812e-02	-8.753	159	2.604	0.540
0.047	7.672e-02	-8.869	150	2.625	0.527
0.047	1.011e-01	-8.990	142	2.646	0.514
0.047	1.337e-01	-9.112	134	2.667	0.502
0.047	1.757e-01	-9.233	126	2.685	0.491
0.047	2.310e-01	-9.357	119	2.703	0.481
0.047	3.025e-01	-9.480	112	2.719	0.472
0.047	3.959e-01	-9.603	105	2.735	0.464
0.047	5.226e-01	-9.728	99	2.750	0.456
0.047	6.842e-01	-9.850	93	2.764	0.449
0.047	9.048e-01	-9.976	87	2.778	0.442
0.047	1.190e+00	-10.100	81	2.791	0.435
0.047	1.564e+00	-10.223	76	2.803	0.429
0.047	2.056e+00	-10.332	72	2.814	0.424
0.063	1.040e-04	-5.889	477	1.775	1.619
0.063	1.375e-04	-5.997	463	1.830	1.519
0.063	1.819e-04	-6.098	450	1.884	1.427
0.063	2.401e-04	-6.188	441	1.938	1.341
0.063	3.176e-04	-6.311	424	1.990	1.263
0.063	4.157e-04	-6.417	410	2.038	1.195
0.063	5.498e-04	-6.531	395	2.087	1.129
0.063	7.271e-04	-6.644	380	2.135	1.068
0.063	9.559e-04	-6.752	367	2.181	1.013
0.063	1.256e-03	-6.866	352	2.225	0.963
0.063	1.658e-03	-6.976	339	2.269	0.917
0.063	2.185e-03	-7.092	325	2.310	0.874
0.063	2.889e-03	-7.214	310	2.351	0.834
0.063	3.797e-03	-7.343	294	2.390	0.797
0.063	5.012e-03	-7.473	279	2.426	0.764
0.063	6.561e-03	-7.595	265	2.460	0.736
0.063	8.661e-03	-7.715	252	2.492	0.709
0.063	1.145e-02	-7.836	239	2.523	0.684
0.063	1.509e-02	-7.959	227	2.552	0.661
0.063	1.983e-02	-8.084	214	2.579	0.641
0.063	2.623e-02	-8.214	202	2.604	0.623
0.063	3.448e-02	-8.341	190	2.628	0.606
0.063	4.532e-02	-8.464	179	2.650	0.591
0.063	5.993e-02	-8.589	169	2.671	0.577
0.063	7.880e-02	-8.713	159	2.691	0.563
0.063	1.036e-01	-8.839	150	2.711	0.551
0.063	1.370e-01	-8.969	140	2.730	0.539
0.063	1.808e-01	-9.100	132	2.749	0.527
0.063	2.391e-01	-9.231	123	2.765	0.517
0.063	3.162e-01	-9.361	115	2.781	0.508
0.063	4.139e-01	-9.484	108	2.795	0.500
0.063	5.464e-01	-9.613	101	2.808	0.492
0.063	7.198e-01	-9.733	95	2.820	0.486
0.063	9.426e-01	-9.842	90	2.831	0.480
0.063	1.232e+00	-9.940	86	2.840	0.475
0.063	1.619e+00	-10.028	82	2.848	0.470
0.063	2.128e+00	-10.103	79	2.855	0.467
0.063	2.810e+00	-10.170	76	2.860	0.464
0.063	3.678e+00	-10.231	73	2.866	0.461
0.063	4.864e+00	-10.298	71	2.871	0.458
0.126	1.025e-04	-5.426	536	1.814	2.187
0.126	1.350e-04	-5.560	512	1.869	2.054
0.126	1.775e-04	-5.659	498	1.921	1.935
0.126	2.347e-04	-5.761	484	1.973	1.823
0.126	3.086e-04	-5.858	471	2.022	1.722
0.126	4.056e-04	-5.958	457	2.071	1.627
0.126	5.364e-04	-6.075	439	2.119	1.540
0.126	7.080e-04	-6.193	421	2.164	1.462
0.126	9.268e-04	-6.303	405	2.206	1.394
0.126	1.223e-03	-6.408	391	2.247	1.329
0.126	1.602e-03	-6.511	377	2.287	1.269
0.126	2.118e-03	-6.624	361	2.328	1.211
0.126	2.785e-03	-6.736	346	2.366	1.159
0.126	3.660e-03	-6.851	331	2.403	1.111
0.126	4.831e-03	-6.971	315	2.439	1.066
0.126	6.324e-03	-7.094	300	2.472	1.026
0.126	8.348e-03	-7.227	283	2.504	0.988
0.126	1.093e-02	-7.348	268	2.533	0.956
0.126	1.445e-02	-7.472	254	2.562	0.924
0.126	1.900e-02	-7.595	240	2.589	0.896
0.126	2.513e-02	-7.727	226	2.616	0.869
0.126	3.303e-02	-7.860	212	2.640	0.845
0.126	4.335e-02	-7.998	199	2.663	0.824
0.126	5.698e-02	-8.134	186	2.684	0.804
0.126	7.521e-02	-8.270	174	2.704	0.785
0.126	9.845e-02	-8.400	163	2.722	0.769
0.126	1.300e-01	-8.535	153	2.740	0.753
0.126	1.712e-01	-8.665	143	2.757	0.738
0.126	2.250e-01	-8.795	134	2.773	0.725
0.126	2.935e-01	-8.924	125	2.788	0.713
0.126	3.815e-01	-9.052	117	2.801	0.702
0.126	5.007e-01	-9.187	109	2.814	0.692
0.126	6.581e-01	-9.323	102	2.827	0.682
0.126	8.653e-01	-9.460	95	2.839	0.673
0.126	1.137e+00	-9.598	88	2.850	0.664
0.126	1.495e+00	-9.737	82	2.860	0.656
0.126	1.965e+00	-9.874	76	2.870	0.648
0.126	2.594e+00	-10.006	71	2.880	0.641
0.189	1.000e-04	-5.159	631	2.007	2.145
0.189	1.317e-04	-5.257	613	2.057	2.026
0.189	1.731e-04	-5.373	590	2.105	1.918
0.189	2.290e-04	-5.494	565	2.149	1.821
0.189	3.010e-04	-5.598	545	2.192	1.734
0.189	3.957e-04	-5.702	526	2.233	1.654
0.189	5.223e-04	-5.811	505	2.274	1.578
0.189	6.837e-04	-5.921	485	2.312	1.510
0.189	8.974e-04	-6.035	464	2.349	1.447
0.189	1.179e-03	-6.147	444	2.385	1.389
0.189	1.557e-03	-6.268	422	2.419	1.334
0.189	2.051e-03	-6.379	404	2.453	1.285
0.189	2.695e-03	-6.484	387	2.485	1.238
0.189	3.538e-03	-6.590	371	2.517	1.193
0.189	4.599e-03	-6.700	354	2.547	1.153
0.189	6.022e-03	-6.812	338	2.577	1.113
0.189	7.933e-03	-6.936	320	2.606	1.076
0.189	1.043e-02	-7.061	303	2.634	1.042
0.189	1.371e-02	-7.186	286	2.661	1.011
0.189	1.802e-02	-7.316	269	2.686	0.982
0.189	2.383e-02	-7.444	254	2.710	0.955
0.189	3.133e-02	-7.573	239	2.733	0.930
0.189	4.117e-02	-7.705	224	2.754	0.908
0.189	5.435e-02	-7.847	209	2.774	0.887
0.189	7.115e-02	-7.981	195	2.792	0.869
0.189	9.338e-02	-8.116	183	2.810	0.851
0.189	1.227e-01	-8.251	170	2.826	0.835
0.189	1.614e-01	-8.387	159	2.842	0.821
0.189	2.121e-01	-8.520	149	2.857	0.807
0.189	2.799e-01	-8.655	139	2.871	0.794
0.189	3.665e-01	-8.787	129	2.883	0.782
0.189	4.837e-01	-8.925	120	2.896	0.771
0.189	6.332e-01	-9.060	112	2.907	0.761
0.189	8.359e-01	-9.200	104	2.918	0.752
0.189	1.092e+00	-9.336	97	2.928	0.743
0.189	1.436e+00	-9.476	90	2.938	0.735
0.189	1.888e+00	-9.617	83	2.947	0.727
0.189	2.492e+00	-9.761	77	2.956	0.720
0.262	1.049e-04	-4.931	734	2.184	2.062
0.262	1.379e-04	-5.052	702	2.228	1.959
0.262	1.813e-04	-5.151	679	2.270	1.866
0.262	2.383e-04	-5.267	651	2.311	1.781
0.262	3.152e-04	-5.398	617	2.350	1.703
0.262	4.144e-04	-5.505	593	2.386	1.633
0.262	5.446e-04	-5.613	568	2.421	1.568
0.262	7.203e-04	-5.728	543	2.456	1.506
0.262	9.470e-04	-5.849	516	2.489	1.450
0.262	1.252e-03	-5.968	491	2.521	1.398
0.262	1.646e-03	-6.079	468	2.552	1.350
0.262	2.173e-03	-6.206	443	2.581	1.305
0.262	2.844e-03	-6.313	423	2.609	1.264
0.262	3.762e-03	-6.428	402	2.637	1.224
0.262	4.946e-03	-6.537	384	2.664	1.186
0.262	6.500e-03	-6.650	365	2.690	1.151
0.262	8.580e-03	-6.769	346	2.717	1.116
0.262	1.123e-02	-6.890	327	2.741	1.085
0.262	1.483e-02	-7.009	310	2.766	1.055
0.262	1.953e-02	-7.137	292	2.789	1.027
0.262	2.567e-02	-7.267	274	2.811	1.002
0.262	3.348e-02	-7.394	258	2.831	0.979
0.262	4.395e-02	-7.525	242	2.850	0.957
0.262	5.776e-02	-7.662	226	2.869	0.937
0.262	7.594e-02	-7.801	211	2.886	0.918
0.262	9.980e-02	-7.935	197	2.902	0.901
0.262	1.302e-01	-8.070	184	2.917	0.886
0.262	1.718e-01	-8.212	171	2.932	0.871
0.262	2.249e-01	-8.346	159	2.945	0.858
0.262	2.969e-01	-8.484	148	2.958	0.845
0.262	3.887e-01	-8.615	138	2.970	0.834
0.262	5.141e-01	-8.752	129	2.981	0.823
0.262	6.786e-01	-8.890	120	2.992	0.813
0.262	8.883e-01	-9.027	111	3.002	0.804
0.262	1.173e+00	-9.168	103	3.011	0.795
0.262	1.545e+00	-9.310	95	3.020	0.787
0.262	2.030e+00	-9.452	88	3.029	0.779
0.262	2.669e+00	-9.596	82	3.037	0.772
0.262	3.508e+00	-9.740	76	3.044	0.766
0.524	1.024e-04	-4.330	1033	2.477	2.079
0.524	1.341e-04	-4.445	992	2.523	1.973
0.524	1.760e-04	-4.564	950	2.567	1.876
0.524	2.313e-04	-4.693	903	2.607	1.791
0.524	3.053e-04	-4.813	862	2.646	1.713
0.524	4.037e-04	-4.964	806	2.681	1.645
0.524	5.340e-04	-5.092	763	2.713	1.585
0.524	6.990e-04	-5.219	721	2.743	1.532
0.524	9.244e-04	-5.359	676	2.771	1.483
0.524	1.215e-03	-5.483	639	2.797	1.440
0.524	1.597e-03	-5.638	592	2.820	1.401
0.524	2.109e-03	-5.767	557	2.843	1.366
0.524	2.778e-03	-5.862	534	2.865	1.332
0.524	3.650e-03	-5.966	510	2.887	1.298
0.524	4.819e-03	-6.086	482	2.909	1.265
0.524	6.347e-03	-6.209	454	2.930	1.234
0.524	8.342e-03	-6.336	427	2.951	1.206
0.524	1.103e-02	-6.465	401	2.971	1.178
0.524	1.451e-02	-6.573	381	2.990	1.153
0.524	1.906e-02	-6.685	361	3.009	1.128
0.524	2.517e-02	-6.808	340	3.027	1.104
0.524	3.315e-02	-6.931	320	3.046	1.081
0.524	4.357e-02	-7.056	301	3.063	1.060
0.524	5.683e-02	-7.189	282	3.079	1.040
0.524	7.515e-02	-7.330	262	3.095	1.021
0.524	9.881e-02	-7.464	245	3.109	1.005
0.524	1.299e-01	-7.600	228	3.123	0.989
0.524	1.707e-01	-7.737	212	3.136	0.974
0.524	2.244e-01	-7.876	197	3.148	0.960
0.524	2.951e-01	-8.018	183	3.160	0.948
0.524	3.878e-01	-8.159	170	3.171	0.936
0.524	5.098e-01	-8.297	158	3.181	0.925
0.524	6.701e-01	-8.435	147	3.190	0.915
0.524	8.740e-01	-8.568	136	3.199	0.906
0.524	1.147e+00	-8.706	127	3.207	0.898
0.524	1.508e+00	-8.847	117	3.215	0.889
0.524	1.967e+00	-8.985	109	3.222	0.882
0.524	2.581e+00	-9.127	101	3.229	0.875
0.524	3.392e+00	-9.268	93	3.236	0.868
0.524	4.460e+00	-9.413	86	3.242	0.862
0.524	5.862e+00	-9.558	79	3.248	0.856
0.786	1.030e-04	-3.993	1224	2.612	2.181
0.786	1.343e-04	-4.091	1190	2.661	2.062
0.786	1.763e-04	-4.210	1141	2.708	1.953
0.786	2.317e-04	-4.336	1089	2.752	1.857
0.786	3.058e-04	-4.465	1036	2.793	1.770
0.786	4.003e-04	-4.588	986	2.831	1.695
0.786	5.284e-04	-4.727	929	2.867	1.627
0.786	6.961e-04	-4.870	872	2.899	1.568
0.786	9.206e-04	-5.026	810	2.928	1.516
0.786	1.217e-03	-5.172	756	2.954	1.470
0.786	1.600e-03	-5.301	712	2.978	1.431
0.786	2.104e-03	-5.529	632	2.999	1.397
0.786	2.782e-03	-5.648	596	3.016	1.369
0.786	3.657e-03	-5.729	575	3.034	1.342
0.786	4.836e-03	-5.807	555	3.054	1.311
0.786	6.383e-03	-5.922	526	3.074	1.282
0.786	8.409e-03	-6.045	496	3.093	1.253
0.786	1.105e-02	-6.173	465	3.112	1.226
0.786	1.459e-02	-6.307	435	3.130	1.202
0.786	1.922e-02	-6.440	407	3.147	1.178
0.786	2.526e-02	-6.551	386	3.163	1.157
0.786	3.334e-02	-6.666	364	3.180	1.135
0.786	4.364e-02	-6.787	343	3.195	1.114
0.786	5.772e-02	-6.918	321	3.211	1.094
0.786	7.588e-02	-7.041	302	3.226	1.076
0.786	9.973e-02	-7.187	279	3.240	1.059
0.786	1.316e-01	-7.320	261	3.253	1.043
0.786	1.734e-01	-7.456	243	3.266	1.028
0.786	2.279e-01	-7.595	226	3.278	1.014
0.786	2.997e-01	-7.733	210	3.289	1.001
0.786	3.924e-01	-7.874	195	3.299	0.989
0.786	5.137e-01	-8.015	181	3.309	0.978
0.786	6.743e-01	-8.155	167	3.318	0.968
0.786	8.862e-01	-8.295	155	3.326	0.958
0.786	1.165e+00	-8.434	144	3.334	0.950
0.786	1.526e+00	-8.571	134	3.342	0.942
0.786	1.994e+00	-8.709	124	3.349	0.934
0.786	2.621e+00	-8.851	115	3.355	0.927
0.786	3.445e+00	-8.994	106	3.362	0.920
0.786	4.494e+00	-9.134	98	3.368	0.914
0.786	5.932e+00	-9.280	90	3.373	0.908
0.786	7.766e+00	-9.422	84	3.379	0.902
0.786	8.450e+00	-9.455	82	3.380	0.901
0.786	9.025e+00	-9.455	82	3.380	0.901
1.048	1.000e-04	-3.746	1372	2.688	2.307
1.048	1.315e-04	-3.854	1328	2.740	2.173
1.048	1.728e-04	-3.961	1285	2.790	2.053
1.048	2.254e-04	-4.067	1242	2.836	1.946
1.048	2.976e-04	-4.199	1182	2.882	1.846
1.048	3.920e-04	-4.328	1124	2.923	1.760
1.048	5.133e-04	-4.455	1067	2.961	1.686
1.048	6.720e-04	-4.587	1009	2.996	1.619
1.048	8.870e-04	-4.727	949	3.029	1.559
1.048	1.159e-03	-4.888	879	3.057	1.508
1.048	1.512e-03	-5.032	821	3.082	1.466
1.048	1.996e-03	-5.177	766	3.106	1.427
1.048	2.613e-03	-5.360	697	3.126	1.393
1.048	3.429e-03	-5.523	641	3.143	1.366
1.048	4.507e-03	-5.633	607	3.160	1.341
1.048	5.960e-03	-5.747	574	3.176	1.315
1.048	7.774e-03	-5.829	553	3.193	1.291
1.048	1.026e-02	-5.936	526	3.211	1.264
1.048	1.357e-02	-6.069	492	3.228	1.239
1.048	1.777e-02	-6.191	462	3.244	1.216
1.048	2.350e-02	-6.341	428	3.260	1.194
1.048	3.101e-02	-6.456	404	3.275	1.174
1.048	4.085e-02	-6.567	382	3.290	1.154
1.048	5.369e-02	-6.687	360	3.305	1.135
1.048	7.060e-02	-6.815	337	3.319	1.116
1.048	9.278e-02	-6.939	316	3.332	1.099
1.048	1.220e-01	-7.074	295	3.346	1.082
1.048	1.603e-01	-7.207	275	3.358	1.067
1.048	2.108e-01	-7.343	256	3.370	1.053
1.048	2.771e-01	-7.484	238	3.381	1.039
1.048	3.657e-01	-7.623	221	3.392	1.027
1.048	4.787e-01	-7.762	205	3.401	1.015
1.048	6.319e-01	-7.907	190	3.411	1.004
1.048	8.273e-01	-8.049	176	3.419	0.994
1.048	1.086e+00	-8.189	163	3.427	0.985
1.048	1.427e+00	-8.329	151	3.435	0.977
1.048	1.861e+00	-8.465	140	3.442	0.969
1.048	2.457e+00	-8.608	129	3.448	0.961
1.048	3.216e+00	-8.748	120	3.455	0.955
1.048	4.222e+00	-8.891	111	3.461	0.948
1.048	5.548e+00	-9.035	102	3.466	0.942
1.048	7.237e+00	-9.174	95	3.471	0.936
1.048	9.553e+00	-9.321	87	3.476	0.931
1.571	1.024e-04	-3.450	1556	2.786	2.523
1.571	1.336e-04	-3.549	1514	2.838	2.377
1.571	1.763e-04	-3.648	1475	2.891	2.236
1.571	2.308e-04	-3.750	1431	2.942	2.110
1.571	3.047e-04	-3.855	1387	2.992	1.992
1.571	3.989e-04	-3.964	1338	3.039	1.887
1.571	5.265e-04	-4.098	1272	3.084	1.791
1.571	6.936e-04	-4.235	1203	3.125	1.708
1.571	9.116e-04	-4.370	1138	3.163	1.636
1.571	1.198e-03	-4.513	1068	3.197	1.573
1.571	1.575e-03	-4.653	1003	3.228	1.518
1.571	2.071e-03	-4.808	933	3.256	1.470
1.571	2.722e-03	-4.980	857	3.280	1.429
1.571	3.593e-03	-5.138	792	3.302	1.394
1.571	4.733e-03	-5.332	716	3.320	1.365
1.571	6.198e-03	-5.469	667	3.336	1.341
1.571	8.113e-03	-5.595	626	3.350	1.318
1.571	1.071e-02	-5.690	598	3.366	1.295
1.571	1.411e-02	-5.789	570	3.382	1.272
1.571	1.866e-02	-5.931	530	3.397	1.249
1.571	2.452e-02	-6.061	496	3.412	1.228
1.571	3.198e-02	-6.191	464	3.425	1.210
1.571	4.222e-02	-6.322	433	3.438	1.191
1.571	5.583e-02	-6.438	409	3.452	1.173
1.571	7.355e-02	-6.558	384	3.464	1.156
1.571	9.666e-02	-6.680	361	3.477	1.139
1.571	1.276e-01	-6.805	338	3.489	1.123
1.571	1.681e-01	-6.931	316	3.501	1.108
1.571	2.209e-01	-7.059	296	3.513	1.094
1.571	2.904e-01	-7.196	275	3.524	1.080
1.571	3.817e-01	-7.339	255	3.534	1.067
1.571	5.019e-01	-7.474	237	3.544	1.055
1.571	6.596e-01	-7.613	220	3.553	1.044
1.571	8.673e-01	-7.755	204	3.561	1.034
1.571	1.140e+00	-7.900	188	3.570	1.024
1.571	1.487e+00	-8.040	175	3.577	1.016
1.571	1.951e+00	-8.181	162	3.584	1.008
1.571	2.565e+00	-8.322	150	3.590	1.000
1.571	3.372e+00	-8.463	138	3.597	0.993
1.571	4.416e+00	-8.603	128	3.603	0.986
1.571	5.770e+00	-8.743	119	3.608	0.980
1.571	7.527e+00	-8.884	110	3.613	0.974
1.571	9.879e+00	-9.028	101	3.618	0.969
2.095	1.029e-04	-3.216	1717	2.849	2.711
2.095	1.346e-04	-3.327	1663	2.905	2.543
2.095	1.767e-04	-3.433	1614	2.958	2.391
2.095	2.323e-04	-3.543	1560	3.009	2.254
2.095	3.072e-04	-3.653	1508	3.060	2.126
2.095	4.039e-04	-3.758	1459	3.108	2.012
2.095	5.308e-04	-3.857	1416	3.155	1.906
2.095	7.006e-04	-3.962	1370	3.202	1.806
2.095	9.156e-04	-4.099	1297	3.244	1.720
2.095	1.204e-03	-4.240	1223	3.284	1.644
2.095	1.582e-03	-4.382	1150	3.319	1.578
2.095	2.080e-03	-4.529	1077	3.351	1.521
2.095	2.724e-03	-4.680	1004	3.379	1.472
2.095	3.566e-03	-4.846	925	3.404	1.430
2.095	4.707e-03	-5.012	852	3.427	1.394
2.095	6.225e-03	-5.186	779	3.446	1.363
2.095	8.233e-03	-5.354	714	3.463	1.337
2.095	1.085e-02	-5.487	667	3.478	1.314
2.095	1.425e-02	-5.598	631	3.493	1.292
2.095	1.881e-02	-5.710	597	3.508	1.270
2.095	2.478e-02	-5.854	554	3.522	1.249
2.095	3.257e-02	-5.987	517	3.535	1.230
2.095	4.300e-02	-6.129	480	3.548	1.212
2.095	5.664e-02	-6.252	450	3.560	1.195
2.095	7.444e-02	-6.363	425	3.572	1.179
2.095	9.826e-02	-6.484	400	3.584	1.163
2.095	1.294e-01	-6.606	375	3.596	1.147
2.095	1.701e-01	-6.726	352	3.607	1.132
2.095	2.246e-01	-6.852	330	3.619	1.118
2.095	2.940e-01	-6.981	308	3.629	1.104
2.095	3.880e-01	-7.115	287	3.639	1.091
2.095	5.080e-01	-7.257	266	3.649	1.079
2.095	6.705e-01	-7.393	247	3.658	1.068
2.095	8.832e-01	-7.532	229	3.667	1.057
2.095	1.161e+00	-7.673	212	3.675	1.047
2.095	1.514e+00	-7.812	197	3.683	1.038
2.095	1.999e+00	-7.959	182	3.690	1.030
2.095	2.616e+00	-8.101	168	3.697	1.022
2.095	3.434e+00	-8.243	155	3.703	1.014
2.095	4.513e+00	-8.385	144	3.709	1.008
2.095	5.934e+00	-8.527	133	3.714	1.001
2.095	7.771e+00	-8.668	123	3.720	0.995
2.095	1.000e+01	-8.801	114	3.724	0.990
2.619	1.033e-04	-3.032	1850	2.891	2.888
2.619	1.352e-04	-3.135	1804	2.951	2.696
2.619	1.760e-04	-3.245	1749	3.007	2.528
2.619	2.288e-04	-3.351	1696	3.059	2.380
2.619	3.021e-04	-3.479	1624	3.112	2.240
2.619	3.979e-04	-3.600	1557	3.159	2.121
2.619	5.229e-04	-3.701	1507	3.205	2.013
2.619	6.903e-04	-3.790	1470	3.250	1.910
2.619	9.093e-04	-3.877	1436	3.297	1.810
2.619	1.195e-03	-4.011	1364	3.342	1.719
2.619	1.580e-03	-4.157	1284	3.383	1.640
2.619	2.086e-03	-4.302	1207	3.420	1.571
2.619	2.731e-03	-4.452	1128	3.452	1.514
2.619	3.584e-03	-4.607	1049	3.481	1.464
2.619	4.711e-03	-4.774	967	3.507	1.421
2.619	6.194e-03	-4.941	890	3.529	1.385
2.619	8.111e-03	-5.102	820	3.548	1.355
2.619	1.068e-02	-5.269	752	3.565	1.329
2.619	1.404e-02	-5.409	700	3.580	1.306
2.619	1.854e-02	-5.533	658	3.595	1.284
2.619	2.442e-02	-5.669	613	3.610	1.263
2.619	3.209e-02	-5.810	570	3.623	1.244
2.619	4.236e-02	-5.946	530	3.635	1.226
2.619	5.545e-02	-6.113	485	3.647	1.210
2.619	7.334e-02	-6.204	463	3.658	1.194
2.619	9.699e-02	-6.317	437	3.670	1.179
2.619	1.280e-01	-6.439	410	3.681	1.163
2.619	1.676e-01	-6.558	385	3.692	1.149
2.619	2.212e-01	-6.677	362	3.703	1.134
2.619	2.896e-01	-6.799	340	3.713	1.121
2.619	3.801e-01	-6.930	317	3.723	1.108
2.619	4.996e-01	-7.060	296	3.733	1.095
2.619	6.594e-01	-7.205	273	3.742	1.084
2.619	8.633e-01	-7.336	255	3.751	1.073
2.619	1.140e+00	-7.475	236	3.760	1.063
2.619	1.492e+00	-7.614	219	3.767	1.053
2.619	1.958e+00	-7.755	203	3.775	1.044
2.619	2.564e+00	-7.898	188	3.782	1.036
2.619	3.356e+00	-8.041	173	3.788	1.028
2.619	4.430e+00	-8.187	160	3.794	1.021
2.619	5.790e+00	-8.327	148	3.800	1.014
2.619	7.552e+00	-8.465	137	3.805	1.008
2.619	9.912e+00	-8.608	127	3.810	1.002
3.143	1.027e-04	-2.878	1956	2.913	3.086
3.143	1.355e-04	-2.992	1902	2.979	2.860
3.143	1.774e-04	-3.100	1851	3.039	2.669
3.143	2.342e-04	-3.213	1794	3.098	2.494
3.143	3.085e-04	-3.326	1735	3.153	2.341
3.143	4.055e-04	-3.470	1644	3.204	2.208
3.143	5.363e-04	-3.585	1580	3.249	2.094
3.143	7.079e-04	-3.672	1543	3.296	1.985
3.143	9.325e-04	-3.763	1505	3.343	1.881
3.143	1.226e-03	-3.865	1457	3.389	1.783
3.143	1.599e-03	-4.009	1374	3.431	1.699
3.143	2.110e-03	-4.153	1294	3.471	1.623
3.143	2.762e-03	-4.292	1219	3.505	1.560
3.143	3.653e-03	-4.446	1136	3.538	1.502
3.143	4.803e-03	-4.604	1055	3.566	1.455
3.143	6.313e-03	-4.767	974	3.590	1.414
3.143	8.333e-03	-4.937	894	3.612	1.379
3.143	1.098e-02	-5.106	820	3.631	1.350
3.143	1.443e-02	-5.253	760	3.647	1.325
3.143	1.904e-02	-5.398	706	3.662	1.302
3.143	2.508e-02	-5.534	658	3.676	1.281
3.143	3.297e-02	-5.681	609	3.690	1.262
3.143	4.300e-02	-5.818	567	3.701	1.244
3.143	5.676e-02	-5.945	530	3.713	1.228
3.143	7.477e-02	-6.110	485	3.724	1.213
3.143	9.827e-02	-6.192	466	3.734	1.198
3.143	1.300e-01	-6.313	437	3.746	1.183
3.143	1.716e-01	-6.436	410	3.756	1.168
3.143	2.246e-01	-6.551	386	3.767	1.154
3.143	2.970e-01	-6.672	362	3.778	1.140
3.143	3.905e-01	-6.801	338	3.788	1.127
3.143	5.132e-01	-6.930	316	3.797	1.114
3.143	6.748e-01	-7.065	294	3.807	1.102
3.143	8.869e-01	-7.203	273	3.816	1.091
3.143	1.157e+00	-7.332	254	3.824	1.081
3.143	1.527e+00	-7.471	236	3.832	1.071
3.143	1.999e+00	-7.610	219	3.840	1.061
3.143	2.639e+00	-7.755	202	3.847	1.052
3.143	3.454e+00	-7.898	187	3.854	1.044
3.143	4.533e+00	-8.044	172	3.860	1.037
3.143	5.937e+00	-8.187	159	3.866	1.030
3.143	7.758e+00	-8.328	147	3.871	1.024
3.143	1.000e+01	-8.460	137	3.876	1.018
3.666	1.041e-04	-2.769	2026	2.932	3.260
3.666	1.366e-04	-2.857	2002	3.000	3.015
3.666	1.795e-04	-2.970	1948	3.065	2.798
3.666	2.370e-04	-3.082	1892	3.126	2.606
3.666	3.102e-04	-3.190	1837	3.183	2.441
3.666	4.095e-04	-3.305	1775	3.239	2.290
3.666	5.360e-04	-3.446	1684	3.289	2.162
3.666	7.089e-04	-3.547	1634	3.336	2.046
3.666	9.358e-04	-3.646	1586	3.384	1.937
3.666	1.233e-03	-3.749	1535	3.430	1.836
3.666	1.620e-03	-3.866	1473	3.475	1.744
3.666	2.138e-03	-4.017	1383	3.517	1.662
3.666	2.799e-03	-4.152	1307	3.554	1.593
3.666	3.674e-03	-4.297	1226	3.588	1.532
3.666	4.829e-03	-4.444	1147	3.618	1.479
3.666	6.349e-03	-4.601	1064	3.646	1.433
3.666	8.345e-03	-4.761	984	3.670	1.394
3.666	1.101e-02	-4.927	905	3.691	1.360
3.666	1.451e-02	-5.090	833	3.710	1.332
3.666	1.907e-02	-5.245	769	3.726	1.307
3.666	2.507e-02	-5.396	711	3.741	1.285
3.666	3.295e-02	-5.545	658	3.754	1.265
3.666	4.298e-02	-5.685	611	3.766	1.248
3.666	5.641e-02	-5.820	569	3.777	1.232
3.666	7.414e-02	-6.007	514	3.788	1.216
3.666	9.787e-02	-6.092	492	3.798	1.202
3.666	1.294e-01	-6.201	465	3.809	1.188
3.666	1.705e-01	-6.311	439	3.819	1.174
3.666	2.241e-01	-6.433	412	3.830	1.160
3.666	2.946e-01	-6.550	388	3.840	1.146
3.666	3.872e-01	-6.672	363	3.850	1.133
3.666	5.111e-01	-6.805	339	3.860	1.120
3.666	6.691e-01	-6.929	317	3.869	1.108
3.666	8.832e-01	-7.068	294	3.878	1.097
3.666	1.156e+00	-7.200	274	3.887	1.086
3.666	1.526e+00	-7.335	255	3.895	1.076
3.666	1.998e+00	-7.469	237	3.903	1.066
3.666	2.637e+00	-7.611	219	3.910	1.057
3.666	3.452e+00	-7.753	203	3.917	1.049
3.666	4.557e+00	-7.902	187	3.924	1.041
3.666	5.966e+00	-8.048	172	3.930	1.033
3.666	7.875e+00	-8.195	159	3.935	1.027
3.666	1.000e+01	-8.322	148	3.940	1.021
4.190	1.002e-04	-2.659	2089	2.933	3.479
4.190	1.317e-04	-2.749	2063	3.002	3.215
4.190	1.732e-04	-2.838	2038	3.070	2.974
4.190	2.276e-04	-2.948	1987	3.135	2.759
4.190	3.005e-04	-3.060	1930	3.197	2.568
4.190	3.934e-04	-3.168	1874	3.254	2.405
4.190	5.163e-04	-3.280	1814	3.309	2.257
4.190	6.761e-04	-3.412	1732	3.360	2.128
4.190	8.851e-04	-3.509	1683	3.408	2.014
4.190	1.170e-03	-3.620	1625	3.457	1.903
4.190	1.545e-03	-3.736	1561	3.504	1.805
4.190	2.023e-03	-3.857	1491	3.547	1.717
4.190	2.670e-03	-4.006	1401	3.587	1.639
4.190	3.495e-03	-4.140	1324	3.623	1.573
4.190	4.613e-03	-4.288	1240	3.657	1.513
4.190	6.077e-03	-4.434	1160	3.687	1.462
4.190	7.987e-03	-4.590	1077	3.713	1.417
4.190	1.054e-02	-4.750	996	3.737	1.379
4.190	1.380e-02	-4.909	919	3.758	1.347
4.190	1.822e-02	-5.075	845	3.777	1.318
4.190	2.381e-02	-5.234	778	3.792	1.294
4.190	3.130e-02	-5.387	718	3.807	1.273
4.190	4.114e-02	-5.534	665	3.820	1.254
4.190	5.366e-02	-5.673	618	3.832	1.237
4.190	7.083e-02	-5.810	575	3.843	1.221
4.190	9.273e-02	-5.984	523	3.853	1.206
4.190	1.224e-01	-6.084	497	3.863	1.193
4.190	1.612e-01	-6.196	468	3.873	1.179
4.190	2.119e-01	-6.303	443	3.883	1.166
4.190	2.802e-01	-6.425	415	3.894	1.152
4.190	3.685e-01	-6.543	390	3.903	1.139
4.190	4.843e-01	-6.670	365	3.913	1.126
4.190	6.367e-01	-6.798	341	3.923	1.114
4.190	8.368e-01	-6.924	319	3.932	1.102
4.190	1.091e+00	-7.056	297	3.940	1.091
4.190	1.441e+00	-7.191	276	3.949	1.081
4.190	1.883e+00	-7.320	257	3.957	1.071
4.190	2.476e+00	-7.456	239	3.964	1.062
4.190	3.254e+00	-7.595	222	3.972	1.053
4.190	4.244e+00	-7.736	205	3.978	1.045
4.190	5.602e+00	-7.886	189	3.985	1.037
4.190	7.333e+00	-8.033	174	3.991	1.030
4.190	9.680e+00	-8.181	160	3.996	1.023
4.714	1.004e-04	-2.573	2141	2.942	3.656
4.714	1.325e-04	-2.665	2115	3.012	3.372
4.714	1.731e-04	-2.753	2089	3.079	3.121
4.714	2.258e-04	-2.842	2061	3.145	2.894
4.714	2.981e-04	-2.954	2008	3.210	2.682
4.714	3.902e-04	-3.063	1952	3.271	2.503
4.714	5.121e-04	-3.173	1894	3.329	2.341
4.714	6.731e-04	-3.285	1834	3.384	2.197
4.714	8.850e-04	-3.408	1760	3.436	2.069
4.714	1.163e-03	-3.507	1711	3.486	1.953
4.714	1.535e-03	-3.640	1629	3.534	1.848
4.714	2.010e-03	-3.755	1564	3.578	1.758
4.714	2.653e-03	-3.890	1483	3.620	1.674
4.714	3.473e-03	-4.026	1401	3.657	1.603
4.714	4.584e-03	-4.165	1320	3.693	1.539
4.714	6.039e-03	-4.314	1233	3.725	1.484
4.714	7.937e-03	-4.462	1152	3.753	1.436
4.714	1.044e-02	-4.616	1070	3.779	1.394
4.714	1.372e-02	-4.776	989	3.802	1.358
4.714	1.810e-02	-4.940	910	3.822	1.326
4.714	2.370e-02	-5.099	839	3.839	1.300
4.714	3.111e-02	-5.263	770	3.855	1.278
4.714	4.088e-02	-5.411	713	3.869	1.257
4.714	5.375e-02	-5.556	661	3.881	1.239
4.714	7.064e-02	-5.699	612	3.893	1.222
4.714	9.288e-02	-5.836	570	3.904	1.207
4.714	1.216e-01	-5.992	523	3.914	1.193
4.714	1.602e-01	-6.122	488	3.923	1.180
4.714	2.119e-01	-6.213	466	3.933	1.167
4.714	2.802e-01	-6.332	438	3.943	1.153
4.714	3.683e-01	-6.450	411	3.953	1.141
4.714	4.804e-01	-6.569	386	3.963	1.128
4.714	6.305e-01	-6.697	361	3.972	1.116
4.714	8.287e-01	-6.823	337	3.981	1.104
4.714	1.090e+00	-6.952	315	3.990	1.093
4.714	1.432e+00	-7.085	293	3.999	1.083
4.714	1.883e+00	-7.217	273	4.007	1.072
4.714	2.474e+00	-7.349	254	4.015	1.063
4.714	3.227e+00	-7.482	236	4.022	1.054
4.714	4.260e+00	-7.625	219	4.029	1.045
4.714	5.577e+00	-7.768	202	4.036	1.037
4.714	7.362e+00	-7.921	186	4.042	1.030
4.714	9.637e+00	-8.068	171	4.048	1.023
5.238	1.032e-04	-2.503	2187	2.954	3.797
5.238	1.350e-04	-2.594	2161	3.024	3.506
5.238	1.782e-04	-2.686	2134	3.094	3.233
5.238	2.329e-04	-2.776	2106	3.161	2.993
5.238	3.063e-04	-2.873	2070	3.228	2.770
5.238	4.025e-04	-2.983	2015	3.292	2.574
5.238	5.292e-04	-3.095	1957	3.353	2.401
5.238	6.955e-04	-3.205	1898	3.410	2.247
5.238	9.072e-04	-3.313	1839	3.463	2.114
5.238	1.191e-03	-3.426	1776	3.515	1.991
5.238	1.565e-03	-3.555	1695	3.564	1.882
5.238	2.058e-03	-3.680	1619	3.609	1.787
5.238	2.704e-03	-3.797	1552	3.652	1.701
5.238	3.555e-03	-3.937	1464	3.691	1.626
5.238	4.673e-03	-4.072	1383	3.727	1.560
5.238	6.144e-03	-4.218	1297	3.761	1.501
5.238	8.075e-03	-4.361	1215	3.791	1.450
5.238	1.066e-02	-4.514	1130	3.818	1.404
5.238	1.404e-02	-4.671	1047	3.843	1.365
5.238	1.845e-02	-4.832	966	3.864	1.332
5.238	2.426e-02	-4.995	889	3.883	1.303
5.238	3.189e-02	-5.167	813	3.900	1.279
5.238	4.159e-02	-5.312	754	3.914	1.258
5.238	5.490e-02	-5.460	698	3.927	1.239
5.238	7.175e-02	-5.603	647	3.939	1.222
5.238	9.433e-02	-5.744	601	3.951	1.206
5.238	1.240e-01	-5.913	548	3.961	1.192
5.238	1.640e-01	-6.051	509	3.971	1.179
5.238	2.164e-01	-6.153	483	3.980	1.166
5.238	2.851e-01	-6.255	458	3.990	1.153
5.238	3.747e-01	-6.375	430	3.999	1.140
5.238	4.955e-01	-6.496	403	4.009	1.127
5.238	6.463e-01	-6.621	377	4.018	1.115
5.238	8.532e-01	-6.748	352	4.028	1.104
5.238	1.117e+00	-6.872	330	4.036	1.093
5.238	1.474e+00	-7.008	306	4.045	1.082
5.238	1.930e+00	-7.138	286	4.053	1.072
5.238	2.548e+00	-7.271	266	4.061	1.062
5.238	3.335e+00	-7.403	247	4.069	1.053
5.238	4.402e+00	-7.543	229	4.076	1.044
5.238	5.753e+00	-7.683	212	4.083	1.036
5.238	7.504e+00	-7.828	196	4.089	1.028
5.238	9.905e+00	-7.981	180	4.095	1.021
6.285	1.020e-04	-2.364	2267	2.957	4.146
6.285	1.339e-04	-2.454	2244	3.029	3.815
6.285	1.759e-04	-2.546	2219	3.101	3.512
6.285	2.295e-04	-2.636	2193	3.170	3.244
6.285	3.012e-04	-2.729	2163	3.240	2.995
6.285	3.959e-04	-2.823	2131	3.308	2.769
6.285	5.164e-04	-2.926	2083	3.372	2.572
6.285	6.816e-04	-3.040	2024	3.435	2.392
6.285	8.923e-04	-3.149	1965	3.493	2.237
6.285	1.178e-03	-3.260	1905	3.550	2.096
6.285	1.539e-03	-3.377	1834	3.602	1.974
6.285	2.008e-03	-3.502	1754	3.650	1.868
6.285	2.635e-03	-3.631	1671	3.694	1.774
6.285	3.463e-03	-3.744	1605	3.737	1.690
6.285	4.580e-03	-3.884	1516	3.778	1.612
6.285	6.046e-03	-4.023	1430	3.815	1.545
6.285	7.900e-03	-4.163	1344	3.848	1.487
6.285	1.027e-02	-4.300	1264	3.877	1.438
6.285	1.340e-02	-4.444	1181	3.904	1.393
6.285	1.768e-02	-4.600	1096	3.930	1.353
6.285	2.315e-02	-4.758	1013	3.952	1.319
6.285	3.056e-02	-4.923	932	3.972	1.289
6.285	4.000e-02	-5.101	850	3.988	1.265
6.285	5.290e-02	-5.251	786	4.004	1.243
6.285	6.983e-02	-5.400	727	4.017	1.223
6.285	9.141e-02	-5.547	673	4.030	1.206
6.285	1.200e-01	-5.691	624	4.041	1.190
6.285	1.577e-01	-5.853	571	4.051	1.176
6.285	2.081e-01	-6.000	528	4.061	1.163
6.285	2.725e-01	-6.105	499	4.070	1.151
6.285	3.604e-01	-6.215	471	4.080	1.139
6.285	4.757e-01	-6.334	443	4.089	1.126
6.285	6.216e-01	-6.452	416	4.098	1.114
6.285	8.108e-01	-6.577	389	4.107	1.103
6.285	1.070e+00	-6.702	364	4.116	1.092
6.285	1.399e+00	-6.824	341	4.125	1.081
6.285	1.824e+00	-6.958	317	4.133	1.071
6.285	2.408e+00	-7.089	295	4.141	1.061
6.285	3.172e+00	-7.221	275	4.149	1.052
6.285	4.154e+00	-7.351	256	4.156	1.043
6.285	5.438e+00	-7.483	238	4.163	1.034
6.285	7.192e+00	-7.628	220	4.170	1.026
6.285	9.381e+00	-7.772	203	4.176	1.019
7.333	1.022e-04	-2.255	2327	2.960	4.463
7.333	1.349e-04	-2.344	2311	3.036	4.088
7.333	1.763e-04	-2.433	2287	3.108	3.762
7.333	2.318e-04	-2.525	2263	3.181	3.459
7.333	3.047e-04	-2.618	2235	3.253	3.186
7.333	4.006e-04	-2.712	2205	3.323	2.938
7.333	5.265e-04	-2.806	2173	3.392	2.715
7.333	6.867e-04	-2.908	2126	3.456	2.521
7.333	9.065e-04	-3.022	2065	3.520	2.343
7.333	1.185e-03	-3.133	2003	3.578	2.192
7.333	1.557e-03	-3.243	1942	3.634	2.055
7.333	2.040e-03	-3.362	1869	3.686	1.936
7.333	2.670e-03	-3.491	1783	3.734	1.831
7.333	3.524e-03	-3.623	1697	3.779	1.738
7.333	4.606e-03	-3.734	1630	3.821	1.657
7.333	6.007e-03	-3.867	1544	3.859	1.585
7.333	7.930e-03	-4.005	1457	3.896	1.519
7.333	1.038e-02	-4.147	1368	3.929	1.462
7.333	1.370e-02	-4.290	1283	3.960	1.411
7.333	1.805e-02	-4.440	1196	3.988	1.366
7.333	2.372e-02	-4.595	1110	4.013	1.327
7.333	3.119e-02	-4.756	1024	4.035	1.294
7.333	4.099e-02	-4.922	941	4.055	1.266
7.333	5.347e-02	-5.091	862	4.071	1.243
7.333	7.058e-02	-5.250	793	4.086	1.221
7.333	9.297e-02	-5.393	736	4.099	1.203
7.333	1.230e-01	-5.547	679	4.112	1.185
7.333	1.616e-01	-5.706	623	4.123	1.170
7.333	2.133e-01	-5.852	577	4.133	1.156
7.333	2.810e-01	-5.993	535	4.143	1.144
7.333	3.693e-01	-6.115	501	4.152	1.132
7.333	4.875e-01	-6.226	472	4.161	1.120
7.333	6.421e-01	-6.345	444	4.170	1.108
7.333	8.440e-01	-6.473	414	4.179	1.096
7.333	1.114e+00	-6.596	388	4.188	1.085
7.333	1.458e+00	-6.717	364	4.197	1.075
7.333	1.914e+00	-6.844	340	4.205	1.064
7.333	2.516e+00	-6.984	315	4.213	1.055
7.333	3.321e+00	-7.111	294	4.221	1.045
7.333	4.347e+00	-7.242	274	4.228	1.036
7.333	5.706e+00	-7.368	255	4.235	1.028
7.333	7.499e+00	-7.504	237	4.242	1.020
7.333	9.898e+00	-7.650	219	4.249	1.012
8.381	1.042e-04	-2.167	2377	2.967	4.736
8.381	1.367e-04	-2.254	2361	3.042	4.342
8.381	1.797e-04	-2.342	2344	3.118	3.979
8.381	2.363e-04	-2.435	2320	3.192	3.653
8.381	3.105e-04	-2.526	2295	3.265	3.358
8.381	4.083e-04	-2.620	2266	3.337	3.093
8.381	5.346e-04	-2.712	2236	3.406	2.856
8.381	6.999e-04	-2.805	2204	3.473	2.643
8.381	9.186e-04	-2.912	2153	3.539	2.450
8.381	1.207e-03	-3.025	2090	3.601	2.280
8.381	1.575e-03	-3.134	2029	3.659	2.135
8.381	2.079e-03	-3.248	1963	3.715	2.000
8.381	2.716e-03	-3.367	1888	3.766	1.886
8.381	3.572e-03	-3.501	1796	3.815	1.784
8.381	4.694e-03	-3.629	1711	3.859	1.696
8.381	6.123e-03	-3.741	1643	3.899	1.618
8.381	8.082e-03	-3.882	1550	3.939	1.546
8.381	1.058e-02	-4.015	1465	3.974	1.484
8.381	1.397e-02	-4.162	1373	4.008	1.428
8.381	1.828e-02	-4.302	1288	4.038	1.380
8.381	2.400e-02	-4.452	1200	4.065	1.338
8.381	3.154e-02	-4.608	1112	4.089	1.301
8.381	4.146e-02	-4.770	1026	4.110	1.269
8.381	5.449e-02	-4.938	942	4.129	1.242
8.381	7.193e-02	-5.104	864	4.146	1.218
8.381	9.476e-02	-5.268	793	4.160	1.198
8.381	1.245e-01	-5.413	735	4.173	1.180
8.381	1.637e-01	-5.559	680	4.185	1.164
8.381	2.152e-01	-5.713	627	4.196	1.149
8.381	2.841e-01	-5.863	578	4.207	1.136
8.381	3.719e-01	-6.016	532	4.216	1.124
8.381	4.909e-01	-6.130	501	4.225	1.112
8.381	6.466e-01	-6.244	472	4.234	1.101
8.381	8.498e-01	-6.365	442	4.243	1.090
8.381	1.108e+00	-6.488	414	4.251	1.079
8.381	1.463e+00	-6.610	388	4.260	1.069
8.381	1.915e+00	-6.730	363	4.268	1.059
8.381	2.514e+00	-6.867	338	4.276	1.049
8.381	3.304e+00	-6.997	315	4.284	1.039
8.381	4.370e+00	-7.126	293	4.291	1.030
8.381	5.745e+00	-7.257	273	4.299	1.022
8.381	7.551e+00	-7.385	255	4.306	1.014
8.381	9.967e+00	-7.526	236	4.313	1.006
9.428	1.009e-04	-2.071	2425	2.956	5.083
9.428	1.327e-04	-2.160	2409	3.034	4.647
9.428	1.730e-04	-2.246	2393	3.109	4.264
9.428	2.249e-04	-2.332	2375	3.182	3.919
9.428	2.952e-04	-2.424	2351	3.256	3.599
9.428	3.880e-04	-2.516	2326	3.329	3.308
9.428	5.102e-04	-2.610	2297	3.401	3.046
9.428	6.681e-04	-2.701	2267	3.470	2.813
9.428	8.746e-04	-2.795	2234	3.538	2.602
9.428	1.154e-03	-2.904	2181	3.605	2.408
9.428	1.511e-03	-3.015	2120	3.667	2.243
9.428	1.995e-03	-3.129	2055	3.727	2.093
9.428	2.611e-03	-3.241	1988	3.782	1.965
9.428	3.428e-03	-3.362	1911	3.834	1.851
9.428	4.505e-03	-3.498	1817	3.882	1.750
9.428	5.946e-03	-3.627	1730	3.926	1.664
9.428	7.833e-03	-3.745	1657	3.968	1.585
9.428	1.036e-02	-3.886	1562	4.008	1.514
9.428	1.361e-02	-4.023	1474	4.044	1.454
9.428	1.776e-02	-4.163	1384	4.075	1.402
9.428	2.344e-02	-4.309	1296	4.105	1.354
9.428	3.069e-02	-4.456	1208	4.132	1.313
9.428	4.051e-02	-4.615	1118	4.156	1.277
9.428	5.303e-02	-4.776	1032	4.177	1.247
9.428	6.999e-02	-4.947	945	4.196	1.220
9.428	9.163e-02	-5.110	868	4.212	1.198
9.428	1.212e-01	-5.269	799	4.226	1.178
9.428	1.600e-01	-5.420	738	4.239	1.161
9.428	2.094e-01	-5.565	683	4.251	1.145
9.428	2.764e-01	-5.719	630	4.262	1.130
9.428	3.618e-01	-5.875	579	4.272	1.118
9.428	4.749e-01	-6.027	533	4.281	1.106
9.428	6.281e-01	-6.135	503	4.290	1.095
9.428	8.255e-01	-6.257	472	4.299	1.084
9.428	1.085e+00	-6.383	441	4.307	1.073
9.428	1.426e+00	-6.502	414	4.316	1.063
9.428	1.886e+00	-6.632	386	4.324	1.052
9.428	2.490e+00	-6.755	361	4.332	1.043
9.428	3.280e+00	-6.895	335	4.340	1.033
9.428	4.311e+00	-7.017	313	4.348	1.024
9.428	5.691e+00	-7.150	292	4.355	1.016
9.428	7.449e+00	-7.276	272	4.362	1.007
9.428	9.852e+00	-7.411	253	4.369	0.999
10.476	1.004e-04	-2.007	2446	2.954	5.375
10.476	1.310e-04	-2.079	2453	3.030	4.921
10.476	1.732e-04	-2.172	2435	3.110	4.487
10.476	2.277e-04	-2.262	2417	3.188	4.105
10.476	2.993e-04	-2.353	2395	3.264	3.762
10.476	3.935e-04	-2.445	2370	3.337	3.455
10.476	5.153e-04	-2.536	2345	3.409	3.181
10.476	6.734e-04	-2.627	2317	3.479	2.936
10.476	8.854e-04	-2.721	2284	3.549	2.708
10.476	1.164e-03	-2.817	2249	3.617	2.503
10.476	1.518e-03	-2.924	2193	3.681	2.326
10.476	2.004e-03	-3.039	2128	3.744	2.164
10.476	2.623e-03	-3.151	2063	3.801	2.026
10.476	3.442e-03	-3.267	1990	3.856	1.902
10.476	4.524e-03	-3.389	1912	3.907	1.793
10.476	5.948e-03	-3.532	1808	3.954	1.698
10.476	7.818e-03	-3.649	1733	3.997	1.617
10.476	1.028e-02	-3.774	1652	4.038	1.543
10.476	1.351e-02	-3.909	1561	4.075	1.477
10.476	1.773e-02	-4.046	1472	4.109	1.420
10.476	2.330e-02	-4.186	1382	4.141	1.370
10.476	3.064e-02	-4.329	1294	4.170	1.325
10.476	4.027e-02	-4.476	1207	4.196	1.286
10.476	5.316e-02	-4.635	1117	4.219	1.252
10.476	6.959e-02	-4.795	1030	4.239	1.223
10.476	9.185e-02	-4.962	945	4.257	1.198
10.476	1.202e-01	-5.143	860	4.273	1.177
10.476	1.590e-01	-5.282	800	4.287	1.158
10.476	2.103e-01	-5.438	737	4.300	1.141
10.476	2.765e-01	-5.589	680	4.311	1.126
10.476	3.634e-01	-5.740	627	4.322	1.112
10.476	4.797e-01	-5.909	572	4.332	1.099
10.476	6.319e-01	-6.037	535	4.341	1.088
10.476	8.305e-01	-6.158	501	4.350	1.077
10.476	1.096e+00	-6.295	465	4.359	1.066
10.476	1.450e+00	-6.416	436	4.367	1.055
10.476	1.910e+00	-6.550	406	4.376	1.045
10.476	2.526e+00	-6.674	380	4.384	1.035
10.476	3.319e+00	-6.803	354	4.392	1.026
10.476	4.330e+00	-6.927	331	4.399	1.017
10.476	5.715e+00	-7.055	309	4.407	1.009
10.476	7.482e+00	-7.186	288	4.414	1.001
10.476	9.876e+00	-7.315	268	4.421	0.993
11.523	1.043e-04	-1.960	2462	2.959	5.602
11.523	1.365e-04	-2.030	2473	3.037	5.123
11.523	1.802e-04	-2.112	2473	3.119	4.661
11.523	2.373e-04	-2.205	2454	3.198	4.253
11.523	3.119e-04	-2.297	2432	3.275	3.891
11.523	4.068e-04	-2.388	2408	3.349	3.577
11.523	5.370e-04	-2.480	2384	3.423	3.282
11.523	7.030e-04	-2.572	2356	3.495	3.023
11.523	9.280e-04	-2.666	2326	3.567	2.783
11.523	1.213e-03	-2.760	2292	3.635	2.573
11.523	1.582e-03	-2.858	2249	3.700	2.386
11.523	2.088e-03	-2.973	2186	3.765	2.214
11.523	2.733e-03	-3.085	2121	3.825	2.068
11.523	3.587e-03	-3.197	2053	3.881	1.938
11.523	4.715e-03	-3.316	1977	3.934	1.822
11.523	6.150e-03	-3.440	1893	3.982	1.724
11.523	8.118e-03	-3.580	1792	4.027	1.638
11.523	1.069e-02	-3.690	1723	4.069	1.561
11.523	1.414e-02	-3.825	1630	4.108	1.493
11.523	1.859e-02	-3.954	1544	4.142	1.435
11.523	2.424e-02	-4.078	1462	4.172	1.386
11.523	3.200e-02	-4.206	1381	4.201	1.341
11.523	4.215e-02	-4.338	1299	4.227	1.302
11.523	5.540e-02	-4.474	1218	4.250	1.267
11.523	7.284e-02	-4.618	1135	4.272	1.236
11.523	9.574e-02	-4.771	1051	4.291	1.209
11.523	1.264e-01	-4.929	969	4.308	1.185
11.523	1.654e-01	-5.097	887	4.323	1.164
11.523	2.188e-01	-5.239	824	4.338	1.146
11.523	2.893e-01	-5.399	757	4.351	1.129
11.523	3.819e-01	-5.555	697	4.363	1.113
11.523	5.000e-01	-5.709	642	4.374	1.099
11.523	6.562e-01	-5.875	587	4.384	1.086
11.523	8.625e-01	-6.013	545	4.393	1.075
11.523	1.134e+00	-6.149	507	4.403	1.063
11.523	1.490e+00	-6.296	468	4.412	1.052
11.523	1.971e+00	-6.425	437	4.421	1.041
11.523	2.602e+00	-6.575	403	4.430	1.030
11.523	3.441e+00	-6.709	375	4.438	1.020
11.523	4.532e+00	-6.846	348	4.447	1.011
11.523	5.957e+00	-6.974	325	4.454	1.002
11.523	7.832e+00	-7.110	302	4.462	0.993
11.523	1.000e+01	-7.227	283	4.468	0.986
12.047	1.016e-04	-1.929	2467	2.951	5.784
12.047	1.336e-04	-2.000	2477	3.029	5.284
12.047	1.755e-04	-2.070	2492	3.109	4.817
12.047	2.317e-04	-2.164	2474	3.191	4.385
12.047	3.033e-04	-2.256	2453	3.268	4.013
12.047	3.981e-04	-2.348	2430	3.344	3.678
12.047	5.214e-04	-2.439	2405	3.417	3.381
12.047	6.813e-04	-2.529	2380	3.489	3.113
12.047	8.887e-04	-2.620	2351	3.558	2.874
12.047	1.173e-03	-2.715	2318	3.629	2.647
12.047	1.536e-03	-2.809	2284	3.697	2.449
12.047	2.027e-03	-2.922	2225	3.764	2.268
12.047	2.654e-03	-3.034	2160	3.825	2.114
12.047	3.483e-03	-3.147	2092	3.883	1.978
12.047	4.578e-03	-3.263	2020	3.937	1.857
12.047	6.018e-03	-3.381	1943	3.988	1.752
12.047	7.881e-03	-3.521	1840	4.033	1.663
12.047	1.032e-02	-3.628	1770	4.074	1.587
12.047	1.364e-02	-3.748	1690	4.113	1.518
12.047	1.794e-02	-3.870	1606	4.146	1.460
12.047	2.349e-02	-3.984	1530	4.176	1.411
12.047	3.095e-02	-4.098	1455	4.203	1.368
12.047	4.067e-02	-4.206	1387	4.227	1.331
12.047	5.305e-02	-4.316	1318	4.249	1.298
12.047	7.003e-02	-4.436	1245	4.270	1.266
12.047	9.167e-02	-4.561	1172	4.289	1.238
12.047	1.210e-01	-4.699	1094	4.308	1.212
12.047	1.584e-01	-4.841	1018	4.325	1.189
12.047	2.095e-01	-4.997	939	4.341	1.167
12.047	2.765e-01	-5.157	863	4.356	1.147
12.047	3.643e-01	-5.321	792	4.370	1.129
12.047	4.817e-01	-5.484	727	4.383	1.112
12.047	6.332e-01	-5.652	664	4.395	1.097
12.047	8.358e-01	-5.834	602	4.406	1.082
12.047	1.094e+00	-5.987	555	4.417	1.070
12.047	1.447e+00	-6.141	511	4.427	1.057
12.047	1.910e+00	-6.304	468	4.437	1.045
12.047	2.516e+00	-6.451	432	4.447	1.033
12.047	3.327e+00	-6.611	396	4.457	1.021
12.047	4.373e+00	-6.754	367	4.466	1.011
12.047	5.772e+00	-6.895	340	4.474	1.001
12.047	7.557e+00	-7.031	316	4.482	0.992
12.047	9.975e+00	-7.173	292	4.490	0.983
12.571	1.004e-04	-1.902	2472	2.947	5.935
12.571	1.319e-04	-1.973	2482	3.024	5.427
12.571	1.741e-04	-2.042	2499	3.105	4.943
12.571	2.294e-04	-2.129	2493	3.187	4.498
12.571	3.015e-04	-2.222	2472	3.266	4.108
12.571	3.957e-04	-2.315	2449	3.343	3.761
12.571	5.181e-04	-2.407	2424	3.417	3.454
12.571	6.783e-04	-2.496	2400	3.489	3.178
12.571	8.832e-04	-2.587	2371	3.559	2.933
12.571	1.166e-03	-2.681	2341	3.631	2.701
12.571	1.526e-03	-2.775	2307	3.699	2.496
12.571	2.003e-03	-2.880	2257	3.766	2.312
12.571	2.633e-03	-2.993	2193	3.829	2.150
12.571	3.461e-03	-3.107	2125	3.888	2.008
12.571	4.533e-03	-3.218	2057	3.943	1.885
12.571	5.934e-03	-3.331	1984	3.994	1.778
12.571	7.726e-03	-3.455	1897	4.039	1.687
12.571	1.020e-02	-3.578	1809	4.080	1.609
12.571	1.343e-02	-3.677	1746	4.117	1.543
12.571	1.777e-02	-3.788	1668	4.149	1.487
12.571	2.335e-02	-3.887	1601	4.176	1.442
12.571	3.046e-02	-3.973	1543	4.198	1.405
12.571	4.028e-02	-4.060	1485	4.219	1.372
12.571	5.317e-02	-4.143	1432	4.238	1.342
12.571	6.960e-02	-4.228	1377	4.257	1.314
12.571	9.205e-02	-4.329	1315	4.276	1.284
12.571	1.215e-01	-4.447	1243	4.297	1.254
12.571	1.591e-01	-4.585	1162	4.318	1.225
12.571	2.100e-01	-4.753	1068	4.339	1.194
12.571	2.766e-01	-4.938	971	4.360	1.167
12.571	3.658e-01	-5.136	876	4.378	1.142
12.571	4.807e-01	-5.333	790	4.395	1.120
12.571	6.270e-01	-5.518	716	4.410	1.101
12.571	8.277e-01	-5.715	644	4.423	1.084
12.571	1.084e+00	-5.902	583	4.435	1.069
12.571	1.430e+00	-6.069	532	4.447	1.056
12.571	1.872e+00	-6.247	484	4.457	1.043
12.571	2.471e+00	-6.387	449	4.467	1.031
12.571	3.269e+00	-6.558	409	4.477	1.019
12.571	4.306e+00	-6.702	379	4.486	1.008
12.571	5.659e+00	-6.843	351	4.495	0.998
12.571	7.440e+00	-6.980	326	4.503	0.989
12.571	9.778e+00	-7.123	301	4.511	0.980
13.095	1.022e-04	-1.885	2478	2.951	6.026
13.095	1.349e-04	-1.956	2489	3.030	5.504
13.095	1.766e-04	-2.023	2505	3.108	5.028
13.095	2.330e-04	-2.103	2510	3.191	4.571
13.095	3.045e-04	-2.196	2489	3.269	4.178
13.095	4.004e-04	-2.290	2465	3.347	3.822
13.095	5.263e-04	-2.383	2440	3.422	3.504
13.095	6.864e-04	-2.471	2417	3.494	3.226
13.095	9.009e-04	-2.565	2387	3.566	2.969
13.095	1.184e-03	-2.657	2359	3.637	2.736
13.095	1.544e-03	-2.749	2326	3.705	2.531
13.095	2.027e-03	-2.849	2283	3.772	2.341
13.095	2.664e-03	-2.961	2221	3.837	2.174
13.095	3.523e-03	-3.078	2151	3.898	2.026
13.095	4.596e-03	-3.186	2085	3.952	1.903
13.095	6.066e-03	-3.300	2013	4.005	1.792
13.095	7.941e-03	-3.413	1936	4.050	1.701
13.095	1.042e-02	-3.534	1846	4.088	1.627
13.095	1.370e-02	-3.618	1792	4.121	1.568
13.095	1.787e-02	-3.694	1741	4.147	1.521
13.095	2.359e-02	-3.775	1684	4.170	1.482
13.095	3.082e-02	-3.840	1639	4.187	1.452
13.095	4.053e-02	-3.903	1595	4.204	1.425
13.095	5.326e-02	-3.968	1552	4.221	1.397
13.095	7.044e-02	-4.054	1494	4.242	1.364
13.095	9.356e-02	-4.168	1421	4.268	1.323
13.095	1.240e-01	-4.322	1324	4.299	1.277
13.095	1.640e-01	-4.518	1205	4.332	1.230
13.095	2.169e-01	-4.748	1075	4.363	1.187
13.095	2.857e-01	-4.985	951	4.388	1.152
13.095	3.754e-01	-5.207	847	4.409	1.125
13.095	4.936e-01	-5.420	757	4.426	1.103
13.095	6.488e-01	-5.618	681	4.440	1.085
13.095	8.564e-01	-5.816	612	4.453	1.069
13.095	1.121e+00	-5.984	559	4.464	1.056
13.095	1.480e+00	-6.152	511	4.475	1.043
13.095	1.957e+00	-6.299	472	4.484	1.032
13.095	2.588e+00	-6.442	437	4.494	1.021
13.095	3.409e+00	-6.588	404	4.502	1.010
13.095	4.481e+00	-6.719	376	4.510	1.001
13.095	5.915e+00	-6.853	350	4.519	0.992
13.095	7.729e+00	-6.981	326	4.526	0.983
13.095	1.000e+01	-7.111	304	4.533	0.975
13.618	1.038e-04	-1.868	2484	2.955	6.116
13.618	1.371e-04	-1.939	2495	3.034	5.588
13.618	1.794e-04	-2.006	2511	3.112	5.105
13.618	2.355e-04	-2.077	2526	3.193	4.651
13.618	3.096e-04	-2.173	2504	3.274	4.239
13.618	4.086e-04	-2.269	2480	3.353	3.870
13.618	5.349e-04	-2.361	2455	3.428	3.550
13.618	7.021e-04	-2.452	2431	3.501	3.262
13.618	9.194e-04	-2.544	2403	3.573	3.003
13.618	1.201e-03	-2.634	2375	3.643	2.771
13.618	1.580e-03	-2.728	2343	3.713	2.556
13.618	2.076e-03	-2.824	2306	3.782	2.362
13.618	2.740e-03	-2.938	2243	3.848	2.189
13.618	3.587e-03	-3.050	2176	3.907	2.044
13.618	4.735e-03	-3.162	2108	3.964	1.915
13.618	6.199e-03	-3.268	2041	4.014	1.808
13.618	8.183e-03	-3.371	1974	4.058	1.718
13.618	1.069e-02	-3.474	1897	4.093	1.650
13.618	1.406e-02	-3.552	1841	4.120	1.601
13.618	1.848e-02	-3.606	1807	4.140	1.563
13.618	2.430e-02	-3.655	1774	4.158	1.531
13.618	3.193e-02	-3.708	1738	4.174	1.503
13.618	4.223e-02	-3.774	1691	4.193	1.471
13.618	5.508e-02	-3.856	1633	4.215	1.434
13.618	7.271e-02	-3.976	1552	4.246	1.384
13.618	9.577e-02	-4.146	1440	4.286	1.321
13.618	1.259e-01	-4.362	1303	4.329	1.258
13.618	1.665e-01	-4.614	1154	4.369	1.202
13.618	2.197e-01	-4.871	1012	4.399	1.160
13.618	2.877e-01	-5.102	898	4.422	1.130
13.618	3.797e-01	-5.324	799	4.441	1.106
13.618	5.002e-01	-5.518	721	4.456	1.087
13.618	6.574e-01	-5.703	653	4.469	1.071
13.618	8.575e-01	-5.870	597	4.480	1.058
13.618	1.132e+00	-6.027	548	4.490	1.045
13.618	1.482e+00	-6.197	500	4.499	1.034
13.618	1.960e+00	-6.310	471	4.508	1.024
13.618	2.587e+00	-6.451	436	4.516	1.014
13.618	3.421e+00	-6.585	406	4.524	1.005
13.618	4.506e+00	-6.709	379	4.532	0.995
13.618	5.901e+00	-6.835	354	4.540	0.987
13.618	7.725e+00	-6.960	331	4.547	0.979
13.618	1.000e+01	-7.087	309	4.554	0.971
14.142	1.021e-04	-1.844	2488	2.950	6.267
14.142	1.342e-04	-1.914	2499	3.027	5.736
14.142	1.751e-04	-1.979	2515	3.104	5.252
14.142	2.298e-04	-2.048	2532	3.184	4.788
14.142	3.009e-04	-2.134	2523	3.265	4.363
14.142	3.939e-04	-2.229	2499	3.343	3.990
14.142	5.170e-04	-2.322	2475	3.419	3.654
14.142	6.721e-04	-2.410	2451	3.491	3.364
14.142	8.802e-04	-2.501	2425	3.563	3.095
14.142	1.152e-03	-2.593	2396	3.634	2.852
14.142	1.512e-03	-2.684	2368	3.704	2.631
14.142	1.988e-03	-2.779	2333	3.774	2.429
14.142	2.593e-03	-2.882	2282	3.839	2.254
14.142	3.403e-03	-2.994	2218	3.901	2.099
14.142	4.472e-03	-3.104	2151	3.958	1.966
14.142	5.833e-03	-3.203	2090	4.007	1.857
14.142	7.700e-03	-3.298	2030	4.051	1.765
14.142	1.008e-02	-3.378	1976	4.084	1.699
14.142	1.323e-02	-3.449	1923	4.108	1.653
14.142	1.732e-02	-3.501	1885	4.125	1.622
14.142	2.264e-02	-3.541	1857	4.139	1.596
14.142	2.988e-02	-3.586	1827	4.156	1.565
14.142	3.952e-02	-3.652	1783	4.180	1.522
14.142	5.217e-02	-3.768	1701	4.214	1.463
14.142	6.872e-02	-3.939	1582	4.259	1.389
14.142	9.107e-02	-4.166	1432	4.313	1.305
14.142	1.202e-01	-4.422	1271	4.362	1.234
14.142	1.584e-01	-4.676	1122	4.399	1.183
14.142	2.081e-01	-4.914	994	4.426	1.146
14.142	2.736e-01	-5.126	890	4.447	1.119
14.142	3.596e-01	-5.332	798	4.464	1.098
14.142	4.747e-01	-5.514	725	4.478	1.080
14.142	6.215e-01	-5.684	662	4.490	1.065
14.142	8.203e-01	-5.849	605	4.500	1.052
14.142	1.074e+00	-5.997	559	4.510	1.041
14.142	1.420e+00	-6.162	511	4.519	1.030
14.142	1.875e+00	-6.279	480	4.527	1.020
14.142	2.469e+00	-6.407	448	4.536	1.010
14.142	3.266e+00	-6.548	415	4.544	1.001
14.142	4.292e+00	-6.666	390	4.551	0.993
14.142	5.666e+00	-6.791	364	4.559	0.984
14.142	7.417e+00	-6.916	340	4.566	0.976
14.142	9.809e+00	-7.049	317	4.573	0.968
14.666	1.006e-04	-1.821	2493	2.947	6.411
14.666	1.314e-04	-1.889	2502	3.021	5.883
14.666	1.728e-04	-1.956	2519	3.099	5.376
14.666	2.271e-04	-2.025	2536	3.180	4.901
14.666	2.962e-04	-2.101	2541	3.260	4.471
14.666	3.910e-04	-2.199	2516	3.341	4.073
14.666	5.119e-04	-2.292	2491	3.417	3.730
14.666	6.665e-04	-2.382	2467	3.490	3.430
14.666	8.664e-04	-2.471	2442	3.561	3.162
14.666	1.137e-03	-2.563	2414	3.633	2.910
14.666	1.495e-03	-2.654	2387	3.704	2.682
14.666	1.965e-03	-2.748	2353	3.773	2.474
14.666	2.583e-03	-2.849	2309	3.841	2.289
14.666	3.409e-03	-2.960	2247	3.905	2.127
14.666	4.463e-03	-3.067	2182	3.961	1.993
14.666	5.857e-03	-3.164	2123	4.010	1.884
14.666	7.670e-03	-3.245	2071	4.049	1.801
14.666	1.004e-02	-3.308	2031	4.078	1.743
14.666	1.307e-02	-3.355	2000	4.097	1.704
14.666	1.726e-02	-3.397	1969	4.113	1.674
14.666	2.259e-02	-3.443	1935	4.128	1.645
14.666	2.965e-02	-3.505	1889	4.149	1.607
14.666	3.897e-02	-3.591	1831	4.180	1.549
14.666	5.154e-02	-3.753	1718	4.232	1.460
14.666	6.860e-02	-3.996	1550	4.296	1.356
14.666	9.037e-02	-4.251	1382	4.352	1.271
14.666	1.188e-01	-4.489	1235	4.394	1.211
14.666	1.568e-01	-4.719	1101	4.426	1.167
14.666	2.052e-01	-4.930	989	4.449	1.136
14.666	2.709e-01	-5.127	893	4.469	1.111
14.666	3.569e-01	-5.325	804	4.484	1.091
14.666	4.690e-01	-5.495	735	4.498	1.075
14.666	6.166e-01	-5.661	672	4.510	1.060
14.666	8.104e-01	-5.820	617	4.520	1.048
14.666	1.057e+00	-5.965	571	4.529	1.037
14.666	1.395e+00	-6.118	525	4.538	1.026
14.666	1.838e+00	-6.247	490	4.546	1.016
14.666	2.416e+00	-6.366	460	4.554	1.007
14.666	3.195e+00	-6.513	424	4.562	0.998
14.666	4.225e+00	-6.632	398	4.570	0.989
14.666	5.555e+00	-6.753	373	4.577	0.981
14.666	7.301e+00	-6.881	348	4.585	0.972
14.666	9.599e+00	-7.008	324	4.592	0.965
15.190	1.005e-04	-1.802	2499	2.947	6.521
15.190	1.321e-04	-1.872	2507	3.022	5.978
15.190	1.737e-04	-1.938	2524	3.101	5.465
15.190	2.283e-04	-2.007	2541	3.181	4.983
15.190	3.002e-04	-2.079	2555	3.262	4.535
15.190	3.970e-04	-2.179	2530	3.345	4.124
15.190	5.218e-04	-2.274	2505	3.423	3.771
15.190	6.806e-04	-2.364	2481	3.497	3.464
15.190	8.862e-04	-2.454	2455	3.568	3.190
15.190	1.170e-03	-2.548	2427	3.642	2.931
15.190	1.531e-03	-2.637	2400	3.712	2.703
15.190	2.010e-03	-2.730	2367	3.781	2.495
15.190	2.641e-03	-2.826	2330	3.849	2.308
15.190	3.445e-03	-2.931	2271	3.911	2.150
15.190	4.548e-03	-3.038	2207	3.968	2.014
15.190	5.954e-03	-3.127	2153	4.013	1.911
15.190	7.814e-03	-3.195	2112	4.047	1.837
15.190	1.023e-02	-3.244	2080	4.070	1.789
15.190	1.340e-02	-3.279	2057	4.087	1.756
15.190	1.758e-02	-3.314	2035	4.102	1.725
15.190	2.302e-02	-3.362	2002	4.122	1.686
15.190	3.033e-02	-3.451	1936	4.152	1.628
15.190	4.011e-02	-3.591	1838	4.202	1.537
15.190	5.271e-02	-3.827	1671	4.273	1.417
15.190	6.919e-02	-4.080	1498	4.336	1.317
15.190	9.093e-02	-4.306	1352	4.384	1.247
15.190	1.196e-01	-4.518	1221	4.420	1.197
15.190	1.571e-01	-4.726	1101	4.448	1.159
15.190	2.066e-01	-4.926	994	4.470	1.129
15.190	2.715e-01	-5.111	903	4.488	1.106
15.190	3.584e-01	-5.305	815	4.504	1.086
15.190	4.721e-01	-5.473	746	4.517	1.070
15.190	6.205e-01	-5.636	683	4.529	1.056
15.190	8.158e-01	-5.793	628	4.539	1.043
15.190	1.072e+00	-5.943	579	4.548	1.032
15.190	1.410e+00	-6.089	535	4.557	1.021
15.190	1.853e+00	-6.224	498	4.565	1.012
15.190	2.450e+00	-6.345	466	4.574	1.002
15.190	3.235e+00	-6.492	430	4.581	0.993
15.190	4.278e+00	-6.611	404	4.589	0.985
15.190	5.635e+00	-6.731	378	4.596	0.976
15.190	7.406e+00	-6.860	353	4.604	0.968
15.190	9.737e+00	-6.986	329	4.611	0.960
15.713	1.020e-04	-1.786	2506	2.951	6.600
15.713	1.341e-04	-1.857	2513	3.026	6.053
15.713	1.762e-04	-1.923	2529	3.104	5.534
15.713	2.298e-04	-1.990	2546	3.182	5.061
15.713	3.034e-04	-2.062	2562	3.265	4.602
15.713	3.964e-04	-2.153	2545	3.344	4.198
15.713	5.171e-04	-2.246	2520	3.421	3.845
15.713	6.733e-04	-2.337	2496	3.494	3.532
15.713	8.837e-04	-2.429	2470	3.568	3.243
15.713	1.157e-03	-2.520	2443	3.640	2.985
15.713	1.512e-03	-2.609	2416	3.710	2.754
15.713	1.988e-03	-2.702	2386	3.781	2.539
15.713	2.613e-03	-2.795	2352	3.849	2.348
15.713	3.436e-03	-2.899	2297	3.913	2.182
15.713	4.499e-03	-2.998	2239	3.967	2.049
15.713	5.890e-03	-3.080	2189	4.010	1.950
15.713	7.775e-03	-3.139	2154	4.040	1.884
15.713	1.018e-02	-3.176	2132	4.060	1.842
15.713	1.336e-02	-3.208	2111	4.075	1.811
15.713	1.756e-02	-3.245	2087	4.092	1.775
15.713	2.317e-02	-3.304	2049	4.119	1.722
15.713	3.065e-02	-3.423	1964	4.164	1.634
15.713	4.037e-02	-3.626	1821	4.236	1.504
15.713	5.287e-02	-3.893	1630	4.310	1.381
15.713	6.909e-02	-4.111	1483	4.364	1.298
15.713	9.084e-02	-4.317	1350	4.406	1.236
15.713	1.194e-01	-4.513	1229	4.439	1.190
15.713	1.557e-01	-4.704	1117	4.465	1.155
15.713	2.056e-01	-4.900	1011	4.488	1.126
15.713	2.691e-01	-5.079	922	4.506	1.102
15.713	3.532e-01	-5.267	834	4.521	1.083
15.713	4.642e-01	-5.432	765	4.534	1.067
15.713	6.127e-01	-5.597	700	4.546	1.052
15.713	8.007e-01	-5.751	644	4.556	1.040
15.713	1.053e+00	-5.903	594	4.566	1.029
15.713	1.384e+00	-6.043	550	4.575	1.018
15.713	1.826e+00	-6.190	508	4.583	1.008
15.713	2.415e+00	-6.313	476	4.591	0.999
15.713	3.182e+00	-6.459	439	4.599	0.990
15.713	4.208e+00	-6.579	412	4.607	0.982
15.713	5.530e+00	-6.695	387	4.614	0.973
15.713	7.300e+00	-6.826	360	4.621	0.965
15.713	9.556e+00	-6.949	337	4.628	0.957
16.237	1.016e-04	-1.767	2513	2.951	6.713
16.237	1.341e-04	-1.840	2517	3.027	6.151
16.237	1.753e-04	-1.905	2534	3.103	5.637
16.237	2.304e-04	-1.973	2550	3.182	5.144
16.237	3.028e-04	-2.043	2566	3.263	4.686
16.237	3.982e-04	-2.130	2559	3.345	4.263
16.237	5.233e-04	-2.226	2534	3.424	3.892
16.237	6.869e-04	-2.320	2509	3.501	3.564
16.237	8.995e-04	-2.412	2483	3.574	3.274
16.237	1.177e-03	-2.503	2456	3.647	3.013
16.237	1.545e-03	-2.594	2428	3.718	2.776
16.237	2.024e-03	-2.683	2400	3.787	2.563
16.237	2.645e-03	-2.774	2367	3.854	2.374
16.237	3.450e-03	-2.870	2321	3.915	2.211
16.237	4.554e-03	-2.965	2267	3.970	2.077
16.237	5.961e-03	-3.038	2222	4.008	1.987
16.237	7.869e-03	-3.086	2193	4.033	1.930
16.237	1.030e-02	-3.116	2175	4.049	1.895
16.237	1.341e-02	-3.145	2158	4.064	1.864
16.237	1.770e-02	-3.187	2132	4.085	1.818
16.237	2.332e-02	-3.264	2082	4.121	1.745
16.237	3.065e-02	-3.425	1969	4.185	1.622
16.237	4.046e-02	-3.678	1790	4.273	1.466
16.237	5.330e-02	-3.925	1613	4.339	1.358
16.237	7.005e-02	-4.128	1477	4.388	1.284
16.237	9.209e-02	-4.320	1352	4.426	1.228
16.237	1.210e-01	-4.506	1237	4.458	1.184
16.237	1.579e-01	-4.690	1129	4.483	1.150
16.237	2.084e-01	-4.881	1024	4.505	1.121
16.237	2.728e-01	-5.058	935	4.523	1.098
16.237	3.601e-01	-5.247	846	4.539	1.078
16.237	4.762e-01	-5.415	774	4.553	1.062
16.237	6.234e-01	-5.575	710	4.564	1.048
16.237	8.118e-01	-5.727	655	4.574	1.036
16.237	1.072e+00	-5.881	603	4.584	1.024
16.237	1.403e+00	-6.019	559	4.593	1.014
16.237	1.852e+00	-6.169	516	4.601	1.004
16.237	2.449e+00	-6.293	482	4.609	0.995
16.237	3.226e+00	-6.439	445	4.617	0.986
16.237	4.266e+00	-6.560	417	4.624	0.977
16.237	5.607e+00	-6.675	392	4.632	0.969
16.237	7.372e+00	-6.802	366	4.639	0.961
16.237	9.689e+00	-6.928	342	4.646	0.953
16.761	1.045e-04	-1.757	2519	2.959	6.757
16.761	1.366e-04	-1.827	2523	3.032	6.210
16.761	1.782e-04	-1.892	2539	3.107	5.698
16.761	2.338e-04	-1.959	2556	3.186	5.204
16.761	3.062e-04	-2.028	2571	3.266	4.747
16.761	4.002e-04	-2.107	2573	3.346	4.327
16.761	5.282e-04	-2.206	2547	3.427	3.941
16.761	6.915e-04	-2.300	2522	3.503	3.611
16.761	9.004e-04	-2.390	2496	3.576	3.321
16.761	1.182e-03	-2.481	2470	3.649	3.054
16.761	1.548e-03	-2.572	2442	3.720	2.814
16.761	2.026e-03	-2.661	2415	3.789	2.598
16.761	2.659e-03	-2.752	2382	3.857	2.403
16.761	3.495e-03	-2.843	2344	3.919	2.236
16.761	4.613e-03	-2.931	2295	3.971	2.108
16.761	6.039e-03	-2.994	2257	4.004	2.028
16.761	7.971e-03	-3.033	2233	4.025	1.980
16.761	1.042e-02	-3.060	2217	4.039	1.948
16.761	1.354e-02	-3.090	2198	4.056	1.912
16.761	1.766e-02	-3.139	2169	4.081	1.857
16.761	2.318e-02	-3.236	2108	4.128	1.759
16.761	3.047e-02	-3.451	1956	4.213	1.594
16.761	3.974e-02	-3.692	1786	4.296	1.450
16.761	5.246e-02	-3.919	1623	4.357	1.352
16.761	6.868e-02	-4.108	1494	4.402	1.282
16.761	8.942e-02	-4.285	1378	4.439	1.230
16.761	1.180e-01	-4.467	1265	4.471	1.185
16.761	1.543e-01	-4.646	1157	4.497	1.150
16.761	2.028e-01	-4.833	1053	4.519	1.121
16.761	2.666e-01	-5.011	961	4.538	1.097
16.761	3.505e-01	-5.197	871	4.554	1.077
16.761	4.606e-01	-5.361	799	4.568	1.060
16.761	6.080e-01	-5.527	731	4.580	1.045
16.761	7.959e-01	-5.683	672	4.590	1.033
16.761	1.051e+00	-5.838	619	4.600	1.021
16.761	1.373e+00	-5.977	574	4.609	1.011
16.761	1.805e+00	-6.130	528	4.618	1.001
16.761	2.387e+00	-6.255	494	4.626	0.992
16.761	3.138e+00	-6.396	457	4.633	0.983
16.761	4.142e+00	-6.525	426	4.641	0.975
16.761	5.477e+00	-6.639	401	4.648	0.966
16.761	7.170e+00	-6.761	375	4.655	0.958
16.761	9.465e+00	-6.891	350	4.662	0.951
17.285	1.006e-04	-1.730	2526	2.950	6.936
17.285	1.315e-04	-1.801	2528	3.022	6.379
17.285	1.710e-04	-1.865	2541	3.095	5.866
17.285	2.230e-04	-1.930	2557	3.171	5.372
17.285	2.944e-04	-2.001	2573	3.253	4.890
17.285	3.853e-04	-2.073	2586	3.334	4.457
17.285	5.058e-04	-2.168	2565	3.414	4.061
17.285	6.647e-04	-2.264	2539	3.493	3.712
17.285	8.670e-04	-2.355	2514	3.566	3.409
17.285	1.138e-03	-2.447	2487	3.640	3.133
17.285	1.496e-03	-2.539	2459	3.712	2.882
17.285	1.966e-03	-2.629	2432	3.783	2.656
17.285	2.584e-03	-2.720	2401	3.851	2.456
17.285	3.398e-03	-2.803	2372	3.914	2.286
17.285	4.466e-03	-2.886	2327	3.963	2.159
17.285	5.895e-03	-2.942	2296	3.996	2.080
17.285	7.717e-03	-2.976	2275	4.014	2.036
17.285	1.013e-02	-3.003	2258	4.028	2.003
17.285	1.331e-02	-3.038	2237	4.047	1.960
17.285	1.757e-02	-3.099	2200	4.080	1.888
17.285	2.300e-02	-3.225	2122	4.142	1.758
17.285	2.879e-02	-3.428	1980	4.225	1.598
17.285	3.807e-02	-3.666	1811	4.307	1.453
17.285	4.966e-02	-3.878	1657	4.364	1.360
17.285	6.518e-02	-4.063	1529	4.410	1.290
17.285	8.566e-02	-4.238	1413	4.448	1.235
17.285	1.126e-01	-4.411	1303	4.481	1.190
17.285	1.475e-01	-4.586	1197	4.508	1.153
17.285	1.931e-01	-4.767	1093	4.531	1.123
17.285	2.553e-01	-4.950	994	4.551	1.098
17.285	3.357e-01	-5.130	905	4.567	1.077
17.285	4.412e-01	-5.301	827	4.582	1.060
17.285	5.824e-01	-5.469	756	4.594	1.044
17.285	7.624e-01	-5.626	695	4.605	1.031
17.285	1.001e+00	-5.778	641	4.615	1.019
17.285	1.315e+00	-5.925	592	4.624	1.009
17.285	1.736e+00	-6.082	544	4.633	0.999
17.285	2.296e+00	-6.211	507	4.641	0.989
17.285	3.024e+00	-6.346	471	4.649	0.980
17.285	4.000e+00	-6.488	436	4.656	0.972
17.285	5.257e+00	-6.597	411	4.664	0.964
17.285	6.939e+00	-6.717	385	4.671	0.956
17.285	9.141e+00	-6.851	358	4.678	0.948
17.809	1.037e-04	-1.722	2532	2.958	6.970
17.809	1.363e-04	-1.793	2535	3.032	6.399
17.809	1.792e-04	-1.861	2548	3.108	5.864
17.809	2.337e-04	-1.926	2564	3.185	5.370
17.809	3.067e-04	-1.996	2579	3.265	4.897
17.809	4.031e-04	-2.068	2593	3.346	4.458
17.809	5.258e-04	-2.159	2575	3.426	4.070
17.809	6.941e-04	-2.257	2548	3.505	3.714
17.809	9.086e-04	-2.350	2522	3.580	3.407
17.809	1.199e-03	-2.444	2495	3.655	3.124
17.809	1.570e-03	-2.534	2468	3.727	2.878
17.809	2.061e-03	-2.623	2441	3.797	2.655
17.809	2.708e-03	-2.712	2411	3.863	2.458
17.809	3.561e-03	-2.790	2384	3.922	2.297
17.809	4.680e-03	-2.859	2349	3.966	2.184
17.809	6.178e-03	-2.903	2325	3.992	2.120
17.809	8.087e-03	-2.929	2310	4.007	2.083
17.809	1.053e-02	-2.957	2294	4.023	2.047
17.809	1.382e-02	-3.002	2266	4.046	1.992
17.809	1.816e-02	-3.084	2217	4.090	1.893
17.809	2.369e-02	-3.265	2103	4.179	1.710
17.809	3.127e-02	-3.522	1917	4.276	1.529
17.809	4.087e-02	-3.727	1771	4.343	1.416
17.809	5.373e-02	-3.921	1632	4.394	1.334
17.809	7.062e-02	-4.096	1511	4.437	1.271
17.809	9.212e-02	-4.263	1401	4.472	1.221
17.809	1.216e-01	-4.434	1293	4.503	1.177
17.809	1.589e-01	-4.607	1188	4.529	1.143
17.809	2.089e-01	-4.788	1084	4.551	1.114
17.809	2.746e-01	-4.964	991	4.570	1.090
17.809	3.624e-01	-5.147	900	4.587	1.069
17.809	4.745e-01	-5.311	825	4.601	1.052
17.809	6.263e-01	-5.479	755	4.613	1.037
17.809	8.199e-01	-5.636	694	4.624	1.024
17.809	1.076e+00	-5.787	639	4.634	1.013
17.809	1.414e+00	-5.933	591	4.643	1.002
17.809	1.860e+00	-6.088	543	4.651	0.992
17.809	2.459e+00	-6.218	507	4.659	0.983
17.809	3.232e+00	-6.356	470	4.667	0.975
17.809	4.266e+00	-6.493	436	4.674	0.966
17.809	5.620e+00	-6.601	411	4.682	0.958
17.809	7.386e+00	-6.721	386	4.689	0.951
17.809	9.711e+00	-6.854	359	4.696	0.943
18.332	1.004e-04	-1.697	2537	2.950	7.137
18.332	1.319e-04	-1.769	2540	3.024	6.557
18.332	1.721e-04	-1.836	2550	3.097	6.025
18.332	2.272e-04	-1.904	2566	3.176	5.501
18.332	2.974e-04	-1.972	2582	3.255	5.025
18.332	3.903e-04	-2.043	2596	3.336	4.578
18.332	5.130e-04	-2.129	2591	3.418	4.166
18.332	6.784e-04	-2.228	2564	3.499	3.795
18.332	8.919e-04	-2.323	2537	3.576	3.474
18.332	1.168e-03	-2.415	2510	3.649	3.192
18.332	1.518e-03	-2.503	2484	3.719	2.946
18.332	1.984e-03	-2.591	2457	3.788	2.720
18.332	2.588e-03	-2.675	2431	3.853	2.523
18.332	3.416e-03	-2.754	2403	3.913	2.356
18.332	4.472e-03	-2.811	2383	3.956	2.243
18.332	5.904e-03	-2.854	2360	3.981	2.179
18.332	7.728e-03	-2.880	2345	3.996	2.141
18.332	1.020e-02	-2.909	2329	4.013	2.100
18.332	1.335e-02	-2.955	2302	4.039	2.037
18.332	1.763e-02	-3.055	2242	4.093	1.916
18.332	2.265e-02	-3.246	2122	4.189	1.715
18.332	2.933e-02	-3.475	1958	4.277	1.549
18.332	3.840e-02	-3.670	1819	4.345	1.433
18.332	5.040e-02	-3.865	1676	4.397	1.349
18.332	6.624e-02	-4.040	1553	4.441	1.283
18.332	8.640e-02	-4.199	1447	4.477	1.231
18.332	1.140e-01	-4.368	1338	4.509	1.186
18.332	1.493e-01	-4.536	1234	4.537	1.149
18.332	1.971e-01	-4.715	1128	4.561	1.118
18.332	2.580e-01	-4.891	1032	4.580	1.093
18.332	3.405e-01	-5.066	942	4.598	1.071
18.332	4.458e-01	-5.240	859	4.612	1.053
18.332	5.896e-01	-5.411	785	4.626	1.037
18.332	7.752e-01	-5.572	720	4.637	1.024
18.332	1.019e+00	-5.726	663	4.647	1.012
18.332	1.339e+00	-5.875	612	4.657	1.001
18.332	1.760e+00	-6.024	564	4.665	0.991
18.332	2.324e+00	-6.165	523	4.674	0.981
18.332	3.061e+00	-6.298	486	4.681	0.973
18.332	4.023e+00	-6.442	449	4.689	0.965
18.332	5.321e+00	-6.557	422	4.696	0.957
18.332	6.995e+00	-6.671	397	4.703	0.949
18.332	9.194e+00	-6.806	369	4.710	0.941
18.856	1.031e-04	-1.689	2543	2.958	7.171
18.856	1.361e-04	-1.761	2547	3.033	6.580
18.856	1.782e-04	-1.829	2556	3.108	6.040
18.856	2.353e-04	-1.897	2572	3.186	5.515
18.856	3.074e-04	-1.965	2587	3.264	5.041
18.856	4.010e-04	-2.035	2601	3.343	4.603
18.856	5.263e-04	-2.116	2601	3.425	4.190
18.856	6.918e-04	-2.214	2575	3.505	3.823
18.856	9.079e-04	-2.309	2548	3.581	3.501
18.856	1.193e-03	-2.402	2521	3.656	3.212
18.856	1.569e-03	-2.494	2493	3.729	2.954
18.856	2.062e-03	-2.583	2466	3.799	2.725
18.856	2.690e-03	-2.665	2440	3.863	2.532
18.856	3.550e-03	-2.738	2415	3.918	2.376
18.856	4.648e-03	-2.786	2399	3.954	2.279
18.856	6.135e-03	-2.815	2388	3.975	2.225
18.856	8.017e-03	-2.839	2375	3.990	2.188
18.856	1.054e-02	-2.873	2356	4.009	2.139
18.856	1.385e-02	-2.933	2322	4.044	2.055
18.856	1.821e-02	-3.074	2238	4.121	1.881
18.856	2.307e-02	-3.275	2109	4.219	1.679
18.856	3.039e-02	-3.500	1945	4.304	1.523
18.856	3.995e-02	-3.689	1810	4.367	1.416
18.856	5.211e-02	-3.870	1677	4.416	1.339
18.856	6.839e-02	-4.039	1559	4.458	1.276
18.856	8.988e-02	-4.199	1451	4.494	1.224
18.856	1.189e-01	-4.367	1342	4.527	1.179
18.856	1.563e-01	-4.535	1238	4.554	1.142
18.856	2.054e-01	-4.710	1135	4.577	1.112
18.856	2.711e-01	-4.889	1035	4.598	1.086
18.856	3.549e-01	-5.059	948	4.615	1.065
18.856	4.685e-01	-5.237	864	4.630	1.047
18.856	6.172e-01	-5.406	789	4.643	1.032
18.856	8.111e-01	-5.567	724	4.654	1.018
18.856	1.058e+00	-5.717	668	4.664	1.007
18.856	1.397e+00	-5.868	616	4.673	0.996
18.856	1.828e+00	-6.016	568	4.682	0.986
18.856	2.418e+00	-6.158	526	4.690	0.977
18.856	3.179e+00	-6.293	489	4.698	0.968
18.856	4.178e+00	-6.437	452	4.705	0.960
18.856	5.525e+00	-6.550	425	4.712	0.952
18.856	7.265e+00	-6.664	400	4.719	0.944
18.856	9.548e+00	-6.800	371	4.726	0.937
19.380	1.031e-04	-1.674	2549	2.959	7.263
19.380	1.350e-04	-1.744	2553	3.031	6.683
19.380	1.782e-04	-1.814	2561	3.108	6.121
19.380	2.333e-04	-1.881	2576	3.184	5.607
19.380	3.080e-04	-1.951	2591	3.265	5.110
19.380	4.032e-04	-2.021	2605	3.344	4.661
19.380	5.291e-04	-2.097	2613	3.426	4.243
19.380	6.954e-04	-2.195	2587	3.506	3.869
19.380	9.071e-04	-2.288	2560	3.581	3.548
19.380	1.197e-03	-2.384	2533	3.658	3.250
19.380	1.567e-03	-2.474	2506	3.730	2.992
19.380	2.069e-03	-2.564	2478	3.801	2.756
19.380	2.704e-03	-2.645	2453	3.864	2.564
19.380	3.527e-03	-2.711	2431	3.914	2.420
19.380	4.655e-03	-2.755	2416	3.947	2.329
19.380	6.094e-03	-2.779	2409	3.965	2.280
19.380	7.935e-03	-2.799	2402	3.981	2.241
19.380	1.032e-02	-2.831	2386	4.002	2.187
19.380	1.341e-02	-2.896	2349	4.039	2.095
19.380	1.760e-02	-3.054	2256	4.127	1.893
19.380	2.305e-02	-3.277	2114	4.238	1.667
19.380	3.012e-02	-3.486	1961	4.316	1.523
19.380	3.929e-02	-3.660	1837	4.377	1.420
19.380	5.186e-02	-3.848	1698	4.427	1.340
19.380	6.789e-02	-4.014	1580	4.469	1.278
19.380	8.962e-02	-4.173	1473	4.506	1.224
19.380	1.185e-01	-4.339	1365	4.538	1.179
19.380	1.551e-01	-4.501	1262	4.566	1.142
19.380	2.048e-01	-4.677	1157	4.590	1.111
19.380	2.698e-01	-4.854	1057	4.611	1.085
19.380	3.546e-01	-5.025	968	4.628	1.063
19.380	4.662e-01	-5.201	882	4.643	1.045
19.380	6.127e-01	-5.370	807	4.657	1.029
19.380	7.991e-01	-5.527	742	4.668	1.016
19.380	1.055e+00	-5.686	681	4.678	1.003
19.380	1.381e+00	-5.833	629	4.688	0.993
19.380	1.812e+00	-5.980	581	4.697	0.983
19.380	2.382e+00	-6.125	537	4.705	0.974
19.380	3.150e+00	-6.264	498	4.713	0.965
19.380	4.142e+00	-6.409	460	4.720	0.957
19.380	5.424e+00	-6.523	433	4.727	0.949
19.380	7.145e+00	-6.634	407	4.734	0.941
19.380	9.390e+00	-6.767	379	4.741	0.934
19.904	1.044e-04	-1.663	2554	2.964	7.324
19.904	1.362e-04	-1.731	2558	3.035	6.749
19.904	1.798e-04	-1.801	2567	3.111	6.183
19.904	2.349e-04	-1.868	2580	3.186	5.670
19.904	3.089e-04	-1.937	2595	3.265	5.175
19.904	4.060e-04	-2.009	2609	3.346	4.716
19.904	5.295e-04	-2.080	2621	3.425	4.303
19.904	6.950e-04	-2.175	2599	3.506	3.922
19.904	9.134e-04	-2.271	2572	3.584	3.586
19.904	1.201e-03	-2.366	2545	3.659	3.287
19.904	1.578e-03	-2.457	2517	3.732	3.022
19.904	2.059e-03	-2.543	2491	3.800	2.795
19.904	2.676e-03	-2.621	2467	3.861	2.606
19.904	3.513e-03	-2.685	2446	3.910	2.463
19.904	4.617e-03	-2.724	2433	3.940	2.381
19.904	6.022e-03	-2.745	2426	3.956	2.336
19.904	7.949e-03	-2.766	2419	3.972	2.292
19.904	1.041e-02	-2.799	2408	3.997	2.228
19.904	1.374e-02	-2.884	2362	4.049	2.100
19.904	1.809e-02	-3.088	2243	4.163	1.842
19.904	2.369e-02	-3.296	2108	4.262	1.642
19.904	3.102e-02	-3.495	1961	4.336	1.508
19.904	4.094e-02	-3.672	1833	4.396	1.407
19.904	5.393e-02	-3.852	1700	4.445	1.331
19.904	7.089e-02	-4.017	1582	4.486	1.269
19.904	9.320e-02	-4.172	1478	4.522	1.218
19.904	1.225e-01	-4.331	1373	4.554	1.174
19.904	1.617e-01	-4.497	1269	4.582	1.137
19.904	2.117e-01	-4.666	1167	4.605	1.106
19.904	2.778e-01	-4.840	1068	4.626	1.081
19.904	3.651e-01	-5.011	978	4.643	1.059
19.904	4.801e-01	-5.186	892	4.659	1.040
19.904	6.309e-01	-5.356	815	4.672	1.025
19.904	8.229e-01	-5.514	749	4.683	1.011
19.904	1.086e+00	-5.673	688	4.694	0.999
19.904	1.422e+00	-5.821	635	4.703	0.988
19.904	1.877e+00	-5.971	585	4.712	0.978
19.904	2.457e+00	-6.115	541	4.720	0.969
19.904	3.250e+00	-6.256	501	4.728	0.960
19.904	4.239e+00	-6.397	464	4.735	0.953
19.904	5.595e+00	-6.515	435	4.742	0.945
19.904	7.400e+00	-6.627	410	4.749	0.937
19.904	9.747e+00	-6.761	381	4.756	0.930
20.428	1.004e-04	-1.639	2560	2.954	7.500
20.428	1.320e-04	-1.709	2563	3.027	6.899
20.428	1.734e-04	-1.778	2572	3.101	6.333
20.428	2.280e-04	-1.847	2582	3.178	5.799
20.428	2.997e-04	-1.915	2598	3.256	5.297
20.428	3.941e-04	-1.987	2611	3.337	4.829
20.428	5.179e-04	-2.059	2625	3.418	4.397
20.428	6.809e-04	-2.148	2613	3.500	4.001
20.428	8.950e-04	-2.245	2586	3.578	3.655
20.428	1.175e-03	-2.339	2559	3.654	3.351
20.428	1.538e-03	-2.430	2532	3.726	3.083
20.428	2.010e-03	-2.517	2505	3.795	2.849
20.428	2.622e-03	-2.595	2481	3.856	2.655
20.428	3.441e-03	-2.656	2462	3.903	2.515
20.428	4.523e-03	-2.692	2450	3.931	2.436
20.428	5.899e-03	-2.713	2443	3.947	2.392
20.428	7.787e-03	-2.734	2436	3.963	2.347
20.428	1.019e-02	-2.769	2425	3.990	2.276
20.428	1.346e-02	-2.858	2383	4.049	2.127
20.428	1.707e-02	-3.043	2276	4.154	1.884
20.428	2.258e-02	-3.254	2142	4.260	1.668
20.428	2.945e-02	-3.445	2003	4.335	1.530
20.428	3.866e-02	-3.614	1882	4.395	1.427
20.428	5.062e-02	-3.792	1748	4.445	1.348
20.428	6.616e-02	-3.951	1634	4.487	1.285
20.428	8.733e-02	-4.108	1525	4.525	1.230
20.428	1.150e-01	-4.269	1417	4.558	1.184
20.428	1.512e-01	-4.428	1315	4.587	1.145
20.428	1.972e-01	-4.590	1215	4.611	1.113
20.428	2.608e-01	-4.768	1111	4.634	1.085
20.428	3.429e-01	-4.940	1017	4.652	1.062
20.428	4.490e-01	-5.113	929	4.668	1.042
20.428	5.878e-01	-5.279	852	4.682	1.026
20.428	7.774e-01	-5.450	777	4.695	1.011
20.428	1.014e+00	-5.605	715	4.705	0.999
20.428	1.338e+00	-5.760	658	4.715	0.987
20.428	1.749e+00	-5.905	608	4.724	0.977
20.428	2.300e+00	-6.057	560	4.733	0.968
20.428	3.022e+00	-6.196	519	4.741	0.959
20.428	3.990e+00	-6.344	479	4.748	0.951
20.428	5.255e+00	-6.473	447	4.755	0.943
20.428	6.907e+00	-6.578	422	4.762	0.936
20.428	9.135e+00	-6.704	394	4.769	0.928
20.951	1.016e-04	-1.629	2565	2.959	7.556
20.951	1.330e-04	-1.697	2568	3.030	6.963
20.951	1.756e-04	-1.767	2577	3.105	6.384
20.951	2.299e-04	-1.836	2587	3.180	5.855
20.951	3.035e-04	-1.905	2602	3.260	5.342
20.951	3.966e-04	-1.974	2615	3.338	4.882
20.951	5.214e-04	-2.047	2629	3.419	4.445
20.951	6.828e-04	-2.130	2625	3.500	4.050
20.951	8.922e-04	-2.226	2598	3.578	3.704
20.951	1.164e-03	-2.318	2571	3.652	3.401
20.951	1.536e-03	-2.412	2543	3.727	3.120
20.951	2.008e-03	-2.498	2517	3.795	2.884
20.951	2.619e-03	-2.574	2494	3.855	2.693
20.951	3.456e-03	-2.632	2475	3.900	2.557
20.951	4.525e-03	-2.663	2465	3.924	2.487
20.951	5.939e-03	-2.683	2459	3.939	2.444
20.951	7.805e-03	-2.706	2451	3.957	2.395
20.951	1.030e-02	-2.746	2438	3.988	2.310
20.951	1.349e-02	-2.849	2393	4.059	2.129
20.951	1.718e-02	-3.047	2280	4.173	1.868
20.951	2.258e-02	-3.244	2155	4.272	1.667
20.951	2.980e-02	-3.438	2014	4.348	1.527
20.951	3.895e-02	-3.599	1898	4.407	1.427
20.951	5.080e-02	-3.773	1767	4.455	1.349
20.951	6.706e-02	-3.935	1651	4.499	1.283
20.951	8.779e-02	-4.088	1543	4.536	1.230
20.951	1.152e-01	-4.245	1438	4.569	1.184
20.951	1.514e-01	-4.400	1337	4.598	1.145
20.951	1.991e-01	-4.565	1234	4.624	1.111
20.951	2.607e-01	-4.736	1133	4.646	1.083
20.951	3.413e-01	-4.905	1038	4.665	1.060
20.951	4.505e-01	-5.082	947	4.682	1.040
20.951	5.898e-01	-5.248	868	4.696	1.023
20.951	7.741e-01	-5.418	793	4.708	1.008
20.951	1.017e+00	-5.579	727	4.719	0.996
20.951	1.338e+00	-5.732	670	4.729	0.984
20.951	1.752e+00	-5.879	618	4.738	0.974
20.951	2.293e+00	-6.030	570	4.747	0.965
20.951	3.010e+00	-6.170	528	4.754	0.956
20.951	3.956e+00	-6.314	488	4.762	0.948
20.951	5.160e+00	-6.446	454	4.769	0.941
20.951	6.772e+00	-6.550	429	4.775	0.933
20.951	8.900e+00	-6.668	403	4.782	0.926
23.046	1.037e-04	-1.583	2587	2.969	7.831
23.046	1.357e-04	-1.650	2589	3.038	7.233
23.046	1.781e-04	-1.717	2598	3.111	6.649
23.046	2.341e-04	-1.787	2607	3.187	6.096
23.046	3.054e-04	-1.856	2616	3.262	5.592
23.046	4.008e-04	-1.926	2629	3.340	5.108
23.046	5.268e-04	-1.997	2643	3.421	4.657
23.046	6.871e-04	-2.068	2656	3.500	4.251
23.046	9.019e-04	-2.158	2642	3.581	3.872
23.046	1.172e-03	-2.251	2615	3.656	3.553
23.046	1.535e-03	-2.342	2588	3.729	3.265
23.046	2.010e-03	-2.426	2562	3.796	3.023
23.046	2.653e-03	-2.494	2541	3.850	2.841
23.046	3.473e-03	-2.534	2529	3.881	2.742
23.046	4.585e-03	-2.555	2522	3.897	2.689
23.046	5.991e-03	-2.575	2516	3.913	2.643
23.046	7.908e-03	-2.607	2506	3.938	2.568
23.046	1.035e-02	-2.675	2484	3.991	2.416
23.046	1.351e-02	-2.851	2415	4.118	2.087
23.046	1.740e-02	-3.030	2315	4.223	1.848
23.046	2.288e-02	-3.202	2207	4.312	1.668
23.046	2.996e-02	-3.370	2087	4.383	1.537
23.046	3.923e-02	-3.529	1970	4.442	1.437
23.046	5.178e-02	-3.693	1846	4.494	1.353
23.046	6.778e-02	-3.852	1728	4.537	1.288
23.046	8.964e-02	-4.010	1614	4.576	1.231
23.046	1.179e-01	-4.159	1511	4.611	1.183
23.046	1.543e-01	-4.307	1411	4.641	1.142
23.046	2.021e-01	-4.462	1312	4.668	1.107
23.046	2.667e-01	-4.630	1207	4.692	1.077
23.046	3.513e-01	-4.803	1106	4.713	1.051
23.046	4.617e-01	-4.974	1013	4.731	1.030
23.046	6.071e-01	-5.145	926	4.747	1.011
23.046	7.979e-01	-5.323	843	4.760	0.996
23.046	1.053e+00	-5.490	771	4.772	0.982
23.046	1.376e+00	-5.642	710	4.782	0.971
23.046	1.795e+00	-5.791	655	4.792	0.961
23.046	2.370e+00	-5.945	603	4.801	0.951
23.046	3.097e+00	-6.088	558	4.808	0.942
23.046	4.072e+00	-6.234	515	4.816	0.934
23.046	5.351e+00	-6.375	477	4.823	0.927
23.046	6.980e+00	-6.489	448	4.829	0.920
23.046	9.214e+00	-6.609	420	4.836	0.912
25.142	1.019e-04	-1.531	2610	2.971	8.163
25.142	1.339e-04	-1.601	2609	3.040	7.541
25.142	1.760e-04	-1.667	2617	3.111	6.946
25.142	2.296e-04	-1.734	2625	3.183	6.391
25.142	3.014e-04	-1.805	2633	3.259	5.856
25.142	3.947e-04	-1.876	2641	3.336	5.363
25.142	5.166e-04	-1.945	2655	3.414	4.902
25.142	6.781e-04	-2.016	2669	3.494	4.469
25.142	8.912e-04	-2.090	2681	3.575	4.069
25.142	1.176e-03	-2.187	2656	3.657	3.706
25.142	1.540e-03	-2.278	2629	3.730	3.406
25.142	2.021e-03	-2.358	2605	3.794	3.164
25.142	2.656e-03	-2.413	2588	3.838	3.009
25.142	3.493e-03	-2.441	2580	3.860	2.934
25.142	4.574e-03	-2.459	2574	3.874	2.886
25.142	6.025e-03	-2.483	2566	3.893	2.823
25.142	7.918e-03	-2.529	2552	3.929	2.707
25.142	1.041e-02	-2.659	2510	4.030	2.411
25.142	1.322e-02	-2.816	2455	4.149	2.104
25.142	1.745e-02	-2.990	2361	4.255	1.860
25.142	2.284e-02	-3.143	2269	4.339	1.690
25.142	3.015e-02	-3.301	2160	4.411	1.554
25.142	3.971e-02	-3.461	2040	4.472	1.449
25.142	5.219e-02	-3.606	1934	4.525	1.364
25.142	6.889e-02	-3.774	1803	4.571	1.293
25.142	9.075e-02	-3.926	1692	4.612	1.234
25.142	1.193e-01	-4.074	1585	4.647	1.185
25.142	1.568e-01	-4.222	1483	4.679	1.142
25.142	2.061e-01	-4.372	1383	4.708	1.105
25.142	2.710e-01	-4.530	1281	4.734	1.072
25.142	3.548e-01	-4.697	1179	4.756	1.045
25.142	4.645e-01	-4.867	1081	4.775	1.023
25.142	6.132e-01	-5.041	988	4.792	1.003
25.142	8.027e-01	-5.213	902	4.807	0.986
25.142	1.054e+00	-5.383	824	4.819	0.972
25.142	1.380e+00	-5.543	756	4.830	0.960
25.142	1.806e+00	-5.696	696	4.840	0.949
25.142	2.384e+00	-5.850	640	4.849	0.939
25.142	3.121e+00	-6.000	591	4.857	0.930
25.142	4.096e+00	-6.148	545	4.865	0.922
25.142	5.384e+00	-6.294	503	4.872	0.914
25.142	7.106e+00	-6.426	468	4.879	0.907
25.142	9.303e+00	-6.544	439	4.886	0.900
27.237	1.000e-04	-1.481	2637	2.973	8.475
27.237	1.310e-04	-1.551	2631	3.039	7.851
27.237	1.715e-04	-1.618	2634	3.108	7.253
27.237	2.263e-04	-1.686	2643	3.182	6.662
27.237	2.963e-04	-1.756	2650	3.256	6.116
27.237	3.889e-04	-1.829	2655	3.333	5.602
27.237	5.111e-04	-1.899	2666	3.410	5.121
27.237	6.719e-04	-1.970	2680	3.490	4.673
27.237	8.799e-04	-2.041	2693	3.570	4.264
27.237	1.150e-03	-2.117	2698	3.649	3.893
27.237	1.500e-03	-2.207	2671	3.722	3.578
27.237	1.984e-03	-2.285	2648	3.784	3.330
27.237	2.608e-03	-2.331	2634	3.821	3.193
27.237	3.428e-03	-2.353	2627	3.839	3.129
27.237	4.471e-03	-2.371	2622	3.853	3.077
27.237	5.812e-03	-2.399	2613	3.875	3.000
27.237	7.628e-03	-2.461	2594	3.924	2.835
27.237	9.742e-03	-2.609	2546	4.040	2.482
27.237	1.262e-02	-2.765	2493	4.160	2.162
27.237	1.646e-02	-2.914	2424	4.259	1.927
27.237	2.173e-02	-3.064	2337	4.346	1.744
27.237	2.845e-02	-3.204	2248	4.419	1.604
27.237	3.755e-02	-3.354	2140	4.483	1.489
27.237	4.916e-02	-3.500	2031	4.538	1.398
27.237	6.452e-02	-3.649	1918	4.588	1.320
27.237	8.480e-02	-3.806	1797	4.631	1.256
27.237	1.119e-01	-3.956	1685	4.670	1.201
27.237	1.465e-01	-4.101	1581	4.704	1.155
27.237	1.934e-01	-4.247	1480	4.736	1.114
27.237	2.532e-01	-4.395	1381	4.763	1.079
27.237	3.323e-01	-4.556	1277	4.788	1.049
27.237	4.368e-01	-4.725	1173	4.810	1.023
27.237	5.697e-01	-4.891	1077	4.828	1.001
27.237	7.520e-01	-5.065	984	4.845	0.982
27.237	9.827e-01	-5.238	898	4.859	0.967
27.237	1.292e+00	-5.406	821	4.871	0.953
27.237	1.692e+00	-5.564	754	4.882	0.941
27.237	2.215e+00	-5.719	694	4.891	0.931
27.237	2.924e+00	-5.875	638	4.901	0.921
27.237	3.821e+00	-6.021	589	4.909	0.913
27.237	5.024e+00	-6.177	541	4.916	0.905
27.237	6.644e+00	-6.321	500	4.923	0.898
27.237	8.732e+00	-6.449	466	4.930	0.891
29.332	1.005e-04	-1.439	2664	2.981	8.712
29.332	1.326e-04	-1.513	2654	3.049	8.062
29.332	1.736e-04	-1.581	2655	3.116	7.455
29.332	2.292e-04	-1.650	2660	3.189	6.860
29.332	3.000e-04	-1.718	2667	3.262	6.306
29.332	3.960e-04	-1.792	2672	3.339	5.770
29.332	5.175e-04	-1.863	2678	3.415	5.290
29.332	6.750e-04	-1.931	2692	3.491	4.844
29.332	8.910e-04	-2.004	2705	3.572	4.413
29.332	1.164e-03	-2.074	2717	3.650	4.035
29.332	1.531e-03	-2.154	2707	3.724	3.704
29.332	2.012e-03	-2.221	2687	3.778	3.480
29.332	2.656e-03	-2.256	2676	3.806	3.369
29.332	3.477e-03	-2.275	2671	3.821	3.312
29.332	4.563e-03	-2.297	2664	3.839	3.246
29.332	5.997e-03	-2.338	2651	3.872	3.126
29.332	7.916e-03	-2.458	2613	3.967	2.801
29.332	9.728e-03	-2.596	2568	4.075	2.474
29.332	1.277e-02	-2.745	2518	4.189	2.169
29.332	1.660e-02	-2.879	2459	4.282	1.949
29.332	2.174e-02	-3.015	2383	4.364	1.773
29.332	2.846e-02	-3.143	2309	4.436	1.632
29.332	3.756e-02	-3.284	2212	4.503	1.511
29.332	4.948e-02	-3.433	2099	4.561	1.413
29.332	6.503e-02	-3.571	1998	4.613	1.332
29.332	8.482e-02	-3.726	1874	4.657	1.265
29.332	1.120e-01	-3.877	1759	4.698	1.207
29.332	1.475e-01	-4.023	1651	4.734	1.158
29.332	1.938e-01	-4.168	1547	4.766	1.116
29.332	2.549e-01	-4.314	1447	4.796	1.078
29.332	3.350e-01	-4.468	1345	4.822	1.046
29.332	4.369e-01	-4.627	1244	4.845	1.019
29.332	5.767e-01	-4.799	1140	4.866	0.995
29.332	7.550e-01	-4.968	1045	4.883	0.975
29.332	9.965e-01	-5.145	952	4.899	0.958
29.332	1.305e+00	-5.315	869	4.912	0.944
29.332	1.722e+00	-5.484	794	4.923	0.931
29.332	2.254e+00	-5.642	729	4.934	0.920
29.332	2.976e+00	-5.798	670	4.943	0.910
29.332	3.895e+00	-5.950	617	4.951	0.902
29.332	5.142e+00	-6.112	565	4.959	0.894
29.332	6.720e+00	-6.252	523	4.966	0.887
29.332	8.835e+00	-6.389	485	4.973	0.880
31.427	1.018e-04	-1.403	2690	2.991	8.912
31.427	1.343e-04	-1.476	2680	3.058	8.255
31.427	1.755e-04	-1.546	2674	3.124	7.647
31.427	2.308e-04	-1.615	2677	3.195	7.051
31.427	3.033e-04	-1.684	2683	3.268	6.484
31.427	3.988e-04	-1.755	2688	3.343	5.946
31.427	5.242e-04	-1.829	2693	3.419	5.446
31.427	6.837e-04	-1.898	2703	3.495	4.993
31.427	8.974e-04	-1.968	2716	3.573	4.563
31.427	1.179e-03	-2.038	2728	3.651	4.170
31.427	1.551e-03	-2.102	2738	3.722	3.844
31.427	2.051e-03	-2.159	2725	3.770	3.636
31.427	2.695e-03	-2.186	2717	3.792	3.548
31.427	3.515e-03	-2.203	2711	3.806	3.489
31.427	4.640e-03	-2.231	2703	3.828	3.401
31.427	6.113e-03	-2.293	2684	3.877	3.214
31.427	7.761e-03	-2.437	2638	3.992	2.817
31.427	1.010e-02	-2.595	2586	4.116	2.443
31.427	1.317e-02	-2.728	2541	4.218	2.171
31.427	1.738e-02	-2.859	2486	4.311	1.950
31.427	2.272e-02	-2.988	2416	4.390	1.781
31.427	2.987e-02	-3.111	2346	4.463	1.638
31.427	3.911e-02	-3.241	2261	4.528	1.520
31.427	5.120e-02	-3.381	2157	4.586	1.421
31.427	6.759e-02	-3.521	2052	4.639	1.336
31.427	8.903e-02	-3.674	1932	4.687	1.265
31.427	1.170e-01	-3.826	1812	4.729	1.206
31.427	1.538e-01	-3.969	1705	4.766	1.156
31.427	2.022e-01	-4.116	1597	4.799	1.112
31.427	2.669e-01	-4.262	1495	4.830	1.073
31.427	3.494e-01	-4.409	1395	4.857	1.040
31.427	4.612e-01	-4.571	1289	4.882	1.011
31.427	6.075e-01	-4.740	1184	4.903	0.986
31.427	7.985e-01	-4.911	1085	4.922	0.966
31.427	1.054e+00	-5.088	989	4.938	0.948
31.427	1.380e+00	-5.259	903	4.952	0.933
31.427	1.811e+00	-5.428	825	4.964	0.920
31.427	2.380e+00	-5.590	756	4.974	0.909
31.427	3.129e+00	-5.746	695	4.984	0.899
31.427	4.113e+00	-5.902	639	4.992	0.890
31.427	5.407e+00	-6.062	585	5.000	0.882
31.427	7.151e+00	-6.214	538	5.008	0.875
31.427	9.399e+00	-6.353	499	5.014	0.868
34.570	1.033e-04	-1.349	2731	3.006	9.193
34.570	1.347e-04	-1.421	2717	3.068	8.554
34.570	1.778e-04	-1.495	2708	3.136	7.912
34.570	2.328e-04	-1.565	2704	3.204	7.318
34.570	3.073e-04	-1.637	2705	3.276	6.734
34.570	4.023e-04	-1.706	2710	3.349	6.196
34.570	5.310e-04	-1.779	2715	3.425	5.673
34.570	6.939e-04	-1.851	2720	3.500	5.205
34.570	9.124e-04	-1.920	2731	3.577	4.764
34.570	1.195e-03	-1.987	2743	3.651	4.376
34.570	1.561e-03	-2.042	2753	3.712	4.075
34.570	2.037e-03	-2.075	2759	3.749	3.906
34.570	2.688e-03	-2.092	2762	3.768	3.823
34.570	3.513e-03	-2.108	2764	3.785	3.749
34.570	4.619e-03	-2.143	2756	3.815	3.621
34.570	6.071e-03	-2.246	2724	3.898	3.290
34.570	8.013e-03	-2.431	2666	4.045	2.778
34.570	1.056e-02	-2.577	2617	4.159	2.436
34.570	1.382e-02	-2.701	2574	4.255	2.182
34.570	1.806e-02	-2.816	2532	4.340	1.978
34.570	2.356e-02	-2.936	2469	4.417	1.810
34.570	3.110e-02	-3.055	2405	4.491	1.664
34.570	4.064e-02	-3.172	2335	4.556	1.543
34.570	5.344e-02	-3.303	2243	4.617	1.438
34.570	7.023e-02	-3.444	2135	4.672	1.349
34.570	9.161e-02	-3.575	2036	4.721	1.276
34.570	1.202e-01	-3.732	1908	4.765	1.212
34.570	1.580e-01	-3.877	1795	4.805	1.159
34.570	2.061e-01	-4.018	1688	4.839	1.114
34.570	2.705e-01	-4.163	1582	4.871	1.074
34.570	3.555e-01	-4.307	1481	4.900	1.038
34.570	4.675e-01	-4.457	1379	4.927	1.007
34.570	6.144e-01	-4.618	1274	4.950	0.980
34.570	8.110e-01	-4.791	1168	4.971	0.957
34.570	1.062e+00	-4.961	1069	4.988	0.938
34.570	1.404e+00	-5.141	973	5.004	0.921
34.570	1.846e+00	-5.314	887	5.017	0.908
34.570	2.426e+00	-5.481	811	5.028	0.896
34.570	3.165e+00	-5.640	745	5.038	0.886
34.570	4.177e+00	-5.800	682	5.048	0.876
34.570	5.459e+00	-5.951	629	5.056	0.868
34.570	7.120e+00	-6.108	577	5.063	0.861
34.570	9.399e+00	-6.254	532	5.070	0.854
36.665	1.025e-04	-1.307	2766	3.011	9.411
36.665	1.347e-04	-1.387	2741	3.075	8.742
36.665	1.771e-04	-1.459	2731	3.141	8.104
36.665	2.328e-04	-1.532	2723	3.209	7.494
36.665	3.060e-04	-1.604	2721	3.279	6.911
36.665	3.991e-04	-1.672	2723	3.349	6.376
36.665	5.238e-04	-1.743	2729	3.423	5.856
36.665	6.884e-04	-1.815	2734	3.499	5.368
36.665	8.979e-04	-1.885	2740	3.572	4.932
36.665	1.185e-03	-1.951	2752	3.646	4.531
36.665	1.561e-03	-2.003	2761	3.705	4.235
36.665	2.052e-03	-2.032	2766	3.736	4.084
36.665	2.676e-03	-2.046	2769	3.752	4.009
36.665	3.533e-03	-2.063	2772	3.771	3.922
36.665	4.654e-03	-2.097	2778	3.809	3.757
36.665	6.117e-03	-2.233	2745	3.924	3.292
36.665	7.944e-03	-2.399	2692	4.056	2.827
36.665	1.044e-02	-2.540	2645	4.166	2.489
36.665	1.373e-02	-2.664	2602	4.262	2.229
36.665	1.804e-02	-2.778	2561	4.348	2.019
36.665	2.353e-02	-2.892	2507	4.426	1.847
36.665	3.106e-02	-3.010	2444	4.499	1.696
36.665	4.066e-02	-3.121	2383	4.566	1.571
36.665	5.367e-02	-3.247	2300	4.630	1.459
36.665	7.026e-02	-3.382	2198	4.687	1.367
36.665	9.275e-02	-3.517	2096	4.740	1.286
36.665	1.222e-01	-3.670	1972	4.787	1.218
36.665	1.606e-01	-3.821	1852	4.828	1.162
36.665	2.120e-01	-3.967	1740	4.865	1.113
36.665	2.792e-01	-4.113	1630	4.899	1.071
36.665	3.670e-01	-4.257	1527	4.929	1.035
36.665	4.844e-01	-4.406	1423	4.956	1.002
36.665	6.341e-01	-4.561	1320	4.980	0.975
36.665	8.323e-01	-4.726	1215	5.002	0.951
36.665	1.094e+00	-4.898	1113	5.020	0.931
36.665	1.444e+00	-5.077	1013	5.037	0.914
36.665	1.890e+00	-5.249	925	5.050	0.899
36.665	2.495e+00	-5.423	843	5.063	0.887
36.665	3.266e+00	-5.585	772	5.073	0.876
36.665	4.287e+00	-5.745	708	5.082	0.867
36.665	5.634e+00	-5.901	651	5.091	0.858
36.665	7.408e+00	-6.062	596	5.099	0.851
36.665	9.736e+00	-6.209	549	5.106	0.844
39.807	1.004e-04	-1.244	2819	3.016	9.747
39.807	1.315e-04	-1.325	2789	3.079	9.066
39.807	1.712e-04	-1.402	2766	3.142	8.436
39.807	2.260e-04	-1.476	2756	3.209	7.804
39.807	2.959e-04	-1.550	2746	3.277	7.220
39.807	3.883e-04	-1.621	2744	3.347	6.660
39.807	5.104e-04	-1.691	2747	3.419	6.128
39.807	6.710e-04	-1.762	2753	3.494	5.626
39.807	8.787e-04	-1.833	2756	3.567	5.171
39.807	1.150e-03	-1.897	2763	3.635	4.781
39.807	1.521e-03	-1.945	2772	3.688	4.497
39.807	2.000e-03	-1.968	2776	3.715	4.362
39.807	2.629e-03	-1.982	2779	3.730	4.285
39.807	3.429e-03	-2.000	2782	3.750	4.188
39.807	4.526e-03	-2.040	2789	3.794	3.981
39.807	5.874e-03	-2.168	2789	3.922	3.436
39.807	7.325e-03	-2.309	2744	4.035	3.017
39.807	9.572e-03	-2.450	2698	4.146	2.654
39.807	1.244e-02	-2.570	2657	4.240	2.382
39.807	1.623e-02	-2.682	2617	4.326	2.158
39.807	2.113e-02	-2.786	2579	4.405	1.971
39.807	2.774e-02	-2.900	2524	4.481	1.806
39.807	3.646e-02	-3.011	2466	4.552	1.664
39.807	4.755e-02	-3.117	2409	4.617	1.544
39.807	6.277e-02	-3.239	2329	4.680	1.435
39.807	8.217e-02	-3.372	2229	4.737	1.344
39.807	1.085e-01	-3.507	2126	4.790	1.265
39.807	1.429e-01	-3.659	2003	4.837	1.198
39.807	1.878e-01	-3.808	1882	4.879	1.142
39.807	2.479e-01	-3.955	1767	4.916	1.094
39.807	3.265e-01	-4.101	1656	4.950	1.052
39.807	4.291e-01	-4.246	1550	4.980	1.016
39.807	5.665e-01	-4.393	1447	5.008	0.984
39.807	7.415e-01	-4.547	1343	5.032	0.957
39.807	9.788e-01	-4.715	1235	5.054	0.933
39.807	1.289e+00	-4.888	1130	5.073	0.913
39.807	1.695e+00	-5.065	1031	5.089	0.896
39.807	2.210e+00	-5.236	941	5.103	0.882
39.807	2.918e+00	-5.410	858	5.115	0.870
39.807	3.820e+00	-5.574	785	5.126	0.859
39.807	5.013e+00	-5.737	719	5.135	0.850
39.807	6.565e+00	-5.891	661	5.143	0.842
39.807	8.648e+00	-6.052	605	5.151	0.835
41.903	1.041e-04	-1.218	2848	3.031	9.834
41.903	1.369e-04	-1.302	2815	3.095	9.135
41.903	1.785e-04	-1.382	2788	3.158	8.497
41.903	2.356e-04	-1.457	2775	3.225	7.864
41.903	3.084e-04	-1.532	2762	3.292	7.279
41.903	4.072e-04	-1.605	2759	3.363	6.708
41.903	5.321e-04	-1.675	2760	3.433	6.189
41.903	6.940e-04	-1.743	2765	3.504	5.701
41.903	9.022e-04	-1.810	2769	3.574	5.263
41.903	1.184e-03	-1.872	2773	3.638	4.886
41.903	1.556e-03	-1.912	2779	3.682	4.646
41.903	2.046e-03	-1.931	2783	3.704	4.533
41.903	2.680e-03	-1.945	2785	3.719	4.454
41.903	3.530e-03	-1.966	2789	3.743	4.332
41.903	4.639e-03	-2.018	2799	3.800	4.055
41.903	5.814e-03	-2.136	2814	3.927	3.503
41.903	7.555e-03	-2.298	2762	4.057	3.017
41.903	9.930e-03	-2.436	2717	4.167	2.659
41.903	1.306e-02	-2.559	2675	4.262	2.382
41.903	1.716e-02	-2.671	2635	4.349	2.157
41.903	2.256e-02	-2.777	2596	4.429	1.966
41.903	2.954e-02	-2.886	2545	4.504	1.804
41.903	3.867e-02	-2.994	2490	4.573	1.665
41.903	5.105e-02	-3.103	2431	4.641	1.540
41.903	6.671e-02	-3.216	2360	4.703	1.434
41.903	8.771e-02	-3.349	2262	4.762	1.341
41.903	1.153e-01	-3.483	2158	4.814	1.262
41.903	1.513e-01	-3.627	2042	4.862	1.194
41.903	1.981e-01	-3.776	1921	4.904	1.138
41.903	2.594e-01	-3.919	1807	4.941	1.090
41.903	3.430e-01	-4.067	1693	4.976	1.047
41.903	4.510e-01	-4.214	1583	5.007	1.011
41.903	5.928e-01	-4.357	1482	5.035	0.979
41.903	7.794e-01	-4.510	1377	5.060	0.951
41.903	1.021e+00	-4.672	1271	5.083	0.927
41.903	1.336e+00	-4.839	1167	5.102	0.906
41.903	1.754e+00	-5.014	1065	5.119	0.889
41.903	2.305e+00	-5.192	970	5.133	0.874
41.903	3.030e+00	-5.365	884	5.146	0.862
41.903	3.982e+00	-5.533	808	5.157	0.851
41.903	5.236e+00	-5.699	738	5.166	0.841
41.903	6.882e+00	-5.858	677	5.175	0.833
41.903	8.976e+00	-6.012	622	5.183	0.826
45.045	1.000e-04	-1.151	2906	3.030	10.207
45.045	1.309e-04	-1.238	2866	3.093	9.488
45.045	1.728e-04	-1.324	2833	3.159	8.797
45.045	2.263e-04	-1.405	2806	3.223	8.169
45.045	2.987e-04	-1.481	2793	3.291	7.556
45.045	3.910e-04	-1.555	2782	3.359	6.992
45.045	5.131e-04	-1.626	2779	3.428	6.453
45.045	6.744e-04	-1.696	2782	3.499	5.945
45.045	8.867e-04	-1.764	2786	3.570	5.483
45.045	1.161e-03	-1.821	2789	3.629	5.120
45.045	1.520e-03	-1.857	2791	3.666	4.905
45.045	1.995e-03	-1.875	2793	3.685	4.803
45.045	2.613e-03	-1.889	2794	3.700	4.718
45.045	3.442e-03	-1.913	2798	3.727	4.576
45.045	4.523e-03	-1.975	2810	3.796	4.227
45.045	5.947e-03	-2.116	2836	3.953	3.526
45.045	7.865e-03	-2.276	2790	4.085	3.030
45.045	1.034e-02	-2.410	2746	4.191	2.683
45.045	1.348e-02	-2.526	2706	4.281	2.417
45.045	1.770e-02	-2.636	2667	4.366	2.193
45.045	2.326e-02	-2.740	2629	4.445	2.001
45.045	3.058e-02	-2.842	2589	4.521	1.834
45.045	4.004e-02	-2.951	2533	4.591	1.691
45.045	5.242e-02	-3.055	2478	4.658	1.566
45.045	6.880e-02	-3.162	2418	4.722	1.455
45.045	9.042e-02	-3.285	2332	4.783	1.357
45.045	1.189e-01	-3.422	2226	4.838	1.273
45.045	1.563e-01	-3.553	2124	4.888	1.202
45.045	2.054e-01	-3.709	1993	4.933	1.141
45.045	2.700e-01	-3.854	1876	4.973	1.090
45.045	3.550e-01	-4.000	1760	5.009	1.046
45.045	4.666e-01	-4.148	1647	5.041	1.008
45.045	6.159e-01	-4.292	1542	5.071	0.974
45.045	8.062e-01	-4.437	1441	5.097	0.945
45.045	1.064e+00	-4.598	1331	5.121	0.919
45.045	1.393e+00	-4.765	1224	5.142	0.898
45.045	1.842e+00	-4.943	1116	5.160	0.879
45.045	2.422e+00	-5.121	1016	5.175	0.863
45.045	3.184e+00	-5.297	926	5.189	0.850
45.045	4.186e+00	-5.468	844	5.200	0.839
45.045	5.482e+00	-5.634	772	5.210	0.830
45.045	7.164e+00	-5.794	707	5.219	0.821
45.045	9.418e+00	-5.952	649	5.227	0.814
47.140	1.039e-04	-1.129	2933	3.044	10.272
47.140	1.364e-04	-1.219	2891	3.109	9.537
47.140	1.786e-04	-1.303	2857	3.173	8.861
47.140	2.339e-04	-1.386	2827	3.237	8.229
47.140	3.069e-04	-1.462	2810	3.303	7.627
47.140	4.019e-04	-1.537	2797	3.370	7.061
47.140	5.262e-04	-1.608	2793	3.438	6.527
47.140	6.946e-04	-1.679	2794	3.509	6.014
47.140	9.149e-04	-1.744	2798	3.577	5.562
47.140	1.202e-03	-1.796	2800	3.631	5.228
47.140	1.578e-03	-1.825	2802	3.661	5.052
47.140	2.074e-03	-1.840	2803	3.676	4.961
47.140	2.706e-03	-1.856	2804	3.693	4.866
47.140	3.578e-03	-1.888	2806	3.727	4.682
47.140	4.704e-03	-1.980	2823	3.828	4.164
47.140	6.183e-03	-2.117	2848	3.981	3.493
47.140	8.162e-03	-2.268	2806	4.106	3.025
47.140	1.067e-02	-2.395	2764	4.207	2.693
47.140	1.402e-02	-2.512	2723	4.299	2.424
47.140	1.843e-02	-2.621	2684	4.382	2.200
47.140	2.404e-02	-2.722	2648	4.459	2.015
47.140	3.173e-02	-2.822	2611	4.536	1.845
47.140	4.180e-02	-2.931	2557	4.608	1.698
47.140	5.494e-02	-3.038	2500	4.676	1.570
47.140	7.166e-02	-3.139	2446	4.738	1.461
47.140	9.405e-02	-3.258	2366	4.799	1.361
47.140	1.236e-01	-3.392	2262	4.856	1.276
47.140	1.632e-01	-3.523	2162	4.908	1.201
47.140	2.132e-01	-3.674	2034	4.953	1.140
47.140	2.803e-01	-3.821	1914	4.994	1.088
47.140	3.685e-01	-3.968	1796	5.031	1.043
47.140	4.864e-01	-4.116	1682	5.064	1.004
47.140	6.407e-01	-4.260	1575	5.094	0.969
47.140	8.420e-01	-4.405	1471	5.122	0.940
47.140	1.107e+00	-4.560	1364	5.146	0.914
47.140	1.450e+00	-4.725	1257	5.167	0.891
47.140	1.898e+00	-4.896	1151	5.186	0.873
47.140	2.510e+00	-5.077	1046	5.202	0.856
47.140	3.300e+00	-5.256	952	5.216	0.843
47.140	4.321e+00	-5.426	869	5.227	0.832
47.140	5.657e+00	-5.593	794	5.238	0.822
47.140	7.425e+00	-5.759	725	5.247	0.814
47.140	9.758e+00	-5.916	666	5.255	0.806
50.283	1.037e-04	-1.078	2983	3.051	10.529
50.283	1.363e-04	-1.170	2938	3.116	9.763
50.283	1.793e-04	-1.260	2897	3.181	9.058
50.283	2.348e-04	-1.344	2864	3.246	8.412
50.283	3.073e-04	-1.425	2837	3.310	7.809
50.283	4.057e-04	-1.501	2823	3.378	7.221
50.283	5.310e-04	-1.575	2813	3.445	6.685
50.283	6.970e-04	-1.644	2811	3.513	6.183
50.283	9.161e-04	-1.706	2813	3.576	5.750
50.283	1.195e-03	-1.750	2816	3.622	5.455
50.283	1.577e-03	-1.774	2817	3.647	5.301
50.283	2.065e-03	-1.788	2818	3.661	5.212
50.283	2.710e-03	-1.807	2819	3.681	5.098
50.283	3.562e-03	-1.845	2821	3.721	4.869
50.283	4.610e-03	-1.953	2835	3.837	4.259
50.283	5.822e-03	-2.065	2856	3.962	3.687
50.283	7.654e-03	-2.195	2849	4.088	3.191
50.283	1.006e-02	-2.328	2805	4.193	2.826
50.283	1.320e-02	-2.445	2765	4.286	2.540
50.283	1.729e-02	-2.554	2726	4.370	2.306
50.283	2.260e-02	-2.655	2690	4.448	2.108
50.283	2.971e-02	-2.754	2654	4.524	1.931
50.283	3.905e-02	-2.852	2617	4.597	1.774
50.283	5.134e-02	-2.960	2561	4.667	1.637
50.283	6.747e-02	-3.065	2505	4.734	1.517
50.283	8.871e-02	-3.171	2444	4.797	1.409
50.283	1.166e-01	-3.292	2360	4.857	1.315
50.283	1.530e-01	-3.426	2255	4.912	1.235
50.283	2.011e-01	-3.557	2153	4.962	1.166
50.283	2.644e-01	-3.712	2020	5.007	1.107
50.283	3.475e-01	-3.857	1902	5.047	1.057
50.283	4.587e-01	-4.005	1782	5.083	1.014
50.283	6.043e-01	-4.154	1667	5.115	0.977
50.283	7.942e-01	-4.296	1562	5.144	0.945
50.283	1.036e+00	-4.438	1461	5.170	0.918
50.283	1.367e+00	-4.599	1350	5.194	0.892
50.283	1.790e+00	-4.765	1242	5.215	0.872
50.283	2.363e+00	-4.942	1133	5.233	0.853
50.283	3.113e+00	-5.124	1030	5.249	0.838
50.283	4.091e+00	-5.300	938	5.262	0.826
50.283	5.336e+00	-5.469	856	5.273	0.815
50.283	7.003e+00	-5.640	780	5.283	0.806
50.283	9.204e+00	-5.802	714	5.292	0.798
52.378	1.000e-04	-1.033	3022	3.046	10.806
52.378	1.310e-04	-1.125	2976	3.111	10.022
52.378	1.729e-04	-1.218	2931	3.178	9.283
52.378	2.263e-04	-1.305	2894	3.242	8.621
52.378	2.970e-04	-1.390	2860	3.307	8.000
52.378	3.904e-04	-1.467	2842	3.373	7.414
52.378	5.133e-04	-1.543	2828	3.440	6.862
52.378	6.746e-04	-1.612	2823	3.507	6.353
52.378	8.905e-04	-1.675	2823	3.570	5.913
52.378	1.166e-03	-1.718	2825	3.613	5.623
52.378	1.539e-03	-1.740	2826	3.637	5.474
52.378	2.014e-03	-1.754	2827	3.651	5.384
52.378	2.664e-03	-1.774	2828	3.672	5.257
52.378	3.503e-03	-1.816	2831	3.715	5.000
52.378	4.603e-03	-1.940	2844	3.847	4.295
52.378	6.077e-03	-2.068	2868	3.990	3.646
52.378	7.955e-03	-2.189	2863	4.108	3.182
52.378	1.044e-02	-2.318	2820	4.210	2.828
52.378	1.372e-02	-2.434	2781	4.302	2.544
52.378	1.790e-02	-2.539	2743	4.384	2.316
52.378	2.331e-02	-2.639	2707	4.461	2.120
52.378	3.076e-02	-2.738	2672	4.537	1.941
52.378	4.027e-02	-2.832	2639	4.610	1.786
52.378	5.286e-02	-2.938	2584	4.679	1.648
52.378	6.947e-02	-3.043	2528	4.746	1.526
52.378	9.134e-02	-3.147	2471	4.810	1.417
52.378	1.196e-01	-3.263	2393	4.870	1.323
52.378	1.566e-01	-3.392	2293	4.926	1.241
52.378	2.055e-01	-3.520	2195	4.977	1.170
52.378	2.691e-01	-3.671	2065	5.023	1.110
52.378	3.523e-01	-3.816	1945	5.063	1.059
52.378	4.624e-01	-3.962	1826	5.100	1.016
52.378	6.077e-01	-4.107	1712	5.133	0.978
52.378	7.990e-01	-4.250	1604	5.163	0.945
52.378	1.050e+00	-4.394	1500	5.190	0.916
52.378	1.381e+00	-4.547	1393	5.215	0.890
52.378	1.815e+00	-4.713	1282	5.236	0.868
52.378	2.395e+00	-4.889	1171	5.255	0.849
52.378	3.136e+00	-5.066	1067	5.271	0.834
52.378	4.139e+00	-5.247	970	5.285	0.820
52.378	5.418e+00	-5.420	884	5.297	0.809
52.378	7.152e+00	-5.595	804	5.307	0.800
52.378	9.363e+00	-5.758	735	5.316	0.792
55.521	1.011e-04	-0.991	3066	3.054	11.025
55.521	1.329e-04	-1.085	3019	3.121	10.202
55.521	1.747e-04	-1.178	2972	3.187	9.453
55.521	2.297e-04	-1.269	2929	3.253	8.766
55.521	3.019e-04	-1.356	2893	3.318	8.132
55.521	3.938e-04	-1.435	2866	3.382	7.558
55.521	5.199e-04	-1.511	2852	3.449	6.997
55.521	6.805e-04	-1.581	2842	3.512	6.503
55.521	8.932e-04	-1.639	2839	3.569	6.096
55.521	1.174e-03	-1.676	2839	3.605	5.842
55.521	1.543e-03	-1.694	2840	3.624	5.718
55.521	2.021e-03	-1.708	2841	3.639	5.622
55.521	2.663e-03	-1.731	2842	3.662	5.473
55.521	3.499e-03	-1.783	2845	3.717	5.139
55.521	4.422e-03	-1.903	2853	3.841	4.453
55.521	5.757e-03	-2.021	2875	3.973	3.826
55.521	7.567e-03	-2.129	2895	4.093	3.334
55.521	9.870e-03	-2.253	2859	4.195	2.962
55.521	1.303e-02	-2.373	2818	4.290	2.655
55.521	1.705e-02	-2.481	2780	4.375	2.410
55.521	2.251e-02	-2.586	2742	4.456	2.195
55.521	2.942e-02	-2.683	2709	4.530	2.014
55.521	3.837e-02	-2.774	2678	4.602	1.854
55.521	5.036e-02	-2.872	2638	4.674	1.708
55.521	6.619e-02	-2.978	2581	4.742	1.578
55.521	8.703e-02	-3.082	2525	4.808	1.464
55.521	1.140e-01	-3.187	2462	4.870	1.363
55.521	1.492e-01	-3.304	2381	4.928	1.274
55.521	1.958e-01	-3.436	2277	4.982	1.197
55.521	2.574e-01	-3.568	2172	5.032	1.130
55.521	3.357e-01	-3.719	2041	5.076	1.075
55.521	4.406e-01	-3.863	1922	5.115	1.028
55.521	5.791e-01	-4.008	1804	5.150	0.987
55.521	7.553e-01	-4.149	1693	5.181	0.952
55.521	9.970e-01	-4.294	1584	5.210	0.921
55.521	1.303e+00	-4.435	1483	5.236	0.894
55.521	1.713e+00	-4.592	1373	5.260	0.870
55.521	2.251e+00	-4.760	1261	5.281	0.849
55.521	2.972e+00	-4.937	1151	5.299	0.831
55.521	3.915e+00	-5.119	1046	5.314	0.817
55.521	5.145e+00	-5.296	952	5.328	0.804
55.521	6.711e+00	-5.465	869	5.339	0.794
55.521	8.858e+00	-5.640	790	5.349	0.785
57.616	1.034e-04	-0.969	3091	3.062	11.120
57.616	1.354e-04	-1.062	3045	3.129	10.295
57.616	1.769e-04	-1.154	2999	3.195	9.549
57.616	2.308e-04	-1.244	2954	3.259	8.871
57.616	3.046e-04	-1.334	2914	3.325	8.220
57.616	3.981e-04	-1.416	2883	3.389	7.638
57.616	5.234e-04	-1.491	2868	3.454	7.086
57.616	6.879e-04	-1.561	2855	3.517	6.593
57.616	8.973e-04	-1.615	2851	3.568	6.216
57.616	1.184e-03	-1.648	2850	3.600	5.987
57.616	1.551e-03	-1.664	2849	3.616	5.876
57.616	2.035e-03	-1.679	2850	3.632	5.774
57.616	2.675e-03	-1.704	2851	3.657	5.606
57.616	3.531e-03	-1.770	2855	3.725	5.184
57.616	4.462e-03	-1.895	2862	3.855	4.463
57.616	5.900e-03	-2.017	2885	3.990	3.823
57.616	7.696e-03	-2.118	2903	4.103	3.357
57.616	1.010e-02	-2.239	2875	4.207	2.979
57.616	1.323e-02	-2.354	2836	4.298	2.681
57.616	1.732e-02	-2.462	2798	4.382	2.434
57.616	2.273e-02	-2.564	2761	4.462	2.221
57.616	2.987e-02	-2.662	2727	4.538	2.034
57.616	3.927e-02	-2.756	2696	4.612	1.868
57.616	5.143e-02	-2.850	2661	4.683	1.722
57.616	6.686e-02	-2.952	2606	4.749	1.595
57.616	8.737e-02	-3.054	2551	4.814	1.481
57.616	1.149e-01	-3.157	2493	4.877	1.376
57.616	1.510e-01	-3.273	2415	4.937	1.284
57.616	1.985e-01	-3.403	2314	4.993	1.204
57.616	2.609e-01	-3.531	2214	5.045	1.135
57.616	3.403e-01	-3.680	2084	5.089	1.078
57.616	4.492e-01	-3.827	1961	5.130	1.028
57.616	5.917e-01	-3.974	1840	5.167	0.986
57.616	7.777e-01	-4.118	1726	5.199	0.950
57.616	1.027e+00	-4.262	1617	5.229	0.918
57.616	1.344e+00	-4.401	1515	5.255	0.891
57.616	1.774e+00	-4.557	1405	5.280	0.866
57.616	2.322e+00	-4.719	1295	5.301	0.845
57.616	3.048e+00	-4.891	1185	5.319	0.827
57.616	4.006e+00	-5.070	1079	5.335	0.812
57.616	5.266e+00	-5.247	982	5.349	0.800
57.616	6.922e+00	-5.422	894	5.361	0.789
57.616	9.100e+00	-5.595	814	5.371	0.780
60.759	1.001e-04	-0.916	3136	3.058	11.476
60.759	1.310e-04	-1.008	3094	3.126	10.610
60.759	1.730e-04	-1.105	3044	3.195	9.802
60.759	2.264e-04	-1.198	2996	3.261	9.090
60.759	2.989e-04	-1.291	2951	3.327	8.421
60.759	3.906e-04	-1.376	2915	3.391	7.827
60.759	5.135e-04	-1.454	2892	3.454	7.272
60.759	6.749e-04	-1.522	2878	3.515	6.783
60.759	8.873e-04	-1.575	2869	3.563	6.420
60.759	1.162e-03	-1.604	2867	3.590	6.223
60.759	1.521e-03	-1.619	2867	3.605	6.117
60.759	1.996e-03	-1.635	2866	3.620	6.006
60.759	2.624e-03	-1.664	2865	3.649	5.814
60.759	3.464e-03	-1.743	2869	3.730	5.295
60.759	4.516e-03	-1.884	2876	3.875	4.481
60.759	5.961e-03	-1.999	2896	4.002	3.871
60.759	7.804e-03	-2.098	2914	4.112	3.409
60.759	1.030e-02	-2.211	2901	4.217	3.022
60.759	1.357e-02	-2.328	2861	4.310	2.715
60.759	1.777e-02	-2.435	2823	4.394	2.465
60.759	2.322e-02	-2.536	2787	4.472	2.253
60.759	3.019e-02	-2.629	2755	4.545	2.071
60.759	3.938e-02	-2.720	2725	4.617	1.907
60.759	5.198e-02	-2.814	2692	4.690	1.752
60.759	6.804e-02	-2.915	2643	4.759	1.619
60.759	8.981e-02	-3.021	2585	4.827	1.497
60.759	1.176e-01	-3.122	2529	4.890	1.392
60.759	1.543e-01	-3.232	2459	4.951	1.298
60.759	2.028e-01	-3.354	2369	5.009	1.215
60.759	2.667e-01	-3.483	2267	5.062	1.143
60.759	3.492e-01	-3.626	2147	5.109	1.082
60.759	4.571e-01	-3.769	2025	5.150	1.032
60.759	6.034e-01	-3.917	1900	5.188	0.988
60.759	7.949e-01	-4.060	1784	5.222	0.950
60.759	1.045e+00	-4.198	1677	5.252	0.918
60.759	1.379e+00	-4.341	1570	5.280	0.889
60.759	1.802e+00	-4.483	1466	5.304	0.864
60.759	2.369e+00	-4.639	1358	5.327	0.842
60.759	3.114e+00	-4.805	1248	5.346	0.823
60.759	4.110e+00	-4.981	1139	5.364	0.807
60.759	5.381e+00	-5.156	1039	5.378	0.794
60.759	7.103e+00	-5.335	944	5.391	0.783
60.759	9.298e+00	-5.505	861	5.401	0.773
62.854	1.044e-04	-0.904	3156	3.071	11.497
62.854	1.373e-04	-0.997	3113	3.141	10.611
62.854	1.791e-04	-1.090	3065	3.207	9.833
62.854	2.363e-04	-1.187	3014	3.275	9.095
62.854	3.094e-04	-1.278	2969	3.339	8.444
62.854	4.061e-04	-1.364	2932	3.404	7.841
62.854	5.318e-04	-1.442	2905	3.466	7.302
62.854	6.961e-04	-1.506	2892	3.522	6.843
62.854	9.137e-04	-1.554	2883	3.563	6.524
62.854	1.197e-03	-1.578	2879	3.585	6.360
62.854	1.566e-03	-1.592	2878	3.599	6.260
62.854	2.056e-03	-1.610	2877	3.617	6.134
62.854	2.702e-03	-1.646	2875	3.652	5.895
62.854	3.567e-03	-1.752	2879	3.759	5.206
62.854	4.698e-03	-1.890	2886	3.902	4.418
62.854	6.175e-03	-1.998	2905	4.022	3.849
62.854	8.054e-03	-2.094	2923	4.128	3.407
62.854	1.057e-02	-2.199	2916	4.228	3.034
62.854	1.389e-02	-2.314	2876	4.320	2.730
62.854	1.823e-02	-2.421	2838	4.404	2.478
62.854	2.388e-02	-2.522	2801	4.483	2.264
62.854	3.104e-02	-2.615	2771	4.556	2.082
62.854	4.057e-02	-2.706	2740	4.628	1.915
62.854	5.334e-02	-2.799	2708	4.700	1.762
62.854	7.010e-02	-2.899	2662	4.771	1.625
62.854	9.216e-02	-3.004	2605	4.838	1.504
62.854	1.211e-01	-3.106	2548	4.902	1.397
62.854	1.580e-01	-3.211	2483	4.962	1.304
62.854	2.086e-01	-3.330	2399	5.021	1.218
62.854	2.725e-01	-3.457	2298	5.074	1.147
62.854	3.583e-01	-3.594	2185	5.123	1.084
62.854	4.710e-01	-3.741	2058	5.165	1.032
62.854	6.192e-01	-3.884	1937	5.203	0.987
62.854	8.138e-01	-4.023	1823	5.237	0.950
62.854	1.076e+00	-4.166	1710	5.268	0.916
62.854	1.415e+00	-4.303	1605	5.296	0.888
62.854	1.853e+00	-4.441	1504	5.320	0.863
62.854	2.426e+00	-4.589	1399	5.343	0.841
62.854	3.202e+00	-4.752	1289	5.363	0.821
62.854	4.218e+00	-4.921	1181	5.381	0.805
62.854	5.544e+00	-5.096	1077	5.396	0.791
62.854	7.318e+00	-5.274	980	5.409	0.779
62.854	9.579e+00	-5.443	895	5.420	0.769
65.997	1.004e-04	-0.852	3199	3.064	11.880
65.997	1.328e-04	-0.948	3157	3.136	10.930
65.997	1.747e-04	-1.043	3110	3.206	10.091
65.997	2.295e-04	-1.140	3058	3.273	9.336
65.997	2.994e-04	-1.232	3009	3.338	8.671
65.997	3.898e-04	-1.318	2969	3.400	8.070
65.997	5.146e-04	-1.402	2933	3.463	7.506
65.997	6.737e-04	-1.466	2916	3.517	7.054
65.997	8.842e-04	-1.509	2907	3.555	6.750
65.997	1.162e-03	-1.532	2902	3.575	6.596
65.997	1.516e-03	-1.547	2899	3.588	6.495
65.997	2.001e-03	-1.569	2895	3.607	6.355
65.997	2.636e-03	-1.609	2892	3.646	6.080
65.997	3.464e-03	-1.726	2891	3.762	5.316
65.997	4.518e-03	-1.854	2899	3.895	4.566
65.997	5.930e-03	-1.963	2912	4.011	3.991
65.997	7.794e-03	-2.059	2930	4.119	3.528
65.997	1.017e-02	-2.149	2945	4.217	3.151
65.997	1.342e-02	-2.266	2907	4.312	2.825
65.997	1.757e-02	-2.373	2870	4.396	2.563
65.997	2.306e-02	-2.475	2833	4.476	2.338
65.997	3.030e-02	-2.572	2800	4.553	2.140
65.997	3.984e-02	-2.666	2770	4.627	1.964
65.997	5.217e-02	-2.757	2739	4.699	1.809
65.997	6.818e-02	-2.848	2705	4.768	1.670
65.997	8.893e-02	-2.950	2650	4.835	1.547
65.997	1.174e-01	-3.055	2592	4.901	1.433
65.997	1.534e-01	-3.155	2535	4.963	1.335
65.997	2.025e-01	-3.268	2461	5.024	1.244
65.997	2.651e-01	-3.392	2365	5.079	1.168
65.997	3.479e-01	-3.515	2269	5.130	1.102
65.997	4.573e-01	-3.662	2139	5.175	1.045
65.997	6.036e-01	-3.803	2020	5.216	0.998
65.997	7.888e-01	-3.940	1903	5.250	0.959
65.997	1.029e+00	-4.070	1797	5.280	0.926
65.997	1.361e+00	-4.203	1692	5.309	0.896
65.997	1.789e+00	-4.334	1593	5.334	0.870
65.997	2.351e+00	-4.469	1494	5.358	0.847
65.997	3.091e+00	-4.612	1392	5.379	0.827
65.997	4.063e+00	-4.766	1288	5.398	0.809
65.997	5.363e+00	-4.931	1183	5.415	0.793
65.997	7.064e+00	-5.101	1082	5.430	0.780
65.997	9.285e+00	-5.271	988	5.442	0.769
67.044	1.033e-04	-0.849	3207	3.072	11.862
67.044	1.352e-04	-0.941	3166	3.142	10.944
67.044	1.785e-04	-1.038	3119	3.213	10.090
67.044	2.337e-04	-1.134	3067	3.280	9.343
67.044	3.084e-04	-1.230	3016	3.347	8.648
67.044	4.038e-04	-1.318	2974	3.410	8.041
67.044	5.300e-04	-1.399	2939	3.471	7.498
67.044	6.965e-04	-1.461	2922	3.522	7.063
67.044	9.194e-04	-1.500	2914	3.557	6.789
67.044	1.204e-03	-1.520	2910	3.574	6.655
67.044	1.580e-03	-1.536	2906	3.588	6.550
67.044	2.076e-03	-1.560	2901	3.609	6.393
67.044	2.741e-03	-1.610	2896	3.657	6.052
67.044	3.588e-03	-1.741	2897	3.788	5.205
67.044	4.745e-03	-1.870	2904	3.921	4.465
67.044	6.238e-03	-1.975	2919	4.035	3.917
67.044	8.169e-03	-2.068	2936	4.138	3.477
67.044	1.068e-02	-2.157	2950	4.235	3.109
67.044	1.409e-02	-2.275	2909	4.329	2.792
67.044	1.845e-02	-2.381	2872	4.412	2.536
67.044	2.402e-02	-2.479	2836	4.489	2.321
67.044	3.171e-02	-2.576	2804	4.566	2.123
67.044	4.143e-02	-2.668	2774	4.639	1.953
67.044	5.404e-02	-2.757	2743	4.709	1.801
67.044	7.037e-02	-2.847	2710	4.778	1.664
67.044	9.236e-02	-2.952	2654	4.846	1.539
67.044	1.214e-01	-3.055	2597	4.911	1.428
67.044	1.583e-01	-3.153	2541	4.972	1.331
67.044	2.090e-01	-3.266	2467	5.033	1.241
67.044	2.736e-01	-3.389	2372	5.088	1.164
67.044	3.612e-01	-3.514	2274	5.140	1.097
67.044	4.728e-01	-3.658	2148	5.185	1.042
67.044	6.241e-01	-3.797	2029	5.225	0.995
67.044	8.155e-01	-3.933	1913	5.259	0.957
67.044	1.072e+00	-4.064	1806	5.290	0.924
67.044	1.409e+00	-4.191	1705	5.317	0.895
67.044	1.860e+00	-4.320	1607	5.343	0.869
67.044	2.435e+00	-4.449	1511	5.365	0.846
67.044	3.214e+00	-4.590	1411	5.387	0.826
67.044	4.234e+00	-4.740	1309	5.406	0.808
67.044	5.565e+00	-4.897	1207	5.422	0.792
67.044	7.346e+00	-5.064	1106	5.437	0.779
67.044	9.617e+00	-5.228	1013	5.450	0.768
68.092	1.016e-04	-0.832	3219	3.069	12.004
68.092	1.335e-04	-0.925	3180	3.140	11.057
68.092	1.756e-04	-1.020	3134	3.210	10.201
68.092	2.307e-04	-1.117	3082	3.278	9.431
68.092	3.010e-04	-1.210	3032	3.342	8.757
68.092	3.950e-04	-1.300	2988	3.407	8.134
68.092	5.192e-04	-1.381	2952	3.468	7.583
68.092	6.826e-04	-1.446	2930	3.519	7.145
68.092	8.971e-04	-1.485	2922	3.553	6.874
68.092	1.180e-03	-1.505	2918	3.570	6.737
68.092	1.545e-03	-1.520	2914	3.584	6.631
68.092	2.035e-03	-1.544	2910	3.605	6.471
68.092	2.674e-03	-1.595	2902	3.651	6.137
68.092	3.516e-03	-1.727	2901	3.783	5.276
68.092	4.621e-03	-1.853	2908	3.912	4.544
68.092	6.075e-03	-1.959	2920	4.026	3.987
68.092	7.956e-03	-2.052	2937	4.129	3.540
68.092	1.042e-02	-2.140	2954	4.227	3.163
68.092	1.375e-02	-2.254	2921	4.321	2.837
68.092	1.811e-02	-2.363	2883	4.407	2.570
68.092	2.372e-02	-2.464	2846	4.486	2.346
68.092	3.099e-02	-2.558	2815	4.561	2.152
68.092	4.075e-02	-2.651	2785	4.636	1.976
68.092	5.355e-02	-2.743	2753	4.708	1.817
68.092	7.041e-02	-2.836	2720	4.780	1.674
68.092	9.254e-02	-2.940	2665	4.848	1.547
68.092	1.217e-01	-3.043	2608	4.914	1.434
68.092	1.593e-01	-3.143	2552	4.976	1.335
68.092	2.082e-01	-3.250	2482	5.035	1.248
68.092	2.716e-01	-3.368	2393	5.090	1.171
68.092	3.585e-01	-3.493	2295	5.142	1.103
68.092	4.685e-01	-3.632	2175	5.187	1.047
68.092	6.160e-01	-3.768	2058	5.227	1.000
68.092	8.066e-01	-3.902	1943	5.262	0.961
68.092	1.056e+00	-4.029	1839	5.292	0.928
68.092	1.386e+00	-4.154	1738	5.320	0.899
68.092	1.815e+00	-4.276	1644	5.345	0.874
68.092	2.376e+00	-4.398	1552	5.367	0.851
68.092	3.136e+00	-4.530	1457	5.389	0.830
68.092	4.105e+00	-4.667	1361	5.408	0.812
68.092	5.429e+00	-4.819	1259	5.425	0.796
68.092	7.167e+00	-4.979	1159	5.441	0.782
68.092	9.382e+00	-5.137	1066	5.454	0.770
69.139	1.002e-04	-0.817	3230	3.066	12.138
69.139	1.322e-04	-0.909	3193	3.138	11.161
69.139	1.731e-04	-1.003	3149	3.208	10.306
69.139	2.285e-04	-1.102	3096	3.277	9.512
69.139	2.991e-04	-1.196	3045	3.343	8.820
69.139	3.949e-04	-1.289	2998	3.408	8.181
69.139	5.169e-04	-1.369	2963	3.468	7.637
69.139	6.823e-04	-1.435	2937	3.519	7.201
69.139	8.932e-04	-1.471	2929	3.550	6.945
69.139	1.179e-03	-1.491	2925	3.568	6.810
69.139	1.541e-03	-1.506	2922	3.581	6.703
69.139	2.034e-03	-1.532	2917	3.604	6.533
69.139	2.662e-03	-1.586	2907	3.652	6.180
69.139	3.502e-03	-1.721	2905	3.786	5.297
69.139	4.557e-03	-1.841	2911	3.909	4.594
69.139	5.991e-03	-1.948	2922	4.022	4.034
69.139	7.874e-03	-2.041	2940	4.127	3.578
69.139	1.035e-02	-2.130	2956	4.225	3.193
69.139	1.361e-02	-2.238	2931	4.319	2.868
69.139	1.796e-02	-2.349	2892	4.406	2.595
69.139	2.347e-02	-2.449	2856	4.484	2.370
69.139	3.061e-02	-2.543	2825	4.559	2.175
69.139	4.041e-02	-2.638	2794	4.635	1.993
69.139	5.281e-02	-2.728	2764	4.706	1.836
69.139	6.888e-02	-2.817	2732	4.775	1.696
69.139	9.041e-02	-2.918	2682	4.844	1.566
69.139	1.188e-01	-3.022	2625	4.910	1.451
69.139	1.550e-01	-3.120	2570	4.972	1.352
69.139	2.046e-01	-3.229	2501	5.034	1.259
69.139	2.678e-01	-3.344	2417	5.090	1.180
69.139	3.515e-01	-3.468	2320	5.142	1.112
69.139	4.603e-01	-3.600	2209	5.188	1.054
69.139	6.026e-01	-3.736	2090	5.228	1.006
69.139	7.909e-01	-3.868	1977	5.264	0.966
69.139	1.036e+00	-3.992	1873	5.294	0.933
69.139	1.364e+00	-4.117	1771	5.322	0.903
69.139	1.793e+00	-4.236	1678	5.347	0.878
69.139	2.357e+00	-4.354	1588	5.370	0.855
69.139	3.087e+00	-4.475	1499	5.390	0.835
69.139	4.041e+00	-4.602	1409	5.409	0.817
69.139	5.334e+00	-4.742	1313	5.427	0.801
69.139	7.027e+00	-4.891	1216	5.443	0.786
69.139	9.235e+00	-5.044	1122	5.457	0.774
70.187	1.010e-04	-0.808	3238	3.068	12.191
70.187	1.333e-04	-0.900	3204	3.142	11.205
70.187	1.756e-04	-0.996	3159	3.213	10.325
70.187	2.308e-04	-1.093	3107	3.281	9.541
70.187	3.034e-04	-1.190	3054	3.348	8.836
70.187	3.973e-04	-1.280	3008	3.411	8.214
70.187	5.202e-04	-1.359	2972	3.470	7.674
70.187	6.866e-04	-1.424	2946	3.520	7.250
70.187	8.988e-04	-1.459	2937	3.549	7.009
70.187	1.186e-03	-1.477	2933	3.565	6.881
70.187	1.551e-03	-1.493	2930	3.579	6.770
70.187	2.047e-03	-1.520	2924	3.603	6.588
70.187	2.679e-03	-1.581	2913	3.656	6.194
70.187	3.537e-03	-1.723	2909	3.796	5.272
70.187	4.630e-03	-1.842	2916	3.920	4.573
70.187	6.111e-03	-1.948	2926	4.033	4.017
70.187	8.000e-03	-2.040	2944	4.134	3.575
70.187	1.056e-02	-2.129	2960	4.233	3.188
70.187	1.391e-02	-2.237	2936	4.327	2.863
70.187	1.828e-02	-2.345	2898	4.412	2.595
70.187	2.385e-02	-2.444	2863	4.490	2.373
70.187	3.130e-02	-2.540	2831	4.566	2.173
70.187	4.114e-02	-2.633	2801	4.641	1.994
70.187	5.366e-02	-2.723	2770	4.711	1.839
70.187	7.042e-02	-2.814	2738	4.782	1.694
70.187	9.256e-02	-2.915	2689	4.852	1.565
70.187	1.207e-01	-3.015	2633	4.916	1.453
70.187	1.585e-01	-3.116	2577	4.979	1.351
70.187	2.075e-01	-3.221	2511	5.039	1.261
70.187	2.716e-01	-3.334	2430	5.096	1.181
70.187	3.586e-01	-3.460	2331	5.149	1.112
70.187	4.694e-01	-3.588	2224	5.195	1.054
70.187	6.208e-01	-3.728	2101	5.236	1.005
70.187	8.097e-01	-3.854	1993	5.271	0.966
70.187	1.069e+00	-3.980	1887	5.302	0.932
70.187	1.408e+00	-4.100	1789	5.329	0.903
70.187	1.850e+00	-4.213	1699	5.353	0.879
70.187	2.433e+00	-4.324	1614	5.375	0.857
70.187	3.197e+00	-4.438	1529	5.395	0.837
70.187	4.171e+00	-4.553	1446	5.413	0.820
70.187	5.516e+00	-4.683	1356	5.430	0.804
70.187	7.281e+00	-4.821	1264	5.446	0.789
70.187	9.531e+00	-4.961	1175	5.460	0.777
71.234	1.045e-04	-0.808	3244	3.078	12.145
71.234	1.363e-04	-0.896	3212	3.148	11.202
71.234	1.799e-04	-0.992	3167	3.220	10.314
71.234	2.351e-04	-1.088	3115	3.287	9.545
71.234	3.091e-04	-1.185	3062	3.354	8.839
71.234	4.063e-04	-1.276	3015	3.418	8.211
71.234	5.342e-04	-1.355	2979	3.477	7.674
71.234	7.021e-04	-1.416	2954	3.522	7.281
71.234	9.231e-04	-1.448	2944	3.549	7.062
71.234	1.209e-03	-1.465	2940	3.563	6.946
71.234	1.571e-03	-1.481	2937	3.578	6.832
71.234	2.054e-03	-1.509	2931	3.602	6.644
71.234	2.700e-03	-1.577	2918	3.662	6.197
71.234	3.549e-03	-1.720	2913	3.802	5.275
71.234	4.629e-03	-1.836	2920	3.923	4.592
71.234	6.110e-03	-1.942	2929	4.034	4.039
71.234	7.998e-03	-2.032	2946	4.135	3.598
71.234	1.041e-02	-2.117	2962	4.229	3.228
71.234	1.367e-02	-2.219	2947	4.321	2.902
71.234	1.796e-02	-2.327	2909	4.407	2.629
71.234	2.343e-02	-2.427	2873	4.486	2.402
71.234	3.051e-02	-2.520	2843	4.560	2.204
71.234	4.027e-02	-2.615	2811	4.636	2.020
71.234	5.272e-02	-2.706	2781	4.708	1.860
71.234	6.959e-02	-2.799	2748	4.781	1.711
71.234	9.110e-02	-2.896	2704	4.849	1.580
71.234	1.186e-01	-2.996	2648	4.914	1.468
71.234	1.566e-01	-3.100	2591	4.978	1.362
71.234	2.050e-01	-3.203	2528	5.039	1.271
71.234	2.690e-01	-3.313	2452	5.096	1.189
71.234	3.536e-01	-3.437	2353	5.149	1.119
71.234	4.612e-01	-3.555	2258	5.195	1.061
71.234	6.088e-01	-3.696	2133	5.237	1.011
71.234	7.970e-01	-3.820	2026	5.272	0.971
71.234	1.038e+00	-3.940	1923	5.302	0.939
71.234	1.362e+00	-4.054	1830	5.328	0.910
71.234	1.790e+00	-4.162	1743	5.352	0.886
71.234	2.354e+00	-4.266	1661	5.373	0.864
71.234	3.093e+00	-4.369	1583	5.393	0.845
71.234	4.083e+00	-4.477	1504	5.411	0.828
71.234	5.345e+00	-4.586	1426	5.427	0.812
71.234	7.056e+00	-4.706	1342	5.443	0.798
71.234	9.220e+00	-4.829	1261	5.457	0.785
72.282	1.042e-04	-0.797	3254	3.078	12.237
72.282	1.367e-04	-0.885	3223	3.150	11.263
72.282	1.791e-04	-0.979	3179	3.220	10.390
72.282	2.344e-04	-1.075	3128	3.288	9.607
72.282	3.077e-04	-1.172	3075	3.354	8.899
72.282	4.043e-04	-1.263	3026	3.418	8.267
72.282	5.316e-04	-1.343	2990	3.477	7.730
72.282	6.987e-04	-1.402	2964	3.521	7.344
72.282	9.186e-04	-1.434	2952	3.547	7.133
72.282	1.203e-03	-1.451	2948	3.561	7.019
72.282	1.585e-03	-1.469	2944	3.576	6.895
72.282	2.083e-03	-1.499	2938	3.603	6.684
72.282	2.738e-03	-1.579	2922	3.673	6.165
72.282	3.599e-03	-1.723	2918	3.815	5.238
72.282	4.732e-03	-1.840	2924	3.936	4.558
72.282	6.219e-03	-1.942	2933	4.043	4.026
72.282	8.112e-03	-2.030	2950	4.141	3.597
72.282	1.065e-02	-2.117	2966	4.237	3.220
72.282	1.394e-02	-2.216	2953	4.329	2.899
72.282	1.825e-02	-2.323	2915	4.413	2.631
72.282	2.409e-02	-2.427	2878	4.495	2.395
72.282	3.154e-02	-2.521	2847	4.570	2.195
72.282	4.106e-02	-2.612	2817	4.643	2.020
72.282	5.421e-02	-2.705	2786	4.717	1.855
72.282	7.096e-02	-2.795	2754	4.787	1.711
72.282	9.367e-02	-2.895	2709	4.858	1.577
72.282	1.226e-01	-2.997	2653	4.923	1.462
72.282	1.619e-01	-3.100	2595	4.988	1.357
72.282	2.119e-01	-3.202	2533	5.048	1.266
72.282	2.797e-01	-3.315	2455	5.107	1.184
72.282	3.661e-01	-3.436	2359	5.158	1.116
72.282	4.806e-01	-3.555	2263	5.205	1.057
72.282	6.316e-01	-3.691	2142	5.246	1.009
72.282	8.304e-01	-3.813	2036	5.280	0.969
72.282	1.091e+00	-3.933	1934	5.310	0.937
72.282	1.435e+00	-4.040	1845	5.335	0.910
72.282	1.886e+00	-4.141	1763	5.358	0.887
72.282	2.475e+00	-4.236	1688	5.377	0.867
72.282	3.241e+00	-4.328	1618	5.395	0.849
72.282	4.243e+00	-4.419	1550	5.411	0.834
72.282	5.601e+00	-4.513	1481	5.427	0.819
72.282	7.378e+00	-4.613	1410	5.441	0.805
72.282	9.697e+00	-4.717	1338	5.454	0.793
73.330	1.037e-04	-0.785	3264	3.077	12.335
73.330	1.352e-04	-0.870	3235	3.148	11.371
73.330	1.785e-04	-0.967	3191	3.220	10.461
73.330	2.337e-04	-1.063	3140	3.289	9.669
73.330	3.085e-04	-1.161	3086	3.357	8.940
73.330	4.031e-04	-1.252	3037	3.419	8.318
73.330	5.300e-04	-1.331	3000	3.477	7.784
73.330	6.941e-04	-1.388	2975	3.520	7.409
73.330	9.086e-04	-1.420	2962	3.544	7.207
73.330	1.193e-03	-1.437	2956	3.558	7.093
73.330	1.567e-03	-1.455	2952	3.573	6.968
73.330	2.073e-03	-1.488	2945	3.602	6.743
73.330	2.725e-03	-1.573	2927	3.677	6.184
73.330	3.526e-03	-1.710	2921	3.810	5.308
73.330	4.541e-03	-1.818	2927	3.921	4.667
73.330	5.970e-03	-1.922	2934	4.030	4.120
73.330	7.818e-03	-2.012	2951	4.129	3.674
73.330	1.023e-02	-2.097	2967	4.224	3.293
73.330	1.333e-02	-2.187	2967	4.314	2.969
73.330	1.749e-02	-2.296	2929	4.401	2.688
73.330	2.290e-02	-2.398	2892	4.481	2.450
73.330	2.993e-02	-2.493	2861	4.557	2.245
73.330	3.904e-02	-2.584	2831	4.630	2.064
73.330	5.154e-02	-2.678	2800	4.704	1.895
73.330	6.746e-02	-2.768	2769	4.775	1.747
73.330	8.905e-02	-2.863	2731	4.846	1.609
73.330	1.166e-01	-2.966	2675	4.913	1.490
73.330	1.539e-01	-3.070	2617	4.978	1.382
73.330	2.011e-01	-3.168	2560	5.039	1.289
73.330	2.644e-01	-3.276	2488	5.097	1.205
73.330	3.475e-01	-3.397	2394	5.151	1.133
73.330	4.569e-01	-3.512	2304	5.199	1.071
73.330	6.005e-01	-3.646	2185	5.242	1.021
73.330	7.926e-01	-3.768	2080	5.278	0.979
73.330	1.036e+00	-3.881	1982	5.307	0.947
73.330	1.362e+00	-3.984	1895	5.333	0.919
73.330	1.790e+00	-4.082	1815	5.354	0.896
73.330	2.353e+00	-4.169	1744	5.373	0.877
73.330	3.093e+00	-4.251	1680	5.390	0.860
73.330	4.034e+00	-4.326	1622	5.405	0.846
73.330	5.325e+00	-4.403	1565	5.418	0.833
73.330	6.971e+00	-4.475	1512	5.430	0.821
73.330	9.150e+00	-4.548	1459	5.442	0.811
74.377	1.014e-04	-0.767	3275	3.072	12.499
74.377	1.339e-04	-0.856	3247	3.146	11.477
74.377	1.753e-04	-0.949	3205	3.217	10.580
74.377	2.314e-04	-1.048	3154	3.287	9.751
74.377	3.029e-04	-1.144	3101	3.354	9.034
74.377	3.976e-04	-1.236	3051	3.418	8.394
74.377	5.225e-04	-1.316	3012	3.475	7.856
74.377	6.870e-04	-1.373	2986	3.518	7.478
74.377	8.997e-04	-1.405	2973	3.541	7.280
74.377	1.178e-03	-1.422	2966	3.555	7.167
74.377	1.546e-03	-1.441	2960	3.570	7.040
74.377	2.032e-03	-1.474	2952	3.598	6.818
74.377	2.682e-03	-1.562	2934	3.675	6.239
74.377	3.508e-03	-1.703	2925	3.812	5.331
74.377	4.603e-03	-1.818	2932	3.930	4.653
74.377	6.050e-03	-1.921	2938	4.037	4.115
74.377	7.955e-03	-2.011	2954	4.137	3.668
74.377	1.045e-02	-2.097	2971	4.232	3.286
74.377	1.364e-02	-2.186	2972	4.322	2.963
74.377	1.790e-02	-2.295	2934	4.408	2.683
74.377	2.344e-02	-2.397	2897	4.488	2.447
74.377	3.063e-02	-2.491	2867	4.564	2.242
74.377	4.027e-02	-2.585	2836	4.639	2.056
74.377	5.274e-02	-2.676	2805	4.712	1.892
74.377	6.892e-02	-2.765	2774	4.782	1.746
74.377	8.989e-02	-2.855	2741	4.850	1.614
74.377	1.180e-01	-2.959	2683	4.917	1.493
74.377	1.551e-01	-3.061	2626	4.982	1.386
74.377	2.023e-01	-3.157	2572	5.042	1.293
74.377	2.670e-01	-3.266	2500	5.102	1.208
74.377	3.495e-01	-3.383	2410	5.155	1.136
74.377	4.613e-01	-3.499	2319	5.204	1.074
74.377	6.029e-01	-3.624	2209	5.245	1.024
74.377	7.927e-01	-3.743	2105	5.280	0.983
74.377	1.042e+00	-3.852	2011	5.310	0.951
74.377	1.370e+00	-3.952	1925	5.334	0.924
74.377	1.800e+00	-4.041	1852	5.355	0.902
74.377	2.367e+00	-4.119	1788	5.372	0.884
74.377	3.111e+00	-4.189	1732	5.387	0.869
74.377	4.106e+00	-4.252	1683	5.400	0.857
74.377	5.366e+00	-4.306	1641	5.411	0.846
74.377	7.055e+00	-4.356	1603	5.420	0.837
74.377	9.272e+00	-4.400	1570	5.427	0.830
75.425	1.010e-04	-0.755	3284	3.071	12.596
75.425	1.333e-04	-0.844	3258	3.145	11.564
75.425	1.746e-04	-0.937	3217	3.216	10.656
75.425	2.291e-04	-1.033	3168	3.286	9.834
75.425	3.011e-04	-1.131	3113	3.354	9.097
75.425	3.927e-04	-1.221	3064	3.416	8.466
75.425	5.184e-04	-1.303	3023	3.474	7.918
75.425	6.787e-04	-1.359	2998	3.516	7.549
75.425	8.958e-04	-1.390	2984	3.539	7.349
75.425	1.173e-03	-1.408	2976	3.552	7.237
75.425	1.539e-03	-1.428	2969	3.568	7.106
75.425	2.023e-03	-1.463	2959	3.597	6.873
75.425	2.670e-03	-1.557	2939	3.680	6.250
75.425	3.496e-03	-1.699	2929	3.816	5.345
75.425	4.614e-03	-1.814	2935	3.935	4.662
75.425	6.041e-03	-1.914	2941	4.038	4.136
75.425	7.973e-03	-2.005	2957	4.139	3.685
75.425	1.044e-02	-2.090	2973	4.232	3.308
75.425	1.359e-02	-2.174	2981	4.322	2.986
75.425	1.767e-02	-2.280	2944	4.405	2.712
75.425	2.319e-02	-2.383	2907	4.486	2.470
75.425	3.048e-02	-2.479	2875	4.564	2.259
75.425	4.007e-02	-2.573	2845	4.639	2.071
75.425	5.267e-02	-2.665	2814	4.712	1.904
75.425	6.924e-02	-2.757	2782	4.784	1.753
75.425	9.101e-02	-2.848	2748	4.854	1.617
75.425	1.187e-01	-2.950	2693	4.920	1.498
75.425	1.546e-01	-3.048	2638	4.983	1.394
75.425	2.029e-01	-3.146	2583	5.045	1.298
75.425	2.657e-01	-3.251	2514	5.103	1.215
75.425	3.478e-01	-3.365	2429	5.156	1.142
75.425	4.564e-01	-3.477	2340	5.204	1.081
75.425	5.977e-01	-3.596	2238	5.246	1.030
75.425	7.825e-01	-3.712	2136	5.281	0.990
75.425	1.033e+00	-3.817	2045	5.310	0.956
75.425	1.352e+00	-3.912	1963	5.334	0.931
75.425	1.775e+00	-3.990	1898	5.353	0.910
75.425	2.332e+00	-4.062	1838	5.369	0.894
75.425	3.067e+00	-4.120	1791	5.382	0.880
75.425	4.030e+00	-4.168	1752	5.392	0.870
75.425	5.299e+00	-4.207	1722	5.400	0.862
75.425	6.965e+00	-4.236	1699	5.406	0.856
75.425	9.157e+00	-4.256	1683	5.410	0.852
76.472	1.041e-04	-0.755	3290	3.080	12.560
76.472	1.368e-04	-0.842	3264	3.153	11.544
76.472	1.806e-04	-0.937	3222	3.226	10.610
76.472	2.364e-04	-1.033	3173	3.295	9.800
76.472	3.102e-04	-1.130	3119	3.362	9.070
76.472	4.077e-04	-1.222	3069	3.426	8.430
76.472	5.361e-04	-1.300	3029	3.481	7.912
76.472	7.045e-04	-1.351	3006	3.519	7.573
76.472	9.263e-04	-1.378	2994	3.539	7.401
76.472	1.213e-03	-1.396	2986	3.552	7.290
76.472	1.598e-03	-1.419	2977	3.570	7.144
76.472	2.100e-03	-1.461	2964	3.604	6.867
76.472	2.739e-03	-1.571	2941	3.701	6.142
76.472	3.528e-03	-1.699	2933	3.825	5.327
76.472	4.618e-03	-1.809	2939	3.938	4.676
76.472	6.062e-03	-1.910	2945	4.042	4.149
76.472	7.938e-03	-1.998	2960	4.139	3.711
76.472	1.037e-02	-2.081	2975	4.231	3.336
76.472	1.353e-02	-2.163	2987	4.320	3.010
76.472	1.762e-02	-2.268	2952	4.405	2.732
76.472	2.290e-02	-2.368	2916	4.483	2.496
76.472	3.023e-02	-2.466	2884	4.562	2.278
76.472	3.951e-02	-2.558	2854	4.636	2.093
76.472	5.194e-02	-2.651	2823	4.710	1.923
76.472	6.827e-02	-2.742	2792	4.782	1.770
76.472	8.905e-02	-2.831	2760	4.850	1.636
76.472	1.175e-01	-2.934	2706	4.920	1.510
76.472	1.539e-01	-3.035	2650	4.984	1.403
76.472	2.004e-01	-3.130	2597	5.044	1.309
76.472	2.605e-01	-3.230	2533	5.101	1.226
76.472	3.386e-01	-3.337	2456	5.153	1.154
76.472	4.470e-01	-3.452	2365	5.203	1.090
76.472	5.851e-01	-3.562	2275	5.245	1.038
76.472	7.723e-01	-3.682	2167	5.281	0.996
76.472	1.011e+00	-3.779	2082	5.309	0.964
76.472	1.335e+00	-3.870	2003	5.333	0.938
76.472	1.758e+00	-3.945	1939	5.351	0.919
76.472	2.311e+00	-4.003	1891	5.366	0.903
76.472	3.050e+00	-4.054	1848	5.377	0.892
76.472	3.993e+00	-4.088	1820	5.385	0.884
76.472	5.240e+00	-4.112	1801	5.390	0.879
76.472	6.887e+00	-4.127	1789	5.393	0.875
76.472	9.055e+00	-4.135	1782	5.395	0.874
77.520	1.005e-04	-0.734	3302	3.071	12.779
77.520	1.321e-04	-0.821	3276	3.144	11.740
77.520	1.736e-04	-0.913	3240	3.217	10.798
77.520	2.292e-04	-1.011	3190	3.289	9.942
77.520	3.000e-04	-1.108	3137	3.356	9.203
77.520	3.938e-04	-1.200	3086	3.419	8.551
77.520	5.175e-04	-1.280	3044	3.475	8.019
77.520	6.805e-04	-1.333	3019	3.515	7.665
77.520	8.943e-04	-1.361	3006	3.535	7.484
77.520	1.166e-03	-1.379	2999	3.548	7.374
77.520	1.540e-03	-1.402	2988	3.565	7.228
77.520	2.028e-03	-1.444	2973	3.598	6.959
77.520	2.666e-03	-1.553	2949	3.694	6.234
77.520	3.410e-03	-1.681	2937	3.814	5.428
77.520	4.509e-03	-1.795	2942	3.932	4.742
77.520	5.882e-03	-1.893	2948	4.033	4.220
77.520	7.720e-03	-1.983	2961	4.130	3.773
77.520	1.011e-02	-2.066	2977	4.223	3.390
77.520	1.321e-02	-2.148	2991	4.313	3.057
77.520	1.723e-02	-2.250	2963	4.398	2.770
77.520	2.275e-02	-2.356	2925	4.482	2.516
77.520	2.978e-02	-2.451	2894	4.559	2.303
77.520	3.931e-02	-2.547	2862	4.636	2.108
77.520	5.137e-02	-2.637	2832	4.708	1.940
77.520	6.700e-02	-2.726	2802	4.778	1.790
77.520	8.794e-02	-2.816	2770	4.848	1.651
77.520	1.152e-01	-2.915	2721	4.916	1.527
77.520	1.507e-01	-3.016	2665	4.981	1.417
77.520	1.990e-01	-3.116	2609	5.044	1.317
77.520	2.605e-01	-3.217	2546	5.103	1.232
77.520	3.419e-01	-3.325	2470	5.157	1.157
77.520	4.493e-01	-3.437	2381	5.206	1.094
77.520	5.861e-01	-3.541	2297	5.247	1.043
77.520	7.737e-01	-3.657	2193	5.283	1.001
77.520	1.011e+00	-3.749	2112	5.310	0.970
77.520	1.329e+00	-3.830	2042	5.332	0.945
77.520	1.747e+00	-3.898	1983	5.349	0.927
77.520	2.297e+00	-3.949	1940	5.362	0.914
77.520	3.019e+00	-3.984	1910	5.371	0.905
77.520	3.969e+00	-4.010	1889	5.377	0.898
77.520	5.217e+00	-4.025	1876	5.380	0.895
77.520	6.859e+00	-4.032	1870	5.381	0.893
77.520	9.014e+00	-4.034	1868	5.382	0.893
78.567	1.040e-04	-0.735	3307	3.080	12.720
78.567	1.362e-04	-0.821	3282	3.153	11.700
78.567	1.798e-04	-0.914	3245	3.227	10.747
78.567	2.354e-04	-1.010	3196	3.296	9.919
78.567	3.107e-04	-1.109	3141	3.365	9.161
78.567	4.067e-04	-1.200	3091	3.428	8.526
78.567	5.338e-04	-1.276	3051	3.481	8.019
78.567	7.016e-04	-1.324	3028	3.517	7.698
78.567	9.224e-04	-1.349	3016	3.535	7.538
78.567	1.208e-03	-1.367	3009	3.548	7.425
78.567	1.591e-03	-1.392	2997	3.567	7.263
78.567	2.091e-03	-1.442	2978	3.606	6.949
78.567	2.731e-03	-1.567	2950	3.714	6.132
78.567	3.530e-03	-1.692	2941	3.834	5.342
78.567	4.641e-03	-1.801	2947	3.946	4.696
78.567	6.099e-03	-1.900	2952	4.048	4.175
78.567	8.019e-03	-1.988	2966	4.145	3.736
78.567	1.050e-02	-2.071	2981	4.237	3.360
78.567	1.372e-02	-2.153	2995	4.326	3.032
78.567	1.811e-02	-2.260	2963	4.414	2.738
78.567	2.371e-02	-2.361	2927	4.495	2.496
78.567	3.112e-02	-2.457	2896	4.572	2.283
78.567	4.091e-02	-2.551	2866	4.648	2.094
78.567	5.336e-02	-2.641	2836	4.719	1.929
78.567	6.947e-02	-2.729	2805	4.788	1.780
78.567	9.171e-02	-2.821	2773	4.860	1.639
78.567	1.198e-01	-2.919	2723	4.927	1.517
78.567	1.576e-01	-3.021	2666	4.993	1.407
78.567	2.071e-01	-3.119	2612	5.055	1.310
78.567	2.701e-01	-3.218	2550	5.112	1.226
78.567	3.545e-01	-3.324	2474	5.166	1.153
78.567	4.659e-01	-3.434	2387	5.214	1.091
78.567	6.078e-01	-3.534	2307	5.254	1.042
78.567	7.977e-01	-3.642	2210	5.287	1.002
78.567	1.048e+00	-3.729	2134	5.313	0.973
78.567	1.378e+00	-3.801	2072	5.334	0.950
78.567	1.812e+00	-3.858	2021	5.348	0.934
78.567	2.391e+00	-3.900	1985	5.359	0.923
78.567	3.125e+00	-3.925	1964	5.365	0.917
78.567	4.063e+00	-3.938	1952	5.368	0.913
78.567	5.299e+00	-3.945	1946	5.370	0.911
78.567	6.955e+00	-3.948	1944	5.371	0.911
78.567	9.141e+00	-3.949	1943	5.371	0.910
80.663	1.030e-04	-0.713	3323	3.078	12.919
80.663	1.362e-04	-0.802	3298	3.154	11.840
80.663	1.783e-04	-0.891	3267	3.226	10.897
80.663	2.340e-04	-0.987	3219	3.297	10.043
80.663	3.076e-04	-1.084	3166	3.365	9.283
80.663	4.044e-04	-1.176	3114	3.429	8.630
80.663	5.315e-04	-1.252	3073	3.481	8.127
80.663	6.933e-04	-1.297	3050	3.513	7.830
80.663	9.151e-04	-1.321	3039	3.531	7.675
80.663	1.196e-03	-1.339	3030	3.544	7.559
80.663	1.579e-03	-1.366	3018	3.564	7.382
80.663	2.067e-03	-1.423	2994	3.606	7.033
80.663	2.672e-03	-1.551	2962	3.716	6.197
80.663	3.501e-03	-1.682	2949	3.839	5.378
80.663	4.584e-03	-1.786	2954	3.947	4.752
80.663	6.050e-03	-1.886	2959	4.049	4.225
80.663	7.907e-03	-1.972	2970	4.142	3.795
80.663	1.040e-02	-2.055	2986	4.235	3.412
80.663	1.361e-02	-2.136	3000	4.324	3.079
80.663	1.793e-02	-2.236	2980	4.412	2.782
80.663	2.357e-02	-2.340	2943	4.494	2.531
80.663	3.093e-02	-2.436	2912	4.572	2.314
80.663	4.066e-02	-2.530	2882	4.648	2.121
80.663	5.303e-02	-2.620	2852	4.719	1.953
80.663	6.960e-02	-2.711	2820	4.791	1.799
80.663	9.114e-02	-2.800	2789	4.861	1.660
80.663	1.193e-01	-2.895	2745	4.929	1.535
80.663	1.575e-01	-2.999	2687	4.996	1.421
80.663	2.058e-01	-3.095	2634	5.057	1.324
80.663	2.685e-01	-3.191	2577	5.114	1.240
80.663	3.544e-01	-3.294	2507	5.169	1.164
80.663	4.631e-01	-3.398	2424	5.216	1.103
80.663	6.040e-01	-3.490	2352	5.255	1.054
80.663	7.973e-01	-3.585	2270	5.288	1.015
80.663	1.044e+00	-3.665	2198	5.312	0.987
80.663	1.370e+00	-3.722	2148	5.329	0.968
80.663	1.794e+00	-3.762	2113	5.341	0.955
80.663	2.349e+00	-3.787	2091	5.348	0.947
80.663	3.100e+00	-3.801	2079	5.352	0.943
80.663	4.058e+00	-3.807	2074	5.353	0.941
80.663	5.357e+00	-3.808	2073	5.354	0.941
80.663	7.084e+00	-3.809	2072	5.354	0.941
80.663	9.429e+00	-3.809	2072	5.354	0.941
81.710	1.014e-04	-0.699	3331	3.074	13.061
81.710	1.338e-04	-0.787	3309	3.150	11.974
81.710	1.752e-04	-0.874	3279	3.222	11.017
81.710	2.317e-04	-0.973	3231	3.295	10.127
81.710	3.047e-04	-1.071	3179	3.364	9.356
81.710	4.004e-04	-1.162	3127	3.427	8.698
81.710	5.223e-04	-1.236	3087	3.478	8.205
81.710	6.894e-04	-1.283	3062	3.512	7.896
81.710	9.025e-04	-1.306	3050	3.528	7.747
81.710	1.185e-03	-1.324	3042	3.542	7.627
81.710	1.557e-03	-1.352	3029	3.562	7.449
81.710	2.055e-03	-1.413	3002	3.607	7.071
81.710	2.690e-03	-1.554	2966	3.727	6.162
81.710	3.537e-03	-1.683	2953	3.848	5.358
81.710	4.651e-03	-1.787	2958	3.956	4.735
81.710	6.113e-03	-1.884	2963	4.055	4.224
81.710	7.973e-03	-1.969	2973	4.147	3.801
81.710	1.046e-02	-2.051	2989	4.238	3.422
81.710	1.370e-02	-2.132	3003	4.326	3.090
81.710	1.794e-02	-2.227	2987	4.413	2.798
81.710	2.354e-02	-2.330	2950	4.494	2.547
81.710	3.094e-02	-2.427	2919	4.573	2.327
81.710	4.036e-02	-2.518	2890	4.647	2.138
81.710	5.328e-02	-2.612	2859	4.721	1.961
81.710	6.975e-02	-2.702	2828	4.793	1.807
81.710	9.154e-02	-2.792	2796	4.863	1.666
81.710	1.199e-01	-2.886	2755	4.931	1.540
81.710	1.569e-01	-2.987	2698	4.996	1.429
81.710	2.071e-01	-3.086	2644	5.060	1.328
81.710	2.712e-01	-3.182	2587	5.118	1.242
81.710	3.586e-01	-3.284	2518	5.173	1.166
81.710	4.715e-01	-3.388	2436	5.220	1.105
81.710	6.197e-01	-3.479	2365	5.259	1.056
81.710	8.148e-01	-3.563	2295	5.290	1.019
81.710	1.071e+00	-3.639	2225	5.313	0.993
81.710	1.397e+00	-3.687	2182	5.328	0.976
81.710	1.833e+00	-3.719	2154	5.337	0.965
81.710	2.409e+00	-3.738	2138	5.343	0.959
81.710	3.168e+00	-3.746	2131	5.345	0.956
81.710	4.164e+00	-3.749	2128	5.346	0.956
81.710	5.496e+00	-3.750	2128	5.346	0.955
81.710	7.300e+00	-3.750	2128	5.346	0.955
81.710	9.716e+00	-3.750	2128	5.346	0.955
83.805	1.043e-04	-0.690	3343	3.083	13.101
83.805	1.374e-04	-0.776	3322	3.158	12.015
83.805	1.806e-04	-0.865	3294	3.232	11.038
83.805	2.384e-04	-0.963	3246	3.305	10.148
83.805	3.121e-04	-1.058	3196	3.372	9.389
83.805	4.120e-04	-1.150	3144	3.435	8.731
83.805	5.384e-04	-1.218	3105	3.483	8.267
83.805	7.022e-04	-1.259	3083	3.510	8.007
83.805	9.217e-04	-1.280	3072	3.525	7.870
83.805	1.211e-03	-1.300	3062	3.540	7.740
83.805	1.599e-03	-1.333	3047	3.564	7.526
83.805	2.093e-03	-1.408	3013	3.620	7.060
83.805	2.763e-03	-1.564	2972	3.752	6.063
83.805	3.617e-03	-1.684	2961	3.865	5.320
83.805	4.774e-03	-1.787	2965	3.971	4.713
83.805	6.239e-03	-1.879	2970	4.066	4.225
83.805	8.138e-03	-1.964	2979	4.156	3.808
83.805	1.074e-02	-2.046	2995	4.248	3.426
83.805	1.406e-02	-2.126	3009	4.335	3.097
83.805	1.846e-02	-2.219	2998	4.422	2.803
83.805	2.426e-02	-2.323	2961	4.504	2.550
83.805	3.189e-02	-2.419	2931	4.583	2.330
83.805	4.192e-02	-2.513	2900	4.658	2.135
83.805	5.468e-02	-2.603	2870	4.730	1.966
83.805	7.176e-02	-2.693	2839	4.802	1.810
83.805	9.432e-02	-2.784	2807	4.873	1.669
83.805	1.240e-01	-2.878	2768	4.942	1.541
83.805	1.630e-01	-2.980	2711	5.008	1.428
83.805	2.126e-01	-3.074	2659	5.068	1.332
83.805	2.790e-01	-3.167	2605	5.127	1.246
83.805	3.667e-01	-3.264	2540	5.179	1.172
83.805	4.821e-01	-3.362	2466	5.225	1.112
83.805	6.337e-01	-3.445	2400	5.262	1.066
83.805	8.265e-01	-3.512	2346	5.290	1.032
83.805	1.091e+00	-3.573	2293	5.310	1.008
83.805	1.428e+00	-3.613	2256	5.322	0.994
83.805	1.885e+00	-3.634	2237	5.329	0.987
83.805	2.468e+00	-3.643	2229	5.331	0.984
83.805	3.258e+00	-3.646	2227	5.332	0.983
83.805	4.291e+00	-3.646	2226	5.332	0.983
83.805	5.687e+00	-3.647	2226	5.332	0.983
83.805	7.569e+00	-3.647	2226	5.333	0.983
83.805	1.000e+01	-3.647	2226	5.333	0.983
85.900	1.015e-04	-0.665	3358	3.076	13.370
85.900	1.324e-04	-0.746	3342	3.149	12.296
85.900	1.738e-04	-0.834	3315	3.222	11.294
85.900	2.284e-04	-0.929	3273	3.295	10.387
85.900	3.015e-04	-1.026	3223	3.366	9.578
85.900	3.947e-04	-1.116	3173	3.428	8.916
85.900	5.180e-04	-1.187	3132	3.477	8.426
85.900	6.808e-04	-1.228	3109	3.506	8.152
85.900	8.880e-04	-1.250	3098	3.520	8.015
85.900	1.172e-03	-1.271	3086	3.535	7.881
85.900	1.544e-03	-1.305	3069	3.559	7.661
85.900	2.029e-03	-1.384	3032	3.618	7.165
85.900	2.668e-03	-1.541	2985	3.747	6.171
85.900	3.507e-03	-1.664	2969	3.861	5.414
85.900	4.603e-03	-1.764	2971	3.963	4.816
85.900	6.027e-03	-1.856	2976	4.057	4.318
85.900	7.876e-03	-1.943	2982	4.147	3.893
85.900	1.027e-02	-2.021	2997	4.235	3.522
85.900	1.348e-02	-2.101	3011	4.323	3.182
85.900	1.772e-02	-2.184	3018	4.410	2.878
85.900	2.339e-02	-2.291	2980	4.495	2.611
85.900	3.062e-02	-2.387	2950	4.572	2.387
85.900	4.019e-02	-2.481	2920	4.648	2.187
85.900	5.283e-02	-2.573	2889	4.723	2.008
85.900	6.890e-02	-2.662	2859	4.793	1.851
85.900	9.044e-02	-2.752	2827	4.864	1.706
85.900	1.189e-01	-2.842	2794	4.933	1.575
85.900	1.563e-01	-2.943	2739	5.001	1.458
85.900	2.054e-01	-3.041	2686	5.064	1.356
85.900	2.700e-01	-3.133	2634	5.122	1.267
85.900	3.549e-01	-3.227	2574	5.176	1.192
85.900	4.629e-01	-3.313	2512	5.220	1.133
85.900	6.076e-01	-3.395	2448	5.256	1.086
85.900	7.985e-01	-3.458	2398	5.284	1.052
85.900	1.050e+00	-3.502	2363	5.303	1.030
85.900	1.375e+00	-3.533	2337	5.314	1.017
85.900	1.800e+00	-3.548	2324	5.319	1.010
85.900	2.376e+00	-3.554	2319	5.321	1.008
85.900	3.110e+00	-3.556	2317	5.322	1.007
85.900	4.131e+00	-3.556	2317	5.322	1.007
85.900	5.498e+00	-3.556	2317	5.322	1.007
85.900	7.318e+00	-3.556	2316	5.322	1.007
85.900	9.741e+00	-3.557	2316	5.322	1.007
87.996	1.022e-04	-0.651	3369	3.078	13.498
87.996	1.343e-04	-0.733	3355	3.153	12.380
87.996	1.765e-04	-0.821	3329	3.228	11.362
87.996	2.312e-04	-0.914	3291	3.300	10.459
87.996	3.026e-04	-1.008	3242	3.368	9.665
87.996	3.972e-04	-1.097	3193	3.430	8.998
87.996	5.220e-04	-1.165	3154	3.477	8.523
87.996	6.863e-04	-1.203	3133	3.503	8.272
87.996	9.020e-04	-1.224	3121	3.518	8.136
87.996	1.177e-03	-1.245	3109	3.533	7.996
87.996	1.556e-03	-1.285	3088	3.561	7.743
87.996	2.046e-03	-1.383	3042	3.632	7.133
87.996	2.643e-03	-1.532	2995	3.754	6.197
87.996	3.398e-03	-1.644	2977	3.856	5.509
87.996	4.468e-03	-1.745	2977	3.957	4.905
87.996	5.872e-03	-1.837	2982	4.052	4.397
87.996	7.721e-03	-1.925	2987	4.143	3.959
87.996	1.015e-02	-2.006	3001	4.232	3.575
87.996	1.324e-02	-2.083	3015	4.317	3.241
87.996	1.723e-02	-2.160	3028	4.401	2.942
87.996	2.262e-02	-2.260	2999	4.485	2.671
87.996	2.973e-02	-2.359	2967	4.565	2.437
87.996	3.878e-02	-2.451	2938	4.640	2.235
87.996	5.089e-02	-2.543	2907	4.714	2.052
87.996	6.689e-02	-2.635	2876	4.787	1.887
87.996	8.724e-02	-2.723	2845	4.857	1.742
87.996	1.152e-01	-2.814	2813	4.927	1.605
87.996	1.505e-01	-2.909	2767	4.994	1.487
87.996	1.979e-01	-3.007	2713	5.058	1.382
87.996	2.601e-01	-3.099	2662	5.117	1.291
87.996	3.392e-01	-3.186	2610	5.169	1.215
87.996	4.478e-01	-3.272	2551	5.216	1.152
87.996	5.862e-01	-3.347	2493	5.251	1.106
87.996	7.737e-01	-3.406	2447	5.278	1.073
87.996	1.013e+00	-3.444	2417	5.294	1.052
87.996	1.329e+00	-3.466	2400	5.304	1.041
87.996	1.747e+00	-3.477	2391	5.308	1.036
87.996	2.297e+00	-3.480	2389	5.310	1.034
87.996	3.019e+00	-3.481	2388	5.310	1.034
87.996	4.010e+00	-3.481	2388	5.310	1.033
87.996	5.338e+00	-3.481	2388	5.310	1.033
87.996	7.104e+00	-3.481	2388	5.310	1.033
87.996	9.456e+00	-3.482	2387	5.310	1.033
90.091	1.017e-04	-0.634	3380	3.077	13.671
90.091	1.342e-04	-0.717	3369	3.154	12.519
90.091	1.757e-04	-0.803	3345	3.227	11.501
90.091	2.320e-04	-0.896	3309	3.302	10.556
90.091	3.036e-04	-0.990	3261	3.370	9.753
90.091	4.008e-04	-1.079	3213	3.433	9.074
90.091	5.247e-04	-1.142	3176	3.477	8.626
90.091	6.926e-04	-1.177	3156	3.501	8.391
90.091	9.067e-04	-1.197	3145	3.515	8.260
90.091	1.190e-03	-1.222	3131	3.532	8.103
90.091	1.564e-03	-1.267	3106	3.563	7.818
90.091	2.065e-03	-1.387	3048	3.651	7.065
90.091	2.703e-03	-1.538	3001	3.774	6.129
90.091	3.574e-03	-1.656	2984	3.883	5.408
90.091	4.662e-03	-1.751	2985	3.977	4.850
90.091	6.154e-03	-1.842	2990	4.071	4.352
90.091	8.042e-03	-1.927	2994	4.159	3.934
90.091	1.049e-02	-2.004	3008	4.244	3.567
90.091	1.385e-02	-2.084	3022	4.332	3.222
90.091	1.809e-02	-2.161	3035	4.417	2.924
90.091	2.360e-02	-2.259	3007	4.498	2.662
90.091	3.115e-02	-2.358	2976	4.579	2.425
90.091	4.078e-02	-2.451	2946	4.655	2.223
90.091	5.353e-02	-2.543	2915	4.729	2.040
90.091	7.035e-02	-2.635	2884	4.802	1.876
90.091	9.250e-02	-2.725	2853	4.873	1.728
90.091	1.211e-01	-2.813	2821	4.942	1.597
90.091	1.586e-01	-2.908	2776	5.009	1.480
90.091	2.093e-01	-3.006	2722	5.073	1.374
90.091	2.740e-01	-3.095	2672	5.130	1.287
90.091	3.568e-01	-3.176	2624	5.179	1.215
90.091	4.709e-01	-3.256	2570	5.223	1.156
90.091	6.165e-01	-3.320	2523	5.255	1.114
90.091	8.138e-01	-3.369	2484	5.277	1.086
90.091	1.063e+00	-3.396	2463	5.289	1.071
90.091	1.387e+00	-3.410	2452	5.295	1.064
90.091	1.821e+00	-3.415	2448	5.297	1.061
90.091	2.393e+00	-3.416	2447	5.298	1.060
90.091	3.185e+00	-3.417	2447	5.298	1.060
90.091	4.239e+00	-3.417	2447	5.298	1.060
90.091	5.642e+00	-3.417	2447	5.298	1.060
90.091	7.510e+00	-3.417	2447	5.298	1.060
90.091	9.995e+00	-3.417	2446	5.298	1.060
92.186	1.005e-04	-0.616	3391	3.074	13.875
92.186	1.321e-04	-0.696	3382	3.150	12.721
92.186	1.736e-04	-0.782	3361	3.225	11.667
92.186	2.292e-04	-0.873	3329	3.300	10.704
92.186	3.000e-04	-0.967	3282	3.369	9.885
92.186	3.960e-04	-1.055	3235	3.431	9.198
92.186	5.184e-04	-1.117	3200	3.474	8.753
92.186	6.843e-04	-1.150	3180	3.498	8.524
92.186	8.942e-04	-1.170	3169	3.511	8.391
92.186	1.162e-03	-1.195	3155	3.528	8.232
92.186	1.516e-03	-1.240	3130	3.559	7.942
92.186	2.001e-03	-1.365	3066	3.649	7.160
92.186	2.611e-03	-1.516	3013	3.769	6.233
92.186	3.454e-03	-1.635	2992	3.877	5.509
92.186	4.505e-03	-1.730	2991	3.970	4.947
92.186	5.946e-03	-1.820	2995	4.063	4.444
92.186	7.784e-03	-1.905	2999	4.151	4.018
92.186	1.022e-02	-1.985	3011	4.237	3.637
92.186	1.338e-02	-2.063	3024	4.322	3.298
92.186	1.748e-02	-2.139	3038	4.406	2.994
92.186	2.280e-02	-2.228	3025	4.488	2.724
92.186	3.016e-02	-2.329	2993	4.571	2.477
92.186	3.965e-02	-2.425	2963	4.648	2.265
92.186	5.212e-02	-2.518	2932	4.724	2.078
92.186	6.798e-02	-2.607	2902	4.795	1.914
92.186	8.973e-02	-2.699	2870	4.867	1.761
92.186	1.175e-01	-2.787	2838	4.936	1.626
92.186	1.542e-01	-2.878	2801	5.004	1.505
92.186	2.026e-01	-2.975	2748	5.067	1.398
92.186	2.664e-01	-3.065	2697	5.126	1.308
92.186	3.489e-01	-3.145	2652	5.176	1.234
92.186	4.596e-01	-3.221	2602	5.219	1.175
92.186	6.040e-01	-3.279	2561	5.250	1.133
92.186	7.878e-01	-3.319	2532	5.270	1.108
92.186	1.040e+00	-3.344	2512	5.281	1.093
92.186	1.359e+00	-3.354	2504	5.286	1.087
92.186	1.787e+00	-3.358	2501	5.287	1.086
92.186	2.348e+00	-3.358	2501	5.288	1.085
92.186	3.126e+00	-3.359	2501	5.288	1.085
92.186	4.160e+00	-3.359	2500	5.288	1.085
92.186	5.537e+00	-3.359	2500	5.288	1.085
92.186	7.370e+00	-3.359	2500	5.288	1.085
92.186	9.809e+00	-3.359	2500	5.288	1.085
94.281	1.019e-04	-0.605	3401	3.079	13.963
94.281	1.329e-04	-0.682	3394	3.152	12.831
94.281	1.755e-04	-0.768	3375	3.228	11.749
94.281	2.297e-04	-0.857	3344	3.301	10.805
94.281	3.032e-04	-0.952	3299	3.373	9.954
94.281	3.969e-04	-1.035	3255	3.432	9.292
94.281	5.209e-04	-1.094	3222	3.474	8.861
94.281	6.847e-04	-1.125	3204	3.495	8.648
94.281	8.930e-04	-1.145	3192	3.508	8.514
94.281	1.179e-03	-1.173	3176	3.527	8.328
94.281	1.553e-03	-1.229	3144	3.566	7.965
94.281	2.041e-03	-1.378	3068	3.673	7.044
94.281	2.694e-03	-1.525	3019	3.791	6.145
94.281	3.527e-03	-1.636	2999	3.891	5.480
94.281	4.629e-03	-1.730	2997	3.984	4.923
94.281	6.083e-03	-1.818	3002	4.074	4.438
94.281	7.935e-03	-1.900	3006	4.159	4.024
94.281	1.047e-02	-1.982	3017	4.247	3.639
94.281	1.369e-02	-2.058	3030	4.330	3.305
94.281	1.800e-02	-2.135	3043	4.415	2.996
94.281	2.365e-02	-2.225	3034	4.500	2.719
94.281	3.128e-02	-2.325	3002	4.582	2.473
94.281	4.113e-02	-2.421	2972	4.660	2.262
94.281	5.405e-02	-2.514	2941	4.735	2.074
94.281	7.107e-02	-2.605	2910	4.808	1.907
94.281	9.340e-02	-2.696	2879	4.879	1.756
94.281	1.218e-01	-2.782	2848	4.947	1.624
94.281	1.608e-01	-2.873	2811	5.016	1.501
94.281	2.105e-01	-2.968	2759	5.078	1.397
94.281	2.763e-01	-3.055	2711	5.135	1.309
94.281	3.618e-01	-3.132	2667	5.183	1.238
94.281	4.728e-01	-3.198	2625	5.221	1.185
94.281	6.217e-01	-3.249	2590	5.249	1.147
94.281	8.141e-01	-3.280	2569	5.266	1.125
94.281	1.064e+00	-3.296	2557	5.274	1.114
94.281	1.388e+00	-3.303	2553	5.278	1.110
94.281	1.821e+00	-3.305	2551	5.279	1.109
94.281	2.385e+00	-3.305	2551	5.279	1.109
94.281	3.142e+00	-3.305	2551	5.279	1.109
94.281	4.182e+00	-3.305	2551	5.279	1.109
94.281	5.566e+00	-3.305	2551	5.279	1.109
94.281	7.408e+00	-3.306	2550	5.279	1.109
94.281	9.818e+00	-3.306	2550	5.279	1.108
96.376	1.000e-04	-0.585	3412	3.074	14.195
96.376	1.315e-04	-0.664	3406	3.149	13.012
96.376	1.715e-04	-0.745	3391	3.223	11.957
96.376	2.233e-04	-0.832	3362	3.295	11.009
96.376	2.947e-04	-0.925	3322	3.367	10.133
96.376	3.883e-04	-1.009	3278	3.428	9.438
96.376	5.103e-04	-1.068	3246	3.470	8.998
96.376	6.709e-04	-1.098	3228	3.491	8.784
96.376	8.786e-04	-1.119	3216	3.505	8.644
96.376	1.157e-03	-1.148	3199	3.525	8.448
96.376	1.521e-03	-1.207	3165	3.565	8.062
96.376	1.985e-03	-1.359	3085	3.672	7.126
96.376	2.537e-03	-1.492	3033	3.776	6.323
96.376	3.321e-03	-1.605	3009	3.876	5.639
96.376	4.384e-03	-1.704	3003	3.970	5.057
96.376	5.739e-03	-1.789	3007	4.058	4.570
96.376	7.533e-03	-1.873	3011	4.145	4.136
96.376	9.900e-03	-1.955	3018	4.230	3.749
96.376	1.291e-02	-2.030	3031	4.313	3.409
96.376	1.705e-02	-2.108	3045	4.399	3.088
96.376	2.231e-02	-2.186	3055	4.482	2.806
96.376	2.929e-02	-2.285	3023	4.564	2.554
96.376	3.849e-02	-2.381	2992	4.642	2.334
96.376	5.021e-02	-2.472	2963	4.716	2.144
96.376	6.627e-02	-2.566	2931	4.791	1.966
96.376	8.676e-02	-2.655	2901	4.862	1.812
96.376	1.145e-01	-2.746	2868	4.933	1.669
96.376	1.497e-01	-2.832	2837	5.000	1.546
96.376	1.952e-01	-2.922	2792	5.063	1.438
96.376	2.577e-01	-3.013	2742	5.122	1.343
96.376	3.373e-01	-3.091	2698	5.172	1.268
96.376	4.392e-01	-3.153	2663	5.211	1.213
96.376	5.798e-01	-3.205	2628	5.240	1.172
96.376	7.589e-01	-3.236	2607	5.257	1.150
96.376	9.961e-01	-3.251	2597	5.265	1.139
96.376	1.304e+00	-3.257	2593	5.268	1.135
96.376	1.708e+00	-3.258	2592	5.269	1.133
96.376	2.268e+00	-3.259	2592	5.269	1.133
96.376	3.019e+00	-3.259	2592	5.270	1.133
96.376	4.018e+00	-3.259	2591	5.270	1.133
96.376	5.348e+00	-3.259	2591	5.270	1.133
96.376	7.118e+00	-3.259	2591	5.270	1.133
96.376	9.475e+00	-3.259	2591	5.270	1.133
98.471	1.004e-04	-0.572	3422	3.075	14.325
98.471	1.325e-04	-0.652	3416	3.152	13.113
98.471	1.735e-04	-0.733	3403	3.227	12.033
98.471	2.290e-04	-0.824	3373	3.302	11.031
98.471	2.998e-04	-0.912	3337	3.372	10.184
98.471	3.935e-04	-0.993	3295	3.431	9.512
98.471	5.172e-04	-1.048	3266	3.469	9.100
98.471	6.800e-04	-1.075	3250	3.488	8.901
98.471	8.905e-04	-1.096	3238	3.503	8.756
98.471	1.173e-03	-1.128	3219	3.525	8.535
98.471	1.542e-03	-1.199	3178	3.573	8.072
98.471	2.011e-03	-1.364	3090	3.690	7.056
98.471	2.588e-03	-1.495	3040	3.792	6.273
98.471	3.410e-03	-1.608	3016	3.891	5.600
98.471	4.465e-03	-1.701	3010	3.981	5.050
98.471	5.835e-03	-1.785	3013	4.067	4.574
98.471	7.672e-03	-1.868	3018	4.153	4.143
98.471	1.008e-02	-1.950	3023	4.237	3.759
98.471	1.315e-02	-2.024	3036	4.319	3.421
98.471	1.736e-02	-2.102	3050	4.405	3.100
98.471	2.273e-02	-2.178	3061	4.488	2.818
98.471	3.005e-02	-2.278	3033	4.572	2.558
98.471	3.967e-02	-2.376	3002	4.651	2.334
98.471	5.184e-02	-2.468	2972	4.726	2.142
98.471	6.762e-02	-2.557	2942	4.797	1.972
98.471	8.791e-02	-2.644	2912	4.867	1.821
98.471	1.154e-01	-2.733	2881	4.937	1.680
98.471	1.516e-01	-2.820	2849	5.005	1.554
98.471	1.994e-01	-2.910	2807	5.069	1.443
98.471	2.620e-01	-2.998	2758	5.127	1.350
98.471	3.418e-01	-3.072	2717	5.174	1.279
98.471	4.486e-01	-3.131	2683	5.212	1.224
98.471	5.896e-01	-3.175	2656	5.237	1.188
98.471	7.752e-01	-3.201	2638	5.252	1.169
98.471	1.015e+00	-3.212	2631	5.258	1.161
98.471	1.327e+00	-3.216	2628	5.260	1.158
98.471	1.730e+00	-3.216	2628	5.261	1.157
98.471	2.298e+00	-3.217	2628	5.261	1.157
98.471	3.059e+00	-3.217	2628	5.261	1.157
98.471	4.072e+00	-3.217	2628	5.261	1.157
98.471	5.419e+00	-3.217	2628	5.261	1.157
98.471	7.213e+00	-3.217	2627	5.261	1.157
98.471	9.601e+00	-3.217	2627	5.261	1.157
100.566	1.026e-04	-0.565	3431	3.081	14.375
100.566	1.343e-04	-0.642	3426	3.156	13.191
100.566	1.772e-04	-0.725	3414	3.233	12.072
100.566	2.334e-04	-0.815	3385	3.308	11.074
100.566	3.068e-04	-0.902	3350	3.378	10.219
100.566	4.002e-04	-0.979	3312	3.434	9.583
100.566	5.282e-04	-1.028	3285	3.469	9.198
100.566	6.915e-04	-1.053	3272	3.486	9.017
100.566	9.076e-04	-1.074	3259	3.502	8.860
100.566	1.193e-03	-1.111	3238	3.527	8.610
100.566	1.575e-03	-1.200	3186	3.587	8.027
100.566	2.020e-03	-1.363	3099	3.702	7.033
100.566	2.655e-03	-1.500	3046	3.809	6.218
100.566	3.485e-03	-1.607	3023	3.904	5.576
100.566	4.564e-03	-1.699	3017	3.992	5.039
100.566	5.964e-03	-1.782	3020	4.077	4.571
100.566	7.841e-03	-1.865	3024	4.162	4.145
100.566	1.031e-02	-1.945	3029	4.245	3.763
100.566	1.355e-02	-2.022	3042	4.329	3.418
100.566	1.781e-02	-2.098	3055	4.413	3.104
100.566	2.323e-02	-2.172	3067	4.494	2.826
100.566	3.049e-02	-2.267	3044	4.576	2.572
100.566	3.992e-02	-2.362	3014	4.654	2.352
100.566	5.226e-02	-2.455	2984	4.729	2.157
100.566	6.899e-02	-2.548	2953	4.804	1.978
100.566	9.016e-02	-2.637	2922	4.875	1.824
100.566	1.176e-01	-2.724	2891	4.943	1.686
100.566	1.552e-01	-2.811	2860	5.012	1.558
100.566	2.032e-01	-2.898	2822	5.075	1.449
100.566	2.667e-01	-2.983	2774	5.131	1.358
100.566	3.505e-01	-3.056	2733	5.178	1.287
100.566	4.609e-01	-3.111	2702	5.212	1.236
100.566	6.035e-01	-3.146	2682	5.235	1.205
100.566	7.887e-01	-3.165	2670	5.246	1.189
100.566	1.029e+00	-3.174	2664	5.251	1.182
100.566	1.358e+00	-3.176	2663	5.252	1.180
100.566	1.789e+00	-3.177	2662	5.253	1.180
100.566	2.381e+00	-3.177	2662	5.253	1.180
100.566	3.169e+00	-3.177	2662	5.253	1.180
100.566	4.218e+00	-3.177	2662	5.253	1.180
100.566	5.614e+00	-3.177	2662	5.253	1.180
100.566	7.472e+00	-3.177	2662	5.253	1.180
100.566	9.945e+00	-3.178	2662	5.253	1.179
102.661	1.009e-04	-0.546	3441	3.077	14.592
102.661	1.332e-04	-0.626	3436	3.154	13.355
102.661	1.741e-04	-0.705	3426	3.229	12.259
102.661	2.271e-04	-0.790	3402	3.301	11.275
102.661	2.998e-04	-0.878	3370	3.373	10.386
102.661	3.918e-04	-0.955	3332	3.429	9.729
102.661	5.151e-04	-1.003	3307	3.465	9.340
102.661	6.770e-04	-1.028	3294	3.482	9.152
102.661	8.831e-04	-1.049	3282	3.498	8.995
102.661	1.168e-03	-1.087	3260	3.524	8.728
102.661	1.535e-03	-1.178	3206	3.586	8.121
102.661	2.018e-03	-1.358	3109	3.712	7.027
102.661	2.653e-03	-1.493	3054	3.816	6.232
102.661	3.487e-03	-1.599	3031	3.909	5.598
102.661	4.585e-03	-1.691	3023	3.997	5.060
102.661	6.026e-03	-1.775	3026	4.082	4.587
102.661	7.923e-03	-1.857	3030	4.167	4.163
102.661	1.037e-02	-1.937	3034	4.249	3.788
102.661	1.358e-02	-2.012	3046	4.330	3.448
102.661	1.783e-02	-2.087	3059	4.413	3.134
102.661	2.343e-02	-2.163	3072	4.497	2.847
102.661	3.080e-02	-2.255	3056	4.579	2.589
102.661	4.048e-02	-2.352	3025	4.658	2.363
102.661	5.314e-02	-2.445	2995	4.734	2.166
102.661	6.958e-02	-2.536	2964	4.808	1.991
102.661	9.109e-02	-2.625	2933	4.879	1.834
102.661	1.202e-01	-2.716	2901	4.950	1.690
102.661	1.574e-01	-2.800	2871	5.016	1.565
102.661	2.066e-01	-2.884	2837	5.079	1.456
102.661	2.715e-01	-2.969	2790	5.135	1.366
102.661	3.570e-01	-3.038	2751	5.180	1.297
102.661	4.692e-01	-3.088	2723	5.212	1.250
102.661	6.120e-01	-3.118	2705	5.231	1.223
102.661	7.969e-01	-3.133	2697	5.240	1.210
102.661	1.046e+00	-3.139	2693	5.244	1.204
102.661	1.370e+00	-3.140	2692	5.245	1.203
102.661	1.790e+00	-3.141	2692	5.245	1.203
102.661	2.335e+00	-3.141	2692	5.245	1.203
102.661	3.101e+00	-3.141	2692	5.245	1.203
102.661	4.127e+00	-3.141	2692	5.245	1.203
102.661	5.493e+00	-3.141	2692	5.245	1.203
102.661	7.312e+00	-3.141	2692	5.245	1.203
102.661	9.732e+00	-3.141	2692	5.245	1.202
104.757	1.043e-04	-0.542	3450	3.087	14.584
104.757	1.371e-04	-0.621	3445	3.162	13.364
104.757	1.802e-04	-0.702	3435	3.238	12.243
104.757	2.368e-04	-0.789	3411	3.313	11.237
104.757	3.126e-04	-0.875	3380	3.383	10.368
104.757	4.118e-04	-0.947	3345	3.437	9.744
104.757	5.412e-04	-0.987	3324	3.466	9.418
104.757	7.059e-04	-1.009	3312	3.482	9.252
104.757	9.318e-04	-1.033	3299	3.499	9.066
104.757	1.227e-03	-1.080	3272	3.532	8.735
104.757	1.613e-03	-1.208	3197	3.620	7.892
104.757	2.104e-03	-1.375	3108	3.737	6.894
104.757	2.778e-03	-1.504	3059	3.839	6.136
104.757	3.636e-03	-1.606	3036	3.928	5.537
104.757	4.800e-03	-1.697	3029	4.015	5.007
104.757	6.272e-03	-1.778	3032	4.097	4.555
104.757	8.181e-03	-1.857	3036	4.178	4.150
104.757	1.080e-02	-1.938	3040	4.262	3.768
104.757	1.414e-02	-2.012	3052	4.343	3.432
104.757	1.856e-02	-2.087	3065	4.426	3.121
104.757	2.439e-02	-2.163	3079	4.509	2.837
104.757	3.206e-02	-2.254	3063	4.591	2.579
104.757	4.214e-02	-2.350	3033	4.670	2.355
104.757	5.531e-02	-2.444	3002	4.746	2.158
104.757	7.243e-02	-2.535	2972	4.819	1.984
104.757	9.482e-02	-2.624	2941	4.890	1.828
104.757	1.252e-01	-2.714	2909	4.961	1.685
104.757	1.638e-01	-2.797	2880	5.027	1.562
104.757	2.163e-01	-2.880	2847	5.090	1.452
104.757	2.831e-01	-2.960	2802	5.143	1.367
104.757	3.737e-01	-3.025	2766	5.185	1.302
104.757	4.884e-01	-3.068	2741	5.212	1.262
104.757	6.421e-01	-3.092	2727	5.228	1.239
104.757	8.409e-01	-3.103	2721	5.235	1.229
104.757	1.099e+00	-3.107	2719	5.237	1.226
104.757	1.433e+00	-3.107	2719	5.237	1.226
104.757	1.866e+00	-3.107	2719	5.238	1.226
104.757	2.463e+00	-3.108	2719	5.238	1.226
104.757	3.272e+00	-3.108	2719	5.238	1.226
104.757	4.355e+00	-3.108	2719	5.238	1.225
104.757	5.797e+00	-3.108	2718	5.238	1.225
104.757	7.716e+00	-3.108	2718	5.238	1.225
104.757	1.000e+01	-3.108	2718	5.238	1.225
