Mass/Mjup	Age/Gyr	log(L/Lsun)	Teff	log(g)	Radius/Rjup
0.047	1.035e-04	-6.007	490	1.813	1.341
0.047	1.360e-04	-6.120	475	1.875	1.249
0.047	1.795e-04	-6.244	458	1.934	1.167
0.047	2.374e-04	-6.367	441	1.990	1.094
0.047	3.139e-04	-6.496	422	2.043	1.029
0.047	4.135e-04	-6.619	405	2.093	0.972
0.047	5.435e-04	-6.735	389	2.139	0.921
0.047	7.174e-04	-6.857	372	2.185	0.874
0.047	9.450e-04	-6.980	355	2.228	0.831
0.047	1.242e-03	-7.103	339	2.269	0.793
0.047	1.633e-03	-7.228	322	2.307	0.759
0.047	2.146e-03	-7.354	306	2.342	0.729
0.047	2.833e-03	-7.482	290	2.375	0.702
0.047	3.746e-03	-7.609	274	2.406	0.678
0.047	4.935e-03	-7.732	260	2.435	0.656
0.047	6.486e-03	-7.852	246	2.462	0.635
0.047	8.528e-03	-7.974	233	2.488	0.617
0.047	1.128e-02	-8.097	220	2.512	0.599
0.047	1.482e-02	-8.216	208	2.535	0.584
0.047	1.957e-02	-8.336	197	2.557	0.570
0.047	2.577e-02	-8.456	186	2.577	0.556
0.047	3.387e-02	-8.574	175	2.596	0.544
0.047	4.471e-02	-8.694	165	2.615	0.533
0.047	5.890e-02	-8.816	156	2.634	0.521
0.047	7.790e-02	-8.942	146	2.652	0.511
0.047	1.024e-01	-9.064	138	2.669	0.501
0.047	1.351e-01	-9.187	130	2.685	0.492
0.047	1.780e-01	-9.311	122	2.700	0.483
0.047	2.340e-01	-9.432	115	2.714	0.475
0.047	3.088e-01	-9.555	108	2.728	0.467
0.047	4.036e-01	-9.674	101	2.741	0.461
0.047	5.327e-01	-9.791	95	2.754	0.454
0.047	7.018e-01	-9.908	90	2.767	0.447
0.047	9.223e-01	-10.025	84	2.779	0.441
0.047	1.217e+00	-10.147	79	2.791	0.435
0.047	1.610e+00	-10.266	75	2.803	0.429
0.047	2.108e+00	-10.370	71	2.813	0.424
0.063	1.032e-04	-5.814	541	1.917	1.374
0.063	1.347e-04	-5.912	527	1.970	1.293
0.063	1.781e-04	-6.023	510	2.024	1.215
0.063	2.355e-04	-6.143	491	2.077	1.143
0.063	3.109e-04	-6.256	473	2.127	1.079
0.063	4.063e-04	-6.372	455	2.174	1.022
0.063	5.363e-04	-6.499	434	2.220	0.969
0.063	7.093e-04	-6.622	414	2.263	0.923
0.063	9.343e-04	-6.744	395	2.303	0.881
0.063	1.228e-03	-6.863	377	2.341	0.843
0.063	1.624e-03	-6.987	359	2.380	0.806
0.063	2.144e-03	-7.118	340	2.416	0.773
0.063	2.824e-03	-7.247	322	2.450	0.744
0.063	3.711e-03	-7.377	304	2.480	0.718
0.063	4.899e-03	-7.513	286	2.509	0.695
0.063	6.413e-03	-7.638	270	2.535	0.675
0.063	8.481e-03	-7.767	254	2.560	0.655
0.063	1.115e-02	-7.891	240	2.583	0.638
0.063	1.466e-02	-8.015	226	2.605	0.622
0.063	1.935e-02	-8.141	213	2.626	0.607
0.063	2.548e-02	-8.266	200	2.646	0.594
0.063	3.349e-02	-8.391	189	2.665	0.581
0.063	4.421e-02	-8.522	177	2.683	0.569
0.063	5.824e-02	-8.652	166	2.700	0.558
0.063	7.654e-02	-8.782	155	2.717	0.547
0.063	1.012e-01	-8.916	145	2.733	0.537
0.063	1.336e-01	-9.046	136	2.748	0.528
0.063	1.749e-01	-9.170	127	2.762	0.520
0.063	2.313e-01	-9.295	119	2.775	0.512
0.063	3.041e-01	-9.415	112	2.787	0.505
0.063	3.997e-01	-9.534	106	2.798	0.498
0.063	5.276e-01	-9.654	99	2.810	0.492
0.063	6.907e-01	-9.761	94	2.820	0.486
0.063	9.117e-01	-9.864	89	2.829	0.481
0.063	1.191e+00	-9.955	85	2.837	0.476
0.063	1.567e+00	-10.038	81	2.844	0.472
0.063	2.059e+00	-10.110	78	2.850	0.469
0.063	2.718e+00	-10.173	75	2.856	0.466
0.063	3.558e+00	-10.232	73	2.861	0.464
0.063	4.705e+00	-10.297	71	2.866	0.461
0.126	1.013e-04	-5.376	596	1.949	1.873
0.126	1.337e-04	-5.479	579	2.003	1.760
0.126	1.750e-04	-5.579	563	2.054	1.660
0.126	2.314e-04	-5.687	545	2.105	1.566
0.126	3.042e-04	-5.798	526	2.152	1.482
0.126	3.999e-04	-5.910	506	2.198	1.406
0.126	5.288e-04	-6.022	487	2.243	1.335
0.126	6.953e-04	-6.134	468	2.285	1.271
0.126	9.138e-04	-6.264	444	2.326	1.214
0.126	1.199e-03	-6.381	424	2.363	1.162
0.126	1.576e-03	-6.511	402	2.398	1.116
0.126	2.073e-03	-6.629	383	2.432	1.074
0.126	2.724e-03	-6.747	364	2.465	1.035
0.126	3.596e-03	-6.876	344	2.496	0.998
0.126	4.736e-03	-7.006	325	2.525	0.965
0.126	6.225e-03	-7.139	306	2.552	0.936
0.126	8.217e-03	-7.278	286	2.577	0.909
0.126	1.076e-02	-7.409	269	2.600	0.885
0.126	1.420e-02	-7.545	252	2.623	0.862
0.126	1.870e-02	-7.677	236	2.643	0.842
0.126	2.458e-02	-7.812	221	2.663	0.823
0.126	3.251e-02	-7.950	206	2.682	0.805
0.126	4.274e-02	-8.085	193	2.699	0.789
0.126	5.618e-02	-8.222	180	2.716	0.775
0.126	7.386e-02	-8.357	168	2.731	0.761
0.126	9.707e-02	-8.491	157	2.746	0.748
0.126	1.276e-01	-8.622	147	2.759	0.737
0.126	1.677e-01	-8.751	137	2.772	0.726
0.126	2.188e-01	-8.878	128	2.784	0.716
0.126	2.888e-01	-9.008	120	2.796	0.706
0.126	3.804e-01	-9.139	112	2.807	0.697
0.126	5.000e-01	-9.269	105	2.818	0.688
0.126	6.574e-01	-9.397	98	2.829	0.680
0.126	8.640e-01	-9.525	91	2.839	0.672
0.126	1.140e+00	-9.656	85	2.849	0.665
0.126	1.493e+00	-9.786	79	2.858	0.658
0.126	1.974e+00	-9.915	74	2.867	0.651
0.189	1.034e-04	-5.136	691	2.142	1.837
0.189	1.354e-04	-5.241	667	2.185	1.748
0.189	1.787e-04	-5.346	643	2.228	1.663
0.189	2.354e-04	-5.451	620	2.270	1.585
0.189	3.093e-04	-5.560	596	2.310	1.513
0.189	4.067e-04	-5.671	572	2.349	1.447
0.189	5.345e-04	-5.782	548	2.386	1.387
0.189	7.056e-04	-5.895	524	2.423	1.329
0.189	9.332e-04	-6.011	501	2.458	1.276
0.189	1.222e-03	-6.124	478	2.492	1.228
0.189	1.612e-03	-6.243	455	2.525	1.182
0.189	2.124e-03	-6.385	427	2.555	1.142
0.189	2.792e-03	-6.506	405	2.583	1.105
0.189	3.685e-03	-6.629	383	2.611	1.070
0.189	4.854e-03	-6.753	362	2.638	1.038
0.189	6.380e-03	-6.885	341	2.662	1.009
0.189	8.437e-03	-7.023	319	2.686	0.982
0.189	1.114e-02	-7.158	299	2.708	0.957
0.189	1.467e-02	-7.302	278	2.729	0.935
0.189	1.928e-02	-7.436	260	2.747	0.915
0.189	2.535e-02	-7.569	244	2.765	0.897
0.189	3.320e-02	-7.702	228	2.781	0.880
0.189	4.346e-02	-7.835	213	2.797	0.864
0.189	5.704e-02	-7.972	199	2.811	0.850
0.189	7.497e-02	-8.110	185	2.825	0.836
0.189	9.778e-02	-8.244	172	2.838	0.824
0.189	1.291e-01	-8.384	160	2.851	0.812
0.189	1.690e-01	-8.515	149	2.862	0.802
0.189	2.230e-01	-8.650	139	2.873	0.791
0.189	2.920e-01	-8.779	130	2.884	0.782
0.189	3.854e-01	-8.913	121	2.894	0.773
0.189	5.045e-01	-9.041	113	2.903	0.765
0.189	6.660e-01	-9.175	105	2.912	0.757
0.189	8.718e-01	-9.304	98	2.921	0.749
0.189	1.151e+00	-9.433	92	2.930	0.742
0.189	1.516e+00	-9.565	85	2.938	0.734
0.189	1.992e+00	-9.698	79	2.946	0.728
0.189	2.630e+00	-9.833	74	2.954	0.721
0.262	1.013e-04	-4.909	795	2.302	1.800
0.262	1.335e-04	-5.029	758	2.340	1.723
0.262	1.748e-04	-5.128	731	2.375	1.654
0.262	2.302e-04	-5.232	704	2.412	1.585
0.262	3.026e-04	-5.344	673	2.447	1.523
0.262	3.994e-04	-5.457	643	2.482	1.463
0.262	5.261e-04	-5.575	613	2.515	1.408
0.262	6.915e-04	-5.688	585	2.546	1.358
0.262	9.092e-04	-5.801	558	2.577	1.311
0.262	1.191e-03	-5.912	532	2.606	1.268
0.262	1.568e-03	-6.029	506	2.635	1.226
0.262	2.061e-03	-6.150	479	2.663	1.187
0.262	2.710e-03	-6.276	453	2.690	1.152
0.262	3.562e-03	-6.413	424	2.715	1.119
0.262	4.683e-03	-6.538	400	2.738	1.089
0.262	6.155e-03	-6.655	379	2.761	1.061
0.262	8.140e-03	-6.789	356	2.783	1.034
0.262	1.070e-02	-6.922	333	2.804	1.010
0.262	1.407e-02	-7.055	312	2.823	0.988
0.262	1.857e-02	-7.201	290	2.841	0.967
0.262	2.430e-02	-7.337	271	2.857	0.949
0.262	3.208e-02	-7.477	252	2.873	0.932
0.262	4.200e-02	-7.611	235	2.888	0.917
0.262	5.544e-02	-7.749	219	2.902	0.902
0.262	7.245e-02	-7.885	204	2.915	0.889
0.262	9.525e-02	-8.025	190	2.927	0.876
0.262	1.252e-01	-8.166	176	2.938	0.865
0.262	1.633e-01	-8.301	164	2.949	0.854
0.262	2.155e-01	-8.439	152	2.959	0.844
0.262	2.839e-01	-8.572	142	2.969	0.835
0.262	3.732e-01	-8.703	132	2.978	0.826
0.262	4.906e-01	-8.836	123	2.986	0.818
0.262	6.448e-01	-8.965	115	2.995	0.811
0.262	8.512e-01	-9.099	107	3.003	0.803
0.262	1.112e+00	-9.230	99	3.010	0.796
0.262	1.451e+00	-9.354	93	3.018	0.789
0.262	1.915e+00	-9.487	86	3.025	0.783
0.262	2.507e+00	-9.621	80	3.032	0.776
0.262	3.291e+00	-9.753	75	3.039	0.770
0.524	1.006e-04	-4.325	1113	2.603	1.799
0.524	1.317e-04	-4.449	1059	2.641	1.723
0.524	1.742e-04	-4.586	1000	2.677	1.652
0.524	2.272e-04	-4.718	944	2.709	1.594
0.524	2.982e-04	-4.829	901	2.739	1.539
0.524	3.919e-04	-4.980	839	2.768	1.489
0.524	5.173e-04	-5.116	788	2.794	1.445
0.524	6.772e-04	-5.237	745	2.818	1.405
0.524	8.956e-04	-5.351	708	2.842	1.366
0.524	1.182e-03	-5.466	672	2.866	1.329
0.524	1.557e-03	-5.587	635	2.889	1.294
0.524	2.047e-03	-5.706	600	2.912	1.261
0.524	2.691e-03	-5.828	567	2.933	1.231
0.524	3.537e-03	-5.951	534	2.954	1.202
0.524	4.650e-03	-6.073	504	2.974	1.174
0.524	6.089e-03	-6.197	474	2.993	1.149
0.524	7.958e-03	-6.329	444	3.011	1.125
0.524	1.050e-02	-6.466	414	3.028	1.103
0.524	1.384e-02	-6.592	389	3.045	1.082
0.524	1.819e-02	-6.719	365	3.060	1.063
0.524	2.405e-02	-6.857	340	3.076	1.044
0.524	3.162e-02	-7.010	314	3.090	1.027
0.524	4.156e-02	-7.141	293	3.103	1.012
0.524	5.486e-02	-7.279	273	3.115	0.998
0.524	7.226e-02	-7.420	253	3.127	0.985
0.524	9.497e-02	-7.557	236	3.138	0.972
0.524	1.249e-01	-7.699	218	3.148	0.961
0.524	1.641e-01	-7.842	202	3.158	0.950
0.524	2.158e-01	-7.985	187	3.167	0.940
0.524	2.836e-01	-8.127	173	3.175	0.931
0.524	3.729e-01	-8.267	161	3.183	0.923
0.524	4.883e-01	-8.403	149	3.190	0.915
0.524	6.381e-01	-8.534	139	3.197	0.908
0.524	8.389e-01	-8.669	129	3.203	0.901
0.524	1.099e+00	-8.800	120	3.210	0.895
0.524	1.438e+00	-8.931	112	3.216	0.889
0.524	1.898e+00	-9.068	104	3.222	0.882
0.524	2.481e+00	-9.196	97	3.227	0.877
0.524	3.275e+00	-9.327	90	3.233	0.871
0.524	4.287e+00	-9.459	84	3.238	0.866
0.786	1.036e-04	-3.947	1352	2.738	1.886
0.786	1.362e-04	-4.080	1285	2.783	1.791
0.786	1.798e-04	-4.218	1215	2.825	1.707
0.786	2.353e-04	-4.359	1145	2.861	1.637
0.786	3.106e-04	-4.499	1076	2.895	1.574
0.786	4.067e-04	-4.643	1008	2.925	1.521
0.786	5.368e-04	-4.780	947	2.953	1.473
0.786	7.015e-04	-4.915	889	2.978	1.431
0.786	9.150e-04	-5.058	830	3.001	1.394
0.786	1.208e-03	-5.197	776	3.023	1.358
0.786	1.581e-03	-5.324	729	3.043	1.327
0.786	2.087e-03	-5.448	687	3.063	1.297
0.786	2.732e-03	-5.569	648	3.082	1.269
0.786	3.606e-03	-5.696	608	3.101	1.243
0.786	4.721e-03	-5.818	573	3.118	1.218
0.786	6.147e-03	-5.938	540	3.135	1.195
0.786	7.992e-03	-6.057	509	3.151	1.173
0.786	1.055e-02	-6.184	477	3.167	1.151
0.786	1.381e-02	-6.312	447	3.182	1.131
0.786	1.823e-02	-6.457	415	3.197	1.112
0.786	2.411e-02	-6.583	389	3.211	1.095
0.786	3.156e-02	-6.709	365	3.224	1.078
0.786	4.166e-02	-6.879	333	3.237	1.063
0.786	5.487e-02	-6.998	313	3.248	1.049
0.786	7.212e-02	-7.122	293	3.259	1.035
0.786	9.538e-02	-7.270	271	3.270	1.023
0.786	1.254e-01	-7.410	252	3.280	1.011
0.786	1.648e-01	-7.554	233	3.289	1.000
0.786	2.150e-01	-7.694	216	3.298	0.991
0.786	2.822e-01	-7.837	200	3.306	0.981
0.786	3.708e-01	-7.981	185	3.313	0.973
0.786	4.837e-01	-8.120	171	3.320	0.965
0.786	6.349e-01	-8.260	158	3.327	0.958
0.786	8.314e-01	-8.395	147	3.333	0.951
0.786	1.088e+00	-8.530	137	3.338	0.945
0.786	1.437e+00	-8.666	127	3.344	0.939
0.786	1.881e+00	-8.798	118	3.350	0.933
0.786	2.482e+00	-8.934	109	3.355	0.927
0.786	3.250e+00	-9.065	102	3.360	0.922
0.786	4.290e+00	-9.199	94	3.365	0.917
0.786	5.615e+00	-9.328	88	3.369	0.912
1.048	1.032e-04	-3.736	1479	2.809	2.007
1.048	1.365e-04	-3.831	1441	2.858	1.898
1.048	1.787e-04	-3.939	1390	2.904	1.800
1.048	2.358e-04	-4.065	1326	2.948	1.710
1.048	3.106e-04	-4.212	1247	2.988	1.633
1.048	4.083e-04	-4.365	1165	3.024	1.568
1.048	5.389e-04	-4.522	1084	3.055	1.512
1.048	7.055e-04	-4.664	1015	3.082	1.465
1.048	9.260e-04	-4.807	949	3.108	1.424
1.048	1.217e-03	-4.955	883	3.131	1.386
1.048	1.606e-03	-5.111	817	3.152	1.353
1.048	2.103e-03	-5.240	766	3.171	1.324
1.048	2.776e-03	-5.368	720	3.189	1.296
1.048	3.634e-03	-5.497	675	3.206	1.270
1.048	4.797e-03	-5.628	632	3.223	1.246
1.048	6.279e-03	-5.752	594	3.239	1.223
1.048	8.289e-03	-5.880	557	3.255	1.201
1.048	1.085e-02	-6.001	524	3.270	1.181
1.048	1.432e-02	-6.127	491	3.284	1.161
1.048	1.872e-02	-6.252	461	3.298	1.143
1.048	2.471e-02	-6.397	427	3.312	1.126
1.048	3.255e-02	-6.525	400	3.324	1.109
1.048	4.278e-02	-6.654	374	3.336	1.094
1.048	5.646e-02	-6.816	343	3.348	1.079
1.048	7.438e-02	-6.934	322	3.359	1.066
1.048	9.775e-02	-7.070	300	3.369	1.054
1.048	1.290e-01	-7.212	278	3.379	1.042
1.048	1.689e-01	-7.353	257	3.388	1.031
1.048	2.230e-01	-7.501	237	3.396	1.021
1.048	2.914e-01	-7.641	220	3.404	1.012
1.048	3.831e-01	-7.786	203	3.411	1.003
1.048	5.035e-01	-7.930	188	3.418	0.995
1.048	6.568e-01	-8.071	174	3.424	0.988
1.048	8.620e-01	-8.212	161	3.430	0.982
1.048	1.133e+00	-8.351	149	3.436	0.975
1.048	1.478e+00	-8.483	138	3.441	0.969
1.048	1.951e+00	-8.621	128	3.446	0.964
1.048	2.553e+00	-8.753	119	3.451	0.958
1.048	3.371e+00	-8.889	111	3.456	0.953
1.048	4.405e+00	-9.020	103	3.461	0.948
1.048	5.791e+00	-9.152	96	3.465	0.943
1.048	7.611e+00	-9.282	89	3.469	0.939
1.571	1.042e-04	-3.553	1596	2.934	2.130
1.571	1.370e-04	-3.625	1564	2.971	2.041
1.571	1.800e-04	-3.695	1537	3.010	1.951
1.571	2.376e-04	-3.773	1505	3.052	1.859
1.571	3.143e-04	-3.867	1462	3.096	1.768
1.571	4.114e-04	-3.966	1415	3.137	1.684
1.571	5.441e-04	-4.098	1343	3.179	1.605
1.571	7.182e-04	-4.258	1252	3.216	1.538
1.571	9.401e-04	-4.424	1158	3.247	1.484
1.571	1.241e-03	-4.585	1072	3.275	1.438
1.571	1.625e-03	-4.737	996	3.299	1.399
1.571	2.144e-03	-4.897	920	3.321	1.364
1.571	2.807e-03	-5.048	853	3.340	1.335
1.571	3.713e-03	-5.185	796	3.358	1.307
1.571	4.881e-03	-5.323	742	3.375	1.282
1.571	6.415e-03	-5.460	692	3.390	1.259
1.571	8.435e-03	-5.593	647	3.405	1.238
1.571	1.109e-02	-5.723	605	3.419	1.218
1.571	1.458e-02	-5.851	567	3.433	1.199
1.571	1.916e-02	-5.977	531	3.446	1.181
1.571	2.499e-02	-6.100	498	3.458	1.165
1.571	3.279e-02	-6.231	465	3.470	1.149
1.571	4.310e-02	-6.367	433	3.481	1.134
1.571	5.689e-02	-6.498	404	3.493	1.119
1.571	7.448e-02	-6.628	377	3.503	1.106
1.571	9.775e-02	-6.767	350	3.513	1.093
1.571	1.285e-01	-6.903	326	3.522	1.081
1.571	1.676e-01	-7.035	303	3.531	1.070
1.571	2.212e-01	-7.180	280	3.540	1.060
1.571	2.896e-01	-7.326	259	3.548	1.050
1.571	3.822e-01	-7.471	239	3.555	1.041
1.571	4.995e-01	-7.612	222	3.562	1.033
1.571	6.568e-01	-7.756	205	3.568	1.026
1.571	8.632e-01	-7.903	189	3.574	1.019
1.571	1.126e+00	-8.044	175	3.580	1.012
1.571	1.486e+00	-8.189	161	3.585	1.006
1.571	1.942e+00	-8.325	149	3.590	1.000
1.571	2.553e+00	-8.462	138	3.595	0.995
1.571	3.356e+00	-8.598	128	3.599	0.990
1.571	4.412e+00	-8.732	119	3.604	0.985
1.571	5.799e+00	-8.866	110	3.608	0.980
1.571	7.625e+00	-9.000	102	3.612	0.976
1.571	1.000e+01	-9.132	95	3.616	0.971
2.095	1.014e-04	-3.154	1954	3.012	2.248
2.095	1.334e-04	-3.384	1763	3.062	2.121
2.095	1.753e-04	-3.553	1634	3.100	2.031
2.095	2.318e-04	-3.625	1600	3.135	1.951
2.095	3.066e-04	-3.700	1566	3.172	1.869
2.095	4.054e-04	-3.782	1527	3.212	1.785
2.095	5.352e-04	-3.864	1492	3.252	1.704
2.095	7.050e-04	-3.952	1452	3.294	1.624
2.095	9.323e-04	-4.108	1359	3.334	1.551
2.095	1.225e-03	-4.280	1255	3.368	1.491
2.095	1.617e-03	-4.448	1158	3.397	1.442
2.095	2.114e-03	-4.609	1071	3.422	1.402
2.095	2.779e-03	-4.765	991	3.444	1.367
2.095	3.639e-03	-4.923	915	3.463	1.337
2.095	4.794e-03	-5.067	851	3.481	1.310
2.095	6.301e-03	-5.209	792	3.497	1.285
2.095	8.284e-03	-5.352	736	3.513	1.263
2.095	1.089e-02	-5.490	685	3.527	1.242
2.095	1.431e-02	-5.624	639	3.540	1.223
2.095	1.881e-02	-5.754	597	3.553	1.205
2.095	2.454e-02	-5.879	560	3.565	1.189
2.095	3.239e-02	-6.009	523	3.577	1.173
2.095	4.240e-02	-6.136	489	3.588	1.157
2.095	5.608e-02	-6.277	454	3.599	1.143
2.095	7.402e-02	-6.407	424	3.610	1.129
2.095	9.690e-02	-6.537	396	3.620	1.117
2.095	1.272e-01	-6.672	368	3.629	1.105
2.095	1.666e-01	-6.806	342	3.638	1.093
2.095	2.180e-01	-6.940	318	3.646	1.083
2.095	2.862e-01	-7.081	295	3.654	1.073
2.095	3.761e-01	-7.228	272	3.662	1.063
2.095	4.906e-01	-7.368	252	3.669	1.055
2.095	6.476e-01	-7.513	233	3.675	1.047
2.095	8.477e-01	-7.656	215	3.681	1.040
2.095	1.121e+00	-7.806	198	3.687	1.033
2.095	1.474e+00	-7.953	183	3.693	1.026
2.095	1.930e+00	-8.097	169	3.698	1.021
2.095	2.527e+00	-8.236	156	3.702	1.015
2.095	3.336e+00	-8.377	144	3.707	1.010
2.095	4.366e+00	-8.511	134	3.711	1.005
2.095	5.764e+00	-8.650	124	3.715	1.000
2.095	7.532e+00	-8.780	115	3.719	0.996
2.095	9.903e+00	-8.914	107	3.723	0.992
2.619	1.037e-04	-2.960	2121	3.057	2.386
2.619	1.361e-04	-3.076	2051	3.114	2.233
2.619	1.789e-04	-3.206	1963	3.168	2.100
2.619	2.361e-04	-3.508	1693	3.214	1.992
2.619	3.091e-04	-3.576	1658	3.245	1.920
2.619	4.081e-04	-3.627	1645	3.282	1.842
2.619	5.375e-04	-3.690	1623	3.322	1.759
2.619	7.109e-04	-3.788	1571	3.364	1.675
2.619	9.401e-04	-3.904	1506	3.406	1.596
2.619	1.243e-03	-4.072	1398	3.444	1.528
2.619	1.634e-03	-4.241	1292	3.476	1.473
2.619	2.131e-03	-4.397	1199	3.502	1.429
2.619	2.813e-03	-4.565	1104	3.527	1.389
2.619	3.683e-03	-4.717	1023	3.547	1.356
2.619	4.834e-03	-4.869	947	3.566	1.327
2.619	6.353e-03	-5.015	880	3.583	1.301
2.619	8.353e-03	-5.160	817	3.599	1.278
2.619	1.094e-02	-5.305	758	3.614	1.257
2.619	1.432e-02	-5.444	705	3.627	1.238
2.619	1.890e-02	-5.581	656	3.640	1.219
2.619	2.470e-02	-5.709	614	3.652	1.203
2.619	3.222e-02	-5.836	574	3.663	1.187
2.619	4.253e-02	-5.967	536	3.675	1.172
2.619	5.567e-02	-6.098	500	3.685	1.157
2.619	7.363e-02	-6.233	466	3.696	1.144
2.619	9.681e-02	-6.361	435	3.705	1.131
2.619	1.272e-01	-6.492	406	3.715	1.119
2.619	1.673e-01	-6.626	377	3.724	1.107
2.619	2.199e-01	-6.761	351	3.733	1.096
2.619	2.868e-01	-6.895	326	3.740	1.086
2.619	3.785e-01	-7.037	302	3.748	1.076
2.619	4.986e-01	-7.187	278	3.756	1.067
2.619	6.553e-01	-7.329	257	3.762	1.059
2.619	8.616e-01	-7.472	238	3.769	1.051
2.619	1.132e+00	-7.618	220	3.775	1.044
2.619	1.477e+00	-7.761	203	3.780	1.038
2.619	1.950e+00	-7.912	186	3.785	1.032
2.619	2.552e+00	-8.056	172	3.790	1.026
2.619	3.350e+00	-8.198	159	3.794	1.021
2.619	4.403e+00	-8.337	147	3.798	1.016
2.619	5.789e+00	-8.475	136	3.803	1.011
2.619	7.608e+00	-8.611	126	3.806	1.007
2.619	1.000e+01	-8.745	117	3.810	1.002
3.143	1.026e-04	-2.819	2224	3.077	2.553
3.143	1.355e-04	-2.923	2171	3.139	2.377
3.143	1.771e-04	-3.032	2107	3.197	2.225
3.143	2.328e-04	-3.169	2010	3.251	2.090
3.143	3.079e-04	-3.425	1783	3.299	1.977
3.143	4.080e-04	-3.490	1756	3.338	1.892
3.143	5.396e-04	-3.553	1734	3.379	1.805
3.143	7.136e-04	-3.661	1670	3.421	1.718
3.143	9.400e-04	-3.774	1601	3.462	1.640
3.143	1.243e-03	-3.923	1503	3.501	1.568
3.143	1.634e-03	-4.084	1396	3.534	1.510
3.143	2.157e-03	-4.249	1291	3.563	1.460
3.143	2.823e-03	-4.406	1196	3.587	1.419
3.143	3.727e-03	-4.565	1106	3.610	1.383
3.143	4.879e-03	-4.715	1026	3.629	1.352
3.143	6.403e-03	-4.859	954	3.647	1.325
3.143	8.415e-03	-5.006	885	3.663	1.300
3.143	1.105e-02	-5.153	820	3.678	1.278
3.143	1.452e-02	-5.301	759	3.692	1.258
3.143	1.893e-02	-5.437	707	3.705	1.240
3.143	2.499e-02	-5.573	658	3.717	1.222
3.143	3.272e-02	-5.703	615	3.728	1.206
3.143	4.319e-02	-5.836	574	3.740	1.191
3.143	5.654e-02	-5.960	537	3.750	1.177
3.143	7.463e-02	-6.102	498	3.761	1.163
3.143	9.831e-02	-6.227	466	3.770	1.150
3.143	1.292e-01	-6.357	435	3.780	1.137
3.143	1.699e-01	-6.487	406	3.789	1.125
3.143	2.233e-01	-6.621	377	3.798	1.114
3.143	2.936e-01	-6.756	351	3.806	1.103
3.143	3.844e-01	-6.894	325	3.814	1.094
3.143	5.032e-01	-7.034	302	3.821	1.084
3.143	6.643e-01	-7.181	278	3.828	1.076
3.143	8.696e-01	-7.322	257	3.834	1.068
3.143	1.148e+00	-7.468	238	3.841	1.060
3.143	1.500e+00	-7.612	219	3.846	1.053
3.143	1.972e+00	-7.761	202	3.852	1.047
3.143	2.592e+00	-7.909	186	3.856	1.041
3.143	3.381e+00	-8.051	172	3.861	1.036
3.143	4.463e+00	-8.198	158	3.865	1.031
3.143	5.842e+00	-8.335	147	3.869	1.026
3.143	7.712e+00	-8.475	136	3.873	1.021
3.143	1.000e+01	-8.604	126	3.877	1.017
3.666	1.043e-04	-2.696	2324	3.097	2.695
3.666	1.371e-04	-2.801	2269	3.161	2.504
3.666	1.802e-04	-2.904	2214	3.222	2.334
3.666	2.369e-04	-3.016	2148	3.281	2.181
3.666	3.113e-04	-3.148	2055	3.335	2.049
3.666	4.110e-04	-3.344	1887	3.384	1.937
3.666	5.414e-04	-3.420	1851	3.426	1.845
3.666	7.160e-04	-3.511	1802	3.471	1.752
3.666	9.469e-04	-3.661	1694	3.514	1.668
3.666	1.252e-03	-3.798	1601	3.552	1.596
3.666	1.646e-03	-3.947	1499	3.587	1.534
3.666	2.172e-03	-4.100	1397	3.618	1.480
3.666	2.862e-03	-4.261	1294	3.645	1.434
3.666	3.761e-03	-4.421	1196	3.669	1.396
3.666	4.945e-03	-4.570	1111	3.690	1.363
3.666	6.499e-03	-4.718	1032	3.709	1.333
3.666	8.579e-03	-4.867	957	3.726	1.306
3.666	1.123e-02	-5.014	887	3.742	1.283
3.666	1.482e-02	-5.168	818	3.756	1.262
3.666	1.941e-02	-5.314	758	3.769	1.243
3.666	2.562e-02	-5.454	704	3.781	1.226
3.666	3.353e-02	-5.584	658	3.793	1.210
3.666	4.426e-02	-5.719	612	3.804	1.194
3.666	5.795e-02	-5.846	573	3.814	1.180
3.666	7.606e-02	-5.978	534	3.825	1.166
3.666	9.996e-02	-6.110	498	3.834	1.154
3.666	1.304e-01	-6.233	466	3.843	1.141
3.666	1.721e-01	-6.365	434	3.853	1.129
3.666	2.253e-01	-6.494	405	3.861	1.118
3.666	2.957e-01	-6.626	377	3.870	1.108
3.666	3.886e-01	-6.763	350	3.878	1.097
3.666	5.069e-01	-6.899	325	3.885	1.088
3.666	6.691e-01	-7.044	301	3.892	1.079
3.666	8.760e-01	-7.185	278	3.899	1.071
3.666	1.156e+00	-7.331	257	3.905	1.063
3.666	1.514e+00	-7.473	237	3.911	1.056
3.666	1.971e+00	-7.615	219	3.916	1.050
3.666	2.602e+00	-7.767	202	3.922	1.043
3.666	3.406e+00	-7.914	186	3.926	1.038
3.666	4.496e+00	-8.063	171	3.931	1.032
3.666	5.885e+00	-8.204	158	3.935	1.028
3.666	7.663e+00	-8.341	146	3.939	1.023
3.666	1.000e+01	-8.474	136	3.942	1.019
4.190	1.040e-04	-2.587	2404	3.105	2.856
4.190	1.367e-04	-2.686	2360	3.172	2.643
4.190	1.807e-04	-2.795	2301	3.238	2.451
4.190	2.358e-04	-2.898	2245	3.297	2.288
4.190	3.112e-04	-3.012	2175	3.357	2.136
4.190	4.099e-04	-3.138	2088	3.412	2.005
4.190	5.388e-04	-3.283	1977	3.461	1.895
4.190	7.112e-04	-3.385	1915	3.509	1.794
4.190	9.405e-04	-3.539	1799	3.553	1.704
4.190	1.231e-03	-3.679	1696	3.591	1.632
4.190	1.628e-03	-3.815	1601	3.627	1.565
4.190	2.149e-03	-3.961	1500	3.660	1.507
4.190	2.814e-03	-4.111	1399	3.689	1.457
4.190	3.721e-03	-4.274	1293	3.716	1.414
4.190	4.893e-03	-4.433	1196	3.738	1.377
4.190	6.430e-03	-4.576	1114	3.759	1.345
4.190	8.454e-03	-4.724	1034	3.777	1.317
4.190	1.111e-02	-4.874	958	3.794	1.291
4.190	1.449e-02	-5.021	888	3.809	1.269
4.190	1.913e-02	-5.175	819	3.823	1.249
4.190	2.500e-02	-5.317	760	3.836	1.231
4.190	3.261e-02	-5.451	709	3.847	1.215
4.190	4.304e-02	-5.588	659	3.859	1.199
4.190	5.635e-02	-5.720	615	3.869	1.185
4.190	7.396e-02	-5.849	574	3.879	1.171
4.190	9.720e-02	-5.985	534	3.889	1.158
4.190	1.278e-01	-6.112	499	3.899	1.145
4.190	1.680e-01	-6.240	466	3.908	1.133
4.190	2.208e-01	-6.370	435	3.917	1.122
4.190	2.892e-01	-6.499	405	3.925	1.111
4.190	3.786e-01	-6.630	378	3.933	1.101
4.190	4.997e-01	-6.772	350	3.941	1.091
4.190	6.531e-01	-6.908	325	3.948	1.082
4.190	8.586e-01	-7.050	300	3.955	1.073
4.190	1.128e+00	-7.193	278	3.962	1.065
4.190	1.472e+00	-7.333	257	3.968	1.058
4.190	1.917e+00	-7.474	238	3.973	1.051
4.190	2.530e+00	-7.624	219	3.979	1.044
4.190	3.312e+00	-7.772	201	3.983	1.039
4.190	4.372e+00	-7.925	185	3.988	1.033
4.190	5.723e+00	-8.070	171	3.992	1.028
4.190	7.511e+00	-8.213	157	3.996	1.023
4.190	9.872e+00	-8.354	146	4.000	1.019
4.714	1.015e-04	-2.491	2463	3.103	3.037
4.714	1.334e-04	-2.584	2431	3.173	2.801
4.714	1.740e-04	-2.680	2389	3.239	2.597
4.714	2.300e-04	-2.791	2328	3.305	2.407
4.714	3.025e-04	-2.897	2270	3.366	2.242
4.714	3.975e-04	-3.011	2199	3.425	2.095
4.714	5.247e-04	-3.133	2116	3.481	1.964
4.714	6.912e-04	-3.269	2016	3.532	1.852
4.714	9.085e-04	-3.396	1924	3.578	1.756
4.714	1.185e-03	-3.547	1806	3.619	1.675
4.714	1.564e-03	-3.689	1701	3.657	1.604
4.714	2.048e-03	-3.818	1609	3.691	1.543
4.714	2.708e-03	-3.960	1511	3.723	1.486
4.714	3.560e-03	-4.117	1404	3.752	1.438
4.714	4.679e-03	-4.279	1298	3.777	1.397
4.714	6.177e-03	-4.436	1201	3.800	1.361
4.714	8.136e-03	-4.582	1117	3.820	1.329
4.714	1.069e-02	-4.730	1037	3.838	1.302
4.714	1.406e-02	-4.882	959	3.855	1.277
4.714	1.848e-02	-5.034	886	3.870	1.255
4.714	2.430e-02	-5.186	818	3.883	1.236
4.714	3.193e-02	-5.330	759	3.896	1.219
4.714	4.165e-02	-5.464	707	3.907	1.203
4.714	5.498e-02	-5.603	657	3.918	1.188
4.714	7.197e-02	-5.734	613	3.928	1.174
4.714	9.500e-02	-5.870	570	3.939	1.160
4.714	1.244e-01	-5.999	532	3.948	1.147
4.714	1.642e-01	-6.130	496	3.957	1.135
4.714	2.145e-01	-6.255	464	3.966	1.124
4.714	2.821e-01	-6.385	433	3.975	1.113
4.714	3.694e-01	-6.514	403	3.983	1.102
4.714	4.835e-01	-6.645	376	3.991	1.092
4.714	6.346e-01	-6.788	348	3.998	1.083
4.714	8.341e-01	-6.925	323	4.005	1.074
4.714	1.088e+00	-7.062	299	4.012	1.066
4.714	1.436e+00	-7.210	276	4.018	1.058
4.714	1.880e+00	-7.351	255	4.024	1.051
4.714	2.482e+00	-7.501	235	4.030	1.044
4.714	3.249e+00	-7.648	216	4.035	1.038
4.714	4.288e+00	-7.801	199	4.040	1.032
4.714	5.613e+00	-7.949	183	4.044	1.027
4.714	7.368e+00	-8.095	169	4.048	1.022
4.714	9.648e+00	-8.238	156	4.052	1.018
5.238	1.001e-04	-2.415	2504	3.102	3.204
5.238	1.321e-04	-2.503	2482	3.174	2.947
5.238	1.741e-04	-2.599	2447	3.245	2.717
5.238	2.288e-04	-2.702	2397	3.312	2.514
5.238	3.008e-04	-2.807	2342	3.377	2.335
5.238	3.953e-04	-2.913	2282	3.438	2.175
5.238	5.218e-04	-3.031	2206	3.497	2.032
5.238	6.874e-04	-3.161	2113	3.552	1.908
5.238	9.035e-04	-3.294	2013	3.601	1.803
5.238	1.188e-03	-3.428	1913	3.646	1.712
5.238	1.561e-03	-3.586	1787	3.686	1.635
5.238	2.061e-03	-3.725	1684	3.722	1.568
5.238	2.715e-03	-3.855	1593	3.756	1.509
5.238	3.568e-03	-3.996	1496	3.787	1.456
5.238	4.709e-03	-4.163	1381	3.815	1.410
5.238	6.165e-03	-4.322	1277	3.839	1.372
5.238	8.138e-03	-4.472	1186	3.860	1.338
5.238	1.065e-02	-4.618	1102	3.879	1.309
5.238	1.406e-02	-4.770	1020	3.897	1.282
5.238	1.838e-02	-4.919	945	3.913	1.260
5.238	2.416e-02	-5.073	872	3.927	1.239
5.238	3.175e-02	-5.223	806	3.940	1.221
5.238	4.175e-02	-5.365	748	3.952	1.204
5.238	5.487e-02	-5.505	695	3.963	1.188
5.238	7.215e-02	-5.642	646	3.974	1.174
5.238	9.482e-02	-5.774	602	3.984	1.160
5.238	1.247e-01	-5.910	560	3.994	1.147
5.238	1.638e-01	-6.038	523	4.003	1.135
5.238	2.154e-01	-6.167	488	4.012	1.124
5.238	2.831e-01	-6.294	456	4.021	1.112
5.238	3.693e-01	-6.421	426	4.029	1.102
5.238	4.875e-01	-6.555	396	4.037	1.092
5.238	6.381e-01	-6.691	368	4.045	1.082
5.238	8.424e-01	-6.832	340	4.052	1.073
5.238	1.103e+00	-6.971	316	4.059	1.064
5.238	1.456e+00	-7.119	291	4.066	1.056
5.238	1.906e+00	-7.262	269	4.072	1.049
5.238	2.515e+00	-7.409	248	4.077	1.042
5.238	3.293e+00	-7.554	229	4.082	1.036
5.238	4.322e+00	-7.703	210	4.087	1.030
5.238	5.659e+00	-7.852	194	4.092	1.025
5.238	7.409e+00	-7.999	178	4.096	1.020
5.238	9.779e+00	-8.148	164	4.100	1.015
6.285	1.021e-04	-2.296	2577	3.111	3.472
6.285	1.334e-04	-2.382	2555	3.182	3.199
6.285	1.754e-04	-2.471	2531	3.254	2.945
6.285	2.297e-04	-2.561	2501	3.324	2.717
6.285	3.008e-04	-2.661	2455	3.392	2.514
6.285	3.947e-04	-2.762	2405	3.457	2.332
6.285	5.188e-04	-2.867	2347	3.520	2.169
6.285	6.848e-04	-2.984	2272	3.581	2.022
6.285	8.965e-04	-3.107	2185	3.636	1.898
6.285	1.186e-03	-3.246	2078	3.687	1.789
6.285	1.546e-03	-3.374	1981	3.732	1.700
6.285	2.041e-03	-3.533	1851	3.773	1.620
6.285	2.672e-03	-3.678	1738	3.809	1.555
6.285	3.527e-03	-3.809	1644	3.843	1.495
6.285	4.647e-03	-3.943	1549	3.875	1.442
6.285	6.085e-03	-4.103	1436	3.903	1.396
6.285	7.952e-03	-4.262	1329	3.927	1.358
6.285	1.045e-02	-4.414	1233	3.949	1.324
6.285	1.369e-02	-4.561	1146	3.968	1.294
6.285	1.792e-02	-4.710	1063	3.986	1.268
6.285	2.352e-02	-4.862	983	4.002	1.245
6.285	3.080e-02	-5.016	907	4.017	1.224
6.285	4.033e-02	-5.166	838	4.030	1.206
6.285	5.323e-02	-5.315	774	4.042	1.189
6.285	6.968e-02	-5.453	720	4.053	1.174
6.285	9.146e-02	-5.592	669	4.064	1.160
6.285	1.202e-01	-5.726	622	4.074	1.147
6.285	1.587e-01	-5.863	579	4.083	1.134
6.285	2.077e-01	-5.992	540	4.092	1.122
6.285	2.742e-01	-6.123	503	4.101	1.111
6.285	3.589e-01	-6.248	471	4.110	1.100
6.285	4.711e-01	-6.377	439	4.118	1.090
6.285	6.191e-01	-6.510	408	4.126	1.080
6.285	8.140e-01	-6.647	379	4.134	1.070
6.285	1.070e+00	-6.785	352	4.141	1.061
6.285	1.407e+00	-6.928	325	4.148	1.053
6.285	1.849e+00	-7.076	300	4.154	1.045
6.285	2.440e+00	-7.223	276	4.160	1.038
6.285	3.195e+00	-7.364	256	4.165	1.032
6.285	4.217e+00	-7.513	235	4.171	1.025
6.285	5.511e+00	-7.659	217	4.175	1.020
6.285	7.274e+00	-7.814	199	4.180	1.014
6.285	9.523e+00	-7.963	183	4.184	1.010
7.333	1.021e-04	-2.189	2642	3.114	3.737
7.333	1.347e-04	-2.279	2619	3.189	3.428
7.333	1.761e-04	-2.367	2594	3.261	3.158
7.333	2.296e-04	-2.454	2569	3.330	2.914
7.333	3.031e-04	-2.546	2539	3.402	2.682
7.333	3.968e-04	-2.646	2492	3.470	2.482
7.333	5.238e-04	-2.747	2443	3.537	2.298
7.333	6.857e-04	-2.849	2388	3.599	2.139
7.333	9.051e-04	-2.963	2317	3.661	1.993
7.333	1.192e-03	-3.090	2226	3.717	1.867
7.333	1.567e-03	-3.226	2119	3.768	1.761
7.333	2.060e-03	-3.361	2013	3.814	1.669
7.333	2.708e-03	-3.513	1888	3.855	1.592
7.333	3.532e-03	-3.670	1761	3.891	1.528
7.333	4.662e-03	-3.797	1669	3.925	1.470
7.333	6.141e-03	-3.928	1576	3.956	1.417
7.333	8.071e-03	-4.092	1458	3.985	1.372
7.333	1.065e-02	-4.256	1346	4.010	1.333
7.333	1.395e-02	-4.406	1250	4.031	1.301
7.333	1.841e-02	-4.560	1157	4.051	1.271
7.333	2.410e-02	-4.710	1072	4.068	1.246
7.333	3.181e-02	-4.867	989	4.085	1.223
7.333	4.157e-02	-5.019	913	4.099	1.203
7.333	5.466e-02	-5.169	844	4.112	1.185
7.333	7.158e-02	-5.318	780	4.123	1.170
7.333	9.429e-02	-5.459	723	4.134	1.155
7.333	1.239e-01	-5.600	671	4.145	1.141
7.333	1.616e-01	-5.733	625	4.154	1.129
7.333	2.134e-01	-5.867	582	4.164	1.116
7.333	2.811e-01	-6.003	541	4.173	1.105
7.333	3.694e-01	-6.129	505	4.181	1.094
7.333	4.857e-01	-6.255	472	4.190	1.083
7.333	6.360e-01	-6.383	441	4.198	1.073
7.333	8.311e-01	-6.517	410	4.205	1.064
7.333	1.093e+00	-6.652	381	4.213	1.055
7.333	1.436e+00	-6.791	353	4.220	1.046
7.333	1.888e+00	-6.941	325	4.227	1.039
7.333	2.482e+00	-7.090	299	4.233	1.031
7.333	3.263e+00	-7.231	277	4.238	1.024
7.333	4.288e+00	-7.373	256	4.244	1.018
7.333	5.594e+00	-7.517	236	4.249	1.012
7.333	7.384e+00	-7.671	217	4.253	1.007
7.333	9.649e+00	-7.820	200	4.258	1.002
8.381	1.040e-04	-2.100	2700	3.122	3.961
8.381	1.365e-04	-2.190	2676	3.196	3.637
8.381	1.793e-04	-2.281	2650	3.270	3.341
8.381	2.339e-04	-2.369	2624	3.340	3.080
8.381	3.070e-04	-2.458	2596	3.411	2.838
8.381	4.035e-04	-2.550	2565	3.482	2.617
8.381	5.263e-04	-2.648	2518	3.548	2.425
8.381	6.948e-04	-2.749	2469	3.614	2.246
8.381	9.079e-04	-2.849	2415	3.676	2.092
8.381	1.184e-03	-2.956	2349	3.735	1.954
8.381	1.554e-03	-3.084	2254	3.792	1.832
8.381	2.043e-03	-3.219	2148	3.843	1.727
8.381	2.686e-03	-3.358	2036	3.889	1.637
8.381	3.552e-03	-3.509	1912	3.931	1.559
8.381	4.668e-03	-3.678	1772	3.968	1.496
8.381	6.162e-03	-3.803	1681	4.001	1.439
8.381	8.118e-03	-3.938	1583	4.032	1.389
8.381	1.067e-02	-4.104	1463	4.060	1.345
8.381	1.408e-02	-4.265	1352	4.084	1.308
8.381	1.840e-02	-4.414	1256	4.105	1.277
8.381	2.420e-02	-4.565	1164	4.125	1.248
8.381	3.180e-02	-4.719	1076	4.142	1.224
8.381	4.181e-02	-4.875	993	4.158	1.202
8.381	5.495e-02	-5.028	916	4.172	1.182
8.381	7.168e-02	-5.182	844	4.184	1.166
8.381	9.408e-02	-5.324	783	4.196	1.150
8.381	1.232e-01	-5.468	726	4.207	1.136
8.381	1.613e-01	-5.607	674	4.217	1.123
8.381	2.129e-01	-5.744	626	4.226	1.111
8.381	2.804e-01	-5.880	582	4.235	1.099
8.381	3.686e-01	-6.014	541	4.244	1.088
8.381	4.846e-01	-6.138	507	4.253	1.077
8.381	6.369e-01	-6.265	473	4.261	1.067
8.381	8.373e-01	-6.400	440	4.269	1.058
8.381	1.101e+00	-6.532	409	4.276	1.048
8.381	1.455e+00	-6.674	379	4.284	1.039
8.381	1.914e+00	-6.815	351	4.291	1.031
8.381	2.506e+00	-6.963	323	4.297	1.024
8.381	3.280e+00	-7.105	299	4.303	1.017
8.381	4.330e+00	-7.252	275	4.308	1.010
8.381	5.669e+00	-7.394	255	4.313	1.005
8.381	7.482e+00	-7.546	234	4.318	0.999
8.381	9.795e+00	-7.696	215	4.323	0.994
9.428	1.013e-04	-2.007	2756	3.115	4.234
9.428	1.321e-04	-2.096	2732	3.190	3.886
9.428	1.734e-04	-2.188	2706	3.264	3.567
9.428	2.271e-04	-2.278	2679	3.336	3.282
9.428	2.973e-04	-2.367	2651	3.407	3.024
9.428	3.902e-04	-2.457	2622	3.478	2.787
9.428	5.110e-04	-2.546	2592	3.547	2.574
9.428	6.677e-04	-2.645	2544	3.614	2.384
9.428	8.779e-04	-2.745	2494	3.680	2.210
9.428	1.154e-03	-2.845	2442	3.743	2.055
9.428	1.517e-03	-2.957	2372	3.804	1.915
9.428	1.994e-03	-3.086	2275	3.861	1.795
9.428	2.637e-03	-3.222	2168	3.913	1.690
9.428	3.439e-03	-3.359	2055	3.958	1.605
9.428	4.540e-03	-3.508	1934	4.000	1.529
9.428	5.980e-03	-3.676	1792	4.036	1.466
9.428	7.860e-03	-3.802	1698	4.069	1.412
9.428	1.038e-02	-3.948	1590	4.100	1.362
9.428	1.372e-02	-4.116	1466	4.127	1.320
9.428	1.796e-02	-4.270	1360	4.151	1.285
9.428	2.371e-02	-4.424	1260	4.172	1.253
9.428	3.104e-02	-4.573	1169	4.191	1.227
9.428	4.097e-02	-4.729	1079	4.209	1.202
9.428	5.364e-02	-4.884	996	4.224	1.181
9.428	7.080e-02	-5.040	918	4.238	1.162
9.428	9.268e-02	-5.204	841	4.250	1.146
9.428	1.216e-01	-5.341	783	4.261	1.131
9.428	1.599e-01	-5.489	723	4.272	1.118
9.428	2.102e-01	-5.628	671	4.282	1.105
9.428	2.753e-01	-5.761	625	4.291	1.093
9.428	3.603e-01	-5.896	581	4.300	1.082
9.428	4.730e-01	-6.026	542	4.308	1.072
9.428	6.216e-01	-6.151	507	4.317	1.061
9.428	8.173e-01	-6.284	472	4.325	1.052
9.428	1.074e+00	-6.415	439	4.332	1.042
9.428	1.418e+00	-6.552	408	4.340	1.033
9.428	1.853e+00	-6.687	379	4.347	1.025
9.428	2.436e+00	-6.829	350	4.354	1.017
9.428	3.202e+00	-6.975	323	4.360	1.010
9.428	4.210e+00	-7.120	298	4.366	1.003
9.428	5.533e+00	-7.268	275	4.371	0.997
9.428	7.303e+00	-7.417	253	4.376	0.991
9.428	9.560e+00	-7.565	233	4.381	0.986
10.476	1.014e-04	-1.931	2806	3.116	4.458
10.476	1.338e-04	-2.026	2780	3.195	4.070
10.476	1.751e-04	-2.118	2753	3.270	3.735
10.476	2.281e-04	-2.206	2726	3.341	3.440
10.476	3.010e-04	-2.299	2697	3.415	3.160
10.476	3.934e-04	-2.388	2668	3.485	2.915
10.476	5.131e-04	-2.474	2641	3.554	2.693
10.476	6.671e-04	-2.563	2608	3.621	2.493
10.476	8.755e-04	-2.665	2557	3.688	2.308
10.476	1.151e-03	-2.765	2505	3.753	2.142
10.476	1.501e-03	-2.861	2456	3.814	1.996
10.476	1.954e-03	-2.970	2384	3.872	1.866
10.476	2.580e-03	-3.104	2281	3.929	1.748
10.476	3.398e-03	-3.236	2177	3.980	1.648
10.476	4.450e-03	-3.379	2058	4.025	1.565
10.476	5.825e-03	-3.525	1936	4.065	1.494
10.476	7.689e-03	-3.683	1804	4.101	1.434
10.476	1.013e-02	-3.817	1702	4.134	1.381
10.476	1.331e-02	-3.972	1584	4.164	1.334
10.476	1.757e-02	-4.134	1465	4.190	1.294
10.476	2.296e-02	-4.285	1361	4.213	1.261
10.476	3.019e-02	-4.436	1262	4.233	1.231
10.476	3.954e-02	-4.586	1170	4.252	1.206
10.476	5.176e-02	-4.739	1082	4.269	1.183
10.476	6.793e-02	-4.894	998	4.284	1.162
10.476	8.896e-02	-5.047	921	4.297	1.144
10.476	1.165e-01	-5.204	847	4.309	1.129
10.476	1.540e-01	-5.357	781	4.321	1.114
10.476	2.033e-01	-5.507	721	4.331	1.100
10.476	2.661e-01	-5.643	670	4.341	1.088
10.476	3.513e-01	-5.782	622	4.350	1.077
10.476	4.591e-01	-5.916	579	4.359	1.066
10.476	6.036e-01	-6.045	540	4.367	1.056
10.476	7.933e-01	-6.171	505	4.375	1.046
10.476	1.043e+00	-6.307	469	4.383	1.036
10.476	1.379e+00	-6.437	437	4.391	1.027
10.476	1.813e+00	-6.580	404	4.398	1.019
10.476	2.393e+00	-6.717	375	4.405	1.011
10.476	3.133e+00	-6.858	347	4.411	1.003
10.476	4.112e+00	-7.000	321	4.417	0.996
10.476	5.404e+00	-7.152	295	4.423	0.990
10.476	7.133e+00	-7.301	271	4.428	0.984
10.476	9.396e+00	-7.451	250	4.433	0.978
11.523	1.035e-04	-1.865	2851	3.119	4.658
11.523	1.364e-04	-1.962	2824	3.199	4.247
11.523	1.793e-04	-2.057	2796	3.277	3.885
11.523	2.338e-04	-2.147	2768	3.350	3.572
11.523	3.086e-04	-2.241	2738	3.424	3.278
11.523	4.040e-04	-2.331	2709	3.496	3.020
11.523	5.303e-04	-2.420	2681	3.566	2.784
11.523	6.970e-04	-2.509	2651	3.637	2.567
11.523	9.091e-04	-2.605	2608	3.704	2.376
11.523	1.200e-03	-2.708	2555	3.771	2.199
11.523	1.571e-03	-2.805	2505	3.834	2.045
11.523	2.062e-03	-2.909	2445	3.896	1.905
11.523	2.710e-03	-3.023	2368	3.955	1.780
11.523	3.584e-03	-3.164	2253	4.009	1.672
11.523	4.674e-03	-3.298	2143	4.056	1.584
11.523	6.170e-03	-3.445	2019	4.100	1.506
11.523	8.077e-03	-3.603	1883	4.137	1.444
11.523	1.068e-02	-3.739	1776	4.171	1.388
11.523	1.410e-02	-3.874	1673	4.202	1.339
11.523	1.843e-02	-4.033	1550	4.229	1.299
11.523	2.404e-02	-4.180	1444	4.252	1.264
11.523	3.155e-02	-4.327	1343	4.273	1.234
11.523	4.146e-02	-4.476	1247	4.293	1.206
11.523	5.408e-02	-4.624	1156	4.310	1.182
11.523	7.139e-02	-4.781	1066	4.327	1.160
11.523	9.345e-02	-4.934	985	4.341	1.141
11.523	1.234e-01	-5.101	901	4.355	1.123
11.523	1.625e-01	-5.251	832	4.367	1.108
11.523	2.136e-01	-5.408	765	4.378	1.094
11.523	2.803e-01	-5.554	708	4.388	1.081
11.523	3.644e-01	-5.689	658	4.397	1.070
11.523	4.772e-01	-5.828	611	4.406	1.059
11.523	6.247e-01	-5.963	568	4.415	1.048
11.523	8.134e-01	-6.088	531	4.423	1.039
11.523	1.074e+00	-6.232	491	4.431	1.029
11.523	1.420e+00	-6.359	458	4.439	1.020
11.523	1.870e+00	-6.500	425	4.446	1.011
11.523	2.458e+00	-6.639	394	4.453	1.003
11.523	3.251e+00	-6.780	364	4.460	0.995
11.523	4.274e+00	-6.922	337	4.466	0.988
11.523	5.618e+00	-7.073	310	4.472	0.981
11.523	7.415e+00	-7.229	284	4.478	0.975
11.523	9.707e+00	-7.374	262	4.483	0.970
12.047	1.043e-04	-1.834	2872	3.120	4.756
12.047	1.366e-04	-1.930	2845	3.200	4.341
12.047	1.803e-04	-2.027	2817	3.279	3.963
12.047	2.360e-04	-2.119	2788	3.353	3.637
12.047	3.073e-04	-2.208	2759	3.425	3.351
12.047	4.056e-04	-2.301	2729	3.498	3.078
12.047	5.300e-04	-2.389	2701	3.568	2.840
12.047	6.913e-04	-2.476	2673	3.637	2.624
12.047	9.125e-04	-2.571	2635	3.708	2.419
12.047	1.195e-03	-2.672	2583	3.774	2.241
12.047	1.568e-03	-2.771	2532	3.838	2.081
12.047	2.053e-03	-2.869	2480	3.900	1.938
12.047	2.683e-03	-2.978	2409	3.959	1.812
12.047	3.542e-03	-3.113	2303	4.015	1.698
12.047	4.666e-03	-3.243	2199	4.066	1.602
12.047	6.170e-03	-3.389	2075	4.111	1.521
12.047	8.109e-03	-3.540	1945	4.149	1.455
12.047	1.072e-02	-3.680	1831	4.184	1.398
12.047	1.410e-02	-3.809	1730	4.214	1.350
12.047	1.853e-02	-3.959	1612	4.242	1.308
12.047	2.446e-02	-4.105	1503	4.266	1.272
12.047	3.197e-02	-4.246	1403	4.287	1.241
12.047	4.203e-02	-4.389	1307	4.307	1.213
12.047	5.504e-02	-4.533	1215	4.325	1.188
12.047	7.205e-02	-4.682	1127	4.342	1.165
12.047	9.529e-02	-4.839	1038	4.358	1.144
12.047	1.258e-01	-5.000	954	4.372	1.125
12.047	1.647e-01	-5.160	877	4.385	1.109
12.047	2.178e-01	-5.326	802	4.397	1.094
12.047	2.874e-01	-5.483	738	4.408	1.080
12.047	3.763e-01	-5.628	683	4.418	1.068
12.047	4.939e-01	-5.772	632	4.427	1.056
12.047	6.468e-01	-5.915	585	4.436	1.045
12.047	8.452e-01	-6.048	544	4.445	1.035
12.047	1.102e+00	-6.185	505	4.453	1.025
12.047	1.455e+00	-6.321	470	4.461	1.016
12.047	1.905e+00	-6.455	437	4.469	1.007
12.047	2.519e+00	-6.604	402	4.476	0.999
12.047	3.326e+00	-6.743	373	4.483	0.991
12.047	4.353e+00	-6.883	345	4.489	0.984
12.047	5.747e+00	-7.035	318	4.495	0.977
12.047	7.570e+00	-7.194	291	4.501	0.971
12.047	9.949e+00	-7.342	268	4.506	0.965
12.571	1.002e-04	-1.791	2890	3.107	4.936
12.571	1.309e-04	-1.883	2871	3.187	4.500
12.571	1.722e-04	-1.980	2842	3.266	4.109
12.571	2.263e-04	-2.074	2813	3.343	3.761
12.571	2.951e-04	-2.165	2784	3.415	3.461
12.571	3.843e-04	-2.254	2754	3.486	3.190
12.571	5.044e-04	-2.343	2726	3.557	2.938
12.571	6.629e-04	-2.433	2697	3.628	2.707
12.571	8.716e-04	-2.523	2667	3.699	2.497
12.571	1.141e-03	-2.622	2619	3.766	2.310
12.571	1.494e-03	-2.721	2568	3.831	2.144
12.571	1.961e-03	-2.820	2516	3.895	1.993
12.571	2.577e-03	-2.926	2452	3.956	1.857
12.571	3.362e-03	-3.039	2373	4.012	1.741
12.571	4.446e-03	-3.174	2264	4.065	1.638
12.571	5.845e-03	-3.306	2155	4.111	1.553
12.571	7.730e-03	-3.449	2032	4.152	1.481
12.571	1.016e-02	-3.588	1912	4.186	1.424
12.571	1.341e-02	-3.714	1810	4.217	1.375
12.571	1.756e-02	-3.827	1722	4.244	1.333
12.571	2.322e-02	-3.971	1609	4.269	1.296
12.571	3.065e-02	-4.102	1511	4.290	1.263
12.571	4.012e-02	-4.230	1419	4.310	1.235
12.571	5.266e-02	-4.363	1328	4.328	1.209
12.571	6.921e-02	-4.502	1239	4.346	1.185
12.571	9.136e-02	-4.652	1148	4.363	1.162
12.571	1.196e-01	-4.806	1060	4.379	1.141
12.571	1.579e-01	-4.972	972	4.394	1.121
12.571	2.080e-01	-5.144	887	4.408	1.103
12.571	2.733e-01	-5.318	808	4.420	1.088
12.571	3.608e-01	-5.484	740	4.432	1.073
12.571	4.723e-01	-5.640	680	4.443	1.060
12.571	6.234e-01	-5.799	625	4.453	1.048
12.571	8.212e-01	-5.954	574	4.463	1.036
12.571	1.079e+00	-6.098	532	4.472	1.025
12.571	1.425e+00	-6.254	488	4.481	1.015
12.571	1.884e+00	-6.387	455	4.489	1.005
12.571	2.482e+00	-6.545	417	4.497	0.996
12.571	3.250e+00	-6.681	387	4.504	0.988
12.571	4.225e+00	-6.817	359	4.510	0.981
12.571	5.521e+00	-6.960	332	4.516	0.974
12.571	7.259e+00	-7.123	303	4.522	0.968
12.571	9.541e+00	-7.273	279	4.527	0.962
13.095	1.029e-04	-1.775	2898	3.113	4.999
13.095	1.345e-04	-1.862	2888	3.194	4.554
13.095	1.769e-04	-1.959	2859	3.274	4.156
13.095	2.325e-04	-2.055	2829	3.351	3.803
13.095	3.032e-04	-2.145	2800	3.424	3.497
13.095	4.002e-04	-2.239	2769	3.498	3.210
13.095	5.240e-04	-2.328	2741	3.569	2.958
13.095	6.822e-04	-2.415	2713	3.638	2.733
13.095	9.005e-04	-2.506	2682	3.709	2.517
13.095	1.177e-03	-2.602	2639	3.777	2.329
13.095	1.547e-03	-2.703	2587	3.843	2.158
13.095	2.034e-03	-2.802	2535	3.907	2.005
13.095	2.674e-03	-2.905	2474	3.969	1.868
13.095	3.514e-03	-3.015	2402	4.026	1.747
13.095	4.647e-03	-3.148	2293	4.079	1.645
13.095	6.062e-03	-3.265	2198	4.123	1.563
13.095	8.001e-03	-3.397	2084	4.163	1.494
13.095	1.047e-02	-3.519	1979	4.194	1.440
13.095	1.385e-02	-3.629	1888	4.222	1.395
13.095	1.829e-02	-3.737	1798	4.246	1.357
13.095	2.394e-02	-3.828	1728	4.268	1.323
13.095	3.166e-02	-3.947	1633	4.288	1.292
13.095	4.179e-02	-4.057	1549	4.307	1.265
13.095	5.461e-02	-4.172	1465	4.325	1.239
13.095	7.123e-02	-4.294	1380	4.343	1.214
13.095	9.402e-02	-4.437	1285	4.362	1.188
13.095	1.239e-01	-4.597	1185	4.381	1.162
13.095	1.638e-01	-4.775	1081	4.400	1.137
13.095	2.153e-01	-4.962	980	4.417	1.115
13.095	2.842e-01	-5.159	883	4.433	1.095
13.095	3.743e-01	-5.361	792	4.447	1.077
13.095	4.920e-01	-5.544	718	4.459	1.061
13.095	6.468e-01	-5.718	654	4.471	1.047
13.095	8.501e-01	-5.888	597	4.482	1.034
13.095	1.118e+00	-6.045	549	4.492	1.023
13.095	1.469e+00	-6.211	501	4.501	1.012
13.095	1.939e+00	-6.345	466	4.510	1.002
13.095	2.554e+00	-6.507	427	4.518	0.993
13.095	3.378e+00	-6.651	395	4.525	0.984
13.095	4.440e+00	-6.795	365	4.532	0.976
13.095	5.791e+00	-6.940	337	4.538	0.969
13.095	7.644e+00	-7.104	307	4.544	0.963
13.095	1.000e+01	-7.254	283	4.549	0.957
13.618	1.003e-04	-1.747	2903	3.105	5.149
13.618	1.319e-04	-1.825	2910	3.187	4.681
13.618	1.727e-04	-1.922	2881	3.267	4.271
13.618	2.261e-04	-2.017	2851	3.344	3.911
13.618	2.985e-04	-2.112	2821	3.421	3.580
13.618	3.907e-04	-2.204	2791	3.493	3.293
13.618	5.128e-04	-2.294	2762	3.565	3.030
13.618	6.740e-04	-2.384	2733	3.637	2.791
13.618	8.791e-04	-2.471	2704	3.705	2.579
13.618	1.154e-03	-2.563	2668	3.775	2.381
13.618	1.517e-03	-2.665	2616	3.842	2.204
13.618	1.994e-03	-2.765	2563	3.907	2.046
13.618	2.611e-03	-2.862	2511	3.968	1.907
13.618	3.418e-03	-2.966	2444	4.025	1.785
13.618	4.512e-03	-3.089	2348	4.078	1.678
13.618	5.907e-03	-3.197	2263	4.122	1.595
13.618	7.797e-03	-3.308	2171	4.161	1.527
13.618	1.031e-02	-3.417	2074	4.191	1.474
13.618	1.350e-02	-3.506	1998	4.215	1.434
13.618	1.772e-02	-3.584	1932	4.235	1.402
13.618	2.320e-02	-3.661	1868	4.253	1.373
13.618	3.037e-02	-3.742	1802	4.271	1.345
13.618	4.009e-02	-3.832	1731	4.292	1.313
13.618	5.281e-02	-3.962	1627	4.314	1.279
13.618	6.941e-02	-4.108	1517	4.338	1.245
13.618	9.179e-02	-4.282	1393	4.364	1.208
13.618	1.214e-01	-4.478	1263	4.390	1.173
13.618	1.602e-01	-4.690	1133	4.414	1.141
13.618	2.098e-01	-4.900	1016	4.434	1.114
13.618	2.753e-01	-5.115	907	4.452	1.092
13.618	3.618e-01	-5.330	809	4.467	1.073
13.618	4.776e-01	-5.520	730	4.480	1.057
13.618	6.253e-01	-5.690	666	4.492	1.043
13.618	8.141e-01	-5.849	612	4.502	1.031
13.618	1.075e+00	-6.005	562	4.512	1.019
13.618	1.407e+00	-6.157	518	4.521	1.009
13.618	1.861e+00	-6.299	479	4.529	0.999
13.618	2.456e+00	-6.452	441	4.537	0.990
13.618	3.215e+00	-6.595	408	4.544	0.981
13.618	4.220e+00	-6.734	378	4.551	0.974
13.618	5.526e+00	-6.880	349	4.558	0.967
13.618	7.221e+00	-7.031	321	4.564	0.960
13.618	9.494e+00	-7.186	295	4.569	0.954
14.142	1.042e-04	-1.736	2911	3.115	5.185
14.142	1.369e-04	-1.811	2924	3.197	4.716
14.142	1.786e-04	-1.906	2897	3.276	4.306
14.142	2.357e-04	-2.004	2865	3.356	3.930
14.142	3.080e-04	-2.096	2836	3.430	3.608
14.142	4.018e-04	-2.187	2806	3.502	3.322
14.142	5.303e-04	-2.279	2777	3.576	3.051
14.142	6.942e-04	-2.367	2748	3.646	2.813
14.142	9.112e-04	-2.457	2718	3.717	2.594
14.142	1.193e-03	-2.546	2686	3.786	2.396
14.142	1.562e-03	-2.646	2634	3.852	2.219
14.142	2.062e-03	-2.748	2581	3.918	2.058
14.142	2.699e-03	-2.844	2529	3.979	1.919
14.142	3.563e-03	-2.947	2464	4.037	1.794
14.142	4.664e-03	-3.054	2385	4.087	1.694
14.142	6.073e-03	-3.151	2307	4.126	1.618
14.142	8.017e-03	-3.236	2240	4.160	1.557
14.142	1.056e-02	-3.316	2171	4.186	1.512
14.142	1.388e-02	-3.387	2109	4.206	1.478
14.142	1.825e-02	-3.451	2053	4.223	1.448
14.142	2.390e-02	-3.522	1992	4.241	1.418
14.142	3.128e-02	-3.608	1919	4.264	1.381
14.142	4.137e-02	-3.738	1811	4.293	1.336
14.142	5.506e-02	-3.918	1668	4.329	1.282
14.142	7.282e-02	-4.134	1503	4.364	1.230
14.142	9.593e-02	-4.359	1345	4.397	1.186
14.142	1.261e-01	-4.582	1201	4.424	1.149
14.142	1.664e-01	-4.802	1073	4.447	1.119
14.142	2.179e-01	-5.015	960	4.466	1.095
14.142	2.876e-01	-5.227	857	4.482	1.075
14.142	3.758e-01	-5.410	777	4.495	1.059
14.142	4.941e-01	-5.578	710	4.506	1.045
14.142	6.470e-01	-5.733	653	4.516	1.033
14.142	8.456e-01	-5.882	603	4.526	1.022
14.142	1.103e+00	-6.020	560	4.534	1.012
14.142	1.448e+00	-6.168	516	4.543	1.002
14.142	1.903e+00	-6.297	482	4.551	0.993
14.142	2.501e+00	-6.442	445	4.558	0.984
14.142	3.288e+00	-6.584	412	4.565	0.976
14.142	4.340e+00	-6.722	382	4.572	0.969
14.142	5.681e+00	-6.866	353	4.578	0.962
14.142	7.499e+00	-7.019	324	4.584	0.955
14.142	9.878e+00	-7.174	297	4.590	0.949
14.666	1.041e-04	-1.716	2916	3.114	5.287
14.666	1.368e-04	-1.789	2931	3.196	4.810
14.666	1.799e-04	-1.881	2914	3.278	4.376
14.666	2.364e-04	-1.979	2883	3.357	3.997
14.666	3.120e-04	-2.075	2852	3.434	3.656
14.666	4.078e-04	-2.166	2822	3.507	3.363
14.666	5.301e-04	-2.253	2794	3.577	3.102
14.666	6.914e-04	-2.341	2766	3.647	2.862
14.666	9.075e-04	-2.431	2736	3.718	2.639
14.666	1.193e-03	-2.520	2706	3.788	2.434
14.666	1.574e-03	-2.621	2657	3.857	2.248
14.666	2.061e-03	-2.719	2605	3.921	2.088
14.666	2.684e-03	-2.812	2555	3.980	1.950
14.666	3.522e-03	-2.908	2498	4.037	1.828
14.666	4.629e-03	-2.999	2437	4.085	1.728
14.666	6.086e-03	-3.090	2363	4.123	1.655
14.666	7.999e-03	-3.157	2311	4.151	1.602
14.666	1.043e-02	-3.209	2270	4.172	1.564
14.666	1.369e-02	-3.261	2227	4.190	1.531
14.666	1.800e-02	-3.325	2171	4.210	1.496
14.666	2.391e-02	-3.418	2088	4.236	1.453
14.666	3.162e-02	-3.547	1978	4.271	1.396
14.666	4.190e-02	-3.737	1819	4.315	1.327
14.666	5.541e-02	-3.978	1626	4.361	1.258
14.666	7.299e-02	-4.227	1441	4.400	1.203
14.666	9.593e-02	-4.458	1284	4.431	1.161
14.666	1.251e-01	-4.668	1154	4.455	1.129
14.666	1.652e-01	-4.874	1037	4.475	1.103
14.666	2.162e-01	-5.066	937	4.492	1.082
14.666	2.854e-01	-5.264	843	4.506	1.065
14.666	3.760e-01	-5.434	769	4.518	1.051
14.666	4.941e-01	-5.591	707	4.528	1.038
14.666	6.497e-01	-5.739	653	4.538	1.026
14.666	8.538e-01	-5.883	604	4.547	1.016
14.666	1.123e+00	-6.019	562	4.555	1.006
14.666	1.470e+00	-6.161	520	4.563	0.997
14.666	1.924e+00	-6.283	487	4.571	0.988
14.666	2.526e+00	-6.422	451	4.578	0.980
14.666	3.320e+00	-6.564	417	4.585	0.972
14.666	4.382e+00	-6.699	388	4.592	0.964
14.666	5.736e+00	-6.841	359	4.598	0.958
14.666	7.572e+00	-6.991	330	4.604	0.951
14.666	9.975e+00	-7.144	303	4.609	0.945
15.190	1.050e-04	-1.699	2922	3.116	5.369
15.190	1.380e-04	-1.772	2937	3.198	4.887
15.190	1.814e-04	-1.858	2931	3.280	4.444
15.190	2.384e-04	-1.956	2900	3.359	4.056
15.190	3.129e-04	-2.051	2869	3.436	3.714
15.190	4.097e-04	-2.143	2839	3.510	3.412
15.190	5.354e-04	-2.232	2810	3.581	3.142
15.190	6.984e-04	-2.320	2782	3.651	2.898
15.190	9.219e-04	-2.412	2751	3.724	2.667
15.190	1.205e-03	-2.499	2722	3.792	2.464
15.190	1.584e-03	-2.595	2679	3.861	2.277
15.190	2.082e-03	-2.695	2626	3.926	2.112
15.190	2.737e-03	-2.790	2575	3.987	1.969
15.190	3.584e-03	-2.877	2525	4.041	1.852
15.190	4.684e-03	-2.957	2473	4.084	1.761
15.190	6.159e-03	-3.025	2424	4.117	1.695
15.190	8.094e-03	-3.080	2379	4.140	1.651
15.190	1.064e-02	-3.123	2345	4.158	1.617
15.190	1.399e-02	-3.170	2308	4.178	1.581
15.190	1.824e-02	-3.236	2257	4.204	1.534
15.190	2.413e-02	-3.365	2142	4.243	1.467
15.190	3.191e-02	-3.556	1977	4.294	1.383
15.190	4.212e-02	-3.801	1774	4.351	1.296
15.190	5.570e-02	-4.076	1556	4.398	1.227
15.190	7.292e-02	-4.307	1389	4.432	1.180
15.190	9.625e-02	-4.520	1248	4.459	1.144
15.190	1.258e-01	-4.711	1132	4.480	1.116
15.190	1.641e-01	-4.893	1030	4.498	1.094
15.190	2.153e-01	-5.074	936	4.513	1.075
15.190	2.830e-01	-5.258	848	4.526	1.059
15.190	3.736e-01	-5.423	777	4.537	1.045
15.190	4.890e-01	-5.572	717	4.547	1.033
15.190	6.455e-01	-5.719	662	4.557	1.022
15.190	8.451e-01	-5.858	614	4.566	1.012
15.190	1.109e+00	-5.991	572	4.574	1.002
15.190	1.458e+00	-6.130	530	4.582	0.993
15.190	1.924e+00	-6.259	495	4.590	0.984
15.190	2.535e+00	-6.394	459	4.597	0.976
15.190	3.352e+00	-6.541	424	4.604	0.968
15.190	4.406e+00	-6.671	395	4.611	0.961
15.190	5.827e+00	-6.817	364	4.617	0.953
15.190	7.661e+00	-6.963	336	4.623	0.947
15.190	1.000e+01	-7.110	310	4.628	0.941
15.713	1.001e-04	-1.668	2925	3.101	5.553
15.713	1.310e-04	-1.739	2940	3.181	5.065
15.713	1.729e-04	-1.815	2952	3.265	4.601
15.713	2.263e-04	-1.912	2923	3.344	4.197
15.713	2.988e-04	-2.011	2891	3.423	3.832
15.713	3.904e-04	-2.103	2861	3.497	3.519
15.713	5.075e-04	-2.191	2833	3.568	3.244
15.713	6.620e-04	-2.279	2804	3.639	2.990
15.713	8.689e-04	-2.369	2774	3.710	2.755
15.713	1.142e-03	-2.458	2744	3.781	2.541
15.713	1.490e-03	-2.545	2713	3.848	2.351
15.713	1.966e-03	-2.647	2660	3.915	2.175
15.713	2.574e-03	-2.740	2610	3.976	2.029
15.713	3.378e-03	-2.825	2564	4.029	1.908
15.713	4.424e-03	-2.897	2520	4.071	1.818
15.713	5.791e-03	-2.952	2484	4.101	1.756
15.713	7.645e-03	-2.993	2456	4.123	1.713
15.713	9.990e-03	-3.033	2425	4.141	1.679
15.713	1.303e-02	-3.082	2385	4.161	1.639
15.713	1.720e-02	-3.160	2325	4.194	1.578
15.713	2.275e-02	-3.305	2204	4.247	1.485
15.713	3.008e-02	-3.552	1988	4.314	1.375
15.713	3.971e-02	-3.819	1765	4.375	1.282
15.713	5.252e-02	-4.080	1558	4.419	1.218
15.713	6.875e-02	-4.292	1404	4.450	1.175
15.713	9.075e-02	-4.490	1271	4.476	1.141
15.713	1.186e-01	-4.670	1159	4.496	1.115
15.713	1.559e-01	-4.849	1057	4.514	1.092
15.713	2.049e-01	-5.024	964	4.529	1.073
15.713	2.694e-01	-5.204	876	4.542	1.057
15.713	3.541e-01	-5.366	803	4.554	1.043
15.713	4.674e-01	-5.522	739	4.564	1.031
15.713	6.108e-01	-5.664	684	4.573	1.020
15.713	8.031e-01	-5.805	634	4.582	1.010
15.713	1.056e+00	-5.940	589	4.590	1.000
15.713	1.388e+00	-6.072	549	4.598	0.991
15.713	1.824e+00	-6.208	510	4.606	0.982
15.713	2.412e+00	-6.337	475	4.614	0.974
15.713	3.184e+00	-6.485	438	4.621	0.966
15.713	4.161e+00	-6.613	409	4.627	0.958
15.713	5.471e+00	-6.749	379	4.634	0.951
15.713	7.190e+00	-6.896	350	4.640	0.945
15.713	9.491e+00	-7.048	321	4.645	0.939
16.237	1.018e-04	-1.655	2931	3.106	5.615
16.237	1.337e-04	-1.727	2946	3.187	5.116
16.237	1.758e-04	-1.801	2960	3.269	4.655
16.237	2.302e-04	-1.894	2938	3.349	4.243
16.237	3.014e-04	-1.990	2907	3.426	3.883
16.237	3.925e-04	-2.081	2876	3.500	3.568
16.237	5.181e-04	-2.175	2847	3.575	3.272
16.237	6.782e-04	-2.264	2818	3.647	3.012
16.237	8.952e-04	-2.356	2787	3.720	2.770
16.237	1.172e-03	-2.444	2758	3.789	2.557
16.237	1.538e-03	-2.532	2727	3.858	2.362
16.237	2.022e-03	-2.630	2677	3.924	2.190
16.237	2.637e-03	-2.720	2629	3.982	2.048
16.237	3.481e-03	-2.799	2586	4.032	1.933
16.237	4.548e-03	-2.857	2554	4.068	1.854
16.237	5.980e-03	-2.900	2525	4.093	1.803
16.237	7.860e-03	-2.933	2504	4.111	1.766
16.237	1.025e-02	-2.969	2480	4.130	1.728
16.237	1.333e-02	-3.026	2438	4.157	1.674
16.237	1.749e-02	-3.131	2355	4.202	1.590
16.237	2.299e-02	-3.335	2184	4.275	1.462
16.237	2.999e-02	-3.603	1951	4.346	1.346
16.237	3.936e-02	-3.850	1744	4.400	1.266
16.237	5.173e-02	-4.081	1562	4.439	1.211
16.237	6.828e-02	-4.285	1413	4.469	1.169
16.237	8.923e-02	-4.466	1291	4.492	1.138
16.237	1.160e-01	-4.638	1183	4.512	1.112
16.237	1.513e-01	-4.806	1084	4.530	1.090
16.237	1.997e-01	-4.981	989	4.545	1.071
16.237	2.614e-01	-5.152	903	4.558	1.055
16.237	3.431e-01	-5.318	827	4.570	1.041
16.237	4.510e-01	-5.473	761	4.580	1.029
16.237	5.953e-01	-5.621	702	4.590	1.017
16.237	7.793e-01	-5.761	651	4.599	1.007
16.237	1.023e+00	-5.897	605	4.607	0.997
16.237	1.344e+00	-6.029	563	4.615	0.988
16.237	1.767e+00	-6.167	523	4.623	0.979
16.237	2.323e+00	-6.291	489	4.630	0.971
16.237	3.066e+00	-6.437	451	4.637	0.963
16.237	4.039e+00	-6.570	419	4.644	0.956
16.237	5.309e+00	-6.703	390	4.651	0.948
16.237	6.980e+00	-6.851	360	4.657	0.942
16.237	9.173e+00	-6.995	332	4.662	0.936
16.761	1.023e-04	-1.639	2936	3.107	5.697
16.761	1.336e-04	-1.709	2951	3.186	5.202
16.761	1.757e-04	-1.783	2965	3.268	4.735
16.761	2.309e-04	-1.871	2954	3.350	4.308
16.761	3.012e-04	-1.966	2923	3.426	3.944
16.761	3.976e-04	-2.063	2891	3.504	3.607
16.761	5.205e-04	-2.154	2862	3.577	3.315
16.761	6.832e-04	-2.245	2833	3.650	3.049
16.761	8.979e-04	-2.335	2802	3.722	2.807
16.761	1.171e-03	-2.422	2773	3.791	2.594
16.761	1.546e-03	-2.511	2744	3.861	2.392
16.761	2.024e-03	-2.604	2699	3.926	2.220
16.761	2.656e-03	-2.693	2652	3.983	2.077
16.761	3.491e-03	-2.764	2613	4.029	1.971
16.761	4.553e-03	-2.812	2586	4.060	1.902
16.761	5.976e-03	-2.846	2567	4.080	1.858
16.761	7.855e-03	-2.876	2549	4.098	1.821
16.761	1.025e-02	-2.915	2523	4.120	1.776
16.761	1.352e-02	-2.985	2476	4.157	1.701
16.761	1.781e-02	-3.134	2360	4.223	1.577
16.761	2.341e-02	-3.397	2135	4.311	1.424
16.761	3.096e-02	-3.661	1907	4.379	1.317
16.761	4.071e-02	-3.887	1720	4.426	1.249
16.761	5.351e-02	-4.099	1553	4.461	1.199
16.761	7.063e-02	-4.293	1412	4.489	1.161
16.761	9.246e-02	-4.469	1293	4.512	1.130
16.761	1.214e-01	-4.642	1184	4.532	1.105
16.761	1.595e-01	-4.811	1085	4.549	1.083
16.761	2.097e-01	-4.981	992	4.564	1.065
16.761	2.746e-01	-5.151	907	4.577	1.049
16.761	3.595e-01	-5.313	831	4.588	1.035
16.761	4.745e-01	-5.470	764	4.599	1.023
16.761	6.212e-01	-5.614	707	4.608	1.012
16.761	8.153e-01	-5.755	655	4.617	1.002
16.761	1.072e+00	-5.892	608	4.625	0.992
16.761	1.409e+00	-6.024	566	4.633	0.983
16.761	1.852e+00	-6.160	526	4.641	0.974
16.761	2.444e+00	-6.287	491	4.648	0.966
16.761	3.200e+00	-6.428	455	4.655	0.958
16.761	4.223e+00	-6.563	422	4.662	0.951
16.761	5.563e+00	-6.696	393	4.669	0.944
16.761	7.312e+00	-6.845	362	4.675	0.937
16.761	9.652e+00	-6.990	334	4.680	0.931
17.285	1.011e-04	-1.620	2941	3.104	5.809
17.285	1.324e-04	-1.690	2955	3.183	5.303
17.285	1.733e-04	-1.762	2969	3.263	4.835
17.285	2.275e-04	-1.842	2972	3.345	4.401
17.285	2.990e-04	-1.941	2940	3.424	4.015
17.285	3.931e-04	-2.037	2908	3.501	3.674
17.285	5.166e-04	-2.130	2879	3.576	3.370
17.285	6.738e-04	-2.219	2849	3.648	3.105
17.285	8.774e-04	-2.306	2820	3.717	2.865
17.285	1.152e-03	-2.395	2791	3.788	2.642
17.285	1.514e-03	-2.482	2761	3.857	2.440
17.285	1.974e-03	-2.569	2726	3.921	2.266
17.285	2.591e-03	-2.656	2679	3.978	2.123
17.285	3.393e-03	-2.722	2643	4.021	2.021
17.285	4.442e-03	-2.766	2619	4.048	1.957
17.285	5.830e-03	-2.795	2603	4.067	1.916
17.285	7.662e-03	-2.823	2588	4.085	1.878
17.285	9.994e-03	-2.863	2564	4.109	1.825
17.285	1.319e-02	-2.946	2510	4.154	1.733
17.285	1.738e-02	-3.126	2374	4.238	1.573
17.285	2.284e-02	-3.396	2143	4.330	1.415
17.285	3.003e-02	-3.636	1934	4.392	1.317
17.285	3.947e-02	-3.851	1755	4.438	1.250
17.285	5.189e-02	-4.059	1588	4.473	1.201
17.285	6.820e-02	-4.246	1449	4.501	1.162
17.285	8.967e-02	-4.424	1327	4.525	1.131
17.285	1.178e-01	-4.595	1216	4.545	1.105
17.285	1.537e-01	-4.757	1119	4.562	1.083
17.285	2.029e-01	-4.928	1023	4.578	1.064
17.285	2.656e-01	-5.094	937	4.592	1.047
17.285	3.506e-01	-5.266	855	4.604	1.033
17.285	4.590e-01	-5.421	786	4.614	1.021
17.285	6.059e-01	-5.571	725	4.624	1.009
17.285	7.931e-01	-5.712	672	4.633	0.999
17.285	1.041e+00	-5.849	624	4.641	0.990
17.285	1.368e+00	-5.982	581	4.649	0.980
17.285	1.799e+00	-6.120	539	4.657	0.972
17.285	2.364e+00	-6.245	504	4.664	0.964
17.285	3.121e+00	-6.384	467	4.671	0.956
17.285	4.111e+00	-6.524	433	4.678	0.948
17.285	5.383e+00	-6.650	404	4.684	0.941
17.285	7.047e+00	-6.794	373	4.691	0.935
17.285	9.320e+00	-6.939	344	4.696	0.928
17.809	1.045e-04	-1.612	2947	3.113	5.831
17.809	1.374e-04	-1.684	2962	3.193	5.317
17.809	1.806e-04	-1.757	2976	3.275	4.843
17.809	2.374e-04	-1.835	2982	3.357	4.406
17.809	3.140e-04	-1.937	2949	3.439	4.009
17.809	4.127e-04	-2.032	2918	3.516	3.669
17.809	5.383e-04	-2.122	2889	3.589	3.373
17.809	7.065e-04	-2.213	2859	3.662	3.102
17.809	9.286e-04	-2.304	2829	3.734	2.855
17.809	1.221e-03	-2.393	2799	3.804	2.631
17.809	1.599e-03	-2.478	2771	3.872	2.434
17.809	2.093e-03	-2.562	2737	3.935	2.265
17.809	2.768e-03	-2.643	2694	3.988	2.131
17.809	3.639e-03	-2.697	2664	4.023	2.047
17.809	4.783e-03	-2.730	2646	4.044	1.997
17.809	6.239e-03	-2.755	2632	4.060	1.961
17.809	8.235e-03	-2.789	2614	4.081	1.914
17.809	1.076e-02	-2.844	2583	4.116	1.839
17.809	1.415e-02	-2.970	2501	4.185	1.698
17.809	1.860e-02	-3.204	2320	4.289	1.505
17.809	2.459e-02	-3.464	2090	4.368	1.375
17.809	3.208e-02	-3.680	1903	4.421	1.294
17.809	4.234e-02	-3.887	1730	4.463	1.233
17.809	5.578e-02	-4.087	1572	4.496	1.187
17.809	7.331e-02	-4.270	1437	4.523	1.151
17.809	9.562e-02	-4.437	1322	4.545	1.122
17.809	1.262e-01	-4.608	1212	4.565	1.096
17.809	1.652e-01	-4.771	1114	4.582	1.075
17.809	2.169e-01	-4.937	1021	4.597	1.057
17.809	2.850e-01	-5.106	934	4.610	1.040
17.809	3.747e-01	-5.272	854	4.622	1.027
17.809	4.925e-01	-5.430	785	4.632	1.014
17.809	6.475e-01	-5.577	725	4.642	1.003
17.809	8.480e-01	-5.718	672	4.651	0.993
17.809	1.110e+00	-5.853	625	4.659	0.984
17.809	1.457e+00	-5.986	581	4.667	0.975
17.809	1.915e+00	-6.122	540	4.674	0.966
17.809	2.528e+00	-6.250	504	4.682	0.958
17.809	3.330e+00	-6.390	467	4.689	0.950
17.809	4.376e+00	-6.526	433	4.696	0.943
17.809	5.754e+00	-6.655	404	4.702	0.936
17.809	7.562e+00	-6.803	372	4.708	0.929
17.809	9.982e+00	-6.945	344	4.714	0.923
18.332	1.020e-04	-1.591	2951	3.107	5.962
18.332	1.336e-04	-1.661	2965	3.185	5.448
18.332	1.739e-04	-1.731	2979	3.263	4.980
18.332	2.296e-04	-1.806	2992	3.346	4.527
18.332	3.024e-04	-1.902	2969	3.428	4.120
18.332	3.975e-04	-1.998	2937	3.505	3.766
18.332	5.184e-04	-2.089	2908	3.579	3.460
18.332	6.804e-04	-2.181	2878	3.653	3.179
18.332	8.943e-04	-2.272	2848	3.725	2.925
18.332	1.166e-03	-2.358	2819	3.794	2.701
18.332	1.540e-03	-2.446	2790	3.864	2.493
18.332	2.016e-03	-2.526	2762	3.926	2.320
18.332	2.646e-03	-2.601	2724	3.977	2.187
18.332	3.464e-03	-2.652	2696	4.011	2.105
18.332	4.535e-03	-2.683	2680	4.031	2.057
18.332	5.952e-03	-2.708	2666	4.047	2.020
18.332	7.823e-03	-2.742	2647	4.068	1.970
18.332	1.033e-02	-2.803	2613	4.108	1.883
18.332	1.352e-02	-2.942	2526	4.187	1.718
18.332	1.774e-02	-3.174	2351	4.295	1.518
18.332	2.324e-02	-3.411	2143	4.371	1.391
18.332	3.042e-02	-3.623	1958	4.426	1.306
18.332	3.992e-02	-3.822	1789	4.468	1.243
18.332	5.247e-02	-4.020	1629	4.503	1.194
18.332	6.926e-02	-4.205	1488	4.531	1.156
18.332	9.051e-02	-4.375	1367	4.555	1.126
18.332	1.190e-01	-4.543	1256	4.575	1.099
18.332	1.564e-01	-4.707	1155	4.593	1.077
18.332	2.056e-01	-4.873	1059	4.609	1.057
18.332	2.703e-01	-5.040	970	4.623	1.041
18.332	3.553e-01	-5.209	886	4.635	1.026
18.332	4.670e-01	-5.370	813	4.646	1.013
18.332	6.140e-01	-5.520	750	4.656	1.002
18.332	8.070e-01	-5.664	694	4.665	0.992
18.332	1.061e+00	-5.804	643	4.673	0.982
18.332	1.389e+00	-5.936	599	4.681	0.973
18.332	1.819e+00	-6.070	557	4.689	0.965
18.332	2.401e+00	-6.200	519	4.696	0.956
18.332	3.163e+00	-6.333	483	4.703	0.948
18.332	4.157e+00	-6.476	446	4.710	0.941
18.332	5.465e+00	-6.602	417	4.717	0.934
18.332	7.228e+00	-6.747	385	4.723	0.927
18.332	9.499e+00	-6.892	355	4.729	0.921
18.856	1.044e-04	-1.582	2956	3.113	5.999
18.856	1.372e-04	-1.653	2971	3.192	5.477
18.856	1.789e-04	-1.723	2985	3.271	5.005
18.856	2.330e-04	-1.795	2997	3.349	4.572
18.856	3.058e-04	-1.884	2982	3.431	4.164
18.856	4.019e-04	-1.982	2950	3.509	3.805
18.856	5.242e-04	-2.073	2921	3.583	3.494
18.856	6.826e-04	-2.162	2892	3.655	3.217
18.856	9.010e-04	-2.254	2861	3.728	2.955
18.856	1.179e-03	-2.342	2832	3.798	2.727
18.856	1.557e-03	-2.429	2803	3.867	2.518
18.856	2.038e-03	-2.506	2777	3.928	2.348
18.856	2.690e-03	-2.573	2746	3.976	2.221
18.856	3.522e-03	-2.617	2723	4.005	2.150
18.856	4.622e-03	-2.644	2708	4.022	2.107
18.856	6.053e-03	-2.669	2694	4.039	2.067
18.856	7.974e-03	-2.709	2672	4.065	2.006
18.856	1.048e-02	-2.787	2629	4.114	1.895
18.856	1.367e-02	-2.962	2519	4.215	1.688
18.856	1.804e-02	-3.188	2347	4.318	1.499
18.856	2.362e-02	-3.413	2148	4.389	1.381
18.856	3.100e-02	-3.619	1967	4.442	1.299
18.856	4.075e-02	-3.814	1801	4.484	1.238
18.856	5.378e-02	-4.011	1640	4.519	1.189
18.856	7.029e-02	-4.187	1506	4.546	1.153
18.856	9.241e-02	-4.360	1382	4.570	1.122
18.856	1.210e-01	-4.524	1272	4.590	1.096
18.856	1.584e-01	-4.685	1172	4.608	1.074
18.856	2.091e-01	-4.852	1074	4.624	1.054
18.856	2.737e-01	-5.016	985	4.638	1.037
18.856	3.613e-01	-5.187	899	4.650	1.022
18.856	4.760e-01	-5.350	824	4.661	1.009
18.856	6.256e-01	-5.501	760	4.671	0.998
18.856	8.225e-01	-5.647	702	4.680	0.988
18.856	1.081e+00	-5.786	651	4.689	0.978
18.856	1.421e+00	-5.921	605	4.697	0.969
18.856	1.868e+00	-6.057	562	4.705	0.960
18.856	2.456e+00	-6.185	524	4.712	0.952
18.856	3.216e+00	-6.315	489	4.719	0.945
18.856	4.237e+00	-6.459	452	4.726	0.937
18.856	5.568e+00	-6.584	422	4.732	0.930
18.856	7.350e+00	-6.727	390	4.739	0.923
18.856	9.682e+00	-6.874	359	4.745	0.917
19.380	1.002e-04	-1.557	2960	3.102	6.161
19.380	1.318e-04	-1.628	2974	3.181	5.629
19.380	1.726e-04	-1.699	2988	3.260	5.139
19.380	2.244e-04	-1.769	3000	3.338	4.698
19.380	2.932e-04	-1.848	3002	3.418	4.284
19.380	3.812e-04	-1.943	2970	3.494	3.923
19.380	4.972e-04	-2.035	2941	3.569	3.600
19.380	6.474e-04	-2.125	2912	3.641	3.312
19.380	8.496e-04	-2.216	2882	3.714	3.046
19.380	1.117e-03	-2.305	2852	3.785	2.805
19.380	1.468e-03	-2.391	2824	3.854	2.592
19.380	1.923e-03	-2.468	2797	3.915	2.416
19.380	2.499e-03	-2.529	2776	3.962	2.290
19.380	3.266e-03	-2.571	2755	3.991	2.213
19.380	4.294e-03	-2.598	2740	4.009	2.168
19.380	5.644e-03	-2.624	2726	4.026	2.127
19.380	7.421e-03	-2.663	2705	4.051	2.066
19.380	9.753e-03	-2.741	2662	4.101	1.950
19.380	1.282e-02	-2.921	2553	4.209	1.722
19.380	1.679e-02	-3.132	2398	4.311	1.532
19.380	2.198e-02	-3.342	2218	4.386	1.406
19.380	2.902e-02	-3.547	2037	4.443	1.316
19.380	3.792e-02	-3.738	1871	4.486	1.252
19.380	5.005e-02	-3.933	1708	4.523	1.200
19.380	6.553e-02	-4.114	1565	4.552	1.160
19.380	8.649e-02	-4.291	1434	4.577	1.127
19.380	1.132e-01	-4.455	1321	4.599	1.100
19.380	1.486e-01	-4.618	1216	4.617	1.077
19.380	1.946e-01	-4.778	1120	4.634	1.056
19.380	2.530e-01	-4.936	1031	4.648	1.039
19.380	3.306e-01	-5.100	945	4.661	1.024
19.380	4.347e-01	-5.264	865	4.672	1.010
19.380	5.713e-01	-5.423	794	4.683	0.998
19.380	7.541e-01	-5.574	732	4.692	0.988
19.380	9.855e-01	-5.714	679	4.701	0.978
19.380	1.296e+00	-5.851	630	4.709	0.969
19.380	1.703e+00	-5.985	586	4.717	0.960
19.380	2.221e+00	-6.113	547	4.724	0.952
19.380	2.932e+00	-6.244	509	4.732	0.944
19.380	3.838e+00	-6.382	472	4.738	0.936
19.380	5.067e+00	-6.518	438	4.745	0.929
19.380	6.674e+00	-6.648	408	4.752	0.922
19.380	8.826e+00	-6.803	375	4.758	0.916
19.904	1.041e-04	-1.552	2967	3.113	6.165
19.904	1.363e-04	-1.622	2980	3.190	5.641
19.904	1.789e-04	-1.694	2994	3.270	5.147
19.904	2.351e-04	-1.767	3006	3.351	4.689
19.904	3.091e-04	-1.847	3010	3.433	4.267
19.904	4.048e-04	-1.944	2978	3.511	3.898
19.904	5.299e-04	-2.038	2948	3.587	3.573
19.904	6.995e-04	-2.132	2917	3.663	3.273
19.904	9.157e-04	-2.222	2887	3.735	3.013
19.904	1.209e-03	-2.311	2858	3.807	2.774
19.904	1.580e-03	-2.393	2830	3.872	2.574
19.904	2.077e-03	-2.465	2806	3.929	2.411
19.904	2.730e-03	-2.515	2788	3.968	2.305
19.904	3.589e-03	-2.545	2776	3.990	2.246
19.904	4.700e-03	-2.569	2763	4.006	2.206
19.904	6.191e-03	-2.600	2746	4.026	2.154
19.904	8.136e-03	-2.656	2716	4.063	2.066
19.904	1.061e-02	-2.781	2646	4.143	1.884
19.904	1.404e-02	-2.994	2510	4.264	1.639
19.904	1.845e-02	-3.190	2360	4.352	1.480
19.904	2.425e-02	-3.400	2172	4.419	1.370
19.904	3.201e-02	-3.599	1997	4.471	1.291
19.904	4.191e-02	-3.785	1837	4.512	1.232
19.904	5.501e-02	-3.972	1682	4.546	1.185
19.904	7.203e-02	-4.147	1545	4.574	1.147
19.904	9.430e-02	-4.316	1421	4.597	1.117
19.904	1.238e-01	-4.480	1308	4.618	1.090
19.904	1.621e-01	-4.640	1206	4.636	1.068
19.904	2.118e-01	-4.798	1111	4.652	1.048
19.904	2.753e-01	-4.956	1022	4.666	1.031
19.904	3.591e-01	-5.120	937	4.679	1.017
19.904	4.741e-01	-5.286	857	4.690	1.003
19.904	6.245e-01	-5.444	788	4.700	0.992
19.904	8.207e-01	-5.592	727	4.710	0.981
19.904	1.071e+00	-5.730	675	4.718	0.972
19.904	1.413e+00	-5.868	626	4.726	0.963
19.904	1.850e+00	-6.001	583	4.734	0.954
19.904	2.428e+00	-6.131	543	4.741	0.946
19.904	3.191e+00	-6.261	506	4.748	0.938
19.904	4.195e+00	-6.402	468	4.755	0.931
19.904	5.514e+00	-6.532	436	4.762	0.924
19.904	7.278e+00	-6.667	405	4.768	0.917
19.904	9.626e+00	-6.820	372	4.774	0.911
20.428	1.016e-04	-1.531	2973	3.107	6.293
20.428	1.341e-04	-1.604	2983	3.186	5.744
20.428	1.755e-04	-1.675	2997	3.264	5.248
20.428	2.317e-04	-1.749	3010	3.346	4.776
20.428	3.028e-04	-1.822	3021	3.426	4.357
20.428	3.981e-04	-1.919	2994	3.507	3.971
20.428	5.232e-04	-2.014	2963	3.584	3.632
20.428	6.880e-04	-2.108	2933	3.659	3.330
20.428	9.009e-04	-2.198	2902	3.732	3.064
20.428	1.179e-03	-2.285	2874	3.802	2.827
20.428	1.557e-03	-2.369	2846	3.869	2.617
20.428	2.034e-03	-2.438	2823	3.923	2.459
20.428	2.654e-03	-2.484	2807	3.959	2.359
20.428	3.503e-03	-2.511	2797	3.980	2.301
20.428	4.577e-03	-2.532	2788	3.996	2.260
20.428	5.970e-03	-2.562	2774	4.017	2.206
20.428	7.896e-03	-2.623	2740	4.057	2.106
20.428	1.038e-02	-2.770	2659	4.152	1.890
20.428	1.328e-02	-2.954	2544	4.259	1.670
20.428	1.753e-02	-3.146	2400	4.350	1.504
20.428	2.295e-02	-3.341	2232	4.418	1.390
20.428	3.013e-02	-3.531	2063	4.472	1.307
20.428	3.960e-02	-3.720	1897	4.515	1.243
20.428	5.165e-02	-3.901	1744	4.550	1.194
20.428	6.817e-02	-4.085	1597	4.580	1.154
20.428	8.980e-02	-4.258	1466	4.605	1.121
20.428	1.180e-01	-4.423	1350	4.627	1.093
20.428	1.539e-01	-4.580	1246	4.646	1.070
20.428	2.021e-01	-4.740	1148	4.663	1.049
20.428	2.656e-01	-4.904	1054	4.678	1.031
20.428	3.464e-01	-5.065	967	4.691	1.016
20.428	4.581e-01	-5.235	884	4.703	1.002
20.428	6.047e-01	-5.398	809	4.713	0.990
20.428	7.916e-01	-5.546	747	4.722	0.979
20.428	1.045e+00	-5.692	690	4.731	0.969
20.428	1.365e+00	-5.827	642	4.739	0.960
20.428	1.781e+00	-5.958	598	4.747	0.952
20.428	2.351e+00	-6.092	556	4.755	0.944
20.428	3.078e+00	-6.220	518	4.762	0.936
20.428	4.063e+00	-6.360	480	4.769	0.929
20.428	5.351e+00	-6.496	446	4.775	0.921
20.428	7.033e+00	-6.625	415	4.782	0.915
20.428	9.284e+00	-6.777	382	4.788	0.908
20.951	1.001e-04	-1.513	2979	3.103	6.398
20.951	1.306e-04	-1.585	2986	3.179	5.866
20.951	1.724e-04	-1.656	3000	3.259	5.349
20.951	2.257e-04	-1.728	3013	3.338	4.883
20.951	2.962e-04	-1.802	3026	3.419	4.450
20.951	3.893e-04	-1.892	3010	3.500	4.052
20.951	5.139e-04	-1.990	2979	3.579	3.698
20.951	6.716e-04	-2.081	2949	3.654	3.395
20.951	8.830e-04	-2.173	2918	3.727	3.119
20.951	1.156e-03	-2.261	2889	3.797	2.877
20.951	1.514e-03	-2.342	2862	3.862	2.669
20.951	1.998e-03	-2.411	2839	3.917	2.506
20.951	2.616e-03	-2.455	2824	3.952	2.409
20.951	3.453e-03	-2.480	2815	3.971	2.355
20.951	4.512e-03	-2.500	2808	3.987	2.312
20.951	5.956e-03	-2.532	2796	4.011	2.250
20.951	7.846e-03	-2.601	2760	4.058	2.132
20.951	1.019e-02	-2.761	2670	4.161	1.892
20.951	1.308e-02	-2.940	2561	4.267	1.676
20.951	1.719e-02	-3.122	2426	4.355	1.514
20.951	2.242e-02	-3.303	2273	4.423	1.400
20.951	2.943e-02	-3.493	2102	4.478	1.315
20.951	3.854e-02	-3.678	1938	4.522	1.250
20.951	5.045e-02	-3.859	1784	4.558	1.198
20.951	6.659e-02	-4.043	1634	4.589	1.156
20.951	8.718e-02	-4.212	1504	4.615	1.123
20.951	1.151e-01	-4.380	1384	4.637	1.094
20.951	1.504e-01	-4.538	1277	4.657	1.070
20.951	1.961e-01	-4.693	1179	4.674	1.049
20.951	2.574e-01	-4.855	1084	4.689	1.031
20.951	3.384e-01	-5.021	993	4.703	1.015
20.951	4.466e-01	-5.190	907	4.715	1.000
20.951	5.847e-01	-5.352	832	4.726	0.988
20.951	7.718e-01	-5.506	766	4.735	0.977
20.951	1.010e+00	-5.650	708	4.744	0.967
20.951	1.334e+00	-5.791	656	4.752	0.958
20.951	1.743e+00	-5.923	611	4.760	0.950
20.951	2.291e+00	-6.057	568	4.768	0.941
20.951	3.012e+00	-6.188	529	4.775	0.934
20.951	3.960e+00	-6.322	492	4.782	0.926
20.951	5.185e+00	-6.460	456	4.789	0.919
20.951	6.788e+00	-6.584	426	4.795	0.913
20.951	8.977e+00	-6.731	393	4.801	0.906
23.046	1.026e-04	-1.467	3003	3.112	6.643
23.046	1.349e-04	-1.541	3008	3.189	6.081
23.046	1.773e-04	-1.613	3017	3.267	5.558
23.046	2.322e-04	-1.684	3030	3.345	5.079
23.046	3.040e-04	-1.756	3043	3.424	4.637
23.046	3.990e-04	-1.830	3054	3.505	4.224
23.046	5.225e-04	-1.925	3028	3.584	3.856
23.046	6.840e-04	-2.018	2997	3.661	3.533
23.046	9.029e-04	-2.112	2966	3.736	3.238
23.046	1.182e-03	-2.197	2938	3.805	2.992
23.046	1.560e-03	-2.273	2913	3.866	2.789
23.046	2.042e-03	-2.324	2896	3.906	2.662
23.046	2.696e-03	-2.352	2887	3.929	2.594
23.046	3.523e-03	-2.371	2880	3.944	2.550
23.046	4.651e-03	-2.397	2871	3.964	2.490
23.046	6.088e-03	-2.445	2854	4.002	2.383
23.046	8.036e-03	-2.584	2795	4.105	2.117
23.046	1.026e-02	-2.760	2696	4.218	1.859
23.046	1.356e-02	-2.925	2598	4.319	1.656
23.046	1.769e-02	-3.082	2483	4.397	1.513
23.046	2.335e-02	-3.244	2352	4.465	1.399
23.046	3.076e-02	-3.430	2182	4.521	1.312
23.046	4.043e-02	-3.611	2019	4.566	1.245
23.046	5.315e-02	-3.787	1864	4.604	1.192
23.046	6.986e-02	-3.964	1715	4.636	1.149
23.046	9.222e-02	-4.137	1577	4.663	1.113
23.046	1.215e-01	-4.303	1453	4.687	1.084
23.046	1.591e-01	-4.463	1341	4.707	1.059
23.046	2.082e-01	-4.619	1238	4.725	1.037
23.046	2.733e-01	-4.779	1140	4.741	1.018
23.046	3.592e-01	-4.943	1045	4.755	1.002
23.046	4.742e-01	-5.112	955	4.768	0.987
23.046	6.196e-01	-5.276	875	4.779	0.975
23.046	8.147e-01	-5.432	804	4.789	0.963
23.046	1.071e+00	-5.582	742	4.798	0.953
23.046	1.408e+00	-5.725	687	4.807	0.944
23.046	1.850e+00	-5.862	637	4.815	0.936
23.046	2.433e+00	-5.998	592	4.822	0.927
23.046	3.197e+00	-6.129	551	4.829	0.920
23.046	4.170e+00	-6.258	514	4.836	0.913
23.046	5.515e+00	-6.399	476	4.843	0.906
23.046	7.194e+00	-6.524	444	4.849	0.899
23.046	9.496e+00	-6.664	411	4.855	0.893
25.142	1.037e-04	-1.422	3024	3.118	6.894
25.142	1.352e-04	-1.493	3030	3.191	6.332
25.142	1.775e-04	-1.567	3034	3.268	5.798
25.142	2.333e-04	-1.639	3045	3.346	5.300
25.142	3.067e-04	-1.711	3058	3.426	4.836
25.142	4.031e-04	-1.784	3071	3.506	4.408
25.142	5.300e-04	-1.864	3075	3.588	4.013
25.142	6.966e-04	-1.960	3043	3.666	3.665
25.142	9.142e-04	-2.052	3012	3.741	3.364
25.142	1.202e-03	-2.135	2985	3.808	3.112
25.142	1.567e-03	-2.198	2965	3.859	2.937
25.142	2.041e-03	-2.234	2953	3.888	2.840
25.142	2.653e-03	-2.254	2946	3.904	2.788
25.142	3.482e-03	-2.274	2939	3.920	2.737
25.142	4.576e-03	-2.308	2928	3.947	2.653
25.142	6.017e-03	-2.387	2900	4.009	2.469
25.142	7.765e-03	-2.552	2838	4.137	2.131
25.142	1.003e-02	-2.718	2744	4.244	1.884
25.142	1.324e-02	-2.863	2665	4.339	1.690
25.142	1.733e-02	-3.007	2567	4.417	1.544
25.142	2.274e-02	-3.156	2449	4.485	1.428
25.142	2.979e-02	-3.320	2304	4.543	1.335
25.142	3.899e-02	-3.489	2151	4.592	1.263
25.142	5.147e-02	-3.664	1991	4.634	1.203
25.142	6.738e-02	-3.836	1841	4.669	1.156
25.142	8.843e-02	-4.006	1698	4.698	1.117
25.142	1.162e-01	-4.174	1563	4.724	1.085
25.142	1.528e-01	-4.336	1443	4.746	1.057
25.142	2.008e-01	-4.496	1331	4.766	1.034
25.142	2.641e-01	-4.655	1227	4.783	1.013
25.142	3.470e-01	-4.817	1128	4.799	0.995
25.142	4.563e-01	-4.983	1033	4.812	0.979
25.142	5.997e-01	-5.149	946	4.825	0.966
25.142	7.822e-01	-5.309	868	4.835	0.954
25.142	1.033e+00	-5.467	797	4.845	0.944
25.142	1.352e+00	-5.614	736	4.854	0.934
25.142	1.784e+00	-5.758	680	4.862	0.925
25.142	2.336e+00	-5.893	632	4.870	0.917
25.142	3.066e+00	-6.026	588	4.877	0.910
25.142	4.029e+00	-6.163	546	4.884	0.902
25.142	5.255e+00	-6.290	509	4.890	0.895
25.142	6.937e+00	-6.427	473	4.897	0.889
25.142	9.065e+00	-6.557	440	4.903	0.882
27.237	1.019e-04	-1.375	3044	3.117	7.183
27.237	1.332e-04	-1.445	3050	3.190	6.604
27.237	1.751e-04	-1.519	3054	3.266	6.049
27.237	2.302e-04	-1.593	3059	3.343	5.536
27.237	3.003e-04	-1.662	3070	3.419	5.072
27.237	3.963e-04	-1.736	3084	3.500	4.622
27.237	5.179e-04	-1.806	3099	3.579	4.220
27.237	6.756e-04	-1.889	3091	3.657	3.855
27.237	8.867e-04	-1.982	3060	3.733	3.534
27.237	1.165e-03	-2.063	3034	3.799	3.276
27.237	1.520e-03	-2.118	3016	3.843	3.111
27.237	2.006e-03	-2.148	3007	3.868	3.025
27.237	2.627e-03	-2.166	3000	3.882	2.974
27.237	3.474e-03	-2.191	2992	3.902	2.907
27.237	4.567e-03	-2.239	2976	3.941	2.781
27.237	6.003e-03	-2.374	2929	4.048	2.457
27.237	7.358e-03	-2.503	2883	4.149	2.187
27.237	9.150e-03	-2.632	2816	4.238	1.975
27.237	1.196e-02	-2.769	2744	4.330	1.777
27.237	1.572e-02	-2.901	2666	4.412	1.617
27.237	2.051e-02	-3.036	2567	4.482	1.492
27.237	2.707e-02	-3.179	2455	4.546	1.385
27.237	3.537e-02	-3.343	2305	4.601	1.301
27.237	4.651e-02	-3.506	2155	4.648	1.232
27.237	6.090e-02	-3.673	2002	4.687	1.178
27.237	7.959e-02	-3.842	1853	4.721	1.133
27.237	1.051e-01	-4.012	1709	4.750	1.095
27.237	1.375e-01	-4.178	1575	4.775	1.064
27.237	1.815e-01	-4.344	1451	4.797	1.037
27.237	2.377e-01	-4.500	1340	4.816	1.015
27.237	3.119e-01	-4.657	1237	4.834	0.995
27.237	4.100e-01	-4.819	1137	4.849	0.977
27.237	5.347e-01	-4.980	1044	4.862	0.963
27.237	7.058e-01	-5.147	955	4.875	0.949
27.237	9.240e-01	-5.310	875	4.885	0.938
27.237	1.220e+00	-5.470	802	4.895	0.927
27.237	1.597e+00	-5.617	741	4.903	0.918
27.237	2.108e+00	-5.762	685	4.912	0.910
27.237	2.759e+00	-5.898	636	4.919	0.902
27.237	3.642e+00	-6.033	591	4.927	0.894
27.237	4.797e+00	-6.172	547	4.933	0.887
27.237	6.305e+00	-6.303	510	4.940	0.880
27.237	8.323e+00	-6.438	473	4.947	0.874
29.332	1.041e-04	-1.341	3065	3.127	7.367
29.332	1.374e-04	-1.413	3069	3.201	6.764
29.332	1.795e-04	-1.484	3074	3.275	6.214
29.332	2.342e-04	-1.557	3077	3.349	5.706
29.332	3.074e-04	-1.629	3084	3.426	5.222
29.332	4.040e-04	-1.701	3098	3.504	4.770
29.332	5.311e-04	-1.772	3113	3.584	4.350
29.332	6.980e-04	-1.844	3127	3.665	3.967
29.332	9.214e-04	-1.936	3099	3.741	3.633
29.332	1.206e-03	-2.008	3076	3.800	3.395
29.332	1.592e-03	-2.051	3062	3.835	3.261
29.332	2.084e-03	-2.072	3055	3.852	3.198
29.332	2.736e-03	-2.091	3049	3.868	3.139
29.332	3.595e-03	-2.125	3038	3.895	3.043
29.332	4.746e-03	-2.209	3009	3.963	2.813
29.332	5.962e-03	-2.359	2957	4.082	2.452
29.332	7.836e-03	-2.511	2902	4.202	2.137
29.332	1.028e-02	-2.653	2831	4.300	1.909
29.332	1.352e-02	-2.780	2764	4.386	1.729
29.332	1.763e-02	-2.902	2689	4.460	1.587
29.332	2.327e-02	-3.039	2588	4.531	1.464
29.332	3.047e-02	-3.173	2482	4.592	1.364
29.332	4.022e-02	-3.338	2330	4.647	1.280
29.332	5.298e-02	-3.499	2182	4.694	1.213
29.332	6.962e-02	-3.665	2028	4.733	1.159
29.332	9.154e-02	-3.837	1874	4.767	1.114
29.332	1.203e-01	-4.003	1732	4.796	1.078
29.332	1.588e-01	-4.173	1593	4.822	1.047
29.332	2.079e-01	-4.335	1470	4.843	1.021
29.332	2.744e-01	-4.495	1355	4.863	0.998
29.332	3.592e-01	-4.651	1251	4.880	0.979
29.332	4.742e-01	-4.814	1149	4.895	0.962
29.332	6.208e-01	-4.977	1054	4.909	0.947
29.332	8.148e-01	-5.141	966	4.921	0.934
29.332	1.071e+00	-5.306	884	4.931	0.923
29.332	1.408e+00	-5.466	811	4.941	0.912
29.332	1.850e+00	-5.616	747	4.950	0.903
29.332	2.414e+00	-5.755	693	4.957	0.895
29.332	3.186e+00	-5.897	641	4.965	0.887
29.332	4.163e+00	-6.027	598	4.972	0.880
29.332	5.496e+00	-6.168	553	4.979	0.873
29.332	7.268e+00	-6.301	514	4.986	0.867
29.332	9.515e+00	-6.432	479	4.992	0.860
31.427	1.036e-04	-1.302	3087	3.131	7.593
31.427	1.356e-04	-1.373	3087	3.201	7.002
31.427	1.780e-04	-1.444	3091	3.275	6.433
31.427	2.339e-04	-1.518	3094	3.350	5.897
31.427	3.051e-04	-1.591	3097	3.424	5.414
31.427	4.027e-04	-1.663	3109	3.503	4.944
31.427	5.263e-04	-1.731	3125	3.581	4.523
31.427	6.865e-04	-1.800	3140	3.657	4.140
31.427	8.924e-04	-1.870	3143	3.730	3.810
31.427	1.171e-03	-1.940	3121	3.787	3.566
31.427	1.539e-03	-1.978	3109	3.818	3.443
31.427	2.008e-03	-1.997	3102	3.833	3.382
31.427	2.651e-03	-2.019	3095	3.851	3.312
31.427	3.492e-03	-2.059	3082	3.884	3.188
31.427	4.589e-03	-2.174	3044	3.978	2.864
31.427	5.756e-03	-2.320	2993	4.094	2.503
31.427	7.597e-03	-2.467	2939	4.210	2.192
31.427	9.946e-03	-2.595	2886	4.306	1.963
31.427	1.313e-02	-2.722	2819	4.392	1.776
31.427	1.716e-02	-2.837	2756	4.468	1.628
31.427	2.230e-02	-2.957	2675	4.536	1.506
31.427	2.899e-02	-3.087	2572	4.598	1.402
31.427	3.769e-02	-3.218	2463	4.654	1.314
31.427	4.916e-02	-3.377	2314	4.704	1.241
31.427	6.490e-02	-3.540	2161	4.748	1.179
31.427	8.496e-02	-3.702	2012	4.786	1.130
31.427	1.124e-01	-3.876	1855	4.819	1.087
31.427	1.477e-01	-4.041	1714	4.847	1.053
31.427	1.934e-01	-4.205	1581	4.871	1.024
31.427	2.532e-01	-4.366	1458	4.891	1.000
31.427	3.343e-01	-4.526	1345	4.910	0.978
31.427	4.376e-01	-4.682	1241	4.927	0.960
31.427	5.776e-01	-4.847	1138	4.942	0.943
31.427	7.562e-01	-5.010	1044	4.955	0.929
31.427	9.981e-01	-5.178	955	4.967	0.917
31.427	1.304e+00	-5.338	875	4.977	0.906
31.427	1.715e+00	-5.498	803	4.986	0.896
31.427	2.254e+00	-5.648	740	4.995	0.888
31.427	2.940e+00	-5.786	687	5.002	0.880
31.427	3.881e+00	-5.926	636	5.010	0.873
31.427	5.080e+00	-6.063	590	5.017	0.866
31.427	6.668e+00	-6.195	549	5.023	0.859
31.427	8.763e+00	-6.325	512	5.030	0.853
34.570	1.033e-04	-1.250	3121	3.138	7.897
34.570	1.350e-04	-1.321	3117	3.207	7.297
34.570	1.775e-04	-1.393	3116	3.278	6.718
34.570	2.333e-04	-1.465	3119	3.352	6.169
34.570	3.068e-04	-1.539	3122	3.428	5.655
34.570	4.017e-04	-1.612	3127	3.503	5.186
34.570	5.259e-04	-1.679	3142	3.579	4.750
34.570	6.903e-04	-1.748	3157	3.656	4.349
34.570	9.072e-04	-1.810	3171	3.726	4.013
34.570	1.183e-03	-1.853	3179	3.773	3.799
34.570	1.553e-03	-1.880	3172	3.797	3.697
34.570	2.041e-03	-1.900	3166	3.813	3.631
34.570	2.694e-03	-1.929	3157	3.837	3.531
34.570	3.527e-03	-1.994	3135	3.890	3.321
34.570	4.619e-03	-2.162	3079	4.027	2.837
34.570	6.005e-03	-2.309	3027	4.145	2.478
34.570	7.927e-03	-2.442	2979	4.249	2.197
34.570	1.038e-02	-2.553	2943	4.339	1.980
34.570	1.370e-02	-2.676	2879	4.424	1.797
34.570	1.793e-02	-2.788	2818	4.499	1.648
34.570	2.354e-02	-2.903	2745	4.569	1.520
34.570	3.093e-02	-3.031	2649	4.634	1.410
34.570	4.035e-02	-3.158	2546	4.692	1.319
34.570	5.326e-02	-3.315	2398	4.746	1.240
34.570	6.972e-02	-3.466	2257	4.791	1.177
34.570	9.203e-02	-3.631	2101	4.832	1.123
34.570	1.205e-01	-3.795	1949	4.866	1.080
34.570	1.581e-01	-3.960	1803	4.895	1.044
34.570	2.071e-01	-4.123	1666	4.921	1.014
34.570	2.728e-01	-4.293	1531	4.943	0.988
34.570	3.585e-01	-4.451	1413	4.963	0.966
34.570	4.676e-01	-4.604	1307	4.980	0.947
34.570	6.172e-01	-4.765	1202	4.996	0.930
34.570	8.080e-01	-4.928	1103	5.010	0.915
34.570	1.067e+00	-5.095	1009	5.022	0.902
34.570	1.396e+00	-5.260	923	5.033	0.891
34.570	1.833e+00	-5.423	845	5.043	0.881
34.570	2.408e+00	-5.579	777	5.051	0.872
34.570	3.167e+00	-5.724	718	5.059	0.864
34.570	4.162e+00	-5.866	664	5.067	0.857
34.570	5.472e+00	-6.002	617	5.074	0.850
34.570	7.192e+00	-6.141	572	5.081	0.844
34.570	9.511e+00	-6.273	532	5.087	0.837
36.665	1.038e-04	-1.216	3147	3.145	8.070
36.665	1.362e-04	-1.291	3136	3.213	7.457
36.665	1.790e-04	-1.364	3133	3.284	6.872
36.665	2.353e-04	-1.435	3135	3.357	6.319
36.665	3.093e-04	-1.508	3138	3.432	5.799
36.665	4.034e-04	-1.580	3141	3.505	5.329
36.665	5.325e-04	-1.651	3153	3.583	4.874
36.665	6.971e-04	-1.717	3168	3.657	4.476
36.665	9.202e-04	-1.776	3181	3.723	4.147
36.665	1.205e-03	-1.812	3190	3.763	3.959
36.665	1.581e-03	-1.829	3194	3.783	3.869
36.665	2.070e-03	-1.844	3198	3.800	3.793
36.665	2.710e-03	-1.875	3194	3.830	3.667
36.665	3.578e-03	-1.974	3162	3.910	3.342
36.665	4.506e-03	-2.126	3111	4.035	2.896
36.665	5.821e-03	-2.266	3062	4.147	2.546
36.665	7.683e-03	-2.396	3015	4.250	2.261
36.665	1.004e-02	-2.502	2986	4.339	2.041
36.665	1.305e-02	-2.613	2935	4.420	1.859
36.665	1.703e-02	-2.724	2875	4.495	1.705
36.665	2.235e-02	-2.832	2816	4.567	1.569
36.665	2.926e-02	-2.949	2735	4.633	1.454
36.665	3.855e-02	-3.081	2628	4.696	1.352
36.665	5.066e-02	-3.214	2515	4.753	1.267
36.665	6.608e-02	-3.367	2369	4.801	1.198
36.665	8.723e-02	-3.528	2215	4.845	1.139
36.665	1.142e-01	-3.686	2065	4.882	1.091
36.665	1.510e-01	-3.857	1908	4.916	1.050
36.665	1.970e-01	-4.016	1768	4.943	1.018
36.665	2.600e-01	-4.188	1625	4.968	0.989
36.665	3.404e-01	-4.349	1499	4.989	0.966
36.665	4.467e-01	-4.506	1384	5.007	0.945
36.665	5.871e-01	-4.664	1276	5.024	0.927
36.665	7.719e-01	-4.826	1173	5.039	0.911
36.665	1.011e+00	-4.989	1075	5.052	0.897
36.665	1.323e+00	-5.153	985	5.064	0.886
36.665	1.747e+00	-5.322	899	5.074	0.875
36.665	2.283e+00	-5.480	826	5.083	0.866
36.665	3.001e+00	-5.632	760	5.092	0.858
36.665	3.945e+00	-5.777	702	5.100	0.850
36.665	5.186e+00	-5.916	651	5.107	0.843
36.665	6.816e+00	-6.059	602	5.114	0.836
36.665	8.962e+00	-6.189	560	5.120	0.830
39.807	1.024e-04	-1.165	3186	3.150	8.357
39.807	1.344e-04	-1.241	3170	3.217	7.732
39.807	1.761e-04	-1.315	3160	3.286	7.146
39.807	2.305e-04	-1.386	3157	3.356	6.594
39.807	3.042e-04	-1.459	3160	3.430	6.054
39.807	3.983e-04	-1.530	3163	3.503	5.564
39.807	5.227e-04	-1.602	3169	3.578	5.107
39.807	6.845e-04	-1.666	3182	3.649	4.705
39.807	8.945e-04	-1.718	3193	3.708	4.397
39.807	1.167e-03	-1.749	3200	3.742	4.227
39.807	1.540e-03	-1.765	3204	3.760	4.139
39.807	2.013e-03	-1.781	3209	3.778	4.054
39.807	2.646e-03	-1.811	3217	3.813	3.896
39.807	3.478e-03	-1.921	3209	3.918	3.450
39.807	4.573e-03	-2.095	3150	4.061	2.927
39.807	6.010e-03	-2.236	3101	4.174	2.571
39.807	7.902e-03	-2.357	3059	4.272	2.297
39.807	1.039e-02	-2.462	3031	4.361	2.073
39.807	1.355e-02	-2.566	2992	4.442	1.888
39.807	1.788e-02	-2.680	2931	4.521	1.724
39.807	2.341e-02	-2.786	2873	4.592	1.588
39.807	3.090e-02	-2.901	2799	4.662	1.466
39.807	4.045e-02	-3.024	2704	4.724	1.364
39.807	5.339e-02	-3.152	2598	4.783	1.274
39.807	6.977e-02	-3.301	2457	4.835	1.201
39.807	9.173e-02	-3.456	2307	4.881	1.139
39.807	1.206e-01	-3.615	2154	4.921	1.088
39.807	1.585e-01	-3.779	1999	4.955	1.046
39.807	2.083e-01	-3.944	1850	4.985	1.010
39.807	2.739e-01	-4.108	1708	5.011	0.981
39.807	3.600e-01	-4.279	1569	5.033	0.956
39.807	4.696e-01	-4.433	1451	5.053	0.935
39.807	6.198e-01	-4.593	1337	5.070	0.916
39.807	8.114e-01	-4.750	1233	5.086	0.900
39.807	1.071e+00	-4.918	1128	5.100	0.885
39.807	1.402e+00	-5.081	1034	5.112	0.873
39.807	1.854e+00	-5.252	943	5.123	0.862
39.807	2.419e+00	-5.414	864	5.133	0.852
39.807	3.193e+00	-5.574	792	5.141	0.844
39.807	4.206e+00	-5.722	731	5.149	0.836
39.807	5.527e+00	-5.865	676	5.157	0.829
39.807	7.267e+00	-6.007	625	5.164	0.823
39.807	9.551e+00	-6.142	581	5.170	0.817
41.903	1.004e-04	-1.129	3212	3.151	8.564
41.903	1.305e-04	-1.202	3196	3.215	7.954
41.903	1.697e-04	-1.277	3179	3.281	7.375
41.903	2.213e-04	-1.348	3174	3.349	6.820
41.903	2.922e-04	-1.421	3173	3.421	6.273
41.903	3.818e-04	-1.491	3176	3.493	5.774
41.903	5.020e-04	-1.562	3182	3.567	5.302
41.903	6.598e-04	-1.629	3189	3.638	4.887
41.903	8.606e-04	-1.679	3200	3.695	4.580
41.903	1.136e-03	-1.709	3207	3.728	4.405
41.903	1.487e-03	-1.724	3211	3.745	4.320
41.903	1.952e-03	-1.741	3215	3.764	4.228
41.903	2.565e-03	-1.772	3223	3.800	4.057
41.903	3.355e-03	-1.871	3243	3.909	3.576
41.903	4.230e-03	-2.023	3193	4.034	3.099
41.903	5.537e-03	-2.165	3143	4.150	2.712
41.903	7.309e-03	-2.293	3098	4.252	2.412
41.903	9.568e-03	-2.398	3070	4.341	2.176
41.903	1.263e-02	-2.501	3041	4.427	1.970
41.903	1.653e-02	-2.609	2990	4.506	1.799
41.903	2.170e-02	-2.717	2932	4.580	1.652
41.903	2.852e-02	-2.823	2873	4.651	1.524
41.903	3.765e-02	-2.941	2790	4.718	1.410
41.903	4.959e-02	-3.069	2686	4.780	1.313
41.903	6.518e-02	-3.197	2577	4.836	1.231
41.903	8.501e-02	-3.351	2426	4.885	1.164
41.903	1.122e-01	-3.511	2269	4.929	1.106
41.903	1.469e-01	-3.666	2120	4.966	1.060
41.903	1.943e-01	-3.834	1962	5.000	1.019
41.903	2.534e-01	-3.995	1817	5.027	0.988
41.903	3.345e-01	-4.166	1670	5.052	0.959
41.903	4.379e-01	-4.328	1540	5.073	0.936
41.903	5.780e-01	-4.490	1419	5.093	0.916
41.903	7.554e-01	-4.644	1311	5.109	0.899
41.903	9.931e-01	-4.806	1205	5.124	0.883
41.903	1.305e+00	-4.972	1104	5.138	0.870
41.903	1.716e+00	-5.139	1009	5.149	0.858
41.903	2.255e+00	-5.307	922	5.160	0.848
41.903	2.965e+00	-5.471	843	5.169	0.839
41.903	3.897e+00	-5.624	776	5.177	0.831
41.903	5.124e+00	-5.772	715	5.185	0.824
41.903	6.735e+00	-5.913	662	5.192	0.817
41.903	8.855e+00	-6.054	613	5.199	0.811
45.045	1.024e-04	-1.089	3254	3.164	8.743
45.045	1.345e-04	-1.169	3228	3.230	8.103
45.045	1.755e-04	-1.244	3210	3.296	7.514
45.045	2.303e-04	-1.319	3198	3.365	6.944
45.045	3.027e-04	-1.391	3194	3.435	6.403
45.045	3.948e-04	-1.460	3197	3.505	5.908
45.045	5.212e-04	-1.530	3203	3.578	5.430
45.045	6.866e-04	-1.594	3207	3.644	5.031
45.045	9.023e-04	-1.637	3213	3.691	4.768
45.045	1.186e-03	-1.658	3218	3.715	4.640
45.045	1.554e-03	-1.672	3221	3.730	4.558
45.045	2.047e-03	-1.693	3226	3.754	4.437
45.045	2.690e-03	-1.739	3239	3.807	4.172
45.045	3.508e-03	-1.867	3270	3.952	3.532
45.045	4.471e-03	-2.013	3222	4.071	3.078
45.045	5.876e-03	-2.150	3174	4.182	2.708
45.045	7.665e-03	-2.265	3136	4.277	2.430
45.045	1.012e-02	-2.371	3108	4.367	2.190
45.045	1.324e-02	-2.469	3081	4.450	1.991
45.045	1.738e-02	-2.571	3040	4.529	1.817
45.045	2.285e-02	-2.680	2982	4.604	1.667
45.045	3.004e-02	-2.785	2924	4.675	1.536
45.045	3.948e-02	-2.897	2849	4.742	1.422
45.045	5.211e-02	-3.019	2755	4.806	1.321
45.045	6.865e-02	-3.145	2651	4.864	1.235
45.045	8.989e-02	-3.296	2503	4.916	1.164
45.045	1.177e-01	-3.450	2350	4.961	1.105
45.045	1.553e-01	-3.609	2195	5.001	1.056
45.045	2.046e-01	-3.772	2038	5.035	1.014
45.045	2.689e-01	-3.937	1886	5.065	0.980
45.045	3.508e-01	-4.097	1745	5.091	0.952
45.045	4.630e-01	-4.267	1603	5.113	0.927
45.045	6.051e-01	-4.425	1480	5.133	0.907
45.045	7.956e-01	-4.583	1366	5.150	0.888
45.045	1.042e+00	-4.741	1258	5.166	0.873
45.045	1.364e+00	-4.903	1155	5.180	0.859
45.045	1.800e+00	-5.074	1055	5.192	0.847
45.045	2.357e+00	-5.239	965	5.203	0.836
45.045	3.117e+00	-5.411	879	5.213	0.827
45.045	4.065e+00	-5.565	808	5.221	0.819
45.045	5.366e+00	-5.718	743	5.229	0.812
45.045	7.025e+00	-5.860	688	5.236	0.805
45.045	9.273e+00	-6.003	636	5.243	0.799
47.140	1.034e-04	-1.061	3283	3.173	8.861
47.140	1.359e-04	-1.146	3249	3.238	8.215
47.140	1.787e-04	-1.223	3230	3.305	7.606
47.140	2.349e-04	-1.299	3214	3.373	7.032
47.140	3.064e-04	-1.370	3209	3.441	6.504
47.140	4.022e-04	-1.440	3210	3.512	5.997
47.140	5.286e-04	-1.507	3215	3.582	5.530
47.140	6.977e-04	-1.568	3220	3.645	5.144
47.140	9.134e-04	-1.606	3223	3.685	4.913
47.140	1.199e-03	-1.625	3225	3.705	4.802
47.140	1.570e-03	-1.639	3228	3.720	4.715
47.140	2.068e-03	-1.662	3233	3.747	4.575
47.140	2.718e-03	-1.721	3249	3.814	4.236
47.140	3.573e-03	-1.857	3285	3.969	3.540
47.140	4.726e-03	-2.015	3238	4.102	3.040
47.140	6.211e-03	-2.146	3192	4.208	2.689
47.140	8.101e-03	-2.257	3158	4.300	2.419
47.140	1.063e-02	-2.359	3131	4.388	2.188
47.140	1.392e-02	-2.456	3104	4.469	1.991
47.140	1.823e-02	-2.554	3069	4.548	1.819
47.140	2.411e-02	-2.665	3009	4.624	1.665
47.140	3.144e-02	-2.767	2953	4.693	1.538
47.140	4.127e-02	-2.875	2884	4.760	1.424
47.140	5.424e-02	-2.992	2796	4.824	1.324
47.140	7.160e-02	-3.119	2689	4.884	1.236
47.140	9.431e-02	-3.267	2548	4.938	1.161
47.140	1.240e-01	-3.426	2388	4.984	1.101
47.140	1.630e-01	-3.581	2235	5.024	1.051
47.140	2.142e-01	-3.742	2079	5.059	1.009
47.140	2.827e-01	-3.907	1924	5.090	0.974
47.140	3.695e-01	-4.069	1780	5.116	0.945
47.140	4.858e-01	-4.236	1639	5.140	0.920
47.140	6.385e-01	-4.399	1509	5.160	0.899
47.140	8.394e-01	-4.557	1392	5.178	0.881
47.140	1.099e+00	-4.714	1284	5.193	0.865
47.140	1.439e+00	-4.875	1179	5.208	0.851
47.140	1.900e+00	-5.046	1077	5.220	0.839
47.140	2.487e+00	-5.212	985	5.231	0.828
47.140	3.289e+00	-5.385	896	5.241	0.819
47.140	4.324e+00	-5.546	821	5.250	0.811
47.140	5.683e+00	-5.698	756	5.258	0.803
47.140	7.472e+00	-5.843	698	5.265	0.797
47.140	9.820e+00	-5.985	646	5.271	0.791
50.283	1.039e-04	-1.019	3329	3.182	9.057
50.283	1.371e-04	-1.108	3286	3.248	8.388
50.283	1.795e-04	-1.186	3260	3.313	7.784
50.283	2.356e-04	-1.263	3242	3.380	7.207
50.283	3.085e-04	-1.336	3231	3.448	6.667
50.283	4.039e-04	-1.406	3228	3.516	6.164
50.283	5.331e-04	-1.472	3234	3.584	5.696
50.283	7.023e-04	-1.526	3238	3.641	5.338
50.283	9.230e-04	-1.557	3240	3.674	5.140
50.283	1.214e-03	-1.574	3242	3.691	5.041
50.283	1.589e-03	-1.590	3243	3.708	4.943
50.283	2.080e-03	-1.620	3245	3.738	4.771
50.283	2.746e-03	-1.703	3266	3.833	4.278
50.283	3.595e-03	-1.835	3302	3.984	3.595
50.283	4.745e-03	-1.978	3274	4.112	3.103
50.283	6.251e-03	-2.108	3228	4.218	2.746
50.283	8.186e-03	-2.218	3197	4.311	2.468
50.283	1.072e-02	-2.318	3171	4.397	2.236
50.283	1.414e-02	-2.418	3143	4.481	2.029
50.283	1.848e-02	-2.510	3117	4.559	1.855
50.283	2.411e-02	-2.613	3065	4.633	1.704
50.283	3.183e-02	-2.720	3006	4.706	1.566
50.283	4.166e-02	-2.821	2949	4.773	1.449
50.283	5.500e-02	-2.934	2870	4.840	1.343
50.283	7.244e-02	-3.061	2764	4.901	1.251
50.283	9.521e-02	-3.190	2650	4.957	1.173
50.283	1.242e-01	-3.346	2491	5.005	1.110
50.283	1.630e-01	-3.502	2333	5.048	1.057
50.283	2.142e-01	-3.659	2178	5.085	1.012
50.283	2.817e-01	-3.821	2022	5.118	0.975
50.283	3.702e-01	-3.985	1870	5.146	0.943
50.283	4.828e-01	-4.146	1728	5.170	0.917
50.283	6.277e-01	-4.305	1596	5.191	0.896
50.283	8.160e-01	-4.459	1476	5.210	0.877
50.283	1.071e+00	-4.616	1362	5.227	0.860
50.283	1.408e+00	-4.778	1252	5.242	0.845
50.283	1.851e+00	-4.944	1146	5.256	0.832
50.283	2.432e+00	-5.113	1047	5.267	0.820
50.283	3.198e+00	-5.284	955	5.278	0.811
50.283	4.203e+00	-5.452	871	5.287	0.802
50.283	5.526e+00	-5.607	801	5.295	0.795
50.283	7.263e+00	-5.757	738	5.303	0.788
50.283	9.549e+00	-5.902	681	5.310	0.782
52.378	1.022e-04	-0.985	3362	3.183	9.230
52.378	1.336e-04	-1.072	3318	3.247	8.573
52.378	1.757e-04	-1.157	3281	3.313	7.949
52.378	2.309e-04	-1.233	3263	3.379	7.363
52.378	3.012e-04	-1.308	3247	3.445	6.827
52.378	3.953e-04	-1.378	3242	3.513	6.313
52.378	5.195e-04	-1.442	3245	3.578	5.854
52.378	6.776e-04	-1.493	3249	3.631	5.510
52.378	8.894e-04	-1.523	3251	3.663	5.313
52.378	1.169e-03	-1.539	3252	3.679	5.212
52.378	1.525e-03	-1.555	3253	3.696	5.112
52.378	2.016e-03	-1.586	3256	3.729	4.924
52.378	2.651e-03	-1.673	3272	3.823	4.415
52.378	3.484e-03	-1.805	3308	3.975	3.707
52.378	4.599e-03	-1.936	3303	4.104	3.197
52.378	6.058e-03	-2.068	3258	4.211	2.825
52.378	7.934e-03	-2.179	3225	4.304	2.537
52.378	1.037e-02	-2.279	3200	4.391	2.298
52.378	1.363e-02	-2.377	3173	4.474	2.087
52.378	1.792e-02	-2.471	3147	4.554	1.904
52.378	2.356e-02	-2.571	3106	4.631	1.742
52.378	3.096e-02	-2.677	3048	4.704	1.601
52.378	4.063e-02	-2.778	2992	4.773	1.479
52.378	5.340e-02	-2.885	2923	4.840	1.370
52.378	7.049e-02	-3.007	2827	4.904	1.273
52.378	9.286e-02	-3.133	2720	4.962	1.190
52.378	1.216e-01	-3.283	2569	5.014	1.121
52.378	1.592e-01	-3.436	2413	5.058	1.065
52.378	2.101e-01	-3.598	2250	5.098	1.017
52.378	2.768e-01	-3.758	2093	5.133	0.978
52.378	3.638e-01	-3.921	1939	5.163	0.944
52.378	4.745e-01	-4.080	1795	5.188	0.917
52.378	6.228e-01	-4.244	1655	5.211	0.894
52.378	8.185e-01	-4.408	1523	5.231	0.873
52.378	1.076e+00	-4.566	1406	5.249	0.856
52.378	1.409e+00	-4.724	1295	5.264	0.840
52.378	1.845e+00	-4.887	1188	5.278	0.827
52.378	2.440e+00	-5.060	1084	5.291	0.815
52.378	3.208e+00	-5.230	989	5.302	0.805
52.378	4.216e+00	-5.400	901	5.311	0.796
52.378	5.533e+00	-5.558	827	5.319	0.789
52.378	7.273e+00	-5.711	760	5.327	0.782
52.378	9.562e+00	-5.858	702	5.334	0.775
55.521	1.006e-04	-0.937	3413	3.186	9.467
55.521	1.328e-04	-1.030	3361	3.253	8.767
55.521	1.739e-04	-1.117	3318	3.317	8.141
55.521	2.295e-04	-1.198	3291	3.384	7.540
55.521	3.005e-04	-1.273	3272	3.449	6.991
55.521	3.944e-04	-1.344	3263	3.516	6.479
55.521	5.183e-04	-1.407	3261	3.578	6.031
55.521	6.814e-04	-1.453	3265	3.626	5.708
55.521	8.924e-04	-1.478	3267	3.651	5.542
55.521	1.168e-03	-1.492	3268	3.666	5.446
55.521	1.533e-03	-1.511	3269	3.685	5.328
55.521	2.015e-03	-1.547	3272	3.724	5.099
55.521	2.660e-03	-1.659	3288	3.843	4.442
55.521	3.504e-03	-1.784	3323	3.988	3.763
55.521	4.605e-03	-1.900	3338	4.110	3.267
55.521	6.007e-03	-2.026	3294	4.214	2.900
55.521	7.929e-03	-2.139	3262	4.310	2.597
55.521	1.038e-02	-2.239	3237	4.396	2.350
55.521	1.362e-02	-2.336	3210	4.479	2.136
55.521	1.784e-02	-2.429	3185	4.558	1.950
55.521	2.331e-02	-2.520	3158	4.635	1.786
55.521	3.041e-02	-2.623	3104	4.707	1.643
55.521	3.959e-02	-2.721	3050	4.775	1.519
55.521	5.227e-02	-2.824	2992	4.845	1.403
55.521	6.830e-02	-2.933	2914	4.908	1.304
55.521	8.909e-02	-3.056	2809	4.967	1.218
55.521	1.176e-01	-3.188	2690	5.024	1.141
55.521	1.549e-01	-3.347	2526	5.073	1.078
55.521	2.036e-01	-3.509	2357	5.116	1.027
55.521	2.677e-01	-3.665	2201	5.153	0.984
55.521	3.505e-01	-3.822	2049	5.184	0.949
55.521	4.589e-01	-3.982	1898	5.212	0.919
55.521	6.057e-01	-4.149	1750	5.237	0.893
55.521	7.916e-01	-4.311	1613	5.258	0.871
55.521	1.041e+00	-4.472	1487	5.277	0.853
55.521	1.368e+00	-4.630	1370	5.294	0.836
55.521	1.798e+00	-4.792	1259	5.309	0.822
55.521	2.364e+00	-4.959	1153	5.322	0.809
55.521	3.120e+00	-5.131	1051	5.334	0.798
55.521	4.110e+00	-5.304	957	5.344	0.789
55.521	5.402e+00	-5.470	874	5.353	0.781
55.521	7.045e+00	-5.622	804	5.361	0.774
55.521	9.247e+00	-5.773	741	5.368	0.767
57.616	1.001e-04	-0.907	3446	3.189	9.608
57.616	1.322e-04	-1.003	3390	3.256	8.896
57.616	1.727e-04	-1.090	3345	3.320	8.265
57.616	2.271e-04	-1.173	3310	3.385	7.667
57.616	2.985e-04	-1.249	3291	3.451	7.106
57.616	3.924e-04	-1.322	3277	3.517	6.592
57.616	5.158e-04	-1.383	3274	3.577	6.151
57.616	6.808e-04	-1.427	3275	3.621	5.846
57.616	8.913e-04	-1.449	3277	3.643	5.696
57.616	1.170e-03	-1.463	3278	3.658	5.599
57.616	1.537e-03	-1.483	3279	3.679	5.467
57.616	2.029e-03	-1.526	3283	3.724	5.191
57.616	2.657e-03	-1.648	3298	3.854	4.469
57.616	3.393e-03	-1.756	3328	3.978	3.875
57.616	4.479e-03	-1.865	3358	4.102	3.360
57.616	5.900e-03	-1.993	3320	4.211	2.965
57.616	7.754e-03	-2.105	3287	4.306	2.658
57.616	1.020e-02	-2.207	3262	4.394	2.400
57.616	1.340e-02	-2.305	3236	4.478	2.180
57.616	1.748e-02	-2.396	3212	4.556	1.992
57.616	2.307e-02	-2.489	3186	4.635	1.818
57.616	3.015e-02	-2.589	3139	4.709	1.670
57.616	3.964e-02	-2.692	3083	4.781	1.538
57.616	5.210e-02	-2.791	3030	4.850	1.421
57.616	6.850e-02	-2.900	2956	4.916	1.317
57.616	9.002e-02	-3.023	2853	4.978	1.226
57.616	1.188e-01	-3.149	2743	5.035	1.147
57.616	1.565e-01	-3.306	2582	5.087	1.081
57.616	2.057e-01	-3.466	2415	5.131	1.028
57.616	2.716e-01	-3.626	2252	5.169	0.984
57.616	3.555e-01	-3.782	2097	5.202	0.947
57.616	4.693e-01	-3.946	1941	5.231	0.916
57.616	6.143e-01	-4.106	1796	5.256	0.890
57.616	8.109e-01	-4.274	1652	5.279	0.867
57.616	1.062e+00	-4.433	1524	5.298	0.848
57.616	1.401e+00	-4.594	1403	5.315	0.831
57.616	1.831e+00	-4.751	1293	5.330	0.817
57.616	2.407e+00	-4.917	1185	5.344	0.804
57.616	3.164e+00	-5.086	1082	5.356	0.793
57.616	4.160e+00	-5.258	986	5.366	0.784
57.616	5.468e+00	-5.427	899	5.376	0.775
57.616	7.189e+00	-5.585	825	5.384	0.768
57.616	9.448e+00	-5.739	758	5.391	0.762
60.759	1.017e-04	-0.872	3489	3.199	9.756
60.759	1.342e-04	-0.970	3430	3.267	9.028
60.759	1.754e-04	-1.058	3381	3.330	8.388
60.759	2.306e-04	-1.145	3338	3.395	7.783
60.759	3.031e-04	-1.222	3316	3.460	7.224
60.759	3.985e-04	-1.294	3299	3.523	6.716
60.759	5.238e-04	-1.352	3293	3.578	6.304
60.759	6.887e-04	-1.389	3292	3.615	6.046
60.759	9.051e-04	-1.407	3292	3.633	5.918
60.759	1.181e-03	-1.422	3292	3.648	5.819
60.759	1.561e-03	-1.446	3294	3.673	5.657
60.759	2.053e-03	-1.501	3299	3.730	5.293
60.759	2.591e-03	-1.618	3311	3.854	4.588
60.759	3.368e-03	-1.732	3340	3.983	3.956
60.759	4.426e-03	-1.836	3369	4.102	3.451
60.759	5.773e-03	-1.947	3356	4.207	3.059
60.759	7.577e-03	-2.060	3323	4.302	2.740
60.759	9.959e-03	-2.162	3298	4.391	2.473
60.759	1.299e-02	-2.257	3273	4.473	2.251
60.759	1.705e-02	-2.351	3249	4.554	2.051
60.759	2.233e-02	-2.441	3225	4.631	1.876
60.759	2.918e-02	-2.532	3194	4.706	1.721
60.759	3.805e-02	-2.633	3140	4.777	1.586
60.759	5.023e-02	-2.734	3087	4.849	1.461
60.759	6.564e-02	-2.835	3026	4.915	1.353
60.759	8.631e-02	-2.949	2941	4.979	1.257
60.759	1.130e-01	-3.071	2836	5.038	1.175
60.759	1.480e-01	-3.205	2708	5.092	1.103
60.759	1.957e-01	-3.367	2538	5.141	1.043
60.759	2.573e-01	-3.535	2359	5.182	0.995
60.759	3.381e-01	-3.686	2208	5.218	0.955
60.759	4.463e-01	-3.844	2052	5.249	0.921
60.759	5.843e-01	-4.003	1902	5.276	0.893
60.759	7.712e-01	-4.166	1756	5.300	0.868
60.759	1.010e+00	-4.328	1619	5.321	0.848
60.759	1.333e+00	-4.490	1491	5.340	0.830
60.759	1.745e+00	-4.645	1376	5.356	0.815
60.759	2.303e+00	-4.808	1263	5.371	0.801
60.759	3.034e+00	-4.977	1156	5.384	0.789
60.759	3.987e+00	-5.146	1055	5.395	0.778
60.759	5.200e+00	-5.315	963	5.405	0.770
60.759	6.865e+00	-5.482	879	5.414	0.762
60.759	8.986e+00	-5.638	807	5.422	0.755
62.854	1.028e-04	-0.850	3518	3.206	9.849
62.854	1.352e-04	-0.947	3457	3.272	9.121
62.854	1.770e-04	-1.038	3404	3.337	8.469
62.854	2.313e-04	-1.124	3360	3.400	7.872
62.854	3.041e-04	-1.203	3332	3.464	7.313
62.854	3.997e-04	-1.273	3316	3.526	6.811
62.854	5.255e-04	-1.329	3306	3.578	6.418
62.854	6.907e-04	-1.362	3305	3.610	6.185
62.854	9.081e-04	-1.380	3304	3.627	6.066
62.854	1.189e-03	-1.395	3304	3.642	5.959
62.854	1.566e-03	-1.422	3304	3.669	5.779
62.854	2.059e-03	-1.488	3309	3.737	5.341
62.854	2.638e-03	-1.614	3323	3.871	4.576
62.854	3.468e-03	-1.729	3351	4.001	3.943
62.854	4.541e-03	-1.829	3379	4.115	3.458
62.854	5.935e-03	-1.936	3373	4.219	3.068
62.854	7.803e-03	-2.047	3342	4.314	2.749
62.854	1.022e-02	-2.147	3318	4.402	2.485
62.854	1.335e-02	-2.243	3293	4.484	2.260
62.854	1.742e-02	-2.334	3270	4.563	2.065
62.854	2.299e-02	-2.427	3245	4.642	1.884
62.854	3.010e-02	-2.517	3217	4.718	1.727
62.854	3.950e-02	-2.619	3165	4.791	1.587
62.854	5.192e-02	-2.718	3113	4.862	1.463
62.854	6.772e-02	-2.817	3055	4.928	1.356
62.854	8.939e-02	-2.931	2972	4.994	1.257
62.854	1.170e-01	-3.052	2868	5.053	1.174
62.854	1.536e-01	-3.182	2747	5.108	1.101
62.854	2.019e-01	-3.340	2579	5.157	1.041
62.854	2.654e-01	-3.508	2399	5.199	0.993
62.854	3.475e-01	-3.657	2247	5.234	0.953
62.854	4.550e-01	-3.809	2097	5.266	0.919
62.854	6.005e-01	-3.971	1941	5.294	0.890
62.854	7.862e-01	-4.128	1798	5.318	0.866
62.854	1.038e+00	-4.292	1656	5.339	0.844
62.854	1.359e+00	-4.449	1529	5.358	0.826
62.854	1.783e+00	-4.606	1411	5.375	0.811
62.854	2.343e+00	-4.764	1299	5.390	0.797
62.854	3.081e+00	-4.929	1191	5.403	0.785
62.854	4.049e+00	-5.098	1088	5.415	0.774
62.854	5.345e+00	-5.274	989	5.425	0.765
62.854	6.997e+00	-5.439	904	5.434	0.757
62.854	9.184e+00	-5.598	829	5.442	0.750
65.997	1.024e-04	-0.810	3564	3.210	10.046
65.997	1.340e-04	-0.907	3502	3.276	9.308
65.997	1.745e-04	-0.999	3445	3.339	8.652
65.997	2.303e-04	-1.089	3397	3.405	8.022
65.997	3.015e-04	-1.171	3359	3.467	7.468
65.997	3.980e-04	-1.240	3341	3.527	6.968
65.997	5.201e-04	-1.292	3329	3.573	6.608
65.997	6.784e-04	-1.322	3324	3.600	6.406
65.997	8.955e-04	-1.338	3323	3.616	6.291
65.997	1.170e-03	-1.355	3322	3.632	6.176
65.997	1.545e-03	-1.385	3321	3.662	5.967
65.997	2.022e-03	-1.463	3323	3.742	5.444
65.997	2.669e-03	-1.603	3340	3.890	4.590
65.997	3.516e-03	-1.715	3364	4.014	3.978
65.997	4.605e-03	-1.811	3392	4.125	3.504
65.997	6.017e-03	-1.908	3402	4.227	3.115
65.997	7.849e-03	-2.015	3373	4.320	2.799
65.997	1.036e-02	-2.118	3349	4.410	2.523
65.997	1.354e-02	-2.214	3324	4.492	2.294
65.997	1.760e-02	-2.303	3301	4.570	2.098
65.997	2.296e-02	-2.392	3278	4.646	1.921
65.997	2.989e-02	-2.479	3253	4.721	1.764
65.997	3.923e-02	-2.576	3212	4.795	1.619
65.997	5.157e-02	-2.676	3160	4.867	1.491
65.997	6.726e-02	-2.772	3107	4.934	1.380
65.997	8.878e-02	-2.882	3032	5.001	1.277
65.997	1.170e-01	-3.001	2935	5.064	1.188
65.997	1.537e-01	-3.123	2828	5.121	1.112
65.997	2.029e-01	-3.280	2662	5.173	1.048
65.997	2.673e-01	-3.441	2489	5.217	0.996
65.997	3.513e-01	-3.599	2321	5.254	0.954
65.997	4.637e-01	-3.753	2166	5.288	0.918
65.997	6.070e-01	-3.904	2018	5.316	0.889
65.997	8.012e-01	-4.063	1869	5.341	0.863
65.997	1.049e+00	-4.218	1731	5.363	0.842
65.997	1.377e+00	-4.375	1599	5.382	0.823
65.997	1.809e+00	-4.530	1477	5.400	0.807
65.997	2.379e+00	-4.685	1363	5.415	0.793
65.997	3.126e+00	-4.845	1253	5.429	0.780
65.997	4.111e+00	-5.012	1147	5.442	0.769
65.997	5.403e+00	-5.183	1046	5.453	0.759
65.997	7.103e+00	-5.354	953	5.462	0.751
65.997	9.302e+00	-5.514	873	5.471	0.744
67.044	1.032e-04	-0.800	3577	3.213	10.085
67.044	1.348e-04	-0.897	3515	3.279	9.346
67.044	1.773e-04	-0.993	3455	3.345	8.664
67.044	2.321e-04	-1.080	3407	3.409	8.051
67.044	3.039e-04	-1.163	3367	3.471	7.498
67.044	4.011e-04	-1.231	3349	3.530	7.006
67.044	5.284e-04	-1.282	3337	3.575	6.652
67.044	6.945e-04	-1.310	3331	3.599	6.464
67.044	9.058e-04	-1.325	3329	3.614	6.358
67.044	1.196e-03	-1.344	3328	3.631	6.231
67.044	1.575e-03	-1.377	3327	3.664	5.999
67.044	2.070e-03	-1.472	3330	3.761	5.368
67.044	2.710e-03	-1.605	3345	3.901	4.567
67.044	3.561e-03	-1.713	3369	4.022	3.973
67.044	4.682e-03	-1.809	3397	4.133	3.499
67.044	6.132e-03	-1.905	3409	4.235	3.111
67.044	8.077e-03	-2.015	3381	4.330	2.787
67.044	1.062e-02	-2.116	3357	4.419	2.517
67.044	1.385e-02	-2.210	3332	4.500	2.291
67.044	1.803e-02	-2.300	3310	4.578	2.094
67.044	2.344e-02	-2.388	3287	4.654	1.920
67.044	3.076e-02	-2.478	3261	4.730	1.759
67.044	4.029e-02	-2.573	3222	4.804	1.615
67.044	5.274e-02	-2.671	3171	4.875	1.489
67.044	6.961e-02	-2.772	3116	4.945	1.373
67.044	9.170e-02	-2.880	3042	5.011	1.272
67.044	1.205e-01	-2.999	2945	5.074	1.184
67.044	1.591e-01	-3.123	2836	5.132	1.107
67.044	2.079e-01	-3.274	2676	5.182	1.045
67.044	2.733e-01	-3.432	2505	5.226	0.994
67.044	3.592e-01	-3.591	2335	5.263	0.952
67.044	4.742e-01	-3.743	2180	5.296	0.916
67.044	6.208e-01	-3.893	2033	5.324	0.887
67.044	8.194e-01	-4.050	1885	5.350	0.862
67.044	1.073e+00	-4.202	1748	5.372	0.840
67.044	1.416e+00	-4.361	1614	5.392	0.821
67.044	1.850e+00	-4.513	1493	5.409	0.805
67.044	2.433e+00	-4.666	1380	5.424	0.791
67.044	3.197e+00	-4.824	1270	5.438	0.778
67.044	4.221e+00	-4.992	1162	5.451	0.767
67.044	5.525e+00	-5.160	1061	5.462	0.757
67.044	7.252e+00	-5.330	968	5.472	0.749
67.044	9.497e+00	-5.491	886	5.480	0.742
68.092	1.016e-04	-0.782	3595	3.211	10.191
68.092	1.330e-04	-0.880	3532	3.278	9.435
68.092	1.756e-04	-0.978	3470	3.345	8.735
68.092	2.294e-04	-1.066	3420	3.408	8.122
68.092	3.016e-04	-1.151	3377	3.471	7.557
68.092	3.964e-04	-1.218	3357	3.528	7.074
68.092	5.171e-04	-1.267	3347	3.571	6.734
68.092	6.787e-04	-1.295	3340	3.595	6.545
68.092	8.888e-04	-1.311	3336	3.610	6.437
68.092	1.163e-03	-1.329	3335	3.627	6.313
68.092	1.536e-03	-1.362	3333	3.659	6.082
68.092	2.010e-03	-1.453	3333	3.750	5.477
68.092	2.565e-03	-1.574	3348	3.878	4.725
68.092	3.386e-03	-1.688	3368	4.003	4.094
68.092	4.432e-03	-1.783	3395	4.112	3.610
68.092	5.851e-03	-1.876	3420	4.218	3.196
68.092	7.707e-03	-1.986	3396	4.315	2.857
68.092	1.013e-02	-2.088	3371	4.405	2.578
68.092	1.321e-02	-2.183	3347	4.487	2.344
68.092	1.720e-02	-2.273	3325	4.566	2.141
68.092	2.236e-02	-2.361	3302	4.642	1.962
68.092	2.952e-02	-2.453	3276	4.720	1.793
68.092	3.864e-02	-2.544	3245	4.794	1.646
68.092	5.072e-02	-2.644	3193	4.867	1.515
68.092	6.666e-02	-2.743	3139	4.936	1.398
68.092	8.695e-02	-2.845	3074	5.002	1.297
68.092	1.148e-01	-2.960	2986	5.066	1.204
68.092	1.512e-01	-3.083	2878	5.125	1.124
68.092	1.987e-01	-3.227	2732	5.179	1.057
68.092	2.623e-01	-3.386	2560	5.225	1.002
68.092	3.455e-01	-3.552	2381	5.264	0.959
68.092	4.524e-01	-3.697	2232	5.297	0.923
68.092	5.923e-01	-3.843	2087	5.326	0.893
68.092	7.818e-01	-3.997	1938	5.352	0.866
68.092	1.023e+00	-4.147	1801	5.375	0.844
68.092	1.351e+00	-4.304	1665	5.395	0.824
68.092	1.769e+00	-4.456	1541	5.413	0.808
68.092	2.321e+00	-4.608	1425	5.429	0.793
68.092	3.051e+00	-4.762	1315	5.443	0.780
68.092	3.979e+00	-4.918	1211	5.456	0.768
68.092	5.253e+00	-5.088	1106	5.468	0.758
68.092	6.919e+00	-5.261	1007	5.478	0.749
68.092	9.094e+00	-5.427	919	5.487	0.741
69.139	1.022e-04	-0.772	3608	3.214	10.235
69.139	1.338e-04	-0.870	3544	3.281	9.474
69.139	1.752e-04	-0.966	3484	3.346	8.789
69.139	2.299e-04	-1.056	3432	3.410	8.163
69.139	3.022e-04	-1.141	3388	3.472	7.598
69.139	3.973e-04	-1.208	3365	3.529	7.121
69.139	5.221e-04	-1.256	3355	3.571	6.786
69.139	6.865e-04	-1.282	3349	3.594	6.609
69.139	8.990e-04	-1.298	3345	3.608	6.502
69.139	1.184e-03	-1.318	3341	3.626	6.368
69.139	1.556e-03	-1.355	3338	3.661	6.114
69.139	2.023e-03	-1.453	3339	3.760	5.458
69.139	2.623e-03	-1.579	3354	3.893	4.683
69.139	3.448e-03	-1.688	3373	4.013	4.079
69.139	4.497e-03	-1.781	3400	4.119	3.608
69.139	5.902e-03	-1.871	3425	4.222	3.206
69.139	7.729e-03	-1.976	3405	4.317	2.873
69.139	1.012e-02	-2.077	3381	4.405	2.595
69.139	1.328e-02	-2.174	3357	4.490	2.355
69.139	1.739e-02	-2.266	3334	4.570	2.147
69.139	2.273e-02	-2.356	3311	4.648	1.964
69.139	2.964e-02	-2.444	3286	4.723	1.802
69.139	3.854e-02	-2.530	3260	4.795	1.657
69.139	5.058e-02	-2.631	3208	4.868	1.524
69.139	6.647e-02	-2.730	3155	4.938	1.406
69.139	8.671e-02	-2.830	3092	5.003	1.304
69.139	1.145e-01	-2.943	3009	5.069	1.210
69.139	1.508e-01	-3.066	2901	5.128	1.129
69.139	1.981e-01	-3.205	2762	5.182	1.061
69.139	2.621e-01	-3.364	2590	5.230	1.005
69.139	3.445e-01	-3.531	2407	5.269	0.960
69.139	4.528e-01	-3.676	2258	5.303	0.924
69.139	5.989e-01	-3.825	2109	5.333	0.892
69.139	7.874e-01	-3.975	1963	5.359	0.866
69.139	1.035e+00	-4.124	1825	5.382	0.843
69.139	1.361e+00	-4.277	1691	5.402	0.824
69.139	1.782e+00	-4.427	1567	5.420	0.807
69.139	2.332e+00	-4.576	1452	5.436	0.792
69.139	3.079e+00	-4.729	1341	5.451	0.779
69.139	4.023e+00	-4.885	1235	5.464	0.767
69.139	5.290e+00	-5.050	1131	5.476	0.757
69.139	6.952e+00	-5.221	1031	5.486	0.748
69.139	9.177e+00	-5.391	940	5.496	0.740
70.187	1.048e-04	-0.770	3617	3.222	10.219
70.187	1.378e-04	-0.869	3551	3.290	9.449
70.187	1.812e-04	-0.966	3490	3.356	8.755
70.187	2.372e-04	-1.055	3438	3.419	8.139
70.187	3.106e-04	-1.138	3395	3.480	7.590
70.187	4.099e-04	-1.205	3372	3.535	7.125
70.187	5.400e-04	-1.248	3362	3.573	6.820
70.187	7.097e-04	-1.270	3357	3.593	6.664
70.187	9.257e-04	-1.286	3353	3.607	6.559
70.187	1.222e-03	-1.309	3348	3.627	6.409
70.187	1.610e-03	-1.353	3344	3.669	6.107
70.187	2.116e-03	-1.473	3347	3.791	5.307
70.187	2.792e-03	-1.601	3362	3.926	4.544
70.187	3.656e-03	-1.703	3383	4.039	3.985
70.187	4.798e-03	-1.796	3410	4.146	3.526
70.187	6.283e-03	-1.884	3432	4.246	3.144
70.187	8.225e-03	-1.989	3410	4.339	2.823
70.187	1.086e-02	-2.092	3385	4.429	2.545
70.187	1.419e-02	-2.186	3361	4.511	2.316
70.187	1.851e-02	-2.277	3339	4.590	2.115
70.187	2.410e-02	-2.365	3316	4.666	1.938
70.187	3.163e-02	-2.454	3290	4.742	1.775
70.187	4.142e-02	-2.544	3261	4.816	1.629
70.187	5.422e-02	-2.644	3209	4.888	1.501
70.187	7.157e-02	-2.744	3154	4.959	1.383
70.187	9.353e-02	-2.846	3090	5.024	1.283
70.187	1.230e-01	-2.959	3002	5.088	1.192
70.187	1.616e-01	-3.081	2895	5.146	1.115
70.187	2.121e-01	-3.224	2748	5.199	1.049
70.187	2.788e-01	-3.379	2580	5.244	0.996
70.187	3.665e-01	-3.541	2402	5.282	0.953
70.187	4.817e-01	-3.687	2251	5.315	0.917
70.187	6.359e-01	-3.833	2105	5.345	0.887
70.187	8.324e-01	-3.978	1965	5.370	0.862
70.187	1.099e+00	-4.127	1827	5.393	0.839
70.187	1.436e+00	-4.274	1698	5.412	0.821
70.187	1.888e+00	-4.424	1573	5.430	0.804
70.187	2.481e+00	-4.572	1458	5.446	0.789
70.187	3.237e+00	-4.717	1352	5.460	0.777
70.187	4.248e+00	-4.873	1246	5.473	0.765
70.187	5.583e+00	-5.036	1142	5.485	0.754
70.187	7.341e+00	-5.205	1042	5.496	0.745
70.187	9.648e+00	-5.373	951	5.505	0.738
71.234	1.029e-04	-0.751	3635	3.218	10.336
71.234	1.353e-04	-0.851	3570	3.287	9.551
71.234	1.772e-04	-0.947	3508	3.352	8.857
71.234	2.319e-04	-1.038	3453	3.416	8.233
71.234	3.044e-04	-1.121	3409	3.477	7.672
71.234	4.001e-04	-1.190	3381	3.531	7.211
71.234	5.260e-04	-1.232	3371	3.569	6.904
71.234	6.888e-04	-1.255	3366	3.589	6.746
71.234	9.002e-04	-1.271	3362	3.603	6.639
71.234	1.170e-03	-1.292	3358	3.621	6.501
71.234	1.526e-03	-1.331	3351	3.657	6.235
71.234	2.015e-03	-1.444	3349	3.769	5.480
71.234	2.654e-03	-1.573	3364	3.906	4.683
71.234	3.488e-03	-1.681	3382	4.022	4.095
71.234	4.550e-03	-1.771	3408	4.127	3.632
71.234	5.972e-03	-1.860	3433	4.228	3.233
71.234	7.849e-03	-1.961	3424	4.324	2.894
71.234	1.036e-02	-2.064	3399	4.415	2.606
71.234	1.354e-02	-2.160	3375	4.498	2.368
71.234	1.766e-02	-2.250	3353	4.577	2.162
71.234	2.299e-02	-2.339	3330	4.653	1.980
71.234	3.018e-02	-2.428	3305	4.730	1.812
71.234	3.966e-02	-2.516	3282	4.806	1.661
71.234	5.174e-02	-2.614	3232	4.877	1.530
71.234	6.829e-02	-2.715	3178	4.949	1.409
71.234	8.940e-02	-2.814	3119	5.016	1.305
71.234	1.173e-01	-2.922	3042	5.080	1.212
71.234	1.552e-01	-3.048	2931	5.141	1.129
71.234	2.039e-01	-3.181	2801	5.196	1.061
71.234	2.660e-01	-3.331	2638	5.241	1.006
71.234	3.492e-01	-3.492	2460	5.281	0.961
71.234	4.589e-01	-3.638	2306	5.315	0.924
71.234	6.069e-01	-3.783	2159	5.345	0.893
71.234	7.979e-01	-3.927	2018	5.371	0.866
71.234	1.049e+00	-4.071	1881	5.394	0.844
71.234	1.379e+00	-4.217	1751	5.415	0.824
71.234	1.806e+00	-4.361	1628	5.433	0.807
71.234	2.364e+00	-4.506	1512	5.449	0.792
71.234	3.120e+00	-4.653	1401	5.464	0.779
71.234	4.077e+00	-4.800	1297	5.477	0.767
71.234	5.382e+00	-4.961	1191	5.490	0.756
71.234	7.046e+00	-5.124	1091	5.501	0.746
71.234	9.318e+00	-5.297	994	5.511	0.738
72.282	1.027e-04	-0.739	3649	3.219	10.401
72.282	1.350e-04	-0.839	3584	3.288	9.610
72.282	1.761e-04	-0.934	3522	3.352	8.920
72.282	2.325e-04	-1.028	3464	3.418	8.272
72.282	3.038e-04	-1.110	3421	3.478	7.721
72.282	3.963e-04	-1.177	3391	3.529	7.276
72.282	5.231e-04	-1.220	3379	3.567	6.971
72.282	6.848e-04	-1.242	3374	3.586	6.818
72.282	8.988e-04	-1.257	3371	3.600	6.708
72.282	1.181e-03	-1.280	3366	3.620	6.555
72.282	1.559e-03	-1.328	3356	3.663	6.240
72.282	2.041e-03	-1.449	3355	3.783	5.431
72.282	2.563e-03	-1.553	3367	3.894	4.782
72.282	3.384e-03	-1.664	3382	4.012	4.172
72.282	4.430e-03	-1.756	3409	4.118	3.695
72.282	5.768e-03	-1.841	3434	4.216	3.301
72.282	7.570e-03	-1.936	3436	4.312	2.954
72.282	9.949e-03	-2.039	3412	4.403	2.662
72.282	1.308e-02	-2.137	3388	4.488	2.412
72.282	1.719e-02	-2.231	3365	4.570	2.195
72.282	2.242e-02	-2.320	3342	4.648	2.008
72.282	2.920e-02	-2.407	3318	4.722	1.843
72.282	3.832e-02	-2.494	3298	4.798	1.689
72.282	5.037e-02	-2.592	3252	4.872	1.551
72.282	6.570e-02	-2.689	3200	4.941	1.432
72.282	8.623e-02	-2.787	3145	5.009	1.324
72.282	1.133e-01	-2.894	3072	5.075	1.228
72.282	1.478e-01	-3.011	2971	5.134	1.147
72.282	1.951e-01	-3.137	2855	5.191	1.074
72.282	2.554e-01	-3.288	2691	5.239	1.016
72.282	3.372e-01	-3.446	2518	5.281	0.968
72.282	4.414e-01	-3.593	2360	5.316	0.931
72.282	5.837e-01	-3.740	2207	5.346	0.898
72.282	7.705e-01	-3.881	2067	5.373	0.871
72.282	1.009e+00	-4.020	1933	5.396	0.848
72.282	1.331e+00	-4.162	1803	5.417	0.828
72.282	1.743e+00	-4.302	1681	5.436	0.810
72.282	2.288e+00	-4.445	1563	5.452	0.795
72.282	3.007e+00	-4.587	1453	5.467	0.782
72.282	3.953e+00	-4.731	1348	5.481	0.769
72.282	5.196e+00	-4.884	1244	5.494	0.758
72.282	6.858e+00	-5.047	1140	5.506	0.748
72.282	9.034e+00	-5.215	1041	5.516	0.739
73.330	1.025e-04	-0.727	3663	3.219	10.470
73.330	1.347e-04	-0.827	3598	3.288	9.670
73.330	1.757e-04	-0.922	3536	3.353	8.973
73.330	2.319e-04	-1.017	3477	3.419	8.321
73.330	3.030e-04	-1.099	3432	3.479	7.770
73.330	3.984e-04	-1.167	3399	3.530	7.319
73.330	5.236e-04	-1.208	3387	3.565	7.033
73.330	6.884e-04	-1.229	3383	3.584	6.885
73.330	9.015e-04	-1.245	3379	3.598	6.774
73.330	1.187e-03	-1.269	3374	3.619	6.610
73.330	1.561e-03	-1.320	3362	3.664	6.274
73.330	2.052e-03	-1.449	3360	3.792	5.419
73.330	2.697e-03	-1.570	3374	3.920	4.673
73.330	3.546e-03	-1.675	3391	4.034	4.101
73.330	4.660e-03	-1.766	3417	4.138	3.635
73.330	6.078e-03	-1.851	3441	4.236	3.250
73.330	7.902e-03	-1.943	3442	4.328	2.923
73.330	1.037e-02	-2.044	3418	4.417	2.638
73.330	1.363e-02	-2.141	3394	4.502	2.392
73.330	1.792e-02	-2.235	3371	4.584	2.177
73.330	2.355e-02	-2.326	3348	4.663	1.987
73.330	3.097e-02	-2.416	3323	4.740	1.818
73.330	4.055e-02	-2.501	3303	4.815	1.668
73.330	5.342e-02	-2.602	3254	4.889	1.531
73.330	7.021e-02	-2.701	3201	4.960	1.411
73.330	9.158e-02	-2.797	3147	5.026	1.308
73.330	1.211e-01	-2.907	3069	5.093	1.212
73.330	1.599e-01	-3.031	2961	5.154	1.129
73.330	2.093e-01	-3.155	2842	5.208	1.061
73.330	2.747e-01	-3.307	2677	5.255	1.005
73.330	3.610e-01	-3.463	2503	5.295	0.960
73.330	4.709e-01	-3.604	2353	5.328	0.924
73.330	6.180e-01	-3.744	2208	5.357	0.894
73.330	8.123e-01	-3.878	2073	5.383	0.868
73.330	1.068e+00	-4.016	1941	5.406	0.845
73.330	1.404e+00	-4.151	1817	5.426	0.826
73.330	1.831e+00	-4.284	1699	5.443	0.809
73.330	2.417e+00	-4.426	1582	5.460	0.794
73.330	3.164e+00	-4.561	1475	5.474	0.781
73.330	4.152e+00	-4.699	1374	5.488	0.769
73.330	5.438e+00	-4.844	1273	5.501	0.757
73.330	7.118e+00	-4.998	1173	5.512	0.748
73.330	9.343e+00	-5.160	1075	5.522	0.739
74.377	1.040e-04	-0.721	3673	3.224	10.485
74.377	1.367e-04	-0.821	3608	3.294	9.682
74.377	1.783e-04	-0.916	3545	3.359	8.984
74.377	2.354e-04	-1.011	3485	3.424	8.332
74.377	3.076e-04	-1.092	3441	3.483	7.786
74.377	4.044e-04	-1.159	3408	3.533	7.350
74.377	5.315e-04	-1.197	3395	3.565	7.085
74.377	6.988e-04	-1.217	3391	3.582	6.947
74.377	9.151e-04	-1.233	3387	3.596	6.834
74.377	1.205e-03	-1.259	3381	3.619	6.656
74.377	1.584e-03	-1.317	3368	3.671	6.272
74.377	2.078e-03	-1.451	3365	3.803	5.387
74.377	2.714e-03	-1.567	3379	3.926	4.674
74.377	3.583e-03	-1.672	3395	4.040	4.101
74.377	4.682e-03	-1.761	3421	4.141	3.648
74.377	6.108e-03	-1.845	3445	4.238	3.264
74.377	8.016e-03	-1.938	3450	4.333	2.926
74.377	1.054e-02	-2.040	3426	4.423	2.639
74.377	1.374e-02	-2.134	3403	4.505	2.399
74.377	1.814e-02	-2.229	3380	4.588	2.181
74.377	2.375e-02	-2.319	3357	4.666	1.994
74.377	3.092e-02	-2.406	3333	4.741	1.830
74.377	4.058e-02	-2.491	3315	4.816	1.677
74.377	5.314e-02	-2.588	3269	4.890	1.542
74.377	6.957e-02	-2.686	3217	4.960	1.422
74.377	9.131e-02	-2.783	3164	5.028	1.315
74.377	1.200e-01	-2.889	3090	5.093	1.220
74.377	1.565e-01	-3.006	2989	5.152	1.139
74.377	2.066e-01	-3.130	2875	5.209	1.068
74.377	2.722e-01	-3.282	2710	5.258	1.009
74.377	3.577e-01	-3.433	2544	5.298	0.963
74.377	4.703e-01	-3.580	2383	5.332	0.926
74.377	6.181e-01	-3.719	2237	5.362	0.895
74.377	8.159e-01	-3.851	2105	5.387	0.869
74.377	1.068e+00	-3.981	1978	5.410	0.847
74.377	1.410e+00	-4.112	1855	5.430	0.828
74.377	1.843e+00	-4.241	1740	5.447	0.811
74.377	2.423e+00	-4.374	1627	5.464	0.796
74.377	3.184e+00	-4.506	1521	5.478	0.783
74.377	4.203e+00	-4.639	1420	5.492	0.770
74.377	5.536e+00	-4.779	1320	5.505	0.759
74.377	7.276e+00	-4.927	1220	5.517	0.749
74.377	9.604e+00	-5.086	1121	5.528	0.740
75.425	1.041e-04	-0.710	3685	3.226	10.541
75.425	1.369e-04	-0.810	3621	3.295	9.730
75.425	1.800e-04	-0.909	3556	3.362	9.008
75.425	2.347e-04	-1.000	3498	3.425	8.382
75.425	3.081e-04	-1.082	3451	3.484	7.828
75.425	4.034e-04	-1.147	3419	3.532	7.406
75.425	5.281e-04	-1.184	3404	3.563	7.153
75.425	6.932e-04	-1.204	3399	3.579	7.019
75.425	9.077e-04	-1.220	3395	3.593	6.903
75.425	1.196e-03	-1.247	3389	3.617	6.720
75.425	1.572e-03	-1.307	3375	3.671	6.317
75.425	2.050e-03	-1.441	3369	3.801	5.436
75.425	2.690e-03	-1.558	3383	3.925	4.712
75.425	3.536e-03	-1.662	3397	4.036	4.146
75.425	4.649e-03	-1.752	3423	4.140	3.680
75.425	6.110e-03	-1.838	3448	4.239	3.285
75.425	7.970e-03	-1.925	3460	4.332	2.951
75.425	1.054e-02	-2.030	3436	4.424	2.655
75.425	1.375e-02	-2.124	3412	4.506	2.413
75.425	1.815e-02	-2.219	3390	4.589	2.193
75.425	2.376e-02	-2.309	3367	4.667	2.005
75.425	3.136e-02	-2.400	3342	4.746	1.832
75.425	4.098e-02	-2.484	3324	4.820	1.681
75.425	5.388e-02	-2.581	3280	4.895	1.543
75.425	7.081e-02	-2.681	3227	4.966	1.421
75.425	9.237e-02	-2.775	3176	5.033	1.317
75.425	1.219e-01	-2.882	3103	5.099	1.220
75.425	1.596e-01	-3.000	3002	5.159	1.138
75.425	2.107e-01	-3.123	2889	5.216	1.066
75.425	2.775e-01	-3.272	2727	5.265	1.008
75.425	3.647e-01	-3.419	2565	5.305	0.962
75.425	4.815e-01	-3.569	2400	5.339	0.925
75.425	6.303e-01	-3.703	2258	5.368	0.895
75.425	8.272e-01	-3.826	2133	5.392	0.870
75.425	1.087e+00	-3.952	2010	5.415	0.848
75.425	1.429e+00	-4.076	1893	5.434	0.829
75.425	1.872e+00	-4.198	1782	5.451	0.813
75.425	2.451e+00	-4.320	1676	5.467	0.799
75.425	3.216e+00	-4.445	1572	5.481	0.786
75.425	4.227e+00	-4.569	1475	5.494	0.774
75.425	5.514e+00	-4.692	1384	5.507	0.763
75.425	7.278e+00	-4.831	1287	5.519	0.752
75.425	9.587e+00	-4.978	1190	5.530	0.743
76.472	1.016e-04	-0.691	3703	3.221	10.679
76.472	1.342e-04	-0.792	3639	3.292	9.840
76.472	1.756e-04	-0.889	3574	3.358	9.116
76.472	2.287e-04	-0.981	3515	3.420	8.484
76.472	3.019e-04	-1.066	3465	3.481	7.910
76.472	3.952e-04	-1.131	3433	3.529	7.484
76.472	5.216e-04	-1.171	3414	3.560	7.224
76.472	6.829e-04	-1.190	3408	3.576	7.092
76.472	8.891e-04	-1.206	3404	3.590	6.979
76.472	1.156e-03	-1.231	3398	3.612	6.806
76.472	1.526e-03	-1.289	3385	3.663	6.413
76.472	1.997e-03	-1.425	3374	3.793	5.526
76.472	2.641e-03	-1.545	3387	3.921	4.770
76.472	3.445e-03	-1.647	3399	4.028	4.213
76.472	4.548e-03	-1.739	3424	4.133	3.735
76.472	5.954e-03	-1.823	3449	4.230	3.340
76.472	7.814e-03	-1.907	3471	4.325	2.993
76.472	1.023e-02	-2.009	3448	4.415	2.700
76.472	1.340e-02	-2.105	3424	4.499	2.450
76.472	1.758e-02	-2.198	3402	4.581	2.230
76.472	2.311e-02	-2.290	3379	4.661	2.035
76.472	3.038e-02	-2.380	3354	4.738	1.861
76.472	3.993e-02	-2.466	3336	4.814	1.704
76.472	5.250e-02	-2.560	3299	4.890	1.563
76.472	6.900e-02	-2.660	3245	4.961	1.439
76.472	9.000e-02	-2.754	3195	5.028	1.332
76.472	1.188e-01	-2.859	3127	5.096	1.233
76.472	1.565e-01	-2.976	3030	5.158	1.148
76.472	2.057e-01	-3.094	2924	5.214	1.076
76.472	2.699e-01	-3.237	2770	5.264	1.016
76.472	3.548e-01	-3.380	2614	5.305	0.969
76.472	4.628e-01	-3.526	2450	5.339	0.932
76.472	6.108e-01	-3.663	2303	5.368	0.901
76.472	8.047e-01	-3.782	2182	5.393	0.875
76.472	1.058e+00	-3.901	2064	5.415	0.853
76.472	1.379e+00	-4.016	1953	5.434	0.835
76.472	1.821e+00	-4.132	1845	5.452	0.818
76.472	2.384e+00	-4.245	1744	5.467	0.804
76.472	3.146e+00	-4.362	1644	5.481	0.791
76.472	4.145e+00	-4.477	1550	5.494	0.779
76.472	5.447e+00	-4.591	1462	5.506	0.769
76.472	7.162e+00	-4.710	1374	5.518	0.759
76.472	9.413e+00	-4.839	1284	5.529	0.749
77.520	1.021e-04	-0.681	3714	3.223	10.725
77.520	1.342e-04	-0.781	3652	3.293	9.894
77.520	1.764e-04	-0.880	3586	3.360	9.152
77.520	2.310e-04	-0.973	3525	3.424	8.505
77.520	3.003e-04	-1.054	3477	3.481	7.965
77.520	3.924e-04	-1.118	3445	3.528	7.545
77.520	5.159e-04	-1.157	3425	3.558	7.293
77.520	6.781e-04	-1.177	3418	3.573	7.162
77.520	8.844e-04	-1.194	3412	3.588	7.046
77.520	1.170e-03	-1.222	3405	3.612	6.850
77.520	1.538e-03	-1.286	3390	3.669	6.415
77.520	1.959e-03	-1.412	3378	3.789	5.590
77.520	2.513e-03	-1.520	3389	3.903	4.903
77.520	3.317e-03	-1.627	3401	4.016	4.303
77.520	4.342e-03	-1.718	3423	4.117	3.829
77.520	5.732e-03	-1.805	3449	4.217	3.412
77.520	7.490e-03	-1.882	3481	4.311	3.063
77.520	9.887e-03	-1.986	3460	4.404	2.752
77.520	1.294e-02	-2.083	3436	4.489	2.495
77.520	1.685e-02	-2.174	3415	4.569	2.275
77.520	2.191e-02	-2.262	3393	4.646	2.083
77.520	2.892e-02	-2.354	3368	4.726	1.901
77.520	3.786e-02	-2.439	3349	4.801	1.743
77.520	4.997e-02	-2.530	3322	4.878	1.596
77.520	6.609e-02	-2.633	3267	4.952	1.465
77.520	8.652e-02	-2.729	3216	5.021	1.354
77.520	1.136e-01	-2.829	3156	5.087	1.254
77.520	1.492e-01	-2.940	3069	5.150	1.166
77.520	1.962e-01	-3.060	2962	5.208	1.091
77.520	2.570e-01	-3.191	2828	5.258	1.029
77.520	3.364e-01	-3.330	2676	5.301	0.980
77.520	4.440e-01	-3.480	2506	5.338	0.939
77.520	5.849e-01	-3.612	2363	5.368	0.908
77.520	7.687e-01	-3.732	2237	5.393	0.882
77.520	1.017e+00	-3.846	2122	5.415	0.860
77.520	1.337e+00	-3.956	2014	5.434	0.841
77.520	1.757e+00	-4.062	1913	5.451	0.825
77.520	2.306e+00	-4.164	1819	5.466	0.811
77.520	3.030e+00	-4.266	1729	5.479	0.798
77.520	3.984e+00	-4.368	1642	5.491	0.787
77.520	5.236e+00	-4.467	1561	5.502	0.777
77.520	6.830e+00	-4.562	1486	5.512	0.768
77.520	9.016e+00	-4.665	1409	5.523	0.759
78.567	1.047e-04	-0.680	3721	3.230	10.704
78.567	1.376e-04	-0.779	3659	3.300	9.873
78.567	1.809e-04	-0.879	3593	3.368	9.134
78.567	2.369e-04	-0.971	3532	3.431	8.492
78.567	3.080e-04	-1.051	3484	3.487	7.963
78.567	4.025e-04	-1.111	3454	3.531	7.567
78.567	5.293e-04	-1.146	3436	3.558	7.341
78.567	6.956e-04	-1.165	3427	3.573	7.217
78.567	9.073e-04	-1.183	3421	3.588	7.094
78.567	1.191e-03	-1.214	3412	3.614	6.884
78.567	1.565e-03	-1.289	3395	3.680	6.378
78.567	2.066e-03	-1.433	3384	3.818	5.439
78.567	2.721e-03	-1.547	3397	3.939	4.734
78.567	3.577e-03	-1.648	3409	4.047	4.182
78.567	4.702e-03	-1.737	3434	4.148	3.723
78.567	6.180e-03	-1.821	3458	4.244	3.330
78.567	8.061e-03	-1.899	3487	4.337	2.994
78.567	1.066e-02	-2.004	3462	4.429	2.692
78.567	1.391e-02	-2.099	3439	4.512	2.447
78.567	1.836e-02	-2.193	3417	4.596	2.223
78.567	2.403e-02	-2.283	3394	4.674	2.031
78.567	3.129e-02	-2.370	3371	4.749	1.863
78.567	4.107e-02	-2.455	3354	4.825	1.707
78.567	5.397e-02	-2.547	3320	4.900	1.566
78.567	7.138e-02	-2.650	3265	4.974	1.438
78.567	9.310e-02	-2.743	3217	5.041	1.331
78.567	1.222e-01	-2.845	3152	5.107	1.234
78.567	1.606e-01	-2.958	3060	5.169	1.149
78.567	2.120e-01	-3.077	2952	5.226	1.076
78.567	2.793e-01	-3.214	2808	5.276	1.016
78.567	3.670e-01	-3.352	2657	5.317	0.969
78.567	4.845e-01	-3.499	2490	5.351	0.931
78.567	6.342e-01	-3.621	2357	5.379	0.902
78.567	8.387e-01	-3.734	2239	5.402	0.878
78.567	1.103e+00	-3.837	2135	5.422	0.858
78.567	1.449e+00	-3.935	2038	5.440	0.841
78.567	1.906e+00	-4.031	1946	5.455	0.826
78.567	2.504e+00	-4.119	1864	5.468	0.814
78.567	3.267e+00	-4.203	1788	5.480	0.803
78.567	4.288e+00	-4.285	1716	5.491	0.793
78.567	5.635e+00	-4.366	1647	5.500	0.784
78.567	7.438e+00	-4.442	1584	5.509	0.777
78.567	9.720e+00	-4.511	1529	5.516	0.770
80.663	1.024e-04	-0.651	3749	3.226	10.896
80.663	1.349e-04	-0.751	3688	3.298	10.035
80.663	1.773e-04	-0.851	3623	3.366	9.278
80.663	2.313e-04	-0.943	3562	3.429	8.632
80.663	3.007e-04	-1.023	3511	3.484	8.097
80.663	3.947e-04	-1.083	3478	3.528	7.698
80.663	5.168e-04	-1.117	3461	3.553	7.480
80.663	6.766e-04	-1.136	3452	3.567	7.357
80.663	8.880e-04	-1.157	3441	3.583	7.227
80.663	1.167e-03	-1.191	3429	3.610	7.003
80.663	1.541e-03	-1.274	3408	3.684	6.435
80.663	2.017e-03	-1.416	3393	3.817	5.516
80.663	2.647e-03	-1.527	3405	3.934	4.822
80.663	3.479e-03	-1.627	3416	4.041	4.266
80.663	4.574e-03	-1.716	3437	4.140	3.803
80.663	5.989e-03	-1.799	3462	4.235	3.410
80.663	7.827e-03	-1.873	3498	4.327	3.067
80.663	1.021e-02	-1.969	3484	4.416	2.768
80.663	1.348e-02	-2.069	3460	4.504	2.502
80.663	1.764e-02	-2.161	3438	4.586	2.278
80.663	2.297e-02	-2.250	3416	4.663	2.084
80.663	3.015e-02	-2.339	3392	4.741	1.906
80.663	3.948e-02	-2.424	3375	4.816	1.747
80.663	5.168e-02	-2.509	3354	4.891	1.603
80.663	6.822e-02	-2.612	3301	4.965	1.472
80.663	8.931e-02	-2.707	3251	5.034	1.359
80.663	1.172e-01	-2.804	3196	5.101	1.258
80.663	1.541e-01	-2.911	3116	5.164	1.170
80.663	2.034e-01	-3.031	3008	5.223	1.094
80.663	2.662e-01	-3.148	2894	5.273	1.032
80.663	3.494e-01	-3.282	2747	5.316	0.983
80.663	4.592e-01	-3.413	2599	5.351	0.944
80.663	6.062e-01	-3.539	2456	5.380	0.913
80.663	7.935e-01	-3.648	2336	5.402	0.890
80.663	1.047e+00	-3.734	2248	5.420	0.872
80.663	1.380e+00	-3.812	2168	5.436	0.856
80.663	1.813e+00	-3.883	2097	5.449	0.843
80.663	2.380e+00	-3.945	2036	5.459	0.833
80.663	3.128e+00	-3.999	1984	5.468	0.825
80.663	4.113e+00	-4.041	1943	5.475	0.818
80.663	5.405e+00	-4.075	1912	5.480	0.814
80.663	7.050e+00	-4.098	1890	5.483	0.810
80.663	9.307e+00	-4.115	1874	5.486	0.808
81.710	1.013e-04	-0.637	3764	3.224	10.994
81.710	1.331e-04	-0.736	3704	3.295	10.129
81.710	1.757e-04	-0.837	3637	3.365	9.350
81.710	2.300e-04	-0.931	3575	3.428	8.689
81.710	2.995e-04	-1.012	3523	3.484	8.150
81.710	3.893e-04	-1.069	3491	3.526	7.767
81.710	5.139e-04	-1.103	3474	3.551	7.545
81.710	6.727e-04	-1.122	3464	3.565	7.424
81.710	8.829e-04	-1.143	3454	3.581	7.289
81.710	1.160e-03	-1.180	3437	3.609	7.056
81.710	1.532e-03	-1.269	3414	3.687	6.452
81.710	1.984e-03	-1.406	3398	3.815	5.566
81.710	2.582e-03	-1.513	3408	3.928	4.891
81.710	3.408e-03	-1.615	3420	4.035	4.321
81.710	4.453e-03	-1.702	3438	4.132	3.864
81.710	5.855e-03	-1.786	3463	4.228	3.460
81.710	7.696e-03	-1.861	3499	4.322	3.106
81.710	1.012e-02	-1.956	3494	4.414	2.794
81.710	1.330e-02	-2.055	3469	4.501	2.528
81.710	1.745e-02	-2.148	3448	4.583	2.299
81.710	2.294e-02	-2.240	3425	4.663	2.096
81.710	2.992e-02	-2.328	3402	4.739	1.921
81.710	3.927e-02	-2.413	3385	4.816	1.759
81.710	5.143e-02	-2.498	3366	4.891	1.614
81.710	6.685e-02	-2.593	3317	4.961	1.488
81.710	8.737e-02	-2.688	3268	5.030	1.374
81.710	1.140e-01	-2.780	3219	5.096	1.274
81.710	1.504e-01	-2.888	3142	5.161	1.182
81.710	1.981e-01	-3.005	3037	5.220	1.104
81.710	2.604e-01	-3.118	2932	5.272	1.041
81.710	3.397e-01	-3.247	2790	5.315	0.991
81.710	4.484e-01	-3.374	2649	5.351	0.950
81.710	5.906e-01	-3.499	2505	5.379	0.920
81.710	7.763e-01	-3.599	2396	5.401	0.897
81.710	1.013e+00	-3.683	2304	5.418	0.879
81.710	1.339e+00	-3.751	2234	5.432	0.865
81.710	1.761e+00	-3.809	2175	5.444	0.853
81.710	2.314e+00	-3.858	2126	5.453	0.845
81.710	3.018e+00	-3.895	2089	5.460	0.838
81.710	3.961e+00	-3.923	2062	5.465	0.833
81.710	5.187e+00	-3.941	2044	5.468	0.831
81.710	6.779e+00	-3.951	2034	5.469	0.829
81.710	8.842e+00	-3.955	2030	5.470	0.828
83.805	1.044e-04	-0.628	3780	3.234	11.014
83.805	1.372e-04	-0.727	3721	3.305	10.144
83.805	1.811e-04	-0.827	3655	3.374	9.364
83.805	2.370e-04	-0.920	3593	3.438	8.708
83.805	3.111e-04	-1.000	3541	3.492	8.176
83.805	4.089e-04	-1.053	3510	3.530	7.828
83.805	5.376e-04	-1.080	3496	3.550	7.648
83.805	7.039e-04	-1.099	3486	3.564	7.530
83.805	9.273e-04	-1.124	3474	3.583	7.369
83.805	1.219e-03	-1.172	3450	3.619	7.065
83.805	1.585e-03	-1.287	3420	3.718	6.302
83.805	2.057e-03	-1.415	3408	3.840	5.477
83.805	2.704e-03	-1.521	3418	3.952	4.817
83.805	3.527e-03	-1.615	3429	4.052	4.293
83.805	4.629e-03	-1.703	3448	4.149	3.840
83.805	6.062e-03	-1.784	3471	4.242	3.450
83.805	7.922e-03	-1.856	3509	4.333	3.107
83.805	1.042e-02	-1.948	3508	4.424	2.796
83.805	1.369e-02	-2.047	3485	4.511	2.531
83.805	1.807e-02	-2.142	3463	4.595	2.297
83.805	2.365e-02	-2.232	3441	4.674	2.097
83.805	3.080e-02	-2.319	3418	4.750	1.923
83.805	4.042e-02	-2.403	3402	4.826	1.761
83.805	5.313e-02	-2.489	3383	4.902	1.613
83.805	6.930e-02	-2.585	3336	4.974	1.485
83.805	9.147e-02	-2.683	3286	5.045	1.368
83.805	1.197e-01	-2.776	3237	5.112	1.267
83.805	1.581e-01	-2.882	3161	5.177	1.176
83.805	2.082e-01	-2.997	3058	5.234	1.100
83.805	2.737e-01	-3.104	2960	5.285	1.038
83.805	3.598e-01	-3.229	2823	5.327	0.989
83.805	4.729e-01	-3.342	2696	5.361	0.951
83.805	6.168e-01	-3.447	2575	5.386	0.924
83.805	8.095e-01	-3.533	2478	5.405	0.904
83.805	1.064e+00	-3.602	2401	5.419	0.889
83.805	1.399e+00	-3.653	2344	5.429	0.880
83.805	1.839e+00	-3.683	2313	5.435	0.873
83.805	2.427e+00	-3.703	2292	5.440	0.869
83.805	3.177e+00	-3.714	2280	5.442	0.866
83.805	4.137e+00	-3.720	2275	5.443	0.865
83.805	5.429e+00	-3.722	2272	5.444	0.865
83.805	7.136e+00	-3.723	2271	5.444	0.864
83.805	9.498e+00	-3.723	2271	5.444	0.864
85.900	1.039e-04	-0.606	3804	3.234	11.148
85.900	1.358e-04	-0.704	3745	3.304	10.279
85.900	1.786e-04	-0.802	3682	3.373	9.493
85.900	2.338e-04	-0.896	3619	3.437	8.826
85.900	3.061e-04	-0.974	3567	3.490	8.297
85.900	4.018e-04	-1.026	3536	3.527	7.956
85.900	5.280e-04	-1.053	3521	3.546	7.782
85.900	6.887e-04	-1.071	3511	3.559	7.663
85.900	8.954e-04	-1.095	3498	3.577	7.505
85.900	1.175e-03	-1.145	3473	3.614	7.195
85.900	1.544e-03	-1.270	3433	3.719	6.378
85.900	1.984e-03	-1.392	3417	3.833	5.589
85.900	2.596e-03	-1.497	3425	3.942	4.933
85.900	3.411e-03	-1.593	3436	4.044	4.387
85.900	4.450e-03	-1.680	3450	4.138	3.938
85.900	5.874e-03	-1.763	3474	4.232	3.530
85.900	7.689e-03	-1.835	3511	4.323	3.180
85.900	1.015e-02	-1.920	3528	4.417	2.856
85.900	1.342e-02	-2.022	3503	4.506	2.577
85.900	1.757e-02	-2.114	3482	4.588	2.344
85.900	2.288e-02	-2.203	3461	4.666	2.143
85.900	3.003e-02	-2.293	3437	4.744	1.958
85.900	3.932e-02	-2.377	3422	4.820	1.794
85.900	5.148e-02	-2.461	3405	4.896	1.645
85.900	6.757e-02	-2.555	3366	4.970	1.511
85.900	8.880e-02	-2.652	3317	5.041	1.392
85.900	1.168e-01	-2.745	3269	5.109	1.286
85.900	1.529e-01	-2.844	3203	5.173	1.196
85.900	2.014e-01	-2.954	3110	5.232	1.117
85.900	2.647e-01	-3.058	3017	5.282	1.054
85.900	3.480e-01	-3.168	2902	5.326	1.003
85.900	4.574e-01	-3.274	2784	5.359	0.965
85.900	6.003e-01	-3.366	2679	5.385	0.937
85.900	7.890e-01	-3.444	2588	5.403	0.918
85.900	1.042e+00	-3.499	2525	5.415	0.905
85.900	1.361e+00	-3.531	2489	5.422	0.898
85.900	1.789e+00	-3.550	2468	5.426	0.893
85.900	2.352e+00	-3.559	2458	5.428	0.892
85.900	3.092e+00	-3.562	2455	5.428	0.891
85.900	4.098e+00	-3.563	2454	5.429	0.891
85.900	5.443e+00	-3.563	2453	5.429	0.891
85.900	7.245e+00	-3.563	2453	5.429	0.891
85.900	9.643e+00	-3.564	2453	5.429	0.891
87.996	1.027e-04	-0.585	3824	3.232	11.307
87.996	1.356e-04	-0.684	3768	3.306	10.387
87.996	1.776e-04	-0.781	3707	3.374	9.601
87.996	2.330e-04	-0.875	3644	3.438	8.921
87.996	3.063e-04	-0.953	3592	3.491	8.392
87.996	4.027e-04	-1.002	3561	3.525	8.068
87.996	5.292e-04	-1.027	3546	3.543	7.905
87.996	6.903e-04	-1.046	3535	3.556	7.782
87.996	9.129e-04	-1.075	3519	3.578	7.593
87.996	1.200e-03	-1.136	3488	3.623	7.208
87.996	1.578e-03	-1.277	3441	3.741	6.295
87.996	2.086e-03	-1.406	3427	3.862	5.472
87.996	2.743e-03	-1.508	3435	3.968	4.844
87.996	3.592e-03	-1.600	3446	4.066	4.329
87.996	4.694e-03	-1.685	3460	4.158	3.892
87.996	6.123e-03	-1.763	3483	4.248	3.510
87.996	8.036e-03	-1.834	3523	4.339	3.161
87.996	1.056e-02	-1.917	3541	4.430	2.846
87.996	1.378e-02	-2.013	3518	4.515	2.581
87.996	1.819e-02	-2.108	3497	4.600	2.341
87.996	2.381e-02	-2.199	3475	4.679	2.136
87.996	3.100e-02	-2.286	3453	4.755	1.958
87.996	4.092e-02	-2.372	3437	4.834	1.789
87.996	5.356e-02	-2.456	3420	4.909	1.640
87.996	7.030e-02	-2.549	3382	4.983	1.506
87.996	9.240e-02	-2.645	3335	5.054	1.387
87.996	1.215e-01	-2.738	3288	5.122	1.283
87.996	1.591e-01	-2.835	3223	5.185	1.193
87.996	2.083e-01	-2.939	3137	5.242	1.118
87.996	2.749e-01	-3.039	3047	5.292	1.056
87.996	3.592e-01	-3.134	2953	5.332	1.008
87.996	4.723e-01	-3.232	2843	5.363	0.972
87.996	6.208e-01	-3.307	2757	5.386	0.947
87.996	8.162e-01	-3.364	2692	5.401	0.930
87.996	1.073e+00	-3.402	2648	5.411	0.920
87.996	1.410e+00	-3.423	2623	5.415	0.916
87.996	1.854e+00	-3.431	2614	5.417	0.914
87.996	2.437e+00	-3.433	2611	5.417	0.913
87.996	3.230e+00	-3.434	2610	5.417	0.913
87.996	4.290e+00	-3.434	2610	5.417	0.913
87.996	5.710e+00	-3.434	2610	5.418	0.913
87.996	7.600e+00	-3.434	2610	5.418	0.913
87.996	1.000e+01	-3.435	2609	5.418	0.913
90.091	1.028e-04	-0.568	3842	3.233	11.424
90.091	1.357e-04	-0.666	3789	3.307	10.490
90.091	1.774e-04	-0.761	3730	3.375	9.697
90.091	2.332e-04	-0.855	3667	3.440	9.008
90.091	3.054e-04	-0.930	3616	3.491	8.493
90.091	3.998e-04	-0.976	3587	3.522	8.189
90.091	5.278e-04	-1.001	3572	3.539	8.029
90.091	6.897e-04	-1.021	3559	3.553	7.900
90.091	9.104e-04	-1.053	3541	3.577	7.693
90.091	1.192e-03	-1.120	3505	3.627	7.263
90.091	1.573e-03	-1.274	3450	3.752	6.284
90.091	2.059e-03	-1.394	3436	3.865	5.516
90.091	2.718e-03	-1.496	3442	3.971	4.887
90.091	3.559e-03	-1.587	3453	4.067	4.376
90.091	4.697e-03	-1.675	3466	4.161	3.924
90.091	6.139e-03	-1.752	3489	4.250	3.542
90.091	8.071e-03	-1.823	3529	4.341	3.190
90.091	1.061e-02	-1.901	3557	4.432	2.873
90.091	1.384e-02	-1.997	3534	4.517	2.605
90.091	1.826e-02	-2.093	3513	4.602	2.362
90.091	2.387e-02	-2.183	3491	4.682	2.156
90.091	3.113e-02	-2.270	3469	4.758	1.974
90.091	4.086e-02	-2.354	3454	4.835	1.807
90.091	5.370e-02	-2.439	3437	4.911	1.654
90.091	7.004e-02	-2.528	3407	4.984	1.521
90.091	9.193e-02	-2.623	3360	5.056	1.401
90.091	1.204e-01	-2.714	3314	5.123	1.297
90.091	1.573e-01	-2.808	3256	5.186	1.206
90.091	2.069e-01	-2.907	3179	5.243	1.129
90.091	2.719e-01	-3.004	3092	5.292	1.068
90.091	3.574e-01	-3.088	3014	5.332	1.019
90.091	4.698e-01	-3.175	2918	5.362	0.985
90.091	6.201e-01	-3.240	2845	5.383	0.961
90.091	8.104e-01	-3.282	2797	5.396	0.947
90.091	1.057e+00	-3.306	2769	5.403	0.940
90.091	1.395e+00	-3.318	2755	5.406	0.936
90.091	1.826e+00	-3.322	2751	5.407	0.935
90.091	2.426e+00	-3.323	2750	5.407	0.935
90.091	3.229e+00	-3.323	2749	5.407	0.935
90.091	4.298e+00	-3.324	2749	5.408	0.935
90.091	5.720e+00	-3.324	2749	5.408	0.935
90.091	7.614e+00	-3.324	2748	5.408	0.934
90.091	1.000e+01	-3.325	2748	5.408	0.934
92.186	1.041e-04	-0.556	3857	3.238	11.497
92.186	1.363e-04	-0.649	3810	3.310	10.580
92.186	1.800e-04	-0.748	3749	3.381	9.751
92.186	2.356e-04	-0.839	3688	3.443	9.075
92.186	3.110e-04	-0.912	3638	3.493	8.566
92.186	4.071e-04	-0.954	3612	3.522	8.291
92.186	5.343e-04	-0.976	3597	3.537	8.145
92.186	6.946e-04	-0.997	3584	3.551	8.010
92.186	9.096e-04	-1.032	3563	3.576	7.787
92.186	1.191e-03	-1.110	3520	3.634	7.287
92.186	1.572e-03	-1.269	3461	3.762	6.283
92.186	2.071e-03	-1.389	3445	3.875	5.520
92.186	2.721e-03	-1.488	3450	3.976	4.913
92.186	3.578e-03	-1.578	3461	4.072	4.400
92.186	4.685e-03	-1.663	3472	4.163	3.963
92.186	6.123e-03	-1.740	3494	4.251	3.580
92.186	7.987e-03	-1.809	3533	4.338	3.237
92.186	1.054e-02	-1.882	3571	4.430	2.912
92.186	1.389e-02	-1.981	3550	4.519	2.629
92.186	1.825e-02	-2.076	3529	4.603	2.386
92.186	2.381e-02	-2.165	3508	4.682	2.179
92.186	3.125e-02	-2.254	3486	4.761	1.991
92.186	4.107e-02	-2.339	3471	4.838	1.821
92.186	5.399e-02	-2.424	3454	4.915	1.667
92.186	7.070e-02	-2.511	3429	4.989	1.530
92.186	9.256e-02	-2.606	3383	5.060	1.410
92.186	1.222e-01	-2.699	3337	5.130	1.302
92.186	1.597e-01	-2.790	3283	5.192	1.212
92.186	2.083e-01	-2.882	3214	5.247	1.138
92.186	2.749e-01	-2.975	3131	5.295	1.076
92.186	3.599e-01	-3.051	3063	5.332	1.031
92.186	4.723e-01	-3.119	2994	5.361	0.998
92.186	6.208e-01	-3.175	2930	5.379	0.977
92.186	8.162e-01	-3.206	2893	5.389	0.966
92.186	1.073e+00	-3.222	2876	5.394	0.960
92.186	1.410e+00	-3.227	2870	5.396	0.958
92.186	1.854e+00	-3.229	2868	5.396	0.958
92.186	2.467e+00	-3.229	2868	5.396	0.958
92.186	3.284e+00	-3.229	2867	5.396	0.957
92.186	4.371e+00	-3.230	2867	5.397	0.957
92.186	5.817e+00	-3.230	2867	5.397	0.957
92.186	7.743e+00	-3.230	2866	5.397	0.957
92.186	1.000e+01	-3.231	2866	5.397	0.957
94.281	1.011e-04	-0.529	3878	3.230	11.724
94.281	1.329e-04	-0.621	3837	3.304	10.770
94.281	1.733e-04	-0.717	3778	3.373	9.952
94.281	2.292e-04	-0.810	3718	3.438	9.228
94.281	3.013e-04	-0.884	3667	3.488	8.713
94.281	3.960e-04	-0.926	3640	3.517	8.427
94.281	5.165e-04	-0.948	3625	3.532	8.281
94.281	6.818e-04	-0.971	3611	3.548	8.133
94.281	8.982e-04	-1.009	3586	3.575	7.888
94.281	1.180e-03	-1.100	3535	3.640	7.315
94.281	1.558e-03	-1.259	3472	3.768	6.313
94.281	2.053e-03	-1.378	3454	3.878	5.562
94.281	2.698e-03	-1.476	3457	3.977	4.960
94.281	3.519e-03	-1.562	3468	4.069	4.462
94.281	4.618e-03	-1.648	3478	4.160	4.020
94.281	6.048e-03	-1.726	3498	4.248	3.632
94.281	7.903e-03	-1.795	3536	4.336	3.284
94.281	1.039e-02	-1.865	3576	4.426	2.961
94.281	1.366e-02	-1.958	3567	4.515	2.673
94.281	1.803e-02	-2.055	3546	4.601	2.421
94.281	2.360e-02	-2.146	3525	4.681	2.207
94.281	3.073e-02	-2.233	3503	4.758	2.021
94.281	4.033e-02	-2.317	3489	4.835	1.848
94.281	5.301e-02	-2.402	3472	4.912	1.692
94.281	6.914e-02	-2.485	3453	4.985	1.555
94.281	9.126e-02	-2.581	3410	5.059	1.428
94.281	1.195e-01	-2.672	3364	5.127	1.321
94.281	1.577e-01	-2.762	3316	5.191	1.226
94.281	2.064e-01	-2.853	3250	5.247	1.150
94.281	2.710e-01	-2.939	3177	5.294	1.090
94.281	3.561e-01	-3.011	3112	5.330	1.045
94.281	4.645e-01	-3.064	3064	5.356	1.015
94.281	6.097e-01	-3.106	3020	5.373	0.995
94.281	8.013e-01	-3.132	2990	5.382	0.985
94.281	1.045e+00	-3.143	2977	5.385	0.981
94.281	1.372e+00	-3.146	2974	5.386	0.980
94.281	1.803e+00	-3.147	2973	5.386	0.980
94.281	2.400e+00	-3.147	2973	5.387	0.979
94.281	3.194e+00	-3.147	2972	5.387	0.979
94.281	4.251e+00	-3.147	2972	5.387	0.979
94.281	5.658e+00	-3.148	2972	5.387	0.979
94.281	7.531e+00	-3.148	2971	5.387	0.979
94.281	1.000e+01	-3.149	2971	5.387	0.979
96.376	1.019e-04	-0.516	3894	3.233	11.811
96.376	1.346e-04	-0.609	3853	3.309	10.832
96.376	1.773e-04	-0.707	3794	3.380	9.981
96.376	2.330e-04	-0.796	3737	3.443	9.282
96.376	3.075e-04	-0.867	3689	3.490	8.786
96.376	4.026e-04	-0.904	3664	3.516	8.533
96.376	5.284e-04	-0.925	3650	3.531	8.389
96.376	6.944e-04	-0.949	3634	3.547	8.229
96.376	9.167e-04	-0.994	3605	3.579	7.938
96.376	1.200e-03	-1.107	3541	3.659	7.233
96.376	1.587e-03	-1.263	3480	3.786	6.256
96.376	2.095e-03	-1.379	3462	3.893	5.531
96.376	2.742e-03	-1.473	3465	3.988	4.955
96.376	3.599e-03	-1.560	3476	4.080	4.455
96.376	4.731e-03	-1.645	3486	4.170	4.017
96.376	6.220e-03	-1.723	3507	4.259	3.628
96.376	8.145e-03	-1.791	3546	4.346	3.280
96.376	1.066e-02	-1.860	3585	4.434	2.964
96.376	1.388e-02	-1.947	3582	4.520	2.685
96.376	1.833e-02	-2.044	3560	4.606	2.431
96.376	2.399e-02	-2.135	3539	4.687	2.216
96.376	3.149e-02	-2.224	3518	4.766	2.023
96.376	4.138e-02	-2.309	3504	4.844	1.850
96.376	5.441e-02	-2.394	3487	4.921	1.693
96.376	7.125e-02	-2.478	3468	4.995	1.554
96.376	9.327e-02	-2.570	3429	5.067	1.431
96.376	1.231e-01	-2.663	3383	5.137	1.321
96.376	1.612e-01	-2.748	3338	5.198	1.230
96.376	2.115e-01	-2.835	3276	5.253	1.155
96.376	2.780e-01	-2.914	3213	5.298	1.097
96.376	3.626e-01	-2.978	3155	5.330	1.057
96.376	4.787e-01	-3.024	3113	5.353	1.029
96.376	6.266e-01	-3.052	3088	5.367	1.013
96.376	8.225e-01	-3.067	3073	5.374	1.005
96.376	1.081e+00	-3.073	3066	5.376	1.002
96.376	1.421e+00	-3.075	3065	5.377	1.001
96.376	1.883e+00	-3.075	3064	5.377	1.001
96.376	2.507e+00	-3.075	3064	5.377	1.001
96.376	3.337e+00	-3.075	3064	5.377	1.001
96.376	4.441e+00	-3.076	3064	5.377	1.001
96.376	5.911e+00	-3.076	3064	5.377	1.001
96.376	7.868e+00	-3.076	3063	5.377	1.001
96.376	1.000e+01	-3.077	3063	5.378	1.001
98.471	1.004e-04	-0.495	3912	3.230	11.986
98.471	1.315e-04	-0.586	3872	3.303	11.016
98.471	1.735e-04	-0.682	3819	3.376	10.137
98.471	2.272e-04	-0.770	3764	3.438	9.431
98.471	2.999e-04	-0.840	3716	3.486	8.924
98.471	3.926e-04	-0.877	3691	3.512	8.666
98.471	5.152e-04	-0.899	3677	3.527	8.520
98.471	6.772e-04	-0.924	3661	3.544	8.354
98.471	8.939e-04	-0.970	3630	3.576	8.049
98.471	1.170e-03	-1.089	3559	3.660	7.305
98.471	1.548e-03	-1.246	3493	3.785	6.331
98.471	2.043e-03	-1.362	3471	3.890	5.608
98.471	2.674e-03	-1.456	3471	3.984	5.031
98.471	3.482e-03	-1.540	3482	4.073	4.543
98.471	4.596e-03	-1.625	3492	4.163	4.093
98.471	6.017e-03	-1.704	3508	4.250	3.706
98.471	7.897e-03	-1.772	3546	4.337	3.351
98.471	1.038e-02	-1.842	3586	4.426	3.025
98.471	1.365e-02	-1.925	3598	4.515	2.730
98.471	1.793e-02	-2.021	3577	4.601	2.474
98.471	2.367e-02	-2.115	3556	4.684	2.247
98.471	3.094e-02	-2.203	3535	4.762	2.054
98.471	4.068e-02	-2.288	3521	4.841	1.877
98.471	5.346e-02	-2.373	3505	4.918	1.717
98.471	6.973e-02	-2.455	3487	4.991	1.578
98.471	9.204e-02	-2.547	3454	5.066	1.448
98.471	1.212e-01	-2.639	3409	5.135	1.337
98.471	1.588e-01	-2.723	3365	5.197	1.245
98.471	2.079e-01	-2.806	3310	5.251	1.170
98.471	2.744e-01	-2.878	3259	5.295	1.112
98.471	3.585e-01	-2.938	3204	5.327	1.072
98.471	4.714e-01	-2.979	3167	5.347	1.048
98.471	6.196e-01	-3.001	3147	5.358	1.034
98.471	8.081e-01	-3.011	3137	5.363	1.028
98.471	1.051e+00	-3.015	3134	5.365	1.026
98.471	1.366e+00	-3.015	3133	5.365	1.026
98.471	1.793e+00	-3.016	3133	5.365	1.026
98.471	2.376e+00	-3.016	3133	5.365	1.026
98.471	3.162e+00	-3.016	3133	5.365	1.026
98.471	4.208e+00	-3.016	3133	5.366	1.025
98.471	5.601e+00	-3.016	3133	5.366	1.025
98.471	7.455e+00	-3.017	3132	5.366	1.025
98.471	9.923e+00	-3.017	3132	5.366	1.025
100.566	1.039e-04	-0.491	3923	3.240	11.974
100.566	1.360e-04	-0.582	3883	3.313	11.006
100.566	1.795e-04	-0.677	3832	3.385	10.133
100.566	2.346e-04	-0.761	3779	3.445	9.453
100.566	3.084e-04	-0.824	3737	3.489	8.994
100.566	4.039e-04	-0.856	3715	3.511	8.766
100.566	5.279e-04	-0.877	3701	3.525	8.623
100.566	6.862e-04	-0.903	3684	3.543	8.446
100.566	8.951e-04	-0.954	3651	3.578	8.115
100.566	1.181e-03	-1.093	3566	3.677	7.243
100.566	1.555e-03	-1.242	3502	3.795	6.324
100.566	2.035e-03	-1.353	3480	3.894	5.637
100.566	2.687e-03	-1.449	3479	3.990	5.051
100.566	3.517e-03	-1.533	3489	4.079	4.559
100.566	4.579e-03	-1.614	3499	4.164	4.132
100.566	6.045e-03	-1.695	3513	4.252	3.733
100.566	7.913e-03	-1.762	3552	4.338	3.382
100.566	1.045e-02	-1.832	3592	4.428	3.049
100.566	1.367e-02	-1.909	3613	4.516	2.756
100.566	1.808e-02	-2.008	3592	4.604	2.491
100.566	2.378e-02	-2.101	3570	4.686	2.265
100.566	3.125e-02	-2.191	3550	4.766	2.066
100.566	4.076e-02	-2.274	3536	4.843	1.892
100.566	5.380e-02	-2.360	3520	4.921	1.729
100.566	7.043e-02	-2.443	3503	4.996	1.587
100.566	9.297e-02	-2.531	3475	5.070	1.456
100.566	1.225e-01	-2.623	3431	5.140	1.344
100.566	1.604e-01	-2.706	3387	5.201	1.253
100.566	2.096e-01	-2.783	3339	5.253	1.180
100.566	2.734e-01	-2.847	3296	5.294	1.125
100.566	3.608e-01	-2.902	3250	5.324	1.087
100.566	4.753e-01	-2.937	3218	5.342	1.065
100.566	6.225e-01	-2.954	3203	5.351	1.054
100.566	8.134e-01	-2.960	3197	5.354	1.050
100.566	1.061e+00	-2.962	3195	5.355	1.049
100.566	1.393e+00	-2.962	3195	5.355	1.049
100.566	1.846e+00	-2.962	3195	5.355	1.049
100.566	2.456e+00	-2.963	3194	5.355	1.049
100.566	3.269e+00	-2.963	3194	5.355	1.049
100.566	4.352e+00	-2.963	3194	5.355	1.049
100.566	5.792e+00	-2.963	3194	5.355	1.048
100.566	7.709e+00	-2.964	3194	5.356	1.048
100.566	1.000e+01	-2.964	3193	5.356	1.048
102.661	1.011e-04	-0.467	3940	3.233	12.193
102.661	1.335e-04	-0.560	3902	3.309	11.173
102.661	1.748e-04	-0.650	3857	3.379	10.307
102.661	2.294e-04	-0.736	3804	3.441	9.597
102.661	3.004e-04	-0.798	3764	3.484	9.133
102.661	3.932e-04	-0.831	3742	3.507	8.900
102.661	5.161e-04	-0.852	3727	3.521	8.750
102.661	6.783e-04	-0.880	3708	3.541	8.556
102.661	8.954e-04	-0.939	3670	3.581	8.170
102.661	1.172e-03	-1.088	3578	3.686	7.240
102.661	1.547e-03	-1.235	3512	3.801	6.340
102.661	2.025e-03	-1.345	3489	3.899	5.665
102.661	2.674e-03	-1.439	3487	3.993	5.086
102.661	3.500e-03	-1.523	3496	4.081	4.597
102.661	4.620e-03	-1.606	3506	4.169	4.151
102.661	6.037e-03	-1.684	3518	4.253	3.767
102.661	7.849e-03	-1.749	3555	4.336	3.424
102.661	1.024e-02	-1.816	3594	4.422	3.103
102.661	1.344e-02	-1.887	3629	4.510	2.803
102.661	1.766e-02	-1.984	3609	4.597	2.537
102.661	2.331e-02	-2.079	3587	4.681	2.302
102.661	3.046e-02	-2.167	3566	4.760	2.102
102.661	4.005e-02	-2.253	3553	4.839	1.920
102.661	5.264e-02	-2.338	3537	4.916	1.756
102.661	6.866e-02	-2.420	3521	4.990	1.613
102.661	9.063e-02	-2.504	3502	5.065	1.479
102.661	1.194e-01	-2.597	3457	5.135	1.365
102.661	1.569e-01	-2.680	3414	5.198	1.271
102.661	2.063e-01	-2.755	3372	5.250	1.195
102.661	2.711e-01	-2.818	3330	5.291	1.140
102.661	3.565e-01	-2.863	3297	5.320	1.104
102.661	4.685e-01	-2.893	3270	5.336	1.084
102.661	6.111e-01	-2.907	3258	5.343	1.075
102.661	8.021e-01	-2.912	3253	5.345	1.072
102.661	1.054e+00	-2.913	3252	5.346	1.071
102.661	1.403e+00	-2.913	3252	5.346	1.071
102.661	1.868e+00	-2.914	3252	5.346	1.071
102.661	2.486e+00	-2.914	3252	5.346	1.071
102.661	3.308e+00	-2.914	3252	5.346	1.071
102.661	4.403e+00	-2.914	3252	5.346	1.071
102.661	5.861e+00	-2.914	3251	5.346	1.070
102.661	7.801e+00	-2.915	3251	5.347	1.070
102.661	1.000e+01	-2.915	3251	5.347	1.070
104.757	1.002e-04	-0.450	3954	3.231	12.348
104.757	1.317e-04	-0.541	3919	3.306	11.325
104.757	1.731e-04	-0.630	3879	3.378	10.432
104.757	2.257e-04	-0.714	3827	3.438	9.728
104.757	2.963e-04	-0.775	3788	3.481	9.258
104.757	3.894e-04	-0.807	3767	3.504	9.023
104.757	5.079e-04	-0.828	3753	3.518	8.874
104.757	6.704e-04	-0.858	3733	3.539	8.665
104.757	8.832e-04	-0.920	3691	3.581	8.250
104.757	1.161e-03	-1.078	3592	3.691	7.268
104.757	1.535e-03	-1.225	3522	3.805	6.374
104.757	2.002e-03	-1.332	3500	3.900	5.714
104.757	2.628e-03	-1.425	3494	3.991	5.148
104.757	3.454e-03	-1.509	3502	4.079	4.652
104.757	4.541e-03	-1.591	3512	4.166	4.210
104.757	5.947e-03	-1.670	3522	4.250	3.821
104.757	7.785e-03	-1.737	3559	4.335	3.466
104.757	1.028e-02	-1.806	3599	4.423	3.130
104.757	1.343e-02	-1.874	3637	4.510	2.833
104.757	1.752e-02	-1.965	3624	4.595	2.569
104.757	2.312e-02	-2.061	3602	4.680	2.329
104.757	3.027e-02	-2.150	3582	4.759	2.125
104.757	3.973e-02	-2.236	3568	4.838	1.941
104.757	5.221e-02	-2.321	3553	4.916	1.775
104.757	6.865e-02	-2.405	3536	4.992	1.626
104.757	9.022e-02	-2.485	3524	5.066	1.493
104.757	1.191e-01	-2.578	3480	5.136	1.377
104.757	1.559e-01	-2.659	3438	5.197	1.284
104.757	2.030e-01	-2.729	3401	5.248	1.211
104.757	2.680e-01	-2.788	3364	5.288	1.156
104.757	3.508e-01	-2.829	3336	5.314	1.122
104.757	4.567e-01	-2.852	3319	5.329	1.104
104.757	6.029e-01	-2.864	3310	5.335	1.095
104.757	7.892e-01	-2.867	3307	5.337	1.093
104.757	1.042e+00	-2.868	3306	5.338	1.092
104.757	1.384e+00	-2.868	3306	5.338	1.092
104.757	1.842e+00	-2.868	3306	5.338	1.092
104.757	2.451e+00	-2.868	3306	5.338	1.092
104.757	3.263e+00	-2.868	3306	5.338	1.092
104.757	4.343e+00	-2.869	3306	5.338	1.091
104.757	5.780e+00	-2.869	3305	5.338	1.091
104.757	7.694e+00	-2.869	3305	5.339	1.091
104.757	1.000e+01	-2.870	3305	5.339	1.091
