Mass/Mjup	Age/Gyr	log(L/Lsun)	Teff	log(g)	Radius/Rjup
0.047	1.009e-04	-6.022	470	1.755	1.434
0.047	1.334e-04	-6.115	462	1.820	1.331
0.047	1.764e-04	-6.232	448	1.883	1.237
0.047	2.324e-04	-6.356	431	1.941	1.157
0.047	3.044e-04	-6.478	415	1.995	1.088
0.047	3.985e-04	-6.593	400	2.046	1.025
0.047	5.260e-04	-6.708	385	2.097	0.967
0.047	6.928e-04	-6.822	371	2.145	0.915
0.047	9.106e-04	-6.941	356	2.192	0.867
0.047	1.202e-03	-7.068	339	2.238	0.823
0.047	1.583e-03	-7.196	323	2.279	0.784
0.047	2.081e-03	-7.319	308	2.318	0.750
0.047	2.752e-03	-7.451	291	2.354	0.719
0.047	3.633e-03	-7.575	276	2.387	0.692
0.047	4.785e-03	-7.701	262	2.418	0.668
0.047	6.289e-03	-7.821	248	2.447	0.646
0.047	8.269e-03	-7.944	235	2.475	0.626
0.047	1.083e-02	-8.063	223	2.500	0.608
0.047	1.426e-02	-8.185	210	2.524	0.591
0.047	1.875e-02	-8.305	199	2.547	0.576
0.047	2.445e-02	-8.421	188	2.568	0.563
0.047	3.228e-02	-8.543	178	2.588	0.549
0.047	4.225e-02	-8.659	168	2.607	0.537
0.047	5.588e-02	-8.782	158	2.626	0.526
0.047	7.376e-02	-8.908	149	2.645	0.515
0.047	9.716e-02	-9.032	140	2.663	0.504
0.047	1.277e-01	-9.154	132	2.679	0.495
0.047	1.689e-01	-9.280	124	2.695	0.486
0.047	2.220e-01	-9.402	116	2.710	0.477
0.047	2.908e-01	-9.522	109	2.724	0.470
0.047	3.807e-01	-9.642	103	2.738	0.463
0.047	5.025e-01	-9.762	97	2.751	0.456
0.047	6.566e-01	-9.875	91	2.763	0.449
0.047	8.633e-01	-9.993	86	2.776	0.443
0.047	1.135e+00	-10.113	81	2.788	0.437
0.047	1.501e+00	-10.236	76	2.799	0.431
0.047	1.981e+00	-10.342	72	2.810	0.425
0.063	1.008e-04	-5.873	512	1.880	1.434
0.063	1.333e-04	-5.949	504	1.931	1.352
0.063	1.763e-04	-6.041	493	1.983	1.273
0.063	2.327e-04	-6.144	479	2.036	1.198
0.063	3.065e-04	-6.261	461	2.087	1.130
0.063	4.028e-04	-6.373	444	2.136	1.068
0.063	5.317e-04	-6.494	426	2.183	1.011
0.063	7.004e-04	-6.617	407	2.228	0.961
0.063	9.205e-04	-6.726	392	2.269	0.916
0.063	1.215e-03	-6.839	376	2.311	0.873
0.063	1.591e-03	-6.954	360	2.351	0.834
0.063	2.104e-03	-7.085	342	2.390	0.797
0.063	2.777e-03	-7.218	323	2.427	0.763
0.063	3.658e-03	-7.348	306	2.461	0.734
0.063	4.837e-03	-7.483	288	2.493	0.708
0.063	6.358e-03	-7.615	271	2.521	0.685
0.063	8.408e-03	-7.743	256	2.548	0.664
0.063	1.105e-02	-7.868	242	2.573	0.646
0.063	1.453e-02	-7.993	228	2.596	0.629
0.063	1.918e-02	-8.120	215	2.618	0.613
0.063	2.536e-02	-8.249	202	2.639	0.598
0.063	3.354e-02	-8.378	190	2.659	0.584
0.063	4.391e-02	-8.504	178	2.678	0.572
0.063	5.763e-02	-8.634	167	2.696	0.561
0.063	7.575e-02	-8.763	156	2.713	0.550
0.063	9.999e-02	-8.899	146	2.729	0.539
0.063	1.317e-01	-9.029	137	2.745	0.530
0.063	1.731e-01	-9.156	128	2.759	0.521
0.063	2.276e-01	-9.280	120	2.772	0.513
0.063	2.980e-01	-9.399	113	2.785	0.506
0.063	3.902e-01	-9.516	106	2.796	0.499
0.063	5.121e-01	-9.636	100	2.808	0.493
0.063	6.730e-01	-9.747	94	2.818	0.487
0.063	8.884e-01	-9.852	89	2.828	0.481
0.063	1.163e+00	-9.945	85	2.836	0.477
0.063	1.538e+00	-10.031	81	2.844	0.473
0.063	2.022e+00	-10.104	78	2.850	0.469
0.063	2.658e+00	-10.167	76	2.855	0.467
0.063	3.494e+00	-10.227	73	2.860	0.464
0.063	4.621e+00	-10.292	71	2.866	0.461
0.126	1.001e-04	-5.429	572	1.930	1.914
0.126	1.316e-04	-5.537	552	1.978	1.812
0.126	1.737e-04	-5.629	538	2.025	1.716
0.126	2.298e-04	-5.725	523	2.073	1.624
0.126	3.027e-04	-5.822	508	2.119	1.540
0.126	3.978e-04	-5.924	492	2.165	1.461
0.126	5.189e-04	-6.033	474	2.208	1.391
0.126	6.810e-04	-6.133	458	2.250	1.324
0.126	9.006e-04	-6.258	437	2.293	1.261
0.126	1.184e-03	-6.376	418	2.332	1.205
0.126	1.565e-03	-6.496	399	2.370	1.153
0.126	2.066e-03	-6.609	381	2.407	1.106
0.126	2.733e-03	-6.728	364	2.442	1.061
0.126	3.614e-03	-6.854	345	2.476	1.020
0.126	4.761e-03	-6.989	325	2.508	0.984
0.126	6.257e-03	-7.114	307	2.537	0.952
0.126	8.275e-03	-7.257	288	2.564	0.922
0.126	1.092e-02	-7.392	270	2.590	0.895
0.126	1.445e-02	-7.529	253	2.614	0.871
0.126	1.891e-02	-7.659	238	2.636	0.849
0.126	2.496e-02	-7.797	222	2.657	0.829
0.126	3.288e-02	-7.935	208	2.677	0.810
0.126	4.322e-02	-8.072	194	2.695	0.794
0.126	5.682e-02	-8.210	181	2.712	0.778
0.126	7.468e-02	-8.346	169	2.728	0.764
0.126	9.818e-02	-8.482	157	2.743	0.750
0.126	1.290e-01	-8.615	147	2.757	0.738
0.126	1.683e-01	-8.741	138	2.770	0.727
0.126	2.222e-01	-8.875	129	2.783	0.717
0.126	2.927e-01	-9.005	120	2.795	0.707
0.126	3.846e-01	-9.135	112	2.807	0.698
0.126	5.077e-01	-9.269	105	2.818	0.689
0.126	6.688e-01	-9.398	98	2.828	0.680
0.126	8.758e-01	-9.525	91	2.839	0.672
0.126	1.154e+00	-9.656	85	2.849	0.665
0.126	1.516e+00	-9.789	79	2.858	0.658
0.126	1.994e+00	-9.916	74	2.867	0.651
0.189	1.021e-04	-5.159	680	2.137	1.846
0.189	1.348e-04	-5.271	653	2.179	1.760
0.189	1.776e-04	-5.386	625	2.219	1.681
0.189	2.334e-04	-5.500	598	2.256	1.610
0.189	3.081e-04	-5.612	573	2.293	1.543
0.189	4.058e-04	-5.711	553	2.329	1.480
0.189	5.334e-04	-5.817	531	2.364	1.422
0.189	7.054e-04	-5.925	509	2.400	1.365
0.189	9.275e-04	-6.026	490	2.434	1.313
0.189	1.227e-03	-6.139	468	2.468	1.262
0.189	1.612e-03	-6.251	447	2.501	1.215
0.189	2.120e-03	-6.381	422	2.532	1.173
0.189	2.786e-03	-6.494	403	2.562	1.133
0.189	3.677e-03	-6.609	383	2.591	1.095
0.189	4.814e-03	-6.725	364	2.619	1.061
0.189	6.354e-03	-6.862	342	2.646	1.028
0.189	8.370e-03	-6.992	322	2.672	0.998
0.189	1.100e-02	-7.125	302	2.695	0.972
0.189	1.446e-02	-7.264	283	2.717	0.947
0.189	1.901e-02	-7.403	264	2.737	0.926
0.189	2.509e-02	-7.539	247	2.757	0.905
0.189	3.285e-02	-7.673	231	2.774	0.887
0.189	4.311e-02	-7.810	215	2.791	0.870
0.189	5.666e-02	-7.948	201	2.806	0.855
0.189	7.450e-02	-8.088	187	2.821	0.840
0.189	9.791e-02	-8.227	174	2.835	0.827
0.189	1.277e-01	-8.362	162	2.847	0.815
0.189	1.686e-01	-8.500	151	2.860	0.804
0.189	2.207e-01	-8.632	140	2.871	0.793
0.189	2.913e-01	-8.767	131	2.882	0.784
0.189	3.813e-01	-8.897	122	2.892	0.775
0.189	5.034e-01	-9.031	114	2.902	0.766
0.189	6.590e-01	-9.161	106	2.911	0.758
0.189	8.698e-01	-9.295	99	2.920	0.750
0.189	1.139e+00	-9.422	92	2.929	0.742
0.189	1.503e+00	-9.555	86	2.937	0.735
0.189	1.980e+00	-9.690	80	2.946	0.728
0.189	2.602e+00	-9.824	74	2.953	0.722
0.262	1.045e-04	-4.930	789	2.309	1.785
0.262	1.376e-04	-5.047	753	2.346	1.710
0.262	1.809e-04	-5.162	720	2.381	1.642
0.262	2.387e-04	-5.289	682	2.415	1.579
0.262	3.145e-04	-5.402	651	2.447	1.522
0.262	4.133e-04	-5.517	620	2.478	1.469
0.262	5.456e-04	-5.638	589	2.508	1.419
0.262	7.187e-04	-5.753	560	2.537	1.372
0.262	9.445e-04	-5.856	537	2.565	1.329
0.262	1.249e-03	-5.964	513	2.594	1.286
0.262	1.649e-03	-6.071	490	2.622	1.245
0.262	2.172e-03	-6.185	466	2.650	1.206
0.262	2.855e-03	-6.303	442	2.676	1.170
0.262	3.775e-03	-6.435	416	2.702	1.135
0.262	4.993e-03	-6.551	395	2.727	1.103
0.262	6.591e-03	-6.664	375	2.751	1.073
0.262	8.682e-03	-6.801	351	2.774	1.045
0.262	1.141e-02	-6.929	330	2.796	1.019
0.262	1.488e-02	-7.055	311	2.816	0.996
0.262	1.968e-02	-7.202	289	2.835	0.974
0.262	2.588e-02	-7.342	269	2.853	0.954
0.262	3.401e-02	-7.480	251	2.869	0.936
0.262	4.472e-02	-7.616	234	2.885	0.920
0.262	5.856e-02	-7.752	218	2.899	0.905
0.262	7.666e-02	-7.892	203	2.913	0.891
0.262	1.012e-01	-8.036	188	2.926	0.877
0.262	1.325e-01	-8.176	175	2.938	0.865
0.262	1.749e-01	-8.318	162	2.949	0.854
0.262	2.303e-01	-8.456	151	2.960	0.844
0.262	3.027e-01	-8.590	140	2.969	0.835
0.262	3.980e-01	-8.723	131	2.978	0.826
0.262	5.264e-01	-8.858	122	2.987	0.817
0.262	6.918e-01	-8.989	113	2.996	0.810
0.262	9.024e-01	-9.119	106	3.004	0.802
0.262	1.191e+00	-9.254	98	3.012	0.795
0.262	1.569e+00	-9.384	91	3.019	0.788
0.262	2.062e+00	-9.517	85	3.027	0.781
0.262	2.711e+00	-9.655	79	3.034	0.775
0.262	3.563e+00	-9.785	74	3.040	0.769
0.524	1.026e-04	-4.363	1099	2.620	1.765
0.524	1.352e-04	-4.490	1043	2.655	1.695
0.524	1.776e-04	-4.608	993	2.688	1.632
0.524	2.345e-04	-4.746	934	2.719	1.575
0.524	3.089e-04	-4.878	880	2.748	1.523
0.524	4.085e-04	-5.024	822	2.775	1.477
0.524	5.369e-04	-5.147	777	2.799	1.435
0.524	7.087e-04	-5.273	732	2.823	1.396
0.524	9.372e-04	-5.419	682	2.846	1.361
0.524	1.239e-03	-5.550	640	2.867	1.328
0.524	1.623e-03	-5.668	605	2.886	1.299
0.524	2.130e-03	-5.778	574	2.906	1.270
0.524	2.799e-03	-5.884	546	2.925	1.242
0.524	3.695e-03	-5.995	518	2.945	1.214
0.524	4.837e-03	-6.106	491	2.964	1.188
0.524	6.384e-03	-6.226	464	2.983	1.162
0.524	8.358e-03	-6.354	435	3.001	1.138
0.524	1.105e-02	-6.477	410	3.019	1.114
0.524	1.459e-02	-6.601	386	3.037	1.092
0.524	1.922e-02	-6.726	362	3.053	1.072
0.524	2.526e-02	-6.856	339	3.069	1.052
0.524	3.334e-02	-6.994	316	3.084	1.034
0.524	4.365e-02	-7.135	294	3.098	1.018
0.524	5.729e-02	-7.276	273	3.111	1.003
0.524	7.529e-02	-7.415	254	3.123	0.989
0.524	9.899e-02	-7.553	236	3.135	0.976
0.524	1.301e-01	-7.695	219	3.146	0.963
0.524	1.711e-01	-7.840	202	3.156	0.952
0.524	2.248e-01	-7.984	187	3.165	0.942
0.524	2.932e-01	-8.124	174	3.174	0.933
0.524	3.849e-01	-8.265	161	3.182	0.924
0.524	5.058e-01	-8.405	149	3.189	0.916
0.524	6.598e-01	-8.537	139	3.196	0.909
0.524	8.709e-01	-8.675	129	3.203	0.902
0.524	1.140e+00	-8.807	120	3.210	0.895
0.524	1.505e+00	-8.943	111	3.216	0.888
0.524	1.970e+00	-9.077	103	3.222	0.882
0.524	2.601e+00	-9.210	96	3.228	0.876
0.524	3.404e+00	-9.339	89	3.234	0.871
0.524	4.502e+00	-9.477	83	3.239	0.865
0.786	1.029e-04	-3.955	1361	2.758	1.845
0.786	1.361e-04	-4.101	1283	2.801	1.755
0.786	1.789e-04	-4.249	1204	2.839	1.680
0.786	2.352e-04	-4.392	1130	2.872	1.617
0.786	3.068e-04	-4.532	1061	2.902	1.562
0.786	4.026e-04	-4.682	988	2.929	1.514
0.786	5.292e-04	-4.832	919	2.954	1.472
0.786	6.985e-04	-4.954	868	2.977	1.433
0.786	9.201e-04	-5.064	826	3.000	1.396
0.786	1.217e-03	-5.246	753	3.021	1.362
0.786	1.609e-03	-5.390	701	3.040	1.333
0.786	2.115e-03	-5.507	662	3.057	1.307
0.786	2.792e-03	-5.622	625	3.075	1.281
0.786	3.655e-03	-5.733	592	3.091	1.256
0.786	4.824e-03	-5.849	560	3.108	1.232
0.786	6.316e-03	-5.964	529	3.125	1.208
0.786	8.289e-03	-6.080	499	3.141	1.186
0.786	1.089e-02	-6.201	470	3.157	1.164
0.786	1.441e-02	-6.322	442	3.173	1.143
0.786	1.902e-02	-6.459	412	3.188	1.123
0.786	2.515e-02	-6.583	387	3.203	1.104
0.786	3.293e-02	-6.708	363	3.217	1.087
0.786	4.346e-02	-6.843	339	3.231	1.070
0.786	5.690e-02	-6.978	316	3.243	1.054
0.786	7.510e-02	-7.124	292	3.255	1.040
0.786	9.893e-02	-7.267	271	3.266	1.027
0.786	1.300e-01	-7.404	252	3.277	1.014
0.786	1.710e-01	-7.547	233	3.287	1.003
0.786	2.247e-01	-7.693	216	3.296	0.993
0.786	2.954e-01	-7.838	199	3.304	0.983
0.786	3.882e-01	-7.983	184	3.312	0.974
0.786	5.105e-01	-8.128	170	3.319	0.966
0.786	6.685e-01	-8.270	157	3.326	0.958
0.786	8.751e-01	-8.406	146	3.332	0.952
0.786	1.155e+00	-8.545	135	3.339	0.945
0.786	1.512e+00	-8.678	126	3.344	0.939
0.786	1.996e+00	-8.816	117	3.350	0.933
0.786	2.613e+00	-8.949	108	3.355	0.927
0.786	3.429e+00	-9.082	101	3.360	0.922
0.786	4.507e+00	-9.214	94	3.365	0.916
0.786	5.926e+00	-9.347	87	3.370	0.911
1.048	1.025e-04	-3.752	1488	2.835	1.948
1.048	1.353e-04	-3.847	1445	2.879	1.851
1.048	1.783e-04	-3.954	1394	2.923	1.761
1.048	2.343e-04	-4.084	1324	2.964	1.679
1.048	3.075e-04	-4.244	1233	3.001	1.610
1.048	4.042e-04	-4.402	1147	3.032	1.553
1.048	5.272e-04	-4.562	1062	3.059	1.505
1.048	6.920e-04	-4.712	988	3.083	1.464
1.048	9.095e-04	-4.846	926	3.106	1.427
1.048	1.203e-03	-4.979	869	3.127	1.391
1.048	1.581e-03	-5.114	814	3.148	1.359
1.048	2.091e-03	-5.287	744	3.166	1.331
1.048	2.749e-03	-5.413	698	3.182	1.306
1.048	3.585e-03	-5.531	658	3.198	1.283
1.048	4.732e-03	-5.651	620	3.213	1.260
1.048	6.195e-03	-5.769	585	3.229	1.238
1.048	8.178e-03	-5.890	550	3.244	1.217
1.048	1.071e-02	-6.005	519	3.258	1.197
1.048	1.413e-02	-6.123	489	3.273	1.177
1.048	1.850e-02	-6.239	461	3.287	1.157
1.048	2.442e-02	-6.379	429	3.301	1.139
1.048	3.229e-02	-6.504	402	3.315	1.121
1.048	4.228e-02	-6.626	378	3.327	1.105
1.048	5.549e-02	-6.759	352	3.340	1.090
1.048	7.292e-02	-6.894	328	3.351	1.075
1.048	9.588e-02	-7.035	305	3.363	1.061
1.048	1.260e-01	-7.176	283	3.373	1.049
1.048	1.644e-01	-7.309	263	3.382	1.037
1.048	2.170e-01	-7.458	243	3.392	1.026
1.048	2.840e-01	-7.601	225	3.400	1.017
1.048	3.749e-01	-7.749	207	3.408	1.007
1.048	4.908e-01	-7.893	192	3.415	0.999
1.048	6.478e-01	-8.042	177	3.422	0.991
1.048	8.481e-01	-8.184	163	3.428	0.984
1.048	1.113e+00	-8.325	151	3.434	0.977
1.048	1.458e+00	-8.461	140	3.440	0.971
1.048	1.908e+00	-8.596	130	3.445	0.965
1.048	2.505e+00	-8.731	121	3.450	0.959
1.048	3.292e+00	-8.865	112	3.455	0.954
1.048	4.328e+00	-9.001	104	3.460	0.949
1.048	5.667e+00	-9.133	97	3.464	0.944
1.048	7.419e+00	-9.261	90	3.469	0.939
1.571	1.010e-04	-3.563	1618	2.967	2.049
1.571	1.335e-04	-3.638	1580	3.002	1.970
1.571	1.766e-04	-3.706	1552	3.039	1.888
1.571	2.335e-04	-3.794	1509	3.077	1.805
1.571	3.069e-04	-3.883	1465	3.116	1.727
1.571	4.051e-04	-3.987	1412	3.156	1.649
1.571	5.358e-04	-4.132	1328	3.194	1.579
1.571	7.058e-04	-4.306	1225	3.226	1.521
1.571	9.276e-04	-4.472	1130	3.254	1.474
1.571	1.220e-03	-4.630	1046	3.278	1.434
1.571	1.603e-03	-4.788	967	3.299	1.399
1.571	2.107e-03	-4.916	909	3.318	1.368
1.571	2.770e-03	-5.073	839	3.337	1.339
1.571	3.663e-03	-5.211	782	3.354	1.313
1.571	4.835e-03	-5.361	724	3.369	1.290
1.571	6.369e-03	-5.498	675	3.384	1.269
1.571	8.371e-03	-5.621	634	3.397	1.249
1.571	1.099e-02	-5.745	595	3.411	1.230
1.571	1.444e-02	-5.865	559	3.424	1.212
1.571	1.898e-02	-5.981	527	3.436	1.194
1.571	2.495e-02	-6.102	495	3.449	1.177
1.571	3.300e-02	-6.233	462	3.462	1.160
1.571	4.339e-02	-6.363	432	3.473	1.144
1.571	5.702e-02	-6.480	406	3.485	1.129
1.571	7.497e-02	-6.611	379	3.496	1.115
1.571	9.853e-02	-6.743	354	3.507	1.101
1.571	1.301e-01	-6.880	329	3.517	1.088
1.571	1.703e-01	-7.016	306	3.527	1.076
1.571	2.235e-01	-7.154	284	3.536	1.065
1.571	2.937e-01	-7.302	262	3.544	1.055
1.571	3.862e-01	-7.447	242	3.552	1.045
1.571	5.057e-01	-7.590	224	3.559	1.036
1.571	6.620e-01	-7.733	207	3.566	1.028
1.571	8.689e-01	-7.881	191	3.573	1.021
1.571	1.142e+00	-8.029	176	3.578	1.014
1.571	1.501e+00	-8.174	162	3.584	1.007
1.571	1.973e+00	-8.315	150	3.589	1.001
1.571	2.594e+00	-8.454	139	3.594	0.996
1.571	3.397e+00	-8.589	129	3.599	0.991
1.571	4.448e+00	-8.723	120	3.603	0.986
1.571	5.871e+00	-8.860	111	3.607	0.981
1.571	7.685e+00	-8.993	103	3.611	0.976
1.571	1.000e+01	-9.122	96	3.615	0.972
2.095	1.043e-04	-3.164	2003	3.065	2.115
2.095	1.379e-04	-3.402	1792	3.108	2.012
2.095	1.817e-04	-3.497	1733	3.146	1.926
2.095	2.388e-04	-3.650	1617	3.178	1.856
2.095	3.139e-04	-3.738	1566	3.211	1.787
2.095	4.126e-04	-3.815	1528	3.246	1.717
2.095	5.456e-04	-3.892	1494	3.283	1.645
2.095	7.202e-04	-4.011	1426	3.321	1.574
2.095	9.525e-04	-4.189	1312	3.355	1.515
2.095	1.255e-03	-4.365	1205	3.383	1.467
2.095	1.649e-03	-4.527	1113	3.406	1.427
2.095	2.177e-03	-4.691	1025	3.428	1.392
2.095	2.850e-03	-4.824	960	3.446	1.363
2.095	3.769e-03	-4.962	896	3.465	1.334
2.095	4.984e-03	-5.109	832	3.482	1.308
2.095	6.553e-03	-5.296	753	3.497	1.285
2.095	8.612e-03	-5.425	704	3.511	1.266
2.095	1.137e-02	-5.553	659	3.524	1.247
2.095	1.497e-02	-5.680	618	3.536	1.229
2.095	1.968e-02	-5.798	581	3.548	1.212
2.095	2.588e-02	-5.918	546	3.560	1.196
2.095	3.401e-02	-6.038	513	3.571	1.180
2.095	4.471e-02	-6.168	479	3.583	1.165
2.095	5.877e-02	-6.295	448	3.594	1.151
2.095	7.772e-02	-6.415	421	3.604	1.136
2.095	1.022e-01	-6.545	393	3.615	1.123
2.095	1.343e-01	-6.675	366	3.625	1.110
2.095	1.752e-01	-6.805	342	3.634	1.098
2.095	2.299e-01	-6.942	318	3.643	1.087
2.095	3.022e-01	-7.079	295	3.651	1.076
2.095	3.941e-01	-7.223	273	3.659	1.067
2.095	5.203e-01	-7.369	252	3.667	1.057
2.095	6.811e-01	-7.511	233	3.674	1.049
2.095	8.990e-01	-7.660	215	3.680	1.041
2.095	1.175e+00	-7.805	198	3.686	1.034
2.095	1.545e+00	-7.954	182	3.692	1.027
2.095	2.030e+00	-8.101	168	3.697	1.021
2.095	2.648e+00	-8.241	156	3.702	1.016
2.095	3.495e+00	-8.384	144	3.706	1.010
2.095	4.568e+00	-8.518	133	3.711	1.005
2.095	5.958e+00	-8.652	124	3.715	1.001
2.095	7.820e+00	-8.785	115	3.719	0.996
2.095	1.000e+01	-8.907	107	3.722	0.992
2.619	1.036e-04	-2.944	2200	3.104	2.259
2.619	1.360e-04	-3.065	2120	3.161	2.118
2.619	1.787e-04	-3.232	1983	3.211	1.997
2.619	2.363e-04	-3.347	1904	3.256	1.897
2.619	3.120e-04	-3.561	1716	3.290	1.824
2.619	4.084e-04	-3.634	1679	3.324	1.754
2.619	5.401e-04	-3.727	1625	3.361	1.681
2.619	7.129e-04	-3.831	1564	3.398	1.611
2.619	9.333e-04	-3.974	1469	3.432	1.548
2.619	1.234e-03	-4.145	1355	3.463	1.494
2.619	1.629e-03	-4.317	1246	3.490	1.450
2.619	2.133e-03	-4.474	1153	3.512	1.413
2.619	2.821e-03	-4.636	1063	3.532	1.380
2.619	3.708e-03	-4.769	995	3.550	1.352
2.619	4.874e-03	-4.908	927	3.568	1.325
2.619	6.434e-03	-5.060	857	3.584	1.301
2.619	8.422e-03	-5.228	785	3.598	1.280
2.619	1.112e-02	-5.363	732	3.611	1.261
2.619	1.464e-02	-5.495	683	3.623	1.243
2.619	1.925e-02	-5.622	639	3.635	1.227
2.619	2.531e-02	-5.743	600	3.646	1.210
2.619	3.326e-02	-5.866	563	3.658	1.195
2.619	4.338e-02	-5.981	530	3.668	1.180
2.619	5.726e-02	-6.118	493	3.679	1.166
2.619	7.573e-02	-6.244	461	3.689	1.152
2.619	9.976e-02	-6.365	433	3.700	1.138
2.619	1.311e-01	-6.490	405	3.709	1.126
2.619	1.710e-01	-6.616	379	3.719	1.114
2.619	2.257e-01	-6.750	352	3.728	1.102
2.619	2.955e-01	-6.885	327	3.736	1.091
2.619	3.901e-01	-7.024	304	3.745	1.081
2.619	5.098e-01	-7.169	281	3.752	1.071
2.619	6.649e-01	-7.307	260	3.759	1.063
2.619	8.777e-01	-7.453	240	3.766	1.055
2.619	1.147e+00	-7.597	222	3.772	1.047
2.619	1.496e+00	-7.741	205	3.778	1.040
2.619	1.964e+00	-7.891	189	3.783	1.034
2.619	2.581e+00	-8.039	174	3.788	1.028
2.619	3.366e+00	-8.180	161	3.793	1.022
2.619	4.418e+00	-8.321	148	3.797	1.017
2.619	5.785e+00	-8.458	137	3.802	1.012
2.619	7.561e+00	-8.593	128	3.806	1.008
2.619	9.940e+00	-8.728	118	3.809	1.003
3.143	1.034e-04	-2.798	2314	3.125	2.417
3.143	1.364e-04	-2.908	2250	3.187	2.251
3.143	1.797e-04	-3.026	2173	3.244	2.107
3.143	2.353e-04	-3.181	2047	3.295	1.986
3.143	3.081e-04	-3.300	1961	3.340	1.886
3.143	4.067e-04	-3.473	1816	3.379	1.804
3.143	5.357e-04	-3.572	1753	3.417	1.726
3.143	7.041e-04	-3.694	1670	3.454	1.654
3.143	9.294e-04	-3.816	1589	3.490	1.587
3.143	1.229e-03	-3.990	1465	3.523	1.529
3.143	1.609e-03	-4.148	1358	3.550	1.482
3.143	2.124e-03	-4.314	1251	3.574	1.442
3.143	2.776e-03	-4.465	1161	3.594	1.408
3.143	3.649e-03	-4.619	1074	3.613	1.378
3.143	4.796e-03	-4.750	1006	3.630	1.350
3.143	6.331e-03	-4.899	932	3.647	1.325
3.143	8.288e-03	-5.046	864	3.662	1.303
3.143	1.088e-02	-5.198	797	3.675	1.283
3.143	1.430e-02	-5.335	742	3.687	1.265
3.143	1.880e-02	-5.470	692	3.699	1.248
3.143	2.461e-02	-5.593	649	3.710	1.232
3.143	3.222e-02	-5.715	608	3.721	1.216
3.143	4.253e-02	-5.842	569	3.732	1.201
3.143	5.568e-02	-5.958	536	3.743	1.187
3.143	7.350e-02	-6.099	497	3.753	1.173
3.143	9.682e-02	-6.218	466	3.763	1.159
3.143	1.272e-01	-6.340	437	3.773	1.147
3.143	1.673e-01	-6.463	409	3.782	1.134
3.143	2.191e-01	-6.591	382	3.791	1.122
3.143	2.868e-01	-6.722	357	3.800	1.111
3.143	3.764e-01	-6.859	331	3.808	1.100
3.143	4.947e-01	-6.996	307	3.816	1.090
3.143	6.453e-01	-7.139	284	3.823	1.081
3.143	8.470e-01	-7.278	263	3.830	1.073
3.143	1.113e+00	-7.422	243	3.837	1.065
3.143	1.452e+00	-7.565	225	3.843	1.057
3.143	1.906e+00	-7.713	207	3.849	1.050
3.143	2.505e+00	-7.864	191	3.854	1.044
3.143	3.293e+00	-8.014	175	3.859	1.038
3.143	4.312e+00	-8.158	162	3.863	1.033
3.143	5.645e+00	-8.298	150	3.868	1.028
3.143	7.452e+00	-8.441	138	3.872	1.023
3.143	9.755e+00	-8.576	128	3.876	1.018
3.666	1.031e-04	-2.673	2410	3.137	2.574
3.666	1.358e-04	-2.772	2362	3.202	2.389
3.666	1.784e-04	-2.880	2299	3.263	2.226
3.666	2.355e-04	-3.000	2219	3.322	2.081
3.666	3.083e-04	-3.147	2102	3.374	1.960
3.666	4.078e-04	-3.285	1995	3.422	1.854
3.666	5.362e-04	-3.403	1910	3.465	1.765
3.666	7.091e-04	-3.550	1798	3.506	1.683
3.666	9.319e-04	-3.697	1687	3.542	1.615
3.666	1.230e-03	-3.845	1579	3.576	1.554
3.666	1.620e-03	-3.999	1470	3.605	1.502
3.666	2.122e-03	-4.156	1363	3.631	1.458
3.666	2.778e-03	-4.313	1262	3.653	1.421
3.666	3.667e-03	-4.468	1168	3.674	1.387
3.666	4.800e-03	-4.614	1084	3.692	1.359
3.666	6.336e-03	-4.760	1007	3.709	1.332
3.666	8.295e-03	-4.904	935	3.724	1.309
3.666	1.089e-02	-5.051	866	3.738	1.289
3.666	1.431e-02	-5.193	804	3.751	1.269
3.666	1.881e-02	-5.334	747	3.763	1.252
3.666	2.472e-02	-5.466	696	3.775	1.236
3.666	3.264e-02	-5.593	652	3.786	1.220
3.666	4.272e-02	-5.719	610	3.796	1.205
3.666	5.640e-02	-5.842	571	3.807	1.191
3.666	7.429e-02	-5.971	534	3.817	1.177
3.666	9.764e-02	-6.101	498	3.827	1.164
3.666	1.274e-01	-6.221	467	3.836	1.151
3.666	1.681e-01	-6.343	438	3.845	1.139
3.666	2.201e-01	-6.465	410	3.855	1.127
3.666	2.888e-01	-6.596	383	3.863	1.116
3.666	3.796e-01	-6.728	356	3.872	1.105
3.666	4.951e-01	-6.863	331	3.880	1.095
3.666	6.536e-01	-7.004	307	3.887	1.085
3.666	8.541e-01	-7.144	284	3.894	1.076
3.666	1.123e+00	-7.284	263	3.901	1.068
3.666	1.476e+00	-7.429	243	3.908	1.060
3.666	1.925e+00	-7.573	224	3.913	1.053
3.666	2.541e+00	-7.726	206	3.919	1.046
3.666	3.327e+00	-7.874	190	3.924	1.040
3.666	4.366e+00	-8.024	175	3.929	1.035
3.666	5.718e+00	-8.168	161	3.933	1.030
3.666	7.472e+00	-8.309	149	3.937	1.025
3.666	9.746e+00	-8.444	138	3.941	1.020
4.190	1.036e-04	-2.572	2482	3.146	2.723
4.190	1.356e-04	-2.668	2439	3.211	2.527
4.190	1.790e-04	-2.768	2390	3.277	2.343
4.190	2.339e-04	-2.874	2328	3.337	2.186
4.190	3.075e-04	-2.993	2249	3.395	2.045
4.190	4.041e-04	-3.135	2136	3.448	1.923
4.190	5.334e-04	-3.257	2049	3.497	1.818
4.190	6.983e-04	-3.399	1937	3.542	1.727
4.190	9.218e-04	-3.565	1800	3.581	1.651
4.190	1.207e-03	-3.705	1694	3.615	1.587
4.190	1.596e-03	-3.854	1584	3.647	1.529
4.190	2.107e-03	-4.000	1481	3.676	1.479
4.190	2.775e-03	-4.167	1365	3.702	1.436
4.190	3.647e-03	-4.324	1263	3.724	1.401
4.190	4.757e-03	-4.472	1172	3.743	1.370
4.190	6.279e-03	-4.624	1085	3.761	1.341
4.190	8.220e-03	-4.769	1008	3.777	1.317
4.190	1.079e-02	-4.914	935	3.792	1.295
4.190	1.418e-02	-5.057	868	3.806	1.274
4.190	1.864e-02	-5.202	804	3.818	1.256
4.190	2.450e-02	-5.341	748	3.830	1.239
4.190	3.222e-02	-5.471	698	3.841	1.223
4.190	4.234e-02	-5.600	652	3.852	1.208
4.190	5.589e-02	-5.731	609	3.863	1.193
4.190	7.316e-02	-5.852	571	3.873	1.180
4.190	9.658e-02	-5.990	530	3.883	1.166
4.190	1.272e-01	-6.113	497	3.892	1.154
4.190	1.672e-01	-6.236	465	3.901	1.142
4.190	2.211e-01	-6.358	436	3.911	1.130
4.190	2.919e-01	-6.487	407	3.920	1.118
4.190	3.821e-01	-6.616	379	3.928	1.107
4.190	5.015e-01	-6.751	353	3.936	1.097
4.190	6.591e-01	-6.888	327	3.944	1.087
4.190	8.666e-01	-7.029	303	3.951	1.078
4.190	1.139e+00	-7.169	281	3.958	1.069
4.190	1.486e+00	-7.307	260	3.965	1.061
4.190	1.961e+00	-7.455	240	3.971	1.054
4.190	2.563e+00	-7.601	221	3.976	1.047
4.190	3.343e+00	-7.749	204	3.982	1.041
4.190	4.412e+00	-7.903	187	3.987	1.035
4.190	5.776e+00	-8.051	172	3.991	1.030
4.190	7.581e+00	-8.196	159	3.995	1.025
4.190	9.964e+00	-8.339	147	3.999	1.020
4.714	1.047e-04	-2.487	2543	3.154	2.862
4.714	1.371e-04	-2.584	2499	3.221	2.649
4.714	1.800e-04	-2.680	2456	3.287	2.457
4.714	2.365e-04	-2.780	2405	3.351	2.282
4.714	3.110e-04	-2.888	2342	3.412	2.126
4.714	4.087e-04	-3.010	2257	3.470	1.989
4.714	5.374e-04	-3.148	2149	3.523	1.872
4.714	7.063e-04	-3.278	2050	3.571	1.772
4.714	9.286e-04	-3.436	1919	3.614	1.686
4.714	1.220e-03	-3.592	1792	3.651	1.615
4.714	1.592e-03	-3.732	1684	3.683	1.556
4.714	2.101e-03	-3.874	1579	3.714	1.502
4.714	2.751e-03	-4.021	1475	3.742	1.455
4.714	3.638e-03	-4.192	1356	3.767	1.414
4.714	4.802e-03	-4.353	1251	3.788	1.379
4.714	6.286e-03	-4.503	1161	3.807	1.349
4.714	8.298e-03	-4.654	1075	3.825	1.322
4.714	1.086e-02	-4.797	999	3.840	1.299
4.714	1.414e-02	-4.938	928	3.854	1.278
4.714	1.867e-02	-5.085	860	3.868	1.258
4.714	2.440e-02	-5.227	797	3.880	1.241
4.714	3.208e-02	-5.362	743	3.891	1.225
4.714	4.216e-02	-5.494	693	3.902	1.209
4.714	5.543e-02	-5.625	646	3.913	1.195
4.714	7.285e-02	-5.753	604	3.923	1.181
4.714	9.617e-02	-5.885	563	3.933	1.168
4.714	1.259e-01	-6.011	526	3.942	1.155
4.714	1.665e-01	-6.141	491	3.951	1.143
4.714	2.198e-01	-6.261	461	3.961	1.131
4.714	2.895e-01	-6.384	432	3.970	1.119
4.714	3.805e-01	-6.514	402	3.978	1.108
4.714	5.002e-01	-6.644	375	3.986	1.098
4.714	6.575e-01	-6.784	348	3.994	1.088
4.714	8.644e-01	-6.919	323	4.002	1.078
4.714	1.136e+00	-7.059	299	4.009	1.070
4.714	1.494e+00	-7.199	277	4.016	1.061
4.714	1.963e+00	-7.343	256	4.022	1.054
4.714	2.561e+00	-7.487	237	4.028	1.047
4.714	3.380e+00	-7.640	217	4.033	1.040
4.714	4.417e+00	-7.788	200	4.038	1.034
4.714	5.761e+00	-7.936	184	4.043	1.029
4.714	7.605e+00	-8.088	169	4.047	1.023
4.714	9.938e+00	-8.232	156	4.051	1.019
5.238	1.042e-04	-2.412	2589	3.157	3.009
5.238	1.369e-04	-2.504	2556	3.226	2.776
5.238	1.800e-04	-2.603	2512	3.294	2.568
5.238	2.366e-04	-2.700	2466	3.360	2.381
5.238	3.106e-04	-2.799	2415	3.423	2.214
5.238	4.082e-04	-2.909	2349	3.484	2.063
5.238	5.388e-04	-3.042	2249	3.542	1.930
5.238	7.098e-04	-3.178	2143	3.594	1.819
5.238	9.328e-04	-3.313	2037	3.640	1.724
5.238	1.231e-03	-3.481	1893	3.682	1.644
5.238	1.612e-03	-3.628	1775	3.716	1.579
5.238	2.128e-03	-3.776	1661	3.749	1.521
5.238	2.785e-03	-3.911	1563	3.778	1.471
5.238	3.656e-03	-4.072	1446	3.805	1.427
5.238	4.805e-03	-4.235	1334	3.828	1.389
5.238	6.343e-03	-4.395	1231	3.849	1.356
5.238	8.289e-03	-4.543	1143	3.867	1.328
5.238	1.090e-02	-4.690	1060	3.883	1.303
5.238	1.427e-02	-4.834	984	3.898	1.281
5.238	1.868e-02	-4.977	914	3.912	1.261
5.238	2.466e-02	-5.128	844	3.925	1.242
5.238	3.228e-02	-5.266	785	3.937	1.225
5.238	4.269e-02	-5.404	730	3.948	1.209
5.238	5.569e-02	-5.534	681	3.959	1.195
5.238	7.351e-02	-5.667	635	3.969	1.180
5.238	9.623e-02	-5.794	593	3.979	1.167
5.238	1.263e-01	-5.926	553	3.988	1.155
5.238	1.660e-01	-6.051	517	3.997	1.143
5.238	2.165e-01	-6.171	485	4.006	1.131
5.238	2.863e-01	-6.291	455	4.015	1.120
5.238	3.780e-01	-6.419	425	4.024	1.108
5.238	4.948e-01	-6.548	396	4.032	1.098
5.238	6.531e-01	-6.683	368	4.040	1.088
5.238	8.603e-01	-6.821	342	4.048	1.078
5.238	1.131e+00	-6.960	317	4.055	1.069
5.238	1.487e+00	-7.102	293	4.062	1.061
5.238	1.954e+00	-7.243	271	4.069	1.053
5.238	2.569e+00	-7.388	250	4.075	1.045
5.238	3.376e+00	-7.535	231	4.080	1.039
5.238	4.404e+00	-7.683	213	4.086	1.032
5.238	5.780e+00	-7.835	195	4.090	1.027
5.238	7.597e+00	-7.987	180	4.095	1.021
5.238	9.909e+00	-8.131	166	4.099	1.017
6.285	1.005e-04	-2.276	2668	3.152	3.313
6.285	1.319e-04	-2.364	2642	3.223	3.053
6.285	1.733e-04	-2.452	2616	3.294	2.814
6.285	2.278e-04	-2.550	2574	3.363	2.598
6.285	2.995e-04	-2.649	2526	3.430	2.407
6.285	3.937e-04	-2.748	2477	3.494	2.234
6.285	5.175e-04	-2.848	2423	3.557	2.079
6.285	6.803e-04	-2.966	2343	3.616	1.942
6.285	8.942e-04	-3.106	2229	3.670	1.825
6.285	1.180e-03	-3.242	2121	3.719	1.725
6.285	1.555e-03	-3.403	1982	3.763	1.640
6.285	2.043e-03	-3.555	1856	3.800	1.571
6.285	2.702e-03	-3.712	1729	3.834	1.511
6.285	3.553e-03	-3.851	1624	3.864	1.459
6.285	4.670e-03	-4.004	1511	3.892	1.414
6.285	6.164e-03	-4.173	1390	3.916	1.374
6.285	8.120e-03	-4.336	1281	3.937	1.341
6.285	1.067e-02	-4.487	1187	3.956	1.313
6.285	1.403e-02	-4.633	1102	3.973	1.287
6.285	1.837e-02	-4.779	1023	3.988	1.265
6.285	2.405e-02	-4.924	948	4.003	1.244
6.285	3.157e-02	-5.075	876	4.015	1.226
6.285	4.149e-02	-5.215	814	4.027	1.209
6.285	5.455e-02	-5.354	756	4.039	1.194
6.285	7.144e-02	-5.489	704	4.049	1.179
6.285	9.352e-02	-5.620	656	4.059	1.166
6.285	1.227e-01	-5.752	612	4.069	1.153
6.285	1.613e-01	-5.881	571	4.078	1.141
6.285	2.121e-01	-6.009	533	4.087	1.129
6.285	2.788e-01	-6.134	499	4.096	1.118
6.285	3.680e-01	-6.253	468	4.105	1.106
6.285	4.817e-01	-6.378	438	4.113	1.096
6.285	6.358e-01	-6.511	407	4.121	1.085
6.285	8.324e-01	-6.641	380	4.129	1.076
6.285	1.099e+00	-6.778	352	4.137	1.066
6.285	1.438e+00	-6.917	327	4.144	1.058
6.285	1.899e+00	-7.063	301	4.151	1.049
6.285	2.485e+00	-7.202	279	4.157	1.042
6.285	3.281e+00	-7.347	258	4.163	1.035
6.285	4.287e+00	-7.488	239	4.168	1.028
6.285	5.637e+00	-7.640	219	4.174	1.022
6.285	7.409e+00	-7.794	201	4.178	1.016
6.285	9.663e+00	-7.943	185	4.183	1.011
7.333	1.006e-04	-2.170	2736	3.156	3.561
7.333	1.314e-04	-2.258	2709	3.227	3.282
7.333	1.714e-04	-2.344	2684	3.297	3.029
7.333	2.232e-04	-2.430	2658	3.365	2.799
7.333	2.929e-04	-2.525	2618	3.434	2.585
7.333	3.836e-04	-2.624	2569	3.500	2.396
7.333	5.013e-04	-2.720	2521	3.564	2.227
7.333	6.539e-04	-2.815	2472	3.625	2.076
7.333	8.582e-04	-2.926	2401	3.685	1.938
7.333	1.128e-03	-3.060	2295	3.741	1.817
7.333	1.489e-03	-3.200	2180	3.791	1.714
7.333	1.949e-03	-3.351	2050	3.836	1.629
7.333	2.558e-03	-3.502	1921	3.874	1.558
7.333	3.362e-03	-3.659	1791	3.909	1.497
7.333	4.421e-03	-3.806	1674	3.940	1.445
7.333	5.789e-03	-3.950	1567	3.967	1.400
7.333	7.578e-03	-4.115	1445	3.992	1.360
7.333	9.946e-03	-4.281	1330	4.014	1.327
7.333	1.302e-02	-4.431	1233	4.032	1.299
7.333	1.705e-02	-4.576	1145	4.050	1.273
7.333	2.251e-02	-4.727	1060	4.066	1.250
7.333	2.946e-02	-4.874	982	4.080	1.229
7.333	3.867e-02	-5.025	907	4.093	1.211
7.333	5.082e-02	-5.165	843	4.105	1.194
7.333	6.629e-02	-5.303	783	4.116	1.179
7.333	8.751e-02	-5.444	727	4.127	1.164
7.333	1.144e-01	-5.578	677	4.137	1.151
7.333	1.504e-01	-5.712	630	4.147	1.139
7.333	1.969e-01	-5.840	588	4.156	1.127
7.333	2.577e-01	-5.968	549	4.164	1.115
7.333	3.383e-01	-6.094	513	4.173	1.105
7.333	4.446e-01	-6.211	482	4.182	1.094
7.333	5.846e-01	-6.337	451	4.190	1.083
7.333	7.683e-01	-6.469	419	4.198	1.073
7.333	1.014e+00	-6.601	391	4.206	1.064
7.333	1.325e+00	-6.732	364	4.213	1.055
7.333	1.742e+00	-6.874	337	4.220	1.046
7.333	2.290e+00	-7.020	311	4.227	1.038
7.333	3.029e+00	-7.163	287	4.233	1.031
7.333	3.982e+00	-7.304	266	4.239	1.024
7.333	5.234e+00	-7.445	246	4.245	1.017
7.333	6.881e+00	-7.598	226	4.250	1.011
7.333	9.044e+00	-7.752	207	4.255	1.006
8.381	1.009e-04	-2.077	2797	3.160	3.792
8.381	1.316e-04	-2.166	2770	3.231	3.492
8.381	1.737e-04	-2.257	2742	3.305	3.208
8.381	2.274e-04	-2.345	2715	3.375	2.958
8.381	3.002e-04	-2.435	2685	3.447	2.724
8.381	3.923e-04	-2.530	2645	3.515	2.519
8.381	5.158e-04	-2.630	2594	3.582	2.333
8.381	6.755e-04	-2.727	2544	3.645	2.168
8.381	8.843e-04	-2.827	2490	3.707	2.020
8.381	1.161e-03	-2.935	2421	3.766	1.886
8.381	1.525e-03	-3.073	2308	3.822	1.770
8.381	2.014e-03	-3.209	2197	3.872	1.670
8.381	2.631e-03	-3.372	2051	3.915	1.589
8.381	3.460e-03	-3.514	1932	3.954	1.520
8.381	4.547e-03	-3.685	1785	3.988	1.461
8.381	6.013e-03	-3.825	1677	4.019	1.410
8.381	7.938e-03	-3.982	1557	4.047	1.366
8.381	1.046e-02	-4.156	1428	4.071	1.329
8.381	1.374e-02	-4.314	1320	4.091	1.297
8.381	1.807e-02	-4.464	1224	4.110	1.270
8.381	2.375e-02	-4.614	1133	4.127	1.246
8.381	3.122e-02	-4.763	1049	4.142	1.224
8.381	4.089e-02	-4.913	970	4.156	1.204
8.381	5.352e-02	-5.056	900	4.168	1.187
8.381	7.065e-02	-5.202	833	4.180	1.171
8.381	9.249e-02	-5.342	773	4.191	1.156
8.381	1.214e-01	-5.483	718	4.202	1.143
8.381	1.595e-01	-5.619	667	4.211	1.130
8.381	2.081e-01	-5.748	623	4.220	1.118
8.381	2.747e-01	-5.880	580	4.230	1.106
8.381	3.596e-01	-6.011	540	4.238	1.096
8.381	4.720e-01	-6.129	507	4.246	1.085
8.381	6.203e-01	-6.252	475	4.255	1.075
8.381	8.188e-01	-6.382	443	4.263	1.065
8.381	1.072e+00	-6.510	413	4.271	1.055
8.381	1.407e+00	-6.642	385	4.278	1.046
8.381	1.849e+00	-6.777	357	4.285	1.038
8.381	2.441e+00	-6.929	329	4.292	1.030
8.381	3.195e+00	-7.064	305	4.298	1.022
8.381	4.217e+00	-7.209	282	4.304	1.015
8.381	5.521e+00	-7.345	261	4.310	1.009
8.381	7.288e+00	-7.497	240	4.315	1.002
8.381	9.540e+00	-7.648	221	4.320	0.997
9.428	1.030e-04	-2.001	2850	3.167	3.987
9.428	1.349e-04	-2.091	2822	3.241	3.664
9.428	1.762e-04	-2.180	2795	3.312	3.374
9.428	2.299e-04	-2.267	2767	3.382	3.112
9.428	3.017e-04	-2.356	2738	3.453	2.868
9.428	3.922e-04	-2.442	2710	3.521	2.654
9.428	5.136e-04	-2.538	2667	3.589	2.454
9.428	6.724e-04	-2.637	2616	3.654	2.276
9.428	8.875e-04	-2.738	2562	3.720	2.111
9.428	1.162e-03	-2.839	2504	3.781	1.968
9.428	1.513e-03	-2.946	2433	3.838	1.842
9.428	1.967e-03	-3.076	2327	3.891	1.734
9.428	2.557e-03	-3.203	2224	3.938	1.641
9.428	3.356e-03	-3.370	2071	3.982	1.560
9.428	4.410e-03	-3.512	1953	4.021	1.492
9.428	5.833e-03	-3.685	1803	4.056	1.433
9.428	7.669e-03	-3.824	1694	4.086	1.384
9.428	1.008e-02	-3.987	1566	4.113	1.342
9.428	1.330e-02	-4.161	1437	4.137	1.306
9.428	1.742e-02	-4.314	1331	4.157	1.276
9.428	2.286e-02	-4.463	1234	4.175	1.249
9.428	2.993e-02	-4.613	1143	4.192	1.225
9.428	3.919e-02	-4.760	1059	4.207	1.204
9.428	5.143e-02	-4.911	979	4.221	1.185
9.428	6.760e-02	-5.055	908	4.233	1.168
9.428	8.817e-02	-5.198	841	4.245	1.153
9.428	1.164e-01	-5.345	778	4.256	1.138
9.428	1.524e-01	-5.485	722	4.266	1.125
9.428	2.011e-01	-5.624	670	4.276	1.113
9.428	2.633e-01	-5.754	625	4.285	1.101
9.428	3.475e-01	-5.889	581	4.294	1.090
9.428	4.549e-01	-6.017	543	4.302	1.080
9.428	5.971e-01	-6.135	509	4.310	1.069
9.428	7.848e-01	-6.263	475	4.318	1.059
9.428	1.032e+00	-6.391	444	4.326	1.050
9.428	1.356e+00	-6.518	414	4.334	1.041
9.428	1.793e+00	-6.658	384	4.341	1.032
9.428	2.358e+00	-6.794	356	4.348	1.024
9.428	3.099e+00	-6.938	329	4.355	1.016
9.428	4.091e+00	-7.079	305	4.361	1.009
9.428	5.355e+00	-7.218	282	4.367	1.002
9.428	7.029e+00	-7.360	261	4.372	0.996
9.428	9.204e+00	-7.509	240	4.377	0.990
10.476	1.031e-04	-1.926	2901	3.169	4.194
10.476	1.345e-04	-2.017	2873	3.243	3.853
10.476	1.776e-04	-2.109	2844	3.318	3.534
10.476	2.324e-04	-2.199	2815	3.389	3.254
10.476	3.051e-04	-2.288	2786	3.461	2.998
10.476	3.995e-04	-2.376	2757	3.530	2.766
10.476	5.230e-04	-2.464	2727	3.600	2.555
10.476	6.917e-04	-2.567	2675	3.669	2.358
10.476	9.094e-04	-2.668	2622	3.735	2.186
10.476	1.195e-03	-2.767	2568	3.798	2.032
10.476	1.559e-03	-2.871	2504	3.858	1.898
10.476	2.046e-03	-2.988	2419	3.916	1.775
10.476	2.689e-03	-3.121	2312	3.969	1.670
10.476	3.536e-03	-3.260	2193	4.017	1.580
10.476	4.676e-03	-3.423	2047	4.060	1.504
10.476	6.184e-03	-3.585	1906	4.098	1.440
10.476	8.178e-03	-3.743	1773	4.130	1.387
10.476	1.075e-02	-3.896	1650	4.159	1.342
10.476	1.419e-02	-4.069	1515	4.184	1.303
10.476	1.857e-02	-4.227	1401	4.206	1.272
10.476	2.452e-02	-4.379	1299	4.225	1.243
10.476	3.210e-02	-4.530	1202	4.242	1.219
10.476	4.212e-02	-4.679	1113	4.258	1.197
10.476	5.536e-02	-4.832	1028	4.273	1.177
10.476	7.279e-02	-4.978	953	4.286	1.159
10.476	9.532e-02	-5.123	882	4.298	1.143
10.476	1.248e-01	-5.267	817	4.309	1.129
10.476	1.647e-01	-5.417	754	4.320	1.115
10.476	2.170e-01	-5.558	699	4.329	1.103
10.476	2.852e-01	-5.693	651	4.339	1.091
10.476	3.720e-01	-5.823	607	4.347	1.080
10.476	4.910e-01	-5.957	564	4.356	1.070
10.476	6.427e-01	-6.079	529	4.364	1.060
10.476	8.436e-01	-6.205	494	4.372	1.050
10.476	1.109e+00	-6.333	461	4.380	1.040
10.476	1.466e+00	-6.459	431	4.388	1.031
10.476	1.936e+00	-6.603	398	4.395	1.022
10.476	2.550e+00	-6.734	371	4.402	1.014
10.476	3.351e+00	-6.876	343	4.409	1.006
10.476	4.423e+00	-7.017	317	4.415	0.999
10.476	5.790e+00	-7.157	294	4.421	0.992
10.476	7.643e+00	-7.302	271	4.427	0.986
10.476	1.000e+01	-7.450	250	4.432	0.980
11.523	1.015e-04	-1.849	2951	3.163	4.429
11.523	1.329e-04	-1.943	2921	3.239	4.056
11.523	1.754e-04	-2.037	2892	3.316	3.714
11.523	2.296e-04	-2.127	2863	3.389	3.416
11.523	3.013e-04	-2.218	2833	3.461	3.144
11.523	3.946e-04	-2.306	2803	3.531	2.899
11.523	5.166e-04	-2.394	2774	3.601	2.675
11.523	6.780e-04	-2.485	2741	3.671	2.469
11.523	8.911e-04	-2.587	2686	3.738	2.284
11.523	1.162e-03	-2.685	2633	3.801	2.124
11.523	1.525e-03	-2.785	2578	3.864	1.976
11.523	1.998e-03	-2.892	2509	3.924	1.845
11.523	2.631e-03	-3.012	2420	3.981	1.727
11.523	3.459e-03	-3.143	2312	4.033	1.626
11.523	4.565e-03	-3.300	2172	4.081	1.539
11.523	5.976e-03	-3.443	2046	4.121	1.470
11.523	7.904e-03	-3.607	1902	4.157	1.410
11.523	1.039e-02	-3.753	1780	4.188	1.360
11.523	1.366e-02	-3.911	1651	4.216	1.318
11.523	1.796e-02	-4.075	1523	4.240	1.282
11.523	2.360e-02	-4.228	1411	4.261	1.252
11.523	3.078e-02	-4.371	1314	4.279	1.226
11.523	4.063e-02	-4.525	1214	4.296	1.202
11.523	5.319e-02	-4.670	1127	4.311	1.181
11.523	6.982e-02	-4.820	1042	4.326	1.161
11.523	9.176e-02	-4.964	966	4.339	1.144
11.523	1.206e-01	-5.114	893	4.351	1.128
11.523	1.586e-01	-5.263	825	4.362	1.113
11.523	2.068e-01	-5.409	762	4.372	1.101
11.523	2.714e-01	-5.551	707	4.382	1.088
11.523	3.568e-01	-5.688	657	4.391	1.077
11.523	4.653e-01	-5.822	611	4.400	1.066
11.523	6.142e-01	-5.959	567	4.409	1.055
11.523	8.041e-01	-6.086	530	4.417	1.045
11.523	1.063e+00	-6.227	491	4.425	1.035
11.523	1.404e+00	-6.349	460	4.433	1.026
11.523	1.849e+00	-6.485	427	4.441	1.017
11.523	2.445e+00	-6.628	395	4.448	1.008
11.523	3.214e+00	-6.757	368	4.455	1.000
11.523	4.242e+00	-6.902	340	4.462	0.993
11.523	5.554e+00	-7.040	315	4.468	0.986
11.523	7.289e+00	-7.183	291	4.474	0.979
11.523	9.580e+00	-7.330	268	4.479	0.973
12.047	1.012e-04	-1.815	2974	3.162	4.535
12.047	1.333e-04	-1.912	2943	3.241	4.142
12.047	1.752e-04	-2.006	2914	3.317	3.794
12.047	2.286e-04	-2.095	2885	3.389	3.493
12.047	2.976e-04	-2.183	2855	3.459	3.221
12.047	3.906e-04	-2.273	2826	3.531	2.966
12.047	5.115e-04	-2.361	2797	3.601	2.736
12.047	6.684e-04	-2.448	2767	3.669	2.528
12.047	8.719e-04	-2.545	2719	3.736	2.341
12.047	1.151e-03	-2.648	2663	3.803	2.167
12.047	1.507e-03	-2.747	2609	3.866	2.016
12.047	1.962e-03	-2.848	2547	3.925	1.883
12.047	2.589e-03	-2.962	2467	3.985	1.759
12.047	3.384e-03	-3.086	2368	4.038	1.655
12.047	4.449e-03	-3.218	2258	4.087	1.564
12.047	5.884e-03	-3.380	2109	4.130	1.488
12.047	7.733e-03	-3.525	1982	4.167	1.426
12.047	1.009e-02	-3.673	1853	4.198	1.375
12.047	1.331e-02	-3.820	1731	4.227	1.330
12.047	1.743e-02	-3.978	1603	4.251	1.294
12.047	2.301e-02	-4.131	1487	4.273	1.262
12.047	3.012e-02	-4.272	1386	4.292	1.234
12.047	3.922e-02	-4.411	1292	4.309	1.211
12.047	5.177e-02	-4.558	1198	4.325	1.188
12.047	6.765e-02	-4.700	1113	4.340	1.168
12.047	8.895e-02	-4.847	1031	4.354	1.150
12.047	1.169e-01	-4.992	956	4.367	1.133
12.047	1.537e-01	-5.143	882	4.379	1.117
12.047	2.013e-01	-5.297	812	4.390	1.103
12.047	2.635e-01	-5.445	751	4.400	1.090
12.047	3.478e-01	-5.592	694	4.410	1.078
12.047	4.553e-01	-5.731	644	4.419	1.066
12.047	5.928e-01	-5.869	598	4.428	1.055
12.047	7.826e-01	-6.009	554	4.437	1.045
12.047	1.023e+00	-6.140	517	4.445	1.035
12.047	1.350e+00	-6.282	478	4.454	1.025
12.047	1.785e+00	-6.408	447	4.462	1.015
12.047	2.352e+00	-6.561	411	4.469	1.006
12.047	3.091e+00	-6.691	383	4.476	0.998
12.047	4.080e+00	-6.833	354	4.483	0.990
12.047	5.374e+00	-6.976	327	4.490	0.983
12.047	7.038e+00	-7.117	303	4.496	0.976
12.047	9.213e+00	-7.262	280	4.501	0.970
12.571	1.021e-04	-1.786	2995	3.164	4.624
12.571	1.342e-04	-1.883	2964	3.242	4.222
12.571	1.764e-04	-1.977	2934	3.319	3.865
12.571	2.300e-04	-2.067	2905	3.392	3.555
12.571	3.019e-04	-2.158	2875	3.464	3.270
12.571	3.968e-04	-2.248	2845	3.537	3.009
12.571	5.218e-04	-2.338	2815	3.608	2.772
12.571	6.857e-04	-2.427	2785	3.678	2.556
12.571	9.016e-04	-2.524	2741	3.748	2.360
12.571	1.185e-03	-2.626	2685	3.814	2.186
12.571	1.546e-03	-2.724	2631	3.876	2.035
12.571	2.040e-03	-2.828	2569	3.939	1.893
12.571	2.671e-03	-2.937	2495	3.997	1.771
12.571	3.505e-03	-3.058	2401	4.051	1.664
12.571	4.607e-03	-3.184	2297	4.100	1.572
12.571	6.081e-03	-3.340	2152	4.144	1.495
12.571	8.011e-03	-3.477	2032	4.181	1.433
12.571	1.053e-02	-3.620	1906	4.212	1.382
12.571	1.384e-02	-3.753	1794	4.240	1.339
12.571	1.819e-02	-3.895	1676	4.264	1.302
12.571	2.392e-02	-4.036	1564	4.285	1.271
12.571	3.144e-02	-4.171	1463	4.303	1.245
12.571	4.101e-02	-4.297	1373	4.320	1.221
12.571	5.382e-02	-4.431	1283	4.336	1.199
12.571	7.073e-02	-4.567	1197	4.351	1.178
12.571	9.300e-02	-4.709	1112	4.365	1.159
12.571	1.222e-01	-4.854	1031	4.379	1.141
12.571	1.594e-01	-4.999	956	4.392	1.124
12.571	2.104e-01	-5.159	878	4.404	1.108
12.571	2.750e-01	-5.322	804	4.416	1.094
12.571	3.587e-01	-5.474	741	4.426	1.081
12.571	4.735e-01	-5.630	682	4.437	1.068
12.571	6.199e-01	-5.781	629	4.447	1.055
12.571	8.182e-01	-5.937	578	4.456	1.044
12.571	1.071e+00	-6.082	534	4.466	1.033
12.571	1.414e+00	-6.240	491	4.475	1.022
12.571	1.862e+00	-6.367	458	4.483	1.012
12.571	2.448e+00	-6.525	420	4.491	1.003
12.571	3.213e+00	-6.659	391	4.498	0.994
12.571	4.222e+00	-6.797	362	4.505	0.986
12.571	5.508e+00	-6.938	335	4.512	0.979
12.571	7.270e+00	-7.086	309	4.518	0.972
12.571	9.517e+00	-7.233	285	4.524	0.966
13.095	1.024e-04	-1.756	3016	3.163	4.720
13.095	1.336e-04	-1.851	2985	3.241	4.316
13.095	1.763e-04	-1.948	2955	3.319	3.944
13.095	2.304e-04	-2.039	2925	3.393	3.623
13.095	3.005e-04	-2.128	2895	3.465	3.337
13.095	3.944e-04	-2.218	2866	3.537	3.071
13.095	5.165e-04	-2.307	2836	3.607	2.831
13.095	6.750e-04	-2.394	2806	3.676	2.614
13.095	8.875e-04	-2.486	2771	3.746	2.412
13.095	1.162e-03	-2.588	2716	3.813	2.235
13.095	1.521e-03	-2.687	2661	3.877	2.076
13.095	2.008e-03	-2.789	2603	3.940	1.930
13.095	2.629e-03	-2.895	2532	3.999	1.804
13.095	3.470e-03	-3.011	2447	4.055	1.691
13.095	4.571e-03	-3.134	2346	4.105	1.596
13.095	6.008e-03	-3.267	2228	4.149	1.518
13.095	7.945e-03	-3.401	2108	4.186	1.455
13.095	1.036e-02	-3.520	2002	4.215	1.406
13.095	1.360e-02	-3.640	1896	4.241	1.364
13.095	1.788e-02	-3.751	1802	4.264	1.329
13.095	2.332e-02	-3.865	1707	4.283	1.300
13.095	3.084e-02	-3.986	1609	4.301	1.273
13.095	4.055e-02	-4.100	1521	4.318	1.250
13.095	5.329e-02	-4.214	1437	4.333	1.228
13.095	7.006e-02	-4.335	1352	4.348	1.206
13.095	9.208e-02	-4.470	1262	4.364	1.185
13.095	1.215e-01	-4.619	1169	4.380	1.163
13.095	1.601e-01	-4.779	1076	4.396	1.142
13.095	2.104e-01	-4.945	986	4.411	1.123
13.095	2.778e-01	-5.127	896	4.425	1.104
13.095	3.659e-01	-5.321	808	4.439	1.087
13.095	4.839e-01	-5.506	731	4.452	1.071
13.095	6.360e-01	-5.679	666	4.463	1.057
13.095	8.296e-01	-5.845	609	4.474	1.044
13.095	1.089e+00	-6.008	558	4.484	1.032
13.095	1.426e+00	-6.169	512	4.494	1.020
13.095	1.878e+00	-6.310	474	4.503	1.010
13.095	2.484e+00	-6.469	435	4.511	1.000
13.095	3.265e+00	-6.617	401	4.519	0.991
13.095	4.309e+00	-6.756	372	4.526	0.983
13.095	5.641e+00	-6.903	343	4.533	0.975
13.095	7.404e+00	-7.050	316	4.539	0.968
13.095	9.731e+00	-7.200	291	4.545	0.962
13.618	1.001e-04	-1.722	3030	3.155	4.859
13.618	1.314e-04	-1.816	3008	3.236	4.428
13.618	1.727e-04	-1.912	2977	3.314	4.048
13.618	2.270e-04	-2.006	2947	3.390	3.708
13.618	2.984e-04	-2.098	2916	3.464	3.405
13.618	3.892e-04	-2.187	2887	3.535	3.139
13.618	5.137e-04	-2.278	2856	3.608	2.886
13.618	6.713e-04	-2.366	2826	3.677	2.664
13.618	8.826e-04	-2.456	2794	3.747	2.457
13.618	1.160e-03	-2.557	2742	3.816	2.272
13.618	1.513e-03	-2.655	2687	3.879	2.111
13.618	1.970e-03	-2.751	2633	3.940	1.969
13.618	2.586e-03	-2.855	2568	4.000	1.838
13.618	3.398e-03	-2.961	2494	4.055	1.724
13.618	4.468e-03	-3.077	2401	4.105	1.627
13.618	5.872e-03	-3.185	2312	4.148	1.549
13.618	7.766e-03	-3.312	2194	4.184	1.486
13.618	1.025e-02	-3.413	2104	4.212	1.439
13.618	1.342e-02	-3.504	2024	4.235	1.401
13.618	1.771e-02	-3.595	1942	4.255	1.369
13.618	2.319e-02	-3.680	1869	4.273	1.341
13.618	3.044e-02	-3.772	1791	4.291	1.314
13.618	4.025e-02	-3.884	1697	4.309	1.287
13.618	5.290e-02	-4.009	1597	4.328	1.259
13.618	6.997e-02	-4.157	1483	4.348	1.230
13.618	9.235e-02	-4.322	1366	4.370	1.200
13.618	1.221e-01	-4.510	1241	4.391	1.171
13.618	1.599e-01	-4.704	1123	4.411	1.144
13.618	2.111e-01	-4.904	1011	4.430	1.120
13.618	2.763e-01	-5.105	909	4.447	1.099
13.618	3.647e-01	-5.319	811	4.462	1.080
13.618	4.804e-01	-5.508	733	4.474	1.064
13.618	6.291e-01	-5.678	669	4.486	1.050
13.618	8.236e-01	-5.841	613	4.496	1.038
13.618	1.087e+00	-6.001	562	4.506	1.026
13.618	1.423e+00	-6.153	518	4.515	1.015
13.618	1.882e+00	-6.292	480	4.524	1.005
13.618	2.484e+00	-6.441	443	4.532	0.995
13.618	3.252e+00	-6.589	408	4.540	0.987
13.618	4.235e+00	-6.717	381	4.547	0.979
13.618	5.505e+00	-6.858	352	4.553	0.972
13.618	7.225e+00	-7.004	325	4.559	0.965
13.618	9.462e+00	-7.149	300	4.565	0.958
14.142	1.022e-04	-1.707	3037	3.160	4.924
14.142	1.343e-04	-1.796	3025	3.242	4.482
14.142	1.765e-04	-1.892	2994	3.320	4.095
14.142	2.320e-04	-1.987	2963	3.397	3.750
14.142	3.026e-04	-2.077	2933	3.469	3.450
14.142	3.972e-04	-2.167	2903	3.542	3.173
14.142	5.201e-04	-2.256	2874	3.613	2.924
14.142	6.809e-04	-2.344	2843	3.683	2.697
14.142	8.987e-04	-2.435	2811	3.754	2.484
14.142	1.174e-03	-2.532	2765	3.821	2.299
14.142	1.544e-03	-2.634	2708	3.887	2.131
14.142	2.030e-03	-2.733	2652	3.950	1.982
14.142	2.647e-03	-2.830	2593	4.008	1.854
14.142	3.474e-03	-2.931	2525	4.063	1.741
14.142	4.566e-03	-3.035	2444	4.110	1.648
14.142	6.004e-03	-3.131	2365	4.150	1.576
14.142	7.891e-03	-3.217	2292	4.181	1.519
14.142	1.042e-02	-3.307	2207	4.205	1.478
14.142	1.364e-02	-3.374	2147	4.224	1.446
14.142	1.790e-02	-3.442	2086	4.242	1.416
14.142	2.352e-02	-3.521	2017	4.262	1.385
14.142	3.105e-02	-3.630	1919	4.285	1.348
14.142	4.090e-02	-3.768	1800	4.313	1.306
14.142	5.409e-02	-3.957	1643	4.343	1.262
14.142	7.153e-02	-4.169	1479	4.372	1.219
14.142	9.460e-02	-4.390	1323	4.400	1.181
14.142	1.243e-01	-4.606	1185	4.424	1.149
14.142	1.641e-01	-4.818	1061	4.444	1.123
14.142	2.148e-01	-5.017	956	4.462	1.100
14.142	2.820e-01	-5.219	858	4.477	1.081
14.142	3.706e-01	-5.405	777	4.489	1.066
14.142	4.873e-01	-5.573	710	4.501	1.052
14.142	6.404e-01	-5.729	653	4.511	1.040
14.142	8.420e-01	-5.879	602	4.520	1.028
14.142	1.107e+00	-6.022	557	4.529	1.018
14.142	1.455e+00	-6.171	514	4.538	1.008
14.142	1.912e+00	-6.293	481	4.546	0.999
14.142	2.529e+00	-6.439	445	4.554	0.990
14.142	3.338e+00	-6.583	411	4.561	0.981
14.142	4.397e+00	-6.714	383	4.568	0.973
14.142	5.779e+00	-6.858	354	4.575	0.966
14.142	7.599e+00	-7.002	326	4.581	0.959
14.142	9.987e+00	-7.148	301	4.586	0.953
14.666	1.035e-04	-1.690	3044	3.163	4.997
14.666	1.366e-04	-1.774	3042	3.246	4.542
14.666	1.806e-04	-1.874	3010	3.327	4.138
14.666	2.365e-04	-1.967	2980	3.402	3.793
14.666	3.079e-04	-2.057	2950	3.475	3.490
14.666	4.064e-04	-2.149	2919	3.549	3.203
14.666	5.311e-04	-2.238	2890	3.620	2.953
14.666	6.983e-04	-2.328	2859	3.691	2.720
14.666	9.178e-04	-2.417	2827	3.762	2.509
14.666	1.197e-03	-2.510	2786	3.829	2.322
14.666	1.580e-03	-2.614	2728	3.896	2.149
14.666	2.069e-03	-2.711	2673	3.958	2.001
14.666	2.715e-03	-2.806	2617	4.016	1.870
14.666	3.568e-03	-2.902	2553	4.069	1.761
14.666	4.692e-03	-2.993	2485	4.113	1.673
14.666	6.166e-03	-3.073	2421	4.147	1.609
14.666	8.107e-03	-3.134	2371	4.173	1.562
14.666	1.062e-02	-3.189	2325	4.193	1.526
14.666	1.390e-02	-3.252	2267	4.212	1.493
14.666	1.824e-02	-3.326	2197	4.233	1.458
14.666	2.389e-02	-3.425	2109	4.260	1.414
14.666	3.122e-02	-3.570	1979	4.294	1.358
14.666	4.121e-02	-3.775	1800	4.335	1.296
14.666	5.449e-02	-4.030	1590	4.375	1.238
14.666	7.207e-02	-4.277	1406	4.408	1.192
14.666	9.434e-02	-4.499	1256	4.434	1.157
14.666	1.245e-01	-4.712	1125	4.456	1.128
14.666	1.630e-01	-4.902	1019	4.473	1.105
14.666	2.152e-01	-5.092	922	4.489	1.086
14.666	2.817e-01	-5.277	834	4.502	1.070
14.666	3.719e-01	-5.445	763	4.513	1.056
14.666	4.868e-01	-5.595	704	4.523	1.044
14.666	6.426e-01	-5.743	650	4.533	1.032
14.666	8.412e-01	-5.883	602	4.542	1.022
14.666	1.104e+00	-6.018	560	4.550	1.012
14.666	1.451e+00	-6.160	519	4.558	1.003
14.666	1.893e+00	-6.274	488	4.565	0.994
14.666	2.503e+00	-6.412	452	4.573	0.985
14.666	3.304e+00	-6.556	418	4.580	0.977
14.666	4.352e+00	-6.684	390	4.587	0.970
14.666	5.720e+00	-6.824	361	4.594	0.962
14.666	7.551e+00	-6.970	333	4.600	0.955
14.666	9.885e+00	-7.111	308	4.606	0.949
15.190	1.043e-04	-1.673	3050	3.164	5.077
15.190	1.371e-04	-1.749	3060	3.246	4.622
15.190	1.813e-04	-1.849	3028	3.328	4.206
15.190	2.383e-04	-1.945	2997	3.405	3.848
15.190	3.109e-04	-2.036	2966	3.478	3.537
15.190	4.048e-04	-2.124	2937	3.549	3.259
15.190	5.343e-04	-2.215	2907	3.623	2.994
15.190	6.982e-04	-2.304	2876	3.693	2.763
15.190	9.180e-04	-2.393	2845	3.764	2.547
15.190	1.206e-03	-2.485	2808	3.833	2.351
15.190	1.574e-03	-2.585	2753	3.898	2.182
15.190	2.065e-03	-2.682	2698	3.960	2.031
15.190	2.705e-03	-2.773	2646	4.017	1.901
15.190	3.535e-03	-2.860	2590	4.067	1.796
15.190	4.610e-03	-2.934	2538	4.106	1.717
15.190	6.086e-03	-2.999	2488	4.136	1.658
15.190	7.967e-03	-3.048	2449	4.158	1.618
15.190	1.052e-02	-3.094	2411	4.177	1.583
15.190	1.374e-02	-3.144	2371	4.198	1.544
15.190	1.793e-02	-3.230	2296	4.227	1.493
15.190	2.371e-02	-3.377	2159	4.268	1.425
15.190	3.129e-02	-3.591	1966	4.320	1.342
15.190	4.122e-02	-3.858	1736	4.370	1.267
15.190	5.418e-02	-4.126	1521	4.409	1.212
15.190	7.151e-02	-4.359	1353	4.438	1.171
15.190	9.362e-02	-4.563	1219	4.461	1.141
15.190	1.236e-01	-4.754	1104	4.481	1.116
15.190	1.615e-01	-4.927	1009	4.497	1.095
15.190	2.106e-01	-5.097	922	4.510	1.078
15.190	2.780e-01	-5.276	838	4.523	1.063
15.190	3.663e-01	-5.434	770	4.533	1.050
15.190	4.814e-01	-5.581	711	4.543	1.038
15.190	6.329e-01	-5.723	659	4.552	1.027
15.190	8.318e-01	-5.862	611	4.561	1.017
15.190	1.094e+00	-5.995	569	4.569	1.008
15.190	1.437e+00	-6.132	528	4.577	0.999
15.190	1.875e+00	-6.249	496	4.584	0.990
15.190	2.479e+00	-6.379	462	4.592	0.982
15.190	3.260e+00	-6.523	427	4.599	0.974
15.190	4.284e+00	-6.650	399	4.606	0.966
15.190	5.633e+00	-6.786	370	4.612	0.959
15.190	7.403e+00	-6.928	342	4.618	0.952
15.190	9.657e+00	-7.067	317	4.624	0.946
15.713	1.043e-04	-1.655	3055	3.164	5.168
15.713	1.361e-04	-1.727	3067	3.243	4.720
15.713	1.796e-04	-1.820	3047	3.325	4.293
15.713	2.366e-04	-1.917	3015	3.403	3.922
15.713	3.099e-04	-2.010	2984	3.478	3.598
15.713	4.049e-04	-2.100	2955	3.551	3.310
15.713	5.282e-04	-2.188	2925	3.622	3.051
15.713	6.972e-04	-2.280	2894	3.694	2.805
15.713	9.127e-04	-2.368	2863	3.764	2.589
15.713	1.198e-03	-2.458	2829	3.833	2.391
15.713	1.574e-03	-2.558	2776	3.900	2.213
15.713	2.070e-03	-2.655	2721	3.963	2.059
15.713	2.720e-03	-2.744	2670	4.019	1.929
15.713	3.548e-03	-2.821	2624	4.065	1.830
15.713	4.684e-03	-2.886	2580	4.101	1.757
15.713	6.121e-03	-2.931	2548	4.125	1.709
15.713	8.048e-03	-2.972	2517	4.144	1.672
15.713	1.058e-02	-3.015	2482	4.164	1.634
15.713	1.380e-02	-3.078	2432	4.190	1.585
15.713	1.811e-02	-3.182	2347	4.232	1.510
15.713	2.400e-02	-3.394	2151	4.294	1.407
15.713	3.187e-02	-3.674	1900	4.358	1.307
15.713	4.215e-02	-3.958	1659	4.406	1.237
15.713	5.540e-02	-4.196	1474	4.439	1.191
15.713	7.284e-02	-4.403	1327	4.464	1.157
15.713	9.539e-02	-4.589	1207	4.484	1.130
15.713	1.249e-01	-4.761	1104	4.502	1.108
15.713	1.639e-01	-4.928	1012	4.517	1.088
15.713	2.146e-01	-5.093	927	4.530	1.072
15.713	2.827e-01	-5.265	845	4.542	1.057
15.713	3.716e-01	-5.419	778	4.552	1.045
15.713	4.885e-01	-5.565	720	4.562	1.033
15.713	6.421e-01	-5.705	667	4.571	1.023
15.713	8.375e-01	-5.839	621	4.579	1.013
15.713	1.105e+00	-5.974	577	4.587	1.003
15.713	1.447e+00	-6.106	537	4.595	0.994
15.713	1.914e+00	-6.232	502	4.603	0.986
15.713	2.526e+00	-6.358	469	4.610	0.977
15.713	3.328e+00	-6.504	433	4.617	0.969
15.713	4.374e+00	-6.631	404	4.624	0.962
15.713	5.751e+00	-6.766	375	4.631	0.955
15.713	7.558e+00	-6.907	347	4.637	0.948
15.713	9.937e+00	-7.050	321	4.643	0.942
16.237	1.015e-04	-1.629	3060	3.155	5.306
16.237	1.332e-04	-1.703	3072	3.235	4.838
16.237	1.751e-04	-1.786	3068	3.317	4.404
16.237	2.315e-04	-1.886	3035	3.398	4.013
16.237	3.020e-04	-1.978	3004	3.472	3.684
16.237	3.964e-04	-2.070	2974	3.546	3.382
16.237	5.191e-04	-2.160	2944	3.618	3.113
16.237	6.795e-04	-2.249	2914	3.689	2.868
16.237	8.970e-04	-2.340	2881	3.761	2.640
16.237	1.172e-03	-2.428	2850	3.830	2.440
16.237	1.541e-03	-2.523	2804	3.898	2.257
16.237	2.026e-03	-2.621	2749	3.960	2.100
16.237	2.663e-03	-2.707	2700	4.015	1.971
16.237	3.500e-03	-2.777	2660	4.059	1.874
16.237	4.602e-03	-2.830	2626	4.090	1.808
16.237	6.048e-03	-2.868	2600	4.111	1.765
16.237	7.889e-03	-2.900	2578	4.129	1.730
16.237	1.041e-02	-2.946	2545	4.152	1.684
16.237	1.372e-02	-3.025	2482	4.187	1.617
16.237	1.814e-02	-3.169	2366	4.248	1.508
16.237	2.404e-02	-3.441	2116	4.326	1.378
16.237	3.167e-02	-3.720	1867	4.387	1.285
16.237	4.162e-02	-3.975	1650	4.428	1.225
16.237	5.429e-02	-4.189	1484	4.457	1.185
16.237	7.126e-02	-4.383	1345	4.481	1.153
16.237	9.365e-02	-4.563	1227	4.501	1.126
16.237	1.222e-01	-4.728	1126	4.518	1.105
16.237	1.612e-01	-4.895	1033	4.534	1.085
16.237	2.124e-01	-5.060	946	4.547	1.069
16.237	2.792e-01	-5.229	864	4.559	1.054
16.237	3.685e-01	-5.385	795	4.570	1.041
16.237	4.824e-01	-5.529	736	4.579	1.030
16.237	6.367e-01	-5.672	681	4.588	1.019
16.237	8.335e-01	-5.808	633	4.597	1.009
16.237	1.094e+00	-5.942	589	4.605	1.000
16.237	1.438e+00	-6.072	549	4.613	0.991
16.237	1.898e+00	-6.203	511	4.620	0.982
16.237	2.500e+00	-6.324	479	4.628	0.974
16.237	3.286e+00	-6.468	442	4.635	0.966
16.237	4.337e+00	-6.599	412	4.641	0.958
16.237	5.678e+00	-6.728	384	4.648	0.951
16.237	7.495e+00	-6.872	355	4.654	0.945
16.237	9.812e+00	-7.013	328	4.660	0.938
16.761	1.001e-04	-1.609	3064	3.151	5.419
16.761	1.310e-04	-1.681	3076	3.230	4.947
16.761	1.719e-04	-1.755	3087	3.311	4.507
16.761	2.251e-04	-1.852	3055	3.390	4.115
16.761	2.947e-04	-1.947	3024	3.466	3.770
16.761	3.891e-04	-2.041	2993	3.542	3.453
16.761	5.093e-04	-2.131	2963	3.615	3.176
16.761	6.723e-04	-2.223	2931	3.688	2.919
16.761	8.801e-04	-2.312	2900	3.758	2.692
16.761	1.155e-03	-2.401	2868	3.828	2.485
16.761	1.502e-03	-2.488	2832	3.893	2.305
16.761	1.966e-03	-2.583	2778	3.955	2.146
16.761	2.574e-03	-2.666	2731	4.008	2.019
16.761	3.398e-03	-2.732	2694	4.050	1.924
16.761	4.448e-03	-2.775	2669	4.077	1.865
16.761	5.838e-03	-2.807	2649	4.096	1.825
16.761	7.673e-03	-2.840	2627	4.114	1.787
16.761	1.001e-02	-2.886	2596	4.139	1.736
16.761	1.321e-02	-2.975	2529	4.184	1.649
16.761	1.740e-02	-3.148	2392	4.259	1.512
16.761	2.287e-02	-3.432	2131	4.343	1.373
16.761	3.007e-02	-3.691	1897	4.401	1.285
16.761	3.952e-02	-3.932	1690	4.441	1.227
16.761	5.155e-02	-4.141	1525	4.470	1.186
16.761	6.805e-02	-4.335	1383	4.495	1.153
16.761	8.908e-02	-4.509	1265	4.515	1.127
16.761	1.169e-01	-4.677	1160	4.532	1.104
16.761	1.531e-01	-4.837	1068	4.547	1.085
16.761	2.001e-01	-4.994	983	4.561	1.068
16.761	2.601e-01	-5.154	903	4.573	1.054
16.761	3.393e-01	-5.308	831	4.583	1.041
16.761	4.478e-01	-5.460	766	4.593	1.029
16.761	5.853e-01	-5.599	711	4.603	1.018
16.761	7.725e-01	-5.741	658	4.611	1.008
16.761	1.011e+00	-5.876	612	4.619	0.999
16.761	1.327e+00	-6.006	570	4.627	0.990
16.761	1.745e+00	-6.141	530	4.635	0.981
16.761	2.303e+00	-6.260	497	4.642	0.973
16.761	3.033e+00	-6.398	461	4.650	0.965
16.761	3.987e+00	-6.533	428	4.656	0.957
16.761	5.262e+00	-6.662	399	4.663	0.950
16.761	6.889e+00	-6.798	370	4.669	0.943
16.761	9.094e+00	-6.943	342	4.675	0.936
17.285	1.021e-04	-1.597	3070	3.156	5.469
17.285	1.336e-04	-1.669	3082	3.235	4.994
17.285	1.754e-04	-1.743	3095	3.316	4.551
17.285	2.296e-04	-1.837	3070	3.395	4.153
17.285	3.006e-04	-1.931	3038	3.472	3.803
17.285	3.968e-04	-2.026	3007	3.548	3.481
17.285	5.186e-04	-2.115	2977	3.621	3.203
17.285	6.818e-04	-2.206	2946	3.693	2.946
17.285	8.961e-04	-2.296	2914	3.764	2.714
17.285	1.178e-03	-2.386	2881	3.834	2.504
17.285	1.543e-03	-2.473	2847	3.901	2.320
17.285	2.016e-03	-2.564	2797	3.961	2.165
17.285	2.651e-03	-2.642	2752	4.011	2.043
17.285	3.484e-03	-2.697	2722	4.046	1.963
17.285	4.545e-03	-2.731	2703	4.068	1.914
17.285	5.965e-03	-2.758	2687	4.085	1.877
17.285	7.754e-03	-2.790	2668	4.105	1.834
17.285	1.015e-02	-2.847	2630	4.137	1.768
17.285	1.329e-02	-2.959	2549	4.195	1.654
17.285	1.745e-02	-3.177	2374	4.289	1.484
17.285	2.293e-02	-3.451	2120	4.367	1.357
17.285	3.027e-02	-3.695	1900	4.420	1.276
17.285	3.962e-02	-3.921	1705	4.458	1.222
17.285	5.201e-02	-4.128	1539	4.487	1.181
17.285	6.835e-02	-4.315	1401	4.511	1.149
17.285	8.986e-02	-4.489	1282	4.531	1.123
17.285	1.177e-01	-4.653	1178	4.548	1.101
17.285	1.541e-01	-4.811	1086	4.564	1.082
17.285	2.034e-01	-4.973	997	4.578	1.064
17.285	2.662e-01	-5.135	915	4.590	1.049
17.285	3.514e-01	-5.296	839	4.601	1.036
17.285	4.600e-01	-5.444	775	4.611	1.024
17.285	6.072e-01	-5.589	716	4.620	1.013
17.285	7.949e-01	-5.727	665	4.629	1.003
17.285	1.043e+00	-5.864	618	4.637	0.994
17.285	1.371e+00	-5.995	575	4.645	0.985
17.285	1.788e+00	-6.126	536	4.652	0.977
17.285	2.347e+00	-6.243	503	4.659	0.969
17.285	3.085e+00	-6.377	468	4.667	0.961
17.285	4.072e+00	-6.516	433	4.674	0.953
17.285	5.364e+00	-6.644	404	4.680	0.946
17.285	7.050e+00	-6.781	375	4.686	0.939
17.285	9.270e+00	-6.924	346	4.692	0.933
17.809	1.041e-04	-1.586	3076	3.161	5.516
17.809	1.366e-04	-1.659	3088	3.241	5.034
17.809	1.789e-04	-1.731	3102	3.321	4.592
17.809	2.342e-04	-1.821	3083	3.401	4.189
17.809	3.092e-04	-1.919	3050	3.480	3.824
17.809	4.048e-04	-2.011	3020	3.555	3.508
17.809	5.343e-04	-2.104	2989	3.630	3.218
17.809	6.995e-04	-2.194	2958	3.701	2.963
17.809	9.233e-04	-2.286	2926	3.774	2.726
17.809	1.209e-03	-2.373	2894	3.842	2.519
17.809	1.586e-03	-2.459	2861	3.909	2.334
17.809	2.077e-03	-2.546	2815	3.967	2.183
17.809	2.720e-03	-2.615	2776	4.011	2.074
17.809	3.569e-03	-2.660	2750	4.040	2.005
17.809	4.674e-03	-2.688	2734	4.059	1.963
17.809	6.108e-03	-2.715	2719	4.076	1.925
17.809	7.941e-03	-2.751	2699	4.099	1.875
17.809	1.036e-02	-2.820	2655	4.140	1.788
17.809	1.359e-02	-2.978	2541	4.221	1.629
17.809	1.780e-02	-3.217	2344	4.320	1.453
17.809	2.326e-02	-3.463	2116	4.388	1.344
17.809	3.059e-02	-3.691	1910	4.438	1.269
17.809	4.020e-02	-3.912	1718	4.475	1.216
17.809	5.285e-02	-4.115	1553	4.504	1.176
17.809	6.947e-02	-4.300	1416	4.527	1.145
17.809	9.170e-02	-4.474	1296	4.547	1.118
17.809	1.200e-01	-4.636	1192	4.565	1.097
17.809	1.575e-01	-4.794	1099	4.580	1.077
17.809	2.063e-01	-4.950	1012	4.594	1.060
17.809	2.701e-01	-5.110	929	4.606	1.045
17.809	3.572e-01	-5.274	851	4.617	1.032
17.809	4.696e-01	-5.425	785	4.627	1.020
17.809	6.172e-01	-5.569	727	4.637	1.009
17.809	8.051e-01	-5.705	675	4.645	0.999
17.809	1.063e+00	-5.845	626	4.654	0.990
17.809	1.391e+00	-5.975	583	4.661	0.981
17.809	1.836e+00	-6.112	541	4.669	0.972
17.809	2.419e+00	-6.231	508	4.676	0.964
17.809	3.179e+00	-6.365	472	4.684	0.956
17.809	4.204e+00	-6.505	437	4.690	0.949
17.809	5.528e+00	-6.631	408	4.697	0.942
17.809	7.265e+00	-6.768	379	4.703	0.935
17.809	9.552e+00	-6.911	350	4.709	0.928
18.332	1.003e-04	-1.561	3079	3.150	5.669
18.332	1.318e-04	-1.634	3091	3.230	5.173
18.332	1.726e-04	-1.705	3105	3.309	4.720
18.332	2.260e-04	-1.786	3104	3.390	4.304
18.332	2.983e-04	-1.886	3070	3.470	3.924
18.332	3.905e-04	-1.978	3040	3.545	3.598
18.332	5.155e-04	-2.072	3009	3.621	3.297
18.332	6.736e-04	-2.161	2978	3.693	3.036
18.332	8.786e-04	-2.249	2947	3.762	2.802
18.332	1.142e-03	-2.335	2916	3.830	2.594
18.332	1.487e-03	-2.418	2885	3.894	2.408
18.332	1.933e-03	-2.496	2851	3.952	2.253
18.332	2.552e-03	-2.568	2809	3.998	2.135
18.332	3.341e-03	-2.612	2785	4.027	2.067
18.332	4.385e-03	-2.639	2770	4.045	2.025
18.332	5.701e-03	-2.664	2755	4.061	1.987
18.332	7.465e-03	-2.703	2734	4.085	1.932
18.332	9.772e-03	-2.773	2693	4.130	1.835
18.332	1.290e-02	-2.947	2573	4.224	1.647
18.332	1.675e-02	-3.167	2397	4.321	1.473
18.332	2.178e-02	-3.400	2180	4.390	1.361
18.332	2.875e-02	-3.627	1972	4.442	1.281
18.332	3.764e-02	-3.839	1785	4.481	1.225
18.332	4.968e-02	-4.050	1609	4.512	1.182
18.332	6.544e-02	-4.234	1468	4.537	1.149
18.332	8.601e-02	-4.405	1346	4.558	1.122
18.332	1.131e-01	-4.572	1236	4.576	1.099
18.332	1.486e-01	-4.730	1139	4.592	1.078
18.332	1.939e-01	-4.883	1051	4.606	1.061
18.332	2.559e-01	-5.046	965	4.619	1.045
18.332	3.371e-01	-5.210	884	4.631	1.031
18.332	4.430e-01	-5.364	813	4.641	1.019
18.332	5.825e-01	-5.510	752	4.650	1.008
18.332	7.656e-01	-5.651	697	4.659	0.998
18.332	9.986e-01	-5.787	648	4.667	0.988
18.332	1.298e+00	-5.916	604	4.675	0.980
18.332	1.704e+00	-6.047	562	4.683	0.971
18.332	2.239e+00	-6.173	525	4.690	0.963
18.332	2.921e+00	-6.293	492	4.697	0.955
18.332	3.855e+00	-6.436	455	4.704	0.948
18.332	5.099e+00	-6.568	423	4.711	0.940
18.332	6.675e+00	-6.696	395	4.717	0.933
18.332	8.811e+00	-6.840	365	4.723	0.927
18.856	1.033e-04	-1.554	3085	3.159	5.692
18.856	1.364e-04	-1.628	3098	3.240	5.188
18.856	1.783e-04	-1.699	3111	3.318	4.738
18.856	2.344e-04	-1.778	3115	3.400	4.314
18.856	3.081e-04	-1.876	3082	3.479	3.937
18.856	4.050e-04	-1.971	3051	3.556	3.604
18.856	5.323e-04	-2.063	3020	3.631	3.307
18.856	6.944e-04	-2.152	2989	3.702	3.047
18.856	9.165e-04	-2.243	2957	3.775	2.802
18.856	1.198e-03	-2.330	2926	3.843	2.591
18.856	1.562e-03	-2.411	2895	3.906	2.409
18.856	2.051e-03	-2.485	2864	3.961	2.260
18.856	2.695e-03	-2.545	2830	4.000	2.162
18.856	3.515e-03	-2.578	2812	4.022	2.108
18.856	4.614e-03	-2.603	2798	4.038	2.069
18.856	6.064e-03	-2.633	2781	4.058	2.023
18.856	8.004e-03	-2.685	2751	4.091	1.946
18.856	1.048e-02	-2.795	2687	4.160	1.798
18.856	1.337e-02	-2.992	2544	4.262	1.599
18.856	1.751e-02	-3.203	2371	4.351	1.444
18.856	2.316e-02	-3.436	2154	4.417	1.338
18.856	3.045e-02	-3.650	1957	4.464	1.266
18.856	4.002e-02	-3.859	1773	4.502	1.213
18.856	5.262e-02	-4.062	1605	4.531	1.173
18.856	6.915e-02	-4.241	1467	4.555	1.141
18.856	9.020e-02	-4.406	1350	4.575	1.115
18.856	1.191e-01	-4.573	1239	4.593	1.092
18.856	1.559e-01	-4.728	1144	4.609	1.072
18.856	2.057e-01	-4.887	1052	4.623	1.055
18.856	2.693e-01	-5.044	968	4.636	1.039
18.856	3.555e-01	-5.209	886	4.648	1.026
18.856	4.683e-01	-5.365	815	4.658	1.013
18.856	6.155e-01	-5.511	754	4.667	1.002
18.856	8.028e-01	-5.648	700	4.676	0.993
18.856	1.060e+00	-5.790	648	4.684	0.983
18.856	1.387e+00	-5.922	603	4.692	0.974
18.856	1.821e+00	-6.055	561	4.700	0.966
18.856	2.393e+00	-6.178	525	4.707	0.958
18.856	3.141e+00	-6.303	491	4.714	0.950
18.856	4.128e+00	-6.443	454	4.721	0.942
18.856	5.449e+00	-6.574	423	4.728	0.935
18.856	7.133e+00	-6.704	394	4.734	0.928
18.856	9.434e+00	-6.849	364	4.740	0.922
19.380	1.041e-04	-1.541	3090	3.161	5.757
19.380	1.366e-04	-1.613	3102	3.240	5.258
19.380	1.795e-04	-1.685	3116	3.320	4.795
19.380	2.342e-04	-1.758	3128	3.399	4.378
19.380	3.074e-04	-1.855	3097	3.479	3.994
19.380	4.040e-04	-1.950	3066	3.556	3.655
19.380	5.311e-04	-2.043	3035	3.631	3.351
19.380	6.955e-04	-2.133	3004	3.703	3.083
19.380	9.089e-04	-2.221	2973	3.774	2.844
19.380	1.186e-03	-2.307	2942	3.841	2.631
19.380	1.565e-03	-2.391	2910	3.906	2.441
19.380	2.049e-03	-2.459	2884	3.959	2.298
19.380	2.704e-03	-2.510	2857	3.994	2.206
19.380	3.540e-03	-2.540	2841	4.014	2.157
19.380	4.646e-03	-2.564	2827	4.030	2.118
19.380	6.107e-03	-2.598	2808	4.052	2.065
19.380	8.061e-03	-2.662	2772	4.093	1.969
19.380	1.055e-02	-2.805	2688	4.182	1.777
19.380	1.385e-02	-3.023	2527	4.293	1.563
19.380	1.820e-02	-3.230	2352	4.375	1.422
19.380	2.393e-02	-3.444	2152	4.436	1.327
19.380	3.134e-02	-3.648	1964	4.481	1.259
19.380	4.128e-02	-3.856	1780	4.518	1.207
19.380	5.426e-02	-4.055	1615	4.547	1.168
19.380	7.162e-02	-4.236	1475	4.571	1.136
19.380	9.376e-02	-4.401	1357	4.591	1.110
19.380	1.238e-01	-4.567	1246	4.609	1.087
19.380	1.620e-01	-4.720	1151	4.625	1.067
19.380	2.139e-01	-4.880	1059	4.639	1.050
19.380	2.800e-01	-5.037	975	4.652	1.034
19.380	3.696e-01	-5.201	893	4.664	1.021
19.380	4.868e-01	-5.357	821	4.674	1.008
19.380	6.398e-01	-5.503	759	4.684	0.998
19.380	8.345e-01	-5.641	704	4.692	0.988
19.380	1.095e+00	-5.781	653	4.700	0.978
19.380	1.440e+00	-5.915	607	4.708	0.970
19.380	1.893e+00	-6.048	565	4.716	0.961
19.380	2.488e+00	-6.172	528	4.723	0.953
19.380	3.290e+00	-6.302	492	4.730	0.945
19.380	4.342e+00	-6.443	456	4.737	0.938
19.380	5.685e+00	-6.570	425	4.744	0.931
19.380	7.518e+00	-6.704	395	4.750	0.924
19.380	9.885e+00	-6.847	365	4.756	0.917
19.904	1.011e-04	-1.520	3093	3.153	5.888
19.904	1.327e-04	-1.591	3105	3.231	5.383
19.904	1.744e-04	-1.663	3119	3.311	4.911
19.904	2.274e-04	-1.734	3133	3.389	4.486
19.904	2.985e-04	-1.825	3115	3.470	4.089
19.904	3.923e-04	-1.920	3083	3.548	3.738
19.904	5.158e-04	-2.014	3053	3.624	3.425
19.904	6.779e-04	-2.105	3021	3.698	3.146
19.904	8.842e-04	-2.194	2990	3.768	2.902
19.904	1.161e-03	-2.281	2959	3.837	2.680
19.904	1.520e-03	-2.362	2929	3.900	2.492
19.904	1.986e-03	-2.427	2904	3.951	2.351
19.904	2.611e-03	-2.472	2885	3.984	2.262
19.904	3.432e-03	-2.500	2870	4.003	2.212
19.904	4.476e-03	-2.524	2857	4.019	2.173
19.904	5.875e-03	-2.559	2838	4.042	2.116
19.904	7.722e-03	-2.626	2800	4.086	2.012
19.904	1.007e-02	-2.777	2713	4.182	1.802
19.904	1.322e-02	-2.986	2563	4.293	1.585
19.904	1.737e-02	-3.178	2408	4.376	1.441
19.904	2.293e-02	-3.393	2206	4.439	1.340
19.904	3.002e-02	-3.594	2019	4.486	1.269
19.904	3.963e-02	-3.800	1834	4.525	1.213
19.904	5.220e-02	-3.999	1665	4.556	1.171
19.904	6.861e-02	-4.179	1522	4.580	1.138
19.904	9.056e-02	-4.352	1395	4.602	1.111
19.904	1.186e-01	-4.514	1284	4.620	1.088
19.904	1.565e-01	-4.672	1184	4.636	1.067
19.904	2.049e-01	-4.826	1093	4.651	1.049
19.904	2.704e-01	-4.987	1004	4.665	1.033
19.904	3.540e-01	-5.146	922	4.676	1.020
19.904	4.673e-01	-5.305	847	4.687	1.007
19.904	6.117e-01	-5.452	782	4.696	0.996
19.904	8.075e-01	-5.598	723	4.706	0.986
19.904	1.055e+00	-5.736	671	4.714	0.976
19.904	1.376e+00	-5.869	624	4.722	0.968
19.904	1.806e+00	-6.001	581	4.729	0.959
19.904	2.374e+00	-6.129	542	4.736	0.951
19.904	3.122e+00	-6.253	507	4.744	0.943
19.904	4.103e+00	-6.390	470	4.751	0.936
19.904	5.415e+00	-6.523	437	4.757	0.929
19.904	7.089e+00	-6.651	408	4.764	0.922
19.904	9.358e+00	-6.792	377	4.770	0.915
20.428	1.034e-04	-1.512	3099	3.160	5.919
20.428	1.365e-04	-1.585	3111	3.239	5.403
20.428	1.787e-04	-1.655	3125	3.318	4.936
20.428	2.345e-04	-1.728	3139	3.398	4.500
20.428	3.082e-04	-1.817	3126	3.479	4.099
20.428	4.052e-04	-1.912	3094	3.557	3.746
20.428	5.326e-04	-2.006	3063	3.633	3.432
20.428	6.947e-04	-2.095	3032	3.705	3.159
20.428	9.031e-04	-2.182	3002	3.774	2.918
20.428	1.185e-03	-2.269	2970	3.843	2.696
20.428	1.558e-03	-2.348	2941	3.904	2.511
20.428	2.032e-03	-2.407	2919	3.950	2.382
20.428	2.682e-03	-2.444	2904	3.979	2.304
20.428	3.505e-03	-2.467	2894	3.996	2.260
20.428	4.556e-03	-2.491	2883	4.013	2.217
20.428	5.943e-03	-2.530	2861	4.039	2.151
20.428	7.845e-03	-2.616	2813	4.095	2.016
20.428	1.033e-02	-2.804	2702	4.213	1.760
20.428	1.358e-02	-3.000	2560	4.316	1.565
20.428	1.786e-02	-3.184	2409	4.394	1.429
20.428	2.338e-02	-3.387	2218	4.453	1.335
20.428	3.061e-02	-3.583	2035	4.500	1.265
20.428	4.041e-02	-3.787	1851	4.539	1.210
20.428	5.281e-02	-3.977	1687	4.569	1.169
20.428	6.888e-02	-4.152	1547	4.593	1.137
20.428	9.092e-02	-4.325	1418	4.615	1.109
20.428	1.190e-01	-4.487	1305	4.633	1.086
20.428	1.571e-01	-4.646	1203	4.650	1.065
20.428	2.053e-01	-4.798	1112	4.665	1.047
20.428	2.699e-01	-4.956	1023	4.678	1.031
20.428	3.548e-01	-5.118	939	4.690	1.017
20.428	4.665e-01	-5.274	863	4.701	1.004
20.428	6.131e-01	-5.426	795	4.711	0.993
20.428	8.060e-01	-5.571	735	4.720	0.982
20.428	1.056e+00	-5.711	682	4.728	0.973
20.428	1.379e+00	-5.846	634	4.736	0.964
20.428	1.799e+00	-5.975	591	4.743	0.956
20.428	2.361e+00	-6.104	551	4.751	0.948
20.428	3.104e+00	-6.227	515	4.758	0.940
20.428	4.097e+00	-6.365	478	4.765	0.933
20.428	5.363e+00	-6.496	445	4.771	0.926
20.428	7.079e+00	-6.627	414	4.778	0.919
20.428	9.267e+00	-6.763	384	4.784	0.913
20.951	1.007e-04	-1.492	3103	3.153	6.044
20.951	1.324e-04	-1.563	3114	3.230	5.527
20.951	1.741e-04	-1.635	3128	3.310	5.045
20.951	2.288e-04	-1.707	3142	3.390	4.599
20.951	3.008e-04	-1.788	3143	3.471	4.187
20.951	3.954e-04	-1.885	3111	3.551	3.823
20.951	5.189e-04	-1.979	3080	3.627	3.502
20.951	6.820e-04	-2.071	3048	3.701	3.214
20.951	8.896e-04	-2.159	3017	3.771	2.965
20.951	1.156e-03	-2.243	2987	3.837	2.747
20.951	1.518e-03	-2.320	2959	3.898	2.562
20.951	1.988e-03	-2.378	2937	3.943	2.432
20.951	2.597e-03	-2.412	2924	3.970	2.359
20.951	3.388e-03	-2.433	2916	3.986	2.316
20.951	4.472e-03	-2.457	2906	4.004	2.268
20.951	5.891e-03	-2.500	2886	4.034	2.190
20.951	7.743e-03	-2.599	2829	4.100	2.031
20.951	1.022e-02	-2.798	2712	4.226	1.757
20.951	1.338e-02	-2.982	2581	4.323	1.571
20.951	1.766e-02	-3.162	2436	4.402	1.435
20.951	2.308e-02	-3.357	2253	4.461	1.340
20.951	3.000e-02	-3.545	2076	4.508	1.270
20.951	3.913e-02	-3.735	1902	4.546	1.215
20.951	5.166e-02	-3.931	1731	4.578	1.171
20.951	6.762e-02	-4.112	1583	4.603	1.138
20.951	8.943e-02	-4.288	1449	4.626	1.109
20.951	1.166e-01	-4.448	1336	4.644	1.085
20.951	1.540e-01	-4.607	1231	4.662	1.064
20.951	2.016e-01	-4.759	1138	4.677	1.046
20.951	2.661e-01	-4.919	1046	4.691	1.029
20.951	3.483e-01	-5.077	962	4.703	1.015
20.951	4.598e-01	-5.237	883	4.714	1.002
20.951	6.019e-01	-5.390	813	4.724	0.990
20.951	7.945e-01	-5.538	751	4.733	0.980
20.951	1.040e+00	-5.678	696	4.742	0.970
20.951	1.373e+00	-5.820	644	4.750	0.961
20.951	1.797e+00	-5.951	600	4.757	0.953
20.951	2.372e+00	-6.083	559	4.765	0.945
20.951	3.106e+00	-6.206	522	4.772	0.937
20.951	4.099e+00	-6.342	485	4.779	0.930
20.951	5.400e+00	-6.476	451	4.785	0.922
20.951	7.097e+00	-6.605	420	4.792	0.916
20.951	9.368e+00	-6.745	389	4.798	0.909
23.046	1.004e-04	-1.437	3128	3.153	6.335
23.046	1.325e-04	-1.513	3131	3.231	5.792
23.046	1.735e-04	-1.583	3144	3.308	5.302
23.046	2.277e-04	-1.654	3158	3.387	4.841
23.046	2.960e-04	-1.724	3172	3.464	4.429
23.046	3.876e-04	-1.807	3167	3.544	4.039
23.046	5.066e-04	-1.901	3136	3.621	3.696
23.046	6.660e-04	-1.995	3104	3.697	3.386
23.046	8.753e-04	-2.085	3072	3.770	3.114
23.046	1.151e-03	-2.170	3042	3.837	2.883
23.046	1.507e-03	-2.237	3017	3.890	2.711
23.046	1.973e-03	-2.279	3001	3.924	2.610
23.046	2.589e-03	-2.303	2992	3.942	2.555
23.046	3.391e-03	-2.323	2985	3.957	2.510
23.046	4.467e-03	-2.354	2973	3.982	2.440
23.046	5.871e-03	-2.419	2949	4.033	2.302
23.046	7.645e-03	-2.589	2863	4.151	2.008
23.046	9.703e-03	-2.746	2771	4.252	1.788
23.046	1.268e-02	-2.901	2673	4.343	1.609
23.046	1.667e-02	-3.064	2543	4.420	1.473
23.046	2.191e-02	-3.234	2392	4.484	1.368
23.046	2.898e-02	-3.420	2217	4.538	1.286
23.046	3.810e-02	-3.606	2042	4.581	1.224
23.046	5.007e-02	-3.797	1867	4.616	1.176
23.046	6.531e-02	-3.977	1710	4.644	1.139
23.046	8.621e-02	-4.155	1566	4.668	1.107
23.046	1.136e-01	-4.321	1440	4.689	1.081
23.046	1.493e-01	-4.482	1326	4.708	1.058
23.046	1.947e-01	-4.631	1228	4.724	1.039
23.046	2.570e-01	-4.789	1132	4.739	1.021
23.046	3.364e-01	-4.945	1042	4.752	1.006
23.046	4.441e-01	-5.108	956	4.764	0.992
23.046	5.803e-01	-5.264	879	4.774	0.980
23.046	7.569e-01	-5.411	812	4.784	0.969
23.046	9.934e-01	-5.557	750	4.793	0.959
23.046	1.306e+00	-5.700	694	4.801	0.950
23.046	1.703e+00	-5.834	645	4.809	0.942
23.046	2.248e+00	-5.970	599	4.816	0.934
23.046	2.943e+00	-6.097	560	4.823	0.926
23.046	3.885e+00	-6.228	521	4.830	0.919
23.046	5.117e+00	-6.362	484	4.837	0.911
23.046	6.725e+00	-6.492	451	4.844	0.905
23.046	8.877e+00	-6.627	419	4.850	0.898
25.142	1.032e-04	-1.397	3150	3.163	6.543
25.142	1.351e-04	-1.470	3153	3.238	6.004
25.142	1.773e-04	-1.542	3161	3.314	5.497
25.142	2.330e-04	-1.613	3175	3.393	5.023
25.142	3.063e-04	-1.685	3189	3.472	4.582
25.142	4.026e-04	-1.757	3204	3.553	4.174
25.142	5.314e-04	-1.852	3180	3.635	3.800
25.142	7.000e-04	-1.948	3147	3.712	3.476
25.142	9.167e-04	-2.035	3116	3.783	3.204
25.142	1.198e-03	-2.110	3090	3.843	2.991
25.142	1.575e-03	-2.162	3070	3.884	2.853
25.142	2.070e-03	-2.189	3060	3.905	2.783
25.142	2.700e-03	-2.208	3054	3.920	2.737
25.142	3.510e-03	-2.233	3044	3.939	2.676
25.142	4.563e-03	-2.279	3027	3.976	2.567
25.142	5.989e-03	-2.405	2981	4.075	2.289
25.142	7.605e-03	-2.568	2901	4.191	2.003
25.142	1.004e-02	-2.727	2811	4.296	1.775
25.142	1.314e-02	-2.868	2723	4.381	1.609
25.142	1.735e-02	-3.021	2603	4.456	1.476
25.142	2.271e-02	-3.170	2478	4.519	1.373
25.142	2.957e-02	-3.341	2315	4.571	1.293
25.142	3.881e-02	-3.517	2146	4.616	1.228
25.142	5.100e-02	-3.698	1976	4.654	1.176
25.142	6.706e-02	-3.882	1809	4.685	1.134
25.142	8.813e-02	-4.059	1659	4.711	1.101
25.142	1.163e-01	-4.232	1521	4.733	1.073
25.142	1.523e-01	-4.394	1401	4.752	1.050
25.142	1.983e-01	-4.543	1298	4.769	1.030
25.142	2.618e-01	-4.699	1198	4.785	1.011
25.142	3.421e-01	-4.853	1105	4.798	0.995
25.142	4.497e-01	-5.012	1015	4.811	0.981
25.142	5.890e-01	-5.169	933	4.822	0.969
25.142	7.710e-01	-5.324	859	4.832	0.958
25.142	1.018e+00	-5.476	791	4.842	0.947
25.142	1.332e+00	-5.620	732	4.850	0.938
25.142	1.759e+00	-5.764	676	4.858	0.929
25.142	2.302e+00	-5.898	629	4.866	0.921
25.142	3.022e+00	-6.030	586	4.873	0.914
25.142	3.971e+00	-6.162	545	4.880	0.906
25.142	5.180e+00	-6.288	509	4.886	0.900
25.142	6.837e+00	-6.420	473	4.893	0.893
25.142	8.951e+00	-6.550	441	4.899	0.886
27.237	1.018e-04	-1.350	3171	3.162	6.817
27.237	1.338e-04	-1.423	3174	3.237	6.254
27.237	1.745e-04	-1.495	3178	3.311	5.745
27.237	2.291e-04	-1.566	3188	3.387	5.259
27.237	3.000e-04	-1.636	3202	3.465	4.808
27.237	3.927e-04	-1.706	3217	3.544	4.391
27.237	5.183e-04	-1.782	3230	3.626	3.994
27.237	6.774e-04	-1.876	3198	3.703	3.656
27.237	8.906e-04	-1.965	3167	3.775	3.366
27.237	1.170e-03	-2.036	3141	3.832	3.152
27.237	1.527e-03	-2.078	3126	3.865	3.033
27.237	2.015e-03	-2.100	3118	3.883	2.972
27.237	2.634e-03	-2.120	3111	3.899	2.919
27.237	3.463e-03	-2.152	3099	3.924	2.834
27.237	4.551e-03	-2.227	3071	3.983	2.648
27.237	5.939e-03	-2.393	3011	4.116	2.274
27.237	7.658e-03	-2.545	2939	4.225	2.004
27.237	1.011e-02	-2.690	2860	4.323	1.791
27.237	1.323e-02	-2.820	2783	4.405	1.629
27.237	1.747e-02	-2.962	2677	4.480	1.495
27.237	2.283e-02	-3.100	2564	4.543	1.390
27.237	2.977e-02	-3.260	2413	4.598	1.305
27.237	3.930e-02	-3.430	2251	4.647	1.234
27.237	5.145e-02	-3.600	2088	4.686	1.179
27.237	6.753e-02	-3.785	1914	4.720	1.134
27.237	8.875e-02	-3.962	1757	4.748	1.098
27.237	1.167e-01	-4.137	1610	4.772	1.068
27.237	1.534e-01	-4.301	1482	4.792	1.043
27.237	2.024e-01	-4.463	1365	4.811	1.022
27.237	2.650e-01	-4.613	1263	4.827	1.003
27.237	3.451e-01	-4.764	1168	4.841	0.987
27.237	4.555e-01	-4.924	1073	4.854	0.971
27.237	5.963e-01	-5.081	987	4.866	0.958
27.237	7.871e-01	-5.242	905	4.877	0.946
27.237	1.030e+00	-5.393	835	4.887	0.936
27.237	1.360e+00	-5.545	769	4.896	0.926
27.237	1.781e+00	-5.689	711	4.904	0.918
27.237	2.318e+00	-5.823	661	4.911	0.910
27.237	3.060e+00	-5.960	613	4.919	0.902
27.237	4.006e+00	-6.092	571	4.925	0.895
27.237	5.298e+00	-6.226	530	4.932	0.888
27.237	6.966e+00	-6.354	495	4.939	0.881
27.237	9.155e+00	-6.485	460	4.945	0.875
29.332	1.028e-04	-1.313	3191	3.168	7.026
29.332	1.346e-04	-1.384	3193	3.241	6.462
29.332	1.776e-04	-1.458	3198	3.317	5.917
29.332	2.325e-04	-1.531	3203	3.392	5.426
29.332	3.052e-04	-1.601	3216	3.470	4.964
29.332	4.011e-04	-1.671	3232	3.549	4.531
29.332	5.274e-04	-1.743	3249	3.629	4.131
29.332	6.932e-04	-1.827	3239	3.708	3.772
29.332	9.041e-04	-1.910	3210	3.776	3.489
29.332	1.193e-03	-1.972	3188	3.826	3.294
29.332	1.562e-03	-2.003	3177	3.851	3.201
29.332	2.051e-03	-2.022	3170	3.866	3.146
29.332	2.695e-03	-2.046	3161	3.885	3.077
29.332	3.557e-03	-2.094	3144	3.923	2.944
29.332	4.657e-03	-2.226	3095	4.028	2.610
29.332	5.891e-03	-2.370	3043	4.143	2.286
29.332	7.743e-03	-2.516	2979	4.252	2.016
29.332	1.018e-02	-2.650	2909	4.345	1.813
29.332	1.338e-02	-2.773	2841	4.426	1.650
29.332	1.766e-02	-2.905	2748	4.501	1.515
29.332	2.312e-02	-3.042	2635	4.565	1.406
29.332	3.052e-02	-3.193	2501	4.625	1.313
29.332	4.036e-02	-3.363	2335	4.676	1.238
29.332	5.284e-02	-3.525	2178	4.718	1.180
29.332	6.974e-02	-3.709	2002	4.754	1.132
29.332	9.187e-02	-3.888	1837	4.784	1.093
29.332	1.207e-01	-4.062	1686	4.809	1.062
29.332	1.588e-01	-4.229	1550	4.831	1.036
29.332	2.086e-01	-4.393	1426	4.850	1.013
29.332	2.739e-01	-4.546	1319	4.867	0.994
29.332	3.599e-01	-4.700	1218	4.882	0.976
29.332	4.695e-01	-4.852	1124	4.896	0.961
29.332	6.197e-01	-5.014	1032	4.908	0.948
29.332	8.112e-01	-5.170	949	4.919	0.936
29.332	1.065e+00	-5.326	873	4.929	0.925
29.332	1.399e+00	-5.478	804	4.938	0.915
29.332	1.840e+00	-5.628	741	4.947	0.906
29.332	2.418e+00	-5.769	686	4.955	0.898
29.332	3.179e+00	-5.908	636	4.962	0.891
29.332	4.163e+00	-6.039	592	4.969	0.884
29.332	5.450e+00	-6.173	550	4.975	0.877
29.332	7.208e+00	-6.301	513	4.982	0.870
29.332	9.477e+00	-6.431	478	4.988	0.864
31.427	1.041e-04	-1.279	3211	3.176	7.210
31.427	1.374e-04	-1.352	3212	3.249	6.625
31.427	1.795e-04	-1.423	3216	3.322	6.092
31.427	2.361e-04	-1.496	3220	3.398	5.583
31.427	3.102e-04	-1.568	3229	3.475	5.110
31.427	4.079e-04	-1.638	3246	3.553	4.668
31.427	5.342e-04	-1.708	3262	3.631	4.266
31.427	6.993e-04	-1.777	3277	3.708	3.905
31.427	9.248e-04	-1.858	3251	3.776	3.611
31.427	1.221e-03	-1.909	3233	3.817	3.445
31.427	1.598e-03	-1.932	3225	3.836	3.371
31.427	2.109e-03	-1.952	3218	3.852	3.309
31.427	2.779e-03	-1.984	3206	3.878	3.212
31.427	3.652e-03	-2.060	3178	3.938	2.996
31.427	4.801e-03	-2.234	3115	4.078	2.551
31.427	6.310e-03	-2.382	3062	4.195	2.229
31.427	8.282e-03	-2.511	3010	4.294	1.988
31.427	1.088e-02	-2.637	2942	4.382	1.798
31.427	1.431e-02	-2.755	2877	4.461	1.642
31.427	1.881e-02	-2.879	2792	4.532	1.512
31.427	2.453e-02	-3.010	2685	4.596	1.405
31.427	3.238e-02	-3.150	2565	4.656	1.312
31.427	4.266e-02	-3.317	2400	4.707	1.236
31.427	5.607e-02	-3.478	2243	4.751	1.176
31.427	7.371e-02	-3.651	2074	4.788	1.126
31.427	9.688e-02	-3.831	1904	4.819	1.086
31.427	1.274e-01	-4.003	1751	4.846	1.054
31.427	1.674e-01	-4.174	1608	4.868	1.027
31.427	2.210e-01	-4.343	1475	4.888	1.004
31.427	2.893e-01	-4.495	1365	4.906	0.984
31.427	3.819e-01	-4.651	1259	4.922	0.966
31.427	4.990e-01	-4.803	1163	4.935	0.951
31.427	6.509e-01	-4.958	1072	4.948	0.937
31.427	8.592e-01	-5.119	983	4.960	0.925
31.427	1.125e+00	-5.275	904	4.970	0.914
31.427	1.485e+00	-5.433	830	4.979	0.904
31.427	1.944e+00	-5.582	765	4.988	0.895
31.427	2.566e+00	-5.729	707	4.996	0.887
31.427	3.359e+00	-5.866	656	5.003	0.879
31.427	4.433e+00	-6.003	609	5.010	0.872
31.427	5.840e+00	-6.143	564	5.017	0.865
31.427	7.675e+00	-6.266	527	5.023	0.859
31.427	1.000e+01	-6.392	492	5.029	0.853
34.570	1.029e-04	-1.225	3243	3.180	7.526
34.570	1.347e-04	-1.296	3239	3.249	6.949
34.570	1.778e-04	-1.368	3242	3.323	6.384
34.570	2.328e-04	-1.439	3246	3.396	5.866
34.570	3.031e-04	-1.511	3250	3.469	5.393
34.570	3.979e-04	-1.581	3262	3.546	4.939
34.570	5.210e-04	-1.649	3278	3.622	4.521
34.570	6.809e-04	-1.714	3294	3.696	4.153
34.570	8.881e-04	-1.769	3307	3.757	3.871
34.570	1.172e-03	-1.809	3301	3.795	3.708
34.570	1.535e-03	-1.830	3293	3.812	3.635
34.570	2.026e-03	-1.852	3285	3.830	3.560
34.570	2.668e-03	-1.893	3271	3.863	3.427
34.570	3.507e-03	-2.009	3228	3.956	3.077
34.570	4.434e-03	-2.159	3175	4.077	2.679
34.570	5.853e-03	-2.302	3123	4.192	2.346
34.570	7.662e-03	-2.421	3084	4.289	2.100
34.570	1.011e-02	-2.540	3033	4.379	1.893
34.570	1.332e-02	-2.658	2968	4.460	1.724
34.570	1.745e-02	-2.769	2906	4.533	1.585
34.570	2.268e-02	-2.884	2823	4.599	1.469
34.570	2.964e-02	-3.014	2715	4.661	1.368
34.570	3.866e-02	-3.145	2600	4.716	1.283
34.570	5.103e-02	-3.311	2434	4.767	1.210
34.570	6.680e-02	-3.469	2277	4.810	1.152
34.570	8.818e-02	-3.640	2109	4.848	1.103
34.570	1.154e-01	-3.814	1942	4.879	1.065
34.570	1.524e-01	-3.989	1784	4.906	1.032
34.570	1.991e-01	-4.155	1642	4.928	1.006
34.570	2.628e-01	-4.326	1505	4.948	0.983
34.570	3.441e-01	-4.478	1393	4.965	0.963
34.570	4.516e-01	-4.632	1287	4.981	0.946
34.570	5.935e-01	-4.786	1187	4.995	0.931
34.570	7.804e-01	-4.946	1091	5.008	0.917
34.570	1.026e+00	-5.105	1002	5.020	0.905
34.570	1.348e+00	-5.265	919	5.030	0.894
34.570	1.772e+00	-5.422	844	5.039	0.884
34.570	2.330e+00	-5.576	777	5.048	0.876
34.570	3.063e+00	-5.720	718	5.056	0.868
34.570	4.027e+00	-5.861	665	5.063	0.861
34.570	5.292e+00	-5.997	617	5.070	0.854
34.570	6.903e+00	-6.130	574	5.076	0.848
34.570	9.129e+00	-6.260	535	5.083	0.841
36.665	1.021e-04	-1.190	3265	3.183	7.724
36.665	1.340e-04	-1.263	3258	3.252	7.134
36.665	1.761e-04	-1.334	3258	3.323	6.573
36.665	2.298e-04	-1.404	3262	3.394	6.054
36.665	3.016e-04	-1.476	3266	3.469	5.555
36.665	3.963e-04	-1.548	3273	3.545	5.090
36.665	5.211e-04	-1.616	3289	3.621	4.661
36.665	6.849e-04	-1.681	3305	3.694	4.287
36.665	9.004e-04	-1.731	3317	3.751	4.015
36.665	1.179e-03	-1.758	3323	3.781	3.878
36.665	1.544e-03	-1.773	3326	3.798	3.804
36.665	2.026e-03	-1.794	3327	3.819	3.714
36.665	2.663e-03	-1.845	3308	3.860	3.541
36.665	3.462e-03	-1.988	3256	3.976	3.100
36.665	4.371e-03	-2.128	3207	4.089	2.722
36.665	5.722e-03	-2.263	3159	4.197	2.402
36.665	7.552e-03	-2.381	3120	4.295	2.147
36.665	9.887e-03	-2.488	3085	4.382	1.942
36.665	1.298e-02	-2.605	3022	4.463	1.770
36.665	1.705e-02	-2.715	2961	4.537	1.624
36.665	2.225e-02	-2.826	2888	4.606	1.501
36.665	2.920e-02	-2.951	2790	4.670	1.393
36.665	3.837e-02	-3.081	2679	4.730	1.301
36.665	5.005e-02	-3.230	2534	4.782	1.226
36.665	6.607e-02	-3.390	2374	4.828	1.161
36.665	8.703e-02	-3.556	2208	4.868	1.109
36.665	1.144e-01	-3.730	2036	4.902	1.067
36.665	1.510e-01	-3.904	1874	4.931	1.032
36.665	1.977e-01	-4.074	1723	4.955	1.003
36.665	2.594e-01	-4.244	1581	4.976	0.979
36.665	3.410e-01	-4.402	1459	4.995	0.959
36.665	4.447e-01	-4.552	1350	5.011	0.941
36.665	5.870e-01	-4.709	1245	5.026	0.925
36.665	7.685e-01	-4.865	1147	5.040	0.911
36.665	1.009e+00	-5.023	1054	5.052	0.898
36.665	1.326e+00	-5.183	968	5.063	0.887
36.665	1.729e+00	-5.337	890	5.072	0.877
36.665	2.282e+00	-5.496	817	5.081	0.868
36.665	2.983e+00	-5.643	754	5.089	0.860
36.665	3.922e+00	-5.787	697	5.097	0.853
36.665	5.135e+00	-5.923	647	5.104	0.846
36.665	6.723e+00	-6.060	600	5.110	0.839
36.665	8.874e+00	-6.192	559	5.117	0.833
39.807	1.004e-04	-1.137	3305	3.186	8.015
39.807	1.310e-04	-1.212	3288	3.252	7.428
39.807	1.719e-04	-1.284	3284	3.322	6.858
39.807	2.259e-04	-1.355	3285	3.393	6.316
39.807	2.970e-04	-1.426	3289	3.467	5.802
39.807	3.889e-04	-1.497	3294	3.541	5.329
39.807	5.092e-04	-1.566	3303	3.614	4.897
39.807	6.721e-04	-1.628	3318	3.684	4.517
39.807	8.853e-04	-1.673	3329	3.735	4.262
39.807	1.164e-03	-1.695	3335	3.760	4.141
39.807	1.518e-03	-1.710	3338	3.776	4.065
39.807	2.003e-03	-1.731	3343	3.800	3.954
39.807	2.623e-03	-1.779	3354	3.854	3.718
39.807	3.445e-03	-1.952	3297	3.997	3.152
39.807	4.491e-03	-2.100	3247	4.118	2.742
39.807	5.928e-03	-2.232	3199	4.224	2.426
39.807	7.760e-03	-2.341	3168	4.316	2.183
39.807	1.024e-02	-2.445	3139	4.404	1.972
39.807	1.339e-02	-2.555	3083	4.484	1.800
39.807	1.760e-02	-2.665	3024	4.559	1.650
39.807	2.313e-02	-2.773	2959	4.630	1.521
39.807	3.041e-02	-2.891	2873	4.696	1.409
39.807	3.997e-02	-3.021	2761	4.757	1.313
39.807	5.214e-02	-3.152	2642	4.812	1.233
39.807	6.882e-02	-3.315	2475	4.862	1.165
39.807	9.009e-02	-3.476	2310	4.903	1.110
39.807	1.189e-01	-3.643	2143	4.940	1.064
39.807	1.557e-01	-3.812	1980	4.970	1.028
39.807	2.043e-01	-3.983	1821	4.997	0.997
39.807	2.685e-01	-4.154	1672	5.020	0.971
39.807	3.531e-01	-4.321	1536	5.039	0.949
39.807	4.640e-01	-4.477	1419	5.057	0.930
39.807	6.053e-01	-4.627	1313	5.072	0.914
39.807	7.990e-01	-4.786	1208	5.087	0.899
39.807	1.046e+00	-4.942	1112	5.099	0.886
39.807	1.373e+00	-5.100	1022	5.111	0.874
39.807	1.798e+00	-5.259	938	5.121	0.864
39.807	2.353e+00	-5.416	862	5.130	0.855
39.807	3.089e+00	-5.569	793	5.138	0.847
39.807	4.059e+00	-5.717	731	5.146	0.840
39.807	5.295e+00	-5.855	678	5.153	0.833
39.807	6.989e+00	-5.996	628	5.160	0.826
39.807	9.150e+00	-6.128	584	5.166	0.820
41.903	1.040e-04	-1.117	3327	3.200	8.092
41.903	1.367e-04	-1.195	3308	3.268	7.487
41.903	1.797e-04	-1.267	3301	3.337	6.914
41.903	2.363e-04	-1.339	3300	3.408	6.372
41.903	3.094e-04	-1.409	3304	3.480	5.865
41.903	4.050e-04	-1.479	3310	3.553	5.392
41.903	5.346e-04	-1.549	3316	3.626	4.954
41.903	6.986e-04	-1.604	3329	3.688	4.613
41.903	9.186e-04	-1.641	3338	3.729	4.400
41.903	1.207e-03	-1.658	3342	3.749	4.300
41.903	1.575e-03	-1.673	3346	3.766	4.219
41.903	2.082e-03	-1.700	3352	3.796	4.077
41.903	2.738e-03	-1.772	3369	3.877	3.712
41.903	3.414e-03	-1.920	3327	4.003	3.212
41.903	4.398e-03	-2.060	3280	4.118	2.814
41.903	5.805e-03	-2.191	3233	4.224	2.490
41.903	7.586e-03	-2.299	3202	4.315	2.242
41.903	9.974e-03	-2.401	3175	4.402	2.028
41.903	1.311e-02	-2.506	3132	4.484	1.845
41.903	1.710e-02	-2.613	3074	4.559	1.693
41.903	2.257e-02	-2.721	3014	4.632	1.557
41.903	2.955e-02	-2.832	2937	4.699	1.441
41.903	3.900e-02	-2.959	2834	4.763	1.338
41.903	5.138e-02	-3.085	2726	4.822	1.251
41.903	6.728e-02	-3.239	2570	4.873	1.179
41.903	8.807e-02	-3.396	2408	4.918	1.120
41.903	1.156e-01	-3.559	2242	4.956	1.072
41.903	1.519e-01	-3.729	2073	4.990	1.031
41.903	2.005e-01	-3.901	1909	5.019	0.997
41.903	2.621e-01	-4.070	1756	5.042	0.970
41.903	3.418e-01	-4.236	1614	5.063	0.948
41.903	4.512e-01	-4.397	1487	5.082	0.927
41.903	5.907e-01	-4.551	1374	5.098	0.910
41.903	7.797e-01	-4.709	1266	5.113	0.894
41.903	1.021e+00	-4.864	1167	5.126	0.881
41.903	1.347e+00	-5.025	1071	5.139	0.869
41.903	1.764e+00	-5.184	984	5.149	0.858
41.903	2.315e+00	-5.344	902	5.159	0.848
41.903	3.043e+00	-5.502	828	5.168	0.840
41.903	4.000e+00	-5.653	762	5.176	0.832
41.903	5.258e+00	-5.799	704	5.183	0.825
41.903	6.913e+00	-5.937	653	5.190	0.819
41.903	9.085e+00	-6.074	605	5.197	0.813
45.045	1.035e-04	-1.074	3362	3.207	8.324
45.045	1.360e-04	-1.151	3344	3.273	7.711
45.045	1.788e-04	-1.227	3328	3.341	7.132
45.045	2.332e-04	-1.297	3323	3.409	6.597
45.045	3.078e-04	-1.368	3324	3.481	6.070
45.045	4.030e-04	-1.437	3330	3.553	5.590
45.045	5.319e-04	-1.505	3336	3.624	5.151
45.045	6.963e-04	-1.558	3342	3.680	4.826
45.045	9.192e-04	-1.589	3349	3.714	4.642
45.045	1.203e-03	-1.604	3353	3.731	4.552
45.045	1.579e-03	-1.620	3357	3.750	4.457
45.045	2.076e-03	-1.651	3364	3.785	4.282
45.045	2.711e-03	-1.744	3386	3.889	3.797
45.045	3.404e-03	-1.879	3369	4.015	3.285
45.045	4.457e-03	-2.023	3320	4.134	2.865
45.045	5.883e-03	-2.151	3274	4.238	2.541
45.045	7.688e-03	-2.256	3246	4.328	2.290
45.045	1.011e-02	-2.357	3220	4.415	2.073
45.045	1.324e-02	-2.454	3191	4.496	1.888
45.045	1.730e-02	-2.561	3135	4.572	1.730
45.045	2.256e-02	-2.664	3078	4.643	1.594
45.045	2.961e-02	-2.770	3013	4.712	1.472
45.045	3.892e-02	-2.885	2928	4.777	1.366
45.045	5.137e-02	-3.014	2816	4.839	1.272
45.045	6.725e-02	-3.148	2690	4.894	1.194
45.045	8.827e-02	-3.308	2524	4.942	1.130
45.045	1.156e-01	-3.472	2350	4.983	1.077
45.045	1.513e-01	-3.629	2192	5.019	1.034
45.045	2.001e-01	-3.802	2021	5.050	0.997
45.045	2.631e-01	-3.975	1858	5.077	0.967
45.045	3.458e-01	-4.145	1707	5.100	0.942
45.045	4.546e-01	-4.310	1569	5.120	0.921
45.045	5.954e-01	-4.466	1449	5.137	0.903
45.045	7.740e-01	-4.614	1342	5.152	0.887
45.045	1.011e+00	-4.769	1238	5.166	0.873
45.045	1.330e+00	-4.926	1139	5.179	0.860
45.045	1.748e+00	-5.086	1046	5.190	0.849
45.045	2.298e+00	-5.248	959	5.201	0.838
45.045	3.020e+00	-5.411	878	5.210	0.830
45.045	3.971e+00	-5.566	806	5.218	0.822
45.045	5.200e+00	-5.715	743	5.226	0.815
45.045	6.807e+00	-5.855	688	5.233	0.808
45.045	8.986e+00	-5.995	638	5.240	0.802
47.140	1.006e-04	-1.038	3393	3.206	8.526
47.140	1.328e-04	-1.117	3367	3.272	7.898
47.140	1.739e-04	-1.193	3349	3.339	7.319
47.140	2.283e-04	-1.266	3340	3.407	6.766
47.140	2.989e-04	-1.337	3337	3.476	6.248
47.140	3.913e-04	-1.404	3343	3.546	5.762
47.140	5.136e-04	-1.469	3348	3.615	5.326
47.140	6.750e-04	-1.523	3353	3.670	4.996
47.140	8.859e-04	-1.553	3356	3.702	4.818
47.140	1.164e-03	-1.568	3359	3.719	4.725
47.140	1.519e-03	-1.584	3363	3.737	4.629
47.140	2.005e-03	-1.616	3370	3.772	4.443
47.140	2.624e-03	-1.711	3393	3.880	3.926
47.140	3.273e-03	-1.829	3403	4.002	3.409
47.140	4.284e-03	-1.976	3353	4.123	2.965
47.140	5.623e-03	-2.102	3309	4.227	2.632
47.140	7.364e-03	-2.210	3279	4.319	2.367
47.140	9.640e-03	-2.309	3254	4.405	2.144
47.140	1.272e-02	-2.408	3226	4.489	1.947
47.140	1.666e-02	-2.509	3184	4.567	1.779
47.140	2.199e-02	-2.618	3124	4.643	1.631
47.140	2.873e-02	-2.720	3065	4.712	1.507
47.140	3.748e-02	-2.827	2991	4.777	1.398
47.140	4.947e-02	-2.951	2890	4.841	1.299
47.140	6.517e-02	-3.077	2779	4.899	1.214
47.140	8.534e-02	-3.232	2619	4.950	1.145
47.140	1.117e-01	-3.391	2450	4.994	1.088
47.140	1.466e-01	-3.553	2283	5.032	1.041
47.140	1.939e-01	-3.723	2110	5.066	1.001
47.140	2.549e-01	-3.891	1947	5.095	0.969
47.140	3.351e-01	-4.063	1789	5.119	0.942
47.140	4.404e-01	-4.232	1643	5.140	0.919
47.140	5.790e-01	-4.393	1514	5.159	0.900
47.140	7.582e-01	-4.547	1399	5.175	0.883
47.140	9.926e-01	-4.701	1290	5.190	0.868
47.140	1.310e+00	-4.860	1187	5.204	0.855
47.140	1.712e+00	-5.014	1093	5.215	0.843
47.140	2.260e+00	-5.180	1000	5.227	0.833
47.140	2.977e+00	-5.346	914	5.236	0.823
47.140	3.913e+00	-5.504	839	5.245	0.815
47.140	5.145e+00	-5.658	771	5.253	0.808
47.140	6.737e+00	-5.802	713	5.260	0.801
47.140	8.820e+00	-5.938	662	5.266	0.795
50.283	1.020e-04	-0.998	3437	3.217	8.695
50.283	1.333e-04	-1.081	3400	3.281	8.081
50.283	1.739e-04	-1.155	3381	3.345	7.504
50.283	2.295e-04	-1.232	3364	3.414	6.934
50.283	3.004e-04	-1.303	3359	3.482	6.412
50.283	3.965e-04	-1.372	3362	3.552	5.914
50.283	5.191e-04	-1.433	3367	3.616	5.495
50.283	6.852e-04	-1.479	3371	3.664	5.195
50.283	8.955e-04	-1.503	3373	3.689	5.050
50.283	1.168e-03	-1.517	3375	3.704	4.963
50.283	1.542e-03	-1.538	3376	3.725	4.843
50.283	2.031e-03	-1.580	3383	3.771	4.597
50.283	2.669e-03	-1.699	3412	3.905	3.937
50.283	3.523e-03	-1.834	3427	4.047	3.343
50.283	4.612e-03	-1.971	3380	4.161	2.933
50.283	6.088e-03	-2.094	3339	4.262	2.611
50.283	7.956e-03	-2.196	3314	4.351	2.356
50.283	1.038e-02	-2.292	3289	4.434	2.141
50.283	1.351e-02	-2.385	3264	4.513	1.954
50.283	1.784e-02	-2.484	3228	4.594	1.782
50.283	2.350e-02	-2.592	3168	4.669	1.634
50.283	3.088e-02	-2.696	3108	4.740	1.507
50.283	4.060e-02	-2.803	3039	4.807	1.394
50.283	5.336e-02	-2.921	2944	4.871	1.295
50.283	7.044e-02	-3.049	2831	4.930	1.209
50.283	9.279e-02	-3.201	2675	4.984	1.137
50.283	1.219e-01	-3.360	2506	5.030	1.079
50.283	1.601e-01	-3.525	2331	5.069	1.031
50.283	2.104e-01	-3.689	2162	5.103	0.992
50.283	2.777e-01	-3.858	1996	5.132	0.958
50.283	3.635e-01	-4.027	1837	5.157	0.931
50.283	4.771e-01	-4.194	1690	5.179	0.909
50.283	6.270e-01	-4.357	1555	5.198	0.889
50.283	8.244e-01	-4.514	1435	5.215	0.872
50.283	1.084e+00	-4.670	1323	5.230	0.857
50.283	1.425e+00	-4.826	1219	5.244	0.843
50.283	1.872e+00	-4.984	1121	5.256	0.831
50.283	2.462e+00	-5.148	1026	5.267	0.821
50.283	3.235e+00	-5.313	938	5.277	0.812
50.283	4.254e+00	-5.475	860	5.286	0.803
50.283	5.591e+00	-5.629	790	5.293	0.796
50.283	7.292e+00	-5.772	731	5.300	0.790
50.283	9.571e+00	-5.912	677	5.307	0.784
52.378	1.018e-04	-0.970	3467	3.222	8.828
52.378	1.330e-04	-1.055	3424	3.285	8.206
52.378	1.735e-04	-1.130	3402	3.349	7.625
52.378	2.290e-04	-1.208	3382	3.417	7.051
52.378	2.998e-04	-1.280	3374	3.484	6.527
52.378	3.957e-04	-1.348	3374	3.553	6.031
52.378	5.180e-04	-1.407	3379	3.614	5.621
52.378	6.798e-04	-1.449	3383	3.657	5.344
52.378	8.935e-04	-1.470	3385	3.680	5.208
52.378	1.165e-03	-1.485	3386	3.695	5.118
52.378	1.538e-03	-1.507	3388	3.718	4.985
52.378	2.014e-03	-1.555	3392	3.768	4.704
52.378	2.605e-03	-1.674	3419	3.901	4.035
52.378	3.320e-03	-1.783	3447	4.025	3.501
52.378	4.330e-03	-1.915	3416	4.141	3.064
52.378	5.716e-03	-2.042	3371	4.244	2.719
52.378	7.483e-03	-2.145	3346	4.335	2.449
52.378	9.878e-03	-2.247	3321	4.423	2.213
52.378	1.293e-02	-2.341	3295	4.505	2.015
52.378	1.707e-02	-2.436	3269	4.585	1.836
52.378	2.248e-02	-2.542	3215	4.662	1.681
52.378	2.955e-02	-2.646	3155	4.734	1.547
52.378	3.854e-02	-2.745	3099	4.801	1.432
52.378	5.088e-02	-2.858	3016	4.868	1.326
52.378	6.660e-02	-2.983	2907	4.928	1.237
52.378	8.672e-02	-3.108	2791	4.983	1.162
52.378	1.145e-01	-3.269	2619	5.033	1.097
52.378	1.499e-01	-3.434	2440	5.075	1.045
52.378	1.978e-01	-3.599	2267	5.112	1.001
52.378	2.590e-01	-3.761	2102	5.143	0.966
52.378	3.418e-01	-3.931	1937	5.171	0.936
52.378	4.475e-01	-4.099	1782	5.194	0.911
52.378	5.873e-01	-4.264	1640	5.215	0.890
52.378	7.719e-01	-4.425	1510	5.233	0.872
52.378	1.015e+00	-4.579	1395	5.249	0.856
52.378	1.329e+00	-4.736	1285	5.263	0.842
52.378	1.740e+00	-4.889	1185	5.276	0.829
52.378	2.297e+00	-5.052	1086	5.288	0.818
52.378	3.006e+00	-5.214	996	5.298	0.808
52.378	3.968e+00	-5.382	909	5.308	0.800
52.378	5.195e+00	-5.538	835	5.316	0.792
52.378	6.857e+00	-5.692	767	5.323	0.785
52.378	8.961e+00	-5.833	710	5.330	0.779
55.521	1.019e-04	-0.930	3512	3.229	9.011
55.521	1.339e-04	-1.018	3466	3.294	8.363
55.521	1.760e-04	-1.101	3430	3.359	7.760
55.521	2.314e-04	-1.177	3411	3.425	7.191
55.521	3.042e-04	-1.251	3396	3.492	6.659
55.521	3.998e-04	-1.318	3393	3.557	6.177
55.521	5.277e-04	-1.373	3396	3.614	5.783
55.521	6.909e-04	-1.407	3399	3.650	5.553
55.521	9.068e-04	-1.425	3401	3.668	5.437
55.521	1.187e-03	-1.440	3402	3.684	5.337
55.521	1.554e-03	-1.465	3404	3.710	5.177
55.521	2.052e-03	-1.534	3410	3.782	4.767
55.521	2.549e-03	-1.645	3432	3.904	4.144
55.521	3.365e-03	-1.764	3463	4.039	3.546
55.521	4.405e-03	-1.886	3449	4.154	3.108
55.521	5.781e-03	-2.008	3407	4.254	2.769
55.521	7.598e-03	-2.112	3383	4.346	2.491
55.521	9.911e-03	-2.208	3359	4.430	2.261
55.521	1.290e-02	-2.301	3335	4.510	2.063
55.521	1.703e-02	-2.394	3310	4.591	1.879
55.521	2.230e-02	-2.491	3271	4.667	1.721
55.521	2.927e-02	-2.596	3212	4.740	1.583
55.521	3.847e-02	-2.696	3157	4.810	1.460
55.521	5.017e-02	-2.800	3088	4.875	1.354
55.521	6.585e-02	-2.919	2990	4.938	1.259
55.521	8.655e-02	-3.044	2877	4.997	1.177
55.521	1.138e-01	-3.193	2723	5.050	1.108
55.521	1.496e-01	-3.352	2550	5.096	1.051
55.521	1.974e-01	-3.525	2362	5.135	1.004
55.521	2.584e-01	-3.685	2195	5.168	0.967
55.521	3.411e-01	-3.851	2029	5.198	0.934
55.521	4.466e-01	-4.019	1869	5.222	0.908
55.521	5.895e-01	-4.186	1720	5.244	0.885
55.521	7.717e-01	-4.348	1583	5.263	0.866
55.521	1.019e+00	-4.508	1459	5.280	0.849
55.521	1.333e+00	-4.663	1345	5.295	0.835
55.521	1.760e+00	-4.819	1239	5.309	0.822
55.521	2.304e+00	-4.975	1141	5.321	0.810
55.521	3.024e+00	-5.138	1045	5.332	0.800
55.521	3.975e+00	-5.305	955	5.342	0.791
55.521	5.226e+00	-5.468	874	5.351	0.783
55.521	6.869e+00	-5.622	803	5.358	0.776
55.521	9.031e+00	-5.770	741	5.366	0.770
57.616	1.020e-04	-0.904	3542	3.234	9.127
57.616	1.341e-04	-0.993	3493	3.299	8.471
57.616	1.749e-04	-1.077	3452	3.362	7.879
57.616	2.309e-04	-1.154	3430	3.428	7.298
57.616	3.017e-04	-1.228	3411	3.493	6.776
57.616	3.936e-04	-1.292	3407	3.555	6.309
57.616	5.205e-04	-1.347	3407	3.609	5.924
57.616	6.789e-04	-1.378	3410	3.642	5.709
57.616	8.961e-04	-1.395	3411	3.659	5.594
57.616	1.171e-03	-1.410	3412	3.675	5.490
57.616	1.546e-03	-1.438	3415	3.705	5.307
57.616	2.024e-03	-1.514	3421	3.783	4.848
57.616	2.671e-03	-1.653	3446	3.935	4.071
57.616	3.519e-03	-1.765	3477	4.063	3.514
57.616	4.625e-03	-1.884	3465	4.176	3.086
57.616	6.104e-03	-2.004	3427	4.276	2.749
57.616	7.977e-03	-2.104	3403	4.365	2.482
57.616	1.049e-02	-2.203	3379	4.451	2.249
57.616	1.378e-02	-2.297	3354	4.533	2.046
57.616	1.798e-02	-2.387	3331	4.610	1.872
57.616	2.360e-02	-2.483	3294	4.687	1.714
57.616	3.090e-02	-2.586	3236	4.759	1.577
57.616	4.046e-02	-2.684	3183	4.828	1.456
57.616	5.340e-02	-2.792	3111	4.897	1.346
57.616	7.034e-02	-2.912	3013	4.961	1.250
57.616	9.245e-02	-3.036	2902	5.019	1.169
57.616	1.220e-01	-3.186	2745	5.073	1.098
57.616	1.608e-01	-3.347	2570	5.120	1.041
57.616	2.113e-01	-3.519	2380	5.159	0.996
57.616	2.778e-01	-3.680	2211	5.192	0.958
57.616	3.651e-01	-3.842	2048	5.221	0.926
57.616	4.800e-01	-4.012	1885	5.246	0.900
57.616	6.309e-01	-4.176	1737	5.268	0.878
57.616	8.229e-01	-4.335	1602	5.287	0.859
57.616	1.086e+00	-4.495	1475	5.304	0.842
57.616	1.422e+00	-4.650	1361	5.319	0.828
57.616	1.877e+00	-4.806	1254	5.333	0.815
57.616	2.457e+00	-4.962	1155	5.345	0.803
57.616	3.225e+00	-5.125	1058	5.356	0.793
57.616	4.223e+00	-5.289	968	5.366	0.784
57.616	5.529e+00	-5.450	887	5.374	0.777
57.616	7.298e+00	-5.607	814	5.382	0.769
57.616	9.537e+00	-5.753	751	5.389	0.763
60.759	1.023e-04	-0.865	3589	3.241	9.298
60.759	1.350e-04	-0.959	3532	3.307	8.617
60.759	1.768e-04	-1.045	3487	3.371	8.008
60.759	2.320e-04	-1.124	3457	3.435	7.437
60.759	3.038e-04	-1.197	3438	3.499	6.911
60.759	3.977e-04	-1.262	3428	3.558	6.452
60.759	5.220e-04	-1.311	3426	3.606	6.109
60.759	6.836e-04	-1.337	3426	3.632	5.924
60.759	8.949e-04	-1.353	3426	3.648	5.821
60.759	1.175e-03	-1.370	3428	3.666	5.703
60.759	1.544e-03	-1.402	3430	3.699	5.484
60.759	2.038e-03	-1.503	3439	3.804	4.861
60.759	2.663e-03	-1.632	3459	3.944	4.139
60.759	3.473e-03	-1.737	3489	4.063	3.608
60.759	4.585e-03	-1.844	3500	4.177	3.167
60.759	5.991e-03	-1.960	3463	4.274	2.831
60.759	7.877e-03	-2.063	3440	4.365	2.548
60.759	1.035e-02	-2.161	3416	4.451	2.308
60.759	1.350e-02	-2.253	3393	4.531	2.104
60.759	1.758e-02	-2.342	3370	4.608	1.926
60.759	2.308e-02	-2.432	3344	4.686	1.762
60.759	3.022e-02	-2.534	3291	4.760	1.618
60.759	3.956e-02	-2.633	3238	4.830	1.492
60.759	5.193e-02	-2.732	3181	4.899	1.379
60.759	6.825e-02	-2.844	3097	4.964	1.279
60.759	8.902e-02	-2.965	2990	5.024	1.194
60.759	1.175e-01	-3.094	2869	5.081	1.118
60.759	1.548e-01	-3.254	2693	5.131	1.055
60.759	2.034e-01	-3.423	2503	5.174	1.005
60.759	2.653e-01	-3.586	2326	5.209	0.965
60.759	3.502e-01	-3.746	2160	5.240	0.931
60.759	4.585e-01	-3.906	2001	5.267	0.902
60.759	6.018e-01	-4.073	1843	5.290	0.878
60.759	7.909e-01	-4.236	1697	5.311	0.858
60.759	1.040e+00	-4.397	1563	5.329	0.840
60.759	1.362e+00	-4.550	1445	5.345	0.825
60.759	1.783e+00	-4.704	1333	5.359	0.811
60.759	2.353e+00	-4.859	1229	5.373	0.799
60.759	3.080e+00	-5.017	1129	5.384	0.788
60.759	4.074e+00	-5.185	1032	5.395	0.779
60.759	5.356e+00	-5.352	942	5.405	0.770
60.759	7.040e+00	-5.510	864	5.413	0.763
60.759	9.292e+00	-5.667	793	5.420	0.756
62.854	1.033e-04	-0.843	3618	3.247	9.390
62.854	1.357e-04	-0.936	3559	3.312	8.711
62.854	1.784e-04	-1.024	3511	3.377	8.086
62.854	2.345e-04	-1.107	3473	3.441	7.510
62.854	3.083e-04	-1.180	3455	3.505	6.981
62.854	4.052e-04	-1.245	3441	3.563	6.531
62.854	5.349e-04	-1.289	3439	3.605	6.217
62.854	7.002e-04	-1.311	3438	3.628	6.059
62.854	9.190e-04	-1.327	3438	3.642	5.957
62.854	1.208e-03	-1.346	3438	3.662	5.821
62.854	1.594e-03	-1.387	3441	3.705	5.543
62.854	2.087e-03	-1.506	3451	3.829	4.808
62.854	2.755e-03	-1.633	3471	3.966	4.104
62.854	3.607e-03	-1.735	3501	4.083	3.588
62.854	4.761e-03	-1.838	3516	4.193	3.159
62.854	6.222e-03	-1.951	3483	4.289	2.829
62.854	8.180e-03	-2.053	3460	4.380	2.548
62.854	1.075e-02	-2.151	3436	4.466	2.309
62.854	1.402e-02	-2.242	3413	4.546	2.106
62.854	1.841e-02	-2.333	3390	4.625	1.922
62.854	2.410e-02	-2.422	3365	4.701	1.760
62.854	3.150e-02	-2.521	3316	4.775	1.618
62.854	4.141e-02	-2.622	3263	4.847	1.489
62.854	5.443e-02	-2.721	3206	4.916	1.375
62.854	7.099e-02	-2.829	3126	4.980	1.278
62.854	9.244e-02	-2.947	3023	5.039	1.193
62.854	1.220e-01	-3.074	2905	5.097	1.116
62.854	1.595e-01	-3.228	2736	5.147	1.054
62.854	2.080e-01	-3.389	2555	5.189	1.004
62.854	2.745e-01	-3.562	2362	5.226	0.962
62.854	3.616e-01	-3.720	2197	5.258	0.927
62.854	4.753e-01	-3.880	2036	5.286	0.898
62.854	6.200e-01	-4.041	1881	5.309	0.874
62.854	8.183e-01	-4.205	1732	5.330	0.853
62.854	1.071e+00	-4.362	1599	5.348	0.836
62.854	1.406e+00	-4.517	1476	5.365	0.820
62.854	1.848e+00	-4.673	1361	5.379	0.806
62.854	2.410e+00	-4.819	1260	5.392	0.795
62.854	3.182e+00	-4.980	1157	5.405	0.783
62.854	4.165e+00	-5.140	1062	5.415	0.774
62.854	5.498e+00	-5.310	968	5.425	0.765
62.854	7.197e+00	-5.469	888	5.433	0.758
62.854	9.501e+00	-5.627	815	5.441	0.751
65.997	1.039e-04	-0.807	3662	3.254	9.546
65.997	1.357e-04	-0.901	3601	3.318	8.865
65.997	1.770e-04	-0.988	3550	3.381	8.246
65.997	2.324e-04	-1.074	3505	3.445	7.665
65.997	3.054e-04	-1.147	3481	3.506	7.140
65.997	4.031e-04	-1.210	3467	3.562	6.699
65.997	5.277e-04	-1.250	3459	3.598	6.424
65.997	6.965e-04	-1.271	3458	3.618	6.279
65.997	9.103e-04	-1.286	3457	3.632	6.175
65.997	1.202e-03	-1.308	3456	3.655	6.017
65.997	1.573e-03	-1.357	3456	3.703	5.693
65.997	2.044e-03	-1.480	3466	3.832	4.909
65.997	2.622e-03	-1.595	3478	3.952	4.274
65.997	3.447e-03	-1.697	3508	4.069	3.735
65.997	4.531e-03	-1.790	3538	4.177	3.299
65.997	5.909e-03	-1.896	3520	4.275	2.948
65.997	7.801e-03	-2.001	3497	4.368	2.647
65.997	1.021e-02	-2.098	3474	4.454	2.399
65.997	1.348e-02	-2.194	3451	4.538	2.177
65.997	1.765e-02	-2.285	3428	4.617	1.988
65.997	2.329e-02	-2.377	3403	4.696	1.814
65.997	3.049e-02	-2.468	3371	4.771	1.664
65.997	4.033e-02	-2.572	3316	4.846	1.527
65.997	5.260e-02	-2.668	3262	4.914	1.411
65.997	6.903e-02	-2.773	3193	4.982	1.306
65.997	9.073e-02	-2.888	3101	5.046	1.214
65.997	1.193e-01	-3.010	2990	5.105	1.134
65.997	1.562e-01	-3.154	2839	5.158	1.066
65.997	2.045e-01	-3.309	2664	5.204	1.012
65.997	2.699e-01	-3.486	2462	5.243	0.966
65.997	3.534e-01	-3.642	2293	5.276	0.931
65.997	4.673e-01	-3.800	2130	5.305	0.900
65.997	6.145e-01	-3.961	1970	5.331	0.874
65.997	8.046e-01	-4.117	1823	5.352	0.853
65.997	1.053e+00	-4.273	1684	5.371	0.834
65.997	1.390e+00	-4.431	1554	5.389	0.818
65.997	1.820e+00	-4.581	1437	5.404	0.803
65.997	2.403e+00	-4.734	1327	5.418	0.791
65.997	3.140e+00	-4.882	1227	5.430	0.779
65.997	4.128e+00	-5.042	1127	5.442	0.769
65.997	5.426e+00	-5.206	1032	5.452	0.760
65.997	7.077e+00	-5.368	944	5.461	0.753
65.997	9.341e+00	-5.525	867	5.469	0.745
67.044	1.021e-04	-0.789	3681	3.252	9.648
67.044	1.342e-04	-0.885	3618	3.318	8.943
67.044	1.765e-04	-0.976	3563	3.382	8.300
67.044	2.320e-04	-1.062	3517	3.446	7.714
67.044	3.050e-04	-1.137	3490	3.507	7.189
67.044	4.008e-04	-1.197	3476	3.560	6.761
67.044	5.270e-04	-1.237	3467	3.596	6.490
67.044	6.926e-04	-1.257	3464	3.615	6.352
67.044	9.106e-04	-1.273	3463	3.629	6.244
67.044	1.197e-03	-1.296	3462	3.652	6.082
67.044	1.580e-03	-1.350	3461	3.706	5.719
67.044	2.068e-03	-1.481	3472	3.842	4.889
67.044	2.735e-03	-1.606	3486	3.974	4.202
67.044	3.567e-03	-1.702	3516	4.085	3.698
67.044	4.709e-03	-1.795	3546	4.193	3.266
67.044	6.203e-03	-1.904	3527	4.292	2.911
67.044	8.153e-03	-2.006	3504	4.384	2.621
67.044	1.063e-02	-2.102	3481	4.467	2.380
67.044	1.396e-02	-2.195	3459	4.550	2.165
67.044	1.828e-02	-2.285	3436	4.628	1.977
67.044	2.388e-02	-2.374	3412	4.705	1.811
67.044	3.115e-02	-2.463	3382	4.779	1.663
67.044	4.089e-02	-2.564	3329	4.852	1.529
67.044	5.374e-02	-2.663	3274	4.922	1.410
67.044	7.010e-02	-2.765	3207	4.988	1.307
67.044	9.253e-02	-2.880	3116	5.053	1.212
67.044	1.219e-01	-3.004	3003	5.113	1.132
67.044	1.602e-01	-3.147	2852	5.167	1.063
67.044	2.119e-01	-3.309	2671	5.214	1.007
67.044	2.785e-01	-3.483	2471	5.253	0.963
67.044	3.661e-01	-3.641	2300	5.286	0.927
67.044	4.813e-01	-3.794	2141	5.315	0.897
67.044	6.303e-01	-3.950	1985	5.340	0.872
67.044	8.251e-01	-4.105	1838	5.361	0.850
67.044	1.089e+00	-4.265	1696	5.381	0.831
67.044	1.423e+00	-4.415	1570	5.398	0.816
67.044	1.856e+00	-4.562	1455	5.412	0.802
67.044	2.451e+00	-4.714	1344	5.427	0.789
67.044	3.208e+00	-4.861	1244	5.439	0.777
67.044	4.211e+00	-5.019	1143	5.451	0.767
67.044	5.534e+00	-5.181	1048	5.461	0.758
67.044	7.305e+00	-5.351	955	5.470	0.750
67.044	9.562e+00	-5.503	879	5.478	0.743
68.092	1.015e-04	-0.775	3697	3.252	9.722
68.092	1.340e-04	-0.872	3632	3.319	8.998
68.092	1.754e-04	-0.963	3576	3.383	8.361
68.092	2.302e-04	-1.049	3530	3.446	7.774
68.092	3.025e-04	-1.125	3499	3.507	7.250
68.092	3.946e-04	-1.183	3485	3.558	6.836
68.092	5.179e-04	-1.222	3476	3.592	6.567
68.092	6.806e-04	-1.243	3472	3.611	6.430
68.092	8.878e-04	-1.258	3470	3.625	6.325
68.092	1.174e-03	-1.282	3469	3.648	6.158
68.092	1.544e-03	-1.335	3467	3.700	5.801
68.092	1.959e-03	-1.449	3475	3.818	5.063
68.092	2.591e-03	-1.578	3485	3.953	4.338
68.092	3.379e-03	-1.676	3513	4.064	3.814
68.092	4.461e-03	-1.770	3544	4.173	3.366
68.092	5.840e-03	-1.869	3542	4.272	3.003
68.092	7.665e-03	-1.973	3520	4.364	2.700
68.092	1.007e-02	-2.071	3497	4.452	2.442
68.092	1.314e-02	-2.164	3475	4.533	2.225
68.092	1.711e-02	-2.252	3453	4.611	2.034
68.092	2.245e-02	-2.342	3429	4.689	1.859
68.092	2.940e-02	-2.431	3404	4.764	1.704
68.092	3.843e-02	-2.528	3357	4.837	1.567
68.092	5.052e-02	-2.628	3302	4.909	1.443
68.092	6.616e-02	-2.727	3243	4.976	1.335
68.092	8.661e-02	-2.835	3163	5.041	1.239
68.092	1.145e-01	-2.960	3051	5.103	1.153
68.092	1.506e-01	-3.090	2924	5.160	1.081
68.092	1.992e-01	-3.251	2742	5.210	1.021
68.092	2.618e-01	-3.420	2549	5.251	0.973
68.092	3.442e-01	-3.583	2367	5.285	0.935
68.092	4.523e-01	-3.737	2204	5.315	0.904
68.092	5.947e-01	-3.889	2049	5.341	0.877
68.092	7.816e-01	-4.047	1896	5.364	0.854
68.092	1.019e+00	-4.198	1758	5.384	0.835
68.092	1.338e+00	-4.350	1627	5.401	0.818
68.092	1.759e+00	-4.501	1505	5.417	0.804
68.092	2.312e+00	-4.651	1392	5.431	0.791
68.092	3.039e+00	-4.796	1290	5.444	0.779
68.092	3.996e+00	-4.951	1189	5.456	0.768
68.092	5.232e+00	-5.107	1093	5.467	0.759
68.092	6.892e+00	-5.274	998	5.477	0.750
68.092	9.058e+00	-5.435	914	5.485	0.743
69.139	1.014e-04	-0.762	3712	3.253	9.780
69.139	1.339e-04	-0.861	3647	3.321	9.050
69.139	1.753e-04	-0.952	3589	3.384	8.408
69.139	2.314e-04	-1.040	3541	3.449	7.807
69.139	3.029e-04	-1.116	3507	3.508	7.294
69.139	4.005e-04	-1.175	3493	3.560	6.872
69.139	5.266e-04	-1.211	3485	3.592	6.622
69.139	6.921e-04	-1.230	3480	3.609	6.493
69.139	9.028e-04	-1.247	3477	3.624	6.385
69.139	1.194e-03	-1.273	3475	3.649	6.203
69.139	1.570e-03	-1.334	3472	3.708	5.790
69.139	2.035e-03	-1.464	3481	3.843	4.960
69.139	2.634e-03	-1.579	3491	3.963	4.320
69.139	3.477e-03	-1.679	3520	4.078	3.785
69.139	4.552e-03	-1.769	3549	4.182	3.358
69.139	6.008e-03	-1.870	3550	4.283	2.989
69.139	7.914e-03	-1.974	3528	4.376	2.685
69.139	1.036e-02	-2.071	3505	4.462	2.433
69.139	1.354e-02	-2.163	3483	4.543	2.215
69.139	1.781e-02	-2.255	3460	4.623	2.019
69.139	2.332e-02	-2.344	3437	4.701	1.847
69.139	3.053e-02	-2.432	3413	4.776	1.693
69.139	4.029e-02	-2.533	3362	4.852	1.553
69.139	5.275e-02	-2.631	3308	4.922	1.432
69.139	6.963e-02	-2.734	3246	4.992	1.322
69.139	9.099e-02	-2.840	3167	5.055	1.228
69.139	1.201e-01	-2.966	3054	5.117	1.144
69.139	1.572e-01	-3.095	2925	5.172	1.074
69.139	2.064e-01	-3.251	2749	5.220	1.016
69.139	2.712e-01	-3.419	2556	5.261	0.969
69.139	3.566e-01	-3.581	2374	5.295	0.931
69.139	4.687e-01	-3.734	2212	5.325	0.900
69.139	6.162e-01	-3.884	2059	5.351	0.874
69.139	8.099e-01	-4.040	1907	5.373	0.851
69.139	1.056e+00	-4.189	1770	5.393	0.833
69.139	1.387e+00	-4.338	1641	5.410	0.816
69.139	1.802e+00	-4.482	1523	5.425	0.802
69.139	2.343e+00	-4.623	1415	5.439	0.789
69.139	3.068e+00	-4.766	1314	5.452	0.778
69.139	4.017e+00	-4.914	1214	5.464	0.767
69.139	5.272e+00	-5.071	1117	5.475	0.758
69.139	6.929e+00	-5.234	1023	5.485	0.749
69.139	9.146e+00	-5.399	934	5.494	0.742
70.187	1.035e-04	-0.758	3722	3.260	9.781
70.187	1.350e-04	-0.852	3659	3.324	9.080
70.187	1.782e-04	-0.947	3599	3.390	8.417
70.187	2.332e-04	-1.032	3552	3.452	7.835
70.187	3.079e-04	-1.110	3515	3.512	7.311
70.187	4.030e-04	-1.164	3501	3.560	6.920
70.187	5.320e-04	-1.199	3494	3.591	6.682
70.187	6.964e-04	-1.217	3489	3.606	6.560
70.187	9.141e-04	-1.234	3485	3.622	6.445
70.187	1.201e-03	-1.262	3481	3.648	6.254
70.187	1.586e-03	-1.332	3478	3.716	5.781
70.187	2.016e-03	-1.455	3486	3.843	4.996
70.187	2.662e-03	-1.577	3496	3.970	4.316
70.187	3.484e-03	-1.673	3524	4.080	3.802
70.187	4.573e-03	-1.763	3553	4.184	3.373
70.187	6.010e-03	-1.859	3561	4.284	3.008
70.187	7.840e-03	-1.960	3539	4.374	2.712
70.187	1.035e-02	-2.060	3515	4.462	2.450
70.187	1.355e-02	-2.152	3493	4.544	2.229
70.187	1.778e-02	-2.244	3471	4.624	2.032
70.187	2.328e-02	-2.333	3448	4.702	1.859
70.187	3.043e-02	-2.419	3426	4.777	1.705
70.187	3.969e-02	-2.515	3381	4.849	1.568
70.187	5.239e-02	-2.616	3325	4.922	1.442
70.187	6.858e-02	-2.714	3268	4.990	1.334
70.187	9.053e-02	-2.824	3189	5.057	1.235
70.187	1.192e-01	-2.947	3079	5.119	1.150
70.187	1.567e-01	-3.073	2957	5.175	1.078
70.187	2.044e-01	-3.225	2785	5.223	1.020
70.187	2.698e-01	-3.392	2593	5.266	0.971
70.187	3.532e-01	-3.554	2410	5.300	0.933
70.187	4.636e-01	-3.706	2246	5.330	0.902
70.187	6.094e-01	-3.853	2094	5.356	0.875
70.187	7.948e-01	-4.002	1947	5.378	0.853
70.187	1.049e+00	-4.154	1805	5.399	0.833
70.187	1.373e+00	-4.300	1676	5.416	0.817
70.187	1.803e+00	-4.448	1554	5.432	0.802
70.187	2.369e+00	-4.593	1441	5.446	0.789
70.187	3.115e+00	-4.735	1338	5.460	0.777
70.187	4.094e+00	-4.882	1238	5.472	0.766
70.187	5.383e+00	-5.037	1140	5.483	0.756
70.187	7.074e+00	-5.197	1045	5.493	0.748
70.187	9.301e+00	-5.362	956	5.502	0.740
71.234	1.032e-04	-0.745	3737	3.260	9.844
71.234	1.352e-04	-0.841	3673	3.326	9.127
71.234	1.774e-04	-0.935	3612	3.391	8.472
71.234	2.323e-04	-1.020	3564	3.453	7.886
71.234	3.041e-04	-1.097	3526	3.511	7.378
71.234	4.014e-04	-1.153	3510	3.559	6.980
71.234	5.255e-04	-1.185	3503	3.587	6.755
71.234	6.843e-04	-1.202	3499	3.603	6.636
71.234	8.895e-04	-1.219	3495	3.618	6.524
71.234	1.168e-03	-1.248	3488	3.643	6.337
71.234	1.534e-03	-1.313	3484	3.706	5.893
71.234	2.017e-03	-1.451	3491	3.847	5.008
71.234	2.652e-03	-1.570	3500	3.971	4.343
71.234	3.480e-03	-1.666	3528	4.081	3.826
71.234	4.574e-03	-1.756	3557	4.185	3.394
71.234	5.966e-03	-1.845	3571	4.282	3.038
71.234	7.890e-03	-1.951	3548	4.377	2.723
71.234	1.029e-02	-2.047	3526	4.461	2.470
71.234	1.351e-02	-2.141	3504	4.544	2.245
71.234	1.769e-02	-2.231	3482	4.624	2.048
71.234	2.312e-02	-2.320	3459	4.701	1.875
71.234	3.015e-02	-2.405	3438	4.776	1.720
71.234	3.957e-02	-2.501	3396	4.850	1.578
71.234	5.201e-02	-2.602	3341	4.922	1.453
71.234	6.838e-02	-2.701	3284	4.992	1.341
71.234	8.987e-02	-2.807	3210	5.058	1.243
71.234	1.186e-01	-2.929	3103	5.121	1.156
71.234	1.563e-01	-3.054	2984	5.178	1.082
71.234	2.046e-01	-3.206	2812	5.228	1.022
71.234	2.674e-01	-3.362	2634	5.270	0.974
71.234	3.516e-01	-3.530	2441	5.305	0.935
71.234	4.621e-01	-3.682	2275	5.335	0.903
71.234	6.100e-01	-3.828	2124	5.362	0.876
71.234	7.971e-01	-3.975	1978	5.384	0.853
71.234	1.048e+00	-4.122	1839	5.405	0.834
71.234	1.377e+00	-4.268	1708	5.423	0.817
71.234	1.797e+00	-4.409	1589	5.438	0.802
71.234	2.372e+00	-4.553	1474	5.453	0.789
71.234	3.105e+00	-4.692	1372	5.466	0.777
71.234	4.075e+00	-4.831	1274	5.478	0.766
71.234	5.356e+00	-4.983	1176	5.489	0.756
71.234	7.041e+00	-5.139	1081	5.499	0.748
71.234	9.254e+00	-5.300	990	5.509	0.740
72.282	1.027e-04	-0.731	3753	3.260	9.916
72.282	1.349e-04	-0.829	3687	3.327	9.181
72.282	1.760e-04	-0.921	3626	3.391	8.535
72.282	2.310e-04	-1.008	3576	3.453	7.941
72.282	3.036e-04	-1.086	3535	3.512	7.427
72.282	3.992e-04	-1.141	3519	3.558	7.042
72.282	5.247e-04	-1.172	3511	3.585	6.823
72.282	6.844e-04	-1.189	3507	3.600	6.705
72.282	9.034e-04	-1.207	3503	3.617	6.581
72.282	1.190e-03	-1.239	3496	3.645	6.370
72.282	1.564e-03	-1.317	3489	3.720	5.845
72.282	1.947e-03	-1.430	3494	3.835	5.119
72.282	2.390e-03	-1.521	3502	3.930	4.589
72.282	3.112e-03	-1.622	3519	4.039	4.045
72.282	4.090e-03	-1.713	3549	4.145	3.583
72.282	5.335e-03	-1.797	3576	4.242	3.202
72.282	7.003e-03	-1.896	3568	4.338	2.869
72.282	9.203e-03	-1.997	3546	4.427	2.588
72.282	1.200e-02	-2.090	3524	4.510	2.353
72.282	1.585e-02	-2.184	3502	4.593	2.138
72.282	2.074e-02	-2.274	3479	4.671	1.954
72.282	2.701e-02	-2.360	3456	4.746	1.793
72.282	3.545e-02	-2.448	3433	4.822	1.643
72.282	4.642e-02	-2.548	3379	4.895	1.511
72.282	6.077e-02	-2.646	3324	4.964	1.394
72.282	8.022e-02	-2.749	3260	5.033	1.288
72.282	1.050e-01	-2.858	3175	5.097	1.197
72.282	1.389e-01	-2.984	3060	5.158	1.116
72.282	1.812e-01	-3.118	2919	5.210	1.050
72.282	2.391e-01	-3.274	2742	5.257	0.995
72.282	3.130e-01	-3.437	2553	5.296	0.952
72.282	4.109e-01	-3.594	2376	5.328	0.917
72.282	5.400e-01	-3.739	2220	5.356	0.888
72.282	7.128e-01	-3.884	2072	5.381	0.863
72.282	9.331e-01	-4.028	1931	5.402	0.842
72.282	1.232e+00	-4.174	1795	5.421	0.824
72.282	1.612e+00	-4.312	1673	5.438	0.809
72.282	2.116e+00	-4.453	1556	5.453	0.795
72.282	2.781e+00	-4.590	1449	5.466	0.782
72.282	3.657e+00	-4.726	1350	5.479	0.771
72.282	4.806e+00	-4.867	1253	5.491	0.761
72.282	6.269e+00	-5.013	1159	5.501	0.752
72.282	8.275e+00	-5.170	1065	5.511	0.743
73.330	1.033e-04	-0.722	3766	3.263	9.955
73.330	1.352e-04	-0.819	3700	3.329	9.225
73.330	1.774e-04	-0.913	3638	3.394	8.561
73.330	2.332e-04	-1.001	3586	3.457	7.965
73.330	3.066e-04	-1.078	3546	3.514	7.457
73.330	4.030e-04	-1.131	3526	3.558	7.089
73.330	5.298e-04	-1.160	3520	3.584	6.884
73.330	6.963e-04	-1.177	3516	3.599	6.766
73.330	9.083e-04	-1.195	3512	3.615	6.642
73.330	1.201e-03	-1.230	3503	3.646	6.410
73.330	1.579e-03	-1.319	3495	3.730	5.815
73.330	2.076e-03	-1.456	3502	3.870	4.949
73.330	2.740e-03	-1.572	3511	3.991	4.308
73.330	3.587e-03	-1.664	3538	4.097	3.814
73.330	4.708e-03	-1.751	3567	4.198	3.394
73.330	6.187e-03	-1.839	3588	4.296	3.032
73.330	8.070e-03	-1.939	3567	4.386	2.734
73.330	1.065e-02	-2.039	3544	4.474	2.469
73.330	1.392e-02	-2.131	3522	4.556	2.248
73.330	1.830e-02	-2.222	3500	4.636	2.049
73.330	2.406e-02	-2.312	3477	4.715	1.872
73.330	3.138e-02	-2.397	3457	4.789	1.718
73.330	4.142e-02	-2.494	3416	4.866	1.573
73.330	5.456e-02	-2.595	3361	4.939	1.447
73.330	7.144e-02	-2.692	3306	5.007	1.337
73.330	9.336e-02	-2.795	3235	5.072	1.241
73.330	1.228e-01	-2.914	3132	5.135	1.154
73.330	1.613e-01	-3.035	3018	5.192	1.081
73.330	2.104e-01	-3.183	2852	5.241	1.022
73.330	2.778e-01	-3.338	2675	5.284	0.972
73.330	3.636e-01	-3.502	2483	5.320	0.933
73.330	4.800e-01	-3.657	2311	5.350	0.901
73.330	6.284e-01	-3.792	2170	5.375	0.875
73.330	8.294e-01	-3.934	2026	5.398	0.852
73.330	1.084e+00	-4.071	1893	5.418	0.833
73.330	1.425e+00	-4.210	1765	5.435	0.816
73.330	1.873e+00	-4.346	1648	5.451	0.802
73.330	2.463e+00	-4.482	1536	5.465	0.789
73.330	3.237e+00	-4.614	1434	5.478	0.777
73.330	4.222e+00	-4.742	1342	5.490	0.767
73.330	5.572e+00	-4.883	1245	5.502	0.757
73.330	7.340e+00	-5.030	1151	5.512	0.748
73.330	9.647e+00	-5.183	1060	5.522	0.739
74.377	1.025e-04	-0.708	3782	3.263	10.033
74.377	1.347e-04	-0.806	3715	3.330	9.284
74.377	1.771e-04	-0.902	3651	3.396	8.610
74.377	2.319e-04	-0.989	3598	3.457	8.019
74.377	3.036e-04	-1.064	3558	3.513	7.519
74.377	4.007e-04	-1.119	3535	3.557	7.151
74.377	5.246e-04	-1.147	3528	3.581	6.955
74.377	6.885e-04	-1.163	3525	3.596	6.839
74.377	8.951e-04	-1.181	3520	3.612	6.713
74.377	1.172e-03	-1.215	3512	3.641	6.490
74.377	1.534e-03	-1.300	3501	3.721	5.923
74.377	2.029e-03	-1.439	3505	3.862	5.030
74.377	2.679e-03	-1.556	3514	3.983	4.378
74.377	3.501e-03	-1.649	3539	4.088	3.878
74.377	4.602e-03	-1.737	3568	4.190	3.449
74.377	6.027e-03	-1.818	3599	4.287	3.086
74.377	7.939e-03	-1.922	3578	4.381	2.769
74.377	1.043e-02	-2.021	3555	4.468	2.504
74.377	1.361e-02	-2.113	3534	4.550	2.280
74.377	1.786e-02	-2.204	3512	4.630	2.078
74.377	2.339e-02	-2.293	3490	4.708	1.900
74.377	3.057e-02	-2.379	3469	4.783	1.742
74.377	3.987e-02	-2.468	3439	4.857	1.600
74.377	5.263e-02	-2.570	3383	4.931	1.469
74.377	6.890e-02	-2.668	3327	5.000	1.357
74.377	9.043e-02	-2.769	3262	5.067	1.257
74.377	1.189e-01	-2.884	3167	5.130	1.168
74.377	1.569e-01	-3.007	3053	5.189	1.092
74.377	2.067e-01	-3.153	2891	5.242	1.028
74.377	2.716e-01	-3.304	2720	5.286	0.977
74.377	3.585e-01	-3.469	2526	5.323	0.936
74.377	4.693e-01	-3.619	2357	5.353	0.905
74.377	6.195e-01	-3.758	2209	5.379	0.878
74.377	8.110e-01	-3.890	2074	5.401	0.855
74.377	1.071e+00	-4.029	1938	5.422	0.835
74.377	1.401e+00	-4.160	1814	5.439	0.819
74.377	1.850e+00	-4.292	1697	5.455	0.804
74.377	2.437e+00	-4.424	1586	5.469	0.791
74.377	3.203e+00	-4.551	1485	5.482	0.780
74.377	4.177e+00	-4.674	1393	5.493	0.769
74.377	5.514e+00	-4.802	1303	5.505	0.759
74.377	7.264e+00	-4.942	1209	5.516	0.750
74.377	9.547e+00	-5.086	1119	5.525	0.741
75.425	1.010e-04	-0.692	3799	3.260	10.130
75.425	1.318e-04	-0.788	3734	3.326	9.390
75.425	1.740e-04	-0.885	3668	3.393	8.697
75.425	2.277e-04	-0.973	3613	3.455	8.100
75.425	2.989e-04	-1.049	3572	3.511	7.591
75.425	3.929e-04	-1.105	3546	3.554	7.228
75.425	5.165e-04	-1.133	3537	3.578	7.029
75.425	6.789e-04	-1.150	3533	3.592	6.912
75.425	8.961e-04	-1.169	3529	3.610	6.775
75.425	1.173e-03	-1.205	3520	3.641	6.536
75.425	1.548e-03	-1.303	3506	3.732	5.886
75.425	1.977e-03	-1.425	3509	3.855	5.106
75.425	2.546e-03	-1.531	3518	3.966	4.498
75.425	3.361e-03	-1.630	3538	4.075	3.966
75.425	4.400e-03	-1.716	3566	4.175	3.534
75.425	5.807e-03	-1.800	3599	4.274	3.152
75.425	7.589e-03	-1.896	3591	4.367	2.834
75.425	9.978e-03	-1.995	3569	4.455	2.559
75.425	1.311e-02	-2.090	3547	4.540	2.323
75.425	1.711e-02	-2.180	3526	4.619	2.121
75.425	2.245e-02	-2.270	3503	4.697	1.937
75.425	2.919e-02	-2.354	3482	4.772	1.778
75.425	3.822e-02	-2.440	3461	4.847	1.631
75.425	5.003e-02	-2.540	3407	4.920	1.499
75.425	6.604e-02	-2.641	3351	4.992	1.381
75.425	8.631e-02	-2.738	3293	5.058	1.279
75.425	1.135e-01	-2.848	3208	5.123	1.187
75.425	1.486e-01	-2.968	3096	5.181	1.110
75.425	1.945e-01	-3.099	2960	5.234	1.044
75.425	2.573e-01	-3.252	2785	5.282	0.989
75.425	3.382e-01	-3.410	2600	5.320	0.946
75.425	4.446e-01	-3.563	2425	5.352	0.912
75.425	5.868e-01	-3.706	2268	5.379	0.884
75.425	7.730e-01	-3.835	2134	5.402	0.861
75.425	1.016e+00	-3.966	2002	5.422	0.841
75.425	1.341e+00	-4.096	1878	5.440	0.823
75.425	1.756e+00	-4.219	1765	5.456	0.809
75.425	2.304e+00	-4.340	1659	5.470	0.796
75.425	3.028e+00	-4.463	1558	5.483	0.784
75.425	3.982e+00	-4.581	1465	5.494	0.774
75.425	5.233e+00	-4.699	1378	5.505	0.764
75.425	6.825e+00	-4.816	1295	5.516	0.755
75.425	9.027e+00	-4.952	1205	5.526	0.746
76.472	1.006e-04	-0.679	3814	3.260	10.201
76.472	1.312e-04	-0.775	3748	3.327	9.453
76.472	1.732e-04	-0.873	3682	3.393	8.753
76.472	2.267e-04	-0.961	3626	3.455	8.153
76.472	2.992e-04	-1.039	3583	3.512	7.636
76.472	3.917e-04	-1.093	3556	3.553	7.287
76.472	5.142e-04	-1.120	3546	3.575	7.097
76.472	6.757e-04	-1.137	3542	3.590	6.980
76.472	8.814e-04	-1.156	3537	3.607	6.847
76.472	1.166e-03	-1.193	3528	3.640	6.591
76.472	1.533e-03	-1.294	3511	3.732	5.926
76.472	2.014e-03	-1.428	3515	3.868	5.068
76.472	2.659e-03	-1.542	3523	3.986	4.425
76.472	3.475e-03	-1.635	3545	4.089	3.928
76.472	4.568e-03	-1.721	3574	4.190	3.499
76.472	5.982e-03	-1.801	3608	4.285	3.134
76.472	7.880e-03	-1.900	3598	4.380	2.811
76.472	1.036e-02	-1.999	3575	4.468	2.540
76.472	1.351e-02	-2.090	3555	4.550	2.312
76.472	1.756e-02	-2.178	3534	4.627	2.114
76.472	2.283e-02	-2.265	3512	4.703	1.937
76.472	2.997e-02	-2.353	3491	4.780	1.773
76.472	3.938e-02	-2.440	3469	4.857	1.624
76.472	5.199e-02	-2.543	3414	4.932	1.489
76.472	6.805e-02	-2.640	3359	5.001	1.375
76.472	8.932e-02	-2.739	3300	5.069	1.272
76.472	1.174e-01	-2.849	3215	5.133	1.181
76.472	1.553e-01	-2.973	3099	5.193	1.102
76.472	2.025e-01	-3.102	2963	5.245	1.038
76.472	2.673e-01	-3.252	2792	5.291	0.984
76.472	3.499e-01	-3.405	2611	5.329	0.943
76.472	4.619e-01	-3.557	2436	5.360	0.909
76.472	6.047e-01	-3.693	2286	5.386	0.883
76.472	7.982e-01	-3.817	2156	5.408	0.860
76.472	1.045e+00	-3.939	2033	5.428	0.841
76.472	1.379e+00	-4.062	1913	5.445	0.824
76.472	1.806e+00	-4.178	1805	5.460	0.810
76.472	2.383e+00	-4.292	1704	5.474	0.798
76.472	3.139e+00	-4.407	1606	5.486	0.786
76.472	4.126e+00	-4.515	1519	5.497	0.777
76.472	5.425e+00	-4.621	1437	5.508	0.767
76.472	7.130e+00	-4.728	1359	5.517	0.759
76.472	9.374e+00	-4.844	1279	5.527	0.750
77.520	1.033e-04	-0.678	3821	3.268	10.177
77.520	1.358e-04	-0.777	3753	3.336	9.410
77.520	1.771e-04	-0.870	3690	3.400	8.744
77.520	2.303e-04	-0.956	3635	3.460	8.163
77.520	3.022e-04	-1.030	3594	3.514	7.667
77.520	3.972e-04	-1.082	3567	3.553	7.330
77.520	5.223e-04	-1.109	3556	3.574	7.154
77.520	6.839e-04	-1.125	3550	3.588	7.041
77.520	9.009e-04	-1.146	3545	3.607	6.893
77.520	1.184e-03	-1.187	3535	3.643	6.612
77.520	1.535e-03	-1.293	3516	3.740	5.915
77.520	1.979e-03	-1.416	3518	3.864	5.128
77.520	2.601e-03	-1.528	3527	3.979	4.488
77.520	3.420e-03	-1.624	3547	4.085	3.976
77.520	4.494e-03	-1.710	3575	4.185	3.543
77.520	5.862e-03	-1.788	3607	4.279	3.180
77.520	7.738e-03	-1.883	3609	4.374	2.848
77.520	1.019e-02	-1.983	3586	4.464	2.570
77.520	1.335e-02	-2.076	3565	4.547	2.335
77.520	1.744e-02	-2.166	3544	4.626	2.131
77.520	2.293e-02	-2.257	3522	4.706	1.945
77.520	3.003e-02	-2.343	3501	4.782	1.781
77.520	3.932e-02	-2.429	3481	4.858	1.633
77.520	5.160e-02	-2.528	3429	4.931	1.500
77.520	6.782e-02	-2.628	3374	5.002	1.383
77.520	8.846e-02	-2.722	3320	5.069	1.281
77.520	1.170e-01	-2.832	3237	5.135	1.187
77.520	1.544e-01	-2.956	3122	5.195	1.107
77.520	2.022e-01	-3.082	2994	5.248	1.041
77.520	2.653e-01	-3.227	2827	5.294	0.988
77.520	3.475e-01	-3.376	2652	5.332	0.946
77.520	4.549e-01	-3.523	2480	5.363	0.913
77.520	6.004e-01	-3.663	2323	5.389	0.886
77.520	7.860e-01	-3.777	2202	5.411	0.864
77.520	1.037e+00	-3.894	2082	5.430	0.845
77.520	1.356e+00	-4.006	1972	5.447	0.829
77.520	1.768e+00	-4.111	1871	5.461	0.815
77.520	2.334e+00	-4.218	1773	5.474	0.803
77.520	3.056e+00	-4.315	1688	5.486	0.792
77.520	4.011e+00	-4.413	1604	5.496	0.783
77.520	5.271e+00	-4.506	1530	5.506	0.774
77.520	6.876e+00	-4.592	1462	5.514	0.767
77.520	9.024e+00	-4.680	1397	5.522	0.760
78.567	1.019e-04	-0.662	3837	3.266	10.272
78.567	1.340e-04	-0.761	3770	3.335	9.493
78.567	1.762e-04	-0.858	3704	3.400	8.800
78.567	2.316e-04	-0.948	3645	3.462	8.193
78.567	3.044e-04	-1.021	3604	3.516	7.703
78.567	4.002e-04	-1.071	3578	3.553	7.381
78.567	5.260e-04	-1.097	3566	3.573	7.216
78.567	6.861e-04	-1.113	3560	3.586	7.104
78.567	9.057e-04	-1.136	3553	3.606	6.947
78.567	1.193e-03	-1.180	3542	3.645	6.639
78.567	1.568e-03	-1.303	3521	3.758	5.833
78.567	2.066e-03	-1.431	3524	3.887	5.025
78.567	2.704e-03	-1.538	3533	3.998	4.424
78.567	3.570e-03	-1.632	3555	4.103	3.921
78.567	4.673e-03	-1.715	3582	4.200	3.506
78.567	6.168e-03	-1.795	3619	4.297	3.134
78.567	8.125e-03	-1.891	3615	4.391	2.812
78.567	1.068e-02	-1.990	3592	4.479	2.542
78.567	1.393e-02	-2.081	3572	4.561	2.314
78.567	1.828e-02	-2.173	3550	4.641	2.109
78.567	2.403e-02	-2.263	3527	4.720	1.926
78.567	3.159e-02	-2.350	3508	4.798	1.761
78.567	4.152e-02	-2.437	3487	4.874	1.613
78.567	5.481e-02	-2.539	3431	4.949	1.480
78.567	7.175e-02	-2.636	3378	5.018	1.366
78.567	9.417e-02	-2.734	3320	5.086	1.264
78.567	1.238e-01	-2.843	3234	5.150	1.174
78.567	1.624e-01	-2.963	3122	5.208	1.098
78.567	2.135e-01	-3.092	2988	5.261	1.033
78.567	2.785e-01	-3.231	2828	5.305	0.982
78.567	3.655e-01	-3.379	2654	5.342	0.941
78.567	4.803e-01	-3.523	2486	5.372	0.909
78.567	6.341e-01	-3.658	2332	5.397	0.883
78.567	8.300e-01	-3.765	2219	5.417	0.863
78.567	1.096e+00	-3.872	2109	5.436	0.845
78.567	1.434e+00	-3.975	2005	5.452	0.830
78.567	1.883e+00	-4.072	1911	5.465	0.817
78.567	2.474e+00	-4.164	1825	5.477	0.806
78.567	3.227e+00	-4.246	1751	5.487	0.796
78.567	4.260e+00	-4.327	1680	5.496	0.788
78.567	5.577e+00	-4.401	1617	5.504	0.781
78.567	7.319e+00	-4.467	1563	5.511	0.775
78.567	9.585e+00	-4.527	1516	5.517	0.770
80.663	1.009e-04	-0.638	3864	3.265	10.417
80.663	1.320e-04	-0.735	3800	3.333	9.632
80.663	1.733e-04	-0.831	3734	3.399	8.929
80.663	2.278e-04	-0.922	3673	3.461	8.314
80.663	2.971e-04	-0.994	3630	3.513	7.836
80.663	3.922e-04	-1.043	3604	3.549	7.514
80.663	5.125e-04	-1.067	3591	3.568	7.355
80.663	6.684e-04	-1.085	3582	3.581	7.242
80.663	8.690e-04	-1.108	3572	3.599	7.091
80.663	1.141e-03	-1.152	3559	3.637	6.790
80.663	1.499e-03	-1.274	3533	3.746	5.990
80.663	1.951e-03	-1.398	3531	3.869	5.197
80.663	2.564e-03	-1.506	3540	3.982	4.567
80.663	3.365e-03	-1.601	3555	4.084	4.059
80.663	4.422e-03	-1.686	3583	4.182	3.626
80.663	5.768e-03	-1.763	3614	4.275	3.259
80.663	7.571e-03	-1.845	3639	4.368	2.925
80.663	9.950e-03	-1.946	3617	4.458	2.639
80.663	1.306e-02	-2.040	3595	4.543	2.394
80.663	1.716e-02	-2.133	3575	4.625	2.178
80.663	2.257e-02	-2.223	3552	4.704	1.987
80.663	2.955e-02	-2.310	3532	4.781	1.819
80.663	3.869e-02	-2.394	3515	4.857	1.667
80.663	5.078e-02	-2.489	3474	4.932	1.530
80.663	6.674e-02	-2.589	3418	5.003	1.408
80.663	8.705e-02	-2.681	3371	5.071	1.303
80.663	1.142e-01	-2.784	3298	5.136	1.208
80.663	1.502e-01	-2.900	3195	5.197	1.126
80.663	1.982e-01	-3.018	3083	5.253	1.056
80.663	2.590e-01	-3.154	2930	5.300	1.001
80.663	3.406e-01	-3.290	2771	5.340	0.956
80.663	4.476e-01	-3.431	2603	5.372	0.922
80.663	5.908e-01	-3.559	2454	5.397	0.895
80.663	7.734e-01	-3.668	2330	5.417	0.875
80.663	1.021e+00	-3.758	2235	5.434	0.858
80.663	1.336e+00	-3.838	2151	5.448	0.844
80.663	1.754e+00	-3.914	2074	5.460	0.832
80.663	2.305e+00	-3.981	2007	5.470	0.823
80.663	3.007e+00	-4.036	1954	5.478	0.815
80.663	3.969e+00	-4.082	1909	5.485	0.809
80.663	5.196e+00	-4.117	1876	5.489	0.805
80.663	6.820e+00	-4.141	1854	5.492	0.802
80.663	8.963e+00	-4.156	1840	5.494	0.801
81.710	1.000e-04	-0.625	3878	3.264	10.499
81.710	1.310e-04	-0.722	3815	3.332	9.705
81.710	1.729e-04	-0.820	3747	3.400	8.980
81.710	2.263e-04	-0.909	3687	3.461	8.371
81.710	2.970e-04	-0.983	3641	3.513	7.885
81.710	3.904e-04	-1.029	3617	3.547	7.576
81.710	5.132e-04	-1.054	3604	3.566	7.418
81.710	6.721e-04	-1.072	3594	3.580	7.301
81.710	8.853e-04	-1.099	3581	3.600	7.131
81.710	1.164e-03	-1.150	3565	3.643	6.785
81.710	1.518e-03	-1.280	3537	3.759	5.938
81.710	1.995e-03	-1.404	3537	3.883	5.148
81.710	2.628e-03	-1.511	3545	3.994	4.531
81.710	3.442e-03	-1.603	3561	4.094	4.038
81.710	4.498e-03	-1.685	3588	4.189	3.619
81.710	5.866e-03	-1.761	3620	4.281	3.255
81.710	7.700e-03	-1.842	3647	4.375	2.924
81.710	1.012e-02	-1.942	3624	4.464	2.638
81.710	1.328e-02	-2.037	3604	4.549	2.393
81.710	1.739e-02	-2.128	3583	4.629	2.180
81.710	2.273e-02	-2.216	3561	4.707	1.993
81.710	2.965e-02	-2.301	3542	4.783	1.827
81.710	3.860e-02	-2.384	3525	4.857	1.677
81.710	5.018e-02	-2.474	3490	4.930	1.543
81.710	6.624e-02	-2.576	3433	5.003	1.418
81.710	8.657e-02	-2.668	3386	5.071	1.311
81.710	1.129e-01	-2.767	3318	5.136	1.217
81.710	1.490e-01	-2.883	3219	5.198	1.133
81.710	1.963e-01	-2.999	3109	5.254	1.062
81.710	2.571e-01	-3.129	2964	5.302	1.006
81.710	3.366e-01	-3.260	2812	5.341	0.961
81.710	4.443e-01	-3.397	2648	5.374	0.926
81.710	5.852e-01	-3.519	2504	5.399	0.899
81.710	7.692e-01	-3.629	2378	5.418	0.879
81.710	1.003e+00	-3.708	2292	5.434	0.864
81.710	1.324e+00	-3.780	2216	5.447	0.851
81.710	1.744e+00	-3.842	2152	5.458	0.840
81.710	2.284e+00	-3.894	2098	5.466	0.832
81.710	2.970e+00	-3.934	2058	5.472	0.826
81.710	3.881e+00	-3.964	2028	5.477	0.822
81.710	5.103e+00	-3.984	2008	5.480	0.819
81.710	6.682e+00	-3.994	1998	5.481	0.818
81.710	8.747e+00	-4.000	1993	5.482	0.817
83.805	1.027e-04	-0.614	3897	3.273	10.529
83.805	1.350e-04	-0.712	3833	3.342	9.719
83.805	1.774e-04	-0.809	3766	3.408	9.004
83.805	2.332e-04	-0.898	3706	3.469	8.396
83.805	3.042e-04	-0.966	3663	3.517	7.949
83.805	4.015e-04	-1.008	3639	3.547	7.673
83.805	5.256e-04	-1.029	3628	3.563	7.534
83.805	6.899e-04	-1.048	3618	3.578	7.409
83.805	9.067e-04	-1.080	3601	3.601	7.211
83.805	1.197e-03	-1.148	3576	3.657	6.763
83.805	1.546e-03	-1.284	3546	3.779	5.875
83.805	2.027e-03	-1.402	3546	3.897	5.131
83.805	2.663e-03	-1.505	3554	4.004	4.537
83.805	3.502e-03	-1.597	3569	4.103	4.045
83.805	4.602e-03	-1.680	3596	4.199	3.624
83.805	6.003e-03	-1.755	3630	4.290	3.263
83.805	7.817e-03	-1.829	3663	4.380	2.941
83.805	1.032e-02	-1.931	3641	4.471	2.649
83.805	1.351e-02	-2.024	3621	4.555	2.405
83.805	1.783e-02	-2.118	3599	4.638	2.185
83.805	2.334e-02	-2.207	3578	4.717	1.996
83.805	3.063e-02	-2.293	3559	4.794	1.826
83.805	4.026e-02	-2.379	3542	4.871	1.671
83.805	5.252e-02	-2.469	3507	4.945	1.536
83.805	6.932e-02	-2.570	3453	5.018	1.411
83.805	9.059e-02	-2.662	3405	5.086	1.305
83.805	1.182e-01	-2.761	3338	5.150	1.212
83.805	1.560e-01	-2.874	3241	5.212	1.128
83.805	2.042e-01	-2.985	3136	5.266	1.061
83.805	2.695e-01	-3.111	2998	5.314	1.004
83.805	3.528e-01	-3.234	2854	5.352	0.961
83.805	4.657e-01	-3.357	2707	5.383	0.928
83.805	6.097e-01	-3.465	2578	5.405	0.904
83.805	8.002e-01	-3.554	2474	5.423	0.886
83.805	1.052e+00	-3.626	2390	5.435	0.873
83.805	1.383e+00	-3.673	2338	5.444	0.864
83.805	1.817e+00	-3.705	2303	5.450	0.858
83.805	2.389e+00	-3.728	2279	5.455	0.854
83.805	3.140e+00	-3.743	2263	5.458	0.851
83.805	4.145e+00	-3.750	2256	5.459	0.850
83.805	5.417e+00	-3.753	2253	5.459	0.849
83.805	7.151e+00	-3.754	2252	5.460	0.849
83.805	9.517e+00	-3.754	2251	5.460	0.849
85.900	1.000e-04	-0.585	3926	3.267	10.724
85.900	1.321e-04	-0.684	3863	3.339	9.879
85.900	1.729e-04	-0.780	3797	3.405	9.157
85.900	2.269e-04	-0.869	3736	3.465	8.539
85.900	2.971e-04	-0.939	3690	3.513	8.080
85.900	3.890e-04	-0.979	3666	3.542	7.813
85.900	5.105e-04	-1.001	3654	3.558	7.672
85.900	6.710e-04	-1.021	3643	3.573	7.542
85.900	8.857e-04	-1.054	3626	3.598	7.330
85.900	1.159e-03	-1.126	3592	3.654	6.874
85.900	1.510e-03	-1.268	3557	3.779	5.949
85.900	1.946e-03	-1.379	3553	3.888	5.250
85.900	2.568e-03	-1.482	3561	3.995	4.640
85.900	3.362e-03	-1.573	3574	4.092	4.148
85.900	4.413e-03	-1.656	3598	4.187	3.721
85.900	5.778e-03	-1.732	3630	4.278	3.349
85.900	7.551e-03	-1.802	3674	4.369	3.017
85.900	9.968e-03	-1.900	3662	4.461	2.713
85.900	1.313e-02	-1.997	3641	4.548	2.456
85.900	1.719e-02	-2.088	3620	4.629	2.236
85.900	2.247e-02	-2.177	3599	4.708	2.042
85.900	2.931e-02	-2.262	3580	4.784	1.871
85.900	3.847e-02	-2.347	3564	4.861	1.713
85.900	5.037e-02	-2.433	3542	4.936	1.571
85.900	6.594e-02	-2.532	3488	5.008	1.445
85.900	8.705e-02	-2.627	3439	5.080	1.331
85.900	1.139e-01	-2.723	3381	5.146	1.234
85.900	1.496e-01	-2.828	3299	5.208	1.149
85.900	1.966e-01	-2.940	3192	5.263	1.078
85.900	2.595e-01	-3.050	3083	5.312	1.019
85.900	3.391e-01	-3.170	2941	5.350	0.975
85.900	4.423e-01	-3.274	2817	5.380	0.942
85.900	5.838e-01	-3.375	2695	5.404	0.916
85.900	7.642e-01	-3.451	2604	5.420	0.900
85.900	1.003e+00	-3.506	2539	5.431	0.888
85.900	1.314e+00	-3.544	2494	5.438	0.881
85.900	1.720e+00	-3.565	2469	5.442	0.877
85.900	2.257e+00	-3.574	2459	5.443	0.876
85.900	2.955e+00	-3.577	2455	5.444	0.875
85.900	3.893e+00	-3.578	2454	5.444	0.875
85.900	5.182e+00	-3.578	2454	5.444	0.875
85.900	6.897e+00	-3.578	2454	5.444	0.875
85.900	9.180e+00	-3.579	2453	5.444	0.875
87.996	1.023e-04	-0.574	3944	3.275	10.763
87.996	1.343e-04	-0.671	3883	3.345	9.929
87.996	1.759e-04	-0.766	3818	3.411	9.203
87.996	2.302e-04	-0.853	3758	3.470	8.598
87.996	3.039e-04	-0.920	3713	3.516	8.153
87.996	3.978e-04	-0.956	3690	3.541	7.918
87.996	5.222e-04	-0.977	3678	3.556	7.785
87.996	6.863e-04	-0.998	3666	3.572	7.643
87.996	9.059e-04	-1.037	3645	3.601	7.394
87.996	1.186e-03	-1.130	3600	3.673	6.806
87.996	1.566e-03	-1.279	3565	3.805	5.846
87.996	2.068e-03	-1.394	3563	3.918	5.131
87.996	2.707e-03	-1.490	3572	4.019	4.571
87.996	3.553e-03	-1.580	3585	4.114	4.093
87.996	4.669e-03	-1.661	3609	4.208	3.677
87.996	6.090e-03	-1.733	3645	4.297	3.317
87.996	7.994e-03	-1.804	3689	4.389	2.985
87.996	1.047e-02	-1.900	3675	4.478	2.695
87.996	1.370e-02	-1.994	3655	4.562	2.445
87.996	1.799e-02	-2.085	3635	4.644	2.225
87.996	2.355e-02	-2.175	3613	4.723	2.031
87.996	3.078e-02	-2.260	3596	4.800	1.860
87.996	4.047e-02	-2.345	3580	4.877	1.701
87.996	5.319e-02	-2.432	3556	4.953	1.558
87.996	7.021e-02	-2.533	3503	5.028	1.430
87.996	9.191e-02	-2.625	3456	5.097	1.321
87.996	1.197e-01	-2.718	3399	5.161	1.227
87.996	1.580e-01	-2.823	3317	5.223	1.142
87.996	2.068e-01	-2.930	3215	5.276	1.075
87.996	2.714e-01	-3.030	3117	5.322	1.019
87.996	3.567e-01	-3.142	2986	5.359	0.977
87.996	4.653e-01	-3.233	2879	5.386	0.947
87.996	6.142e-01	-3.311	2785	5.407	0.924
87.996	8.040e-01	-3.371	2710	5.420	0.910
87.996	1.055e+00	-3.408	2666	5.428	0.902
87.996	1.382e+00	-3.427	2642	5.432	0.898
87.996	1.806e+00	-3.436	2632	5.434	0.896
87.996	2.355e+00	-3.438	2629	5.434	0.896
87.996	3.129e+00	-3.439	2628	5.435	0.895
87.996	4.164e+00	-3.439	2628	5.435	0.895
87.996	5.543e+00	-3.440	2627	5.435	0.895
87.996	7.377e+00	-3.440	2627	5.435	0.895
87.996	9.819e+00	-3.440	2627	5.435	0.895
90.091	1.005e-04	-0.549	3971	3.271	10.934
90.091	1.311e-04	-0.644	3911	3.340	10.098
90.091	1.730e-04	-0.741	3846	3.409	9.333
90.091	2.265e-04	-0.828	3785	3.468	8.719
90.091	2.972e-04	-0.893	3741	3.512	8.283
90.091	3.906e-04	-0.929	3718	3.538	8.047
90.091	5.095e-04	-0.949	3705	3.552	7.917
90.091	6.726e-04	-0.973	3691	3.568	7.767
90.091	8.860e-04	-1.013	3668	3.598	7.504
90.091	1.164e-03	-1.118	3615	3.677	6.853
90.091	1.510e-03	-1.258	3578	3.799	5.953
90.091	1.984e-03	-1.371	3570	3.909	5.245
90.091	2.588e-03	-1.466	3578	4.007	4.685
90.091	3.416e-03	-1.556	3591	4.104	4.190
90.091	4.472e-03	-1.638	3611	4.195	3.773
90.091	5.870e-03	-1.712	3644	4.286	3.400
90.091	7.715e-03	-1.782	3689	4.377	3.060
90.091	1.006e-02	-1.868	3695	4.466	2.764
90.091	1.328e-02	-1.966	3674	4.553	2.498
90.091	1.739e-02	-2.057	3655	4.635	2.273
90.091	2.295e-02	-2.149	3633	4.717	2.069
90.091	3.005e-02	-2.235	3615	4.795	1.892
90.091	3.944e-02	-2.320	3599	4.872	1.732
90.091	5.183e-02	-2.405	3581	4.948	1.586
90.091	6.761e-02	-2.500	3535	5.020	1.459
90.091	8.924e-02	-2.595	3487	5.092	1.344
90.091	1.168e-01	-2.686	3437	5.158	1.245
90.091	1.542e-01	-2.788	3360	5.221	1.158
90.091	2.019e-01	-2.892	3265	5.275	1.089
90.091	2.665e-01	-2.987	3175	5.321	1.032
90.091	3.510e-01	-3.087	3063	5.358	0.989
90.091	4.613e-01	-3.171	2963	5.385	0.959
90.091	6.066e-01	-3.234	2888	5.403	0.939
90.091	7.972e-01	-3.277	2835	5.415	0.926
90.091	1.040e+00	-3.302	2806	5.421	0.920
90.091	1.354e+00	-3.314	2791	5.424	0.917
90.091	1.787e+00	-3.319	2785	5.425	0.916
90.091	2.354e+00	-3.320	2784	5.426	0.915
90.091	3.134e+00	-3.320	2784	5.426	0.915
90.091	4.171e+00	-3.320	2784	5.426	0.915
90.091	5.551e+00	-3.320	2783	5.426	0.915
90.091	7.389e+00	-3.321	2783	5.426	0.915
90.091	9.834e+00	-3.321	2782	5.426	0.915
92.186	1.019e-04	-0.536	3988	3.276	10.999
92.186	1.342e-04	-0.634	3928	3.348	10.126
92.186	1.764e-04	-0.729	3865	3.415	9.374
92.186	2.319e-04	-0.815	3805	3.473	8.764
92.186	3.048e-04	-0.874	3765	3.514	8.360
92.186	4.007e-04	-0.906	3744	3.536	8.152
92.186	5.247e-04	-0.926	3730	3.550	8.022
92.186	6.912e-04	-0.952	3713	3.569	7.853
92.186	9.085e-04	-1.002	3685	3.604	7.538
92.186	1.194e-03	-1.131	3620	3.703	6.732
92.186	1.580e-03	-1.272	3584	3.827	5.834
92.186	2.076e-03	-1.380	3579	3.932	5.168
92.186	2.708e-03	-1.471	3588	4.027	4.631
92.186	3.554e-03	-1.558	3601	4.121	4.160
92.186	4.671e-03	-1.639	3621	4.212	3.746
92.186	6.142e-03	-1.712	3657	4.302	3.376
92.186	8.072e-03	-1.782	3702	4.393	3.041
92.186	1.053e-02	-1.867	3708	4.481	2.748
92.186	1.390e-02	-1.964	3688	4.568	2.484
92.186	1.819e-02	-2.055	3668	4.650	2.261
92.186	2.388e-02	-2.146	3647	4.730	2.062
92.186	3.138e-02	-2.232	3631	4.809	1.883
92.186	4.093e-02	-2.315	3615	4.884	1.727
92.186	5.403e-02	-2.401	3596	4.962	1.579
92.186	7.074e-02	-2.496	3553	5.035	1.452
92.186	9.337e-02	-2.591	3504	5.106	1.337
92.186	1.222e-01	-2.681	3455	5.172	1.240
92.186	1.613e-01	-2.780	3381	5.233	1.155
92.186	2.112e-01	-2.878	3292	5.285	1.088
92.186	2.788e-01	-2.967	3208	5.329	1.035
92.186	3.643e-01	-3.047	3122	5.362	0.996
92.186	4.790e-01	-3.121	3034	5.386	0.969
92.186	6.296e-01	-3.168	2978	5.401	0.953
92.186	8.212e-01	-3.196	2945	5.409	0.944
92.186	1.068e+00	-3.210	2928	5.413	0.939
92.186	1.401e+00	-3.215	2921	5.415	0.938
92.186	1.842e+00	-3.217	2920	5.415	0.937
92.186	2.446e+00	-3.217	2919	5.415	0.937
92.186	3.256e+00	-3.217	2919	5.415	0.937
92.186	4.333e+00	-3.217	2919	5.415	0.937
92.186	5.768e+00	-3.218	2918	5.415	0.937
92.186	7.677e+00	-3.218	2918	5.416	0.937
92.186	1.000e+01	-3.218	2917	5.416	0.937
94.281	1.039e-04	-0.526	4003	3.282	11.044
94.281	1.369e-04	-0.623	3946	3.354	10.165
94.281	1.799e-04	-0.717	3884	3.421	9.414
94.281	2.365e-04	-0.800	3826	3.478	8.821
94.281	3.108e-04	-0.854	3789	3.515	8.448
94.281	4.086e-04	-0.882	3770	3.535	8.260
94.281	5.351e-04	-0.903	3756	3.549	8.128
94.281	7.049e-04	-0.932	3737	3.569	7.937
94.281	9.264e-04	-0.992	3700	3.612	7.556
94.281	1.218e-03	-1.141	3625	3.725	6.631
94.281	1.595e-03	-1.271	3593	3.839	5.816
94.281	2.084e-03	-1.374	3587	3.940	5.181
94.281	2.741e-03	-1.465	3596	4.036	4.639
94.281	3.602e-03	-1.552	3609	4.128	4.171
94.281	4.736e-03	-1.633	3628	4.218	3.761
94.281	6.224e-03	-1.704	3665	4.307	3.393
94.281	8.183e-03	-1.773	3710	4.398	3.057
94.281	1.072e-02	-1.856	3723	4.487	2.759
94.281	1.393e-02	-1.948	3705	4.570	2.507
94.281	1.821e-02	-2.039	3685	4.652	2.283
94.281	2.375e-02	-2.127	3664	4.730	2.085
94.281	3.117e-02	-2.213	3648	4.809	1.905
94.281	4.096e-02	-2.299	3633	4.886	1.742
94.281	5.386e-02	-2.384	3615	4.963	1.595
94.281	7.078e-02	-2.476	3577	5.038	1.464
94.281	9.307e-02	-2.570	3530	5.108	1.349
94.281	1.219e-01	-2.660	3482	5.174	1.251
94.281	1.605e-01	-2.755	3414	5.235	1.166
94.281	2.110e-01	-2.848	3334	5.287	1.099
94.281	2.752e-01	-2.930	3257	5.328	1.048
94.281	3.633e-01	-2.998	3189	5.360	1.010
94.281	4.756e-01	-3.058	3121	5.382	0.984
94.281	6.277e-01	-3.098	3072	5.395	0.970
94.281	8.203e-01	-3.118	3049	5.401	0.963
94.281	1.070e+00	-3.125	3040	5.404	0.960
94.281	1.404e+00	-3.128	3037	5.404	0.959
94.281	1.861e+00	-3.128	3036	5.405	0.959
94.281	2.477e+00	-3.128	3036	5.405	0.959
94.281	3.297e+00	-3.129	3036	5.405	0.959
94.281	4.388e+00	-3.129	3036	5.405	0.959
94.281	5.841e+00	-3.129	3035	5.405	0.959
94.281	7.774e+00	-3.130	3035	5.405	0.959
94.281	1.000e+01	-3.130	3034	5.405	0.959
96.376	1.022e-04	-0.505	4022	3.279	11.209
96.376	1.349e-04	-0.600	3970	3.352	10.305
96.376	1.777e-04	-0.695	3910	3.420	9.534
96.376	2.336e-04	-0.776	3853	3.476	8.937
96.376	3.071e-04	-0.829	3816	3.512	8.569
96.376	4.036e-04	-0.857	3797	3.531	8.385
96.376	5.264e-04	-0.877	3784	3.545	8.251
96.376	6.962e-04	-0.909	3762	3.567	8.044
96.376	9.154e-04	-0.975	3720	3.614	7.624
96.376	1.203e-03	-1.130	3638	3.730	6.669
96.376	1.591e-03	-1.262	3604	3.846	5.837
96.376	2.092e-03	-1.367	3596	3.946	5.200
96.376	2.749e-03	-1.457	3604	4.040	4.665
96.376	3.615e-03	-1.542	3617	4.132	4.199
96.376	4.734e-03	-1.622	3633	4.220	3.796
96.376	6.197e-03	-1.692	3670	4.307	3.432
96.376	8.180e-03	-1.762	3715	4.398	3.091
96.376	1.069e-02	-1.839	3740	4.486	2.792
96.376	1.394e-02	-1.932	3721	4.571	2.532
96.376	1.830e-02	-2.025	3701	4.654	2.301
96.376	2.405e-02	-2.115	3680	4.735	2.096
96.376	3.137e-02	-2.199	3665	4.812	1.919
96.376	4.141e-02	-2.286	3649	4.891	1.751
96.376	5.421e-02	-2.370	3632	4.967	1.606
96.376	7.115e-02	-2.459	3601	5.041	1.474
96.376	9.351e-02	-2.553	3554	5.112	1.358
96.376	1.229e-01	-2.643	3506	5.178	1.258
96.376	1.616e-01	-2.734	3444	5.238	1.175
96.376	2.125e-01	-2.820	3375	5.289	1.108
96.376	2.792e-01	-2.899	3299	5.329	1.058
96.376	3.671e-01	-2.959	3242	5.358	1.023
96.376	4.808e-01	-3.002	3198	5.378	1.000
96.376	6.283e-01	-3.029	3167	5.389	0.988
96.376	8.293e-01	-3.045	3149	5.394	0.982
96.376	1.086e+00	-3.049	3144	5.395	0.981
96.376	1.425e+00	-3.050	3142	5.395	0.980
96.376	1.888e+00	-3.050	3142	5.396	0.980
96.376	2.513e+00	-3.050	3142	5.396	0.980
96.376	3.345e+00	-3.050	3142	5.396	0.980
96.376	4.453e+00	-3.051	3141	5.396	0.980
96.376	5.926e+00	-3.051	3141	5.396	0.980
96.376	7.888e+00	-3.052	3141	5.396	0.980
98.471	1.035e-04	-0.493	4038	3.283	11.276
98.471	1.360e-04	-0.586	3990	3.355	10.378
98.471	1.788e-04	-0.678	3931	3.422	9.610
98.471	2.347e-04	-0.757	3876	3.477	9.025
98.471	3.084e-04	-0.807	3841	3.511	8.676
98.471	4.023e-04	-0.832	3824	3.528	8.505
98.471	5.238e-04	-0.853	3810	3.542	8.366
98.471	6.809e-04	-0.884	3789	3.564	8.160
98.471	8.988e-04	-0.956	3741	3.614	7.703
98.471	1.183e-03	-1.117	3652	3.733	6.715
98.471	1.553e-03	-1.245	3617	3.844	5.913
98.471	2.050e-03	-1.351	3604	3.944	5.267
98.471	2.683e-03	-1.440	3610	4.036	4.740
98.471	3.522e-03	-1.524	3623	4.126	4.274
98.471	4.612e-03	-1.604	3636	4.213	3.866
98.471	6.026e-03	-1.674	3671	4.299	3.502
98.471	7.923e-03	-1.742	3715	4.388	3.160
98.471	1.038e-02	-1.812	3757	4.477	2.853
98.471	1.356e-02	-1.906	3739	4.563	2.584
98.471	1.783e-02	-2.000	3719	4.647	2.344
98.471	2.335e-02	-2.090	3699	4.728	2.137
98.471	3.056e-02	-2.176	3683	4.806	1.953
98.471	4.034e-02	-2.262	3668	4.886	1.782
98.471	5.281e-02	-2.346	3651	4.961	1.633
98.471	6.931e-02	-2.431	3629	5.036	1.498
98.471	9.110e-02	-2.525	3582	5.108	1.380
98.471	1.198e-01	-2.615	3535	5.175	1.278
98.471	1.568e-01	-2.701	3482	5.234	1.193
98.471	2.053e-01	-2.781	3422	5.284	1.126
98.471	2.715e-01	-2.858	3352	5.325	1.075
98.471	3.570e-01	-2.914	3298	5.353	1.041
98.471	4.692e-01	-2.950	3263	5.370	1.020
98.471	6.169e-01	-2.970	3244	5.380	1.009
98.471	8.079e-01	-2.979	3235	5.384	1.004
98.471	1.056e+00	-2.981	3233	5.385	1.002
98.471	1.377e+00	-2.982	3232	5.386	1.002
98.471	1.829e+00	-2.982	3232	5.386	1.002
98.471	2.435e+00	-2.983	3231	5.386	1.002
98.471	3.240e+00	-2.983	3231	5.386	1.002
98.471	4.313e+00	-2.983	3231	5.386	1.001
98.471	5.741e+00	-2.983	3231	5.386	1.001
98.471	7.641e+00	-2.984	3230	5.386	1.001
98.471	1.000e+01	-2.984	3230	5.387	1.001
100.566	1.042e-04	-0.480	4053	3.286	11.360
100.566	1.364e-04	-0.570	4010	3.357	10.467
100.566	1.804e-04	-0.664	3950	3.425	9.679
100.566	2.353e-04	-0.738	3900	3.477	9.118
100.566	3.105e-04	-0.785	3867	3.509	8.782
100.566	4.065e-04	-0.809	3850	3.526	8.616
100.566	5.336e-04	-0.832	3834	3.541	8.464
100.566	7.013e-04	-0.869	3809	3.568	8.213
100.566	9.257e-04	-0.963	3747	3.632	7.624
100.566	1.202e-03	-1.123	3659	3.751	6.647
100.566	1.587e-03	-1.248	3624	3.859	5.869
100.566	2.077e-03	-1.348	3612	3.954	5.262
100.566	2.742e-03	-1.438	3619	4.047	4.730
100.566	3.589e-03	-1.520	3631	4.135	4.276
100.566	4.738e-03	-1.602	3644	4.223	3.860
100.566	6.191e-03	-1.670	3680	4.309	3.499
100.566	8.140e-03	-1.738	3724	4.397	3.160
100.566	1.066e-02	-1.807	3767	4.486	2.854
100.566	1.393e-02	-1.900	3753	4.572	2.584
100.566	1.817e-02	-1.991	3733	4.654	2.351
100.566	2.398e-02	-2.083	3712	4.737	2.137
100.566	3.134e-02	-2.168	3698	4.815	1.954
100.566	4.121e-02	-2.253	3683	4.893	1.785
100.566	5.416e-02	-2.338	3666	4.970	1.634
100.566	7.064e-02	-2.419	3649	5.043	1.502
100.566	9.325e-02	-2.515	3602	5.116	1.381
100.566	1.221e-01	-2.602	3556	5.181	1.281
100.566	1.602e-01	-2.685	3508	5.240	1.198
100.566	2.106e-01	-2.761	3452	5.289	1.132
100.566	2.747e-01	-2.826	3395	5.325	1.086
100.566	3.626e-01	-2.877	3347	5.350	1.055
100.566	4.738e-01	-2.905	3320	5.364	1.038
100.566	6.229e-01	-2.919	3306	5.371	1.030
100.566	8.158e-01	-2.924	3301	5.374	1.027
100.566	1.068e+00	-2.926	3299	5.374	1.026
100.566	1.418e+00	-2.926	3299	5.375	1.026
100.566	1.888e+00	-2.926	3299	5.375	1.026
100.566	2.513e+00	-2.926	3299	5.375	1.026
100.566	3.345e+00	-2.926	3299	5.375	1.025
100.566	4.452e+00	-2.927	3298	5.375	1.025
100.566	5.925e+00	-2.927	3298	5.375	1.025
100.566	7.886e+00	-2.927	3298	5.375	1.025
100.566	1.000e+01	-2.928	3297	5.375	1.025
102.661	1.012e-04	-0.455	4074	3.279	11.573
102.661	1.324e-04	-0.543	4034	3.350	10.658
102.661	1.748e-04	-0.637	3977	3.419	9.851
102.661	2.288e-04	-0.712	3928	3.472	9.263
102.661	3.021e-04	-0.759	3895	3.505	8.917
102.661	3.955e-04	-0.784	3878	3.522	8.747
102.661	5.190e-04	-0.807	3862	3.538	8.590
102.661	6.822e-04	-0.845	3835	3.564	8.332
102.661	9.004e-04	-0.941	3770	3.631	7.717
102.661	1.168e-03	-1.102	3677	3.748	6.738
102.661	1.530e-03	-1.225	3638	3.853	5.975
102.661	2.010e-03	-1.329	3621	3.948	5.355
102.661	2.643e-03	-1.418	3624	4.038	4.826
102.661	3.474e-03	-1.500	3637	4.127	4.360
102.661	4.568e-03	-1.581	3649	4.213	3.945
102.661	6.003e-03	-1.652	3681	4.300	3.572
102.661	7.893e-03	-1.720	3724	4.388	3.228
102.661	1.034e-02	-1.787	3768	4.476	2.917
102.661	1.351e-02	-1.873	3770	4.563	2.639
102.661	1.776e-02	-1.968	3751	4.648	2.392
102.661	2.334e-02	-2.059	3730	4.730	2.177
102.661	3.044e-02	-2.144	3715	4.808	1.990
102.661	4.019e-02	-2.231	3701	4.888	1.815
102.661	5.252e-02	-2.314	3685	4.963	1.664
102.661	6.905e-02	-2.396	3671	5.039	1.525
102.661	9.075e-02	-2.487	3630	5.111	1.403
102.661	1.193e-01	-2.576	3584	5.178	1.300
102.661	1.568e-01	-2.657	3540	5.236	1.215
102.661	2.062e-01	-2.731	3488	5.285	1.149
102.661	2.710e-01	-2.790	3443	5.321	1.102
102.661	3.563e-01	-2.835	3400	5.345	1.073
102.661	4.682e-01	-2.860	3376	5.357	1.057
102.661	6.156e-01	-2.870	3366	5.363	1.051
102.661	8.091e-01	-2.874	3362	5.364	1.049
102.661	1.068e+00	-2.875	3362	5.365	1.048
102.661	1.422e+00	-2.875	3362	5.365	1.048
102.661	1.892e+00	-2.875	3361	5.365	1.048
102.661	2.513e+00	-2.875	3361	5.365	1.048
102.661	3.345e+00	-2.875	3361	5.365	1.048
102.661	4.452e+00	-2.875	3361	5.365	1.048
102.661	5.926e+00	-2.876	3361	5.365	1.047
102.661	7.887e+00	-2.876	3360	5.366	1.047
102.661	1.000e+01	-2.877	3360	5.366	1.047
104.757	1.007e-04	-0.438	4091	3.278	11.699
104.757	1.318e-04	-0.527	4050	3.350	10.771
104.757	1.730e-04	-0.616	3999	3.417	9.970
104.757	2.274e-04	-0.691	3951	3.471	9.373
104.757	2.990e-04	-0.736	3920	3.502	9.038
104.757	3.930e-04	-0.760	3904	3.519	8.866
104.757	5.126e-04	-0.783	3888	3.535	8.705
104.757	6.779e-04	-0.825	3858	3.564	8.420
104.757	8.913e-04	-0.931	3787	3.636	7.745
104.757	1.171e-03	-1.099	3688	3.759	6.723
104.757	1.546e-03	-1.223	3647	3.863	5.963
104.757	2.024e-03	-1.323	3629	3.955	5.365
104.757	2.636e-03	-1.408	3631	4.041	4.860
104.757	3.479e-03	-1.491	3644	4.129	4.389
104.757	4.554e-03	-1.570	3655	4.214	3.981
104.757	6.012e-03	-1.642	3686	4.301	3.602
104.757	7.870e-03	-1.708	3729	4.387	3.263
104.757	1.033e-02	-1.776	3773	4.475	2.948
104.757	1.353e-02	-1.858	3785	4.563	2.664
104.757	1.771e-02	-1.951	3766	4.648	2.417
104.757	2.337e-02	-2.045	3745	4.731	2.195
104.757	3.060e-02	-2.130	3731	4.810	2.004
104.757	4.039e-02	-2.217	3717	4.891	1.828
104.757	5.278e-02	-2.300	3701	4.966	1.675
104.757	6.884e-02	-2.379	3689	5.040	1.539
104.757	9.036e-02	-2.468	3654	5.112	1.416
104.757	1.188e-01	-2.556	3609	5.178	1.312
104.757	1.549e-01	-2.633	3567	5.235	1.229
104.757	2.045e-01	-2.703	3522	5.283	1.163
104.757	2.693e-01	-2.758	3482	5.318	1.117
104.757	3.527e-01	-2.795	3452	5.340	1.090
104.757	4.617e-01	-2.816	3431	5.350	1.076
104.757	6.060e-01	-2.824	3423	5.355	1.071
104.757	7.936e-01	-2.827	3421	5.356	1.070
104.757	1.045e+00	-2.827	3420	5.356	1.069
104.757	1.391e+00	-2.827	3420	5.356	1.069
104.757	1.852e+00	-2.827	3420	5.356	1.069
104.757	2.465e+00	-2.828	3420	5.356	1.069
104.757	3.281e+00	-2.828	3420	5.356	1.069
104.757	4.367e+00	-2.828	3420	5.357	1.069
104.757	5.812e+00	-2.828	3419	5.357	1.069
104.757	7.736e+00	-2.829	3419	5.357	1.068
104.757	1.000e+01	-2.829	3418	5.357	1.068
