Mass/Mjup	Age/Gyr	log(L/Lsun)	Teff	log(g)	Radius/Rjup
0.047	1.038e-04	-5.907	428	1.477	1.974
0.047	1.359e-04	-6.032	418	1.563	1.789
0.047	1.784e-04	-6.177	403	1.646	1.625
0.047	2.345e-04	-6.333	385	1.721	1.491
0.047	3.095e-04	-6.428	380	1.794	1.370
0.047	4.093e-04	-6.574	364	1.863	1.266
0.047	5.413e-04	-6.697	351	1.926	1.178
0.047	7.159e-04	-6.820	339	1.985	1.100
0.047	9.467e-04	-6.941	326	2.040	1.032
0.047	1.247e-03	-7.059	314	2.093	0.972
0.047	1.639e-03	-7.177	302	2.143	0.917
0.047	2.164e-03	-7.299	289	2.192	0.867
0.047	2.850e-03	-7.423	277	2.238	0.822
0.047	3.769e-03	-7.549	264	2.282	0.782
0.047	4.954e-03	-7.670	252	2.322	0.746
0.047	6.513e-03	-7.785	241	2.360	0.714
0.047	8.613e-03	-7.902	230	2.397	0.685
0.047	1.132e-02	-8.016	220	2.431	0.658
0.047	1.494e-02	-8.137	209	2.464	0.634
0.047	1.968e-02	-8.257	199	2.496	0.611
0.047	2.587e-02	-8.379	188	2.524	0.591
0.047	3.415e-02	-8.499	178	2.551	0.573
0.047	4.470e-02	-8.611	170	2.576	0.557
0.047	5.867e-02	-8.724	161	2.600	0.542
0.047	7.711e-02	-8.837	153	2.623	0.528
0.047	1.020e-01	-8.959	145	2.646	0.514
0.047	1.349e-01	-9.081	137	2.668	0.501
0.047	1.784e-01	-9.206	129	2.689	0.489
0.047	2.354e-01	-9.335	121	2.708	0.478
0.047	3.082e-01	-9.459	114	2.726	0.469
0.047	4.045e-01	-9.580	107	2.742	0.460
0.047	5.317e-01	-9.705	100	2.758	0.452
0.047	6.991e-01	-9.833	94	2.773	0.444
0.047	9.188e-01	-9.960	88	2.787	0.437
0.047	1.213e+00	-10.084	83	2.800	0.430
0.047	1.604e+00	-10.204	78	2.812	0.424
0.047	2.121e+00	-10.322	73	2.824	0.419
0.047	2.805e+00	-10.445	69	2.836	0.413
0.063	1.004e-04	-5.789	450	1.574	2.039
0.063	1.328e-04	-5.841	458	1.656	1.856
0.063	1.757e-04	-5.974	445	1.737	1.691
0.063	2.319e-04	-6.104	431	1.813	1.549
0.063	3.066e-04	-6.245	413	1.882	1.431
0.063	4.039e-04	-6.352	403	1.944	1.332
0.063	5.309e-04	-6.470	390	2.004	1.243
0.063	7.021e-04	-6.592	375	2.060	1.166
0.063	9.285e-04	-6.715	360	2.113	1.096
0.063	1.221e-03	-6.832	347	2.163	1.035
0.063	1.604e-03	-6.946	334	2.211	0.980
0.063	2.122e-03	-7.063	320	2.257	0.929
0.063	2.801e-03	-7.180	307	2.301	0.883
0.063	3.704e-03	-7.302	293	2.344	0.841
0.063	4.849e-03	-7.424	280	2.383	0.804
0.063	6.401e-03	-7.552	266	2.422	0.769
0.063	8.432e-03	-7.675	253	2.458	0.737
0.063	1.108e-02	-7.793	241	2.492	0.709
0.063	1.466e-02	-7.913	229	2.525	0.682
0.063	1.935e-02	-8.037	217	2.556	0.658
0.063	2.533e-02	-8.158	206	2.585	0.637
0.063	3.349e-02	-8.284	195	2.612	0.617
0.063	4.404e-02	-8.409	184	2.638	0.599
0.063	5.787e-02	-8.531	174	2.661	0.583
0.063	7.654e-02	-8.655	164	2.684	0.568
0.063	9.185e-02	-8.737	158	2.699	0.559
0.063	1.215e-01	-8.868	148	2.721	0.545
0.063	1.603e-01	-8.997	139	2.742	0.532
0.063	2.120e-01	-9.129	130	2.761	0.520
0.063	2.793e-01	-9.261	122	2.779	0.509
0.063	3.658e-01	-9.394	114	2.795	0.500
0.063	4.818e-01	-9.529	107	2.810	0.491
0.063	6.333e-01	-9.656	100	2.824	0.484
0.063	8.359e-01	-9.776	94	2.836	0.477
0.063	1.094e+00	-9.882	89	2.846	0.471
0.063	1.444e+00	-9.980	84	2.855	0.466
0.063	1.891e+00	-10.062	81	2.863	0.463
0.063	2.496e+00	-10.136	78	2.869	0.459
0.063	3.301e+00	-10.200	75	2.875	0.456
0.063	4.348e+00	-10.261	73	2.880	0.454
0.063	5.715e+00	-10.316	71	2.884	0.451
0.063	7.514e+00	-10.368	69	2.889	0.449
0.063	8.408e+00	-10.381	68	2.890	0.448
0.063	9.245e+00	-10.381	68	2.890	0.448
0.126	1.006e-04	-5.422	473	1.594	2.819
0.126	1.330e-04	-5.506	471	1.672	2.578
0.126	1.759e-04	-5.564	477	1.751	2.353
0.126	2.317e-04	-5.677	467	1.828	2.152
0.126	3.065e-04	-5.785	458	1.901	1.979
0.126	4.028e-04	-5.909	443	1.966	1.836
0.126	5.317e-04	-6.030	428	2.027	1.713
0.126	7.004e-04	-6.140	415	2.083	1.605
0.126	9.205e-04	-6.253	400	2.135	1.511
0.126	1.210e-03	-6.369	385	2.185	1.427
0.126	1.591e-03	-6.489	369	2.231	1.353
0.126	2.100e-03	-6.602	355	2.276	1.285
0.126	2.777e-03	-6.716	341	2.319	1.223
0.126	3.635e-03	-6.829	327	2.360	1.167
0.126	4.798e-03	-6.947	313	2.399	1.115
0.126	6.281e-03	-7.066	298	2.436	1.069
0.126	8.307e-03	-7.194	283	2.472	1.026
0.126	1.097e-02	-7.319	268	2.506	0.987
0.126	1.444e-02	-7.441	255	2.537	0.951
0.126	1.898e-02	-7.560	242	2.568	0.919
0.126	2.511e-02	-7.685	229	2.597	0.888
0.126	3.314e-02	-7.814	216	2.625	0.860
0.126	4.338e-02	-7.940	204	2.651	0.835
0.126	5.737e-02	-8.076	191	2.676	0.811
0.126	7.573e-02	-8.214	179	2.699	0.790
0.126	9.914e-02	-8.345	168	2.720	0.771
0.126	1.309e-01	-8.481	157	2.741	0.753
0.126	1.710e-01	-8.610	148	2.759	0.737
0.126	2.249e-01	-8.742	138	2.777	0.722
0.126	2.955e-01	-8.874	129	2.794	0.708
0.126	3.879e-01	-9.011	121	2.810	0.695
0.126	5.098e-01	-9.151	112	2.824	0.684
0.126	6.729e-01	-9.294	104	2.838	0.673
0.126	8.794e-01	-9.433	97	2.850	0.663
0.126	1.156e+00	-9.575	90	2.862	0.654
0.126	1.520e+00	-9.717	83	2.873	0.646
0.126	1.998e+00	-9.858	77	2.884	0.638
0.126	2.626e+00	-9.992	72	2.893	0.631
0.189	1.026e-04	-5.207	561	1.852	2.566
0.189	1.349e-04	-5.286	555	1.910	2.398
0.189	1.784e-04	-5.382	543	1.970	2.240
0.189	2.345e-04	-5.474	532	2.026	2.098
0.189	3.095e-04	-5.582	516	2.081	1.970
0.189	4.077e-04	-5.674	505	2.134	1.853
0.189	5.358e-04	-5.790	486	2.185	1.748
0.189	7.087e-04	-5.900	469	2.233	1.654
0.189	9.354e-04	-6.005	453	2.280	1.567
0.189	1.232e-03	-6.128	433	2.323	1.490
0.189	1.619e-03	-6.240	416	2.365	1.421
0.189	2.138e-03	-6.356	398	2.405	1.357
0.189	2.816e-03	-6.470	381	2.443	1.299
0.189	3.701e-03	-6.585	364	2.479	1.246
0.189	4.885e-03	-6.702	348	2.514	1.197
0.189	6.435e-03	-6.816	332	2.548	1.151
0.189	8.458e-03	-6.935	316	2.580	1.109
0.189	1.119e-02	-7.061	299	2.612	1.069
0.189	1.476e-02	-7.189	283	2.642	1.033
0.189	1.933e-02	-7.314	267	2.669	1.001
0.189	2.551e-02	-7.438	253	2.696	0.971
0.189	3.361e-02	-7.563	238	2.721	0.943
0.189	4.417e-02	-7.689	225	2.745	0.917
0.189	5.830e-02	-7.818	212	2.768	0.893
0.189	7.680e-02	-7.950	199	2.790	0.871
0.189	1.009e-01	-8.087	186	2.810	0.851
0.189	1.327e-01	-8.225	173	2.829	0.833
0.189	1.744e-01	-8.362	162	2.847	0.816
0.189	2.293e-01	-8.498	151	2.863	0.801
0.189	3.014e-01	-8.633	141	2.879	0.786
0.189	3.979e-01	-8.770	131	2.894	0.773
0.189	5.241e-01	-8.911	122	2.907	0.761
0.189	6.888e-01	-9.055	113	2.920	0.750
0.189	9.056e-01	-9.199	105	2.932	0.740
0.189	1.190e+00	-9.343	97	2.943	0.731
0.189	1.553e+00	-9.482	90	2.953	0.722
0.189	2.049e+00	-9.628	83	2.962	0.714
0.189	2.683e+00	-9.771	77	2.971	0.707
0.189	3.541e+00	-9.909	72	2.979	0.700
0.262	1.017e-04	-4.994	663	2.070	2.351
0.262	1.340e-04	-5.086	646	2.116	2.228
0.262	1.761e-04	-5.179	628	2.162	2.114
0.262	2.324e-04	-5.276	610	2.208	2.005
0.262	3.074e-04	-5.386	587	2.253	1.905
0.262	4.049e-04	-5.500	563	2.294	1.816
0.262	5.322e-04	-5.580	551	2.336	1.731
0.262	7.024e-04	-5.698	528	2.377	1.650
0.262	9.290e-04	-5.811	506	2.417	1.576
0.262	1.224e-03	-5.927	483	2.455	1.510
0.262	1.608e-03	-6.042	462	2.490	1.449
0.262	2.123e-03	-6.159	440	2.525	1.392
0.262	2.797e-03	-6.270	421	2.558	1.339
0.262	3.698e-03	-6.387	401	2.591	1.290
0.262	4.861e-03	-6.499	383	2.622	1.245
0.262	6.416e-03	-6.615	365	2.653	1.201
0.262	8.399e-03	-6.727	348	2.682	1.162
0.262	1.109e-02	-6.849	329	2.710	1.125
0.262	1.451e-02	-6.969	312	2.737	1.091
0.262	1.916e-02	-7.095	295	2.763	1.058
0.262	2.508e-02	-7.224	277	2.788	1.029
0.262	3.311e-02	-7.350	262	2.811	1.001
0.262	4.361e-02	-7.475	247	2.834	0.976
0.262	5.732e-02	-7.601	232	2.855	0.952
0.262	7.536e-02	-7.729	218	2.875	0.930
0.262	9.904e-02	-7.860	205	2.895	0.910
0.262	1.307e-01	-7.998	191	2.913	0.890
0.262	1.711e-01	-8.137	178	2.930	0.873
0.262	2.259e-01	-8.278	166	2.946	0.857
0.262	2.957e-01	-8.414	155	2.961	0.843
0.262	3.904e-01	-8.554	144	2.975	0.829
0.262	5.110e-01	-8.689	134	2.988	0.817
0.262	6.707e-01	-8.826	125	3.000	0.806
0.262	8.815e-01	-8.972	115	3.011	0.796
0.262	1.159e+00	-9.117	107	3.021	0.786
0.262	1.523e+00	-9.262	99	3.031	0.777
0.262	1.987e+00	-9.403	92	3.040	0.769
0.262	2.623e+00	-9.551	84	3.049	0.762
0.262	3.433e+00	-9.697	78	3.056	0.755
0.262	4.532e+00	-9.838	72	3.064	0.748
0.524	1.013e-04	-4.454	965	2.484	2.063
0.524	1.337e-04	-4.581	915	2.519	1.982
0.524	1.761e-04	-4.707	867	2.552	1.909
0.524	2.315e-04	-4.809	833	2.583	1.842
0.524	3.062e-04	-4.919	796	2.614	1.776
0.524	4.049e-04	-5.027	762	2.645	1.714
0.524	5.355e-04	-5.139	726	2.676	1.655
0.524	7.040e-04	-5.247	694	2.705	1.600
0.524	9.219e-04	-5.358	662	2.733	1.549
0.524	1.214e-03	-5.482	626	2.761	1.501
0.524	1.596e-03	-5.604	593	2.787	1.456
0.524	2.099e-03	-5.728	560	2.812	1.414
0.524	2.758e-03	-5.852	529	2.836	1.376
0.524	3.620e-03	-5.970	500	2.859	1.340
0.524	4.741e-03	-6.090	473	2.881	1.306
0.524	6.195e-03	-6.211	446	2.902	1.275
0.524	8.145e-03	-6.323	424	2.923	1.245
0.524	1.071e-02	-6.436	402	2.944	1.216
0.524	1.416e-02	-6.549	381	2.964	1.187
0.524	1.861e-02	-6.662	361	2.985	1.159
0.524	2.446e-02	-6.777	342	3.005	1.133
0.524	3.191e-02	-6.891	324	3.024	1.109
0.524	4.212e-02	-7.010	306	3.043	1.084
0.524	5.548e-02	-7.142	286	3.062	1.061
0.524	7.292e-02	-7.270	269	3.079	1.040
0.524	9.588e-02	-7.394	253	3.096	1.020
0.524	1.260e-01	-7.520	237	3.112	1.001
0.524	1.663e-01	-7.651	222	3.128	0.983
0.524	2.191e-01	-7.782	208	3.143	0.966
0.524	2.869e-01	-7.917	194	3.157	0.951
0.524	3.756e-01	-8.059	180	3.170	0.937
0.524	4.958e-01	-8.204	167	3.182	0.924
0.524	6.491e-01	-8.342	155	3.194	0.912
0.524	8.567e-01	-8.485	144	3.204	0.900
0.524	1.120e+00	-8.624	133	3.214	0.890
0.524	1.472e+00	-8.768	123	3.223	0.881
0.524	1.928e+00	-8.915	114	3.232	0.872
0.524	2.524e+00	-9.062	105	3.240	0.864
0.524	3.286e+00	-9.205	97	3.247	0.857
0.524	4.337e+00	-9.356	89	3.254	0.851
0.524	5.678e+00	-9.503	82	3.260	0.844
0.786	1.035e-04	-4.115	1187	2.681	2.015
0.786	1.366e-04	-4.234	1131	2.715	1.936
0.786	1.807e-04	-4.376	1062	2.748	1.865
0.786	2.365e-04	-4.505	1003	2.777	1.804
0.786	3.122e-04	-4.619	954	2.805	1.746
0.786	4.112e-04	-4.737	906	2.833	1.691
0.786	5.405e-04	-4.848	863	2.860	1.640
0.786	7.148e-04	-4.971	817	2.886	1.591
0.786	9.398e-04	-5.086	775	2.911	1.546
0.786	1.235e-03	-5.202	735	2.936	1.503
0.786	1.633e-03	-5.334	691	2.960	1.462
0.786	2.148e-03	-5.452	654	2.982	1.425
0.786	2.840e-03	-5.585	613	3.004	1.389
0.786	3.733e-03	-5.713	577	3.024	1.357
0.786	4.908e-03	-5.842	541	3.044	1.327
0.786	6.427e-03	-5.970	508	3.062	1.299
0.786	8.414e-03	-6.091	479	3.079	1.273
0.786	1.104e-02	-6.214	451	3.097	1.248
0.786	1.451e-02	-6.338	424	3.113	1.225
0.786	1.916e-02	-6.453	400	3.130	1.202
0.786	2.508e-02	-6.554	381	3.146	1.180
0.786	3.311e-02	-6.666	361	3.163	1.157
0.786	4.326e-02	-6.777	342	3.179	1.136
0.786	5.688e-02	-6.889	323	3.195	1.115
0.786	7.476e-02	-7.009	305	3.211	1.094
0.786	9.829e-02	-7.139	285	3.227	1.075
0.786	1.292e-01	-7.265	267	3.241	1.057
0.786	1.705e-01	-7.390	251	3.256	1.039
0.786	2.246e-01	-7.518	235	3.270	1.022
0.786	2.952e-01	-7.647	220	3.283	1.007
0.786	3.897e-01	-7.780	205	3.296	0.992
0.786	5.133e-01	-7.923	190	3.309	0.978
0.786	6.747e-01	-8.067	176	3.320	0.965
0.786	8.800e-01	-8.205	164	3.330	0.954
0.786	1.155e+00	-8.347	152	3.340	0.943
0.786	1.518e+00	-8.490	141	3.349	0.934
0.786	1.996e+00	-8.634	130	3.357	0.925
0.786	2.614e+00	-8.779	120	3.365	0.916
0.786	3.421e+00	-8.930	111	3.372	0.909
0.786	4.491e+00	-9.082	102	3.379	0.902
0.786	5.881e+00	-9.230	94	3.385	0.895
0.786	7.698e+00	-9.377	86	3.391	0.890
0.786	1.000e+01	-9.519	80	3.396	0.884
1.048	1.017e-04	-3.850	1373	2.793	2.044
1.048	1.336e-04	-3.966	1311	2.829	1.961
1.048	1.764e-04	-4.091	1245	2.864	1.883
1.048	2.309e-04	-4.232	1169	2.896	1.816
1.048	3.054e-04	-4.374	1096	2.926	1.755
1.048	4.015e-04	-4.495	1038	2.953	1.701
1.048	5.277e-04	-4.612	985	2.979	1.650
1.048	6.938e-04	-4.727	936	3.005	1.603
1.048	9.119e-04	-4.860	879	3.029	1.558
1.048	1.204e-03	-4.979	832	3.053	1.516
1.048	1.586e-03	-5.106	784	3.076	1.477
1.048	2.084e-03	-5.234	737	3.097	1.441
1.048	2.751e-03	-5.357	695	3.118	1.407
1.048	3.624e-03	-5.490	651	3.137	1.375
1.048	4.762e-03	-5.620	611	3.156	1.346
1.048	6.212e-03	-5.747	573	3.173	1.320
1.048	8.088e-03	-5.877	537	3.189	1.296
1.048	1.068e-02	-6.008	503	3.206	1.272
1.048	1.395e-02	-6.138	470	3.220	1.250
1.048	1.834e-02	-6.278	438	3.235	1.229
1.048	2.426e-02	-6.389	414	3.249	1.210
1.048	3.188e-02	-6.488	394	3.263	1.190
1.048	4.209e-02	-6.597	373	3.278	1.170
1.048	5.510e-02	-6.705	354	3.292	1.151
1.048	7.273e-02	-6.814	335	3.307	1.132
1.048	9.618e-02	-6.934	315	3.322	1.113
1.048	1.259e-01	-7.057	296	3.336	1.095
1.048	1.662e-01	-7.183	278	3.349	1.077
1.048	2.189e-01	-7.306	261	3.363	1.061
1.048	2.877e-01	-7.435	244	3.376	1.045
1.048	3.783e-01	-7.562	228	3.388	1.030
1.048	4.972e-01	-7.693	213	3.400	1.016
1.048	6.486e-01	-7.827	199	3.411	1.003
1.048	8.561e-01	-7.971	184	3.422	0.991
1.048	1.121e+00	-8.112	171	3.432	0.980
1.048	1.479e+00	-8.258	158	3.441	0.969
1.048	1.937e+00	-8.400	146	3.450	0.960
1.048	2.556e+00	-8.547	135	3.458	0.951
1.048	3.341e+00	-8.689	125	3.465	0.943
1.048	4.410e+00	-8.848	114	3.472	0.935
1.048	5.773e+00	-9.000	105	3.479	0.929
1.048	7.576e+00	-9.150	97	3.484	0.922
1.048	9.958e+00	-9.299	89	3.490	0.917
1.571	1.003e-04	-3.533	1613	2.931	2.135
1.571	1.326e-04	-3.648	1541	2.969	2.046
1.571	1.750e-04	-3.760	1474	3.004	1.965
1.571	2.305e-04	-3.852	1428	3.039	1.887
1.571	3.030e-04	-3.962	1367	3.074	1.813
1.571	4.000e-04	-4.109	1281	3.107	1.745
1.571	5.269e-04	-4.259	1195	3.136	1.686
1.571	6.924e-04	-4.390	1125	3.163	1.635
1.571	9.158e-04	-4.519	1060	3.189	1.587
1.571	1.204e-03	-4.644	1001	3.214	1.543
1.571	1.582e-03	-4.772	942	3.237	1.503
1.571	2.089e-03	-4.908	882	3.259	1.465
1.571	2.762e-03	-5.052	822	3.279	1.430
1.571	3.639e-03	-5.182	771	3.299	1.399
1.571	4.783e-03	-5.313	722	3.317	1.370
1.571	6.313e-03	-5.446	676	3.334	1.343
1.571	8.250e-03	-5.577	632	3.350	1.319
1.571	1.085e-02	-5.715	589	3.365	1.296
1.571	1.426e-02	-5.849	550	3.380	1.274
1.571	1.859e-02	-5.982	513	3.393	1.255
1.571	2.454e-02	-6.120	478	3.406	1.236
1.571	3.233e-02	-6.265	443	3.419	1.219
1.571	4.249e-02	-6.381	417	3.430	1.203
1.571	5.609e-02	-6.486	395	3.442	1.186
1.571	7.418e-02	-6.590	375	3.454	1.170
1.571	9.711e-02	-6.689	356	3.466	1.154
1.571	1.282e-01	-6.799	337	3.479	1.137
1.571	1.675e-01	-6.912	318	3.491	1.121
1.571	2.185e-01	-7.027	300	3.503	1.106
1.571	2.884e-01	-7.147	282	3.515	1.090
1.571	3.776e-01	-7.272	264	3.527	1.076
1.571	4.956e-01	-7.398	247	3.538	1.062
1.571	6.513e-01	-7.524	231	3.549	1.049
1.571	8.563e-01	-7.656	216	3.560	1.036
1.571	1.125e+00	-7.793	200	3.570	1.024
1.571	1.480e+00	-7.935	186	3.580	1.012
1.571	1.945e+00	-8.079	172	3.589	1.002
1.571	2.557e+00	-8.224	159	3.597	0.993
1.571	3.348e+00	-8.367	147	3.604	0.984
1.571	4.383e+00	-8.511	136	3.612	0.976
1.571	5.753e+00	-8.659	125	3.618	0.968
1.571	7.534e+00	-8.813	115	3.624	0.962
1.571	9.863e+00	-8.967	106	3.630	0.956
2.095	1.005e-04	-3.217	1899	3.025	2.213
2.095	1.321e-04	-3.425	1724	3.065	2.114
2.095	1.747e-04	-3.551	1636	3.099	2.033
2.095	2.310e-04	-3.657	1569	3.133	1.955
2.095	3.049e-04	-3.770	1499	3.166	1.881
2.095	3.992e-04	-3.856	1453	3.199	1.812
2.095	5.279e-04	-3.943	1410	3.234	1.741
2.095	6.968e-04	-4.103	1311	3.267	1.676
2.095	9.179e-04	-4.256	1220	3.295	1.622
2.095	1.202e-03	-4.390	1146	3.321	1.574
2.095	1.574e-03	-4.519	1079	3.345	1.531
2.095	2.077e-03	-4.655	1011	3.369	1.491
2.095	2.736e-03	-4.787	949	3.391	1.453
2.095	3.619e-03	-4.941	879	3.411	1.420
2.095	4.756e-03	-5.073	823	3.429	1.390
2.095	6.253e-03	-5.207	770	3.447	1.362
2.095	8.218e-03	-5.336	722	3.463	1.336
2.095	1.085e-02	-5.478	671	3.479	1.312
2.095	1.420e-02	-5.617	625	3.494	1.291
2.095	1.864e-02	-5.754	582	3.507	1.271
2.095	2.450e-02	-5.895	541	3.520	1.252
2.095	3.221e-02	-6.029	504	3.532	1.235
2.095	4.233e-02	-6.189	463	3.544	1.219
2.095	5.598e-02	-6.310	434	3.554	1.204
2.095	7.302e-02	-6.415	411	3.564	1.190
2.095	9.638e-02	-6.521	389	3.575	1.175
2.095	1.262e-01	-6.619	370	3.586	1.161
2.095	1.669e-01	-6.725	350	3.597	1.145
2.095	2.194e-01	-6.837	331	3.609	1.131
2.095	2.883e-01	-6.952	312	3.620	1.116
2.095	3.791e-01	-7.068	293	3.631	1.102
2.095	4.983e-01	-7.192	275	3.642	1.088
2.095	6.551e-01	-7.316	257	3.653	1.075
2.095	8.610e-01	-7.439	241	3.663	1.062
2.095	1.137e+00	-7.570	225	3.673	1.050
2.095	1.488e+00	-7.702	210	3.683	1.038
2.095	1.964e+00	-7.843	194	3.692	1.027
2.095	2.571e+00	-7.986	180	3.701	1.017
2.095	3.374e+00	-8.130	166	3.709	1.008
2.095	4.435e+00	-8.274	154	3.716	0.999
2.095	5.785e+00	-8.416	142	3.723	0.991
2.095	7.636e+00	-8.567	131	3.729	0.984
2.095	9.978e+00	-8.717	121	3.735	0.977
2.619	1.046e-04	-3.009	2092	3.082	2.318
2.619	1.378e-04	-3.140	1998	3.133	2.186
2.619	1.811e-04	-3.309	1860	3.177	2.078
2.619	2.395e-04	-3.531	1669	3.211	1.998
2.619	3.181e-04	-3.604	1630	3.244	1.924
2.619	4.207e-04	-3.703	1571	3.278	1.849
2.619	5.529e-04	-3.787	1527	3.312	1.778
2.619	7.313e-04	-3.885	1473	3.348	1.706
2.619	9.671e-04	-4.060	1357	3.381	1.643
2.619	1.277e-03	-4.212	1264	3.409	1.591
2.619	1.671e-03	-4.342	1189	3.434	1.546
2.619	2.206e-03	-4.479	1114	3.458	1.503
2.619	2.917e-03	-4.616	1044	3.481	1.464
2.619	3.819e-03	-4.762	971	3.502	1.429
2.619	5.051e-03	-4.906	904	3.522	1.397
2.619	6.588e-03	-5.039	846	3.539	1.369
2.619	8.696e-03	-5.173	791	3.556	1.342
2.619	1.138e-02	-5.309	738	3.572	1.318
2.619	1.494e-02	-5.451	686	3.587	1.296
2.619	1.964e-02	-5.594	637	3.601	1.276
2.619	2.561e-02	-5.731	593	3.613	1.258
2.619	3.381e-02	-5.873	550	3.625	1.240
2.619	4.426e-02	-6.009	512	3.636	1.224
2.619	5.853e-02	-6.172	469	3.647	1.210
2.619	7.741e-02	-6.292	440	3.657	1.196
2.619	1.022e-01	-6.412	413	3.667	1.182
2.619	1.338e-01	-6.514	392	3.676	1.170
2.619	1.766e-01	-6.611	373	3.686	1.156
2.619	2.335e-01	-6.720	352	3.697	1.142
2.619	3.057e-01	-6.827	333	3.707	1.129
2.619	4.035e-01	-6.940	314	3.718	1.115
2.619	5.282e-01	-7.054	296	3.728	1.102
2.619	6.986e-01	-7.183	276	3.739	1.088
2.619	9.185e-01	-7.300	260	3.749	1.076
2.619	1.207e+00	-7.423	243	3.759	1.064
2.619	1.593e+00	-7.553	227	3.768	1.052
2.619	2.086e+00	-7.685	212	3.777	1.041
2.619	2.753e+00	-7.826	196	3.786	1.030
2.619	3.605e+00	-7.968	182	3.794	1.021
2.619	4.758e+00	-8.115	168	3.802	1.012
2.619	6.229e+00	-8.258	155	3.809	1.003
2.619	8.175e+00	-8.405	143	3.816	0.996
3.143	1.035e-04	-2.848	2225	3.108	2.466
3.143	1.359e-04	-2.964	2148	3.162	2.315
3.143	1.785e-04	-3.090	2058	3.214	2.182
3.143	2.329e-04	-3.232	1946	3.258	2.072
3.143	3.057e-04	-3.452	1751	3.294	1.988
3.143	4.017e-04	-3.524	1713	3.329	1.911
3.143	5.303e-04	-3.636	1639	3.365	1.834
3.143	6.985e-04	-3.733	1582	3.400	1.762
3.143	9.238e-04	-3.864	1497	3.435	1.692
3.143	1.222e-03	-4.036	1381	3.466	1.633
3.143	1.606e-03	-4.180	1291	3.493	1.582
3.143	2.094e-03	-4.307	1216	3.517	1.539
3.143	2.765e-03	-4.449	1137	3.541	1.497
3.143	3.619e-03	-4.576	1070	3.563	1.460
3.143	4.777e-03	-4.726	993	3.583	1.425
3.143	6.293e-03	-4.862	928	3.602	1.395
3.143	8.271e-03	-4.999	866	3.620	1.367
3.143	1.087e-02	-5.133	810	3.636	1.341
3.143	1.429e-02	-5.275	753	3.652	1.318
3.143	1.879e-02	-5.419	698	3.666	1.297
3.143	2.470e-02	-5.563	648	3.679	1.277
3.143	3.221e-02	-5.700	603	3.691	1.260
3.143	4.228e-02	-5.841	560	3.702	1.244
3.143	5.557e-02	-5.980	520	3.713	1.228
3.143	7.335e-02	-6.139	477	3.723	1.214
3.143	9.700e-02	-6.267	446	3.732	1.201
3.143	1.270e-01	-6.385	418	3.741	1.189
3.143	1.676e-01	-6.488	396	3.750	1.176
3.143	2.208e-01	-6.583	377	3.760	1.164
3.143	2.902e-01	-6.689	357	3.770	1.150
3.143	3.831e-01	-6.798	337	3.780	1.137
3.143	5.046e-01	-6.909	318	3.790	1.124
3.143	6.632e-01	-7.023	300	3.800	1.111
3.143	8.719e-01	-7.146	281	3.810	1.098
3.143	1.146e+00	-7.263	264	3.820	1.086
3.143	1.513e+00	-7.388	247	3.829	1.074
3.143	1.980e+00	-7.512	231	3.839	1.063
3.143	2.599e+00	-7.642	216	3.848	1.052
3.143	3.416e+00	-7.780	200	3.856	1.041
3.143	4.491e+00	-7.923	185	3.864	1.032
3.143	5.903e+00	-8.069	171	3.872	1.023
3.143	7.761e+00	-8.216	158	3.879	1.014
3.143	1.000e+01	-8.353	146	3.885	1.007
3.666	1.016e-04	-2.690	2361	3.119	2.627
3.666	1.336e-04	-2.810	2283	3.180	2.450
3.666	1.756e-04	-2.928	2202	3.237	2.295
3.666	2.308e-04	-3.050	2116	3.289	2.160
3.666	3.046e-04	-3.195	2002	3.338	2.043
3.666	4.013e-04	-3.375	1848	3.378	1.950
3.666	5.274e-04	-3.477	1781	3.416	1.867
3.666	6.975e-04	-3.601	1694	3.453	1.789
3.666	9.171e-04	-3.715	1619	3.488	1.718
3.666	1.201e-03	-3.874	1505	3.520	1.656
3.666	1.572e-03	-4.027	1400	3.548	1.604
3.666	2.075e-03	-4.165	1313	3.575	1.556
3.666	2.734e-03	-4.302	1230	3.599	1.512
3.666	3.593e-03	-4.439	1152	3.622	1.473
3.666	4.724e-03	-4.565	1085	3.643	1.437
3.666	6.208e-03	-4.711	1009	3.663	1.405
3.666	8.195e-03	-4.848	943	3.682	1.375
3.666	1.079e-02	-4.987	879	3.699	1.347
3.666	1.419e-02	-5.128	818	3.715	1.323
3.666	1.865e-02	-5.272	759	3.730	1.300
3.666	2.452e-02	-5.419	703	3.744	1.280
3.666	3.198e-02	-5.560	653	3.756	1.262
3.666	4.197e-02	-5.697	608	3.768	1.245
3.666	5.516e-02	-5.839	563	3.779	1.230
3.666	7.281e-02	-6.007	514	3.789	1.215
3.666	9.629e-02	-6.139	479	3.798	1.202
3.666	1.268e-01	-6.268	447	3.807	1.190
3.666	1.661e-01	-6.380	422	3.816	1.179
3.666	2.175e-01	-6.482	399	3.824	1.167
3.666	2.876e-01	-6.590	377	3.834	1.154
3.666	3.781e-01	-6.695	357	3.843	1.142
3.666	4.969e-01	-6.800	338	3.852	1.130
3.666	6.560e-01	-6.910	319	3.862	1.117
3.666	8.641e-01	-7.025	300	3.872	1.105
3.666	1.136e+00	-7.143	282	3.881	1.093
3.666	1.493e+00	-7.260	265	3.891	1.081
3.666	1.962e+00	-7.383	248	3.900	1.070
3.666	2.560e+00	-7.504	233	3.909	1.059
3.666	3.379e+00	-7.635	217	3.918	1.048
3.666	4.423e+00	-7.770	202	3.926	1.038
3.666	5.838e+00	-7.916	186	3.934	1.028
3.666	7.643e+00	-8.061	172	3.942	1.020
3.666	1.000e+01	-8.206	159	3.948	1.012
4.190	1.009e-04	-2.576	2445	3.124	2.792
4.190	1.321e-04	-2.677	2395	3.189	2.593
4.190	1.744e-04	-2.797	2317	3.252	2.412
4.190	2.297e-04	-2.919	2233	3.309	2.257
4.190	3.019e-04	-3.042	2145	3.363	2.122
4.190	3.985e-04	-3.179	2040	3.412	2.005
4.190	5.250e-04	-3.326	1921	3.456	1.907
4.190	6.943e-04	-3.462	1820	3.497	1.819
4.190	9.125e-04	-3.605	1712	3.533	1.745
4.190	1.200e-03	-3.738	1616	3.566	1.679
4.190	1.577e-03	-3.897	1501	3.597	1.621
4.190	2.073e-03	-4.037	1406	3.624	1.571
4.190	2.725e-03	-4.172	1320	3.649	1.526
4.190	3.582e-03	-4.313	1234	3.673	1.485
4.190	4.708e-03	-4.445	1158	3.695	1.448
4.190	6.190e-03	-4.579	1085	3.716	1.414
4.190	8.136e-03	-4.715	1015	3.735	1.383
4.190	1.074e-02	-4.855	946	3.753	1.353
4.190	1.406e-02	-4.997	880	3.770	1.328
4.190	1.856e-02	-5.143	817	3.786	1.304
4.190	2.429e-02	-5.287	758	3.800	1.283
4.190	3.188e-02	-5.432	702	3.813	1.264
4.190	4.175e-02	-5.572	652	3.825	1.247
4.190	5.466e-02	-5.713	605	3.836	1.231
4.190	7.215e-02	-5.853	562	3.846	1.216
4.190	9.429e-02	-6.013	515	3.856	1.203
4.190	1.245e-01	-6.148	479	3.865	1.191
4.190	1.639e-01	-6.274	448	3.873	1.179
4.190	2.155e-01	-6.388	421	3.882	1.168
4.190	2.844e-01	-6.499	397	3.890	1.156
4.190	3.723e-01	-6.603	376	3.899	1.145
4.190	4.887e-01	-6.706	356	3.908	1.133
4.190	6.423e-01	-6.811	337	3.917	1.121
4.190	8.445e-01	-6.919	318	3.926	1.110
4.190	1.110e+00	-7.031	300	3.935	1.098
4.190	1.465e+00	-7.149	282	3.945	1.086
4.190	1.918e+00	-7.266	265	3.954	1.075
4.190	2.532e+00	-7.392	248	3.963	1.063
4.190	3.314e+00	-7.511	233	3.972	1.053
4.190	4.375e+00	-7.642	217	3.981	1.042
4.190	5.762e+00	-7.780	201	3.989	1.032
4.190	7.574e+00	-7.927	186	3.997	1.023
4.190	9.878e+00	-8.070	172	4.004	1.014
4.714	1.028e-04	-2.502	2490	3.133	2.934
4.714	1.344e-04	-2.591	2458	3.199	2.719
4.714	1.767e-04	-2.691	2409	3.264	2.522
4.714	2.322e-04	-2.810	2330	3.326	2.349
4.714	3.065e-04	-2.934	2245	3.384	2.196
4.714	4.013e-04	-3.058	2154	3.437	2.067
4.714	5.297e-04	-3.187	2058	3.487	1.952
4.714	6.934e-04	-3.337	1936	3.530	1.856
4.714	9.171e-04	-3.493	1811	3.570	1.773
4.714	1.196e-03	-3.623	1713	3.604	1.705
4.714	1.579e-03	-3.770	1604	3.637	1.641
4.714	2.067e-03	-3.916	1499	3.665	1.589
4.714	2.713e-03	-4.051	1409	3.692	1.541
4.714	3.566e-03	-4.190	1319	3.717	1.497
4.714	4.707e-03	-4.334	1230	3.740	1.458
4.714	6.161e-03	-4.459	1159	3.761	1.423
4.714	8.148e-03	-4.602	1080	3.782	1.389
4.714	1.076e-02	-4.743	1007	3.801	1.359
4.714	1.408e-02	-4.883	938	3.818	1.332
4.714	1.859e-02	-5.028	871	3.835	1.307
4.714	2.433e-02	-5.172	809	3.849	1.285
4.714	3.212e-02	-5.322	748	3.863	1.265
4.714	4.197e-02	-5.464	694	3.875	1.247
4.714	5.474e-02	-5.600	646	3.887	1.231
4.714	7.226e-02	-5.745	598	3.898	1.216
4.714	9.460e-02	-5.908	548	3.908	1.202
4.714	1.251e-01	-6.046	508	3.917	1.189
4.714	1.651e-01	-6.182	472	3.926	1.177
4.714	2.158e-01	-6.301	443	3.934	1.166
4.714	2.837e-01	-6.417	417	3.942	1.155
4.714	3.729e-01	-6.532	392	3.950	1.145
4.714	4.932e-01	-6.635	371	3.959	1.133
4.714	6.510e-01	-6.738	351	3.968	1.122
4.714	8.575e-01	-6.844	332	3.977	1.110
4.714	1.123e+00	-6.950	314	3.985	1.099
4.714	1.470e+00	-7.060	296	3.994	1.088
4.714	1.940e+00	-7.178	279	4.004	1.076
4.714	2.540e+00	-7.297	262	4.013	1.065
4.714	3.353e+00	-7.420	245	4.022	1.054
4.714	4.390e+00	-7.540	230	4.030	1.044
4.714	5.761e+00	-7.671	214	4.039	1.034
4.714	7.572e+00	-7.811	198	4.047	1.024
4.714	9.956e+00	-7.958	183	4.054	1.015
5.238	1.016e-04	-2.427	2532	3.133	3.093
5.238	1.330e-04	-2.515	2503	3.200	2.862
5.238	1.739e-04	-2.605	2468	3.266	2.653
5.238	2.286e-04	-2.708	2414	3.331	2.461
5.238	2.993e-04	-2.821	2344	3.392	2.295
5.238	3.919e-04	-2.941	2259	3.448	2.150
5.238	5.143e-04	-3.066	2168	3.502	2.022
5.238	6.760e-04	-3.199	2065	3.551	1.910
5.238	8.887e-04	-3.357	1934	3.595	1.817
5.238	1.168e-03	-3.506	1815	3.633	1.739
5.238	1.533e-03	-3.640	1713	3.667	1.671
5.238	1.993e-03	-3.782	1607	3.697	1.614
5.238	2.610e-03	-3.920	1508	3.725	1.563
5.238	3.411e-03	-4.055	1417	3.752	1.517
5.238	4.502e-03	-4.207	1317	3.777	1.474
5.238	5.894e-03	-4.342	1234	3.799	1.437
5.238	7.779e-03	-4.474	1158	3.820	1.401
5.238	1.018e-02	-4.611	1082	3.840	1.370
5.238	1.337e-02	-4.750	1010	3.858	1.341
5.238	1.757e-02	-4.894	939	3.875	1.315
5.238	2.310e-02	-5.038	872	3.891	1.291
5.238	3.036e-02	-5.186	807	3.906	1.270
5.238	4.007e-02	-5.336	746	3.919	1.250
5.238	5.237e-02	-5.477	693	3.931	1.233
5.238	6.885e-02	-5.620	642	3.942	1.217
5.238	9.049e-02	-5.761	596	3.953	1.203
5.238	1.190e-01	-5.924	545	3.963	1.190
5.238	1.564e-01	-6.064	506	3.971	1.178
5.238	2.056e-01	-6.194	471	3.980	1.166
5.238	2.702e-01	-6.319	441	3.988	1.155
5.238	3.546e-01	-6.438	413	3.996	1.145
5.238	4.661e-01	-6.546	390	4.004	1.134
5.238	6.152e-01	-6.647	370	4.012	1.124
5.238	8.054e-01	-6.748	351	4.020	1.113
5.238	1.063e+00	-6.853	332	4.029	1.102
5.238	1.392e+00	-6.960	314	4.038	1.091
5.238	1.837e+00	-7.074	295	4.047	1.079
5.238	2.405e+00	-7.189	278	4.056	1.068
5.238	3.156e+00	-7.310	261	4.065	1.058
5.238	4.148e+00	-7.428	245	4.073	1.047
5.238	5.476e+00	-7.553	229	4.082	1.037
5.238	7.168e+00	-7.684	213	4.090	1.027
5.238	9.480e+00	-7.828	197	4.098	1.017
6.285	1.019e-04	-2.302	2607	3.138	3.367
6.285	1.329e-04	-2.390	2577	3.205	3.116
6.285	1.744e-04	-2.480	2545	3.274	2.880
6.285	2.284e-04	-2.569	2513	3.341	2.666
6.285	2.985e-04	-2.667	2465	3.405	2.475
6.285	3.893e-04	-2.767	2411	3.467	2.305
6.285	5.110e-04	-2.884	2334	3.527	2.151
6.285	6.758e-04	-3.011	2242	3.584	2.014
6.285	8.882e-04	-3.145	2138	3.635	1.899
6.285	1.168e-03	-3.296	2012	3.681	1.802
6.285	1.535e-03	-3.449	1885	3.721	1.721
6.285	2.014e-03	-3.586	1777	3.756	1.652
6.285	2.638e-03	-3.736	1661	3.788	1.593
6.285	3.429e-03	-3.868	1564	3.816	1.542
6.285	4.481e-03	-4.003	1470	3.843	1.495
6.285	5.892e-03	-4.151	1370	3.868	1.452
6.285	7.744e-03	-4.291	1281	3.891	1.415
6.285	1.016e-02	-4.424	1201	3.913	1.380
6.285	1.336e-02	-4.565	1120	3.933	1.348
6.285	1.742e-02	-4.704	1045	3.951	1.320
6.285	2.300e-02	-4.851	970	3.969	1.294
6.285	3.011e-02	-4.994	901	3.984	1.271
6.285	3.974e-02	-5.148	832	3.999	1.250
6.285	5.203e-02	-5.294	770	4.012	1.231
6.285	6.828e-02	-5.438	714	4.024	1.214
6.285	8.974e-02	-5.583	661	4.035	1.199
6.285	1.180e-01	-5.729	611	4.045	1.184
6.285	1.551e-01	-5.885	562	4.055	1.172
6.285	2.023e-01	-6.025	521	4.063	1.160
6.285	2.670e-01	-6.159	485	4.072	1.149
6.285	3.517e-01	-6.281	454	4.080	1.139
6.285	4.623e-01	-6.405	425	4.087	1.128
6.285	6.102e-01	-6.523	399	4.095	1.118
6.285	8.070e-01	-6.630	376	4.103	1.108
6.285	1.063e+00	-6.733	356	4.112	1.098
6.285	1.397e+00	-6.837	337	4.120	1.087
6.285	1.844e+00	-6.951	317	4.128	1.076
6.285	2.414e+00	-7.059	300	4.137	1.066
6.285	3.193e+00	-7.176	282	4.146	1.055
6.285	4.198e+00	-7.294	264	4.154	1.045
6.285	5.517e+00	-7.409	249	4.162	1.035
6.285	7.254e+00	-7.530	233	4.171	1.025
6.285	9.533e+00	-7.660	217	4.179	1.016
7.333	1.013e-04	-2.193	2675	3.140	3.628
7.333	1.321e-04	-2.282	2644	3.208	3.354
7.333	1.734e-04	-2.373	2611	3.277	3.097
7.333	2.271e-04	-2.463	2578	3.345	2.865
7.333	2.967e-04	-2.552	2544	3.411	2.655
7.333	3.870e-04	-2.646	2501	3.476	2.464
7.333	5.080e-04	-2.747	2447	3.539	2.291
7.333	6.676e-04	-2.857	2379	3.601	2.134
7.333	8.813e-04	-2.978	2295	3.659	1.996
7.333	1.166e-03	-3.117	2186	3.713	1.876
7.333	1.526e-03	-3.263	2063	3.759	1.779
7.333	2.014e-03	-3.420	1930	3.801	1.696
7.333	2.637e-03	-3.556	1823	3.837	1.627
7.333	3.460e-03	-3.717	1692	3.869	1.567
7.333	4.548e-03	-3.848	1597	3.899	1.515
7.333	5.932e-03	-3.981	1503	3.926	1.468
7.333	7.830e-03	-4.130	1400	3.952	1.425
7.333	1.031e-02	-4.272	1307	3.975	1.387
7.333	1.351e-02	-4.410	1223	3.997	1.353
7.333	1.768e-02	-4.552	1140	4.017	1.322
7.333	2.321e-02	-4.697	1060	4.035	1.294
7.333	3.050e-02	-4.842	984	4.052	1.269
7.333	3.979e-02	-4.987	913	4.067	1.247
7.333	5.222e-02	-5.137	845	4.081	1.227
7.333	6.863e-02	-5.293	778	4.094	1.209
7.333	9.059e-02	-5.434	722	4.106	1.193
7.333	1.186e-01	-5.578	669	4.117	1.178
7.333	1.565e-01	-5.737	614	4.127	1.164
7.333	2.062e-01	-5.880	568	4.137	1.152
7.333	2.710e-01	-6.027	525	4.145	1.141
7.333	3.577e-01	-6.158	489	4.153	1.130
7.333	4.713e-01	-6.284	457	4.161	1.120
7.333	6.194e-01	-6.408	427	4.169	1.110
7.333	8.176e-01	-6.533	399	4.177	1.100
7.333	1.077e+00	-6.639	378	4.184	1.091
7.333	1.415e+00	-6.740	358	4.192	1.081
7.333	1.872e+00	-6.848	338	4.200	1.071
7.333	2.461e+00	-6.962	318	4.208	1.061
7.333	3.235e+00	-7.070	300	4.216	1.051
7.333	4.270e+00	-7.186	282	4.225	1.041
7.333	5.580e+00	-7.297	266	4.233	1.031
7.333	7.365e+00	-7.412	250	4.241	1.021
7.333	9.642e+00	-7.531	235	4.249	1.012
8.381	1.008e-04	-2.097	2736	3.141	3.875
8.381	1.318e-04	-2.188	2703	3.211	3.575
8.381	1.719e-04	-2.278	2670	3.279	3.303
8.381	2.256e-04	-2.369	2636	3.348	3.052
8.381	2.965e-04	-2.460	2601	3.417	2.821
8.381	3.868e-04	-2.549	2566	3.482	2.616
8.381	5.077e-04	-2.645	2523	3.548	2.425
8.381	6.672e-04	-2.747	2468	3.612	2.253
8.381	8.772e-04	-2.853	2406	3.673	2.099
8.381	1.153e-03	-2.968	2329	3.732	1.962
8.381	1.522e-03	-3.108	2216	3.786	1.844
8.381	1.992e-03	-3.258	2088	3.833	1.747
8.381	2.615e-03	-3.407	1962	3.874	1.667
8.381	3.424e-03	-3.543	1853	3.911	1.597
8.381	4.483e-03	-3.710	1715	3.943	1.540
8.381	5.928e-03	-3.837	1622	3.973	1.486
8.381	7.794e-03	-3.976	1522	4.002	1.439
8.381	1.024e-02	-4.125	1418	4.027	1.396
8.381	1.352e-02	-4.268	1324	4.051	1.359
8.381	1.767e-02	-4.410	1235	4.072	1.326
8.381	2.323e-02	-4.555	1150	4.092	1.296
8.381	3.053e-02	-4.701	1068	4.111	1.269
8.381	3.983e-02	-4.845	992	4.127	1.245
8.381	5.257e-02	-4.998	916	4.142	1.223
8.381	6.882e-02	-5.149	847	4.156	1.204
8.381	9.102e-02	-5.304	780	4.169	1.187
8.381	1.204e-01	-5.451	722	4.180	1.171
8.381	1.589e-01	-5.601	666	4.191	1.156
8.381	2.093e-01	-5.752	614	4.201	1.143
8.381	2.751e-01	-5.902	566	4.210	1.132
8.381	3.631e-01	-6.048	523	4.218	1.121
8.381	4.753e-01	-6.168	490	4.226	1.111
8.381	6.239e-01	-6.299	457	4.234	1.101
8.381	8.200e-01	-6.442	423	4.241	1.092
8.381	1.082e+00	-6.555	398	4.249	1.082
8.381	1.426e+00	-6.657	376	4.256	1.073
8.381	1.874e+00	-6.757	357	4.264	1.064
8.381	2.464e+00	-6.868	337	4.271	1.054
8.381	3.238e+00	-6.976	318	4.279	1.045
8.381	4.274e+00	-7.086	299	4.287	1.035
8.381	5.595e+00	-7.198	282	4.295	1.026
8.381	7.344e+00	-7.308	266	4.303	1.017
8.381	9.652e+00	-7.423	250	4.311	1.007
9.428	1.008e-04	-2.012	2791	3.142	4.106
9.428	1.325e-04	-2.106	2757	3.215	3.774
9.428	1.728e-04	-2.197	2723	3.284	3.485
9.428	2.281e-04	-2.292	2687	3.355	3.211
9.428	2.981e-04	-2.382	2652	3.423	2.971
9.428	3.920e-04	-2.473	2616	3.491	2.748
9.428	5.133e-04	-2.563	2580	3.557	2.546
9.428	6.720e-04	-2.659	2534	3.622	2.363
9.428	8.820e-04	-2.761	2478	3.685	2.197
9.428	1.159e-03	-2.863	2422	3.746	2.048
9.428	1.512e-03	-2.978	2342	3.803	1.918
9.428	1.996e-03	-3.116	2231	3.857	1.802
9.428	2.613e-03	-3.274	2093	3.904	1.708
9.428	3.449e-03	-3.415	1976	3.945	1.628
9.428	4.561e-03	-3.588	1829	3.983	1.558
9.428	5.971e-03	-3.725	1721	4.014	1.503
9.428	7.837e-03	-3.847	1632	4.044	1.452
9.428	1.030e-02	-3.993	1524	4.072	1.406
9.428	1.360e-02	-4.144	1419	4.098	1.365
9.428	1.780e-02	-4.281	1328	4.121	1.329
9.428	2.336e-02	-4.427	1237	4.142	1.297
9.428	3.070e-02	-4.572	1150	4.162	1.268
9.428	4.036e-02	-4.720	1067	4.180	1.243
9.428	5.286e-02	-4.867	990	4.196	1.220
9.428	6.920e-02	-5.017	916	4.210	1.200
9.428	9.134e-02	-5.190	835	4.224	1.181
9.428	1.203e-01	-5.322	780	4.236	1.165
9.428	1.581e-01	-5.471	720	4.247	1.150
9.428	2.075e-01	-5.618	665	4.257	1.136
9.428	2.728e-01	-5.765	615	4.267	1.124
9.428	3.586e-01	-5.925	564	4.276	1.113
9.428	4.714e-01	-6.055	525	4.284	1.103
9.428	6.222e-01	-6.188	489	4.292	1.092
9.428	8.196e-01	-6.329	453	4.299	1.083
9.428	1.077e+00	-6.455	423	4.306	1.074
9.428	1.425e+00	-6.571	397	4.314	1.065
9.428	1.880e+00	-6.684	374	4.321	1.056
9.428	2.477e+00	-6.786	354	4.329	1.047
9.428	3.256e+00	-6.897	334	4.336	1.038
9.428	4.280e+00	-7.002	315	4.344	1.029
9.428	5.626e+00	-7.111	297	4.351	1.020
9.428	7.426e+00	-7.225	280	4.359	1.011
9.428	9.782e+00	-7.338	263	4.367	1.001
10.476	1.025e-04	-1.941	2839	3.146	4.304
10.476	1.347e-04	-2.037	2804	3.221	3.950
10.476	1.771e-04	-2.132	2768	3.293	3.634
10.476	2.309e-04	-2.223	2733	3.362	3.358
10.476	3.048e-04	-2.317	2696	3.432	3.097
10.476	3.991e-04	-2.408	2660	3.500	2.866
10.476	5.268e-04	-2.500	2623	3.568	2.649
10.476	6.896e-04	-2.590	2587	3.634	2.456
10.476	9.051e-04	-2.690	2535	3.699	2.279
10.476	1.185e-03	-2.791	2478	3.761	2.123
10.476	1.552e-03	-2.890	2423	3.820	1.981
10.476	2.036e-03	-3.011	2336	3.878	1.855
10.476	2.676e-03	-3.152	2220	3.930	1.746
10.476	3.491e-03	-3.311	2079	3.974	1.659
10.476	4.608e-03	-3.443	1972	4.016	1.582
10.476	6.070e-03	-3.623	1816	4.052	1.518
10.476	8.028e-03	-3.752	1717	4.084	1.463
10.476	1.055e-02	-3.881	1622	4.113	1.414
10.476	1.393e-02	-4.033	1509	4.140	1.371
10.476	1.835e-02	-4.172	1413	4.165	1.333
10.476	2.411e-02	-4.312	1320	4.187	1.299
10.476	3.183e-02	-4.456	1230	4.208	1.269
10.476	4.159e-02	-4.595	1147	4.226	1.242
10.476	5.468e-02	-4.740	1065	4.243	1.218
10.476	7.187e-02	-4.887	988	4.258	1.197
10.476	9.433e-02	-5.036	914	4.272	1.178
10.476	1.240e-01	-5.194	841	4.285	1.161
10.476	1.640e-01	-5.337	779	4.296	1.145
10.476	2.168e-01	-5.488	719	4.307	1.131
10.476	2.851e-01	-5.633	665	4.317	1.118
10.476	3.747e-01	-5.780	614	4.326	1.107
10.476	4.926e-01	-5.930	566	4.335	1.096
10.476	6.451e-01	-6.056	529	4.343	1.086
10.476	8.498e-01	-6.193	491	4.350	1.076
10.476	1.117e+00	-6.341	453	4.358	1.067
10.476	1.477e+00	-6.461	425	4.365	1.058
10.476	1.950e+00	-6.596	395	4.373	1.049
10.476	2.568e+00	-6.707	372	4.380	1.040
10.476	3.376e+00	-6.816	351	4.388	1.031
10.476	4.456e+00	-6.928	330	4.395	1.022
10.476	5.833e+00	-7.037	311	4.403	1.013
10.476	7.700e+00	-7.152	293	4.411	1.004
10.476	1.000e+01	-7.259	276	4.419	0.995
11.523	1.029e-04	-1.868	2887	3.144	4.525
11.523	1.352e-04	-1.967	2851	3.221	4.145
11.523	1.785e-04	-2.065	2813	3.296	3.800
11.523	2.333e-04	-2.158	2776	3.366	3.505
11.523	3.043e-04	-2.249	2740	3.435	3.239
11.523	3.962e-04	-2.339	2705	3.501	3.000
11.523	5.230e-04	-2.432	2667	3.571	2.771
11.523	6.846e-04	-2.522	2631	3.637	2.567
11.523	8.914e-04	-2.611	2595	3.701	2.384
11.523	1.177e-03	-2.715	2537	3.767	2.211
11.523	1.538e-03	-2.815	2481	3.827	2.061
11.523	2.022e-03	-2.918	2420	3.888	1.923
11.523	2.657e-03	-3.040	2332	3.945	1.801
11.523	3.507e-03	-3.191	2203	3.997	1.696
11.523	4.639e-03	-3.342	2072	4.041	1.612
11.523	6.110e-03	-3.474	1964	4.081	1.540
11.523	8.031e-03	-3.637	1822	4.114	1.482
11.523	1.062e-02	-3.764	1723	4.144	1.432
11.523	1.396e-02	-3.887	1631	4.171	1.388
11.523	1.835e-02	-4.020	1532	4.194	1.351
11.523	2.422e-02	-4.140	1447	4.216	1.318
11.523	3.171e-02	-4.258	1367	4.235	1.289
11.523	4.162e-02	-4.377	1289	4.253	1.263
11.523	5.470e-02	-4.496	1216	4.269	1.240
11.523	7.192e-02	-4.617	1143	4.284	1.218
11.523	9.453e-02	-4.740	1074	4.298	1.199
11.523	1.248e-01	-4.868	1005	4.311	1.181
11.523	1.633e-01	-4.995	941	4.323	1.165
11.523	2.156e-01	-5.136	873	4.334	1.150
11.523	2.818e-01	-5.258	819	4.345	1.136
11.523	3.719e-01	-5.402	758	4.355	1.123
11.523	4.869e-01	-5.537	705	4.365	1.111
11.523	6.427e-01	-5.680	653	4.374	1.099
11.523	8.466e-01	-5.833	601	4.383	1.087
11.523	1.113e+00	-5.973	557	4.391	1.077
11.523	1.469e+00	-6.120	515	4.400	1.067
11.523	1.935e+00	-6.285	470	4.408	1.057
11.523	2.559e+00	-6.419	437	4.416	1.047
11.523	3.384e+00	-6.591	398	4.425	1.036
11.523	4.475e+00	-6.726	370	4.434	1.026
11.523	5.919e+00	-6.865	344	4.443	1.015
11.523	7.827e+00	-7.005	319	4.453	1.003
11.523	1.000e+01	-7.123	299	4.461	0.994
12.047	1.001e-04	-1.828	2907	3.135	4.678
12.047	1.305e-04	-1.921	2878	3.210	4.288
12.047	1.723e-04	-2.021	2839	3.287	3.928
12.047	2.255e-04	-2.115	2802	3.358	3.616
12.047	2.960e-04	-2.209	2765	3.429	3.335
12.047	3.876e-04	-2.301	2728	3.498	3.081
12.047	5.066e-04	-2.391	2692	3.565	2.852
12.047	6.660e-04	-2.483	2655	3.632	2.638
12.047	8.722e-04	-2.573	2618	3.698	2.446
12.047	1.140e-03	-2.669	2571	3.762	2.271
12.047	1.499e-03	-2.771	2513	3.826	2.112
12.047	1.970e-03	-2.872	2456	3.887	1.969
12.047	2.569e-03	-2.976	2390	3.944	1.844
12.047	3.397e-03	-3.113	2281	3.999	1.730
12.047	4.493e-03	-3.275	2136	4.046	1.638
12.047	5.931e-03	-3.403	2031	4.087	1.563
12.047	7.813e-03	-3.558	1895	4.122	1.501
12.047	1.027e-02	-3.679	1797	4.151	1.453
12.047	1.355e-02	-3.788	1713	4.176	1.410
12.047	1.774e-02	-3.895	1631	4.198	1.375
12.047	2.342e-02	-4.005	1549	4.218	1.344
12.047	3.085e-02	-4.099	1481	4.235	1.318
12.047	4.055e-02	-4.188	1421	4.251	1.294
12.047	5.352e-02	-4.287	1353	4.266	1.272
12.047	7.007e-02	-4.379	1293	4.279	1.253
12.047	9.196e-02	-4.477	1232	4.293	1.233
12.047	1.209e-01	-4.586	1166	4.306	1.214
12.047	1.589e-01	-4.707	1096	4.320	1.195
12.047	2.089e-01	-4.843	1023	4.335	1.176
12.047	2.762e-01	-4.996	944	4.349	1.156
12.047	3.653e-01	-5.158	866	4.362	1.138
12.047	4.831e-01	-5.335	788	4.376	1.121
12.047	6.352e-01	-5.504	721	4.388	1.106
12.047	8.348e-01	-5.676	657	4.399	1.091
12.047	1.102e+00	-5.859	595	4.410	1.078
12.047	1.452e+00	-6.024	544	4.419	1.066
12.047	1.920e+00	-6.208	492	4.429	1.054
12.047	2.539e+00	-6.365	452	4.438	1.044
12.047	3.357e+00	-6.541	410	4.447	1.033
12.047	4.440e+00	-6.691	378	4.456	1.022
12.047	5.872e+00	-6.827	352	4.465	1.011
12.047	7.718e+00	-6.962	327	4.475	1.000
12.047	1.000e+01	-7.087	306	4.483	0.991
12.571	1.008e-04	-1.806	2914	3.136	4.775
12.571	1.320e-04	-1.893	2898	3.213	4.367
12.571	1.728e-04	-1.990	2860	3.288	4.008
12.571	2.281e-04	-2.089	2821	3.362	3.678
12.571	2.986e-04	-2.182	2784	3.432	3.393
12.571	3.889e-04	-2.272	2748	3.500	3.138
12.571	5.133e-04	-2.366	2710	3.570	2.896
12.571	6.720e-04	-2.457	2673	3.637	2.682
12.571	8.749e-04	-2.545	2637	3.701	2.489
12.571	1.137e-03	-2.634	2598	3.765	2.314
12.571	1.493e-03	-2.737	2540	3.828	2.151
12.571	1.941e-03	-2.834	2485	3.887	2.009
12.571	2.541e-03	-2.935	2425	3.946	1.878
12.571	3.327e-03	-3.053	2340	4.001	1.763
12.571	4.400e-03	-3.201	2210	4.051	1.664
12.571	5.808e-03	-3.337	2093	4.092	1.587
12.571	7.603e-03	-3.452	1998	4.126	1.526
12.571	1.004e-02	-3.584	1883	4.154	1.477
12.571	1.327e-02	-3.683	1802	4.177	1.439
12.571	1.738e-02	-3.762	1740	4.196	1.409
12.571	2.262e-02	-3.831	1687	4.212	1.384
12.571	2.986e-02	-3.909	1627	4.226	1.360
12.571	3.934e-02	-3.984	1570	4.240	1.339
12.571	5.170e-02	-4.060	1515	4.254	1.318
12.571	6.825e-02	-4.150	1452	4.270	1.294
12.571	9.026e-02	-4.272	1368	4.289	1.266
12.571	1.189e-01	-4.415	1275	4.309	1.236
12.571	1.572e-01	-4.590	1168	4.332	1.204
12.571	2.079e-01	-4.789	1055	4.354	1.174
12.571	2.733e-01	-4.999	946	4.374	1.148
12.571	3.614e-01	-5.206	848	4.391	1.125
12.571	4.771e-01	-5.419	756	4.406	1.106
12.571	6.246e-01	-5.607	684	4.419	1.090
12.571	8.244e-01	-5.799	617	4.430	1.075
12.571	1.079e+00	-5.969	562	4.441	1.063
12.571	1.427e+00	-6.141	512	4.450	1.051
12.571	1.884e+00	-6.312	466	4.459	1.041
12.571	2.482e+00	-6.462	430	4.467	1.031
12.571	3.282e+00	-6.627	393	4.475	1.021
12.571	4.314e+00	-6.736	370	4.483	1.012
12.571	5.705e+00	-6.853	348	4.491	1.003
12.571	7.441e+00	-6.969	327	4.499	0.994
12.571	9.822e+00	-7.087	307	4.507	0.985
13.095	1.033e-04	-1.790	2920	3.141	4.841
13.095	1.358e-04	-1.872	2915	3.220	4.422
13.095	1.792e-04	-1.973	2875	3.297	4.045
13.095	2.346e-04	-2.069	2837	3.370	3.720
13.095	3.079e-04	-2.164	2799	3.441	3.427
13.095	4.032e-04	-2.256	2762	3.511	3.164
13.095	5.279e-04	-2.347	2725	3.579	2.926
13.095	6.928e-04	-2.439	2688	3.646	2.707
13.095	9.106e-04	-2.530	2650	3.713	2.506
13.095	1.188e-03	-2.619	2613	3.778	2.327
13.095	1.568e-03	-2.724	2555	3.843	2.159
13.095	2.052e-03	-2.824	2498	3.904	2.013
13.095	2.694e-03	-2.923	2440	3.962	1.881
13.095	3.540e-03	-3.035	2362	4.018	1.765
13.095	4.682e-03	-3.171	2246	4.067	1.668
13.095	6.156e-03	-3.300	2133	4.105	1.597
13.095	8.090e-03	-3.398	2051	4.135	1.542
13.095	1.064e-02	-3.488	1975	4.159	1.499
13.095	1.407e-02	-3.574	1899	4.177	1.468
13.095	1.849e-02	-3.636	1847	4.191	1.445
13.095	2.441e-02	-3.694	1799	4.204	1.424
13.095	3.195e-02	-3.754	1753	4.218	1.401
13.095	4.244e-02	-3.836	1690	4.237	1.371
13.095	5.624e-02	-3.963	1592	4.260	1.335
13.095	7.485e-02	-4.115	1482	4.288	1.293
13.095	9.860e-02	-4.310	1348	4.319	1.248
13.095	1.304e-01	-4.533	1207	4.349	1.205
13.095	1.714e-01	-4.765	1072	4.376	1.169
13.095	2.249e-01	-4.997	950	4.397	1.140
13.095	2.956e-01	-5.211	849	4.415	1.117
13.095	3.902e-01	-5.423	757	4.430	1.098
13.095	5.109e-01	-5.606	686	4.442	1.082
13.095	6.743e-01	-5.790	622	4.454	1.069
13.095	8.828e-01	-5.953	569	4.463	1.057
13.095	1.165e+00	-6.113	522	4.472	1.046
13.095	1.535e+00	-6.276	477	4.480	1.036
13.095	2.030e+00	-6.406	445	4.488	1.027
13.095	2.668e+00	-6.575	405	4.495	1.019
13.095	3.522e+00	-6.681	383	4.502	1.011
13.095	4.639e+00	-6.781	363	4.509	1.002
13.095	6.097e+00	-6.889	342	4.516	0.994
13.095	8.048e+00	-7.002	322	4.524	0.985
13.618	1.040e-04	-1.770	2927	3.142	4.930
13.618	1.368e-04	-1.847	2929	3.221	4.505
13.618	1.798e-04	-1.945	2894	3.298	4.122
13.618	2.373e-04	-2.045	2855	3.374	3.778
13.618	3.101e-04	-2.138	2817	3.444	3.483
13.618	4.045e-04	-2.230	2780	3.513	3.219
13.618	5.309e-04	-2.322	2743	3.582	2.974
13.618	6.953e-04	-2.413	2706	3.649	2.752
13.618	9.038e-04	-2.501	2670	3.714	2.555
13.618	1.181e-03	-2.590	2633	3.779	2.370
13.618	1.541e-03	-2.686	2583	3.842	2.204
13.618	2.034e-03	-2.790	2524	3.905	2.049
13.618	2.662e-03	-2.887	2469	3.963	1.916
13.618	3.466e-03	-2.980	2413	4.017	1.802
13.618	4.576e-03	-3.099	2318	4.066	1.703
13.618	5.990e-03	-3.215	2215	4.103	1.632
13.618	7.907e-03	-3.306	2136	4.131	1.581
13.618	1.035e-02	-3.370	2082	4.150	1.545
13.618	1.359e-02	-3.424	2037	4.166	1.517
13.618	1.786e-02	-3.477	1992	4.181	1.492
13.618	2.357e-02	-3.547	1930	4.196	1.466
13.618	3.105e-02	-3.634	1856	4.215	1.434
13.618	4.080e-02	-3.749	1764	4.241	1.392
13.618	5.386e-02	-3.924	1628	4.277	1.336
13.618	7.095e-02	-4.136	1473	4.315	1.278
13.618	9.383e-02	-4.386	1303	4.353	1.223
13.618	1.233e-01	-4.627	1155	4.384	1.181
13.618	1.621e-01	-4.859	1025	4.408	1.148
13.618	2.131e-01	-5.076	914	4.427	1.123
13.618	2.813e-01	-5.288	817	4.443	1.103
13.618	3.705e-01	-5.468	742	4.456	1.087
13.618	4.870e-01	-5.638	677	4.467	1.073
13.618	6.403e-01	-5.803	619	4.477	1.061
13.618	8.415e-01	-5.957	570	4.486	1.050
13.618	1.106e+00	-6.105	526	4.494	1.040
13.618	1.454e+00	-6.259	483	4.502	1.031
13.618	1.923e+00	-6.380	453	4.509	1.022
13.618	2.538e+00	-6.544	413	4.516	1.014
13.618	3.323e+00	-6.650	390	4.523	1.006
13.618	4.395e+00	-6.749	370	4.530	0.998
13.618	5.778e+00	-6.854	350	4.537	0.990
13.618	7.594e+00	-6.965	330	4.544	0.982
13.618	9.906e+00	-7.068	312	4.551	0.974
14.142	1.041e-04	-1.750	2933	3.142	5.026
14.142	1.356e-04	-1.823	2936	3.217	4.610
14.142	1.790e-04	-1.915	2914	3.296	4.208
14.142	2.358e-04	-2.015	2875	3.372	3.857
14.142	3.087e-04	-2.110	2836	3.444	3.551
14.142	4.035e-04	-2.202	2799	3.513	3.278
14.142	5.263e-04	-2.293	2762	3.581	3.032
14.142	6.907e-04	-2.385	2725	3.649	2.804
14.142	9.078e-04	-2.477	2687	3.717	2.594
14.142	1.194e-03	-2.568	2649	3.783	2.403
14.142	1.563e-03	-2.662	2605	3.848	2.231
14.142	2.046e-03	-2.762	2547	3.909	2.078
14.142	2.701e-03	-2.861	2490	3.969	1.940
14.142	3.530e-03	-2.950	2439	4.022	1.825
14.142	4.641e-03	-3.049	2365	4.068	1.731
14.142	6.099e-03	-3.138	2292	4.102	1.664
14.142	8.051e-03	-3.215	2224	4.126	1.620
14.142	1.054e-02	-3.268	2176	4.142	1.590
14.142	1.383e-02	-3.313	2138	4.156	1.565
14.142	1.818e-02	-3.367	2092	4.173	1.535
14.142	2.371e-02	-3.444	2027	4.195	1.496
14.142	3.150e-02	-3.587	1903	4.228	1.440
14.142	4.174e-02	-3.778	1748	4.271	1.370
14.142	5.464e-02	-4.021	1561	4.317	1.299
14.142	7.172e-02	-4.270	1385	4.359	1.238
14.142	9.426e-02	-4.506	1232	4.392	1.193
14.142	1.244e-01	-4.728	1101	4.417	1.158
14.142	1.626e-01	-4.927	992	4.437	1.132
14.142	2.146e-01	-5.119	897	4.453	1.111
14.142	2.827e-01	-5.314	808	4.467	1.093
14.142	3.716e-01	-5.478	740	4.479	1.079
14.142	4.905e-01	-5.640	679	4.489	1.066
14.142	6.421e-01	-5.794	625	4.499	1.054
14.142	8.476e-01	-5.945	575	4.508	1.044
14.142	1.110e+00	-6.086	533	4.515	1.034
14.142	1.456e+00	-6.237	491	4.523	1.026
14.142	1.914e+00	-6.353	461	4.530	1.017
14.142	2.526e+00	-6.513	422	4.537	1.009
14.142	3.328e+00	-6.627	397	4.543	1.002
14.142	4.374e+00	-6.723	377	4.550	0.994
14.142	5.741e+00	-6.828	356	4.557	0.986
14.142	7.545e+00	-6.940	335	4.564	0.978
14.142	9.920e+00	-7.045	317	4.571	0.970
14.666	1.009e-04	-1.721	2938	3.132	5.176
14.666	1.326e-04	-1.797	2942	3.210	4.735
14.666	1.744e-04	-1.878	2937	3.288	4.326
14.666	2.283e-04	-1.976	2898	3.363	3.968
14.666	2.989e-04	-2.072	2859	3.436	3.649
14.666	3.946e-04	-2.169	2820	3.509	3.356
14.666	5.165e-04	-2.261	2782	3.578	3.100
14.666	6.725e-04	-2.351	2746	3.644	2.872
14.666	8.878e-04	-2.444	2707	3.713	2.653
14.666	1.160e-03	-2.534	2670	3.778	2.460
14.666	1.513e-03	-2.622	2633	3.842	2.286
14.666	1.997e-03	-2.724	2576	3.907	2.123
14.666	2.615e-03	-2.820	2520	3.965	1.986
14.666	3.432e-03	-2.908	2470	4.017	1.869
14.666	4.511e-03	-2.984	2423	4.061	1.777
14.666	5.930e-03	-3.058	2366	4.093	1.714
14.666	7.794e-03	-3.110	2325	4.114	1.672
14.666	1.025e-02	-3.156	2284	4.130	1.642
14.666	1.342e-02	-3.207	2238	4.146	1.612
14.666	1.768e-02	-3.279	2175	4.167	1.572
14.666	2.323e-02	-3.387	2082	4.200	1.514
14.666	3.073e-02	-3.584	1914	4.250	1.430
14.666	4.056e-02	-3.837	1708	4.305	1.341
14.666	5.343e-02	-4.098	1510	4.353	1.269
14.666	7.022e-02	-4.329	1351	4.389	1.217
14.666	9.159e-02	-4.530	1221	4.417	1.180
14.666	1.209e-01	-4.730	1103	4.439	1.150
14.666	1.580e-01	-4.913	1003	4.457	1.126
14.666	2.085e-01	-5.094	912	4.473	1.106
14.666	2.747e-01	-5.283	824	4.486	1.089
14.666	3.633e-01	-5.445	756	4.498	1.075
14.666	4.775e-01	-5.600	696	4.508	1.062
14.666	6.278e-01	-5.753	641	4.518	1.050
14.666	8.251e-01	-5.902	591	4.526	1.040
14.666	1.076e+00	-6.041	548	4.534	1.031
14.666	1.421e+00	-6.198	503	4.542	1.022
14.666	1.879e+00	-6.317	471	4.549	1.013
14.666	2.475e+00	-6.467	434	4.556	1.005
14.666	3.253e+00	-6.594	405	4.562	0.998
14.666	4.302e+00	-6.691	384	4.569	0.990
14.666	5.678e+00	-6.799	363	4.576	0.982
14.666	7.433e+00	-6.909	342	4.583	0.975
14.666	9.812e+00	-7.018	322	4.590	0.967
15.190	1.002e-04	-1.700	2944	3.130	5.282
15.190	1.312e-04	-1.774	2947	3.206	4.840
15.190	1.718e-04	-1.850	2949	3.283	4.430
15.190	2.254e-04	-1.946	2917	3.360	4.055
15.190	2.963e-04	-2.044	2878	3.434	3.722
15.190	3.865e-04	-2.137	2840	3.504	3.433
15.190	5.101e-04	-2.232	2801	3.576	3.162
15.190	6.667e-04	-2.323	2764	3.644	2.925
15.190	8.696e-04	-2.413	2727	3.710	2.710
15.190	1.130e-03	-2.501	2690	3.774	2.517
15.190	1.472e-03	-2.588	2654	3.838	2.339
15.190	1.932e-03	-2.683	2606	3.901	2.174
15.190	2.539e-03	-2.780	2550	3.960	2.031
15.190	3.312e-03	-2.863	2502	4.010	1.918
15.190	4.372e-03	-2.932	2462	4.051	1.829
15.190	5.723e-03	-2.983	2431	4.080	1.770
15.190	7.554e-03	-3.026	2398	4.100	1.730
15.190	9.889e-03	-3.063	2369	4.116	1.698
15.190	1.298e-02	-3.113	2329	4.136	1.658
15.190	1.706e-02	-3.204	2249	4.166	1.602
15.190	2.256e-02	-3.361	2112	4.214	1.517
15.190	2.978e-02	-3.623	1886	4.279	1.407
15.190	3.923e-02	-3.889	1673	4.336	1.317
15.190	5.156e-02	-4.116	1503	4.378	1.255
15.190	6.805e-02	-4.327	1356	4.411	1.209
15.190	8.909e-02	-4.515	1235	4.436	1.175
15.190	1.176e-01	-4.703	1122	4.457	1.146
15.190	1.537e-01	-4.879	1024	4.475	1.123
15.190	2.021e-01	-5.052	936	4.490	1.103
15.190	2.656e-01	-5.238	847	4.504	1.086
15.190	3.512e-01	-5.398	778	4.516	1.072
15.190	4.636e-01	-5.554	715	4.526	1.059
15.190	6.069e-01	-5.703	660	4.536	1.047
15.190	7.965e-01	-5.852	609	4.544	1.037
15.190	1.047e+00	-5.995	563	4.552	1.027
15.190	1.365e+00	-6.151	517	4.560	1.019
15.190	1.806e+00	-6.271	485	4.567	1.010
15.190	2.384e+00	-6.411	449	4.574	1.002
15.190	3.140e+00	-6.555	415	4.580	0.994
15.190	4.127e+00	-6.651	394	4.587	0.987
15.190	5.447e+00	-6.757	372	4.594	0.979
15.190	7.131e+00	-6.869	350	4.600	0.972
15.190	9.413e+00	-6.981	330	4.607	0.964
15.713	1.020e-04	-1.687	2949	3.135	5.343
15.713	1.347e-04	-1.763	2953	3.213	4.884
15.713	1.760e-04	-1.838	2955	3.289	4.475
15.713	2.314e-04	-1.930	2931	3.367	4.092
15.713	3.041e-04	-2.028	2891	3.441	3.754
15.713	3.991e-04	-2.124	2852	3.513	3.455
15.713	5.188e-04	-2.214	2815	3.581	3.196
15.713	6.794e-04	-2.306	2778	3.650	2.953
15.713	8.879e-04	-2.397	2740	3.716	2.735
15.713	1.158e-03	-2.485	2703	3.782	2.537
15.713	1.520e-03	-2.575	2666	3.847	2.353
15.713	1.990e-03	-2.666	2622	3.910	2.190
15.713	2.606e-03	-2.758	2569	3.966	2.052
15.713	3.420e-03	-2.836	2524	4.013	1.944
15.713	4.495e-03	-2.894	2491	4.048	1.868
15.713	5.863e-03	-2.931	2469	4.070	1.821
15.713	7.695e-03	-2.961	2452	4.087	1.785
15.713	1.000e-02	-2.995	2428	4.105	1.748
15.713	1.310e-02	-3.054	2383	4.131	1.696
15.713	1.712e-02	-3.165	2292	4.174	1.615
15.713	2.260e-02	-3.389	2095	4.243	1.492
15.713	2.958e-02	-3.679	1845	4.312	1.378
15.713	3.905e-02	-3.919	1654	4.363	1.300
15.713	5.144e-02	-4.123	1504	4.400	1.245
15.713	6.760e-02	-4.317	1368	4.430	1.203
15.713	8.888e-02	-4.498	1250	4.454	1.170
15.713	1.168e-01	-4.676	1142	4.475	1.142
15.713	1.536e-01	-4.853	1042	4.493	1.119
15.713	2.019e-01	-5.022	953	4.508	1.099
15.713	2.633e-01	-5.200	867	4.521	1.083
15.713	3.456e-01	-5.357	798	4.533	1.068
15.713	4.542e-01	-5.511	734	4.544	1.055
15.713	5.995e-01	-5.664	676	4.553	1.044
15.713	7.897e-01	-5.815	623	4.562	1.033
15.713	1.038e+00	-5.959	576	4.570	1.023
15.713	1.354e+00	-6.112	530	4.578	1.014
15.713	1.790e+00	-6.239	495	4.585	1.006
15.713	2.363e+00	-6.372	460	4.592	0.998
15.713	3.126e+00	-6.526	423	4.599	0.990
15.713	4.117e+00	-6.625	401	4.605	0.983
15.713	5.411e+00	-6.730	379	4.612	0.976
15.713	7.143e+00	-6.846	356	4.619	0.968
15.713	9.350e+00	-6.958	335	4.625	0.961
16.237	1.022e-04	-1.670	2955	3.135	5.429
16.237	1.333e-04	-1.742	2958	3.209	4.985
16.237	1.750e-04	-1.818	2961	3.286	4.562
16.237	2.299e-04	-1.902	2949	3.364	4.170
16.237	2.999e-04	-1.999	2910	3.438	3.833
16.237	3.937e-04	-2.096	2870	3.511	3.524
16.237	5.174e-04	-2.190	2832	3.582	3.247
16.237	6.748e-04	-2.281	2795	3.649	3.003
16.237	8.857e-04	-2.373	2756	3.717	2.777
16.237	1.160e-03	-2.463	2719	3.784	2.573
16.237	1.516e-03	-2.551	2683	3.848	2.389
16.237	1.993e-03	-2.639	2645	3.911	2.222
16.237	2.610e-03	-2.728	2593	3.966	2.086
16.237	3.416e-03	-2.799	2551	4.009	1.985
16.237	4.484e-03	-2.848	2523	4.039	1.918
16.237	5.893e-03	-2.880	2505	4.058	1.876
16.237	7.687e-03	-2.907	2489	4.074	1.842
16.237	1.015e-02	-2.944	2467	4.096	1.796
16.237	1.337e-02	-3.014	2421	4.132	1.722
16.237	1.757e-02	-3.172	2293	4.197	1.599
16.237	2.310e-02	-3.452	2049	4.281	1.451
16.237	3.036e-02	-3.721	1818	4.342	1.353
16.237	4.007e-02	-3.941	1644	4.387	1.285
16.237	5.245e-02	-4.127	1505	4.421	1.236
16.237	6.937e-02	-4.315	1373	4.449	1.196
16.237	9.121e-02	-4.491	1258	4.473	1.163
16.237	1.199e-01	-4.665	1152	4.494	1.136
16.237	1.576e-01	-4.840	1052	4.512	1.113
16.237	2.071e-01	-5.007	964	4.527	1.094
16.237	2.702e-01	-5.181	879	4.540	1.077
16.237	3.546e-01	-5.339	808	4.551	1.063
16.237	4.661e-01	-5.494	743	4.562	1.050
16.237	6.117e-01	-5.643	686	4.572	1.039
16.237	8.040e-01	-5.793	633	4.581	1.028
16.237	1.057e+00	-5.937	585	4.589	1.018
16.237	1.389e+00	-6.092	538	4.596	1.009
16.237	1.834e+00	-6.222	501	4.604	1.001
16.237	2.416e+00	-6.352	467	4.611	0.993
16.237	3.175e+00	-6.504	429	4.617	0.986
16.237	4.191e+00	-6.607	406	4.624	0.978
16.237	5.477e+00	-6.711	384	4.630	0.971
16.237	7.200e+00	-6.827	360	4.637	0.964
16.237	9.463e+00	-6.943	338	4.643	0.957
16.761	1.030e-04	-1.655	2960	3.137	5.502
16.761	1.360e-04	-1.730	2964	3.214	5.034
16.761	1.777e-04	-1.805	2966	3.290	4.616
16.761	2.337e-04	-1.884	2964	3.368	4.219
16.761	3.071e-04	-1.984	2923	3.444	3.865
16.761	4.006e-04	-2.079	2884	3.516	3.559
16.761	5.258e-04	-2.173	2846	3.587	3.279
16.761	6.911e-04	-2.267	2807	3.657	3.026
16.761	9.014e-04	-2.357	2769	3.723	2.802
16.761	1.174e-03	-2.445	2733	3.788	2.601
16.761	1.526e-03	-2.531	2697	3.851	2.419
16.761	2.014e-03	-2.617	2661	3.914	2.250
16.761	2.632e-03	-2.699	2616	3.966	2.118
16.761	3.433e-03	-2.762	2579	4.005	2.027
16.761	4.506e-03	-2.803	2555	4.030	1.969
16.761	5.922e-03	-2.831	2539	4.047	1.931
16.761	7.724e-03	-2.859	2523	4.063	1.895
16.761	1.014e-02	-2.901	2499	4.088	1.841
16.761	1.332e-02	-2.981	2451	4.134	1.746
16.761	1.759e-02	-3.189	2285	4.222	1.578
16.761	2.317e-02	-3.475	2036	4.306	1.432
16.761	3.045e-02	-3.721	1824	4.362	1.343
16.761	3.972e-02	-3.921	1664	4.403	1.282
16.761	5.243e-02	-4.106	1526	4.437	1.233
16.761	6.863e-02	-4.284	1399	4.464	1.194
16.761	9.059e-02	-4.458	1284	4.489	1.161
16.761	1.184e-01	-4.627	1179	4.509	1.134
16.761	1.557e-01	-4.800	1078	4.527	1.111
16.761	2.046e-01	-4.967	988	4.543	1.091
16.761	2.690e-01	-5.140	901	4.556	1.074
16.761	3.535e-01	-5.304	826	4.568	1.059
16.761	4.675e-01	-5.464	758	4.579	1.046
16.761	6.147e-01	-5.614	699	4.589	1.035
16.761	8.079e-01	-5.763	645	4.598	1.024
16.761	1.054e+00	-5.904	598	4.606	1.014
16.761	1.391e+00	-6.055	550	4.614	1.005
16.761	1.832e+00	-6.194	510	4.621	0.997
16.761	2.408e+00	-6.319	477	4.628	0.989
16.761	3.185e+00	-6.476	437	4.635	0.981
16.761	4.204e+00	-6.585	412	4.641	0.974
16.761	5.538e+00	-6.691	389	4.648	0.967
16.761	7.278e+00	-6.808	365	4.654	0.960
16.761	9.493e+00	-6.923	343	4.660	0.953
17.285	1.011e-04	-1.634	2965	3.132	5.621
17.285	1.329e-04	-1.708	2968	3.208	5.152
17.285	1.741e-04	-1.782	2971	3.284	4.722
17.285	2.279e-04	-1.857	2973	3.360	4.324
17.285	3.008e-04	-1.954	2942	3.438	3.951
17.285	3.963e-04	-2.053	2901	3.513	3.625
17.285	5.208e-04	-2.148	2862	3.585	3.336
17.285	6.848e-04	-2.242	2824	3.656	3.077
17.285	9.000e-04	-2.335	2785	3.724	2.843
17.285	1.174e-03	-2.424	2748	3.790	2.636
17.285	1.541e-03	-2.512	2711	3.855	2.447
17.285	2.018e-03	-2.594	2677	3.914	2.284
17.285	2.637e-03	-2.668	2640	3.964	2.156
17.285	3.439e-03	-2.724	2607	3.999	2.072
17.285	4.540e-03	-2.759	2587	4.021	2.021
17.285	5.933e-03	-2.785	2572	4.036	1.986
17.285	7.738e-03	-2.814	2555	4.054	1.945
17.285	1.021e-02	-2.866	2525	4.085	1.877
17.285	1.337e-02	-2.967	2466	4.145	1.752
17.285	1.755e-02	-3.211	2273	4.248	1.556
17.285	2.307e-02	-3.473	2044	4.325	1.424
17.285	3.045e-02	-3.711	1838	4.379	1.338
17.285	3.986e-02	-3.905	1682	4.419	1.278
17.285	5.261e-02	-4.085	1546	4.452	1.230
17.285	6.930e-02	-4.263	1418	4.480	1.190
17.285	9.109e-02	-4.433	1305	4.505	1.158
17.285	1.198e-01	-4.603	1197	4.525	1.130
17.285	1.574e-01	-4.775	1096	4.543	1.107
17.285	2.069e-01	-4.942	1004	4.559	1.087
17.285	2.710e-01	-5.108	920	4.573	1.070
17.285	3.570e-01	-5.277	840	4.585	1.055
17.285	4.692e-01	-5.434	772	4.596	1.042
17.285	6.193e-01	-5.587	712	4.606	1.030
17.285	8.107e-01	-5.734	657	4.615	1.020
17.285	1.064e+00	-5.878	608	4.623	1.010
17.285	1.398e+00	-6.024	561	4.631	1.001
17.285	1.846e+00	-6.169	518	4.638	0.993
17.285	2.432e+00	-6.294	484	4.645	0.985
17.285	3.216e+00	-6.451	444	4.652	0.977
17.285	4.227e+00	-6.564	418	4.658	0.970
17.285	5.590e+00	-6.671	394	4.665	0.963
17.285	7.378e+00	-6.792	369	4.671	0.956
17.285	9.659e+00	-6.909	347	4.678	0.949
17.809	1.002e-04	-1.616	2969	3.130	5.722
17.809	1.316e-04	-1.689	2973	3.205	5.247
17.809	1.717e-04	-1.762	2976	3.279	4.817
17.809	2.267e-04	-1.839	2977	3.358	4.401
17.809	2.967e-04	-1.926	2960	3.434	4.030
17.809	3.864e-04	-2.022	2920	3.507	3.708
17.809	5.100e-04	-2.119	2880	3.580	3.405
17.809	6.676e-04	-2.212	2842	3.650	3.143
17.809	8.693e-04	-2.302	2805	3.717	2.910
17.809	1.147e-03	-2.395	2766	3.786	2.689
17.809	1.502e-03	-2.482	2730	3.850	2.497
17.809	1.972e-03	-2.564	2695	3.909	2.332
17.809	2.582e-03	-2.631	2666	3.958	2.205
17.809	3.380e-03	-2.683	2638	3.990	2.124
17.809	4.461e-03	-2.714	2619	4.010	2.077
17.809	5.840e-03	-2.739	2605	4.025	2.041
17.809	7.709e-03	-2.773	2585	4.046	1.992
17.809	1.016e-02	-2.834	2550	4.083	1.909
17.809	1.335e-02	-2.965	2472	4.161	1.745
17.809	1.741e-02	-3.214	2277	4.267	1.545
17.809	2.298e-02	-3.463	2059	4.340	1.419
17.809	3.003e-02	-3.686	1865	4.391	1.339
17.809	3.917e-02	-3.870	1715	4.430	1.280
17.809	5.170e-02	-4.052	1575	4.464	1.231
17.809	6.811e-02	-4.225	1450	4.493	1.191
17.809	8.951e-02	-4.393	1335	4.518	1.158
17.809	1.177e-01	-4.560	1227	4.539	1.130
17.809	1.547e-01	-4.731	1124	4.557	1.106
17.809	2.034e-01	-4.899	1030	4.574	1.085
17.809	2.673e-01	-5.063	945	4.588	1.068
17.809	3.528e-01	-5.237	861	4.600	1.053
17.809	4.619e-01	-5.394	792	4.611	1.039
17.809	6.097e-01	-5.547	729	4.621	1.027
17.809	7.967e-01	-5.694	674	4.630	1.017
17.809	1.048e+00	-5.840	622	4.639	1.007
17.809	1.377e+00	-5.983	576	4.647	0.998
17.809	1.817e+00	-6.134	530	4.654	0.989
17.809	2.379e+00	-6.255	496	4.661	0.981
17.809	3.146e+00	-6.409	456	4.668	0.974
17.809	4.161e+00	-6.536	425	4.674	0.967
17.809	5.492e+00	-6.641	402	4.681	0.959
17.809	7.235e+00	-6.760	377	4.687	0.952
17.809	9.509e+00	-6.880	353	4.693	0.945
18.332	1.028e-04	-1.608	2975	3.137	5.756
18.332	1.352e-04	-1.681	2978	3.212	5.279
18.332	1.777e-04	-1.756	2981	3.288	4.835
18.332	2.336e-04	-1.832	2982	3.365	4.425
18.332	3.071e-04	-1.917	2970	3.443	4.046
18.332	4.036e-04	-2.016	2929	3.519	3.710
18.332	5.328e-04	-2.114	2889	3.593	3.407
18.332	6.962e-04	-2.206	2851	3.662	3.146
18.332	9.081e-04	-2.297	2813	3.729	2.911
18.332	1.181e-03	-2.384	2777	3.794	2.703
18.332	1.550e-03	-2.471	2741	3.858	2.511
18.332	2.029e-03	-2.548	2708	3.914	2.352
18.332	2.652e-03	-2.608	2682	3.958	2.238
18.332	3.486e-03	-2.648	2664	3.985	2.168
18.332	4.582e-03	-2.675	2648	4.002	2.126
18.332	6.024e-03	-2.701	2633	4.018	2.087
18.332	7.918e-03	-2.742	2609	4.043	2.028
18.332	1.045e-02	-2.823	2562	4.093	1.916
18.332	1.368e-02	-2.999	2455	4.195	1.703
18.332	1.796e-02	-3.247	2253	4.294	1.520
18.332	2.360e-02	-3.471	2058	4.361	1.407
18.332	3.078e-02	-3.684	1872	4.409	1.331
18.332	4.040e-02	-3.867	1723	4.448	1.273
18.332	5.310e-02	-4.043	1587	4.481	1.226
18.332	6.982e-02	-4.212	1463	4.509	1.186
18.332	9.176e-02	-4.378	1349	4.534	1.153
18.332	1.206e-01	-4.544	1241	4.555	1.125
18.332	1.586e-01	-4.714	1138	4.574	1.101
18.332	2.085e-01	-4.881	1043	4.590	1.081
18.332	2.730e-01	-5.044	958	4.604	1.063
18.332	3.568e-01	-5.211	876	4.616	1.049
18.332	4.654e-01	-5.366	806	4.627	1.035
18.332	6.143e-01	-5.521	742	4.637	1.023
18.332	8.041e-01	-5.668	685	4.646	1.013
18.332	1.061e+00	-5.817	632	4.655	1.003
18.332	1.390e+00	-5.959	585	4.663	0.994
18.332	1.834e+00	-6.111	538	4.670	0.985
18.332	2.426e+00	-6.238	502	4.678	0.977
18.332	3.208e+00	-6.390	462	4.684	0.969
18.332	4.226e+00	-6.520	430	4.691	0.962
18.332	5.554e+00	-6.622	407	4.697	0.955
18.332	7.345e+00	-6.745	381	4.703	0.948
18.332	9.657e+00	-6.866	356	4.710	0.941
18.856	1.003e-04	-1.585	2981	3.130	5.883
18.856	1.313e-04	-1.658	2982	3.204	5.405
18.856	1.733e-04	-1.733	2985	3.281	4.947
18.856	2.268e-04	-1.808	2987	3.356	4.535
18.856	2.977e-04	-1.885	2987	3.434	4.148
18.856	3.898e-04	-1.982	2949	3.509	3.804
18.856	5.094e-04	-2.078	2910	3.581	3.501
18.856	6.698e-04	-2.173	2871	3.653	3.224
18.856	8.771e-04	-2.265	2832	3.721	2.979
18.856	1.146e-03	-2.354	2795	3.788	2.760
18.856	1.507e-03	-2.441	2759	3.852	2.563
18.856	1.973e-03	-2.517	2727	3.908	2.404
18.856	2.583e-03	-2.575	2702	3.950	2.291
18.856	3.410e-03	-2.611	2687	3.975	2.224
18.856	4.456e-03	-2.633	2677	3.991	2.183
18.856	5.859e-03	-2.659	2663	4.009	2.140
18.856	7.701e-03	-2.703	2638	4.036	2.074
18.856	1.012e-02	-2.794	2585	4.091	1.946
18.856	1.326e-02	-2.982	2472	4.203	1.712
18.856	1.733e-02	-3.205	2297	4.298	1.534
18.856	2.260e-02	-3.421	2108	4.364	1.421
18.856	2.983e-02	-3.641	1914	4.416	1.339
18.856	3.905e-02	-3.819	1767	4.456	1.279
18.856	5.126e-02	-3.995	1628	4.489	1.230
18.856	6.712e-02	-4.159	1506	4.518	1.190
18.856	8.787e-02	-4.322	1391	4.543	1.156
18.856	1.160e-01	-4.490	1279	4.566	1.127
18.856	1.518e-01	-4.655	1176	4.585	1.102
18.856	1.993e-01	-4.822	1079	4.602	1.081
18.856	2.619e-01	-4.987	989	4.616	1.063
18.856	3.444e-01	-5.159	903	4.629	1.047
18.856	4.526e-01	-5.317	830	4.641	1.033
18.856	5.986e-01	-5.477	761	4.652	1.021
18.856	7.807e-01	-5.623	704	4.661	1.010
18.856	1.031e+00	-5.773	649	4.670	1.000
18.856	1.349e+00	-5.915	601	4.678	0.991
18.856	1.781e+00	-6.069	552	4.685	0.982
18.856	2.346e+00	-6.199	515	4.692	0.974
18.856	3.083e+00	-6.336	477	4.699	0.967
18.856	4.077e+00	-6.485	440	4.706	0.959
18.856	5.361e+00	-6.585	417	4.712	0.953
18.856	7.090e+00	-6.707	390	4.718	0.945
18.856	9.318e+00	-6.830	364	4.725	0.939
19.380	1.023e-04	-1.575	2988	3.136	5.924
19.380	1.339e-04	-1.649	2987	3.210	5.444
19.380	1.770e-04	-1.724	2990	3.287	4.981
19.380	2.328e-04	-1.800	2992	3.363	4.560
19.380	3.048e-04	-1.876	2993	3.440	4.176
19.380	4.015e-04	-1.973	2959	3.517	3.821
19.380	5.277e-04	-2.070	2919	3.591	3.509
19.380	6.883e-04	-2.163	2881	3.661	3.239
19.380	9.034e-04	-2.256	2842	3.730	2.991
19.380	1.187e-03	-2.346	2804	3.797	2.768
19.380	1.549e-03	-2.429	2770	3.858	2.580
19.380	2.033e-03	-2.501	2739	3.911	2.427
19.380	2.672e-03	-2.551	2718	3.948	2.327
19.380	3.485e-03	-2.580	2706	3.969	2.272
19.380	4.574e-03	-2.601	2697	3.984	2.233
19.380	6.011e-03	-2.628	2685	4.003	2.184
19.380	7.935e-03	-2.681	2656	4.038	2.098
19.380	1.045e-02	-2.808	2582	4.115	1.919
19.380	1.333e-02	-2.989	2473	4.222	1.698
19.380	1.755e-02	-3.206	2303	4.315	1.525
19.380	2.307e-02	-3.418	2117	4.380	1.414
19.380	3.028e-02	-3.627	1931	4.430	1.335
19.380	3.965e-02	-3.803	1785	4.470	1.276
19.380	5.224e-02	-3.980	1645	4.504	1.227
19.380	6.865e-02	-4.145	1521	4.533	1.186
19.380	9.026e-02	-4.309	1404	4.559	1.152
19.380	1.186e-01	-4.474	1294	4.581	1.123
19.380	1.560e-01	-4.640	1189	4.600	1.098
19.380	2.050e-01	-4.808	1090	4.617	1.077
19.380	2.695e-01	-4.973	1000	4.632	1.058
19.380	3.529e-01	-5.141	914	4.645	1.043
19.380	4.620e-01	-5.298	841	4.657	1.029
19.380	6.110e-01	-5.459	771	4.667	1.017
19.380	8.066e-01	-5.612	710	4.677	1.005
19.380	1.056e+00	-5.757	656	4.685	0.995
19.380	1.394e+00	-5.904	606	4.694	0.986
19.380	1.821e+00	-6.052	559	4.701	0.978
19.380	2.395e+00	-6.183	520	4.708	0.970
19.380	3.147e+00	-6.319	483	4.715	0.962
19.380	4.162e+00	-6.471	444	4.721	0.955
19.380	5.473e+00	-6.571	421	4.728	0.948
19.380	7.238e+00	-6.695	393	4.734	0.941
19.380	9.512e+00	-6.820	367	4.740	0.935
19.904	1.034e-04	-1.563	2994	3.140	5.980
19.904	1.351e-04	-1.637	2992	3.212	5.502
19.904	1.776e-04	-1.711	2994	3.287	5.044
19.904	2.334e-04	-1.786	2996	3.364	4.620
19.904	3.045e-04	-1.860	2998	3.439	4.238
19.904	4.019e-04	-1.953	2973	3.517	3.872
19.904	5.294e-04	-2.052	2933	3.592	3.552
19.904	6.958e-04	-2.147	2893	3.664	3.269
19.904	9.148e-04	-2.241	2854	3.734	3.017
19.904	1.198e-03	-2.330	2817	3.800	2.795
19.904	1.568e-03	-2.412	2782	3.861	2.607
19.904	2.070e-03	-2.481	2753	3.912	2.459
19.904	2.710e-03	-2.524	2735	3.943	2.371
19.904	3.577e-03	-2.550	2724	3.962	2.321
19.904	4.675e-03	-2.570	2715	3.977	2.281
19.904	6.171e-03	-2.601	2702	3.999	2.223
19.904	8.078e-03	-2.662	2673	4.041	2.118
19.904	1.068e-02	-2.830	2575	4.144	1.882
19.904	1.405e-02	-3.026	2454	4.256	1.653
19.904	1.846e-02	-3.235	2282	4.340	1.502
19.904	2.437e-02	-3.437	2106	4.403	1.397
19.904	3.184e-02	-3.637	1928	4.449	1.324
19.904	4.154e-02	-3.807	1788	4.487	1.267
19.904	5.483e-02	-3.983	1647	4.521	1.219
19.904	7.177e-02	-4.143	1527	4.550	1.179
19.904	9.474e-02	-4.308	1409	4.575	1.145
19.904	1.240e-01	-4.470	1300	4.597	1.117
19.904	1.637e-01	-4.639	1193	4.617	1.092
19.904	2.143e-01	-4.803	1096	4.633	1.071
19.904	2.813e-01	-4.967	1005	4.648	1.053
19.904	3.697e-01	-5.137	919	4.661	1.037
19.904	4.880e-01	-5.300	842	4.673	1.023
19.904	6.388e-01	-5.455	775	4.683	1.011
19.904	8.449e-01	-5.609	713	4.693	1.000
19.904	1.111e+00	-5.756	658	4.702	0.990
19.904	1.460e+00	-5.902	608	4.710	0.981
19.904	1.904e+00	-6.048	562	4.717	0.973
19.904	2.514e+00	-6.181	522	4.724	0.965
19.904	3.311e+00	-6.320	484	4.731	0.957
19.904	4.379e+00	-6.470	446	4.737	0.950
19.904	5.791e+00	-6.573	421	4.744	0.943
19.904	7.611e+00	-6.696	394	4.750	0.937
19.904	1.000e+01	-6.821	368	4.756	0.930
20.428	1.010e-04	-1.542	3001	3.134	6.098
20.428	1.328e-04	-1.619	2996	3.208	5.602
20.428	1.739e-04	-1.691	2998	3.282	5.145
20.428	2.276e-04	-1.765	3000	3.356	4.721
20.428	2.987e-04	-1.840	3002	3.433	4.323
20.428	3.912e-04	-1.923	2992	3.509	3.958
20.428	5.153e-04	-2.023	2950	3.585	3.628
20.428	6.772e-04	-2.119	2910	3.658	3.337
20.428	8.904e-04	-2.213	2871	3.728	3.077
20.428	1.166e-03	-2.302	2834	3.794	2.851
20.428	1.526e-03	-2.384	2800	3.855	2.659
20.428	1.987e-03	-2.448	2772	3.902	2.517
20.428	2.623e-03	-2.492	2754	3.934	2.427
20.428	3.434e-03	-2.515	2744	3.952	2.379
20.428	4.508e-03	-2.536	2735	3.967	2.338
20.428	5.924e-03	-2.568	2722	3.990	2.277
20.428	7.789e-03	-2.629	2695	4.034	2.163
20.428	1.011e-02	-2.790	2603	4.135	1.926
20.428	1.299e-02	-2.967	2499	4.240	1.706
20.428	1.708e-02	-3.154	2361	4.329	1.541
20.428	2.245e-02	-3.360	2179	4.395	1.427
20.428	2.951e-02	-3.557	2004	4.447	1.344
20.428	3.849e-02	-3.732	1855	4.488	1.283
20.428	5.081e-02	-3.909	1710	4.524	1.231
20.428	6.651e-02	-4.067	1589	4.553	1.190
20.428	8.661e-02	-4.227	1470	4.579	1.155
20.428	1.143e-01	-4.391	1356	4.603	1.123
20.428	1.497e-01	-4.552	1251	4.623	1.098
20.428	1.964e-01	-4.719	1148	4.641	1.075
20.428	2.572e-01	-4.882	1055	4.657	1.056
20.428	3.367e-01	-5.047	967	4.671	1.039
20.428	4.453e-01	-5.214	884	4.683	1.025
20.428	5.855e-01	-5.379	809	4.694	1.012
20.428	7.695e-01	-5.530	746	4.704	1.000
20.428	1.016e+00	-5.681	688	4.713	0.990
20.428	1.330e+00	-5.825	636	4.721	0.980
20.428	1.745e+00	-5.972	587	4.729	0.972
20.428	2.294e+00	-6.117	542	4.736	0.964
20.428	3.016e+00	-6.243	506	4.743	0.956
20.428	3.988e+00	-6.399	464	4.750	0.949
20.428	5.275e+00	-6.517	436	4.756	0.942
20.428	6.932e+00	-6.633	409	4.762	0.935
20.428	9.168e+00	-6.761	381	4.769	0.929
20.951	1.034e-04	-1.535	3007	3.141	6.128
20.951	1.353e-04	-1.610	3002	3.213	5.638
20.951	1.776e-04	-1.684	3003	3.287	5.176
20.951	2.334e-04	-1.758	3005	3.363	4.744
20.951	3.045e-04	-1.832	3006	3.438	4.354
20.951	3.996e-04	-1.911	3002	3.515	3.984
20.951	5.252e-04	-2.011	2961	3.590	3.652
20.951	6.850e-04	-2.105	2922	3.661	3.366
20.951	9.042e-04	-2.200	2882	3.733	3.100
20.951	1.182e-03	-2.288	2845	3.798	2.875
20.951	1.536e-03	-2.365	2813	3.856	2.691
20.951	2.004e-03	-2.426	2787	3.900	2.555
20.951	2.645e-03	-2.464	2771	3.928	2.474
20.951	3.462e-03	-2.486	2762	3.944	2.429
20.951	4.544e-03	-2.508	2753	3.960	2.385
20.951	5.973e-03	-2.543	2737	3.986	2.316
20.951	7.884e-03	-2.619	2705	4.041	2.173
20.951	1.007e-02	-2.789	2609	4.149	1.919
20.951	1.322e-02	-2.972	2501	4.258	1.694
20.951	1.724e-02	-3.145	2374	4.340	1.540
20.951	2.276e-02	-3.347	2196	4.407	1.426
20.951	2.980e-02	-3.537	2028	4.458	1.344
20.951	3.941e-02	-3.721	1869	4.501	1.280
20.951	5.181e-02	-3.894	1727	4.537	1.228
20.951	6.810e-02	-4.052	1604	4.567	1.186
20.951	8.989e-02	-4.221	1479	4.594	1.149
20.951	1.177e-01	-4.379	1368	4.618	1.119
20.951	1.553e-01	-4.545	1259	4.638	1.092
20.951	2.030e-01	-4.709	1157	4.656	1.071
20.951	2.648e-01	-4.869	1065	4.672	1.052
20.951	3.495e-01	-5.039	973	4.686	1.035
20.951	4.575e-01	-5.200	893	4.698	1.020
20.951	6.039e-01	-5.369	816	4.709	1.007
20.951	7.955e-01	-5.521	752	4.719	0.996
20.951	1.046e+00	-5.670	694	4.728	0.985
20.951	1.364e+00	-5.812	642	4.736	0.976
20.951	1.790e+00	-5.958	593	4.744	0.968
20.951	2.352e+00	-6.105	547	4.751	0.960
20.951	3.068e+00	-6.227	512	4.758	0.952
20.951	4.050e+00	-6.382	470	4.765	0.945
20.951	5.356e+00	-6.503	440	4.771	0.938
20.951	7.012e+00	-6.617	414	4.777	0.932
20.951	9.274e+00	-6.745	386	4.783	0.925
23.046	1.036e-04	-1.483	3030	3.144	6.406
23.046	1.367e-04	-1.560	3025	3.217	5.885
23.046	1.787e-04	-1.635	3019	3.289	5.417
23.046	2.349e-04	-1.708	3021	3.364	4.970
23.046	3.087e-04	-1.783	3023	3.440	4.555
23.046	4.027e-04	-1.857	3025	3.514	4.180
23.046	5.244e-04	-1.938	3013	3.589	3.836
23.046	6.921e-04	-2.038	2971	3.665	3.515
23.046	9.061e-04	-2.131	2932	3.735	3.243
23.046	1.196e-03	-2.219	2895	3.801	3.005
23.046	1.566e-03	-2.289	2866	3.853	2.830
23.046	2.067e-03	-2.334	2847	3.887	2.722
23.046	2.706e-03	-2.358	2837	3.904	2.668
23.046	3.551e-03	-2.378	2828	3.919	2.623
23.046	4.667e-03	-2.408	2816	3.941	2.558
23.046	6.161e-03	-2.469	2789	3.986	2.428
23.046	8.065e-03	-2.624	2724	4.100	2.131
23.046	1.029e-02	-2.791	2629	4.205	1.887
23.046	1.352e-02	-2.949	2534	4.299	1.693
23.046	1.774e-02	-3.098	2432	4.378	1.547
23.046	2.332e-02	-3.274	2283	4.443	1.435
23.046	3.066e-02	-3.445	2134	4.497	1.349
23.046	4.030e-02	-3.634	1964	4.541	1.282
23.046	5.256e-02	-3.795	1827	4.577	1.229
23.046	6.938e-02	-3.962	1691	4.610	1.184
23.046	9.082e-02	-4.115	1574	4.638	1.146
23.046	1.183e-01	-4.268	1462	4.663	1.115
23.046	1.561e-01	-4.433	1347	4.685	1.086
23.046	2.044e-01	-4.595	1240	4.704	1.062
23.046	2.697e-01	-4.765	1136	4.722	1.041
23.046	3.531e-01	-4.929	1042	4.737	1.023
23.046	4.635e-01	-5.092	956	4.750	1.008
23.046	6.091e-01	-5.263	873	4.761	0.995
23.046	8.009e-01	-5.420	802	4.772	0.983
23.046	1.053e+00	-5.572	739	4.781	0.972
23.046	1.382e+00	-5.720	682	4.790	0.963
23.046	1.816e+00	-5.866	630	4.798	0.954
23.046	2.368e+00	-6.011	582	4.805	0.946
23.046	3.126e+00	-6.145	541	4.812	0.938
23.046	4.118e+00	-6.295	498	4.819	0.931
23.046	5.412e+00	-6.427	463	4.825	0.924
23.046	7.144e+00	-6.542	435	4.831	0.918
23.046	9.411e+00	-6.673	405	4.837	0.911
25.142	1.046e-04	-1.438	3051	3.149	6.647
25.142	1.374e-04	-1.513	3046	3.221	6.121
25.142	1.804e-04	-1.589	3040	3.293	5.632
25.142	2.371e-04	-1.665	3036	3.367	5.175
25.142	3.092e-04	-1.736	3038	3.439	4.759
25.142	4.026e-04	-1.809	3040	3.513	4.374
25.142	5.234e-04	-1.881	3042	3.586	4.019
25.142	6.909e-04	-1.971	3020	3.664	3.676
25.142	9.101e-04	-2.067	2979	3.736	3.382
25.142	1.192e-03	-2.149	2945	3.798	3.150
25.142	1.557e-03	-2.207	2920	3.842	2.994
25.142	2.048e-03	-2.240	2907	3.867	2.910
25.142	2.681e-03	-2.260	2898	3.881	2.862
25.142	3.532e-03	-2.283	2888	3.898	2.806
25.142	4.642e-03	-2.324	2871	3.929	2.708
25.142	6.104e-03	-2.429	2826	4.006	2.478
25.142	7.993e-03	-2.609	2750	4.139	2.128
25.142	1.050e-02	-2.771	2660	4.244	1.885
25.142	1.380e-02	-2.916	2572	4.330	1.706
25.142	1.814e-02	-3.053	2483	4.406	1.565
25.142	2.384e-02	-3.201	2368	4.471	1.451
25.142	3.148e-02	-3.368	2223	4.528	1.358
25.142	4.146e-02	-3.550	2057	4.576	1.286
25.142	5.449e-02	-3.717	1912	4.616	1.229
25.142	7.193e-02	-3.884	1771	4.650	1.181
25.142	9.475e-02	-4.030	1657	4.680	1.141
25.142	1.245e-01	-4.194	1531	4.707	1.106
25.142	1.644e-01	-4.356	1414	4.731	1.076
25.142	2.165e-01	-4.519	1303	4.751	1.051
25.142	2.846e-01	-4.690	1193	4.769	1.029
25.142	3.742e-01	-4.858	1093	4.785	1.011
25.142	4.918e-01	-5.024	1001	4.799	0.995
25.142	6.466e-01	-5.190	916	4.811	0.981
25.142	8.498e-01	-5.353	839	4.822	0.969
25.142	1.122e+00	-5.511	771	4.832	0.958
25.142	1.468e+00	-5.659	712	4.840	0.948
25.142	1.938e+00	-5.808	656	4.849	0.939
25.142	2.537e+00	-5.953	606	4.856	0.931
25.142	3.349e+00	-6.091	562	4.863	0.924
25.142	4.377e+00	-6.238	519	4.870	0.917
25.142	5.755e+00	-6.374	481	4.876	0.910
25.142	7.611e+00	-6.495	450	4.882	0.904
25.142	1.000e+01	-6.628	419	4.888	0.898
27.237	1.042e-04	-1.395	3072	3.152	6.895
27.237	1.369e-04	-1.468	3066	3.222	6.359
27.237	1.786e-04	-1.542	3060	3.292	5.868
27.237	2.344e-04	-1.618	3053	3.365	5.400
27.237	3.080e-04	-1.693	3051	3.438	4.960
27.237	4.018e-04	-1.764	3053	3.511	4.562
27.237	5.274e-04	-1.838	3056	3.587	4.182
27.237	6.906e-04	-1.912	3058	3.662	3.836
27.237	8.978e-04	-2.000	3027	3.731	3.541
27.237	1.173e-03	-2.077	2994	3.790	3.310
27.237	1.543e-03	-2.127	2973	3.828	3.168
27.237	2.027e-03	-2.153	2962	3.847	3.099
27.237	2.644e-03	-2.172	2954	3.861	3.049
27.237	3.438e-03	-2.198	2943	3.881	2.980
27.237	4.512e-03	-2.253	2920	3.922	2.842
27.237	5.930e-03	-2.406	2854	4.036	2.493
27.237	7.613e-03	-2.560	2789	4.149	2.188
27.237	1.001e-02	-2.706	2718	4.251	1.947
27.237	1.321e-02	-2.849	2631	4.337	1.762
27.237	1.726e-02	-2.974	2555	4.411	1.619
27.237	2.251e-02	-3.101	2466	4.476	1.501
27.237	2.926e-02	-3.240	2354	4.535	1.403
27.237	3.841e-02	-3.396	2219	4.588	1.320
27.237	4.993e-02	-3.569	2060	4.632	1.255
27.237	6.539e-02	-3.728	1920	4.669	1.202
27.237	8.560e-02	-3.890	1783	4.702	1.157
27.237	1.130e-01	-4.034	1670	4.733	1.118
27.237	1.494e-01	-4.200	1542	4.760	1.083
27.237	1.956e-01	-4.361	1424	4.783	1.055
27.237	2.582e-01	-4.527	1309	4.803	1.031
27.237	3.380e-01	-4.695	1201	4.821	1.010
27.237	4.462e-01	-4.866	1098	4.836	0.992
27.237	5.841e-01	-5.028	1008	4.850	0.977
27.237	7.667e-01	-5.195	922	4.862	0.963
27.237	1.008e+00	-5.354	847	4.872	0.951
27.237	1.325e+00	-5.512	777	4.882	0.941
27.237	1.741e+00	-5.663	716	4.891	0.932
27.237	2.271e+00	-5.805	663	4.899	0.923
27.237	2.998e+00	-5.954	611	4.906	0.915
27.237	3.924e+00	-6.090	567	4.913	0.908
27.237	5.190e+00	-6.246	521	4.920	0.901
27.237	6.851e+00	-6.379	484	4.926	0.894
27.237	9.024e+00	-6.507	451	4.932	0.888
29.332	1.010e-04	-1.346	3096	3.149	7.180
29.332	1.326e-04	-1.420	3086	3.217	6.637
29.332	1.742e-04	-1.494	3080	3.288	6.119
29.332	2.291e-04	-1.570	3073	3.360	5.633
29.332	3.011e-04	-1.647	3066	3.433	5.181
29.332	3.927e-04	-1.718	3066	3.504	4.770
29.332	5.184e-04	-1.793	3069	3.581	4.370
29.332	6.786e-04	-1.865	3072	3.654	4.014
29.332	8.907e-04	-1.936	3071	3.725	3.698
29.332	1.171e-03	-2.010	3040	3.782	3.466
29.332	1.545e-03	-2.052	3023	3.813	3.342
29.332	2.023e-03	-2.073	3014	3.829	3.282
29.332	2.655e-03	-2.094	3005	3.845	3.222
29.332	3.489e-03	-2.131	2989	3.873	3.121
29.332	4.606e-03	-2.225	2949	3.944	2.877
29.332	5.861e-03	-2.387	2880	4.065	2.502
29.332	7.648e-03	-2.536	2817	4.175	2.204
29.332	1.005e-02	-2.668	2759	4.270	1.975
29.332	1.327e-02	-2.806	2674	4.355	1.792
29.332	1.737e-02	-2.928	2599	4.428	1.648
29.332	2.280e-02	-3.050	2519	4.495	1.525
29.332	2.996e-02	-3.177	2427	4.557	1.420
29.332	3.955e-02	-3.329	2297	4.613	1.331
29.332	5.177e-02	-3.494	2147	4.661	1.259
29.332	6.834e-02	-3.664	1993	4.702	1.201
29.332	8.947e-02	-3.822	1857	4.737	1.154
29.332	1.181e-01	-3.969	1737	4.768	1.113
29.332	1.556e-01	-4.133	1607	4.796	1.078
29.332	2.045e-01	-4.294	1485	4.821	1.048
29.332	2.688e-01	-4.457	1369	4.842	1.022
29.332	3.520e-01	-4.623	1257	4.861	1.001
29.332	4.608e-01	-4.790	1153	4.877	0.982
29.332	6.083e-01	-4.958	1055	4.891	0.966
29.332	7.963e-01	-5.122	967	4.904	0.952
29.332	1.051e+00	-5.288	885	4.915	0.940
29.332	1.376e+00	-5.447	812	4.925	0.929
29.332	1.816e+00	-5.602	746	4.934	0.920
29.332	2.378e+00	-5.748	690	4.942	0.911
29.332	3.139e+00	-5.897	636	4.950	0.903
29.332	4.109e+00	-6.034	590	4.957	0.896
29.332	5.393e+00	-6.191	541	4.964	0.889
29.332	7.088e+00	-6.323	503	4.970	0.882
29.332	9.319e+00	-6.450	470	4.976	0.876
31.427	1.014e-04	-1.310	3118	3.156	7.378
31.427	1.339e-04	-1.386	3105	3.224	6.819
31.427	1.752e-04	-1.459	3097	3.292	6.303
31.427	2.313e-04	-1.535	3090	3.364	5.801
31.427	3.023e-04	-1.609	3083	3.435	5.348
31.427	3.943e-04	-1.683	3078	3.506	4.929
31.427	5.205e-04	-1.756	3081	3.581	4.521
31.427	6.813e-04	-1.827	3084	3.653	4.159
31.427	8.872e-04	-1.892	3086	3.719	3.855
31.427	1.171e-03	-1.945	3085	3.772	3.629
31.427	1.530e-03	-1.979	3071	3.798	3.522
31.427	1.996e-03	-1.999	3062	3.813	3.463
31.427	2.651e-03	-2.024	3052	3.832	3.385
31.427	3.485e-03	-2.073	3031	3.869	3.245
31.427	4.600e-03	-2.216	2970	3.977	2.866
31.427	6.059e-03	-2.388	2897	4.106	2.471
31.427	7.963e-03	-2.527	2837	4.208	2.195
31.427	1.039e-02	-2.647	2784	4.296	1.985
31.427	1.352e-02	-2.770	2713	4.374	1.815
31.427	1.785e-02	-2.893	2637	4.448	1.667
31.427	2.337e-02	-3.007	2566	4.514	1.544
31.427	3.091e-02	-3.129	2482	4.578	1.435
31.427	4.064e-02	-3.267	2369	4.635	1.343
31.427	5.341e-02	-3.418	2236	4.686	1.266
31.427	6.966e-02	-3.590	2077	4.729	1.206
31.427	9.195e-02	-3.750	1935	4.767	1.155
31.427	1.211e-01	-3.909	1799	4.799	1.112
31.427	1.592e-01	-4.059	1679	4.829	1.075
31.427	2.105e-01	-4.222	1552	4.855	1.043
31.427	2.768e-01	-4.386	1431	4.878	1.016
31.427	3.625e-01	-4.549	1317	4.897	0.993
31.427	4.745e-01	-4.718	1207	4.914	0.974
31.427	6.264e-01	-4.888	1104	4.930	0.957
31.427	8.200e-01	-5.052	1012	4.943	0.942
31.427	1.076e+00	-5.215	928	4.955	0.930
31.427	1.414e+00	-5.379	849	4.965	0.919
31.427	1.860e+00	-5.535	780	4.974	0.909
31.427	2.444e+00	-5.687	719	4.983	0.900
31.427	3.226e+00	-5.835	663	4.991	0.892
31.427	4.224e+00	-5.976	614	4.998	0.884
31.427	5.575e+00	-6.137	562	5.005	0.877
31.427	7.373e+00	-6.272	522	5.011	0.871
31.427	9.751e+00	-6.407	484	5.018	0.865
34.570	1.020e-04	-1.257	3157	3.165	7.652
34.570	1.330e-04	-1.332	3137	3.229	7.107
34.570	1.756e-04	-1.409	3123	3.298	6.567
34.570	2.299e-04	-1.481	3115	3.366	6.070
34.570	3.017e-04	-1.556	3108	3.437	5.597
34.570	3.951e-04	-1.630	3101	3.508	5.159
34.570	5.163e-04	-1.703	3098	3.578	4.756
34.570	6.789e-04	-1.772	3101	3.650	4.382
34.570	8.922e-04	-1.834	3103	3.712	4.077
34.570	1.173e-03	-1.875	3104	3.754	3.886
34.570	1.542e-03	-1.895	3106	3.774	3.795
34.570	2.011e-03	-1.910	3106	3.790	3.727
34.570	2.660e-03	-1.935	3107	3.816	3.619
34.570	3.497e-03	-2.008	3083	3.875	3.380
34.570	4.465e-03	-2.172	3012	3.999	2.930
34.570	5.732e-03	-2.317	2951	4.108	2.583
34.570	7.567e-03	-2.454	2892	4.210	2.298
34.570	9.905e-03	-2.572	2841	4.297	2.079
34.570	1.300e-02	-2.684	2789	4.378	1.895
34.570	1.702e-02	-2.804	2715	4.451	1.742
34.570	2.229e-02	-2.916	2647	4.518	1.612
34.570	2.942e-02	-3.028	2577	4.584	1.494
34.570	3.851e-02	-3.143	2497	4.644	1.395
34.570	5.084e-02	-3.279	2386	4.701	1.306
34.570	6.696e-02	-3.430	2252	4.752	1.232
34.570	8.856e-02	-3.609	2083	4.795	1.172
34.570	1.164e-01	-3.766	1944	4.832	1.123
34.570	1.536e-01	-3.922	1811	4.864	1.082
34.570	2.024e-01	-4.076	1685	4.894	1.046
34.570	2.660e-01	-4.239	1557	4.919	1.016
34.570	3.511e-01	-4.404	1435	4.942	0.990
34.570	4.596e-01	-4.569	1319	4.961	0.968
34.570	6.033e-01	-4.740	1207	4.978	0.949
34.570	7.929e-01	-4.906	1107	4.993	0.933
34.570	1.034e+00	-5.070	1014	5.006	0.920
34.570	1.365e+00	-5.234	929	5.017	0.907
34.570	1.798e+00	-5.403	848	5.028	0.897
34.570	2.363e+00	-5.560	779	5.037	0.887
34.570	3.120e+00	-5.710	718	5.045	0.879
34.570	4.084e+00	-5.855	663	5.053	0.871
34.570	5.391e+00	-6.007	610	5.060	0.864
34.570	7.101e+00	-6.155	562	5.067	0.857
34.570	9.333e+00	-6.295	521	5.073	0.851
36.665	1.035e-04	-1.227	3182	3.175	7.796
36.665	1.355e-04	-1.305	3158	3.239	7.240
36.665	1.789e-04	-1.381	3141	3.307	6.697
36.665	2.342e-04	-1.455	3130	3.374	6.198
36.665	3.092e-04	-1.530	3123	3.445	5.710
36.665	4.047e-04	-1.604	3116	3.515	5.268
36.665	5.270e-04	-1.676	3111	3.584	4.867
36.665	6.917e-04	-1.743	3112	3.652	4.499
36.665	9.057e-04	-1.799	3114	3.708	4.217
36.665	1.186e-03	-1.832	3115	3.742	4.055
36.665	1.544e-03	-1.849	3116	3.759	3.976
36.665	2.038e-03	-1.865	3116	3.777	3.898
36.665	2.684e-03	-1.894	3118	3.806	3.767
36.665	3.528e-03	-1.981	3110	3.888	3.427
36.665	4.514e-03	-2.153	3036	4.019	2.949
36.665	5.932e-03	-2.304	2972	4.133	2.587
36.665	7.786e-03	-2.433	2917	4.229	2.316
36.665	1.020e-02	-2.548	2866	4.314	2.100
36.665	1.332e-02	-2.656	2818	4.392	1.919
36.665	1.738e-02	-2.769	2752	4.464	1.766
36.665	2.281e-02	-2.880	2684	4.533	1.633
36.665	2.998e-02	-2.987	2621	4.598	1.515
36.665	3.942e-02	-3.102	2542	4.659	1.411
36.665	5.180e-02	-3.229	2443	4.717	1.320
36.665	6.838e-02	-3.370	2323	4.771	1.241
36.665	9.043e-02	-3.545	2157	4.817	1.176
36.665	1.191e-01	-3.705	2012	4.856	1.125
36.665	1.566e-01	-3.864	1872	4.890	1.082
36.665	2.067e-01	-4.012	1750	4.921	1.044
36.665	2.701e-01	-4.167	1625	4.947	1.013
36.665	3.551e-01	-4.333	1498	4.971	0.985
36.665	4.667e-01	-4.497	1379	4.992	0.962
36.665	6.136e-01	-4.670	1261	5.010	0.942
36.665	8.064e-01	-4.839	1155	5.025	0.926
36.665	1.058e+00	-5.007	1056	5.039	0.911
36.665	1.391e+00	-5.171	968	5.051	0.899
36.665	1.815e+00	-5.334	886	5.061	0.888
36.665	2.395e+00	-5.494	813	5.071	0.878
36.665	3.130e+00	-5.646	749	5.080	0.870
36.665	4.132e+00	-5.796	690	5.088	0.862
36.665	5.409e+00	-5.939	638	5.095	0.855
36.665	7.099e+00	-6.092	586	5.102	0.848
36.665	9.330e+00	-6.233	543	5.108	0.842
39.807	1.002e-04	-1.171	3222	3.176	8.111
39.807	1.323e-04	-1.250	3197	3.241	7.527
39.807	1.732e-04	-1.328	3171	3.305	6.989
39.807	2.286e-04	-1.404	3156	3.373	6.465
39.807	2.988e-04	-1.476	3146	3.440	5.986
39.807	3.928e-04	-1.550	3139	3.510	5.524
39.807	5.163e-04	-1.623	3133	3.579	5.098
39.807	6.788e-04	-1.691	3127	3.645	4.729
39.807	8.922e-04	-1.742	3128	3.695	4.461
39.807	1.164e-03	-1.768	3129	3.722	4.323
39.807	1.527e-03	-1.784	3130	3.738	4.245
39.807	1.986e-03	-1.801	3130	3.756	4.161
39.807	2.600e-03	-1.833	3132	3.789	4.004
39.807	3.404e-03	-1.929	3138	3.888	3.575
39.807	4.295e-03	-2.080	3089	4.012	3.099
39.807	5.669e-03	-2.233	3024	4.128	2.710
39.807	7.408e-03	-2.360	2970	4.223	2.429
39.807	9.663e-03	-2.474	2920	4.307	2.204
39.807	1.268e-02	-2.582	2871	4.387	2.011
39.807	1.667e-02	-2.687	2824	4.463	1.844
39.807	2.200e-02	-2.802	2755	4.535	1.697
39.807	2.880e-02	-2.908	2692	4.600	1.574
39.807	3.802e-02	-3.016	2625	4.665	1.461
39.807	4.968e-02	-3.128	2546	4.724	1.365
39.807	6.532e-02	-3.256	2444	4.780	1.279
39.807	8.586e-02	-3.396	2322	4.832	1.205
39.807	1.135e-01	-3.571	2154	4.877	1.144
39.807	1.499e-01	-3.730	2010	4.916	1.094
39.807	1.974e-01	-3.887	1873	4.949	1.053
39.807	2.595e-01	-4.036	1749	4.979	1.017
39.807	3.425e-01	-4.202	1615	5.006	0.986
39.807	4.512e-01	-4.366	1489	5.030	0.960
39.807	5.930e-01	-4.534	1367	5.050	0.938
39.807	7.735e-01	-4.702	1253	5.067	0.920
39.807	1.021e+00	-4.873	1146	5.082	0.903
39.807	1.334e+00	-5.039	1049	5.095	0.890
39.807	1.740e+00	-5.200	963	5.107	0.878
39.807	2.297e+00	-5.368	879	5.117	0.868
39.807	3.007e+00	-5.527	807	5.126	0.859
39.807	3.969e+00	-5.680	742	5.135	0.850
39.807	5.229e+00	-5.830	684	5.143	0.843
39.807	6.872e+00	-5.982	629	5.150	0.836
39.807	9.036e+00	-6.127	581	5.156	0.830
41.903	1.033e-04	-1.148	3248	3.189	8.199
41.903	1.355e-04	-1.227	3217	3.252	7.626
41.903	1.781e-04	-1.306	3191	3.316	7.078
41.903	2.342e-04	-1.383	3172	3.383	6.560
41.903	3.078e-04	-1.457	3159	3.450	6.070
41.903	4.047e-04	-1.530	3152	3.519	5.607
41.903	5.319e-04	-1.601	3146	3.587	5.185
41.903	6.938e-04	-1.664	3141	3.647	4.840
41.903	9.158e-04	-1.710	3137	3.691	4.601
41.903	1.197e-03	-1.731	3138	3.712	4.487
41.903	1.561e-03	-1.745	3139	3.727	4.412
41.903	2.049e-03	-1.766	3139	3.748	4.308
41.903	2.693e-03	-1.809	3142	3.792	4.093
41.903	3.504e-03	-1.930	3149	3.918	3.542
41.903	4.438e-03	-2.072	3106	4.036	3.093
41.903	5.800e-03	-2.214	3046	4.144	2.731
41.903	7.565e-03	-2.337	2993	4.236	2.455
41.903	9.986e-03	-2.454	2942	4.323	2.221
41.903	1.307e-02	-2.560	2895	4.401	2.030
41.903	1.716e-02	-2.663	2848	4.476	1.863
41.903	2.247e-02	-2.769	2789	4.546	1.718
41.903	2.941e-02	-2.875	2726	4.612	1.592
41.903	3.830e-02	-2.977	2665	4.674	1.483
41.903	5.027e-02	-3.088	2589	4.735	1.382
41.903	6.607e-02	-3.210	2495	4.793	1.293
41.903	8.686e-02	-3.343	2383	4.846	1.216
41.903	1.149e-01	-3.508	2229	4.895	1.150
41.903	1.510e-01	-3.668	2079	4.935	1.098
41.903	1.993e-01	-3.828	1936	4.971	1.054
41.903	2.625e-01	-3.976	1811	5.002	1.016
41.903	3.450e-01	-4.134	1680	5.030	0.984
41.903	4.563e-01	-4.303	1546	5.055	0.956
41.903	6.000e-01	-4.469	1423	5.076	0.933
41.903	7.885e-01	-4.642	1302	5.095	0.914
41.903	1.037e+00	-4.813	1190	5.111	0.897
41.903	1.358e+00	-4.982	1089	5.124	0.883
41.903	1.777e+00	-5.145	998	5.137	0.871
41.903	2.333e+00	-5.312	912	5.147	0.860
41.903	3.066e+00	-5.473	836	5.157	0.851
41.903	3.999e+00	-5.625	770	5.165	0.842
41.903	5.288e+00	-5.777	708	5.173	0.835
41.903	6.898e+00	-5.923	654	5.180	0.828
41.903	9.105e+00	-6.074	602	5.187	0.821
45.045	1.001e-04	-1.089	3303	3.190	8.487
45.045	1.321e-04	-1.179	3253	3.254	7.888
45.045	1.729e-04	-1.255	3227	3.316	7.339
45.045	2.283e-04	-1.336	3200	3.382	6.804
45.045	2.988e-04	-1.410	3184	3.447	6.313
45.045	3.945e-04	-1.484	3172	3.515	5.838
45.045	5.164e-04	-1.552	3167	3.580	5.417
45.045	6.778e-04	-1.612	3161	3.637	5.071
45.045	8.908e-04	-1.652	3158	3.675	4.855
45.045	1.171e-03	-1.672	3156	3.695	4.749
45.045	1.534e-03	-1.688	3155	3.709	4.668
45.045	2.020e-03	-1.712	3153	3.733	4.542
45.045	2.655e-03	-1.766	3155	3.788	4.263
45.045	3.463e-03	-1.901	3163	3.928	3.630
45.045	4.546e-03	-2.044	3138	4.057	3.129
45.045	5.974e-03	-2.184	3079	4.164	2.767
45.045	7.793e-03	-2.304	3027	4.254	2.494
45.045	1.023e-02	-2.416	2978	4.338	2.264
45.045	1.339e-02	-2.521	2931	4.415	2.071
45.045	1.753e-02	-2.622	2885	4.489	1.903
45.045	2.301e-02	-2.721	2840	4.560	1.753
45.045	3.024e-02	-2.829	2775	4.628	1.621
45.045	3.977e-02	-2.934	2712	4.693	1.504
45.045	5.207e-02	-3.039	2644	4.755	1.401
45.045	6.805e-02	-3.151	2563	4.813	1.311
45.045	8.983e-02	-3.281	2456	4.869	1.229
45.045	1.176e-01	-3.416	2339	4.918	1.161
45.045	1.543e-01	-3.587	2174	4.962	1.104
45.045	2.028e-01	-3.742	2032	5.000	1.057
45.045	2.678e-01	-3.898	1894	5.034	1.016
45.045	3.527e-01	-4.051	1765	5.064	0.982
45.045	4.636e-01	-4.214	1631	5.090	0.952
45.045	6.119e-01	-4.381	1502	5.113	0.927
45.045	8.010e-01	-4.548	1379	5.133	0.906
45.045	1.057e+00	-4.724	1259	5.151	0.888
45.045	1.384e+00	-4.895	1151	5.165	0.873
45.045	1.827e+00	-5.064	1052	5.179	0.860
45.045	2.388e+00	-5.231	962	5.190	0.849
45.045	3.139e+00	-5.392	882	5.200	0.839
45.045	4.126e+00	-5.556	807	5.209	0.831
45.045	5.446e+00	-5.709	742	5.217	0.823
45.045	7.130e+00	-5.856	685	5.225	0.816
45.045	9.358e+00	-6.004	632	5.231	0.809
47.140	1.035e-04	-1.069	3328	3.203	8.551
47.140	1.351e-04	-1.155	3280	3.264	7.972
47.140	1.783e-04	-1.238	3245	3.328	7.406
47.140	2.334e-04	-1.315	3218	3.392	6.885
47.140	3.081e-04	-1.393	3197	3.458	6.379
47.140	4.033e-04	-1.465	3184	3.523	5.921
47.140	5.324e-04	-1.532	3178	3.587	5.498
47.140	7.013e-04	-1.587	3174	3.639	5.177
47.140	9.217e-04	-1.619	3171	3.670	4.998
47.140	1.202e-03	-1.636	3169	3.686	4.908
47.140	1.578e-03	-1.653	3168	3.702	4.817
47.140	2.074e-03	-1.683	3165	3.730	4.663
47.140	2.737e-03	-1.761	3165	3.808	4.262
47.140	3.457e-03	-1.885	3172	3.936	3.678
47.140	4.468e-03	-2.008	3166	4.056	3.205
47.140	5.809e-03	-2.142	3109	4.159	2.847
47.140	7.624e-03	-2.265	3056	4.252	2.558
47.140	1.002e-02	-2.378	3007	4.336	2.320
47.140	1.307e-02	-2.482	2961	4.413	2.124
47.140	1.699e-02	-2.580	2916	4.485	1.956
47.140	2.230e-02	-2.675	2877	4.557	1.801
47.140	2.920e-02	-2.779	2820	4.625	1.664
47.140	3.823e-02	-2.883	2756	4.690	1.544
47.140	5.018e-02	-2.986	2693	4.753	1.436
47.140	6.571e-02	-3.096	2617	4.813	1.340
47.140	8.602e-02	-3.216	2523	4.869	1.256
47.140	1.129e-01	-3.344	2416	4.922	1.182
47.140	1.493e-01	-3.505	2265	4.971	1.118
47.140	1.962e-01	-3.665	2115	5.012	1.067
47.140	2.590e-01	-3.824	1970	5.048	1.023
47.140	3.385e-01	-3.970	1844	5.078	0.987
47.140	4.468e-01	-4.129	1711	5.107	0.955
47.140	5.849e-01	-4.289	1582	5.131	0.929
47.140	7.721e-01	-4.460	1452	5.153	0.906
47.140	1.011e+00	-4.630	1331	5.172	0.887
47.140	1.337e+00	-4.808	1212	5.188	0.870
47.140	1.757e+00	-4.979	1108	5.202	0.856
47.140	2.301e+00	-5.146	1013	5.214	0.845
47.140	3.013e+00	-5.309	928	5.225	0.834
47.140	3.977e+00	-5.479	846	5.234	0.825
47.140	5.239e+00	-5.633	778	5.243	0.817
47.140	6.885e+00	-5.783	717	5.251	0.810
47.140	8.981e+00	-5.926	663	5.258	0.803
50.283	1.010e-04	-1.015	3381	3.205	8.812
50.283	1.322e-04	-1.105	3328	3.267	8.208
50.283	1.745e-04	-1.195	3277	3.331	7.630
50.283	2.284e-04	-1.271	3250	3.393	7.102
50.283	3.015e-04	-1.351	3223	3.458	6.589
50.283	3.940e-04	-1.422	3207	3.521	6.131
50.283	5.180e-04	-1.488	3197	3.581	5.719
50.283	6.808e-04	-1.538	3193	3.628	5.415
50.283	8.951e-04	-1.566	3190	3.655	5.251
50.283	1.176e-03	-1.582	3189	3.670	5.160
50.283	1.534e-03	-1.599	3187	3.687	5.061
50.283	2.029e-03	-1.634	3184	3.720	4.875
50.283	2.668e-03	-1.730	3177	3.813	4.380
50.283	3.506e-03	-1.869	3186	3.956	3.712
50.283	4.629e-03	-1.988	3193	4.078	3.225
50.283	6.049e-03	-2.120	3137	4.180	2.869
50.283	7.953e-03	-2.241	3085	4.272	2.582
50.283	1.041e-02	-2.351	3037	4.354	2.348
50.283	1.361e-02	-2.453	2991	4.430	2.151
50.283	1.775e-02	-2.551	2947	4.503	1.979
50.283	2.308e-02	-2.642	2910	4.572	1.828
50.283	3.029e-02	-2.740	2863	4.641	1.687
50.283	3.981e-02	-2.847	2798	4.708	1.562
50.283	5.255e-02	-2.953	2733	4.773	1.449
50.283	6.879e-02	-3.058	2663	4.834	1.352
50.283	9.080e-02	-3.176	2575	4.893	1.263
50.283	1.189e-01	-3.301	2471	4.946	1.188
50.283	1.560e-01	-3.437	2351	4.996	1.121
50.283	2.050e-01	-3.605	2188	5.039	1.067
50.283	2.674e-01	-3.758	2046	5.076	1.023
50.283	3.530e-01	-3.909	1912	5.109	0.984
50.283	4.650e-01	-4.064	1779	5.139	0.951
50.283	6.112e-01	-4.223	1648	5.165	0.923
50.283	8.068e-01	-4.394	1514	5.189	0.898
50.283	1.056e+00	-4.561	1391	5.208	0.878
50.283	1.394e+00	-4.739	1268	5.225	0.861
50.283	1.825e+00	-4.911	1158	5.240	0.847
50.283	2.395e+00	-5.079	1059	5.253	0.835
50.283	3.137e+00	-5.245	969	5.264	0.824
50.283	4.106e+00	-5.409	887	5.273	0.815
50.283	5.431e+00	-5.571	811	5.282	0.806
50.283	7.140e+00	-5.724	747	5.290	0.799
50.283	9.350e+00	-5.869	690	5.298	0.792
52.378	1.025e-04	-0.991	3410	3.214	8.907
52.378	1.347e-04	-1.083	3353	3.276	8.287
52.378	1.758e-04	-1.170	3303	3.337	7.728
52.378	2.320e-04	-1.252	3268	3.401	7.183
52.378	3.037e-04	-1.329	3241	3.463	6.684
52.378	4.009e-04	-1.403	3221	3.527	6.213
52.378	5.281e-04	-1.467	3209	3.584	5.815
52.378	6.940e-04	-1.511	3204	3.626	5.544
52.378	9.125e-04	-1.534	3202	3.648	5.403
52.378	1.195e-03	-1.549	3201	3.662	5.315
52.378	1.574e-03	-1.570	3199	3.682	5.197
52.378	2.069e-03	-1.611	3196	3.721	4.969
52.378	2.698e-03	-1.727	3187	3.833	4.368
52.378	3.472e-03	-1.850	3194	3.959	3.777
52.378	4.583e-03	-1.965	3203	4.078	3.292
52.378	5.990e-03	-2.089	3162	4.180	2.927
52.378	7.812e-03	-2.206	3111	4.270	2.641
52.378	1.017e-02	-2.314	3064	4.351	2.406
52.378	1.335e-02	-2.418	3018	4.429	2.199
52.378	1.748e-02	-2.518	2973	4.502	2.021
52.378	2.289e-02	-2.611	2936	4.573	1.862
52.378	3.021e-02	-2.706	2896	4.645	1.715
52.378	3.955e-02	-2.811	2832	4.712	1.588
52.378	5.221e-02	-2.917	2767	4.777	1.472
52.378	6.822e-02	-3.019	2704	4.838	1.373
52.378	8.899e-02	-3.128	2624	4.896	1.285
52.378	1.175e-01	-3.255	2521	4.952	1.203
52.378	1.538e-01	-3.377	2419	5.003	1.135
52.378	2.018e-01	-3.542	2260	5.049	1.076
52.378	2.643e-01	-3.697	2114	5.089	1.029
52.378	3.482e-01	-3.852	1972	5.124	0.988
52.378	4.576e-01	-4.003	1841	5.155	0.953
52.378	6.016e-01	-4.158	1711	5.182	0.924
52.378	7.907e-01	-4.321	1580	5.207	0.898
52.378	1.044e+00	-4.494	1448	5.228	0.876
52.378	1.364e+00	-4.663	1327	5.246	0.859
52.378	1.793e+00	-4.840	1209	5.261	0.843
52.378	2.357e+00	-5.008	1106	5.275	0.830
52.378	3.074e+00	-5.174	1012	5.286	0.820
52.378	4.058e+00	-5.340	925	5.297	0.810
52.378	5.303e+00	-5.501	848	5.306	0.801
52.378	7.000e+00	-5.658	778	5.314	0.794
52.378	9.163e+00	-5.805	718	5.321	0.787
55.521	1.016e-04	-0.944	3462	3.218	9.122
55.521	1.333e-04	-1.039	3399	3.281	8.487
55.521	1.746e-04	-1.128	3345	3.343	7.907
55.521	2.286e-04	-1.215	3297	3.404	7.369
55.521	3.017e-04	-1.292	3269	3.467	6.853
55.521	3.975e-04	-1.366	3244	3.528	6.387
55.521	5.205e-04	-1.426	3231	3.580	6.014
55.521	6.814e-04	-1.465	3224	3.616	5.773
55.521	8.994e-04	-1.487	3220	3.635	5.646
55.521	1.175e-03	-1.501	3219	3.649	5.556
55.521	1.551e-03	-1.524	3217	3.671	5.419
55.521	2.031e-03	-1.571	3213	3.716	5.146
55.521	2.639e-03	-1.699	3203	3.838	4.469
55.521	3.430e-03	-1.823	3205	3.964	3.868
55.521	4.508e-03	-1.932	3214	4.077	3.393
55.521	5.880e-03	-2.041	3200	4.178	3.021
55.521	7.777e-03	-2.165	3146	4.273	2.710
55.521	1.014e-02	-2.273	3099	4.354	2.466
55.521	1.331e-02	-2.377	3052	4.433	2.254
55.521	1.750e-02	-2.478	3007	4.507	2.068
55.521	2.301e-02	-2.572	2970	4.580	1.903
55.521	3.024e-02	-2.665	2932	4.650	1.754
55.521	3.975e-02	-2.766	2879	4.719	1.620
55.521	5.225e-02	-2.871	2814	4.785	1.502
55.521	6.815e-02	-2.971	2752	4.846	1.400
55.521	8.945e-02	-3.079	2678	4.907	1.306
55.521	1.176e-01	-3.196	2587	4.964	1.222
55.521	1.546e-01	-3.321	2482	5.018	1.149
55.521	2.031e-01	-3.463	2354	5.067	1.086
55.521	2.682e-01	-3.627	2195	5.110	1.033
55.521	3.510e-01	-3.780	2052	5.146	0.991
55.521	4.607e-01	-3.927	1922	5.179	0.955
55.521	6.055e-01	-4.080	1790	5.208	0.923
55.521	7.961e-01	-4.236	1660	5.234	0.896
55.521	1.046e+00	-4.406	1526	5.257	0.873
55.521	1.376e+00	-4.576	1399	5.276	0.853
55.521	1.808e+00	-4.752	1276	5.293	0.837
55.521	2.358e+00	-4.919	1169	5.307	0.824
55.521	3.113e+00	-5.091	1066	5.319	0.812
55.521	4.075e+00	-5.253	978	5.330	0.802
55.521	5.379e+00	-5.421	892	5.340	0.793
55.521	7.086e+00	-5.578	819	5.349	0.785
55.521	9.313e+00	-5.727	755	5.356	0.778
57.616	1.030e-04	-0.921	3491	3.226	9.215
57.616	1.346e-04	-1.015	3426	3.288	8.581
57.616	1.770e-04	-1.107	3369	3.350	7.986
57.616	2.318e-04	-1.194	3319	3.411	7.443
57.616	3.034e-04	-1.271	3287	3.471	6.944
57.616	4.012e-04	-1.345	3261	3.532	6.479
57.616	5.275e-04	-1.403	3244	3.581	6.122
57.616	6.933e-04	-1.437	3238	3.612	5.909
57.616	9.116e-04	-1.456	3235	3.628	5.797
57.616	1.194e-03	-1.472	3232	3.643	5.700
57.616	1.573e-03	-1.498	3228	3.667	5.544
57.616	2.067e-03	-1.558	3222	3.724	5.192
57.616	2.717e-03	-1.704	3211	3.864	4.421
57.616	3.571e-03	-1.826	3214	3.987	3.834
57.616	4.714e-03	-1.932	3223	4.098	3.373
57.616	6.160e-03	-2.037	3212	4.197	3.011
57.616	8.009e-03	-2.152	3162	4.285	2.723
57.616	1.045e-02	-2.259	3115	4.366	2.480
57.616	1.379e-02	-2.365	3068	4.445	2.263
57.616	1.805e-02	-2.463	3025	4.519	2.079
57.616	2.369e-02	-2.556	2988	4.591	1.914
57.616	3.114e-02	-2.649	2951	4.661	1.765
57.616	4.061e-02	-2.743	2904	4.728	1.633
57.616	5.361e-02	-2.850	2838	4.796	1.512
57.616	7.018e-02	-2.952	2775	4.858	1.407
57.616	9.211e-02	-3.058	2705	4.919	1.312
57.616	1.211e-01	-3.171	2619	4.977	1.227
57.616	1.589e-01	-3.297	2514	5.031	1.153
57.616	2.088e-01	-3.426	2403	5.081	1.088
57.616	2.724e-01	-3.587	2244	5.124	1.036
57.616	3.596e-01	-3.743	2097	5.163	0.991
57.616	4.699e-01	-3.889	1965	5.196	0.954
57.616	6.178e-01	-4.040	1833	5.226	0.922
57.616	8.119e-01	-4.190	1707	5.252	0.894
57.616	1.072e+00	-4.361	1568	5.276	0.870
57.616	1.403e+00	-4.527	1442	5.296	0.850
57.616	1.852e+00	-4.703	1316	5.313	0.833
57.616	2.424e+00	-4.873	1204	5.328	0.819
57.616	3.200e+00	-5.043	1099	5.341	0.807
57.616	4.189e+00	-5.204	1009	5.352	0.797
57.616	5.499e+00	-5.367	924	5.362	0.788
57.616	7.227e+00	-5.524	848	5.370	0.780
57.616	9.502e+00	-5.674	781	5.378	0.773
60.759	1.006e-04	-0.871	3545	3.226	9.463
60.759	1.321e-04	-0.969	3476	3.289	8.794
60.759	1.736e-04	-1.064	3412	3.352	8.182
60.759	2.283e-04	-1.153	3359	3.414	7.620
60.759	2.989e-04	-1.236	3313	3.473	7.116
60.759	3.906e-04	-1.304	3290	3.529	6.676
60.759	5.136e-04	-1.359	3271	3.574	6.336
60.759	6.750e-04	-1.392	3261	3.601	6.141
60.759	8.805e-04	-1.409	3257	3.616	6.038
60.759	1.162e-03	-1.426	3253	3.631	5.931
60.759	1.531e-03	-1.455	3248	3.658	5.754
60.759	2.012e-03	-1.527	3237	3.723	5.335
60.759	2.656e-03	-1.674	3227	3.865	4.533
60.759	3.499e-03	-1.796	3224	3.986	3.944
60.759	4.582e-03	-1.897	3233	4.092	3.491
60.759	5.987e-03	-1.991	3241	4.189	3.120
60.759	7.810e-03	-2.103	3199	4.279	2.813
60.759	1.031e-02	-2.216	3149	4.365	2.548
60.759	1.349e-02	-2.320	3104	4.443	2.330
60.759	1.771e-02	-2.419	3060	4.518	2.138
60.759	2.328e-02	-2.513	3023	4.590	1.966
60.759	3.036e-02	-2.603	2987	4.659	1.816
60.759	3.985e-02	-2.694	2948	4.729	1.677
60.759	5.219e-02	-2.796	2889	4.795	1.553
60.759	6.832e-02	-2.899	2825	4.859	1.443
60.759	9.018e-02	-3.003	2759	4.922	1.342
60.759	1.178e-01	-3.111	2681	4.981	1.255
60.759	1.549e-01	-3.231	2585	5.037	1.176
60.759	2.036e-01	-3.354	2482	5.089	1.107
60.759	2.677e-01	-3.503	2341	5.137	1.048
60.759	3.519e-01	-3.658	2192	5.178	1.000
60.759	4.645e-01	-3.812	2048	5.214	0.959
60.759	6.081e-01	-3.957	1919	5.245	0.925
60.759	7.981e-01	-4.103	1793	5.273	0.896
60.759	1.049e+00	-4.258	1663	5.298	0.871
60.759	1.379e+00	-4.423	1532	5.320	0.849
60.759	1.813e+00	-4.590	1406	5.338	0.831
60.759	2.364e+00	-4.754	1291	5.354	0.817
60.759	3.103e+00	-4.918	1184	5.367	0.804
60.759	4.063e+00	-5.079	1087	5.379	0.793
60.759	5.319e+00	-5.233	1000	5.389	0.784
60.759	6.982e+00	-5.389	919	5.399	0.775
60.759	9.176e+00	-5.540	847	5.407	0.768
62.854	1.041e-04	-0.857	3567	3.237	9.499
62.854	1.374e-04	-0.957	3496	3.302	8.812
62.854	1.799e-04	-1.051	3431	3.364	8.207
62.854	2.375e-04	-1.142	3376	3.426	7.638
62.854	3.109e-04	-1.225	3327	3.485	7.142
62.854	4.080e-04	-1.291	3304	3.538	6.720
62.854	5.362e-04	-1.338	3288	3.577	6.425
62.854	6.994e-04	-1.364	3279	3.598	6.271
62.854	9.180e-04	-1.381	3273	3.612	6.172
62.854	1.207e-03	-1.401	3267	3.629	6.051
62.854	1.593e-03	-1.438	3260	3.662	5.826
62.854	2.085e-03	-1.537	3245	3.753	5.246
62.854	2.668e-03	-1.666	3236	3.877	4.549
62.854	3.522e-03	-1.786	3231	3.994	3.972
62.854	4.602e-03	-1.884	3240	4.097	3.530
62.854	6.003e-03	-1.975	3248	4.192	3.163
62.854	7.879e-03	-2.083	3218	4.284	2.845
62.854	1.024e-02	-2.190	3171	4.366	2.591
62.854	1.341e-02	-2.294	3125	4.444	2.368
62.854	1.756e-02	-2.392	3082	4.518	2.174
62.854	2.318e-02	-2.487	3044	4.592	1.996
62.854	3.034e-02	-2.579	3008	4.662	1.841
62.854	3.951e-02	-2.667	2971	4.730	1.704
62.854	5.186e-02	-2.766	2919	4.797	1.576
62.854	6.815e-02	-2.871	2853	4.863	1.462
62.854	8.961e-02	-2.973	2789	4.926	1.360
62.854	1.173e-01	-3.079	2716	4.985	1.269
62.854	1.536e-01	-3.191	2630	5.042	1.189
62.854	2.031e-01	-3.318	2522	5.096	1.117
62.854	2.650e-01	-3.448	2406	5.144	1.057
62.854	3.498e-01	-3.609	2249	5.187	1.006
62.854	4.579e-01	-3.756	2110	5.224	0.964
62.854	6.010e-01	-3.899	1980	5.256	0.929
62.854	7.870e-01	-4.044	1851	5.285	0.899
62.854	1.030e+00	-4.187	1730	5.310	0.873
62.854	1.360e+00	-4.348	1598	5.333	0.850
62.854	1.780e+00	-4.508	1474	5.352	0.832
62.854	2.337e+00	-4.670	1355	5.369	0.816
62.854	3.071e+00	-4.833	1244	5.383	0.803
62.854	4.038e+00	-4.991	1144	5.396	0.791
62.854	5.307e+00	-5.143	1055	5.406	0.782
62.854	7.005e+00	-5.296	971	5.416	0.773
62.854	9.170e+00	-5.439	899	5.424	0.766
65.997	1.028e-04	-0.814	3616	3.238	9.718
65.997	1.351e-04	-0.914	3544	3.304	9.017
65.997	1.777e-04	-1.011	3475	3.367	8.383
65.997	2.335e-04	-1.103	3415	3.428	7.811
65.997	3.070e-04	-1.186	3365	3.486	7.305
65.997	4.035e-04	-1.254	3330	3.536	6.897
65.997	5.263e-04	-1.296	3316	3.570	6.635
65.997	6.948e-04	-1.319	3308	3.589	6.490
65.997	9.079e-04	-1.335	3302	3.602	6.391
65.997	1.198e-03	-1.359	3294	3.622	6.252
65.997	1.569e-03	-1.404	3279	3.659	5.990
65.997	2.071e-03	-1.525	3258	3.768	5.280
65.997	2.739e-03	-1.662	3248	3.900	4.537
65.997	3.585e-03	-1.774	3242	4.009	4.003
65.997	4.706e-03	-1.869	3251	4.109	3.565
65.997	6.185e-03	-1.961	3259	4.205	3.194
65.997	8.132e-03	-2.061	3242	4.296	2.875
65.997	1.069e-02	-2.172	3193	4.381	2.608
65.997	1.403e-02	-2.276	3147	4.459	2.383
65.997	1.837e-02	-2.373	3106	4.534	2.188
65.997	2.405e-02	-2.465	3069	4.605	2.014
65.997	3.156e-02	-2.557	3032	4.676	1.856
65.997	4.133e-02	-2.648	2995	4.745	1.715
65.997	5.401e-02	-2.741	2950	4.812	1.587
65.997	7.045e-02	-2.843	2886	4.876	1.474
65.997	9.299e-02	-2.948	2820	4.941	1.369
65.997	1.215e-01	-3.049	2753	5.000	1.278
65.997	1.598e-01	-3.159	2672	5.058	1.196
65.997	2.092e-01	-3.281	2569	5.112	1.124
65.997	2.739e-01	-3.401	2466	5.161	1.062
65.997	3.622e-01	-3.559	2311	5.207	1.008
65.997	4.781e-01	-3.707	2171	5.245	0.964
65.997	6.259e-01	-3.848	2038	5.278	0.929
65.997	8.150e-01	-3.983	1917	5.306	0.899
65.997	1.076e+00	-4.121	1798	5.332	0.873
65.997	1.408e+00	-4.263	1679	5.355	0.850
65.997	1.859e+00	-4.416	1555	5.375	0.831
65.997	2.449e+00	-4.568	1439	5.392	0.814
65.997	3.219e+00	-4.717	1332	5.407	0.801
65.997	4.232e+00	-4.864	1233	5.419	0.789
65.997	5.562e+00	-5.004	1144	5.430	0.780
65.997	7.254e+00	-5.131	1069	5.439	0.772
65.997	9.521e+00	-5.260	997	5.447	0.765
67.044	1.034e-04	-0.803	3629	3.241	9.765
67.044	1.365e-04	-0.905	3555	3.307	9.048
67.044	1.786e-04	-1.001	3487	3.370	8.420
67.044	2.358e-04	-1.095	3425	3.432	7.838
67.044	3.087e-04	-1.176	3376	3.489	7.343
67.044	4.075e-04	-1.245	3338	3.538	6.939
67.044	5.334e-04	-1.284	3324	3.569	6.692
67.044	7.041e-04	-1.305	3317	3.587	6.557
67.044	9.201e-04	-1.322	3311	3.600	6.456
67.044	1.215e-03	-1.347	3303	3.621	6.305
67.044	1.590e-03	-1.397	3286	3.663	6.010
67.044	2.052e-03	-1.518	3262	3.771	5.305
67.044	2.688e-03	-1.649	3253	3.896	4.592
67.044	3.518e-03	-1.761	3245	4.005	4.055
67.044	4.618e-03	-1.856	3254	4.105	3.614
67.044	6.069e-03	-1.947	3262	4.200	3.239
67.044	7.916e-03	-2.039	3257	4.289	2.924
67.044	1.039e-02	-2.150	3208	4.373	2.652
67.044	1.366e-02	-2.255	3161	4.453	2.420
67.044	1.781e-02	-2.351	3120	4.526	2.224
67.044	2.351e-02	-2.446	3082	4.601	2.041
67.044	3.078e-02	-2.538	3045	4.671	1.882
67.044	4.063e-02	-2.631	3007	4.742	1.734
67.044	5.319e-02	-2.722	2968	4.810	1.604
67.044	7.021e-02	-2.829	2901	4.878	1.484
67.044	9.191e-02	-2.930	2836	4.940	1.381
67.044	1.213e-01	-3.034	2769	5.002	1.285
67.044	1.588e-01	-3.142	2690	5.060	1.203
67.044	2.096e-01	-3.265	2587	5.116	1.128
67.044	2.744e-01	-3.384	2487	5.165	1.066
67.044	3.602e-01	-3.533	2342	5.210	1.012
67.044	4.717e-01	-3.677	2203	5.248	0.969
67.044	6.175e-01	-3.817	2072	5.281	0.933
67.044	8.151e-01	-3.955	1947	5.311	0.901
67.044	1.067e+00	-4.086	1832	5.336	0.875
67.044	1.408e+00	-4.225	1713	5.360	0.852
67.044	1.844e+00	-4.367	1597	5.380	0.833
67.044	2.438e+00	-4.517	1481	5.397	0.816
67.044	3.206e+00	-4.660	1375	5.412	0.802
67.044	4.198e+00	-4.798	1279	5.424	0.791
67.044	5.530e+00	-4.933	1191	5.435	0.781
67.044	7.268e+00	-5.059	1113	5.444	0.773
67.044	9.556e+00	-5.177	1045	5.452	0.766
68.092	1.037e-04	-0.792	3643	3.243	9.820
68.092	1.368e-04	-0.894	3569	3.310	9.096
68.092	1.791e-04	-0.990	3501	3.372	8.464
68.092	2.364e-04	-1.084	3437	3.434	7.879
68.092	3.095e-04	-1.165	3387	3.490	7.386
68.092	4.062e-04	-1.232	3349	3.537	6.997
68.092	5.339e-04	-1.270	3333	3.568	6.758
68.092	6.964e-04	-1.290	3327	3.584	6.633
68.092	9.053e-04	-1.306	3321	3.597	6.533
68.092	1.188e-03	-1.331	3312	3.617	6.383
68.092	1.562e-03	-1.383	3294	3.660	6.078
68.092	2.053e-03	-1.516	3266	3.778	5.303
68.092	2.689e-03	-1.644	3257	3.900	4.607
68.092	3.520e-03	-1.754	3249	4.007	4.074
68.092	4.646e-03	-1.851	3257	4.108	3.627
68.092	6.083e-03	-1.940	3265	4.201	3.258
68.092	7.920e-03	-2.027	3266	4.289	2.945
68.092	1.045e-02	-2.141	3216	4.376	2.665
68.092	1.369e-02	-2.244	3170	4.454	2.435
68.092	1.807e-02	-2.345	3128	4.531	2.228
68.092	2.365e-02	-2.437	3091	4.603	2.051
68.092	3.104e-02	-2.529	3054	4.675	1.889
68.092	4.065e-02	-2.620	3017	4.744	1.745
68.092	5.312e-02	-2.710	2978	4.811	1.614
68.092	7.012e-02	-2.815	2914	4.879	1.493
68.092	9.179e-02	-2.917	2850	4.942	1.389
68.092	1.195e-01	-3.015	2787	5.001	1.297
68.092	1.554e-01	-3.119	2712	5.058	1.215
68.092	2.039e-01	-3.237	2617	5.113	1.140
68.092	2.680e-01	-3.357	2514	5.164	1.075
68.092	3.496e-01	-3.492	2387	5.209	1.021
68.092	4.623e-01	-3.642	2241	5.250	0.974
68.092	6.030e-01	-3.780	2111	5.283	0.938
68.092	7.960e-01	-3.913	1988	5.313	0.906
68.092	1.042e+00	-4.044	1872	5.339	0.879
68.092	1.378e+00	-4.176	1759	5.363	0.856
68.092	1.819e+00	-4.314	1644	5.383	0.836
68.092	2.396e+00	-4.456	1530	5.401	0.819
68.092	3.149e+00	-4.593	1427	5.416	0.805
68.092	4.141e+00	-4.724	1332	5.428	0.793
68.092	5.442e+00	-4.851	1247	5.439	0.783
68.092	7.197e+00	-4.972	1169	5.449	0.775
68.092	9.463e+00	-5.078	1104	5.456	0.768
69.139	1.006e-04	-0.769	3664	3.237	9.964
69.139	1.317e-04	-0.868	3593	3.302	9.245
69.139	1.739e-04	-0.968	3521	3.367	8.579
69.139	2.273e-04	-1.060	3458	3.427	8.004
69.139	2.988e-04	-1.144	3405	3.485	7.492
69.139	3.927e-04	-1.212	3365	3.532	7.092
69.139	5.122e-04	-1.253	3344	3.562	6.850
69.139	6.761e-04	-1.274	3336	3.580	6.716
69.139	8.836e-04	-1.291	3331	3.593	6.612
69.139	1.166e-03	-1.316	3322	3.614	6.457
69.139	1.527e-03	-1.367	3304	3.656	6.153
69.139	1.973e-03	-1.491	3274	3.764	5.434
69.139	2.584e-03	-1.621	3262	3.888	4.711
69.139	3.383e-03	-1.733	3254	3.995	4.164
69.139	4.440e-03	-1.829	3259	4.094	3.716
69.139	5.814e-03	-1.918	3267	4.187	3.338
69.139	7.598e-03	-2.004	3274	4.276	3.012
69.139	9.911e-03	-2.109	3235	4.360	2.734
69.139	1.308e-02	-2.217	3187	4.442	2.487
69.139	1.713e-02	-2.315	3144	4.518	2.281
69.139	2.261e-02	-2.411	3107	4.593	2.092
69.139	2.959e-02	-2.503	3070	4.663	1.929
69.139	3.853e-02	-2.591	3034	4.731	1.783
69.139	5.086e-02	-2.684	2995	4.802	1.645
69.139	6.647e-02	-2.782	2940	4.868	1.524
69.139	8.740e-02	-2.886	2874	4.933	1.415
69.139	1.149e-01	-2.988	2809	4.995	1.317
69.139	1.498e-01	-3.091	2738	5.053	1.232
69.139	1.978e-01	-3.206	2648	5.110	1.153
69.139	2.589e-01	-3.326	2546	5.161	1.087
69.139	3.417e-01	-3.457	2427	5.209	1.029
69.139	4.519e-01	-3.608	2279	5.251	0.981
69.139	5.916e-01	-3.744	2149	5.285	0.943
69.139	7.824e-01	-3.878	2025	5.316	0.910
69.139	1.029e+00	-4.007	1908	5.342	0.883
69.139	1.352e+00	-4.130	1802	5.365	0.860
69.139	1.778e+00	-4.258	1694	5.386	0.840
69.139	2.336e+00	-4.388	1587	5.403	0.823
69.139	3.047e+00	-4.514	1489	5.418	0.809
69.139	4.023e+00	-4.639	1396	5.431	0.797
69.139	5.266e+00	-4.754	1314	5.441	0.787
69.139	6.951e+00	-4.864	1241	5.451	0.779
69.139	9.084e+00	-4.959	1179	5.458	0.773
70.187	1.018e-04	-0.762	3674	3.241	9.992
70.187	1.324e-04	-0.858	3606	3.305	9.287
70.187	1.738e-04	-0.956	3535	3.368	8.630
70.187	2.276e-04	-1.049	3470	3.429	8.048
70.187	2.979e-04	-1.132	3417	3.485	7.544
70.187	3.910e-04	-1.198	3378	3.532	7.151
70.187	5.139e-04	-1.240	3354	3.561	6.912
70.187	6.756e-04	-1.260	3346	3.577	6.786
70.187	8.848e-04	-1.277	3340	3.591	6.680
70.187	1.165e-03	-1.303	3331	3.612	6.517
70.187	1.532e-03	-1.360	3311	3.658	6.182
70.187	2.014e-03	-1.500	3276	3.781	5.368
70.187	2.647e-03	-1.627	3266	3.902	4.671
70.187	3.480e-03	-1.738	3258	4.008	4.132
70.187	4.574e-03	-1.833	3263	4.106	3.692
70.187	6.014e-03	-1.922	3271	4.199	3.316
70.187	7.875e-03	-2.007	3278	4.288	2.993
70.187	1.029e-02	-2.113	3238	4.372	2.716
70.187	1.353e-02	-2.218	3191	4.453	2.476
70.187	1.778e-02	-2.318	3149	4.529	2.269
70.187	2.320e-02	-2.409	3113	4.600	2.089
70.187	3.062e-02	-2.503	3075	4.673	1.921
70.187	4.008e-02	-2.594	3038	4.743	1.774
70.187	5.291e-02	-2.687	2999	4.813	1.636
70.187	6.926e-02	-2.786	2943	4.879	1.515
70.187	9.143e-02	-2.891	2876	4.945	1.405
70.187	1.197e-01	-2.991	2813	5.006	1.310
70.187	1.580e-01	-3.098	2738	5.066	1.222
70.187	2.068e-01	-3.210	2649	5.121	1.147
70.187	2.730e-01	-3.332	2545	5.174	1.080
70.187	3.574e-01	-3.459	2430	5.220	1.024
70.187	4.726e-01	-3.607	2284	5.261	0.977
70.187	6.214e-01	-3.742	2155	5.295	0.939
70.187	8.167e-01	-3.870	2036	5.324	0.908
70.187	1.074e+00	-3.993	1925	5.349	0.882
70.187	1.411e+00	-4.110	1823	5.372	0.860
70.187	1.841e+00	-4.225	1725	5.391	0.841
70.187	2.430e+00	-4.347	1624	5.408	0.824
70.187	3.181e+00	-4.465	1530	5.423	0.811
70.187	4.199e+00	-4.578	1444	5.435	0.799
70.187	5.497e+00	-4.678	1371	5.445	0.790
70.187	7.214e+00	-4.772	1305	5.453	0.783
70.187	9.482e+00	-4.853	1250	5.460	0.777
71.234	1.039e-04	-0.757	3683	3.247	9.997
71.234	1.366e-04	-0.858	3612	3.314	9.261
71.234	1.789e-04	-0.955	3541	3.377	8.612
71.234	2.342e-04	-1.047	3476	3.437	8.035
71.234	3.091e-04	-1.131	3422	3.493	7.530
71.234	4.047e-04	-1.192	3387	3.536	7.168
71.234	5.342e-04	-1.229	3365	3.562	6.956
71.234	6.993e-04	-1.249	3354	3.576	6.843
71.234	9.178e-04	-1.267	3348	3.591	6.730
71.234	1.206e-03	-1.296	3337	3.615	6.545
71.234	1.592e-03	-1.367	3312	3.673	6.121
71.234	2.097e-03	-1.517	3278	3.804	5.263
71.234	2.757e-03	-1.638	3269	3.921	4.601
71.234	3.639e-03	-1.748	3261	4.026	4.077
71.234	4.764e-03	-1.839	3267	4.121	3.655
71.234	6.288e-03	-1.929	3275	4.215	3.281
71.234	8.231e-03	-2.013	3281	4.303	2.965
71.234	1.087e-02	-2.123	3238	4.389	2.684
71.234	1.420e-02	-2.226	3192	4.467	2.454
71.234	1.867e-02	-2.324	3151	4.543	2.249
71.234	2.454e-02	-2.418	3114	4.616	2.067
71.234	3.200e-02	-2.508	3078	4.686	1.907
71.234	4.201e-02	-2.599	3041	4.756	1.760
71.234	5.521e-02	-2.690	3002	4.825	1.626
71.234	7.201e-02	-2.788	2946	4.890	1.508
71.234	9.505e-02	-2.893	2880	4.956	1.398
71.234	1.244e-01	-2.993	2816	5.017	1.303
71.234	1.633e-01	-3.098	2743	5.076	1.218
71.234	2.146e-01	-3.211	2653	5.131	1.142
71.234	2.822e-01	-3.331	2551	5.182	1.077
71.234	3.696e-01	-3.454	2439	5.228	1.022
71.234	4.838e-01	-3.595	2300	5.267	0.977
71.234	6.350e-01	-3.725	2176	5.301	0.940
71.234	8.345e-01	-3.850	2058	5.329	0.909
71.234	1.097e+00	-3.968	1951	5.354	0.884
71.234	1.442e+00	-4.077	1855	5.376	0.862
71.234	1.881e+00	-4.183	1764	5.394	0.844
71.234	2.483e+00	-4.293	1672	5.411	0.828
71.234	3.271e+00	-4.401	1584	5.425	0.814
71.234	4.299e+00	-4.499	1507	5.437	0.804
71.234	5.607e+00	-4.585	1442	5.446	0.795
71.234	7.401e+00	-4.661	1386	5.453	0.788
71.234	9.749e+00	-4.726	1340	5.459	0.783
72.282	1.013e-04	-0.737	3702	3.242	10.131
72.282	1.326e-04	-0.835	3634	3.308	9.392
72.282	1.750e-04	-0.936	3560	3.373	8.710
72.282	2.287e-04	-1.028	3494	3.433	8.128
72.282	2.983e-04	-1.110	3440	3.487	7.635
72.282	3.938e-04	-1.174	3402	3.532	7.253
72.282	5.155e-04	-1.211	3380	3.558	7.040
72.282	6.766e-04	-1.231	3369	3.573	6.923
72.282	8.892e-04	-1.251	3357	3.587	6.811
72.282	1.174e-03	-1.281	3347	3.611	6.625
72.282	1.537e-03	-1.346	3324	3.664	6.228
72.282	2.028e-03	-1.498	3285	3.795	5.357
72.282	2.655e-03	-1.618	3274	3.910	4.694
72.282	3.505e-03	-1.728	3266	4.015	4.158
72.282	4.588e-03	-1.821	3269	4.110	3.729
72.282	6.022e-03	-1.908	3277	4.201	3.356
72.282	7.886e-03	-1.992	3284	4.289	3.033
72.282	1.031e-02	-2.092	3256	4.374	2.752
72.282	1.355e-02	-2.198	3209	4.455	2.508
72.282	1.781e-02	-2.297	3167	4.531	2.297
72.282	2.323e-02	-2.389	3131	4.603	2.114
72.282	3.066e-02	-2.483	3093	4.676	1.944
72.282	4.014e-02	-2.573	3056	4.745	1.794
72.282	5.268e-02	-2.664	3018	4.814	1.657
72.282	6.924e-02	-2.761	2968	4.882	1.533
72.282	9.103e-02	-2.865	2902	4.947	1.422
72.282	1.192e-01	-2.965	2839	5.009	1.324
72.282	1.561e-01	-3.066	2771	5.068	1.237
72.282	2.048e-01	-3.174	2690	5.125	1.160
72.282	2.692e-01	-3.294	2586	5.177	1.092
72.282	3.511e-01	-3.407	2489	5.223	1.036
72.282	4.608e-01	-3.547	2352	5.264	0.988
72.282	6.057e-01	-3.678	2225	5.298	0.949
72.282	7.963e-01	-3.801	2108	5.328	0.918
72.282	1.047e+00	-3.911	2008	5.353	0.892
72.282	1.365e+00	-4.015	1913	5.374	0.870
72.282	1.792e+00	-4.113	1828	5.392	0.852
72.282	2.355e+00	-4.209	1746	5.408	0.836
72.282	3.096e+00	-4.301	1669	5.422	0.823
72.282	4.054e+00	-4.387	1598	5.433	0.813
72.282	5.308e+00	-4.462	1539	5.442	0.804
72.282	7.006e+00	-4.524	1491	5.449	0.798
72.282	9.156e+00	-4.570	1456	5.454	0.793
73.330	1.013e-04	-0.725	3715	3.243	10.194
73.330	1.321e-04	-0.822	3648	3.308	9.456
73.330	1.743e-04	-0.923	3574	3.374	8.768
73.330	2.282e-04	-1.016	3508	3.434	8.178
73.330	2.996e-04	-1.099	3451	3.489	7.676
73.330	3.937e-04	-1.161	3414	3.532	7.309
73.330	5.176e-04	-1.196	3393	3.556	7.103
73.330	6.803e-04	-1.216	3382	3.571	6.988
73.330	8.874e-04	-1.236	3370	3.585	6.875
73.330	1.174e-03	-1.270	3355	3.610	6.678
73.330	1.543e-03	-1.343	3329	3.670	6.232
73.330	2.028e-03	-1.494	3289	3.800	5.365
73.330	2.645e-03	-1.612	3278	3.912	4.718
73.330	3.491e-03	-1.720	3270	4.016	4.184
73.330	4.571e-03	-1.813	3272	4.110	3.756
73.330	5.999e-03	-1.900	3280	4.201	3.382
73.330	7.856e-03	-1.984	3287	4.289	3.057
73.330	1.028e-02	-2.080	3266	4.374	2.772
73.330	1.350e-02	-2.186	3218	4.454	2.527
73.330	1.774e-02	-2.285	3176	4.531	2.314
73.330	2.314e-02	-2.377	3140	4.603	2.130
73.330	3.037e-02	-2.469	3103	4.674	1.961
73.330	3.977e-02	-2.560	3066	4.744	1.810
73.330	5.206e-02	-2.650	3029	4.813	1.673
73.330	6.833e-02	-2.743	2984	4.880	1.547
73.330	8.981e-02	-2.848	2918	4.946	1.434
73.330	1.181e-01	-2.950	2853	5.009	1.334
73.330	1.552e-01	-3.050	2788	5.069	1.245
73.330	2.040e-01	-3.158	2707	5.126	1.166
73.330	2.682e-01	-3.277	2606	5.179	1.097
73.330	3.498e-01	-3.387	2511	5.225	1.041
73.330	4.617e-01	-3.523	2380	5.267	0.991
73.330	6.082e-01	-3.652	2254	5.302	0.952
73.330	7.964e-01	-3.770	2141	5.330	0.922
73.330	1.043e+00	-3.874	2045	5.354	0.896
73.330	1.376e+00	-3.976	1952	5.375	0.875
73.330	1.802e+00	-4.063	1875	5.393	0.858
73.330	2.365e+00	-4.145	1804	5.408	0.843
73.330	3.108e+00	-4.222	1738	5.420	0.831
73.330	4.102e+00	-4.291	1680	5.431	0.821
73.330	5.370e+00	-4.350	1632	5.439	0.813
73.330	7.049e+00	-4.395	1595	5.444	0.808
73.330	9.264e+00	-4.425	1571	5.448	0.805
74.377	1.037e-04	-0.723	3722	3.250	10.186
74.377	1.368e-04	-0.824	3652	3.318	9.417
74.377	1.791e-04	-0.922	3580	3.381	8.753
74.377	2.364e-04	-1.017	3512	3.443	8.152
74.377	3.090e-04	-1.096	3458	3.495	7.675
74.377	4.063e-04	-1.153	3423	3.535	7.336
74.377	5.320e-04	-1.184	3405	3.556	7.155
74.377	6.916e-04	-1.202	3394	3.569	7.049
74.377	9.038e-04	-1.224	3382	3.584	6.927
74.377	1.193e-03	-1.262	3362	3.612	6.711
74.377	1.562e-03	-1.345	3332	3.680	6.203
74.377	2.062e-03	-1.500	3292	3.813	5.322
74.377	2.716e-03	-1.618	3281	3.926	4.675
74.377	3.569e-03	-1.722	3274	4.026	4.164
74.377	4.655e-03	-1.813	3275	4.118	3.748
74.377	6.145e-03	-1.901	3283	4.210	3.372
74.377	8.030e-03	-1.983	3291	4.296	3.053
74.377	1.047e-02	-2.077	3271	4.380	2.773
74.377	1.385e-02	-2.185	3223	4.462	2.521
74.377	1.807e-02	-2.281	3183	4.537	2.315
74.377	2.385e-02	-2.377	3145	4.612	2.123
74.377	3.122e-02	-2.469	3109	4.683	1.956
74.377	4.098e-02	-2.560	3071	4.753	1.804
74.377	5.386e-02	-2.651	3033	4.822	1.666
74.377	7.081e-02	-2.745	2988	4.891	1.540
74.377	9.273e-02	-2.848	2923	4.955	1.429
74.377	1.214e-01	-2.948	2859	5.017	1.331
74.377	1.581e-01	-3.044	2797	5.075	1.245
74.377	2.086e-01	-3.154	2715	5.133	1.165
74.377	2.748e-01	-3.272	2615	5.186	1.096
74.377	3.612e-01	-3.383	2519	5.232	1.039
74.377	4.711e-01	-3.509	2399	5.273	0.992
74.377	6.219e-01	-3.636	2274	5.307	0.953
74.377	8.192e-01	-3.750	2165	5.335	0.923
74.377	1.077e+00	-3.850	2071	5.358	0.899
74.377	1.413e+00	-3.939	1990	5.378	0.879
74.377	1.857e+00	-4.018	1918	5.394	0.863
74.377	2.442e+00	-4.086	1859	5.407	0.850
74.377	3.209e+00	-4.147	1806	5.418	0.839
74.377	4.186e+00	-4.196	1764	5.426	0.831
74.377	5.526e+00	-4.236	1730	5.432	0.825
74.377	7.234e+00	-4.263	1707	5.436	0.822
74.377	9.549e+00	-4.280	1693	5.439	0.819
75.425	1.025e-04	-0.707	3737	3.248	10.281
75.425	1.341e-04	-0.805	3670	3.314	9.523
75.425	1.771e-04	-0.906	3597	3.380	8.828
75.425	2.318e-04	-0.999	3530	3.440	8.237
75.425	3.060e-04	-1.082	3472	3.494	7.738
75.425	4.006e-04	-1.138	3437	3.532	7.407
75.425	5.257e-04	-1.168	3419	3.554	7.226
75.425	6.885e-04	-1.187	3408	3.567	7.117
75.425	8.950e-04	-1.209	3395	3.582	6.994
75.425	1.170e-03	-1.247	3373	3.609	6.780
75.425	1.538e-03	-1.335	3340	3.680	6.252
75.425	2.021e-03	-1.487	3298	3.810	5.381
75.425	2.668e-03	-1.606	3285	3.922	4.727
75.425	3.492e-03	-1.708	3278	4.021	4.220
75.425	4.547e-03	-1.799	3278	4.111	3.802
75.425	6.003e-03	-1.887	3286	4.203	3.422
75.425	7.858e-03	-1.969	3293	4.290	3.097
75.425	1.037e-02	-2.063	3282	4.377	2.801
75.425	1.372e-02	-2.171	3233	4.460	2.546
75.425	1.796e-02	-2.269	3192	4.536	2.333
75.425	2.338e-02	-2.360	3157	4.607	2.149
75.425	3.069e-02	-2.453	3120	4.679	1.978
75.425	3.990e-02	-2.541	3084	4.747	1.829
75.425	5.225e-02	-2.631	3046	4.816	1.690
75.425	6.839e-02	-2.721	3007	4.883	1.564
75.425	8.977e-02	-2.824	2943	4.949	1.450
75.425	1.180e-01	-2.926	2878	5.012	1.348
75.425	1.551e-01	-3.025	2816	5.073	1.257
75.425	2.039e-01	-3.131	2737	5.130	1.177
75.425	2.680e-01	-3.245	2643	5.183	1.107
75.425	3.523e-01	-3.357	2547	5.231	1.048
75.425	4.595e-01	-3.472	2440	5.271	1.000
75.425	6.077e-01	-3.599	2314	5.306	0.961
75.425	7.990e-01	-3.707	2211	5.335	0.930
75.425	1.050e+00	-3.804	2117	5.357	0.906
75.425	1.381e+00	-3.883	2045	5.376	0.887
75.425	1.815e+00	-3.956	1977	5.391	0.872
75.425	2.395e+00	-4.015	1925	5.402	0.860
75.425	3.136e+00	-4.060	1886	5.411	0.851
75.425	4.139e+00	-4.095	1855	5.418	0.845
75.425	5.409e+00	-4.119	1833	5.422	0.841
75.425	7.111e+00	-4.134	1821	5.425	0.838
75.425	9.347e+00	-4.141	1814	5.426	0.837
76.472	1.004e-04	-0.689	3755	3.243	10.405
76.472	1.314e-04	-0.787	3688	3.310	9.634
76.472	1.735e-04	-0.888	3615	3.376	8.926
76.472	2.267e-04	-0.981	3548	3.436	8.329
76.472	2.980e-04	-1.063	3489	3.490	7.828
76.472	3.917e-04	-1.121	3452	3.529	7.485
76.472	5.150e-04	-1.152	3433	3.551	7.302
76.472	6.744e-04	-1.171	3422	3.564	7.191
76.472	8.883e-04	-1.194	3408	3.580	7.058
76.472	1.168e-03	-1.235	3384	3.609	6.826
76.472	1.535e-03	-1.332	3345	3.686	6.251
76.472	2.005e-03	-1.481	3303	3.812	5.405
76.472	2.647e-03	-1.599	3289	3.923	4.757
76.472	3.459e-03	-1.699	3282	4.020	4.254
76.472	4.512e-03	-1.791	3280	4.111	3.833
76.472	5.956e-03	-1.878	3288	4.202	3.452
76.472	7.797e-03	-1.960	3296	4.288	3.126
76.472	1.029e-02	-2.049	3292	4.375	2.827
76.472	1.345e-02	-2.154	3246	4.455	2.579
76.472	1.768e-02	-2.254	3203	4.532	2.359
76.472	2.316e-02	-2.347	3167	4.606	2.168
76.472	3.031e-02	-2.439	3130	4.677	1.997
76.472	3.979e-02	-2.530	3093	4.748	1.841
76.472	5.229e-02	-2.621	3055	4.817	1.699
76.472	6.875e-02	-2.712	3016	4.886	1.570
76.472	9.036e-02	-2.815	2953	4.952	1.454
76.472	1.179e-01	-2.914	2890	5.014	1.355
76.472	1.547e-01	-3.012	2828	5.074	1.264
76.472	2.033e-01	-3.117	2753	5.132	1.183
76.472	2.673e-01	-3.228	2662	5.185	1.113
76.472	3.513e-01	-3.339	2566	5.232	1.054
76.472	4.582e-01	-3.446	2470	5.273	1.006
76.472	6.049e-01	-3.570	2347	5.308	0.966
76.472	7.919e-01	-3.672	2248	5.335	0.936
76.472	1.039e+00	-3.762	2161	5.357	0.913
76.472	1.366e+00	-3.836	2091	5.374	0.895
76.472	1.796e+00	-3.894	2038	5.388	0.881
76.472	2.360e+00	-3.945	1992	5.398	0.871
76.472	3.103e+00	-3.979	1961	5.405	0.864
76.472	4.079e+00	-4.001	1941	5.409	0.860
76.472	5.363e+00	-4.013	1930	5.411	0.857
76.472	7.022e+00	-4.019	1925	5.413	0.856
76.472	9.193e+00	-4.021	1923	5.413	0.855
77.520	1.008e-04	-0.679	3766	3.245	10.454
77.520	1.311e-04	-0.775	3701	3.310	9.696
77.520	1.730e-04	-0.876	3629	3.377	8.981
77.520	2.261e-04	-0.969	3561	3.437	8.381
77.520	2.949e-04	-1.049	3504	3.489	7.894
77.520	3.892e-04	-1.107	3466	3.528	7.549
77.520	5.096e-04	-1.137	3447	3.548	7.372
77.520	6.688e-04	-1.156	3435	3.562	7.260
77.520	8.790e-04	-1.179	3421	3.578	7.124
77.520	1.160e-03	-1.223	3396	3.609	6.877
77.520	1.519e-03	-1.325	3351	3.688	6.279
77.520	2.009e-03	-1.477	3307	3.817	5.411
77.520	2.652e-03	-1.594	3293	3.926	4.771
77.520	3.465e-03	-1.694	3286	4.023	4.271
77.520	4.520e-03	-1.785	3283	4.112	3.851
77.520	5.966e-03	-1.871	3291	4.203	3.470
77.520	7.810e-03	-1.953	3298	4.289	3.144
77.520	1.017e-02	-2.034	3303	4.371	2.858
77.520	1.335e-02	-2.141	3256	4.453	2.602
77.520	1.754e-02	-2.241	3213	4.530	2.380
77.520	2.288e-02	-2.333	3177	4.603	2.189
77.520	2.974e-02	-2.422	3142	4.673	2.020
77.520	3.904e-02	-2.514	3104	4.744	1.862
77.520	5.131e-02	-2.605	3066	4.814	1.718
77.520	6.746e-02	-2.696	3027	4.882	1.587
77.520	8.866e-02	-2.797	2969	4.949	1.470
77.520	1.170e-01	-2.900	2903	5.014	1.364
77.520	1.529e-01	-2.997	2843	5.074	1.274
77.520	1.988e-01	-3.095	2773	5.129	1.195
77.520	2.593e-01	-3.199	2692	5.181	1.125
77.520	3.430e-01	-3.313	2593	5.230	1.063
77.520	4.474e-01	-3.413	2506	5.271	1.014
77.520	5.905e-01	-3.532	2388	5.307	0.974
77.520	7.717e-01	-3.631	2292	5.333	0.944
77.520	1.015e+00	-3.715	2211	5.355	0.921
77.520	1.334e+00	-3.785	2143	5.371	0.904
77.520	1.753e+00	-3.836	2096	5.383	0.892
77.520	2.304e+00	-3.872	2063	5.392	0.883
77.520	3.006e+00	-3.897	2040	5.397	0.877
77.520	3.945e+00	-3.913	2025	5.401	0.874
77.520	5.185e+00	-3.919	2019	5.402	0.873
77.520	6.763e+00	-3.922	2017	5.402	0.872
77.520	8.876e+00	-3.922	2017	5.402	0.872
78.567	1.009e-04	-0.669	3778	3.246	10.514
78.567	1.324e-04	-0.768	3711	3.314	9.723
78.567	1.740e-04	-0.867	3640	3.379	9.016
78.567	2.287e-04	-0.962	3571	3.441	8.403
78.567	2.995e-04	-1.041	3514	3.492	7.918
78.567	3.921e-04	-1.095	3478	3.528	7.601
78.567	5.176e-04	-1.124	3459	3.547	7.430
78.567	6.764e-04	-1.143	3448	3.560	7.319
78.567	8.928e-04	-1.168	3433	3.578	7.172
78.567	1.169e-03	-1.214	3405	3.611	6.907
78.567	1.543e-03	-1.334	3352	3.703	6.210
78.567	2.024e-03	-1.479	3310	3.826	5.391
78.567	2.661e-03	-1.592	3297	3.932	4.774
78.567	3.498e-03	-1.692	3290	4.028	4.270
78.567	4.598e-03	-1.785	3287	4.120	3.844
78.567	6.045e-03	-1.869	3294	4.208	3.472
78.567	7.945e-03	-1.952	3302	4.295	3.143
78.567	1.036e-02	-2.032	3307	4.378	2.857
78.567	1.368e-02	-2.140	3260	4.461	2.596
78.567	1.791e-02	-2.238	3219	4.537	2.378
78.567	2.364e-02	-2.334	3181	4.613	2.179
78.567	3.094e-02	-2.426	3145	4.684	2.007
78.567	4.061e-02	-2.518	3107	4.755	1.850
78.567	5.338e-02	-2.609	3069	4.825	1.708
78.567	6.962e-02	-2.697	3031	4.891	1.581
78.567	9.138e-02	-2.797	2974	4.958	1.465
78.567	1.201e-01	-2.898	2909	5.021	1.361
78.567	1.566e-01	-2.994	2849	5.080	1.272
78.567	2.068e-01	-3.097	2776	5.139	1.189
78.567	2.707e-01	-3.202	2694	5.191	1.120
78.567	3.580e-01	-3.313	2597	5.239	1.060
78.567	4.669e-01	-3.409	2514	5.278	1.013
78.567	6.164e-01	-3.521	2404	5.312	0.974
78.567	8.069e-01	-3.613	2313	5.338	0.946
78.567	1.059e+00	-3.687	2242	5.357	0.925
78.567	1.392e+00	-3.745	2185	5.371	0.910
78.567	1.837e+00	-3.787	2145	5.381	0.900
78.567	2.401e+00	-3.812	2122	5.387	0.894
78.567	3.157e+00	-3.826	2109	5.390	0.891
78.567	4.134e+00	-3.833	2103	5.391	0.889
78.567	5.411e+00	-3.835	2100	5.392	0.888
78.567	7.188e+00	-3.836	2100	5.392	0.888
78.567	9.567e+00	-3.836	2099	5.392	0.888
80.663	1.046e-04	-0.662	3793	3.257	10.522
80.663	1.367e-04	-0.759	3727	3.324	9.741
80.663	1.784e-04	-0.855	3659	3.387	9.052
80.663	2.354e-04	-0.949	3589	3.448	8.436
80.663	3.082e-04	-1.024	3536	3.497	7.977
80.663	4.069e-04	-1.073	3502	3.529	7.691
80.663	5.326e-04	-1.097	3486	3.545	7.547
80.663	6.990e-04	-1.117	3473	3.559	7.431
80.663	9.187e-04	-1.146	3454	3.579	7.260
80.663	1.213e-03	-1.207	3418	3.622	6.911
80.663	1.588e-03	-1.351	3353	3.732	6.088
80.663	2.096e-03	-1.487	3316	3.849	5.321
80.663	2.743e-03	-1.594	3303	3.949	4.743
80.663	3.601e-03	-1.691	3297	4.042	4.258
80.663	4.715e-03	-1.781	3293	4.131	3.846
80.663	6.173e-03	-1.863	3300	4.216	3.485
80.663	8.148e-03	-1.946	3308	4.303	3.153
80.663	1.067e-02	-2.026	3314	4.387	2.864
80.663	1.389e-02	-2.126	3274	4.466	2.615
80.663	1.833e-02	-2.227	3232	4.545	2.388
80.663	2.396e-02	-2.320	3196	4.618	2.195
80.663	3.150e-02	-2.413	3159	4.691	2.019
80.663	4.125e-02	-2.504	3122	4.761	1.862
80.663	5.400e-02	-2.594	3085	4.830	1.720
80.663	7.087e-02	-2.684	3046	4.898	1.590
80.663	9.315e-02	-2.782	2992	4.965	1.472
80.663	1.225e-01	-2.883	2928	5.029	1.368
80.663	1.610e-01	-2.981	2867	5.090	1.275
80.663	2.116e-01	-3.080	2798	5.147	1.194
80.663	2.781e-01	-3.181	2721	5.199	1.124
80.663	3.671e-01	-3.289	2627	5.246	1.065
80.663	4.806e-01	-3.378	2551	5.284	1.020
80.663	6.308e-01	-3.470	2463	5.316	0.983
80.663	8.291e-01	-3.553	2381	5.339	0.957
80.663	1.088e+00	-3.612	2323	5.355	0.939
80.663	1.430e+00	-3.652	2284	5.366	0.928
80.663	1.865e+00	-3.676	2260	5.372	0.921
80.663	2.462e+00	-3.688	2249	5.375	0.918
80.663	3.218e+00	-3.693	2244	5.376	0.917
80.663	4.197e+00	-3.694	2243	5.376	0.917
80.663	5.575e+00	-3.695	2242	5.377	0.916
80.663	7.420e+00	-3.695	2242	5.377	0.916
80.663	9.876e+00	-3.695	2242	5.377	0.916
81.710	1.028e-04	-0.646	3807	3.253	10.640
81.710	1.345e-04	-0.743	3742	3.320	9.840
81.710	1.766e-04	-0.840	3675	3.386	9.126
81.710	2.312e-04	-0.933	3606	3.446	8.519
81.710	3.027e-04	-1.008	3552	3.494	8.054
81.710	3.996e-04	-1.057	3517	3.526	7.764
81.710	5.231e-04	-1.081	3500	3.543	7.619
81.710	6.865e-04	-1.102	3487	3.556	7.501
81.710	9.023e-04	-1.131	3468	3.576	7.328
81.710	1.191e-03	-1.194	3430	3.620	6.972
81.710	1.559e-03	-1.339	3361	3.730	6.140
81.710	2.058e-03	-1.476	3321	3.846	5.372
81.710	2.711e-03	-1.585	3307	3.947	4.780
81.710	3.563e-03	-1.682	3301	4.041	4.293
81.710	4.685e-03	-1.773	3297	4.130	3.874
81.710	6.157e-03	-1.856	3303	4.217	3.507
81.710	8.095e-03	-1.938	3310	4.302	3.179
81.710	1.060e-02	-2.017	3317	4.385	2.889
81.710	1.396e-02	-2.119	3282	4.468	2.626
81.710	1.835e-02	-2.218	3241	4.545	2.402
81.710	2.413e-02	-2.313	3204	4.620	2.203
81.710	3.160e-02	-2.405	3167	4.692	2.028
81.710	4.129e-02	-2.495	3130	4.762	1.871
81.710	5.386e-02	-2.584	3093	4.830	1.730
81.710	7.110e-02	-2.676	3054	4.900	1.597
81.710	9.291e-02	-2.770	3004	4.966	1.480
81.710	1.212e-01	-2.869	2942	5.028	1.378
81.710	1.600e-01	-2.968	2880	5.090	1.283
81.710	2.094e-01	-3.064	2815	5.146	1.202
81.710	2.764e-01	-3.165	2739	5.200	1.131
81.710	3.641e-01	-3.269	2649	5.246	1.073
81.710	4.786e-01	-3.357	2573	5.284	1.026
81.710	6.292e-01	-3.439	2499	5.315	0.990
81.710	8.270e-01	-3.517	2421	5.338	0.965
81.710	1.087e+00	-3.571	2367	5.353	0.948
81.710	1.424e+00	-3.604	2334	5.362	0.938
81.710	1.861e+00	-3.622	2317	5.367	0.933
81.710	2.446e+00	-3.631	2309	5.369	0.931
81.710	3.215e+00	-3.633	2306	5.369	0.930
81.710	4.244e+00	-3.634	2305	5.370	0.930
81.710	5.637e+00	-3.634	2305	5.370	0.930
81.710	7.503e+00	-3.634	2305	5.370	0.930
81.710	9.987e+00	-3.635	2305	5.370	0.930
83.805	1.016e-04	-0.623	3828	3.251	10.797
83.805	1.330e-04	-0.719	3768	3.319	9.979
83.805	1.746e-04	-0.816	3701	3.385	9.250
83.805	2.287e-04	-0.908	3634	3.445	8.635
83.805	2.993e-04	-0.982	3580	3.493	8.172
83.805	3.951e-04	-1.028	3546	3.523	7.892
83.805	5.173e-04	-1.052	3529	3.539	7.751
83.805	6.789e-04	-1.073	3515	3.553	7.628
83.805	8.923e-04	-1.106	3493	3.574	7.440
83.805	1.178e-03	-1.176	3449	3.622	7.038
83.805	1.542e-03	-1.331	3371	3.738	6.162
83.805	2.039e-03	-1.466	3330	3.851	5.408
83.805	2.681e-03	-1.572	3314	3.950	4.830
83.805	3.524e-03	-1.667	3309	4.041	4.345
83.805	4.633e-03	-1.757	3304	4.129	3.927
83.805	6.089e-03	-1.841	3308	4.215	3.559
83.805	8.005e-03	-1.921	3315	4.299	3.228
83.805	1.052e-02	-2.002	3322	4.383	2.932
83.805	1.383e-02	-2.096	3300	4.466	2.666
83.805	1.818e-02	-2.196	3258	4.544	2.437
83.805	2.386e-02	-2.291	3221	4.619	2.235
83.805	3.136e-02	-2.384	3184	4.692	2.055
83.805	4.091e-02	-2.474	3148	4.761	1.897
83.805	5.400e-02	-2.566	3109	4.833	1.747
83.805	7.056e-02	-2.655	3071	4.900	1.617
83.805	9.278e-02	-2.748	3027	4.968	1.496
83.805	1.219e-01	-2.849	2963	5.032	1.389
83.805	1.603e-01	-2.947	2902	5.093	1.294
83.805	2.107e-01	-3.041	2841	5.150	1.212
83.805	2.748e-01	-3.135	2770	5.201	1.143
83.805	3.607e-01	-3.231	2690	5.246	1.086
83.805	4.741e-01	-3.316	2618	5.283	1.041
83.805	6.233e-01	-3.384	2559	5.312	1.006
83.805	8.192e-01	-3.444	2503	5.333	0.982
83.805	1.077e+00	-3.489	2458	5.347	0.967
83.805	1.410e+00	-3.513	2433	5.353	0.959
83.805	1.843e+00	-3.523	2423	5.356	0.956
83.805	2.404e+00	-3.527	2419	5.357	0.955
83.805	3.193e+00	-3.528	2418	5.357	0.955
83.805	4.250e+00	-3.528	2418	5.358	0.955
83.805	5.657e+00	-3.528	2418	5.358	0.955
83.805	7.530e+00	-3.528	2418	5.358	0.955
83.805	1.000e+01	-3.528	2418	5.358	0.955
85.900	1.014e-04	-0.604	3847	3.251	10.927
85.900	1.338e-04	-0.701	3789	3.322	10.070
85.900	1.752e-04	-0.797	3723	3.387	9.339
85.900	2.312e-04	-0.890	3656	3.448	8.707
85.900	3.022e-04	-0.960	3604	3.494	8.264
85.900	3.973e-04	-1.002	3574	3.521	8.009
85.900	5.221e-04	-1.025	3558	3.536	7.873
85.900	6.811e-04	-1.047	3542	3.550	7.745
85.900	9.007e-04	-1.084	3516	3.575	7.526
85.900	1.184e-03	-1.168	3462	3.632	7.047
85.900	1.537e-03	-1.326	3380	3.748	6.166
85.900	1.992e-03	-1.449	3340	3.850	5.481
85.900	2.629e-03	-1.556	3322	3.948	4.897
85.900	3.442e-03	-1.648	3316	4.037	4.419
85.900	4.481e-03	-1.735	3312	4.122	4.011
85.900	5.916e-03	-1.821	3312	4.208	3.633
85.900	7.731e-03	-1.899	3320	4.290	3.306
85.900	1.016e-02	-1.978	3327	4.373	3.004
85.900	1.336e-02	-2.063	3322	4.455	2.731
85.900	1.763e-02	-2.167	3278	4.536	2.489
85.900	2.308e-02	-2.261	3242	4.611	2.284
85.900	3.030e-02	-2.354	3205	4.684	2.099
85.900	3.967e-02	-2.446	3168	4.755	1.934
85.900	5.194e-02	-2.536	3131	4.825	1.785
85.900	6.817e-02	-2.626	3092	4.893	1.649
85.900	8.959e-02	-2.716	3053	4.961	1.526
85.900	1.178e-01	-2.816	2993	5.027	1.415
85.900	1.548e-01	-2.913	2932	5.088	1.318
85.900	2.035e-01	-3.006	2873	5.146	1.233
85.900	2.665e-01	-3.098	2806	5.198	1.162
85.900	3.489e-01	-3.185	2739	5.242	1.104
85.900	4.606e-01	-3.269	2667	5.279	1.058
85.900	6.030e-01	-3.331	2613	5.306	1.026
85.900	7.959e-01	-3.377	2573	5.326	1.003
85.900	1.048e+00	-3.409	2545	5.338	0.989
85.900	1.378e+00	-3.425	2530	5.344	0.982
85.900	1.797e+00	-3.433	2522	5.347	0.979
85.900	2.372e+00	-3.435	2520	5.347	0.978
85.900	3.151e+00	-3.436	2520	5.347	0.978
85.900	4.194e+00	-3.436	2519	5.347	0.978
85.900	5.583e+00	-3.436	2519	5.347	0.978
85.900	7.430e+00	-3.436	2519	5.347	0.978
85.900	9.890e+00	-3.436	2519	5.348	0.978
87.996	1.041e-04	-0.595	3860	3.259	10.962
87.996	1.357e-04	-0.687	3808	3.327	10.137
87.996	1.765e-04	-0.780	3744	3.391	9.419
87.996	2.316e-04	-0.869	3681	3.450	8.800
87.996	3.044e-04	-0.937	3630	3.494	8.363
87.996	3.970e-04	-0.975	3602	3.518	8.132
87.996	5.211e-04	-0.997	3586	3.533	7.998
87.996	6.849e-04	-1.021	3569	3.548	7.856
87.996	9.041e-04	-1.063	3539	3.576	7.609
87.996	1.184e-03	-1.162	3474	3.642	7.049
87.996	1.554e-03	-1.327	3387	3.764	6.130
87.996	2.052e-03	-1.454	3345	3.869	5.432
87.996	2.686e-03	-1.555	3329	3.961	4.886
87.996	3.546e-03	-1.648	3323	4.051	4.405
87.996	4.642e-03	-1.734	3319	4.135	3.997
87.996	6.127e-03	-1.819	3318	4.220	3.625
87.996	8.007e-03	-1.897	3326	4.301	3.301
87.996	1.044e-02	-1.973	3332	4.381	3.010
87.996	1.371e-02	-2.055	3333	4.463	2.740
87.996	1.802e-02	-2.156	3291	4.543	2.500
87.996	2.378e-02	-2.254	3254	4.620	2.287
87.996	3.108e-02	-2.345	3217	4.692	2.105
87.996	4.086e-02	-2.438	3180	4.764	1.937
87.996	5.351e-02	-2.528	3142	4.834	1.788
87.996	7.004e-02	-2.617	3104	4.902	1.653
87.996	9.246e-02	-2.708	3065	4.971	1.527
87.996	1.210e-01	-2.805	3009	5.035	1.418
87.996	1.589e-01	-2.901	2948	5.096	1.321
87.996	2.080e-01	-2.992	2891	5.153	1.239
87.996	2.723e-01	-3.079	2830	5.203	1.169
87.996	3.574e-01	-3.161	2767	5.246	1.112
87.996	4.698e-01	-3.235	2705	5.280	1.070
87.996	6.201e-01	-3.291	2657	5.305	1.040
87.996	8.104e-01	-3.326	2626	5.320	1.022
87.996	1.053e+00	-3.346	2609	5.328	1.012
87.996	1.374e+00	-3.355	2601	5.333	1.007
87.996	1.814e+00	-3.359	2598	5.334	1.005
87.996	2.389e+00	-3.360	2597	5.334	1.005
87.996	3.180e+00	-3.360	2597	5.335	1.005
87.996	4.233e+00	-3.360	2597	5.335	1.005
87.996	5.634e+00	-3.360	2596	5.335	1.005
87.996	7.499e+00	-3.360	2596	5.335	1.004
87.996	9.981e+00	-3.361	2596	5.335	1.004
90.091	1.010e-04	-0.568	3884	3.252	11.180
90.091	1.323e-04	-0.660	3833	3.321	10.321
90.091	1.720e-04	-0.752	3772	3.386	9.583
90.091	2.247e-04	-0.839	3711	3.444	8.958
90.091	2.955e-04	-0.908	3660	3.489	8.508
90.091	3.869e-04	-0.946	3632	3.514	8.269
90.091	5.065e-04	-0.968	3616	3.528	8.135
90.091	6.648e-04	-0.992	3598	3.544	7.988
90.091	8.738e-04	-1.035	3568	3.572	7.735
90.091	1.153e-03	-1.143	3494	3.644	7.121
90.091	1.510e-03	-1.309	3400	3.762	6.211
90.091	1.982e-03	-1.432	3359	3.864	5.527
90.091	2.605e-03	-1.535	3337	3.956	4.971
90.091	3.424e-03	-1.626	3330	4.043	4.495
90.091	4.484e-03	-1.712	3326	4.127	4.082
90.091	5.860e-03	-1.795	3322	4.208	3.718
90.091	7.705e-03	-1.874	3330	4.291	3.382
90.091	1.013e-02	-1.952	3337	4.373	3.077
90.091	1.321e-02	-2.028	3343	4.452	2.808
90.091	1.734e-02	-2.124	3312	4.532	2.561
90.091	2.278e-02	-2.221	3275	4.609	2.344
90.091	2.990e-02	-2.315	3238	4.683	2.152
90.091	3.930e-02	-2.408	3200	4.756	1.979
90.091	5.168e-02	-2.499	3163	4.827	1.824
90.091	6.792e-02	-2.590	3124	4.896	1.684
90.091	8.859e-02	-2.677	3087	4.962	1.561
90.091	1.169e-01	-2.772	3038	5.029	1.444
90.091	1.531e-01	-2.868	2978	5.091	1.346
90.091	2.021e-01	-2.961	2919	5.149	1.259
90.091	2.645e-01	-3.044	2865	5.199	1.188
90.091	3.444e-01	-3.121	2806	5.241	1.133
90.091	4.546e-01	-3.187	2755	5.275	1.089
90.091	5.941e-01	-3.238	2711	5.297	1.061
90.091	7.812e-01	-3.270	2683	5.312	1.044
90.091	1.027e+00	-3.286	2669	5.319	1.035
90.091	1.339e+00	-3.292	2663	5.321	1.032
90.091	1.768e+00	-3.294	2662	5.322	1.031
90.091	2.310e+00	-3.295	2661	5.322	1.031
90.091	3.049e+00	-3.295	2661	5.322	1.031
90.091	4.058e+00	-3.295	2661	5.322	1.031
90.091	5.402e+00	-3.295	2661	5.323	1.031
90.091	7.190e+00	-3.295	2661	5.323	1.031
90.091	9.570e+00	-3.296	2661	5.323	1.030
92.186	1.008e-04	-0.550	3902	3.252	11.308
92.186	1.325e-04	-0.643	3851	3.323	10.424
92.186	1.741e-04	-0.738	3790	3.390	9.648
92.186	2.290e-04	-0.825	3730	3.449	9.017
92.186	3.009e-04	-0.888	3684	3.490	8.596
92.186	3.972e-04	-0.923	3658	3.513	8.376
92.186	5.191e-04	-0.944	3642	3.526	8.245
92.186	6.748e-04	-0.970	3623	3.543	8.087
92.186	8.802e-04	-1.017	3589	3.574	7.803
92.186	1.162e-03	-1.147	3499	3.660	7.068
92.186	1.521e-03	-1.308	3408	3.775	6.191
92.186	2.008e-03	-1.430	3366	3.875	5.518
92.186	2.628e-03	-1.529	3345	3.964	4.983
92.186	3.469e-03	-1.620	3337	4.051	4.507
92.186	4.534e-03	-1.705	3333	4.133	4.102
92.186	5.913e-03	-1.786	3329	4.213	3.741
92.186	7.700e-03	-1.862	3334	4.291	3.417
92.186	1.016e-02	-1.941	3341	4.374	3.107
92.186	1.328e-02	-2.017	3348	4.454	2.835
92.186	1.732e-02	-2.106	3328	4.532	2.590
92.186	2.291e-02	-2.206	3289	4.611	2.364
92.186	2.988e-02	-2.298	3253	4.684	2.175
92.186	3.922e-02	-2.390	3216	4.757	2.000
92.186	5.099e-02	-2.478	3179	4.825	1.849
92.186	6.677e-02	-2.568	3142	4.894	1.708
92.186	8.726e-02	-2.656	3104	4.960	1.582
92.186	1.134e-01	-2.740	3066	5.024	1.470
92.186	1.480e-01	-2.836	3007	5.085	1.370
92.186	1.942e-01	-2.927	2949	5.143	1.282
92.186	2.543e-01	-3.009	2896	5.193	1.210
92.186	3.323e-01	-3.083	2843	5.235	1.153
92.186	4.370e-01	-3.144	2797	5.268	1.110
92.186	5.722e-01	-3.188	2763	5.290	1.082
92.186	7.478e-01	-3.216	2738	5.303	1.066
92.186	9.832e-01	-3.230	2726	5.309	1.059
92.186	1.292e+00	-3.235	2722	5.311	1.056
92.186	1.685e+00	-3.236	2721	5.312	1.055
92.186	2.225e+00	-3.236	2721	5.312	1.055
92.186	2.931e+00	-3.236	2721	5.312	1.055
92.186	3.901e+00	-3.236	2721	5.312	1.055
92.186	5.192e+00	-3.236	2721	5.312	1.055
92.186	6.910e+00	-3.237	2720	5.312	1.055
92.186	9.197e+00	-3.237	2720	5.312	1.055
94.281	1.025e-04	-0.539	3916	3.257	11.370
94.281	1.348e-04	-0.632	3865	3.328	10.480
94.281	1.771e-04	-0.725	3808	3.395	9.703
94.281	2.329e-04	-0.809	3749	3.452	9.085
94.281	3.060e-04	-0.867	3708	3.490	8.691
94.281	4.024e-04	-0.898	3685	3.511	8.492
94.281	5.269e-04	-0.920	3669	3.524	8.356
94.281	6.941e-04	-0.950	3646	3.544	8.168
94.281	9.122e-04	-1.011	3601	3.584	7.802
94.281	1.190e-03	-1.163	3496	3.685	6.949
94.281	1.571e-03	-1.318	3411	3.796	6.112
94.281	2.056e-03	-1.431	3372	3.890	5.489
94.281	2.714e-03	-1.531	3350	3.979	4.954
94.281	3.553e-03	-1.618	3343	4.062	4.503
94.281	4.690e-03	-1.704	3339	4.145	4.089
94.281	6.129e-03	-1.786	3335	4.225	3.731
94.281	7.967e-03	-1.861	3340	4.302	3.412
94.281	1.039e-02	-1.936	3347	4.381	3.117
94.281	1.372e-02	-2.014	3354	4.463	2.836
94.281	1.793e-02	-2.101	3338	4.542	2.589
94.281	2.338e-02	-2.196	3301	4.618	2.374
94.281	3.086e-02	-2.292	3263	4.694	2.175
94.281	4.040e-02	-2.384	3227	4.766	2.002
94.281	5.303e-02	-2.475	3189	4.836	1.845
94.281	6.945e-02	-2.564	3151	4.905	1.705
94.281	9.091e-02	-2.652	3113	4.972	1.578
94.281	1.200e-01	-2.741	3074	5.039	1.461
94.281	1.568e-01	-2.836	3015	5.100	1.363
94.281	2.062e-01	-2.925	2958	5.156	1.277
94.281	2.710e-01	-3.003	2908	5.204	1.208
94.281	3.535e-01	-3.069	2862	5.243	1.156
94.281	4.666e-01	-3.122	2822	5.271	1.119
94.281	6.097e-01	-3.154	2798	5.289	1.096
94.281	7.953e-01	-3.172	2785	5.298	1.085
94.281	1.044e+00	-3.179	2779	5.302	1.080
94.281	1.372e+00	-3.181	2777	5.303	1.079
94.281	1.811e+00	-3.182	2777	5.303	1.078
94.281	2.410e+00	-3.182	2777	5.303	1.078
94.281	3.208e+00	-3.182	2776	5.303	1.078
94.281	4.270e+00	-3.182	2776	5.303	1.078
94.281	5.683e+00	-3.182	2776	5.303	1.078
94.281	7.564e+00	-3.183	2776	5.303	1.078
94.281	1.000e+01	-3.183	2776	5.303	1.078
96.376	1.022e-04	-0.523	3930	3.257	11.497
96.376	1.342e-04	-0.615	3882	3.327	10.600
96.376	1.764e-04	-0.705	3830	3.394	9.813
96.376	2.301e-04	-0.786	3774	3.450	9.209
96.376	3.019e-04	-0.842	3734	3.487	8.819
96.376	3.968e-04	-0.872	3713	3.507	8.621
96.376	5.218e-04	-0.894	3696	3.521	8.479
96.376	6.857e-04	-0.926	3672	3.542	8.279
96.376	9.052e-04	-0.994	3622	3.587	7.866
96.376	1.185e-03	-1.159	3507	3.695	6.943
96.376	1.562e-03	-1.310	3421	3.802	6.135
96.376	2.058e-03	-1.423	3381	3.896	5.509
96.376	2.705e-03	-1.521	3358	3.982	4.989
96.376	3.556e-03	-1.609	3350	4.065	4.534
96.376	4.657e-03	-1.691	3346	4.146	4.133
96.376	6.086e-03	-1.772	3341	4.224	3.774
96.376	7.938e-03	-1.848	3344	4.302	3.451
96.376	1.042e-02	-1.925	3351	4.382	3.147
96.376	1.364e-02	-2.001	3358	4.462	2.872
96.376	1.783e-02	-2.082	3353	4.541	2.623
96.376	2.326e-02	-2.177	3317	4.617	2.403
96.376	3.070e-02	-2.274	3279	4.693	2.200
96.376	4.012e-02	-2.365	3242	4.765	2.026
96.376	5.274e-02	-2.457	3204	4.836	1.866
96.376	6.907e-02	-2.547	3166	4.905	1.723
96.376	9.042e-02	-2.635	3129	4.972	1.595
96.376	1.187e-01	-2.721	3092	5.038	1.479
96.376	1.560e-01	-2.814	3037	5.100	1.377
96.376	2.051e-01	-2.902	2981	5.156	1.291
96.376	2.685e-01	-2.978	2932	5.203	1.223
96.376	3.509e-01	-3.038	2893	5.240	1.172
96.376	4.614e-01	-3.086	2857	5.267	1.137
96.376	6.064e-01	-3.115	2836	5.282	1.117
96.376	7.910e-01	-3.129	2826	5.290	1.107
96.376	1.044e+00	-3.134	2822	5.293	1.103
96.376	1.367e+00	-3.135	2821	5.293	1.102
96.376	1.815e+00	-3.136	2821	5.293	1.102
96.376	2.416e+00	-3.136	2821	5.294	1.102
96.376	3.202e+00	-3.136	2820	5.294	1.102
96.376	4.262e+00	-3.136	2820	5.294	1.102
96.376	5.673e+00	-3.136	2820	5.294	1.102
96.376	7.551e+00	-3.136	2820	5.294	1.102
96.376	1.000e+01	-3.137	2820	5.294	1.102
98.471	1.002e-04	-0.501	3947	3.252	11.685
98.471	1.316e-04	-0.592	3902	3.323	10.768
98.471	1.729e-04	-0.682	3852	3.390	9.966
98.471	2.274e-04	-0.764	3797	3.447	9.334
98.471	2.988e-04	-0.818	3759	3.484	8.944
98.471	3.898e-04	-0.846	3739	3.503	8.754
98.471	5.116e-04	-0.868	3724	3.518	8.608
98.471	6.723e-04	-0.901	3699	3.539	8.396
98.471	8.875e-04	-0.974	3645	3.586	7.954
98.471	1.162e-03	-1.144	3524	3.698	6.998
98.471	1.536e-03	-1.297	3432	3.805	6.186
98.471	2.020e-03	-1.408	3393	3.896	5.570
98.471	2.655e-03	-1.506	3367	3.981	5.051
98.471	3.463e-03	-1.591	3356	4.060	4.609
98.471	4.571e-03	-1.675	3352	4.142	4.193
98.471	5.984e-03	-1.756	3348	4.221	3.830
98.471	7.899e-03	-1.836	3349	4.302	3.490
98.471	1.034e-02	-1.911	3356	4.380	3.188
98.471	1.357e-02	-1.988	3363	4.460	2.908
98.471	1.777e-02	-2.064	3368	4.540	2.654
98.471	2.341e-02	-2.163	3330	4.619	2.423
98.471	3.077e-02	-2.259	3293	4.695	2.220
98.471	4.013e-02	-2.349	3256	4.766	2.045
98.471	5.226e-02	-2.438	3220	4.835	1.888
98.471	6.898e-02	-2.530	3181	4.906	1.740
98.471	9.030e-02	-2.618	3143	4.974	1.610
98.471	1.192e-01	-2.706	3106	5.041	1.491
98.471	1.558e-01	-2.794	3058	5.102	1.390
98.471	2.048e-01	-2.882	3002	5.157	1.304
98.471	2.692e-01	-2.956	2954	5.203	1.236
98.471	3.511e-01	-3.012	2918	5.238	1.187
98.471	4.564e-01	-3.052	2891	5.262	1.155
98.471	5.991e-01	-3.077	2873	5.276	1.137
98.471	7.845e-01	-3.088	2864	5.282	1.129
98.471	1.027e+00	-3.092	2862	5.284	1.126
98.471	1.348e+00	-3.093	2861	5.285	1.126
98.471	1.772e+00	-3.093	2861	5.285	1.125
98.471	2.358e+00	-3.093	2861	5.285	1.125
98.471	3.138e+00	-3.093	2861	5.285	1.125
98.471	4.177e+00	-3.093	2861	5.285	1.125
98.471	5.560e+00	-3.093	2860	5.285	1.125
98.471	7.400e+00	-3.094	2860	5.285	1.125
98.471	9.849e+00	-3.094	2860	5.285	1.125
100.566	1.012e-04	-0.490	3959	3.255	11.770
100.566	1.328e-04	-0.579	3917	3.326	10.846
100.566	1.746e-04	-0.668	3868	3.393	10.041
100.566	2.308e-04	-0.748	3816	3.449	9.409
100.566	3.035e-04	-0.798	3781	3.484	9.046
100.566	3.989e-04	-0.825	3762	3.501	8.863
100.566	5.203e-04	-0.847	3747	3.516	8.712
100.566	6.881e-04	-0.885	3719	3.541	8.464
100.566	9.047e-04	-0.973	3654	3.598	7.927
100.566	1.179e-03	-1.148	3529	3.713	6.945
100.566	1.530e-03	-1.287	3444	3.810	6.212
100.566	2.020e-03	-1.399	3403	3.901	5.595
100.566	2.645e-03	-1.496	3375	3.983	5.089
100.566	3.471e-03	-1.582	3363	4.064	4.638
100.566	4.562e-03	-1.664	3359	4.144	4.231
100.566	5.950e-03	-1.743	3355	4.221	3.871
100.566	7.735e-03	-1.820	3353	4.297	3.548
100.566	1.015e-02	-1.895	3360	4.375	3.240
100.566	1.334e-02	-1.971	3367	4.455	2.956
100.566	1.740e-02	-2.044	3377	4.533	2.702
100.566	2.297e-02	-2.140	3347	4.614	2.463
100.566	3.026e-02	-2.237	3309	4.691	2.254
100.566	3.963e-02	-2.329	3272	4.764	2.072
100.566	5.179e-02	-2.420	3235	4.834	1.911
100.566	6.809e-02	-2.511	3197	4.904	1.762
100.566	8.949e-02	-2.600	3159	4.973	1.629
100.566	1.177e-01	-2.686	3122	5.039	1.510
100.566	1.546e-01	-2.772	3079	5.101	1.405
100.566	2.017e-01	-2.857	3026	5.155	1.321
100.566	2.662e-01	-2.931	2978	5.201	1.252
100.566	3.485e-01	-2.985	2943	5.235	1.204
100.566	4.575e-01	-3.021	2920	5.258	1.173
100.566	6.012e-01	-3.041	2908	5.270	1.157
100.566	7.842e-01	-3.050	2901	5.275	1.150
100.566	1.035e+00	-3.052	2899	5.276	1.148
100.566	1.353e+00	-3.053	2899	5.277	1.148
100.566	1.786e+00	-3.053	2899	5.277	1.148
100.566	2.377e+00	-3.053	2899	5.277	1.148
100.566	3.163e+00	-3.053	2899	5.277	1.148
100.566	4.211e+00	-3.053	2899	5.277	1.148
100.566	5.604e+00	-3.053	2898	5.277	1.148
100.566	7.459e+00	-3.054	2898	5.277	1.147
100.566	9.928e+00	-3.054	2898	5.277	1.147
102.661	1.044e-04	-0.485	3968	3.264	11.773
102.661	1.372e-04	-0.575	3927	3.335	10.847
102.661	1.804e-04	-0.662	3879	3.401	10.055
102.661	2.363e-04	-0.734	3833	3.452	9.475
102.661	3.093e-04	-0.779	3802	3.483	9.148
102.661	4.083e-04	-0.804	3785	3.500	8.972
102.661	5.336e-04	-0.827	3768	3.516	8.808
102.661	7.043e-04	-0.870	3738	3.545	8.520
102.661	9.220e-04	-0.978	3658	3.614	7.863
102.661	1.219e-03	-1.162	3526	3.735	6.841
102.661	1.610e-03	-1.302	3443	3.833	6.110
102.661	2.107e-03	-1.406	3406	3.919	5.538
102.661	2.781e-03	-1.503	3379	4.002	5.032
102.661	3.635e-03	-1.586	3368	4.080	4.600
102.661	4.741e-03	-1.665	3364	4.157	4.211
102.661	6.222e-03	-1.746	3360	4.235	3.848
102.661	8.178e-03	-1.825	3359	4.313	3.516
102.661	1.075e-02	-1.900	3366	4.392	3.210
102.661	1.413e-02	-1.976	3372	4.472	2.930
102.661	1.858e-02	-2.050	3384	4.552	2.671
102.661	2.442e-02	-2.146	3353	4.631	2.438
102.661	3.223e-02	-2.243	3314	4.709	2.231
102.661	4.212e-02	-2.335	3278	4.781	2.053
102.661	5.494e-02	-2.424	3241	4.851	1.894
102.661	7.211e-02	-2.514	3203	4.920	1.748
102.661	9.478e-02	-2.603	3164	4.988	1.617
102.661	1.246e-01	-2.688	3130	5.054	1.500
102.661	1.638e-01	-2.772	3087	5.114	1.398
102.661	2.136e-01	-2.853	3036	5.166	1.318
102.661	2.820e-01	-2.921	2992	5.209	1.254
102.661	3.691e-01	-2.968	2962	5.238	1.212
102.661	4.873e-01	-2.997	2943	5.256	1.187
102.661	6.379e-01	-3.011	2935	5.265	1.176
102.661	8.372e-01	-3.016	2932	5.268	1.172
102.661	1.096e+00	-3.017	2931	5.269	1.171
102.661	1.435e+00	-3.017	2931	5.269	1.170
102.661	1.906e+00	-3.017	2931	5.269	1.170
102.661	2.537e+00	-3.017	2931	5.269	1.170
102.661	3.377e+00	-3.017	2931	5.269	1.170
102.661	4.495e+00	-3.017	2931	5.269	1.170
102.661	5.983e+00	-3.018	2930	5.269	1.170
102.661	7.963e+00	-3.018	2930	5.269	1.170
104.757	1.005e-04	-0.459	3985	3.254	12.029
104.757	1.326e-04	-0.548	3948	3.327	11.063
104.757	1.736e-04	-0.635	3901	3.392	10.258
104.757	2.279e-04	-0.707	3860	3.446	9.645
104.757	2.995e-04	-0.754	3827	3.478	9.293
104.757	3.906e-04	-0.778	3810	3.495	9.118
104.757	5.156e-04	-0.802	3793	3.511	8.944
104.757	6.792e-04	-0.844	3764	3.540	8.656
104.757	8.927e-04	-0.952	3684	3.610	7.981
104.757	1.178e-03	-1.137	3550	3.731	6.948
104.757	1.552e-03	-1.277	3464	3.828	6.211
104.757	2.033e-03	-1.384	3420	3.913	5.634
104.757	2.661e-03	-1.480	3389	3.993	5.138
104.757	3.512e-03	-1.567	3375	4.073	4.685
104.757	4.598e-03	-1.646	3371	4.150	4.287
104.757	6.069e-03	-1.728	3367	4.229	3.913
104.757	7.945e-03	-1.807	3363	4.306	3.582
104.757	1.049e-02	-1.883	3369	4.386	3.268
104.757	1.371e-02	-1.957	3376	4.463	2.990
104.757	1.802e-02	-2.030	3388	4.543	2.728
104.757	2.368e-02	-2.119	3371	4.623	2.488
104.757	3.126e-02	-2.217	3332	4.701	2.274
104.757	4.085e-02	-2.309	3295	4.774	2.091
104.757	5.329e-02	-2.399	3258	4.844	1.929
104.757	6.994e-02	-2.490	3220	4.914	1.779
104.757	9.192e-02	-2.578	3182	4.982	1.645
104.757	1.209e-01	-2.663	3147	5.048	1.525
104.757	1.588e-01	-2.743	3114	5.109	1.421
104.757	2.072e-01	-2.824	3062	5.161	1.339
104.757	2.735e-01	-2.892	3019	5.204	1.274
104.757	3.580e-01	-2.938	2989	5.233	1.233
104.757	4.726e-01	-2.966	2970	5.250	1.208
104.757	6.186e-01	-2.978	2963	5.258	1.197
104.757	8.055e-01	-2.982	2960	5.261	1.194
104.757	1.057e+00	-2.983	2960	5.261	1.193
104.757	1.390e+00	-2.984	2960	5.261	1.193
104.757	1.849e+00	-2.984	2960	5.261	1.193
104.757	2.462e+00	-2.984	2960	5.261	1.192
104.757	3.276e+00	-2.984	2959	5.261	1.192
104.757	4.361e+00	-2.984	2959	5.262	1.192
104.757	5.804e+00	-2.984	2959	5.262	1.192
104.757	7.726e+00	-2.984	2959	5.262	1.192
104.757	1.000e+01	-2.985	2959	5.262	1.192
