Mass/Mjup	Age/Gyr	log(L/Lsun)	Teff	log(g)	Radius/Rjup
0.047	1.007e-04	-5.908	726	2.398	0.684
0.047	1.323e-04	-6.031	690	2.433	0.657
0.047	1.750e-04	-6.171	649	2.466	0.633
0.047	2.310e-04	-6.292	616	2.496	0.611
0.047	3.055e-04	-6.417	583	2.524	0.591
0.047	4.040e-04	-6.552	547	2.551	0.573
0.047	5.322e-04	-6.675	517	2.576	0.557
0.047	6.995e-04	-6.789	491	2.600	0.542
0.047	9.233e-04	-6.902	467	2.624	0.527
0.047	1.216e-03	-7.013	444	2.647	0.513
0.047	1.599e-03	-7.134	419	2.670	0.500
0.047	2.110e-03	-7.254	396	2.692	0.488
0.047	2.780e-03	-7.370	375	2.713	0.476
0.047	3.653e-03	-7.473	358	2.734	0.465
0.047	4.822e-03	-7.590	339	2.755	0.453
0.047	6.313e-03	-7.709	320	2.775	0.443
0.047	8.333e-03	-7.824	303	2.796	0.433
0.047	1.098e-02	-7.939	287	2.815	0.423
0.047	1.443e-02	-8.059	270	2.833	0.414
0.047	1.904e-02	-8.183	254	2.851	0.406
0.047	2.508e-02	-8.295	241	2.868	0.398
0.047	3.297e-02	-8.404	228	2.885	0.390
0.047	4.360e-02	-8.519	216	2.901	0.383
0.047	5.755e-02	-8.639	203	2.918	0.376
0.047	7.581e-02	-8.764	191	2.933	0.369
0.047	9.964e-02	-8.889	179	2.948	0.363
0.047	1.318e-01	-9.019	168	2.962	0.357
0.047	1.739e-01	-9.151	156	2.975	0.352
0.047	2.291e-01	-9.279	146	2.987	0.347
0.047	3.011e-01	-9.403	137	2.998	0.343
0.047	3.982e-01	-9.519	129	3.008	0.339
0.047	5.257e-01	-9.633	121	3.017	0.335
0.047	6.925e-01	-9.745	114	3.026	0.332
0.047	9.101e-01	-9.853	108	3.033	0.329
0.047	1.201e+00	-9.970	101	3.041	0.326
0.047	1.582e+00	-10.100	95	3.049	0.323
0.047	2.093e+00	-10.251	87	3.058	0.320
0.047	2.768e+00	-10.421	79	3.067	0.316
0.047	3.638e+00	-10.596	72	3.077	0.313
0.063	1.010e-04	-5.633	831	2.483	0.716
0.063	1.336e-04	-5.792	775	2.521	0.685
0.063	1.756e-04	-5.921	734	2.555	0.659
0.063	2.323e-04	-6.063	689	2.587	0.635
0.063	3.053e-04	-6.190	651	2.615	0.615
0.063	4.014e-04	-6.323	612	2.642	0.596
0.063	5.276e-04	-6.449	577	2.666	0.580
0.063	6.964e-04	-6.589	540	2.690	0.564
0.063	9.210e-04	-6.707	511	2.712	0.550
0.063	1.218e-03	-6.824	484	2.733	0.537
0.063	1.611e-03	-6.944	457	2.754	0.524
0.063	2.122e-03	-7.062	432	2.774	0.512
0.063	2.789e-03	-7.181	408	2.794	0.501
0.063	3.688e-03	-7.302	384	2.812	0.490
0.063	4.868e-03	-7.408	366	2.831	0.480
0.063	6.438e-03	-7.527	345	2.850	0.469
0.063	8.514e-03	-7.645	326	2.869	0.459
0.063	1.115e-02	-7.758	308	2.886	0.450
0.063	1.471e-02	-7.877	291	2.904	0.441
0.063	1.926e-02	-7.997	274	2.921	0.433
0.063	2.542e-02	-8.123	257	2.937	0.425
0.063	3.362e-02	-8.243	242	2.953	0.417
0.063	4.429e-02	-8.357	229	2.968	0.410
0.063	5.857e-02	-8.475	216	2.983	0.403
0.063	7.698e-02	-8.595	203	2.998	0.396
0.063	1.004e-01	-8.720	191	3.012	0.389
0.063	1.328e-01	-8.856	178	3.027	0.383
0.063	1.753e-01	-8.997	165	3.040	0.377
0.063	2.295e-01	-9.131	154	3.052	0.372
0.063	3.029e-01	-9.267	143	3.064	0.367
0.063	3.990e-01	-9.396	134	3.074	0.363
0.063	5.277e-01	-9.525	125	3.084	0.359
0.063	6.935e-01	-9.657	116	3.093	0.355
0.063	9.172e-01	-9.792	108	3.101	0.352
0.063	1.213e+00	-9.911	101	3.108	0.349
0.063	1.601e+00	-10.011	96	3.113	0.347
0.063	2.096e+00	-10.092	92	3.117	0.345
0.063	2.767e+00	-10.165	88	3.121	0.344
0.063	3.622e+00	-10.229	85	3.124	0.342
0.063	4.754e+00	-10.285	83	3.126	0.341
0.063	6.248e+00	-10.338	80	3.129	0.340
0.063	8.247e+00	-10.395	78	3.131	0.340
0.126	1.007e-04	-5.165	962	2.570	0.916
0.126	1.332e-04	-5.281	922	2.614	0.871
0.126	1.758e-04	-5.413	876	2.654	0.832
0.126	2.316e-04	-5.566	818	2.690	0.798
0.126	3.032e-04	-5.704	769	2.721	0.770
0.126	3.969e-04	-5.835	725	2.749	0.746
0.126	5.250e-04	-5.980	677	2.776	0.723
0.126	6.943e-04	-6.112	637	2.800	0.703
0.126	9.164e-04	-6.260	592	2.823	0.685
0.126	1.212e-03	-6.392	555	2.843	0.669
0.126	1.597e-03	-6.511	525	2.863	0.654
0.126	2.111e-03	-6.632	495	2.882	0.640
0.126	2.792e-03	-6.755	466	2.900	0.626
0.126	3.670e-03	-6.877	439	2.918	0.614
0.126	4.853e-03	-7.014	409	2.935	0.602
0.126	6.381e-03	-7.130	386	2.951	0.591
0.126	8.356e-03	-7.243	365	2.966	0.581
0.126	1.101e-02	-7.360	345	2.982	0.570
0.126	1.447e-02	-7.470	326	2.997	0.561
0.126	1.913e-02	-7.585	308	3.012	0.551
0.126	2.530e-02	-7.706	290	3.027	0.541
0.126	3.340e-02	-7.831	272	3.042	0.532
0.126	4.400e-02	-7.962	254	3.056	0.524
0.126	5.782e-02	-8.079	240	3.069	0.516
0.126	7.603e-02	-8.197	226	3.083	0.508
0.126	9.992e-02	-8.315	212	3.096	0.500
0.126	1.319e-01	-8.440	199	3.109	0.493
0.126	1.727e-01	-8.566	186	3.121	0.486
0.126	2.279e-01	-8.699	174	3.133	0.479
0.126	2.984e-01	-8.834	162	3.143	0.473
0.126	3.916e-01	-8.971	151	3.154	0.468
0.126	5.147e-01	-9.112	140	3.164	0.463
0.126	6.794e-01	-9.256	129	3.173	0.458
0.126	8.894e-01	-9.401	119	3.182	0.453
0.126	1.174e+00	-9.554	110	3.190	0.449
0.126	1.553e+00	-9.703	101	3.197	0.445
0.126	2.045e+00	-9.846	94	3.204	0.442
0.126	2.688e+00	-9.986	87	3.210	0.439
0.126	3.548e+00	-10.129	80	3.216	0.436
0.126	4.645e+00	-10.270	74	3.221	0.433
0.189	1.026e-04	-4.874	1092	2.675	0.995
0.189	1.357e-04	-5.001	1041	2.719	0.945
0.189	1.777e-04	-5.118	996	2.759	0.902
0.189	2.345e-04	-5.237	951	2.798	0.863
0.189	3.101e-04	-5.392	888	2.834	0.828
0.189	4.085e-04	-5.540	830	2.865	0.799
0.189	5.369e-04	-5.683	777	2.892	0.774
0.189	7.060e-04	-5.833	723	2.917	0.753
0.189	9.336e-04	-5.968	677	2.940	0.733
0.189	1.235e-03	-6.126	626	2.961	0.715
0.189	1.623e-03	-6.270	582	2.980	0.700
0.189	2.142e-03	-6.394	548	2.997	0.686
0.189	2.822e-03	-6.519	515	3.014	0.673
0.189	3.709e-03	-6.646	483	3.030	0.661
0.189	4.905e-03	-6.778	452	3.046	0.649
0.189	6.474e-03	-6.913	421	3.060	0.638
0.189	8.528e-03	-7.033	396	3.074	0.628
0.189	1.121e-02	-7.150	374	3.088	0.618
0.189	1.474e-02	-7.264	352	3.101	0.609
0.189	1.937e-02	-7.377	333	3.114	0.600
0.189	2.561e-02	-7.493	314	3.127	0.591
0.189	3.381e-02	-7.617	294	3.140	0.582
0.189	4.454e-02	-7.738	276	3.153	0.574
0.189	5.853e-02	-7.864	259	3.165	0.566
0.189	7.727e-02	-7.986	243	3.177	0.558
0.189	1.022e-01	-8.105	229	3.189	0.550
0.189	1.338e-01	-8.220	215	3.200	0.543
0.189	1.769e-01	-8.342	202	3.212	0.536
0.189	2.326e-01	-8.470	189	3.223	0.529
0.189	3.057e-01	-8.600	176	3.233	0.523
0.189	3.987e-01	-8.735	164	3.243	0.517
0.189	5.273e-01	-8.875	152	3.252	0.511
0.189	6.961e-01	-9.022	141	3.261	0.506
0.189	9.169e-01	-9.166	130	3.270	0.501
0.189	1.205e+00	-9.317	120	3.278	0.497
0.189	1.591e+00	-9.471	110	3.285	0.493
0.189	2.082e+00	-9.618	101	3.291	0.489
0.189	2.749e+00	-9.765	94	3.297	0.486
0.189	3.592e+00	-9.906	87	3.303	0.483
0.189	4.742e+00	-10.052	80	3.308	0.480
0.262	1.033e-04	-4.628	1215	2.757	1.065
0.262	1.359e-04	-4.745	1166	2.802	1.011
0.262	1.786e-04	-4.871	1111	2.845	0.963
0.262	2.357e-04	-4.998	1057	2.884	0.920
0.262	3.105e-04	-5.118	1007	2.921	0.882
0.262	4.080e-04	-5.259	948	2.956	0.848
0.262	5.396e-04	-5.413	883	2.987	0.818
0.262	7.095e-04	-5.562	823	3.014	0.793
0.262	9.325e-04	-5.722	761	3.038	0.771
0.262	1.226e-03	-5.859	712	3.060	0.752
0.262	1.611e-03	-6.020	656	3.079	0.735
0.262	2.119e-03	-6.171	608	3.096	0.721
0.262	2.784e-03	-6.296	571	3.112	0.708
0.262	3.675e-03	-6.440	530	3.128	0.695
0.262	4.861e-03	-6.571	496	3.143	0.684
0.262	6.363e-03	-6.700	464	3.156	0.673
0.262	8.415e-03	-6.832	433	3.169	0.663
0.262	1.111e-02	-6.960	405	3.182	0.653
0.262	1.454e-02	-7.077	382	3.194	0.644
0.262	1.909e-02	-7.195	359	3.206	0.636
0.262	2.508e-02	-7.308	339	3.217	0.627
0.262	3.311e-02	-7.424	319	3.229	0.619
0.262	4.362e-02	-7.549	299	3.241	0.611
0.262	5.732e-02	-7.665	281	3.252	0.603
0.262	7.567e-02	-7.790	263	3.263	0.595
0.262	9.906e-02	-7.911	247	3.273	0.588
0.262	1.310e-01	-8.029	232	3.284	0.581
0.262	1.722e-01	-8.146	218	3.294	0.574
0.262	2.264e-01	-8.264	205	3.304	0.567
0.262	2.976e-01	-8.389	192	3.314	0.561
0.262	3.912e-01	-8.519	179	3.324	0.555
0.262	5.102e-01	-8.651	167	3.333	0.549
0.262	6.735e-01	-8.793	155	3.342	0.544
0.262	8.801e-01	-8.933	143	3.350	0.539
0.262	1.162e+00	-9.079	132	3.358	0.534
0.262	1.521e+00	-9.225	122	3.365	0.529
0.262	2.008e+00	-9.381	112	3.371	0.525
0.262	2.644e+00	-9.533	103	3.377	0.522
0.262	3.476e+00	-9.680	95	3.383	0.518
0.262	4.570e+00	-9.826	88	3.388	0.515
0.262	6.006e+00	-9.973	81	3.393	0.512
0.524	1.002e-04	-4.027	1562	2.893	1.289
0.524	1.320e-04	-4.163	1492	2.950	1.207
0.524	1.735e-04	-4.291	1427	3.001	1.138
0.524	2.262e-04	-4.408	1370	3.047	1.079
0.524	2.986e-04	-4.539	1304	3.092	1.025
0.524	3.934e-04	-4.670	1238	3.133	0.978
0.524	5.170e-04	-4.809	1167	3.170	0.937
0.524	6.798e-04	-4.939	1105	3.204	0.901
0.524	8.902e-04	-5.080	1037	3.235	0.869
0.524	1.165e-03	-5.231	966	3.263	0.842
0.524	1.538e-03	-5.395	892	3.288	0.818
0.524	2.014e-03	-5.549	826	3.309	0.798
0.524	2.643e-03	-5.706	763	3.329	0.780
0.524	3.474e-03	-5.875	700	3.346	0.765
0.524	4.585e-03	-6.029	646	3.361	0.752
0.524	6.040e-03	-6.179	597	3.375	0.740
0.524	7.938e-03	-6.331	551	3.387	0.729
0.524	1.048e-02	-6.464	514	3.399	0.720
0.524	1.380e-02	-6.596	479	3.410	0.710
0.524	1.814e-02	-6.746	442	3.421	0.702
0.524	2.395e-02	-6.878	412	3.431	0.694
0.524	3.154e-02	-7.007	385	3.440	0.686
0.524	4.146e-02	-7.122	362	3.449	0.679
0.524	5.472e-02	-7.235	341	3.459	0.672
0.524	7.209e-02	-7.360	319	3.468	0.665
0.524	9.474e-02	-7.475	300	3.477	0.658
0.524	1.253e-01	-7.596	282	3.486	0.651
0.524	1.647e-01	-7.720	263	3.494	0.645
0.524	2.165e-01	-7.843	247	3.503	0.639
0.524	2.858e-01	-7.957	232	3.511	0.633
0.524	3.735e-01	-8.069	219	3.519	0.627
0.524	4.910e-01	-8.185	205	3.528	0.621
0.524	6.454e-01	-8.309	192	3.536	0.615
0.524	8.519e-01	-8.440	179	3.544	0.609
0.524	1.122e+00	-8.579	166	3.551	0.604
0.524	1.475e+00	-8.719	154	3.559	0.599
0.524	1.939e+00	-8.865	142	3.565	0.594
0.524	2.549e+00	-9.012	131	3.572	0.590
0.524	3.351e+00	-9.164	120	3.577	0.586
0.524	4.404e+00	-9.320	110	3.583	0.582
0.524	5.744e+00	-9.467	102	3.587	0.579
0.524	7.539e+00	-9.614	94	3.592	0.576
0.524	9.909e+00	-9.760	86	3.596	0.574
0.786	1.020e-04	-3.724	1728	2.942	1.492
0.786	1.341e-04	-3.813	1705	3.008	1.383
0.786	1.762e-04	-3.924	1659	3.071	1.286
0.786	2.326e-04	-4.060	1587	3.130	1.201
0.786	3.064e-04	-4.196	1513	3.183	1.130
0.786	4.012e-04	-4.324	1444	3.230	1.071
0.786	5.243e-04	-4.457	1370	3.272	1.020
0.786	6.839e-04	-4.589	1298	3.311	0.976
0.786	9.027e-04	-4.737	1217	3.347	0.936
0.786	1.182e-03	-4.870	1149	3.379	0.902
0.786	1.551e-03	-5.024	1069	3.408	0.872
0.786	2.039e-03	-5.175	995	3.434	0.846
0.786	2.696e-03	-5.347	914	3.458	0.824
0.786	3.559e-03	-5.511	841	3.478	0.805
0.786	4.659e-03	-5.660	780	3.496	0.788
0.786	6.149e-03	-5.837	711	3.512	0.774
0.786	8.050e-03	-6.000	652	3.525	0.762
0.786	1.063e-02	-6.150	603	3.538	0.751
0.786	1.400e-02	-6.305	555	3.549	0.742
0.786	1.840e-02	-6.437	517	3.559	0.733
0.786	2.415e-02	-6.588	477	3.569	0.725
0.786	3.173e-02	-6.733	441	3.578	0.717
0.786	4.189e-02	-6.865	411	3.587	0.710
0.786	5.484e-02	-6.990	384	3.595	0.704
0.786	7.239e-02	-7.097	363	3.603	0.697
0.786	9.573e-02	-7.226	338	3.611	0.690
0.786	1.261e-01	-7.348	317	3.619	0.684
0.786	1.657e-01	-7.463	298	3.627	0.678
0.786	2.188e-01	-7.587	279	3.635	0.672
0.786	2.882e-01	-7.712	260	3.642	0.666
0.786	3.788e-01	-7.829	244	3.649	0.661
0.786	4.980e-01	-7.940	230	3.657	0.655
0.786	6.545e-01	-8.053	217	3.664	0.650
0.786	8.639e-01	-8.171	203	3.672	0.644
0.786	1.138e+00	-8.297	190	3.679	0.639
0.786	1.496e+00	-8.426	177	3.686	0.633
0.786	1.966e+00	-8.565	164	3.693	0.628
0.786	2.585e+00	-8.708	152	3.699	0.624
0.786	3.398e+00	-8.856	140	3.705	0.620
0.786	4.466e+00	-9.005	129	3.711	0.616
0.786	5.872e+00	-9.160	118	3.716	0.612
0.786	7.717e+00	-9.317	108	3.720	0.609
0.786	1.000e+01	-9.461	100	3.724	0.606
1.048	1.017e-04	-3.523	1829	2.964	1.679
1.048	1.335e-04	-3.614	1804	3.032	1.553
1.048	1.755e-04	-3.711	1773	3.098	1.440
1.048	2.289e-04	-3.806	1740	3.160	1.340
1.048	3.022e-04	-3.910	1698	3.223	1.247
1.048	3.980e-04	-4.051	1619	3.280	1.167
1.048	5.231e-04	-4.191	1537	3.331	1.101
1.048	6.823e-04	-4.321	1464	3.376	1.045
1.048	9.007e-04	-4.460	1385	3.418	0.996
1.048	1.179e-03	-4.606	1301	3.455	0.954
1.048	1.559e-03	-4.746	1223	3.488	0.918
1.048	2.058e-03	-4.895	1143	3.519	0.886
1.048	2.722e-03	-5.059	1056	3.547	0.858
1.048	3.564e-03	-5.222	975	3.571	0.835
1.048	4.677e-03	-5.387	897	3.591	0.816
1.048	6.147e-03	-5.541	830	3.610	0.799
1.048	8.114e-03	-5.718	756	3.626	0.784
1.048	1.062e-02	-5.889	691	3.639	0.772
1.048	1.394e-02	-6.051	634	3.652	0.761
1.048	1.832e-02	-6.213	581	3.662	0.752
1.048	2.409e-02	-6.348	541	3.672	0.743
1.048	3.186e-02	-6.509	495	3.681	0.735
1.048	4.187e-02	-6.657	457	3.690	0.728
1.048	5.527e-02	-6.786	426	3.698	0.722
1.048	7.281e-02	-6.923	396	3.705	0.715
1.048	9.535e-02	-7.025	375	3.713	0.709
1.048	1.256e-01	-7.153	350	3.720	0.703
1.048	1.651e-01	-7.279	327	3.727	0.697
1.048	2.170e-01	-7.393	307	3.734	0.692
1.048	2.852e-01	-7.514	288	3.741	0.686
1.048	3.765e-01	-7.638	269	3.748	0.681
1.048	4.960e-01	-7.759	252	3.755	0.675
1.048	6.519e-01	-7.867	237	3.762	0.670
1.048	8.570e-01	-7.980	223	3.769	0.665
1.048	1.126e+00	-8.093	210	3.776	0.660
1.048	1.481e+00	-8.213	197	3.782	0.655
1.048	1.946e+00	-8.340	184	3.789	0.650
1.048	2.569e+00	-8.477	170	3.796	0.645
1.048	3.384e+00	-8.620	157	3.802	0.640
1.048	4.448e+00	-8.767	145	3.807	0.636
1.048	5.848e+00	-8.918	134	3.813	0.632
1.048	7.686e+00	-9.071	123	3.817	0.629
1.048	1.000e+01	-9.223	113	3.822	0.626
1.571	1.036e-04	-3.231	1990	2.995	1.985
1.571	1.370e-04	-3.332	1958	3.068	1.825
1.571	1.801e-04	-3.427	1930	3.138	1.684
1.571	2.358e-04	-3.522	1900	3.205	1.558
1.571	3.082e-04	-3.623	1860	3.270	1.447
1.571	4.052e-04	-3.725	1818	3.332	1.346
1.571	5.325e-04	-3.826	1777	3.393	1.255
1.571	6.946e-04	-3.945	1714	3.449	1.176
1.571	9.116e-04	-4.082	1631	3.501	1.108
1.571	1.198e-03	-4.214	1554	3.549	1.049
1.571	1.582e-03	-4.356	1469	3.593	0.998
1.571	2.070e-03	-4.504	1379	3.631	0.955
1.571	2.733e-03	-4.657	1288	3.665	0.917
1.571	3.571e-03	-4.806	1203	3.696	0.886
1.571	4.714e-03	-4.972	1110	3.723	0.859
1.571	6.171e-03	-5.125	1030	3.746	0.836
1.571	8.146e-03	-5.296	945	3.767	0.816
1.571	1.066e-02	-5.456	871	3.784	0.800
1.571	1.408e-02	-5.638	791	3.800	0.786
1.571	1.843e-02	-5.813	721	3.813	0.774
1.571	2.419e-02	-5.984	657	3.824	0.764
1.571	3.179e-02	-6.144	603	3.834	0.756
1.571	4.196e-02	-6.310	551	3.843	0.748
1.571	5.549e-02	-6.508	494	3.851	0.741
1.571	7.339e-02	-6.637	460	3.858	0.735
1.571	9.667e-02	-6.740	435	3.865	0.729
1.571	1.278e-01	-6.860	408	3.872	0.723
1.571	1.691e-01	-6.986	381	3.879	0.717
1.571	2.222e-01	-7.117	355	3.886	0.712
1.571	2.933e-01	-7.244	331	3.892	0.707
1.571	3.864e-01	-7.361	311	3.898	0.701
1.571	5.078e-01	-7.482	291	3.905	0.696
1.571	6.677e-01	-7.602	272	3.911	0.692
1.571	8.775e-01	-7.719	255	3.917	0.687
1.571	1.158e+00	-7.833	240	3.923	0.682
1.571	1.516e+00	-7.942	226	3.929	0.677
1.571	2.002e+00	-8.056	213	3.935	0.672
1.571	2.620e+00	-8.172	200	3.941	0.668
1.571	3.459e+00	-8.301	186	3.948	0.663
1.571	4.556e+00	-8.433	173	3.954	0.658
1.571	5.988e+00	-8.581	159	3.959	0.654
1.571	7.904e+00	-8.731	147	3.964	0.650
1.571	1.000e+01	-8.864	136	3.968	0.647
2.095	1.038e-04	-3.040	2086	3.011	2.249
2.095	1.364e-04	-3.127	2070	3.084	2.068
2.095	1.800e-04	-3.218	2050	3.158	1.899
2.095	2.353e-04	-3.310	2023	3.228	1.752
2.095	3.106e-04	-3.413	1985	3.298	1.616
2.095	4.066e-04	-3.513	1946	3.364	1.499
2.095	5.367e-04	-3.617	1903	3.429	1.391
2.095	7.013e-04	-3.717	1860	3.489	1.298
2.095	9.221e-04	-3.822	1812	3.548	1.213
2.095	1.207e-03	-3.943	1744	3.603	1.138
2.095	1.581e-03	-4.079	1659	3.653	1.075
2.095	2.087e-03	-4.213	1578	3.699	1.019
2.095	2.731e-03	-4.355	1489	3.740	0.972
2.095	3.605e-03	-4.515	1387	3.777	0.931
2.095	4.720e-03	-4.661	1299	3.809	0.897
2.095	6.195e-03	-4.827	1200	3.838	0.868
2.095	8.142e-03	-4.985	1112	3.863	0.844
2.095	1.075e-02	-5.152	1023	3.885	0.822
2.095	1.416e-02	-5.318	940	3.904	0.804
2.095	1.854e-02	-5.494	857	3.921	0.790
2.095	2.427e-02	-5.674	779	3.934	0.777
2.095	3.204e-02	-5.840	713	3.946	0.767
2.095	4.220e-02	-6.019	647	3.957	0.757
2.095	5.546e-02	-6.189	590	3.966	0.750
2.095	7.321e-02	-6.445	511	3.973	0.743
2.095	9.644e-02	-6.591	472	3.979	0.738
2.095	1.275e-01	-6.652	457	3.985	0.733
2.095	1.676e-01	-6.746	435	3.992	0.727
2.095	2.217e-01	-6.883	403	3.999	0.721
2.095	2.891e-01	-7.013	376	4.005	0.716
2.095	3.817e-01	-7.147	349	4.011	0.711
2.095	4.988e-01	-7.263	327	4.017	0.706
2.095	6.506e-01	-7.380	307	4.023	0.702
2.095	8.588e-01	-7.502	287	4.029	0.697
2.095	1.131e+00	-7.622	269	4.035	0.692
2.095	1.487e+00	-7.740	252	4.040	0.688
2.095	1.955e+00	-7.848	238	4.046	0.683
2.095	2.569e+00	-7.960	224	4.052	0.679
2.095	3.351e+00	-8.070	211	4.057	0.674
2.095	4.423e+00	-8.191	197	4.063	0.670
2.095	5.791e+00	-8.317	184	4.069	0.666
2.095	7.644e+00	-8.457	170	4.074	0.661
2.095	1.000e+01	-8.603	157	4.079	0.658
2.619	1.027e-04	-2.908	2149	3.028	2.468
2.619	1.350e-04	-2.984	2143	3.099	2.274
2.619	1.775e-04	-3.068	2127	3.170	2.094
2.619	2.332e-04	-3.153	2111	3.242	1.928
2.619	3.042e-04	-3.246	2083	3.311	1.781
2.619	3.993e-04	-3.344	2047	3.379	1.646
2.619	5.248e-04	-3.444	2008	3.446	1.525
2.619	6.845e-04	-3.542	1968	3.508	1.419
2.619	9.036e-04	-3.644	1924	3.571	1.320
2.619	1.183e-03	-3.746	1876	3.630	1.233
2.619	1.553e-03	-3.857	1819	3.687	1.155
2.619	2.040e-03	-3.989	1738	3.740	1.087
2.619	2.683e-03	-4.123	1654	3.788	1.029
2.619	3.526e-03	-4.264	1563	3.831	0.979
2.619	4.636e-03	-4.416	1464	3.869	0.936
2.619	6.093e-03	-4.572	1365	3.903	0.900
2.619	7.997e-03	-4.733	1266	3.934	0.870
2.619	1.051e-02	-4.895	1171	3.960	0.844
2.619	1.382e-02	-5.058	1080	3.982	0.822
2.619	1.816e-02	-5.222	994	4.002	0.804
2.619	2.388e-02	-5.402	905	4.019	0.788
2.619	3.138e-02	-5.586	821	4.033	0.775
2.619	4.126e-02	-5.750	752	4.046	0.764
2.619	5.457e-02	-5.940	678	4.057	0.755
2.619	7.172e-02	-6.118	615	4.066	0.747
2.619	9.355e-02	-6.353	540	4.073	0.741
2.619	1.237e-01	-6.509	495	4.079	0.736
2.619	1.633e-01	-6.596	473	4.085	0.730
2.619	2.160e-01	-6.701	447	4.092	0.725
2.619	2.845e-01	-6.813	420	4.098	0.720
2.619	3.739e-01	-6.957	388	4.104	0.715
2.619	4.945e-01	-7.092	361	4.110	0.710
2.619	6.527e-01	-7.220	336	4.116	0.705
2.619	8.545e-01	-7.347	313	4.121	0.701
2.619	1.121e+00	-7.463	294	4.127	0.696
2.619	1.474e+00	-7.582	275	4.132	0.692
2.619	1.946e+00	-7.699	258	4.137	0.688
2.619	2.547e+00	-7.807	243	4.143	0.684
2.619	3.362e+00	-7.919	229	4.148	0.679
2.619	4.429e+00	-8.031	215	4.154	0.675
2.619	5.821e+00	-8.146	202	4.159	0.671
2.619	7.653e+00	-8.271	189	4.165	0.666
2.619	1.000e+01	-8.402	175	4.170	0.663
3.143	1.021e-04	-2.804	2202	3.045	2.650
3.143	1.348e-04	-2.887	2185	3.114	2.446
3.143	1.765e-04	-2.959	2180	3.183	2.260
3.143	2.316e-04	-3.042	2165	3.253	2.085
3.143	3.044e-04	-3.126	2148	3.324	1.922
3.143	4.002e-04	-3.220	2118	3.394	1.773
3.143	5.260e-04	-3.320	2080	3.462	1.640
3.143	6.861e-04	-3.414	2044	3.526	1.524
3.143	9.056e-04	-3.514	2004	3.591	1.413
3.143	1.183e-03	-3.614	1959	3.652	1.318
3.143	1.556e-03	-3.717	1910	3.711	1.231
3.143	2.038e-03	-3.825	1855	3.768	1.153
3.143	2.684e-03	-3.958	1771	3.821	1.084
3.143	3.528e-03	-4.091	1687	3.869	1.026
3.143	4.601e-03	-4.227	1598	3.911	0.978
3.143	6.074e-03	-4.380	1497	3.951	0.934
3.143	7.951e-03	-4.534	1397	3.984	0.898
3.143	1.050e-02	-4.700	1293	4.015	0.867
3.143	1.383e-02	-4.864	1194	4.042	0.841
3.143	1.817e-02	-5.029	1100	4.064	0.820
3.143	2.389e-02	-5.193	1012	4.084	0.801
3.143	3.140e-02	-5.374	921	4.101	0.786
3.143	4.095e-02	-5.552	838	4.115	0.773
3.143	5.375e-02	-5.726	764	4.127	0.763
3.143	7.065e-02	-5.913	689	4.137	0.753
3.143	9.288e-02	-6.096	624	4.146	0.746
3.143	1.216e-01	-6.297	558	4.153	0.740
3.143	1.602e-01	-6.454	512	4.160	0.734
3.143	2.106e-01	-6.578	478	4.166	0.729
3.143	2.747e-01	-6.676	453	4.171	0.725
3.143	3.633e-01	-6.790	426	4.178	0.719
3.143	4.795e-01	-6.932	394	4.184	0.714
3.143	6.341e-01	-7.068	365	4.189	0.710
3.143	8.301e-01	-7.198	340	4.195	0.705
3.143	1.096e+00	-7.332	316	4.200	0.701
3.143	1.443e+00	-7.449	296	4.205	0.697
3.143	1.897e+00	-7.568	277	4.210	0.693
3.143	2.494e+00	-7.679	261	4.215	0.689
3.143	3.266e+00	-7.787	246	4.221	0.685
3.143	4.268e+00	-7.894	232	4.226	0.681
3.143	5.612e+00	-8.004	218	4.231	0.676
3.143	7.376e+00	-8.116	205	4.236	0.672
3.143	9.698e+00	-8.240	192	4.242	0.668
3.666	1.045e-04	-2.729	2246	3.071	2.777
3.666	1.374e-04	-2.803	2236	3.137	2.573
3.666	1.805e-04	-2.883	2220	3.204	2.382
3.666	2.374e-04	-2.955	2214	3.273	2.201
3.666	3.120e-04	-3.038	2198	3.342	2.032
3.666	4.069e-04	-3.118	2182	3.410	1.880
3.666	5.340e-04	-3.212	2150	3.479	1.736
3.666	6.943e-04	-3.305	2116	3.544	1.612
3.666	9.091e-04	-3.400	2079	3.608	1.496
3.666	1.190e-03	-3.498	2037	3.671	1.392
3.666	1.571e-03	-3.603	1988	3.734	1.295
3.666	2.057e-03	-3.706	1938	3.792	1.211
3.666	2.715e-03	-3.818	1878	3.849	1.134
3.666	3.590e-03	-3.951	1793	3.903	1.066
3.666	4.729e-03	-4.084	1708	3.951	1.009
3.666	6.216e-03	-4.225	1614	3.994	0.960
3.666	8.172e-03	-4.378	1512	4.032	0.918
3.666	1.074e-02	-4.533	1410	4.066	0.883
3.666	1.412e-02	-4.702	1301	4.096	0.853
3.666	1.856e-02	-4.864	1203	4.121	0.829
3.666	2.436e-02	-5.030	1107	4.144	0.808
3.666	3.202e-02	-5.199	1016	4.163	0.790
3.666	4.176e-02	-5.375	927	4.179	0.776
3.666	5.512e-02	-5.563	838	4.193	0.763
3.666	7.203e-02	-5.743	760	4.204	0.753
3.666	9.471e-02	-5.933	686	4.214	0.745
3.666	1.240e-01	-6.113	621	4.222	0.738
3.666	1.634e-01	-6.300	560	4.229	0.732
3.666	2.161e-01	-6.464	511	4.236	0.727
3.666	2.857e-01	-6.606	473	4.241	0.722
3.666	3.779e-01	-6.679	455	4.247	0.717
3.666	4.998e-01	-6.831	418	4.254	0.712
3.666	6.609e-01	-6.961	389	4.259	0.707
3.666	8.687e-01	-7.097	361	4.265	0.703
3.666	1.140e+00	-7.236	334	4.270	0.699
3.666	1.482e+00	-7.352	314	4.274	0.695
3.666	1.927e+00	-7.464	295	4.279	0.691
3.666	2.523e+00	-7.581	276	4.284	0.687
3.666	3.303e+00	-7.687	261	4.289	0.684
3.666	4.360e+00	-7.798	245	4.294	0.680
3.666	5.708e+00	-7.906	231	4.299	0.676
3.666	7.534e+00	-8.017	218	4.304	0.672
3.666	9.863e+00	-8.127	205	4.309	0.668
4.190	1.025e-04	-2.663	2279	3.089	2.910
4.190	1.354e-04	-2.728	2277	3.152	2.705
4.190	1.783e-04	-2.802	2265	3.217	2.509
4.190	2.343e-04	-2.881	2249	3.283	2.325
4.190	3.081e-04	-2.954	2242	3.351	2.151
4.190	4.035e-04	-3.033	2227	3.419	1.990
4.190	5.273e-04	-3.113	2211	3.486	1.841
4.190	6.878e-04	-3.204	2181	3.553	1.704
4.190	9.078e-04	-3.300	2147	3.621	1.576
4.190	1.196e-03	-3.399	2106	3.687	1.461
4.190	1.572e-03	-3.501	2060	3.751	1.358
4.190	2.066e-03	-3.605	2009	3.812	1.266
4.190	2.716e-03	-3.710	1955	3.870	1.184
4.190	3.543e-03	-3.819	1895	3.924	1.112
4.190	4.650e-03	-3.947	1813	3.975	1.049
4.190	6.111e-03	-4.078	1727	4.022	0.993
4.190	8.034e-03	-4.220	1632	4.065	0.946
4.190	1.056e-02	-4.373	1527	4.103	0.905
4.190	1.388e-02	-4.527	1425	4.137	0.871
4.190	1.825e-02	-4.699	1313	4.166	0.842
4.190	2.409e-02	-4.864	1211	4.191	0.817
4.190	3.153e-02	-5.029	1115	4.213	0.797
4.190	4.138e-02	-5.202	1021	4.232	0.780
4.190	5.439e-02	-5.382	928	4.248	0.766
4.190	7.139e-02	-5.573	838	4.261	0.754
4.190	9.382e-02	-5.764	756	4.273	0.745
4.190	1.238e-01	-5.955	681	4.282	0.736
4.190	1.621e-01	-6.130	618	4.290	0.730
4.190	2.128e-01	-6.317	558	4.297	0.724
4.190	2.814e-01	-6.483	508	4.303	0.719
4.190	3.722e-01	-6.593	479	4.309	0.714
4.190	4.891e-01	-6.710	449	4.314	0.710
4.190	6.457e-01	-6.838	419	4.320	0.705
4.190	8.505e-01	-6.982	387	4.325	0.701
4.190	1.118e+00	-7.117	359	4.330	0.697
4.190	1.458e+00	-7.251	333	4.335	0.693
4.190	1.925e+00	-7.371	312	4.340	0.689
4.190	2.535e+00	-7.490	292	4.345	0.685
4.190	3.332e+00	-7.601	274	4.349	0.682
4.190	4.346e+00	-7.708	259	4.354	0.678
4.190	5.737e+00	-7.820	243	4.359	0.674
4.190	7.510e+00	-7.926	229	4.364	0.670
4.190	9.913e+00	-8.036	216	4.369	0.667
4.714	1.031e-04	-2.612	2310	3.113	3.002
4.714	1.350e-04	-2.674	2304	3.170	2.809
4.714	1.772e-04	-2.736	2303	3.232	2.617
4.714	2.320e-04	-2.811	2289	3.295	2.433
4.714	3.037e-04	-2.887	2273	3.360	2.259
4.714	4.009e-04	-2.961	2266	3.428	2.089
4.714	5.248e-04	-3.040	2250	3.495	1.934
4.714	6.888e-04	-3.121	2234	3.563	1.788
4.714	9.020e-04	-3.213	2203	3.630	1.654
4.714	1.181e-03	-3.303	2171	3.696	1.534
4.714	1.550e-03	-3.404	2127	3.761	1.423
4.714	2.037e-03	-3.508	2077	3.823	1.324
4.714	2.657e-03	-3.609	2026	3.882	1.239
4.714	3.487e-03	-3.714	1971	3.939	1.160
4.714	4.583e-03	-3.827	1906	3.993	1.090
4.714	6.061e-03	-3.956	1822	4.044	1.027
4.714	7.969e-03	-4.085	1737	4.089	0.975
4.714	1.047e-02	-4.224	1642	4.131	0.930
4.714	1.377e-02	-4.377	1535	4.168	0.891
4.714	1.810e-02	-4.527	1435	4.200	0.858
4.714	2.361e-02	-4.697	1323	4.228	0.831
4.714	3.116e-02	-4.863	1220	4.254	0.807
4.714	4.079e-02	-5.031	1121	4.275	0.787
4.714	5.354e-02	-5.209	1023	4.294	0.771
4.714	7.037e-02	-5.395	927	4.310	0.757
4.714	9.252e-02	-5.588	836	4.323	0.745
4.714	1.216e-01	-5.787	750	4.334	0.736
4.714	1.599e-01	-5.975	677	4.343	0.728
4.714	2.101e-01	-6.154	613	4.351	0.722
4.714	2.773e-01	-6.334	555	4.357	0.716
4.714	3.653e-01	-6.490	509	4.363	0.711
4.714	4.832e-01	-6.605	478	4.369	0.707
4.714	6.350e-01	-6.750	441	4.375	0.702
4.714	8.382e-01	-6.876	412	4.380	0.698
4.714	1.109e+00	-7.020	380	4.385	0.694
4.714	1.460e+00	-7.156	352	4.390	0.690
4.714	1.919e+00	-7.283	328	4.395	0.686
4.714	2.533e+00	-7.405	307	4.399	0.683
4.714	3.316e+00	-7.520	288	4.404	0.679
4.714	4.378e+00	-7.630	271	4.408	0.675
4.714	5.767e+00	-7.742	255	4.413	0.672
4.714	7.579e+00	-7.850	240	4.418	0.668
4.714	1.000e+01	-7.959	226	4.422	0.665
5.238	1.030e-04	-2.568	2339	3.136	3.079
5.238	1.353e-04	-2.629	2332	3.191	2.891
5.238	1.779e-04	-2.690	2328	3.250	2.703
5.238	2.338e-04	-2.755	2324	3.311	2.518
5.238	3.086e-04	-2.832	2308	3.376	2.337
5.238	4.040e-04	-2.906	2295	3.440	2.170
5.238	5.333e-04	-2.982	2284	3.508	2.007
5.238	7.025e-04	-3.063	2268	3.576	1.855
5.238	9.200e-04	-3.144	2249	3.644	1.717
5.238	1.202e-03	-3.234	2218	3.710	1.591
5.238	1.581e-03	-3.329	2182	3.776	1.474
5.238	2.077e-03	-3.431	2134	3.840	1.370
5.238	2.727e-03	-3.534	2083	3.900	1.278
5.238	3.584e-03	-3.638	2028	3.958	1.196
5.238	4.674e-03	-3.736	1976	4.010	1.126
5.238	6.170e-03	-3.848	1907	4.061	1.062
5.238	8.128e-03	-3.964	1831	4.106	1.009
5.238	1.068e-02	-4.078	1754	4.146	0.963
5.238	1.393e-02	-4.198	1671	4.182	0.924
5.238	1.839e-02	-4.338	1573	4.216	0.888
5.238	2.423e-02	-4.482	1474	4.248	0.856
5.238	3.184e-02	-4.652	1360	4.278	0.827
5.238	4.203e-02	-4.824	1251	4.304	0.802
5.238	5.502e-02	-5.002	1144	4.328	0.781
5.238	7.221e-02	-5.193	1037	4.348	0.763
5.238	9.491e-02	-5.395	932	4.365	0.749
5.238	1.248e-01	-5.605	833	4.379	0.737
5.238	1.634e-01	-5.812	744	4.390	0.727
5.238	2.139e-01	-6.005	669	4.399	0.720
5.238	2.808e-01	-6.199	601	4.406	0.714
5.238	3.677e-01	-6.379	544	4.413	0.708
5.238	4.813e-01	-6.520	503	4.419	0.704
5.238	6.365e-01	-6.675	462	4.424	0.699
5.238	8.418e-01	-6.771	438	4.430	0.695
5.238	1.111e+00	-6.932	401	4.435	0.691
5.238	1.470e+00	-7.072	371	4.440	0.687
5.238	1.924e+00	-7.203	345	4.444	0.683
5.238	2.539e+00	-7.330	321	4.449	0.680
5.238	3.319e+00	-7.446	301	4.453	0.676
5.238	4.363e+00	-7.556	283	4.458	0.673
5.238	5.735e+00	-7.666	267	4.462	0.669
5.238	7.570e+00	-7.781	250	4.467	0.666
5.238	9.909e+00	-7.884	237	4.471	0.662
6.285	1.035e-04	-2.390	2408	3.087	3.569
6.285	1.361e-04	-2.464	2398	3.154	3.304
6.285	1.796e-04	-2.542	2386	3.224	3.050
6.285	2.351e-04	-2.619	2374	3.292	2.821
6.285	3.109e-04	-2.695	2368	3.363	2.598
6.285	4.088e-04	-2.772	2360	3.434	2.394
6.285	5.373e-04	-2.855	2343	3.505	2.206
6.285	7.064e-04	-2.935	2331	3.576	2.034
6.285	9.284e-04	-3.018	2315	3.647	1.874
6.285	1.221e-03	-3.100	2299	3.717	1.728
6.285	1.599e-03	-3.190	2271	3.786	1.597
6.285	2.093e-03	-3.279	2241	3.851	1.482
6.285	2.747e-03	-3.373	2197	3.911	1.382
6.285	3.610e-03	-3.459	2155	3.964	1.301
6.285	4.746e-03	-3.533	2116	4.006	1.239
6.285	6.238e-03	-3.592	2084	4.039	1.193
6.285	8.136e-03	-3.643	2057	4.066	1.156
6.285	1.068e-02	-3.697	2027	4.095	1.119
6.285	1.403e-02	-3.773	1984	4.133	1.071
6.285	1.856e-02	-3.906	1894	4.186	1.007
6.285	2.450e-02	-4.086	1772	4.250	0.936
6.285	3.227e-02	-4.309	1613	4.310	0.874
6.285	4.242e-02	-4.528	1461	4.357	0.828
6.285	5.610e-02	-4.755	1308	4.393	0.794
6.285	7.317e-02	-4.959	1182	4.420	0.769
6.285	9.658e-02	-5.167	1062	4.442	0.750
6.285	1.264e-01	-5.371	954	4.460	0.735
6.285	1.669e-01	-5.593	846	4.474	0.723
6.285	2.181e-01	-5.793	759	4.484	0.714
6.285	2.868e-01	-5.989	682	4.493	0.707
6.285	3.755e-01	-6.172	616	4.501	0.701
6.285	4.882e-01	-6.343	560	4.507	0.696
6.285	6.380e-01	-6.507	511	4.513	0.692
6.285	8.421e-01	-6.656	471	4.518	0.688
6.285	1.114e+00	-6.768	443	4.523	0.683
6.285	1.473e+00	-6.929	405	4.528	0.680
6.285	1.940e+00	-7.063	376	4.532	0.676
6.285	2.550e+00	-7.192	350	4.537	0.673
6.285	3.366e+00	-7.322	325	4.541	0.669
6.285	4.434e+00	-7.441	304	4.545	0.666
6.285	5.827e+00	-7.550	287	4.550	0.663
6.285	7.692e+00	-7.662	269	4.554	0.660
6.285	1.000e+01	-7.770	254	4.558	0.656
7.333	1.036e-04	-2.309	2474	3.121	3.710
7.333	1.357e-04	-2.383	2457	3.182	3.456
7.333	1.777e-04	-2.458	2440	3.246	3.213
7.333	2.345e-04	-2.536	2424	3.312	2.976
7.333	3.070e-04	-2.612	2410	3.378	2.760
7.333	4.053e-04	-2.686	2402	3.446	2.549
7.333	5.305e-04	-2.760	2395	3.515	2.357
7.333	7.016e-04	-2.844	2376	3.585	2.172
7.333	9.225e-04	-2.921	2366	3.655	2.006
7.333	1.212e-03	-3.001	2351	3.724	1.853
7.333	1.594e-03	-3.080	2335	3.791	1.715
7.333	2.095e-03	-3.156	2314	3.852	1.599
7.333	2.765e-03	-3.224	2292	3.902	1.509
7.333	3.620e-03	-3.271	2275	3.937	1.450
7.333	4.751e-03	-3.310	2258	3.963	1.407
7.333	6.222e-03	-3.352	2238	3.989	1.365
7.333	8.145e-03	-3.416	2208	4.030	1.303
7.333	1.069e-02	-3.539	2143	4.101	1.201
7.333	1.400e-02	-3.715	2043	4.194	1.078
7.333	1.820e-02	-3.895	1924	4.270	0.988
7.333	2.378e-02	-4.067	1805	4.331	0.921
7.333	3.127e-02	-4.251	1672	4.382	0.868
7.333	4.110e-02	-4.434	1541	4.423	0.828
7.333	5.403e-02	-4.626	1408	4.458	0.796
7.333	7.076e-02	-4.808	1288	4.485	0.771
7.333	9.263e-02	-4.989	1176	4.508	0.751
7.333	1.223e-01	-5.184	1063	4.528	0.734
7.333	1.601e-01	-5.377	960	4.543	0.721
7.333	2.113e-01	-5.590	855	4.556	0.710
7.333	2.783e-01	-5.788	768	4.567	0.702
7.333	3.658e-01	-5.984	689	4.575	0.695
7.333	4.809e-01	-6.169	622	4.583	0.689
7.333	6.321e-01	-6.344	565	4.589	0.684
7.333	8.344e-01	-6.530	509	4.594	0.680
7.333	1.103e+00	-6.634	481	4.599	0.676
7.333	1.454e+00	-6.796	439	4.604	0.672
7.333	1.910e+00	-6.940	405	4.609	0.669
7.333	2.526e+00	-7.070	377	4.613	0.666
7.333	3.322e+00	-7.200	351	4.617	0.662
7.333	4.366e+00	-7.325	327	4.621	0.659
7.333	5.774e+00	-7.442	306	4.625	0.656
7.333	7.591e+00	-7.555	288	4.629	0.653
7.333	9.977e+00	-7.666	271	4.633	0.650
8.381	1.006e-04	-2.230	2544	3.148	3.845
8.381	1.320e-04	-2.303	2522	3.206	3.595
8.381	1.735e-04	-2.381	2497	3.267	3.352
8.381	2.291e-04	-2.462	2472	3.329	3.119
8.381	2.999e-04	-2.535	2456	3.392	2.904
8.381	3.958e-04	-2.612	2441	3.457	2.692
8.381	5.182e-04	-2.684	2430	3.522	2.498
8.381	6.840e-04	-2.760	2418	3.590	2.310
8.381	8.955e-04	-2.837	2404	3.656	2.141
8.381	1.175e-03	-2.908	2395	3.722	1.986
8.381	1.545e-03	-2.981	2380	3.783	1.850
8.381	2.039e-03	-3.040	2368	3.833	1.746
8.381	2.665e-03	-3.078	2362	3.867	1.679
8.381	3.475e-03	-3.105	2358	3.891	1.633
8.381	4.562e-03	-3.140	2348	3.918	1.583
8.381	5.995e-03	-3.199	2328	3.962	1.505
8.381	7.820e-03	-3.321	2280	4.048	1.363
8.381	1.032e-02	-3.498	2191	4.156	1.203
8.381	1.360e-02	-3.658	2100	4.242	1.090
8.381	1.781e-02	-3.810	2003	4.313	1.005
8.381	2.327e-02	-3.966	1895	4.371	0.940
8.381	3.059e-02	-4.121	1785	4.423	0.885
8.381	4.021e-02	-4.295	1656	4.467	0.842
8.381	5.245e-02	-4.453	1543	4.503	0.808
8.381	6.884e-02	-4.640	1412	4.534	0.779
8.381	9.047e-02	-4.820	1292	4.561	0.756
8.381	1.180e-01	-4.995	1183	4.582	0.737
8.381	1.561e-01	-5.188	1070	4.601	0.721
8.381	2.052e-01	-5.383	965	4.617	0.708
8.381	2.697e-01	-5.587	864	4.629	0.698
8.381	3.546e-01	-5.792	773	4.639	0.690
8.381	4.660e-01	-5.986	694	4.648	0.684
8.381	6.151e-01	-6.175	625	4.655	0.678
8.381	8.103e-01	-6.346	569	4.661	0.673
8.381	1.072e+00	-6.512	518	4.666	0.669
8.381	1.408e+00	-6.646	481	4.671	0.665
8.381	1.863e+00	-6.824	436	4.676	0.662
8.381	2.449e+00	-6.953	405	4.680	0.659
8.381	3.218e+00	-7.079	378	4.684	0.656
8.381	4.232e+00	-7.216	350	4.688	0.653
8.381	5.562e+00	-7.332	328	4.692	0.650
8.381	7.312e+00	-7.447	308	4.696	0.647
8.381	9.610e+00	-7.561	289	4.699	0.644
9.428	1.038e-04	-2.176	2605	3.186	3.901
9.428	1.362e-04	-2.249	2580	3.242	3.660
9.428	1.791e-04	-2.327	2549	3.299	3.425
9.428	2.336e-04	-2.403	2521	3.357	3.206
9.428	3.066e-04	-2.480	2497	3.417	2.992
9.428	4.029e-04	-2.553	2481	3.478	2.787
9.428	5.255e-04	-2.628	2461	3.540	2.596
9.428	6.937e-04	-2.703	2447	3.604	2.410
9.428	9.081e-04	-2.773	2436	3.667	2.243
9.428	1.201e-03	-2.842	2426	3.728	2.091
9.428	1.579e-03	-2.897	2417	3.777	1.976
9.428	2.075e-03	-2.936	2410	3.811	1.900
9.428	2.707e-03	-2.964	2403	3.834	1.851
9.428	3.553e-03	-2.992	2397	3.858	1.800
9.428	4.669e-03	-3.039	2389	3.899	1.716
9.428	6.139e-03	-3.144	2371	3.991	1.545
9.428	8.069e-03	-3.303	2313	4.106	1.352
9.428	1.065e-02	-3.456	2237	4.202	1.211
9.428	1.394e-02	-3.597	2158	4.280	1.107
9.428	1.840e-02	-3.736	2074	4.350	1.021
9.428	2.409e-02	-3.888	1966	4.409	0.954
9.428	3.137e-02	-4.024	1872	4.460	0.900
9.428	4.141e-02	-4.182	1756	4.507	0.852
9.428	5.455e-02	-4.354	1628	4.547	0.814
9.428	7.169e-02	-4.524	1505	4.582	0.782
9.428	9.351e-02	-4.695	1387	4.610	0.758
9.428	1.234e-01	-4.879	1265	4.634	0.736
9.428	1.616e-01	-5.058	1154	4.655	0.719
9.428	2.121e-01	-5.248	1045	4.672	0.705
9.428	2.787e-01	-5.446	940	4.686	0.694
9.428	3.665e-01	-5.647	843	4.697	0.685
9.428	4.799e-01	-5.857	751	4.707	0.678
9.428	6.322e-01	-6.046	677	4.714	0.672
9.428	8.309e-01	-6.224	613	4.721	0.667
9.428	1.092e+00	-6.406	554	4.726	0.662
9.428	1.445e+00	-6.548	512	4.732	0.658
9.428	1.899e+00	-6.719	465	4.736	0.655
9.428	2.511e+00	-6.876	426	4.740	0.652
9.428	3.302e+00	-6.997	398	4.744	0.649
9.428	4.339e+00	-7.128	370	4.748	0.646
9.428	5.739e+00	-7.263	343	4.752	0.643
9.428	7.575e+00	-7.375	322	4.756	0.640
9.428	9.916e+00	-7.494	302	4.759	0.638
10.476	1.003e-04	-2.115	2666	3.211	3.997
10.476	1.313e-04	-2.185	2638	3.262	3.767
10.476	1.734e-04	-2.262	2605	3.318	3.535
10.476	2.269e-04	-2.337	2574	3.373	3.317
10.476	2.996e-04	-2.416	2545	3.432	3.100
10.476	3.915e-04	-2.490	2521	3.489	2.901
10.476	5.168e-04	-2.567	2498	3.550	2.704
10.476	6.765e-04	-2.641	2478	3.610	2.525
10.476	8.879e-04	-2.708	2464	3.668	2.363
10.476	1.167e-03	-2.766	2455	3.718	2.228
10.476	1.534e-03	-2.808	2448	3.756	2.133
10.476	2.016e-03	-2.836	2443	3.781	2.074
10.476	2.630e-03	-2.860	2438	3.801	2.026
10.476	3.419e-03	-2.894	2432	3.830	1.959
10.476	4.488e-03	-2.965	2418	3.891	1.826
10.476	5.898e-03	-3.091	2407	4.010	1.593
10.476	7.693e-03	-3.226	2368	4.116	1.409
10.476	1.016e-02	-3.367	2305	4.210	1.265
10.476	1.329e-02	-3.499	2236	4.289	1.155
10.476	1.755e-02	-3.633	2157	4.361	1.063
10.476	2.297e-02	-3.764	2073	4.423	0.990
10.476	3.015e-02	-3.911	1967	4.479	0.929
10.476	3.963e-02	-4.048	1871	4.529	0.877
10.476	5.210e-02	-4.204	1754	4.573	0.833
10.476	6.848e-02	-4.368	1632	4.611	0.797
10.476	9.003e-02	-4.542	1505	4.645	0.767
10.476	1.183e-01	-4.715	1384	4.673	0.743
10.476	1.562e-01	-4.898	1263	4.696	0.723
10.476	2.057e-01	-5.085	1147	4.717	0.706
10.476	2.704e-01	-5.277	1037	4.733	0.693
10.476	3.555e-01	-5.474	933	4.747	0.682
10.476	4.673e-01	-5.686	831	4.758	0.673
10.476	6.168e-01	-5.895	741	4.766	0.667
10.476	8.074e-01	-6.077	670	4.774	0.661
10.476	1.066e+00	-6.260	605	4.780	0.656
10.476	1.393e+00	-6.421	553	4.785	0.652
10.476	1.817e+00	-6.583	505	4.790	0.649
10.476	2.403e+00	-6.758	458	4.794	0.646
10.476	3.177e+00	-6.897	424	4.799	0.643
10.476	4.194e+00	-7.027	394	4.802	0.640
10.476	5.525e+00	-7.166	365	4.806	0.637
10.476	7.261e+00	-7.283	342	4.810	0.634
10.476	9.547e+00	-7.399	320	4.813	0.632
11.523	1.014e-04	-1.902	2770	3.106	4.729
11.523	1.328e-04	-1.999	2742	3.186	4.316
11.523	1.742e-04	-2.100	2704	3.262	3.951
11.523	2.290e-04	-2.203	2659	3.336	3.631
11.523	3.011e-04	-2.301	2616	3.406	3.349
11.523	3.957e-04	-2.394	2580	3.474	3.097
11.523	5.203e-04	-2.484	2543	3.540	2.870
11.523	6.838e-04	-2.565	2518	3.603	2.669
11.523	8.990e-04	-2.637	2496	3.660	2.499
11.523	1.177e-03	-2.689	2485	3.704	2.376
11.523	1.539e-03	-2.722	2478	3.733	2.299
11.523	2.007e-03	-2.745	2474	3.753	2.247
11.523	2.634e-03	-2.773	2468	3.776	2.186
11.523	3.462e-03	-2.823	2459	3.820	2.079
11.523	4.551e-03	-2.940	2435	3.920	1.852
11.523	5.960e-03	-3.062	2426	4.036	1.622
11.523	7.802e-03	-3.176	2410	4.138	1.442
11.523	1.032e-02	-3.311	2352	4.230	1.296
11.523	1.346e-02	-3.434	2291	4.308	1.186
11.523	1.777e-02	-3.562	2219	4.381	1.090
11.523	2.322e-02	-3.686	2143	4.444	1.014
11.523	3.053e-02	-3.827	2043	4.502	0.948
11.523	4.012e-02	-3.964	1945	4.554	0.893
11.523	5.296e-02	-4.108	1841	4.602	0.845
11.523	6.933e-02	-4.266	1720	4.643	0.806
11.523	9.151e-02	-4.426	1603	4.679	0.773
11.523	1.205e-01	-4.607	1470	4.710	0.746
11.523	1.584e-01	-4.784	1348	4.736	0.724
11.523	2.066e-01	-4.959	1233	4.758	0.706
11.523	2.733e-01	-5.153	1115	4.777	0.691
11.523	3.565e-01	-5.342	1009	4.791	0.679
11.523	4.705e-01	-5.547	903	4.804	0.670
11.523	6.160e-01	-5.760	803	4.814	0.662
11.523	8.131e-01	-5.955	722	4.822	0.656
11.523	1.064e+00	-6.136	653	4.829	0.651
11.523	1.405e+00	-6.326	587	4.835	0.646
11.523	1.851e+00	-6.489	536	4.840	0.642
11.523	2.448e+00	-6.668	485	4.845	0.639
11.523	3.217e+00	-6.819	446	4.849	0.636
11.523	4.254e+00	-6.960	412	4.853	0.633
11.523	5.549e+00	-7.089	383	4.856	0.631
11.523	7.325e+00	-7.219	356	4.860	0.628
11.523	9.649e+00	-7.333	334	4.863	0.626
12.047	1.040e-04	-1.878	2795	3.117	4.774
12.047	1.368e-04	-1.977	2767	3.198	4.350
12.047	1.784e-04	-2.076	2729	3.273	3.989
12.047	2.354e-04	-2.180	2682	3.348	3.660
12.047	3.082e-04	-2.278	2639	3.417	3.380
12.047	4.045e-04	-2.371	2601	3.485	3.127
12.047	5.298e-04	-2.462	2561	3.549	2.905
12.047	6.935e-04	-2.540	2535	3.609	2.710
12.047	9.102e-04	-2.607	2514	3.662	2.551
12.047	1.196e-03	-2.655	2500	3.700	2.441
12.047	1.573e-03	-2.683	2494	3.724	2.374
12.047	2.060e-03	-2.706	2489	3.744	2.321
12.047	2.713e-03	-2.740	2481	3.772	2.246
12.047	3.566e-03	-2.809	2468	3.831	2.098
12.047	4.579e-03	-2.933	2443	3.938	1.855
12.047	6.056e-03	-3.052	2435	4.051	1.629
12.047	7.899e-03	-3.154	2428	4.149	1.456
12.047	1.043e-02	-3.285	2373	4.240	1.311
12.047	1.365e-02	-3.407	2315	4.318	1.198
12.047	1.791e-02	-3.530	2247	4.390	1.103
12.047	2.354e-02	-3.654	2172	4.455	1.023
12.047	3.096e-02	-3.790	2079	4.514	0.956
12.047	4.068e-02	-3.930	1977	4.567	0.899
12.047	5.370e-02	-4.069	1877	4.616	0.850
12.047	7.030e-02	-4.222	1760	4.658	0.810
12.047	9.298e-02	-4.384	1640	4.696	0.775
12.047	1.222e-01	-4.560	1509	4.728	0.747
12.047	1.607e-01	-4.734	1387	4.755	0.724
12.047	2.112e-01	-4.914	1267	4.778	0.705
12.047	2.776e-01	-5.103	1149	4.797	0.690
12.047	3.650e-01	-5.297	1037	4.813	0.677
12.047	4.797e-01	-5.496	932	4.826	0.667
12.047	6.307e-01	-5.713	827	4.837	0.659
12.047	8.290e-01	-5.907	743	4.845	0.653
12.047	1.094e+00	-6.097	669	4.852	0.648
12.047	1.432e+00	-6.285	602	4.858	0.643
12.047	1.880e+00	-6.445	551	4.864	0.639
12.047	2.471e+00	-6.620	500	4.868	0.636
12.047	3.223e+00	-6.773	459	4.872	0.633
12.047	4.262e+00	-6.926	421	4.876	0.630
12.047	5.626e+00	-7.058	391	4.880	0.628
12.047	7.412e+00	-7.190	363	4.883	0.625
12.047	9.741e+00	-7.304	341	4.887	0.623
12.571	1.010e-04	-1.838	2821	3.111	4.912
12.571	1.333e-04	-1.936	2797	3.194	4.463
12.571	1.745e-04	-2.036	2760	3.271	4.083
12.571	2.303e-04	-2.141	2713	3.347	3.744
12.571	3.010e-04	-2.239	2670	3.416	3.456
12.571	3.926e-04	-2.331	2629	3.482	3.203
12.571	5.182e-04	-2.425	2588	3.548	2.969
12.571	6.783e-04	-2.506	2554	3.607	2.775
12.571	8.954e-04	-2.570	2534	3.657	2.619
12.571	1.172e-03	-2.613	2520	3.691	2.520
12.571	1.547e-03	-2.641	2512	3.713	2.457
12.571	2.022e-03	-2.665	2506	3.732	2.402
12.571	2.669e-03	-2.703	2497	3.765	2.314
12.571	3.494e-03	-2.785	2479	3.833	2.138
12.571	4.621e-03	-2.927	2450	3.956	1.857
12.571	6.075e-03	-3.038	2443	4.062	1.644
12.571	7.956e-03	-3.136	2441	4.158	1.472
12.571	1.048e-02	-3.258	2395	4.247	1.327
12.571	1.377e-02	-3.380	2338	4.327	1.211
12.571	1.797e-02	-3.498	2274	4.397	1.117
12.571	2.371e-02	-3.622	2200	4.464	1.035
12.571	3.124e-02	-3.751	2116	4.525	0.965
12.571	4.106e-02	-3.894	2010	4.579	0.907
12.571	5.398e-02	-4.028	1914	4.627	0.857
12.571	7.095e-02	-4.176	1803	4.672	0.815
12.571	9.365e-02	-4.338	1680	4.711	0.779
12.571	1.226e-01	-4.509	1552	4.744	0.750
12.571	1.618e-01	-4.683	1427	4.772	0.725
12.571	2.115e-01	-4.860	1306	4.796	0.706
12.571	2.780e-01	-5.046	1187	4.816	0.690
12.571	3.654e-01	-5.239	1073	4.833	0.677
12.571	4.805e-01	-5.436	965	4.847	0.666
12.571	6.315e-01	-5.647	860	4.858	0.657
12.571	8.237e-01	-5.843	773	4.867	0.651
12.571	1.081e+00	-6.033	695	4.874	0.645
12.571	1.421e+00	-6.227	624	4.880	0.641
12.571	1.875e+00	-6.393	569	4.886	0.637
12.571	2.480e+00	-6.570	516	4.891	0.633
12.571	3.267e+00	-6.735	470	4.895	0.630
12.571	4.321e+00	-6.900	428	4.899	0.627
12.571	5.679e+00	-7.028	399	4.902	0.625
12.571	7.496e+00	-7.163	370	4.906	0.622
12.571	9.874e+00	-7.279	347	4.909	0.620
13.095	1.042e-04	-1.820	2841	3.123	4.942
13.095	1.364e-04	-1.914	2820	3.204	4.502
13.095	1.791e-04	-2.016	2782	3.283	4.114
13.095	2.353e-04	-2.119	2737	3.357	3.776
13.095	3.070e-04	-2.216	2692	3.426	3.488
13.095	4.052e-04	-2.313	2648	3.495	3.223
13.095	5.295e-04	-2.403	2607	3.557	2.999
13.095	6.907e-04	-2.481	2572	3.612	2.815
13.095	9.117e-04	-2.540	2552	3.657	2.674
13.095	1.193e-03	-2.576	2540	3.685	2.589
13.095	1.566e-03	-2.600	2533	3.704	2.532
13.095	2.036e-03	-2.627	2524	3.725	2.472
13.095	2.667e-03	-2.673	2511	3.762	2.368
13.095	3.467e-03	-2.772	2487	3.844	2.155
13.095	4.514e-03	-2.905	2460	3.959	1.889
13.095	5.882e-03	-3.011	2451	4.058	1.685
13.095	7.764e-03	-3.107	2453	4.155	1.507
13.095	1.016e-02	-3.215	2424	4.243	1.362
13.095	1.344e-02	-3.340	2366	4.325	1.238
13.095	1.753e-02	-3.456	2306	4.397	1.141
13.095	2.314e-02	-3.578	2236	4.465	1.055
13.095	3.048e-02	-3.701	2158	4.527	0.982
13.095	4.007e-02	-3.841	2056	4.583	0.921
13.095	5.289e-02	-3.980	1955	4.634	0.868
13.095	6.911e-02	-4.117	1854	4.679	0.825
13.095	9.087e-02	-4.274	1733	4.719	0.787
13.095	1.194e-01	-4.437	1611	4.755	0.755
13.095	1.558e-01	-4.607	1486	4.784	0.730
13.095	2.056e-01	-4.788	1359	4.810	0.709
13.095	2.709e-01	-4.972	1238	4.832	0.691
13.095	3.560e-01	-5.162	1121	4.850	0.677
13.095	4.708e-01	-5.363	1007	4.865	0.665
13.095	6.190e-01	-5.564	903	4.877	0.656
13.095	8.135e-01	-5.775	805	4.887	0.649
13.095	1.070e+00	-5.970	722	4.895	0.643
13.095	1.406e+00	-6.157	651	4.901	0.638
13.095	1.856e+00	-6.342	587	4.907	0.634
13.095	2.429e+00	-6.516	533	4.912	0.630
13.095	3.163e+00	-6.678	486	4.916	0.627
13.095	4.112e+00	-6.838	445	4.920	0.625
13.095	5.428e+00	-6.972	413	4.923	0.622
13.095	7.178e+00	-7.110	382	4.927	0.620
13.095	9.397e+00	-7.227	358	4.930	0.617
13.618	1.001e-04	-1.779	2864	3.114	5.096
13.618	1.311e-04	-1.871	2849	3.196	4.638
13.618	1.730e-04	-1.974	2812	3.277	4.225
13.618	2.265e-04	-2.075	2769	3.351	3.878
13.618	2.990e-04	-2.178	2722	3.424	3.567
13.618	3.914e-04	-2.273	2679	3.491	3.301
13.618	5.137e-04	-2.365	2634	3.554	3.070
13.618	6.751e-04	-2.444	2598	3.609	2.881
13.618	8.876e-04	-2.502	2573	3.650	2.749
13.618	1.167e-03	-2.535	2561	3.676	2.669
13.618	1.522e-03	-2.558	2554	3.694	2.614
13.618	2.009e-03	-2.588	2544	3.717	2.543
13.618	2.629e-03	-2.644	2526	3.761	2.420
13.618	3.471e-03	-2.769	2493	3.862	2.152
13.618	4.590e-03	-2.902	2467	3.977	1.886
13.618	6.009e-03	-3.004	2459	4.074	1.688
13.618	7.932e-03	-3.096	2461	4.168	1.515
13.618	1.038e-02	-3.197	2442	4.254	1.371
13.618	1.352e-02	-3.314	2387	4.332	1.253
13.618	1.758e-02	-3.426	2331	4.403	1.155
13.618	2.320e-02	-3.546	2263	4.472	1.067
13.618	3.032e-02	-3.664	2191	4.533	0.995
13.618	3.986e-02	-3.798	2096	4.590	0.931
13.618	5.239e-02	-3.937	1993	4.642	0.878
13.618	6.876e-02	-4.072	1894	4.688	0.832
13.618	9.005e-02	-4.223	1778	4.730	0.793
13.618	1.179e-01	-4.378	1661	4.766	0.760
13.618	1.556e-01	-4.558	1526	4.798	0.733
13.618	2.033e-01	-4.728	1405	4.825	0.711
13.618	2.674e-01	-4.909	1283	4.848	0.692
13.618	3.514e-01	-5.097	1163	4.867	0.677
13.618	4.620e-01	-5.291	1050	4.882	0.665
13.618	6.072e-01	-5.492	943	4.895	0.655
13.618	7.983e-01	-5.703	840	4.906	0.647
13.618	1.049e+00	-5.900	753	4.914	0.641
13.618	1.379e+00	-6.088	679	4.921	0.636
13.618	1.813e+00	-6.284	608	4.927	0.632
13.618	2.393e+00	-6.469	549	4.932	0.628
13.618	3.153e+00	-6.638	499	4.937	0.625
13.618	4.169e+00	-6.809	453	4.941	0.622
13.618	5.480e+00	-6.946	420	4.945	0.619
13.618	7.247e+00	-7.083	389	4.948	0.617
13.618	9.566e+00	-7.206	363	4.951	0.614
14.142	1.032e-04	-1.763	2883	3.126	5.123
14.142	1.349e-04	-1.854	2867	3.207	4.665
14.142	1.773e-04	-1.955	2832	3.287	4.255
14.142	2.330e-04	-2.057	2789	3.362	3.901
14.142	3.039e-04	-2.155	2744	3.432	3.600
14.142	3.989e-04	-2.251	2699	3.499	3.331
14.142	5.224e-04	-2.342	2654	3.561	3.105
14.142	6.827e-04	-2.415	2620	3.611	2.929
14.142	8.976e-04	-2.467	2596	3.647	2.810
14.142	1.180e-03	-2.497	2583	3.669	2.741
14.142	1.539e-03	-2.522	2574	3.687	2.685
14.142	2.031e-03	-2.557	2562	3.714	2.601
14.142	2.659e-03	-2.627	2539	3.769	2.443
14.142	3.510e-03	-2.770	2499	3.883	2.141
14.142	4.587e-03	-2.890	2474	3.987	1.900
14.142	6.030e-03	-2.991	2466	4.082	1.703
14.142	7.926e-03	-3.079	2469	4.172	1.535
14.142	1.034e-02	-3.167	2465	4.257	1.393
14.142	1.365e-02	-3.290	2407	4.339	1.267
14.142	1.786e-02	-3.404	2351	4.412	1.165
14.142	2.345e-02	-3.519	2288	4.480	1.078
14.142	3.082e-02	-3.638	2216	4.543	1.002
14.142	4.068e-02	-3.769	2126	4.602	0.936
14.142	5.325e-02	-3.908	2021	4.653	0.882
14.142	6.989e-02	-4.041	1923	4.701	0.836
14.142	9.185e-02	-4.190	1810	4.744	0.795
14.142	1.208e-01	-4.347	1690	4.781	0.761
14.142	1.587e-01	-4.522	1557	4.814	0.733
14.142	2.095e-01	-4.696	1431	4.842	0.710
14.142	2.743e-01	-4.873	1310	4.865	0.691
14.142	3.620e-01	-5.065	1186	4.885	0.676
14.142	4.739e-01	-5.256	1073	4.901	0.663
14.142	6.221e-01	-5.453	965	4.915	0.653
14.142	8.176e-01	-5.664	861	4.926	0.645
14.142	1.075e+00	-5.862	771	4.934	0.638
14.142	1.413e+00	-6.054	694	4.942	0.633
14.142	1.843e+00	-6.249	622	4.948	0.629
14.142	2.432e+00	-6.439	559	4.953	0.625
14.142	3.217e+00	-6.610	508	4.957	0.622
14.142	4.237e+00	-6.781	462	4.961	0.619
14.142	5.569e+00	-6.923	426	4.965	0.616
14.142	7.365e+00	-7.060	395	4.968	0.614
14.142	9.684e+00	-7.183	369	4.972	0.612
14.666	1.011e-04	-1.732	2902	3.122	5.240
14.666	1.329e-04	-1.824	2888	3.205	4.760
14.666	1.747e-04	-1.923	2858	3.286	4.338
14.666	2.296e-04	-2.025	2815	3.362	3.974
14.666	3.019e-04	-2.126	2770	3.434	3.657
14.666	3.954e-04	-2.221	2725	3.501	3.386
14.666	5.176e-04	-2.311	2678	3.561	3.160
14.666	6.832e-04	-2.383	2643	3.611	2.985
14.666	8.944e-04	-2.428	2623	3.642	2.879
14.666	1.165e-03	-2.456	2610	3.661	2.816
14.666	1.537e-03	-2.484	2597	3.681	2.754
14.666	2.012e-03	-2.525	2580	3.711	2.660
14.666	2.656e-03	-2.615	2550	3.780	2.457
14.666	3.477e-03	-2.758	2507	3.894	2.154
14.666	4.564e-03	-2.877	2482	3.995	1.917
14.666	5.998e-03	-2.975	2474	4.087	1.724
14.666	7.824e-03	-3.059	2476	4.173	1.562
14.666	1.033e-02	-3.145	2478	4.260	1.413
14.666	1.350e-02	-3.258	2431	4.340	1.289
14.666	1.774e-02	-3.373	2375	4.414	1.183
14.666	2.332e-02	-3.488	2313	4.483	1.093
14.666	3.042e-02	-3.602	2245	4.546	1.017
14.666	4.015e-02	-3.725	2166	4.606	0.949
14.666	5.257e-02	-3.865	2060	4.659	0.892
14.666	6.844e-02	-3.996	1963	4.706	0.845
14.666	9.035e-02	-4.138	1856	4.751	0.803
14.666	1.190e-01	-4.297	1733	4.791	0.767
14.666	1.564e-01	-4.465	1605	4.825	0.737
14.666	2.040e-01	-4.632	1482	4.854	0.713
14.666	2.693e-01	-4.815	1353	4.879	0.693
14.666	3.525e-01	-4.996	1234	4.899	0.677
14.666	4.654e-01	-5.191	1114	4.917	0.663
14.666	6.081e-01	-5.384	1005	4.931	0.653
14.666	7.996e-01	-5.590	898	4.943	0.644
14.666	1.047e+00	-5.790	805	4.952	0.637
14.666	1.371e+00	-5.985	723	4.960	0.631
14.666	1.809e+00	-6.190	645	4.966	0.627
14.666	2.383e+00	-6.373	582	4.972	0.623
14.666	3.152e+00	-6.554	526	4.977	0.619
14.666	4.143e+00	-6.723	478	4.981	0.616
14.666	5.468e+00	-6.887	436	4.984	0.614
14.666	7.232e+00	-7.020	405	4.988	0.611
14.666	9.526e+00	-7.147	377	4.991	0.609
15.190	1.038e-04	-1.718	2918	3.132	5.269
15.190	1.359e-04	-1.807	2906	3.215	4.792
15.190	1.776e-04	-1.903	2878	3.293	4.377
15.190	2.335e-04	-2.005	2836	3.370	4.008
15.190	3.069e-04	-2.105	2791	3.442	3.689
15.190	4.003e-04	-2.199	2746	3.507	3.421
15.190	5.284e-04	-2.288	2699	3.567	3.194
15.190	6.917e-04	-2.353	2667	3.611	3.038
15.190	9.130e-04	-2.393	2648	3.638	2.942
15.190	1.195e-03	-2.419	2635	3.656	2.882
15.190	1.569e-03	-2.450	2621	3.678	2.812
15.190	2.062e-03	-2.504	2596	3.716	2.691
15.190	2.722e-03	-2.624	2553	3.807	2.424
15.190	3.585e-03	-2.765	2511	3.918	2.131
15.190	4.712e-03	-2.876	2490	4.015	1.907
15.190	6.146e-03	-2.969	2482	4.102	1.726
15.190	8.066e-03	-3.053	2483	4.187	1.564
15.190	1.060e-02	-3.136	2485	4.271	1.420
15.190	1.383e-02	-3.241	2448	4.350	1.296
15.190	1.825e-02	-3.358	2391	4.426	1.188
15.190	2.389e-02	-3.470	2331	4.494	1.099
15.190	3.136e-02	-3.585	2263	4.558	1.021
15.190	4.122e-02	-3.704	2187	4.618	0.953
15.190	5.376e-02	-3.840	2086	4.671	0.896
15.190	6.989e-02	-3.973	1986	4.718	0.849
15.190	9.173e-02	-4.109	1884	4.763	0.806
15.190	1.206e-01	-4.264	1763	4.804	0.769
15.190	1.591e-01	-4.428	1638	4.839	0.738
15.190	2.096e-01	-4.604	1506	4.870	0.713
15.190	2.755e-01	-4.782	1379	4.895	0.692
15.190	3.622e-01	-4.966	1257	4.917	0.675
15.190	4.761e-01	-5.156	1138	4.935	0.662
15.190	6.260e-01	-5.354	1024	4.949	0.650
15.190	8.227e-01	-5.557	918	4.961	0.641
15.190	1.082e+00	-5.762	820	4.971	0.634
15.190	1.422e+00	-5.962	734	4.979	0.628
15.190	1.877e+00	-6.167	655	4.986	0.624
15.190	2.472e+00	-6.354	590	4.991	0.620
15.190	3.269e+00	-6.537	533	4.996	0.616
15.190	4.323e+00	-6.713	482	5.000	0.613
15.190	5.682e+00	-6.874	440	5.004	0.611
15.190	7.515e+00	-7.006	409	5.007	0.608
15.190	9.919e+00	-7.138	380	5.011	0.606
15.713	1.024e-04	-1.692	2934	3.130	5.370
15.713	1.341e-04	-1.779	2926	3.213	4.883
15.713	1.766e-04	-1.877	2898	3.294	4.446
15.713	2.321e-04	-1.978	2858	3.371	4.070
15.713	3.052e-04	-2.077	2815	3.444	3.744
15.713	4.011e-04	-2.173	2768	3.511	3.466
15.713	5.232e-04	-2.256	2725	3.566	3.251
15.713	6.906e-04	-2.319	2692	3.608	3.099
15.713	9.025e-04	-2.354	2675	3.632	3.015
15.713	1.177e-03	-2.380	2662	3.649	2.955
15.713	1.530e-03	-2.411	2647	3.671	2.881
15.713	2.009e-03	-2.473	2619	3.714	2.744
15.713	2.640e-03	-2.605	2566	3.811	2.454
15.713	3.427e-03	-2.736	2524	3.913	2.180
15.713	4.504e-03	-2.848	2500	4.008	1.956
15.713	5.874e-03	-2.938	2492	4.093	1.772
15.713	7.754e-03	-3.026	2490	4.179	1.605
15.713	1.015e-02	-3.106	2492	4.261	1.461
15.713	1.340e-02	-3.201	2475	4.344	1.328
15.713	1.751e-02	-3.314	2420	4.418	1.219
15.713	2.302e-02	-3.427	2361	4.489	1.124
15.713	3.015e-02	-3.539	2299	4.554	1.043
15.713	3.940e-02	-3.654	2228	4.614	0.973
15.713	5.180e-02	-3.784	2135	4.671	0.912
15.713	6.808e-02	-3.926	2027	4.722	0.860
15.713	8.935e-02	-4.059	1928	4.768	0.815
15.713	1.174e-01	-4.209	1811	4.810	0.777
15.713	1.544e-01	-4.364	1692	4.847	0.744
15.713	2.029e-01	-4.542	1556	4.879	0.717
15.713	2.679e-01	-4.717	1429	4.906	0.695
15.713	3.529e-01	-4.900	1304	4.929	0.677
15.713	4.638e-01	-5.088	1183	4.948	0.662
15.713	6.049e-01	-5.278	1070	4.964	0.651
15.713	7.864e-01	-5.470	965	4.976	0.641
15.713	1.032e+00	-5.676	862	4.987	0.634
15.713	1.356e+00	-5.879	771	4.995	0.627
15.713	1.783e+00	-6.073	692	5.003	0.622
15.713	2.336e+00	-6.271	620	5.008	0.618
15.713	3.077e+00	-6.452	560	5.013	0.615
15.713	4.043e+00	-6.620	510	5.018	0.612
15.713	5.347e+00	-6.813	457	5.021	0.609
15.713	7.059e+00	-6.939	426	5.025	0.606
15.713	9.335e+00	-7.079	394	5.028	0.604
16.237	1.005e-04	-1.665	2949	3.127	5.480
16.237	1.316e-04	-1.751	2944	3.210	4.983
16.237	1.720e-04	-1.845	2919	3.289	4.547
16.237	2.243e-04	-1.941	2885	3.365	4.169
16.237	2.944e-04	-2.039	2843	3.437	3.833
16.237	3.869e-04	-2.135	2798	3.505	3.547
16.237	5.047e-04	-2.217	2754	3.560	3.328
16.237	6.662e-04	-2.278	2722	3.601	3.176
16.237	8.706e-04	-2.313	2704	3.624	3.093
16.237	1.136e-03	-2.339	2690	3.641	3.031
16.237	1.499e-03	-2.376	2672	3.666	2.946
16.237	1.962e-03	-2.445	2640	3.714	2.789
16.237	2.590e-03	-2.593	2576	3.820	2.468
16.237	3.385e-03	-2.724	2532	3.921	2.197
16.237	4.450e-03	-2.832	2508	4.013	1.977
16.237	5.849e-03	-2.923	2501	4.098	1.791
16.237	7.629e-03	-3.007	2497	4.179	1.632
16.237	1.007e-02	-3.088	2499	4.262	1.483
16.237	1.318e-02	-3.168	2499	4.342	1.353
16.237	1.717e-02	-3.281	2444	4.416	1.242
16.237	2.266e-02	-3.394	2387	4.489	1.143
16.237	2.966e-02	-3.505	2327	4.554	1.060
16.237	3.893e-02	-3.620	2257	4.616	0.987
16.237	5.117e-02	-3.742	2175	4.675	0.923
16.237	6.754e-02	-3.888	2062	4.728	0.868
16.237	8.842e-02	-4.020	1963	4.775	0.822
16.237	1.160e-01	-4.163	1853	4.818	0.783
16.237	1.525e-01	-4.320	1731	4.856	0.749
16.237	2.005e-01	-4.490	1599	4.889	0.721
16.237	2.636e-01	-4.661	1474	4.918	0.697
16.237	3.479e-01	-4.844	1345	4.942	0.678
16.237	4.583e-01	-5.034	1220	4.962	0.663
16.237	6.023e-01	-5.227	1102	4.979	0.650
16.237	7.856e-01	-5.420	994	4.992	0.640
16.237	1.031e+00	-5.624	889	5.003	0.632
16.237	1.355e+00	-5.829	794	5.012	0.625
16.237	1.768e+00	-6.020	715	5.020	0.620
16.237	2.320e+00	-6.225	637	5.026	0.616
16.237	3.049e+00	-6.411	574	5.031	0.612
16.237	4.025e+00	-6.583	522	5.035	0.609
16.237	5.323e+00	-6.771	469	5.039	0.606
16.237	7.012e+00	-6.901	436	5.043	0.604
16.237	9.215e+00	-7.042	403	5.046	0.602
16.761	1.004e-04	-1.646	2962	3.129	5.554
16.761	1.325e-04	-1.732	2960	3.214	5.037
16.761	1.745e-04	-1.829	2935	3.296	4.584
16.761	2.294e-04	-1.926	2902	3.373	4.193
16.761	2.992e-04	-2.021	2862	3.444	3.864
16.761	3.950e-04	-2.116	2817	3.512	3.575
16.761	5.161e-04	-2.194	2775	3.564	3.366
16.761	6.786e-04	-2.247	2747	3.599	3.232
16.761	8.919e-04	-2.278	2731	3.620	3.156
16.761	1.163e-03	-2.306	2716	3.638	3.090
16.761	1.539e-03	-2.351	2693	3.668	2.985
16.761	2.023e-03	-2.445	2647	3.733	2.771
16.761	2.659e-03	-2.603	2579	3.845	2.435
16.761	3.495e-03	-2.729	2536	3.943	2.177
16.761	4.594e-03	-2.831	2516	4.030	1.968
16.761	5.992e-03	-2.917	2509	4.112	1.792
16.761	7.910e-03	-3.003	2503	4.194	1.630
16.761	1.035e-02	-3.080	2506	4.273	1.488
16.761	1.367e-02	-3.159	2510	4.355	1.355
16.761	1.789e-02	-3.273	2456	4.430	1.242
16.761	2.362e-02	-3.386	2399	4.503	1.143
16.761	3.092e-02	-3.496	2339	4.568	1.059
16.761	4.058e-02	-3.610	2270	4.630	0.986
16.761	5.333e-02	-3.729	2191	4.689	0.922
16.761	7.040e-02	-3.876	2078	4.743	0.867
16.761	9.216e-02	-4.009	1977	4.790	0.821
16.761	1.200e-01	-4.146	1872	4.832	0.782
16.761	1.560e-01	-4.296	1754	4.869	0.750
16.761	2.059e-01	-4.464	1624	4.903	0.720
16.761	2.713e-01	-4.637	1495	4.933	0.697
16.761	3.565e-01	-4.818	1367	4.957	0.677
16.761	4.687e-01	-5.004	1242	4.978	0.661
16.761	6.161e-01	-5.197	1123	4.995	0.648
16.761	8.035e-01	-5.389	1013	5.009	0.638
16.761	1.061e+00	-5.597	905	5.020	0.630
16.761	1.386e+00	-5.798	810	5.029	0.623
16.761	1.808e+00	-5.993	727	5.037	0.618
16.761	2.387e+00	-6.202	647	5.043	0.613
16.761	3.156e+00	-6.393	582	5.048	0.610
16.761	4.174e+00	-6.568	527	5.053	0.606
16.761	5.520e+00	-6.754	475	5.057	0.604
16.761	7.272e+00	-6.885	441	5.061	0.601
16.761	9.617e+00	-7.033	406	5.064	0.599
17.285	1.033e-04	-1.636	2975	3.141	5.566
17.285	1.352e-04	-1.719	2974	3.223	5.065
17.285	1.785e-04	-1.815	2950	3.305	4.608
17.285	2.336e-04	-1.910	2919	3.381	4.221
17.285	3.042e-04	-2.004	2880	3.451	3.893
17.285	3.993e-04	-2.094	2837	3.516	3.614
17.285	5.248e-04	-2.169	2797	3.566	3.412
17.285	6.900e-04	-2.215	2772	3.597	3.292
17.285	9.035e-04	-2.244	2757	3.616	3.221
17.285	1.175e-03	-2.273	2742	3.635	3.150
17.285	1.535e-03	-2.324	2715	3.669	3.031
17.285	2.018e-03	-2.439	2658	3.747	2.770
17.285	2.652e-03	-2.595	2587	3.857	2.440
17.285	3.501e-03	-2.720	2544	3.952	2.187
17.285	4.583e-03	-2.818	2524	4.036	1.985
17.285	6.016e-03	-2.904	2517	4.118	1.807
17.285	7.878e-03	-2.988	2510	4.197	1.650
17.285	1.031e-02	-3.064	2513	4.275	1.508
17.285	1.361e-02	-3.142	2517	4.355	1.375
17.285	1.793e-02	-3.249	2475	4.433	1.257
17.285	2.357e-02	-3.361	2419	4.505	1.157
17.285	3.093e-02	-3.471	2359	4.572	1.071
17.285	4.065e-02	-3.584	2292	4.635	0.996
17.285	5.366e-02	-3.703	2216	4.695	0.929
17.285	7.069e-02	-3.845	2108	4.750	0.873
17.285	9.290e-02	-3.983	2001	4.799	0.825
17.285	1.212e-01	-4.118	1899	4.842	0.785
17.285	1.600e-01	-4.275	1775	4.882	0.750
17.285	2.107e-01	-4.437	1650	4.917	0.720
17.285	2.769e-01	-4.610	1519	4.946	0.696
17.285	3.635e-01	-4.789	1390	4.971	0.676
17.285	4.777e-01	-4.973	1265	4.993	0.660
17.285	6.306e-01	-5.169	1143	5.010	0.647
17.285	8.255e-01	-5.364	1030	5.025	0.636
17.285	1.090e+00	-5.571	920	5.037	0.627
17.285	1.426e+00	-5.774	823	5.046	0.621
17.285	1.872e+00	-5.975	736	5.054	0.615
17.285	2.461e+00	-6.182	656	5.060	0.611
17.285	3.235e+00	-6.370	591	5.065	0.607
17.285	4.278e+00	-6.548	535	5.070	0.604
17.285	5.658e+00	-6.732	482	5.074	0.601
17.285	7.436e+00	-6.863	448	5.078	0.598
17.285	9.835e+00	-7.015	411	5.081	0.596
17.809	1.036e-04	-1.620	2988	3.144	5.626
17.809	1.362e-04	-1.702	2989	3.227	5.114
17.809	1.798e-04	-1.798	2966	3.309	4.654
17.809	2.353e-04	-1.891	2936	3.385	4.263
17.809	3.088e-04	-1.986	2898	3.457	3.925
17.809	4.059e-04	-2.074	2856	3.520	3.649
17.809	5.337e-04	-2.143	2820	3.567	3.460
17.809	7.014e-04	-2.183	2798	3.594	3.354
17.809	9.149e-04	-2.210	2783	3.612	3.285
17.809	1.208e-03	-2.245	2764	3.635	3.198
17.809	1.591e-03	-2.313	2729	3.679	3.038
17.809	2.091e-03	-2.460	2654	3.779	2.711
17.809	2.760e-03	-2.608	2588	3.883	2.404
17.809	3.613e-03	-2.723	2548	3.971	2.173
17.809	4.769e-03	-2.818	2531	4.054	1.973
17.809	6.243e-03	-2.902	2524	4.133	1.802
17.809	8.241e-03	-2.987	2517	4.213	1.643
17.809	1.077e-02	-3.061	2520	4.290	1.505
17.809	1.405e-02	-3.135	2524	4.366	1.378
17.809	1.854e-02	-3.239	2488	4.445	1.259
17.809	2.442e-02	-3.351	2431	4.517	1.158
17.809	3.198e-02	-3.460	2372	4.584	1.073
17.809	4.187e-02	-3.571	2307	4.646	0.998
17.809	5.496e-02	-3.686	2234	4.705	0.933
17.809	7.223e-02	-3.824	2130	4.760	0.875
17.809	9.534e-02	-3.966	2020	4.810	0.827
17.809	1.246e-01	-4.101	1917	4.854	0.786
17.809	1.620e-01	-4.247	1801	4.893	0.752
17.809	2.113e-01	-4.395	1688	4.927	0.722
17.809	2.794e-01	-4.578	1547	4.958	0.697
17.809	3.644e-01	-4.749	1422	4.984	0.677
17.809	4.783e-01	-4.932	1296	5.006	0.660
17.809	6.286e-01	-5.123	1174	5.024	0.646
17.809	8.200e-01	-5.315	1060	5.039	0.635
17.809	1.076e+00	-5.516	950	5.051	0.626
17.809	1.414e+00	-5.723	849	5.061	0.619
17.809	1.845e+00	-5.922	760	5.069	0.613
17.809	2.435e+00	-6.135	675	5.076	0.609
17.809	3.208e+00	-6.329	606	5.081	0.605
17.809	4.216e+00	-6.506	548	5.086	0.602
17.809	5.576e+00	-6.685	496	5.090	0.599
17.809	7.374e+00	-6.827	458	5.094	0.596
17.809	9.734e+00	-6.979	421	5.097	0.594
18.332	1.022e-04	-1.599	3000	3.143	5.717
18.332	1.338e-04	-1.679	3002	3.224	5.206
18.332	1.756e-04	-1.770	2983	3.305	4.746
18.332	2.308e-04	-1.865	2954	3.382	4.341
18.332	3.011e-04	-1.955	2921	3.453	4.002
18.332	3.974e-04	-2.043	2880	3.517	3.719
18.332	5.193e-04	-2.108	2847	3.561	3.534
18.332	6.828e-04	-2.147	2826	3.587	3.428
18.332	8.942e-04	-2.174	2811	3.605	3.357
18.332	1.178e-03	-2.212	2791	3.630	3.263
18.332	1.548e-03	-2.284	2752	3.678	3.086
18.332	2.019e-03	-2.437	2672	3.780	2.746
18.332	2.665e-03	-2.585	2602	3.882	2.442
18.332	3.489e-03	-2.699	2560	3.968	2.211
18.332	4.579e-03	-2.794	2540	4.049	2.015
18.332	5.997e-03	-2.876	2533	4.127	1.842
18.332	7.837e-03	-2.958	2526	4.203	1.688
18.332	1.022e-02	-3.033	2525	4.278	1.548
18.332	1.342e-02	-3.107	2529	4.355	1.416
18.332	1.763e-02	-3.194	2517	4.433	1.295
18.332	2.300e-02	-3.304	2462	4.504	1.193
18.332	3.019e-02	-3.413	2404	4.573	1.102
18.332	3.967e-02	-3.523	2343	4.638	1.023
18.332	5.216e-02	-3.637	2272	4.699	0.953
18.332	6.856e-02	-3.763	2184	4.756	0.893
18.332	9.050e-02	-3.909	2069	4.808	0.841
18.332	1.185e-01	-4.044	1966	4.854	0.798
18.332	1.555e-01	-4.188	1853	4.895	0.760
18.332	2.044e-01	-4.342	1733	4.932	0.729
18.332	2.666e-01	-4.512	1600	4.964	0.702
18.332	3.518e-01	-4.685	1472	4.992	0.680
18.332	4.635e-01	-4.869	1342	5.016	0.662
18.332	6.091e-01	-5.057	1218	5.035	0.647
18.332	7.945e-01	-5.247	1102	5.051	0.636
18.332	1.049e+00	-5.452	987	5.065	0.626
18.332	1.373e+00	-5.657	883	5.075	0.618
18.332	1.812e+00	-5.866	786	5.084	0.612
18.332	2.387e+00	-6.077	699	5.091	0.607
18.332	3.138e+00	-6.267	629	5.097	0.603
18.332	4.149e+00	-6.459	565	5.102	0.600
18.332	5.477e+00	-6.635	512	5.106	0.597
18.332	7.244e+00	-6.788	469	5.110	0.594
18.332	9.542e+00	-6.935	432	5.113	0.592
18.856	1.031e-04	-1.585	3013	3.148	5.762
18.856	1.360e-04	-1.667	3014	3.232	5.235
18.856	1.781e-04	-1.757	2996	3.311	4.779
18.856	2.351e-04	-1.851	2968	3.389	4.367
18.856	3.077e-04	-1.940	2937	3.460	4.026
18.856	4.039e-04	-2.023	2898	3.520	3.757
18.856	5.308e-04	-2.082	2868	3.561	3.584
18.856	6.979e-04	-2.117	2850	3.584	3.489
18.856	9.139e-04	-2.145	2835	3.603	3.415
18.856	1.204e-03	-2.188	2811	3.632	3.303
18.856	1.582e-03	-2.282	2761	3.694	3.076
18.856	2.088e-03	-2.452	2671	3.806	2.702
18.856	2.734e-03	-2.587	2607	3.900	2.426
18.856	3.609e-03	-2.701	2564	3.985	2.199
18.856	4.724e-03	-2.791	2547	4.063	2.010
18.856	6.236e-03	-2.875	2540	4.142	1.836
18.856	8.150e-03	-2.955	2532	4.217	1.684
18.856	1.063e-02	-3.029	2532	4.291	1.546
18.856	1.382e-02	-3.101	2536	4.365	1.420
18.856	1.796e-02	-3.178	2532	4.439	1.303
18.856	2.358e-02	-3.291	2475	4.513	1.197
18.856	3.099e-02	-3.401	2418	4.582	1.106
18.856	4.074e-02	-3.510	2357	4.647	1.026
18.856	5.355e-02	-3.623	2288	4.709	0.956
18.856	6.985e-02	-3.742	2207	4.765	0.896
18.856	9.080e-02	-3.881	2097	4.815	0.846
18.856	1.192e-01	-4.017	1992	4.862	0.801
18.856	1.566e-01	-4.158	1882	4.905	0.763
18.856	2.068e-01	-4.317	1756	4.943	0.730
18.856	2.707e-01	-4.483	1626	4.976	0.703
18.856	3.552e-01	-4.652	1500	5.004	0.680
18.856	4.698e-01	-4.837	1368	5.029	0.661
18.856	6.175e-01	-5.026	1241	5.049	0.646
18.856	8.118e-01	-5.220	1120	5.066	0.634
18.856	1.067e+00	-5.422	1005	5.079	0.624
18.856	1.403e+00	-5.630	898	5.090	0.616
18.856	1.844e+00	-5.837	801	5.099	0.610
18.856	2.405e+00	-6.040	715	5.106	0.605
18.856	3.174e+00	-6.234	642	5.112	0.601
18.856	4.182e+00	-6.425	577	5.117	0.597
18.856	5.530e+00	-6.602	522	5.122	0.594
18.856	7.314e+00	-6.762	477	5.125	0.592
18.856	9.612e+00	-6.908	440	5.129	0.589
19.380	1.042e-04	-1.572	3024	3.155	5.799
19.380	1.370e-04	-1.654	3025	3.236	5.278
19.380	1.801e-04	-1.743	3009	3.316	4.814
19.380	2.368e-04	-1.835	2983	3.393	4.406
19.380	3.101e-04	-1.921	2954	3.463	4.066
19.380	4.052e-04	-2.000	2918	3.520	3.808
19.380	5.328e-04	-2.054	2891	3.558	3.646
19.380	7.003e-04	-2.086	2874	3.580	3.555
19.380	9.134e-04	-2.114	2859	3.599	3.477
19.380	1.208e-03	-2.164	2832	3.632	3.346
19.380	1.588e-03	-2.277	2771	3.707	3.070
19.380	2.056e-03	-2.436	2685	3.812	2.722
19.380	2.708e-03	-2.574	2617	3.905	2.444
19.380	3.560e-03	-2.685	2575	3.988	2.222
19.380	4.643e-03	-2.773	2556	4.063	2.037
19.380	6.129e-03	-2.857	2548	4.141	1.863
19.380	8.023e-03	-2.936	2541	4.216	1.710
19.380	1.059e-02	-3.015	2538	4.292	1.565
19.380	1.386e-02	-3.087	2542	4.368	1.435
19.380	1.820e-02	-3.162	2545	4.444	1.314
19.380	2.383e-02	-3.272	2491	4.518	1.207
19.380	3.114e-02	-3.380	2435	4.586	1.116
19.380	4.094e-02	-3.489	2375	4.652	1.035
19.380	5.381e-02	-3.602	2307	4.714	0.963
19.380	7.075e-02	-3.720	2230	4.772	0.901
19.380	9.298e-02	-3.863	2116	4.825	0.847
19.380	1.227e-01	-4.003	2007	4.874	0.802
19.380	1.604e-01	-4.141	1900	4.916	0.764
19.380	2.109e-01	-4.297	1776	4.954	0.730
19.380	2.772e-01	-4.460	1648	4.988	0.702
19.380	3.615e-01	-4.627	1522	5.016	0.680
19.380	4.781e-01	-4.811	1389	5.042	0.661
19.380	6.311e-01	-5.001	1260	5.063	0.645
19.380	8.261e-01	-5.192	1140	5.079	0.632
19.380	1.091e+00	-5.396	1022	5.094	0.622
19.380	1.428e+00	-5.601	914	5.105	0.614
19.380	1.874e+00	-5.807	816	5.114	0.608
19.380	2.463e+00	-6.018	726	5.121	0.603
19.380	3.257e+00	-6.214	651	5.127	0.598
19.380	4.299e+00	-6.407	584	5.133	0.595
19.380	5.663e+00	-6.582	529	5.137	0.592
19.380	7.489e+00	-6.744	483	5.141	0.589
19.380	9.843e+00	-6.891	445	5.144	0.587
19.904	1.047e-04	-1.559	3036	3.159	5.845
19.904	1.369e-04	-1.638	3036	3.239	5.335
19.904	1.807e-04	-1.727	3021	3.320	4.861
19.904	2.365e-04	-1.816	2998	3.395	4.457
19.904	3.122e-04	-1.904	2969	3.466	4.108
19.904	4.087e-04	-1.977	2937	3.521	3.856
19.904	5.364e-04	-2.027	2913	3.555	3.707
19.904	7.050e-04	-2.056	2898	3.576	3.620
19.904	9.196e-04	-2.086	2882	3.596	3.535
19.904	1.195e-03	-2.138	2854	3.632	3.394
19.904	1.569e-03	-2.265	2785	3.715	3.082
19.904	2.062e-03	-2.431	2693	3.824	2.720
19.904	2.722e-03	-2.567	2626	3.915	2.449
19.904	3.563e-03	-2.674	2585	3.995	2.235
19.904	4.704e-03	-2.765	2564	4.072	2.044
19.904	6.157e-03	-2.845	2555	4.146	1.877
19.904	8.082e-03	-2.925	2548	4.221	1.722
19.904	1.058e-02	-3.001	2543	4.295	1.582
19.904	1.385e-02	-3.073	2548	4.369	1.452
19.904	1.818e-02	-3.147	2551	4.445	1.330
19.904	2.390e-02	-3.251	2509	4.521	1.220
19.904	3.155e-02	-3.364	2450	4.592	1.123
19.904	4.123e-02	-3.470	2392	4.657	1.043
19.904	5.420e-02	-3.582	2326	4.719	0.970
19.904	7.124e-02	-3.697	2251	4.778	0.907
19.904	9.403e-02	-3.840	2140	4.833	0.851
19.904	1.239e-01	-3.981	2030	4.882	0.805
19.904	1.622e-01	-4.118	1922	4.925	0.766
19.904	2.137e-01	-4.274	1798	4.964	0.732
19.904	2.808e-01	-4.431	1676	4.999	0.703
19.904	3.707e-01	-4.608	1539	5.029	0.679
19.904	4.853e-01	-4.784	1411	5.054	0.660
19.904	6.406e-01	-4.973	1282	5.076	0.644
19.904	8.385e-01	-5.163	1160	5.093	0.631
19.904	1.101e+00	-5.362	1044	5.107	0.621
19.904	1.441e+00	-5.566	934	5.119	0.613
19.904	1.887e+00	-5.771	834	5.128	0.606
19.904	2.490e+00	-5.986	741	5.136	0.601
19.904	3.255e+00	-6.177	666	5.142	0.596
19.904	4.296e+00	-6.367	599	5.147	0.593
19.904	5.659e+00	-6.545	542	5.152	0.590
19.904	7.438e+00	-6.712	493	5.156	0.587
19.904	9.836e+00	-6.859	454	5.159	0.585
20.428	1.035e-04	-1.541	3046	3.159	5.923
20.428	1.353e-04	-1.619	3048	3.238	5.409
20.428	1.786e-04	-1.708	3034	3.318	4.931
20.428	2.338e-04	-1.794	3014	3.394	4.523
20.428	3.068e-04	-1.879	2987	3.463	4.177
20.428	4.032e-04	-1.950	2958	3.517	3.923
20.428	5.260e-04	-1.996	2936	3.549	3.779
20.428	6.903e-04	-2.025	2921	3.570	3.692
20.428	8.974e-04	-2.055	2906	3.591	3.603
20.428	1.175e-03	-2.113	2875	3.630	3.445
20.428	1.538e-03	-2.250	2800	3.721	3.102
20.428	2.019e-03	-2.413	2709	3.827	2.746
20.428	2.654e-03	-2.546	2640	3.915	2.480
20.428	3.489e-03	-2.654	2597	3.995	2.264
20.428	4.569e-03	-2.744	2574	4.069	2.078
20.428	5.971e-03	-2.824	2563	4.142	1.911
20.428	7.851e-03	-2.903	2556	4.216	1.755
20.428	1.032e-02	-2.981	2550	4.290	1.611
20.428	1.357e-02	-3.054	2553	4.365	1.478
20.428	1.783e-02	-3.127	2557	4.441	1.354
20.428	2.326e-02	-3.218	2532	4.515	1.244
20.428	3.028e-02	-3.326	2477	4.584	1.149
20.428	3.997e-02	-3.437	2417	4.652	1.062
20.428	5.233e-02	-3.545	2355	4.715	0.988
20.428	6.907e-02	-3.660	2281	4.776	0.921
20.428	9.042e-02	-3.790	2185	4.831	0.864
20.428	1.196e-01	-3.936	2069	4.882	0.815
20.428	1.560e-01	-4.072	1963	4.926	0.775
20.428	2.059e-01	-4.221	1845	4.967	0.739
20.428	2.712e-01	-4.370	1729	5.004	0.708
20.428	3.564e-01	-4.551	1586	5.035	0.683
20.428	4.705e-01	-4.729	1454	5.062	0.662
20.428	6.149e-01	-4.907	1329	5.084	0.646
20.428	8.084e-01	-5.098	1203	5.103	0.632
20.428	1.059e+00	-5.294	1085	5.118	0.621
20.428	1.376e+00	-5.491	975	5.130	0.613
20.428	1.798e+00	-5.695	872	5.140	0.606
20.428	2.346e+00	-5.900	779	5.148	0.600
20.428	3.102e+00	-6.110	693	5.155	0.595
20.428	4.079e+00	-6.298	624	5.160	0.591
20.428	5.394e+00	-6.487	561	5.165	0.588
20.428	7.090e+00	-6.660	509	5.169	0.586
20.428	9.359e+00	-6.796	472	5.173	0.583
20.951	1.017e-04	-1.523	3055	3.157	6.012
20.951	1.334e-04	-1.601	3059	3.237	5.486
20.951	1.754e-04	-1.687	3046	3.316	5.011
20.951	2.288e-04	-1.771	3029	3.389	4.602
20.951	3.020e-04	-1.856	3003	3.460	4.245
20.951	3.953e-04	-1.923	2979	3.512	3.994
20.951	5.188e-04	-1.967	2958	3.544	3.850
20.951	6.819e-04	-1.995	2943	3.565	3.762
20.951	8.894e-04	-2.028	2927	3.587	3.664
20.951	1.174e-03	-2.094	2893	3.633	3.477
20.951	1.537e-03	-2.246	2809	3.734	3.095
20.951	2.029e-03	-2.407	2718	3.838	2.746
20.951	2.656e-03	-2.535	2651	3.923	2.490
20.951	3.505e-03	-2.645	2605	4.002	2.273
20.951	4.589e-03	-2.734	2582	4.075	2.090
20.951	6.057e-03	-2.816	2569	4.149	1.918
20.951	7.930e-03	-2.893	2563	4.222	1.765
20.951	1.047e-02	-2.972	2557	4.296	1.620
20.951	1.370e-02	-3.044	2559	4.369	1.489
20.951	1.809e-02	-3.118	2563	4.446	1.363
20.951	2.364e-02	-3.203	2546	4.521	1.251
20.951	3.120e-02	-3.317	2487	4.594	1.150
20.951	4.085e-02	-3.424	2429	4.660	1.066
20.951	5.361e-02	-3.532	2368	4.724	0.990
20.951	7.020e-02	-3.644	2298	4.783	0.925
20.951	9.190e-02	-3.770	2207	4.839	0.867
20.951	1.213e-01	-3.916	2090	4.890	0.817
20.951	1.588e-01	-4.054	1981	4.936	0.776
20.951	2.100e-01	-4.202	1865	4.978	0.739
20.951	2.772e-01	-4.354	1745	5.015	0.708
20.951	3.652e-01	-4.534	1603	5.047	0.683
20.951	4.800e-01	-4.706	1474	5.074	0.662
20.951	6.335e-01	-4.891	1343	5.097	0.644
20.951	8.345e-01	-5.083	1216	5.116	0.630
20.951	1.097e+00	-5.282	1094	5.132	0.619
20.951	1.442e+00	-5.487	979	5.145	0.610
20.951	1.895e+00	-5.695	874	5.155	0.603
20.951	2.472e+00	-5.903	779	5.163	0.597
20.951	3.263e+00	-6.109	695	5.170	0.593
20.951	4.264e+00	-6.292	627	5.175	0.589
20.951	5.562e+00	-6.475	566	5.180	0.586
20.951	7.342e+00	-6.648	513	5.184	0.583
20.951	9.672e+00	-6.785	476	5.188	0.581
23.046	1.030e-04	-1.408	3068	3.091	6.807
23.046	1.354e-04	-1.494	3090	3.188	6.083
23.046	1.766e-04	-1.582	3094	3.280	5.478
23.046	2.318e-04	-1.677	3080	3.366	4.958
23.046	3.047e-04	-1.762	3064	3.442	4.544
23.046	3.974e-04	-1.824	3047	3.495	4.276
23.046	5.246e-04	-1.863	3031	3.525	4.130
23.046	6.868e-04	-1.891	3019	3.546	4.030
23.046	9.083e-04	-1.936	3000	3.580	3.875
23.046	1.194e-03	-2.048	2945	3.659	3.539
23.046	1.569e-03	-2.221	2849	3.775	3.095
23.046	2.072e-03	-2.371	2762	3.871	2.774
23.046	2.712e-03	-2.493	2695	3.950	2.530
23.046	3.580e-03	-2.602	2643	4.026	2.320
23.046	4.686e-03	-2.689	2619	4.096	2.140
23.046	6.102e-03	-2.769	2600	4.164	1.978
23.046	7.933e-03	-2.843	2590	4.232	1.830
23.046	1.041e-02	-2.918	2585	4.303	1.686
23.046	1.354e-02	-2.991	2580	4.372	1.557
23.046	1.772e-02	-3.061	2584	4.445	1.432
23.046	2.316e-02	-3.132	2587	4.518	1.316
23.046	3.021e-02	-3.223	2561	4.591	1.210
23.046	3.988e-02	-3.335	2501	4.663	1.114
23.046	5.221e-02	-3.442	2442	4.728	1.033
23.046	6.891e-02	-3.553	2377	4.792	0.960
23.046	9.006e-02	-3.664	2307	4.851	0.897
23.046	1.184e-01	-3.797	2206	4.906	0.842
23.046	1.556e-01	-3.940	2090	4.956	0.795
23.046	2.043e-01	-4.082	1977	5.001	0.755
23.046	2.684e-01	-4.229	1858	5.041	0.721
23.046	3.550e-01	-4.380	1740	5.077	0.691
23.046	4.631e-01	-4.554	1602	5.107	0.668
23.046	6.113e-01	-4.731	1469	5.134	0.648
23.046	8.002e-01	-4.912	1341	5.156	0.631
23.046	1.050e+00	-5.103	1214	5.175	0.618
23.046	1.380e+00	-5.303	1091	5.190	0.607
23.046	1.822e+00	-5.514	973	5.203	0.598
23.046	2.385e+00	-5.722	869	5.212	0.592
23.046	3.148e+00	-5.947	767	5.220	0.586
23.046	4.147e+00	-6.140	688	5.227	0.582
23.046	5.451e+00	-6.339	616	5.232	0.579
23.046	7.195e+00	-6.516	558	5.237	0.576
23.046	9.515e+00	-6.669	512	5.241	0.573
25.142	1.004e-04	-1.344	3090	3.077	7.227
25.142	1.325e-04	-1.432	3113	3.177	6.437
25.142	1.735e-04	-1.517	3126	3.270	5.782
25.142	2.290e-04	-1.610	3120	3.360	5.217
25.142	2.993e-04	-1.689	3108	3.432	4.801
25.142	3.935e-04	-1.743	3098	3.480	4.542
25.142	5.172e-04	-1.774	3090	3.506	4.407
25.142	6.745e-04	-1.803	3080	3.530	4.288
25.142	8.904e-04	-1.862	3057	3.576	4.068
25.142	1.166e-03	-2.006	2993	3.683	3.594
25.142	1.539e-03	-2.171	2902	3.795	3.161
25.142	2.014e-03	-2.310	2819	3.884	2.854
25.142	2.659e-03	-2.436	2746	3.964	2.603
25.142	3.481e-03	-2.541	2693	4.035	2.398
25.142	4.568e-03	-2.633	2658	4.104	2.215
25.142	6.004e-03	-2.717	2634	4.172	2.047
25.142	7.831e-03	-2.794	2618	4.239	1.896
25.142	1.034e-02	-2.869	2611	4.309	1.748
25.142	1.353e-02	-2.942	2607	4.379	1.613
25.142	1.786e-02	-3.017	2603	4.452	1.484
25.142	2.334e-02	-3.086	2607	4.524	1.366
25.142	3.069e-02	-3.159	2609	4.598	1.253
25.142	4.034e-02	-3.266	2560	4.672	1.152
25.142	5.324e-02	-3.377	2500	4.741	1.063
25.142	6.958e-02	-3.483	2440	4.805	0.988
25.142	9.076e-02	-3.590	2375	4.865	0.922
25.142	1.198e-01	-3.706	2298	4.924	0.861
25.142	1.578e-01	-3.850	2182	4.978	0.809
25.142	2.074e-01	-3.992	2067	5.026	0.766
25.142	2.705e-01	-4.131	1954	5.068	0.730
25.142	3.578e-01	-4.288	1826	5.107	0.698
25.142	4.723e-01	-4.449	1698	5.141	0.671
25.142	6.221e-01	-4.622	1563	5.171	0.649
25.142	8.147e-01	-4.794	1435	5.195	0.631
25.142	1.066e+00	-4.981	1305	5.216	0.616
25.142	1.408e+00	-5.181	1175	5.233	0.603
25.142	1.843e+00	-5.385	1053	5.247	0.594
25.142	2.433e+00	-5.598	937	5.259	0.586
25.142	3.179e+00	-5.814	832	5.267	0.580
25.142	4.196e+00	-6.025	740	5.275	0.575
25.142	5.493e+00	-6.214	666	5.280	0.572
25.142	7.210e+00	-6.407	598	5.285	0.568
25.142	9.441e+00	-6.573	544	5.289	0.566
27.237	1.025e-04	-1.301	3111	3.080	7.495
27.237	1.347e-04	-1.386	3137	3.179	6.684
27.237	1.771e-04	-1.473	3150	3.274	5.993
27.237	2.328e-04	-1.558	3153	3.360	5.425
27.237	3.073e-04	-1.631	3145	3.429	5.012
27.237	4.023e-04	-1.673	3138	3.468	4.796
27.237	5.311e-04	-1.700	3133	3.492	4.664
27.237	6.952e-04	-1.736	3124	3.523	4.500
27.237	9.177e-04	-1.827	3094	3.597	4.132
27.237	1.201e-03	-1.990	3025	3.721	3.583
27.237	1.577e-03	-2.141	2942	3.823	3.187
27.237	2.072e-03	-2.275	2861	3.909	2.885
27.237	2.703e-03	-2.393	2791	3.983	2.648
27.237	3.568e-03	-2.499	2737	4.055	2.438
27.237	4.671e-03	-2.593	2694	4.122	2.256
27.237	6.165e-03	-2.679	2667	4.190	2.087
27.237	8.071e-03	-2.759	2645	4.256	1.934
27.237	1.065e-02	-2.834	2635	4.325	1.787
27.237	1.395e-02	-2.905	2631	4.393	1.652
27.237	1.841e-02	-2.981	2625	4.465	1.521
27.237	2.410e-02	-3.051	2626	4.536	1.402
27.237	3.181e-02	-3.124	2629	4.611	1.286
27.237	4.157e-02	-3.208	2612	4.684	1.183
27.237	5.422e-02	-3.317	2553	4.752	1.093
27.237	7.117e-02	-3.425	2492	4.819	1.012
27.237	9.354e-02	-3.533	2428	4.882	0.941
27.237	1.220e-01	-3.640	2362	4.940	0.880
27.237	1.614e-01	-3.769	2266	4.998	0.823
27.237	2.130e-01	-3.916	2145	5.050	0.776
27.237	2.788e-01	-4.059	2028	5.094	0.737
27.237	3.659e-01	-4.207	1905	5.135	0.703
27.237	4.810e-01	-4.349	1793	5.171	0.675
27.237	6.361e-01	-4.527	1648	5.203	0.650
27.237	8.396e-01	-4.702	1515	5.231	0.630
27.237	1.099e+00	-4.881	1384	5.254	0.614
27.237	1.443e+00	-5.074	1253	5.273	0.600
27.237	1.896e+00	-5.276	1125	5.288	0.589
27.237	2.503e+00	-5.490	1002	5.301	0.581
27.237	3.276e+00	-5.700	893	5.311	0.574
27.237	4.325e+00	-5.924	789	5.319	0.569
27.237	5.697e+00	-6.128	704	5.325	0.565
27.237	7.487e+00	-6.329	629	5.331	0.561
27.237	9.883e+00	-6.508	569	5.335	0.559
29.332	1.048e-04	-1.262	3129	3.084	7.744
29.332	1.377e-04	-1.345	3160	3.183	6.905
29.332	1.811e-04	-1.432	3173	3.278	6.192
29.332	2.380e-04	-1.514	3176	3.361	5.624
29.332	3.129e-04	-1.574	3177	3.422	5.247
29.332	4.112e-04	-1.607	3175	3.454	5.054
29.332	5.363e-04	-1.634	3171	3.478	4.917
29.332	7.080e-04	-1.682	3159	3.520	4.684
29.332	9.268e-04	-1.806	3123	3.624	4.157
29.332	1.216e-03	-1.961	3060	3.743	3.622
29.332	1.599e-03	-2.103	2984	3.842	3.235
29.332	2.085e-03	-2.229	2909	3.924	2.943
29.332	2.753e-03	-2.351	2835	4.001	2.694
29.332	3.603e-03	-2.453	2782	4.070	2.487
29.332	4.756e-03	-2.551	2736	4.139	2.298
29.332	6.227e-03	-2.639	2700	4.204	2.133
29.332	8.219e-03	-2.721	2675	4.270	1.975
29.332	1.076e-02	-2.796	2661	4.336	1.832
29.332	1.412e-02	-2.868	2653	4.403	1.695
29.332	1.856e-02	-2.941	2648	4.473	1.565
29.332	2.421e-02	-3.013	2643	4.541	1.446
29.332	3.196e-02	-3.084	2646	4.615	1.329
29.332	4.183e-02	-3.156	2648	4.687	1.222
29.332	5.491e-02	-3.257	2605	4.760	1.123
29.332	7.216e-02	-3.368	2542	4.829	1.038
29.332	9.471e-02	-3.476	2480	4.893	0.964
29.332	1.245e-01	-3.584	2415	4.955	0.898
29.332	1.624e-01	-3.692	2344	5.012	0.841
29.332	2.143e-01	-3.834	2230	5.067	0.789
29.332	2.823e-01	-3.978	2111	5.116	0.746
29.332	3.697e-01	-4.123	1990	5.158	0.711
29.332	4.870e-01	-4.277	1862	5.196	0.680
29.332	6.401e-01	-4.428	1741	5.231	0.654
29.332	8.465e-01	-4.604	1600	5.261	0.631
29.332	1.113e+00	-4.776	1471	5.286	0.613
29.332	1.463e+00	-4.966	1335	5.308	0.598
29.332	1.923e+00	-5.165	1203	5.325	0.586
29.332	2.528e+00	-5.375	1075	5.339	0.577
29.332	3.323e+00	-5.588	956	5.351	0.569
29.332	4.368e+00	-5.812	845	5.360	0.563
29.332	5.697e+00	-6.017	754	5.367	0.559
29.332	7.520e+00	-6.221	673	5.372	0.555
29.332	9.827e+00	-6.405	607	5.377	0.552
31.427	1.017e-04	-1.211	3140	3.069	8.155
31.427	1.342e-04	-1.295	3173	3.170	7.254
31.427	1.757e-04	-1.377	3193	3.264	6.512
31.427	2.306e-04	-1.458	3197	3.347	5.919
31.427	3.030e-04	-1.515	3198	3.405	5.538
31.427	4.000e-04	-1.546	3199	3.436	5.342
31.427	5.228e-04	-1.571	3200	3.462	5.186
31.427	6.873e-04	-1.623	3195	3.510	4.903
31.427	9.033e-04	-1.762	3157	3.629	4.279
31.427	1.195e-03	-1.913	3102	3.749	3.725
31.427	1.571e-03	-2.049	3034	3.847	3.328
31.427	2.057e-03	-2.175	2960	3.930	3.023
31.427	2.693e-03	-2.292	2890	4.005	2.773
31.427	3.554e-03	-2.399	2833	4.077	2.553
31.427	4.653e-03	-2.496	2783	4.144	2.365
31.427	6.107e-03	-2.589	2739	4.209	2.194
31.427	8.026e-03	-2.673	2710	4.274	2.036
31.427	1.059e-02	-2.753	2687	4.340	1.886
31.427	1.387e-02	-2.826	2676	4.406	1.749
31.427	1.831e-02	-2.899	2670	4.475	1.616
31.427	2.412e-02	-2.973	2664	4.545	1.490
31.427	3.169e-02	-3.045	2662	4.616	1.373
31.427	4.167e-02	-3.116	2665	4.689	1.263
31.427	5.477e-02	-3.195	2657	4.763	1.160
31.427	7.201e-02	-3.308	2594	4.834	1.069
31.427	9.464e-02	-3.417	2531	4.900	0.990
31.427	1.234e-01	-3.522	2469	4.962	0.922
31.427	1.620e-01	-3.628	2404	5.022	0.861
31.427	2.106e-01	-3.744	2322	5.077	0.808
31.427	2.758e-01	-3.886	2202	5.128	0.762
31.427	3.611e-01	-4.027	2084	5.173	0.723
31.427	4.766e-01	-4.182	1953	5.215	0.689
31.427	6.239e-01	-4.321	1840	5.250	0.662
31.427	8.252e-01	-4.489	1703	5.284	0.637
31.427	1.085e+00	-4.659	1569	5.312	0.616
31.427	1.426e+00	-4.838	1436	5.336	0.600
31.427	1.860e+00	-5.024	1304	5.355	0.586
31.427	2.455e+00	-5.231	1169	5.372	0.575
31.427	3.234e+00	-5.445	1041	5.385	0.566
31.427	4.250e+00	-5.662	925	5.396	0.559
31.427	5.544e+00	-5.877	821	5.404	0.554
31.427	7.318e+00	-6.093	727	5.410	0.550
31.427	9.580e+00	-6.287	653	5.416	0.547
34.570	1.044e-04	-1.164	3161	3.074	8.502
34.570	1.373e-04	-1.244	3196	3.173	7.581
34.570	1.805e-04	-1.325	3219	3.267	6.807
34.570	2.363e-04	-1.397	3226	3.343	6.237
34.570	3.094e-04	-1.442	3228	3.389	5.913
34.570	4.084e-04	-1.469	3229	3.416	5.733
34.570	5.337e-04	-1.500	3230	3.448	5.529
34.570	7.017e-04	-1.576	3227	3.523	5.070
34.570	9.222e-04	-1.730	3193	3.658	4.341
34.570	1.213e-03	-1.865	3149	3.769	3.818
34.570	1.594e-03	-1.994	3089	3.864	3.422
34.570	2.079e-03	-2.113	3024	3.946	3.114
34.570	2.744e-03	-2.229	2957	4.023	2.849
34.570	3.592e-03	-2.332	2901	4.094	2.628
34.570	4.714e-03	-2.433	2846	4.161	2.431
34.570	6.196e-03	-2.529	2797	4.227	2.255
34.570	8.082e-03	-2.616	2757	4.289	2.099
34.570	1.067e-02	-2.697	2732	4.354	1.947
34.570	1.394e-02	-2.774	2711	4.418	1.810
34.570	1.833e-02	-2.847	2701	4.484	1.677
34.570	2.409e-02	-2.918	2695	4.552	1.550
34.570	3.180e-02	-2.994	2688	4.622	1.429
34.570	4.155e-02	-3.063	2688	4.692	1.320
34.570	5.464e-02	-3.135	2690	4.765	1.214
34.570	7.155e-02	-3.221	2668	4.837	1.116
34.570	9.366e-02	-3.331	2605	4.906	1.031
34.570	1.236e-01	-3.442	2541	4.973	0.955
34.570	1.618e-01	-3.547	2477	5.034	0.890
34.570	2.107e-01	-3.651	2411	5.091	0.833
34.570	2.766e-01	-3.774	2319	5.147	0.782
34.570	3.596e-01	-3.910	2205	5.195	0.740
34.570	4.709e-01	-4.052	2084	5.239	0.703
34.570	6.153e-01	-4.201	1956	5.277	0.673
34.570	8.090e-01	-4.335	1846	5.312	0.646
34.570	1.070e+00	-4.502	1709	5.344	0.623
34.570	1.406e+00	-4.670	1577	5.372	0.603
34.570	1.849e+00	-4.850	1441	5.396	0.587
34.570	2.430e+00	-5.043	1304	5.416	0.574
34.570	3.195e+00	-5.251	1168	5.432	0.563
34.570	4.199e+00	-5.469	1038	5.445	0.555
34.570	5.521e+00	-5.690	919	5.455	0.548
34.570	7.256e+00	-5.918	810	5.463	0.543
34.570	9.540e+00	-6.128	720	5.469	0.539
36.665	1.017e-04	-1.122	3167	3.061	8.881
36.665	1.331e-04	-1.200	3204	3.160	7.933
36.665	1.757e-04	-1.280	3232	3.254	7.112
36.665	2.300e-04	-1.350	3241	3.329	6.526
36.665	3.036e-04	-1.393	3246	3.375	6.192
36.665	3.975e-04	-1.418	3247	3.400	6.011
36.665	5.217e-04	-1.452	3248	3.435	5.776
36.665	6.857e-04	-1.539	3246	3.522	5.228
36.665	8.943e-04	-1.683	3223	3.653	4.495
36.665	1.181e-03	-1.818	3183	3.766	3.947
36.665	1.545e-03	-1.941	3130	3.860	3.540
36.665	2.028e-03	-2.059	3071	3.945	3.211
36.665	2.656e-03	-2.172	3008	4.022	2.940
36.665	3.477e-03	-2.275	2953	4.093	2.708
36.665	4.564e-03	-2.377	2896	4.161	2.503
36.665	5.998e-03	-2.476	2843	4.227	2.320
36.665	7.886e-03	-2.567	2798	4.292	2.154
36.665	1.036e-02	-2.653	2763	4.355	2.002
36.665	1.352e-02	-2.730	2740	4.418	1.864
36.665	1.785e-02	-2.807	2723	4.484	1.727
36.665	2.336e-02	-2.878	2715	4.549	1.601
36.665	3.084e-02	-2.951	2708	4.619	1.478
36.665	4.037e-02	-3.024	2702	4.688	1.366
36.665	5.329e-02	-3.095	2704	4.760	1.256
36.665	6.976e-02	-3.167	2705	4.832	1.156
36.665	9.156e-02	-3.271	2656	4.904	1.064
36.665	1.199e-01	-3.379	2593	4.971	0.986
36.665	1.570e-01	-3.485	2529	5.034	0.917
36.665	2.060e-01	-3.590	2465	5.094	0.855
36.665	2.707e-01	-3.698	2394	5.151	0.801
36.665	3.531e-01	-3.828	2289	5.203	0.755
36.665	4.662e-01	-3.968	2170	5.250	0.715
36.665	6.102e-01	-4.111	2046	5.291	0.682
36.665	8.055e-01	-4.260	1917	5.328	0.654
36.665	1.061e+00	-4.397	1806	5.361	0.629
36.665	1.395e+00	-4.556	1677	5.390	0.608
36.665	1.830e+00	-4.723	1546	5.416	0.590
36.665	2.406e+00	-4.908	1408	5.439	0.575
36.665	3.163e+00	-5.108	1269	5.457	0.563
36.665	4.142e+00	-5.322	1131	5.473	0.553
36.665	5.422e+00	-5.540	1004	5.485	0.546
36.665	7.157e+00	-5.768	886	5.494	0.540
36.665	9.369e+00	-6.000	778	5.501	0.535
39.807	1.040e-04	-1.082	3185	3.067	9.194
39.807	1.373e-04	-1.161	3223	3.167	8.199
39.807	1.797e-04	-1.234	3251	3.255	7.404
39.807	2.377e-04	-1.298	3261	3.323	6.844
39.807	3.125e-04	-1.331	3265	3.359	6.569
39.807	4.107e-04	-1.356	3269	3.386	6.368
39.807	5.400e-04	-1.401	3274	3.434	6.026
39.807	7.097e-04	-1.525	3269	3.555	5.240
39.807	9.386e-04	-1.663	3252	3.684	4.520
39.807	1.234e-03	-1.790	3214	3.790	4.000
39.807	1.616e-03	-1.906	3169	3.882	3.598
39.807	2.115e-03	-2.019	3115	3.965	3.270
39.807	2.777e-03	-2.126	3061	4.042	2.992
39.807	3.649e-03	-2.230	3007	4.115	2.751
39.807	4.760e-03	-2.330	2951	4.182	2.546
39.807	6.247e-03	-2.429	2896	4.248	2.360
39.807	8.122e-03	-2.519	2849	4.310	2.197
39.807	1.064e-02	-2.608	2807	4.373	2.045
39.807	1.392e-02	-2.688	2778	4.435	1.903
39.807	1.827e-02	-2.766	2755	4.499	1.768
39.807	2.402e-02	-2.840	2742	4.564	1.640
39.807	3.158e-02	-2.911	2735	4.632	1.518
39.807	4.150e-02	-2.985	2728	4.700	1.403
39.807	5.413e-02	-3.055	2725	4.768	1.297
39.807	7.145e-02	-3.127	2726	4.841	1.192
39.807	9.354e-02	-3.205	2716	4.913	1.097
39.807	1.228e-01	-3.317	2651	4.983	1.013
39.807	1.614e-01	-3.425	2587	5.048	0.939
39.807	2.105e-01	-3.527	2524	5.108	0.877
39.807	2.778e-01	-3.632	2458	5.167	0.820
39.807	3.630e-01	-3.736	2387	5.220	0.771
39.807	4.792e-01	-3.871	2273	5.269	0.729
39.807	6.273e-01	-3.997	2164	5.311	0.695
39.807	8.234e-01	-4.131	2046	5.347	0.666
39.807	1.082e+00	-4.265	1930	5.379	0.642
39.807	1.423e+00	-4.386	1831	5.409	0.620
39.807	1.882e+00	-4.533	1710	5.437	0.600
39.807	2.473e+00	-4.694	1582	5.463	0.583
39.807	3.264e+00	-4.876	1443	5.486	0.567
39.807	4.300e+00	-5.079	1300	5.506	0.555
39.807	5.631e+00	-5.302	1153	5.522	0.544
39.807	7.372e+00	-5.531	1018	5.535	0.536
39.807	9.731e+00	-5.771	892	5.545	0.530
41.903	1.018e-04	-1.047	3192	3.058	9.530
41.903	1.336e-04	-1.124	3229	3.155	8.523
41.903	1.756e-04	-1.197	3260	3.244	7.693
41.903	2.318e-04	-1.257	3272	3.310	7.129
41.903	3.035e-04	-1.288	3276	3.344	6.854
41.903	3.984e-04	-1.314	3280	3.372	6.642
41.903	5.235e-04	-1.361	3286	3.422	6.267
41.903	6.884e-04	-1.488	3286	3.549	5.414
41.903	9.047e-04	-1.620	3272	3.674	4.691
41.903	1.189e-03	-1.742	3243	3.781	4.147
41.903	1.563e-03	-1.858	3202	3.875	3.722
41.903	2.039e-03	-1.967	3155	3.958	3.382
41.903	2.676e-03	-2.072	3107	4.036	3.090
41.903	3.517e-03	-2.176	3055	4.111	2.837
41.903	4.588e-03	-2.276	3000	4.179	2.621
41.903	6.022e-03	-2.376	2943	4.246	2.427
41.903	7.886e-03	-2.472	2891	4.311	2.254
41.903	1.031e-02	-2.561	2847	4.373	2.098
41.903	1.355e-02	-2.648	2807	4.436	1.951
41.903	1.781e-02	-2.727	2783	4.499	1.813
41.903	2.323e-02	-2.802	2763	4.562	1.687
41.903	3.066e-02	-2.875	2753	4.629	1.562
41.903	4.039e-02	-2.948	2746	4.697	1.444
41.903	5.308e-02	-3.022	2738	4.766	1.333
41.903	6.979e-02	-3.092	2739	4.837	1.229
41.903	9.172e-02	-3.165	2739	4.910	1.131
41.903	1.196e-01	-3.260	2699	4.980	1.043
41.903	1.570e-01	-3.369	2634	5.046	0.966
41.903	2.064e-01	-3.475	2570	5.109	0.899
41.903	2.692e-01	-3.574	2508	5.166	0.842
41.903	3.533e-01	-3.672	2445	5.220	0.791
41.903	4.643e-01	-3.783	2360	5.269	0.747
41.903	6.057e-01	-3.900	2260	5.311	0.712
41.903	7.995e-01	-4.017	2159	5.349	0.682
41.903	1.047e+00	-4.133	2056	5.380	0.658
41.903	1.381e+00	-4.252	1951	5.407	0.637
41.903	1.820e+00	-4.348	1873	5.433	0.619
41.903	2.392e+00	-4.473	1768	5.458	0.601
41.903	3.157e+00	-4.611	1657	5.482	0.585
41.903	4.175e+00	-4.779	1525	5.507	0.569
41.903	5.466e+00	-4.971	1382	5.528	0.555
41.903	7.228e+00	-5.206	1221	5.548	0.542
41.903	9.542e+00	-5.465	1061	5.564	0.533
45.045	1.002e-04	-1.003	3204	3.052	9.955
45.045	1.312e-04	-1.078	3240	3.146	8.926
45.045	1.732e-04	-1.148	3273	3.234	8.069
45.045	2.290e-04	-1.203	3284	3.295	7.520
45.045	2.998e-04	-1.232	3290	3.326	7.256
45.045	3.935e-04	-1.258	3295	3.356	7.015
45.045	5.172e-04	-1.315	3304	3.417	6.540
45.045	6.800e-04	-1.448	3309	3.553	5.587
45.045	8.937e-04	-1.577	3296	3.675	4.856
45.045	1.180e-03	-1.694	3278	3.782	4.292
45.045	1.544e-03	-1.807	3239	3.875	3.858
45.045	2.027e-03	-1.915	3198	3.960	3.496
45.045	2.664e-03	-2.018	3155	4.040	3.190
45.045	3.503e-03	-2.118	3112	4.116	2.923
45.045	4.603e-03	-2.220	3058	4.188	2.691
45.045	6.042e-03	-2.321	3001	4.256	2.488
45.045	7.912e-03	-2.417	2947	4.321	2.308
45.045	1.036e-02	-2.511	2897	4.384	2.146
45.045	1.367e-02	-2.602	2851	4.448	1.994
45.045	1.790e-02	-2.684	2819	4.510	1.857
45.045	2.363e-02	-2.764	2793	4.575	1.724
45.045	3.093e-02	-2.837	2778	4.639	1.602
45.045	4.082e-02	-2.910	2770	4.706	1.482
45.045	5.344e-02	-2.982	2762	4.773	1.372
45.045	7.055e-02	-3.056	2757	4.844	1.265
45.045	9.235e-02	-3.125	2758	4.914	1.167
45.045	1.219e-01	-3.202	2753	4.987	1.072
45.045	1.593e-01	-3.310	2689	5.055	0.992
45.045	2.095e-01	-3.415	2626	5.118	0.922
45.045	2.743e-01	-3.513	2565	5.175	0.863
45.045	3.584e-01	-3.604	2507	5.227	0.814
45.045	4.713e-01	-3.691	2451	5.274	0.771
45.045	6.171e-01	-3.784	2377	5.315	0.736
45.045	8.079e-01	-3.873	2301	5.347	0.708
45.045	1.066e+00	-3.953	2233	5.374	0.687
45.045	1.394e+00	-4.020	2173	5.395	0.671
45.045	1.832e+00	-4.079	2120	5.411	0.658
45.045	2.408e+00	-4.125	2079	5.423	0.649
45.045	3.166e+00	-4.161	2047	5.432	0.643
45.045	4.161e+00	-4.185	2025	5.437	0.639
45.045	5.471e+00	-4.198	2013	5.440	0.637
45.045	7.191e+00	-4.204	2007	5.441	0.636
45.045	9.454e+00	-4.207	2005	5.442	0.635
47.140	1.019e-04	-0.983	3215	3.058	10.111
47.140	1.346e-04	-1.059	3252	3.154	9.056
47.140	1.772e-04	-1.125	3282	3.236	8.236
47.140	2.329e-04	-1.173	3292	3.289	7.750
47.140	3.038e-04	-1.198	3298	3.317	7.503
47.140	3.988e-04	-1.227	3304	3.349	7.230
47.140	5.241e-04	-1.296	3316	3.424	6.632
47.140	6.918e-04	-1.434	3323	3.566	5.633
47.140	9.114e-04	-1.561	3310	3.686	4.908
47.140	1.193e-03	-1.671	3295	3.788	4.361
47.140	1.560e-03	-1.781	3260	3.880	3.924
47.140	2.034e-03	-1.885	3223	3.964	3.564
47.140	2.670e-03	-1.985	3185	4.043	3.251
47.140	3.509e-03	-2.083	3146	4.120	2.978
47.140	4.632e-03	-2.186	3093	4.194	2.735
47.140	6.064e-03	-2.286	3038	4.262	2.528
47.140	8.004e-03	-2.386	2982	4.330	2.338
47.140	1.048e-02	-2.481	2929	4.393	2.173
47.140	1.383e-02	-2.573	2881	4.457	2.018
47.140	1.807e-02	-2.659	2842	4.519	1.881
47.140	2.376e-02	-2.738	2816	4.582	1.749
47.140	3.123e-02	-2.814	2796	4.646	1.625
47.140	4.074e-02	-2.884	2786	4.710	1.510
47.140	5.378e-02	-2.958	2778	4.778	1.395
47.140	7.040e-02	-3.031	2769	4.846	1.291
47.140	9.292e-02	-3.102	2770	4.917	1.189
47.140	1.216e-01	-3.172	2769	4.988	1.096
47.140	1.597e-01	-3.269	2726	5.057	1.012
47.140	2.098e-01	-3.374	2663	5.121	0.940
47.140	2.754e-01	-3.471	2603	5.179	0.880
47.140	3.607e-01	-3.559	2547	5.229	0.830
47.140	4.721e-01	-3.638	2497	5.273	0.789
47.140	6.232e-01	-3.709	2450	5.311	0.756
47.140	8.210e-01	-3.779	2393	5.341	0.730
47.140	1.079e+00	-3.834	2347	5.362	0.712
47.140	1.407e+00	-3.874	2312	5.376	0.701
47.140	1.858e+00	-3.900	2290	5.385	0.694
47.140	2.432e+00	-3.914	2278	5.390	0.690
47.140	3.192e+00	-3.921	2272	5.392	0.688
47.140	4.180e+00	-3.923	2270	5.393	0.687
47.140	5.506e+00	-3.924	2270	5.393	0.687
47.140	7.328e+00	-3.924	2269	5.393	0.687
47.140	9.754e+00	-3.925	2269	5.394	0.687
50.283	1.042e-04	-0.955	3231	3.066	10.340
50.283	1.370e-04	-1.028	3266	3.158	9.310
50.283	1.786e-04	-1.086	3295	3.231	8.555
50.283	2.358e-04	-1.127	3303	3.277	8.114
50.283	3.087e-04	-1.152	3308	3.304	7.867
50.283	4.052e-04	-1.186	3316	3.342	7.530
50.283	5.325e-04	-1.276	3334	3.441	6.715
50.283	7.001e-04	-1.410	3340	3.579	5.733
50.283	9.202e-04	-1.530	3331	3.694	5.020
50.283	1.200e-03	-1.637	3315	3.793	4.479
50.283	1.584e-03	-1.745	3290	3.888	4.017
50.283	2.070e-03	-1.848	3253	3.971	3.648
50.283	2.722e-03	-1.945	3223	4.052	3.324
50.283	3.578e-03	-2.042	3187	4.129	3.042
50.283	4.723e-03	-2.142	3141	4.204	2.791
50.283	6.221e-03	-2.243	3087	4.275	2.572
50.283	8.146e-03	-2.341	3032	4.342	2.382
50.283	1.065e-02	-2.436	2977	4.406	2.213
50.283	1.389e-02	-2.528	2927	4.467	2.061
50.283	1.808e-02	-2.615	2883	4.528	1.922
50.283	2.350e-02	-2.694	2851	4.588	1.794
50.283	3.085e-02	-2.773	2825	4.651	1.668
50.283	4.040e-02	-2.846	2809	4.714	1.551
50.283	5.289e-02	-2.917	2801	4.779	1.439
50.283	6.981e-02	-2.991	2792	4.848	1.329
50.283	9.123e-02	-3.062	2786	4.916	1.230
50.283	1.186e-01	-3.128	2787	4.983	1.139
50.283	1.542e-01	-3.196	2786	5.050	1.054
50.283	2.011e-01	-3.297	2728	5.114	0.979
50.283	2.655e-01	-3.395	2668	5.174	0.914
50.283	3.475e-01	-3.479	2616	5.223	0.864
50.283	4.587e-01	-3.551	2570	5.264	0.823
50.283	6.005e-01	-3.606	2534	5.295	0.795
50.283	7.881e-01	-3.647	2507	5.318	0.774
50.283	1.036e+00	-3.674	2489	5.332	0.761
50.283	1.351e+00	-3.689	2480	5.340	0.755
50.283	1.783e+00	-3.696	2475	5.344	0.751
50.283	2.331e+00	-3.698	2473	5.345	0.750
50.283	3.040e+00	-3.699	2473	5.346	0.750
50.283	3.990e+00	-3.699	2472	5.346	0.750
50.283	5.288e+00	-3.700	2472	5.346	0.750
50.283	7.038e+00	-3.700	2472	5.346	0.749
50.283	9.367e+00	-3.701	2472	5.346	0.749
52.378	1.024e-04	-0.930	3236	3.062	10.612
52.378	1.344e-04	-1.000	3272	3.151	9.577
52.378	1.759e-04	-1.057	3300	3.223	8.813
52.378	2.303e-04	-1.095	3310	3.266	8.390
52.378	3.040e-04	-1.120	3315	3.293	8.127
52.378	3.980e-04	-1.156	3322	3.333	7.764
52.378	5.254e-04	-1.253	3343	3.441	6.856
52.378	6.921e-04	-1.385	3351	3.578	5.859
52.378	9.096e-04	-1.503	3344	3.692	5.137
52.378	1.186e-03	-1.609	3330	3.791	4.585
52.378	1.566e-03	-1.714	3310	3.885	4.113
52.378	2.050e-03	-1.817	3275	3.970	3.730
52.378	2.669e-03	-1.909	3249	4.048	3.409
52.378	3.524e-03	-2.006	3217	4.127	3.112
52.378	4.613e-03	-2.101	3178	4.201	2.859
52.378	6.089e-03	-2.203	3125	4.273	2.630
52.378	7.971e-03	-2.300	3071	4.341	2.433
52.378	1.046e-02	-2.398	3015	4.407	2.255
52.378	1.370e-02	-2.493	2960	4.470	2.097
52.378	1.790e-02	-2.582	2913	4.532	1.953
52.378	2.354e-02	-2.670	2872	4.594	1.818
52.378	3.094e-02	-2.748	2846	4.657	1.691
52.378	4.035e-02	-2.822	2826	4.719	1.575
52.378	5.326e-02	-2.896	2815	4.785	1.459
52.378	6.973e-02	-2.967	2806	4.851	1.352
52.378	9.152e-02	-3.040	2797	4.919	1.251
52.378	1.203e-01	-3.109	2798	4.988	1.156
52.378	1.569e-01	-3.176	2797	5.055	1.070
52.378	2.043e-01	-3.263	2760	5.119	0.994
52.378	2.681e-01	-3.357	2703	5.176	0.930
52.378	3.524e-01	-3.437	2653	5.224	0.881
52.378	4.633e-01	-3.501	2612	5.261	0.844
52.378	6.067e-01	-3.547	2583	5.287	0.819
52.378	7.942e-01	-3.577	2564	5.304	0.803
52.378	1.048e+00	-3.593	2553	5.313	0.794
52.378	1.372e+00	-3.601	2548	5.317	0.791
52.378	1.812e+00	-3.603	2547	5.318	0.790
52.378	2.386e+00	-3.603	2546	5.319	0.789
52.378	3.176e+00	-3.604	2546	5.319	0.789
52.378	4.228e+00	-3.604	2546	5.319	0.789
52.378	5.627e+00	-3.604	2546	5.319	0.789
52.378	7.490e+00	-3.605	2546	5.319	0.789
52.378	9.969e+00	-3.605	2545	5.320	0.789
55.521	1.004e-04	-0.897	3243	3.058	10.970
55.521	1.314e-04	-0.963	3281	3.143	9.944
55.521	1.725e-04	-1.017	3307	3.212	9.190
55.521	2.258e-04	-1.050	3319	3.251	8.784
55.521	2.956e-04	-1.074	3324	3.278	8.517
55.521	3.880e-04	-1.113	3332	3.321	8.106
55.521	5.100e-04	-1.216	3354	3.435	7.112
55.521	6.705e-04	-1.343	3366	3.568	6.099
55.521	8.812e-04	-1.458	3364	3.682	5.349
55.521	1.157e-03	-1.566	3351	3.783	4.761
55.521	1.520e-03	-1.668	3333	3.876	4.277
55.521	1.983e-03	-1.765	3309	3.961	3.880
55.521	2.617e-03	-1.863	3282	4.044	3.526
55.521	3.426e-03	-1.953	3258	4.122	3.224
55.521	4.523e-03	-2.050	3221	4.199	2.950
55.521	5.910e-03	-2.145	3178	4.270	2.717
55.521	7.709e-03	-2.241	3128	4.339	2.512
55.521	1.012e-02	-2.339	3071	4.406	2.325
55.521	1.315e-02	-2.433	3017	4.468	2.163
55.521	1.722e-02	-2.527	2963	4.531	2.013
55.521	2.269e-02	-2.618	2915	4.594	1.872
55.521	2.982e-02	-2.701	2880	4.656	1.743
55.521	3.890e-02	-2.778	2854	4.717	1.624
55.521	5.056e-02	-2.850	2838	4.779	1.513
55.521	6.637e-02	-2.921	2828	4.844	1.404
55.521	8.691e-02	-2.992	2819	4.910	1.302
55.521	1.136e-01	-3.062	2813	4.976	1.206
55.521	1.481e-01	-3.127	2813	5.041	1.119
55.521	1.955e-01	-3.194	2813	5.108	1.036
55.521	2.576e-01	-3.284	2765	5.167	0.968
55.521	3.385e-01	-3.361	2717	5.214	0.917
55.521	4.416e-01	-3.416	2682	5.247	0.882
55.521	5.796e-01	-3.454	2658	5.270	0.860
55.521	7.617e-01	-3.475	2645	5.282	0.848
55.521	1.001e+00	-3.484	2639	5.287	0.843
55.521	1.316e+00	-3.487	2637	5.289	0.841
55.521	1.717e+00	-3.488	2637	5.289	0.841
55.521	2.253e+00	-3.488	2637	5.289	0.841
55.521	2.986e+00	-3.488	2636	5.289	0.841
55.521	3.975e+00	-3.489	2636	5.289	0.841
55.521	5.290e+00	-3.489	2636	5.290	0.840
55.521	7.041e+00	-3.489	2636	5.290	0.840
55.521	9.372e+00	-3.490	2636	5.290	0.840
57.616	1.027e-04	-0.886	3253	3.068	11.046
57.616	1.350e-04	-0.949	3291	3.151	10.044
57.616	1.774e-04	-0.997	3315	3.212	9.357
57.616	2.342e-04	-1.026	3326	3.247	8.992
57.616	3.066e-04	-1.052	3331	3.275	8.707
57.616	4.024e-04	-1.100	3341	3.329	8.186
57.616	5.289e-04	-1.217	3366	3.459	7.047
57.616	6.994e-04	-1.343	3375	3.589	6.064
57.616	9.123e-04	-1.451	3374	3.697	5.358
57.616	1.197e-03	-1.557	3361	3.796	4.778
57.616	1.574e-03	-1.658	3343	3.888	4.299
57.616	2.053e-03	-1.753	3323	3.972	3.903
57.616	2.709e-03	-1.849	3298	4.055	3.547
57.616	3.547e-03	-1.938	3277	4.133	3.243
57.616	4.682e-03	-2.034	3242	4.210	2.966
57.616	6.129e-03	-2.128	3202	4.282	2.729
57.616	8.106e-03	-2.229	3149	4.355	2.512
57.616	1.057e-02	-2.325	3094	4.421	2.328
57.616	1.396e-02	-2.425	3036	4.487	2.157
57.616	1.824e-02	-2.519	2981	4.549	2.008
57.616	2.379e-02	-2.607	2934	4.610	1.872
57.616	3.122e-02	-2.692	2896	4.672	1.744
57.616	4.103e-02	-2.771	2869	4.734	1.622
57.616	5.395e-02	-2.846	2850	4.798	1.508
57.616	7.091e-02	-2.917	2839	4.863	1.399
57.616	9.307e-02	-2.989	2830	4.929	1.297
57.616	1.219e-01	-3.059	2823	4.994	1.203
57.616	1.595e-01	-3.123	2823	5.059	1.116
57.616	2.094e-01	-3.186	2823	5.122	1.038
57.616	2.752e-01	-3.264	2788	5.178	0.974
57.616	3.633e-01	-3.333	2745	5.220	0.927
57.616	4.747e-01	-3.378	2717	5.247	0.899
57.616	6.242e-01	-3.405	2700	5.263	0.882
57.616	8.174e-01	-3.417	2692	5.271	0.875
57.616	1.068e+00	-3.421	2690	5.273	0.873
57.616	1.393e+00	-3.422	2689	5.274	0.872
57.616	1.829e+00	-3.422	2689	5.274	0.872
57.616	2.423e+00	-3.422	2689	5.274	0.872
57.616	3.226e+00	-3.423	2689	5.274	0.872
57.616	4.293e+00	-3.423	2689	5.274	0.872
57.616	5.714e+00	-3.423	2688	5.274	0.871
57.616	7.606e+00	-3.424	2688	5.274	0.871
57.616	1.000e+01	-3.424	2688	5.275	0.871
60.759	1.045e-04	-0.867	3265	3.078	11.210
60.759	1.374e-04	-0.924	3301	3.154	10.271
60.759	1.813e-04	-0.965	3324	3.208	9.663
60.759	2.374e-04	-0.989	3335	3.237	9.342
60.759	3.115e-04	-1.016	3341	3.268	9.015
60.759	4.094e-04	-1.078	3354	3.336	8.330
60.759	5.405e-04	-1.205	3381	3.477	7.087
60.759	7.119e-04	-1.324	3389	3.600	6.147
60.759	9.323e-04	-1.431	3388	3.707	5.438
60.759	1.220e-03	-1.533	3378	3.804	4.863
60.759	1.611e-03	-1.635	3360	3.896	4.373
60.759	2.109e-03	-1.728	3342	3.981	3.968
60.759	2.784e-03	-1.821	3324	4.064	3.605
60.759	3.667e-03	-1.911	3304	4.144	3.289
60.759	4.802e-03	-2.002	3276	4.219	3.014
60.759	6.286e-03	-2.095	3238	4.292	2.771
60.759	8.298e-03	-2.194	3189	4.365	2.548
60.759	1.086e-02	-2.292	3135	4.433	2.357
60.759	1.434e-02	-2.393	3075	4.500	2.182
60.759	1.877e-02	-2.488	3018	4.563	2.029
60.759	2.464e-02	-2.580	2967	4.626	1.888
60.759	3.226e-02	-2.667	2923	4.687	1.760
60.759	4.223e-02	-2.745	2895	4.748	1.640
60.759	5.575e-02	-2.824	2870	4.812	1.524
60.759	7.298e-02	-2.895	2857	4.875	1.417
60.759	9.634e-02	-2.967	2848	4.941	1.313
60.759	1.261e-01	-3.037	2838	5.005	1.220
60.759	1.655e-01	-3.100	2838	5.068	1.135
60.759	2.175e-01	-3.159	2838	5.127	1.060
60.759	2.838e-01	-3.211	2836	5.178	1.000
60.759	3.746e-01	-3.273	2798	5.216	0.957
60.759	4.903e-01	-3.309	2775	5.238	0.933
60.759	6.435e-01	-3.327	2764	5.249	0.921
60.759	8.427e-01	-3.333	2761	5.253	0.917
60.759	1.101e+00	-3.335	2759	5.254	0.916
60.759	1.454e+00	-3.335	2759	5.254	0.916
60.759	1.935e+00	-3.335	2759	5.254	0.916
60.759	2.575e+00	-3.335	2759	5.254	0.916
60.759	3.428e+00	-3.335	2759	5.254	0.915
60.759	4.562e+00	-3.336	2759	5.255	0.915
60.759	6.060e+00	-3.336	2759	5.255	0.915
60.759	8.066e+00	-3.337	2758	5.255	0.915
62.854	1.036e-04	-0.850	3271	3.080	11.388
62.854	1.365e-04	-0.905	3304	3.152	10.474
62.854	1.794e-04	-0.942	3327	3.200	9.908
62.854	2.359e-04	-0.963	3340	3.229	9.588
62.854	3.089e-04	-0.992	3346	3.261	9.239
62.854	4.044e-04	-1.058	3361	3.334	8.493
62.854	5.338e-04	-1.186	3388	3.476	7.212
62.854	7.031e-04	-1.303	3396	3.598	6.268
62.854	9.207e-04	-1.409	3397	3.704	5.550
62.854	1.205e-03	-1.509	3390	3.800	4.966
62.854	1.582e-03	-1.608	3373	3.891	4.475
62.854	2.072e-03	-1.702	3355	3.975	4.060
62.854	2.707e-03	-1.788	3344	4.056	3.700
62.854	3.559e-03	-1.878	3325	4.136	3.375
62.854	4.661e-03	-1.967	3301	4.212	3.090
62.854	6.102e-03	-2.059	3267	4.286	2.838
62.854	7.945e-03	-2.151	3227	4.357	2.618
62.854	1.049e-02	-2.251	3172	4.428	2.412
62.854	1.373e-02	-2.349	3115	4.494	2.235
62.854	1.812e-02	-2.449	3054	4.560	2.072
62.854	2.368e-02	-2.542	3000	4.621	1.930
62.854	3.089e-02	-2.630	2953	4.682	1.800
62.854	4.054e-02	-2.712	2917	4.743	1.678
62.854	5.329e-02	-2.792	2889	4.805	1.561
62.854	6.951e-02	-2.863	2872	4.867	1.455
62.854	9.175e-02	-2.934	2862	4.932	1.350
62.854	1.201e-01	-3.003	2853	4.995	1.255
62.854	1.585e-01	-3.070	2847	5.058	1.167
62.854	2.075e-01	-3.127	2847	5.116	1.092
62.854	2.724e-01	-3.178	2847	5.166	1.031
62.854	3.580e-01	-3.221	2840	5.205	0.986
62.854	4.707e-01	-3.258	2817	5.228	0.960
62.854	6.186e-01	-3.275	2807	5.239	0.948
62.854	8.134e-01	-3.281	2803	5.242	0.944
62.854	1.069e+00	-3.282	2802	5.243	0.944
62.854	1.423e+00	-3.282	2802	5.243	0.943
62.854	1.894e+00	-3.282	2802	5.243	0.943
62.854	2.521e+00	-3.282	2802	5.243	0.943
62.854	3.355e+00	-3.283	2802	5.243	0.943
62.854	4.466e+00	-3.283	2802	5.244	0.943
62.854	5.944e+00	-3.283	2802	5.244	0.943
62.854	7.911e+00	-3.284	2801	5.244	0.942
65.997	1.022e-04	-0.827	3278	3.081	11.644
65.997	1.349e-04	-0.877	3310	3.148	10.782
65.997	1.766e-04	-0.909	3329	3.190	10.274
65.997	2.331e-04	-0.930	3342	3.218	9.955
65.997	3.046e-04	-0.958	3354	3.252	9.569
65.997	4.005e-04	-1.034	3372	3.337	8.678
65.997	5.264e-04	-1.159	3398	3.476	7.396
65.997	6.948e-04	-1.275	3407	3.596	6.437
65.997	9.095e-04	-1.378	3410	3.701	5.708
65.997	1.201e-03	-1.479	3404	3.800	5.094
65.997	1.569e-03	-1.576	3390	3.888	4.598
65.997	2.063e-03	-1.670	3373	3.974	4.166
65.997	2.711e-03	-1.756	3367	4.057	3.789
65.997	3.565e-03	-1.845	3351	4.137	3.453
65.997	4.685e-03	-1.933	3330	4.215	3.157
65.997	6.160e-03	-2.025	3301	4.291	2.892
65.997	8.096e-03	-2.118	3263	4.365	2.658
65.997	1.056e-02	-2.214	3213	4.434	2.455
65.997	1.394e-02	-2.315	3155	4.503	2.267
65.997	1.825e-02	-2.413	3095	4.568	2.104
65.997	2.395e-02	-2.509	3037	4.631	1.956
65.997	3.148e-02	-2.601	2986	4.693	1.821
65.997	4.105e-02	-2.686	2943	4.753	1.700
65.997	5.419e-02	-2.766	2914	4.815	1.582
65.997	7.094e-02	-2.840	2892	4.877	1.474
65.997	9.382e-02	-2.912	2879	4.941	1.369
65.997	1.224e-01	-2.978	2871	5.002	1.276
65.997	1.615e-01	-3.045	2861	5.063	1.189
65.997	2.115e-01	-3.099	2861	5.117	1.118
65.997	2.791e-01	-3.145	2861	5.163	1.060
65.997	3.654e-01	-3.178	2860	5.196	1.021
65.997	4.823e-01	-3.198	2860	5.216	0.998
65.997	6.314e-01	-3.207	2860	5.224	0.988
65.997	8.222e-01	-3.210	2859	5.227	0.985
65.997	1.085e+00	-3.211	2859	5.228	0.984
65.997	1.442e+00	-3.211	2859	5.228	0.984
65.997	1.919e+00	-3.211	2859	5.228	0.984
65.997	2.554e+00	-3.211	2859	5.228	0.983
65.997	3.399e+00	-3.211	2859	5.228	0.983
65.997	4.524e+00	-3.212	2859	5.229	0.983
65.997	6.022e+00	-3.212	2859	5.229	0.983
65.997	8.015e+00	-3.212	2859	5.229	0.982
67.044	1.006e-04	-0.817	3280	3.079	11.767
67.044	1.322e-04	-0.866	3310	3.144	10.925
67.044	1.724e-04	-0.897	3329	3.185	10.421
67.044	2.275e-04	-0.917	3342	3.212	10.098
67.044	2.973e-04	-0.944	3354	3.246	9.716
67.044	3.909e-04	-1.016	3373	3.327	8.843
67.044	5.138e-04	-1.141	3400	3.466	7.538
67.044	6.782e-04	-1.257	3410	3.587	6.556
67.044	8.879e-04	-1.360	3414	3.692	5.810
67.044	1.165e-03	-1.460	3410	3.789	5.194
67.044	1.532e-03	-1.557	3397	3.881	4.677
67.044	1.998e-03	-1.650	3380	3.964	4.247
67.044	2.637e-03	-1.737	3373	4.048	3.856
67.044	3.452e-03	-1.823	3362	4.128	3.518
67.044	4.531e-03	-1.911	3342	4.206	3.215
67.044	5.955e-03	-2.001	3316	4.282	2.945
67.044	7.829e-03	-2.095	3279	4.357	2.704
67.044	1.029e-02	-2.192	3232	4.428	2.490
67.044	1.358e-02	-2.292	3175	4.498	2.297
67.044	1.775e-02	-2.390	3115	4.563	2.132
67.044	2.315e-02	-2.485	3057	4.625	1.985
67.044	3.056e-02	-2.580	3003	4.688	1.845
67.044	4.001e-02	-2.667	2956	4.749	1.721
67.044	5.281e-02	-2.748	2925	4.812	1.601
67.044	6.913e-02	-2.824	2900	4.873	1.492
67.044	9.125e-02	-2.896	2886	4.936	1.387
67.044	1.195e-01	-2.962	2877	4.997	1.293
67.044	1.568e-01	-3.028	2868	5.057	1.207
67.044	2.061e-01	-3.084	2865	5.111	1.134
67.044	2.709e-01	-3.129	2865	5.157	1.076
67.044	3.561e-01	-3.162	2865	5.190	1.036
67.044	4.645e-01	-3.181	2865	5.209	1.014
67.044	6.096e-01	-3.191	2864	5.218	1.003
67.044	8.012e-01	-3.194	2864	5.220	1.000
67.044	1.053e+00	-3.194	2864	5.221	0.999
67.044	1.396e+00	-3.194	2864	5.221	0.999
67.044	1.858e+00	-3.195	2864	5.221	0.999
67.044	2.473e+00	-3.195	2864	5.222	0.999
67.044	3.292e+00	-3.195	2864	5.222	0.999
67.044	4.381e+00	-3.195	2864	5.222	0.998
67.044	5.819e+00	-3.195	2864	5.222	0.998
67.044	7.712e+00	-3.196	2864	5.223	0.997
67.044	1.000e+01	-3.196	2864	5.223	0.997
68.092	1.026e-04	-0.814	3285	3.086	11.764
68.092	1.348e-04	-0.860	3313	3.147	10.970
68.092	1.779e-04	-0.889	3331	3.185	10.493
68.092	2.329e-04	-0.909	3344	3.211	10.187
68.092	3.057e-04	-0.939	3358	3.249	9.756
68.092	4.018e-04	-1.023	3380	3.345	8.736
68.092	5.240e-04	-1.143	3405	3.477	7.503
68.092	6.917e-04	-1.258	3414	3.596	6.540
68.092	9.055e-04	-1.359	3418	3.700	5.804
68.092	1.189e-03	-1.458	3413	3.796	5.194
68.092	1.562e-03	-1.555	3401	3.887	4.679
68.092	2.037e-03	-1.647	3384	3.970	4.251
68.092	2.689e-03	-1.734	3379	4.054	3.860
68.092	3.521e-03	-1.818	3369	4.134	3.522
68.092	4.647e-03	-1.909	3348	4.213	3.213
68.092	6.073e-03	-1.996	3324	4.288	2.948
68.092	7.922e-03	-2.087	3289	4.360	2.712
68.092	1.046e-02	-2.185	3242	4.433	2.494
68.092	1.366e-02	-2.282	3188	4.501	2.307
68.092	1.797e-02	-2.382	3127	4.568	2.137
68.092	2.353e-02	-2.478	3067	4.631	1.987
68.092	3.080e-02	-2.571	3013	4.692	1.851
68.092	4.065e-02	-2.662	2964	4.755	1.722
68.092	5.322e-02	-2.741	2933	4.815	1.607
68.092	7.025e-02	-2.819	2906	4.878	1.495
68.092	9.254e-02	-2.891	2891	4.941	1.391
68.092	1.216e-01	-2.957	2882	5.002	1.296
68.092	1.586e-01	-3.020	2874	5.059	1.213
68.092	2.082e-01	-3.076	2869	5.112	1.142
68.092	2.737e-01	-3.119	2869	5.156	1.086
68.092	3.598e-01	-3.150	2869	5.187	1.048
68.092	4.712e-01	-3.168	2869	5.204	1.027
68.092	6.157e-01	-3.175	2869	5.212	1.018
68.092	8.095e-01	-3.178	2869	5.214	1.015
68.092	1.064e+00	-3.178	2869	5.215	1.014
68.092	1.416e+00	-3.179	2869	5.215	1.014
68.092	1.885e+00	-3.179	2869	5.215	1.014
68.092	2.509e+00	-3.179	2869	5.215	1.014
68.092	3.339e+00	-3.179	2869	5.215	1.014
68.092	4.444e+00	-3.179	2869	5.216	1.013
68.092	5.916e+00	-3.179	2869	5.216	1.013
68.092	7.874e+00	-3.180	2869	5.216	1.013
69.139	1.030e-04	-0.809	3288	3.089	11.818
69.139	1.353e-04	-0.852	3315	3.147	11.056
69.139	1.786e-04	-0.880	3332	3.183	10.603
69.139	2.339e-04	-0.899	3345	3.209	10.295
69.139	3.070e-04	-0.931	3360	3.248	9.839
69.139	4.020e-04	-1.018	3383	3.347	8.776
69.139	5.295e-04	-1.140	3410	3.483	7.503
69.139	6.959e-04	-1.252	3417	3.599	6.565
69.139	9.150e-04	-1.355	3422	3.704	5.820
69.139	1.203e-03	-1.454	3417	3.800	5.209
69.139	1.569e-03	-1.547	3406	3.888	4.708
69.139	2.059e-03	-1.641	3389	3.973	4.268
69.139	2.696e-03	-1.725	3384	4.055	3.887
69.139	3.529e-03	-1.808	3377	4.134	3.546
69.139	4.632e-03	-1.897	3357	4.213	3.240
69.139	6.066e-03	-1.984	3334	4.288	2.970
69.139	7.941e-03	-2.076	3300	4.362	2.729
69.139	1.048e-02	-2.173	3255	4.435	2.508
69.139	1.372e-02	-2.271	3200	4.504	2.318
69.139	1.811e-02	-2.372	3139	4.571	2.144
69.139	2.367e-02	-2.468	3079	4.634	1.994
69.139	3.112e-02	-2.563	3023	4.697	1.855
69.139	4.090e-02	-2.653	2974	4.758	1.728
69.139	5.378e-02	-2.734	2940	4.820	1.611
69.139	7.068e-02	-2.812	2912	4.881	1.501
69.139	9.292e-02	-2.883	2897	4.943	1.398
69.139	1.221e-01	-2.949	2888	5.004	1.303
69.139	1.606e-01	-3.013	2879	5.062	1.219
69.139	2.110e-01	-3.068	2873	5.114	1.148
69.139	2.753e-01	-3.108	2874	5.154	1.096
69.139	3.634e-01	-3.138	2874	5.184	1.059
69.139	4.748e-01	-3.154	2873	5.200	1.040
69.139	6.193e-01	-3.160	2873	5.206	1.032
69.139	8.129e-01	-3.163	2873	5.208	1.030
69.139	1.068e+00	-3.163	2873	5.209	1.029
69.139	1.422e+00	-3.163	2873	5.209	1.029
69.139	1.893e+00	-3.163	2873	5.209	1.029
69.139	2.519e+00	-3.163	2873	5.209	1.029
69.139	3.353e+00	-3.164	2873	5.209	1.029
69.139	4.463e+00	-3.164	2873	5.210	1.028
69.139	5.940e+00	-3.164	2873	5.210	1.028
69.139	7.906e+00	-3.165	2873	5.210	1.027
70.187	1.004e-04	-0.798	3288	3.084	11.969
70.187	1.320e-04	-0.841	3315	3.141	11.206
70.187	1.742e-04	-0.868	3332	3.178	10.748
70.187	2.280e-04	-0.887	3344	3.203	10.439
70.187	2.993e-04	-0.917	3360	3.241	9.990
70.187	3.934e-04	-1.002	3385	3.339	8.922
70.187	5.131e-04	-1.121	3411	3.471	7.671
70.187	6.786e-04	-1.235	3420	3.590	6.685
70.187	8.851e-04	-1.335	3425	3.692	5.944
70.187	1.162e-03	-1.433	3422	3.789	5.319
70.187	1.527e-03	-1.528	3413	3.879	4.791
70.187	1.992e-03	-1.620	3397	3.963	4.351
70.187	2.614e-03	-1.706	3389	4.045	3.958
70.187	3.435e-03	-1.789	3386	4.127	3.605
70.187	4.481e-03	-1.876	3367	4.204	3.299
70.187	5.915e-03	-1.965	3346	4.282	3.015
70.187	7.730e-03	-2.055	3315	4.355	2.770
70.187	1.008e-02	-2.146	3275	4.426	2.553
70.187	1.333e-02	-2.248	3220	4.498	2.351
70.187	1.753e-02	-2.348	3160	4.565	2.176
70.187	2.296e-02	-2.445	3099	4.629	2.021
70.187	3.000e-02	-2.539	3042	4.691	1.883
70.187	3.944e-02	-2.630	2992	4.753	1.754
70.187	5.184e-02	-2.714	2953	4.814	1.635
70.187	6.762e-02	-2.790	2925	4.873	1.526
70.187	8.926e-02	-2.864	2905	4.935	1.421
70.187	1.168e-01	-2.930	2895	4.995	1.327
70.187	1.534e-01	-2.992	2887	5.053	1.241
70.187	2.016e-01	-3.050	2878	5.105	1.169
70.187	2.650e-01	-3.092	2878	5.147	1.113
70.187	3.483e-01	-3.122	2878	5.177	1.076
70.187	4.543e-01	-3.138	2878	5.193	1.056
70.187	5.915e-01	-3.145	2878	5.200	1.047
70.187	7.808e-01	-3.147	2878	5.202	1.045
70.187	1.029e+00	-3.148	2878	5.203	1.044
70.187	1.369e+00	-3.148	2878	5.203	1.044
70.187	1.822e+00	-3.148	2878	5.203	1.044
70.187	2.425e+00	-3.148	2878	5.203	1.044
70.187	3.228e+00	-3.148	2878	5.203	1.043
70.187	4.296e+00	-3.149	2878	5.204	1.043
70.187	5.719e+00	-3.149	2878	5.204	1.043
70.187	7.611e+00	-3.149	2878	5.204	1.042
70.187	1.000e+01	-3.150	2878	5.205	1.042
71.234	1.028e-04	-0.795	3294	3.091	11.962
71.234	1.354e-04	-0.835	3319	3.145	11.249
71.234	1.779e-04	-0.860	3334	3.177	10.837
71.234	2.320e-04	-0.879	3346	3.202	10.529
71.234	3.063e-04	-0.913	3363	3.245	10.022
71.234	4.009e-04	-1.006	3391	3.353	8.853
71.234	5.262e-04	-1.124	3416	3.484	7.613
71.234	6.916e-04	-1.235	3424	3.598	6.670
71.234	9.093e-04	-1.337	3429	3.702	5.919
71.234	1.195e-03	-1.434	3425	3.798	5.299
71.234	1.571e-03	-1.529	3416	3.889	4.776
71.234	2.065e-03	-1.623	3400	3.974	4.328
71.234	2.694e-03	-1.706	3395	4.054	3.947
71.234	3.556e-03	-1.790	3392	4.137	3.590
71.234	4.655e-03	-1.877	3373	4.215	3.282
71.234	6.109e-03	-1.965	3352	4.291	3.005
71.234	8.030e-03	-2.056	3321	4.366	2.756
71.234	1.047e-02	-2.148	3281	4.437	2.540
71.234	1.385e-02	-2.249	3225	4.509	2.339
71.234	1.821e-02	-2.350	3165	4.576	2.165
71.234	2.385e-02	-2.447	3104	4.640	2.011
71.234	3.116e-02	-2.541	3047	4.701	1.874
71.234	4.097e-02	-2.632	2996	4.763	1.745
71.234	5.385e-02	-2.716	2957	4.824	1.627
71.234	7.024e-02	-2.791	2929	4.883	1.520
71.234	9.219e-02	-2.863	2910	4.944	1.417
71.234	1.207e-01	-2.928	2900	5.003	1.324
71.234	1.580e-01	-2.989	2891	5.059	1.241
71.234	2.074e-01	-3.044	2883	5.109	1.172
71.234	2.716e-01	-3.084	2882	5.148	1.120
71.234	3.556e-01	-3.111	2882	5.175	1.086
71.234	4.630e-01	-3.125	2882	5.189	1.069
71.234	6.077e-01	-3.131	2882	5.195	1.061
71.234	7.987e-01	-3.133	2882	5.197	1.059
71.234	1.042e+00	-3.133	2882	5.197	1.059
71.234	1.384e+00	-3.133	2882	5.197	1.059
71.234	1.842e+00	-3.134	2882	5.197	1.058
71.234	2.451e+00	-3.134	2882	5.198	1.058
71.234	3.263e+00	-3.134	2882	5.198	1.058
71.234	4.343e+00	-3.134	2882	5.198	1.058
71.234	5.780e+00	-3.134	2882	5.198	1.057
71.234	7.694e+00	-3.135	2882	5.199	1.057
71.234	1.000e+01	-3.135	2882	5.199	1.056
72.282	1.045e-04	-0.792	3298	3.096	11.980
72.282	1.368e-04	-0.828	3321	3.145	11.327
72.282	1.806e-04	-0.851	3335	3.176	10.934
72.282	2.364e-04	-0.871	3348	3.201	10.613
72.282	3.103e-04	-0.907	3366	3.247	10.069
72.282	4.079e-04	-1.009	3396	3.364	8.800
72.282	5.384e-04	-1.127	3421	3.495	7.565
72.282	7.048e-04	-1.236	3427	3.607	6.655
72.282	9.250e-04	-1.335	3432	3.709	5.917
72.282	1.216e-03	-1.432	3429	3.804	5.302
72.282	1.586e-03	-1.524	3420	3.892	4.795
72.282	2.093e-03	-1.619	3404	3.978	4.340
72.282	2.740e-03	-1.702	3400	4.059	3.953
72.282	3.617e-03	-1.785	3398	4.142	3.596
72.282	4.727e-03	-1.872	3380	4.219	3.289
72.282	6.165e-03	-1.957	3360	4.294	3.017
72.282	8.092e-03	-2.048	3330	4.369	2.767
72.282	1.064e-02	-2.141	3291	4.442	2.544
72.282	1.398e-02	-2.241	3236	4.512	2.346
72.282	1.838e-02	-2.341	3176	4.580	2.171
72.282	2.416e-02	-2.440	3114	4.645	2.014
72.282	3.164e-02	-2.535	3056	4.707	1.875
72.282	4.142e-02	-2.625	3005	4.768	1.749
72.282	5.468e-02	-2.711	2963	4.829	1.629
72.282	7.158e-02	-2.787	2935	4.889	1.520
72.282	9.320e-02	-2.857	2916	4.948	1.422
72.282	1.230e-01	-2.924	2904	5.008	1.327
72.282	1.610e-01	-2.984	2896	5.063	1.245
72.282	2.126e-01	-3.038	2889	5.112	1.177
72.282	2.783e-01	-3.076	2886	5.149	1.128
72.282	3.673e-01	-3.101	2886	5.173	1.096
72.282	4.801e-01	-3.113	2886	5.186	1.081
72.282	6.262e-01	-3.118	2886	5.190	1.075
72.282	8.265e-01	-3.119	2886	5.192	1.073
72.282	1.098e+00	-3.119	2886	5.192	1.073
72.282	1.461e+00	-3.119	2886	5.192	1.073
72.282	1.945e+00	-3.119	2886	5.192	1.073
72.282	2.589e+00	-3.119	2886	5.192	1.073
72.282	3.446e+00	-3.120	2886	5.192	1.072
72.282	4.586e+00	-3.120	2886	5.193	1.072
72.282	6.104e+00	-3.120	2886	5.193	1.072
72.282	8.124e+00	-3.121	2886	5.193	1.071
73.330	1.020e-04	-0.781	3298	3.092	12.124
73.330	1.335e-04	-0.817	3321	3.140	11.472
73.330	1.763e-04	-0.840	3335	3.171	11.076
73.330	2.308e-04	-0.860	3347	3.196	10.756
73.330	3.029e-04	-0.894	3366	3.240	10.221
73.330	3.981e-04	-0.992	3397	3.354	8.966
73.330	5.255e-04	-1.111	3423	3.486	7.702
73.330	6.879e-04	-1.219	3430	3.598	6.772
73.330	9.028e-04	-1.319	3435	3.700	6.019
73.330	1.182e-03	-1.414	3434	3.795	5.398
73.330	1.548e-03	-1.507	3425	3.884	4.874
73.330	2.043e-03	-1.602	3411	3.971	4.409
73.330	2.674e-03	-1.686	3405	4.052	4.015
73.330	3.510e-03	-1.766	3405	4.133	3.659
73.330	4.613e-03	-1.854	3389	4.212	3.339
73.330	6.018e-03	-1.939	3371	4.288	3.061
73.330	7.943e-03	-2.030	3344	4.365	2.802
73.330	1.040e-02	-2.122	3305	4.437	2.578
73.330	1.373e-02	-2.222	3252	4.509	2.373
73.330	1.797e-02	-2.321	3194	4.576	2.196
73.330	2.358e-02	-2.420	3132	4.641	2.038
73.330	3.100e-02	-2.517	3072	4.704	1.895
73.330	4.043e-02	-2.606	3021	4.764	1.768
73.330	5.337e-02	-2.695	2974	4.826	1.647
73.330	6.986e-02	-2.771	2946	4.886	1.538
73.330	9.222e-02	-2.846	2923	4.947	1.433
73.330	1.207e-01	-2.911	2910	5.004	1.341
73.330	1.594e-01	-2.972	2902	5.061	1.257
73.330	2.086e-01	-3.024	2895	5.108	1.190
73.330	2.738e-01	-3.063	2890	5.145	1.141
73.330	3.598e-01	-3.087	2890	5.169	1.110
73.330	4.694e-01	-3.099	2890	5.181	1.095
73.330	6.160e-01	-3.104	2890	5.185	1.089
73.330	8.096e-01	-3.105	2890	5.186	1.088
73.330	1.069e+00	-3.105	2890	5.187	1.087
73.330	1.422e+00	-3.105	2890	5.187	1.087
73.330	1.893e+00	-3.105	2890	5.187	1.087
73.330	2.520e+00	-3.106	2890	5.187	1.087
73.330	3.354e+00	-3.106	2890	5.187	1.087
73.330	4.464e+00	-3.106	2890	5.187	1.086
73.330	5.942e+00	-3.106	2890	5.188	1.086
73.330	7.893e+00	-3.107	2890	5.188	1.085
74.377	1.013e-04	-0.774	3300	3.092	12.217
74.377	1.337e-04	-0.809	3322	3.139	11.570
74.377	1.750e-04	-0.831	3336	3.167	11.198
74.377	2.296e-04	-0.850	3348	3.193	10.871
74.377	3.018e-04	-0.886	3368	3.239	10.311
74.377	3.968e-04	-0.986	3399	3.355	9.016
74.377	5.196e-04	-1.100	3426	3.482	7.791
74.377	6.802e-04	-1.208	3433	3.594	6.850
74.377	8.979e-04	-1.309	3438	3.699	6.075
74.377	1.175e-03	-1.404	3438	3.793	5.450
74.377	1.552e-03	-1.500	3429	3.884	4.905
74.377	2.028e-03	-1.590	3416	3.968	4.453
74.377	2.645e-03	-1.673	3410	4.048	4.060
74.377	3.471e-03	-1.754	3410	4.129	3.700
74.377	4.513e-03	-1.837	3399	4.206	3.387
74.377	5.909e-03	-1.923	3380	4.283	3.101
74.377	7.736e-03	-2.010	3357	4.358	2.844
74.377	1.021e-02	-2.105	3318	4.433	2.608
74.377	1.337e-02	-2.201	3270	4.503	2.405
74.377	1.755e-02	-2.300	3213	4.572	2.223
74.377	2.306e-02	-2.400	3150	4.637	2.061
74.377	3.032e-02	-2.498	3089	4.701	1.915
74.377	3.985e-02	-2.591	3034	4.763	1.783
74.377	5.197e-02	-2.677	2987	4.822	1.666
74.377	6.861e-02	-2.757	2956	4.883	1.553
74.377	8.966e-02	-2.830	2931	4.942	1.451
74.377	1.169e-01	-2.895	2917	4.999	1.360
74.377	1.544e-01	-2.956	2909	5.055	1.275
74.377	2.021e-01	-3.008	2901	5.102	1.207
74.377	2.652e-01	-3.048	2895	5.139	1.157
74.377	3.486e-01	-3.073	2894	5.163	1.125
74.377	4.583e-01	-3.086	2894	5.175	1.109
74.377	6.002e-01	-3.090	2894	5.180	1.103
74.377	7.857e-01	-3.091	2894	5.181	1.102
74.377	1.044e+00	-3.092	2894	5.182	1.101
74.377	1.389e+00	-3.092	2894	5.182	1.101
74.377	1.849e+00	-3.092	2894	5.182	1.101
74.377	2.461e+00	-3.092	2894	5.182	1.101
74.377	3.275e+00	-3.092	2894	5.182	1.101
74.377	4.359e+00	-3.092	2894	5.182	1.100
74.377	5.802e+00	-3.093	2894	5.183	1.100
74.377	7.723e+00	-3.093	2894	5.183	1.099
74.377	1.000e+01	-3.094	2894	5.184	1.099
75.425	1.021e-04	-0.768	3303	3.094	12.265
75.425	1.342e-04	-0.801	3324	3.138	11.664
75.425	1.765e-04	-0.822	3337	3.165	11.301
75.425	2.311e-04	-0.842	3349	3.191	10.968
75.425	3.025e-04	-0.879	3370	3.239	10.381
75.425	3.993e-04	-0.983	3403	3.361	9.026
75.425	5.281e-04	-1.099	3430	3.491	7.770
75.425	6.914e-04	-1.207	3436	3.601	6.843
75.425	9.074e-04	-1.306	3441	3.703	6.089
75.425	1.193e-03	-1.401	3441	3.798	5.457
75.425	1.568e-03	-1.495	3432	3.887	4.921
75.425	2.053e-03	-1.586	3420	3.972	4.466
75.425	2.683e-03	-1.669	3415	4.053	4.069
75.425	3.528e-03	-1.750	3416	4.134	3.706
75.425	4.620e-03	-1.834	3405	4.213	3.384
75.425	6.048e-03	-1.920	3387	4.289	3.098
75.425	7.938e-03	-2.008	3363	4.365	2.839
75.425	1.043e-02	-2.102	3326	4.439	2.607
75.425	1.361e-02	-2.196	3279	4.509	2.406
75.425	1.796e-02	-2.297	3220	4.579	2.221
75.425	2.347e-02	-2.395	3159	4.643	2.061
75.425	3.086e-02	-2.493	3097	4.707	1.915
75.425	4.056e-02	-2.587	3042	4.769	1.784
75.425	5.333e-02	-2.676	2993	4.830	1.663
75.425	7.009e-02	-2.754	2961	4.890	1.552
75.425	9.216e-02	-2.828	2936	4.949	1.449
75.425	1.211e-01	-2.895	2921	5.007	1.356
75.425	1.592e-01	-2.953	2913	5.060	1.275
75.425	2.093e-01	-3.003	2906	5.106	1.209
75.425	2.752e-01	-3.041	2901	5.141	1.162
75.425	3.604e-01	-3.063	2898	5.162	1.135
75.425	4.717e-01	-3.074	2898	5.172	1.122
75.425	6.192e-01	-3.077	2898	5.176	1.117
75.425	8.108e-01	-3.078	2898	5.177	1.116
75.425	1.068e+00	-3.078	2898	5.177	1.115
75.425	1.422e+00	-3.078	2898	5.177	1.115
75.425	1.892e+00	-3.079	2898	5.177	1.115
75.425	2.518e+00	-3.079	2898	5.177	1.115
75.425	3.352e+00	-3.079	2898	5.177	1.115
75.425	4.462e+00	-3.079	2898	5.178	1.114
75.425	5.938e+00	-3.079	2898	5.178	1.114
75.425	7.904e+00	-3.080	2898	5.178	1.113
76.472	1.014e-04	-0.761	3305	3.094	12.358
76.472	1.338e-04	-0.793	3325	3.136	11.770
76.472	1.752e-04	-0.813	3337	3.162	11.422
76.472	2.299e-04	-0.832	3350	3.188	11.081
76.472	3.022e-04	-0.871	3372	3.239	10.458
76.472	3.973e-04	-0.977	3406	3.361	9.081
76.472	5.222e-04	-1.089	3433	3.488	7.853
76.472	6.866e-04	-1.197	3439	3.599	6.905
76.472	9.024e-04	-1.296	3444	3.701	6.142
76.472	1.186e-03	-1.391	3445	3.796	5.506
76.472	1.559e-03	-1.485	3436	3.886	4.966
76.472	2.034e-03	-1.574	3426	3.969	4.512
76.472	2.685e-03	-1.660	3420	4.053	4.097
76.472	3.515e-03	-1.740	3421	4.133	3.737
76.472	4.639e-03	-1.826	3412	4.214	3.403
76.472	6.073e-03	-1.912	3394	4.291	3.115
76.472	7.971e-03	-1.999	3372	4.367	2.854
76.472	1.048e-02	-2.092	3336	4.441	2.620
76.472	1.366e-02	-2.186	3291	4.511	2.417
76.472	1.804e-02	-2.287	3232	4.581	2.230
76.472	2.361e-02	-2.386	3170	4.646	2.068
76.472	3.099e-02	-2.484	3109	4.710	1.922
76.472	4.073e-02	-2.578	3052	4.772	1.790
76.472	5.313e-02	-2.665	3003	4.831	1.672
76.472	7.013e-02	-2.745	2969	4.892	1.559
76.472	9.164e-02	-2.819	2942	4.949	1.459
76.472	1.205e-01	-2.885	2927	5.007	1.366
76.472	1.584e-01	-2.943	2919	5.059	1.285
76.472	2.082e-01	-2.992	2912	5.105	1.220
76.472	2.736e-01	-3.029	2907	5.138	1.174
76.472	3.569e-01	-3.051	2903	5.158	1.148
76.472	4.648e-01	-3.061	2902	5.168	1.135
76.472	6.135e-01	-3.064	2902	5.171	1.131
76.472	8.081e-01	-3.065	2902	5.172	1.129
76.472	1.076e+00	-3.065	2902	5.172	1.129
76.472	1.432e+00	-3.065	2902	5.172	1.129
76.472	1.906e+00	-3.065	2902	5.172	1.129
76.472	2.536e+00	-3.066	2902	5.172	1.129
76.472	3.376e+00	-3.066	2902	5.173	1.129
76.472	4.493e+00	-3.066	2902	5.173	1.128
76.472	5.980e+00	-3.066	2902	5.173	1.128
76.472	7.960e+00	-3.067	2902	5.174	1.127
77.520	1.006e-04	-0.754	3307	3.093	12.453
77.520	1.328e-04	-0.784	3326	3.134	11.885
77.520	1.738e-04	-0.803	3338	3.159	11.543
77.520	2.282e-04	-0.823	3350	3.185	11.197
77.520	2.999e-04	-0.862	3373	3.236	10.556
77.520	3.911e-04	-0.965	3406	3.356	9.198
77.520	5.163e-04	-1.078	3435	3.484	7.940
77.520	6.747e-04	-1.184	3442	3.593	7.001
77.520	8.800e-04	-1.281	3447	3.692	6.247
77.520	1.162e-03	-1.377	3448	3.789	5.589
77.520	1.518e-03	-1.468	3441	3.877	5.050
77.520	1.980e-03	-1.556	3432	3.960	4.588
77.520	2.599e-03	-1.642	3425	4.043	4.172
77.520	3.416e-03	-1.723	3426	4.124	3.800
77.520	4.491e-03	-1.805	3422	4.204	3.464
77.520	5.902e-03	-1.893	3403	4.283	3.165
77.520	7.791e-03	-1.982	3383	4.361	2.893
77.520	1.018e-02	-2.072	3350	4.434	2.659
77.520	1.339e-02	-2.167	3307	4.507	2.446
77.520	1.759e-02	-2.267	3250	4.576	2.258
77.520	2.322e-02	-2.369	3187	4.644	2.088
77.520	3.040e-02	-2.466	3125	4.707	1.941
77.520	3.990e-02	-2.561	3067	4.769	1.808
77.520	5.244e-02	-2.651	3016	4.830	1.686
77.520	6.895e-02	-2.732	2979	4.890	1.574
77.520	9.062e-02	-2.807	2951	4.948	1.471
77.520	1.191e-01	-2.874	2934	5.005	1.378
77.520	1.566e-01	-2.931	2924	5.057	1.297
77.520	2.059e-01	-2.980	2918	5.102	1.232
77.520	2.706e-01	-3.016	2912	5.135	1.187
77.520	3.558e-01	-3.038	2909	5.155	1.160
77.520	4.659e-01	-3.048	2908	5.164	1.148
77.520	6.088e-01	-3.051	2907	5.167	1.144
77.520	7.941e-01	-3.052	2907	5.167	1.143
77.520	1.055e+00	-3.052	2907	5.168	1.143
77.520	1.404e+00	-3.052	2907	5.168	1.143
77.520	1.869e+00	-3.052	2907	5.168	1.142
77.520	2.487e+00	-3.052	2907	5.168	1.142
77.520	3.310e+00	-3.053	2907	5.168	1.142
77.520	4.406e+00	-3.053	2907	5.168	1.142
77.520	5.865e+00	-3.053	2907	5.169	1.141
77.520	7.806e+00	-3.054	2907	5.169	1.141
77.520	1.000e+01	-3.054	2907	5.170	1.140
78.567	1.020e-04	-0.749	3310	3.096	12.494
78.567	1.336e-04	-0.776	3327	3.133	11.979
78.567	1.763e-04	-0.795	3339	3.158	11.638
78.567	2.304e-04	-0.816	3352	3.185	11.283
78.567	3.029e-04	-0.859	3376	3.240	10.585
78.567	3.982e-04	-0.967	3411	3.366	9.151
78.567	5.266e-04	-1.080	3439	3.493	7.907
78.567	6.923e-04	-1.187	3446	3.604	6.965
78.567	9.066e-04	-1.284	3451	3.703	6.212
78.567	1.187e-03	-1.376	3451	3.796	5.581
78.567	1.567e-03	-1.471	3444	3.887	5.027
78.567	2.051e-03	-1.559	3435	3.971	4.563
78.567	2.707e-03	-1.646	3430	4.055	4.143
78.567	3.544e-03	-1.726	3430	4.135	3.778
78.567	4.678e-03	-1.809	3427	4.216	3.440
78.567	6.113e-03	-1.895	3409	4.293	3.149
78.567	8.037e-03	-1.982	3389	4.370	2.883
78.567	1.056e-02	-2.074	3355	4.445	2.645
78.567	1.378e-02	-2.166	3313	4.515	2.439
78.567	1.822e-02	-2.269	3254	4.586	2.247
78.567	2.377e-02	-2.366	3194	4.651	2.085
78.567	3.137e-02	-2.466	3130	4.716	1.934
78.567	4.107e-02	-2.560	3072	4.778	1.803
78.567	5.421e-02	-2.652	3020	4.839	1.679
78.567	7.097e-02	-2.731	2983	4.898	1.570
78.567	9.368e-02	-2.807	2955	4.957	1.467
78.567	1.226e-01	-2.872	2938	5.012	1.377
78.567	1.619e-01	-2.929	2929	5.063	1.297
78.567	2.119e-01	-2.974	2923	5.105	1.236
78.567	2.781e-01	-3.007	2918	5.135	1.194
78.567	3.656e-01	-3.027	2915	5.153	1.170
78.567	4.768e-01	-3.035	2914	5.160	1.160
78.567	6.258e-01	-3.038	2913	5.163	1.157
78.567	8.195e-01	-3.038	2913	5.163	1.156
78.567	1.080e+00	-3.038	2913	5.164	1.156
78.567	1.437e+00	-3.039	2913	5.164	1.156
78.567	1.912e+00	-3.039	2913	5.164	1.156
78.567	2.545e+00	-3.039	2913	5.164	1.155
78.567	3.388e+00	-3.039	2913	5.164	1.155
78.567	4.509e+00	-3.039	2913	5.164	1.155
78.567	6.002e+00	-3.040	2913	5.165	1.154
78.567	7.989e+00	-3.040	2913	5.165	1.154
80.663	1.048e-04	-0.739	3316	3.100	12.598
80.663	1.377e-04	-0.763	3331	3.132	12.147
80.663	1.796e-04	-0.780	3341	3.154	11.836
80.663	2.371e-04	-0.803	3356	3.185	11.426
80.663	3.104e-04	-0.854	3383	3.251	10.592
80.663	4.098e-04	-0.970	3420	3.385	9.073
80.663	5.398e-04	-1.078	3446	3.507	7.891
80.663	7.094e-04	-1.183	3452	3.614	6.970
80.663	9.327e-04	-1.280	3457	3.714	6.217
80.663	1.226e-03	-1.373	3457	3.807	5.584
80.663	1.599e-03	-1.462	3450	3.893	5.057
80.663	2.082e-03	-1.549	3442	3.975	4.601
80.663	2.748e-03	-1.634	3440	4.059	4.178
80.663	3.598e-03	-1.714	3440	4.139	3.810
80.663	4.749e-03	-1.796	3438	4.220	3.469
80.663	6.217e-03	-1.881	3422	4.298	3.173
80.663	8.206e-03	-1.969	3404	4.376	2.900
80.663	1.074e-02	-2.059	3373	4.450	2.662
80.663	1.418e-02	-2.155	3330	4.524	2.445
80.663	1.856e-02	-2.253	3274	4.593	2.259
80.663	2.450e-02	-2.355	3211	4.661	2.088
80.663	3.208e-02	-2.453	3149	4.725	1.941
80.663	4.210e-02	-2.549	3089	4.787	1.807
80.663	5.533e-02	-2.639	3037	4.847	1.686
80.663	7.217e-02	-2.719	2997	4.905	1.578
80.663	9.383e-02	-2.790	2970	4.960	1.481
80.663	1.222e-01	-2.854	2951	5.012	1.394
80.663	1.613e-01	-2.910	2939	5.062	1.316
80.663	2.111e-01	-2.954	2933	5.102	1.257
80.663	2.749e-01	-2.984	2929	5.130	1.217
80.663	3.608e-01	-3.002	2926	5.146	1.195
80.663	4.742e-01	-3.009	2925	5.153	1.185
80.663	6.185e-01	-3.011	2925	5.155	1.183
80.663	8.215e-01	-3.012	2925	5.156	1.182
80.663	1.093e+00	-3.012	2925	5.156	1.182
80.663	1.455e+00	-3.012	2925	5.156	1.182
80.663	1.937e+00	-3.012	2925	5.156	1.182
80.663	2.578e+00	-3.012	2925	5.156	1.181
80.663	3.432e+00	-3.013	2925	5.156	1.181
80.663	4.567e+00	-3.013	2925	5.157	1.181
80.663	6.079e+00	-3.013	2925	5.157	1.180
80.663	8.057e+00	-3.014	2925	5.157	1.180
81.710	1.016e-04	-0.729	3315	3.096	12.747
81.710	1.330e-04	-0.752	3330	3.127	12.298
81.710	1.755e-04	-0.770	3341	3.150	11.973
81.710	2.293e-04	-0.791	3355	3.179	11.586
81.710	3.015e-04	-0.840	3382	3.241	10.778
81.710	3.963e-04	-0.951	3418	3.371	9.278
81.710	5.169e-04	-1.055	3448	3.489	8.100
81.710	6.823e-04	-1.162	3454	3.600	7.131
81.710	8.917e-04	-1.257	3459	3.698	6.372
81.710	1.172e-03	-1.351	3460	3.792	5.718
81.710	1.541e-03	-1.442	3455	3.881	5.160
81.710	2.010e-03	-1.530	3447	3.964	4.690
81.710	2.638e-03	-1.613	3444	4.046	4.266
81.710	3.467e-03	-1.694	3445	4.128	3.884
81.710	4.558e-03	-1.775	3445	4.208	3.541
81.710	5.991e-03	-1.860	3432	4.287	3.232
81.710	7.876e-03	-1.947	3415	4.365	2.956
81.710	1.035e-02	-2.036	3388	4.441	2.710
81.710	1.350e-02	-2.128	3349	4.512	2.496
81.710	1.782e-02	-2.228	3294	4.584	2.297
81.710	2.333e-02	-2.327	3235	4.651	2.127
81.710	3.080e-02	-2.428	3170	4.717	1.971
81.710	4.032e-02	-2.524	3109	4.779	1.836
81.710	5.322e-02	-2.616	3054	4.841	1.710
81.710	6.967e-02	-2.701	3008	4.899	1.599
81.710	9.196e-02	-2.776	2980	4.957	1.495
81.710	1.204e-01	-2.842	2957	5.010	1.406
81.710	1.589e-01	-2.899	2944	5.060	1.328
81.710	2.080e-01	-2.942	2939	5.099	1.269
81.710	2.746e-01	-2.973	2935	5.128	1.229
81.710	3.589e-01	-2.989	2932	5.143	1.207
81.710	4.681e-01	-2.997	2931	5.149	1.198
81.710	6.095e-01	-2.999	2931	5.151	1.195
81.710	8.045e-01	-2.999	2931	5.152	1.195
81.710	1.069e+00	-2.999	2931	5.152	1.195
81.710	1.422e+00	-2.999	2931	5.152	1.195
81.710	1.893e+00	-3.000	2931	5.152	1.194
81.710	2.520e+00	-3.000	2931	5.152	1.194
81.710	3.354e+00	-3.000	2931	5.152	1.194
81.710	4.464e+00	-3.000	2931	5.153	1.193
81.710	5.941e+00	-3.001	2930	5.153	1.193
81.710	7.908e+00	-3.001	2930	5.154	1.192
83.805	1.006e-04	-0.715	3318	3.094	12.933
83.805	1.323e-04	-0.736	3332	3.123	12.515
83.805	1.739e-04	-0.753	3342	3.145	12.199
83.805	2.268e-04	-0.775	3356	3.174	11.796
83.805	2.994e-04	-0.827	3386	3.242	10.908
83.805	3.944e-04	-0.940	3423	3.373	9.375
83.805	5.183e-04	-1.044	3454	3.493	8.170
83.805	6.803e-04	-1.148	3460	3.600	7.222
83.805	8.941e-04	-1.245	3465	3.699	6.442
83.805	1.176e-03	-1.338	3466	3.793	5.785
83.805	1.545e-03	-1.428	3462	3.882	5.223
83.805	2.015e-03	-1.515	3454	3.964	4.748
83.805	2.660e-03	-1.600	3453	4.048	4.310
83.805	3.482e-03	-1.680	3454	4.129	3.930
83.805	4.597e-03	-1.761	3454	4.210	3.577
83.805	6.018e-03	-1.844	3446	4.289	3.269
83.805	7.943e-03	-1.931	3429	4.368	2.985
83.805	1.040e-02	-2.018	3405	4.443	2.738
83.805	1.365e-02	-2.112	3366	4.516	2.516
83.805	1.794e-02	-2.209	3316	4.587	2.317
83.805	2.340e-02	-2.306	3258	4.654	2.146
83.805	3.088e-02	-2.408	3193	4.721	1.988
83.805	4.043e-02	-2.504	3131	4.783	1.850
83.805	5.337e-02	-2.598	3073	4.845	1.723
83.805	6.986e-02	-2.684	3025	4.903	1.612
83.805	9.222e-02	-2.759	2994	4.960	1.509
83.805	1.207e-01	-2.826	2969	5.012	1.421
83.805	1.594e-01	-2.882	2956	5.060	1.345
83.805	2.086e-01	-2.923	2949	5.097	1.288
83.805	2.738e-01	-2.951	2945	5.123	1.251
83.805	3.598e-01	-2.966	2943	5.137	1.231
83.805	4.694e-01	-2.972	2942	5.143	1.223
83.805	6.160e-01	-2.974	2942	5.144	1.221
83.805	8.164e-01	-2.974	2942	5.145	1.220
83.805	1.087e+00	-2.974	2942	5.145	1.220
83.805	1.446e+00	-2.974	2942	5.145	1.220
83.805	1.925e+00	-2.975	2942	5.145	1.220
83.805	2.562e+00	-2.975	2942	5.145	1.219
83.805	3.410e+00	-2.975	2942	5.145	1.219
83.805	4.539e+00	-2.975	2942	5.146	1.219
83.805	6.029e+00	-2.976	2942	5.146	1.218
83.805	8.025e+00	-2.976	2942	5.146	1.218
85.900	1.017e-04	-0.702	3322	3.094	13.091
85.900	1.337e-04	-0.721	3334	3.120	12.714
85.900	1.751e-04	-0.737	3344	3.141	12.403
85.900	2.276e-04	-0.761	3359	3.172	11.970
85.900	2.975e-04	-0.816	3390	3.243	11.028
85.900	3.927e-04	-0.929	3427	3.375	9.475
85.900	5.172e-04	-1.032	3459	3.494	8.263
85.900	6.773e-04	-1.134	3465	3.599	7.318
85.900	8.867e-04	-1.229	3470	3.697	6.543
85.900	1.170e-03	-1.322	3472	3.791	5.868
85.900	1.530e-03	-1.411	3469	3.878	5.310
85.900	1.995e-03	-1.497	3461	3.961	4.827
85.900	2.618e-03	-1.579	3462	4.043	4.390
85.900	3.441e-03	-1.660	3463	4.125	3.997
85.900	4.525e-03	-1.741	3463	4.205	3.642
85.900	5.925e-03	-1.821	3461	4.284	3.327
85.900	7.757e-03	-1.906	3444	4.361	3.044
85.900	1.024e-02	-1.995	3423	4.439	2.784
85.900	1.338e-02	-2.085	3388	4.512	2.559
85.900	1.759e-02	-2.181	3343	4.584	2.355
85.900	2.312e-02	-2.281	3284	4.653	2.174
85.900	3.052e-02	-2.383	3219	4.721	2.012
85.900	3.995e-02	-2.480	3156	4.783	1.872
85.900	5.244e-02	-2.574	3097	4.844	1.746
85.900	6.867e-02	-2.660	3047	4.902	1.633
85.900	8.989e-02	-2.736	3011	4.957	1.532
85.900	1.187e-01	-2.805	2985	5.011	1.441
85.900	1.553e-01	-2.859	2969	5.056	1.368
85.900	2.039e-01	-2.901	2960	5.093	1.311
85.900	2.670e-01	-2.928	2956	5.117	1.275
85.900	3.489e-01	-2.942	2954	5.130	1.256
85.900	4.536e-01	-2.948	2953	5.136	1.248
85.900	5.896e-01	-2.950	2953	5.137	1.246
85.900	7.691e-01	-2.950	2953	5.138	1.245
85.900	1.022e+00	-2.950	2953	5.138	1.245
85.900	1.360e+00	-2.950	2953	5.138	1.245
85.900	1.810e+00	-2.951	2953	5.138	1.245
85.900	2.409e+00	-2.951	2953	5.138	1.245
85.900	3.206e+00	-2.951	2953	5.138	1.244
85.900	4.249e+00	-2.951	2953	5.139	1.244
85.900	5.655e+00	-2.952	2953	5.139	1.243
85.900	7.527e+00	-2.952	2953	5.139	1.243
85.900	1.000e+01	-2.953	2952	5.140	1.242
87.996	1.005e-04	-0.688	3324	3.091	13.292
87.996	1.315e-04	-0.705	3335	3.114	12.944
87.996	1.726e-04	-0.721	3345	3.136	12.629
87.996	2.269e-04	-0.747	3361	3.170	12.148
87.996	2.983e-04	-0.809	3396	3.250	11.074
87.996	3.920e-04	-0.921	3432	3.380	9.539
87.996	5.175e-04	-1.022	3463	3.497	8.333
87.996	6.775e-04	-1.122	3471	3.601	7.392
87.996	8.892e-04	-1.217	3476	3.698	6.608
87.996	1.164e-03	-1.308	3477	3.790	5.949
87.996	1.524e-03	-1.396	3474	3.877	5.382
87.996	2.001e-03	-1.484	3468	3.961	4.883
87.996	2.629e-03	-1.566	3469	4.044	4.440
87.996	3.471e-03	-1.648	3472	4.127	4.035
87.996	4.544e-03	-1.727	3472	4.206	3.683
87.996	5.916e-03	-1.804	3472	4.283	3.370
87.996	7.691e-03	-1.886	3459	4.359	3.089
87.996	1.015e-02	-1.974	3439	4.437	2.823
87.996	1.327e-02	-2.063	3409	4.511	2.594
87.996	1.730e-02	-2.155	3368	4.581	2.391
87.996	2.284e-02	-2.257	3309	4.653	2.203
87.996	2.990e-02	-2.356	3247	4.719	2.042
87.996	3.925e-02	-2.454	3182	4.782	1.897
87.996	5.158e-02	-2.550	3121	4.844	1.768
87.996	6.782e-02	-2.638	3068	4.903	1.652
87.996	8.913e-02	-2.718	3027	4.958	1.549
87.996	1.172e-01	-2.784	3001	5.010	1.460
87.996	1.540e-01	-2.840	2981	5.055	1.386
87.996	2.009e-01	-2.880	2972	5.089	1.333
87.996	2.637e-01	-2.907	2966	5.112	1.298
87.996	3.453e-01	-2.920	2964	5.125	1.279
87.996	4.520e-01	-2.925	2964	5.129	1.272
87.996	5.967e-01	-2.927	2963	5.131	1.270
87.996	7.925e-01	-2.927	2963	5.131	1.270
87.996	1.055e+00	-2.927	2963	5.131	1.270
87.996	1.404e+00	-2.927	2963	5.131	1.270
87.996	1.869e+00	-2.927	2963	5.131	1.269
87.996	2.487e+00	-2.927	2963	5.131	1.269
87.996	3.311e+00	-2.928	2963	5.132	1.269
87.996	4.406e+00	-2.928	2963	5.132	1.268
87.996	5.865e+00	-2.928	2963	5.132	1.268
87.996	7.806e+00	-2.929	2963	5.133	1.267
87.996	1.000e+01	-2.930	2963	5.134	1.266
90.091	1.003e-04	-0.674	3327	3.089	13.479
90.091	1.323e-04	-0.691	3337	3.111	13.147
90.091	1.729e-04	-0.707	3347	3.132	12.828
90.091	2.274e-04	-0.734	3364	3.169	12.303
90.091	2.988e-04	-0.804	3401	3.257	11.110
90.091	3.898e-04	-0.909	3436	3.381	9.639
90.091	5.145e-04	-1.010	3467	3.497	8.435
90.091	6.735e-04	-1.108	3476	3.600	7.490
90.091	8.840e-04	-1.203	3481	3.697	6.699
90.091	1.162e-03	-1.294	3483	3.789	6.025
90.091	1.528e-03	-1.384	3480	3.877	5.444
90.091	2.008e-03	-1.471	3475	3.962	4.937
90.091	2.640e-03	-1.553	3476	4.044	4.489
90.091	3.469e-03	-1.632	3481	4.126	4.086
90.091	4.561e-03	-1.713	3481	4.207	3.723
90.091	5.995e-03	-1.792	3482	4.287	3.396
90.091	7.913e-03	-1.878	3471	4.367	3.097
90.091	1.036e-02	-1.963	3452	4.443	2.837
90.091	1.360e-02	-2.053	3423	4.518	2.602
90.091	1.787e-02	-2.148	3381	4.591	2.392
90.091	2.331e-02	-2.245	3326	4.660	2.211
90.091	3.077e-02	-2.346	3263	4.728	2.044
90.091	4.028e-02	-2.444	3198	4.791	1.900
90.091	5.286e-02	-2.540	3136	4.852	1.771
90.091	6.948e-02	-2.628	3083	4.911	1.656
90.091	9.062e-02	-2.705	3040	4.964	1.557
90.091	1.189e-01	-2.770	3014	5.014	1.470
90.091	1.563e-01	-2.825	2993	5.057	1.399
90.091	2.055e-01	-2.864	2983	5.089	1.348
90.091	2.701e-01	-2.887	2978	5.110	1.316
90.091	3.523e-01	-2.899	2975	5.120	1.301
90.091	4.588e-01	-2.903	2974	5.124	1.296
90.091	6.056e-01	-2.904	2974	5.125	1.295
90.091	8.044e-01	-2.904	2974	5.125	1.294
90.091	1.071e+00	-2.904	2974	5.125	1.294
90.091	1.425e+00	-2.905	2974	5.125	1.294
90.091	1.897e+00	-2.905	2974	5.125	1.294
90.091	2.524e+00	-2.905	2974	5.125	1.294
90.091	3.360e+00	-2.905	2974	5.125	1.293
90.091	4.472e+00	-2.906	2973	5.126	1.293
90.091	5.953e+00	-2.906	2973	5.126	1.292
90.091	7.923e+00	-2.907	2973	5.127	1.291
92.186	1.010e-04	-0.661	3329	3.088	13.658
92.186	1.327e-04	-0.676	3339	3.108	13.351
92.186	1.731e-04	-0.693	3349	3.129	13.022
92.186	2.290e-04	-0.723	3368	3.170	12.429
92.186	3.010e-04	-0.800	3407	3.267	11.112
92.186	3.981e-04	-0.909	3443	3.394	9.607
92.186	5.232e-04	-1.006	3472	3.505	8.448
92.186	6.825e-04	-1.102	3481	3.606	7.526
92.186	9.009e-04	-1.197	3487	3.704	6.724
92.186	1.179e-03	-1.286	3488	3.794	6.061
92.186	1.557e-03	-1.377	3485	3.883	5.472
92.186	2.038e-03	-1.462	3481	3.966	4.971
92.186	2.690e-03	-1.545	3483	4.050	4.515
92.186	3.521e-03	-1.622	3489	4.130	4.115
92.186	4.648e-03	-1.704	3490	4.212	3.744
92.186	6.074e-03	-1.781	3491	4.290	3.422
92.186	7.923e-03	-1.862	3484	4.367	3.131
92.186	1.046e-02	-1.950	3465	4.446	2.860
92.186	1.369e-02	-2.038	3439	4.521	2.624
92.186	1.797e-02	-2.132	3398	4.594	2.412
92.186	2.362e-02	-2.230	3344	4.665	2.223
92.186	3.117e-02	-2.332	3282	4.733	2.054
92.186	4.074e-02	-2.430	3217	4.797	1.910
92.186	5.314e-02	-2.523	3156	4.856	1.783
92.186	7.014e-02	-2.613	3100	4.915	1.666
92.186	9.166e-02	-2.692	3055	4.969	1.567
92.186	1.196e-01	-2.754	3028	5.016	1.483
92.186	1.578e-01	-2.808	3007	5.058	1.414
92.186	2.066e-01	-2.845	2995	5.088	1.366
92.186	2.690e-01	-2.866	2990	5.106	1.338
92.186	3.531e-01	-2.877	2987	5.115	1.324
92.186	4.624e-01	-2.880	2986	5.118	1.319
92.186	6.091e-01	-2.881	2986	5.119	1.318
92.186	8.107e-01	-2.881	2986	5.119	1.318
92.186	1.079e+00	-2.882	2986	5.119	1.318
92.186	1.436e+00	-2.882	2986	5.119	1.318
92.186	1.911e+00	-2.882	2986	5.119	1.317
92.186	2.544e+00	-2.882	2986	5.120	1.317
92.186	3.386e+00	-2.882	2986	5.120	1.317
92.186	4.507e+00	-2.883	2986	5.120	1.316
92.186	5.999e+00	-2.883	2986	5.120	1.316
92.186	7.985e+00	-2.884	2986	5.121	1.315
94.281	1.045e-04	-0.650	3332	3.088	13.811
94.281	1.374e-04	-0.664	3341	3.107	13.517
94.281	1.792e-04	-0.682	3353	3.131	13.152
94.281	2.366e-04	-0.718	3376	3.179	12.444
94.281	3.097e-04	-0.807	3417	3.288	10.973
94.281	4.088e-04	-0.911	3451	3.409	9.545
94.281	5.385e-04	-1.007	3477	3.519	8.410
94.281	7.077e-04	-1.103	3487	3.620	7.486
94.281	9.305e-04	-1.196	3492	3.715	6.709
94.281	1.223e-03	-1.286	3493	3.806	6.046
94.281	1.595e-03	-1.372	3490	3.890	5.486
94.281	2.106e-03	-1.459	3486	3.975	4.973
94.281	2.756e-03	-1.538	3490	4.056	4.530
94.281	3.645e-03	-1.618	3498	4.140	4.115
94.281	4.793e-03	-1.698	3498	4.221	3.749
94.281	6.276e-03	-1.776	3500	4.299	3.424
94.281	8.216e-03	-1.857	3495	4.378	3.129
94.281	1.085e-02	-1.945	3476	4.457	2.857
94.281	1.420e-02	-2.033	3451	4.531	2.622
94.281	1.863e-02	-2.127	3410	4.605	2.410
94.281	2.449e-02	-2.225	3358	4.676	2.220
94.281	3.233e-02	-2.326	3295	4.744	2.051
94.281	4.232e-02	-2.424	3230	4.808	1.907
94.281	5.510e-02	-2.517	3168	4.867	1.781
94.281	7.274e-02	-2.607	3112	4.926	1.665
94.281	9.522e-02	-2.685	3066	4.978	1.568
94.281	1.257e-01	-2.748	3038	5.025	1.484
94.281	1.645e-01	-2.796	3019	5.063	1.422
94.281	2.172e-01	-2.831	3006	5.090	1.378
94.281	2.838e-01	-2.848	3001	5.104	1.355
94.281	3.702e-01	-2.856	3000	5.111	1.345
94.281	4.859e-01	-2.858	2999	5.113	1.342
94.281	6.386e-01	-2.859	2999	5.114	1.341
94.281	8.500e-01	-2.859	2999	5.114	1.341
94.281	1.131e+00	-2.859	2999	5.114	1.341
94.281	1.506e+00	-2.859	2999	5.114	1.341
94.281	2.004e+00	-2.859	2999	5.114	1.340
94.281	2.668e+00	-2.860	2999	5.114	1.340
94.281	3.551e+00	-2.860	2999	5.114	1.340
94.281	4.726e+00	-2.860	2999	5.115	1.339
94.281	6.290e+00	-2.861	2998	5.115	1.339
94.281	8.372e+00	-2.861	2998	5.116	1.338
96.376	1.018e-04	-0.636	3334	3.084	14.035
96.376	1.336e-04	-0.649	3342	3.102	13.748
96.376	1.756e-04	-0.668	3354	3.126	13.364
96.376	2.309e-04	-0.704	3377	3.174	12.643
96.376	3.035e-04	-0.792	3419	3.284	11.141
96.376	4.014e-04	-0.896	3453	3.405	9.697
96.376	5.236e-04	-0.987	3480	3.510	8.591
96.376	6.911e-04	-1.084	3492	3.612	7.635
96.376	9.047e-04	-1.175	3497	3.706	6.856
96.376	1.194e-03	-1.266	3498	3.798	6.168
96.376	1.561e-03	-1.352	3495	3.883	5.593
96.376	2.036e-03	-1.436	3492	3.965	5.090
96.376	2.651e-03	-1.514	3495	4.044	4.645
96.376	3.499e-03	-1.592	3505	4.127	4.222
96.376	4.572e-03	-1.670	3506	4.206	3.854
96.376	5.964e-03	-1.748	3508	4.284	3.523
96.376	7.872e-03	-1.828	3509	4.365	3.210
96.376	1.031e-02	-1.913	3492	4.442	2.937
96.376	1.360e-02	-2.002	3471	4.520	2.685
96.376	1.778e-02	-2.093	3435	4.593	2.469
96.376	2.337e-02	-2.189	3388	4.665	2.272
96.376	3.061e-02	-2.287	3329	4.733	2.101
96.376	4.007e-02	-2.386	3264	4.798	1.951
96.376	5.289e-02	-2.485	3198	4.861	1.814
96.376	6.924e-02	-2.574	3140	4.918	1.698
96.376	9.139e-02	-2.655	3091	4.972	1.595
96.376	1.196e-01	-2.722	3056	5.019	1.512
96.376	1.579e-01	-2.772	3036	5.057	1.446
96.376	2.067e-01	-2.806	3023	5.084	1.403
96.376	2.692e-01	-2.825	3016	5.099	1.379
96.376	3.533e-01	-2.834	3012	5.106	1.368
96.376	4.644e-01	-2.836	3011	5.108	1.365
96.376	6.129e-01	-2.837	3011	5.108	1.364
96.376	8.158e-01	-2.837	3011	5.108	1.364
96.376	1.086e+00	-2.837	3011	5.109	1.364
96.376	1.445e+00	-2.837	3011	5.109	1.364
96.376	1.924e+00	-2.837	3011	5.109	1.363
96.376	2.560e+00	-2.838	3011	5.109	1.363
96.376	3.408e+00	-2.838	3011	5.109	1.363
96.376	4.536e+00	-2.838	3011	5.110	1.362
96.376	6.037e+00	-2.839	3011	5.110	1.362
96.376	8.036e+00	-2.839	3011	5.111	1.361
98.471	1.027e-04	-0.623	3336	3.082	14.221
98.471	1.339e-04	-0.636	3344	3.099	13.941
98.471	1.767e-04	-0.656	3357	3.125	13.521
98.471	2.314e-04	-0.696	3382	3.178	12.727
98.471	3.037e-04	-0.788	3424	3.292	11.164
98.471	3.991e-04	-0.886	3457	3.407	9.780
98.471	5.268e-04	-0.981	3484	3.515	8.635
98.471	6.885e-04	-1.072	3496	3.612	7.718
98.471	8.980e-04	-1.161	3502	3.704	6.945
98.471	1.179e-03	-1.250	3503	3.794	6.264
98.471	1.549e-03	-1.338	3500	3.880	5.670
98.471	2.021e-03	-1.421	3498	3.962	5.161
98.471	2.667e-03	-1.502	3502	4.045	4.688
98.471	3.492e-03	-1.578	3511	4.126	4.274
98.471	4.583e-03	-1.657	3514	4.207	3.894
98.471	6.023e-03	-1.737	3516	4.287	3.551
98.471	7.856e-03	-1.813	3519	4.364	3.248
98.471	1.037e-02	-1.900	3505	4.444	2.962
98.471	1.358e-02	-1.986	3485	4.520	2.715
98.471	1.782e-02	-2.077	3452	4.595	2.491
98.471	2.342e-02	-2.171	3408	4.667	2.292
98.471	3.091e-02	-2.273	3347	4.737	2.113
98.471	4.047e-02	-2.372	3283	4.802	1.961
98.471	5.311e-02	-2.468	3218	4.864	1.826
98.471	6.980e-02	-2.559	3158	4.922	1.708
98.471	9.177e-02	-2.639	3109	4.975	1.607
98.471	1.206e-01	-2.706	3071	5.021	1.525
98.471	1.586e-01	-2.754	3051	5.058	1.462
98.471	2.077e-01	-2.786	3038	5.082	1.421
98.471	2.714e-01	-2.804	3031	5.096	1.399
98.471	3.540e-01	-2.811	3028	5.102	1.389
98.471	4.646e-01	-2.814	3027	5.103	1.387
98.471	6.157e-01	-2.814	3027	5.104	1.386
98.471	8.195e-01	-2.814	3027	5.104	1.386
98.471	1.091e+00	-2.814	3027	5.104	1.386
98.471	1.452e+00	-2.814	3027	5.104	1.386
98.471	1.932e+00	-2.815	3027	5.104	1.385
98.471	2.572e+00	-2.815	3027	5.104	1.385
98.471	3.423e+00	-2.815	3027	5.105	1.385
98.471	4.556e+00	-2.816	3026	5.105	1.384
98.471	6.065e+00	-2.816	3026	5.105	1.383
98.471	8.072e+00	-2.817	3026	5.106	1.383
100.566	1.016e-04	-0.610	3337	3.078	14.425
100.566	1.341e-04	-0.624	3346	3.096	14.128
100.566	1.756e-04	-0.644	3359	3.124	13.693
100.566	2.318e-04	-0.689	3387	3.183	12.789
100.566	3.053e-04	-0.784	3430	3.299	11.182
100.566	4.012e-04	-0.880	3461	3.412	9.822
100.566	5.266e-04	-0.972	3487	3.517	8.710
100.566	6.921e-04	-1.064	3500	3.615	7.775
100.566	9.100e-04	-1.154	3507	3.709	6.980
100.566	1.192e-03	-1.242	3508	3.797	6.305
100.566	1.557e-03	-1.328	3505	3.882	5.721
100.566	2.031e-03	-1.411	3502	3.963	5.209
100.566	2.666e-03	-1.490	3508	4.045	4.742
100.566	3.504e-03	-1.566	3517	4.126	4.317
100.566	4.607e-03	-1.645	3522	4.208	3.931
100.566	6.055e-03	-1.725	3524	4.288	3.584
100.566	7.898e-03	-1.800	3528	4.365	3.278
100.566	1.042e-02	-1.886	3517	4.446	2.989
100.566	1.362e-02	-1.971	3498	4.521	2.739
100.566	1.791e-02	-2.062	3467	4.597	2.511
100.566	2.354e-02	-2.157	3424	4.670	2.309
100.566	3.071e-02	-2.253	3368	4.738	2.135
100.566	4.053e-02	-2.354	3303	4.805	1.976
100.566	5.306e-02	-2.450	3238	4.867	1.841
100.566	7.004e-02	-2.543	3176	4.925	1.720
100.566	9.169e-02	-2.622	3127	4.977	1.621
100.566	1.203e-01	-2.689	3087	5.022	1.539
100.566	1.582e-01	-2.736	3065	5.057	1.479
100.566	2.063e-01	-2.766	3053	5.080	1.440
100.566	2.708e-01	-2.782	3047	5.093	1.419
100.566	3.546e-01	-2.789	3044	5.098	1.410
100.566	4.634e-01	-2.791	3043	5.099	1.408
100.566	6.116e-01	-2.791	3043	5.100	1.408
100.566	8.141e-01	-2.792	3043	5.100	1.407
100.566	1.084e+00	-2.792	3043	5.100	1.407
100.566	1.442e+00	-2.792	3043	5.100	1.407
100.566	1.920e+00	-2.792	3043	5.100	1.407
100.566	2.555e+00	-2.792	3043	5.100	1.407
100.566	3.401e+00	-2.793	3043	5.100	1.406
100.566	4.526e+00	-2.793	3042	5.101	1.406
100.566	6.024e+00	-2.794	3042	5.101	1.405
100.566	8.018e+00	-2.794	3042	5.102	1.404
102.661	1.045e-04	-0.599	3340	3.077	14.589
102.661	1.358e-04	-0.612	3348	3.095	14.294
102.661	1.775e-04	-0.634	3362	3.125	13.814
102.661	2.334e-04	-0.684	3394	3.191	12.800
102.661	3.067e-04	-0.781	3435	3.308	11.186
102.661	4.033e-04	-0.875	3466	3.418	9.854
102.661	5.300e-04	-0.966	3491	3.521	8.751
102.661	6.969e-04	-1.056	3505	3.619	7.822
102.661	9.159e-04	-1.146	3512	3.712	7.030
102.661	1.195e-03	-1.232	3512	3.798	6.363
102.661	1.568e-03	-1.318	3510	3.884	5.767
102.661	2.061e-03	-1.403	3507	3.967	5.239
102.661	2.709e-03	-1.482	3514	4.049	4.767
102.661	3.561e-03	-1.559	3524	4.131	4.340
102.661	4.674e-03	-1.636	3530	4.211	3.955
102.661	6.143e-03	-1.715	3533	4.292	3.605
102.661	8.076e-03	-1.794	3536	4.372	3.288
102.661	1.058e-02	-1.876	3528	4.450	3.005
102.661	1.385e-02	-1.961	3509	4.526	2.752
102.661	1.817e-02	-2.051	3481	4.601	2.524
102.661	2.388e-02	-2.145	3438	4.674	2.320
102.661	3.115e-02	-2.241	3385	4.743	2.145
102.661	4.112e-02	-2.342	3320	4.810	1.984
102.661	5.383e-02	-2.438	3255	4.872	1.848
102.661	7.065e-02	-2.528	3194	4.929	1.730
102.661	9.286e-02	-2.608	3143	4.981	1.630
102.661	1.221e-01	-2.673	3104	5.025	1.550
102.661	1.605e-01	-2.720	3079	5.058	1.492
102.661	2.110e-01	-2.748	3067	5.079	1.456
102.661	2.773e-01	-2.762	3062	5.090	1.438
102.661	3.617e-01	-2.768	3060	5.094	1.431
102.661	4.701e-01	-2.769	3059	5.095	1.429
102.661	6.171e-01	-2.769	3059	5.096	1.429
102.661	8.178e-01	-2.770	3059	5.096	1.429
102.661	1.088e+00	-2.770	3059	5.096	1.429
102.661	1.449e+00	-2.770	3059	5.096	1.428
102.661	1.928e+00	-2.770	3059	5.096	1.428
102.661	2.566e+00	-2.770	3059	5.096	1.428
102.661	3.416e+00	-2.771	3058	5.096	1.427
102.661	4.547e+00	-2.771	3058	5.097	1.427
102.661	6.052e+00	-2.772	3058	5.097	1.426
102.661	8.055e+00	-2.772	3058	5.098	1.425
104.757	1.001e-04	-0.585	3340	3.073	14.818
104.757	1.311e-04	-0.598	3349	3.091	14.517
104.757	1.730e-04	-0.622	3364	3.121	14.010
104.757	2.265e-04	-0.671	3395	3.187	12.991
104.757	2.996e-04	-0.767	3437	3.304	11.354
104.757	3.939e-04	-0.860	3468	3.413	10.019
104.757	5.177e-04	-0.949	3493	3.515	8.907
104.757	6.806e-04	-1.039	3507	3.612	7.967
104.757	8.913e-04	-1.126	3516	3.703	7.172
104.757	1.167e-03	-1.213	3517	3.791	6.483
104.757	1.531e-03	-1.300	3515	3.876	5.876
104.757	2.013e-03	-1.384	3512	3.959	5.338
104.757	2.646e-03	-1.463	3519	4.041	4.858
104.757	3.478e-03	-1.540	3529	4.123	4.423
104.757	4.536e-03	-1.614	3538	4.202	4.038
104.757	5.954e-03	-1.693	3540	4.282	3.682
104.757	7.825e-03	-1.772	3544	4.362	3.358
104.757	1.021e-02	-1.849	3543	4.439	3.072
104.757	1.347e-02	-1.938	3523	4.519	2.804
104.757	1.764e-02	-2.025	3499	4.594	2.572
104.757	2.315e-02	-2.119	3459	4.667	2.363
104.757	3.043e-02	-2.215	3409	4.738	2.178
104.757	4.000e-02	-2.315	3347	4.806	2.015
104.757	5.257e-02	-2.412	3281	4.869	1.874
104.757	6.858e-02	-2.502	3220	4.926	1.755
104.757	9.052e-02	-2.584	3166	4.978	1.652
104.757	1.185e-01	-2.649	3126	5.022	1.572
104.757	1.555e-01	-2.698	3097	5.054	1.514
104.757	2.037e-01	-2.727	3083	5.075	1.478
104.757	2.666e-01	-2.741	3077	5.086	1.459
104.757	3.519e-01	-2.746	3075	5.090	1.452
104.757	4.607e-01	-2.748	3075	5.091	1.450
104.757	6.120e-01	-2.748	3074	5.092	1.450
104.757	8.145e-01	-2.748	3074	5.092	1.450
104.757	1.079e+00	-2.748	3074	5.092	1.450
104.757	1.437e+00	-2.748	3074	5.092	1.449
104.757	1.912e+00	-2.748	3074	5.092	1.449
104.757	2.545e+00	-2.749	3074	5.092	1.449
104.757	3.388e+00	-2.749	3074	5.093	1.448
104.757	4.509e+00	-2.750	3074	5.093	1.448
104.757	6.002e+00	-2.750	3074	5.093	1.447
104.757	7.988e+00	-2.751	3073	5.094	1.446
