Mass/Mjup	Age/Gyr	log(L/Lsun)	Teff	log(g)	Radius/Rjup
0.047	1.006e-04	-5.966	617	2.175	0.884
0.047	1.315e-04	-6.090	589	2.217	0.843
0.047	1.735e-04	-6.214	561	2.256	0.805
0.047	2.295e-04	-6.327	537	2.294	0.771
0.047	3.023e-04	-6.433	516	2.331	0.739
0.047	3.973e-04	-6.556	491	2.366	0.710
0.047	5.255e-04	-6.671	468	2.400	0.682
0.047	6.950e-04	-6.779	448	2.433	0.657
0.047	9.191e-04	-6.883	430	2.465	0.633
0.047	1.208e-03	-6.990	412	2.495	0.611
0.047	1.588e-03	-7.102	393	2.525	0.591
0.047	2.100e-03	-7.212	375	2.555	0.571
0.047	2.762e-03	-7.322	358	2.584	0.552
0.047	3.652e-03	-7.441	340	2.612	0.535
0.047	4.800e-03	-7.547	325	2.639	0.518
0.047	6.311e-03	-7.652	310	2.665	0.503
0.047	8.346e-03	-7.761	296	2.692	0.487
0.047	1.104e-02	-7.869	282	2.719	0.473
0.047	1.451e-02	-7.977	269	2.745	0.459
0.047	1.915e-02	-8.087	257	2.771	0.445
0.047	2.507e-02	-8.192	245	2.796	0.432
0.047	3.264e-02	-8.294	234	2.820	0.421
0.047	4.309e-02	-8.405	223	2.845	0.409
0.047	5.640e-02	-8.508	213	2.868	0.398
0.047	7.445e-02	-8.619	202	2.891	0.388
0.047	9.846e-02	-8.741	191	2.913	0.378
0.047	1.297e-01	-8.869	180	2.934	0.369
0.047	1.705e-01	-9.008	168	2.954	0.361
0.047	2.254e-01	-9.156	156	2.971	0.354
0.047	2.964e-01	-9.303	144	2.986	0.347
0.047	3.896e-01	-9.444	134	2.999	0.342
0.047	5.142e-01	-9.569	126	3.011	0.338
0.047	6.732e-01	-9.691	118	3.020	0.334
0.047	8.886e-01	-9.807	111	3.029	0.331
0.047	1.175e+00	-9.925	104	3.037	0.328
0.047	1.548e+00	-10.058	97	3.046	0.324
0.047	2.047e+00	-10.214	89	3.055	0.321
0.047	2.707e+00	-10.389	81	3.065	0.317
0.047	3.581e+00	-10.571	73	3.074	0.314
0.063	1.045e-04	-5.772	689	2.296	0.888
0.063	1.379e-04	-5.895	657	2.336	0.848
0.063	1.817e-04	-6.013	627	2.373	0.812
0.063	2.403e-04	-6.131	598	2.409	0.779
0.063	3.158e-04	-6.242	572	2.443	0.750
0.063	4.169e-04	-6.358	545	2.476	0.722
0.063	5.513e-04	-6.493	513	2.507	0.697
0.063	7.291e-04	-6.610	488	2.536	0.674
0.063	9.605e-04	-6.716	467	2.565	0.652
0.063	1.262e-03	-6.818	448	2.593	0.631
0.063	1.669e-03	-6.933	426	2.621	0.611
0.063	2.204e-03	-7.050	404	2.648	0.592
0.063	2.903e-03	-7.157	386	2.674	0.575
0.063	3.815e-03	-7.271	367	2.699	0.559
0.063	5.036e-03	-7.387	348	2.724	0.543
0.063	6.634e-03	-7.492	332	2.748	0.528
0.063	8.773e-03	-7.599	316	2.772	0.514
0.063	1.153e-02	-7.706	302	2.795	0.500
0.063	1.522e-02	-7.814	287	2.819	0.487
0.063	1.989e-02	-7.921	274	2.841	0.474
0.063	2.615e-02	-8.028	261	2.864	0.462
0.063	3.437e-02	-8.137	248	2.887	0.450
0.063	4.545e-02	-8.249	236	2.910	0.438
0.063	5.976e-02	-8.362	224	2.932	0.427
0.063	7.854e-02	-8.468	213	2.953	0.417
0.063	1.037e-01	-8.582	202	2.975	0.407
0.063	1.366e-01	-8.709	190	2.995	0.397
0.063	1.795e-01	-8.840	178	3.015	0.388
0.063	2.374e-01	-8.999	164	3.034	0.380
0.063	3.139e-01	-9.156	152	3.051	0.372
0.063	4.144e-01	-9.317	139	3.065	0.366
0.063	5.459e-01	-9.463	129	3.077	0.361
0.063	7.219e-01	-9.608	119	3.088	0.357
0.063	9.488e-01	-9.754	110	3.098	0.353
0.063	1.255e+00	-9.886	103	3.106	0.350
0.063	1.656e+00	-9.999	97	3.112	0.347
0.063	2.168e+00	-10.090	92	3.117	0.345
0.063	2.846e+00	-10.167	88	3.120	0.344
0.063	3.740e+00	-10.237	85	3.124	0.343
0.063	4.879e+00	-10.295	82	3.126	0.341
0.063	6.440e+00	-10.351	80	3.129	0.341
0.063	8.517e+00	-10.408	77	3.131	0.340
0.126	1.009e-04	-5.248	833	2.403	1.110
0.126	1.329e-04	-5.375	795	2.448	1.054
0.126	1.747e-04	-5.523	747	2.488	1.006
0.126	2.306e-04	-5.645	711	2.526	0.964
0.126	3.037e-04	-5.761	679	2.561	0.926
0.126	4.017e-04	-5.888	644	2.595	0.891
0.126	5.279e-04	-6.005	613	2.626	0.859
0.126	6.941e-04	-6.135	578	2.655	0.831
0.126	9.122e-04	-6.269	544	2.682	0.805
0.126	1.204e-03	-6.389	515	2.708	0.782
0.126	1.593e-03	-6.505	489	2.733	0.759
0.126	2.098e-03	-6.617	464	2.757	0.738
0.126	2.774e-03	-6.736	440	2.781	0.718
0.126	3.646e-03	-6.844	419	2.804	0.700
0.126	4.813e-03	-6.952	399	2.826	0.682
0.126	6.340e-03	-7.076	376	2.848	0.665
0.126	8.333e-03	-7.190	356	2.869	0.650
0.126	1.102e-02	-7.298	339	2.890	0.634
0.126	1.449e-02	-7.402	323	2.910	0.619
0.126	1.904e-02	-7.508	307	2.930	0.605
0.126	2.514e-02	-7.621	291	2.951	0.591
0.126	3.291e-02	-7.733	276	2.971	0.578
0.126	4.352e-02	-7.840	263	2.991	0.564
0.126	5.755e-02	-7.952	249	3.011	0.552
0.126	7.597e-02	-8.062	237	3.030	0.539
0.126	1.005e-01	-8.177	224	3.050	0.527
0.126	1.323e-01	-8.288	212	3.069	0.516
0.126	1.739e-01	-8.406	201	3.088	0.505
0.126	2.296e-01	-8.537	188	3.106	0.494
0.126	3.024e-01	-8.674	176	3.123	0.485
0.126	3.975e-01	-8.828	162	3.139	0.476
0.126	5.217e-01	-8.986	149	3.152	0.469
0.126	6.857e-01	-9.153	136	3.165	0.462
0.126	9.015e-01	-9.316	125	3.176	0.456
0.126	1.185e+00	-9.483	114	3.185	0.451
0.126	1.564e+00	-9.646	104	3.194	0.447
0.126	2.060e+00	-9.804	96	3.202	0.443
0.126	2.708e+00	-9.959	88	3.208	0.439
0.126	3.574e+00	-10.112	81	3.215	0.436
0.126	4.708e+00	-10.263	74	3.220	0.433
0.126	5.218e+00	-10.309	72	3.222	0.433
0.126	6.495e+00	-10.309	72	3.222	0.433
0.126	8.645e+00	-10.309	72	3.222	0.433
0.189	1.042e-04	-4.971	954	2.538	1.164
0.189	1.378e-04	-5.072	924	2.584	1.105
0.189	1.815e-04	-5.225	867	2.625	1.053
0.189	2.401e-04	-5.338	830	2.664	1.007
0.189	3.155e-04	-5.464	789	2.700	0.966
0.189	4.173e-04	-5.597	745	2.734	0.929
0.189	5.509e-04	-5.739	699	2.765	0.897
0.189	7.211e-04	-5.860	662	2.793	0.868
0.189	9.537e-04	-6.006	618	2.820	0.842
0.189	1.261e-03	-6.146	579	2.844	0.819
0.189	1.658e-03	-6.265	547	2.866	0.798
0.189	2.179e-03	-6.384	518	2.888	0.778
0.189	2.877e-03	-6.505	489	2.909	0.759
0.189	3.790e-03	-6.629	460	2.929	0.742
0.189	4.981e-03	-6.741	436	2.949	0.725
0.189	6.496e-03	-6.855	413	2.968	0.710
0.189	8.592e-03	-6.996	385	2.986	0.695
0.189	1.130e-02	-7.107	365	3.003	0.681
0.189	1.485e-02	-7.208	347	3.021	0.668
0.189	1.960e-02	-7.313	331	3.038	0.654
0.189	2.581e-02	-7.418	314	3.056	0.641
0.189	3.393e-02	-7.526	298	3.073	0.628
0.189	4.478e-02	-7.641	282	3.091	0.616
0.189	5.899e-02	-7.750	268	3.108	0.604
0.189	7.753e-02	-7.858	254	3.125	0.592
0.189	1.023e-01	-7.970	240	3.143	0.580
0.189	1.340e-01	-8.080	228	3.159	0.569
0.189	1.758e-01	-8.190	216	3.176	0.559
0.189	2.326e-01	-8.307	204	3.193	0.548
0.189	3.056e-01	-8.434	191	3.209	0.538
0.189	4.035e-01	-8.568	179	3.224	0.528
0.189	5.315e-01	-8.725	165	3.238	0.520
0.189	6.985e-01	-8.883	151	3.251	0.512
0.189	9.220e-01	-9.057	138	3.262	0.506
0.189	1.207e+00	-9.219	126	3.272	0.500
0.189	1.593e+00	-9.394	115	3.281	0.495
0.189	2.082e+00	-9.555	105	3.288	0.491
0.189	2.737e+00	-9.716	96	3.295	0.487
0.189	3.598e+00	-9.874	88	3.301	0.483
0.189	4.749e+00	-10.030	81	3.307	0.480
0.262	1.005e-04	-4.686	1096	2.636	1.225
0.262	1.316e-04	-4.806	1049	2.681	1.164
0.262	1.737e-04	-4.919	1008	2.724	1.107
0.262	2.297e-04	-5.054	955	2.765	1.055
0.262	3.025e-04	-5.194	900	2.801	1.013
0.262	4.001e-04	-5.309	859	2.836	0.972
0.262	5.291e-04	-5.465	800	2.869	0.937
0.262	6.954e-04	-5.595	755	2.897	0.907
0.262	9.071e-04	-5.718	714	2.923	0.880
0.262	1.197e-03	-5.862	667	2.949	0.854
0.262	1.584e-03	-6.013	620	2.972	0.832
0.262	2.086e-03	-6.138	584	2.993	0.812
0.262	2.742e-03	-6.265	549	3.013	0.793
0.262	3.619e-03	-6.394	515	3.033	0.776
0.262	4.737e-03	-6.518	485	3.051	0.760
0.262	6.253e-03	-6.634	458	3.069	0.744
0.262	8.237e-03	-6.761	430	3.086	0.730
0.262	1.083e-02	-6.899	401	3.102	0.716
0.262	1.432e-02	-7.028	376	3.118	0.704
0.262	1.894e-02	-7.132	357	3.133	0.691
0.262	2.504e-02	-7.236	339	3.149	0.679
0.262	3.305e-02	-7.342	322	3.164	0.667
0.262	4.327e-02	-7.448	306	3.180	0.655
0.262	5.712e-02	-7.562	289	3.195	0.643
0.262	7.524e-02	-7.677	273	3.211	0.632
0.262	9.889e-02	-7.783	259	3.226	0.621
0.262	1.305e-01	-7.894	245	3.241	0.610
0.262	1.726e-01	-8.005	232	3.257	0.599
0.262	2.260e-01	-8.113	220	3.272	0.589
0.262	2.989e-01	-8.228	207	3.287	0.579
0.262	3.929e-01	-8.353	195	3.302	0.569
0.262	5.197e-01	-8.489	182	3.316	0.560
0.262	6.830e-01	-8.641	168	3.329	0.552
0.262	9.016e-01	-8.805	154	3.341	0.544
0.262	1.180e+00	-8.973	140	3.351	0.538
0.262	1.549e+00	-9.139	128	3.360	0.532
0.262	2.036e+00	-9.309	117	3.368	0.527
0.262	2.677e+00	-9.476	106	3.375	0.523
0.262	3.518e+00	-9.638	97	3.382	0.519
0.262	4.644e+00	-9.801	89	3.387	0.516
0.262	6.079e+00	-9.955	82	3.392	0.513
0.524	1.040e-04	-4.085	1439	2.809	1.419
0.524	1.376e-04	-4.207	1389	2.869	1.325
0.524	1.816e-04	-4.359	1311	2.922	1.247
0.524	2.377e-04	-4.492	1247	2.967	1.183
0.524	3.144e-04	-4.616	1191	3.011	1.125
0.524	4.134e-04	-4.739	1135	3.051	1.074
0.524	5.433e-04	-4.877	1072	3.088	1.029
0.524	7.143e-04	-5.017	1008	3.122	0.990
0.524	9.388e-04	-5.168	940	3.153	0.955
0.524	1.239e-03	-5.312	879	3.181	0.925
0.524	1.639e-03	-5.453	823	3.206	0.898
0.524	2.145e-03	-5.593	769	3.229	0.875
0.524	2.816e-03	-5.762	706	3.250	0.854
0.524	3.701e-03	-5.890	663	3.269	0.836
0.524	4.894e-03	-6.030	618	3.287	0.819
0.524	6.435e-03	-6.166	577	3.303	0.804
0.524	8.457e-03	-6.298	540	3.319	0.789
0.524	1.112e-02	-6.423	507	3.334	0.776
0.524	1.461e-02	-6.557	473	3.348	0.763
0.524	1.921e-02	-6.707	437	3.361	0.752
0.524	2.525e-02	-6.832	410	3.374	0.741
0.524	3.314e-02	-6.956	384	3.386	0.731
0.524	4.356e-02	-7.084	359	3.397	0.721
0.524	5.750e-02	-7.186	341	3.409	0.712
0.524	7.527e-02	-7.287	324	3.420	0.702
0.524	9.936e-02	-7.395	306	3.432	0.692
0.524	1.301e-01	-7.504	290	3.444	0.683
0.524	1.717e-01	-7.617	274	3.456	0.674
0.524	2.248e-01	-7.719	260	3.468	0.664
0.524	2.973e-01	-7.828	246	3.481	0.655
0.524	3.924e-01	-7.935	233	3.493	0.646
0.524	5.137e-01	-8.049	219	3.505	0.637
0.524	6.793e-01	-8.173	206	3.518	0.628
0.524	8.984e-01	-8.307	192	3.530	0.619
0.524	1.186e+00	-8.446	178	3.541	0.611
0.524	1.550e+00	-8.603	164	3.551	0.604
0.524	2.038e+00	-8.768	150	3.560	0.598
0.524	2.678e+00	-8.941	136	3.568	0.592
0.524	3.521e+00	-9.109	124	3.575	0.587
0.524	4.627e+00	-9.281	113	3.582	0.583
0.524	6.108e+00	-9.448	103	3.587	0.580
0.524	7.996e+00	-9.606	94	3.592	0.576
0.786	1.019e-04	-3.778	1607	2.871	1.620
0.786	1.342e-04	-3.866	1585	2.934	1.505
0.786	1.757e-04	-3.965	1552	2.996	1.401
0.786	2.300e-04	-4.088	1495	3.054	1.311
0.786	3.042e-04	-4.242	1411	3.108	1.233
0.786	4.016e-04	-4.385	1334	3.154	1.168
0.786	5.248e-04	-4.512	1270	3.195	1.115
0.786	6.900e-04	-4.635	1210	3.234	1.065
0.786	9.068e-04	-4.774	1140	3.271	1.022
0.786	1.192e-03	-4.918	1070	3.303	0.984
0.786	1.567e-03	-5.071	996	3.333	0.951
0.786	2.068e-03	-5.227	925	3.359	0.922
0.786	2.708e-03	-5.358	870	3.383	0.898
0.786	3.581e-03	-5.528	799	3.405	0.875
0.786	4.708e-03	-5.682	739	3.424	0.856
0.786	6.188e-03	-5.822	689	3.441	0.839
0.786	8.136e-03	-5.953	644	3.458	0.824
0.786	1.069e-02	-6.096	599	3.473	0.809
0.786	1.406e-02	-6.228	560	3.487	0.796
0.786	1.848e-02	-6.366	521	3.501	0.784
0.786	2.429e-02	-6.498	486	3.514	0.772
0.786	3.193e-02	-6.642	451	3.526	0.762
0.786	4.198e-02	-6.785	418	3.537	0.752
0.786	5.517e-02	-6.934	386	3.547	0.743
0.786	7.283e-02	-7.037	366	3.558	0.734
0.786	9.593e-02	-7.145	346	3.568	0.726
0.786	1.269e-01	-7.265	325	3.578	0.717
0.786	1.667e-01	-7.372	307	3.588	0.709
0.786	2.192e-01	-7.478	291	3.599	0.700
0.786	2.881e-01	-7.586	275	3.609	0.692
0.786	3.803e-01	-7.697	259	3.620	0.684
0.786	4.979e-01	-7.804	245	3.630	0.676
0.786	6.572e-01	-7.910	232	3.641	0.667
0.786	8.657e-01	-8.023	219	3.652	0.659
0.786	1.145e+00	-8.143	206	3.663	0.651
0.786	1.505e+00	-8.272	192	3.673	0.643
0.786	1.986e+00	-8.413	178	3.683	0.636
0.786	2.600e+00	-8.571	163	3.692	0.629
0.786	3.439e+00	-8.742	149	3.700	0.623
0.786	4.539e+00	-8.920	135	3.707	0.618
0.786	5.942e+00	-9.085	123	3.713	0.614
0.786	7.844e+00	-9.262	111	3.719	0.610
0.786	1.000e+01	-9.410	103	3.723	0.607
1.048	1.020e-04	-3.558	1741	2.913	1.780
1.048	1.349e-04	-3.664	1702	2.980	1.648
1.048	1.767e-04	-3.758	1672	3.043	1.533
1.048	2.332e-04	-3.859	1635	3.106	1.426
1.048	3.053e-04	-3.967	1589	3.164	1.334
1.048	4.030e-04	-4.096	1524	3.221	1.250
1.048	5.329e-04	-4.260	1427	3.270	1.180
1.048	6.976e-04	-4.397	1351	3.312	1.124
1.048	9.209e-04	-4.525	1285	3.353	1.074
1.048	1.203e-03	-4.656	1216	3.389	1.030
1.048	1.582e-03	-4.800	1141	3.422	0.991
1.048	2.079e-03	-4.953	1063	3.452	0.958
1.048	2.745e-03	-5.102	991	3.478	0.929
1.048	3.630e-03	-5.245	925	3.502	0.904
1.048	4.782e-03	-5.413	850	3.525	0.881
1.048	6.285e-03	-5.572	785	3.544	0.861
1.048	8.249e-03	-5.715	730	3.561	0.845
1.048	1.084e-02	-5.856	679	3.577	0.829
1.048	1.414e-02	-5.997	632	3.592	0.815
1.048	1.867e-02	-6.131	590	3.606	0.802
1.048	2.459e-02	-6.275	547	3.619	0.790
1.048	3.232e-02	-6.411	509	3.631	0.779
1.048	4.266e-02	-6.561	470	3.643	0.769
1.048	5.619e-02	-6.703	436	3.653	0.759
1.048	7.385e-02	-6.837	406	3.663	0.751
1.048	9.633e-02	-6.956	381	3.673	0.743
1.048	1.272e-01	-7.094	354	3.682	0.735
1.048	1.665e-01	-7.213	332	3.691	0.727
1.048	2.185e-01	-7.315	315	3.700	0.720
1.048	2.871e-01	-7.418	298	3.709	0.712
1.048	3.775e-01	-7.526	282	3.718	0.705
1.048	4.944e-01	-7.633	266	3.727	0.697
1.048	6.512e-01	-7.745	251	3.737	0.690
1.048	8.559e-01	-7.844	238	3.746	0.682
1.048	1.130e+00	-7.953	225	3.756	0.675
1.048	1.488e+00	-8.065	212	3.766	0.667
1.048	1.956e+00	-8.184	199	3.776	0.660
1.048	2.572e+00	-8.320	185	3.785	0.653
1.048	3.380e+00	-8.469	171	3.794	0.646
1.048	4.461e+00	-8.641	156	3.802	0.640
1.048	5.840e+00	-8.811	142	3.809	0.635
1.048	7.709e+00	-8.986	129	3.815	0.631
1.048	1.000e+01	-9.152	117	3.820	0.627
1.571	1.013e-04	-3.247	1926	2.954	2.080
1.571	1.332e-04	-3.340	1902	3.026	1.915
1.571	1.751e-04	-3.446	1862	3.095	1.769
1.571	2.302e-04	-3.552	1820	3.161	1.640
1.571	3.026e-04	-3.654	1780	3.224	1.524
1.571	3.978e-04	-3.768	1726	3.285	1.422
1.571	5.229e-04	-3.871	1681	3.342	1.331
1.571	6.902e-04	-3.989	1622	3.397	1.249
1.571	9.092e-04	-4.138	1532	3.448	1.179
1.571	1.195e-03	-4.278	1450	3.492	1.120
1.571	1.559e-03	-4.405	1378	3.531	1.071
1.571	2.057e-03	-4.542	1302	3.569	1.025
1.571	2.721e-03	-4.694	1216	3.603	0.985
1.571	3.562e-03	-4.847	1133	3.633	0.952
1.571	4.702e-03	-5.005	1051	3.660	0.923
1.571	6.144e-03	-5.144	984	3.684	0.898
1.571	8.078e-03	-5.330	894	3.705	0.877
1.571	1.062e-02	-5.460	839	3.724	0.858
1.571	1.404e-02	-5.619	773	3.741	0.841
1.571	1.853e-02	-5.781	711	3.757	0.826
1.571	2.426e-02	-5.912	665	3.771	0.813
1.571	3.203e-02	-6.057	616	3.784	0.800
1.571	4.219e-02	-6.199	572	3.796	0.789
1.571	5.545e-02	-6.345	529	3.807	0.779
1.571	7.333e-02	-6.492	489	3.818	0.770
1.571	9.679e-02	-6.631	454	3.828	0.761
1.571	1.267e-01	-6.768	422	3.837	0.753
1.571	1.673e-01	-6.909	391	3.846	0.745
1.571	2.203e-01	-7.047	363	3.854	0.738
1.571	2.896e-01	-7.165	340	3.862	0.732
1.571	3.807e-01	-7.288	318	3.869	0.725
1.571	5.035e-01	-7.399	300	3.877	0.719
1.571	6.618e-01	-7.505	284	3.885	0.712
1.571	8.735e-01	-7.611	268	3.893	0.706
1.571	1.144e+00	-7.711	254	3.901	0.699
1.571	1.509e+00	-7.815	241	3.910	0.692
1.571	1.996e+00	-7.925	227	3.919	0.685
1.571	2.613e+00	-8.032	215	3.927	0.679
1.571	3.430e+00	-8.146	202	3.936	0.672
1.571	4.508e+00	-8.280	188	3.944	0.665
1.571	5.950e+00	-8.427	173	3.952	0.659
1.571	7.869e+00	-8.603	157	3.959	0.654
1.571	1.000e+01	-8.755	145	3.965	0.650
2.095	1.035e-04	-3.062	2030	2.986	2.316
2.095	1.360e-04	-3.147	2014	3.057	2.133
2.095	1.789e-04	-3.239	1990	3.128	1.966
2.095	2.351e-04	-3.336	1959	3.198	1.814
2.095	3.066e-04	-3.443	1912	3.263	1.683
2.095	4.024e-04	-3.541	1875	3.327	1.564
2.095	5.289e-04	-3.646	1829	3.389	1.456
2.095	6.954e-04	-3.757	1776	3.448	1.361
2.095	9.139e-04	-3.869	1719	3.504	1.276
2.095	1.202e-03	-3.990	1652	3.556	1.201
2.095	1.579e-03	-4.136	1562	3.604	1.137
2.095	2.085e-03	-4.277	1476	3.647	1.082
2.095	2.729e-03	-4.408	1399	3.685	1.035
2.095	3.602e-03	-4.559	1310	3.721	0.993
2.095	4.716e-03	-4.701	1228	3.752	0.959
2.095	6.236e-03	-4.866	1136	3.781	0.927
2.095	8.200e-03	-5.014	1058	3.806	0.901
2.095	1.078e-02	-5.190	969	3.828	0.878
2.095	1.417e-02	-5.336	901	3.848	0.859
2.095	1.874e-02	-5.490	833	3.866	0.841
2.095	2.463e-02	-5.655	764	3.882	0.826
2.095	3.238e-02	-5.799	709	3.896	0.812
2.095	4.256e-02	-5.942	658	3.909	0.800
2.095	5.628e-02	-6.084	611	3.921	0.789
2.095	7.341e-02	-6.231	565	3.932	0.779
2.095	9.690e-02	-6.378	522	3.943	0.770
2.095	1.276e-01	-6.519	484	3.952	0.761
2.095	1.678e-01	-6.660	449	3.961	0.754
2.095	2.206e-01	-6.800	416	3.970	0.746
2.095	2.899e-01	-6.936	386	3.977	0.739
2.095	3.827e-01	-7.082	357	3.985	0.733
2.095	5.041e-01	-7.227	330	3.992	0.727
2.095	6.601e-01	-7.333	311	3.999	0.721
2.095	8.641e-01	-7.433	295	4.006	0.716
2.095	1.141e+00	-7.538	279	4.013	0.710
2.095	1.503e+00	-7.638	264	4.020	0.704
2.095	1.975e+00	-7.742	250	4.028	0.698
2.095	2.612e+00	-7.846	237	4.036	0.691
2.095	3.447e+00	-7.956	223	4.044	0.685
2.095	4.513e+00	-8.062	211	4.052	0.679
2.095	5.923e+00	-8.181	198	4.060	0.673
2.095	7.785e+00	-8.320	183	4.067	0.667
2.095	1.000e+01	-8.464	169	4.074	0.662
2.619	1.003e-04	-2.921	2105	3.004	2.534
2.619	1.318e-04	-3.002	2090	3.073	2.342
2.619	1.733e-04	-3.084	2075	3.143	2.162
2.619	2.278e-04	-3.170	2055	3.212	1.995
2.619	2.994e-04	-3.259	2033	3.282	1.842
2.619	3.936e-04	-3.363	1990	3.349	1.704
2.619	5.195e-04	-3.469	1944	3.415	1.580
2.619	6.789e-04	-3.567	1904	3.476	1.473
2.619	8.961e-04	-3.678	1850	3.537	1.373
2.619	1.173e-03	-3.787	1794	3.593	1.287
2.619	1.540e-03	-3.901	1733	3.647	1.210
2.619	2.024e-03	-4.036	1650	3.697	1.142
2.619	2.676e-03	-4.185	1555	3.742	1.084
2.619	3.491e-03	-4.320	1471	3.781	1.037
2.619	4.608e-03	-4.464	1383	3.818	0.994
2.619	6.070e-03	-4.612	1294	3.850	0.957
2.619	7.977e-03	-4.770	1201	3.879	0.926
2.619	1.049e-02	-4.921	1118	3.905	0.899
2.619	1.378e-02	-5.084	1031	3.928	0.875
2.619	1.820e-02	-5.248	949	3.949	0.855
2.619	2.397e-02	-5.399	880	3.967	0.837
2.619	3.150e-02	-5.568	806	3.983	0.821
2.619	4.142e-02	-5.719	744	3.997	0.808
2.619	5.444e-02	-5.862	691	4.010	0.796
2.619	7.186e-02	-6.003	642	4.023	0.785
2.619	9.406e-02	-6.155	591	4.034	0.775
2.619	1.244e-01	-6.302	547	4.044	0.766
2.619	1.642e-01	-6.449	505	4.054	0.757
2.619	2.150e-01	-6.589	469	4.062	0.750
2.619	2.838e-01	-6.730	434	4.071	0.743
2.619	3.715e-01	-6.867	403	4.078	0.736
2.619	4.913e-01	-7.023	370	4.086	0.730
2.619	6.485e-01	-7.164	342	4.093	0.724
2.619	8.474e-01	-7.276	322	4.099	0.719
2.619	1.119e+00	-7.398	301	4.106	0.713
2.619	1.473e+00	-7.507	284	4.112	0.708
2.619	1.937e+00	-7.607	269	4.119	0.703
2.619	2.556e+00	-7.709	255	4.126	0.697
2.619	3.367e+00	-7.810	242	4.133	0.691
2.619	4.426e+00	-7.914	228	4.140	0.685
2.619	5.842e+00	-8.021	216	4.148	0.680
2.619	7.647e+00	-8.130	203	4.155	0.674
2.619	1.000e+01	-8.261	190	4.162	0.668
3.143	1.015e-04	-2.824	2160	3.032	2.690
3.143	1.340e-04	-2.906	2142	3.099	2.490
3.143	1.751e-04	-2.984	2127	3.165	2.309
3.143	2.303e-04	-3.063	2113	3.233	2.134
3.143	3.015e-04	-3.146	2095	3.300	1.975
3.143	3.948e-04	-3.233	2072	3.368	1.827
3.143	5.211e-04	-3.336	2031	3.436	1.689
3.143	6.864e-04	-3.440	1985	3.501	1.568
3.143	9.021e-04	-3.540	1942	3.563	1.459
3.143	1.186e-03	-3.648	1889	3.623	1.362
3.143	1.559e-03	-3.759	1831	3.680	1.276
3.143	2.033e-03	-3.869	1771	3.732	1.201
3.143	2.684e-03	-4.007	1685	3.783	1.133
3.143	3.536e-03	-4.155	1587	3.828	1.076
3.143	4.630e-03	-4.292	1500	3.867	1.029
3.143	6.050e-03	-4.432	1413	3.902	0.988
3.143	7.955e-03	-4.579	1322	3.934	0.952
3.143	1.052e-02	-4.741	1226	3.964	0.920
3.143	1.383e-02	-4.890	1142	3.990	0.893
3.143	1.803e-02	-5.052	1054	4.012	0.870
3.143	2.385e-02	-5.217	969	4.033	0.850
3.143	3.148e-02	-5.373	895	4.051	0.832
3.143	4.122e-02	-5.539	821	4.067	0.817
3.143	5.409e-02	-5.690	759	4.080	0.804
3.143	7.110e-02	-5.834	704	4.093	0.793
3.143	9.385e-02	-5.976	653	4.105	0.782
3.143	1.226e-01	-6.125	603	4.116	0.772
3.143	1.612e-01	-6.271	558	4.126	0.763
3.143	2.119e-01	-6.421	514	4.135	0.755
3.143	2.786e-01	-6.560	477	4.144	0.748
3.143	3.649e-01	-6.699	442	4.152	0.741
3.143	4.777e-01	-6.842	409	4.160	0.734
3.143	6.305e-01	-6.997	376	4.167	0.728
3.143	8.305e-01	-7.130	349	4.173	0.723
3.143	1.092e+00	-7.268	324	4.180	0.718
3.143	1.435e+00	-7.389	303	4.186	0.713
3.143	1.886e+00	-7.495	286	4.192	0.708
3.143	2.495e+00	-7.599	271	4.198	0.702
3.143	3.280e+00	-7.696	257	4.205	0.697
3.143	4.311e+00	-7.796	243	4.211	0.692
3.143	5.690e+00	-7.899	230	4.218	0.686
3.143	7.449e+00	-8.001	218	4.225	0.681
3.143	9.851e+00	-8.111	206	4.233	0.675
3.666	1.021e-04	-2.741	2215	3.059	2.815
3.666	1.342e-04	-2.818	2198	3.123	2.617
3.666	1.765e-04	-2.896	2181	3.188	2.429
3.666	2.311e-04	-2.975	2164	3.252	2.255
3.666	3.025e-04	-3.050	2151	3.318	2.090
3.666	3.971e-04	-3.133	2133	3.385	1.934
3.666	5.219e-04	-3.220	2109	3.453	1.789
3.666	6.862e-04	-3.319	2070	3.520	1.657
3.666	9.018e-04	-3.421	2026	3.584	1.539
3.666	1.184e-03	-3.522	1980	3.646	1.433
3.666	1.556e-03	-3.630	1926	3.705	1.338
3.666	2.053e-03	-3.743	1865	3.763	1.253
3.666	2.684e-03	-3.856	1801	3.815	1.179
3.666	3.528e-03	-3.989	1717	3.865	1.114
3.666	4.637e-03	-4.138	1617	3.909	1.058
3.666	6.121e-03	-4.279	1525	3.949	1.011
3.666	8.013e-03	-4.421	1434	3.984	0.971
3.666	1.052e-02	-4.569	1342	4.016	0.936
3.666	1.382e-02	-4.727	1245	4.045	0.905
3.666	1.817e-02	-4.878	1159	4.070	0.879
3.666	2.388e-02	-5.054	1061	4.093	0.857
3.666	3.153e-02	-5.210	981	4.113	0.837
3.666	4.153e-02	-5.365	906	4.130	0.820
3.666	5.458e-02	-5.536	828	4.146	0.806
3.666	7.177e-02	-5.683	767	4.159	0.793
3.666	9.491e-02	-5.833	709	4.172	0.782
3.666	1.247e-01	-5.976	657	4.184	0.771
3.666	1.647e-01	-6.129	606	4.195	0.762
3.666	2.155e-01	-6.282	558	4.204	0.753
3.666	2.845e-01	-6.431	514	4.213	0.746
3.666	3.725e-01	-6.567	478	4.222	0.739
3.666	4.917e-01	-6.713	441	4.230	0.732
3.666	6.436e-01	-6.868	405	4.237	0.726
3.666	8.496e-01	-7.012	375	4.243	0.720
3.666	1.112e+00	-7.145	348	4.250	0.715
3.666	1.471e+00	-7.300	320	4.256	0.710
3.666	1.942e+00	-7.416	300	4.261	0.705
3.666	2.558e+00	-7.519	284	4.267	0.701
3.666	3.361e+00	-7.617	269	4.273	0.696
3.666	4.412e+00	-7.714	255	4.279	0.691
3.666	5.798e+00	-7.810	242	4.286	0.686
3.666	7.624e+00	-7.913	229	4.292	0.681
3.666	9.983e+00	-8.014	217	4.299	0.676
4.190	1.030e-04	-2.679	2255	3.087	2.915
4.190	1.354e-04	-2.748	2245	3.147	2.719
4.190	1.780e-04	-2.823	2228	3.210	2.531
4.190	2.340e-04	-2.900	2212	3.273	2.352
4.190	3.064e-04	-2.977	2195	3.337	2.185
4.190	4.011e-04	-3.052	2183	3.403	2.027
4.190	5.264e-04	-3.134	2163	3.469	1.877
4.190	6.919e-04	-3.223	2136	3.536	1.738
4.190	9.097e-04	-3.322	2096	3.602	1.611
4.190	1.196e-03	-3.419	2056	3.666	1.497
4.190	1.581e-03	-3.526	2005	3.729	1.392
4.190	2.079e-03	-3.636	1946	3.788	1.301
4.190	2.732e-03	-3.750	1882	3.844	1.220
4.190	3.592e-03	-3.865	1816	3.896	1.148
4.190	4.721e-03	-4.002	1726	3.945	1.086
4.190	6.244e-03	-4.154	1622	3.989	1.032
4.190	8.209e-03	-4.290	1533	4.027	0.988
4.190	1.075e-02	-4.437	1437	4.062	0.949
4.190	1.407e-02	-4.586	1342	4.092	0.916
4.190	1.858e-02	-4.744	1246	4.120	0.887
4.190	2.432e-02	-4.890	1161	4.144	0.863
4.190	3.210e-02	-5.077	1056	4.166	0.842
4.190	4.229e-02	-5.225	980	4.185	0.823
4.190	5.557e-02	-5.384	904	4.202	0.807
4.190	7.307e-02	-5.556	825	4.217	0.794
4.190	9.663e-02	-5.706	763	4.231	0.781
4.190	1.270e-01	-5.848	708	4.243	0.770
4.190	1.680e-01	-6.001	653	4.255	0.760
4.190	2.208e-01	-6.155	601	4.265	0.751
4.190	2.902e-01	-6.314	551	4.274	0.743
4.190	3.786e-01	-6.450	512	4.283	0.736
4.190	4.921e-01	-6.588	475	4.290	0.729
4.190	6.459e-01	-6.741	437	4.298	0.723
4.190	8.490e-01	-6.888	403	4.305	0.717
4.190	1.121e+00	-7.030	373	4.311	0.712
4.190	1.476e+00	-7.187	342	4.317	0.707
4.190	1.940e+00	-7.313	319	4.323	0.703
4.190	2.566e+00	-7.432	299	4.329	0.698
4.190	3.387e+00	-7.551	280	4.334	0.694
4.190	4.479e+00	-7.648	266	4.340	0.689
4.190	5.924e+00	-7.743	252	4.346	0.684
4.190	7.834e+00	-7.841	239	4.352	0.679
4.190	1.000e+01	-7.932	228	4.358	0.675
4.714	1.003e-04	-2.620	2294	3.108	3.019
4.714	1.324e-04	-2.685	2283	3.165	2.827
4.714	1.743e-04	-2.754	2271	3.225	2.639
4.714	2.291e-04	-2.827	2256	3.286	2.458
4.714	3.013e-04	-2.903	2239	3.349	2.286
4.714	3.945e-04	-2.979	2223	3.413	2.125
4.714	5.165e-04	-3.054	2210	3.478	1.972
4.714	6.779e-04	-3.139	2187	3.544	1.827
4.714	8.909e-04	-3.227	2159	3.610	1.693
4.714	1.162e-03	-3.321	2121	3.673	1.574
4.714	1.534e-03	-3.418	2082	3.738	1.461
4.714	2.008e-03	-3.525	2028	3.798	1.363
4.714	2.651e-03	-3.637	1967	3.858	1.273
4.714	3.470e-03	-3.749	1902	3.912	1.197
4.714	4.580e-03	-3.863	1835	3.964	1.127
4.714	5.985e-03	-3.996	1746	4.011	1.068
4.714	7.870e-03	-4.143	1644	4.052	1.018
4.714	1.034e-02	-4.275	1556	4.090	0.975
4.714	1.349e-02	-4.415	1463	4.122	0.939
4.714	1.781e-02	-4.563	1368	4.153	0.906
4.714	2.331e-02	-4.712	1274	4.179	0.879
4.714	3.077e-02	-4.860	1187	4.204	0.855
4.714	4.021e-02	-5.041	1082	4.225	0.834
4.714	5.287e-02	-5.185	1007	4.244	0.816
4.714	6.992e-02	-5.347	927	4.261	0.800
4.714	9.247e-02	-5.526	844	4.277	0.786
4.714	1.215e-01	-5.681	778	4.290	0.774
4.714	1.604e-01	-5.830	719	4.303	0.762
4.714	2.122e-01	-5.988	661	4.315	0.752
4.714	2.777e-01	-6.145	608	4.325	0.743
4.714	3.666e-01	-6.306	557	4.335	0.735
4.714	4.791e-01	-6.448	515	4.343	0.728
4.714	6.299e-01	-6.599	475	4.351	0.721
4.714	8.279e-01	-6.756	436	4.359	0.715
4.714	1.080e+00	-6.898	403	4.365	0.710
4.714	1.428e+00	-7.044	372	4.372	0.705
4.714	1.885e+00	-7.199	341	4.378	0.700
4.714	2.483e+00	-7.328	318	4.383	0.695
4.714	3.264e+00	-7.470	294	4.388	0.691
4.714	4.316e+00	-7.571	278	4.394	0.687
4.714	5.708e+00	-7.666	264	4.399	0.683
4.714	7.535e+00	-7.758	251	4.405	0.678
4.714	9.864e+00	-7.853	239	4.411	0.673
5.238	1.039e-04	-2.583	2326	3.141	3.063
5.238	1.365e-04	-2.644	2315	3.194	2.881
5.238	1.795e-04	-2.707	2307	3.251	2.699
5.238	2.369e-04	-2.778	2293	3.311	2.518
5.238	3.101e-04	-2.850	2278	3.372	2.348
5.238	4.070e-04	-2.928	2258	3.435	2.185
5.238	5.349e-04	-3.003	2244	3.499	2.029
5.238	7.021e-04	-3.082	2227	3.564	1.882
5.238	9.227e-04	-3.169	2199	3.630	1.745
5.238	1.204e-03	-3.255	2171	3.693	1.621
5.238	1.589e-03	-3.352	2132	3.759	1.504
5.238	2.080e-03	-3.453	2084	3.820	1.401
5.238	2.745e-03	-3.561	2028	3.881	1.307
5.238	3.594e-03	-3.667	1968	3.935	1.227
5.238	4.744e-03	-3.781	1899	3.988	1.156
5.238	6.210e-03	-3.884	1840	4.034	1.095
5.238	8.197e-03	-4.016	1747	4.076	1.043
5.238	1.080e-02	-4.142	1658	4.112	1.001
5.238	1.419e-02	-4.253	1584	4.143	0.966
5.238	1.873e-02	-4.374	1502	4.172	0.934
5.238	2.468e-02	-4.493	1424	4.198	0.907
5.238	3.243e-02	-4.628	1336	4.223	0.881
5.238	4.281e-02	-4.765	1252	4.246	0.858
5.238	5.604e-02	-4.926	1155	4.268	0.836
5.238	7.412e-02	-5.089	1064	4.289	0.817
5.238	9.783e-02	-5.252	980	4.308	0.799
5.238	1.294e-01	-5.448	884	4.326	0.783
5.238	1.704e-01	-5.624	807	4.342	0.769
5.238	2.240e-01	-5.792	738	4.356	0.757
5.238	2.962e-01	-5.967	672	4.369	0.745
5.238	3.895e-01	-6.146	610	4.380	0.735
5.238	5.119e-01	-6.319	556	4.391	0.727
5.238	6.757e-01	-6.484	508	4.400	0.719
5.238	8.901e-01	-6.656	463	4.408	0.712
5.238	1.170e+00	-6.806	426	4.416	0.706
5.238	1.547e+00	-6.968	390	4.423	0.700
5.238	2.046e+00	-7.132	356	4.429	0.695
5.238	2.701e+00	-7.273	329	4.434	0.691
5.238	3.558e+00	-7.429	302	4.440	0.687
5.238	4.676e+00	-7.539	284	4.445	0.683
5.238	6.172e+00	-7.635	270	4.450	0.679
5.238	8.130e+00	-7.722	257	4.455	0.674
6.285	1.017e-04	-2.399	2415	3.102	3.510
6.285	1.342e-04	-2.476	2398	3.166	3.260
6.285	1.757e-04	-2.552	2381	3.230	3.029
6.285	2.319e-04	-2.633	2361	3.296	2.806
6.285	3.036e-04	-2.704	2353	3.362	2.602
6.285	3.985e-04	-2.783	2338	3.429	2.407
6.285	5.237e-04	-2.865	2320	3.497	2.226
6.285	6.831e-04	-2.949	2296	3.563	2.064
6.285	9.017e-04	-3.031	2278	3.632	1.907
6.285	1.180e-03	-3.115	2255	3.699	1.766
6.285	1.549e-03	-3.203	2227	3.765	1.636
6.285	2.029e-03	-3.294	2193	3.828	1.521
6.285	2.656e-03	-3.384	2154	3.888	1.420
6.285	3.506e-03	-3.476	2108	3.942	1.335
6.285	4.589e-03	-3.553	2067	3.985	1.270
6.285	6.058e-03	-3.619	2029	4.019	1.221
6.285	7.917e-03	-3.673	1997	4.045	1.185
6.285	1.033e-02	-3.726	1964	4.070	1.152
6.285	1.342e-02	-3.788	1927	4.098	1.114
6.285	1.748e-02	-3.884	1867	4.139	1.063
6.285	2.307e-02	-4.062	1740	4.194	0.998
6.285	3.039e-02	-4.273	1593	4.252	0.933
6.285	3.995e-02	-4.503	1436	4.302	0.881
6.285	5.210e-02	-4.715	1299	4.339	0.844
6.285	6.878e-02	-4.940	1161	4.370	0.815
6.285	9.060e-02	-5.128	1056	4.394	0.793
6.285	1.191e-01	-5.317	958	4.413	0.775
6.285	1.572e-01	-5.501	870	4.430	0.761
6.285	2.070e-01	-5.677	792	4.444	0.749
6.285	2.721e-01	-5.836	728	4.456	0.738
6.285	3.578e-01	-5.987	672	4.467	0.729
6.285	4.685e-01	-6.147	616	4.477	0.721
6.285	6.133e-01	-6.300	567	4.486	0.713
6.285	8.050e-01	-6.450	523	4.494	0.706
6.285	1.058e+00	-6.609	479	4.502	0.700
6.285	1.399e+00	-6.757	442	4.509	0.695
6.285	1.847e+00	-6.912	406	4.515	0.690
6.285	2.442e+00	-7.071	371	4.521	0.685
6.285	3.217e+00	-7.216	343	4.527	0.681
6.285	4.229e+00	-7.386	312	4.532	0.677
6.285	5.592e+00	-7.495	294	4.536	0.673
6.285	7.396e+00	-7.600	277	4.541	0.669
6.285	9.781e+00	-7.692	264	4.546	0.665
7.333	1.040e-04	-2.320	2482	3.137	3.641
7.333	1.357e-04	-2.396	2457	3.195	3.405
7.333	1.781e-04	-2.471	2437	3.256	3.173
7.333	2.341e-04	-2.548	2418	3.319	2.951
7.333	3.078e-04	-2.625	2399	3.384	2.741
7.333	4.045e-04	-2.696	2392	3.449	2.542
7.333	5.318e-04	-2.775	2377	3.516	2.352
7.333	6.989e-04	-2.857	2356	3.583	2.178
7.333	9.190e-04	-2.942	2332	3.650	2.016
7.333	1.208e-03	-3.021	2314	3.716	1.868
7.333	1.594e-03	-3.103	2293	3.782	1.733
7.333	2.100e-03	-3.182	2267	3.841	1.618
7.333	2.750e-03	-3.248	2244	3.890	1.530
7.333	3.600e-03	-3.300	2222	3.925	1.470
7.333	4.688e-03	-3.338	2206	3.950	1.428
7.333	6.094e-03	-3.374	2190	3.973	1.390
7.333	7.998e-03	-3.430	2161	4.007	1.337
7.333	1.047e-02	-3.530	2110	4.065	1.251
7.333	1.371e-02	-3.709	2002	4.153	1.130
7.333	1.810e-02	-3.907	1874	4.236	1.027
7.333	2.369e-02	-4.108	1728	4.296	0.958
7.333	3.110e-02	-4.290	1600	4.345	0.907
7.333	4.087e-02	-4.477	1470	4.384	0.866
7.333	5.374e-02	-4.658	1350	4.416	0.835
7.333	7.037e-02	-4.837	1237	4.444	0.809
7.333	9.196e-02	-5.013	1132	4.466	0.789
7.333	1.214e-01	-5.188	1035	4.486	0.771
7.333	1.589e-01	-5.353	950	4.502	0.756
7.333	2.102e-01	-5.544	859	4.517	0.743
7.333	2.763e-01	-5.701	790	4.530	0.732
7.333	3.631e-01	-5.851	730	4.541	0.723
7.333	4.794e-01	-6.006	671	4.552	0.714
7.333	6.314e-01	-6.165	616	4.562	0.706
7.333	8.299e-01	-6.318	567	4.570	0.699
7.333	1.082e+00	-6.475	520	4.578	0.693
7.333	1.421e+00	-6.617	481	4.585	0.687
7.333	1.867e+00	-6.776	441	4.592	0.682
7.333	2.465e+00	-6.929	405	4.598	0.677
7.333	3.247e+00	-7.079	373	4.603	0.673
7.333	4.267e+00	-7.228	343	4.608	0.669
7.333	5.643e+00	-7.382	315	4.613	0.665
7.333	7.449e+00	-7.500	295	4.618	0.662
7.333	9.813e+00	-7.613	277	4.622	0.658
8.381	1.035e-04	-2.246	2547	3.165	3.767
8.381	1.366e-04	-2.323	2518	3.223	3.524
8.381	1.785e-04	-2.400	2489	3.281	3.299
8.381	2.347e-04	-2.477	2465	3.341	3.079
8.381	3.074e-04	-2.550	2448	3.401	2.871
8.381	4.024e-04	-2.625	2431	3.464	2.672
8.381	5.311e-04	-2.699	2419	3.529	2.478
8.381	6.996e-04	-2.778	2401	3.595	2.296
8.381	9.195e-04	-2.855	2385	3.661	2.130
8.381	1.209e-03	-2.934	2364	3.725	1.979
8.381	1.589e-03	-3.006	2346	3.783	1.850
8.381	2.097e-03	-3.062	2335	3.831	1.750
8.381	2.746e-03	-3.104	2322	3.864	1.686
8.381	3.624e-03	-3.136	2312	3.887	1.640
8.381	4.744e-03	-3.169	2301	3.913	1.593
8.381	6.263e-03	-3.228	2282	3.956	1.515
8.381	8.249e-03	-3.358	2225	4.043	1.372
8.381	1.084e-02	-3.534	2134	4.147	1.217
8.381	1.431e-02	-3.704	2031	4.230	1.105
8.381	1.874e-02	-3.859	1931	4.298	1.023
8.381	2.459e-02	-4.037	1800	4.354	0.959
8.381	3.232e-02	-4.202	1682	4.400	0.909
8.381	4.249e-02	-4.373	1559	4.440	0.868
8.381	5.585e-02	-4.550	1435	4.473	0.836
8.381	7.372e-02	-4.713	1329	4.502	0.808
8.381	9.633e-02	-4.897	1211	4.526	0.786
8.381	1.257e-01	-5.062	1115	4.547	0.768
8.381	1.659e-01	-5.238	1018	4.565	0.752
8.381	2.185e-01	-5.410	931	4.581	0.738
8.381	2.872e-01	-5.578	851	4.595	0.727
8.381	3.790e-01	-5.740	781	4.607	0.717
8.381	4.993e-01	-5.893	720	4.618	0.708
8.381	6.562e-01	-6.046	663	4.628	0.699
8.381	8.662e-01	-6.204	609	4.637	0.692
8.381	1.134e+00	-6.359	559	4.645	0.686
8.381	1.500e+00	-6.518	513	4.653	0.680
8.381	1.972e+00	-6.671	471	4.659	0.674
8.381	2.591e+00	-6.827	432	4.666	0.670
8.381	3.427e+00	-6.979	397	4.671	0.665
8.381	4.506e+00	-7.131	365	4.677	0.661
8.381	5.922e+00	-7.292	334	4.682	0.658
8.381	7.786e+00	-7.410	313	4.686	0.654
8.381	1.000e+01	-7.544	290	4.690	0.651
9.428	1.029e-04	-2.181	2608	3.193	3.870
9.428	1.353e-04	-2.257	2576	3.247	3.636
9.428	1.779e-04	-2.334	2545	3.303	3.409
9.428	2.320e-04	-2.410	2515	3.359	3.197
9.428	3.062e-04	-2.487	2490	3.419	2.984
9.428	4.009e-04	-2.559	2472	3.479	2.786
9.428	5.262e-04	-2.636	2451	3.540	2.595
9.428	6.915e-04	-2.710	2435	3.603	2.414
9.428	9.128e-04	-2.784	2420	3.666	2.245
9.428	1.202e-03	-2.850	2410	3.725	2.097
9.428	1.580e-03	-2.907	2399	3.774	1.982
9.428	2.061e-03	-2.953	2381	3.807	1.910
9.428	2.721e-03	-2.981	2374	3.830	1.860
9.428	3.556e-03	-3.007	2369	3.852	1.812
9.428	4.675e-03	-3.049	2364	3.891	1.733
9.428	6.144e-03	-3.155	2333	3.973	1.576
9.428	8.126e-03	-3.321	2267	4.090	1.379
9.428	1.068e-02	-3.471	2193	4.183	1.239
9.428	1.404e-02	-3.621	2105	4.261	1.132
9.428	1.846e-02	-3.763	2016	4.328	1.048
9.428	2.418e-02	-3.917	1907	4.386	0.980
9.428	3.165e-02	-4.077	1789	4.434	0.927
9.428	4.178e-02	-4.237	1673	4.478	0.882
9.428	5.459e-02	-4.401	1554	4.514	0.846
9.428	7.206e-02	-4.575	1432	4.546	0.815
9.428	9.434e-02	-4.735	1327	4.573	0.790
9.428	1.248e-01	-4.921	1208	4.597	0.769
9.428	1.640e-01	-5.089	1109	4.617	0.751
9.428	2.156e-01	-5.261	1015	4.634	0.737
9.428	2.846e-01	-5.438	925	4.649	0.724
9.428	3.749e-01	-5.601	848	4.663	0.713
9.428	4.927e-01	-5.761	779	4.674	0.703
9.428	6.516e-01	-5.918	716	4.685	0.695
9.428	8.567e-01	-6.071	660	4.695	0.687
9.428	1.126e+00	-6.229	605	4.703	0.680
9.428	1.486e+00	-6.393	553	4.711	0.674
9.428	1.958e+00	-6.545	509	4.719	0.668
9.428	2.573e+00	-6.707	465	4.725	0.663
9.428	3.396e+00	-6.857	428	4.731	0.659
9.428	4.474e+00	-7.013	393	4.737	0.655
9.428	5.880e+00	-7.170	360	4.742	0.651
9.428	7.670e+00	-7.304	334	4.746	0.647
9.428	1.000e+01	-7.455	307	4.750	0.644
10.476	1.013e-04	-2.124	2664	3.219	3.959
10.476	1.327e-04	-2.195	2633	3.269	3.736
10.476	1.737e-04	-2.270	2599	3.322	3.517
10.476	2.293e-04	-2.347	2567	3.378	3.298
10.476	2.997e-04	-2.423	2537	3.433	3.094
10.476	3.940e-04	-2.499	2511	3.491	2.894
10.476	5.179e-04	-2.575	2488	3.551	2.703
10.476	6.836e-04	-2.651	2465	3.611	2.522
10.476	9.005e-04	-2.719	2450	3.668	2.360
10.476	1.183e-03	-2.776	2440	3.718	2.228
10.476	1.556e-03	-2.818	2433	3.755	2.136
10.476	2.045e-03	-2.846	2427	3.779	2.078
10.476	2.667e-03	-2.870	2423	3.800	2.029
10.476	3.521e-03	-2.906	2416	3.831	1.958
10.476	4.609e-03	-2.983	2393	3.892	1.825
10.476	6.084e-03	-3.122	2367	4.011	1.590
10.476	7.965e-03	-3.263	2316	4.114	1.412
10.476	1.051e-02	-3.402	2252	4.204	1.273
10.476	1.374e-02	-3.534	2179	4.280	1.167
10.476	1.806e-02	-3.671	2094	4.348	1.079
10.476	2.366e-02	-3.802	2010	4.408	1.007
10.476	3.116e-02	-3.960	1893	4.462	0.947
10.476	4.096e-02	-4.114	1779	4.507	0.898
10.476	5.385e-02	-4.274	1661	4.548	0.857
10.476	7.077e-02	-4.444	1536	4.583	0.824
10.476	9.305e-02	-4.604	1425	4.613	0.796
10.476	1.223e-01	-4.778	1309	4.639	0.772
10.476	1.608e-01	-4.951	1200	4.661	0.753
10.476	2.106e-01	-5.121	1101	4.680	0.736
10.476	2.756e-01	-5.288	1009	4.697	0.723
10.476	3.618e-01	-5.457	923	4.711	0.711
10.476	4.755e-01	-5.624	845	4.724	0.700
10.476	6.202e-01	-5.778	778	4.735	0.691
10.476	8.186e-01	-5.931	717	4.745	0.683
10.476	1.072e+00	-6.085	659	4.755	0.676
10.476	1.415e+00	-6.248	604	4.763	0.669
10.476	1.852e+00	-6.406	553	4.771	0.663
10.476	2.431e+00	-6.560	508	4.778	0.658
10.476	3.183e+00	-6.719	466	4.784	0.654
10.476	4.167e+00	-6.864	430	4.789	0.649
10.476	5.510e+00	-7.025	393	4.795	0.645
10.476	7.188e+00	-7.181	360	4.799	0.642
10.476	9.488e+00	-7.314	334	4.804	0.638
11.523	1.016e-04	-1.937	2772	3.142	4.538
11.523	1.336e-04	-2.033	2733	3.214	4.177
11.523	1.742e-04	-2.129	2690	3.282	3.862
11.523	2.300e-04	-2.227	2645	3.351	3.568
11.523	3.010e-04	-2.319	2604	3.416	3.311
11.523	3.951e-04	-2.408	2568	3.480	3.074
11.523	5.193e-04	-2.497	2531	3.544	2.858
11.523	6.828e-04	-2.575	2505	3.604	2.664
11.523	8.973e-04	-2.646	2483	3.660	2.500
11.523	1.180e-03	-2.698	2470	3.703	2.378
11.523	1.551e-03	-2.732	2463	3.732	2.302
11.523	2.023e-03	-2.755	2458	3.751	2.250
11.523	2.655e-03	-2.782	2453	3.775	2.191
11.523	3.489e-03	-2.831	2443	3.817	2.086
11.523	4.587e-03	-2.948	2417	3.915	1.863
11.523	6.007e-03	-3.074	2402	4.030	1.633
11.523	7.913e-03	-3.202	2363	4.131	1.454
11.523	1.040e-02	-3.332	2307	4.218	1.315
11.523	1.356e-02	-3.455	2244	4.294	1.205
11.523	1.791e-02	-3.588	2165	4.364	1.111
11.523	2.344e-02	-3.715	2086	4.426	1.035
11.523	3.094e-02	-3.854	1990	4.483	0.969
11.523	4.050e-02	-4.007	1874	4.532	0.916
11.523	5.347e-02	-4.159	1761	4.576	0.870
11.523	6.987e-02	-4.317	1643	4.614	0.833
11.523	9.186e-02	-4.488	1518	4.647	0.802
11.523	1.207e-01	-4.643	1411	4.676	0.776
11.523	1.587e-01	-4.828	1287	4.701	0.754
11.523	2.086e-01	-4.996	1183	4.722	0.736
11.523	2.754e-01	-5.174	1079	4.740	0.721
11.523	3.605e-01	-5.340	989	4.756	0.708
11.523	4.759e-01	-5.507	906	4.770	0.697
11.523	6.219e-01	-5.673	829	4.782	0.687
11.523	8.112e-01	-5.827	763	4.792	0.679
11.523	1.071e+00	-5.980	703	4.802	0.671
11.523	1.402e+00	-6.137	646	4.811	0.664
11.523	1.850e+00	-6.302	590	4.819	0.658
11.523	2.422e+00	-6.456	542	4.826	0.653
11.523	3.197e+00	-6.623	494	4.833	0.648
11.523	4.185e+00	-6.771	456	4.839	0.643
11.523	5.525e+00	-6.930	417	4.844	0.639
11.523	7.232e+00	-7.086	382	4.849	0.636
11.523	9.565e+00	-7.236	352	4.854	0.632
12.047	1.035e-04	-1.911	2797	3.150	4.595
12.047	1.366e-04	-2.008	2758	3.224	4.221
12.047	1.785e-04	-2.105	2715	3.293	3.900
12.047	2.328e-04	-2.199	2671	3.359	3.614
12.047	3.027e-04	-2.290	2629	3.422	3.359
12.047	3.973e-04	-2.380	2591	3.487	3.119
12.047	5.222e-04	-2.470	2550	3.549	2.902
12.047	6.865e-04	-2.548	2522	3.609	2.712
12.047	9.023e-04	-2.614	2501	3.660	2.556
12.047	1.186e-03	-2.662	2486	3.698	2.447
12.047	1.559e-03	-2.691	2479	3.722	2.381
12.047	2.034e-03	-2.713	2474	3.740	2.329
12.047	2.684e-03	-2.746	2466	3.768	2.257
12.047	3.514e-03	-2.808	2454	3.821	2.124
12.047	4.639e-03	-2.944	2425	3.936	1.859
12.047	6.062e-03	-3.062	2411	4.044	1.643
12.047	7.970e-03	-3.182	2379	4.141	1.470
12.047	1.048e-02	-3.305	2329	4.227	1.330
12.047	1.377e-02	-3.430	2267	4.305	1.216
12.047	1.810e-02	-3.557	2194	4.375	1.122
12.047	2.361e-02	-3.680	2117	4.436	1.046
12.047	3.117e-02	-3.810	2031	4.495	0.978
12.047	4.105e-02	-3.966	1913	4.546	0.921
12.047	5.396e-02	-4.116	1801	4.591	0.875
12.047	7.094e-02	-4.274	1682	4.631	0.836
12.047	9.324e-02	-4.445	1555	4.665	0.804
12.047	1.226e-01	-4.601	1446	4.694	0.777
12.047	1.611e-01	-4.779	1324	4.720	0.754
12.047	2.127e-01	-4.952	1214	4.742	0.735
12.047	2.784e-01	-5.127	1110	4.761	0.719
12.047	3.675e-01	-5.297	1016	4.777	0.706
12.047	4.802e-01	-5.460	932	4.791	0.695
12.047	6.264e-01	-5.625	853	4.804	0.685
12.047	8.268e-01	-5.788	782	4.815	0.676
12.047	1.082e+00	-5.937	722	4.825	0.669
12.047	1.409e+00	-6.091	664	4.834	0.662
12.047	1.860e+00	-6.256	607	4.842	0.655
12.047	2.431e+00	-6.410	558	4.849	0.650
12.047	3.197e+00	-6.575	509	4.856	0.645
12.047	4.201e+00	-6.728	468	4.862	0.640
12.047	5.524e+00	-6.883	429	4.868	0.636
12.047	7.260e+00	-7.040	393	4.873	0.633
12.047	9.583e+00	-7.196	361	4.877	0.629
12.571	1.040e-04	-1.881	2822	3.155	4.668
12.571	1.366e-04	-1.977	2785	3.228	4.293
12.571	1.788e-04	-2.074	2742	3.298	3.962
12.571	2.341e-04	-2.170	2697	3.365	3.666
12.571	3.073e-04	-2.264	2653	3.431	3.398
12.571	4.038e-04	-2.356	2612	3.496	3.154
12.571	5.309e-04	-2.446	2571	3.557	2.938
12.571	6.978e-04	-2.524	2538	3.614	2.753
12.571	9.175e-04	-2.584	2519	3.661	2.609
12.571	1.206e-03	-2.625	2505	3.692	2.515
12.571	1.573e-03	-2.651	2497	3.712	2.458
12.571	2.076e-03	-2.676	2490	3.733	2.401
12.571	2.718e-03	-2.714	2481	3.764	2.315
12.571	3.588e-03	-2.800	2461	3.837	2.129
12.571	4.696e-03	-2.938	2433	3.955	1.859
12.571	6.164e-03	-3.054	2417	4.059	1.649
12.571	8.101e-03	-3.167	2391	4.153	1.480
12.571	1.065e-02	-3.284	2348	4.238	1.341
12.571	1.400e-02	-3.405	2289	4.316	1.227
12.571	1.848e-02	-3.531	2218	4.387	1.131
12.571	2.415e-02	-3.654	2142	4.449	1.052
12.571	3.175e-02	-3.779	2061	4.507	0.984
12.571	4.158e-02	-3.927	1951	4.559	0.927
12.571	5.443e-02	-4.074	1839	4.605	0.880
12.571	7.184e-02	-4.231	1721	4.646	0.839
12.571	9.405e-02	-4.396	1597	4.681	0.806
12.571	1.244e-01	-4.560	1479	4.712	0.777
12.571	1.622e-01	-4.727	1364	4.738	0.754
12.571	2.142e-01	-4.905	1248	4.761	0.735
12.571	2.803e-01	-5.077	1143	4.781	0.719
12.571	3.701e-01	-5.249	1045	4.798	0.705
12.571	4.875e-01	-5.419	956	4.812	0.693
12.571	6.407e-01	-5.589	873	4.825	0.682
12.571	8.357e-01	-5.745	803	4.836	0.674
12.571	1.097e+00	-5.898	740	4.847	0.666
12.571	1.436e+00	-6.055	679	4.856	0.659
12.571	1.880e+00	-6.213	624	4.864	0.653
12.571	2.482e+00	-6.375	570	4.872	0.647
12.571	3.269e+00	-6.542	520	4.879	0.642
12.571	4.297e+00	-6.697	478	4.885	0.637
12.571	5.649e+00	-6.851	438	4.890	0.633
12.571	7.425e+00	-7.008	402	4.895	0.630
12.571	9.801e+00	-7.168	367	4.900	0.626
13.095	1.008e-04	-1.841	2849	3.150	4.795
13.095	1.325e-04	-1.936	2815	3.223	4.405
13.095	1.742e-04	-2.034	2773	3.295	4.056
13.095	2.281e-04	-2.130	2728	3.363	3.750
13.095	2.981e-04	-2.224	2684	3.429	3.478
13.095	3.919e-04	-2.317	2640	3.493	3.228
13.095	5.151e-04	-2.407	2597	3.555	3.008
13.095	6.772e-04	-2.487	2561	3.610	2.822
13.095	8.868e-04	-2.545	2539	3.653	2.686
13.095	1.161e-03	-2.581	2527	3.682	2.599
13.095	1.524e-03	-2.606	2519	3.701	2.542
13.095	2.003e-03	-2.633	2510	3.721	2.482
13.095	2.633e-03	-2.678	2496	3.756	2.384
13.095	3.461e-03	-2.775	2472	3.837	2.174
13.095	4.514e-03	-2.909	2445	3.951	1.905
13.095	5.868e-03	-3.021	2426	4.050	1.701
13.095	7.702e-03	-3.127	2407	4.142	1.529
13.095	1.012e-02	-3.232	2381	4.229	1.384
13.095	1.336e-02	-3.354	2325	4.309	1.263
13.095	1.749e-02	-3.472	2262	4.379	1.164
13.095	2.296e-02	-3.595	2188	4.445	1.079
13.095	3.017e-02	-3.718	2110	4.505	1.007
13.095	3.967e-02	-3.854	2014	4.560	0.945
13.095	5.214e-02	-4.007	1897	4.609	0.894
13.095	6.882e-02	-4.158	1783	4.652	0.850
13.095	8.994e-02	-4.315	1665	4.689	0.815
13.095	1.182e-01	-4.484	1539	4.722	0.785
13.095	1.554e-01	-4.639	1431	4.750	0.759
13.095	2.051e-01	-4.828	1301	4.775	0.738
13.095	2.685e-01	-4.996	1196	4.796	0.721
13.095	3.545e-01	-5.175	1090	4.814	0.706
13.095	4.640e-01	-5.339	1000	4.829	0.693
13.095	6.125e-01	-5.510	914	4.843	0.682
13.095	8.005e-01	-5.671	839	4.855	0.673
13.095	1.052e+00	-5.830	770	4.865	0.665
13.095	1.383e+00	-5.989	707	4.875	0.658
13.095	1.804e+00	-6.140	651	4.884	0.651
13.095	2.386e+00	-6.306	594	4.892	0.645
13.095	3.137e+00	-6.472	542	4.899	0.640
13.095	4.123e+00	-6.631	497	4.905	0.635
13.095	5.412e+00	-6.783	457	4.911	0.631
13.095	7.112e+00	-6.941	418	4.916	0.627
13.095	9.277e+00	-7.102	382	4.921	0.624
13.618	1.028e-04	-1.821	2868	3.158	4.845
13.618	1.357e-04	-1.915	2836	3.233	4.443
13.618	1.787e-04	-2.014	2794	3.305	4.088
13.618	2.341e-04	-2.110	2749	3.374	3.778
13.618	3.064e-04	-2.205	2704	3.440	3.502
13.618	4.021e-04	-2.298	2659	3.504	3.253
13.618	5.285e-04	-2.386	2616	3.564	3.036
13.618	6.949e-04	-2.462	2581	3.615	2.861
13.618	9.133e-04	-2.515	2558	3.653	2.740
13.618	1.201e-03	-2.546	2547	3.676	2.666
13.618	1.572e-03	-2.569	2539	3.694	2.612
13.618	2.059e-03	-2.600	2529	3.718	2.542
13.618	2.717e-03	-2.660	2508	3.764	2.410
13.618	3.557e-03	-2.785	2476	3.866	2.143
13.618	4.695e-03	-2.916	2449	3.978	1.883
13.618	6.147e-03	-3.024	2431	4.074	1.688
13.618	8.068e-03	-3.125	2414	4.163	1.523
13.618	1.060e-02	-3.224	2394	4.247	1.382
13.618	1.400e-02	-3.344	2338	4.326	1.262
13.618	1.832e-02	-3.461	2276	4.397	1.164
13.618	2.405e-02	-3.582	2204	4.462	1.079
13.618	3.149e-02	-3.703	2128	4.521	1.008
13.618	4.148e-02	-3.835	2036	4.577	0.945
13.618	5.452e-02	-3.988	1919	4.626	0.893
13.618	7.168e-02	-4.136	1807	4.670	0.849
13.618	9.421e-02	-4.294	1686	4.708	0.813
13.618	1.229e-01	-4.460	1562	4.741	0.783
13.618	1.600e-01	-4.610	1455	4.769	0.758
13.618	2.080e-01	-4.787	1333	4.793	0.737
13.618	2.746e-01	-4.960	1221	4.815	0.719
13.618	3.588e-01	-5.135	1116	4.833	0.704
13.618	4.718e-01	-5.300	1025	4.849	0.692
13.618	6.200e-01	-5.469	937	4.863	0.681
13.618	8.138e-01	-5.634	858	4.875	0.671
13.618	1.070e+00	-5.795	787	4.886	0.663
13.618	1.406e+00	-5.954	722	4.896	0.655
13.618	1.848e+00	-6.109	664	4.904	0.648
13.618	2.440e+00	-6.275	606	4.913	0.642
13.618	3.194e+00	-6.439	554	4.920	0.637
13.618	4.216e+00	-6.602	506	4.926	0.632
13.618	5.509e+00	-6.752	466	4.932	0.628
13.618	7.243e+00	-6.910	427	4.937	0.624
13.618	9.520e+00	-7.076	389	4.942	0.621
14.142	1.031e-04	-1.796	2888	3.161	4.918
14.142	1.345e-04	-1.885	2861	3.233	4.524
14.142	1.776e-04	-1.984	2819	3.307	4.157
14.142	2.325e-04	-2.080	2775	3.376	3.841
14.142	3.051e-04	-2.175	2729	3.443	3.556
14.142	4.010e-04	-2.269	2684	3.507	3.302
14.142	5.272e-04	-2.357	2639	3.566	3.086
14.142	6.929e-04	-2.429	2605	3.615	2.918
14.142	9.038e-04	-2.476	2582	3.647	2.810
14.142	1.193e-03	-2.507	2569	3.669	2.742
14.142	1.559e-03	-2.531	2559	3.686	2.686
14.142	2.058e-03	-2.566	2547	3.714	2.603
14.142	2.694e-03	-2.638	2523	3.768	2.445
14.142	3.556e-03	-2.780	2482	3.882	2.145
14.142	4.647e-03	-2.900	2458	3.985	1.905
14.142	6.110e-03	-3.008	2438	4.079	1.710
14.142	8.031e-03	-3.105	2425	4.166	1.546
14.142	1.056e-02	-3.196	2414	4.250	1.404
14.142	1.388e-02	-3.313	2361	4.328	1.283
14.142	1.832e-02	-3.431	2301	4.402	1.179
14.142	2.398e-02	-3.549	2232	4.467	1.093
14.142	3.147e-02	-3.669	2157	4.528	1.019
14.142	4.137e-02	-3.793	2075	4.585	0.955
14.142	5.395e-02	-3.939	1963	4.634	0.902
14.142	7.122e-02	-4.090	1848	4.680	0.856
14.142	9.323e-02	-4.243	1731	4.719	0.818
14.142	1.231e-01	-4.416	1599	4.754	0.785
14.142	1.621e-01	-4.574	1486	4.784	0.759
14.142	2.131e-01	-4.753	1360	4.811	0.736
14.142	2.812e-01	-4.927	1246	4.833	0.718
14.142	3.682e-01	-5.105	1137	4.851	0.702
14.142	4.860e-01	-5.270	1044	4.868	0.689
14.142	6.427e-01	-5.444	953	4.883	0.678
14.142	8.414e-01	-5.609	873	4.895	0.668
14.142	1.111e+00	-5.773	799	4.906	0.660
14.142	1.454e+00	-5.931	734	4.916	0.652
14.142	1.908e+00	-6.084	675	4.925	0.646
14.142	2.499e+00	-6.246	618	4.933	0.640
14.142	3.271e+00	-6.410	565	4.940	0.634
14.142	4.326e+00	-6.576	515	4.947	0.630
14.142	5.643e+00	-6.726	474	4.952	0.625
14.142	7.449e+00	-6.887	434	4.958	0.621
14.142	9.751e+00	-7.050	396	4.963	0.618
14.666	1.003e-04	-1.761	2910	3.156	5.040
14.666	1.318e-04	-1.852	2884	3.231	4.623
14.666	1.732e-04	-1.948	2846	3.304	4.250
14.666	2.260e-04	-2.042	2804	3.372	3.928
14.666	2.983e-04	-2.140	2758	3.441	3.628
14.666	3.898e-04	-2.232	2712	3.504	3.374
14.666	5.125e-04	-2.320	2666	3.562	3.155
14.666	6.711e-04	-2.389	2632	3.609	2.991
14.666	8.770e-04	-2.434	2610	3.640	2.887
14.666	1.144e-03	-2.462	2597	3.659	2.823
14.666	1.487e-03	-2.488	2585	3.676	2.767
14.666	1.952e-03	-2.526	2569	3.704	2.681
14.666	2.565e-03	-2.603	2542	3.762	2.508
14.666	3.386e-03	-2.749	2496	3.876	2.199
14.666	4.433e-03	-2.868	2469	3.978	1.956
14.666	5.851e-03	-2.978	2447	4.071	1.756
14.666	7.647e-03	-3.071	2435	4.156	1.593
14.666	1.005e-02	-3.162	2423	4.239	1.448
14.666	1.321e-02	-3.264	2392	4.318	1.321
14.666	1.747e-02	-3.382	2335	4.394	1.211
14.666	2.298e-02	-3.498	2271	4.462	1.120
14.666	3.009e-02	-3.616	2199	4.524	1.043
14.666	3.939e-02	-3.736	2122	4.582	0.976
14.666	5.199e-02	-3.878	2018	4.636	0.917
14.666	6.849e-02	-4.029	1901	4.684	0.868
14.666	9.001e-02	-4.178	1787	4.726	0.827
14.666	1.183e-01	-4.341	1662	4.762	0.793
14.666	1.565e-01	-4.512	1535	4.795	0.764
14.666	2.057e-01	-4.679	1416	4.822	0.740
14.666	2.683e-01	-4.852	1299	4.845	0.721
14.666	3.521e-01	-5.027	1188	4.865	0.704
14.666	4.628e-01	-5.196	1089	4.882	0.691
14.666	6.085e-01	-5.365	996	4.897	0.679
14.666	7.997e-01	-5.534	911	4.910	0.668
14.666	1.051e+00	-5.698	834	4.922	0.659
14.666	1.382e+00	-5.858	766	4.933	0.652
14.666	1.824e+00	-6.019	702	4.942	0.644
14.666	2.388e+00	-6.177	644	4.950	0.638
14.666	3.152e+00	-6.341	588	4.958	0.633
14.666	4.152e+00	-6.513	535	4.965	0.628
14.666	5.457e+00	-6.668	491	4.971	0.623
14.666	7.118e+00	-6.822	451	4.976	0.620
14.666	9.396e+00	-6.985	411	4.981	0.616
15.190	1.023e-04	-1.744	2926	3.163	5.083
15.190	1.339e-04	-1.833	2901	3.237	4.669
15.190	1.768e-04	-1.929	2865	3.312	4.285
15.190	2.314e-04	-2.024	2823	3.381	3.955
15.190	3.013e-04	-2.117	2780	3.447	3.668
15.190	3.917e-04	-2.207	2735	3.508	3.417
15.190	5.171e-04	-2.294	2688	3.566	3.198
15.190	6.769e-04	-2.358	2655	3.608	3.045
15.190	8.935e-04	-2.399	2635	3.636	2.950
15.190	1.168e-03	-2.425	2623	3.654	2.891
15.190	1.518e-03	-2.452	2610	3.673	2.828
15.190	1.980e-03	-2.500	2587	3.705	2.724
15.190	2.613e-03	-2.604	2547	3.783	2.492
15.190	3.421e-03	-2.748	2501	3.895	2.190
15.190	4.516e-03	-2.866	2475	3.994	1.953
15.190	5.912e-03	-2.968	2454	4.082	1.766
15.190	7.804e-03	-3.063	2441	4.167	1.601
15.190	1.022e-02	-3.150	2430	4.247	1.460
15.190	1.348e-02	-3.246	2409	4.327	1.331
15.190	1.783e-02	-3.362	2353	4.403	1.220
15.190	2.335e-02	-3.475	2292	4.470	1.129
15.190	3.064e-02	-3.593	2221	4.534	1.049
15.190	4.027e-02	-3.713	2145	4.593	0.981
15.190	5.295e-02	-3.847	2049	4.647	0.921
15.190	6.959e-02	-3.998	1931	4.696	0.871
15.190	9.186e-02	-4.148	1816	4.739	0.829
15.190	1.203e-01	-4.306	1694	4.776	0.794
15.190	1.587e-01	-4.478	1564	4.809	0.764
15.190	2.078e-01	-4.635	1452	4.837	0.740
15.190	2.748e-01	-4.822	1322	4.862	0.719
15.190	3.613e-01	-4.996	1211	4.882	0.703
15.190	4.749e-01	-5.169	1107	4.900	0.689
15.190	6.268e-01	-5.339	1013	4.916	0.676
15.190	8.206e-01	-5.506	927	4.929	0.666
15.190	1.083e+00	-5.673	848	4.941	0.657
15.190	1.418e+00	-5.832	778	4.951	0.649
15.190	1.872e+00	-5.994	713	4.961	0.642
15.190	2.466e+00	-6.155	653	4.970	0.635
15.190	3.240e+00	-6.317	598	4.977	0.630
15.190	4.277e+00	-6.492	543	4.984	0.625
15.190	5.599e+00	-6.646	498	4.990	0.621
15.190	7.349e+00	-6.803	457	4.996	0.617
15.190	9.624e+00	-6.961	418	5.001	0.613
15.713	1.022e-04	-1.721	2943	3.165	5.159
15.713	1.338e-04	-1.809	2919	3.239	4.737
15.713	1.756e-04	-1.902	2887	3.312	4.355
15.713	2.300e-04	-1.997	2846	3.383	4.017
15.713	3.010e-04	-2.091	2803	3.450	3.718
15.713	3.951e-04	-2.183	2756	3.513	3.457
15.713	5.193e-04	-2.266	2712	3.568	3.247
15.713	6.827e-04	-2.326	2680	3.607	3.103
15.713	8.973e-04	-2.361	2662	3.631	3.019
15.713	1.170e-03	-2.387	2649	3.648	2.960
15.713	1.545e-03	-2.420	2633	3.671	2.883
15.713	2.022e-03	-2.481	2604	3.712	2.748
15.713	2.670e-03	-2.615	2550	3.810	2.457
15.713	3.531e-03	-2.755	2505	3.919	2.167
15.713	4.622e-03	-2.863	2480	4.010	1.950
15.713	6.101e-03	-2.965	2460	4.098	1.763
15.713	7.987e-03	-3.056	2446	4.178	1.607
15.713	1.054e-02	-3.143	2437	4.259	1.464
15.713	1.378e-02	-3.228	2425	4.336	1.340
15.713	1.797e-02	-3.339	2373	4.408	1.233
15.713	2.372e-02	-3.454	2311	4.478	1.138
15.713	3.105e-02	-3.570	2243	4.542	1.058
15.713	4.076e-02	-3.688	2168	4.601	0.988
15.713	5.356e-02	-3.814	2081	4.657	0.927
15.713	6.987e-02	-3.961	1966	4.705	0.877
15.713	9.222e-02	-4.111	1851	4.749	0.833
15.713	1.207e-01	-4.267	1730	4.788	0.797
15.713	1.594e-01	-4.440	1597	4.822	0.766
15.713	2.086e-01	-4.594	1486	4.851	0.741
15.713	2.738e-01	-4.777	1357	4.876	0.720
15.713	3.599e-01	-4.948	1245	4.897	0.703
15.713	4.750e-01	-5.129	1134	4.915	0.688
15.713	6.257e-01	-5.294	1040	4.932	0.675
15.713	8.224e-01	-5.465	951	4.945	0.664
15.713	1.081e+00	-5.630	870	4.958	0.655
15.713	1.421e+00	-5.794	797	4.969	0.647
15.713	1.868e+00	-5.956	730	4.978	0.640
15.713	2.456e+00	-6.112	671	4.987	0.633
15.713	3.248e+00	-6.280	612	4.995	0.628
15.713	4.236e+00	-6.449	557	5.002	0.623
15.713	5.592e+00	-6.608	510	5.008	0.618
15.713	7.320e+00	-6.763	468	5.014	0.614
15.713	9.607e+00	-6.920	429	5.019	0.611
16.237	1.049e-04	-1.708	2957	3.174	5.190
16.237	1.378e-04	-1.797	2934	3.250	4.759
16.237	1.812e-04	-1.889	2903	3.323	4.373
16.237	2.373e-04	-1.983	2862	3.393	4.033
16.237	3.106e-04	-2.076	2820	3.460	3.734
16.237	4.100e-04	-2.169	2772	3.523	3.473
16.237	5.401e-04	-2.246	2731	3.574	3.276
16.237	7.098e-04	-2.297	2704	3.607	3.152
16.237	9.259e-04	-2.327	2688	3.627	3.081
16.237	1.206e-03	-2.353	2674	3.645	3.020
16.237	1.567e-03	-2.391	2655	3.670	2.933
16.237	2.069e-03	-2.472	2616	3.725	2.753
16.237	2.725e-03	-2.623	2553	3.834	2.428
16.237	3.582e-03	-2.752	2511	3.934	2.163
16.237	4.709e-03	-2.859	2486	4.024	1.951
16.237	6.189e-03	-2.956	2467	4.108	1.772
16.237	8.137e-03	-3.047	2451	4.188	1.616
16.237	1.069e-02	-3.131	2444	4.266	1.477
16.237	1.406e-02	-3.211	2442	4.344	1.350
16.237	1.841e-02	-3.323	2388	4.418	1.240
16.237	2.410e-02	-3.434	2329	4.486	1.146
16.237	3.182e-02	-3.551	2262	4.552	1.063
16.237	4.191e-02	-3.671	2187	4.613	0.991
16.237	5.509e-02	-3.793	2104	4.669	0.929
16.237	7.271e-02	-3.946	1985	4.720	0.876
16.237	9.519e-02	-4.091	1872	4.764	0.833
16.237	1.256e-01	-4.250	1748	4.804	0.795
16.237	1.642e-01	-4.418	1619	4.837	0.765
16.237	2.159e-01	-4.574	1504	4.867	0.740
16.237	2.837e-01	-4.756	1375	4.892	0.718
16.237	3.745e-01	-4.931	1259	4.914	0.700
16.237	4.934e-01	-5.111	1147	4.933	0.685
16.237	6.484e-01	-5.274	1055	4.949	0.673
16.237	8.559e-01	-5.448	962	4.963	0.662
16.237	1.120e+00	-5.611	882	4.976	0.652
16.237	1.471e+00	-5.776	807	4.986	0.644
16.237	1.933e+00	-5.939	739	4.996	0.637
16.237	2.541e+00	-6.094	679	5.005	0.631
16.237	3.340e+00	-6.259	621	5.013	0.625
16.237	4.384e+00	-6.431	564	5.020	0.620
16.237	5.761e+00	-6.589	517	5.026	0.615
16.237	7.575e+00	-6.747	474	5.032	0.611
16.237	9.955e+00	-6.905	434	5.037	0.608
16.761	1.007e-04	-1.675	2974	3.165	5.330
16.761	1.329e-04	-1.763	2955	3.242	4.879
16.761	1.740e-04	-1.853	2925	3.315	4.487
16.761	2.297e-04	-1.948	2888	3.388	4.125
16.761	3.026e-04	-2.043	2846	3.456	3.811
16.761	3.977e-04	-2.133	2801	3.519	3.548
16.761	5.187e-04	-2.206	2760	3.567	3.355
16.761	6.847e-04	-2.257	2733	3.600	3.229
16.761	8.964e-04	-2.286	2717	3.620	3.158
16.761	1.176e-03	-2.315	2702	3.638	3.091
16.761	1.546e-03	-2.359	2679	3.667	2.989
16.761	2.041e-03	-2.455	2631	3.732	2.774
16.761	2.672e-03	-2.609	2564	3.841	2.446
16.761	3.507e-03	-2.735	2520	3.938	2.190
16.761	4.609e-03	-2.840	2495	4.025	1.981
16.761	6.012e-03	-2.933	2476	4.105	1.807
16.761	7.891e-03	-3.024	2458	4.183	1.651
16.761	1.037e-02	-3.107	2450	4.260	1.510
16.761	1.363e-02	-3.182	2453	4.337	1.382
16.761	1.792e-02	-3.286	2413	4.413	1.266
16.761	2.365e-02	-3.400	2355	4.485	1.166
16.761	3.091e-02	-3.511	2293	4.550	1.083
16.761	4.064e-02	-3.628	2221	4.611	1.008
16.761	5.342e-02	-3.748	2143	4.669	0.944
16.761	7.023e-02	-3.890	2035	4.721	0.888
16.761	9.230e-02	-4.039	1919	4.768	0.842
16.761	1.214e-01	-4.191	1800	4.809	0.803
16.761	1.595e-01	-4.358	1670	4.845	0.770
16.761	2.097e-01	-4.521	1547	4.876	0.744
16.761	2.756e-01	-4.693	1423	4.903	0.721
16.761	3.624e-01	-4.868	1304	4.926	0.702
16.761	4.763e-01	-5.052	1186	4.945	0.686
16.761	6.262e-01	-5.209	1094	4.962	0.673
16.761	8.230e-01	-5.384	998	4.977	0.662
16.761	1.086e+00	-5.553	912	4.990	0.652
16.761	1.422e+00	-5.718	835	5.001	0.644
16.761	1.867e+00	-5.883	764	5.011	0.636
16.761	2.453e+00	-6.035	703	5.020	0.629
16.761	3.238e+00	-6.203	642	5.029	0.623
16.761	4.239e+00	-6.375	584	5.036	0.618
16.761	5.606e+00	-6.539	533	5.043	0.614
16.761	7.371e+00	-6.696	489	5.048	0.610
16.761	9.687e+00	-6.855	447	5.054	0.606
17.285	1.029e-04	-1.662	2986	3.173	5.363
17.285	1.353e-04	-1.748	2969	3.248	4.917
17.285	1.779e-04	-1.839	2939	3.322	4.515
17.285	2.338e-04	-1.931	2906	3.394	4.157
17.285	3.050e-04	-2.022	2865	3.460	3.852
17.285	4.025e-04	-2.111	2821	3.522	3.587
17.285	5.261e-04	-2.180	2783	3.568	3.404
17.285	6.916e-04	-2.224	2759	3.597	3.292
17.285	9.057e-04	-2.251	2744	3.615	3.224
17.285	1.177e-03	-2.281	2728	3.634	3.153
17.285	1.539e-03	-2.331	2701	3.667	3.036
17.285	2.023e-03	-2.444	2643	3.743	2.782
17.285	2.659e-03	-2.601	2572	3.852	2.453
17.285	3.510e-03	-2.726	2528	3.947	2.199
17.285	4.595e-03	-2.827	2502	4.031	1.998
17.285	6.030e-03	-2.920	2483	4.111	1.822
17.285	7.926e-03	-3.011	2464	4.188	1.667
17.285	1.042e-02	-3.093	2457	4.264	1.527
17.285	1.370e-02	-3.167	2460	4.341	1.398
17.285	1.808e-02	-3.265	2431	4.418	1.279
17.285	2.381e-02	-3.377	2374	4.490	1.178
17.285	3.118e-02	-3.487	2315	4.555	1.092
17.285	4.082e-02	-3.602	2245	4.617	1.017
17.285	5.389e-02	-3.722	2167	4.676	0.951
17.285	7.054e-02	-3.857	2068	4.729	0.894
17.285	9.312e-02	-4.009	1948	4.777	0.846
17.285	1.219e-01	-4.156	1833	4.819	0.806
17.285	1.609e-01	-4.321	1704	4.857	0.772
17.285	2.106e-01	-4.487	1577	4.888	0.745
17.285	2.765e-01	-4.651	1457	4.916	0.721
17.285	3.634e-01	-4.830	1333	4.939	0.702
17.285	4.777e-01	-5.011	1215	4.959	0.686
17.285	6.279e-01	-5.173	1118	4.977	0.672
17.285	8.288e-01	-5.349	1019	4.992	0.660
17.285	1.092e+00	-5.518	932	5.006	0.650
17.285	1.435e+00	-5.686	852	5.017	0.642
17.285	1.887e+00	-5.852	779	5.028	0.634
17.285	2.479e+00	-6.006	716	5.037	0.627
17.285	3.273e+00	-6.173	654	5.045	0.621
17.285	4.285e+00	-6.344	595	5.053	0.616
17.285	5.666e+00	-6.511	543	5.059	0.611
17.285	7.479e+00	-6.671	497	5.065	0.607
17.285	9.774e+00	-6.827	455	5.070	0.604
17.809	1.028e-04	-1.644	2998	3.175	5.434
17.809	1.357e-04	-1.729	2983	3.251	4.975
17.809	1.777e-04	-1.818	2956	3.324	4.574
17.809	2.346e-04	-1.910	2924	3.397	4.205
17.809	3.065e-04	-2.000	2885	3.464	3.896
17.809	4.030e-04	-2.085	2843	3.523	3.637
17.809	5.297e-04	-2.151	2807	3.567	3.459
17.809	6.964e-04	-2.190	2785	3.593	3.357
17.809	9.119e-04	-2.217	2770	3.611	3.289
17.809	1.201e-03	-2.252	2752	3.633	3.205
17.809	1.579e-03	-2.316	2717	3.675	3.053
17.809	2.076e-03	-2.460	2642	3.771	2.735
17.809	2.718e-03	-2.606	2576	3.872	2.433
17.809	3.559e-03	-2.722	2534	3.960	2.199
17.809	4.697e-03	-2.824	2507	4.044	1.997
17.809	6.149e-03	-2.914	2489	4.121	1.827
17.809	8.117e-03	-3.004	2470	4.198	1.672
17.809	1.063e-02	-3.083	2463	4.272	1.535
17.809	1.403e-02	-3.158	2467	4.349	1.405
17.809	1.836e-02	-3.247	2447	4.424	1.289
17.809	2.410e-02	-3.357	2392	4.495	1.188
17.809	3.167e-02	-3.468	2332	4.562	1.099
17.809	4.131e-02	-3.580	2265	4.624	1.025
17.809	5.453e-02	-3.700	2188	4.683	0.956
17.809	7.183e-02	-3.831	2094	4.739	0.898
17.809	9.441e-02	-3.982	1975	4.787	0.849
17.809	1.239e-01	-4.130	1859	4.830	0.808
17.809	1.629e-01	-4.290	1733	4.868	0.773
17.809	2.141e-01	-4.460	1601	4.901	0.745
17.809	2.814e-01	-4.620	1484	4.929	0.721
17.809	3.715e-01	-4.804	1354	4.954	0.701
17.809	4.863e-01	-4.981	1238	4.974	0.684
17.809	6.431e-01	-5.151	1134	4.992	0.670
17.809	8.456e-01	-5.323	1036	5.008	0.658
17.809	1.111e+00	-5.492	948	5.021	0.648
17.809	1.461e+00	-5.660	866	5.033	0.639
17.809	1.920e+00	-5.826	792	5.044	0.632
17.809	2.505e+00	-5.979	729	5.053	0.625
17.809	3.313e+00	-6.145	666	5.061	0.619
17.809	4.321e+00	-6.312	607	5.069	0.614
17.809	5.703e+00	-6.481	553	5.075	0.609
17.809	7.513e+00	-6.640	506	5.081	0.605
17.809	9.839e+00	-6.798	464	5.087	0.601
18.332	1.024e-04	-1.625	3011	3.175	5.508
18.332	1.341e-04	-1.707	2997	3.249	5.057
18.332	1.770e-04	-1.796	2973	3.325	4.637
18.332	2.317e-04	-1.885	2942	3.396	4.273
18.332	3.041e-04	-1.975	2906	3.463	3.954
18.332	3.997e-04	-2.058	2865	3.522	3.696
18.332	5.255e-04	-2.119	2832	3.563	3.523
18.332	6.906e-04	-2.156	2812	3.588	3.426
18.332	9.008e-04	-2.182	2797	3.605	3.358
18.332	1.171e-03	-2.217	2778	3.628	3.270
18.332	1.537e-03	-2.287	2740	3.674	3.103
18.332	2.020e-03	-2.440	2659	3.774	2.764
18.332	2.667e-03	-2.589	2587	3.876	2.458
18.332	3.491e-03	-2.704	2545	3.962	2.226
18.332	4.545e-03	-2.801	2517	4.040	2.035
18.332	6.000e-03	-2.893	2498	4.119	1.859
18.332	7.841e-03	-2.979	2480	4.192	1.708
18.332	1.023e-02	-3.059	2469	4.264	1.572
18.332	1.342e-02	-3.131	2472	4.339	1.443
18.332	1.764e-02	-3.206	2472	4.414	1.323
18.332	2.329e-02	-3.320	2418	4.489	1.214
18.332	3.048e-02	-3.429	2360	4.556	1.123
18.332	4.001e-02	-3.541	2295	4.620	1.043
18.332	5.258e-02	-3.658	2222	4.681	0.974
18.332	6.914e-02	-3.779	2141	4.737	0.912
18.332	9.087e-02	-3.928	2024	4.788	0.861
18.332	1.199e-01	-4.078	1905	4.833	0.816
18.332	1.580e-01	-4.236	1780	4.873	0.780
18.332	2.077e-01	-4.406	1646	4.908	0.750
18.332	2.709e-01	-4.559	1533	4.937	0.725
18.332	3.575e-01	-4.743	1400	4.963	0.703
18.332	4.710e-01	-4.918	1282	4.985	0.686
18.332	6.190e-01	-5.096	1169	5.003	0.671
18.332	8.171e-01	-5.262	1073	5.020	0.659
18.332	1.076e+00	-5.435	979	5.034	0.648
18.332	1.415e+00	-5.604	895	5.046	0.639
18.332	1.860e+00	-5.771	818	5.057	0.631
18.332	2.435e+00	-5.931	750	5.067	0.624
18.332	3.188e+00	-6.088	689	5.075	0.618
18.332	4.208e+00	-6.256	628	5.083	0.612
18.332	5.509e+00	-6.426	571	5.090	0.608
18.332	7.286e+00	-6.590	522	5.096	0.603
18.332	9.580e+00	-6.750	477	5.102	0.599
18.856	1.027e-04	-1.609	3022	3.178	5.570
18.856	1.344e-04	-1.690	3010	3.252	5.115
18.856	1.774e-04	-1.778	2988	3.327	4.690
18.856	2.322e-04	-1.866	2958	3.398	4.322
18.856	3.066e-04	-1.955	2924	3.467	3.995
18.856	4.006e-04	-2.033	2885	3.522	3.748
18.856	5.267e-04	-2.090	2856	3.561	3.584
18.856	6.923e-04	-2.123	2838	3.583	3.493
18.856	9.102e-04	-2.151	2822	3.602	3.419
18.856	1.196e-03	-2.194	2799	3.629	3.312
18.856	1.573e-03	-2.284	2749	3.688	3.095
18.856	2.067e-03	-2.451	2659	3.798	2.728
18.856	2.696e-03	-2.587	2594	3.890	2.453
18.856	3.559e-03	-2.701	2551	3.976	2.223
18.856	4.659e-03	-2.798	2523	4.053	2.033
18.856	6.150e-03	-2.888	2503	4.130	1.861
18.856	8.051e-03	-2.973	2485	4.203	1.711
18.856	1.063e-02	-3.055	2475	4.277	1.571
18.856	1.400e-02	-3.127	2479	4.352	1.441
18.856	1.840e-02	-3.202	2480	4.427	1.321
18.856	2.400e-02	-3.308	2430	4.499	1.217
18.856	3.168e-02	-3.421	2371	4.569	1.123
18.856	4.147e-02	-3.531	2308	4.632	1.044
18.856	5.474e-02	-3.649	2234	4.694	0.973
18.856	7.211e-02	-3.770	2153	4.751	0.911
18.856	9.477e-02	-3.918	2037	4.802	0.859
18.856	1.251e-01	-4.068	1918	4.848	0.815
18.856	1.635e-01	-4.221	1797	4.887	0.778
18.856	2.149e-01	-4.391	1662	4.922	0.748
18.856	2.825e-01	-4.549	1544	4.952	0.723
18.856	3.685e-01	-4.724	1417	4.977	0.702
18.856	4.864e-01	-4.901	1297	5.000	0.684
18.856	6.367e-01	-5.078	1183	5.018	0.669
18.856	8.405e-01	-5.243	1087	5.035	0.657
18.856	1.107e+00	-5.417	991	5.049	0.646
18.856	1.455e+00	-5.586	906	5.062	0.637
18.856	1.913e+00	-5.753	828	5.073	0.629
18.856	2.505e+00	-5.915	759	5.082	0.622
18.856	3.280e+00	-6.071	697	5.091	0.615
18.856	4.329e+00	-6.240	635	5.099	0.610
18.856	5.667e+00	-6.411	578	5.106	0.605
18.856	7.495e+00	-6.575	528	5.112	0.601
18.856	9.854e+00	-6.735	483	5.118	0.597
19.380	1.017e-04	-1.589	3034	3.177	5.651
19.380	1.337e-04	-1.671	3022	3.252	5.184
19.380	1.757e-04	-1.756	3002	3.326	4.760
19.380	2.291e-04	-1.842	2975	3.396	4.391
19.380	3.025e-04	-1.929	2944	3.464	4.060
19.380	3.959e-04	-2.006	2907	3.519	3.811
19.380	5.226e-04	-2.060	2879	3.557	3.651
19.380	6.842e-04	-2.091	2863	3.578	3.564
19.380	8.909e-04	-2.118	2848	3.596	3.489
19.380	1.158e-03	-2.161	2825	3.624	3.378
19.380	1.529e-03	-2.259	2770	3.689	3.136
19.380	2.001e-03	-2.426	2678	3.798	2.767
19.380	2.627e-03	-2.566	2608	3.891	2.485
19.380	3.452e-03	-2.678	2565	3.974	2.259
19.380	4.503e-03	-2.774	2534	4.049	2.072
19.380	5.910e-03	-2.863	2513	4.123	1.902
19.380	7.767e-03	-2.948	2495	4.196	1.748
19.380	1.021e-02	-3.031	2481	4.269	1.608
19.380	1.342e-02	-3.102	2484	4.342	1.478
19.380	1.772e-02	-3.176	2487	4.418	1.354
19.380	2.334e-02	-3.274	2453	4.493	1.242
19.380	3.067e-02	-3.385	2397	4.563	1.146
19.380	4.049e-02	-3.497	2335	4.630	1.061
19.380	5.291e-02	-3.609	2267	4.690	0.990
19.380	6.957e-02	-3.727	2189	4.748	0.926
19.380	9.143e-02	-3.866	2084	4.802	0.871
19.380	1.202e-01	-4.016	1965	4.849	0.825
19.380	1.580e-01	-4.166	1845	4.891	0.786
19.380	2.077e-01	-4.332	1714	4.927	0.753
19.380	2.730e-01	-4.498	1586	4.959	0.727
19.380	3.590e-01	-4.668	1461	4.986	0.704
19.380	4.718e-01	-4.844	1338	5.009	0.686
19.380	6.227e-01	-5.032	1214	5.029	0.670
19.380	8.203e-01	-5.190	1120	5.047	0.657
19.380	1.085e+00	-5.370	1019	5.062	0.645
19.380	1.426e+00	-5.539	931	5.075	0.636
19.380	1.860e+00	-5.703	853	5.086	0.628
19.380	2.455e+00	-5.872	778	5.096	0.620
19.380	3.214e+00	-6.027	715	5.105	0.614
19.380	4.242e+00	-6.195	652	5.113	0.608
19.380	5.544e+00	-6.364	594	5.120	0.603
19.380	7.231e+00	-6.524	544	5.126	0.599
19.380	9.545e+00	-6.686	497	5.132	0.595
19.904	1.004e-04	-1.569	3046	3.176	5.737
19.904	1.320e-04	-1.651	3034	3.250	5.264
19.904	1.729e-04	-1.734	3017	3.323	4.839
19.904	2.263e-04	-1.819	2992	3.395	4.459
19.904	2.988e-04	-1.905	2961	3.462	4.124
19.904	3.911e-04	-1.978	2929	3.516	3.876
19.904	5.163e-04	-2.029	2902	3.552	3.720
19.904	6.758e-04	-2.059	2887	3.572	3.634
19.904	8.870e-04	-2.088	2871	3.592	3.552
19.904	1.166e-03	-2.138	2844	3.626	3.418
19.904	1.539e-03	-2.258	2778	3.704	3.124
19.904	2.011e-03	-2.423	2686	3.811	2.760
19.904	2.655e-03	-2.561	2616	3.903	2.484
19.904	3.475e-03	-2.669	2573	3.982	2.267
19.904	4.587e-03	-2.769	2540	4.059	2.074
19.904	5.994e-03	-2.855	2518	4.131	1.910
19.904	7.881e-03	-2.940	2501	4.204	1.757
19.904	1.036e-02	-3.021	2487	4.275	1.618
19.904	1.351e-02	-3.090	2490	4.346	1.491
19.904	1.783e-02	-3.163	2493	4.421	1.368
19.904	2.335e-02	-3.252	2471	4.495	1.256
19.904	3.064e-02	-3.362	2416	4.565	1.159
19.904	4.027e-02	-3.471	2357	4.632	1.073
19.904	5.253e-02	-3.582	2290	4.693	1.001
19.904	6.934e-02	-3.701	2213	4.752	0.934
19.904	9.062e-02	-3.829	2119	4.806	0.879
19.904	1.191e-01	-3.980	1998	4.854	0.831
19.904	1.566e-01	-4.128	1881	4.897	0.790
19.904	2.059e-01	-4.289	1752	4.935	0.757
19.904	2.706e-01	-4.460	1618	4.968	0.729
19.904	3.557e-01	-4.623	1498	4.996	0.705
19.904	4.676e-01	-4.803	1369	5.020	0.686
19.904	6.172e-01	-4.988	1246	5.041	0.670
19.904	8.079e-01	-5.145	1149	5.058	0.657
19.904	1.068e+00	-5.325	1045	5.074	0.645
19.904	1.410e+00	-5.498	954	5.088	0.635
19.904	1.843e+00	-5.664	873	5.099	0.627
19.904	2.404e+00	-5.827	799	5.109	0.619
19.904	3.155e+00	-5.985	734	5.118	0.613
19.904	4.147e+00	-6.150	670	5.127	0.607
19.904	5.453e+00	-6.321	610	5.134	0.602
19.904	7.166e+00	-6.489	556	5.140	0.597
19.904	9.422e+00	-6.648	509	5.146	0.593
20.428	1.045e-04	-1.566	3056	3.189	5.726
20.428	1.363e-04	-1.645	3043	3.261	5.269
20.428	1.799e-04	-1.729	3026	3.336	4.834
20.428	2.351e-04	-1.813	3003	3.406	4.460
20.428	3.092e-04	-1.895	2974	3.470	4.139
20.428	4.063e-04	-1.962	2944	3.521	3.906
20.428	5.342e-04	-2.006	2922	3.551	3.773
20.428	6.996e-04	-2.033	2908	3.570	3.691
20.428	9.095e-04	-2.064	2892	3.591	3.601
20.428	1.188e-03	-2.122	2860	3.631	3.442
20.428	1.563e-03	-2.264	2781	3.724	3.093
20.428	2.046e-03	-2.424	2691	3.827	2.746
20.428	2.679e-03	-2.554	2624	3.913	2.487
20.428	3.536e-03	-2.664	2580	3.993	2.268
20.428	4.621e-03	-2.759	2547	4.066	2.085
20.428	6.027e-03	-2.845	2524	4.136	1.923
20.428	7.956e-03	-2.930	2507	4.209	1.769
20.428	1.042e-02	-3.008	2494	4.279	1.632
20.428	1.367e-02	-3.079	2495	4.351	1.503
20.428	1.797e-02	-3.151	2498	4.424	1.380
20.428	2.362e-02	-3.234	2486	4.499	1.266
20.428	3.124e-02	-3.348	2429	4.572	1.164
20.428	4.106e-02	-3.457	2371	4.639	1.078
20.428	5.355e-02	-3.567	2305	4.700	1.005
20.428	7.069e-02	-3.685	2229	4.760	0.937
20.428	9.254e-02	-3.810	2140	4.815	0.881
20.428	1.224e-01	-3.964	2016	4.865	0.831
20.428	1.609e-01	-4.112	1899	4.909	0.790
20.428	2.115e-01	-4.272	1770	4.947	0.756
20.428	2.780e-01	-4.444	1635	4.980	0.728
20.428	3.654e-01	-4.604	1516	5.009	0.704
20.428	4.824e-01	-4.789	1383	5.034	0.684
20.428	6.315e-01	-4.966	1263	5.054	0.668
20.428	8.335e-01	-5.132	1160	5.072	0.655
20.428	1.098e+00	-5.308	1058	5.088	0.643
20.428	1.443e+00	-5.479	966	5.102	0.633
20.428	1.897e+00	-5.649	882	5.114	0.624
20.428	2.494e+00	-5.818	805	5.124	0.617
20.428	3.279e+00	-5.977	738	5.133	0.610
20.428	4.309e+00	-6.142	675	5.142	0.604
20.428	5.665e+00	-6.313	614	5.149	0.599
20.428	7.446e+00	-6.482	559	5.155	0.595
20.428	9.790e+00	-6.641	512	5.161	0.591
20.951	1.024e-04	-1.545	3067	3.185	5.824
20.951	1.346e-04	-1.626	3055	3.259	5.347
20.951	1.769e-04	-1.708	3039	3.333	4.913
20.951	2.307e-04	-1.789	3018	3.402	4.537
20.951	3.045e-04	-1.871	2990	3.467	4.207
20.951	3.986e-04	-1.934	2965	3.516	3.978
20.951	5.232e-04	-1.975	2945	3.545	3.846
20.951	6.877e-04	-2.003	2930	3.565	3.761
20.951	8.970e-04	-2.036	2913	3.587	3.664
20.951	1.184e-03	-2.103	2878	3.633	3.476
20.951	1.560e-03	-2.258	2791	3.735	3.092
20.951	2.067e-03	-2.420	2700	3.839	2.744
20.951	2.706e-03	-2.547	2634	3.923	2.491
20.951	3.572e-03	-2.656	2587	4.001	2.275
20.951	4.676e-03	-2.752	2553	4.073	2.094
20.951	6.172e-03	-2.840	2529	4.146	1.926
20.951	8.079e-03	-2.921	2513	4.215	1.778
20.951	1.066e-02	-3.001	2501	4.287	1.637
20.951	1.396e-02	-3.072	2501	4.358	1.509
20.951	1.832e-02	-3.142	2504	4.431	1.388
20.951	2.408e-02	-3.220	2499	4.505	1.274
20.951	3.179e-02	-3.333	2443	4.578	1.171
20.951	4.162e-02	-3.441	2385	4.645	1.085
20.951	5.419e-02	-3.549	2322	4.706	1.011
20.951	7.153e-02	-3.667	2247	4.767	0.942
20.951	9.363e-02	-3.787	2164	4.822	0.884
20.951	1.236e-01	-3.940	2041	4.873	0.834
20.951	1.618e-01	-4.085	1926	4.917	0.793
20.951	2.136e-01	-4.246	1796	4.957	0.757
20.951	2.796e-01	-4.415	1661	4.990	0.729
20.951	3.670e-01	-4.569	1546	5.019	0.705
20.951	4.823e-01	-4.755	1409	5.045	0.684
20.951	6.366e-01	-4.934	1287	5.066	0.667
20.951	8.386e-01	-5.105	1179	5.085	0.654
20.951	1.102e+00	-5.277	1078	5.101	0.642
20.951	1.455e+00	-5.452	982	5.115	0.631
20.951	1.905e+00	-5.619	898	5.127	0.623
20.951	2.500e+00	-5.788	820	5.137	0.615
20.951	3.273e+00	-5.947	753	5.147	0.609
20.951	4.285e+00	-6.108	689	5.155	0.603
20.951	5.657e+00	-6.282	626	5.163	0.598
20.951	7.451e+00	-6.454	569	5.169	0.593
20.951	9.793e+00	-6.613	521	5.175	0.589
23.046	1.045e-04	-1.451	3095	3.148	6.370
23.046	1.368e-04	-1.532	3099	3.232	5.786
23.046	1.806e-04	-1.623	3085	3.315	5.255
23.046	2.360e-04	-1.708	3069	3.391	4.818
23.046	3.078e-04	-1.783	3051	3.456	4.472
23.046	4.063e-04	-1.840	3032	3.502	4.240
23.046	5.309e-04	-1.873	3018	3.527	4.120
23.046	6.925e-04	-1.900	3006	3.547	4.024
23.046	9.141e-04	-1.946	2986	3.582	3.869
23.046	1.197e-03	-2.058	2929	3.660	3.537
23.046	1.583e-03	-2.234	2830	3.776	3.092
23.046	2.089e-03	-2.381	2744	3.870	2.777
23.046	2.730e-03	-2.502	2678	3.948	2.537
23.046	3.561e-03	-2.608	2625	4.019	2.337
23.046	4.700e-03	-2.704	2588	4.091	2.153
23.046	6.153e-03	-2.791	2559	4.158	1.992
23.046	8.122e-03	-2.874	2537	4.227	1.840
23.046	1.063e-02	-2.948	2529	4.295	1.702
23.046	1.406e-02	-3.023	2523	4.366	1.568
23.046	1.849e-02	-3.094	2525	4.438	1.444
23.046	2.421e-02	-3.164	2528	4.510	1.329
23.046	3.169e-02	-3.250	2508	4.583	1.222
23.046	4.160e-02	-3.360	2452	4.653	1.127
23.046	5.467e-02	-3.468	2394	4.719	1.044
23.046	7.217e-02	-3.583	2324	4.783	0.971
23.046	9.506e-02	-3.701	2247	4.842	0.907
23.046	1.249e-01	-3.833	2148	4.896	0.852
23.046	1.649e-01	-3.985	2025	4.946	0.805
23.046	2.159e-01	-4.131	1907	4.988	0.766
23.046	2.850e-01	-4.298	1771	5.026	0.733
23.046	3.731e-01	-4.466	1638	5.058	0.707
23.046	4.897e-01	-4.632	1512	5.086	0.685
23.046	6.412e-01	-4.807	1386	5.109	0.666
23.046	8.380e-01	-4.984	1266	5.129	0.651
23.046	1.102e+00	-5.147	1164	5.147	0.638
23.046	1.448e+00	-5.323	1062	5.162	0.627
23.046	1.911e+00	-5.500	967	5.175	0.617
23.046	2.502e+00	-5.667	883	5.187	0.609
23.046	3.303e+00	-5.839	805	5.197	0.602
23.046	4.324e+00	-5.997	739	5.206	0.596
23.046	5.675e+00	-6.165	674	5.214	0.591
23.046	7.458e+00	-6.339	612	5.221	0.586
23.046	9.806e+00	-6.504	558	5.227	0.582
25.142	1.017e-04	-1.387	3120	3.137	6.741
25.142	1.336e-04	-1.470	3125	3.222	6.111
25.142	1.743e-04	-1.551	3124	3.303	5.569
25.142	2.301e-04	-1.638	3110	3.382	5.086
25.142	3.012e-04	-1.708	3096	3.444	4.733
25.142	3.921e-04	-1.753	3086	3.484	4.523
25.142	5.176e-04	-1.782	3077	3.508	4.400
25.142	6.776e-04	-1.812	3067	3.532	4.280
25.142	8.944e-04	-1.873	3042	3.578	4.056
25.142	1.171e-03	-2.019	2974	3.685	3.585
25.142	1.546e-03	-2.182	2883	3.794	3.162
25.142	2.023e-03	-2.319	2802	3.882	2.860
25.142	2.671e-03	-2.444	2729	3.961	2.611
25.142	3.496e-03	-2.551	2672	4.031	2.407
25.142	4.552e-03	-2.646	2627	4.097	2.232
25.142	5.918e-03	-2.732	2594	4.161	2.074
25.142	7.768e-03	-2.816	2567	4.226	1.923
25.142	1.021e-02	-2.890	2555	4.293	1.782
25.142	1.348e-02	-2.963	2550	4.362	1.646
25.142	1.764e-02	-3.036	2544	4.430	1.521
25.142	2.329e-02	-3.106	2547	4.503	1.399
25.142	3.043e-02	-3.176	2549	4.574	1.288
25.142	3.969e-02	-3.266	2522	4.646	1.186
25.142	5.239e-02	-3.378	2463	4.717	1.094
25.142	6.859e-02	-3.484	2405	4.781	1.015
25.142	9.054e-02	-3.599	2335	4.844	0.944
25.142	1.185e-01	-3.714	2258	4.902	0.884
25.142	1.564e-01	-3.853	2151	4.957	0.830
25.142	2.061e-01	-4.003	2029	5.005	0.785
25.142	2.709e-01	-4.155	1904	5.047	0.748
25.142	3.561e-01	-4.323	1766	5.084	0.717
25.142	4.680e-01	-4.488	1636	5.115	0.691
25.142	6.178e-01	-4.664	1501	5.143	0.670
25.142	8.088e-01	-4.836	1378	5.166	0.652
25.142	1.070e+00	-5.015	1257	5.186	0.637
25.142	1.406e+00	-5.187	1150	5.203	0.625
25.142	1.848e+00	-5.362	1049	5.218	0.614
25.142	2.440e+00	-5.538	955	5.231	0.605
25.142	3.188e+00	-5.707	872	5.242	0.598
25.142	4.192e+00	-5.877	795	5.252	0.591
25.142	5.509e+00	-6.039	728	5.260	0.585
25.142	7.186e+00	-6.204	665	5.268	0.580
25.142	9.485e+00	-6.384	602	5.275	0.575
27.237	1.030e-04	-1.341	3144	3.138	7.005
27.237	1.354e-04	-1.424	3149	3.224	6.348
27.237	1.767e-04	-1.504	3148	3.304	5.788
27.237	2.332e-04	-1.582	3146	3.381	5.299
27.237	3.053e-04	-1.645	3135	3.437	4.965
27.237	4.029e-04	-1.683	3127	3.471	4.778
27.237	5.275e-04	-1.708	3122	3.493	4.658
27.237	6.923e-04	-1.745	3111	3.524	4.494
27.237	9.099e-04	-1.834	3080	3.596	4.137
27.237	1.201e-03	-2.000	3007	3.720	3.585
27.237	1.582e-03	-2.150	2923	3.821	3.191
27.237	2.072e-03	-2.281	2845	3.905	2.897
27.237	2.708e-03	-2.399	2775	3.980	2.660
27.237	3.532e-03	-2.505	2715	4.048	2.459
27.237	4.662e-03	-2.608	2661	4.115	2.275
27.237	6.092e-03	-2.695	2624	4.179	2.114
27.237	8.010e-03	-2.782	2591	4.243	1.963
27.237	1.053e-02	-2.855	2578	4.308	1.822
27.237	1.384e-02	-2.926	2573	4.375	1.687
27.237	1.819e-02	-2.998	2567	4.444	1.559
27.237	2.392e-02	-3.070	2565	4.514	1.438
27.237	3.143e-02	-3.140	2568	4.586	1.324
27.237	4.133e-02	-3.214	2568	4.659	1.216
27.237	5.412e-02	-3.322	2513	4.730	1.121
27.237	7.072e-02	-3.429	2455	4.796	1.039
27.237	9.299e-02	-3.539	2390	4.860	0.965
27.237	1.222e-01	-3.652	2318	4.921	0.900
27.237	1.594e-01	-3.769	2238	4.976	0.845
27.237	2.104e-01	-3.919	2115	5.028	0.796
27.237	2.755e-01	-4.064	1996	5.072	0.756
27.237	3.615e-01	-4.223	1864	5.112	0.722
27.237	4.752e-01	-4.394	1722	5.147	0.694
27.237	6.272e-01	-4.555	1598	5.177	0.670
27.237	8.262e-01	-4.740	1458	5.202	0.651
27.237	1.086e+00	-4.913	1336	5.224	0.635
27.237	1.416e+00	-5.078	1228	5.242	0.622
27.237	1.873e+00	-5.259	1117	5.258	0.610
27.237	2.463e+00	-5.438	1015	5.272	0.601
27.237	3.237e+00	-5.610	926	5.284	0.592
27.237	4.222e+00	-5.779	845	5.294	0.585
27.237	5.573e+00	-5.945	772	5.304	0.579
27.237	7.295e+00	-6.115	703	5.312	0.574
27.237	9.630e+00	-6.291	639	5.319	0.569
29.332	1.009e-04	-1.289	3161	3.129	7.351
29.332	1.322e-04	-1.369	3170	3.214	6.666
29.332	1.730e-04	-1.451	3171	3.295	6.070
29.332	2.284e-04	-1.526	3170	3.370	5.568
29.332	2.990e-04	-1.580	3169	3.423	5.239
29.332	3.947e-04	-1.612	3165	3.453	5.058
29.332	5.167e-04	-1.638	3160	3.476	4.926
29.332	6.820e-04	-1.683	3148	3.515	4.712
29.332	8.928e-04	-1.796	3114	3.609	4.230
29.332	1.172e-03	-1.952	3050	3.729	3.684
29.332	1.540e-03	-2.093	2976	3.827	3.289
29.332	2.025e-03	-2.222	2901	3.912	2.983
29.332	2.661e-03	-2.342	2828	3.988	2.734
29.332	3.499e-03	-2.453	2762	4.058	2.522
29.332	4.599e-03	-2.555	2706	4.124	2.338
29.332	5.998e-03	-2.648	2658	4.186	2.176
29.332	7.873e-03	-2.733	2624	4.249	2.025
29.332	1.035e-02	-2.809	2605	4.312	1.881
29.332	1.360e-02	-2.881	2595	4.378	1.745
29.332	1.788e-02	-2.952	2590	4.445	1.615
29.332	2.332e-02	-3.023	2584	4.512	1.495
29.332	3.078e-02	-3.094	2584	4.583	1.377
29.332	4.030e-02	-3.164	2587	4.655	1.269
29.332	5.319e-02	-3.250	2571	4.729	1.164
29.332	7.035e-02	-3.364	2509	4.801	1.072
29.332	9.209e-02	-3.470	2449	4.866	0.995
29.332	1.209e-01	-3.579	2384	4.928	0.926
29.332	1.589e-01	-3.694	2309	4.987	0.865
29.332	2.089e-01	-3.826	2209	5.042	0.812
29.332	2.745e-01	-3.975	2085	5.091	0.768
29.332	3.624e-01	-4.127	1959	5.135	0.730
29.332	4.735e-01	-4.289	1823	5.172	0.699
29.332	6.226e-01	-4.456	1687	5.204	0.674
29.332	8.183e-01	-4.626	1555	5.232	0.653
29.332	1.082e+00	-4.804	1423	5.256	0.635
29.332	1.423e+00	-4.979	1302	5.277	0.620
29.332	1.870e+00	-5.153	1189	5.294	0.608
29.332	2.468e+00	-5.332	1082	5.310	0.597
29.332	3.231e+00	-5.506	987	5.322	0.588
29.332	4.241e+00	-5.679	899	5.334	0.581
29.332	5.574e+00	-5.850	819	5.343	0.574
29.332	7.329e+00	-6.021	746	5.352	0.568
29.332	9.632e+00	-6.191	679	5.360	0.563
31.427	1.025e-04	-1.253	3178	3.131	7.589
31.427	1.348e-04	-1.332	3190	3.217	6.876
31.427	1.772e-04	-1.412	3192	3.298	6.259
31.427	2.329e-04	-1.482	3191	3.368	5.778
31.427	3.074e-04	-1.529	3191	3.414	5.478
31.427	4.024e-04	-1.554	3190	3.439	5.321
31.427	5.281e-04	-1.581	3190	3.466	5.162
31.427	6.941e-04	-1.638	3180	3.518	4.863
31.427	9.126e-04	-1.782	3137	3.638	4.233
31.427	1.199e-03	-1.927	3081	3.751	3.716
31.427	1.577e-03	-2.060	3014	3.846	3.330
31.427	2.065e-03	-2.184	2942	3.929	3.030
31.427	2.703e-03	-2.301	2871	4.003	2.782
31.427	3.548e-03	-2.410	2805	4.072	2.569
31.427	4.663e-03	-2.514	2745	4.138	2.382
31.427	6.131e-03	-2.611	2692	4.201	2.214
31.427	8.058e-03	-2.698	2653	4.263	2.061
31.427	1.059e-02	-2.775	2632	4.326	1.917
31.427	1.392e-02	-2.849	2618	4.391	1.780
31.427	1.831e-02	-2.920	2611	4.457	1.650
31.427	2.406e-02	-2.992	2605	4.525	1.525
31.427	3.139e-02	-3.062	2600	4.592	1.411
31.427	4.143e-02	-3.133	2603	4.665	1.298
31.427	5.423e-02	-3.204	2605	4.737	1.195
31.427	7.118e-02	-3.308	2557	4.809	1.100
31.427	9.321e-02	-3.417	2496	4.875	1.019
31.427	1.220e-01	-3.524	2434	4.939	0.947
31.427	1.611e-01	-3.635	2365	5.000	0.882
31.427	2.105e-01	-3.751	2286	5.056	0.827
31.427	2.768e-01	-3.896	2167	5.109	0.779
31.427	3.624e-01	-4.040	2047	5.154	0.739
31.427	4.774e-01	-4.197	1914	5.195	0.705
31.427	6.274e-01	-4.367	1771	5.230	0.677
31.427	8.282e-01	-4.524	1647	5.260	0.654
31.427	1.091e+00	-4.709	1502	5.286	0.635
31.427	1.434e+00	-4.880	1379	5.308	0.619
31.427	1.870e+00	-5.046	1267	5.327	0.606
31.427	2.473e+00	-5.226	1153	5.343	0.594
31.427	3.252e+00	-5.406	1048	5.357	0.585
31.427	4.274e+00	-5.580	955	5.370	0.577
31.427	5.575e+00	-5.750	871	5.380	0.570
31.427	7.359e+00	-5.924	792	5.389	0.564
31.427	9.617e+00	-6.095	721	5.397	0.559
34.570	1.037e-04	-1.199	3200	3.131	7.961
34.570	1.356e-04	-1.276	3213	3.214	7.233
34.570	1.768e-04	-1.349	3220	3.292	6.616
34.570	2.334e-04	-1.413	3221	3.356	6.140
34.570	3.056e-04	-1.451	3221	3.394	5.881
34.570	4.034e-04	-1.475	3220	3.418	5.718
34.570	5.271e-04	-1.507	3220	3.450	5.516
34.570	6.930e-04	-1.585	3215	3.524	5.060
34.570	9.108e-04	-1.737	3176	3.656	4.351
34.570	1.198e-03	-1.871	3131	3.764	3.839
34.570	1.574e-03	-1.997	3072	3.858	3.446
34.570	2.053e-03	-2.114	3009	3.939	3.139
34.570	2.695e-03	-2.229	2941	4.015	2.878
34.570	3.541e-03	-2.340	2873	4.085	2.655
34.570	4.619e-03	-2.443	2810	4.149	2.465
34.570	6.097e-03	-2.544	2751	4.213	2.289
34.570	7.968e-03	-2.634	2705	4.274	2.135
34.570	1.036e-02	-2.711	2678	4.333	1.994
34.570	1.351e-02	-2.786	2656	4.394	1.859
34.570	1.783e-02	-2.860	2643	4.460	1.724
34.570	2.335e-02	-2.930	2636	4.525	1.600
34.570	3.088e-02	-3.004	2629	4.594	1.477
34.570	4.060e-02	-3.076	2625	4.664	1.363
34.570	5.335e-02	-3.146	2628	4.735	1.255
34.570	7.015e-02	-3.220	2627	4.808	1.154
34.570	9.186e-02	-3.328	2570	4.879	1.064
34.570	1.200e-01	-3.435	2509	4.944	0.987
34.570	1.578e-01	-3.543	2446	5.008	0.917
34.570	2.074e-01	-3.654	2376	5.068	0.856
34.570	2.727e-01	-3.770	2294	5.124	0.802
34.570	3.607e-01	-3.919	2170	5.176	0.756
34.570	4.741e-01	-4.063	2050	5.220	0.718
34.570	6.183e-01	-4.214	1920	5.258	0.687
34.570	8.162e-01	-4.383	1777	5.292	0.661
34.570	1.068e+00	-4.534	1656	5.321	0.640
34.570	1.413e+00	-4.713	1516	5.346	0.621
34.570	1.858e+00	-4.881	1393	5.367	0.606
34.570	2.442e+00	-5.050	1277	5.386	0.594
34.570	3.210e+00	-5.222	1167	5.402	0.583
34.570	4.246e+00	-5.407	1058	5.416	0.573
34.570	5.580e+00	-5.580	964	5.428	0.565
34.570	7.279e+00	-5.753	878	5.439	0.559
34.570	9.608e+00	-5.933	796	5.448	0.553
36.665	1.022e-04	-1.161	3210	3.124	8.264
36.665	1.336e-04	-1.236	3226	3.207	7.512
36.665	1.743e-04	-1.308	3233	3.283	6.880
36.665	2.288e-04	-1.366	3238	3.344	6.415
36.665	3.006e-04	-1.401	3239	3.379	6.158
36.665	3.921e-04	-1.424	3239	3.403	5.995
36.665	5.176e-04	-1.460	3239	3.439	5.753
36.665	6.776e-04	-1.549	3233	3.524	5.211
36.665	8.962e-04	-1.698	3204	3.657	4.472
36.665	1.183e-03	-1.830	3162	3.767	3.943
36.665	1.546e-03	-1.950	3111	3.858	3.548
36.665	2.033e-03	-2.067	3053	3.942	3.221
36.665	2.662e-03	-2.181	2987	4.018	2.952
36.665	3.484e-03	-2.289	2921	4.088	2.724
36.665	4.573e-03	-2.395	2855	4.154	2.523
36.665	5.945e-03	-2.494	2795	4.216	2.351
36.665	7.729e-03	-2.583	2747	4.275	2.196
36.665	1.012e-02	-2.668	2710	4.336	2.048
36.665	1.325e-02	-2.744	2686	4.397	1.908
36.665	1.749e-02	-2.822	2665	4.461	1.772
36.665	2.304e-02	-2.894	2654	4.527	1.643
36.665	3.028e-02	-2.965	2649	4.594	1.522
36.665	3.949e-02	-3.036	2642	4.661	1.409
36.665	5.183e-02	-3.106	2641	4.730	1.300
36.665	6.788e-02	-3.177	2642	4.801	1.198
36.665	8.886e-02	-3.262	2622	4.873	1.103
36.665	1.173e-01	-3.375	2558	4.944	1.017
36.665	1.535e-01	-3.482	2496	5.008	0.945
36.665	2.027e-01	-3.590	2432	5.070	0.879
36.665	2.649e-01	-3.698	2361	5.127	0.823
36.665	3.482e-01	-3.825	2263	5.181	0.774
36.665	4.577e-01	-3.967	2143	5.228	0.733
36.665	6.042e-01	-4.112	2021	5.270	0.698
36.665	7.895e-01	-4.263	1890	5.306	0.670
36.665	1.038e+00	-4.420	1757	5.336	0.647
36.665	1.364e+00	-4.574	1633	5.363	0.627
36.665	1.780e+00	-4.732	1511	5.386	0.611
36.665	2.349e+00	-4.899	1389	5.406	0.597
36.665	3.075e+00	-5.062	1277	5.424	0.585
36.665	4.067e+00	-5.233	1168	5.440	0.574
36.665	5.368e+00	-5.416	1060	5.454	0.565
36.665	7.027e+00	-5.588	967	5.465	0.558
36.665	9.276e+00	-5.770	876	5.476	0.551
39.807	1.033e-04	-1.117	3226	3.124	8.610
39.807	1.352e-04	-1.190	3243	3.206	7.833
39.807	1.767e-04	-1.258	3253	3.279	7.200
39.807	2.305e-04	-1.307	3258	3.331	6.782
39.807	3.043e-04	-1.336	3260	3.362	6.549
39.807	3.983e-04	-1.361	3262	3.387	6.362
39.807	5.258e-04	-1.406	3265	3.434	6.025
39.807	6.883e-04	-1.527	3256	3.550	5.275
39.807	9.086e-04	-1.662	3236	3.674	4.570
39.807	1.189e-03	-1.785	3198	3.777	4.059
39.807	1.570e-03	-1.903	3154	3.871	3.644
39.807	2.055e-03	-2.015	3101	3.953	3.314
39.807	2.713e-03	-2.127	3041	4.032	3.029
39.807	3.546e-03	-2.234	2978	4.102	2.793
39.807	4.662e-03	-2.340	2912	4.169	2.584
39.807	6.127e-03	-2.444	2847	4.234	2.400
39.807	8.055e-03	-2.537	2796	4.296	2.234
39.807	1.055e-02	-2.624	2755	4.357	2.083
39.807	1.381e-02	-2.705	2722	4.417	1.942
39.807	1.812e-02	-2.783	2699	4.480	1.808
39.807	2.382e-02	-2.857	2683	4.544	1.680
39.807	3.132e-02	-2.928	2674	4.609	1.557
39.807	4.116e-02	-3.000	2668	4.677	1.441
39.807	5.412e-02	-3.073	2662	4.746	1.331
39.807	7.113e-02	-3.143	2663	4.817	1.226
39.807	9.278e-02	-3.214	2662	4.887	1.131
39.807	1.218e-01	-3.318	2613	4.958	1.042
39.807	1.595e-01	-3.425	2550	5.024	0.966
39.807	2.087e-01	-3.530	2488	5.086	0.900
39.807	2.740e-01	-3.634	2423	5.144	0.841
39.807	3.601e-01	-3.740	2353	5.199	0.790
39.807	4.734e-01	-3.871	2245	5.248	0.746
39.807	6.222e-01	-4.001	2134	5.291	0.711
39.807	8.116e-01	-4.129	2024	5.326	0.682
39.807	1.071e+00	-4.269	1902	5.358	0.658
39.807	1.400e+00	-4.401	1790	5.384	0.638
39.807	1.841e+00	-4.528	1686	5.408	0.621
39.807	2.434e+00	-4.673	1570	5.429	0.606
39.807	3.199e+00	-4.810	1466	5.447	0.593
39.807	4.231e+00	-4.958	1360	5.465	0.582
39.807	5.563e+00	-5.110	1257	5.480	0.571
39.807	7.285e+00	-5.269	1156	5.494	0.562
39.807	9.537e+00	-5.440	1056	5.507	0.554
41.903	1.005e-04	-1.080	3234	3.114	8.936
41.903	1.319e-04	-1.153	3251	3.196	8.129
41.903	1.734e-04	-1.220	3263	3.269	7.472
41.903	2.289e-04	-1.268	3269	3.321	7.044
41.903	2.996e-04	-1.295	3272	3.349	6.822
41.903	3.933e-04	-1.320	3274	3.375	6.616
41.903	5.169e-04	-1.370	3278	3.427	6.234
41.903	6.796e-04	-1.498	3272	3.552	5.398
41.903	8.932e-04	-1.628	3254	3.672	4.699
41.903	1.174e-03	-1.749	3223	3.777	4.168
41.903	1.543e-03	-1.863	3184	3.869	3.747
41.903	2.013e-03	-1.970	3138	3.951	3.410
41.903	2.657e-03	-2.080	3083	4.030	3.113
41.903	3.473e-03	-2.186	3021	4.101	2.867
41.903	4.530e-03	-2.289	2958	4.168	2.655
41.903	5.979e-03	-2.395	2891	4.234	2.460
41.903	7.827e-03	-2.489	2838	4.296	2.291
41.903	1.033e-02	-2.581	2792	4.359	2.131
41.903	1.353e-02	-2.667	2752	4.420	1.987
41.903	1.785e-02	-2.746	2725	4.483	1.848
41.903	2.337e-02	-2.823	2703	4.545	1.721
41.903	3.085e-02	-2.896	2691	4.611	1.595
41.903	4.039e-02	-2.966	2685	4.676	1.480
41.903	5.331e-02	-3.040	2677	4.745	1.366
41.903	6.979e-02	-3.110	2675	4.814	1.262
41.903	9.212e-02	-3.183	2675	4.887	1.161
41.903	1.204e-01	-3.267	2655	4.958	1.070
41.903	1.589e-01	-3.379	2591	5.027	0.988
41.903	2.080e-01	-3.483	2529	5.090	0.919
41.903	2.709e-01	-3.582	2469	5.147	0.860
41.903	3.555e-01	-3.682	2406	5.202	0.808
41.903	4.672e-01	-3.790	2327	5.252	0.763
41.903	6.179e-01	-3.916	2219	5.296	0.725
41.903	8.124e-01	-4.030	2122	5.332	0.695
41.903	1.068e+00	-4.144	2023	5.362	0.671
41.903	1.404e+00	-4.256	1925	5.388	0.652
41.903	1.838e+00	-4.360	1834	5.408	0.637
41.903	2.407e+00	-4.450	1760	5.426	0.624
41.903	3.159e+00	-4.548	1679	5.443	0.612
41.903	4.151e+00	-4.644	1602	5.457	0.602
41.903	5.449e+00	-4.735	1531	5.470	0.593
41.903	7.161e+00	-4.834	1457	5.483	0.585
41.903	9.415e+00	-4.936	1384	5.495	0.577
45.045	1.035e-04	-1.047	3250	3.121	9.191
45.045	1.351e-04	-1.117	3266	3.199	8.403
45.045	1.783e-04	-1.179	3278	3.267	7.770
45.045	2.334e-04	-1.217	3283	3.308	7.409
45.045	3.081e-04	-1.241	3287	3.334	7.191
45.045	4.026e-04	-1.270	3291	3.365	6.940
45.045	5.293e-04	-1.339	3297	3.437	6.387
45.045	6.956e-04	-1.476	3293	3.573	5.465
45.045	9.146e-04	-1.601	3276	3.688	4.786
45.045	1.202e-03	-1.713	3254	3.789	4.258
45.045	1.568e-03	-1.823	3216	3.878	3.845
45.045	2.058e-03	-1.928	3176	3.962	3.492
45.045	2.705e-03	-2.034	3126	4.040	3.190
45.045	3.528e-03	-2.136	3072	4.112	2.938
45.045	4.657e-03	-2.243	3008	4.182	2.708
45.045	6.085e-03	-2.346	2943	4.247	2.514
45.045	7.938e-03	-2.438	2892	4.309	2.341
45.045	1.048e-02	-2.533	2840	4.372	2.176
45.045	1.369e-02	-2.620	2798	4.433	2.030
45.045	1.786e-02	-2.702	2761	4.493	1.895
45.045	2.357e-02	-2.781	2737	4.556	1.762
45.045	3.086e-02	-2.855	2719	4.618	1.639
45.045	4.051e-02	-2.926	2709	4.683	1.521
45.045	5.304e-02	-2.997	2702	4.750	1.410
45.045	6.944e-02	-3.070	2693	4.817	1.304
45.045	9.166e-02	-3.141	2694	4.888	1.201
45.045	1.200e-01	-3.212	2693	4.959	1.108
45.045	1.575e-01	-3.310	2650	5.029	1.022
45.045	2.070e-01	-3.416	2588	5.094	0.948
45.045	2.717e-01	-3.517	2527	5.153	0.886
45.045	3.557e-01	-3.610	2470	5.207	0.833
45.045	4.649e-01	-3.695	2416	5.254	0.789
45.045	6.064e-01	-3.784	2350	5.295	0.753
45.045	8.004e-01	-3.880	2269	5.329	0.723
45.045	1.048e+00	-3.957	2202	5.355	0.702
45.045	1.375e+00	-4.019	2149	5.374	0.687
45.045	1.808e+00	-4.069	2106	5.389	0.675
45.045	2.358e+00	-4.106	2073	5.399	0.668
45.045	3.112e+00	-4.130	2051	5.405	0.663
45.045	4.074e+00	-4.143	2040	5.408	0.661
45.045	5.347e+00	-4.148	2035	5.409	0.660
45.045	7.002e+00	-4.150	2034	5.410	0.659
45.045	9.151e+00	-4.151	2033	5.410	0.659
47.140	1.008e-04	-1.014	3257	3.112	9.503
47.140	1.325e-04	-1.085	3274	3.191	8.675
47.140	1.742e-04	-1.144	3285	3.256	8.047
47.140	2.290e-04	-1.181	3291	3.296	7.684
47.140	2.987e-04	-1.204	3294	3.321	7.470
47.140	3.942e-04	-1.235	3299	3.354	7.190
47.140	5.161e-04	-1.306	3308	3.430	6.585
47.140	6.825e-04	-1.444	3308	3.568	5.618
47.140	9.009e-04	-1.570	3291	3.685	4.913
47.140	1.177e-03	-1.678	3274	3.784	4.384
47.140	1.536e-03	-1.785	3241	3.873	3.955
47.140	2.027e-03	-1.891	3203	3.959	3.582
47.140	2.654e-03	-1.993	3159	4.037	3.274
47.140	3.455e-03	-2.093	3109	4.109	3.013
47.140	4.535e-03	-2.198	3048	4.180	2.779
47.140	5.960e-03	-2.302	2984	4.247	2.572
47.140	7.774e-03	-2.395	2932	4.310	2.393
47.140	1.026e-02	-2.491	2879	4.374	2.223
47.140	1.341e-02	-2.580	2832	4.434	2.073
47.140	1.749e-02	-2.666	2790	4.494	1.935
47.140	2.309e-02	-2.747	2761	4.557	1.800
47.140	3.023e-02	-2.824	2737	4.619	1.676
47.140	3.990e-02	-2.897	2724	4.684	1.555
47.140	5.223e-02	-2.967	2718	4.749	1.442
47.140	6.895e-02	-3.042	2708	4.818	1.332
47.140	9.010e-02	-3.111	2705	4.886	1.232
47.140	1.185e-01	-3.182	2705	4.957	1.136
47.140	1.557e-01	-3.263	2690	5.028	1.047
47.140	2.031e-01	-3.367	2629	5.092	0.972
47.140	2.681e-01	-3.469	2568	5.153	0.906
47.140	3.503e-01	-3.559	2513	5.205	0.853
47.140	4.554e-01	-3.638	2464	5.250	0.811
47.140	5.940e-01	-3.708	2419	5.288	0.776
47.140	7.734e-01	-3.773	2371	5.319	0.749
47.140	1.021e+00	-3.836	2319	5.342	0.729
47.140	1.336e+00	-3.878	2282	5.357	0.716
47.140	1.754e+00	-3.904	2260	5.366	0.709
47.140	2.305e+00	-3.917	2249	5.370	0.706
47.140	3.007e+00	-3.922	2244	5.372	0.704
47.140	3.947e+00	-3.924	2242	5.373	0.704
47.140	5.231e+00	-3.924	2242	5.373	0.704
47.140	6.962e+00	-3.925	2242	5.373	0.704
47.140	9.266e+00	-3.925	2241	5.373	0.703
50.283	1.029e-04	-0.984	3271	3.117	9.761
50.283	1.345e-04	-1.050	3287	3.191	8.962
50.283	1.755e-04	-1.102	3297	3.248	8.389
50.283	2.316e-04	-1.134	3302	3.283	8.057
50.283	3.032e-04	-1.157	3306	3.308	7.832
50.283	3.979e-04	-1.193	3311	3.346	7.491
50.283	5.230e-04	-1.286	3325	3.447	6.675
50.283	6.876e-04	-1.418	3325	3.578	5.735
50.283	9.037e-04	-1.536	3312	3.690	5.043
50.283	1.179e-03	-1.642	3295	3.787	4.511
50.283	1.532e-03	-1.741	3273	3.875	4.077
50.283	2.011e-03	-1.845	3236	3.959	3.699
50.283	2.643e-03	-1.946	3198	4.039	3.374
50.283	3.448e-03	-2.045	3152	4.113	3.100
50.283	4.525e-03	-2.146	3098	4.184	2.855
50.283	5.926e-03	-2.248	3037	4.252	2.642
50.283	7.758e-03	-2.343	2986	4.317	2.452
50.283	1.024e-02	-2.440	2931	4.382	2.275
50.283	1.338e-02	-2.532	2879	4.443	2.120
50.283	1.746e-02	-2.619	2835	4.503	1.978
50.283	2.304e-02	-2.706	2794	4.565	1.841
50.283	3.016e-02	-2.783	2770	4.627	1.716
50.283	3.982e-02	-2.860	2750	4.691	1.594
50.283	5.212e-02	-2.930	2739	4.755	1.480
50.283	6.880e-02	-3.004	2731	4.823	1.369
50.283	9.007e-02	-3.076	2722	4.890	1.268
50.283	1.189e-01	-3.147	2722	4.960	1.169
50.283	1.556e-01	-3.216	2721	5.028	1.080
50.283	2.043e-01	-3.308	2681	5.096	1.000
50.283	2.685e-01	-3.407	2623	5.156	0.933
50.283	3.524e-01	-3.493	2571	5.207	0.880
50.283	4.614e-01	-3.565	2526	5.248	0.839
50.283	6.041e-01	-3.622	2490	5.280	0.808
50.283	7.928e-01	-3.664	2463	5.304	0.787
50.283	1.042e+00	-3.691	2446	5.319	0.773
50.283	1.370e+00	-3.706	2436	5.327	0.766
50.283	1.794e+00	-3.713	2431	5.330	0.763
50.283	2.349e+00	-3.715	2430	5.332	0.762
50.283	3.083e+00	-3.716	2429	5.332	0.762
50.283	4.085e+00	-3.716	2429	5.332	0.762
50.283	5.437e+00	-3.717	2429	5.332	0.761
50.283	7.237e+00	-3.717	2429	5.332	0.761
50.283	9.632e+00	-3.717	2429	5.333	0.761
52.378	1.014e-04	-0.957	3278	3.111	10.021
52.378	1.328e-04	-1.022	3294	3.185	9.211
52.378	1.753e-04	-1.073	3305	3.241	8.628
52.378	2.290e-04	-1.102	3309	3.273	8.321
52.378	2.987e-04	-1.125	3313	3.297	8.089
52.378	3.943e-04	-1.164	3319	3.340	7.703
52.378	5.162e-04	-1.263	3334	3.447	6.813
52.378	6.776e-04	-1.391	3336	3.575	5.873
52.378	8.905e-04	-1.507	3326	3.687	5.168
52.378	1.171e-03	-1.616	3309	3.786	4.610
52.378	1.539e-03	-1.717	3290	3.877	4.150
52.378	2.007e-03	-1.817	3257	3.960	3.773
52.378	2.649e-03	-1.918	3220	4.041	3.436
52.378	3.468e-03	-2.016	3178	4.116	3.151
52.378	4.552e-03	-2.116	3127	4.188	2.900
52.378	5.983e-03	-2.219	3067	4.257	2.679
52.378	7.866e-03	-2.314	3017	4.324	2.481
52.378	1.034e-02	-2.411	2962	4.389	2.303
52.378	1.348e-02	-2.503	2910	4.450	2.146
52.378	1.780e-02	-2.596	2860	4.513	1.996
52.378	2.330e-02	-2.683	2817	4.574	1.861
52.378	3.076e-02	-2.763	2789	4.636	1.732
52.378	4.027e-02	-2.839	2766	4.698	1.612
52.378	5.315e-02	-2.913	2752	4.764	1.496
52.378	6.958e-02	-2.983	2744	4.829	1.388
52.378	9.184e-02	-3.058	2734	4.897	1.283
52.378	1.200e-01	-3.126	2732	4.964	1.188
52.378	1.578e-01	-3.195	2732	5.033	1.097
52.378	2.066e-01	-3.273	2714	5.099	1.017
52.378	2.705e-01	-3.368	2657	5.157	0.950
52.378	3.551e-01	-3.450	2607	5.207	0.898
52.378	4.667e-01	-3.517	2567	5.246	0.859
52.378	6.087e-01	-3.564	2537	5.273	0.832
52.378	8.035e-01	-3.596	2517	5.291	0.815
52.378	1.052e+00	-3.613	2506	5.301	0.806
52.378	1.370e+00	-3.621	2501	5.305	0.802
52.378	1.797e+00	-3.623	2499	5.306	0.801
52.378	2.362e+00	-3.624	2499	5.307	0.800
52.378	3.144e+00	-3.624	2499	5.307	0.800
52.378	4.185e+00	-3.624	2499	5.307	0.800
52.378	5.570e+00	-3.625	2499	5.307	0.800
52.378	7.414e+00	-3.625	2498	5.307	0.800
52.378	9.868e+00	-3.626	2498	5.308	0.800
55.521	1.006e-04	-0.923	3289	3.108	10.354
55.521	1.317e-04	-0.985	3304	3.178	9.552
55.521	1.728e-04	-1.031	3315	3.229	9.006
55.521	2.271e-04	-1.058	3319	3.259	8.705
55.521	2.962e-04	-1.081	3323	3.284	8.453
55.521	3.910e-04	-1.126	3330	3.333	7.994
55.521	5.119e-04	-1.236	3347	3.451	6.976
55.521	6.757e-04	-1.362	3350	3.579	6.021
55.521	8.901e-04	-1.475	3345	3.689	5.305
55.521	1.166e-03	-1.580	3329	3.786	4.745
55.521	1.526e-03	-1.679	3311	3.876	4.281
55.521	2.003e-03	-1.777	3287	3.961	3.882
55.521	2.632e-03	-1.876	3251	4.041	3.538
55.521	3.461e-03	-1.973	3214	4.118	3.238
55.521	4.548e-03	-2.072	3166	4.191	2.976
55.521	5.933e-03	-2.169	3116	4.260	2.751
55.521	7.831e-03	-2.265	3066	4.329	2.541
55.521	1.025e-02	-2.361	3013	4.394	2.358
55.521	1.346e-02	-2.457	2958	4.457	2.191
55.521	1.768e-02	-2.551	2904	4.520	2.039
55.521	2.325e-02	-2.641	2858	4.581	1.899
55.521	3.045e-02	-2.724	2820	4.642	1.771
55.521	3.986e-02	-2.801	2795	4.703	1.651
55.521	5.231e-02	-2.876	2776	4.766	1.535
55.521	6.876e-02	-2.947	2764	4.831	1.425
55.521	9.040e-02	-3.019	2755	4.897	1.320
55.521	1.184e-01	-3.091	2747	4.963	1.224
55.521	1.547e-01	-3.156	2747	5.029	1.135
55.521	2.018e-01	-3.220	2747	5.092	1.055
55.521	2.623e-01	-3.298	2716	5.150	0.987
55.521	3.443e-01	-3.377	2668	5.199	0.933
55.521	4.525e-01	-3.437	2632	5.235	0.895
55.521	5.902e-01	-3.475	2608	5.257	0.872
55.521	7.791e-01	-3.498	2594	5.271	0.859
55.521	1.018e+00	-3.507	2588	5.276	0.854
55.521	1.328e+00	-3.511	2586	5.278	0.852
55.521	1.743e+00	-3.511	2585	5.278	0.851
55.521	2.310e+00	-3.511	2585	5.278	0.851
55.521	3.074e+00	-3.512	2585	5.279	0.851
55.521	4.092e+00	-3.512	2585	5.279	0.851
55.521	5.447e+00	-3.512	2585	5.279	0.851
55.521	7.249e+00	-3.513	2585	5.279	0.851
55.521	9.649e+00	-3.513	2584	5.279	0.850
57.616	1.029e-04	-0.909	3296	3.114	10.478
57.616	1.352e-04	-0.968	3312	3.181	9.700
57.616	1.777e-04	-1.008	3322	3.226	9.206
57.616	2.336e-04	-1.032	3326	3.253	8.927
57.616	3.047e-04	-1.058	3330	3.281	8.647
57.616	4.022e-04	-1.113	3339	3.341	8.071
57.616	5.298e-04	-1.235	3358	3.472	6.939
57.616	6.963e-04	-1.356	3359	3.594	6.032
57.616	9.139e-04	-1.465	3354	3.700	5.338
57.616	1.197e-03	-1.568	3339	3.796	4.781
57.616	1.567e-03	-1.666	3321	3.884	4.317
57.616	2.056e-03	-1.761	3301	3.969	3.917
57.616	2.693e-03	-1.858	3267	4.048	3.574
57.616	3.525e-03	-1.953	3233	4.124	3.276
57.616	4.653e-03	-2.053	3187	4.199	3.005
57.616	6.081e-03	-2.147	3141	4.268	2.775
57.616	8.026e-03	-2.244	3092	4.338	2.561
57.616	1.051e-02	-2.339	3039	4.403	2.375
57.616	1.379e-02	-2.436	2983	4.468	2.206
57.616	1.812e-02	-2.531	2928	4.530	2.052
57.616	2.364e-02	-2.619	2881	4.590	1.915
57.616	3.103e-02	-2.706	2839	4.651	1.785
57.616	4.078e-02	-2.784	2812	4.713	1.662
57.616	5.319e-02	-2.859	2790	4.774	1.550
57.616	6.981e-02	-2.931	2777	4.838	1.440
57.616	9.176e-02	-3.002	2768	4.903	1.335
57.616	1.206e-01	-3.074	2758	4.970	1.238
57.616	1.586e-01	-3.140	2757	5.035	1.148
57.616	2.085e-01	-3.204	2757	5.099	1.067
57.616	2.730e-01	-3.270	2743	5.156	0.999
57.616	3.574e-01	-3.343	2699	5.201	0.948
57.616	4.690e-01	-3.395	2668	5.232	0.915
57.616	6.142e-01	-3.425	2649	5.250	0.896
57.616	8.027e-01	-3.440	2640	5.259	0.887
57.616	1.047e+00	-3.445	2637	5.262	0.883
57.616	1.382e+00	-3.446	2636	5.263	0.883
57.616	1.836e+00	-3.447	2636	5.263	0.882
57.616	2.443e+00	-3.447	2636	5.263	0.882
57.616	3.252e+00	-3.447	2635	5.264	0.882
57.616	4.328e+00	-3.447	2635	5.264	0.882
57.616	5.761e+00	-3.448	2635	5.264	0.882
57.616	7.668e+00	-3.448	2635	5.264	0.882
57.616	1.000e+01	-3.449	2635	5.264	0.881
60.759	1.020e-04	-0.880	3303	3.112	10.789
60.759	1.341e-04	-0.934	3320	3.174	10.038
60.759	1.749e-04	-0.968	3330	3.214	9.586
60.759	2.309e-04	-0.992	3335	3.240	9.303
60.759	3.018e-04	-1.019	3340	3.270	8.988
60.759	3.968e-04	-1.082	3350	3.338	8.317
60.759	5.215e-04	-1.206	3369	3.472	7.129
60.759	6.802e-04	-1.320	3373	3.588	6.237
60.759	8.978e-04	-1.430	3368	3.695	5.511
60.759	1.175e-03	-1.530	3358	3.791	4.938
60.759	1.551e-03	-1.631	3340	3.882	4.446
60.759	2.027e-03	-1.723	3323	3.965	4.040
60.759	2.645e-03	-1.815	3297	4.044	3.689
60.759	3.471e-03	-1.910	3263	4.121	3.375
60.759	4.562e-03	-2.006	3225	4.196	3.097
60.759	5.998e-03	-2.102	3179	4.268	2.851
60.759	7.883e-03	-2.194	3139	4.337	2.631
60.759	1.041e-02	-2.292	3087	4.406	2.431
60.759	1.360e-02	-2.388	3031	4.470	2.257
60.759	1.774e-02	-2.482	2976	4.532	2.102
60.759	2.341e-02	-2.577	2922	4.596	1.954
60.759	3.065e-02	-2.665	2876	4.656	1.823
60.759	4.023e-02	-2.747	2841	4.717	1.699
60.759	5.287e-02	-2.826	2814	4.779	1.582
60.759	6.951e-02	-2.900	2797	4.842	1.471
60.759	9.136e-02	-2.970	2787	4.907	1.366
60.759	1.201e-01	-3.041	2777	4.971	1.268
60.759	1.573e-01	-3.108	2771	5.034	1.180
60.759	2.059e-01	-3.168	2771	5.094	1.101
60.759	2.703e-01	-3.223	2770	5.149	1.034
60.759	3.539e-01	-3.277	2754	5.193	0.983
60.759	4.625e-01	-3.322	2727	5.221	0.951
60.759	6.032e-01	-3.347	2712	5.236	0.935
60.759	7.918e-01	-3.357	2706	5.242	0.929
60.759	1.029e+00	-3.360	2704	5.244	0.927
60.759	1.348e+00	-3.360	2704	5.244	0.926
60.759	1.776e+00	-3.360	2704	5.244	0.926
60.759	2.363e+00	-3.361	2703	5.244	0.926
60.759	3.145e+00	-3.361	2703	5.245	0.926
60.759	4.187e+00	-3.361	2703	5.245	0.926
60.759	5.548e+00	-3.361	2703	5.245	0.926
60.759	7.385e+00	-3.362	2703	5.245	0.925
60.759	9.829e+00	-3.362	2702	5.245	0.925
62.854	1.014e-04	-0.862	3307	3.110	10.993
62.854	1.333e-04	-0.912	3324	3.170	10.264
62.854	1.746e-04	-0.944	3335	3.207	9.829
62.854	2.286e-04	-0.966	3341	3.232	9.553
62.854	3.000e-04	-0.995	3346	3.264	9.209
62.854	3.943e-04	-1.064	3357	3.338	8.456
62.854	5.204e-04	-1.190	3376	3.474	7.230
62.854	6.855e-04	-1.306	3380	3.593	6.308
62.854	9.010e-04	-1.412	3377	3.697	5.592
62.854	1.175e-03	-1.510	3370	3.791	5.022
62.854	1.551e-03	-1.610	3352	3.882	4.522
62.854	2.027e-03	-1.702	3334	3.965	4.110
62.854	2.665e-03	-1.794	3314	4.046	3.742
62.854	3.490e-03	-1.889	3280	4.123	3.425
62.854	4.569e-03	-1.982	3245	4.197	3.145
62.854	6.031e-03	-2.078	3202	4.271	2.890
62.854	7.896e-03	-2.167	3166	4.340	2.668
62.854	1.036e-02	-2.263	3116	4.408	2.467
62.854	1.362e-02	-2.361	3061	4.475	2.285
62.854	1.791e-02	-2.458	3003	4.539	2.122
62.854	2.354e-02	-2.553	2947	4.602	1.974
62.854	3.070e-02	-2.641	2900	4.661	1.843
62.854	4.052e-02	-2.728	2858	4.724	1.716
62.854	5.305e-02	-2.805	2832	4.784	1.600
62.854	7.002e-02	-2.882	2810	4.848	1.487
62.854	9.166e-02	-2.952	2799	4.910	1.384
62.854	1.210e-01	-3.022	2789	4.975	1.284
62.854	1.584e-01	-3.089	2780	5.037	1.197
62.854	2.091e-01	-3.149	2780	5.096	1.117
62.854	2.737e-01	-3.201	2780	5.148	1.053
62.854	3.613e-01	-3.243	2779	5.189	1.004
62.854	4.730e-01	-3.279	2763	5.215	0.974
62.854	6.208e-01	-3.299	2751	5.228	0.960
62.854	8.159e-01	-3.306	2746	5.232	0.955
62.854	1.073e+00	-3.308	2745	5.233	0.954
62.854	1.422e+00	-3.308	2745	5.233	0.954
62.854	1.892e+00	-3.308	2745	5.233	0.954
62.854	2.518e+00	-3.309	2745	5.234	0.954
62.854	3.352e+00	-3.309	2745	5.234	0.954
62.854	4.461e+00	-3.309	2745	5.234	0.953
62.854	5.938e+00	-3.309	2745	5.234	0.953
62.854	7.887e+00	-3.310	2744	5.234	0.953
62.854	1.000e+01	-3.310	2744	5.235	0.953
65.997	1.024e-04	-0.839	3315	3.113	11.234
65.997	1.341e-04	-0.884	3330	3.165	10.573
65.997	1.760e-04	-0.912	3339	3.198	10.179
65.997	2.313e-04	-0.933	3346	3.223	9.895
65.997	3.016e-04	-0.964	3354	3.258	9.502
65.997	3.982e-04	-1.048	3369	3.350	8.550
65.997	5.212e-04	-1.169	3388	3.481	7.354
65.997	6.880e-04	-1.284	3391	3.597	6.432
65.997	9.007e-04	-1.386	3390	3.698	5.722
65.997	1.189e-03	-1.486	3382	3.795	5.120
65.997	1.554e-03	-1.581	3368	3.882	4.630
65.997	2.027e-03	-1.672	3351	3.965	4.211
65.997	2.675e-03	-1.763	3334	4.047	3.829
65.997	3.502e-03	-1.856	3305	4.125	3.503
65.997	4.622e-03	-1.951	3271	4.201	3.207
65.997	6.051e-03	-2.042	3236	4.273	2.952
65.997	7.988e-03	-2.133	3200	4.346	2.716
65.997	1.046e-02	-2.226	3155	4.414	2.510
65.997	1.372e-02	-2.323	3102	4.481	2.323
65.997	1.804e-02	-2.421	3043	4.547	2.155
65.997	2.353e-02	-2.515	2987	4.608	2.008
65.997	3.106e-02	-2.609	2934	4.671	1.868
65.997	4.065e-02	-2.697	2888	4.731	1.743
65.997	5.366e-02	-2.778	2857	4.793	1.622
65.997	7.025e-02	-2.855	2831	4.854	1.513
65.997	9.273e-02	-2.927	2815	4.917	1.407
65.997	1.214e-01	-2.994	2807	4.979	1.311
65.997	1.602e-01	-3.061	2797	5.040	1.221
65.997	2.098e-01	-3.119	2793	5.095	1.146
65.997	2.753e-01	-3.166	2793	5.143	1.085
65.997	3.619e-01	-3.203	2793	5.179	1.041
65.997	4.720e-01	-3.225	2792	5.201	1.015
65.997	6.195e-01	-3.236	2792	5.212	1.002
65.997	8.112e-01	-3.240	2792	5.216	0.997
65.997	1.060e+00	-3.241	2792	5.217	0.996
65.997	1.399e+00	-3.241	2792	5.217	0.996
65.997	1.863e+00	-3.242	2792	5.217	0.996
65.997	2.479e+00	-3.242	2792	5.217	0.996
65.997	3.300e+00	-3.242	2792	5.217	0.996
65.997	4.392e+00	-3.242	2792	5.218	0.995
65.997	5.845e+00	-3.242	2792	5.218	0.995
65.997	7.780e+00	-3.243	2792	5.218	0.995
65.997	1.000e+01	-3.243	2792	5.219	0.994
67.044	1.027e-04	-0.831	3317	3.113	11.316
67.044	1.355e-04	-0.875	3332	3.165	10.660
67.044	1.774e-04	-0.901	3341	3.196	10.289
67.044	2.329e-04	-0.922	3348	3.220	10.003
67.044	3.061e-04	-0.956	3357	3.259	9.566
67.044	4.024e-04	-1.046	3373	3.357	8.543
67.044	5.322e-04	-1.170	3393	3.491	7.327
67.044	6.995e-04	-1.282	3394	3.604	6.433
67.044	9.197e-04	-1.384	3394	3.706	5.718
67.044	1.204e-03	-1.482	3386	3.799	5.136
67.044	1.574e-03	-1.575	3373	3.886	4.646
67.044	2.053e-03	-1.666	3356	3.968	4.227
67.044	2.710e-03	-1.758	3339	4.051	3.844
67.044	3.541e-03	-1.849	3312	4.128	3.518
67.044	4.619e-03	-1.939	3279	4.201	3.232
67.044	6.097e-03	-2.032	3245	4.276	2.967
67.044	8.032e-03	-2.123	3210	4.348	2.730
67.044	1.056e-02	-2.217	3167	4.418	2.519
67.044	1.388e-02	-2.314	3113	4.486	2.330
67.044	1.817e-02	-2.411	3056	4.550	2.163
67.044	2.379e-02	-2.506	2998	4.613	2.013
67.044	3.141e-02	-2.601	2944	4.676	1.872
67.044	4.111e-02	-2.689	2897	4.736	1.747
67.044	5.427e-02	-2.771	2864	4.798	1.626
67.044	7.104e-02	-2.849	2837	4.859	1.517
67.044	9.378e-02	-2.921	2821	4.921	1.411
67.044	1.228e-01	-2.987	2812	4.982	1.316
67.044	1.620e-01	-3.054	2803	5.043	1.227
67.044	2.121e-01	-3.111	2797	5.097	1.153
67.044	2.762e-01	-3.156	2797	5.141	1.095
67.044	3.646e-01	-3.190	2797	5.176	1.052
67.044	4.773e-01	-3.211	2797	5.197	1.028
67.044	6.264e-01	-3.221	2797	5.206	1.016
67.044	8.203e-01	-3.224	2797	5.210	1.013
67.044	1.081e+00	-3.225	2797	5.210	1.012
67.044	1.438e+00	-3.225	2797	5.211	1.011
67.044	1.914e+00	-3.225	2797	5.211	1.011
67.044	2.548e+00	-3.225	2797	5.211	1.011
67.044	3.391e+00	-3.226	2797	5.211	1.011
67.044	4.514e+00	-3.226	2797	5.211	1.011
67.044	5.982e+00	-3.226	2797	5.211	1.010
67.044	7.962e+00	-3.227	2797	5.212	1.010
68.092	1.015e-04	-0.821	3319	3.110	11.439
68.092	1.339e-04	-0.864	3333	3.161	10.790
68.092	1.753e-04	-0.890	3342	3.191	10.420
68.092	2.301e-04	-0.911	3349	3.216	10.132
68.092	3.024e-04	-0.945	3358	3.255	9.687
68.092	3.976e-04	-1.034	3376	3.354	8.646
68.092	5.258e-04	-1.158	3395	3.487	7.418
68.092	6.911e-04	-1.269	3398	3.600	6.513
68.092	9.087e-04	-1.371	3398	3.702	5.790
68.092	1.194e-03	-1.470	3391	3.796	5.193
68.092	1.558e-03	-1.562	3379	3.883	4.700
68.092	2.056e-03	-1.657	3361	3.969	4.258
68.092	2.687e-03	-1.745	3345	4.048	3.885
68.092	3.533e-03	-1.837	3321	4.127	3.548
68.092	4.626e-03	-1.929	3287	4.202	3.255
68.092	6.056e-03	-2.018	3256	4.275	2.995
68.092	7.949e-03	-2.108	3223	4.346	2.758
68.092	1.045e-02	-2.200	3182	4.416	2.543
68.092	1.363e-02	-2.295	3130	4.483	2.357
68.092	1.774e-02	-2.390	3074	4.546	2.190
68.092	2.307e-02	-2.483	3018	4.608	2.041
68.092	3.045e-02	-2.579	2962	4.671	1.897
68.092	3.979e-02	-2.667	2914	4.731	1.771
68.092	5.190e-02	-2.749	2877	4.790	1.654
68.092	6.851e-02	-2.828	2848	4.852	1.540
68.092	8.968e-02	-2.900	2830	4.913	1.436
68.092	1.184e-01	-2.969	2819	4.975	1.337
68.092	1.550e-01	-3.033	2810	5.034	1.250
68.092	2.034e-01	-3.093	2802	5.088	1.174
68.092	2.673e-01	-3.139	2802	5.135	1.113
68.092	3.487e-01	-3.173	2801	5.168	1.070
68.092	4.540e-01	-3.194	2801	5.189	1.045
68.092	5.993e-01	-3.205	2801	5.200	1.032
68.092	7.832e-01	-3.208	2801	5.203	1.028
68.092	1.030e+00	-3.209	2801	5.204	1.027
68.092	1.365e+00	-3.209	2801	5.204	1.027
68.092	1.816e+00	-3.210	2801	5.204	1.027
68.092	2.417e+00	-3.210	2801	5.204	1.026
68.092	3.218e+00	-3.210	2801	5.205	1.026
68.092	4.283e+00	-3.210	2801	5.205	1.026
68.092	5.700e+00	-3.210	2801	5.205	1.026
68.092	7.587e+00	-3.211	2801	5.206	1.025
68.092	1.000e+01	-3.211	2801	5.206	1.025
69.139	1.026e-04	-0.815	3322	3.113	11.495
69.139	1.344e-04	-0.855	3335	3.160	10.892
69.139	1.763e-04	-0.880	3343	3.189	10.533
69.139	2.309e-04	-0.901	3350	3.213	10.242
69.139	3.023e-04	-0.935	3360	3.253	9.780
69.139	3.990e-04	-1.030	3380	3.358	8.667
69.139	5.277e-04	-1.152	3399	3.490	7.448
69.139	6.908e-04	-1.262	3401	3.600	6.558
69.139	9.067e-04	-1.362	3402	3.701	5.837
69.139	1.192e-03	-1.460	3395	3.796	5.236
69.139	1.554e-03	-1.552	3385	3.882	4.740
69.139	2.052e-03	-1.647	3367	3.968	4.294
69.139	2.686e-03	-1.736	3351	4.048	3.916
69.139	3.545e-03	-1.827	3329	4.128	3.571
69.139	4.641e-03	-1.920	3295	4.203	3.276
69.139	6.127e-03	-2.011	3264	4.278	3.005
69.139	8.070e-03	-2.101	3232	4.351	2.764
69.139	1.061e-02	-2.193	3192	4.421	2.548
69.139	1.383e-02	-2.288	3140	4.488	2.361
69.139	1.826e-02	-2.388	3082	4.555	2.185
69.139	2.387e-02	-2.483	3024	4.617	2.033
69.139	3.113e-02	-2.575	2969	4.678	1.896
69.139	4.109e-02	-2.667	2920	4.740	1.765
69.139	5.379e-02	-2.750	2881	4.800	1.648
69.139	7.060e-02	-2.827	2853	4.861	1.536
69.139	9.279e-02	-2.900	2834	4.922	1.432
69.139	1.220e-01	-2.967	2824	4.983	1.335
69.139	1.603e-01	-3.031	2815	5.041	1.248
69.139	2.108e-01	-3.089	2806	5.094	1.174
69.139	2.771e-01	-3.133	2806	5.138	1.117
69.139	3.643e-01	-3.165	2806	5.169	1.077
69.139	4.788e-01	-3.183	2806	5.187	1.055
69.139	6.245e-01	-3.191	2805	5.195	1.046
69.139	8.131e-01	-3.193	2805	5.198	1.043
69.139	1.067e+00	-3.194	2805	5.198	1.042
69.139	1.403e+00	-3.194	2805	5.198	1.042
69.139	1.867e+00	-3.194	2805	5.198	1.042
69.139	2.485e+00	-3.194	2805	5.199	1.042
69.139	3.307e+00	-3.195	2805	5.199	1.041
69.139	4.402e+00	-3.195	2805	5.199	1.041
69.139	5.859e+00	-3.195	2805	5.199	1.041
69.139	7.799e+00	-3.195	2805	5.200	1.040
69.139	1.000e+01	-3.196	2805	5.200	1.040
70.187	1.013e-04	-0.805	3323	3.110	11.620
70.187	1.332e-04	-0.845	3336	3.156	11.015
70.187	1.750e-04	-0.869	3344	3.185	10.658
70.187	2.283e-04	-0.889	3351	3.209	10.369
70.187	3.013e-04	-0.926	3362	3.251	9.877
70.187	3.945e-04	-1.020	3383	3.355	8.759
70.187	5.177e-04	-1.138	3401	3.483	7.563
70.187	6.805e-04	-1.248	3404	3.595	6.646
70.187	8.947e-04	-1.350	3405	3.697	5.912
70.187	1.176e-03	-1.447	3400	3.791	5.303
70.187	1.534e-03	-1.538	3390	3.878	4.800
70.187	2.024e-03	-1.633	3373	3.964	4.347
70.187	2.646e-03	-1.721	3357	4.044	3.966
70.187	3.478e-03	-1.810	3338	4.123	3.620
70.187	4.572e-03	-1.904	3305	4.199	3.316
70.187	5.963e-03	-1.991	3275	4.271	3.052
70.187	7.871e-03	-2.081	3246	4.345	2.804
70.187	1.030e-02	-2.170	3209	4.415	2.587
70.187	1.352e-02	-2.267	3158	4.483	2.390
70.187	1.777e-02	-2.365	3101	4.550	2.214
70.187	2.337e-02	-2.464	3042	4.615	2.055
70.187	3.071e-02	-2.559	2984	4.677	1.912
70.187	4.006e-02	-2.647	2935	4.737	1.786
70.187	5.258e-02	-2.734	2892	4.797	1.666
70.187	6.911e-02	-2.811	2864	4.858	1.553
70.187	9.014e-02	-2.883	2843	4.917	1.451
70.187	1.192e-01	-2.953	2830	4.979	1.352
70.187	1.567e-01	-3.016	2821	5.037	1.264
70.187	2.052e-01	-3.073	2813	5.089	1.191
70.187	2.682e-01	-3.118	2810	5.131	1.134
70.187	3.527e-01	-3.149	2810	5.163	1.093
70.187	4.635e-01	-3.168	2810	5.181	1.071
70.187	6.046e-01	-3.176	2810	5.189	1.061
70.187	7.935e-01	-3.178	2810	5.192	1.057
70.187	1.043e+00	-3.179	2810	5.192	1.057
70.187	1.388e+00	-3.179	2810	5.193	1.057
70.187	1.847e+00	-3.179	2810	5.193	1.056
70.187	2.459e+00	-3.179	2810	5.193	1.056
70.187	3.273e+00	-3.180	2810	5.193	1.056
70.187	4.356e+00	-3.180	2810	5.193	1.056
70.187	5.798e+00	-3.180	2810	5.193	1.056
70.187	7.717e+00	-3.181	2810	5.194	1.055
70.187	1.000e+01	-3.181	2810	5.194	1.054
71.234	1.013e-04	-0.798	3325	3.110	11.708
71.234	1.332e-04	-0.835	3338	3.154	11.123
71.234	1.750e-04	-0.859	3346	3.182	10.776
71.234	2.283e-04	-0.879	3353	3.206	10.480
71.234	3.013e-04	-0.917	3364	3.250	9.964
71.234	3.945e-04	-1.014	3386	3.358	8.800
71.234	5.207e-04	-1.133	3405	3.487	7.585
71.234	6.816e-04	-1.242	3407	3.597	6.685
71.234	8.947e-04	-1.342	3408	3.697	5.954
71.234	1.176e-03	-1.439	3404	3.791	5.342
71.234	1.534e-03	-1.530	3395	3.878	4.836
71.234	2.024e-03	-1.624	3378	3.964	4.380
71.234	2.650e-03	-1.713	3362	4.044	3.993
71.234	3.478e-03	-1.800	3345	4.123	3.648
71.234	4.555e-03	-1.892	3313	4.198	3.344
71.234	5.963e-03	-1.981	3284	4.271	3.074
71.234	7.826e-03	-2.067	3258	4.344	2.828
71.234	1.029e-02	-2.159	3220	4.415	2.605
71.234	1.342e-02	-2.252	3172	4.483	2.410
71.234	1.771e-02	-2.352	3115	4.551	2.229
71.234	2.318e-02	-2.449	3056	4.615	2.071
71.234	3.060e-02	-2.547	2997	4.678	1.924
71.234	3.999e-02	-2.636	2947	4.739	1.795
71.234	5.258e-02	-2.724	2901	4.799	1.674
71.234	6.911e-02	-2.802	2872	4.860	1.561
71.234	9.086e-02	-2.877	2848	4.920	1.456
71.234	1.194e-01	-2.945	2835	4.980	1.360
71.234	1.570e-01	-3.007	2827	5.037	1.273
71.234	2.064e-01	-3.064	2819	5.089	1.199
71.234	2.692e-01	-3.108	2814	5.130	1.144
71.234	3.505e-01	-3.137	2814	5.159	1.106
71.234	4.626e-01	-3.154	2814	5.177	1.084
71.234	6.046e-01	-3.162	2814	5.184	1.075
71.234	7.885e-01	-3.164	2814	5.186	1.072
71.234	1.041e+00	-3.165	2814	5.187	1.071
71.234	1.383e+00	-3.165	2814	5.187	1.071
71.234	1.840e+00	-3.165	2814	5.187	1.071
71.234	2.449e+00	-3.165	2814	5.187	1.071
71.234	3.260e+00	-3.165	2814	5.187	1.071
71.234	4.339e+00	-3.165	2814	5.188	1.071
71.234	5.775e+00	-3.166	2814	5.188	1.070
71.234	7.687e+00	-3.166	2814	5.188	1.070
71.234	1.000e+01	-3.166	2814	5.189	1.069
72.282	1.007e-04	-0.789	3327	3.109	11.811
72.282	1.318e-04	-0.825	3339	3.151	11.247
72.282	1.730e-04	-0.848	3347	3.178	10.905
72.282	2.265e-04	-0.869	3354	3.202	10.601
72.282	2.965e-04	-0.906	3365	3.245	10.093
72.282	3.914e-04	-1.004	3389	3.355	8.890
72.282	5.177e-04	-1.123	3408	3.485	7.657
72.282	6.777e-04	-1.232	3411	3.595	6.750
72.282	8.895e-04	-1.332	3411	3.695	6.012
72.282	1.169e-03	-1.428	3408	3.789	5.395
72.282	1.525e-03	-1.519	3399	3.876	4.884
72.282	2.013e-03	-1.613	3384	3.962	4.422
72.282	2.635e-03	-1.701	3368	4.042	4.032
72.282	3.458e-03	-1.788	3352	4.121	3.682
72.282	4.545e-03	-1.881	3321	4.198	3.370
72.282	5.976e-03	-1.971	3292	4.272	3.093
72.282	7.854e-03	-2.057	3267	4.345	2.844
72.282	1.037e-02	-2.150	3230	4.418	2.615
72.282	1.357e-02	-2.244	3182	4.487	2.417
72.282	1.791e-02	-2.344	3126	4.555	2.234
72.282	2.345e-02	-2.441	3067	4.619	2.075
72.282	3.078e-02	-2.537	3008	4.682	1.931
72.282	4.046e-02	-2.629	2956	4.743	1.799
72.282	5.277e-02	-2.715	2910	4.802	1.681
72.282	6.926e-02	-2.793	2880	4.862	1.569
72.282	9.102e-02	-2.868	2855	4.922	1.464
72.282	1.197e-01	-2.937	2840	4.981	1.367
72.282	1.573e-01	-2.998	2832	5.038	1.281
72.282	2.052e-01	-3.052	2824	5.088	1.210
72.282	2.671e-01	-3.096	2818	5.127	1.156
72.282	3.526e-01	-3.125	2818	5.156	1.118
72.282	4.616e-01	-3.141	2818	5.172	1.098
72.282	6.011e-01	-3.148	2818	5.179	1.089
72.282	7.934e-01	-3.150	2818	5.181	1.086
72.282	1.045e+00	-3.150	2818	5.182	1.086
72.282	1.391e+00	-3.150	2818	5.182	1.086
72.282	1.851e+00	-3.151	2818	5.182	1.086
72.282	2.464e+00	-3.151	2818	5.182	1.086
72.282	3.280e+00	-3.151	2818	5.182	1.085
72.282	4.366e+00	-3.151	2818	5.182	1.085
72.282	5.811e+00	-3.151	2818	5.183	1.085
72.282	7.734e+00	-3.152	2818	5.183	1.084
72.282	1.000e+01	-3.152	2818	5.183	1.084
73.330	1.007e-04	-0.782	3329	3.108	11.898
73.330	1.313e-04	-0.816	3340	3.149	11.360
73.330	1.734e-04	-0.838	3348	3.175	11.018
73.330	2.266e-04	-0.859	3355	3.200	10.710
73.330	2.979e-04	-0.898	3367	3.245	10.164
73.330	3.915e-04	-0.998	3392	3.358	8.926
73.330	5.168e-04	-1.116	3411	3.485	7.709
73.330	6.765e-04	-1.224	3414	3.594	6.800
73.330	8.879e-04	-1.323	3415	3.695	6.059
73.330	1.163e-03	-1.418	3412	3.787	5.445
73.330	1.519e-03	-1.509	3403	3.874	4.926
73.330	1.998e-03	-1.601	3389	3.959	4.467
73.330	2.626e-03	-1.691	3373	4.041	4.066
73.330	3.425e-03	-1.776	3357	4.118	3.721
73.330	4.452e-03	-1.864	3332	4.192	3.417
73.330	5.797e-03	-1.951	3302	4.264	3.145
73.330	7.652e-03	-2.038	3280	4.339	2.886
73.330	1.002e-02	-2.127	3245	4.410	2.659
73.330	1.322e-02	-2.223	3200	4.481	2.450
73.330	1.728e-02	-2.319	3146	4.548	2.269
73.330	2.254e-02	-2.415	3088	4.611	2.109
73.330	2.975e-02	-2.514	3028	4.676	1.958
73.330	3.895e-02	-2.606	2974	4.737	1.825
73.330	5.112e-02	-2.695	2925	4.797	1.703
73.330	6.694e-02	-2.774	2891	4.856	1.590
73.330	8.763e-02	-2.850	2864	4.915	1.486
73.330	1.157e-01	-2.920	2847	4.975	1.387
73.330	1.524e-01	-2.982	2838	5.032	1.299
73.330	2.003e-01	-3.037	2831	5.083	1.225
73.330	2.633e-01	-3.083	2824	5.124	1.169
73.330	3.448e-01	-3.112	2822	5.152	1.132
73.330	4.514e-01	-3.127	2822	5.167	1.112
73.330	5.924e-01	-3.134	2822	5.174	1.103
73.330	7.702e-01	-3.136	2822	5.176	1.101
73.330	1.009e+00	-3.137	2822	5.176	1.100
73.330	1.329e+00	-3.137	2822	5.176	1.100
73.330	1.768e+00	-3.137	2822	5.177	1.100
73.330	2.354e+00	-3.137	2822	5.177	1.100
73.330	3.133e+00	-3.137	2822	5.177	1.100
73.330	4.151e+00	-3.137	2822	5.177	1.099
73.330	5.526e+00	-3.138	2822	5.177	1.099
73.330	7.354e+00	-3.138	2822	5.178	1.099
73.330	9.789e+00	-3.138	2822	5.178	1.098
74.377	1.033e-04	-0.778	3332	3.113	11.926
74.377	1.347e-04	-0.809	3343	3.149	11.431
74.377	1.778e-04	-0.830	3350	3.174	11.107
74.377	2.324e-04	-0.852	3357	3.200	10.781
74.377	3.055e-04	-0.897	3371	3.252	10.161
74.377	4.015e-04	-1.004	3397	3.372	8.842
74.377	5.310e-04	-1.121	3415	3.498	7.651
74.377	6.926e-04	-1.226	3417	3.604	6.773
74.377	9.090e-04	-1.324	3418	3.703	6.042
74.377	1.190e-03	-1.418	3415	3.795	5.435
74.377	1.556e-03	-1.509	3406	3.882	4.920
74.377	2.029e-03	-1.597	3393	3.964	4.475
74.377	2.678e-03	-1.689	3377	4.047	4.068
74.377	3.500e-03	-1.774	3361	4.124	3.721
74.377	4.602e-03	-1.865	3335	4.201	3.405
74.377	6.048e-03	-1.954	3307	4.276	3.125
74.377	7.984e-03	-2.041	3284	4.351	2.867
74.377	1.045e-02	-2.131	3249	4.422	2.642
74.377	1.380e-02	-2.226	3204	4.493	2.434
74.377	1.817e-02	-2.325	3148	4.561	2.250
74.377	2.388e-02	-2.424	3088	4.627	2.087
74.377	3.115e-02	-2.518	3030	4.688	1.944
74.377	4.112e-02	-2.613	2975	4.751	1.809
74.377	5.383e-02	-2.701	2926	4.810	1.689
74.377	7.106e-02	-2.782	2893	4.871	1.574
74.377	9.302e-02	-2.857	2866	4.930	1.472
74.377	1.221e-01	-2.924	2851	4.988	1.377
74.377	1.605e-01	-2.984	2842	5.042	1.293
74.377	2.110e-01	-3.037	2835	5.091	1.223
74.377	2.773e-01	-3.078	2829	5.128	1.171
74.377	3.617e-01	-3.103	2826	5.152	1.140
74.377	4.747e-01	-3.116	2826	5.165	1.123
74.377	6.239e-01	-3.121	2826	5.170	1.117
74.377	8.138e-01	-3.123	2826	5.171	1.115
74.377	1.081e+00	-3.123	2826	5.171	1.114
74.377	1.439e+00	-3.123	2826	5.171	1.114
74.377	1.915e+00	-3.123	2826	5.172	1.114
74.377	2.549e+00	-3.123	2826	5.172	1.114
74.377	3.392e+00	-3.124	2826	5.172	1.114
74.377	4.515e+00	-3.124	2826	5.172	1.114
74.377	6.010e+00	-3.124	2826	5.172	1.113
74.377	7.999e+00	-3.125	2826	5.173	1.113
75.425	1.030e-04	-0.770	3334	3.112	12.021
75.425	1.360e-04	-0.801	3344	3.148	11.527
75.425	1.780e-04	-0.821	3351	3.172	11.220
75.425	2.337e-04	-0.844	3359	3.199	10.876
75.425	3.071e-04	-0.891	3373	3.253	10.212
75.425	4.038e-04	-1.002	3401	3.379	8.842
75.425	5.307e-04	-1.114	3418	3.500	7.690
75.425	7.005e-04	-1.223	3420	3.609	6.779
75.425	9.170e-04	-1.320	3421	3.707	6.060
75.425	1.211e-03	-1.416	3418	3.801	5.437
75.425	1.585e-03	-1.507	3409	3.887	4.921
75.425	2.080e-03	-1.597	3397	3.971	4.468
75.425	2.734e-03	-1.687	3381	4.053	4.069
75.425	3.565e-03	-1.771	3365	4.129	3.725
75.425	4.706e-03	-1.863	3340	4.208	3.404
75.425	6.161e-03	-1.950	3314	4.281	3.128
75.425	8.133e-03	-2.036	3292	4.356	2.870
75.425	1.065e-02	-2.126	3257	4.427	2.644
75.425	1.405e-02	-2.222	3212	4.499	2.435
75.425	1.851e-02	-2.320	3157	4.567	2.250
75.425	2.433e-02	-2.419	3097	4.633	2.087
75.425	3.173e-02	-2.514	3038	4.694	1.944
75.425	4.189e-02	-2.609	2982	4.757	1.809
75.425	5.484e-02	-2.697	2933	4.817	1.689
75.425	7.239e-02	-2.778	2899	4.877	1.575
75.425	9.476e-02	-2.853	2871	4.935	1.473
75.425	1.251e-01	-2.921	2856	4.993	1.377
75.425	1.648e-01	-2.980	2847	5.048	1.294
75.425	2.158e-01	-3.030	2840	5.093	1.228
75.425	2.825e-01	-3.069	2834	5.128	1.179
75.425	3.728e-01	-3.093	2830	5.151	1.149
75.425	4.881e-01	-3.105	2830	5.161	1.135
75.425	6.443e-01	-3.109	2830	5.165	1.130
75.425	8.420e-01	-3.110	2830	5.166	1.129
75.425	1.098e+00	-3.110	2830	5.167	1.129
75.425	1.450e+00	-3.110	2830	5.167	1.128
75.425	1.925e+00	-3.110	2830	5.167	1.128
75.425	2.563e+00	-3.110	2830	5.167	1.128
75.425	3.411e+00	-3.110	2830	5.167	1.128
75.425	4.540e+00	-3.110	2830	5.167	1.128
75.425	6.043e+00	-3.111	2830	5.168	1.127
75.425	8.008e+00	-3.111	2830	5.168	1.127
76.472	1.027e-04	-0.762	3335	3.111	12.118
76.472	1.348e-04	-0.791	3345	3.145	11.649
76.472	1.772e-04	-0.811	3352	3.168	11.339
76.472	2.311e-04	-0.834	3360	3.195	10.998
76.472	3.051e-04	-0.883	3375	3.252	10.304
76.472	4.019e-04	-0.994	3403	3.377	8.916
76.472	5.282e-04	-1.106	3421	3.498	7.756
76.472	6.932e-04	-1.212	3423	3.606	6.856
76.472	9.111e-04	-1.310	3424	3.704	6.119
76.472	1.198e-03	-1.404	3422	3.797	5.498
76.472	1.574e-03	-1.496	3413	3.885	4.969
76.472	2.054e-03	-1.584	3403	3.967	4.521
76.472	2.695e-03	-1.673	3386	4.048	4.118
76.472	3.530e-03	-1.759	3371	4.126	3.764
76.472	4.613e-03	-1.846	3350	4.202	3.450
76.472	6.016e-03	-1.933	3323	4.275	3.173
76.472	7.942e-03	-2.019	3303	4.350	2.910
76.472	1.040e-02	-2.107	3271	4.422	2.679
76.472	1.354e-02	-2.197	3231	4.490	2.476
76.472	1.787e-02	-2.296	3176	4.560	2.285
76.472	2.339e-02	-2.394	3118	4.625	2.120
76.472	3.070e-02	-2.491	3058	4.688	1.970
76.472	4.035e-02	-2.586	3000	4.751	1.835
76.472	5.305e-02	-2.676	2949	4.811	1.711
76.472	6.973e-02	-2.759	2910	4.871	1.597
76.472	9.167e-02	-2.835	2882	4.930	1.493
76.472	1.205e-01	-2.903	2864	4.987	1.398
76.472	1.584e-01	-2.963	2853	5.040	1.314
76.472	2.082e-01	-3.014	2846	5.087	1.245
76.472	2.737e-01	-3.053	2840	5.123	1.195
76.472	3.598e-01	-3.078	2837	5.146	1.164
76.472	4.693e-01	-3.091	2835	5.157	1.149
76.472	6.194e-01	-3.095	2834	5.161	1.144
76.472	8.109e-01	-3.096	2834	5.162	1.143
76.472	1.077e+00	-3.097	2834	5.162	1.142
76.472	1.434e+00	-3.097	2834	5.162	1.142
76.472	1.908e+00	-3.097	2834	5.162	1.142
76.472	2.540e+00	-3.097	2834	5.162	1.142
76.472	3.380e+00	-3.097	2834	5.162	1.142
76.472	4.499e+00	-3.097	2834	5.163	1.141
76.472	5.988e+00	-3.098	2834	5.163	1.141
76.472	7.971e+00	-3.098	2834	5.163	1.140
77.520	1.006e-04	-0.752	3336	3.107	12.255
77.520	1.328e-04	-0.781	3346	3.141	11.778
77.520	1.738e-04	-0.801	3353	3.164	11.473
77.520	2.263e-04	-0.823	3360	3.190	11.134
77.520	2.942e-04	-0.866	3374	3.240	10.510
77.520	3.883e-04	-0.974	3402	3.363	9.121
77.520	5.075e-04	-1.083	3423	3.483	7.951
77.520	6.672e-04	-1.191	3426	3.592	7.014
77.520	8.737e-04	-1.288	3427	3.690	6.264
77.520	1.144e-03	-1.381	3426	3.782	5.635
77.520	1.510e-03	-1.475	3418	3.872	5.080
77.520	1.976e-03	-1.563	3409	3.955	4.614
77.520	2.594e-03	-1.652	3393	4.037	4.201
77.520	3.409e-03	-1.740	3378	4.116	3.834
77.520	4.483e-03	-1.827	3360	4.194	3.507
77.520	5.870e-03	-1.916	3331	4.268	3.219
77.520	7.732e-03	-2.000	3313	4.343	2.953
77.520	1.016e-02	-2.089	3284	4.416	2.715
77.520	1.336e-02	-2.181	3245	4.487	2.500
77.520	1.756e-02	-2.279	3192	4.557	2.309
77.520	2.309e-02	-2.377	3133	4.623	2.139
77.520	3.024e-02	-2.475	3073	4.687	1.988
77.520	3.958e-02	-2.569	3015	4.748	1.852
77.520	5.225e-02	-2.661	2962	4.810	1.725
77.520	6.828e-02	-2.745	2920	4.868	1.613
77.520	8.977e-02	-2.820	2892	4.927	1.508
77.520	1.180e-01	-2.890	2871	4.983	1.413
77.520	1.551e-01	-2.950	2859	5.037	1.329
77.520	2.039e-01	-3.001	2852	5.083	1.259
77.520	2.659e-01	-3.039	2846	5.118	1.210
77.520	3.490e-01	-3.064	2843	5.141	1.178
77.520	4.587e-01	-3.077	2841	5.152	1.163
77.520	5.983e-01	-3.081	2840	5.156	1.157
77.520	7.898e-01	-3.082	2840	5.158	1.156
77.520	1.049e+00	-3.083	2840	5.158	1.156
77.520	1.396e+00	-3.083	2840	5.158	1.156
77.520	1.850e+00	-3.083	2840	5.158	1.156
77.520	2.463e+00	-3.083	2840	5.158	1.155
77.520	3.278e+00	-3.083	2840	5.158	1.155
77.520	4.363e+00	-3.084	2840	5.159	1.155
77.520	5.807e+00	-3.084	2840	5.159	1.154
77.520	7.729e+00	-3.084	2840	5.159	1.154
77.520	1.000e+01	-3.085	2840	5.160	1.153
78.567	1.014e-04	-0.746	3338	3.108	12.327
78.567	1.333e-04	-0.773	3348	3.140	11.881
78.567	1.752e-04	-0.792	3354	3.162	11.576
78.567	2.286e-04	-0.815	3362	3.189	11.219
78.567	3.017e-04	-0.867	3378	3.249	10.473
78.567	3.974e-04	-0.979	3407	3.376	9.051
78.567	5.223e-04	-1.088	3427	3.496	7.885
78.567	6.856e-04	-1.194	3429	3.602	6.974
78.567	9.010e-04	-1.292	3430	3.701	6.228
78.567	1.185e-03	-1.385	3429	3.793	5.598
78.567	1.557e-03	-1.477	3421	3.881	5.059
78.567	2.031e-03	-1.563	3412	3.963	4.603
78.567	2.681e-03	-1.654	3396	4.046	4.184
78.567	3.509e-03	-1.740	3381	4.124	3.824
78.567	4.632e-03	-1.828	3363	4.203	3.493
78.567	6.064e-03	-1.916	3337	4.277	3.207
78.567	8.005e-03	-2.001	3318	4.353	2.940
78.567	1.048e-02	-2.088	3290	4.425	2.706
78.567	1.375e-02	-2.180	3251	4.496	2.494
78.567	1.808e-02	-2.278	3197	4.565	2.303
78.567	2.377e-02	-2.377	3139	4.632	2.132
78.567	3.112e-02	-2.474	3079	4.695	1.982
78.567	4.074e-02	-2.569	3020	4.756	1.847
78.567	5.347e-02	-2.659	2968	4.817	1.723
78.567	7.028e-02	-2.744	2924	4.876	1.609
78.567	9.240e-02	-2.819	2897	4.934	1.505
78.567	1.214e-01	-2.888	2875	4.990	1.411
78.567	1.584e-01	-2.946	2863	5.041	1.331
78.567	2.091e-01	-2.995	2857	5.086	1.264
78.567	2.737e-01	-3.031	2851	5.119	1.217
78.567	3.564e-01	-3.053	2848	5.139	1.189
78.567	4.678e-01	-3.064	2847	5.149	1.175
78.567	6.126e-01	-3.068	2846	5.153	1.170
78.567	8.069e-01	-3.069	2846	5.154	1.169
78.567	1.074e+00	-3.069	2846	5.154	1.169
78.567	1.430e+00	-3.069	2846	5.154	1.169
78.567	1.903e+00	-3.069	2846	5.154	1.169
78.567	2.532e+00	-3.070	2846	5.154	1.169
78.567	3.371e+00	-3.070	2846	5.154	1.168
78.567	4.486e+00	-3.070	2846	5.154	1.168
78.567	5.971e+00	-3.070	2846	5.155	1.168
78.567	7.948e+00	-3.071	2846	5.155	1.167
80.663	1.035e-04	-0.733	3343	3.109	12.472
80.663	1.360e-04	-0.757	3351	3.137	12.076
80.663	1.774e-04	-0.775	3357	3.158	11.783
80.663	2.342e-04	-0.802	3366	3.189	11.367
80.663	3.066e-04	-0.861	3384	3.258	10.509
80.663	4.054e-04	-0.977	3414	3.389	9.033
80.663	5.330e-04	-1.084	3433	3.506	7.895
80.663	7.006e-04	-1.189	3435	3.611	6.994
80.663	9.138e-04	-1.283	3436	3.706	6.273
80.663	1.206e-03	-1.376	3434	3.799	5.635
80.663	1.576e-03	-1.465	3428	3.885	5.105
80.663	2.056e-03	-1.552	3419	3.967	4.646
80.663	2.698e-03	-1.640	3406	4.048	4.232
80.663	3.547e-03	-1.727	3390	4.127	3.863
80.663	4.663e-03	-1.813	3374	4.204	3.533
80.663	6.128e-03	-1.900	3351	4.280	3.238
80.663	8.058e-03	-1.984	3334	4.355	2.971
80.663	1.059e-02	-2.071	3307	4.428	2.730
80.663	1.381e-02	-2.161	3270	4.498	2.519
80.663	1.823e-02	-2.259	3219	4.569	2.322
80.663	2.387e-02	-2.356	3162	4.635	2.151
80.663	3.151e-02	-2.457	3099	4.701	1.995
80.663	4.125e-02	-2.552	3040	4.763	1.858
80.663	5.413e-02	-2.643	2986	4.823	1.733
80.663	7.115e-02	-2.730	2940	4.882	1.619
80.663	9.354e-02	-2.805	2910	4.940	1.516
80.663	1.229e-01	-2.874	2886	4.994	1.423
80.663	1.616e-01	-2.932	2873	5.045	1.343
80.663	2.124e-01	-2.978	2867	5.087	1.280
80.663	2.793e-01	-3.011	2862	5.117	1.236
80.663	3.658e-01	-3.031	2859	5.135	1.211
80.663	4.780e-01	-3.039	2858	5.143	1.200
80.663	6.285e-01	-3.042	2857	5.145	1.196
80.663	8.260e-01	-3.043	2857	5.146	1.195
80.663	1.099e+00	-3.043	2857	5.146	1.195
80.663	1.463e+00	-3.043	2857	5.146	1.195
80.663	1.948e+00	-3.043	2857	5.146	1.195
80.663	2.592e+00	-3.043	2857	5.146	1.195
80.663	3.443e+00	-3.044	2857	5.146	1.194
80.663	4.583e+00	-3.044	2857	5.147	1.194
80.663	6.100e+00	-3.044	2857	5.147	1.194
80.663	8.119e+00	-3.045	2857	5.148	1.193
81.710	1.003e-04	-0.723	3343	3.104	12.622
81.710	1.324e-04	-0.747	3351	3.133	12.216
81.710	1.734e-04	-0.765	3358	3.154	11.919
81.710	2.276e-04	-0.790	3366	3.184	11.518
81.710	2.991e-04	-0.847	3384	3.250	10.675
81.710	3.948e-04	-0.961	3414	3.379	9.197
81.710	5.200e-04	-1.068	3436	3.497	8.027
81.710	6.810e-04	-1.172	3438	3.601	7.120
81.710	8.915e-04	-1.267	3439	3.698	6.374
81.710	1.177e-03	-1.361	3438	3.791	5.724
81.710	1.538e-03	-1.450	3432	3.877	5.185
81.710	2.006e-03	-1.536	3424	3.959	4.718
81.710	2.633e-03	-1.624	3412	4.040	4.296
81.710	3.460e-03	-1.711	3396	4.120	3.921
81.710	4.513e-03	-1.794	3380	4.195	3.595
81.710	5.923e-03	-1.881	3360	4.271	3.295
81.710	7.785e-03	-1.964	3343	4.346	3.022
81.710	1.024e-02	-2.050	3320	4.420	2.775
81.710	1.345e-02	-2.142	3283	4.492	2.554
81.710	1.769e-02	-2.238	3236	4.563	2.355
81.710	2.325e-02	-2.336	3180	4.630	2.178
81.710	3.056e-02	-2.435	3118	4.696	2.020
81.710	4.017e-02	-2.532	3057	4.758	1.879
81.710	5.239e-02	-2.623	3002	4.818	1.755
81.710	6.916e-02	-2.712	2952	4.878	1.638
81.710	9.054e-02	-2.787	2921	4.934	1.535
81.710	1.195e-01	-2.859	2894	4.990	1.439
81.710	1.564e-01	-2.917	2880	5.039	1.360
81.710	2.065e-01	-2.964	2872	5.082	1.295
81.710	2.703e-01	-2.997	2868	5.112	1.251
81.710	3.569e-01	-3.018	2865	5.131	1.224
81.710	4.663e-01	-3.026	2864	5.139	1.213
81.710	6.083e-01	-3.029	2863	5.141	1.209
81.710	8.029e-01	-3.030	2863	5.142	1.208
81.710	1.066e+00	-3.030	2863	5.142	1.208
81.710	1.419e+00	-3.030	2863	5.142	1.208
81.710	1.889e+00	-3.030	2863	5.142	1.208
81.710	2.515e+00	-3.031	2863	5.143	1.208
81.710	3.326e+00	-3.031	2863	5.143	1.207
81.710	4.427e+00	-3.031	2863	5.143	1.207
81.710	5.892e+00	-3.031	2863	5.143	1.207
81.710	7.842e+00	-3.032	2863	5.144	1.206
81.710	1.000e+01	-3.032	2863	5.144	1.205
83.805	1.038e-04	-0.712	3347	3.106	12.751
83.805	1.359e-04	-0.732	3354	3.130	12.404
83.805	1.784e-04	-0.750	3361	3.152	12.099
83.805	2.345e-04	-0.779	3371	3.186	11.635
83.805	3.083e-04	-0.849	3392	3.267	10.598
83.805	4.052e-04	-0.962	3421	3.394	9.151
83.805	5.348e-04	-1.068	3442	3.510	8.007
83.805	7.001e-04	-1.169	3443	3.613	7.119
83.805	9.242e-04	-1.266	3445	3.710	6.362
83.805	1.210e-03	-1.356	3443	3.800	5.738
83.805	1.597e-03	-1.447	3438	3.888	5.183
83.805	2.091e-03	-1.534	3429	3.971	4.713
83.805	2.760e-03	-1.623	3418	4.054	4.285
83.805	3.613e-03	-1.709	3403	4.132	3.917
83.805	4.769e-03	-1.796	3386	4.210	3.578
83.805	6.243e-03	-1.879	3371	4.285	3.282
83.805	8.240e-03	-1.964	3353	4.361	3.006
83.805	1.077e-02	-2.048	3331	4.434	2.765
83.805	1.416e-02	-2.140	3295	4.507	2.543
83.805	1.861e-02	-2.235	3249	4.577	2.345
83.805	2.447e-02	-2.333	3192	4.645	2.168
83.805	3.204e-02	-2.431	3131	4.710	2.013
83.805	4.187e-02	-2.527	3070	4.771	1.875
83.805	5.461e-02	-2.618	3015	4.830	1.752
83.805	7.167e-02	-2.705	2965	4.889	1.638
83.805	9.386e-02	-2.780	2932	4.944	1.536
83.805	1.227e-01	-2.847	2907	4.997	1.446
83.805	1.613e-01	-2.905	2891	5.045	1.369
83.805	2.112e-01	-2.949	2882	5.083	1.310
83.805	2.765e-01	-2.978	2878	5.110	1.269
83.805	3.600e-01	-2.995	2875	5.126	1.247
83.805	4.752e-01	-3.003	2874	5.132	1.237
83.805	6.220e-01	-3.005	2874	5.134	1.234
83.805	8.262e-01	-3.005	2874	5.135	1.234
83.805	1.100e+00	-3.005	2874	5.135	1.234
83.805	1.464e+00	-3.005	2874	5.135	1.234
83.805	1.948e+00	-3.006	2874	5.135	1.233
83.805	2.593e+00	-3.006	2874	5.135	1.233
83.805	3.451e+00	-3.006	2874	5.136	1.233
83.805	4.594e+00	-3.006	2874	5.136	1.232
83.805	6.114e+00	-3.007	2874	5.136	1.232
83.805	8.138e+00	-3.007	2874	5.137	1.231
85.900	1.011e-04	-0.695	3350	3.101	12.984
85.900	1.329e-04	-0.714	3356	3.124	12.645
85.900	1.733e-04	-0.732	3362	3.145	12.345
85.900	2.288e-04	-0.761	3372	3.180	11.864
85.900	2.995e-04	-0.830	3394	3.259	10.827
85.900	3.961e-04	-0.944	3423	3.388	9.332
85.900	5.228e-04	-1.047	3447	3.503	8.172
85.900	6.832e-04	-1.148	3449	3.605	7.273
85.900	8.983e-04	-1.243	3450	3.701	6.510
85.900	1.181e-03	-1.335	3449	3.792	5.863
85.900	1.540e-03	-1.421	3446	3.876	5.319
85.900	2.033e-03	-1.511	3437	3.962	4.821
85.900	2.661e-03	-1.595	3429	4.042	4.395
85.900	3.493e-03	-1.682	3414	4.121	4.012
85.900	4.590e-03	-1.768	3398	4.199	3.668
85.900	6.035e-03	-1.851	3385	4.276	3.359
85.900	7.932e-03	-1.934	3370	4.351	3.079
85.900	1.043e-02	-2.019	3350	4.426	2.825
85.900	1.366e-02	-2.108	3319	4.498	2.600
85.900	1.788e-02	-2.200	3278	4.569	2.398
85.900	2.360e-02	-2.300	3222	4.638	2.212
85.900	3.089e-02	-2.397	3162	4.704	2.052
85.900	4.055e-02	-2.495	3100	4.767	1.908
85.900	5.310e-02	-2.589	3040	4.827	1.780
85.900	6.939e-02	-2.676	2990	4.885	1.665
85.900	9.051e-02	-2.754	2950	4.940	1.564
85.900	1.195e-01	-2.824	2923	4.994	1.470
85.900	1.564e-01	-2.882	2904	5.040	1.393
85.900	2.064e-01	-2.927	2893	5.079	1.333
85.900	2.702e-01	-2.956	2888	5.105	1.293
85.900	3.547e-01	-2.972	2886	5.120	1.271
85.900	4.645e-01	-2.979	2885	5.126	1.262
85.900	6.038e-01	-2.981	2885	5.128	1.260
85.900	7.850e-01	-2.981	2885	5.128	1.259
85.900	1.026e+00	-2.981	2885	5.128	1.259
85.900	1.354e+00	-2.981	2885	5.128	1.259
85.900	1.802e+00	-2.982	2885	5.128	1.259
85.900	2.399e+00	-2.982	2884	5.128	1.258
85.900	3.193e+00	-2.982	2884	5.129	1.258
85.900	4.250e+00	-2.982	2884	5.129	1.258
85.900	5.656e+00	-2.983	2884	5.129	1.257
85.900	7.529e+00	-2.983	2884	5.130	1.257
85.900	1.000e+01	-2.984	2884	5.130	1.256
87.996	1.003e-04	-0.680	3352	3.098	13.188
87.996	1.318e-04	-0.698	3358	3.120	12.867
87.996	1.720e-04	-0.716	3364	3.141	12.560
87.996	2.236e-04	-0.744	3374	3.174	12.087
87.996	2.911e-04	-0.811	3396	3.251	11.057
87.996	3.784e-04	-0.917	3423	3.372	9.623
87.996	4.995e-04	-1.019	3450	3.487	8.426
87.996	6.539e-04	-1.120	3454	3.590	7.489
87.996	8.631e-04	-1.217	3455	3.688	6.691
87.996	1.130e-03	-1.307	3455	3.777	6.033
87.996	1.492e-03	-1.397	3452	3.866	5.448
87.996	1.949e-03	-1.483	3446	3.949	4.954
87.996	2.542e-03	-1.566	3437	4.028	4.520
87.996	3.310e-03	-1.650	3426	4.105	4.136
87.996	4.370e-03	-1.737	3410	4.185	3.775
87.996	5.720e-03	-1.820	3396	4.260	3.460
87.996	7.551e-03	-1.902	3386	4.338	3.165
87.996	9.946e-03	-1.987	3368	4.413	2.901
87.996	1.307e-02	-2.074	3342	4.487	2.664
87.996	1.719e-02	-2.167	3303	4.560	2.452
87.996	2.259e-02	-2.264	3252	4.630	2.262
87.996	2.982e-02	-2.364	3192	4.698	2.091
87.996	3.897e-02	-2.461	3131	4.761	1.945
87.996	5.083e-02	-2.555	3070	4.821	1.815
87.996	6.709e-02	-2.647	3015	4.881	1.693
87.996	8.783e-02	-2.729	2969	4.937	1.589
87.996	1.159e-01	-2.799	2941	4.990	1.494
87.996	1.518e-01	-2.858	2918	5.036	1.417
87.996	1.976e-01	-2.902	2907	5.072	1.359
87.996	2.608e-01	-2.932	2899	5.099	1.318
87.996	3.409e-01	-2.949	2896	5.113	1.297
87.996	4.446e-01	-2.955	2895	5.119	1.287
87.996	5.836e-01	-2.958	2895	5.121	1.285
87.996	7.734e-01	-2.958	2895	5.121	1.284
87.996	1.029e+00	-2.958	2895	5.122	1.284
87.996	1.370e+00	-2.958	2895	5.122	1.284
87.996	1.824e+00	-2.958	2895	5.122	1.284
87.996	2.427e+00	-2.959	2895	5.122	1.283
87.996	3.231e+00	-2.959	2895	5.122	1.283
87.996	4.300e+00	-2.959	2895	5.122	1.283
87.996	5.723e+00	-2.959	2895	5.123	1.282
87.996	7.617e+00	-2.960	2895	5.123	1.281
87.996	1.000e+01	-2.961	2894	5.124	1.281
90.091	1.029e-04	-0.668	3355	3.098	13.351
90.091	1.353e-04	-0.684	3361	3.117	13.051
90.091	1.778e-04	-0.704	3368	3.140	12.710
90.091	2.319e-04	-0.738	3380	3.181	12.138
90.091	3.061e-04	-0.825	3406	3.281	10.808
90.091	4.048e-04	-0.934	3434	3.405	9.375
90.091	5.299e-04	-1.031	3456	3.513	8.281
90.091	6.955e-04	-1.130	3459	3.613	7.376
90.091	9.108e-04	-1.222	3461	3.706	6.626
90.091	1.192e-03	-1.312	3460	3.795	5.984
90.091	1.574e-03	-1.401	3456	3.883	5.409
90.091	2.060e-03	-1.486	3450	3.965	4.920
90.091	2.704e-03	-1.571	3442	4.046	4.482
90.091	3.541e-03	-1.656	3430	4.124	4.094
90.091	4.628e-03	-1.740	3415	4.201	3.750
90.091	6.036e-03	-1.819	3405	4.275	3.443
90.091	7.922e-03	-1.900	3397	4.351	3.154
90.091	1.041e-02	-1.984	3379	4.426	2.892
90.091	1.369e-02	-2.072	3353	4.501	2.655
90.091	1.799e-02	-2.164	3314	4.573	2.443
90.091	2.366e-02	-2.261	3264	4.643	2.254
90.091	3.109e-02	-2.360	3205	4.710	2.086
90.091	4.055e-02	-2.456	3143	4.773	1.941
90.091	5.353e-02	-2.554	3080	4.835	1.806
90.091	7.007e-02	-2.643	3026	4.893	1.690
90.091	9.197e-02	-2.725	2979	4.948	1.586
90.091	1.209e-01	-2.792	2951	4.999	1.496
90.091	1.589e-01	-2.849	2929	5.043	1.422
90.091	2.089e-01	-2.890	2917	5.077	1.368
90.091	2.746e-01	-2.916	2910	5.099	1.334
90.091	3.596e-01	-2.929	2907	5.110	1.317
90.091	4.700e-01	-2.933	2906	5.114	1.310
90.091	6.179e-01	-2.935	2906	5.115	1.309
90.091	8.189e-01	-2.935	2906	5.115	1.308
90.091	1.088e+00	-2.935	2906	5.115	1.308
90.091	1.448e+00	-2.935	2906	5.116	1.308
90.091	1.927e+00	-2.935	2906	5.116	1.308
90.091	2.565e+00	-2.936	2906	5.116	1.308
90.091	3.414e+00	-2.936	2906	5.116	1.307
90.091	4.543e+00	-2.936	2906	5.116	1.307
90.091	6.047e+00	-2.937	2906	5.117	1.306
90.091	8.049e+00	-2.937	2906	5.117	1.306
92.186	1.031e-04	-0.654	3358	3.095	13.547
92.186	1.355e-04	-0.670	3363	3.114	13.257
92.186	1.767e-04	-0.689	3370	3.137	12.910
92.186	2.333e-04	-0.728	3384	3.183	12.249
92.186	3.054e-04	-0.819	3411	3.287	10.861
92.186	4.031e-04	-0.924	3438	3.407	9.460
92.186	5.277e-04	-1.020	3460	3.513	8.371
92.186	6.926e-04	-1.117	3465	3.613	7.464
92.186	9.103e-04	-1.210	3466	3.707	6.700
92.186	1.187e-03	-1.298	3465	3.794	6.062
92.186	1.567e-03	-1.387	3462	3.881	5.482
92.186	2.052e-03	-1.471	3457	3.963	4.986
92.186	2.708e-03	-1.558	3449	4.046	4.534
92.186	3.545e-03	-1.641	3439	4.124	4.142
92.186	4.680e-03	-1.729	3423	4.203	3.782
92.186	6.116e-03	-1.808	3414	4.278	3.469
92.186	7.977e-03	-1.885	3409	4.353	3.184
92.186	1.047e-02	-1.969	3391	4.428	2.920
92.186	1.376e-02	-2.056	3368	4.502	2.680
92.186	1.795e-02	-2.145	3332	4.573	2.470
92.186	2.369e-02	-2.242	3284	4.645	2.274
92.186	3.096e-02	-2.339	3227	4.711	2.107
92.186	4.071e-02	-2.438	3164	4.776	1.955
92.186	5.350e-02	-2.535	3101	4.838	1.821
92.186	6.978e-02	-2.623	3046	4.895	1.705
92.186	9.159e-02	-2.705	2998	4.950	1.601
92.186	1.199e-01	-2.774	2966	4.999	1.513
92.186	1.570e-01	-2.828	2945	5.041	1.441
92.186	2.061e-01	-2.870	2929	5.074	1.389
92.186	2.699e-01	-2.894	2923	5.094	1.356
92.186	3.527e-01	-2.906	2920	5.105	1.340
92.186	4.600e-01	-2.911	2919	5.108	1.334
92.186	5.980e-01	-2.912	2918	5.109	1.332
92.186	7.774e-01	-2.912	2918	5.110	1.332
92.186	1.020e+00	-2.912	2918	5.110	1.332
92.186	1.352e+00	-2.912	2918	5.110	1.332
92.186	1.800e+00	-2.912	2918	5.110	1.332
92.186	2.396e+00	-2.912	2918	5.110	1.331
92.186	3.188e+00	-2.913	2918	5.110	1.331
92.186	4.244e+00	-2.913	2918	5.111	1.331
92.186	5.649e+00	-2.913	2918	5.111	1.330
92.186	7.518e+00	-2.914	2918	5.111	1.329
92.186	9.986e+00	-2.915	2918	5.112	1.328
94.281	1.039e-04	-0.640	3361	3.093	13.739
94.281	1.357e-04	-0.655	3366	3.111	13.458
94.281	1.784e-04	-0.677	3373	3.136	13.074
94.281	2.337e-04	-0.718	3388	3.185	12.358
94.281	3.078e-04	-0.815	3416	3.296	10.873
94.281	4.045e-04	-0.917	3443	3.411	9.519
94.281	5.319e-04	-1.013	3464	3.518	8.422
94.281	6.965e-04	-1.107	3470	3.615	7.526
94.281	9.118e-04	-1.199	3471	3.707	6.770
94.281	1.197e-03	-1.288	3470	3.796	6.114
94.281	1.573e-03	-1.375	3467	3.882	5.539
94.281	2.068e-03	-1.460	3463	3.965	5.032
94.281	2.718e-03	-1.545	3455	4.046	4.583
94.281	3.573e-03	-1.629	3447	4.126	4.181
94.281	4.697e-03	-1.715	3431	4.204	3.822
94.281	6.175e-03	-1.797	3422	4.281	3.499
94.281	8.116e-03	-1.874	3421	4.357	3.203
94.281	1.067e-02	-1.959	3403	4.433	2.935
94.281	1.402e-02	-2.045	3381	4.508	2.693
94.281	1.844e-02	-2.137	3345	4.581	2.475
94.281	2.423e-02	-2.231	3300	4.652	2.281
94.281	3.186e-02	-2.330	3242	4.720	2.109
94.281	4.172e-02	-2.429	3179	4.785	1.959
94.281	5.462e-02	-2.524	3117	4.846	1.826
94.281	7.169e-02	-2.614	3059	4.904	1.708
94.281	9.422e-02	-2.696	3012	4.958	1.605
94.281	1.239e-01	-2.764	2977	5.006	1.518
94.281	1.628e-01	-2.816	2957	5.046	1.449
94.281	2.124e-01	-2.853	2942	5.075	1.403
94.281	2.787e-01	-2.876	2934	5.092	1.374
94.281	3.650e-01	-2.885	2932	5.101	1.361
94.281	4.778e-01	-2.889	2931	5.104	1.357
94.281	6.271e-01	-2.889	2931	5.104	1.356
94.281	8.311e-01	-2.890	2931	5.104	1.355
94.281	1.106e+00	-2.890	2931	5.104	1.355
94.281	1.472e+00	-2.890	2931	5.105	1.355
94.281	1.960e+00	-2.890	2931	5.105	1.355
94.281	2.608e+00	-2.890	2931	5.105	1.355
94.281	3.472e+00	-2.890	2931	5.105	1.354
94.281	4.611e+00	-2.891	2930	5.105	1.354
94.281	6.138e+00	-2.891	2930	5.106	1.353
94.281	8.169e+00	-2.892	2930	5.106	1.352
96.376	1.031e-04	-0.626	3363	3.089	13.946
96.376	1.344e-04	-0.641	3368	3.107	13.668
96.376	1.748e-04	-0.662	3375	3.131	13.286
96.376	2.294e-04	-0.705	3390	3.182	12.532
96.376	3.015e-04	-0.801	3419	3.292	11.035
96.376	3.987e-04	-0.904	3446	3.409	9.649
96.376	5.201e-04	-0.995	3467	3.511	8.577
96.376	6.826e-04	-1.089	3474	3.609	7.662
96.376	8.939e-04	-1.180	3476	3.701	6.894
96.376	1.170e-03	-1.268	3475	3.789	6.233
96.376	1.545e-03	-1.357	3472	3.876	5.639
96.376	2.022e-03	-1.441	3469	3.958	5.131
96.376	2.669e-03	-1.527	3462	4.040	4.665
96.376	3.494e-03	-1.609	3455	4.119	4.262
96.376	4.612e-03	-1.696	3440	4.198	3.889
96.376	6.038e-03	-1.776	3430	4.274	3.565
96.376	7.925e-03	-1.852	3432	4.350	3.265
96.376	1.042e-02	-1.936	3417	4.427	2.990
96.376	1.369e-02	-2.021	3397	4.502	2.741
96.376	1.793e-02	-2.110	3367	4.575	2.521
96.376	2.348e-02	-2.202	3325	4.645	2.324
96.376	3.099e-02	-2.302	3268	4.716	2.144
96.376	4.057e-02	-2.400	3207	4.780	1.990
96.376	5.324e-02	-2.497	3143	4.843	1.853
96.376	6.972e-02	-2.588	3084	4.901	1.733
96.376	9.127e-02	-2.669	3035	4.954	1.629
96.376	1.205e-01	-2.741	2995	5.003	1.540
96.376	1.577e-01	-2.793	2973	5.042	1.472
96.376	2.070e-01	-2.830	2958	5.071	1.424
96.376	2.711e-01	-2.852	2950	5.088	1.396
96.376	3.542e-01	-2.863	2946	5.096	1.384
96.376	4.605e-01	-2.866	2945	5.099	1.380
96.376	5.987e-01	-2.867	2944	5.099	1.379
96.376	7.809e-01	-2.867	2944	5.099	1.378
96.376	1.037e+00	-2.867	2944	5.099	1.378
96.376	1.381e+00	-2.867	2944	5.100	1.378
96.376	1.837e+00	-2.867	2944	5.100	1.378
96.376	2.446e+00	-2.868	2944	5.100	1.378
96.376	3.255e+00	-2.868	2944	5.100	1.377
96.376	4.333e+00	-2.868	2944	5.100	1.377
96.376	5.767e+00	-2.869	2944	5.101	1.376
96.376	7.676e+00	-2.869	2943	5.101	1.375
96.376	1.000e+01	-2.870	2943	5.102	1.374
98.471	1.037e-04	-0.613	3365	3.087	14.137
98.471	1.369e-04	-0.629	3371	3.105	13.839
98.471	1.792e-04	-0.653	3379	3.133	13.397
98.471	2.352e-04	-0.704	3397	3.194	12.496
98.471	3.091e-04	-0.805	3426	3.310	10.937
98.471	4.032e-04	-0.900	3451	3.417	9.661
98.471	5.323e-04	-0.995	3471	3.522	8.564
98.471	6.968e-04	-1.086	3479	3.618	7.672
98.471	9.197e-04	-1.178	3481	3.711	6.889
98.471	1.202e-03	-1.265	3480	3.797	6.238
98.471	1.568e-03	-1.350	3477	3.880	5.671
98.471	2.058e-03	-1.434	3473	3.963	5.157
98.471	2.704e-03	-1.518	3468	4.044	4.698
98.471	3.527e-03	-1.599	3461	4.121	4.297
98.471	4.656e-03	-1.685	3448	4.201	3.921
98.471	6.095e-03	-1.765	3438	4.276	3.594
98.471	8.046e-03	-1.842	3441	4.354	3.285
98.471	1.060e-02	-1.926	3428	4.432	3.005
98.471	1.393e-02	-2.011	3409	4.507	2.755
98.471	1.817e-02	-2.097	3381	4.579	2.536
98.471	2.398e-02	-2.192	3339	4.652	2.331
98.471	3.159e-02	-2.291	3283	4.722	2.151
98.471	4.152e-02	-2.390	3222	4.788	1.994
98.471	5.416e-02	-2.485	3159	4.849	1.859
98.471	7.149e-02	-2.578	3098	4.908	1.736
98.471	9.358e-02	-2.659	3049	4.961	1.634
98.471	1.235e-01	-2.729	3008	5.008	1.547
98.471	1.617e-01	-2.779	2985	5.045	1.483
98.471	2.135e-01	-2.814	2972	5.072	1.439
98.471	2.794e-01	-2.833	2965	5.086	1.415
98.471	3.639e-01	-2.841	2961	5.092	1.404
98.471	4.803e-01	-2.843	2960	5.094	1.401
98.471	6.327e-01	-2.844	2960	5.095	1.400
98.471	8.421e-01	-2.844	2960	5.095	1.400
98.471	1.121e+00	-2.844	2960	5.095	1.400
98.471	1.492e+00	-2.844	2960	5.095	1.400
98.471	1.986e+00	-2.844	2960	5.095	1.400
98.471	2.643e+00	-2.845	2960	5.095	1.400
98.471	3.518e+00	-2.845	2960	5.096	1.399
98.471	4.682e+00	-2.845	2959	5.096	1.399
98.471	6.232e+00	-2.846	2959	5.096	1.398
98.471	8.294e+00	-2.847	2959	5.097	1.397
100.566	1.043e-04	-0.600	3367	3.084	14.327
100.566	1.369e-04	-0.616	3373	3.103	14.024
100.566	1.799e-04	-0.642	3382	3.134	13.536
100.566	2.366e-04	-0.700	3402	3.202	12.514
100.566	3.109e-04	-0.801	3431	3.318	10.948
100.566	4.088e-04	-0.897	3456	3.426	9.664
100.566	5.372e-04	-0.989	3475	3.528	8.600
100.566	7.064e-04	-1.080	3484	3.623	7.702
100.566	9.250e-04	-1.169	3486	3.713	6.944
100.566	1.211e-03	-1.256	3485	3.800	6.287
100.566	1.598e-03	-1.344	3482	3.886	5.694
100.566	2.092e-03	-1.427	3478	3.967	5.185
100.566	2.762e-03	-1.511	3473	4.049	4.717
100.566	3.616e-03	-1.593	3466	4.128	4.310
100.566	4.773e-03	-1.679	3454	4.207	3.933
100.566	6.248e-03	-1.758	3446	4.283	3.605
100.566	8.247e-03	-1.835	3449	4.361	3.294
100.566	1.086e-02	-1.918	3439	4.439	3.013
100.566	1.428e-02	-2.003	3420	4.514	2.762
100.566	1.877e-02	-2.092	3392	4.589	2.535
100.566	2.467e-02	-2.185	3351	4.661	2.333
100.566	3.244e-02	-2.283	3297	4.730	2.153
100.566	4.263e-02	-2.382	3236	4.796	1.996
100.566	5.561e-02	-2.476	3173	4.857	1.861
100.566	7.299e-02	-2.567	3113	4.915	1.741
100.566	9.593e-02	-2.648	3063	4.967	1.639
100.566	1.261e-01	-2.716	3023	5.013	1.556
100.566	1.658e-01	-2.765	2998	5.047	1.495
100.566	2.179e-01	-2.796	2986	5.071	1.455
100.566	2.864e-01	-2.812	2979	5.084	1.433
100.566	3.736e-01	-2.819	2977	5.089	1.425
100.566	4.904e-01	-2.821	2976	5.090	1.423
100.566	6.499e-01	-2.821	2976	5.091	1.422
100.566	8.650e-01	-2.821	2976	5.091	1.422
100.566	1.151e+00	-2.821	2976	5.091	1.422
100.566	1.529e+00	-2.822	2976	5.091	1.422
100.566	2.035e+00	-2.822	2976	5.091	1.421
100.566	2.709e+00	-2.822	2976	5.091	1.421
100.566	3.606e+00	-2.822	2975	5.092	1.421
100.566	4.799e+00	-2.823	2975	5.092	1.420
100.566	6.388e+00	-2.823	2975	5.092	1.419
100.566	8.502e+00	-2.824	2975	5.093	1.419
102.661	1.029e-04	-0.587	3369	3.081	14.533
102.661	1.358e-04	-0.603	3375	3.100	14.214
102.661	1.777e-04	-0.630	3385	3.132	13.703
102.661	2.346e-04	-0.693	3406	3.205	12.589
102.661	3.071e-04	-0.791	3434	3.318	11.058
102.661	4.031e-04	-0.885	3459	3.424	9.787
102.661	5.298e-04	-0.975	3478	3.524	8.720
102.661	6.965e-04	-1.066	3487	3.620	7.816
102.661	9.155e-04	-1.155	3490	3.710	7.040
102.661	1.194e-03	-1.240	3490	3.795	6.384
102.661	1.555e-03	-1.324	3487	3.877	5.811
102.661	2.052e-03	-1.409	3483	3.961	5.276
102.661	2.687e-03	-1.491	3480	4.041	4.813
102.661	3.526e-03	-1.573	3473	4.120	4.394
102.661	4.618e-03	-1.655	3464	4.197	4.020
102.661	6.035e-03	-1.736	3454	4.273	3.685
102.661	7.934e-03	-1.811	3456	4.350	3.372
102.661	1.043e-02	-1.890	3454	4.427	3.085
102.661	1.360e-02	-1.973	3435	4.501	2.833
102.661	1.785e-02	-2.060	3412	4.575	2.600
102.661	2.346e-02	-2.152	3375	4.649	2.390
102.661	3.060e-02	-2.244	3329	4.717	2.209
102.661	4.040e-02	-2.345	3268	4.786	2.042
102.661	5.279e-02	-2.441	3205	4.848	1.901
102.661	6.941e-02	-2.533	3143	4.907	1.776
102.661	9.122e-02	-2.617	3089	4.960	1.670
102.661	1.190e-01	-2.684	3049	5.005	1.586
102.661	1.571e-01	-2.739	3018	5.041	1.521
102.661	2.056e-01	-2.772	3002	5.065	1.479
102.661	2.699e-01	-2.789	2995	5.079	1.457
102.661	3.547e-01	-2.797	2992	5.085	1.447
102.661	4.663e-01	-2.799	2992	5.086	1.444
102.661	6.180e-01	-2.799	2991	5.087	1.444
102.661	8.225e-01	-2.799	2991	5.087	1.444
102.661	1.095e+00	-2.799	2991	5.087	1.443
102.661	1.457e+00	-2.800	2991	5.087	1.443
102.661	1.939e+00	-2.800	2991	5.087	1.443
102.661	2.581e+00	-2.800	2991	5.087	1.443
102.661	3.436e+00	-2.800	2991	5.087	1.442
102.661	4.573e+00	-2.801	2991	5.088	1.442
102.661	6.074e+00	-2.801	2991	5.088	1.441
102.661	8.085e+00	-2.802	2990	5.089	1.440
104.757	1.008e-04	-0.573	3371	3.077	14.740
104.757	1.320e-04	-0.589	3377	3.096	14.426
104.757	1.746e-04	-0.618	3387	3.130	13.875
104.757	2.296e-04	-0.681	3409	3.204	12.734
104.757	3.017e-04	-0.779	3437	3.316	11.192
104.757	3.982e-04	-0.873	3462	3.423	9.900
104.757	5.213e-04	-0.961	3480	3.521	8.847
104.757	6.882e-04	-1.052	3490	3.616	7.924
104.757	8.993e-04	-1.139	3495	3.705	7.156
104.757	1.182e-03	-1.226	3494	3.792	6.472
104.757	1.554e-03	-1.312	3491	3.877	5.872
104.757	2.027e-03	-1.394	3488	3.957	5.355
104.757	2.676e-03	-1.477	3485	4.039	4.872
104.757	3.503e-03	-1.559	3479	4.117	4.452
104.757	4.597e-03	-1.641	3471	4.195	4.069
104.757	6.020e-03	-1.722	3461	4.271	3.727
104.757	7.881e-03	-1.796	3464	4.347	3.415
104.757	1.034e-02	-1.873	3464	4.424	3.126
104.757	1.359e-02	-1.959	3447	4.501	2.862
104.757	1.787e-02	-2.045	3426	4.576	2.624
104.757	2.349e-02	-2.136	3391	4.650	2.411
104.757	3.089e-02	-2.230	3345	4.721	2.222
104.757	4.059e-02	-2.329	3286	4.788	2.055
104.757	5.295e-02	-2.424	3224	4.850	1.914
104.757	6.949e-02	-2.517	3162	4.909	1.789
104.757	9.133e-02	-2.600	3107	4.962	1.683
104.757	1.201e-01	-2.669	3065	5.007	1.598
104.757	1.573e-01	-2.720	3035	5.042	1.536
104.757	2.044e-01	-2.752	3018	5.064	1.497
104.757	2.672e-01	-2.769	3010	5.076	1.477
104.757	3.485e-01	-2.775	3008	5.081	1.468
104.757	4.600e-01	-2.777	3007	5.082	1.465
104.757	6.110e-01	-2.778	3007	5.083	1.465
104.757	8.132e-01	-2.778	3007	5.083	1.465
104.757	1.082e+00	-2.778	3007	5.083	1.465
104.757	1.441e+00	-2.778	3006	5.083	1.464
104.757	1.917e+00	-2.778	3006	5.083	1.464
104.757	2.552e+00	-2.778	3006	5.083	1.464
104.757	3.397e+00	-2.779	3006	5.084	1.463
104.757	4.521e+00	-2.779	3006	5.084	1.463
104.757	6.018e+00	-2.780	3006	5.084	1.462
104.757	8.010e+00	-2.781	3006	5.085	1.461
