Mass/Mjup	Age/Gyr	log(L/Lsun)	Teff	log(g)	Radius/Rjup
0.047	1.006e-04	-6.013	465	1.729	1.477
0.047	1.328e-04	-6.146	445	1.786	1.383
0.047	1.749e-04	-6.261	430	1.841	1.299
0.047	2.299e-04	-6.382	414	1.894	1.221
0.047	3.035e-04	-6.505	397	1.946	1.151
0.047	3.998e-04	-6.626	381	1.995	1.088
0.047	5.255e-04	-6.759	362	2.040	1.033
0.047	6.949e-04	-6.849	353	2.085	0.981
0.047	9.190e-04	-6.971	337	2.128	0.933
0.047	1.213e-03	-7.067	327	2.170	0.890
0.047	1.598e-03	-7.164	316	2.211	0.848
0.047	2.113e-03	-7.263	306	2.253	0.808
0.047	2.795e-03	-7.360	297	2.295	0.770
0.047	3.673e-03	-7.460	287	2.336	0.734
0.047	4.849e-03	-7.563	277	2.378	0.700
0.047	6.387e-03	-7.668	267	2.419	0.667
0.047	8.395e-03	-7.774	257	2.460	0.637
0.047	1.108e-02	-7.883	247	2.500	0.608
0.047	1.465e-02	-7.992	237	2.539	0.581
0.047	1.938e-02	-8.107	227	2.578	0.556
0.047	2.553e-02	-8.222	217	2.614	0.533
0.047	3.355e-02	-8.337	207	2.648	0.513
0.047	4.437e-02	-8.456	197	2.681	0.494
0.047	5.857e-02	-8.577	187	2.710	0.477
0.047	7.746e-02	-8.698	177	2.738	0.462
0.047	1.024e-01	-8.832	167	2.764	0.449
0.047	1.355e-01	-8.969	156	2.788	0.436
0.047	1.792e-01	-9.108	146	2.810	0.425
0.047	2.360e-01	-9.246	136	2.830	0.416
0.047	3.102e-01	-9.378	128	2.847	0.408
0.047	4.095e-01	-9.512	119	2.862	0.401
0.047	5.360e-01	-9.639	112	2.876	0.395
0.047	7.076e-01	-9.762	105	2.889	0.389
0.047	9.321e-01	-9.883	98	2.900	0.384
0.047	1.225e+00	-10.005	92	2.911	0.379
0.047	1.561e+00	-10.103	88	2.919	0.375
0.047	2.064e+00	-10.223	82	2.929	0.371
0.047	2.713e+00	-10.356	77	2.939	0.367
0.047	3.588e+00	-10.505	71	2.950	0.362
0.063	1.012e-04	-5.814	529	1.879	1.435
0.063	1.330e-04	-5.947	506	1.935	1.346
0.063	1.749e-04	-6.067	486	1.985	1.270
0.063	2.313e-04	-6.179	469	2.034	1.200
0.063	3.040e-04	-6.294	451	2.081	1.138
0.063	4.012e-04	-6.412	432	2.125	1.081
0.063	5.252e-04	-6.528	414	2.167	1.030
0.063	6.946e-04	-6.646	396	2.208	0.983
0.063	9.133e-04	-6.763	379	2.247	0.940
0.063	1.208e-03	-6.906	356	2.282	0.902
0.063	1.587e-03	-7.010	342	2.317	0.867
0.063	2.099e-03	-7.111	329	2.351	0.833
0.063	2.776e-03	-7.203	319	2.386	0.800
0.063	3.665e-03	-7.295	308	2.422	0.768
0.063	4.847e-03	-7.396	297	2.458	0.737
0.063	6.385e-03	-7.491	287	2.494	0.707
0.063	8.391e-03	-7.591	276	2.529	0.679
0.063	1.103e-02	-7.694	266	2.564	0.652
0.063	1.459e-02	-7.801	255	2.600	0.626
0.063	1.930e-02	-7.908	245	2.635	0.601
0.063	2.552e-02	-8.019	234	2.669	0.578
0.063	3.354e-02	-8.133	224	2.702	0.557
0.063	4.427e-02	-8.251	213	2.734	0.536
0.063	5.855e-02	-8.373	202	2.765	0.518
0.063	7.712e-02	-8.502	190	2.793	0.501
0.063	1.014e-01	-8.629	180	2.818	0.487
0.063	1.333e-01	-8.762	169	2.842	0.473
0.063	1.752e-01	-8.908	157	2.865	0.461
0.063	2.316e-01	-9.061	146	2.887	0.450
0.063	3.058e-01	-9.217	135	2.906	0.440
0.063	4.028e-01	-9.367	125	2.923	0.432
0.063	5.327e-01	-9.516	115	2.937	0.424
0.063	7.045e-01	-9.651	108	2.950	0.418
0.063	9.259e-01	-9.771	101	2.960	0.413
0.063	1.217e+00	-9.880	95	2.969	0.409
0.063	1.530e+00	-9.962	91	2.975	0.406
0.063	1.954e+00	-10.058	87	2.982	0.403
0.063	2.573e+00	-10.149	83	2.988	0.400
0.063	3.382e+00	-10.225	79	2.993	0.398
0.063	4.464e+00	-10.299	76	2.998	0.396
0.063	5.844e+00	-10.362	74	3.001	0.394
0.063	7.671e+00	-10.420	71	3.005	0.393
0.063	1.000e+01	-10.480	69	3.009	0.391
0.126	1.022e-04	-5.364	603	1.958	1.854
0.126	1.344e-04	-5.476	585	2.017	1.731
0.126	1.777e-04	-5.605	561	2.073	1.624
0.126	2.337e-04	-5.726	539	2.123	1.533
0.126	3.071e-04	-5.837	519	2.170	1.453
0.126	4.038e-04	-5.950	499	2.214	1.380
0.126	5.307e-04	-6.066	478	2.257	1.314
0.126	7.005e-04	-6.186	457	2.298	1.253
0.126	9.227e-04	-6.304	437	2.336	1.199
0.126	1.213e-03	-6.421	417	2.372	1.150
0.126	1.582e-03	-6.558	392	2.405	1.108
0.126	2.092e-03	-6.693	370	2.436	1.068
0.126	2.767e-03	-6.839	345	2.465	1.034
0.126	3.638e-03	-6.916	336	2.492	1.002
0.126	4.811e-03	-7.002	325	2.522	0.969
0.126	6.362e-03	-7.091	314	2.552	0.935
0.126	8.362e-03	-7.184	303	2.582	0.903
0.126	1.104e-02	-7.281	292	2.613	0.872
0.126	1.454e-02	-7.381	280	2.644	0.841
0.126	1.923e-02	-7.487	269	2.676	0.811
0.126	2.527e-02	-7.590	258	2.707	0.783
0.126	3.323e-02	-7.698	246	2.737	0.756
0.126	4.367e-02	-7.811	235	2.767	0.730
0.126	5.775e-02	-7.932	223	2.796	0.706
0.126	7.623e-02	-8.053	211	2.824	0.684
0.126	1.008e-01	-8.180	199	2.851	0.663
0.126	1.320e-01	-8.310	188	2.875	0.645
0.126	1.742e-01	-8.448	176	2.898	0.628
0.126	2.295e-01	-8.595	163	2.920	0.613
0.126	3.016e-01	-8.743	152	2.939	0.599
0.126	3.965e-01	-8.898	140	2.956	0.587
0.126	5.212e-01	-9.051	129	2.972	0.577
0.126	6.840e-01	-9.206	119	2.986	0.568
0.126	8.990e-01	-9.362	110	2.998	0.560
0.126	1.187e+00	-9.515	101	3.010	0.552
0.126	1.563e+00	-9.671	93	3.020	0.546
0.126	2.055e+00	-9.823	86	3.030	0.540
0.126	2.717e+00	-9.976	79	3.038	0.535
0.126	3.593e+00	-10.120	73	3.046	0.530
0.189	1.044e-04	-5.093	717	2.164	1.791
0.189	1.367e-04	-5.199	695	2.215	1.689
0.189	1.789e-04	-5.307	672	2.264	1.596
0.189	2.366e-04	-5.443	638	2.311	1.512
0.189	3.111e-04	-5.567	609	2.353	1.440
0.189	4.074e-04	-5.679	584	2.392	1.377
0.189	5.333e-04	-5.793	558	2.429	1.320
0.189	7.053e-04	-5.914	532	2.466	1.265
0.189	9.310e-04	-6.038	505	2.500	1.216
0.189	1.219e-03	-6.156	480	2.532	1.173
0.189	1.612e-03	-6.284	454	2.563	1.132
0.189	2.128e-03	-6.428	425	2.591	1.095
0.189	2.814e-03	-6.593	392	2.617	1.063
0.189	3.707e-03	-6.756	362	2.639	1.037
0.189	4.902e-03	-6.839	349	2.660	1.012
0.189	6.483e-03	-6.922	337	2.683	0.986
0.189	8.574e-03	-7.006	326	2.707	0.959
0.189	1.127e-02	-7.094	314	2.731	0.933
0.189	1.490e-02	-7.189	302	2.756	0.905
0.189	1.971e-02	-7.287	290	2.782	0.879
0.189	2.606e-02	-7.392	277	2.809	0.853
0.189	3.440e-02	-7.497	264	2.835	0.827
0.189	4.504e-02	-7.603	252	2.860	0.804
0.189	5.956e-02	-7.716	240	2.886	0.780
0.189	7.862e-02	-7.835	227	2.911	0.758
0.189	1.040e-01	-7.954	215	2.935	0.737
0.189	1.375e-01	-8.077	203	2.959	0.717
0.189	1.800e-01	-8.205	191	2.980	0.700
0.189	2.376e-01	-8.342	179	3.001	0.683
0.189	3.130e-01	-8.490	166	3.021	0.668
0.189	4.114e-01	-8.640	154	3.038	0.655
0.189	5.441e-01	-8.798	142	3.054	0.643
0.189	7.182e-01	-8.955	131	3.068	0.633
0.189	9.460e-01	-9.115	120	3.080	0.624
0.189	1.243e+00	-9.274	110	3.092	0.616
0.189	1.635e+00	-9.432	101	3.102	0.608
0.189	2.148e+00	-9.592	93	3.111	0.602
0.189	2.825e+00	-9.750	85	3.119	0.596
0.189	3.713e+00	-9.906	78	3.126	0.591
0.189	4.901e+00	-10.053	72	3.133	0.587
0.262	1.032e-04	-4.858	830	2.324	1.754
0.262	1.351e-04	-4.954	806	2.370	1.663
0.262	1.773e-04	-5.061	778	2.416	1.579
0.262	2.330e-04	-5.170	749	2.460	1.501
0.262	3.082e-04	-5.319	704	2.501	1.431
0.262	4.052e-04	-5.445	669	2.537	1.372
0.262	5.325e-04	-5.569	635	2.571	1.320
0.262	7.030e-04	-5.684	606	2.605	1.270
0.262	9.260e-04	-5.806	575	2.636	1.225
0.262	1.217e-03	-5.932	544	2.665	1.184
0.262	1.606e-03	-6.055	515	2.694	1.146
0.262	2.116e-03	-6.183	486	2.720	1.112
0.262	2.781e-03	-6.353	447	2.745	1.081
0.262	3.657e-03	-6.505	415	2.765	1.055
0.262	4.806e-03	-6.665	382	2.784	1.033
0.262	6.383e-03	-6.749	368	2.802	1.011
0.262	8.390e-03	-6.832	355	2.822	0.989
0.262	1.110e-02	-6.926	340	2.842	0.966
0.262	1.467e-02	-7.025	325	2.863	0.943
0.262	1.941e-02	-7.137	308	2.884	0.920
0.262	2.566e-02	-7.235	295	2.906	0.898
0.262	3.388e-02	-7.335	282	2.927	0.876
0.262	4.463e-02	-7.438	269	2.949	0.854
0.262	5.865e-02	-7.538	257	2.971	0.833
0.262	7.757e-02	-7.649	245	2.993	0.812
0.262	1.026e-01	-7.764	232	3.015	0.792
0.262	1.354e-01	-7.879	220	3.036	0.773
0.262	1.773e-01	-7.992	208	3.057	0.755
0.262	2.340e-01	-8.119	196	3.077	0.737
0.262	3.082e-01	-8.255	183	3.096	0.721
0.262	4.051e-01	-8.398	170	3.114	0.707
0.262	5.347e-01	-8.554	157	3.130	0.693
0.262	7.000e-01	-8.709	145	3.144	0.682
0.262	9.187e-01	-8.868	133	3.157	0.672
0.262	1.207e+00	-9.026	122	3.168	0.664
0.262	1.594e+00	-9.194	112	3.179	0.656
0.262	2.087e+00	-9.351	103	3.188	0.649
0.262	2.754e+00	-9.515	94	3.196	0.643
0.262	3.599e+00	-9.673	86	3.204	0.637
0.262	4.695e+00	-9.826	79	3.210	0.632
0.262	6.209e+00	-9.977	73	3.216	0.628
0.262	6.697e+00	-9.977	73	3.216	0.628
0.262	8.513e+00	-9.977	73	3.216	0.628
0.524	1.038e-04	-4.284	1138	2.601	1.804
0.524	1.358e-04	-4.385	1104	2.648	1.709
0.524	1.793e-04	-4.497	1063	2.694	1.620
0.524	2.343e-04	-4.626	1011	2.736	1.544
0.524	3.057e-04	-4.745	965	2.775	1.477
0.524	4.035e-04	-4.856	926	2.813	1.413
0.524	5.336e-04	-5.007	866	2.850	1.355
0.524	7.029e-04	-5.155	810	2.881	1.306
0.524	9.204e-04	-5.289	762	2.909	1.265
0.524	1.212e-03	-5.418	719	2.936	1.226
0.524	1.594e-03	-5.545	678	2.962	1.191
0.524	2.103e-03	-5.667	641	2.986	1.158
0.524	2.754e-03	-5.795	603	3.009	1.128
0.524	3.642e-03	-5.935	564	3.031	1.100
0.524	4.788e-03	-6.071	527	3.051	1.074
0.524	6.270e-03	-6.202	494	3.070	1.051
0.524	8.208e-03	-6.355	457	3.087	1.031
0.524	1.083e-02	-6.499	425	3.103	1.012
0.524	1.416e-02	-6.617	400	3.118	0.995
0.524	1.869e-02	-6.744	375	3.133	0.978
0.524	2.472e-02	-6.868	352	3.147	0.962
0.524	3.256e-02	-6.985	332	3.161	0.946
0.524	4.279e-02	-7.105	312	3.175	0.932
0.524	5.648e-02	-7.213	296	3.189	0.917
0.524	7.441e-02	-7.302	283	3.203	0.902
0.524	9.840e-02	-7.397	271	3.218	0.886
0.524	1.301e-01	-7.491	259	3.234	0.870
0.524	1.710e-01	-7.590	247	3.250	0.855
0.524	2.249e-01	-7.696	234	3.266	0.839
0.524	2.956e-01	-7.806	222	3.282	0.824
0.524	3.909e-01	-7.922	209	3.298	0.808
0.524	5.139e-01	-8.047	197	3.314	0.794
0.524	6.754e-01	-8.182	183	3.329	0.780
0.524	8.915e-01	-8.332	170	3.343	0.768
0.524	1.174e+00	-8.490	156	3.355	0.757
0.524	1.544e+00	-8.652	143	3.366	0.747
0.524	2.029e+00	-8.815	131	3.376	0.739
0.524	2.658e+00	-8.977	120	3.385	0.731
0.524	3.473e+00	-9.141	110	3.393	0.725
0.524	4.566e+00	-9.304	100	3.400	0.719
0.524	6.001e+00	-9.466	92	3.406	0.714
0.524	7.890e+00	-9.627	84	3.412	0.709
0.524	1.000e+01	-9.761	78	3.417	0.705
0.786	1.029e-04	-3.942	1336	2.713	1.942
0.786	1.353e-04	-4.055	1289	2.763	1.833
0.786	1.778e-04	-4.156	1251	2.812	1.732
0.786	2.351e-04	-4.259	1212	2.861	1.638
0.786	3.092e-04	-4.374	1165	2.907	1.553
0.786	4.089e-04	-4.518	1099	2.950	1.477
0.786	5.374e-04	-4.644	1045	2.989	1.413
0.786	7.065e-04	-4.768	994	3.025	1.355
0.786	9.252e-04	-4.928	924	3.058	1.306
0.786	1.209e-03	-5.072	864	3.086	1.264
0.786	1.596e-03	-5.208	811	3.113	1.225
0.786	2.089e-03	-5.363	752	3.137	1.192
0.786	2.742e-03	-5.486	710	3.159	1.162
0.786	3.604e-03	-5.609	670	3.181	1.133
0.786	4.757e-03	-5.752	624	3.201	1.107
0.786	6.228e-03	-5.889	583	3.220	1.084
0.786	8.220e-03	-6.027	544	3.237	1.062
0.786	1.083e-02	-6.165	507	3.254	1.042
0.786	1.423e-02	-6.302	473	3.269	1.023
0.786	1.856e-02	-6.437	441	3.283	1.007
0.786	2.436e-02	-6.582	409	3.297	0.992
0.786	3.191e-02	-6.715	382	3.309	0.977
0.786	4.177e-02	-6.846	356	3.321	0.964
0.786	5.513e-02	-6.973	333	3.333	0.951
0.786	7.262e-02	-7.093	313	3.344	0.939
0.786	9.545e-02	-7.195	297	3.355	0.927
0.786	1.260e-01	-7.289	284	3.367	0.914
0.786	1.649e-01	-7.372	272	3.379	0.902
0.786	2.165e-01	-7.463	260	3.392	0.888
0.786	2.863e-01	-7.564	247	3.406	0.874
0.786	3.763e-01	-7.667	235	3.420	0.861
0.786	4.947e-01	-7.777	223	3.434	0.847
0.786	6.502e-01	-7.891	210	3.448	0.833
0.786	8.549e-01	-8.015	197	3.461	0.820
0.786	1.124e+00	-8.154	183	3.474	0.808
0.786	1.477e+00	-8.302	170	3.486	0.797
0.786	1.941e+00	-8.460	156	3.497	0.787
0.786	2.563e+00	-8.627	142	3.507	0.778
0.786	3.376e+00	-8.793	130	3.516	0.770
0.786	4.437e+00	-8.960	119	3.524	0.764
0.786	5.857e+00	-9.130	108	3.531	0.758
0.786	7.654e+00	-9.290	99	3.536	0.752
0.786	9.983e+00	-9.448	90	3.542	0.748
1.048	1.026e-04	-3.683	1496	2.775	2.088
1.048	1.349e-04	-3.790	1453	2.832	1.955
1.048	1.766e-04	-3.906	1402	2.886	1.838
1.048	2.312e-04	-4.012	1358	2.936	1.734
1.048	3.034e-04	-4.118	1315	2.985	1.639
1.048	3.974e-04	-4.239	1259	3.032	1.553
1.048	5.202e-04	-4.376	1192	3.074	1.479
1.048	6.867e-04	-4.515	1126	3.114	1.413
1.048	8.989e-04	-4.642	1069	3.150	1.356
1.048	1.170e-03	-4.784	1003	3.182	1.307
1.048	1.522e-03	-4.925	940	3.210	1.265
1.048	2.008e-03	-5.064	882	3.238	1.225
1.048	2.646e-03	-5.243	807	3.263	1.191
1.048	3.499e-03	-5.381	755	3.285	1.161
1.048	4.627e-03	-5.508	710	3.305	1.133
1.048	6.082e-03	-5.646	663	3.325	1.109
1.048	8.043e-03	-5.787	618	3.343	1.086
1.048	1.057e-02	-5.926	576	3.360	1.065
1.048	1.390e-02	-6.065	536	3.375	1.046
1.048	1.827e-02	-6.204	499	3.390	1.028
1.048	2.402e-02	-6.345	464	3.404	1.012
1.048	3.158e-02	-6.484	431	3.416	0.998
1.048	4.150e-02	-6.633	399	3.428	0.984
1.048	5.488e-02	-6.770	371	3.439	0.972
1.048	7.216e-02	-6.899	346	3.450	0.960
1.048	9.543e-02	-7.039	321	3.460	0.949
1.048	1.254e-01	-7.150	303	3.470	0.938
1.048	1.656e-01	-7.236	290	3.480	0.927
1.048	2.181e-01	-7.320	278	3.491	0.915
1.048	2.866e-01	-7.409	266	3.503	0.903
1.048	3.769e-01	-7.506	253	3.515	0.891
1.048	4.953e-01	-7.606	241	3.527	0.878
1.048	6.538e-01	-7.715	228	3.540	0.865
1.048	8.559e-01	-7.826	216	3.552	0.853
1.048	1.130e+00	-7.946	203	3.565	0.841
1.048	1.479e+00	-8.079	189	3.577	0.829
1.048	1.941e+00	-8.221	175	3.588	0.818
1.048	2.551e+00	-8.377	161	3.599	0.809
1.048	3.354e+00	-8.539	148	3.608	0.800
1.048	4.408e+00	-8.705	135	3.617	0.792
1.048	5.750e+00	-8.866	123	3.624	0.786
1.048	7.590e+00	-9.039	112	3.631	0.780
1.048	9.936e+00	-9.201	102	3.636	0.774
1.571	1.029e-04	-3.358	1695	2.844	2.361
1.571	1.353e-04	-3.449	1670	2.908	2.193
1.571	1.778e-04	-3.554	1630	2.971	2.040
1.571	2.347e-04	-3.673	1576	3.031	1.903
1.571	3.092e-04	-3.797	1514	3.086	1.786
1.571	4.064e-04	-3.914	1458	3.138	1.684
1.571	5.300e-04	-4.035	1396	3.184	1.597
1.571	6.996e-04	-4.147	1344	3.230	1.515
1.571	9.216e-04	-4.276	1280	3.273	1.441
1.571	1.219e-03	-4.424	1202	3.313	1.377
1.571	1.602e-03	-4.558	1136	3.348	1.322
1.571	2.089e-03	-4.717	1055	3.379	1.275
1.571	2.758e-03	-4.862	987	3.408	1.234
1.571	3.633e-03	-5.007	921	3.434	1.198
1.571	4.805e-03	-5.187	842	3.457	1.166
1.571	6.315e-03	-5.328	785	3.477	1.140
1.571	8.303e-03	-5.457	737	3.496	1.115
1.571	1.098e-02	-5.595	688	3.514	1.092
1.571	1.443e-02	-5.739	639	3.530	1.071
1.571	1.905e-02	-5.885	593	3.546	1.053
1.571	2.489e-02	-6.026	551	3.560	1.036
1.571	3.247e-02	-6.165	513	3.572	1.021
1.571	4.286e-02	-6.308	475	3.585	1.006
1.571	5.646e-02	-6.468	436	3.596	0.993
1.571	7.420e-02	-6.603	406	3.606	0.982
1.571	9.756e-02	-6.739	378	3.616	0.971
1.571	1.282e-01	-6.876	351	3.625	0.960
1.571	1.686e-01	-6.999	329	3.634	0.951
1.571	2.216e-01	-7.118	308	3.643	0.941
1.571	2.913e-01	-7.222	292	3.652	0.932
1.571	3.829e-01	-7.309	279	3.661	0.922
1.571	5.054e-01	-7.400	266	3.671	0.911
1.571	6.658e-01	-7.490	254	3.681	0.901
1.571	8.750e-01	-7.587	242	3.692	0.890
1.571	1.155e+00	-7.693	229	3.703	0.878
1.571	1.512e+00	-7.802	217	3.714	0.867
1.571	2.000e+00	-7.920	204	3.725	0.856
1.571	2.629e+00	-8.052	190	3.736	0.845
1.571	3.455e+00	-8.190	177	3.746	0.836
1.571	4.561e+00	-8.353	162	3.756	0.826
1.571	5.960e+00	-8.511	148	3.764	0.819
1.571	7.837e+00	-8.681	135	3.772	0.812
1.571	1.000e+01	-8.829	124	3.778	0.806
2.095	1.020e-04	-3.139	1823	2.876	2.629
2.095	1.340e-04	-3.238	1790	2.943	2.434
2.095	1.769e-04	-3.331	1762	3.009	2.255
2.095	2.316e-04	-3.424	1733	3.072	2.097
2.095	3.057e-04	-3.533	1686	3.134	1.952
2.095	4.027e-04	-3.660	1621	3.193	1.825
2.095	5.292e-04	-3.782	1557	3.246	1.717
2.095	6.946e-04	-3.896	1501	3.295	1.622
2.095	9.129e-04	-4.020	1436	3.342	1.537
2.095	1.205e-03	-4.133	1381	3.387	1.459
2.095	1.587e-03	-4.280	1300	3.429	1.390
2.095	2.086e-03	-4.419	1226	3.467	1.331
2.095	2.721e-03	-4.565	1149	3.500	1.281
2.095	3.572e-03	-4.722	1067	3.529	1.239
2.095	4.694e-03	-4.863	1000	3.557	1.201
2.095	6.196e-03	-5.030	921	3.581	1.167
2.095	8.112e-03	-5.188	851	3.602	1.139
2.095	1.073e-02	-5.331	793	3.621	1.114
2.095	1.399e-02	-5.467	741	3.639	1.092
2.095	1.847e-02	-5.608	689	3.655	1.072
2.095	2.418e-02	-5.748	641	3.670	1.054
2.095	3.192e-02	-5.899	593	3.684	1.037
2.095	4.204e-02	-6.046	549	3.697	1.021
2.095	5.526e-02	-6.193	508	3.709	1.007
2.095	7.294e-02	-6.354	466	3.720	0.995
2.095	9.548e-02	-6.491	433	3.730	0.984
2.095	1.260e-01	-6.630	402	3.739	0.973
2.095	1.650e-01	-6.763	374	3.748	0.963
2.095	2.178e-01	-6.901	347	3.756	0.954
2.095	2.846e-01	-7.038	322	3.764	0.945
2.095	3.712e-01	-7.160	302	3.772	0.937
2.095	4.872e-01	-7.242	289	3.779	0.929
2.095	6.404e-01	-7.330	276	3.788	0.920
2.095	8.420e-01	-7.412	265	3.797	0.910
2.095	1.107e+00	-7.503	253	3.806	0.901
2.095	1.455e+00	-7.600	240	3.816	0.890
2.095	1.912e+00	-7.705	228	3.826	0.880
2.095	2.524e+00	-7.815	215	3.837	0.869
2.095	3.298e+00	-7.929	202	3.847	0.859
2.095	4.337e+00	-8.062	188	3.857	0.849
2.095	5.700e+00	-8.209	174	3.867	0.840
2.095	7.524e+00	-8.372	159	3.875	0.832
2.095	9.849e+00	-8.535	146	3.883	0.824
2.619	1.012e-04	-2.970	1920	2.893	2.880
2.619	1.331e-04	-3.062	1895	2.963	2.659
2.619	1.749e-04	-3.162	1861	3.031	2.459
2.619	2.291e-04	-3.257	1828	3.096	2.281
2.619	2.999e-04	-3.357	1789	3.159	2.122
2.619	3.936e-04	-3.454	1753	3.220	1.977
2.619	5.155e-04	-3.562	1704	3.279	1.848
2.619	6.790e-04	-3.693	1632	3.334	1.734
2.619	8.924e-04	-3.809	1572	3.386	1.634
2.619	1.164e-03	-3.923	1513	3.433	1.548
2.619	1.536e-03	-4.042	1452	3.480	1.467
2.619	2.011e-03	-4.177	1376	3.522	1.396
2.619	2.660e-03	-4.324	1294	3.562	1.334
2.619	3.497e-03	-4.465	1217	3.597	1.281
2.619	4.580e-03	-4.631	1126	3.627	1.237
2.619	5.996e-03	-4.773	1054	3.655	1.199
2.619	7.869e-03	-4.927	979	3.680	1.165
2.619	1.034e-02	-5.088	903	3.702	1.135
2.619	1.368e-02	-5.243	836	3.722	1.110
2.619	1.798e-02	-5.392	775	3.740	1.087
2.619	2.364e-02	-5.528	723	3.756	1.067
2.619	3.120e-02	-5.674	671	3.771	1.048
2.619	4.110e-02	-5.825	620	3.785	1.031
2.619	5.382e-02	-5.971	574	3.798	1.017
2.619	7.045e-02	-6.125	529	3.809	1.003
2.619	9.317e-02	-6.280	487	3.820	0.991
2.619	1.225e-01	-6.423	451	3.829	0.980
2.619	1.610e-01	-6.564	418	3.838	0.970
2.619	2.117e-01	-6.700	388	3.847	0.961
2.619	2.782e-01	-6.837	360	3.855	0.952
2.619	3.658e-01	-6.974	335	3.863	0.944
2.619	4.808e-01	-7.132	307	3.870	0.936
2.619	6.358e-01	-7.209	295	3.877	0.928
2.619	8.392e-01	-7.292	282	3.885	0.920
2.619	1.106e+00	-7.377	270	3.893	0.911
2.619	1.453e+00	-7.464	258	3.902	0.902
2.619	1.910e+00	-7.560	246	3.911	0.892
2.619	2.511e+00	-7.660	233	3.921	0.882
2.619	3.314e+00	-7.770	220	3.931	0.872
2.619	4.331e+00	-7.879	208	3.941	0.863
2.619	5.649e+00	-8.001	195	3.950	0.853
2.619	7.471e+00	-8.148	180	3.960	0.844
2.619	9.823e+00	-8.307	165	3.968	0.836
3.143	1.041e-04	-2.854	1982	2.912	3.088
3.143	1.357e-04	-2.942	1960	2.980	2.854
3.143	1.781e-04	-3.035	1933	3.050	2.636
3.143	2.341e-04	-3.133	1900	3.117	2.438
3.143	3.090e-04	-3.231	1867	3.185	2.256
3.143	4.039e-04	-3.338	1819	3.247	2.100
3.143	5.310e-04	-3.433	1783	3.308	1.957
3.143	6.953e-04	-3.545	1729	3.366	1.831
3.143	9.102e-04	-3.667	1663	3.420	1.720
3.143	1.195e-03	-3.782	1603	3.471	1.622
3.143	1.564e-03	-3.897	1542	3.520	1.534
3.143	2.048e-03	-4.016	1478	3.565	1.456
3.143	2.688e-03	-4.154	1399	3.607	1.387
3.143	3.533e-03	-4.295	1319	3.646	1.327
3.143	4.645e-03	-4.443	1236	3.681	1.274
3.143	6.105e-03	-4.608	1144	3.711	1.231
3.143	8.058e-03	-4.756	1067	3.739	1.192
3.143	1.055e-02	-4.905	993	3.763	1.159
3.143	1.392e-02	-5.076	912	3.785	1.130
3.143	1.834e-02	-5.226	846	3.804	1.105
3.143	2.411e-02	-5.380	782	3.822	1.083
3.143	3.170e-02	-5.513	731	3.838	1.064
3.143	4.166e-02	-5.660	677	3.853	1.046
3.143	5.477e-02	-5.811	625	3.866	1.030
3.143	7.172e-02	-5.956	580	3.878	1.015
3.143	9.373e-02	-6.120	531	3.889	1.003
3.143	1.232e-01	-6.264	491	3.899	0.991
3.143	1.620e-01	-6.407	455	3.908	0.981
3.143	2.138e-01	-6.555	420	3.917	0.971
3.143	2.816e-01	-6.689	391	3.926	0.961
3.143	3.701e-01	-6.829	362	3.933	0.953
3.143	4.886e-01	-7.058	319	3.941	0.945
3.143	6.385e-01	-7.123	308	3.947	0.938
3.143	8.428e-01	-7.199	296	3.954	0.931
3.143	1.110e+00	-7.277	284	3.961	0.923
3.143	1.459e+00	-7.364	272	3.969	0.914
3.143	1.918e+00	-7.450	260	3.978	0.905
3.143	2.521e+00	-7.546	247	3.987	0.896
3.143	3.328e+00	-7.647	234	3.996	0.886
3.143	4.384e+00	-7.755	221	4.006	0.876
3.143	5.762e+00	-7.867	209	4.016	0.867
3.143	7.576e+00	-7.995	195	4.025	0.857
3.143	9.957e+00	-8.139	180	4.034	0.848
3.666	1.046e-04	-2.746	2041	2.922	3.297
3.666	1.367e-04	-2.833	2021	2.992	3.042
3.666	1.797e-04	-2.924	1997	3.063	2.803
3.666	2.362e-04	-3.018	1970	3.133	2.587
3.666	3.106e-04	-3.115	1938	3.201	2.392
3.666	4.082e-04	-3.212	1904	3.268	2.215
3.666	5.367e-04	-3.322	1854	3.331	2.058
3.666	7.054e-04	-3.421	1815	3.393	1.918
3.666	9.311e-04	-3.538	1755	3.452	1.792
3.666	1.219e-03	-3.655	1692	3.506	1.684
3.666	1.612e-03	-3.774	1628	3.558	1.585
3.666	2.119e-03	-3.894	1564	3.607	1.499
3.666	2.786e-03	-4.015	1497	3.652	1.423
3.666	3.662e-03	-4.155	1414	3.694	1.356
3.666	4.813e-03	-4.295	1334	3.732	1.298
3.666	6.354e-03	-4.457	1239	3.766	1.248
3.666	8.303e-03	-4.613	1151	3.795	1.207
3.666	1.083e-02	-4.756	1077	3.821	1.172
3.666	1.430e-02	-4.913	998	3.845	1.139
3.666	1.871e-02	-5.070	922	3.866	1.112
3.666	2.475e-02	-5.236	847	3.885	1.088
3.666	3.254e-02	-5.383	786	3.902	1.067
3.666	4.277e-02	-5.520	733	3.917	1.048
3.666	5.623e-02	-5.670	678	3.932	1.031
3.666	7.390e-02	-5.821	626	3.945	1.016
3.666	9.640e-02	-5.971	578	3.956	1.002
3.666	1.272e-01	-6.133	530	3.967	0.990
3.666	1.666e-01	-6.279	490	3.976	0.979
3.666	2.199e-01	-6.432	451	3.986	0.969
3.666	2.896e-01	-6.571	418	3.994	0.960
3.666	3.807e-01	-6.704	389	4.002	0.951
3.666	5.025e-01	-6.848	360	4.009	0.943
3.666	6.566e-01	-7.053	321	4.015	0.937
3.666	8.668e-01	-7.119	310	4.021	0.930
3.666	1.146e+00	-7.198	298	4.028	0.922
3.666	1.510e+00	-7.291	283	4.036	0.915
3.666	1.985e+00	-7.374	271	4.044	0.906
3.666	2.589e+00	-7.461	259	4.052	0.898
3.666	3.417e+00	-7.558	246	4.061	0.889
3.666	4.473e+00	-7.658	234	4.070	0.880
3.666	5.904e+00	-7.767	221	4.079	0.870
3.666	7.729e+00	-7.878	208	4.089	0.861
3.666	1.000e+01	-7.999	195	4.097	0.852
4.190	1.017e-04	-2.648	2091	2.924	3.517
4.190	1.332e-04	-2.733	2073	2.995	3.241
4.190	1.758e-04	-2.823	2053	3.067	2.982
4.190	2.297e-04	-2.913	2028	3.137	2.754
4.190	3.020e-04	-3.007	2001	3.206	2.542
4.190	3.955e-04	-3.102	1968	3.273	2.353
4.190	5.169e-04	-3.198	1933	3.338	2.183
4.190	6.822e-04	-3.307	1885	3.403	2.027
4.190	8.931e-04	-3.405	1845	3.463	1.891
4.190	1.172e-03	-3.521	1784	3.521	1.769
4.190	1.541e-03	-3.638	1721	3.576	1.661
4.190	2.026e-03	-3.754	1658	3.627	1.565
4.190	2.653e-03	-3.872	1593	3.675	1.481
4.190	3.472e-03	-3.991	1526	3.720	1.407
4.190	4.592e-03	-4.134	1440	3.763	1.339
4.190	6.038e-03	-4.275	1357	3.801	1.282
4.190	7.936e-03	-4.437	1261	3.835	1.233
4.190	1.047e-02	-4.596	1171	3.864	1.191
4.190	1.371e-02	-4.742	1093	3.890	1.156
4.190	1.810e-02	-4.903	1010	3.915	1.124
4.190	2.384e-02	-5.060	934	3.936	1.097
4.190	3.153e-02	-5.233	855	3.955	1.073
4.190	4.144e-02	-5.379	793	3.971	1.053
4.190	5.449e-02	-5.513	741	3.986	1.035
4.190	7.161e-02	-5.668	683	4.000	1.018
4.190	9.453e-02	-5.822	630	4.013	1.003
4.190	1.237e-01	-5.989	576	4.025	0.991
4.190	1.624e-01	-6.134	533	4.035	0.979
4.190	2.148e-01	-6.287	491	4.044	0.968
4.190	2.823e-01	-6.435	453	4.053	0.959
4.190	3.727e-01	-6.570	421	4.061	0.950
4.190	4.909e-01	-6.711	390	4.069	0.941
4.190	6.452e-01	-6.940	343	4.076	0.934
4.190	8.532e-01	-7.019	329	4.082	0.927
4.190	1.128e+00	-7.108	314	4.089	0.920
4.190	1.484e+00	-7.211	297	4.096	0.913
4.190	1.950e+00	-7.307	282	4.103	0.906
4.190	2.579e+00	-7.391	270	4.110	0.898
4.190	3.404e+00	-7.482	257	4.118	0.889
4.190	4.456e+00	-7.577	245	4.127	0.881
4.190	5.882e+00	-7.679	232	4.136	0.872
4.190	7.748e+00	-7.786	219	4.145	0.863
4.190	1.000e+01	-7.891	207	4.153	0.854
4.714	1.007e-04	-2.573	2130	2.933	3.693
4.714	1.324e-04	-2.655	2116	3.003	3.406
4.714	1.741e-04	-2.742	2097	3.074	3.137
4.714	2.288e-04	-2.830	2077	3.145	2.892
4.714	2.984e-04	-2.920	2051	3.213	2.674
4.714	3.917e-04	-3.012	2022	3.282	2.471
4.714	5.147e-04	-3.110	1987	3.349	2.287
4.714	6.768e-04	-3.210	1948	3.414	2.121
4.714	8.863e-04	-3.311	1905	3.477	1.974
4.714	1.152e-03	-3.408	1863	3.535	1.846
4.714	1.506e-03	-3.524	1801	3.592	1.729
4.714	1.980e-03	-3.642	1736	3.646	1.624
4.714	2.592e-03	-3.755	1674	3.696	1.533
4.714	3.394e-03	-3.874	1607	3.744	1.452
4.714	4.454e-03	-3.997	1536	3.788	1.379
4.714	5.854e-03	-4.139	1449	3.830	1.315
4.714	7.727e-03	-4.280	1366	3.868	1.259
4.714	1.018e-02	-4.450	1263	3.901	1.211
4.714	1.338e-02	-4.599	1178	3.930	1.171
4.714	1.759e-02	-4.752	1096	3.956	1.136
4.714	2.312e-02	-4.910	1014	3.980	1.106
4.714	3.039e-02	-5.071	935	4.000	1.080
4.714	3.995e-02	-5.241	857	4.018	1.058
4.714	5.252e-02	-5.384	796	4.034	1.039
4.714	6.903e-02	-5.529	739	4.049	1.021
4.714	9.075e-02	-5.679	683	4.063	1.005
4.714	1.193e-01	-5.830	631	4.075	0.991
4.714	1.574e-01	-5.999	576	4.086	0.979
4.714	2.074e-01	-6.150	531	4.096	0.967
4.714	2.726e-01	-6.304	489	4.105	0.957
4.714	3.598e-01	-6.443	453	4.114	0.948
4.714	4.740e-01	-6.581	420	4.122	0.939
4.714	6.229e-01	-6.732	387	4.129	0.931
4.714	8.190e-01	-6.910	351	4.136	0.924
4.714	1.083e+00	-7.008	333	4.142	0.918
4.714	1.424e+00	-7.116	314	4.149	0.911
4.714	1.872e+00	-7.243	293	4.155	0.904
4.714	2.460e+00	-7.319	281	4.162	0.897
4.714	3.247e+00	-7.404	269	4.170	0.889
4.714	4.277e+00	-7.494	257	4.177	0.881
4.714	5.622e+00	-7.590	244	4.186	0.873
4.714	7.391e+00	-7.689	232	4.194	0.864
4.714	9.714e+00	-7.796	219	4.203	0.856
5.238	1.007e-04	-2.512	2165	2.945	3.838
5.238	1.330e-04	-2.593	2150	3.015	3.541
5.238	1.741e-04	-2.673	2137	3.084	3.271
5.238	2.298e-04	-2.762	2116	3.156	3.012
5.238	3.008e-04	-2.849	2094	3.225	2.782
5.238	3.917e-04	-2.939	2067	3.291	2.576
5.238	5.171e-04	-3.035	2035	3.360	2.379
5.238	6.757e-04	-3.131	1998	3.425	2.208
5.238	8.884e-04	-3.232	1957	3.490	2.050
5.238	1.168e-03	-3.329	1917	3.552	1.908
5.238	1.541e-03	-3.438	1865	3.613	1.779
5.238	2.014e-03	-3.555	1800	3.669	1.669
5.238	2.648e-03	-3.673	1735	3.722	1.570
5.238	3.480e-03	-3.787	1672	3.771	1.482
5.238	4.594e-03	-3.914	1597	3.819	1.403
5.238	6.052e-03	-4.049	1515	3.863	1.334
5.238	7.954e-03	-4.187	1432	3.902	1.275
5.238	1.046e-02	-4.336	1342	3.938	1.223
5.238	1.374e-02	-4.499	1244	3.969	1.180
5.238	1.814e-02	-4.650	1159	3.998	1.142
5.238	2.371e-02	-4.807	1074	4.022	1.110
5.238	3.092e-02	-4.959	996	4.044	1.083
5.238	4.090e-02	-5.136	910	4.064	1.059
5.238	5.398e-02	-5.294	839	4.081	1.038
5.238	7.067e-02	-5.437	780	4.096	1.020
5.238	9.329e-02	-5.586	721	4.110	1.003
5.238	1.221e-01	-5.734	667	4.123	0.989
5.238	1.612e-01	-5.908	608	4.135	0.976
5.238	2.123e-01	-6.048	564	4.145	0.964
5.238	2.791e-01	-6.211	516	4.155	0.954
5.238	3.684e-01	-6.354	478	4.163	0.944
5.238	4.853e-01	-6.493	443	4.172	0.935
5.238	6.378e-01	-6.639	409	4.179	0.927
5.238	8.419e-01	-6.825	369	4.186	0.920
5.238	1.113e+00	-6.937	348	4.193	0.913
5.238	1.457e+00	-7.052	327	4.199	0.906
5.238	1.913e+00	-7.188	303	4.205	0.900
5.238	2.514e+00	-7.278	289	4.211	0.893
5.238	3.279e+00	-7.354	277	4.218	0.886
5.238	4.329e+00	-7.440	265	4.225	0.879
5.238	5.667e+00	-7.531	253	4.233	0.871
5.238	7.480e+00	-7.627	240	4.241	0.863
5.238	9.853e+00	-7.731	227	4.249	0.855
6.285	1.046e-04	-2.390	2219	2.945	4.203
6.285	1.370e-04	-2.467	2212	3.018	3.868
6.285	1.793e-04	-2.550	2199	3.090	3.558
6.285	2.367e-04	-2.636	2185	3.164	3.266
6.285	3.118e-04	-2.726	2165	3.238	3.000
6.285	4.098e-04	-2.816	2142	3.310	2.762
6.285	5.346e-04	-2.907	2114	3.379	2.552
6.285	7.056e-04	-3.005	2081	3.449	2.354
6.285	9.221e-04	-3.102	2043	3.514	2.183
6.285	1.203e-03	-3.198	2006	3.578	2.029
6.285	1.588e-03	-3.298	1965	3.642	1.884
6.285	2.075e-03	-3.400	1918	3.702	1.758
6.285	2.728e-03	-3.521	1849	3.760	1.645
6.285	3.585e-03	-3.641	1781	3.814	1.546
6.285	4.676e-03	-3.752	1718	3.863	1.461
6.285	6.138e-03	-3.877	1643	3.910	1.384
6.285	8.067e-03	-4.009	1561	3.954	1.316
6.285	1.065e-02	-4.146	1478	3.995	1.255
6.285	1.394e-02	-4.288	1390	4.031	1.204
6.285	1.843e-02	-4.456	1286	4.064	1.160
6.285	2.404e-02	-4.604	1200	4.091	1.123
6.285	3.174e-02	-4.766	1109	4.117	1.091
6.285	4.148e-02	-4.918	1029	4.139	1.063
6.285	5.410e-02	-5.084	946	4.158	1.040
6.285	7.141e-02	-5.249	869	4.176	1.020
6.285	9.407e-02	-5.405	801	4.191	1.002
6.285	1.236e-01	-5.544	745	4.205	0.986
6.285	1.626e-01	-5.697	688	4.218	0.971
6.285	2.129e-01	-5.864	629	4.229	0.959
6.285	2.782e-01	-6.009	582	4.239	0.947
6.285	3.672e-01	-6.174	532	4.249	0.937
6.285	4.807e-01	-6.309	495	4.257	0.928
6.285	6.357e-01	-6.458	456	4.266	0.919
6.285	8.391e-01	-6.629	415	4.273	0.911
6.285	1.105e+00	-6.776	383	4.280	0.904
6.285	1.453e+00	-6.906	357	4.286	0.897
6.285	1.918e+00	-7.041	331	4.293	0.891
6.285	2.526e+00	-7.183	306	4.298	0.885
6.285	3.320e+00	-7.262	294	4.304	0.879
6.285	4.382e+00	-7.349	280	4.311	0.873
6.285	5.737e+00	-7.434	268	4.318	0.866
6.285	7.573e+00	-7.527	255	4.325	0.859
6.285	9.914e+00	-7.619	243	4.332	0.851
7.333	1.023e-04	-2.295	2266	2.953	4.499
7.333	1.348e-04	-2.375	2255	3.025	4.142
7.333	1.765e-04	-2.450	2249	3.096	3.816
7.333	2.310e-04	-2.531	2237	3.168	3.514
7.333	3.050e-04	-2.616	2223	3.241	3.228
7.333	3.992e-04	-2.702	2205	3.313	2.973
7.333	5.240e-04	-2.791	2182	3.384	2.739
7.333	6.887e-04	-2.884	2155	3.455	2.525
7.333	8.983e-04	-2.977	2122	3.522	2.338
7.333	1.186e-03	-3.077	2084	3.590	2.161
7.333	1.552e-03	-3.173	2047	3.655	2.006
7.333	2.037e-03	-3.271	2006	3.718	1.865
7.333	2.668e-03	-3.372	1960	3.779	1.739
7.333	3.493e-03	-3.491	1892	3.836	1.627
7.333	4.610e-03	-3.612	1822	3.891	1.528
7.333	6.025e-03	-3.723	1759	3.941	1.443
7.333	7.858e-03	-3.842	1686	3.987	1.368
7.333	1.037e-02	-3.975	1602	4.032	1.299
7.333	1.358e-02	-4.105	1521	4.071	1.242
7.333	1.782e-02	-4.235	1441	4.107	1.191
7.333	2.342e-02	-4.395	1339	4.140	1.148
7.333	3.080e-02	-4.543	1250	4.168	1.111
7.333	4.048e-02	-4.696	1161	4.193	1.079
7.333	5.322e-02	-4.843	1081	4.216	1.052
7.333	6.994e-02	-5.003	997	4.236	1.028
7.333	9.233e-02	-5.175	913	4.253	1.007
7.333	1.216e-01	-5.338	838	4.269	0.989
7.333	1.598e-01	-5.475	781	4.283	0.973
7.333	2.110e-01	-5.630	720	4.296	0.958
7.333	2.779e-01	-5.798	658	4.308	0.945
7.333	3.653e-01	-5.953	606	4.319	0.934
7.333	4.831e-01	-6.121	553	4.329	0.923
7.333	6.352e-01	-6.268	511	4.338	0.914
7.333	8.318e-01	-6.424	469	4.346	0.905
7.333	1.096e+00	-6.597	426	4.354	0.897
7.333	1.440e+00	-6.735	395	4.360	0.890
7.333	1.901e+00	-6.888	363	4.367	0.883
7.333	2.514e+00	-7.033	336	4.373	0.877
7.333	3.291e+00	-7.156	314	4.379	0.871
7.333	4.352e+00	-7.253	298	4.385	0.865
7.333	5.722e+00	-7.346	283	4.391	0.859
7.333	7.520e+00	-7.440	269	4.398	0.853
7.333	9.927e+00	-7.528	257	4.405	0.846
8.381	1.010e-04	-2.213	2311	2.964	4.750
8.381	1.317e-04	-2.291	2298	3.032	4.394
8.381	1.738e-04	-2.371	2286	3.103	4.048
8.381	2.275e-04	-2.445	2280	3.173	3.734
8.381	3.004e-04	-2.528	2268	3.246	3.433
8.381	3.932e-04	-2.610	2254	3.317	3.164
8.381	5.161e-04	-2.695	2236	3.389	2.913
8.381	6.783e-04	-2.784	2213	3.460	2.683
8.381	8.847e-04	-2.874	2186	3.529	2.480
8.381	1.168e-03	-2.971	2152	3.598	2.288
8.381	1.529e-03	-3.067	2116	3.665	2.120
8.381	2.018e-03	-3.165	2077	3.731	1.964
8.381	2.642e-03	-3.264	2035	3.794	1.828
8.381	3.467e-03	-3.366	1987	3.855	1.704
8.381	4.557e-03	-3.485	1918	3.912	1.595
8.381	5.991e-03	-3.599	1851	3.965	1.501
8.381	7.846e-03	-3.705	1790	4.013	1.420
8.381	1.020e-02	-3.813	1724	4.055	1.353
8.381	1.333e-02	-3.920	1656	4.093	1.295
8.381	1.752e-02	-4.029	1586	4.126	1.247
8.381	2.303e-02	-4.125	1525	4.154	1.206
8.381	3.028e-02	-4.216	1469	4.180	1.171
8.381	3.966e-02	-4.324	1399	4.203	1.141
8.381	5.191e-02	-4.424	1336	4.223	1.115
8.381	6.853e-02	-4.531	1270	4.243	1.090
8.381	9.027e-02	-4.652	1199	4.262	1.065
8.381	1.186e-01	-4.778	1128	4.283	1.041
8.381	1.566e-01	-4.937	1042	4.304	1.016
8.381	2.063e-01	-5.120	948	4.323	0.994
8.381	2.711e-01	-5.299	864	4.340	0.974
8.381	3.586e-01	-5.479	786	4.357	0.955
8.381	4.742e-01	-5.675	709	4.373	0.938
8.381	6.185e-01	-5.856	644	4.386	0.924
8.381	8.164e-01	-6.061	576	4.399	0.911
8.381	1.069e+00	-6.239	523	4.409	0.900
8.381	1.392e+00	-6.428	472	4.418	0.890
8.381	1.809e+00	-6.604	428	4.426	0.882
8.381	2.374e+00	-6.782	388	4.434	0.874
8.381	3.109e+00	-6.938	356	4.441	0.867
8.381	4.063e+00	-7.088	328	4.447	0.861
8.381	5.364e+00	-7.210	307	4.454	0.855
8.381	7.066e+00	-7.317	290	4.460	0.849
8.381	9.286e+00	-7.420	274	4.467	0.842
9.428	1.005e-04	-2.148	2347	2.977	4.963
9.428	1.326e-04	-2.224	2337	3.046	4.584
9.428	1.736e-04	-2.303	2323	3.114	4.240
9.428	2.292e-04	-2.382	2312	3.184	3.909
9.428	3.000e-04	-2.456	2306	3.254	3.607
9.428	3.968e-04	-2.540	2292	3.327	3.316
9.428	5.176e-04	-2.619	2278	3.397	3.061
9.428	6.832e-04	-2.707	2259	3.470	2.815
9.428	8.943e-04	-2.795	2236	3.540	2.597
9.428	1.181e-03	-2.890	2205	3.611	2.393
9.428	1.545e-03	-2.982	2173	3.678	2.215
9.428	2.040e-03	-3.081	2135	3.745	2.049
9.428	2.670e-03	-3.177	2096	3.809	1.904
9.428	3.525e-03	-3.276	2052	3.872	1.771
9.428	4.607e-03	-3.375	2004	3.929	1.658
9.428	6.057e-03	-3.482	1941	3.981	1.563
9.428	7.960e-03	-3.574	1887	4.023	1.488
9.428	1.038e-02	-3.646	1845	4.056	1.433
9.428	1.363e-02	-3.703	1811	4.082	1.391
9.428	1.785e-02	-3.753	1780	4.102	1.359
9.428	2.332e-02	-3.803	1749	4.120	1.331
9.428	3.042e-02	-3.861	1712	4.142	1.298
9.428	4.015e-02	-3.954	1651	4.172	1.254
9.428	5.310e-02	-4.093	1561	4.214	1.195
9.428	7.023e-02	-4.297	1430	4.266	1.125
9.428	9.288e-02	-4.556	1268	4.315	1.064
9.428	1.226e-01	-4.802	1125	4.354	1.017
9.428	1.605e-01	-5.047	994	4.383	0.984
9.428	2.118e-01	-5.269	886	4.405	0.959
9.428	2.791e-01	-5.469	797	4.422	0.940
9.428	3.668e-01	-5.645	727	4.437	0.924
9.428	4.841e-01	-5.825	660	4.450	0.910
9.428	6.338e-01	-6.003	600	4.461	0.899
9.428	8.366e-01	-6.170	547	4.470	0.889
9.428	1.102e+00	-6.351	496	4.479	0.881
9.428	1.448e+00	-6.501	457	4.487	0.873
9.428	1.915e+00	-6.642	423	4.494	0.866
9.428	2.528e+00	-6.815	384	4.500	0.860
9.428	3.331e+00	-6.953	356	4.506	0.854
9.428	4.377e+00	-7.087	331	4.511	0.848
9.428	5.755e+00	-7.197	311	4.517	0.843
9.428	7.564e+00	-7.297	295	4.523	0.837
9.428	1.000e+01	-7.397	279	4.529	0.832
10.476	1.049e-04	-2.105	2377	3.002	5.084
10.476	1.379e-04	-2.179	2366	3.067	4.715
10.476	1.813e-04	-2.252	2359	3.135	4.361
10.476	2.383e-04	-2.334	2341	3.204	4.030
10.476	3.145e-04	-2.410	2333	3.274	3.715
10.476	4.143e-04	-2.488	2324	3.346	3.423
10.476	5.446e-04	-2.570	2310	3.417	3.153
10.476	7.160e-04	-2.651	2296	3.488	2.904
10.476	9.376e-04	-2.739	2273	3.558	2.679
10.476	1.227e-03	-2.827	2250	3.628	2.473
10.476	1.611e-03	-2.920	2217	3.697	2.285
10.476	2.117e-03	-3.015	2184	3.764	2.114
10.476	2.762e-03	-3.107	2147	3.827	1.967
10.476	3.645e-03	-3.202	2106	3.888	1.832
10.476	4.772e-03	-3.285	2069	3.941	1.724
10.476	6.263e-03	-3.358	2033	3.983	1.643
10.476	8.232e-03	-3.416	2000	4.012	1.588
10.476	1.074e-02	-3.456	1976	4.032	1.554
10.476	1.409e-02	-3.492	1954	4.049	1.523
10.476	1.852e-02	-3.540	1926	4.071	1.484
10.476	2.450e-02	-3.620	1878	4.108	1.423
10.476	3.233e-02	-3.767	1789	4.169	1.326
10.476	4.259e-02	-4.007	1632	4.250	1.209
10.476	5.598e-02	-4.234	1486	4.315	1.122
10.476	7.389e-02	-4.473	1331	4.362	1.062
10.476	9.673e-02	-4.678	1206	4.397	1.021
10.476	1.277e-01	-4.879	1092	4.425	0.988
10.476	1.682e-01	-5.088	981	4.447	0.963
10.476	2.211e-01	-5.268	893	4.465	0.943
10.476	2.883e-01	-5.449	812	4.480	0.927
10.476	3.806e-01	-5.601	750	4.494	0.912
10.476	5.014e-01	-5.772	684	4.506	0.899
10.476	6.589e-01	-5.942	625	4.517	0.889
10.476	8.663e-01	-6.106	572	4.526	0.879
10.476	1.139e+00	-6.270	522	4.535	0.871
10.476	1.506e+00	-6.428	479	4.542	0.863
10.476	1.991e+00	-6.573	443	4.549	0.856
10.476	2.629e+00	-6.745	402	4.556	0.850
10.476	3.477e+00	-6.885	372	4.562	0.844
10.476	4.551e+00	-7.012	347	4.567	0.839
10.476	5.973e+00	-7.134	325	4.573	0.833
10.476	7.822e+00	-7.245	305	4.578	0.828
10.476	1.000e+01	-7.333	291	4.583	0.824
11.523	1.002e-04	-2.011	2409	2.972	5.518
11.523	1.317e-04	-2.089	2398	3.043	5.087
11.523	1.731e-04	-2.168	2387	3.113	4.689
11.523	2.272e-04	-2.242	2383	3.185	4.318
11.523	2.986e-04	-2.330	2362	3.257	3.975
11.523	3.926e-04	-2.408	2353	3.329	3.659
11.523	5.160e-04	-2.487	2346	3.402	3.365
11.523	6.812e-04	-2.571	2331	3.476	3.091
11.523	8.917e-04	-2.653	2317	3.547	2.847
11.523	1.170e-03	-2.743	2293	3.619	2.622
11.523	1.538e-03	-2.832	2269	3.689	2.417
11.523	2.006e-03	-2.923	2237	3.756	2.238
11.523	2.633e-03	-3.014	2204	3.821	2.076
11.523	3.461e-03	-3.101	2169	3.880	1.940
11.523	4.550e-03	-3.173	2138	3.928	1.837
11.523	5.981e-03	-3.224	2116	3.960	1.770
11.523	7.801e-03	-3.255	2102	3.980	1.730
11.523	1.024e-02	-3.283	2089	3.997	1.695
11.523	1.346e-02	-3.322	2071	4.021	1.650
11.523	1.776e-02	-3.401	2027	4.063	1.572
11.523	2.340e-02	-3.567	1928	4.141	1.437
11.523	3.064e-02	-3.787	1791	4.234	1.290
11.523	4.004e-02	-3.997	1653	4.303	1.192
11.523	5.223e-02	-4.170	1542	4.357	1.121
11.523	6.907e-02	-4.382	1400	4.401	1.065
11.523	9.009e-02	-4.567	1284	4.435	1.024
11.523	1.171e-01	-4.739	1181	4.462	0.992
11.523	1.537e-01	-4.927	1075	4.487	0.965
11.523	2.020e-01	-5.119	974	4.506	0.943
11.523	2.635e-01	-5.294	889	4.523	0.926
11.523	3.478e-01	-5.467	811	4.537	0.910
11.523	4.582e-01	-5.622	748	4.550	0.897
11.523	6.022e-01	-5.785	685	4.562	0.885
11.523	7.949e-01	-5.955	625	4.572	0.874
11.523	1.041e+00	-6.112	574	4.581	0.865
11.523	1.376e+00	-6.287	521	4.590	0.857
11.523	1.820e+00	-6.439	480	4.597	0.850
11.523	2.403e+00	-6.594	440	4.604	0.843
11.523	3.177e+00	-6.755	403	4.610	0.837
11.523	4.185e+00	-6.889	374	4.616	0.832
11.523	5.501e+00	-7.012	350	4.621	0.827
11.523	7.261e+00	-7.148	324	4.627	0.821
11.523	9.603e+00	-7.260	305	4.632	0.816
12.047	1.010e-04	-1.989	2421	2.978	5.605
12.047	1.328e-04	-2.065	2412	3.048	5.172
12.047	1.753e-04	-2.146	2398	3.119	4.762
12.047	2.295e-04	-2.220	2394	3.190	4.392
12.047	3.029e-04	-2.305	2377	3.263	4.037
12.047	3.990e-04	-2.388	2363	3.335	3.715
12.047	5.244e-04	-2.463	2360	3.408	3.417
12.047	6.895e-04	-2.546	2346	3.481	3.142
12.047	9.062e-04	-2.629	2331	3.553	2.890
12.047	1.196e-03	-2.719	2309	3.626	2.657
12.047	1.566e-03	-2.806	2287	3.696	2.451
12.047	2.055e-03	-2.898	2256	3.765	2.266
12.047	2.701e-03	-2.986	2225	3.829	2.104
12.047	3.523e-03	-3.065	2193	3.883	1.977
12.047	4.651e-03	-3.126	2168	3.924	1.885
12.047	6.088e-03	-3.165	2151	3.949	1.832
12.047	7.990e-03	-3.193	2139	3.967	1.795
12.047	1.039e-02	-3.222	2126	3.985	1.757
12.047	1.360e-02	-3.270	2105	4.016	1.697
12.047	1.781e-02	-3.372	2054	4.075	1.585
12.047	2.355e-02	-3.593	1920	4.180	1.405
12.047	3.109e-02	-3.801	1791	4.266	1.272
12.047	4.095e-02	-3.998	1658	4.330	1.181
12.047	5.382e-02	-4.165	1552	4.382	1.113
12.047	7.104e-02	-4.367	1416	4.424	1.060
12.047	9.358e-02	-4.551	1299	4.459	1.019
12.047	1.230e-01	-4.727	1193	4.487	0.986
12.047	1.617e-01	-4.912	1087	4.511	0.959
12.047	2.125e-01	-5.103	985	4.531	0.937
12.047	2.772e-01	-5.277	900	4.547	0.920
12.047	3.666e-01	-5.450	822	4.562	0.905
12.047	4.820e-01	-5.607	756	4.575	0.891
12.047	6.335e-01	-5.768	694	4.587	0.879
12.047	8.329e-01	-5.934	634	4.597	0.869
12.047	1.095e+00	-6.094	582	4.606	0.860
12.047	1.439e+00	-6.266	529	4.614	0.852
12.047	1.903e+00	-6.418	487	4.621	0.845
12.047	2.502e+00	-6.573	447	4.628	0.838
12.047	3.308e+00	-6.734	409	4.634	0.832
12.047	4.350e+00	-6.867	380	4.640	0.827
12.047	5.717e+00	-6.989	356	4.645	0.822
12.047	7.546e+00	-7.131	329	4.651	0.817
12.047	9.980e+00	-7.246	309	4.656	0.812
12.571	1.042e-04	-1.974	2432	2.989	5.650
12.571	1.360e-04	-2.049	2421	3.057	5.229
12.571	1.795e-04	-2.129	2409	3.128	4.817
12.571	2.349e-04	-2.203	2404	3.198	4.445
12.571	3.101e-04	-2.285	2391	3.271	4.085
12.571	4.085e-04	-2.370	2372	3.343	3.760
12.571	5.369e-04	-2.443	2372	3.415	3.460
12.571	7.087e-04	-2.527	2358	3.489	3.177
12.571	9.277e-04	-2.610	2343	3.561	2.926
12.571	1.225e-03	-2.697	2324	3.634	2.689
12.571	1.603e-03	-2.784	2302	3.704	2.481
12.571	2.116e-03	-2.875	2273	3.774	2.291
12.571	2.788e-03	-2.961	2244	3.836	2.131
12.571	3.664e-03	-3.033	2215	3.886	2.012
12.571	4.817e-03	-3.081	2196	3.919	1.937
12.571	6.308e-03	-3.110	2184	3.939	1.893
12.571	8.257e-03	-3.136	2173	3.956	1.857
12.571	1.090e-02	-3.175	2156	3.981	1.804
12.571	1.436e-02	-3.248	2123	4.028	1.710
12.571	1.887e-02	-3.421	2033	4.125	1.528
12.571	2.399e-02	-3.611	1917	4.213	1.380
12.571	3.153e-02	-3.798	1800	4.290	1.263
12.571	4.112e-02	-3.977	1679	4.350	1.180
12.571	5.428e-02	-4.137	1577	4.401	1.113
12.571	7.106e-02	-4.328	1447	4.442	1.061
12.571	9.380e-02	-4.510	1330	4.477	1.019
12.571	1.236e-01	-4.684	1224	4.506	0.985
12.571	1.624e-01	-4.864	1119	4.531	0.958
12.571	2.144e-01	-5.060	1011	4.552	0.935
12.571	2.806e-01	-5.232	925	4.569	0.917
12.571	3.704e-01	-5.410	842	4.584	0.901
12.571	4.849e-01	-5.564	777	4.597	0.888
12.571	6.401e-01	-5.728	711	4.609	0.876
12.571	8.379e-01	-5.890	652	4.619	0.866
12.571	1.100e+00	-6.051	597	4.628	0.856
12.571	1.445e+00	-6.223	544	4.636	0.848
12.571	1.908e+00	-6.375	500	4.644	0.841
12.571	2.513e+00	-6.527	460	4.651	0.834
12.571	3.324e+00	-6.695	419	4.657	0.828
12.571	4.368e+00	-6.831	389	4.663	0.823
12.571	5.777e+00	-6.955	363	4.668	0.818
12.571	7.596e+00	-7.101	335	4.674	0.813
12.571	1.000e+01	-7.219	314	4.679	0.808
13.095	1.005e-04	-1.940	2447	2.984	5.801
13.095	1.327e-04	-2.020	2432	3.054	5.355
13.095	1.737e-04	-2.097	2420	3.122	4.949
13.095	2.293e-04	-2.174	2413	3.194	4.559
13.095	3.002e-04	-2.248	2408	3.264	4.202
13.095	3.941e-04	-2.336	2385	3.335	3.872
13.095	5.179e-04	-2.411	2380	3.407	3.565
13.095	6.809e-04	-2.488	2374	3.480	3.278
13.095	8.949e-04	-2.574	2356	3.553	3.015
13.095	1.177e-03	-2.655	2344	3.625	2.774
13.095	1.546e-03	-2.744	2321	3.696	2.555
13.095	2.030e-03	-2.830	2298	3.765	2.362
13.095	2.668e-03	-2.914	2269	3.827	2.199
13.095	3.507e-03	-2.980	2245	3.875	2.080
13.095	4.593e-03	-3.024	2228	3.905	2.009
13.095	6.013e-03	-3.051	2217	3.924	1.967
13.095	7.829e-03	-3.076	2207	3.941	1.929
13.095	1.033e-02	-3.116	2191	3.968	1.869
13.095	1.353e-02	-3.198	2154	4.021	1.759
13.095	1.776e-02	-3.380	2066	4.130	1.552
13.095	2.334e-02	-3.585	1941	4.227	1.387
13.095	3.068e-02	-3.763	1830	4.302	1.273
13.095	4.033e-02	-3.938	1713	4.362	1.187
13.095	5.323e-02	-4.099	1608	4.413	1.120
13.095	7.012e-02	-4.280	1485	4.456	1.065
13.095	9.216e-02	-4.456	1370	4.492	1.023
13.095	1.216e-01	-4.633	1259	4.522	0.987
13.095	1.602e-01	-4.809	1154	4.548	0.958
13.095	2.106e-01	-4.999	1048	4.570	0.935
13.095	2.780e-01	-5.178	955	4.588	0.915
13.095	3.662e-01	-5.357	869	4.603	0.899
13.095	4.813e-01	-5.516	799	4.617	0.885
13.095	6.278e-01	-5.674	735	4.629	0.874
13.095	8.286e-01	-5.837	673	4.639	0.863
13.095	1.092e+00	-6.003	616	4.649	0.853
13.095	1.435e+00	-6.167	563	4.658	0.845
13.095	1.894e+00	-6.328	515	4.665	0.837
13.095	2.494e+00	-6.480	474	4.672	0.831
13.095	3.278e+00	-6.648	432	4.679	0.825
13.095	4.336e+00	-6.791	399	4.684	0.819
13.095	5.723e+00	-6.914	373	4.690	0.814
13.095	7.492e+00	-7.058	344	4.695	0.809
13.095	9.908e+00	-7.189	320	4.700	0.804
13.618	1.045e-04	-1.929	2458	2.998	5.825
13.618	1.368e-04	-2.008	2441	3.064	5.394
13.618	1.796e-04	-2.084	2430	3.133	4.984
13.618	2.360e-04	-2.160	2421	3.203	4.598
13.618	3.103e-04	-2.237	2414	3.274	4.236
13.618	4.078e-04	-2.322	2396	3.346	3.901
13.618	5.384e-04	-2.400	2388	3.418	3.588
13.618	7.048e-04	-2.473	2386	3.490	3.304
13.618	9.303e-04	-2.561	2366	3.564	3.035
13.618	1.218e-03	-2.639	2357	3.635	2.796
13.618	1.611e-03	-2.729	2334	3.708	2.571
13.618	2.101e-03	-2.811	2312	3.774	2.384
13.618	2.773e-03	-2.890	2285	3.833	2.227
13.618	3.630e-03	-2.946	2267	3.874	2.124
13.618	4.792e-03	-2.980	2254	3.898	2.065
13.618	6.262e-03	-3.003	2245	3.915	2.026
13.618	8.233e-03	-3.034	2233	3.936	1.979
13.618	1.082e-02	-3.088	2211	3.973	1.896
13.618	1.428e-02	-3.221	2153	4.059	1.716
13.618	1.870e-02	-3.421	2049	4.174	1.504
13.618	2.468e-02	-3.609	1934	4.261	1.360
13.618	3.225e-02	-3.772	1830	4.329	1.258
13.618	4.207e-02	-3.935	1721	4.385	1.179
13.618	5.553e-02	-4.091	1619	4.435	1.114
13.618	7.315e-02	-4.267	1499	4.477	1.060
13.618	9.614e-02	-4.441	1384	4.513	1.018
13.618	1.269e-01	-4.617	1273	4.543	0.983
13.618	1.658e-01	-4.785	1173	4.569	0.955
13.618	2.163e-01	-4.966	1070	4.590	0.932
13.618	2.855e-01	-5.148	974	4.608	0.912
13.618	3.738e-01	-5.323	888	4.624	0.896
13.618	4.906e-01	-5.484	816	4.637	0.882
13.618	6.448e-01	-5.647	748	4.650	0.870
13.618	8.511e-01	-5.809	686	4.661	0.859
13.618	1.121e+00	-5.975	627	4.670	0.849
13.618	1.474e+00	-6.137	574	4.679	0.841
13.618	1.945e+00	-6.301	525	4.687	0.833
13.618	2.546e+00	-6.450	483	4.694	0.826
13.618	3.367e+00	-6.623	439	4.700	0.820
13.618	4.445e+00	-6.768	405	4.706	0.815
13.618	5.855e+00	-6.889	379	4.712	0.810
13.618	7.696e+00	-7.036	350	4.717	0.805
13.618	1.000e+01	-7.163	326	4.722	0.800
14.142	1.006e-04	-1.896	2473	2.992	5.973
14.142	1.325e-04	-1.978	2454	3.060	5.526
14.142	1.742e-04	-2.055	2440	3.128	5.109
14.142	2.290e-04	-2.132	2430	3.197	4.716
14.142	3.009e-04	-2.207	2423	3.268	4.349
14.142	3.957e-04	-2.288	2410	3.339	4.006
14.142	5.200e-04	-2.370	2395	3.410	3.690
14.142	6.865e-04	-2.441	2399	3.484	3.391
14.142	9.042e-04	-2.529	2378	3.557	3.116
14.142	1.188e-03	-2.609	2368	3.629	2.868
14.142	1.563e-03	-2.692	2352	3.701	2.641
14.142	2.054e-03	-2.776	2330	3.768	2.444
14.142	2.711e-03	-2.851	2308	3.826	2.287
14.142	3.549e-03	-2.902	2290	3.864	2.189
14.142	4.684e-03	-2.932	2280	3.886	2.134
14.142	6.121e-03	-2.954	2272	3.903	2.094
14.142	7.958e-03	-2.984	2261	3.925	2.042
14.142	1.038e-02	-3.044	2237	3.965	1.949
14.142	1.370e-02	-3.194	2173	4.065	1.737
14.142	1.805e-02	-3.385	2079	4.179	1.523
14.142	2.372e-02	-3.566	1968	4.265	1.379
14.142	3.119e-02	-3.727	1867	4.335	1.273
14.142	4.084e-02	-3.885	1763	4.392	1.191
14.142	5.346e-02	-4.042	1657	4.441	1.126
14.142	7.057e-02	-4.200	1551	4.486	1.070
14.142	9.333e-02	-4.380	1429	4.524	1.024
14.142	1.222e-01	-4.552	1318	4.555	0.988
14.142	1.604e-01	-4.719	1216	4.582	0.958
14.142	2.100e-01	-4.894	1114	4.605	0.933
14.142	2.749e-01	-5.078	1013	4.624	0.913
14.142	3.608e-01	-5.254	924	4.640	0.896
14.142	4.742e-01	-5.419	848	4.655	0.881
14.142	6.260e-01	-5.590	774	4.668	0.868
14.142	8.194e-01	-5.741	714	4.679	0.857
14.142	1.084e+00	-5.912	651	4.689	0.847
14.142	1.425e+00	-6.074	596	4.698	0.838
14.142	1.873e+00	-6.240	544	4.706	0.831
14.142	2.472e+00	-6.395	500	4.713	0.824
14.142	3.256e+00	-6.566	455	4.720	0.817
14.142	4.306e+00	-6.720	417	4.726	0.812
14.142	5.660e+00	-6.841	391	4.731	0.807
14.142	7.471e+00	-6.975	363	4.737	0.802
14.142	9.841e+00	-7.127	333	4.742	0.797
14.666	1.001e-04	-1.874	2486	2.995	6.062
14.666	1.316e-04	-1.955	2466	3.062	5.615
14.666	1.724e-04	-2.033	2450	3.128	5.201
14.666	2.257e-04	-2.109	2439	3.196	4.811
14.666	2.962e-04	-2.183	2431	3.265	4.441
14.666	3.893e-04	-2.261	2421	3.336	4.093
14.666	5.077e-04	-2.342	2405	3.405	3.780
14.666	6.702e-04	-2.416	2403	3.478	3.476
14.666	8.828e-04	-2.499	2391	3.552	3.194
14.666	1.160e-03	-2.581	2377	3.624	2.940
14.666	1.523e-03	-2.657	2369	3.695	2.710
14.666	2.002e-03	-2.740	2348	3.762	2.508
14.666	2.632e-03	-2.810	2329	3.818	2.352
14.666	3.459e-03	-2.859	2313	3.854	2.255
14.666	4.511e-03	-2.885	2304	3.874	2.204
14.666	5.865e-03	-2.907	2296	3.890	2.164
14.666	7.697e-03	-2.939	2285	3.914	2.105
14.666	1.012e-02	-3.008	2260	3.963	1.990
14.666	1.330e-02	-3.175	2189	4.075	1.748
14.666	1.742e-02	-3.350	2107	4.183	1.544
14.666	2.280e-02	-3.523	2003	4.268	1.400
14.666	2.993e-02	-3.679	1905	4.337	1.293
14.666	3.933e-02	-3.834	1804	4.397	1.207
14.666	5.192e-02	-3.996	1693	4.449	1.137
14.666	6.797e-02	-4.134	1604	4.493	1.080
14.666	8.921e-02	-4.314	1479	4.532	1.033
14.666	1.172e-01	-4.483	1367	4.565	0.994
14.666	1.548e-01	-4.653	1261	4.594	0.962
14.666	2.026e-01	-4.822	1160	4.618	0.935
14.666	2.674e-01	-5.015	1051	4.639	0.913
14.666	3.501e-01	-5.186	962	4.656	0.895
14.666	4.595e-01	-5.357	879	4.671	0.880
14.666	6.039e-01	-5.527	803	4.685	0.867
14.666	7.972e-01	-5.685	738	4.696	0.855
14.666	1.050e+00	-5.850	675	4.707	0.845
14.666	1.380e+00	-6.015	618	4.716	0.836
14.666	1.800e+00	-6.179	564	4.724	0.828
14.666	2.381e+00	-6.335	518	4.732	0.821
14.666	3.142e+00	-6.506	472	4.739	0.815
14.666	4.139e+00	-6.664	432	4.745	0.809
14.666	5.440e+00	-6.793	402	4.750	0.804
14.666	7.153e+00	-6.908	378	4.756	0.799
14.666	9.401e+00	-7.075	344	4.761	0.794
15.190	1.007e-04	-1.857	2498	3.001	6.130
15.190	1.319e-04	-1.936	2478	3.066	5.689
15.190	1.731e-04	-2.015	2459	3.132	5.269
15.190	2.275e-04	-2.092	2447	3.200	4.872
15.190	2.967e-04	-2.165	2438	3.268	4.507
15.190	3.917e-04	-2.244	2428	3.339	4.152
15.190	5.119e-04	-2.323	2414	3.409	3.833
15.190	6.730e-04	-2.399	2409	3.480	3.530
15.190	8.845e-04	-2.477	2401	3.553	3.247
15.190	1.163e-03	-2.560	2385	3.625	2.989
15.190	1.523e-03	-2.633	2382	3.694	2.758
15.190	1.990e-03	-2.711	2363	3.760	2.559
15.190	2.617e-03	-2.777	2346	3.813	2.407
15.190	3.439e-03	-2.819	2334	3.846	2.317
15.190	4.486e-03	-2.843	2326	3.864	2.269
15.190	5.921e-03	-2.868	2318	3.882	2.223
15.190	7.800e-03	-2.907	2304	3.911	2.150
15.190	1.025e-02	-2.995	2273	3.975	1.997
15.190	1.353e-02	-3.183	2193	4.101	1.726
15.190	1.771e-02	-3.346	2117	4.203	1.536
15.190	2.325e-02	-3.514	2015	4.285	1.397
15.190	3.056e-02	-3.667	1919	4.353	1.292
15.190	3.986e-02	-3.813	1824	4.411	1.209
15.190	5.261e-02	-3.971	1716	4.463	1.139
15.190	6.887e-02	-4.106	1628	4.507	1.082
15.190	9.091e-02	-4.287	1502	4.548	1.033
15.190	1.198e-01	-4.455	1390	4.582	0.993
15.190	1.574e-01	-4.623	1284	4.611	0.961
15.190	2.053e-01	-4.788	1184	4.635	0.934
15.190	2.673e-01	-4.968	1080	4.656	0.912
15.190	3.508e-01	-5.143	987	4.674	0.893
15.190	4.611e-01	-5.317	901	4.689	0.878
15.190	6.014e-01	-5.484	824	4.702	0.864
15.190	7.894e-01	-5.642	758	4.714	0.853
15.190	1.037e+00	-5.802	695	4.725	0.842
15.190	1.369e+00	-5.970	635	4.734	0.833
15.190	1.790e+00	-6.135	580	4.743	0.825
15.190	2.353e+00	-6.291	532	4.750	0.818
15.190	3.093e+00	-6.456	486	4.757	0.811
15.190	4.082e+00	-6.620	444	4.763	0.806
15.190	5.377e+00	-6.756	412	4.769	0.800
15.190	7.067e+00	-6.875	386	4.774	0.795
15.190	9.346e+00	-7.041	352	4.780	0.791
15.713	1.047e-04	-1.849	2506	3.014	6.140
15.713	1.380e-04	-1.930	2486	3.080	5.690
15.713	1.813e-04	-2.010	2466	3.147	5.271
15.713	2.365e-04	-2.084	2454	3.212	4.886
15.713	3.122e-04	-2.162	2443	3.283	4.507
15.713	4.087e-04	-2.238	2434	3.351	4.163
15.713	5.395e-04	-2.319	2421	3.423	3.833
15.713	7.107e-04	-2.395	2415	3.495	3.529
15.713	9.341e-04	-2.473	2407	3.567	3.247
15.713	1.228e-03	-2.555	2392	3.639	2.990
15.713	1.614e-03	-2.627	2389	3.709	2.760
15.713	2.105e-03	-2.699	2375	3.770	2.572
15.713	2.779e-03	-2.756	2360	3.816	2.438
15.713	3.638e-03	-2.788	2351	3.842	2.368
15.713	4.775e-03	-2.809	2345	3.858	2.323
15.713	6.276e-03	-2.837	2336	3.879	2.267
15.713	8.284e-03	-2.891	2317	3.919	2.165
15.713	1.084e-02	-3.027	2267	4.018	1.934
15.713	1.423e-02	-3.207	2191	4.138	1.684
15.713	1.871e-02	-3.363	2115	4.233	1.509
15.713	2.459e-02	-3.525	2015	4.311	1.380
15.713	3.232e-02	-3.672	1923	4.376	1.279
15.713	4.216e-02	-3.815	1829	4.432	1.200
15.713	5.565e-02	-3.970	1722	4.483	1.131
15.713	7.286e-02	-4.104	1635	4.527	1.075
15.713	9.617e-02	-4.283	1510	4.567	1.027
15.713	1.267e-01	-4.450	1399	4.601	0.987
15.713	1.665e-01	-4.617	1292	4.630	0.955
15.713	2.172e-01	-4.781	1192	4.655	0.929
15.713	2.828e-01	-4.960	1088	4.675	0.907
15.713	3.711e-01	-5.136	993	4.693	0.888
15.713	4.878e-01	-5.309	908	4.709	0.872
15.713	6.413e-01	-5.485	826	4.722	0.859
15.713	8.429e-01	-5.641	761	4.734	0.847
15.713	1.106e+00	-5.801	698	4.745	0.837
15.713	1.454e+00	-5.967	638	4.754	0.828
15.713	1.912e+00	-6.137	581	4.763	0.820
15.713	2.512e+00	-6.292	534	4.770	0.813
15.713	3.316e+00	-6.463	486	4.777	0.807
15.713	4.342e+00	-6.619	446	4.783	0.801
15.713	5.731e+00	-6.754	413	4.789	0.796
15.713	7.502e+00	-6.875	387	4.794	0.791
15.713	9.903e+00	-7.038	353	4.799	0.786
16.237	1.012e-04	-1.819	2523	3.010	6.271
16.237	1.328e-04	-1.900	2500	3.074	5.822
16.237	1.739e-04	-1.979	2479	3.139	5.403
16.237	2.277e-04	-2.056	2464	3.205	5.007
16.237	3.005e-04	-2.134	2451	3.275	4.623
16.237	3.934e-04	-2.209	2442	3.343	4.273
16.237	5.163e-04	-2.286	2432	3.413	3.943
16.237	6.786e-04	-2.365	2421	3.484	3.634
16.237	8.922e-04	-2.441	2415	3.555	3.346
16.237	1.168e-03	-2.521	2402	3.626	3.085
16.237	1.530e-03	-2.594	2395	3.695	2.851
16.237	1.992e-03	-2.657	2393	3.756	2.656
16.237	2.589e-03	-2.713	2379	3.802	2.521
16.237	3.418e-03	-2.747	2370	3.829	2.443
16.237	4.466e-03	-2.767	2364	3.845	2.397
16.237	5.806e-03	-2.792	2357	3.865	2.343
16.237	7.573e-03	-2.839	2343	3.901	2.249
16.237	9.996e-03	-2.965	2300	3.995	2.018
16.237	1.309e-02	-3.146	2225	4.118	1.751
16.237	1.727e-02	-3.301	2155	4.218	1.561
16.237	2.257e-02	-3.455	2065	4.298	1.424
16.237	2.968e-02	-3.604	1971	4.366	1.316
16.237	3.901e-02	-3.746	1880	4.426	1.228
16.237	5.088e-02	-3.889	1784	4.477	1.158
16.237	6.678e-02	-4.034	1686	4.524	1.097
16.237	8.777e-02	-4.185	1584	4.567	1.045
16.237	1.159e-01	-4.355	1467	4.603	1.001
16.237	1.517e-01	-4.524	1355	4.634	0.966
16.237	2.006e-01	-4.691	1250	4.662	0.936
16.237	2.616e-01	-4.859	1150	4.685	0.912
16.237	3.453e-01	-5.049	1043	4.705	0.891
16.237	4.521e-01	-5.221	954	4.721	0.875
16.237	5.967e-01	-5.397	869	4.736	0.860
16.237	7.812e-01	-5.566	794	4.748	0.848
16.237	1.031e+00	-5.720	731	4.759	0.837
16.237	1.364e+00	-5.890	667	4.770	0.827
16.237	1.796e+00	-6.057	609	4.778	0.819
16.237	2.361e+00	-6.221	557	4.786	0.811
16.237	3.116e+00	-6.385	509	4.793	0.805
16.237	4.121e+00	-6.554	463	4.800	0.799
16.237	5.395e+00	-6.696	428	4.805	0.794
16.237	7.122e+00	-6.823	399	4.811	0.789
16.237	9.323e+00	-6.975	367	4.816	0.784
16.761	1.032e-04	-1.806	2536	3.019	6.307
16.761	1.357e-04	-1.888	2509	3.083	5.856
16.761	1.791e-04	-1.970	2488	3.150	5.424
16.761	2.345e-04	-2.047	2471	3.215	5.030
16.761	3.077e-04	-2.124	2457	3.283	4.654
16.761	4.045e-04	-2.200	2448	3.352	4.299
16.761	5.276e-04	-2.275	2438	3.420	3.975
16.761	6.858e-04	-2.350	2427	3.487	3.677
16.761	9.001e-04	-2.427	2419	3.558	3.389
16.761	1.183e-03	-2.505	2409	3.629	3.123
16.761	1.543e-03	-2.577	2401	3.696	2.892
16.761	2.037e-03	-2.637	2404	3.758	2.694
16.761	2.666e-03	-2.686	2394	3.799	2.567
16.761	3.520e-03	-2.715	2386	3.822	2.500
16.761	4.600e-03	-2.735	2381	3.839	2.453
16.761	6.072e-03	-2.766	2372	3.864	2.385
16.761	7.948e-03	-2.830	2353	3.913	2.253
16.761	1.048e-02	-2.997	2295	4.036	1.955
16.761	1.367e-02	-3.160	2226	4.147	1.721
16.761	1.778e-02	-3.299	2163	4.236	1.552
16.761	2.319e-02	-3.448	2076	4.314	1.421
16.761	3.060e-02	-3.596	1983	4.382	1.313
16.761	4.006e-02	-3.733	1895	4.440	1.227
16.761	5.258e-02	-3.876	1799	4.493	1.156
16.761	6.886e-02	-4.021	1700	4.539	1.096
16.761	9.014e-02	-4.163	1605	4.581	1.044
16.761	1.192e-01	-4.335	1485	4.619	1.000
16.761	1.555e-01	-4.499	1375	4.650	0.965
16.761	2.053e-01	-4.666	1270	4.678	0.934
16.761	2.687e-01	-4.832	1170	4.701	0.909
16.761	3.554e-01	-5.026	1058	4.722	0.888
16.761	4.672e-01	-5.200	967	4.739	0.871
16.761	6.141e-01	-5.375	882	4.753	0.856
16.761	8.121e-01	-5.553	802	4.766	0.844
16.761	1.068e+00	-5.706	739	4.777	0.833
16.761	1.403e+00	-5.871	676	4.787	0.823
16.761	1.852e+00	-6.039	617	4.796	0.815
16.761	2.425e+00	-6.201	564	4.804	0.807
16.761	3.207e+00	-6.368	515	4.811	0.801
16.761	4.216e+00	-6.532	470	4.818	0.795
16.761	5.542e+00	-6.678	434	4.823	0.790
16.761	7.315e+00	-6.808	404	4.829	0.785
16.761	9.576e+00	-6.958	371	4.834	0.780
17.285	1.010e-04	-1.779	2554	3.018	6.413
17.285	1.323e-04	-1.864	2522	3.081	5.964
17.285	1.742e-04	-1.944	2501	3.146	5.530
17.285	2.290e-04	-2.024	2481	3.212	5.126
17.285	2.987e-04	-2.099	2467	3.277	4.755
17.285	3.943e-04	-2.177	2455	3.347	4.390
17.285	5.152e-04	-2.251	2445	3.415	4.060
17.285	6.774e-04	-2.329	2434	3.485	3.744
17.285	8.903e-04	-2.408	2424	3.556	3.452
17.285	1.171e-03	-2.483	2417	3.626	3.182
17.285	1.538e-03	-2.558	2407	3.694	2.943
17.285	2.023e-03	-2.616	2408	3.753	2.751
17.285	2.658e-03	-2.655	2409	3.793	2.628
17.285	3.495e-03	-2.681	2403	3.814	2.564
17.285	4.577e-03	-2.702	2397	3.831	2.514
17.285	5.992e-03	-2.734	2389	3.857	2.440
17.285	7.909e-03	-2.810	2366	3.916	2.279
17.285	1.006e-02	-2.961	2316	4.030	1.999
17.285	1.330e-02	-3.130	2246	4.146	1.749
17.285	1.735e-02	-3.270	2184	4.237	1.576
17.285	2.278e-02	-3.415	2103	4.316	1.438
17.285	2.993e-02	-3.560	2012	4.385	1.329
17.285	3.936e-02	-3.696	1927	4.445	1.240
17.285	5.154e-02	-3.835	1833	4.498	1.167
17.285	6.747e-02	-3.982	1731	4.545	1.105
17.285	8.906e-02	-4.118	1642	4.589	1.050
17.285	1.164e-01	-4.286	1523	4.627	1.006
17.285	1.530e-01	-4.450	1412	4.660	0.968
17.285	2.011e-01	-4.615	1306	4.689	0.937
17.285	2.655e-01	-4.784	1202	4.714	0.910
17.285	3.497e-01	-4.975	1090	4.735	0.888
17.285	4.596e-01	-5.150	996	4.753	0.870
17.285	6.043e-01	-5.322	910	4.768	0.855
17.285	7.942e-01	-5.503	826	4.781	0.842
17.285	1.048e+00	-5.659	760	4.793	0.831
17.285	1.370e+00	-5.821	696	4.803	0.821
17.285	1.801e+00	-5.986	637	4.812	0.813
17.285	2.367e+00	-6.153	581	4.820	0.805
17.285	3.125e+00	-6.318	531	4.827	0.798
17.285	4.091e+00	-6.482	485	4.834	0.792
17.285	5.400e+00	-6.636	445	4.840	0.787
17.285	7.113e+00	-6.767	414	4.845	0.782
17.285	9.348e+00	-6.910	382	4.851	0.777
17.809	1.021e-04	-1.763	2568	3.024	6.461
17.809	1.337e-04	-1.850	2531	3.087	6.010
17.809	1.750e-04	-1.928	2511	3.150	5.586
17.809	2.310e-04	-2.009	2490	3.217	5.174
17.809	3.024e-04	-2.086	2474	3.283	4.797
17.809	3.992e-04	-2.165	2461	3.352	4.431
17.809	5.226e-04	-2.239	2451	3.420	4.098
17.809	6.859e-04	-2.316	2441	3.489	3.782
17.809	8.982e-04	-2.394	2428	3.558	3.492
17.809	1.176e-03	-2.467	2422	3.627	3.226
17.809	1.552e-03	-2.542	2413	3.695	2.984
17.809	2.032e-03	-2.597	2412	3.750	2.802
17.809	2.682e-03	-2.630	2417	3.786	2.687
17.809	3.511e-03	-2.649	2418	3.806	2.626
17.809	4.634e-03	-2.671	2413	3.825	2.571
17.809	6.105e-03	-2.709	2403	3.856	2.481
17.809	8.023e-03	-2.805	2375	3.931	2.275
17.809	1.029e-02	-2.968	2320	4.053	1.976
17.809	1.356e-02	-3.127	2255	4.162	1.743
17.809	1.775e-02	-3.264	2194	4.252	1.572
17.809	2.324e-02	-3.403	2117	4.329	1.438
17.809	3.068e-02	-3.549	2025	4.398	1.329
17.809	4.009e-02	-3.679	1944	4.456	1.242
17.809	5.292e-02	-3.820	1849	4.511	1.166
17.809	6.927e-02	-3.967	1747	4.559	1.104
17.809	9.144e-02	-4.099	1660	4.603	1.049
17.809	1.197e-01	-4.268	1540	4.641	1.004
17.809	1.580e-01	-4.433	1429	4.675	0.965
17.809	2.081e-01	-4.599	1320	4.704	0.934
17.809	2.736e-01	-4.765	1217	4.730	0.907
17.809	3.597e-01	-4.953	1106	4.751	0.885
17.809	4.710e-01	-5.127	1011	4.769	0.867
17.809	6.166e-01	-5.298	924	4.784	0.852
17.809	8.139e-01	-5.481	838	4.797	0.839
17.809	1.065e+00	-5.634	773	4.809	0.828
17.809	1.406e+00	-5.802	706	4.819	0.818
17.809	1.841e+00	-5.964	646	4.829	0.809
17.809	2.430e+00	-6.134	589	4.837	0.801
17.809	3.201e+00	-6.299	538	4.844	0.795
17.809	4.207e+00	-6.465	491	4.851	0.789
17.809	5.488e+00	-6.614	452	4.857	0.784
17.809	7.244e+00	-6.748	420	4.862	0.779
17.809	9.580e+00	-6.895	387	4.868	0.774
18.332	1.001e-04	-1.738	2585	3.023	6.560
18.332	1.309e-04	-1.825	2548	3.086	6.107
18.332	1.721e-04	-1.907	2522	3.150	5.673
18.332	2.261e-04	-1.987	2501	3.215	5.264
18.332	2.985e-04	-2.067	2482	3.282	4.872
18.332	3.908e-04	-2.144	2467	3.348	4.514
18.332	5.158e-04	-2.220	2457	3.418	4.167
18.332	6.753e-04	-2.296	2447	3.486	3.851
18.332	8.863e-04	-2.374	2435	3.556	3.555
18.332	1.165e-03	-2.449	2427	3.625	3.283
18.332	1.532e-03	-2.520	2419	3.691	3.043
18.332	2.013e-03	-2.576	2416	3.744	2.861
18.332	2.646e-03	-2.606	2421	3.778	2.753
18.332	3.466e-03	-2.623	2423	3.797	2.694
18.332	4.529e-03	-2.640	2425	3.815	2.637
18.332	5.978e-03	-2.678	2419	3.848	2.538
18.332	7.826e-03	-2.780	2390	3.929	2.314
18.332	1.001e-02	-2.941	2336	4.051	2.011
18.332	1.319e-02	-3.097	2274	4.160	1.773
18.332	1.727e-02	-3.233	2214	4.250	1.599
18.332	2.261e-02	-3.365	2147	4.328	1.461
18.332	2.967e-02	-3.508	2057	4.397	1.350
18.332	3.900e-02	-3.642	1973	4.458	1.259
18.332	5.086e-02	-3.774	1886	4.511	1.183
18.332	6.714e-02	-3.920	1784	4.562	1.116
18.332	8.789e-02	-4.054	1694	4.606	1.061
18.332	1.162e-01	-4.215	1582	4.648	1.011
18.332	1.534e-01	-4.378	1470	4.683	0.971
18.332	2.009e-01	-4.545	1359	4.713	0.938
18.332	2.651e-01	-4.709	1255	4.739	0.910
18.332	3.471e-01	-4.887	1148	4.762	0.887
18.332	4.519e-01	-5.064	1047	4.780	0.868
18.332	5.966e-01	-5.241	955	4.797	0.852
18.332	7.809e-01	-5.419	869	4.810	0.838
18.332	1.031e+00	-5.583	796	4.823	0.827
18.332	1.349e+00	-5.744	730	4.833	0.817
18.332	1.781e+00	-5.909	668	4.843	0.808
18.332	2.332e+00	-6.076	609	4.851	0.800
18.332	3.061e+00	-6.234	559	4.859	0.793
18.332	4.023e+00	-6.408	508	4.866	0.787
18.332	5.310e+00	-6.565	465	4.872	0.781
18.332	6.939e+00	-6.701	432	4.877	0.776
18.332	9.123e+00	-6.839	400	4.883	0.771
18.856	1.028e-04	-1.728	2596	3.033	6.579
18.856	1.345e-04	-1.816	2559	3.096	6.122
18.856	1.776e-04	-1.900	2530	3.160	5.683
18.856	2.325e-04	-1.978	2509	3.224	5.281
18.856	3.069e-04	-2.060	2488	3.291	4.890
18.856	4.017e-04	-2.136	2473	3.357	4.532
18.856	5.231e-04	-2.209	2463	3.423	4.202
18.856	6.905e-04	-2.286	2452	3.493	3.876
18.856	9.039e-04	-2.364	2440	3.561	3.583
18.856	1.193e-03	-2.440	2431	3.631	3.307
18.856	1.562e-03	-2.507	2424	3.693	3.077
18.856	2.062e-03	-2.560	2421	3.743	2.904
18.856	2.699e-03	-2.586	2424	3.772	2.811
18.856	3.542e-03	-2.602	2427	3.790	2.754
18.856	4.656e-03	-2.620	2429	3.810	2.690
18.856	6.146e-03	-2.659	2430	3.850	2.569
18.856	8.045e-03	-2.790	2393	3.954	2.279
18.856	1.028e-02	-2.945	2341	4.070	1.993
18.856	1.351e-02	-3.094	2282	4.175	1.767
18.856	1.762e-02	-3.225	2224	4.261	1.600
18.856	2.326e-02	-3.357	2158	4.341	1.460
18.856	3.044e-02	-3.497	2070	4.409	1.350
18.856	3.996e-02	-3.629	1986	4.469	1.259
18.856	5.252e-02	-3.764	1898	4.525	1.181
18.856	6.932e-02	-3.908	1798	4.576	1.114
18.856	9.075e-02	-4.043	1707	4.620	1.059
18.856	1.198e-01	-4.198	1599	4.661	1.009
18.856	1.578e-01	-4.360	1487	4.697	0.969
18.856	2.066e-01	-4.528	1374	4.727	0.936
18.856	2.705e-01	-4.686	1273	4.753	0.908
18.856	3.571e-01	-4.867	1163	4.777	0.884
18.856	4.674e-01	-5.049	1059	4.796	0.865
18.856	6.170e-01	-5.227	965	4.812	0.848
18.856	8.077e-01	-5.404	878	4.826	0.835
18.856	1.066e+00	-5.570	804	4.839	0.823
18.856	1.396e+00	-5.731	737	4.849	0.813
18.856	1.832e+00	-5.892	676	4.859	0.804
18.856	2.408e+00	-6.062	616	4.868	0.796
18.856	3.166e+00	-6.222	564	4.875	0.789
18.856	4.160e+00	-6.396	512	4.882	0.783
18.856	5.492e+00	-6.553	470	4.888	0.777
18.856	7.177e+00	-6.690	435	4.894	0.773
18.856	9.436e+00	-6.831	403	4.899	0.768
19.380	1.002e-04	-1.702	2614	3.031	6.686
19.380	1.323e-04	-1.793	2575	3.095	6.209
19.380	1.728e-04	-1.877	2541	3.157	5.782
19.380	2.272e-04	-1.956	2520	3.222	5.369
19.380	2.987e-04	-2.037	2497	3.287	4.981
19.380	3.896e-04	-2.112	2482	3.351	4.625
19.380	5.142e-04	-2.190	2469	3.420	4.274
19.380	6.731e-04	-2.264	2459	3.487	3.954
19.380	8.886e-04	-2.343	2447	3.557	3.648
19.380	1.161e-03	-2.418	2436	3.624	3.379
19.380	1.527e-03	-2.484	2430	3.687	3.143
19.380	2.007e-03	-2.536	2425	3.735	2.973
19.380	2.638e-03	-2.563	2427	3.763	2.879
19.380	3.467e-03	-2.578	2429	3.780	2.822
19.380	4.523e-03	-2.596	2432	3.800	2.758
19.380	5.970e-03	-2.633	2438	3.840	2.634
19.380	7.815e-03	-2.760	2409	3.948	2.328
19.380	9.796e-03	-2.904	2362	4.057	2.053
19.380	1.287e-02	-3.054	2305	4.164	1.815
19.380	1.679e-02	-3.184	2249	4.252	1.640
19.380	2.217e-02	-3.312	2189	4.333	1.494
19.380	2.897e-02	-3.449	2106	4.403	1.379
19.380	3.809e-02	-3.583	2021	4.465	1.282
19.380	5.006e-02	-3.713	1938	4.522	1.201
19.380	6.529e-02	-3.847	1847	4.572	1.134
19.380	8.619e-02	-3.994	1743	4.620	1.074
19.380	1.128e-01	-4.124	1658	4.662	1.023
19.380	1.492e-01	-4.294	1536	4.700	0.979
19.380	1.946e-01	-4.454	1427	4.732	0.944
19.380	2.569e-01	-4.621	1318	4.760	0.913
19.380	3.363e-01	-4.784	1217	4.784	0.888
19.380	4.414e-01	-4.974	1104	4.805	0.867
19.380	5.801e-01	-5.153	1006	4.822	0.850
19.380	7.628e-01	-5.328	917	4.837	0.836
19.380	9.988e-01	-5.500	837	4.850	0.823
19.380	1.308e+00	-5.659	768	4.861	0.813
19.380	1.726e+00	-5.823	703	4.872	0.803
19.380	2.260e+00	-5.987	643	4.881	0.795
19.380	2.988e+00	-6.157	586	4.889	0.788
19.380	3.929e+00	-6.331	532	4.896	0.781
19.380	5.196e+00	-6.492	487	4.902	0.776
19.380	6.829e+00	-6.638	449	4.908	0.770
19.380	8.978e+00	-6.781	415	4.913	0.766
19.904	1.024e-04	-1.692	2626	3.040	6.708
19.904	1.341e-04	-1.780	2587	3.102	6.244
19.904	1.756e-04	-1.867	2550	3.164	5.813
19.904	2.305e-04	-1.945	2529	3.228	5.403
19.904	3.029e-04	-2.026	2505	3.293	5.014
19.904	3.999e-04	-2.105	2487	3.360	4.642
19.904	5.235e-04	-2.181	2474	3.426	4.302
19.904	6.910e-04	-2.257	2464	3.495	3.972
19.904	9.045e-04	-2.333	2452	3.563	3.675
19.904	1.187e-03	-2.409	2439	3.629	3.404
19.904	1.560e-03	-2.473	2434	3.689	3.176
19.904	2.035e-03	-2.518	2430	3.732	3.023
19.904	2.686e-03	-2.543	2430	3.757	2.938
19.904	3.511e-03	-2.558	2433	3.773	2.883
19.904	4.634e-03	-2.578	2436	3.796	2.808
19.904	6.067e-03	-2.619	2442	3.841	2.666
19.904	7.749e-03	-2.744	2421	3.951	2.350
19.904	1.010e-02	-2.908	2367	4.076	2.036
19.904	1.322e-02	-3.051	2312	4.178	1.809
19.904	1.735e-02	-3.182	2256	4.266	1.634
19.904	2.281e-02	-3.306	2198	4.345	1.492
19.904	2.975e-02	-3.439	2119	4.414	1.379
19.904	3.926e-02	-3.574	2033	4.478	1.281
19.904	5.131e-02	-3.700	1952	4.534	1.202
19.904	6.693e-02	-3.833	1862	4.584	1.134
19.904	8.701e-02	-3.972	1763	4.629	1.076
19.904	1.142e-01	-4.099	1680	4.672	1.025
19.904	1.510e-01	-4.270	1558	4.711	0.979
19.904	1.985e-01	-4.432	1446	4.744	0.943
19.904	2.620e-01	-4.599	1336	4.773	0.912
19.904	3.430e-01	-4.763	1233	4.798	0.886
19.904	4.527e-01	-4.954	1118	4.819	0.865
19.904	5.927e-01	-5.131	1020	4.837	0.847
19.904	7.779e-01	-5.304	931	4.852	0.833
19.904	1.022e+00	-5.481	848	4.865	0.820
19.904	1.344e+00	-5.644	777	4.877	0.810
19.904	1.760e+00	-5.803	713	4.887	0.800
19.904	2.319e+00	-5.970	651	4.896	0.792
19.904	3.048e+00	-6.138	594	4.904	0.784
19.904	4.007e+00	-6.314	539	4.911	0.778
19.904	5.299e+00	-6.473	493	4.917	0.772
19.904	6.964e+00	-6.621	455	4.923	0.767
19.904	9.157e+00	-6.766	420	4.929	0.762
20.428	1.045e-04	-1.681	2637	3.048	6.732
20.428	1.374e-04	-1.771	2597	3.111	6.261
20.428	1.805e-04	-1.859	2559	3.174	5.823
20.428	2.374e-04	-1.939	2535	3.238	5.412
20.428	3.120e-04	-2.020	2511	3.302	5.024
20.428	4.118e-04	-2.100	2492	3.369	4.654
20.428	5.391e-04	-2.175	2479	3.435	4.314
20.428	7.116e-04	-2.251	2468	3.503	3.985
20.428	9.315e-04	-2.327	2456	3.570	3.689
20.428	1.223e-03	-2.401	2444	3.636	3.422
20.428	1.607e-03	-2.462	2438	3.693	3.205
20.428	2.113e-03	-2.503	2434	3.731	3.066
20.428	2.777e-03	-2.524	2434	3.752	2.993
20.428	3.622e-03	-2.539	2436	3.768	2.938
20.428	4.781e-03	-2.562	2439	3.794	2.852
20.428	6.258e-03	-2.613	2447	3.850	2.674
20.428	8.209e-03	-2.771	2418	3.988	2.280
20.428	1.069e-02	-2.925	2367	4.104	1.996
20.428	1.411e-02	-3.066	2312	4.205	1.777
20.428	1.847e-02	-3.193	2257	4.290	1.612
20.428	2.424e-02	-3.314	2200	4.366	1.476
20.428	3.186e-02	-3.450	2117	4.436	1.363
20.428	4.189e-02	-3.582	2034	4.497	1.269
20.428	5.506e-02	-3.710	1951	4.554	1.189
20.428	7.239e-02	-3.846	1858	4.605	1.121
20.428	9.514e-02	-3.991	1756	4.651	1.063
20.428	1.256e-01	-4.124	1667	4.694	1.011
20.428	1.661e-01	-4.292	1547	4.733	0.968
20.428	2.188e-01	-4.459	1431	4.765	0.932
20.428	2.875e-01	-4.623	1324	4.793	0.903
20.428	3.780e-01	-4.791	1219	4.818	0.878
20.428	4.968e-01	-4.979	1107	4.838	0.857
20.428	6.532e-01	-5.160	1008	4.855	0.840
20.428	8.554e-01	-5.333	919	4.870	0.826
20.428	1.120e+00	-5.503	840	4.883	0.814
20.428	1.470e+00	-5.668	769	4.894	0.804
20.428	1.932e+00	-5.827	706	4.904	0.795
20.428	2.550e+00	-5.999	642	4.913	0.787
20.428	3.338e+00	-6.161	588	4.921	0.780
20.428	4.406e+00	-6.340	532	4.928	0.773
20.428	5.827e+00	-6.498	488	4.934	0.768
20.428	7.628e+00	-6.642	451	4.940	0.763
20.428	1.000e+01	-6.790	415	4.945	0.758
20.951	1.011e-04	-1.652	2657	3.044	6.851
20.951	1.316e-04	-1.741	2616	3.105	6.388
20.951	1.728e-04	-1.828	2578	3.167	5.945
20.951	2.270e-04	-1.912	2548	3.230	5.529
20.951	2.997e-04	-1.994	2523	3.295	5.130
20.951	3.923e-04	-2.073	2502	3.359	4.765
20.951	5.149e-04	-2.149	2487	3.425	4.418
20.951	6.768e-04	-2.224	2476	3.492	4.089
20.951	8.828e-04	-2.298	2464	3.558	3.791
20.951	1.159e-03	-2.371	2452	3.623	3.516
20.951	1.517e-03	-2.435	2443	3.680	3.294
20.951	1.986e-03	-2.477	2439	3.720	3.147
20.951	2.622e-03	-2.500	2437	3.742	3.067
20.951	3.426e-03	-2.516	2438	3.758	3.012
20.951	4.523e-03	-2.537	2442	3.782	2.929
20.951	5.921e-03	-2.583	2449	3.832	2.764
20.951	7.675e-03	-2.715	2443	3.960	2.386
20.951	9.811e-03	-2.864	2394	4.074	2.093
20.951	1.290e-02	-3.006	2342	4.178	1.856
20.951	1.689e-02	-3.134	2289	4.267	1.676
20.951	2.208e-02	-3.254	2235	4.345	1.532
20.951	2.879e-02	-3.376	2170	4.415	1.412
20.951	3.801e-02	-3.513	2083	4.481	1.309
20.951	4.976e-02	-3.638	2003	4.539	1.225
20.951	6.568e-02	-3.773	1913	4.594	1.150
20.951	8.598e-02	-3.912	1816	4.642	1.088
20.951	1.135e-01	-4.046	1725	4.687	1.033
20.951	1.495e-01	-4.201	1615	4.728	0.986
20.951	1.965e-01	-4.359	1505	4.763	0.947
20.951	2.599e-01	-4.532	1387	4.794	0.914
20.951	3.417e-01	-4.696	1281	4.820	0.886
20.951	4.490e-01	-4.875	1170	4.843	0.864
20.951	5.904e-01	-5.059	1064	4.862	0.845
20.951	7.759e-01	-5.235	971	4.878	0.830
20.951	1.020e+00	-5.413	883	4.891	0.816
20.951	1.336e+00	-5.578	809	4.903	0.805
20.951	1.749e+00	-5.740	741	4.914	0.796
20.951	2.308e+00	-5.904	678	4.923	0.787
20.951	3.041e+00	-6.076	617	4.932	0.779
20.951	3.997e+00	-6.255	559	4.939	0.773
20.951	5.276e+00	-6.414	512	4.946	0.767
20.951	6.949e+00	-6.566	471	4.952	0.762
20.951	9.100e+00	-6.710	435	4.957	0.757
23.046	1.002e-04	-1.567	2726	3.044	7.183
23.046	1.310e-04	-1.663	2677	3.108	6.671
23.046	1.708e-04	-1.754	2633	3.171	6.207
23.046	2.255e-04	-1.846	2592	3.236	5.761
23.046	2.952e-04	-1.931	2559	3.298	5.360
23.046	3.904e-04	-2.014	2534	3.364	4.969
23.046	5.133e-04	-2.094	2512	3.429	4.610
23.046	6.722e-04	-2.169	2497	3.494	4.278
23.046	8.800e-04	-2.243	2485	3.559	3.971
23.046	1.164e-03	-2.314	2473	3.622	3.693
23.046	1.530e-03	-2.370	2464	3.671	3.489
23.046	2.011e-03	-2.403	2459	3.701	3.373
23.046	2.623e-03	-2.421	2456	3.717	3.311
23.046	3.410e-03	-2.439	2453	3.733	3.249
23.046	4.476e-03	-2.468	2454	3.762	3.142
23.046	5.882e-03	-2.536	2464	3.837	2.881
23.046	7.508e-03	-2.656	2482	3.970	2.474
23.046	9.929e-03	-2.816	2434	4.096	2.141
23.046	1.300e-02	-2.948	2388	4.195	1.909
23.046	1.692e-02	-3.070	2339	4.281	1.729
23.046	2.221e-02	-3.189	2286	4.361	1.578
23.046	2.919e-02	-3.303	2233	4.434	1.450
23.046	3.808e-02	-3.428	2159	4.500	1.344
23.046	5.027e-02	-3.558	2076	4.562	1.252
23.046	6.569e-02	-3.678	1999	4.616	1.175
23.046	8.568e-02	-3.808	1910	4.667	1.109
23.046	1.131e-01	-3.953	1806	4.714	1.050
23.046	1.481e-01	-4.074	1726	4.757	1.000
23.046	1.958e-01	-4.242	1603	4.796	0.955
23.046	2.585e-01	-4.405	1489	4.831	0.918
23.046	3.405e-01	-4.570	1377	4.860	0.888
23.046	4.475e-01	-4.738	1268	4.885	0.862
23.046	5.837e-01	-4.915	1159	4.906	0.842
23.046	7.600e-01	-5.096	1055	4.924	0.825
23.046	9.880e-01	-5.263	966	4.939	0.811
23.046	1.304e+00	-5.443	878	4.952	0.798
23.046	1.707e+00	-5.614	801	4.964	0.788
23.046	2.253e+00	-5.772	736	4.974	0.778
23.046	2.980e+00	-5.946	669	4.984	0.770
23.046	3.901e+00	-6.111	611	4.992	0.763
23.046	5.150e+00	-6.295	552	4.999	0.757
23.046	6.811e+00	-6.451	507	5.005	0.751
23.046	8.916e+00	-6.600	467	5.011	0.747
25.142	1.044e-04	-1.516	2777	3.063	7.344
25.142	1.362e-04	-1.612	2726	3.127	6.818
25.142	1.798e-04	-1.711	2675	3.193	6.321
25.142	2.354e-04	-1.802	2632	3.256	5.880
25.142	3.107e-04	-1.895	2589	3.320	5.461
25.142	4.068e-04	-1.975	2562	3.382	5.083
25.142	5.370e-04	-2.057	2536	3.447	4.718
25.142	7.017e-04	-2.133	2518	3.510	4.389
25.142	9.263e-04	-2.207	2502	3.573	4.082
25.142	1.213e-03	-2.267	2492	3.626	3.839
25.142	1.579e-03	-2.308	2486	3.662	3.682
25.142	2.084e-03	-2.331	2482	3.683	3.596
25.142	2.724e-03	-2.348	2479	3.698	3.534
25.142	3.595e-03	-2.373	2475	3.720	3.445
25.142	4.736e-03	-2.424	2470	3.767	3.263
25.142	6.112e-03	-2.531	2485	3.885	2.849
25.142	8.003e-03	-2.651	2503	4.018	2.445
25.142	1.054e-02	-2.794	2463	4.133	2.142
25.142	1.385e-02	-2.922	2418	4.229	1.917
25.142	1.807e-02	-3.040	2371	4.313	1.741
25.142	2.372e-02	-3.154	2323	4.391	1.592
25.142	3.117e-02	-3.264	2273	4.463	1.464
25.142	4.099e-02	-3.382	2209	4.532	1.353
25.142	5.387e-02	-3.509	2127	4.594	1.260
25.142	7.082e-02	-3.632	2048	4.651	1.180
25.142	9.275e-02	-3.760	1961	4.703	1.111
25.142	1.214e-01	-3.895	1865	4.751	1.052
25.142	1.603e-01	-4.029	1772	4.795	0.999
25.142	2.098e-01	-4.175	1667	4.835	0.954
25.142	2.754e-01	-4.330	1556	4.871	0.916
25.142	3.619e-01	-4.495	1440	4.902	0.884
25.142	4.758e-01	-4.662	1329	4.929	0.857
25.142	6.254e-01	-4.837	1218	4.952	0.834
25.142	8.157e-01	-5.021	1107	4.971	0.816
25.142	1.077e+00	-5.201	1008	4.988	0.801
25.142	1.407e+00	-5.375	919	5.002	0.788
25.142	1.850e+00	-5.554	835	5.014	0.777
25.142	2.431e+00	-5.714	766	5.024	0.768
25.142	3.210e+00	-5.884	699	5.034	0.759
25.142	4.202e+00	-6.052	637	5.042	0.752
25.142	5.546e+00	-6.235	576	5.049	0.746
25.142	7.306e+00	-6.393	528	5.056	0.740
25.142	9.602e+00	-6.545	485	5.062	0.735
27.237	1.032e-04	-1.449	2834	3.066	7.611
27.237	1.354e-04	-1.550	2781	3.134	7.043
27.237	1.773e-04	-1.647	2729	3.199	6.537
27.237	2.321e-04	-1.742	2679	3.262	6.078
27.237	3.047e-04	-1.834	2634	3.325	5.654
27.237	3.990e-04	-1.923	2593	3.386	5.266
27.237	5.214e-04	-2.001	2568	3.447	4.908
27.237	6.855e-04	-2.080	2544	3.510	4.569
27.237	8.977e-04	-2.151	2526	3.568	4.274
27.237	1.175e-03	-2.207	2513	3.615	4.046
27.237	1.542e-03	-2.241	2507	3.646	3.907
27.237	2.027e-03	-2.260	2504	3.663	3.831
27.237	2.644e-03	-2.278	2501	3.678	3.764
27.237	3.497e-03	-2.307	2496	3.704	3.653
27.237	4.598e-03	-2.373	2488	3.764	3.408
27.237	5.869e-03	-2.490	2498	3.888	2.954
27.237	7.535e-03	-2.596	2515	4.006	2.580
27.237	9.947e-03	-2.715	2510	4.121	2.259
27.237	1.300e-02	-2.842	2467	4.218	2.022
27.237	1.709e-02	-2.961	2423	4.306	1.828
27.237	2.246e-02	-3.075	2376	4.385	1.667
27.237	2.930e-02	-3.181	2330	4.458	1.534
27.237	3.867e-02	-3.289	2280	4.529	1.413
27.237	5.054e-02	-3.406	2213	4.593	1.312
27.237	6.645e-02	-3.530	2133	4.654	1.224
27.237	8.701e-02	-3.650	2056	4.709	1.149
27.237	1.131e-01	-3.774	1969	4.759	1.084
27.237	1.478e-01	-3.910	1870	4.806	1.027
27.237	1.944e-01	-4.039	1781	4.849	0.977
27.237	2.554e-01	-4.189	1671	4.889	0.933
27.237	3.359e-01	-4.345	1560	4.924	0.896
27.237	4.414e-01	-4.508	1445	4.955	0.865
27.237	5.827e-01	-4.680	1329	4.982	0.839
27.237	7.627e-01	-4.853	1219	5.005	0.817
27.237	1.007e+00	-5.050	1100	5.024	0.799
27.237	1.318e+00	-5.223	1005	5.040	0.785
27.237	1.743e+00	-5.407	911	5.054	0.772
27.237	2.274e+00	-5.580	830	5.065	0.762
27.237	3.001e+00	-5.745	760	5.075	0.753
27.237	3.953e+00	-5.914	693	5.085	0.745
27.237	5.196e+00	-6.084	631	5.093	0.738
27.237	6.858e+00	-6.263	572	5.100	0.732
27.237	9.034e+00	-6.423	523	5.106	0.727
29.332	1.006e-04	-1.383	2889	3.065	7.909
29.332	1.322e-04	-1.483	2837	3.134	7.303
29.332	1.738e-04	-1.584	2783	3.201	6.761
29.332	2.277e-04	-1.682	2729	3.266	6.280
29.332	2.975e-04	-1.776	2679	3.328	5.847
29.332	3.880e-04	-1.865	2636	3.388	5.452
29.332	5.122e-04	-1.953	2598	3.451	5.074
29.332	6.705e-04	-2.028	2573	3.510	4.739
29.332	8.731e-04	-2.097	2551	3.563	4.458
29.332	1.152e-03	-2.149	2537	3.606	4.245
29.332	1.509e-03	-2.177	2530	3.630	4.130
29.332	1.980e-03	-2.195	2526	3.644	4.060
29.332	2.603e-03	-2.215	2522	3.661	3.981
29.332	3.435e-03	-2.250	2515	3.693	3.840
29.332	4.497e-03	-2.337	2506	3.773	3.502
29.332	5.948e-03	-2.473	2514	3.914	2.977
29.332	7.851e-03	-2.582	2531	4.035	2.590
29.332	1.028e-02	-2.682	2541	4.142	2.291
29.332	1.359e-02	-2.811	2497	4.240	2.044
29.332	1.773e-02	-2.925	2453	4.324	1.856
29.332	2.327e-02	-3.036	2409	4.403	1.695
29.332	3.058e-02	-3.143	2364	4.478	1.556
29.332	3.989e-02	-3.244	2321	4.546	1.438
29.332	5.235e-02	-3.353	2265	4.613	1.332
29.332	6.881e-02	-3.477	2186	4.675	1.240
29.332	8.975e-02	-3.595	2109	4.731	1.162
29.332	1.185e-01	-3.722	2022	4.785	1.092
29.332	1.561e-01	-3.856	1926	4.835	1.031
29.332	2.051e-01	-3.992	1828	4.880	0.979
29.332	2.697e-01	-4.129	1730	4.921	0.934
29.332	3.544e-01	-4.280	1620	4.958	0.895
29.332	4.652e-01	-4.442	1504	4.990	0.862
29.332	6.114e-01	-4.610	1387	5.019	0.834
29.332	8.038e-01	-4.783	1273	5.043	0.811
29.332	1.056e+00	-4.973	1155	5.063	0.793
29.332	1.395e+00	-5.158	1049	5.081	0.777
29.332	1.826e+00	-5.335	955	5.095	0.764
29.332	2.396e+00	-5.515	867	5.107	0.754
29.332	3.149e+00	-5.682	792	5.118	0.744
29.332	4.108e+00	-5.846	725	5.127	0.737
29.332	5.432e+00	-6.019	660	5.136	0.729
29.332	7.170e+00	-6.198	598	5.143	0.723
29.332	9.445e+00	-6.363	545	5.149	0.718
31.427	1.006e-04	-1.329	2936	3.069	8.148
31.427	1.315e-04	-1.428	2885	3.138	7.525
31.427	1.729e-04	-1.528	2832	3.207	6.957
31.427	2.272e-04	-1.629	2775	3.272	6.449
31.427	2.964e-04	-1.725	2722	3.335	6.003
31.427	3.913e-04	-1.820	2673	3.398	5.581
31.427	5.122e-04	-1.908	2631	3.458	5.209
31.427	6.761e-04	-1.987	2599	3.516	4.870
31.427	8.851e-04	-2.050	2578	3.565	4.605
31.427	1.168e-03	-2.094	2563	3.598	4.431
31.427	1.529e-03	-2.116	2556	3.616	4.340
31.427	2.007e-03	-2.134	2551	3.631	4.270
31.427	2.655e-03	-2.159	2545	3.652	4.168
31.427	3.489e-03	-2.210	2533	3.694	3.969
31.427	4.544e-03	-2.328	2524	3.805	3.492
31.427	5.771e-03	-2.438	2528	3.918	3.066
31.427	7.555e-03	-2.540	2542	4.031	2.694
31.427	9.972e-03	-2.637	2556	4.137	2.383
31.427	1.303e-02	-2.745	2538	4.233	2.135
31.427	1.713e-02	-2.864	2494	4.321	1.929
31.427	2.252e-02	-2.974	2451	4.401	1.759
31.427	2.937e-02	-3.077	2409	4.474	1.616
31.427	3.855e-02	-3.180	2365	4.545	1.489
31.427	5.067e-02	-3.282	2320	4.614	1.376
31.427	6.662e-02	-3.397	2255	4.679	1.277
31.427	8.756e-02	-3.519	2175	4.739	1.192
31.427	1.151e-01	-3.639	2096	4.795	1.118
31.427	1.513e-01	-3.768	2006	4.847	1.053
31.427	1.989e-01	-3.905	1905	4.894	0.996
31.427	2.614e-01	-4.035	1812	4.938	0.948
31.427	3.437e-01	-4.180	1706	4.978	0.905
31.427	4.518e-01	-4.335	1593	5.013	0.869
31.427	5.940e-01	-4.497	1477	5.044	0.838
31.427	7.807e-01	-4.668	1359	5.071	0.813
31.427	1.018e+00	-4.839	1248	5.094	0.792
31.427	1.344e+00	-5.038	1126	5.113	0.775
31.427	1.756e+00	-5.211	1028	5.129	0.761
31.427	2.309e+00	-5.394	933	5.143	0.749
31.427	3.035e+00	-5.572	847	5.154	0.739
31.427	3.991e+00	-5.744	772	5.164	0.730
31.427	5.245e+00	-5.908	706	5.173	0.723
31.427	6.936e+00	-6.090	639	5.182	0.716
31.427	9.047e+00	-6.257	583	5.188	0.711
34.570	1.004e-04	-1.257	2993	3.073	8.513
34.570	1.320e-04	-1.355	2950	3.145	7.831
34.570	1.734e-04	-1.455	2898	3.215	7.226
34.570	2.280e-04	-1.557	2841	3.282	6.686
34.570	2.997e-04	-1.658	2784	3.347	6.204
34.570	3.909e-04	-1.752	2731	3.408	5.785
34.570	5.131e-04	-1.841	2685	3.468	5.403
34.570	6.719e-04	-1.918	2647	3.520	5.086
34.570	8.795e-04	-1.975	2620	3.559	4.861
34.570	1.161e-03	-2.006	2609	3.583	4.729
34.570	1.520e-03	-2.024	2603	3.597	4.653
34.570	1.995e-03	-2.045	2596	3.613	4.569
34.570	2.622e-03	-2.080	2584	3.640	4.428
34.570	3.461e-03	-2.166	2557	3.709	4.093
34.570	4.464e-03	-2.296	2547	3.832	3.553
34.570	5.842e-03	-2.408	2552	3.947	3.112
34.570	7.678e-03	-2.508	2561	4.052	2.757
34.570	1.009e-02	-2.598	2574	4.151	2.460
34.570	1.327e-02	-2.686	2583	4.246	2.206
34.570	1.751e-02	-2.805	2540	4.335	1.990
34.570	2.293e-02	-2.914	2497	4.415	1.816
34.570	2.985e-02	-3.015	2457	4.488	1.669
34.570	3.940e-02	-3.117	2416	4.561	1.534
34.570	5.158e-02	-3.216	2374	4.629	1.418
34.570	6.770e-02	-3.317	2327	4.696	1.314
34.570	8.898e-02	-3.436	2253	4.759	1.222
34.570	1.170e-01	-3.557	2173	4.817	1.142
34.570	1.538e-01	-3.677	2093	4.872	1.073
34.570	2.006e-01	-3.804	2002	4.921	1.014
34.570	2.652e-01	-3.945	1896	4.968	0.960
34.570	3.487e-01	-4.077	1801	5.011	0.914
34.570	4.583e-01	-4.224	1692	5.049	0.875
34.570	6.026e-01	-4.379	1578	5.083	0.841
34.570	7.920e-01	-4.544	1461	5.113	0.812
34.570	1.041e+00	-4.716	1343	5.139	0.789
34.570	1.364e+00	-4.898	1224	5.161	0.769
34.570	1.785e+00	-5.086	1110	5.179	0.754
34.570	2.343e+00	-5.266	1009	5.194	0.740
34.570	3.079e+00	-5.450	915	5.207	0.729
34.570	4.065e+00	-5.632	829	5.218	0.720
34.570	5.312e+00	-5.794	760	5.227	0.712
34.570	6.928e+00	-5.960	694	5.236	0.706
34.570	9.145e+00	-6.138	629	5.243	0.699
36.665	1.016e-04	-1.218	3025	3.078	8.715
36.665	1.341e-04	-1.316	2985	3.152	7.999
36.665	1.756e-04	-1.414	2936	3.222	7.381
36.665	2.304e-04	-1.515	2881	3.290	6.826
36.665	3.029e-04	-1.616	2822	3.356	6.329
36.665	3.982e-04	-1.714	2767	3.418	5.888
36.665	5.215e-04	-1.802	2719	3.476	5.512
36.665	6.826e-04	-1.874	2681	3.524	5.215
36.665	8.960e-04	-1.922	2657	3.556	5.023
36.665	1.178e-03	-1.948	2644	3.574	4.921
36.665	1.536e-03	-1.968	2635	3.587	4.847
36.665	1.997e-03	-1.992	2625	3.605	4.751
36.665	2.621e-03	-2.036	2610	3.639	4.566
36.665	3.444e-03	-2.157	2569	3.733	4.100
36.665	4.529e-03	-2.287	2563	3.858	3.549
36.665	5.952e-03	-2.393	2567	3.967	3.129
36.665	7.825e-03	-2.490	2573	4.068	2.788
36.665	1.028e-02	-2.576	2585	4.163	2.498
36.665	1.341e-02	-2.658	2597	4.253	2.253
36.665	1.761e-02	-2.764	2570	4.341	2.036
36.665	2.314e-02	-2.875	2527	4.422	1.854
36.665	3.043e-02	-2.980	2485	4.498	1.699
36.665	3.999e-02	-3.080	2446	4.570	1.563
36.665	5.216e-02	-3.177	2406	4.638	1.446
36.665	6.846e-02	-3.275	2363	4.705	1.338
36.665	8.997e-02	-3.385	2302	4.770	1.242
36.665	1.183e-01	-3.506	2222	4.830	1.159
36.665	1.555e-01	-3.625	2143	4.886	1.087
36.665	2.044e-01	-3.752	2054	4.938	1.023
36.665	2.687e-01	-3.887	1953	4.987	0.968
36.665	3.504e-01	-4.015	1859	5.029	0.922
36.665	4.599e-01	-4.157	1754	5.069	0.880
36.665	6.045e-01	-4.305	1644	5.105	0.844
36.665	7.947e-01	-4.465	1527	5.137	0.814
36.665	1.045e+00	-4.633	1408	5.165	0.788
36.665	1.373e+00	-4.809	1291	5.189	0.767
36.665	1.805e+00	-5.006	1165	5.209	0.750
36.665	2.383e+00	-5.190	1059	5.225	0.735
36.665	3.119e+00	-5.371	961	5.239	0.724
36.665	4.117e+00	-5.559	869	5.251	0.714
36.665	5.390e+00	-5.730	792	5.261	0.706
36.665	7.074e+00	-5.895	724	5.270	0.699
36.665	9.297e+00	-6.067	658	5.278	0.692
39.807	1.029e-04	-1.163	3068	3.083	9.027
39.807	1.353e-04	-1.259	3031	3.158	8.284
39.807	1.778e-04	-1.354	2991	3.230	7.622
39.807	2.347e-04	-1.458	2934	3.301	7.026
39.807	3.072e-04	-1.557	2879	3.366	6.515
39.807	4.032e-04	-1.654	2822	3.429	6.064
39.807	5.281e-04	-1.738	2774	3.483	5.696
39.807	6.913e-04	-1.801	2738	3.524	5.435
39.807	9.125e-04	-1.838	2718	3.548	5.287
39.807	1.195e-03	-1.860	2707	3.562	5.203
39.807	1.555e-03	-1.881	2695	3.576	5.115
39.807	2.053e-03	-1.920	2676	3.602	4.964
39.807	2.688e-03	-2.006	2635	3.661	4.639
39.807	3.548e-03	-2.162	2589	3.787	4.016
39.807	4.673e-03	-2.275	2584	3.897	3.536
39.807	6.142e-03	-2.372	2588	3.997	3.152
39.807	8.011e-03	-2.463	2590	4.089	2.836
39.807	1.052e-02	-2.545	2602	4.179	2.556
39.807	1.382e-02	-2.627	2613	4.268	2.308
39.807	1.803e-02	-2.713	2611	4.352	2.094
39.807	2.384e-02	-2.826	2567	4.436	1.901
39.807	3.109e-02	-2.928	2527	4.510	1.745
39.807	4.104e-02	-3.029	2487	4.585	1.602
39.807	5.373e-02	-3.126	2448	4.654	1.480
39.807	6.996e-02	-3.220	2409	4.719	1.372
39.807	9.095e-02	-3.316	2364	4.783	1.275
39.807	1.194e-01	-3.432	2293	4.845	1.187
39.807	1.569e-01	-3.552	2213	4.904	1.109
39.807	2.046e-01	-3.666	2136	4.957	1.044
39.807	2.701e-01	-3.797	2040	5.009	0.983
39.807	3.536e-01	-3.933	1937	5.054	0.933
39.807	4.668e-01	-4.066	1840	5.098	0.888
39.807	6.100e-01	-4.210	1731	5.135	0.850
39.807	8.020e-01	-4.358	1621	5.170	0.817
39.807	1.054e+00	-4.519	1504	5.200	0.789
39.807	1.386e+00	-4.690	1384	5.227	0.765
39.807	1.821e+00	-4.875	1261	5.249	0.745
39.807	2.376e+00	-5.061	1144	5.267	0.730
39.807	3.118e+00	-5.245	1038	5.283	0.717
39.807	4.098e+00	-5.430	940	5.296	0.707
39.807	5.345e+00	-5.608	854	5.306	0.698
39.807	7.056e+00	-5.777	779	5.316	0.690
39.807	9.295e+00	-5.956	706	5.325	0.684
41.903	1.020e-04	-1.125	3094	3.081	9.281
41.903	1.330e-04	-1.214	3064	3.154	8.531
41.903	1.756e-04	-1.312	3024	3.229	7.831
41.903	2.298e-04	-1.410	2975	3.298	7.227
41.903	3.034e-04	-1.512	2918	3.367	6.678
41.903	3.965e-04	-1.606	2864	3.428	6.222
41.903	5.171e-04	-1.688	2816	3.481	5.858
41.903	6.787e-04	-1.747	2782	3.519	5.609
41.903	8.920e-04	-1.779	2763	3.539	5.477
41.903	1.164e-03	-1.800	2751	3.553	5.394
41.903	1.536e-03	-1.827	2736	3.570	5.288
41.903	2.023e-03	-1.875	2710	3.601	5.100
41.903	2.659e-03	-1.995	2649	3.682	4.647
41.903	3.468e-03	-2.140	2607	3.799	4.062
41.903	4.578e-03	-2.251	2598	3.904	3.598
41.903	5.993e-03	-2.344	2601	3.999	3.226
41.903	7.911e-03	-2.435	2604	4.092	2.899
41.903	1.034e-02	-2.517	2611	4.178	2.624
41.903	1.359e-02	-2.596	2622	4.265	2.374
41.903	1.780e-02	-2.676	2629	4.350	2.153
41.903	2.345e-02	-2.781	2598	4.434	1.955
41.903	3.082e-02	-2.886	2556	4.511	1.788
41.903	4.019e-02	-2.984	2519	4.583	1.647
41.903	5.306e-02	-3.084	2479	4.655	1.515
41.903	6.946e-02	-3.179	2439	4.723	1.402
41.903	9.116e-02	-3.276	2396	4.789	1.299
41.903	1.194e-01	-3.382	2339	4.853	1.207
41.903	1.563e-01	-3.500	2261	4.912	1.128
41.903	2.051e-01	-3.618	2182	4.968	1.057
41.903	2.696e-01	-3.743	2093	5.020	0.995
41.903	3.558e-01	-3.879	1990	5.069	0.941
41.903	4.658e-01	-4.008	1894	5.112	0.895
41.903	6.114e-01	-4.149	1787	5.152	0.855
41.903	8.006e-01	-4.289	1682	5.188	0.821
41.903	1.048e+00	-4.442	1569	5.220	0.791
41.903	1.384e+00	-4.610	1448	5.248	0.766
41.903	1.811e+00	-4.782	1330	5.272	0.745
41.903	2.391e+00	-4.979	1201	5.293	0.728
41.903	3.149e+00	-5.166	1089	5.309	0.714
41.903	4.139e+00	-5.351	987	5.323	0.702
41.903	5.463e+00	-5.538	892	5.335	0.693
41.903	7.152e+00	-5.709	813	5.345	0.685
41.903	9.441e+00	-5.887	738	5.354	0.678
45.045	1.026e-04	-1.078	3125	3.084	9.597
45.045	1.344e-04	-1.167	3100	3.158	8.803
45.045	1.747e-04	-1.257	3067	3.230	8.110
45.045	2.283e-04	-1.352	3024	3.300	7.478
45.045	3.002e-04	-1.451	2972	3.369	6.910
45.045	3.946e-04	-1.544	2919	3.431	6.430
45.045	5.188e-04	-1.621	2874	3.481	6.069
45.045	6.818e-04	-1.670	2845	3.512	5.857
45.045	8.894e-04	-1.696	2829	3.529	5.749
45.045	1.156e-03	-1.717	2817	3.542	5.659
45.045	1.517e-03	-1.751	2797	3.564	5.522
45.045	1.994e-03	-1.820	2756	3.608	5.247
45.045	2.601e-03	-1.981	2672	3.714	4.642
45.045	3.434e-03	-2.116	2633	3.823	4.094
45.045	4.523e-03	-2.221	2620	3.920	3.662
45.045	5.945e-03	-2.312	2620	4.011	3.300
45.045	7.816e-03	-2.398	2622	4.098	2.983
45.045	1.024e-02	-2.480	2624	4.182	2.708
45.045	1.331e-02	-2.555	2634	4.263	2.467
45.045	1.739e-02	-2.632	2641	4.345	2.245
45.045	2.268e-02	-2.711	2644	4.426	2.045
45.045	3.000e-02	-2.821	2601	4.508	1.862
45.045	3.912e-02	-2.920	2563	4.581	1.711
45.045	5.164e-02	-3.020	2523	4.654	1.573
45.045	6.749e-02	-3.116	2484	4.722	1.454
45.045	8.873e-02	-3.212	2444	4.790	1.345
45.045	1.166e-01	-3.310	2398	4.856	1.247
45.045	1.533e-01	-3.422	2332	4.919	1.160
45.045	2.015e-01	-3.541	2252	4.978	1.084
45.045	2.650e-01	-3.657	2174	5.033	1.018
45.045	3.470e-01	-3.783	2081	5.083	0.961
45.045	4.542e-01	-3.917	1978	5.128	0.911
45.045	5.996e-01	-4.045	1884	5.171	0.867
45.045	7.898e-01	-4.192	1769	5.210	0.830
45.045	1.038e+00	-4.331	1666	5.244	0.797
45.045	1.370e+00	-4.488	1550	5.275	0.769
45.045	1.794e+00	-4.651	1432	5.302	0.747
45.045	2.368e+00	-4.830	1310	5.325	0.727
45.045	3.099e+00	-5.016	1190	5.343	0.711
45.045	4.099e+00	-5.206	1076	5.359	0.698
45.045	5.389e+00	-5.389	976	5.373	0.688
45.045	7.083e+00	-5.569	885	5.384	0.679
45.045	9.239e+00	-5.735	809	5.393	0.672
47.140	1.013e-04	-1.043	3146	3.080	9.858
47.140	1.329e-04	-1.132	3123	3.156	9.032
47.140	1.747e-04	-1.223	3094	3.231	8.287
47.140	2.306e-04	-1.322	3049	3.304	7.613
47.140	3.019e-04	-1.416	3003	3.372	7.041
47.140	3.962e-04	-1.507	2953	3.434	6.561
47.140	5.189e-04	-1.577	2913	3.480	6.220
47.140	6.793e-04	-1.619	2887	3.507	6.031
47.140	8.916e-04	-1.643	2873	3.522	5.926
47.140	1.172e-03	-1.668	2858	3.538	5.819
47.140	1.547e-03	-1.711	2831	3.565	5.639
47.140	2.025e-03	-1.810	2773	3.628	5.246
47.140	2.673e-03	-1.992	2676	3.748	4.568
47.140	3.521e-03	-2.111	2647	3.849	4.069
47.140	4.627e-03	-2.212	2633	3.940	3.663
47.140	6.108e-03	-2.301	2632	4.028	3.309
47.140	7.996e-03	-2.383	2634	4.112	3.005
47.140	1.049e-02	-2.465	2636	4.195	2.731
47.140	1.364e-02	-2.540	2643	4.274	2.493
47.140	1.787e-02	-2.616	2651	4.355	2.270
47.140	2.339e-02	-2.693	2657	4.436	2.068
47.140	3.070e-02	-2.795	2623	4.516	1.886
47.140	4.034e-02	-2.897	2584	4.592	1.729
47.140	5.262e-02	-2.993	2546	4.663	1.594
47.140	6.946e-02	-3.092	2506	4.734	1.469
47.140	9.077e-02	-3.186	2466	4.800	1.361
47.140	1.193e-01	-3.283	2423	4.866	1.261
47.140	1.569e-01	-3.387	2367	4.930	1.171
47.140	2.046e-01	-3.503	2290	4.988	1.095
47.140	2.685e-01	-3.619	2212	5.044	1.028
47.140	3.491e-01	-3.738	2126	5.094	0.970
47.140	4.538e-01	-3.863	2031	5.140	0.920
47.140	5.943e-01	-3.990	1934	5.182	0.876
47.140	7.780e-01	-4.123	1832	5.221	0.838
47.140	1.027e+00	-4.259	1730	5.257	0.804
47.140	1.344e+00	-4.403	1622	5.289	0.775
47.140	1.775e+00	-4.560	1506	5.317	0.750
47.140	2.323e+00	-4.722	1391	5.341	0.730
47.140	3.066e+00	-4.905	1267	5.362	0.712
47.140	4.039e+00	-5.089	1151	5.380	0.698
47.140	5.309e+00	-5.269	1047	5.394	0.687
47.140	7.008e+00	-5.451	949	5.406	0.677
47.140	9.174e+00	-5.623	865	5.416	0.669
50.283	1.008e-04	-0.998	3174	3.078	10.199
50.283	1.328e-04	-1.088	3151	3.156	9.327
50.283	1.746e-04	-1.177	3126	3.231	8.552
50.283	2.277e-04	-1.269	3090	3.303	7.878
50.283	2.965e-04	-1.359	3049	3.370	7.293
50.283	3.913e-04	-1.447	3004	3.432	6.792
50.283	5.123e-04	-1.510	2968	3.474	6.467
50.283	6.762e-04	-1.546	2948	3.498	6.294
50.283	8.837e-04	-1.568	2935	3.512	6.190
50.283	1.166e-03	-1.598	2917	3.531	6.055
50.283	1.527e-03	-1.654	2883	3.567	5.813
50.283	2.016e-03	-1.804	2792	3.661	5.213
50.283	2.655e-03	-1.969	2706	3.772	4.589
50.283	3.490e-03	-2.084	2672	3.865	4.123
50.283	4.588e-03	-2.182	2654	3.952	3.731
50.283	6.030e-03	-2.269	2649	4.035	3.390
50.283	7.865e-03	-2.348	2651	4.115	3.093
50.283	1.038e-02	-2.429	2652	4.197	2.812
50.283	1.359e-02	-2.507	2655	4.277	2.566
50.283	1.794e-02	-2.584	2663	4.359	2.335
50.283	2.349e-02	-2.659	2669	4.439	2.130
50.283	3.058e-02	-2.742	2661	4.517	1.947
50.283	4.037e-02	-2.847	2621	4.595	1.779
50.283	5.284e-02	-2.946	2583	4.668	1.636
50.283	6.936e-02	-3.043	2543	4.738	1.509
50.283	9.116e-02	-3.140	2503	4.807	1.394
50.283	1.189e-01	-3.233	2462	4.872	1.294
50.283	1.569e-01	-3.331	2417	4.938	1.199
50.283	2.055e-01	-3.442	2348	4.999	1.118
50.283	2.712e-01	-3.561	2268	5.057	1.045
50.283	3.544e-01	-3.674	2191	5.110	0.984
50.283	4.623e-01	-3.794	2100	5.157	0.931
50.283	6.114e-01	-3.927	1998	5.202	0.884
50.283	7.974e-01	-4.040	1913	5.241	0.846
50.283	1.053e+00	-4.179	1803	5.277	0.811
50.283	1.378e+00	-4.299	1714	5.309	0.782
50.283	1.819e+00	-4.437	1610	5.338	0.757
50.283	2.396e+00	-4.585	1500	5.363	0.735
50.283	3.149e+00	-4.737	1392	5.386	0.716
50.283	4.157e+00	-4.906	1277	5.405	0.700
50.283	5.442e+00	-5.076	1169	5.421	0.688
50.283	7.183e+00	-5.244	1069	5.434	0.677
50.283	9.387e+00	-5.405	981	5.445	0.669
52.378	1.021e-04	-0.975	3190	3.082	10.371
52.378	1.347e-04	-1.065	3168	3.160	9.475
52.378	1.764e-04	-1.153	3144	3.235	8.696
52.378	2.315e-04	-1.244	3112	3.308	7.994
52.378	3.043e-04	-1.337	3070	3.377	7.384
52.378	4.016e-04	-1.417	3032	3.436	6.899
52.378	5.258e-04	-1.473	3000	3.473	6.609
52.378	6.940e-04	-1.502	2984	3.493	6.458
52.378	9.069e-04	-1.525	2971	3.508	6.348
52.378	1.197e-03	-1.560	2950	3.531	6.180
52.378	1.567e-03	-1.636	2904	3.580	5.846
52.378	2.069e-03	-1.818	2794	3.695	5.121
52.378	2.703e-03	-1.963	2722	3.794	4.568
52.378	3.554e-03	-2.075	2686	3.883	4.122
52.378	4.671e-03	-2.170	2668	3.967	3.744
52.378	6.093e-03	-2.254	2661	4.045	3.419
52.378	8.043e-03	-2.335	2661	4.127	3.114
52.378	1.053e-02	-2.412	2663	4.205	2.844
52.378	1.390e-02	-2.493	2664	4.286	2.592
52.378	1.816e-02	-2.566	2670	4.364	2.369
52.378	2.388e-02	-2.642	2677	4.444	2.160
52.378	3.138e-02	-2.720	2682	4.525	1.969
52.378	4.143e-02	-2.825	2641	4.604	1.797
52.378	5.423e-02	-2.924	2603	4.677	1.652
52.378	7.062e-02	-3.018	2564	4.746	1.526
52.378	9.321e-02	-3.117	2523	4.816	1.408
52.378	1.218e-01	-3.210	2482	4.882	1.306
52.378	1.589e-01	-3.304	2440	4.945	1.214
52.378	2.097e-01	-3.411	2380	5.009	1.128
52.378	2.746e-01	-3.525	2304	5.066	1.055
52.378	3.604e-01	-3.638	2227	5.120	0.992
52.378	4.719e-01	-3.756	2140	5.169	0.938
52.378	6.216e-01	-3.881	2043	5.214	0.891
52.378	8.170e-01	-3.996	1955	5.253	0.852
52.378	1.066e+00	-4.114	1864	5.287	0.819
52.378	1.407e+00	-4.229	1775	5.318	0.790
52.378	1.853e+00	-4.348	1685	5.346	0.765
52.378	2.435e+00	-4.472	1592	5.371	0.743
52.378	3.202e+00	-4.604	1494	5.393	0.724
52.378	4.208e+00	-4.740	1397	5.413	0.708
52.378	5.533e+00	-4.887	1296	5.430	0.694
52.378	7.272e+00	-5.040	1197	5.444	0.683
52.378	9.598e+00	-5.188	1108	5.457	0.674
55.521	1.042e-04	-0.945	3209	3.087	10.611
55.521	1.370e-04	-1.031	3192	3.165	9.704
55.521	1.808e-04	-1.122	3168	3.242	8.880
55.521	2.367e-04	-1.210	3139	3.314	8.170
55.521	3.107e-04	-1.298	3103	3.382	7.559
55.521	4.084e-04	-1.370	3069	3.435	7.105
55.521	5.369e-04	-1.414	3048	3.467	6.848
55.521	7.057e-04	-1.439	3036	3.485	6.712
55.521	9.205e-04	-1.464	3021	3.502	6.584
55.521	1.217e-03	-1.510	2994	3.532	6.355
55.521	1.601e-03	-1.628	2924	3.609	5.819
55.521	2.104e-03	-1.814	2810	3.726	5.083
55.521	2.777e-03	-1.950	2746	3.822	4.554
55.521	3.629e-03	-2.057	2708	3.905	4.140
55.521	4.733e-03	-2.147	2690	3.983	3.784
55.521	6.212e-03	-2.232	2679	4.060	3.460
55.521	8.164e-03	-2.311	2677	4.138	3.164
55.521	1.065e-02	-2.385	2679	4.214	2.900
55.521	1.398e-02	-2.463	2678	4.292	2.652
55.521	1.837e-02	-2.539	2682	4.370	2.423
55.521	2.415e-02	-2.614	2689	4.449	2.213
55.521	3.163e-02	-2.687	2696	4.527	2.022
55.521	4.166e-02	-2.781	2675	4.607	1.844
55.521	5.476e-02	-2.882	2636	4.682	1.691
55.521	7.187e-02	-2.980	2596	4.754	1.556
55.521	9.411e-02	-3.076	2556	4.823	1.438
55.521	1.232e-01	-3.171	2515	4.890	1.332
55.521	1.626e-01	-3.267	2472	4.956	1.234
55.521	2.125e-01	-3.361	2427	5.018	1.148
55.521	2.794e-01	-3.475	2353	5.078	1.072
55.521	3.672e-01	-3.585	2279	5.133	1.007
55.521	4.828e-01	-3.696	2200	5.182	0.951
55.521	6.346e-01	-3.807	2116	5.226	0.904
55.521	8.329e-01	-3.918	2029	5.264	0.866
55.521	1.095e+00	-4.013	1957	5.296	0.834
55.521	1.439e+00	-4.113	1878	5.325	0.807
55.521	1.892e+00	-4.200	1810	5.348	0.786
55.521	2.497e+00	-4.279	1751	5.369	0.767
55.521	3.269e+00	-4.358	1690	5.387	0.751
55.521	4.315e+00	-4.434	1633	5.403	0.738
55.521	5.648e+00	-4.507	1577	5.416	0.727
55.521	7.470e+00	-4.576	1526	5.427	0.717
55.521	9.821e+00	-4.637	1482	5.437	0.709
57.616	1.004e-04	-0.912	3220	3.076	10.946
57.616	1.318e-04	-0.994	3211	3.154	10.013
57.616	1.726e-04	-1.081	3189	3.229	9.180
57.616	2.260e-04	-1.169	3162	3.302	8.440
57.616	2.983e-04	-1.256	3131	3.372	7.789
57.616	3.930e-04	-1.329	3098	3.427	7.310
57.616	5.165e-04	-1.373	3078	3.459	7.045
57.616	6.737e-04	-1.396	3067	3.476	6.908
57.616	8.893e-04	-1.421	3055	3.494	6.764
57.616	1.171e-03	-1.469	3028	3.527	6.517
57.616	1.540e-03	-1.595	2954	3.609	5.924
57.616	1.988e-03	-1.768	2848	3.719	5.224
57.616	2.625e-03	-1.907	2776	3.814	4.679
57.616	3.436e-03	-2.019	2731	3.897	4.254
57.616	4.535e-03	-2.114	2708	3.977	3.878
57.616	5.974e-03	-2.202	2692	4.055	3.546
57.616	7.824e-03	-2.281	2687	4.130	3.252
57.616	1.024e-02	-2.355	2688	4.206	2.981
57.616	1.352e-02	-2.433	2688	4.284	2.723
57.616	1.767e-02	-2.510	2688	4.360	2.496
57.616	2.323e-02	-2.583	2695	4.438	2.281
57.616	3.053e-02	-2.657	2702	4.517	2.084
57.616	3.982e-02	-2.733	2704	4.594	1.906
57.616	5.266e-02	-2.838	2663	4.673	1.741
57.616	6.869e-02	-2.935	2625	4.745	1.603
57.616	9.016e-02	-3.033	2584	4.815	1.479
57.616	1.172e-01	-3.125	2545	4.881	1.371
57.616	1.535e-01	-3.219	2503	4.946	1.272
57.616	2.006e-01	-3.310	2462	5.009	1.183
57.616	2.616e-01	-3.410	2406	5.069	1.104
57.616	3.453e-01	-3.521	2332	5.126	1.034
57.616	4.521e-01	-3.625	2262	5.176	0.976
57.616	5.933e-01	-3.731	2184	5.220	0.927
57.616	7.798e-01	-3.831	2107	5.259	0.887
57.616	1.025e+00	-3.925	2033	5.290	0.856
57.616	1.343e+00	-3.999	1976	5.316	0.831
57.616	1.758e+00	-4.068	1923	5.337	0.811
57.616	2.324e+00	-4.131	1872	5.353	0.795
57.616	3.056e+00	-4.176	1837	5.365	0.785
57.616	4.017e+00	-4.206	1814	5.374	0.777
57.616	5.302e+00	-4.230	1797	5.381	0.771
57.616	6.929e+00	-4.247	1784	5.385	0.767
57.616	9.110e+00	-4.257	1776	5.388	0.765
60.759	1.015e-04	-0.883	3235	3.079	11.207
60.759	1.335e-04	-0.964	3228	3.156	10.248
60.759	1.754e-04	-1.050	3211	3.233	9.382
60.759	2.315e-04	-1.140	3184	3.308	8.607
60.759	3.026e-04	-1.220	3157	3.373	7.982
60.759	3.978e-04	-1.284	3133	3.424	7.532
60.759	5.209e-04	-1.321	3116	3.451	7.299
60.759	6.819e-04	-1.343	3106	3.468	7.161
60.759	8.950e-04	-1.371	3093	3.488	6.993
60.759	1.176e-03	-1.428	3064	3.530	6.669
60.759	1.553e-03	-1.589	2971	3.637	5.892
60.759	2.054e-03	-1.764	2863	3.748	5.188
60.759	2.688e-03	-1.890	2802	3.836	4.686
60.759	3.548e-03	-2.001	2756	3.919	4.262
60.759	4.637e-03	-2.094	2729	3.994	3.909
60.759	6.097e-03	-2.180	2711	4.069	3.584
60.759	7.984e-03	-2.259	2703	4.143	3.293
60.759	1.045e-02	-2.333	2703	4.217	3.024
60.759	1.380e-02	-2.411	2702	4.294	2.767
60.759	1.803e-02	-2.487	2700	4.368	2.539
60.759	2.352e-02	-2.558	2705	4.443	2.330
60.759	3.104e-02	-2.633	2713	4.522	2.127
60.759	4.064e-02	-2.705	2722	4.600	1.945
60.759	5.334e-02	-2.800	2694	4.678	1.778
60.759	6.984e-02	-2.900	2654	4.751	1.633
60.759	9.143e-02	-2.997	2614	4.822	1.506
60.759	1.200e-01	-3.093	2573	4.890	1.392
60.759	1.577e-01	-3.188	2531	4.957	1.289
60.759	2.074e-01	-3.281	2490	5.021	1.197
60.759	2.725e-01	-3.374	2443	5.083	1.116
60.759	3.555e-01	-3.477	2377	5.137	1.048
60.759	4.693e-01	-3.578	2309	5.187	0.989
60.759	6.143e-01	-3.666	2247	5.229	0.943
60.759	7.999e-01	-3.750	2184	5.263	0.907
60.759	1.056e+00	-3.821	2129	5.290	0.879
60.759	1.380e+00	-3.877	2084	5.309	0.860
60.759	1.814e+00	-3.916	2053	5.322	0.847
60.759	2.376e+00	-3.939	2035	5.330	0.840
60.759	3.104e+00	-3.951	2026	5.334	0.836
60.759	4.082e+00	-3.957	2022	5.336	0.834
60.759	5.345e+00	-3.958	2020	5.336	0.833
60.759	7.041e+00	-3.959	2020	5.336	0.833
60.759	9.371e+00	-3.959	2020	5.336	0.833
62.854	1.018e-04	-0.864	3245	3.079	11.390
62.854	1.336e-04	-0.944	3238	3.156	10.423
62.854	1.750e-04	-1.026	3227	3.232	9.553
62.854	2.287e-04	-1.113	3200	3.304	8.790
62.854	3.006e-04	-1.193	3175	3.371	8.144
62.854	3.951e-04	-1.253	3153	3.419	7.702
62.854	5.195e-04	-1.286	3141	3.445	7.474
62.854	6.803e-04	-1.309	3131	3.462	7.332
62.854	8.962e-04	-1.340	3116	3.485	7.140
62.854	1.178e-03	-1.406	3084	3.534	6.752
62.854	1.549e-03	-1.580	2986	3.651	5.900
62.854	2.035e-03	-1.743	2886	3.755	5.232
62.854	2.676e-03	-1.869	2824	3.843	4.726
62.854	3.517e-03	-1.979	2777	3.923	4.310
62.854	4.587e-03	-2.073	2744	3.997	3.960
62.854	6.055e-03	-2.160	2725	4.072	3.631
62.854	7.927e-03	-2.239	2714	4.145	3.340
62.854	1.046e-02	-2.316	2712	4.220	3.063
62.854	1.370e-02	-2.390	2711	4.294	2.813
62.854	1.808e-02	-2.469	2709	4.371	2.575
62.854	2.367e-02	-2.542	2711	4.446	2.362
62.854	3.124e-02	-2.616	2719	4.524	2.158
62.854	4.090e-02	-2.687	2728	4.602	1.974
62.854	5.368e-02	-2.775	2713	4.680	1.803
62.854	7.055e-02	-2.877	2673	4.756	1.654
62.854	9.276e-02	-2.976	2632	4.828	1.522
62.854	1.219e-01	-3.072	2591	4.897	1.405
62.854	1.590e-01	-3.164	2551	4.962	1.304
62.854	2.067e-01	-3.253	2511	5.023	1.215
62.854	2.713e-01	-3.342	2470	5.084	1.133
62.854	3.553e-01	-3.441	2409	5.140	1.063
62.854	4.651e-01	-3.534	2349	5.188	1.005
62.854	6.140e-01	-3.619	2290	5.229	0.958
62.854	8.038e-01	-3.692	2237	5.261	0.924
62.854	1.061e+00	-3.750	2193	5.285	0.899
62.854	1.386e+00	-3.789	2163	5.300	0.883
62.854	1.808e+00	-3.813	2144	5.309	0.874
62.854	2.387e+00	-3.826	2134	5.313	0.870
62.854	3.120e+00	-3.830	2130	5.315	0.868
62.854	4.102e+00	-3.832	2130	5.315	0.868
62.854	5.436e+00	-3.832	2129	5.316	0.868
62.854	7.235e+00	-3.832	2129	5.316	0.868
62.854	9.629e+00	-3.832	2129	5.316	0.868
65.997	1.045e-04	-0.842	3259	3.087	11.576
65.997	1.368e-04	-0.922	3252	3.163	10.605
65.997	1.787e-04	-1.001	3244	3.237	9.730
65.997	2.332e-04	-1.085	3221	3.309	8.964
65.997	3.078e-04	-1.162	3197	3.373	8.323
65.997	4.029e-04	-1.214	3180	3.415	7.928
65.997	5.318e-04	-1.242	3170	3.438	7.723
65.997	6.950e-04	-1.264	3162	3.455	7.571
65.997	9.174e-04	-1.300	3148	3.484	7.326
65.997	1.201e-03	-1.391	3103	3.550	6.785
65.997	1.585e-03	-1.576	3000	3.677	5.867
65.997	2.088e-03	-1.728	2911	3.777	5.230
65.997	2.744e-03	-1.851	2850	3.862	4.739
65.997	3.608e-03	-1.959	2801	3.941	4.330
65.997	4.742e-03	-2.058	2762	4.015	3.976
65.997	6.235e-03	-2.142	2744	4.087	3.657
65.997	8.195e-03	-2.223	2730	4.160	3.365
65.997	1.077e-02	-2.299	2725	4.233	3.093
65.997	1.416e-02	-2.374	2724	4.307	2.841
65.997	1.847e-02	-2.448	2722	4.379	2.613
65.997	2.424e-02	-2.523	2721	4.454	2.397
65.997	3.186e-02	-2.595	2729	4.531	2.195
65.997	4.189e-02	-2.667	2739	4.609	2.007
65.997	5.486e-02	-2.743	2741	4.686	1.835
65.997	7.226e-02	-2.847	2699	4.764	1.679
65.997	9.497e-02	-2.946	2658	4.836	1.544
65.997	1.239e-01	-3.040	2618	4.904	1.428
65.997	1.613e-01	-3.132	2578	4.969	1.325
65.997	2.097e-01	-3.220	2539	5.030	1.235
65.997	2.752e-01	-3.307	2499	5.091	1.152
65.997	3.617e-01	-3.395	2453	5.146	1.081
65.997	4.756e-01	-3.482	2397	5.193	1.025
65.997	6.250e-01	-3.555	2348	5.230	0.982
65.997	8.218e-01	-3.611	2310	5.257	0.951
65.997	1.080e+00	-3.648	2283	5.274	0.932
65.997	1.409e+00	-3.670	2267	5.284	0.922
65.997	1.849e+00	-3.681	2259	5.289	0.917
65.997	2.430e+00	-3.684	2256	5.290	0.916
65.997	3.208e+00	-3.685	2256	5.290	0.915
65.997	4.270e+00	-3.685	2256	5.290	0.915
65.997	5.683e+00	-3.686	2255	5.290	0.915
65.997	7.564e+00	-3.686	2255	5.291	0.915
65.997	1.000e+01	-3.686	2255	5.291	0.915
67.044	1.021e-04	-0.826	3264	3.080	11.754
67.044	1.337e-04	-0.906	3257	3.156	10.770
67.044	1.754e-04	-0.986	3250	3.232	9.869
67.044	2.297e-04	-1.069	3229	3.304	9.078
67.044	3.007e-04	-1.145	3206	3.367	8.444
67.044	3.947e-04	-1.197	3189	3.411	8.033
67.044	5.188e-04	-1.225	3180	3.434	7.824
67.044	6.767e-04	-1.247	3172	3.451	7.671
67.044	8.932e-04	-1.282	3159	3.479	7.428
67.044	1.169e-03	-1.370	3118	3.544	6.892
67.044	1.543e-03	-1.553	3018	3.671	5.955
67.044	2.033e-03	-1.706	2929	3.772	5.302
67.044	2.672e-03	-1.829	2866	3.858	4.802
67.044	3.485e-03	-1.937	2816	3.934	4.398
67.044	4.575e-03	-2.036	2775	4.008	4.039
67.044	5.947e-03	-2.119	2754	4.077	3.729
67.044	7.788e-03	-2.200	2737	4.148	3.436
67.044	1.018e-02	-2.275	2731	4.219	3.167
67.044	1.338e-02	-2.350	2729	4.292	2.911
67.044	1.759e-02	-2.425	2727	4.367	2.672
67.044	2.312e-02	-2.502	2724	4.442	2.451
67.044	3.039e-02	-2.574	2731	4.518	2.246
67.044	3.995e-02	-2.645	2740	4.595	2.054
67.044	5.251e-02	-2.718	2749	4.674	1.877
67.044	6.849e-02	-2.814	2717	4.749	1.720
67.044	8.904e-02	-2.910	2677	4.820	1.585
67.044	1.169e-01	-3.008	2637	4.890	1.462
67.044	1.536e-01	-3.103	2595	4.958	1.352
67.044	2.019e-01	-3.195	2554	5.023	1.255
67.044	2.654e-01	-3.283	2515	5.084	1.170
67.044	3.490e-01	-3.367	2474	5.139	1.098
67.044	4.570e-01	-3.452	2420	5.186	1.040
67.044	5.982e-01	-3.521	2376	5.223	0.997
67.044	7.896e-01	-3.577	2337	5.251	0.966
67.044	1.034e+00	-3.613	2313	5.268	0.947
67.044	1.357e+00	-3.632	2299	5.277	0.937
67.044	1.783e+00	-3.641	2293	5.281	0.932
67.044	2.344e+00	-3.644	2291	5.283	0.931
67.044	3.107e+00	-3.644	2290	5.283	0.931
67.044	4.135e+00	-3.645	2290	5.283	0.930
67.044	5.504e+00	-3.645	2290	5.283	0.930
67.044	7.326e+00	-3.645	2290	5.283	0.930
67.044	9.751e+00	-3.645	2290	5.283	0.930
68.092	1.045e-04	-0.824	3268	3.087	11.757
68.092	1.374e-04	-0.905	3261	3.164	10.760
68.092	1.806e-04	-0.985	3253	3.240	9.857
68.092	2.374e-04	-1.068	3233	3.312	9.066
68.092	3.133e-04	-1.143	3210	3.374	8.442
68.092	4.101e-04	-1.189	3196	3.413	8.078
68.092	5.414e-04	-1.214	3188	3.433	7.887
68.092	7.075e-04	-1.237	3180	3.452	7.722
68.092	9.339e-04	-1.279	3164	3.485	7.433
68.092	1.223e-03	-1.392	3110	3.569	6.744
68.092	1.617e-03	-1.573	3011	3.693	5.849
68.092	2.134e-03	-1.719	2928	3.791	5.227
68.092	2.794e-03	-1.838	2868	3.874	4.750
68.092	3.688e-03	-1.948	2816	3.952	4.339
68.092	4.828e-03	-2.045	2776	4.025	3.992
68.092	6.337e-03	-2.129	2756	4.096	3.677
68.092	8.328e-03	-2.211	2740	4.168	3.386
68.092	1.099e-02	-2.288	2734	4.241	3.112
68.092	1.439e-02	-2.361	2732	4.313	2.864
68.092	1.889e-02	-2.437	2730	4.387	2.631
68.092	2.482e-02	-2.513	2728	4.462	2.413
68.092	3.238e-02	-2.582	2736	4.536	2.217
68.092	4.250e-02	-2.653	2745	4.613	2.029
68.092	5.585e-02	-2.727	2753	4.691	1.853
68.092	7.373e-02	-2.829	2716	4.770	1.693
68.092	9.652e-02	-2.927	2675	4.842	1.558
68.092	1.257e-01	-3.021	2635	4.910	1.441
68.092	1.659e-01	-3.117	2593	4.978	1.333
68.092	2.172e-01	-3.206	2554	5.041	1.240
68.092	2.867e-01	-3.294	2514	5.101	1.157
68.092	3.753e-01	-3.374	2474	5.153	1.089
68.092	4.953e-01	-3.455	2423	5.198	1.034
68.092	6.484e-01	-3.516	2384	5.231	0.996
68.092	8.559e-01	-3.563	2352	5.254	0.970
68.092	1.121e+00	-3.589	2333	5.266	0.956
68.092	1.479e+00	-3.602	2324	5.273	0.949
68.092	1.936e+00	-3.606	2321	5.275	0.947
68.092	2.556e+00	-3.608	2321	5.275	0.946
68.092	3.380e+00	-3.608	2320	5.276	0.946
68.092	4.499e+00	-3.608	2320	5.276	0.946
68.092	5.988e+00	-3.608	2320	5.276	0.946
68.092	7.970e+00	-3.608	2320	5.276	0.946
69.139	1.007e-04	-0.804	3273	3.076	11.990
69.139	1.318e-04	-0.883	3266	3.152	10.989
69.139	1.730e-04	-0.963	3259	3.228	10.071
69.139	2.266e-04	-1.043	3244	3.300	9.266
69.139	2.966e-04	-1.118	3221	3.363	8.622
69.139	3.915e-04	-1.170	3205	3.405	8.208
69.139	5.125e-04	-1.196	3197	3.427	8.005
69.139	6.727e-04	-1.218	3190	3.445	7.840
69.139	8.841e-04	-1.255	3177	3.475	7.576
69.139	1.162e-03	-1.354	3133	3.550	6.947
69.139	1.528e-03	-1.532	3039	3.675	6.016
69.139	2.009e-03	-1.681	2953	3.774	5.367
69.139	2.640e-03	-1.804	2890	3.860	4.861
69.139	3.443e-03	-1.913	2837	3.936	4.453
69.139	4.519e-03	-2.012	2795	4.010	4.092
69.139	5.918e-03	-2.100	2767	4.081	3.772
69.139	7.747e-03	-2.181	2750	4.151	3.479
69.139	1.017e-02	-2.258	2741	4.222	3.205
69.139	1.336e-02	-2.333	2737	4.295	2.949
69.139	1.743e-02	-2.406	2735	4.366	2.716
69.139	2.288e-02	-2.481	2733	4.440	2.494
69.139	3.007e-02	-2.555	2736	4.515	2.287
69.139	3.954e-02	-2.626	2746	4.592	2.093
69.139	5.177e-02	-2.697	2755	4.669	1.915
69.139	6.777e-02	-2.785	2738	4.747	1.752
69.139	8.895e-02	-2.886	2697	4.821	1.608
69.139	1.169e-01	-2.984	2655	4.892	1.482
69.139	1.537e-01	-3.079	2614	4.960	1.370
69.139	2.020e-01	-3.171	2574	5.025	1.272
69.139	2.635e-01	-3.255	2536	5.084	1.188
69.139	3.478e-01	-3.337	2498	5.139	1.115
69.139	4.546e-01	-3.414	2454	5.185	1.058
69.139	5.976e-01	-3.479	2412	5.220	1.015
69.139	7.855e-01	-3.524	2383	5.245	0.987
69.139	1.033e+00	-3.553	2362	5.259	0.971
69.139	1.352e+00	-3.567	2353	5.266	0.964
69.139	1.770e+00	-3.572	2350	5.268	0.962
69.139	2.337e+00	-3.573	2349	5.269	0.961
69.139	3.091e+00	-3.573	2348	5.269	0.961
69.139	4.114e+00	-3.573	2348	5.269	0.961
69.139	5.475e+00	-3.574	2348	5.269	0.961
69.139	7.287e+00	-3.574	2348	5.269	0.960
69.139	9.699e+00	-3.574	2348	5.269	0.960
70.187	1.040e-04	-0.805	3277	3.085	11.954
70.187	1.359e-04	-0.884	3270	3.160	10.964
70.187	1.773e-04	-0.961	3263	3.234	10.072
70.187	2.309e-04	-1.038	3249	3.304	9.290
70.187	3.047e-04	-1.113	3227	3.367	8.647
70.187	3.989e-04	-1.159	3212	3.405	8.273
70.187	5.266e-04	-1.184	3205	3.426	8.076
70.187	6.881e-04	-1.207	3197	3.445	7.905
70.187	9.083e-04	-1.249	3183	3.479	7.600
70.187	1.189e-03	-1.365	3132	3.567	6.870
70.187	1.573e-03	-1.542	3037	3.690	5.956
70.187	2.076e-03	-1.687	2955	3.788	5.320
70.187	2.717e-03	-1.807	2894	3.872	4.834
70.187	3.567e-03	-1.916	2841	3.949	4.423
70.187	4.687e-03	-2.016	2799	4.022	4.065
70.187	6.163e-03	-2.104	2771	4.093	3.745
70.187	8.100e-03	-2.186	2754	4.164	3.451
70.187	1.065e-02	-2.263	2745	4.236	3.179
70.187	1.400e-02	-2.338	2741	4.308	2.925
70.187	1.826e-02	-2.410	2739	4.379	2.694
70.187	2.410e-02	-2.487	2736	4.455	2.470
70.187	3.149e-02	-2.558	2741	4.529	2.269
70.187	4.141e-02	-2.629	2750	4.606	2.077
70.187	5.442e-02	-2.702	2759	4.684	1.898
70.187	7.098e-02	-2.790	2740	4.760	1.739
70.187	9.316e-02	-2.890	2699	4.834	1.597
70.187	1.224e-01	-2.988	2658	4.905	1.472
70.187	1.597e-01	-3.080	2618	4.971	1.364
70.187	2.108e-01	-3.173	2577	5.036	1.266
70.187	2.760e-01	-3.257	2539	5.094	1.183
70.187	3.643e-01	-3.336	2503	5.148	1.112
70.187	4.761e-01	-3.407	2462	5.191	1.058
70.187	6.259e-01	-3.466	2424	5.223	1.020
70.187	8.196e-01	-3.504	2401	5.244	0.996
70.187	1.071e+00	-3.527	2385	5.256	0.983
70.187	1.408e+00	-3.537	2378	5.260	0.977
70.187	1.851e+00	-3.540	2376	5.262	0.975
70.187	2.443e+00	-3.540	2376	5.262	0.975
70.187	3.245e+00	-3.541	2376	5.262	0.975
70.187	4.319e+00	-3.541	2375	5.262	0.975
70.187	5.749e+00	-3.541	2375	5.262	0.975
70.187	7.652e+00	-3.541	2375	5.263	0.975
70.187	1.000e+01	-3.541	2375	5.263	0.975
71.234	1.017e-04	-0.789	3282	3.079	12.132
71.234	1.331e-04	-0.868	3275	3.154	11.122
71.234	1.747e-04	-0.948	3268	3.230	10.197
71.234	2.296e-04	-1.027	3256	3.302	9.379
71.234	2.994e-04	-1.097	3235	3.362	8.756
71.234	3.953e-04	-1.145	3220	3.402	8.366
71.234	5.174e-04	-1.169	3213	3.422	8.173
71.234	6.791e-04	-1.192	3206	3.441	7.996
71.234	8.926e-04	-1.233	3192	3.475	7.691
71.234	1.178e-03	-1.354	3141	3.567	6.917
71.234	1.542e-03	-1.523	3052	3.687	6.026
71.234	2.040e-03	-1.670	2970	3.786	5.375
71.234	2.661e-03	-1.788	2909	3.869	4.888
71.234	3.492e-03	-1.899	2854	3.946	4.471
71.234	4.589e-03	-1.999	2811	4.019	4.109
71.234	6.034e-03	-2.089	2779	4.090	3.787
71.234	7.931e-03	-2.171	2761	4.161	3.491
71.234	1.034e-02	-2.247	2751	4.230	3.225
71.234	1.365e-02	-2.323	2745	4.303	2.965
71.234	1.787e-02	-2.397	2743	4.375	2.729
71.234	2.346e-02	-2.472	2741	4.448	2.507
71.234	3.083e-02	-2.545	2743	4.523	2.300
71.234	4.070e-02	-2.617	2753	4.601	2.104
71.234	5.328e-02	-2.688	2762	4.678	1.926
71.234	6.993e-02	-2.772	2752	4.756	1.760
71.234	9.091e-02	-2.870	2712	4.828	1.620
71.234	1.191e-01	-2.967	2671	4.898	1.493
71.234	1.558e-01	-3.060	2631	4.966	1.382
71.234	2.057e-01	-3.153	2590	5.031	1.282
71.234	2.693e-01	-3.237	2552	5.090	1.198
71.234	3.555e-01	-3.316	2516	5.144	1.126
71.234	4.654e-01	-3.383	2481	5.187	1.071
71.234	6.108e-01	-3.441	2444	5.219	1.033
71.234	7.998e-01	-3.478	2421	5.239	1.009
71.234	1.047e+00	-3.497	2409	5.250	0.996
71.234	1.374e+00	-3.506	2404	5.255	0.991
71.234	1.806e+00	-3.509	2402	5.256	0.989
71.234	2.384e+00	-3.509	2401	5.256	0.989
71.234	3.167e+00	-3.510	2401	5.256	0.989
71.234	4.215e+00	-3.510	2401	5.257	0.989
71.234	5.610e+00	-3.510	2401	5.257	0.989
71.234	7.467e+00	-3.510	2401	5.257	0.989
71.234	9.939e+00	-3.510	2401	5.257	0.989
72.282	1.015e-04	-0.780	3286	3.079	12.226
72.282	1.327e-04	-0.859	3279	3.153	11.216
72.282	1.744e-04	-0.938	3272	3.229	10.279
72.282	2.292e-04	-1.017	3261	3.302	9.458
72.282	2.990e-04	-1.086	3242	3.361	8.836
72.282	3.947e-04	-1.132	3228	3.399	8.451
72.282	5.167e-04	-1.156	3220	3.419	8.260
72.282	6.781e-04	-1.179	3213	3.439	8.077
72.282	8.913e-04	-1.222	3199	3.474	7.755
72.282	1.176e-03	-1.348	3147	3.571	6.933
72.282	1.550e-03	-1.519	3058	3.692	6.031
72.282	2.037e-03	-1.660	2981	3.789	5.398
72.282	2.657e-03	-1.778	2920	3.871	4.910
72.282	3.487e-03	-1.889	2864	3.948	4.492
72.282	4.583e-03	-1.989	2820	4.021	4.130
72.282	5.977e-03	-2.079	2786	4.090	3.815
72.282	7.890e-03	-2.161	2768	4.161	3.514
72.282	1.033e-02	-2.239	2756	4.231	3.244
72.282	1.356e-02	-2.314	2749	4.302	2.989
72.282	1.782e-02	-2.388	2747	4.375	2.749
72.282	2.324e-02	-2.461	2745	4.446	2.531
72.282	3.050e-02	-2.535	2745	4.521	2.324
72.282	4.009e-02	-2.605	2755	4.597	2.129
72.282	5.271e-02	-2.677	2764	4.674	1.947
72.282	6.902e-02	-2.755	2763	4.752	1.781
72.282	9.092e-02	-2.858	2721	4.828	1.631
72.282	1.195e-01	-2.956	2680	4.900	1.501
72.282	1.559e-01	-3.049	2640	4.967	1.391
72.282	2.046e-01	-3.139	2600	5.031	1.292
72.282	2.679e-01	-3.223	2562	5.089	1.207
72.282	3.501e-01	-3.298	2528	5.141	1.138
72.282	4.566e-01	-3.362	2498	5.183	1.084
72.282	6.028e-01	-3.418	2463	5.216	1.044
72.282	7.891e-01	-3.453	2441	5.235	1.021
72.282	1.027e+00	-3.471	2430	5.245	1.010
72.282	1.349e+00	-3.478	2425	5.249	1.005
72.282	1.766e+00	-3.481	2424	5.250	1.004
72.282	2.326e+00	-3.481	2424	5.250	1.003
72.282	3.096e+00	-3.481	2423	5.250	1.003
72.282	4.121e+00	-3.481	2423	5.250	1.003
72.282	5.461e+00	-3.481	2423	5.251	1.003
72.282	7.269e+00	-3.482	2423	5.251	1.003
72.282	9.675e+00	-3.482	2423	5.251	1.003
73.330	1.011e-04	-0.771	3290	3.077	12.330
73.330	1.323e-04	-0.850	3284	3.153	11.307
73.330	1.737e-04	-0.929	3277	3.228	10.369
73.330	2.283e-04	-1.006	3266	3.300	9.544
73.330	3.001e-04	-1.075	3249	3.360	8.906
73.330	3.945e-04	-1.119	3235	3.397	8.536
73.330	5.186e-04	-1.143	3228	3.417	8.343
73.330	6.791e-04	-1.167	3220	3.437	8.155
73.330	8.891e-04	-1.211	3207	3.473	7.820
73.330	1.174e-03	-1.341	3154	3.574	6.958
73.330	1.546e-03	-1.509	3068	3.694	6.062
73.330	2.024e-03	-1.647	2992	3.789	5.435
73.330	2.656e-03	-1.768	2930	3.873	4.932
73.330	3.491e-03	-1.879	2874	3.951	4.511
73.330	4.553e-03	-1.977	2830	4.022	4.157
73.330	5.976e-03	-2.070	2793	4.092	3.834
73.330	7.826e-03	-2.150	2775	4.161	3.541
73.330	1.024e-02	-2.229	2761	4.230	3.270
73.330	1.345e-02	-2.304	2753	4.301	3.014
73.330	1.767e-02	-2.378	2751	4.373	2.773
73.330	2.324e-02	-2.453	2749	4.447	2.548
73.330	3.054e-02	-2.527	2748	4.521	2.339
73.330	3.983e-02	-2.595	2757	4.595	2.149
73.330	5.228e-02	-2.666	2767	4.672	1.966
73.330	6.871e-02	-2.741	2773	4.750	1.797
73.330	9.070e-02	-2.845	2730	4.828	1.643
73.330	1.187e-01	-2.943	2689	4.899	1.514
73.330	1.546e-01	-3.035	2650	4.965	1.403
73.330	2.041e-01	-3.127	2609	5.031	1.301
73.330	2.671e-01	-3.210	2572	5.089	1.216
73.330	3.526e-01	-3.287	2537	5.142	1.145
73.330	4.616e-01	-3.348	2509	5.184	1.091
73.330	6.059e-01	-3.399	2479	5.214	1.054
73.330	7.963e-01	-3.431	2459	5.232	1.032
73.330	1.039e+00	-3.447	2449	5.240	1.022
73.330	1.363e+00	-3.452	2445	5.244	1.018
73.330	1.792e+00	-3.454	2444	5.244	1.017
73.330	2.385e+00	-3.454	2444	5.245	1.017
73.330	3.174e+00	-3.454	2444	5.245	1.017
73.330	4.216e+00	-3.454	2444	5.245	1.017
73.330	5.611e+00	-3.455	2444	5.245	1.017
73.330	7.469e+00	-3.455	2444	5.245	1.017
73.330	9.941e+00	-3.455	2444	5.245	1.017
74.377	1.046e-04	-0.772	3294	3.087	12.283
74.377	1.369e-04	-0.851	3287	3.162	11.264
74.377	1.792e-04	-0.929	3280	3.236	10.343
74.377	2.352e-04	-1.005	3269	3.307	9.537
74.377	3.092e-04	-1.070	3254	3.364	8.931
74.377	4.033e-04	-1.109	3242	3.396	8.601
74.377	5.323e-04	-1.132	3235	3.416	8.412
74.377	6.957e-04	-1.158	3227	3.437	8.211
74.377	9.146e-04	-1.209	3211	3.479	7.820
74.377	1.202e-03	-1.353	3152	3.591	6.871
74.377	1.587e-03	-1.517	3067	3.708	6.010
74.377	2.077e-03	-1.650	2996	3.801	5.401
74.377	2.742e-03	-1.772	2934	3.886	4.898
74.377	3.583e-03	-1.880	2879	3.961	4.492
74.377	4.674e-03	-1.977	2835	4.031	4.142
74.377	6.134e-03	-2.070	2797	4.101	3.822
74.377	8.033e-03	-2.150	2780	4.170	3.531
74.377	1.052e-02	-2.228	2765	4.239	3.261
74.377	1.380e-02	-2.304	2757	4.309	3.007
74.377	1.814e-02	-2.377	2755	4.381	2.767
74.377	2.385e-02	-2.452	2753	4.455	2.543
74.377	3.135e-02	-2.527	2752	4.529	2.335
74.377	4.089e-02	-2.594	2761	4.603	2.145
74.377	5.397e-02	-2.667	2771	4.681	1.960
74.377	7.053e-02	-2.740	2777	4.758	1.794
74.377	9.310e-02	-2.843	2735	4.835	1.641
74.377	1.219e-01	-2.941	2694	4.906	1.512
74.377	1.587e-01	-3.032	2655	4.972	1.401
74.377	2.095e-01	-3.124	2615	5.038	1.300
74.377	2.742e-01	-3.206	2578	5.095	1.217
74.377	3.620e-01	-3.280	2544	5.146	1.147
74.377	4.730e-01	-3.338	2517	5.185	1.097
74.377	6.170e-01	-3.381	2494	5.213	1.063
74.377	8.144e-01	-3.410	2476	5.229	1.043
74.377	1.066e+00	-3.423	2468	5.236	1.034
74.377	1.407e+00	-3.427	2465	5.239	1.032
74.377	1.854e+00	-3.428	2465	5.239	1.031
74.377	2.467e+00	-3.428	2465	5.239	1.031
74.377	3.284e+00	-3.428	2464	5.239	1.031
74.377	4.371e+00	-3.428	2464	5.239	1.031
74.377	5.818e+00	-3.429	2464	5.239	1.031
74.377	7.744e+00	-3.429	2464	5.239	1.030
74.377	1.000e+01	-3.429	2464	5.240	1.030
75.425	1.020e-04	-0.758	3297	3.080	12.466
75.425	1.336e-04	-0.836	3292	3.155	11.433
75.425	1.749e-04	-0.913	3285	3.229	10.498
75.425	2.308e-04	-0.991	3274	3.302	9.662
75.425	3.017e-04	-1.054	3262	3.358	9.052
75.425	3.966e-04	-1.095	3250	3.393	8.700
75.425	5.213e-04	-1.118	3243	3.412	8.510
75.425	6.800e-04	-1.143	3235	3.432	8.310
75.425	8.975e-04	-1.194	3219	3.475	7.914
75.425	1.175e-03	-1.333	3165	3.585	6.971
75.425	1.516e-03	-1.484	3090	3.693	6.154
75.425	1.993e-03	-1.622	3015	3.790	5.508
75.425	2.631e-03	-1.745	2953	3.876	4.988
75.425	3.444e-03	-1.855	2896	3.952	4.568
75.425	4.520e-03	-1.956	2848	4.025	4.202
75.425	5.919e-03	-2.050	2808	4.094	3.879
75.425	7.749e-03	-2.131	2788	4.162	3.586
75.425	1.023e-02	-2.213	2771	4.233	3.305
75.425	1.337e-02	-2.287	2762	4.302	3.053
75.425	1.757e-02	-2.361	2759	4.374	2.811
75.425	2.301e-02	-2.434	2757	4.446	2.587
75.425	3.013e-02	-2.508	2755	4.519	2.379
75.425	3.954e-02	-2.578	2763	4.594	2.183
75.425	5.197e-02	-2.649	2772	4.670	1.998
75.425	6.833e-02	-2.722	2781	4.749	1.826
75.425	8.947e-02	-2.817	2750	4.825	1.673
75.425	1.171e-01	-2.915	2709	4.897	1.540
75.425	1.525e-01	-3.008	2670	4.963	1.426
75.425	2.002e-01	-3.098	2630	5.028	1.324
75.425	2.621e-01	-3.181	2593	5.086	1.238
75.425	3.408e-01	-3.252	2561	5.136	1.169
75.425	4.453e-01	-3.311	2534	5.176	1.116
75.425	5.855e-01	-3.355	2513	5.206	1.079
75.425	7.695e-01	-3.384	2496	5.223	1.058
75.425	1.004e+00	-3.397	2488	5.231	1.048
75.425	1.317e+00	-3.402	2485	5.233	1.045
75.425	1.731e+00	-3.403	2484	5.234	1.044
75.425	2.305e+00	-3.403	2484	5.234	1.044
75.425	3.067e+00	-3.403	2484	5.234	1.044
75.425	4.083e+00	-3.403	2484	5.234	1.044
75.425	5.434e+00	-3.404	2484	5.234	1.044
75.425	7.233e+00	-3.404	2484	5.234	1.044
75.425	9.627e+00	-3.404	2484	5.235	1.044
76.472	1.039e-04	-0.755	3301	3.085	12.476
76.472	1.360e-04	-0.833	3295	3.160	11.446
76.472	1.786e-04	-0.911	3288	3.235	10.506
76.472	2.338e-04	-0.986	3277	3.304	9.701
76.472	3.061e-04	-1.046	3267	3.359	9.105
76.472	4.040e-04	-1.085	3257	3.392	8.769
76.472	5.289e-04	-1.107	3250	3.410	8.585
76.472	6.942e-04	-1.134	3241	3.433	8.365
76.472	9.124e-04	-1.190	3223	3.479	7.926
76.472	1.200e-03	-1.342	3165	3.599	6.908
76.472	1.567e-03	-1.494	3088	3.709	6.088
76.472	2.068e-03	-1.630	3017	3.804	5.454
76.472	2.708e-03	-1.747	2957	3.887	4.960
76.472	3.554e-03	-1.857	2900	3.963	4.542
76.472	4.671e-03	-1.959	2852	4.035	4.179
76.472	6.092e-03	-2.051	2813	4.104	3.864
76.472	7.996e-03	-2.133	2792	4.172	3.570
76.472	1.051e-02	-2.213	2775	4.242	3.296
76.472	1.379e-02	-2.288	2766	4.312	3.041
76.472	1.813e-02	-2.362	2762	4.383	2.801
76.472	2.383e-02	-2.436	2760	4.456	2.575
76.472	3.121e-02	-2.510	2759	4.529	2.368
76.472	4.086e-02	-2.579	2766	4.603	2.174
76.472	5.393e-02	-2.651	2776	4.681	1.988
76.472	7.061e-02	-2.723	2785	4.758	1.819
76.472	9.320e-02	-2.821	2753	4.836	1.663
76.472	1.228e-01	-2.921	2711	4.909	1.528
76.472	1.608e-01	-3.015	2671	4.977	1.413
76.472	2.101e-01	-3.102	2632	5.040	1.315
76.472	2.762e-01	-3.184	2596	5.097	1.231
76.472	3.617e-01	-3.254	2564	5.145	1.165
76.472	4.727e-01	-3.307	2539	5.182	1.116
76.472	6.166e-01	-3.344	2522	5.207	1.085
76.472	8.016e-01	-3.365	2511	5.221	1.068
76.472	1.044e+00	-3.376	2505	5.227	1.060
76.472	1.378e+00	-3.379	2503	5.229	1.058
76.472	1.815e+00	-3.379	2503	5.229	1.057
76.472	2.415e+00	-3.380	2503	5.229	1.057
76.472	3.215e+00	-3.380	2503	5.229	1.057
76.472	4.279e+00	-3.380	2503	5.229	1.057
76.472	5.696e+00	-3.380	2503	5.229	1.057
76.472	7.581e+00	-3.380	2502	5.229	1.057
76.472	1.000e+01	-3.380	2502	5.230	1.057
77.520	1.020e-04	-0.742	3304	3.080	12.634
77.520	1.341e-04	-0.821	3300	3.156	11.578
77.520	1.763e-04	-0.899	3293	3.231	10.622
77.520	2.299e-04	-0.973	3282	3.299	9.820
77.520	3.017e-04	-1.033	3273	3.355	9.209
77.520	3.951e-04	-1.070	3264	3.387	8.873
77.520	5.173e-04	-1.093	3257	3.406	8.684
77.520	6.789e-04	-1.120	3249	3.428	8.464
77.520	8.923e-04	-1.175	3231	3.474	8.030
77.520	1.178e-03	-1.325	3175	3.594	6.996
77.520	1.552e-03	-1.482	3098	3.708	6.135
77.520	2.039e-03	-1.615	3029	3.802	5.505
77.520	2.681e-03	-1.734	2969	3.886	4.997
77.520	3.524e-03	-1.845	2912	3.963	4.573
77.520	4.596e-03	-1.944	2863	4.034	4.217
77.520	5.975e-03	-2.035	2824	4.101	3.903
77.520	7.842e-03	-2.119	2799	4.169	3.607
77.520	1.031e-02	-2.199	2782	4.238	3.331
77.520	1.360e-02	-2.277	2771	4.309	3.069
77.520	1.781e-02	-2.350	2766	4.379	2.832
77.520	2.351e-02	-2.425	2764	4.453	2.602
77.520	3.072e-02	-2.498	2763	4.525	2.395
77.520	4.007e-02	-2.567	2768	4.598	2.202
77.520	5.289e-02	-2.639	2778	4.675	2.014
77.520	6.924e-02	-2.710	2787	4.752	1.844
77.520	9.088e-02	-2.800	2765	4.829	1.687
77.520	1.194e-01	-2.900	2724	4.903	1.550
77.520	1.558e-01	-2.993	2684	4.970	1.435
77.520	2.029e-01	-3.080	2646	5.032	1.335
77.520	2.663e-01	-3.162	2609	5.090	1.249
77.520	3.499e-01	-3.233	2577	5.140	1.180
77.520	4.564e-01	-3.287	2553	5.177	1.131
77.520	6.025e-01	-3.325	2535	5.202	1.098
77.520	7.887e-01	-3.345	2525	5.216	1.081
77.520	1.027e+00	-3.354	2521	5.222	1.073
77.520	1.356e+00	-3.356	2520	5.224	1.071
77.520	1.786e+00	-3.357	2520	5.224	1.071
77.520	2.377e+00	-3.357	2520	5.224	1.071
77.520	3.164e+00	-3.357	2520	5.224	1.071
77.520	4.211e+00	-3.357	2519	5.224	1.070
77.520	5.604e+00	-3.357	2519	5.224	1.070
77.520	7.459e+00	-3.358	2519	5.225	1.070
77.520	9.929e+00	-3.358	2519	5.225	1.070
78.567	1.019e-04	-0.735	3307	3.080	12.720
78.567	1.335e-04	-0.811	3304	3.155	11.674
78.567	1.744e-04	-0.888	3297	3.228	10.731
78.567	2.302e-04	-0.965	3286	3.299	9.890
78.567	3.014e-04	-1.023	3278	3.353	9.291
78.567	3.955e-04	-1.059	3270	3.385	8.957
78.567	5.180e-04	-1.081	3264	3.404	8.767
78.567	6.823e-04	-1.109	3255	3.427	8.533
78.567	8.967e-04	-1.168	3237	3.476	8.064
78.567	1.179e-03	-1.321	3180	3.598	7.009
78.567	1.550e-03	-1.474	3105	3.710	6.161
78.567	2.037e-03	-1.606	3039	3.804	5.529
78.567	2.678e-03	-1.724	2979	3.888	5.020
78.567	3.493e-03	-1.832	2923	3.963	4.605
78.567	4.610e-03	-1.936	2872	4.036	4.231
78.567	6.025e-03	-2.029	2831	4.105	3.911
78.567	7.921e-03	-2.114	2805	4.174	3.613
78.567	1.041e-02	-2.194	2787	4.243	3.337
78.567	1.369e-02	-2.271	2775	4.312	3.080
78.567	1.799e-02	-2.346	2770	4.383	2.839
78.567	2.347e-02	-2.417	2768	4.453	2.619
78.567	3.097e-02	-2.492	2766	4.528	2.403
78.567	4.055e-02	-2.563	2772	4.601	2.208
78.567	5.352e-02	-2.634	2781	4.679	2.020
78.567	6.994e-02	-2.705	2790	4.755	1.850
78.567	9.123e-02	-2.791	2773	4.830	1.696
78.567	1.204e-01	-2.892	2731	4.905	1.556
78.567	1.576e-01	-2.986	2691	4.973	1.439
78.567	2.069e-01	-3.075	2652	5.037	1.337
78.567	2.719e-01	-3.156	2616	5.094	1.252
78.567	3.547e-01	-3.223	2586	5.141	1.186
78.567	4.656e-01	-3.275	2562	5.177	1.138
78.567	6.119e-01	-3.310	2546	5.201	1.108
78.567	7.981e-01	-3.327	2537	5.212	1.093
78.567	1.048e+00	-3.334	2534	5.217	1.086
78.567	1.377e+00	-3.337	2533	5.219	1.085
78.567	1.817e+00	-3.337	2533	5.219	1.084
78.567	2.419e+00	-3.337	2533	5.219	1.084
78.567	3.219e+00	-3.337	2533	5.219	1.084
78.567	4.285e+00	-3.337	2533	5.219	1.084
78.567	5.703e+00	-3.337	2533	5.219	1.084
78.567	7.591e+00	-3.338	2532	5.219	1.084
78.567	1.000e+01	-3.338	2532	5.220	1.084
80.663	1.040e-04	-0.726	3313	3.086	12.801
80.663	1.367e-04	-0.803	3311	3.162	11.738
80.663	1.790e-04	-0.879	3304	3.235	10.791
80.663	2.344e-04	-0.952	3293	3.302	9.989
80.663	3.094e-04	-1.008	3285	3.354	9.407
80.663	4.050e-04	-1.039	3281	3.382	9.110
80.663	5.316e-04	-1.060	3276	3.400	8.916
80.663	6.986e-04	-1.090	3268	3.427	8.651
80.663	9.222e-04	-1.165	3244	3.488	8.059
80.663	1.215e-03	-1.326	3184	3.617	6.948
80.663	1.597e-03	-1.474	3112	3.725	6.133
80.663	2.096e-03	-1.600	3052	3.817	5.518
80.663	2.744e-03	-1.715	2994	3.899	5.021
80.663	3.567e-03	-1.821	2938	3.973	4.613
80.663	4.662e-03	-1.922	2887	4.043	4.253
80.663	6.060e-03	-2.014	2847	4.110	3.938
80.663	7.905e-03	-2.099	2817	4.177	3.648
80.663	1.043e-02	-2.179	2799	4.246	3.367
80.663	1.366e-02	-2.256	2784	4.314	3.113
80.663	1.803e-02	-2.332	2777	4.386	2.868
80.663	2.360e-02	-2.404	2775	4.456	2.644
80.663	3.098e-02	-2.477	2774	4.529	2.432
80.663	4.072e-02	-2.550	2777	4.603	2.233
80.663	5.353e-02	-2.620	2786	4.679	2.046
80.663	7.036e-02	-2.691	2796	4.756	1.872
80.663	9.251e-02	-2.774	2788	4.834	1.711
80.663	1.216e-01	-2.874	2746	4.908	1.571
80.663	1.596e-01	-2.969	2706	4.977	1.451
80.663	2.090e-01	-3.057	2668	5.040	1.350
80.663	2.731e-01	-3.134	2633	5.095	1.267
80.663	3.590e-01	-3.200	2603	5.142	1.201
80.663	4.702e-01	-3.248	2582	5.175	1.156
80.663	6.155e-01	-3.277	2568	5.195	1.130
80.663	8.078e-01	-3.292	2561	5.205	1.117
80.663	1.058e+00	-3.297	2559	5.208	1.112
80.663	1.385e+00	-3.298	2558	5.209	1.111
80.663	1.839e+00	-3.299	2558	5.209	1.111
80.663	2.448e+00	-3.299	2558	5.209	1.111
80.663	3.259e+00	-3.299	2558	5.209	1.111
80.663	4.337e+00	-3.299	2558	5.210	1.111
80.663	5.773e+00	-3.299	2558	5.210	1.111
80.663	7.684e+00	-3.299	2558	5.210	1.110
80.663	1.000e+01	-3.299	2558	5.210	1.110
81.710	1.032e-04	-0.717	3316	3.085	12.910
81.710	1.357e-04	-0.793	3315	3.160	11.841
81.710	1.784e-04	-0.871	3308	3.233	10.876
81.710	2.327e-04	-0.942	3298	3.299	10.081
81.710	3.072e-04	-0.998	3290	3.351	9.499
81.710	4.014e-04	-1.028	3285	3.379	9.203
81.710	5.236e-04	-1.047	3282	3.397	9.011
81.710	6.911e-04	-1.078	3274	3.424	8.738
81.710	9.047e-04	-1.149	3252	3.483	8.163
81.710	1.194e-03	-1.312	3193	3.613	7.024
81.710	1.563e-03	-1.457	3124	3.720	6.209
81.710	2.064e-03	-1.585	3064	3.815	5.571
81.710	2.702e-03	-1.699	3007	3.897	5.068
81.710	3.566e-03	-1.812	2948	3.975	4.633
81.710	4.660e-03	-1.913	2896	4.045	4.270
81.710	6.078e-03	-2.006	2855	4.113	3.951
81.710	7.902e-03	-2.091	2823	4.178	3.665
81.710	1.037e-02	-2.170	2805	4.246	3.389
81.710	1.363e-02	-2.249	2789	4.315	3.131
81.710	1.792e-02	-2.324	2781	4.385	2.888
81.710	2.355e-02	-2.396	2779	4.457	2.660
81.710	3.072e-02	-2.468	2777	4.527	2.452
81.710	4.055e-02	-2.542	2779	4.602	2.249
81.710	5.309e-02	-2.611	2789	4.677	2.064
81.710	6.968e-02	-2.681	2798	4.754	1.890
81.710	9.158e-02	-2.759	2798	4.831	1.728
81.710	1.209e-01	-2.862	2755	4.907	1.583
81.710	1.582e-01	-2.956	2715	4.976	1.463
81.710	2.077e-01	-3.044	2677	5.039	1.360
81.710	2.730e-01	-3.123	2642	5.095	1.275
81.710	3.561e-01	-3.186	2614	5.140	1.212
81.710	4.629e-01	-3.232	2593	5.171	1.168
81.710	6.075e-01	-3.260	2579	5.191	1.142
81.710	7.985e-01	-3.274	2573	5.201	1.129
81.710	1.041e+00	-3.279	2571	5.204	1.125
81.710	1.354e+00	-3.280	2570	5.205	1.124
81.710	1.777e+00	-3.280	2570	5.205	1.124
81.710	2.355e+00	-3.280	2570	5.205	1.124
81.710	3.134e+00	-3.280	2570	5.205	1.124
81.710	4.172e+00	-3.280	2570	5.205	1.124
81.710	5.553e+00	-3.281	2570	5.205	1.124
81.710	7.391e+00	-3.281	2570	5.205	1.124
81.710	9.837e+00	-3.281	2570	5.205	1.123
83.805	1.001e-04	-0.695	3322	3.077	13.194
83.805	1.314e-04	-0.770	3322	3.151	12.115
83.805	1.727e-04	-0.846	3316	3.224	11.129
83.805	2.252e-04	-0.917	3307	3.291	10.313
83.805	2.933e-04	-0.972	3299	3.341	9.732
83.805	3.871e-04	-1.004	3294	3.371	9.403
83.805	5.068e-04	-1.024	3291	3.390	9.203
83.805	6.651e-04	-1.052	3287	3.415	8.935
83.805	8.742e-04	-1.121	3268	3.473	8.357
83.805	1.149e-03	-1.278	3213	3.602	7.209
83.805	1.511e-03	-1.425	3146	3.712	6.349
83.805	1.994e-03	-1.552	3089	3.807	5.689
83.805	2.610e-03	-1.667	3034	3.890	5.170
83.805	3.446e-03	-1.780	2974	3.969	4.722
83.805	4.503e-03	-1.883	2921	4.040	4.350
83.805	5.873e-03	-1.977	2876	4.108	4.024
83.805	7.753e-03	-2.071	2835	4.177	3.716
83.805	1.015e-02	-2.149	2818	4.244	3.441
83.805	1.340e-02	-2.230	2798	4.313	3.177
83.805	1.754e-02	-2.304	2789	4.382	2.936
83.805	2.315e-02	-2.378	2786	4.454	2.703
83.805	3.030e-02	-2.450	2785	4.525	2.491
83.805	3.977e-02	-2.523	2784	4.598	2.289
83.805	5.228e-02	-2.593	2793	4.673	2.100
83.805	6.873e-02	-2.664	2803	4.750	1.923
83.805	9.000e-02	-2.735	2810	4.826	1.761
83.805	1.186e-01	-2.834	2775	4.902	1.612
83.805	1.558e-01	-2.930	2734	4.973	1.487
83.805	2.032e-01	-3.016	2697	5.035	1.384
83.805	2.668e-01	-3.094	2662	5.091	1.298
83.805	3.493e-01	-3.157	2634	5.135	1.233
83.805	4.565e-01	-3.202	2614	5.166	1.190
83.805	6.002e-01	-3.228	2601	5.185	1.165
83.805	7.889e-01	-3.240	2596	5.193	1.154
83.805	1.029e+00	-3.244	2594	5.196	1.150
83.805	1.358e+00	-3.245	2594	5.196	1.150
83.805	1.804e+00	-3.245	2594	5.196	1.150
83.805	2.401e+00	-3.245	2594	5.196	1.150
83.805	3.196e+00	-3.245	2594	5.196	1.149
83.805	4.254e+00	-3.245	2594	5.196	1.149
83.805	5.662e+00	-3.245	2594	5.197	1.149
83.805	7.536e+00	-3.246	2593	5.197	1.149
83.805	1.000e+01	-3.246	2593	5.197	1.149
85.900	1.023e-04	-0.688	3328	3.083	13.258
85.900	1.350e-04	-0.763	3327	3.158	12.159
85.900	1.768e-04	-0.837	3323	3.230	11.193
85.900	2.333e-04	-0.910	3313	3.297	10.366
85.900	3.049e-04	-0.959	3306	3.343	9.831
85.900	4.009e-04	-0.987	3302	3.369	9.545
85.900	5.250e-04	-1.008	3299	3.387	9.340
85.900	6.916e-04	-1.040	3294	3.418	9.021
85.900	9.089e-04	-1.128	3271	3.493	8.270
85.900	1.200e-03	-1.290	3214	3.625	7.108
85.900	1.580e-03	-1.433	3148	3.732	6.284
85.900	2.077e-03	-1.552	3098	3.823	5.653
85.900	2.731e-03	-1.667	3043	3.907	5.136
85.900	3.576e-03	-1.776	2986	3.983	4.706
85.900	4.673e-03	-1.879	2932	4.054	4.338
85.900	6.145e-03	-1.976	2885	4.123	4.004
85.900	8.047e-03	-2.067	2846	4.190	3.708
85.900	1.053e-02	-2.145	2826	4.256	3.435
85.900	1.390e-02	-2.227	2806	4.325	3.172
85.900	1.820e-02	-2.301	2796	4.393	2.933
85.900	2.403e-02	-2.374	2792	4.465	2.702
85.900	3.145e-02	-2.446	2792	4.536	2.490
85.900	4.152e-02	-2.521	2792	4.610	2.285
85.900	5.426e-02	-2.589	2799	4.684	2.100
85.900	7.077e-02	-2.657	2808	4.758	1.928
85.900	9.289e-02	-2.729	2816	4.835	1.765
85.900	1.216e-01	-2.822	2787	4.909	1.619
85.900	1.592e-01	-2.917	2747	4.979	1.495
85.900	2.073e-01	-3.002	2710	5.040	1.393
85.900	2.737e-01	-3.079	2676	5.095	1.307
85.900	3.577e-01	-3.137	2650	5.137	1.246
85.900	4.702e-01	-3.178	2632	5.165	1.206
85.900	6.180e-01	-3.200	2622	5.180	1.186
85.900	8.061e-01	-3.208	2618	5.186	1.177
85.900	1.058e+00	-3.211	2617	5.188	1.175
85.900	1.402e+00	-3.211	2616	5.188	1.175
85.900	1.866e+00	-3.211	2616	5.188	1.174
85.900	2.484e+00	-3.211	2616	5.188	1.174
85.900	3.306e+00	-3.211	2616	5.189	1.174
85.900	4.400e+00	-3.212	2616	5.189	1.174
85.900	5.857e+00	-3.212	2616	5.189	1.174
85.900	7.796e+00	-3.212	2616	5.189	1.174
85.900	1.000e+01	-3.212	2616	5.189	1.174
87.996	1.041e-04	-0.680	3333	3.089	13.334
87.996	1.358e-04	-0.752	3333	3.160	12.281
87.996	1.783e-04	-0.825	3330	3.232	11.306
87.996	2.343e-04	-0.894	3320	3.296	10.501
87.996	3.081e-04	-0.942	3313	3.340	9.978
87.996	4.049e-04	-0.968	3310	3.364	9.707
87.996	5.281e-04	-0.989	3307	3.383	9.497
87.996	6.971e-04	-1.025	3301	3.416	9.144
87.996	9.126e-04	-1.120	3280	3.500	8.302
87.996	1.207e-03	-1.281	3223	3.631	7.142
87.996	1.593e-03	-1.422	3160	3.738	6.317
87.996	2.082e-03	-1.536	3116	3.827	5.698
87.996	2.737e-03	-1.650	3061	3.911	5.176
87.996	3.585e-03	-1.759	3004	3.987	4.742
87.996	4.693e-03	-1.862	2949	4.058	4.367
87.996	6.110e-03	-1.957	2902	4.125	4.043
87.996	7.943e-03	-2.046	2863	4.190	3.752
87.996	1.048e-02	-2.130	2837	4.258	3.469
87.996	1.373e-02	-2.209	2817	4.325	3.213
87.996	1.812e-02	-2.286	2804	4.394	2.966
87.996	2.372e-02	-2.358	2799	4.463	2.740
87.996	3.131e-02	-2.431	2798	4.536	2.520
87.996	4.098e-02	-2.503	2798	4.608	2.320
87.996	5.379e-02	-2.574	2804	4.682	2.130
87.996	7.070e-02	-2.644	2813	4.758	1.952
87.996	9.295e-02	-2.716	2821	4.835	1.787
87.996	1.217e-01	-2.802	2803	4.910	1.639
87.996	1.591e-01	-2.897	2763	4.979	1.513
87.996	2.075e-01	-2.981	2726	5.040	1.409
87.996	2.739e-01	-3.057	2693	5.095	1.324
87.996	3.585e-01	-3.114	2668	5.135	1.264
87.996	4.706e-01	-3.151	2651	5.161	1.227
87.996	6.185e-01	-3.170	2642	5.175	1.208
87.996	8.067e-01	-3.177	2639	5.179	1.201
87.996	1.059e+00	-3.179	2638	5.181	1.199
87.996	1.403e+00	-3.179	2638	5.181	1.199
87.996	1.868e+00	-3.179	2638	5.181	1.199
87.996	2.486e+00	-3.179	2638	5.181	1.199
87.996	3.309e+00	-3.179	2638	5.181	1.199
87.996	4.404e+00	-3.179	2638	5.181	1.198
87.996	5.861e+00	-3.180	2638	5.181	1.198
87.996	7.801e+00	-3.180	2638	5.182	1.198
87.996	1.000e+01	-3.180	2637	5.182	1.198
90.091	1.033e-04	-0.666	3339	3.087	13.515
90.091	1.357e-04	-0.739	3339	3.160	12.426
90.091	1.770e-04	-0.809	3338	3.230	11.469
90.091	2.337e-04	-0.878	3328	3.294	10.654
90.091	3.059e-04	-0.924	3321	3.336	10.149
90.091	4.015e-04	-0.949	3317	3.359	9.883
90.091	5.257e-04	-0.970	3314	3.379	9.662
90.091	6.883e-04	-1.006	3309	3.412	9.300
90.091	9.085e-04	-1.108	3289	3.504	8.368
90.091	1.189e-03	-1.262	3235	3.629	7.241
90.091	1.573e-03	-1.402	3176	3.736	6.400
90.091	2.068e-03	-1.517	3134	3.828	5.759
90.091	2.718e-03	-1.630	3080	3.912	5.231
90.091	3.573e-03	-1.740	3023	3.989	4.784
90.091	4.697e-03	-1.845	2967	4.062	4.401
90.091	6.175e-03	-1.945	2916	4.131	4.063
90.091	8.086e-03	-2.036	2876	4.198	3.763
90.091	1.057e-02	-2.118	2847	4.263	3.490
90.091	1.378e-02	-2.196	2827	4.328	3.237
90.091	1.809e-02	-2.273	2813	4.396	2.995
90.091	2.378e-02	-2.346	2806	4.465	2.765
90.091	3.126e-02	-2.418	2805	4.537	2.547
90.091	4.109e-02	-2.490	2805	4.609	2.343
90.091	5.402e-02	-2.562	2809	4.683	2.151
90.091	7.100e-02	-2.632	2818	4.759	1.972
90.091	9.334e-02	-2.703	2826	4.835	1.806
90.091	1.227e-01	-2.785	2817	4.912	1.654
90.091	1.619e-01	-2.883	2776	4.983	1.523
90.091	2.120e-01	-2.968	2739	5.045	1.418
90.091	2.782e-01	-3.039	2708	5.097	1.336
90.091	3.644e-01	-3.092	2684	5.135	1.279
90.091	4.762e-01	-3.125	2669	5.158	1.246
90.091	6.211e-01	-3.141	2662	5.169	1.230
90.091	8.087e-01	-3.147	2659	5.173	1.224
90.091	1.067e+00	-3.148	2659	5.174	1.223
90.091	1.418e+00	-3.148	2659	5.174	1.223
90.091	1.887e+00	-3.148	2659	5.174	1.222
90.091	2.512e+00	-3.149	2659	5.174	1.222
90.091	3.343e+00	-3.149	2659	5.174	1.222
90.091	4.450e+00	-3.149	2659	5.175	1.222
90.091	5.923e+00	-3.149	2658	5.175	1.222
90.091	7.883e+00	-3.149	2658	5.175	1.222
90.091	1.000e+01	-3.149	2658	5.175	1.222
92.186	1.004e-04	-0.646	3344	3.080	13.777
92.186	1.314e-04	-0.718	3344	3.152	12.689
92.186	1.720e-04	-0.788	3344	3.222	11.704
92.186	2.240e-04	-0.853	3336	3.284	10.905
92.186	2.957e-04	-0.902	3329	3.328	10.356
92.186	3.864e-04	-0.927	3325	3.352	10.081
92.186	5.040e-04	-0.948	3322	3.371	9.862
92.186	6.653e-04	-0.983	3317	3.404	9.496
92.186	8.710e-04	-1.074	3304	3.487	8.625
92.186	1.152e-03	-1.234	3250	3.619	7.412
92.186	1.520e-03	-1.371	3197	3.727	6.547
92.186	1.987e-03	-1.485	3155	3.817	5.897
92.186	2.612e-03	-1.597	3105	3.902	5.347
92.186	3.433e-03	-1.707	3050	3.981	4.886
92.186	4.514e-03	-1.813	2993	4.054	4.489
92.186	5.912e-03	-1.913	2940	4.123	4.146
92.186	7.739e-03	-2.005	2897	4.190	3.840
92.186	1.016e-02	-2.093	2861	4.256	3.558
92.186	1.330e-02	-2.172	2840	4.322	3.298
92.186	1.741e-02	-2.250	2822	4.389	3.055
92.186	2.285e-02	-2.323	2813	4.457	2.824
92.186	3.004e-02	-2.395	2812	4.527	2.604
92.186	3.949e-02	-2.467	2812	4.600	2.396
92.186	5.190e-02	-2.540	2812	4.673	2.202
92.186	6.824e-02	-2.609	2821	4.748	2.020
92.186	8.969e-02	-2.680	2830	4.824	1.851
92.186	1.179e-01	-2.753	2836	4.900	1.695
92.186	1.550e-01	-2.849	2797	4.973	1.560
92.186	2.046e-01	-2.937	2759	5.038	1.447
92.186	2.673e-01	-3.009	2728	5.089	1.364
92.186	3.487e-01	-3.062	2704	5.127	1.305
92.186	4.603e-01	-3.096	2689	5.152	1.269
92.186	6.026e-01	-3.112	2682	5.163	1.253
92.186	7.846e-01	-3.117	2680	5.167	1.247
92.186	1.036e+00	-3.119	2679	5.168	1.246
92.186	1.376e+00	-3.119	2679	5.168	1.246
92.186	1.831e+00	-3.119	2679	5.168	1.246
92.186	2.437e+00	-3.119	2679	5.168	1.246
92.186	3.244e+00	-3.119	2679	5.168	1.246
92.186	4.317e+00	-3.119	2679	5.168	1.245
92.186	5.746e+00	-3.119	2679	5.168	1.245
92.186	7.648e+00	-3.120	2678	5.168	1.245
92.186	1.000e+01	-3.120	2678	5.169	1.245
94.281	1.009e-04	-0.636	3349	3.083	13.896
94.281	1.324e-04	-0.708	3349	3.154	12.799
94.281	1.740e-04	-0.778	3349	3.224	11.804
94.281	2.269e-04	-0.841	3343	3.284	11.017
94.281	2.995e-04	-0.886	3336	3.326	10.500
94.281	3.921e-04	-0.910	3333	3.348	10.236
94.281	5.147e-04	-0.932	3330	3.369	9.999
94.281	6.764e-04	-0.971	3324	3.405	9.590
94.281	8.894e-04	-1.078	3308	3.503	8.568
94.281	1.176e-03	-1.234	3256	3.631	7.391
94.281	1.546e-03	-1.365	3205	3.735	6.557
94.281	2.016e-03	-1.475	3166	3.825	5.915
94.281	2.662e-03	-1.588	3119	3.911	5.358
94.281	3.478e-03	-1.694	3065	3.987	4.905
94.281	4.537e-03	-1.798	3009	4.059	4.517
94.281	5.988e-03	-1.901	2954	4.130	4.162
94.281	7.839e-03	-1.994	2910	4.196	3.855
94.281	1.021e-02	-2.082	2871	4.261	3.580
94.281	1.347e-02	-2.162	2849	4.328	3.313
94.281	1.775e-02	-2.242	2829	4.396	3.064
94.281	2.333e-02	-2.316	2820	4.464	2.832
94.281	3.067e-02	-2.388	2818	4.534	2.613
94.281	4.031e-02	-2.459	2818	4.606	2.406
94.281	5.291e-02	-2.532	2818	4.679	2.212
94.281	6.953e-02	-2.601	2827	4.753	2.030
94.281	9.142e-02	-2.672	2835	4.829	1.861
94.281	1.197e-01	-2.742	2843	4.904	1.707
94.281	1.577e-01	-2.835	2810	4.977	1.570
94.281	2.073e-01	-2.922	2773	5.040	1.459
94.281	2.703e-01	-2.991	2743	5.090	1.377
94.281	3.514e-01	-3.040	2721	5.126	1.322
94.281	4.576e-01	-3.071	2707	5.148	1.290
94.281	6.006e-01	-3.085	2701	5.158	1.275
94.281	7.865e-01	-3.089	2699	5.161	1.270
94.281	1.036e+00	-3.090	2698	5.162	1.269
94.281	1.379e+00	-3.091	2698	5.162	1.269
94.281	1.835e+00	-3.091	2698	5.162	1.269
94.281	2.443e+00	-3.091	2698	5.162	1.269
94.281	3.252e+00	-3.091	2698	5.162	1.268
94.281	4.328e+00	-3.091	2698	5.162	1.268
94.281	5.760e+00	-3.091	2698	5.162	1.268
94.281	7.667e+00	-3.091	2698	5.162	1.268
94.281	1.000e+01	-3.092	2698	5.163	1.268
96.376	1.031e-04	-0.631	3354	3.090	13.940
96.376	1.350e-04	-0.701	3354	3.160	12.859
96.376	1.781e-04	-0.771	3354	3.230	11.861
96.376	2.332e-04	-0.831	3349	3.288	11.098
96.376	3.078e-04	-0.872	3343	3.325	10.628
96.376	4.030e-04	-0.894	3340	3.346	10.379
96.376	5.289e-04	-0.918	3336	3.367	10.122
96.376	6.952e-04	-0.964	3330	3.410	9.643
96.376	9.176e-04	-1.088	3310	3.523	8.458
96.376	1.214e-03	-1.238	3259	3.647	7.337
96.376	1.589e-03	-1.365	3210	3.747	6.538
96.376	2.085e-03	-1.474	3176	3.838	5.891
96.376	2.740e-03	-1.583	3129	3.922	5.349
96.376	3.603e-03	-1.691	3076	4.000	4.889
96.376	4.735e-03	-1.798	3018	4.073	4.494
96.376	6.226e-03	-1.899	2964	4.143	4.147
96.376	8.183e-03	-1.993	2918	4.210	3.837
96.376	1.067e-02	-2.082	2878	4.274	3.563
96.376	1.409e-02	-2.162	2856	4.342	3.298
96.376	1.841e-02	-2.240	2836	4.407	3.058
96.376	2.421e-02	-2.314	2826	4.475	2.827
96.376	3.181e-02	-2.385	2824	4.545	2.609
96.376	4.183e-02	-2.457	2825	4.617	2.402
96.376	5.498e-02	-2.530	2824	4.690	2.208
96.376	7.171e-02	-2.597	2832	4.762	2.032
96.376	9.465e-02	-2.669	2840	4.839	1.861
96.376	1.237e-01	-2.738	2848	4.912	1.709
96.376	1.626e-01	-2.827	2820	4.984	1.574
96.376	2.130e-01	-2.910	2784	5.046	1.466
96.376	2.788e-01	-2.977	2755	5.094	1.387
96.376	3.659e-01	-3.023	2735	5.128	1.334
96.376	4.792e-01	-3.049	2724	5.146	1.306
96.376	6.262e-01	-3.059	2719	5.153	1.295
96.376	8.168e-01	-3.063	2717	5.156	1.292
96.376	1.085e+00	-3.063	2717	5.156	1.291
96.376	1.444e+00	-3.063	2717	5.156	1.291
96.376	1.922e+00	-3.063	2717	5.156	1.291
96.376	2.558e+00	-3.063	2717	5.156	1.291
96.376	3.405e+00	-3.064	2717	5.156	1.291
96.376	4.532e+00	-3.064	2717	5.156	1.291
96.376	6.032e+00	-3.064	2717	5.157	1.290
96.376	8.029e+00	-3.064	2717	5.157	1.290
98.471	1.016e-04	-0.617	3358	3.087	14.134
98.471	1.336e-04	-0.687	3359	3.157	13.031
98.471	1.755e-04	-0.755	3359	3.226	12.045
98.471	2.290e-04	-0.813	3355	3.282	11.288
98.471	3.005e-04	-0.853	3351	3.319	10.818
98.471	3.950e-04	-0.876	3347	3.340	10.560
98.471	5.152e-04	-0.898	3344	3.361	10.306
98.471	6.800e-04	-0.944	3337	3.404	9.814
98.471	8.902e-04	-1.065	3318	3.514	8.643
98.471	1.175e-03	-1.212	3273	3.638	7.497
98.471	1.538e-03	-1.338	3227	3.739	6.675
98.471	2.019e-03	-1.447	3193	3.830	6.010
98.471	2.654e-03	-1.554	3152	3.914	5.451
98.471	3.461e-03	-1.659	3101	3.991	4.991
98.471	4.569e-03	-1.768	3042	4.066	4.577
98.471	5.981e-03	-1.868	2988	4.136	4.226
98.471	7.850e-03	-1.964	2939	4.203	3.911
98.471	1.032e-02	-2.055	2897	4.269	3.623
98.471	1.346e-02	-2.136	2869	4.333	3.366
98.471	1.766e-02	-2.215	2848	4.399	3.119
98.471	2.296e-02	-2.288	2835	4.464	2.895
98.471	3.007e-02	-2.359	2830	4.532	2.677
98.471	3.961e-02	-2.430	2831	4.604	2.465
98.471	5.205e-02	-2.503	2831	4.676	2.268
98.471	6.790e-02	-2.572	2835	4.748	2.089
98.471	8.841e-02	-2.639	2843	4.820	1.922
98.471	1.167e-01	-2.710	2851	4.896	1.760
98.471	1.525e-01	-2.786	2844	4.968	1.621
98.471	2.013e-01	-2.875	2806	5.033	1.503
98.471	2.635e-01	-2.945	2776	5.084	1.418
98.471	3.459e-01	-2.994	2755	5.120	1.361
98.471	4.529e-01	-3.021	2742	5.139	1.330
98.471	5.919e-01	-3.033	2737	5.148	1.318
98.471	7.721e-01	-3.036	2736	5.150	1.314
98.471	1.025e+00	-3.037	2735	5.151	1.313
98.471	1.365e+00	-3.037	2735	5.151	1.313
98.471	1.817e+00	-3.037	2735	5.151	1.313
98.471	2.418e+00	-3.037	2735	5.151	1.313
98.471	3.218e+00	-3.037	2735	5.151	1.313
98.471	4.284e+00	-3.037	2735	5.151	1.313
98.471	5.702e+00	-3.037	2735	5.151	1.313
98.471	7.589e+00	-3.038	2735	5.151	1.312
98.471	1.000e+01	-3.038	2735	5.152	1.312
100.566	1.040e-04	-0.613	3362	3.094	14.164
100.566	1.362e-04	-0.680	3364	3.163	13.085
100.566	1.780e-04	-0.746	3364	3.229	12.132
100.566	2.350e-04	-0.804	3360	3.285	11.377
100.566	3.077e-04	-0.839	3357	3.317	10.953
100.566	4.061e-04	-0.861	3354	3.338	10.700
100.566	5.307e-04	-0.886	3350	3.361	10.417
100.566	6.978e-04	-0.939	3342	3.410	9.844
100.566	9.171e-04	-1.072	3321	3.532	8.559
100.566	1.213e-03	-1.216	3277	3.652	7.449
100.566	1.582e-03	-1.337	3232	3.750	6.657
100.566	2.076e-03	-1.443	3203	3.840	6.000
100.566	2.729e-03	-1.549	3163	3.925	5.445
100.566	3.559e-03	-1.654	3112	4.001	4.986
100.566	4.699e-03	-1.762	3054	4.076	4.573
100.566	6.151e-03	-1.863	2999	4.145	4.223
100.566	8.009e-03	-1.956	2951	4.211	3.917
100.566	1.041e-02	-2.044	2910	4.274	3.640
100.566	1.353e-02	-2.126	2878	4.337	3.386
100.566	1.787e-02	-2.206	2857	4.404	3.134
100.566	2.339e-02	-2.281	2842	4.471	2.904
100.566	3.087e-02	-2.354	2837	4.540	2.679
100.566	4.041e-02	-2.424	2837	4.610	2.473
100.566	5.304e-02	-2.496	2837	4.682	2.277
100.566	6.972e-02	-2.567	2840	4.755	2.092
100.566	9.093e-02	-2.635	2848	4.828	1.925
100.566	1.194e-01	-2.704	2856	4.902	1.767
100.566	1.563e-01	-2.776	2855	4.973	1.628
100.566	2.059e-01	-2.863	2818	5.037	1.512
100.566	2.706e-01	-2.930	2789	5.087	1.428
100.566	3.529e-01	-2.975	2769	5.119	1.376
100.566	4.659e-01	-2.999	2759	5.137	1.349
100.566	6.088e-01	-3.008	2754	5.143	1.338
100.566	7.915e-01	-3.011	2753	5.145	1.336
100.566	1.032e+00	-3.011	2753	5.146	1.335
100.566	1.371e+00	-3.011	2753	5.146	1.335
100.566	1.825e+00	-3.011	2753	5.146	1.335
100.566	2.429e+00	-3.011	2753	5.146	1.335
100.566	3.233e+00	-3.012	2753	5.146	1.335
100.566	4.303e+00	-3.012	2753	5.146	1.335
100.566	5.728e+00	-3.012	2753	5.146	1.334
100.566	7.624e+00	-3.012	2753	5.146	1.334
100.566	1.000e+01	-3.013	2753	5.146	1.334
102.661	1.012e-04	-0.596	3366	3.088	14.405
102.661	1.325e-04	-0.663	3369	3.157	13.319
102.661	1.732e-04	-0.728	3369	3.222	12.355
102.661	2.259e-04	-0.784	3366	3.276	11.611
102.661	2.982e-04	-0.820	3363	3.311	11.152
102.661	3.903e-04	-0.841	3361	3.331	10.897
102.661	5.082e-04	-0.865	3358	3.353	10.623
102.661	6.607e-04	-0.911	3351	3.395	10.118
102.661	8.721e-04	-1.037	3332	3.511	8.853
102.661	1.153e-03	-1.180	3294	3.635	7.679
102.661	1.510e-03	-1.304	3250	3.736	6.838
102.661	1.982e-03	-1.411	3222	3.827	6.155
102.661	2.605e-03	-1.516	3185	3.912	5.579
102.661	3.424e-03	-1.623	3135	3.992	5.088
102.661	4.501e-03	-1.729	3080	4.067	4.668
102.661	5.917e-03	-1.833	3023	4.138	4.302
102.661	7.777e-03	-1.931	2970	4.206	3.978
102.661	1.014e-02	-2.021	2927	4.271	3.693
102.661	1.331e-02	-2.109	2889	4.336	3.426
102.661	1.750e-02	-2.188	2868	4.402	3.176
102.661	2.310e-02	-2.266	2850	4.470	2.938
102.661	3.043e-02	-2.340	2842	4.538	2.714
102.661	3.999e-02	-2.410	2843	4.608	2.503
102.661	5.216e-02	-2.479	2843	4.678	2.310
102.661	6.885e-02	-2.553	2844	4.752	2.121
102.661	8.998e-02	-2.620	2852	4.825	1.951
102.661	1.183e-01	-2.690	2860	4.899	1.791
102.661	1.555e-01	-2.758	2866	4.971	1.649
102.661	2.052e-01	-2.843	2833	5.036	1.530
102.661	2.687e-01	-2.909	2804	5.084	1.447
102.661	3.498e-01	-2.952	2785	5.116	1.396
102.661	4.591e-01	-2.975	2775	5.132	1.369
102.661	6.013e-01	-2.984	2772	5.139	1.360
102.661	7.871e-01	-2.986	2771	5.140	1.357
102.661	1.045e+00	-2.987	2770	5.141	1.357
102.661	1.392e+00	-2.987	2770	5.141	1.357
102.661	1.852e+00	-2.987	2770	5.141	1.356
102.661	2.465e+00	-2.987	2770	5.141	1.356
102.661	3.281e+00	-2.987	2770	5.141	1.356
102.661	4.367e+00	-2.987	2770	5.141	1.356
102.661	5.813e+00	-2.987	2770	5.141	1.356
102.661	7.737e+00	-2.988	2770	5.141	1.355
102.661	1.000e+01	-2.988	2770	5.142	1.355
104.757	1.016e-04	-0.588	3370	3.091	14.512
104.757	1.327e-04	-0.653	3373	3.158	13.439
104.757	1.731e-04	-0.716	3374	3.221	12.488
104.757	2.285e-04	-0.772	3371	3.276	11.732
104.757	2.992e-04	-0.805	3369	3.307	11.310
104.757	3.949e-04	-0.826	3367	3.328	11.049
104.757	5.160e-04	-0.851	3364	3.352	10.749
104.757	6.785e-04	-0.907	3356	3.403	10.133
104.757	8.917e-04	-1.041	3335	3.526	8.790
104.757	1.179e-03	-1.181	3298	3.646	7.655
104.757	1.538e-03	-1.301	3256	3.744	6.841
104.757	2.030e-03	-1.406	3231	3.837	6.149
104.757	2.658e-03	-1.509	3196	3.920	5.584
104.757	3.489e-03	-1.615	3147	4.000	5.097
104.757	4.585e-03	-1.721	3092	4.075	4.676
104.757	6.028e-03	-1.824	3035	4.146	4.309
104.757	7.894e-03	-1.922	2983	4.213	3.988
104.757	1.032e-02	-2.013	2938	4.278	3.701
104.757	1.346e-02	-2.100	2898	4.341	3.440
104.757	1.766e-02	-2.178	2877	4.406	3.191
104.757	2.321e-02	-2.257	2857	4.473	2.956
104.757	3.052e-02	-2.329	2849	4.541	2.734
104.757	4.011e-02	-2.399	2849	4.610	2.523
104.757	5.274e-02	-2.471	2849	4.682	2.323
104.757	6.931e-02	-2.544	2848	4.755	2.137
104.757	9.041e-02	-2.611	2856	4.826	1.968
104.757	1.193e-01	-2.680	2864	4.901	1.805
104.757	1.562e-01	-2.746	2872	4.971	1.665
104.757	2.062e-01	-2.826	2846	5.036	1.546
104.757	2.716e-01	-2.892	2818	5.085	1.462
104.757	3.570e-01	-2.934	2800	5.115	1.412
104.757	4.657e-01	-2.953	2791	5.129	1.388
104.757	6.054e-01	-2.961	2788	5.134	1.380
104.757	7.945e-01	-2.962	2787	5.136	1.378
104.757	1.044e+00	-2.963	2787	5.136	1.378
104.757	1.390e+00	-2.963	2787	5.136	1.378
104.757	1.850e+00	-2.963	2787	5.136	1.378
104.757	2.462e+00	-2.963	2787	5.136	1.378
104.757	3.277e+00	-2.963	2787	5.136	1.377
104.757	4.362e+00	-2.963	2787	5.136	1.377
104.757	5.806e+00	-2.963	2787	5.136	1.377
104.757	7.728e+00	-2.964	2787	5.137	1.377
104.757	1.000e+01	-2.964	2787	5.137	1.376
