Mass/Mjup	Age/Gyr	log(L/Lsun)	Teff	log(g)	Radius/Rjup
0.047	1.010e-04	-6.068	454	1.742	1.455
0.047	1.333e-04	-6.149	448	1.801	1.360
0.047	1.763e-04	-6.245	439	1.862	1.268
0.047	2.332e-04	-6.375	421	1.920	1.185
0.047	3.084e-04	-6.492	407	1.975	1.113
0.047	4.063e-04	-6.601	394	2.028	1.047
0.047	5.340e-04	-6.714	380	2.079	0.987
0.047	6.965e-04	-6.824	366	2.127	0.935
0.047	9.194e-04	-6.944	352	2.175	0.884
0.047	1.204e-03	-7.063	337	2.220	0.840
0.047	1.589e-03	-7.188	322	2.264	0.798
0.047	2.080e-03	-7.309	307	2.303	0.763
0.047	2.750e-03	-7.442	291	2.342	0.730
0.047	3.631e-03	-7.566	276	2.376	0.701
0.047	4.801e-03	-7.692	262	2.409	0.676
0.047	6.350e-03	-7.815	248	2.439	0.652
0.047	8.313e-03	-7.935	235	2.468	0.631
0.047	1.091e-02	-8.055	223	2.495	0.612
0.047	1.434e-02	-8.176	211	2.519	0.595
0.047	1.870e-02	-8.292	200	2.542	0.579
0.047	2.473e-02	-8.415	189	2.565	0.564
0.047	3.226e-02	-8.533	178	2.585	0.551
0.047	4.259e-02	-8.655	168	2.605	0.539
0.047	5.610e-02	-8.778	158	2.624	0.527
0.047	7.434e-02	-8.906	149	2.644	0.515
0.047	9.832e-02	-9.034	140	2.662	0.505
0.047	1.287e-01	-9.156	132	2.678	0.495
0.047	1.702e-01	-9.282	123	2.694	0.486
0.047	2.247e-01	-9.404	116	2.709	0.478
0.047	2.936e-01	-9.523	109	2.724	0.470
0.047	3.830e-01	-9.640	103	2.737	0.463
0.047	5.056e-01	-9.760	97	2.750	0.456
0.047	6.618e-01	-9.875	91	2.763	0.449
0.047	8.736e-01	-9.995	86	2.775	0.443
0.047	1.151e+00	-10.116	81	2.788	0.437
0.047	1.512e+00	-10.245	75	2.799	0.431
0.047	2.000e+00	-10.392	70	2.810	0.426
0.063	1.048e-04	-5.883	508	1.877	1.438
0.063	1.386e-04	-5.982	494	1.928	1.357
0.063	1.833e-04	-6.076	482	1.978	1.281
0.063	2.425e-04	-6.179	467	2.029	1.208
0.063	3.206e-04	-6.293	450	2.079	1.140
0.063	4.214e-04	-6.404	435	2.127	1.079
0.063	5.563e-04	-6.527	416	2.174	1.022
0.063	7.282e-04	-6.635	401	2.217	0.973
0.063	9.631e-04	-6.743	386	2.261	0.925
0.063	1.271e-03	-6.858	370	2.303	0.881
0.063	1.675e-03	-6.975	354	2.344	0.841
0.063	2.201e-03	-7.100	337	2.383	0.803
0.063	2.905e-03	-7.229	320	2.421	0.769
0.063	3.827e-03	-7.359	303	2.456	0.739
0.063	5.061e-03	-7.495	285	2.488	0.712
0.063	6.652e-03	-7.624	269	2.517	0.688
0.063	8.780e-03	-7.752	254	2.545	0.667
0.063	1.157e-02	-7.877	240	2.571	0.647
0.063	1.520e-02	-8.001	227	2.595	0.630
0.063	2.007e-02	-8.128	214	2.617	0.613
0.063	2.654e-02	-8.258	201	2.639	0.598
0.063	3.509e-02	-8.387	188	2.660	0.584
0.063	4.594e-02	-8.516	177	2.678	0.572
0.063	6.030e-02	-8.647	166	2.697	0.560
0.063	7.925e-02	-8.779	155	2.714	0.549
0.063	1.034e-01	-8.910	145	2.730	0.539
0.063	1.367e-01	-9.044	136	2.746	0.529
0.063	1.808e-01	-9.176	127	2.760	0.520
0.063	2.386e-01	-9.299	119	2.774	0.513
0.063	3.124e-01	-9.417	112	2.786	0.505
0.063	4.124e-01	-9.538	105	2.798	0.498
0.063	5.432e-01	-9.657	99	2.809	0.492
0.063	7.139e-01	-9.767	93	2.820	0.486
0.063	9.424e-01	-9.871	88	2.829	0.481
0.063	1.241e+00	-9.965	84	2.838	0.476
0.063	1.632e+00	-10.047	81	2.845	0.472
0.063	2.141e+00	-10.119	78	2.851	0.469
0.063	2.814e+00	-10.199	74	2.856	0.466
0.063	3.671e+00	-10.272	71	2.861	0.464
0.063	4.855e+00	-10.351	69	2.866	0.461
0.063	6.079e+00	-10.391	67	2.868	0.459
0.063	7.646e+00	-10.391	67	2.868	0.459
0.063	1.000e+01	-10.391	67	2.868	0.459
0.126	1.043e-04	-5.427	570	1.924	1.928
0.126	1.377e-04	-5.536	551	1.975	1.818
0.126	1.803e-04	-5.642	533	2.022	1.721
0.126	2.380e-04	-5.746	516	2.070	1.630
0.126	3.116e-04	-5.848	500	2.114	1.548
0.126	4.113e-04	-5.955	482	2.159	1.470
0.126	5.418e-04	-6.060	465	2.203	1.398
0.126	7.121e-04	-6.167	448	2.245	1.332
0.126	9.399e-04	-6.289	428	2.286	1.271
0.126	1.230e-03	-6.397	411	2.324	1.216
0.126	1.615e-03	-6.508	394	2.362	1.165
0.126	2.136e-03	-6.623	377	2.399	1.116
0.126	2.825e-03	-6.741	359	2.435	1.070
0.126	3.735e-03	-6.866	341	2.469	1.029
0.126	4.910e-03	-6.991	323	2.501	0.992
0.126	6.481e-03	-7.121	305	2.532	0.957
0.126	8.537e-03	-7.261	286	2.560	0.927
0.126	1.122e-02	-7.393	269	2.586	0.900
0.126	1.463e-02	-7.523	253	2.609	0.876
0.126	1.921e-02	-7.653	238	2.632	0.853
0.126	2.524e-02	-7.788	223	2.653	0.832
0.126	3.319e-02	-7.925	208	2.674	0.813
0.126	4.362e-02	-8.063	195	2.693	0.796
0.126	5.758e-02	-8.205	181	2.711	0.779
0.126	7.585e-02	-8.344	169	2.727	0.765
0.126	9.969e-02	-8.483	157	2.743	0.751
0.126	1.300e-01	-8.614	147	2.757	0.739
0.126	1.716e-01	-8.748	137	2.770	0.728
0.126	2.247e-01	-8.879	128	2.783	0.717
0.126	2.966e-01	-9.009	120	2.795	0.707
0.126	3.907e-01	-9.139	112	2.806	0.698
0.126	5.135e-01	-9.269	104	2.817	0.689
0.126	6.778e-01	-9.399	98	2.828	0.680
0.126	8.873e-01	-9.527	91	2.839	0.673
0.126	1.171e+00	-9.660	85	2.849	0.665
0.126	1.533e+00	-9.791	79	2.858	0.658
0.126	2.028e+00	-9.950	73	2.867	0.651
0.189	1.042e-04	-5.146	680	2.124	1.876
0.189	1.370e-04	-5.255	655	2.168	1.783
0.189	1.800e-04	-5.368	628	2.210	1.698
0.189	2.377e-04	-5.486	601	2.251	1.621
0.189	3.111e-04	-5.598	576	2.288	1.552
0.189	4.107e-04	-5.716	550	2.326	1.487
0.189	5.410e-04	-5.827	527	2.361	1.427
0.189	7.110e-04	-5.937	504	2.395	1.372
0.189	9.385e-04	-6.048	482	2.429	1.320
0.189	1.241e-03	-6.157	461	2.462	1.270
0.189	1.635e-03	-6.275	439	2.495	1.224
0.189	2.149e-03	-6.392	418	2.525	1.182
0.189	2.842e-03	-6.505	399	2.556	1.141
0.189	3.751e-03	-6.619	380	2.585	1.103
0.189	4.941e-03	-6.738	361	2.614	1.067
0.189	6.535e-03	-6.865	340	2.642	1.033
0.189	8.589e-03	-6.994	321	2.667	1.003
0.189	1.134e-02	-7.131	301	2.692	0.975
0.189	1.493e-02	-7.271	281	2.715	0.950
0.189	1.963e-02	-7.408	263	2.735	0.928
0.189	2.591e-02	-7.543	246	2.755	0.907
0.189	3.392e-02	-7.676	230	2.773	0.888
0.189	4.477e-02	-7.816	215	2.790	0.871
0.189	5.897e-02	-7.956	200	2.806	0.855
0.189	7.751e-02	-8.097	186	2.821	0.840
0.189	1.011e-01	-8.234	173	2.835	0.827
0.189	1.335e-01	-8.378	161	2.848	0.814
0.189	1.758e-01	-8.517	149	2.861	0.803
0.189	2.310e-01	-8.653	139	2.872	0.792
0.189	3.056e-01	-8.789	129	2.883	0.783
0.189	4.017e-01	-8.921	120	2.893	0.773
0.189	5.280e-01	-9.050	112	2.903	0.765
0.189	6.942e-01	-9.182	105	2.912	0.757
0.189	9.124e-01	-9.314	98	2.921	0.749
0.189	1.200e+00	-9.443	91	2.930	0.741
0.189	1.577e+00	-9.575	85	2.939	0.734
0.189	2.081e+00	-9.716	79	2.947	0.727
0.189	2.724e+00	-9.857	73	2.954	0.721
0.262	1.030e-04	-4.897	794	2.288	1.830
0.262	1.362e-04	-5.019	758	2.328	1.745
0.262	1.791e-04	-5.132	726	2.367	1.670
0.262	2.354e-04	-5.249	693	2.403	1.602
0.262	3.095e-04	-5.368	660	2.438	1.539
0.262	4.068e-04	-5.488	628	2.471	1.481
0.262	5.306e-04	-5.608	597	2.501	1.430
0.262	6.964e-04	-5.729	566	2.531	1.382
0.262	9.153e-04	-5.847	538	2.560	1.337
0.262	1.194e-03	-5.956	513	2.586	1.297
0.262	1.576e-03	-6.069	488	2.614	1.256
0.262	2.063e-03	-6.181	465	2.640	1.219
0.262	2.728e-03	-6.294	442	2.667	1.183
0.262	3.587e-03	-6.419	417	2.692	1.149
0.262	4.744e-03	-6.534	396	2.717	1.116
0.262	6.235e-03	-6.643	377	2.741	1.086
0.262	8.230e-03	-6.767	356	2.765	1.056
0.262	1.084e-02	-6.895	335	2.787	1.029
0.262	1.425e-02	-7.027	315	2.809	1.004
0.262	1.881e-02	-7.169	293	2.829	0.981
0.262	2.462e-02	-7.305	274	2.847	0.961
0.262	3.256e-02	-7.447	255	2.864	0.942
0.262	4.247e-02	-7.579	238	2.880	0.925
0.262	5.606e-02	-7.720	222	2.895	0.909
0.262	7.326e-02	-7.858	207	2.909	0.894
0.262	9.556e-02	-7.996	192	2.922	0.881
0.262	1.261e-01	-8.142	178	2.935	0.868
0.262	1.651e-01	-8.283	165	2.946	0.857
0.262	2.180e-01	-8.426	153	2.957	0.847
0.262	2.871e-01	-8.563	142	2.967	0.837
0.262	3.774e-01	-8.696	133	2.976	0.828
0.262	4.981e-01	-8.831	123	2.985	0.819
0.262	6.562e-01	-8.962	115	2.994	0.811
0.262	8.624e-01	-9.093	107	3.002	0.804
0.262	1.125e+00	-9.223	100	3.010	0.797
0.262	1.485e+00	-9.355	93	3.018	0.789
0.262	1.944e+00	-9.486	87	3.025	0.783
0.262	2.566e+00	-9.625	80	3.032	0.776
0.262	3.359e+00	-9.757	75	3.039	0.770
0.524	1.041e-04	-4.359	1091	2.602	1.801
0.524	1.375e-04	-4.486	1036	2.639	1.726
0.524	1.800e-04	-4.602	988	2.673	1.659
0.524	2.375e-04	-4.732	935	2.707	1.597
0.524	3.110e-04	-4.852	888	2.737	1.542
0.524	4.113e-04	-4.991	834	2.766	1.491
0.524	5.439e-04	-5.118	787	2.794	1.445
0.524	7.151e-04	-5.247	742	2.819	1.403
0.524	9.398e-04	-5.378	697	2.843	1.364
0.524	1.241e-03	-5.509	655	2.867	1.328
0.524	1.624e-03	-5.638	616	2.888	1.296
0.524	2.144e-03	-5.771	577	2.908	1.266
0.524	2.806e-03	-5.897	543	2.928	1.238
0.524	3.704e-03	-6.022	511	2.946	1.212
0.524	4.880e-03	-6.137	483	2.965	1.187
0.524	6.413e-03	-6.247	458	2.983	1.162
0.524	8.481e-03	-6.377	430	3.001	1.138
0.524	1.120e-02	-6.492	406	3.018	1.116
0.524	1.475e-02	-6.604	384	3.035	1.094
0.524	1.938e-02	-6.726	362	3.052	1.073
0.524	2.558e-02	-6.857	339	3.068	1.053
0.524	3.349e-02	-6.990	317	3.083	1.035
0.524	4.421e-02	-7.134	294	3.098	1.018
0.524	5.788e-02	-7.274	273	3.111	1.003
0.524	7.596e-02	-7.414	254	3.123	0.989
0.524	9.984e-02	-7.553	236	3.135	0.976
0.524	1.302e-01	-7.691	219	3.145	0.964
0.524	1.719e-01	-7.837	203	3.156	0.952
0.524	2.250e-01	-7.980	188	3.165	0.942
0.524	2.953e-01	-8.127	173	3.174	0.933
0.524	3.882e-01	-8.269	160	3.182	0.924
0.524	5.063e-01	-8.405	149	3.189	0.916
0.524	6.683e-01	-8.543	138	3.197	0.909
0.524	8.749e-01	-8.677	128	3.203	0.902
0.524	1.155e+00	-8.812	119	3.210	0.895
0.524	1.512e+00	-8.943	111	3.216	0.888
0.524	1.996e+00	-9.080	103	3.222	0.882
0.524	2.608e+00	-9.209	96	3.228	0.876
0.524	3.429e+00	-9.341	89	3.234	0.871
0.524	4.506e+00	-9.477	83	3.239	0.865
0.786	1.031e-04	-3.967	1339	2.741	1.879
0.786	1.364e-04	-4.108	1265	2.785	1.788
0.786	1.793e-04	-4.242	1197	2.823	1.710
0.786	2.357e-04	-4.382	1127	2.858	1.643
0.786	3.111e-04	-4.513	1065	2.891	1.582
0.786	4.098e-04	-4.650	1002	2.921	1.528
0.786	5.386e-04	-4.785	942	2.949	1.480
0.786	7.025e-04	-4.912	888	2.974	1.438
0.786	9.274e-04	-5.059	827	2.998	1.398
0.786	1.222e-03	-5.194	776	3.021	1.363
0.786	1.606e-03	-5.328	727	3.041	1.330
0.786	2.111e-03	-5.463	680	3.061	1.301
0.786	2.774e-03	-5.600	635	3.079	1.274
0.786	3.619e-03	-5.733	594	3.096	1.249
0.786	4.750e-03	-5.865	556	3.112	1.226
0.786	6.242e-03	-5.990	522	3.128	1.204
0.786	8.240e-03	-6.109	492	3.143	1.183
0.786	1.085e-02	-6.226	464	3.158	1.163
0.786	1.427e-02	-6.340	438	3.173	1.143
0.786	1.887e-02	-6.468	410	3.188	1.124
0.786	2.495e-02	-6.585	387	3.202	1.105
0.786	3.293e-02	-6.707	363	3.217	1.087
0.786	4.311e-02	-6.836	340	3.230	1.071
0.786	5.691e-02	-6.974	316	3.243	1.055
0.786	7.450e-02	-7.114	294	3.255	1.041
0.786	9.834e-02	-7.261	272	3.266	1.027
0.786	1.287e-01	-7.398	253	3.276	1.015
0.786	1.699e-01	-7.543	234	3.286	1.003
0.786	2.225e-01	-7.684	217	3.295	0.993
0.786	2.920e-01	-7.829	200	3.304	0.983
0.786	3.837e-01	-7.977	185	3.312	0.974
0.786	5.065e-01	-8.125	171	3.319	0.966
0.786	6.620e-01	-8.265	158	3.326	0.959
0.786	8.703e-01	-8.404	146	3.332	0.952
0.786	1.144e+00	-8.542	136	3.338	0.945
0.786	1.504e+00	-8.677	126	3.344	0.939
0.786	1.977e+00	-8.811	117	3.350	0.933
0.786	2.599e+00	-8.945	109	3.355	0.927
0.786	3.416e+00	-9.079	101	3.360	0.922
0.786	4.491e+00	-9.212	94	3.365	0.916
0.786	5.902e+00	-9.345	87	3.370	0.911
1.048	1.021e-04	-3.747	1477	2.817	1.988
1.048	1.342e-04	-3.840	1437	2.863	1.887
1.048	1.751e-04	-3.950	1383	2.906	1.796
1.048	2.311e-04	-4.079	1315	2.948	1.710
1.048	3.044e-04	-4.230	1233	2.986	1.637
1.048	4.001e-04	-4.376	1156	3.020	1.575
1.048	5.251e-04	-4.519	1083	3.050	1.522
1.048	6.902e-04	-4.660	1014	3.077	1.474
1.048	9.002e-04	-4.793	953	3.102	1.433
1.048	1.172e-03	-4.934	890	3.124	1.396
1.048	1.547e-03	-5.079	829	3.146	1.362
1.048	2.038e-03	-5.218	774	3.166	1.331
1.048	2.679e-03	-5.356	723	3.185	1.303
1.048	3.536e-03	-5.497	673	3.202	1.276
1.048	4.621e-03	-5.635	627	3.218	1.253
1.048	6.027e-03	-5.770	586	3.233	1.233
1.048	7.911e-03	-5.904	546	3.247	1.213
1.048	1.040e-02	-6.027	513	3.260	1.194
1.048	1.372e-02	-6.142	484	3.274	1.175
1.048	1.797e-02	-6.255	457	3.287	1.157
1.048	2.376e-02	-6.384	428	3.301	1.140
1.048	3.136e-02	-6.501	403	3.314	1.123
1.048	4.106e-02	-6.617	379	3.326	1.107
1.048	5.420e-02	-6.747	355	3.339	1.091
1.048	7.095e-02	-6.879	331	3.350	1.076
1.048	9.312e-02	-7.017	308	3.362	1.063
1.048	1.219e-01	-7.157	285	3.372	1.050
1.048	1.596e-01	-7.294	265	3.382	1.038
1.048	2.095e-01	-7.440	245	3.391	1.027
1.048	2.754e-01	-7.585	227	3.399	1.017
1.048	3.620e-01	-7.730	210	3.407	1.008
1.048	4.758e-01	-7.876	193	3.415	0.999
1.048	6.281e-01	-8.026	178	3.422	0.991
1.048	8.222e-01	-8.170	165	3.428	0.984
1.048	1.079e+00	-8.312	152	3.434	0.978
1.048	1.413e+00	-8.449	141	3.439	0.971
1.048	1.850e+00	-8.583	131	3.445	0.966
1.048	2.428e+00	-8.718	122	3.450	0.960
1.048	3.191e+00	-8.851	113	3.455	0.955
1.048	4.163e+00	-8.981	105	3.459	0.949
1.048	5.495e+00	-9.118	97	3.464	0.944
1.048	7.238e+00	-9.250	90	3.468	0.940
1.048	9.323e+00	-9.363	85	3.472	0.936
1.571	1.037e-04	-3.572	1592	2.949	2.094
1.571	1.371e-04	-3.640	1562	2.984	2.009
1.571	1.810e-04	-3.709	1535	3.022	1.923
1.571	2.384e-04	-3.790	1500	3.062	1.837
1.571	3.153e-04	-3.884	1455	3.104	1.751
1.571	4.144e-04	-3.988	1402	3.144	1.671
1.571	5.449e-04	-4.126	1324	3.183	1.598
1.571	7.161e-04	-4.283	1234	3.217	1.537
1.571	9.415e-04	-4.445	1144	3.247	1.485
1.571	1.237e-03	-4.594	1065	3.273	1.441
1.571	1.614e-03	-4.738	994	3.296	1.403
1.571	2.131e-03	-4.887	924	3.318	1.368
1.571	2.807e-03	-5.044	854	3.338	1.337
1.571	3.689e-03	-5.186	795	3.356	1.310
1.571	4.869e-03	-5.327	740	3.373	1.285
1.571	6.363e-03	-5.465	689	3.388	1.263
1.571	8.299e-03	-5.605	641	3.402	1.243
1.571	1.096e-02	-5.749	595	3.415	1.223
1.571	1.434e-02	-5.882	555	3.428	1.206
1.571	1.882e-02	-6.013	518	3.440	1.190
1.571	2.474e-02	-6.128	488	3.451	1.174
1.571	3.253e-02	-6.249	458	3.463	1.158
1.571	4.275e-02	-6.370	430	3.474	1.143
1.571	5.653e-02	-6.487	405	3.485	1.129
1.571	7.433e-02	-6.610	380	3.496	1.114
1.571	9.769e-02	-6.739	355	3.507	1.101
1.571	1.284e-01	-6.874	330	3.517	1.088
1.571	1.688e-01	-7.012	307	3.527	1.076
1.571	2.220e-01	-7.150	285	3.536	1.065
1.571	2.917e-01	-7.300	262	3.545	1.054
1.571	3.835e-01	-7.446	242	3.552	1.045
1.571	5.022e-01	-7.588	224	3.560	1.036
1.571	6.575e-01	-7.731	207	3.567	1.028
1.571	8.629e-01	-7.880	191	3.573	1.020
1.571	1.134e+00	-8.028	176	3.579	1.013
1.571	1.491e+00	-8.175	162	3.584	1.007
1.571	1.953e+00	-8.315	150	3.589	1.001
1.571	2.556e+00	-8.451	139	3.594	0.996
1.571	3.374e+00	-8.590	129	3.599	0.990
1.571	4.417e+00	-8.722	120	3.603	0.985
1.571	5.831e+00	-8.858	111	3.607	0.981
1.571	7.620e+00	-8.990	103	3.611	0.976
1.571	1.000e+01	-9.124	96	3.615	0.972
2.095	1.039e-04	-3.163	1976	3.040	2.177
2.095	1.360e-04	-3.403	1765	3.084	2.069
2.095	1.795e-04	-3.564	1644	3.121	1.983
2.095	2.373e-04	-3.649	1596	3.154	1.908
2.095	3.126e-04	-3.723	1560	3.189	1.833
2.095	4.109e-04	-3.810	1516	3.226	1.757
2.095	5.424e-04	-3.881	1487	3.264	1.681
2.095	7.173e-04	-3.981	1437	3.304	1.605
2.095	9.486e-04	-4.153	1329	3.341	1.538
2.095	1.242e-03	-4.321	1228	3.371	1.486
2.095	1.639e-03	-4.480	1138	3.398	1.440
2.095	2.146e-03	-4.629	1059	3.422	1.402
2.095	2.817e-03	-4.773	987	3.444	1.367
2.095	3.725e-03	-4.939	907	3.463	1.337
2.095	4.896e-03	-5.083	843	3.481	1.310
2.095	6.462e-03	-5.224	785	3.497	1.285
2.095	8.445e-03	-5.361	732	3.512	1.263
2.095	1.102e-02	-5.506	679	3.526	1.244
2.095	1.454e-02	-5.654	628	3.539	1.225
2.095	1.900e-02	-5.794	583	3.551	1.209
2.095	2.478e-02	-5.927	544	3.562	1.194
2.095	3.271e-02	-6.050	510	3.573	1.178
2.095	4.327e-02	-6.182	475	3.583	1.164
2.095	5.699e-02	-6.296	448	3.594	1.150
2.095	7.490e-02	-6.411	422	3.604	1.137
2.095	9.906e-02	-6.538	394	3.614	1.123
2.095	1.308e-01	-6.661	369	3.624	1.110
2.095	1.722e-01	-6.796	344	3.634	1.098
2.095	2.256e-01	-6.931	320	3.643	1.087
2.095	2.953e-01	-7.068	297	3.652	1.076
2.095	3.876e-01	-7.216	274	3.660	1.066
2.095	5.094e-01	-7.361	253	3.667	1.057
2.095	6.697e-01	-7.505	234	3.674	1.049
2.095	8.802e-01	-7.651	216	3.680	1.041
2.095	1.157e+00	-7.800	199	3.687	1.034
2.095	1.521e+00	-7.950	183	3.692	1.027
2.095	2.000e+00	-8.098	168	3.697	1.021
2.095	2.619e+00	-8.241	156	3.702	1.015
2.095	3.422e+00	-8.378	144	3.706	1.010
2.095	4.464e+00	-8.511	134	3.711	1.005
2.095	5.892e+00	-8.650	124	3.715	1.000
2.095	7.700e+00	-8.780	115	3.719	0.996
2.095	1.000e+01	-8.909	107	3.723	0.992
2.619	1.029e-04	-2.949	2162	3.079	2.325
2.619	1.358e-04	-3.071	2084	3.137	2.175
2.619	1.777e-04	-3.231	1958	3.189	2.050
2.619	2.351e-04	-3.419	1804	3.234	1.946
2.619	3.091e-04	-3.580	1674	3.266	1.876
2.619	4.087e-04	-3.631	1659	3.301	1.802
2.619	5.417e-04	-3.713	1618	3.340	1.723
2.619	7.163e-04	-3.814	1562	3.379	1.646
2.619	9.473e-04	-3.948	1479	3.418	1.574
2.619	1.253e-03	-4.121	1365	3.452	1.514
2.619	1.647e-03	-4.286	1262	3.480	1.466
2.619	2.165e-03	-4.438	1173	3.505	1.424
2.619	2.846e-03	-4.587	1090	3.528	1.388
2.619	3.741e-03	-4.734	1014	3.548	1.355
2.619	4.938e-03	-4.889	937	3.567	1.327
2.619	6.465e-03	-5.030	872	3.583	1.301
2.619	8.485e-03	-5.168	813	3.599	1.278
2.619	1.115e-02	-5.314	754	3.614	1.257
2.619	1.472e-02	-5.464	697	3.627	1.237
2.619	1.924e-02	-5.608	646	3.639	1.220
2.619	2.509e-02	-5.748	600	3.650	1.205
2.619	3.312e-02	-5.888	557	3.661	1.190
2.619	4.336e-02	-6.017	520	3.671	1.176
2.619	5.723e-02	-6.152	484	3.681	1.163
2.619	7.539e-02	-6.256	458	3.691	1.150
2.619	9.908e-02	-6.380	429	3.701	1.137
2.619	1.308e-01	-6.497	403	3.710	1.124
2.619	1.723e-01	-6.618	378	3.720	1.112
2.619	2.264e-01	-6.750	352	3.729	1.101
2.619	2.989e-01	-6.890	327	3.738	1.090
2.619	3.913e-01	-7.028	303	3.746	1.079
2.619	5.135e-01	-7.175	280	3.753	1.070
2.619	6.749e-01	-7.318	259	3.761	1.061
2.619	8.874e-01	-7.464	239	3.767	1.053
2.619	1.166e+00	-7.610	220	3.773	1.046
2.619	1.533e+00	-7.758	203	3.779	1.039
2.619	2.015e+00	-7.909	187	3.785	1.032
2.619	2.650e+00	-8.058	172	3.789	1.027
2.619	3.483e+00	-8.205	158	3.794	1.021
2.619	4.542e+00	-8.341	147	3.798	1.016
2.619	5.962e+00	-8.478	136	3.802	1.011
2.619	7.807e+00	-8.613	126	3.806	1.007
2.619	1.000e+01	-8.734	118	3.810	1.003
3.143	1.035e-04	-2.813	2265	3.103	2.478
3.143	1.361e-04	-2.916	2210	3.164	2.311
3.143	1.796e-04	-3.032	2139	3.222	2.161
3.143	2.366e-04	-3.181	2024	3.276	2.031
3.143	3.110e-04	-3.424	1807	3.322	1.927
3.143	4.105e-04	-3.490	1776	3.358	1.848
3.143	5.428e-04	-3.565	1741	3.398	1.764
3.143	7.179e-04	-3.687	1661	3.438	1.685
3.143	9.398e-04	-3.803	1587	3.475	1.615
3.143	1.241e-03	-3.967	1473	3.510	1.551
3.143	1.634e-03	-4.126	1368	3.540	1.499
3.143	2.148e-03	-4.284	1267	3.566	1.455
3.143	2.835e-03	-4.436	1177	3.589	1.417
3.143	3.711e-03	-4.578	1098	3.610	1.383
3.143	4.871e-03	-4.727	1018	3.629	1.353
3.143	6.332e-03	-4.862	951	3.645	1.327
3.143	8.292e-03	-5.002	886	3.662	1.303
3.143	1.086e-02	-5.140	825	3.676	1.281
3.143	1.425e-02	-5.287	764	3.690	1.260
3.143	1.873e-02	-5.436	707	3.703	1.242
3.143	2.462e-02	-5.582	654	3.715	1.225
3.143	3.224e-02	-5.726	606	3.726	1.210
3.143	4.220e-02	-5.865	563	3.736	1.196
3.143	5.571e-02	-6.006	522	3.746	1.182
3.143	7.293e-02	-6.123	490	3.755	1.170
3.143	9.645e-02	-6.231	464	3.765	1.157
3.143	1.268e-01	-6.363	432	3.774	1.145
3.143	1.667e-01	-6.467	409	3.783	1.133
3.143	2.200e-01	-6.593	382	3.792	1.121
3.143	2.898e-01	-6.726	356	3.801	1.109
3.143	3.809e-01	-6.863	330	3.810	1.099
3.143	5.008e-01	-7.004	306	3.818	1.089
3.143	6.558e-01	-7.149	283	3.825	1.080
3.143	8.585e-01	-7.289	262	3.832	1.071
3.143	1.127e+00	-7.434	242	3.838	1.063
3.143	1.481e+00	-7.581	223	3.844	1.056
3.143	1.932e+00	-7.726	206	3.850	1.049
3.143	2.511e+00	-7.871	190	3.855	1.043
3.143	3.296e+00	-8.020	175	3.860	1.037
3.143	4.332e+00	-8.168	161	3.864	1.032
3.143	5.650e+00	-8.305	149	3.868	1.027
3.143	7.458e+00	-8.447	138	3.872	1.022
3.143	9.763e+00	-8.581	128	3.876	1.018
3.666	1.015e-04	-2.678	2369	3.113	2.645
3.666	1.329e-04	-2.779	2318	3.176	2.460
3.666	1.754e-04	-2.885	2260	3.238	2.291
3.666	2.310e-04	-3.000	2188	3.297	2.141
3.666	3.036e-04	-3.136	2087	3.351	2.011
3.666	4.016e-04	-3.330	1920	3.400	1.901
3.666	5.301e-04	-3.407	1883	3.443	1.811
3.666	6.982e-04	-3.519	1809	3.486	1.723
3.666	9.234e-04	-3.675	1692	3.525	1.646
3.666	1.214e-03	-3.816	1592	3.560	1.582
3.666	1.602e-03	-3.972	1482	3.592	1.524
3.666	2.097e-03	-4.122	1381	3.620	1.477
3.666	2.753e-03	-4.276	1282	3.645	1.435
3.666	3.618e-03	-4.425	1192	3.667	1.399
3.666	4.775e-03	-4.569	1110	3.687	1.366
3.666	6.251e-03	-4.712	1033	3.706	1.338
3.666	8.252e-03	-4.853	962	3.723	1.311
3.666	1.080e-02	-4.992	896	3.739	1.288
3.666	1.418e-02	-5.138	831	3.753	1.266
3.666	1.863e-02	-5.286	769	3.767	1.247
3.666	2.430e-02	-5.432	712	3.779	1.230
3.666	3.208e-02	-5.581	658	3.790	1.214
3.666	4.193e-02	-5.723	610	3.800	1.199
3.666	5.512e-02	-5.866	565	3.810	1.186
3.666	7.218e-02	-6.004	524	3.819	1.174
3.666	9.433e-02	-6.111	495	3.828	1.162
3.666	1.240e-01	-6.225	467	3.837	1.150
3.666	1.630e-01	-6.350	436	3.846	1.138
3.666	2.152e-01	-6.462	411	3.855	1.126
3.666	2.834e-01	-6.590	384	3.864	1.115
3.666	3.725e-01	-6.717	359	3.872	1.104
3.666	4.917e-01	-6.860	332	3.881	1.094
3.666	6.437e-01	-6.998	308	3.888	1.084
3.666	8.497e-01	-7.143	284	3.895	1.075
3.666	1.110e+00	-7.283	263	3.902	1.067
3.666	1.460e+00	-7.430	243	3.908	1.059
3.666	1.919e+00	-7.577	224	3.914	1.052
3.666	2.503e+00	-7.723	206	3.920	1.046
3.666	3.304e+00	-7.876	190	3.925	1.040
3.666	4.325e+00	-8.026	174	3.929	1.034
3.666	5.709e+00	-8.175	161	3.934	1.029
3.666	7.473e+00	-8.316	148	3.938	1.024
3.666	9.808e+00	-8.453	137	3.941	1.020
4.190	1.040e-04	-2.580	2444	3.127	2.784
4.190	1.367e-04	-2.679	2399	3.193	2.579
4.190	1.797e-04	-2.783	2344	3.258	2.395
4.190	2.372e-04	-2.890	2284	3.320	2.230
4.190	3.105e-04	-3.006	2209	3.377	2.088
4.190	4.075e-04	-3.138	2110	3.431	1.963
4.190	5.355e-04	-3.269	2014	3.479	1.855
4.190	6.985e-04	-3.386	1932	3.524	1.762
4.190	9.081e-04	-3.543	1805	3.564	1.683
4.190	1.192e-03	-3.687	1697	3.600	1.615
4.190	1.566e-03	-3.827	1595	3.633	1.555
4.190	2.068e-03	-3.975	1491	3.664	1.501
4.190	2.707e-03	-4.127	1387	3.690	1.455
4.190	3.553e-03	-4.284	1285	3.714	1.416
4.190	4.652e-03	-4.428	1197	3.736	1.381
4.190	6.090e-03	-4.567	1118	3.755	1.351
4.190	8.039e-03	-4.710	1040	3.774	1.322
4.190	1.052e-02	-4.850	969	3.790	1.297
4.190	1.389e-02	-4.996	899	3.806	1.274
4.190	1.815e-02	-5.141	834	3.820	1.254
4.190	2.387e-02	-5.289	771	3.833	1.235
4.190	3.137e-02	-5.438	713	3.845	1.218
4.190	4.124e-02	-5.585	659	3.856	1.203
4.190	5.421e-02	-5.732	609	3.866	1.189
4.190	7.127e-02	-5.876	564	3.876	1.176
4.190	9.367e-02	-6.009	525	3.885	1.164
4.190	1.222e-01	-6.119	495	3.893	1.152
4.190	1.604e-01	-6.238	465	3.902	1.141
4.190	2.108e-01	-6.353	437	3.911	1.129
4.190	2.787e-01	-6.474	410	3.919	1.118
4.190	3.665e-01	-6.599	383	3.928	1.107
4.190	4.816e-01	-6.728	358	3.936	1.097
4.190	6.358e-01	-6.871	331	3.944	1.087
4.190	8.323e-01	-7.009	307	3.951	1.078
4.190	1.092e+00	-7.151	284	3.958	1.069
4.190	1.436e+00	-7.295	262	3.965	1.061
4.190	1.873e+00	-7.437	242	3.971	1.054
4.190	2.458e+00	-7.584	224	3.977	1.047
4.190	3.219e+00	-7.733	206	3.982	1.041
4.190	4.213e+00	-7.884	189	3.987	1.035
4.190	5.562e+00	-8.039	174	3.991	1.030
4.190	7.268e+00	-8.182	160	3.995	1.025
4.190	9.480e+00	-8.321	148	3.999	1.020
4.714	1.023e-04	-2.487	2504	3.128	2.951
4.714	1.351e-04	-2.585	2465	3.198	2.722
4.714	1.768e-04	-2.680	2423	3.263	2.525
4.714	2.334e-04	-2.787	2365	3.329	2.341
4.714	3.056e-04	-2.892	2306	3.389	2.184
4.714	4.011e-04	-3.009	2229	3.447	2.044
4.714	5.252e-04	-3.135	2136	3.500	1.922
4.714	6.875e-04	-3.266	2037	3.549	1.817
4.714	8.952e-04	-3.398	1937	3.592	1.728
4.714	1.164e-03	-3.555	1808	3.631	1.654
4.714	1.536e-03	-3.701	1697	3.666	1.587
4.714	2.011e-03	-3.839	1598	3.698	1.530
4.714	2.654e-03	-3.981	1498	3.728	1.478
4.714	3.497e-03	-4.144	1384	3.755	1.433
4.714	4.596e-03	-4.301	1282	3.778	1.395
4.714	6.066e-03	-4.449	1192	3.800	1.361
4.714	7.941e-03	-4.589	1111	3.819	1.332
4.714	1.048e-02	-4.732	1034	3.837	1.305
4.714	1.370e-02	-4.872	963	3.853	1.281
4.714	1.787e-02	-5.012	896	3.867	1.259
4.714	2.359e-02	-5.163	828	3.881	1.239
4.714	3.088e-02	-5.310	767	3.894	1.221
4.714	4.052e-02	-5.457	709	3.905	1.205
4.714	5.307e-02	-5.603	656	3.916	1.191
4.714	6.947e-02	-5.749	606	3.926	1.177
4.714	9.170e-02	-5.898	560	3.935	1.165
4.714	1.200e-01	-6.020	524	3.944	1.153
4.714	1.576e-01	-6.138	492	3.952	1.142
4.714	2.071e-01	-6.255	462	3.961	1.131
4.714	2.723e-01	-6.371	435	3.969	1.120
4.714	3.578e-01	-6.493	407	3.978	1.109
4.714	4.667e-01	-6.611	382	3.986	1.099
4.714	6.173e-01	-6.750	354	3.994	1.088
4.714	8.148e-01	-6.890	328	4.002	1.079
4.714	1.067e+00	-7.028	305	4.009	1.070
4.714	1.389e+00	-7.166	282	4.015	1.062
4.714	1.805e+00	-7.306	261	4.021	1.055
4.714	2.370e+00	-7.453	241	4.027	1.047
4.714	3.114e+00	-7.601	222	4.033	1.041
4.714	4.062e+00	-7.747	205	4.038	1.035
4.714	5.362e+00	-7.905	188	4.043	1.029
4.714	7.020e+00	-8.053	173	4.047	1.024
4.714	9.266e+00	-8.201	159	4.051	1.019
5.238	1.029e-04	-2.417	2546	3.132	3.094
5.238	1.350e-04	-2.505	2520	3.202	2.854
5.238	1.775e-04	-2.603	2477	3.271	2.638
5.238	2.342e-04	-2.703	2431	3.338	2.442
5.238	3.067e-04	-2.805	2378	3.401	2.271
5.238	4.025e-04	-2.914	2313	3.462	2.117
5.238	5.290e-04	-3.034	2231	3.519	1.982
5.238	6.955e-04	-3.168	2128	3.572	1.865
5.238	9.141e-04	-3.299	2029	3.620	1.765
5.238	1.202e-03	-3.452	1905	3.663	1.678
5.238	1.579e-03	-3.607	1780	3.701	1.608
5.238	2.085e-03	-3.752	1671	3.735	1.546
5.238	2.746e-03	-3.890	1571	3.766	1.491
5.238	3.610e-03	-4.041	1464	3.794	1.443
5.238	4.765e-03	-4.207	1350	3.820	1.402
5.238	6.237e-03	-4.356	1254	3.841	1.367
5.238	8.233e-03	-4.502	1167	3.862	1.336
5.238	1.078e-02	-4.642	1088	3.880	1.308
5.238	1.415e-02	-4.783	1013	3.897	1.283
5.238	1.859e-02	-4.927	941	3.913	1.260
5.238	2.444e-02	-5.074	872	3.927	1.239
5.238	3.213e-02	-5.223	806	3.940	1.221
5.238	4.224e-02	-5.372	745	3.952	1.204
5.238	5.552e-02	-5.520	688	3.963	1.188
5.238	7.328e-02	-5.674	634	3.974	1.174
5.238	9.593e-02	-5.821	585	3.983	1.162
5.238	1.266e-01	-5.959	543	3.992	1.150
5.238	1.668e-01	-6.081	509	4.000	1.139
5.238	2.192e-01	-6.196	479	4.009	1.128
5.238	2.882e-01	-6.312	450	4.017	1.117
5.238	3.775e-01	-6.430	423	4.025	1.106
5.238	4.941e-01	-6.550	396	4.034	1.096
5.238	6.485e-01	-6.678	370	4.042	1.086
5.238	8.524e-01	-6.817	343	4.049	1.077
5.238	1.127e+00	-6.960	317	4.057	1.067
5.238	1.482e+00	-7.104	293	4.063	1.059
5.238	1.948e+00	-7.248	271	4.070	1.051
5.238	2.561e+00	-7.395	250	4.076	1.044
5.238	3.366e+00	-7.541	230	4.081	1.037
5.238	4.390e+00	-7.688	212	4.086	1.031
5.238	5.762e+00	-7.842	195	4.091	1.026
5.238	7.574e+00	-7.993	179	4.096	1.021
5.238	9.879e+00	-8.136	165	4.099	1.016
6.285	1.014e-04	-2.288	2622	3.133	3.387
6.285	1.331e-04	-2.376	2597	3.204	3.120
6.285	1.742e-04	-2.463	2572	3.274	2.877
6.285	2.277e-04	-2.555	2536	3.343	2.660
6.285	2.970e-04	-2.652	2490	3.408	2.467
6.285	3.920e-04	-2.753	2441	3.474	2.286
6.285	5.132e-04	-2.853	2389	3.536	2.128
6.285	6.774e-04	-2.973	2308	3.597	1.985
6.285	8.868e-04	-3.103	2210	3.651	1.865
6.285	1.164e-03	-3.235	2106	3.700	1.763
6.285	1.530e-03	-3.377	1993	3.745	1.674
6.285	2.019e-03	-3.540	1856	3.785	1.598
6.285	2.643e-03	-3.691	1735	3.819	1.537
6.285	3.489e-03	-3.829	1632	3.851	1.481
6.285	4.596e-03	-3.972	1530	3.881	1.431
6.285	6.041e-03	-4.136	1412	3.907	1.389
6.285	7.943e-03	-4.294	1307	3.930	1.354
6.285	1.040e-02	-4.438	1217	3.950	1.322
6.285	1.362e-02	-4.580	1133	3.968	1.295
6.285	1.797e-02	-4.725	1053	3.986	1.269
6.285	2.349e-02	-4.865	980	4.001	1.246
6.285	3.088e-02	-5.013	908	4.016	1.225
6.285	4.059e-02	-5.163	839	4.029	1.207
6.285	5.336e-02	-5.314	775	4.042	1.190
6.285	7.013e-02	-5.461	716	4.053	1.174
6.285	9.148e-02	-5.611	661	4.063	1.161
6.285	1.201e-01	-5.763	609	4.072	1.149
6.285	1.578e-01	-5.899	566	4.081	1.137
6.285	2.058e-01	-6.021	530	4.089	1.126
6.285	2.717e-01	-6.141	497	4.098	1.115
6.285	3.557e-01	-6.254	468	4.106	1.105
6.285	4.695e-01	-6.376	438	4.114	1.094
6.285	6.135e-01	-6.499	410	4.122	1.084
6.285	8.067e-01	-6.626	383	4.130	1.075
6.285	1.060e+00	-6.762	356	4.137	1.065
6.285	1.399e+00	-6.905	329	4.145	1.056
6.285	1.832e+00	-7.050	304	4.151	1.048
6.285	2.418e+00	-7.195	281	4.158	1.041
6.285	3.166e+00	-7.338	259	4.163	1.034
6.285	4.179e+00	-7.483	239	4.169	1.027
6.285	5.470e+00	-7.632	220	4.174	1.021
6.285	7.180e+00	-7.786	202	4.179	1.016
6.285	9.436e+00	-7.938	186	4.183	1.011
7.333	1.036e-04	-2.188	2686	3.142	3.618
7.333	1.357e-04	-2.276	2661	3.214	3.331
7.333	1.777e-04	-2.364	2635	3.285	3.071
7.333	2.332e-04	-2.453	2608	3.356	2.831
7.333	3.053e-04	-2.545	2573	3.425	2.614
7.333	3.997e-04	-2.645	2524	3.491	2.422
7.333	5.246e-04	-2.742	2477	3.556	2.249
7.333	6.895e-04	-2.843	2424	3.619	2.091
7.333	9.066e-04	-2.956	2350	3.679	1.952
7.333	1.191e-03	-3.090	2247	3.734	1.831
7.333	1.567e-03	-3.224	2141	3.784	1.729
7.333	2.051e-03	-3.369	2020	3.829	1.642
7.333	2.686e-03	-3.520	1894	3.868	1.570
7.333	3.525e-03	-3.683	1760	3.902	1.508
7.333	4.616e-03	-3.816	1659	3.933	1.455
7.333	6.042e-03	-3.954	1558	3.962	1.408
7.333	7.991e-03	-4.123	1435	3.989	1.366
7.333	1.051e-02	-4.282	1327	4.011	1.330
7.333	1.381e-02	-4.430	1233	4.032	1.300
7.333	1.816e-02	-4.575	1147	4.050	1.272
7.333	2.386e-02	-4.719	1066	4.067	1.248
7.333	3.112e-02	-4.859	992	4.083	1.226
7.333	4.085e-02	-5.006	919	4.097	1.206
7.333	5.369e-02	-5.154	850	4.110	1.187
7.333	7.059e-02	-5.308	784	4.122	1.171
7.333	9.277e-02	-5.455	724	4.133	1.156
7.333	1.225e-01	-5.614	665	4.144	1.143
7.333	1.603e-01	-5.763	614	4.153	1.131
7.333	2.116e-01	-5.898	571	4.161	1.119
7.333	2.770e-01	-6.023	533	4.170	1.109
7.333	3.636e-01	-6.139	501	4.178	1.098
7.333	4.779e-01	-6.256	471	4.186	1.088
7.333	6.233e-01	-6.375	442	4.194	1.078
7.333	8.227e-01	-6.506	412	4.202	1.069
7.333	1.084e+00	-6.635	384	4.210	1.059
7.333	1.424e+00	-6.771	357	4.217	1.050
7.333	1.880e+00	-6.922	328	4.224	1.042
7.333	2.477e+00	-7.065	303	4.230	1.034
7.333	3.243e+00	-7.207	280	4.236	1.027
7.333	4.246e+00	-7.346	260	4.242	1.020
7.333	5.604e+00	-7.494	239	4.247	1.014
7.333	7.383e+00	-7.648	220	4.252	1.008
7.333	9.703e+00	-7.802	202	4.257	1.003
8.381	1.030e-04	-2.092	2747	3.143	3.863
8.381	1.344e-04	-2.181	2721	3.215	3.557
8.381	1.764e-04	-2.270	2694	3.288	3.273
8.381	2.310e-04	-2.358	2667	3.358	3.017
8.381	3.024e-04	-2.446	2639	3.428	2.784
8.381	3.992e-04	-2.542	2603	3.499	2.566
8.381	5.217e-04	-2.640	2554	3.565	2.378
8.381	6.859e-04	-2.739	2505	3.630	2.207
8.381	8.982e-04	-2.838	2453	3.692	2.055
8.381	1.174e-03	-2.945	2386	3.751	1.920
8.381	1.549e-03	-3.083	2277	3.808	1.798
8.381	2.041e-03	-3.216	2170	3.858	1.697
8.381	2.673e-03	-3.367	2042	3.903	1.611
8.381	3.499e-03	-3.511	1923	3.942	1.540
8.381	4.627e-03	-3.686	1775	3.978	1.478
8.381	6.108e-03	-3.819	1674	4.010	1.425
8.381	8.045e-03	-3.968	1562	4.039	1.378
8.381	1.057e-02	-4.135	1439	4.064	1.339
8.381	1.396e-02	-4.293	1331	4.086	1.305
8.381	1.827e-02	-4.439	1238	4.106	1.275
8.381	2.412e-02	-4.587	1149	4.125	1.248
8.381	3.152e-02	-4.728	1070	4.141	1.225
8.381	4.111e-02	-4.870	994	4.156	1.204
8.381	5.427e-02	-5.019	920	4.170	1.184
8.381	7.104e-02	-5.171	850	4.183	1.167
8.381	9.395e-02	-5.319	785	4.195	1.151
8.381	1.240e-01	-5.477	722	4.206	1.137
8.381	1.623e-01	-5.633	663	4.216	1.124
8.381	2.143e-01	-5.779	613	4.225	1.112
8.381	2.805e-01	-5.912	571	4.233	1.102
8.381	3.703e-01	-6.038	533	4.242	1.091
8.381	4.878e-01	-6.154	501	4.250	1.081
8.381	6.411e-01	-6.275	470	4.258	1.071
8.381	8.429e-01	-6.404	438	4.266	1.061
8.381	1.108e+00	-6.529	409	4.273	1.052
8.381	1.465e+00	-6.665	380	4.281	1.043
8.381	1.934e+00	-6.806	352	4.288	1.034
8.381	2.548e+00	-6.956	324	4.295	1.026
8.381	3.348e+00	-7.097	300	4.301	1.019
8.381	4.402e+00	-7.240	277	4.307	1.012
8.381	5.786e+00	-7.381	256	4.312	1.006
8.381	7.637e+00	-7.534	235	4.317	1.000
8.381	1.000e+01	-7.686	216	4.322	0.995
9.428	1.010e-04	-2.001	2804	3.139	4.118
9.428	1.327e-04	-2.094	2776	3.214	3.776
9.428	1.731e-04	-2.182	2749	3.286	3.478
9.428	2.285e-04	-2.274	2721	3.360	3.195
9.428	2.992e-04	-2.362	2693	3.430	2.946
9.428	3.896e-04	-2.449	2664	3.498	2.723
9.428	5.064e-04	-2.538	2631	3.565	2.522
9.428	6.685e-04	-2.641	2579	3.633	2.331
9.428	8.751e-04	-2.739	2528	3.697	2.166
9.428	1.155e-03	-2.840	2475	3.761	2.013
9.428	1.510e-03	-2.950	2403	3.820	1.881
9.428	1.962e-03	-3.077	2304	3.874	1.768
9.428	2.560e-03	-3.205	2201	3.923	1.671
9.428	3.360e-03	-3.359	2068	3.968	1.585
9.428	4.416e-03	-3.502	1950	4.009	1.513
9.428	5.759e-03	-3.670	1805	4.043	1.455
9.428	7.603e-03	-3.807	1699	4.075	1.403
9.428	9.952e-03	-3.958	1583	4.103	1.357
9.428	1.306e-02	-4.123	1461	4.128	1.319
9.428	1.711e-02	-4.276	1354	4.150	1.286
9.428	2.253e-02	-4.427	1256	4.170	1.257
9.428	2.961e-02	-4.573	1167	4.188	1.231
9.428	3.863e-02	-4.713	1087	4.204	1.208
9.428	5.070e-02	-4.858	1008	4.220	1.187
9.428	6.663e-02	-5.004	935	4.234	1.168
9.428	8.691e-02	-5.160	861	4.246	1.151
9.428	1.147e-01	-5.301	799	4.258	1.135
9.428	1.517e-01	-5.465	732	4.269	1.121
9.428	1.986e-01	-5.620	673	4.279	1.109
9.428	2.622e-01	-5.765	623	4.288	1.097
9.428	3.454e-01	-5.903	578	4.297	1.086
9.428	4.539e-01	-6.029	540	4.305	1.076
9.428	5.968e-01	-6.146	507	4.313	1.066
9.428	7.843e-01	-6.270	474	4.321	1.057
9.428	1.031e+00	-6.397	443	4.328	1.047
9.428	1.355e+00	-6.521	414	4.336	1.038
9.428	1.789e+00	-6.659	384	4.343	1.029
9.428	2.342e+00	-6.797	356	4.350	1.021
9.428	3.091e+00	-6.943	329	4.357	1.014
9.428	4.047e+00	-7.083	304	4.363	1.007
9.428	5.342e+00	-7.228	281	4.368	1.000
9.428	6.993e+00	-7.370	260	4.374	0.994
9.428	9.249e+00	-7.524	238	4.379	0.988
10.476	1.032e-04	-1.933	2852	3.146	4.306
10.476	1.357e-04	-2.027	2823	3.223	3.942
10.476	1.783e-04	-2.119	2795	3.297	3.619
10.476	2.326e-04	-2.207	2768	3.368	3.335
10.476	3.053e-04	-2.297	2738	3.440	3.071
10.476	3.968e-04	-2.383	2710	3.508	2.839
10.476	5.197e-04	-2.471	2682	3.577	2.621
10.476	6.845e-04	-2.569	2639	3.647	2.420
10.476	8.997e-04	-2.670	2586	3.713	2.242
10.476	1.183e-03	-2.770	2534	3.777	2.082
10.476	1.549e-03	-2.871	2476	3.839	1.940
10.476	2.028e-03	-2.984	2398	3.897	1.815
10.476	2.661e-03	-3.118	2291	3.951	1.705
10.476	3.498e-03	-3.247	2188	4.000	1.611
10.476	4.617e-03	-3.407	2047	4.044	1.531
10.476	6.082e-03	-3.568	1908	4.083	1.464
10.476	7.994e-03	-3.720	1783	4.117	1.409
10.476	1.051e-02	-3.861	1673	4.147	1.360
10.476	1.381e-02	-4.031	1540	4.174	1.319
10.476	1.823e-02	-4.191	1424	4.198	1.283
10.476	2.387e-02	-4.340	1323	4.218	1.253
10.476	3.151e-02	-4.490	1227	4.237	1.226
10.476	4.125e-02	-4.633	1141	4.254	1.202
10.476	5.445e-02	-4.781	1058	4.271	1.180
10.476	7.127e-02	-4.924	982	4.285	1.160
10.476	9.408e-02	-5.078	906	4.299	1.142
10.476	1.239e-01	-5.229	836	4.311	1.126
10.476	1.639e-01	-5.388	768	4.323	1.111
10.476	2.154e-01	-5.546	706	4.333	1.099
10.476	2.832e-01	-5.694	651	4.342	1.087
10.476	3.722e-01	-5.836	603	4.351	1.076
10.476	4.894e-01	-5.971	561	4.359	1.066
10.476	6.432e-01	-6.090	526	4.367	1.056
10.476	8.457e-01	-6.214	492	4.375	1.047
10.476	1.107e+00	-6.340	460	4.382	1.038
10.476	1.450e+00	-6.458	431	4.390	1.029
10.476	1.917e+00	-6.600	399	4.397	1.020
10.476	2.531e+00	-6.737	370	4.404	1.012
10.476	3.307e+00	-6.877	343	4.410	1.004
10.476	4.348e+00	-7.018	317	4.417	0.997
10.476	5.715e+00	-7.161	293	4.422	0.991
10.476	7.514e+00	-7.305	271	4.428	0.985
10.476	9.876e+00	-7.455	249	4.433	0.979
11.523	1.048e-04	-1.866	2898	3.149	4.502
11.523	1.377e-04	-1.962	2868	3.227	4.116
11.523	1.796e-04	-2.053	2840	3.301	3.781
11.523	2.371e-04	-2.146	2811	3.376	3.468
11.523	3.104e-04	-2.236	2781	3.447	3.193
11.523	4.074e-04	-2.326	2752	3.518	2.942
11.523	5.354e-04	-2.415	2723	3.589	2.711
11.523	6.983e-04	-2.503	2693	3.657	2.507
11.523	9.218e-04	-2.606	2641	3.727	2.315
11.523	1.207e-03	-2.705	2589	3.791	2.149
11.523	1.584e-03	-2.804	2535	3.854	1.999
11.523	2.082e-03	-2.911	2469	3.915	1.864
11.523	2.748e-03	-3.031	2383	3.973	1.742
11.523	3.597e-03	-3.164	2274	4.025	1.642
11.523	4.748e-03	-3.313	2145	4.073	1.553
11.523	6.279e-03	-3.462	2018	4.115	1.480
11.523	8.220e-03	-3.618	1882	4.151	1.421
11.523	1.079e-02	-3.761	1765	4.182	1.370
11.523	1.413e-02	-3.910	1647	4.210	1.326
11.523	1.846e-02	-4.068	1525	4.234	1.290
11.523	2.437e-02	-4.221	1414	4.257	1.257
11.523	3.190e-02	-4.366	1315	4.276	1.230
11.523	4.188e-02	-4.511	1223	4.294	1.204
11.523	5.504e-02	-4.654	1137	4.311	1.182
11.523	7.179e-02	-4.794	1058	4.326	1.161
11.523	9.476e-02	-4.942	980	4.340	1.142
11.523	1.240e-01	-5.096	903	4.354	1.125
11.523	1.641e-01	-5.247	834	4.366	1.109
11.523	2.170e-01	-5.412	764	4.377	1.094
11.523	2.830e-01	-5.565	703	4.387	1.082
11.523	3.735e-01	-5.718	647	4.397	1.070
11.523	4.890e-01	-5.864	598	4.405	1.060
11.523	6.418e-01	-5.996	557	4.413	1.050
11.523	8.435e-01	-6.120	521	4.422	1.040
11.523	1.109e+00	-6.255	484	4.429	1.031
11.523	1.467e+00	-6.377	453	4.437	1.022
11.523	1.928e+00	-6.513	421	4.445	1.013
11.523	2.514e+00	-6.642	393	4.451	1.005
11.523	3.300e+00	-6.782	363	4.458	0.997
11.523	4.337e+00	-6.922	337	4.465	0.990
11.523	5.703e+00	-7.065	311	4.471	0.983
11.523	7.468e+00	-7.208	287	4.476	0.977
11.523	9.776e+00	-7.355	265	4.481	0.971
12.047	1.002e-04	-1.817	2925	3.135	4.677
12.047	1.318e-04	-1.914	2895	3.214	4.269
12.047	1.732e-04	-2.009	2866	3.291	3.908
12.047	2.259e-04	-2.099	2837	3.364	3.594
12.047	2.965e-04	-2.190	2807	3.437	3.305
12.047	3.896e-04	-2.281	2778	3.509	3.042
12.047	5.082e-04	-2.368	2750	3.578	2.809
12.047	6.617e-04	-2.454	2721	3.646	2.597
12.047	8.735e-04	-2.551	2680	3.716	2.395
12.047	1.143e-03	-2.651	2627	3.782	2.220
12.047	1.509e-03	-2.753	2573	3.848	2.059
12.047	1.976e-03	-2.853	2516	3.909	1.919
12.047	2.613e-03	-2.967	2440	3.970	1.789
12.047	3.436e-03	-3.097	2337	4.025	1.679
12.047	4.516e-03	-3.222	2238	4.074	1.586
12.047	5.927e-03	-3.376	2100	4.118	1.509
12.047	7.789e-03	-3.522	1973	4.156	1.444
12.047	1.028e-02	-3.673	1844	4.189	1.389
12.047	1.354e-02	-3.810	1733	4.219	1.343
12.047	1.780e-02	-3.970	1605	4.245	1.303
12.047	2.350e-02	-4.118	1494	4.268	1.270
12.047	3.071e-02	-4.257	1394	4.287	1.241
12.047	4.037e-02	-4.399	1298	4.306	1.215
12.047	5.287e-02	-4.538	1210	4.323	1.192
12.047	6.921e-02	-4.676	1128	4.339	1.170
12.047	9.084e-02	-4.819	1048	4.354	1.150
12.047	1.194e-01	-4.966	971	4.368	1.131
12.047	1.570e-01	-5.123	894	4.381	1.114
12.047	2.063e-01	-5.280	822	4.393	1.098
12.047	2.728e-01	-5.448	752	4.405	1.084
12.047	3.587e-01	-5.608	689	4.415	1.071
12.047	4.715e-01	-5.764	634	4.424	1.060
12.047	6.149e-01	-5.912	585	4.433	1.050
12.047	8.117e-01	-6.044	545	4.442	1.039
12.047	1.069e+00	-6.179	506	4.450	1.029
12.047	1.405e+00	-6.310	472	4.458	1.020
12.047	1.859e+00	-6.438	440	4.466	1.011
12.047	2.453e+00	-6.584	406	4.473	1.002
12.047	3.232e+00	-6.724	377	4.480	0.994
12.047	4.247e+00	-6.864	349	4.487	0.987
12.047	5.584e+00	-7.008	322	4.493	0.980
12.047	7.339e+00	-7.153	297	4.498	0.973
12.047	9.650e+00	-7.302	274	4.504	0.967
12.571	1.036e-04	-1.797	2943	3.144	4.730
12.571	1.367e-04	-1.896	2912	3.225	4.308
12.571	1.790e-04	-1.990	2883	3.301	3.948
12.571	2.331e-04	-2.079	2854	3.373	3.631
12.571	3.077e-04	-2.173	2824	3.448	3.332
12.571	4.021e-04	-2.262	2795	3.519	3.072
12.571	5.244e-04	-2.349	2766	3.588	2.836
12.571	6.922e-04	-2.439	2736	3.660	2.611
12.571	9.046e-04	-2.531	2700	3.728	2.414
12.571	1.189e-03	-2.633	2646	3.795	2.234
12.571	1.563e-03	-2.733	2593	3.860	2.074
12.571	2.039e-03	-2.830	2539	3.921	1.933
12.571	2.691e-03	-2.941	2467	3.981	1.803
12.571	3.523e-03	-3.062	2374	4.036	1.693
12.571	4.651e-03	-3.190	2272	4.087	1.597
12.571	6.126e-03	-3.336	2143	4.132	1.517
12.571	8.052e-03	-3.473	2023	4.170	1.452
12.571	1.050e-02	-3.610	1905	4.201	1.400
12.571	1.389e-02	-3.745	1792	4.230	1.354
12.571	1.826e-02	-3.875	1688	4.255	1.315
12.571	2.400e-02	-4.016	1575	4.277	1.283
12.571	3.131e-02	-4.144	1480	4.296	1.255
12.571	4.132e-02	-4.275	1387	4.314	1.229
12.571	5.410e-02	-4.404	1299	4.331	1.206
12.571	7.141e-02	-4.540	1213	4.347	1.183
12.571	9.348e-02	-4.675	1132	4.363	1.162
12.571	1.227e-01	-4.819	1051	4.378	1.142
12.571	1.612e-01	-4.972	971	4.393	1.123
12.571	2.120e-01	-5.137	890	4.407	1.105
12.571	2.786e-01	-5.309	812	4.420	1.089
12.571	3.678e-01	-5.486	739	4.432	1.074
12.571	4.815e-01	-5.654	675	4.442	1.061
12.571	6.319e-01	-5.823	616	4.452	1.049
12.571	8.275e-01	-5.974	567	4.461	1.038
12.571	1.083e+00	-6.110	527	4.470	1.028
12.571	1.430e+00	-6.260	486	4.478	1.018
12.571	1.891e+00	-6.388	454	4.487	1.008
12.571	2.491e+00	-6.541	417	4.494	0.999
12.571	3.274e+00	-6.678	387	4.502	0.991
12.571	4.322e+00	-6.824	357	4.508	0.983
12.571	5.658e+00	-6.967	330	4.515	0.976
12.571	7.426e+00	-7.112	305	4.520	0.969
12.571	9.760e+00	-7.262	281	4.526	0.963
13.095	1.000e-04	-1.757	2960	3.132	4.894
13.095	1.315e-04	-1.852	2937	3.213	4.457
13.095	1.735e-04	-1.949	2907	3.292	4.069
13.095	2.268e-04	-2.041	2877	3.367	3.734
13.095	2.958e-04	-2.131	2848	3.439	3.438
13.095	3.851e-04	-2.219	2819	3.509	3.170
13.095	5.055e-04	-2.309	2790	3.580	2.920
13.095	6.644e-04	-2.398	2760	3.651	2.691
13.095	8.735e-04	-2.488	2729	3.722	2.482
13.095	1.144e-03	-2.587	2680	3.789	2.296
13.095	1.497e-03	-2.686	2627	3.854	2.131
13.095	1.950e-03	-2.783	2575	3.915	1.986
13.095	2.559e-03	-2.887	2511	3.976	1.853
13.095	3.363e-03	-2.996	2437	4.033	1.735
13.095	4.387e-03	-3.120	2335	4.083	1.637
13.095	5.791e-03	-3.241	2237	4.129	1.552
13.095	7.581e-03	-3.375	2117	4.168	1.485
13.095	1.001e-02	-3.500	2008	4.200	1.430
13.095	1.310e-02	-3.616	1907	4.227	1.386
13.095	1.732e-02	-3.730	1811	4.251	1.349
13.095	2.278e-02	-3.833	1728	4.272	1.316
13.095	3.012e-02	-3.955	1628	4.292	1.288
13.095	3.959e-02	-4.063	1545	4.308	1.263
13.095	5.236e-02	-4.179	1459	4.325	1.239
13.095	6.829e-02	-4.296	1377	4.341	1.216
13.095	9.015e-02	-4.430	1287	4.358	1.193
13.095	1.180e-01	-4.572	1198	4.375	1.170
13.095	1.558e-01	-4.732	1104	4.393	1.146
13.095	2.039e-01	-4.901	1011	4.410	1.124
13.095	2.692e-01	-5.091	915	4.426	1.102
13.095	3.560e-01	-5.294	821	4.442	1.083
13.095	4.689e-01	-5.496	737	4.456	1.066
13.095	6.163e-01	-5.688	664	4.468	1.052
13.095	8.103e-01	-5.875	600	4.478	1.039
13.095	1.065e+00	-6.029	552	4.488	1.027
13.095	1.400e+00	-6.185	508	4.497	1.017
13.095	1.840e+00	-6.320	472	4.505	1.007
13.095	2.434e+00	-6.472	435	4.514	0.997
13.095	3.175e+00	-6.610	403	4.521	0.989
13.095	4.190e+00	-6.759	372	4.528	0.980
13.095	5.486e+00	-6.905	343	4.535	0.973
13.095	7.200e+00	-7.051	316	4.541	0.966
13.095	9.463e+00	-7.200	291	4.546	0.960
13.618	1.023e-04	-1.741	2967	3.137	4.961
13.618	1.334e-04	-1.827	2956	3.217	4.527
13.618	1.761e-04	-1.926	2925	3.296	4.129
13.618	2.305e-04	-2.019	2895	3.372	3.786
13.618	3.002e-04	-2.108	2866	3.444	3.485
13.618	3.940e-04	-2.199	2835	3.516	3.205
13.618	5.178e-04	-2.289	2806	3.588	2.950
13.618	6.754e-04	-2.377	2777	3.658	2.725
13.618	8.864e-04	-2.466	2747	3.728	2.514
13.618	1.165e-03	-2.563	2702	3.797	2.322
13.618	1.520e-03	-2.662	2649	3.861	2.156
13.618	2.006e-03	-2.763	2594	3.926	2.001
13.618	2.626e-03	-2.863	2535	3.986	1.868
13.618	3.466e-03	-2.970	2464	4.043	1.748
13.618	4.537e-03	-3.088	2370	4.093	1.650
13.618	5.989e-03	-3.196	2285	4.137	1.568
13.618	7.827e-03	-3.312	2181	4.173	1.505
13.618	1.029e-02	-3.415	2090	4.202	1.456
13.618	1.352e-02	-3.506	2010	4.225	1.417
13.618	1.785e-02	-3.591	1937	4.246	1.384
13.618	2.337e-02	-3.674	1865	4.263	1.356
13.618	3.085e-02	-3.760	1793	4.281	1.329
13.618	4.080e-02	-3.867	1706	4.301	1.299
13.618	5.396e-02	-3.997	1602	4.321	1.269
13.618	7.108e-02	-4.143	1490	4.343	1.238
13.618	9.400e-02	-4.315	1368	4.366	1.205
13.618	1.235e-01	-4.500	1246	4.389	1.174
13.618	1.631e-01	-4.697	1127	4.412	1.144
13.618	2.135e-01	-4.894	1018	4.432	1.118
13.618	2.818e-01	-5.106	911	4.450	1.094
13.618	3.712e-01	-5.320	813	4.467	1.074
13.618	4.861e-01	-5.518	731	4.480	1.057
13.618	6.363e-01	-5.706	660	4.491	1.044
13.618	8.400e-01	-5.889	598	4.501	1.031
13.618	1.100e+00	-6.032	553	4.510	1.021
13.618	1.451e+00	-6.187	509	4.519	1.010
13.618	1.920e+00	-6.318	474	4.528	1.001
13.618	2.529e+00	-6.466	437	4.536	0.991
13.618	3.323e+00	-6.605	405	4.543	0.983
13.618	4.335e+00	-6.745	376	4.550	0.975
13.618	5.722e+00	-6.895	346	4.556	0.968
13.618	7.477e+00	-7.037	320	4.562	0.962
13.618	9.831e+00	-7.185	294	4.568	0.955
14.142	1.037e-04	-1.724	2974	3.140	5.037
14.142	1.363e-04	-1.807	2973	3.222	4.584
14.142	1.799e-04	-1.906	2941	3.303	4.178
14.142	2.355e-04	-1.999	2911	3.378	3.829
14.142	3.091e-04	-2.092	2881	3.453	3.514
14.142	4.048e-04	-2.182	2851	3.525	3.234
14.142	5.300e-04	-2.271	2822	3.596	2.980
14.142	6.956e-04	-2.360	2792	3.667	2.746
14.142	9.109e-04	-2.449	2762	3.737	2.535
14.142	1.192e-03	-2.542	2723	3.805	2.343
14.142	1.574e-03	-2.645	2667	3.873	2.168
14.142	2.060e-03	-2.744	2613	3.935	2.017
14.142	2.704e-03	-2.841	2557	3.996	1.882
14.142	3.541e-03	-2.941	2492	4.051	1.766
14.142	4.636e-03	-3.047	2412	4.099	1.670
14.142	6.120e-03	-3.145	2332	4.140	1.594
14.142	8.011e-03	-3.227	2266	4.171	1.537
14.142	1.059e-02	-3.314	2187	4.196	1.493
14.142	1.398e-02	-3.383	2125	4.216	1.460
14.142	1.828e-02	-3.448	2069	4.233	1.431
14.142	2.412e-02	-3.526	2000	4.253	1.399
14.142	3.158e-02	-3.626	1913	4.276	1.362
14.142	4.176e-02	-3.761	1800	4.304	1.319
14.142	5.547e-02	-3.954	1641	4.337	1.270
14.142	7.336e-02	-4.167	1478	4.369	1.224
14.142	9.702e-02	-4.392	1320	4.398	1.184
14.142	1.275e-01	-4.605	1185	4.423	1.150
14.142	1.663e-01	-4.803	1071	4.445	1.122
14.142	2.166e-01	-4.996	968	4.463	1.098
14.142	2.815e-01	-5.188	875	4.479	1.079
14.142	3.716e-01	-5.383	788	4.493	1.061
14.142	4.865e-01	-5.564	715	4.505	1.047
14.142	6.422e-01	-5.743	649	4.515	1.035
14.142	8.407e-01	-5.901	596	4.524	1.024
14.142	1.110e+00	-6.040	553	4.533	1.014
14.142	1.453e+00	-6.183	511	4.541	1.005
14.142	1.921e+00	-6.307	478	4.549	0.995
14.142	2.536e+00	-6.449	443	4.556	0.987
14.142	3.341e+00	-6.586	411	4.564	0.978
14.142	4.391e+00	-6.725	381	4.570	0.971
14.142	5.795e+00	-6.874	351	4.577	0.964
14.142	7.587e+00	-7.014	325	4.583	0.957
14.142	1.000e+01	-7.163	299	4.588	0.951
14.666	1.010e-04	-1.697	2979	3.131	5.182
14.666	1.327e-04	-1.772	2990	3.213	4.718
14.666	1.752e-04	-1.869	2963	3.295	4.293
14.666	2.293e-04	-1.964	2933	3.371	3.931
14.666	3.027e-04	-2.059	2901	3.448	3.598
14.666	3.963e-04	-2.150	2871	3.521	3.310
14.666	5.231e-04	-2.242	2842	3.595	3.041
14.666	6.836e-04	-2.330	2812	3.665	2.805
14.666	8.916e-04	-2.417	2782	3.733	2.592
14.666	1.177e-03	-2.509	2748	3.804	2.389
14.666	1.538e-03	-2.609	2696	3.870	2.214
14.666	2.006e-03	-2.705	2643	3.932	2.060
14.666	2.648e-03	-2.803	2588	3.994	1.920
14.666	3.467e-03	-2.898	2528	4.048	1.803
14.666	4.576e-03	-2.990	2465	4.096	1.707
14.666	5.980e-03	-3.076	2396	4.132	1.637
14.666	7.862e-03	-3.141	2344	4.159	1.587
14.666	1.030e-02	-3.192	2304	4.181	1.548
14.666	1.356e-02	-3.248	2256	4.200	1.514
14.666	1.783e-02	-3.320	2189	4.220	1.479
14.666	2.373e-02	-3.417	2103	4.247	1.434
14.666	3.125e-02	-3.553	1984	4.282	1.378
14.666	4.108e-02	-3.747	1817	4.323	1.314
14.666	5.432e-02	-3.998	1611	4.366	1.251
14.666	7.171e-02	-4.248	1424	4.401	1.201
14.666	9.387e-02	-4.473	1272	4.429	1.163
14.666	1.232e-01	-4.676	1147	4.452	1.132
14.666	1.613e-01	-4.863	1041	4.472	1.107
14.666	2.112e-01	-5.042	949	4.489	1.086
14.666	2.788e-01	-5.231	858	4.503	1.068
14.666	3.650e-01	-5.403	782	4.516	1.053
14.666	4.817e-01	-5.576	713	4.527	1.040
14.666	6.307e-01	-5.739	653	4.536	1.029
14.666	8.277e-01	-5.890	601	4.545	1.018
14.666	1.088e+00	-6.022	560	4.553	1.009
14.666	1.430e+00	-6.160	519	4.560	1.000
14.666	1.880e+00	-6.280	487	4.568	0.991
14.666	2.481e+00	-6.414	453	4.576	0.983
14.666	3.269e+00	-6.553	420	4.583	0.975
14.666	4.323e+00	-6.689	389	4.589	0.967
14.666	5.681e+00	-6.835	359	4.596	0.960
14.666	7.470e+00	-6.976	332	4.602	0.954
14.666	9.818e+00	-7.120	307	4.607	0.947
15.190	1.026e-04	-1.682	2985	3.135	5.250
15.190	1.354e-04	-1.757	2997	3.218	4.774
15.190	1.783e-04	-1.849	2979	3.300	4.345
15.190	2.344e-04	-1.946	2948	3.378	3.971
15.190	3.094e-04	-2.042	2916	3.455	3.633
15.190	4.043e-04	-2.132	2887	3.527	3.343
15.190	5.274e-04	-2.220	2858	3.598	3.081
15.190	6.922e-04	-2.310	2828	3.670	2.838
15.190	9.097e-04	-2.399	2797	3.740	2.616
15.190	1.196e-03	-2.489	2766	3.810	2.414
15.190	1.572e-03	-2.589	2715	3.878	2.233
15.190	2.075e-03	-2.690	2660	3.943	2.072
15.190	2.716e-03	-2.782	2608	4.002	1.937
15.190	3.586e-03	-2.872	2554	4.055	1.822
15.190	4.723e-03	-2.950	2501	4.097	1.735
15.190	6.185e-03	-3.014	2454	4.128	1.675
15.190	8.097e-03	-3.066	2411	4.149	1.634
15.190	1.063e-02	-3.109	2377	4.167	1.600
15.190	1.392e-02	-3.158	2339	4.188	1.563
15.190	1.822e-02	-3.232	2278	4.216	1.512
15.190	2.409e-02	-3.375	2148	4.257	1.444
15.190	3.200e-02	-3.583	1964	4.310	1.358
15.190	4.232e-02	-3.850	1737	4.363	1.277
15.190	5.597e-02	-4.124	1520	4.405	1.217
15.190	7.356e-02	-4.357	1353	4.436	1.175
15.190	9.595e-02	-4.553	1225	4.459	1.143
15.190	1.259e-01	-4.734	1116	4.479	1.117
15.190	1.655e-01	-4.906	1022	4.497	1.095
15.190	2.159e-01	-5.071	937	4.512	1.076
15.190	2.850e-01	-5.248	853	4.525	1.060
15.190	3.731e-01	-5.411	782	4.537	1.046
15.190	4.896e-01	-5.573	716	4.547	1.034
15.190	6.435e-01	-5.733	657	4.556	1.023
15.190	8.461e-01	-5.882	606	4.564	1.013
15.190	1.112e+00	-6.012	564	4.572	1.004
15.190	1.462e+00	-6.147	524	4.580	0.995
15.190	1.922e+00	-6.267	492	4.587	0.986
15.190	2.541e+00	-6.399	458	4.595	0.978
15.190	3.355e+00	-6.538	424	4.602	0.970
15.190	4.391e+00	-6.666	396	4.609	0.963
15.190	5.808e+00	-6.815	364	4.615	0.956
15.190	7.575e+00	-6.952	338	4.621	0.949
15.190	9.999e+00	-7.098	312	4.626	0.943
15.713	1.000e-04	-1.656	2989	3.127	5.389
15.713	1.315e-04	-1.730	3001	3.208	4.910
15.713	1.715e-04	-1.809	3001	3.287	4.482
15.713	2.268e-04	-1.909	2969	3.369	4.082
15.713	2.958e-04	-2.002	2939	3.443	3.746
15.713	3.882e-04	-2.094	2908	3.518	3.439
15.713	5.103e-04	-2.185	2879	3.591	3.161
15.713	6.709e-04	-2.276	2848	3.663	2.908
15.713	8.817e-04	-2.366	2818	3.734	2.680
15.713	1.159e-03	-2.455	2787	3.804	2.472
15.713	1.518e-03	-2.549	2745	3.872	2.287
15.713	1.987e-03	-2.647	2692	3.936	2.125
15.713	2.623e-03	-2.741	2639	3.996	1.983
15.713	3.428e-03	-2.820	2595	4.046	1.872
15.713	4.507e-03	-2.891	2549	4.085	1.789
15.713	5.924e-03	-2.942	2515	4.113	1.733
15.713	7.727e-03	-2.980	2488	4.132	1.695
15.713	1.014e-02	-3.021	2455	4.150	1.659
15.713	1.333e-02	-3.077	2410	4.174	1.615
15.713	1.752e-02	-3.163	2343	4.211	1.548
15.713	2.318e-02	-3.342	2185	4.268	1.449
15.713	3.071e-02	-3.605	1951	4.335	1.341
15.713	4.021e-02	-3.878	1719	4.388	1.262
15.713	5.277e-02	-4.128	1522	4.426	1.209
15.713	6.936e-02	-4.343	1367	4.454	1.170
15.713	9.046e-02	-4.526	1246	4.476	1.140
15.713	1.176e-01	-4.691	1145	4.495	1.116
15.713	1.544e-01	-4.855	1052	4.512	1.094
15.713	2.029e-01	-5.016	968	4.527	1.075
15.713	2.646e-01	-5.180	887	4.540	1.059
15.713	3.473e-01	-5.343	813	4.552	1.045
15.713	4.564e-01	-5.503	746	4.563	1.033
15.713	6.001e-01	-5.663	684	4.572	1.021
15.713	7.887e-01	-5.818	629	4.581	1.011
15.713	1.037e+00	-5.952	585	4.589	1.002
15.713	1.363e+00	-6.082	545	4.596	0.993
15.713	1.778e+00	-6.207	509	4.603	0.985
15.713	2.347e+00	-6.329	477	4.611	0.977
15.713	3.091e+00	-6.470	442	4.618	0.969
15.713	4.063e+00	-6.598	412	4.625	0.961
15.713	5.363e+00	-6.740	381	4.631	0.954
15.713	7.064e+00	-6.887	351	4.637	0.947
15.713	9.284e+00	-7.026	325	4.643	0.941
16.237	1.012e-04	-1.642	2995	3.130	5.458
16.237	1.331e-04	-1.715	3007	3.211	4.975
16.237	1.743e-04	-1.790	3016	3.291	4.535
16.237	2.277e-04	-1.887	2986	3.370	4.144
16.237	2.994e-04	-1.982	2954	3.447	3.791
16.237	3.935e-04	-2.076	2923	3.522	3.477
16.237	5.174e-04	-2.167	2894	3.596	3.195
16.237	6.776e-04	-2.256	2864	3.667	2.942
16.237	8.870e-04	-2.345	2833	3.737	2.714
16.237	1.164e-03	-2.434	2803	3.807	2.504
16.237	1.530e-03	-2.525	2766	3.876	2.314
16.237	2.012e-03	-2.624	2712	3.940	2.148
16.237	2.644e-03	-2.714	2662	3.998	2.011
16.237	3.449e-03	-2.786	2622	4.044	1.907
16.237	4.552e-03	-2.844	2588	4.079	1.832
16.237	5.949e-03	-2.884	2561	4.101	1.786
16.237	7.760e-03	-2.916	2540	4.118	1.751
16.237	1.024e-02	-2.956	2512	4.139	1.709
16.237	1.349e-02	-3.023	2461	4.171	1.648
16.237	1.784e-02	-3.147	2363	4.224	1.550
16.237	2.345e-02	-3.386	2153	4.300	1.419
16.237	3.078e-02	-3.663	1907	4.368	1.314
16.237	4.045e-02	-3.919	1691	4.415	1.245
16.237	5.340e-02	-4.148	1511	4.448	1.197
16.237	6.991e-02	-4.346	1369	4.474	1.162
16.237	9.175e-02	-4.524	1251	4.496	1.134
16.237	1.206e-01	-4.689	1150	4.514	1.109
16.237	1.585e-01	-4.849	1059	4.531	1.088
16.237	2.084e-01	-5.006	976	4.546	1.070
16.237	2.718e-01	-5.166	896	4.559	1.054
16.237	3.588e-01	-5.331	821	4.571	1.040
16.237	4.688e-01	-5.487	755	4.581	1.028
16.237	6.164e-01	-5.645	693	4.590	1.017
16.237	8.102e-01	-5.800	637	4.599	1.007
16.237	1.057e+00	-5.933	593	4.607	0.998
16.237	1.387e+00	-6.061	553	4.614	0.989
16.237	1.823e+00	-6.191	515	4.622	0.981
16.237	2.411e+00	-6.314	482	4.629	0.972
16.237	3.170e+00	-6.453	447	4.636	0.964
16.237	4.166e+00	-6.581	417	4.643	0.957
16.237	5.509e+00	-6.723	385	4.650	0.950
16.237	7.272e+00	-6.872	355	4.656	0.943
16.237	9.503e+00	-7.007	329	4.661	0.937
16.761	1.045e-04	-1.633	3002	3.139	5.489
16.761	1.368e-04	-1.705	3014	3.219	5.011
16.761	1.796e-04	-1.779	3025	3.299	4.566
16.761	2.351e-04	-1.874	2999	3.379	4.167
16.761	3.078e-04	-1.969	2967	3.455	3.816
16.761	4.063e-04	-2.064	2936	3.532	3.494
16.761	5.319e-04	-2.154	2907	3.604	3.214
16.761	6.981e-04	-2.244	2877	3.677	2.958
16.761	9.142e-04	-2.333	2846	3.747	2.728
16.761	1.195e-03	-2.420	2816	3.816	2.520
16.761	1.571e-03	-2.510	2782	3.884	2.329
16.761	2.064e-03	-2.606	2730	3.948	2.165
16.761	2.725e-03	-2.692	2682	4.003	2.031
16.761	3.561e-03	-2.756	2647	4.044	1.938
16.761	4.682e-03	-2.800	2622	4.071	1.877
16.761	6.131e-03	-2.831	2604	4.090	1.837
16.761	8.013e-03	-2.863	2583	4.108	1.800
16.761	1.058e-02	-2.910	2551	4.134	1.747
16.761	1.385e-02	-2.994	2491	4.176	1.664
16.761	1.831e-02	-3.169	2353	4.253	1.523
16.761	2.388e-02	-3.443	2109	4.336	1.385
16.761	3.153e-02	-3.704	1878	4.396	1.292
16.761	4.153e-02	-3.942	1677	4.438	1.232
16.761	5.458e-02	-4.153	1512	4.469	1.188
16.761	7.119e-02	-4.341	1376	4.493	1.156
16.761	9.397e-02	-4.518	1259	4.514	1.128
16.761	1.230e-01	-4.677	1160	4.532	1.104
16.761	1.624e-01	-4.836	1069	4.549	1.084
16.761	2.122e-01	-4.987	988	4.563	1.066
16.761	2.768e-01	-5.145	909	4.576	1.050
16.761	3.654e-01	-5.310	832	4.588	1.036
16.761	4.783e-01	-5.465	766	4.598	1.023
16.761	6.278e-01	-5.623	703	4.608	1.012
16.761	8.251e-01	-5.778	646	4.617	1.002
16.761	1.085e+00	-5.917	599	4.624	0.993
16.761	1.426e+00	-6.047	559	4.632	0.984
16.761	1.882e+00	-6.178	520	4.640	0.976
16.761	2.479e+00	-6.300	487	4.647	0.968
16.761	3.258e+00	-6.437	452	4.654	0.960
16.761	4.301e+00	-6.568	421	4.661	0.952
16.761	5.630e+00	-6.704	391	4.667	0.945
16.761	7.446e+00	-6.855	359	4.673	0.939
16.761	9.790e+00	-6.992	333	4.679	0.933
17.285	1.034e-04	-1.614	3006	3.136	5.595
17.285	1.365e-04	-1.688	3019	3.217	5.096
17.285	1.787e-04	-1.760	3031	3.297	4.649
17.285	2.359e-04	-1.853	3015	3.380	4.228
17.285	3.108e-04	-1.950	2982	3.458	3.862
17.285	4.070e-04	-2.043	2952	3.533	3.543
17.285	5.328e-04	-2.133	2922	3.606	3.257
17.285	7.033e-04	-2.225	2891	3.680	2.992
17.285	9.207e-04	-2.314	2861	3.750	2.759
17.285	1.208e-03	-2.403	2830	3.820	2.546
17.285	1.588e-03	-2.490	2799	3.888	2.354
17.285	2.071e-03	-2.580	2752	3.949	2.195
17.285	2.734e-03	-2.662	2707	4.002	2.066
17.285	3.573e-03	-2.718	2676	4.038	1.982
17.285	4.661e-03	-2.754	2656	4.061	1.930
17.285	6.117e-03	-2.781	2641	4.078	1.892
17.285	8.040e-03	-2.812	2623	4.098	1.850
17.285	1.061e-02	-2.868	2587	4.129	1.784
17.285	1.404e-02	-2.981	2508	4.189	1.665
17.285	1.837e-02	-3.197	2339	4.283	1.495
17.285	2.425e-02	-3.473	2088	4.363	1.363
17.285	3.175e-02	-3.708	1881	4.415	1.283
17.285	4.191e-02	-3.936	1688	4.455	1.225
17.285	5.486e-02	-4.138	1528	4.485	1.184
17.285	7.144e-02	-4.321	1394	4.509	1.152
17.285	9.430e-02	-4.495	1277	4.530	1.124
17.285	1.234e-01	-4.653	1178	4.548	1.101
17.285	1.620e-01	-4.807	1088	4.564	1.081
17.285	2.129e-01	-4.960	1005	4.579	1.063
17.285	2.777e-01	-5.114	927	4.592	1.047
17.285	3.666e-01	-5.280	848	4.604	1.032
17.285	4.799e-01	-5.434	781	4.615	1.020
17.285	6.299e-01	-5.591	717	4.624	1.009
17.285	8.279e-01	-5.747	659	4.633	0.998
17.285	1.093e+00	-5.893	609	4.641	0.989
17.285	1.440e+00	-6.025	567	4.649	0.980
17.285	1.892e+00	-6.155	528	4.656	0.972
17.285	2.497e+00	-6.277	494	4.664	0.964
17.285	3.269e+00	-6.411	460	4.671	0.956
17.285	4.291e+00	-6.540	428	4.677	0.949
17.285	5.640e+00	-6.674	398	4.684	0.942
17.285	7.444e+00	-6.827	366	4.690	0.935
17.285	9.745e+00	-6.960	340	4.696	0.929
17.809	1.007e-04	-1.591	3010	3.128	5.732
17.809	1.316e-04	-1.662	3022	3.206	5.240
17.809	1.716e-04	-1.733	3034	3.284	4.788
17.809	2.253e-04	-1.813	3036	3.365	4.361
17.809	2.961e-04	-1.911	3004	3.445	3.981
17.809	3.893e-04	-2.006	2972	3.521	3.645
17.809	5.116e-04	-2.098	2942	3.596	3.344
17.809	6.674e-04	-2.187	2913	3.667	3.081
17.809	8.809e-04	-2.279	2881	3.740	2.833
17.809	1.151e-03	-2.366	2851	3.809	2.616
17.809	1.502e-03	-2.451	2821	3.876	2.424
17.809	1.955e-03	-2.534	2785	3.937	2.259
17.809	2.581e-03	-2.616	2740	3.990	2.126
17.809	3.379e-03	-2.670	2710	4.025	2.041
17.809	4.434e-03	-2.704	2691	4.047	1.990
17.809	5.807e-03	-2.730	2677	4.063	1.953
17.809	7.549e-03	-2.760	2660	4.083	1.910
17.809	9.865e-03	-2.811	2631	4.115	1.841
17.809	1.297e-02	-2.925	2555	4.178	1.711
17.809	1.698e-02	-3.147	2386	4.280	1.522
17.809	2.237e-02	-3.403	2158	4.362	1.384
17.809	2.941e-02	-3.636	1949	4.418	1.298
17.809	3.866e-02	-3.854	1761	4.460	1.237
17.809	5.081e-02	-4.062	1591	4.492	1.192
17.809	6.628e-02	-4.245	1453	4.517	1.158
17.809	8.749e-02	-4.423	1328	4.539	1.129
17.809	1.145e-01	-4.583	1225	4.558	1.105
17.809	1.512e-01	-4.740	1130	4.575	1.083
17.809	1.979e-01	-4.889	1046	4.590	1.064
17.809	2.597e-01	-5.043	965	4.604	1.048
17.809	3.414e-01	-5.205	886	4.617	1.033
17.809	4.488e-01	-5.363	814	4.628	1.020
17.809	5.899e-01	-5.521	747	4.638	1.008
17.809	7.756e-01	-5.678	686	4.647	0.997
17.809	1.019e+00	-5.829	632	4.655	0.988
17.809	1.330e+00	-5.960	589	4.663	0.979
17.809	1.755e+00	-6.095	547	4.670	0.971
17.809	2.312e+00	-6.218	512	4.678	0.963
17.809	3.039e+00	-6.345	478	4.685	0.955
17.809	4.018e+00	-6.485	443	4.692	0.947
17.809	5.283e+00	-6.608	414	4.698	0.940
17.809	6.987e+00	-6.762	380	4.705	0.933
17.809	9.183e+00	-6.903	352	4.711	0.927
18.332	1.038e-04	-1.584	3016	3.137	5.757
18.332	1.362e-04	-1.656	3028	3.216	5.257
18.332	1.790e-04	-1.728	3041	3.296	4.792
18.332	2.335e-04	-1.804	3047	3.375	4.375
18.332	3.089e-04	-1.905	3014	3.457	3.983
18.332	4.029e-04	-1.997	2983	3.531	3.655
18.332	5.288e-04	-2.089	2954	3.606	3.355
18.332	6.924e-04	-2.179	2923	3.678	3.087
18.332	9.049e-04	-2.268	2893	3.749	2.846
18.332	1.180e-03	-2.354	2863	3.817	2.631
18.332	1.537e-03	-2.437	2834	3.882	2.441
18.332	2.017e-03	-2.518	2802	3.943	2.276
18.332	2.651e-03	-2.590	2762	3.991	2.155
18.332	3.458e-03	-2.635	2737	4.020	2.083
18.332	4.564e-03	-2.664	2721	4.039	2.039
18.332	5.965e-03	-2.690	2707	4.055	2.001
18.332	7.780e-03	-2.726	2687	4.078	1.948
18.332	1.027e-02	-2.796	2647	4.123	1.851
18.332	1.344e-02	-2.957	2540	4.212	1.670
18.332	1.765e-02	-3.186	2362	4.315	1.484
18.332	2.334e-02	-3.433	2138	4.388	1.363
18.332	3.067e-02	-3.653	1941	4.440	1.284
18.332	4.000e-02	-3.858	1763	4.479	1.228
18.332	5.251e-02	-4.060	1597	4.510	1.185
18.332	6.901e-02	-4.245	1457	4.535	1.151
18.332	9.001e-02	-4.413	1339	4.556	1.124
18.332	1.188e-01	-4.577	1232	4.575	1.099
18.332	1.553e-01	-4.727	1141	4.592	1.079
18.332	2.025e-01	-4.873	1058	4.606	1.060
18.332	2.658e-01	-5.026	977	4.620	1.044
18.332	3.493e-01	-5.186	897	4.633	1.029
18.332	4.593e-01	-5.345	824	4.644	1.015
18.332	6.037e-01	-5.502	757	4.654	1.004
18.332	7.937e-01	-5.660	695	4.663	0.993
18.332	1.043e+00	-5.812	640	4.672	0.984
18.332	1.361e+00	-5.945	595	4.679	0.975
18.332	1.796e+00	-6.080	553	4.687	0.967
18.332	2.351e+00	-6.200	518	4.694	0.959
18.332	3.104e+00	-6.328	483	4.701	0.951
18.332	4.088e+00	-6.467	448	4.708	0.943
18.332	5.373e+00	-6.588	419	4.715	0.936
18.332	7.092e+00	-6.742	385	4.721	0.929
18.332	9.285e+00	-6.881	357	4.727	0.923
18.856	1.001e-04	-1.559	3019	3.127	5.908
18.856	1.321e-04	-1.632	3031	3.207	5.388
18.856	1.729e-04	-1.704	3044	3.285	4.921
18.856	2.270e-04	-1.777	3057	3.366	4.485
18.856	2.983e-04	-1.871	3033	3.447	4.087
18.856	3.938e-04	-1.969	3001	3.526	3.733
18.856	5.155e-04	-2.060	2971	3.600	3.426
18.856	6.805e-04	-2.153	2940	3.675	3.143
18.856	8.892e-04	-2.242	2910	3.745	2.898
18.856	1.169e-03	-2.331	2879	3.816	2.672
18.856	1.537e-03	-2.416	2849	3.883	2.473
18.856	2.004e-03	-2.491	2821	3.941	2.314
18.856	2.631e-03	-2.556	2788	3.985	2.199
18.856	3.457e-03	-2.597	2765	4.012	2.132
18.856	4.510e-03	-2.622	2752	4.028	2.092
18.856	5.953e-03	-2.650	2736	4.046	2.050
18.856	7.841e-03	-2.693	2712	4.074	1.985
18.856	1.031e-02	-2.780	2663	4.130	1.862
18.856	1.360e-02	-2.982	2528	4.241	1.638
18.856	1.781e-02	-3.193	2362	4.335	1.471
18.856	2.337e-02	-3.421	2155	4.403	1.360
18.856	3.072e-02	-3.634	1963	4.453	1.283
18.856	4.039e-02	-3.840	1783	4.493	1.225
18.856	5.308e-02	-4.041	1617	4.524	1.182
18.856	6.979e-02	-4.225	1477	4.550	1.148
18.856	9.173e-02	-4.397	1354	4.571	1.120
18.856	1.211e-01	-4.560	1246	4.590	1.096
18.856	1.582e-01	-4.710	1154	4.607	1.075
18.856	2.064e-01	-4.855	1071	4.622	1.057
18.856	2.709e-01	-5.006	989	4.636	1.040
18.856	3.560e-01	-5.165	910	4.648	1.025
18.856	4.681e-01	-5.325	835	4.660	1.011
18.856	6.152e-01	-5.481	768	4.670	1.000
18.856	8.121e-01	-5.642	704	4.679	0.989
18.856	1.063e+00	-5.794	648	4.688	0.979
18.856	1.403e+00	-5.934	600	4.695	0.971
18.856	1.837e+00	-6.065	559	4.703	0.963
18.856	2.425e+00	-6.190	523	4.710	0.954
18.856	3.169e+00	-6.313	489	4.717	0.947
18.856	4.183e+00	-6.452	453	4.724	0.939
18.856	5.476e+00	-6.572	424	4.730	0.932
18.856	7.242e+00	-6.725	390	4.737	0.926
18.856	9.559e+00	-6.870	360	4.743	0.919
19.380	1.026e-04	-1.551	3025	3.134	5.940
19.380	1.343e-04	-1.622	3037	3.211	5.435
19.380	1.762e-04	-1.694	3050	3.290	4.960
19.380	2.308e-04	-1.766	3063	3.370	4.525
19.380	3.016e-04	-1.855	3047	3.450	4.129
19.380	3.965e-04	-1.951	3015	3.528	3.774
19.380	5.212e-04	-2.044	2984	3.604	3.459
19.380	6.798e-04	-2.134	2955	3.676	3.184
19.380	8.973e-04	-2.226	2923	3.749	2.925
19.380	1.175e-03	-2.313	2893	3.818	2.701
19.380	1.530e-03	-2.395	2864	3.882	2.509
19.380	2.019e-03	-2.469	2837	3.941	2.346
19.380	2.643e-03	-2.524	2813	3.981	2.241
19.380	3.489e-03	-2.560	2793	4.004	2.180
19.380	4.567e-03	-2.584	2780	4.020	2.141
19.380	5.994e-03	-2.613	2764	4.039	2.095
19.380	7.878e-03	-2.664	2736	4.072	2.017
19.380	1.036e-02	-2.776	2673	4.143	1.858
19.380	1.361e-02	-2.989	2529	4.261	1.623
19.380	1.776e-02	-3.185	2376	4.348	1.468
19.380	2.344e-02	-3.407	2174	4.416	1.358
19.380	3.063e-02	-3.610	1990	4.465	1.283
19.380	4.027e-02	-3.812	1813	4.505	1.225
19.380	5.293e-02	-4.011	1646	4.537	1.181
19.380	6.959e-02	-4.194	1504	4.563	1.147
19.380	9.146e-02	-4.367	1378	4.584	1.118
19.380	1.200e-01	-4.527	1271	4.603	1.094
19.380	1.578e-01	-4.680	1175	4.620	1.073
19.380	2.074e-01	-4.830	1088	4.636	1.054
19.380	2.716e-01	-4.978	1007	4.650	1.037
19.380	3.550e-01	-5.132	928	4.663	1.022
19.380	4.630e-01	-5.288	854	4.674	1.009
19.380	6.112e-01	-5.446	784	4.684	0.997
19.380	8.051e-01	-5.606	719	4.694	0.986
19.380	1.058e+00	-5.762	661	4.702	0.976
19.380	1.391e+00	-5.904	612	4.710	0.968
19.380	1.829e+00	-6.038	569	4.718	0.959
19.380	2.404e+00	-6.162	532	4.725	0.951
19.380	3.160e+00	-6.286	497	4.732	0.944
19.380	4.171e+00	-6.425	461	4.739	0.936
19.380	5.460e+00	-6.547	431	4.745	0.929
19.380	7.166e+00	-6.691	398	4.752	0.922
19.380	9.418e+00	-6.838	367	4.757	0.916
19.904	1.047e-04	-1.543	3030	3.140	5.977
19.904	1.368e-04	-1.613	3042	3.217	5.473
19.904	1.785e-04	-1.683	3055	3.294	5.007
19.904	2.342e-04	-1.755	3068	3.374	4.565
19.904	3.067e-04	-1.841	3059	3.454	4.163
19.904	4.016e-04	-1.936	3028	3.532	3.808
19.904	5.301e-04	-2.031	2997	3.609	3.484
19.904	6.939e-04	-2.122	2966	3.682	3.202
19.904	9.107e-04	-2.212	2935	3.754	2.948
19.904	1.197e-03	-2.300	2905	3.824	2.720
19.904	1.561e-03	-2.380	2877	3.887	2.529
19.904	2.049e-03	-2.449	2852	3.941	2.377
19.904	2.693e-03	-2.496	2834	3.977	2.281
19.904	3.541e-03	-2.525	2820	3.997	2.228
19.904	4.637e-03	-2.548	2807	4.013	2.189
19.904	6.060e-03	-2.581	2789	4.034	2.136
19.904	7.967e-03	-2.642	2755	4.074	2.039
19.904	1.047e-02	-2.787	2673	4.167	1.833
19.904	1.366e-02	-2.992	2534	4.279	1.611
19.904	1.803e-02	-3.187	2381	4.365	1.458
19.904	2.356e-02	-3.392	2194	4.429	1.356
19.904	3.073e-02	-3.589	2015	4.477	1.282
19.904	4.056e-02	-3.791	1836	4.518	1.223
19.904	5.301e-02	-3.983	1674	4.549	1.180
19.904	6.970e-02	-4.166	1529	4.575	1.145
19.904	9.127e-02	-4.338	1403	4.597	1.117
19.904	1.195e-01	-4.497	1294	4.616	1.093
19.904	1.568e-01	-4.650	1197	4.633	1.071
19.904	2.054e-01	-4.797	1110	4.649	1.052
19.904	2.684e-01	-4.943	1029	4.663	1.035
19.904	3.528e-01	-5.098	948	4.676	1.020
19.904	4.637e-01	-5.260	869	4.688	1.006
19.904	6.097e-01	-5.415	800	4.698	0.994
19.904	8.013e-01	-5.573	734	4.708	0.983
19.904	1.058e+00	-5.733	673	4.717	0.973
19.904	1.382e+00	-5.875	623	4.725	0.964
19.904	1.803e+00	-6.006	580	4.732	0.956
19.904	2.380e+00	-6.134	541	4.739	0.948
19.904	3.116e+00	-6.257	506	4.746	0.941
19.904	4.112e+00	-6.393	470	4.753	0.933
19.904	5.384e+00	-6.518	439	4.760	0.926
19.904	7.120e+00	-6.660	406	4.766	0.919
19.904	9.416e+00	-6.813	373	4.772	0.913
20.428	1.027e-04	-1.523	3035	3.135	6.093
20.428	1.344e-04	-1.594	3045	3.211	5.579
20.428	1.774e-04	-1.667	3059	3.292	5.085
20.428	2.322e-04	-1.739	3072	3.371	4.641
20.428	3.048e-04	-1.818	3074	3.452	4.229
20.428	3.991e-04	-1.915	3042	3.530	3.865
20.428	5.225e-04	-2.007	3012	3.606	3.543
20.428	6.897e-04	-2.101	2981	3.681	3.247
20.428	9.029e-04	-2.191	2950	3.753	2.990
20.428	1.192e-03	-2.280	2919	3.824	2.756
20.428	1.557e-03	-2.359	2891	3.887	2.564
20.428	2.031e-03	-2.423	2868	3.937	2.420
20.428	2.682e-03	-2.466	2852	3.970	2.330
20.428	3.510e-03	-2.490	2843	3.988	2.281
20.428	4.607e-03	-2.513	2833	4.004	2.238
20.428	6.093e-03	-2.550	2813	4.030	2.174
20.428	8.008e-03	-2.625	2772	4.079	2.055
20.428	1.045e-02	-2.794	2676	4.186	1.816
20.428	1.379e-02	-2.995	2539	4.296	1.599
20.428	1.805e-02	-3.175	2398	4.377	1.457
20.428	2.383e-02	-3.381	2211	4.442	1.353
20.428	3.114e-02	-3.574	2035	4.490	1.279
20.428	4.094e-02	-3.771	1859	4.530	1.222
20.428	5.380e-02	-3.965	1693	4.563	1.177
20.428	7.062e-02	-4.146	1549	4.589	1.142
20.428	9.281e-02	-4.320	1419	4.611	1.113
20.428	1.211e-01	-4.478	1310	4.630	1.089
20.428	1.589e-01	-4.630	1212	4.647	1.068
20.428	2.088e-01	-4.779	1123	4.663	1.049
20.428	2.746e-01	-4.928	1040	4.678	1.031
20.428	3.608e-01	-5.081	959	4.691	1.016
20.428	4.772e-01	-5.247	877	4.703	1.002
20.428	6.274e-01	-5.402	808	4.713	0.990
20.428	8.216e-01	-5.558	742	4.723	0.979
20.428	1.076e+00	-5.714	682	4.732	0.969
20.428	1.420e+00	-5.864	628	4.740	0.960
20.428	1.870e+00	-6.000	584	4.747	0.952
20.428	2.458e+00	-6.126	545	4.754	0.944
20.428	3.232e+00	-6.251	509	4.761	0.936
20.428	4.248e+00	-6.384	473	4.768	0.929
20.428	5.585e+00	-6.512	442	4.775	0.922
20.428	7.340e+00	-6.650	409	4.781	0.915
20.428	9.707e+00	-6.803	376	4.787	0.909
20.951	1.041e-04	-1.513	3041	3.139	6.141
20.951	1.374e-04	-1.586	3051	3.218	5.609
20.951	1.798e-04	-1.657	3064	3.296	5.127
20.951	2.374e-04	-1.731	3077	3.377	4.668
20.951	3.108e-04	-1.806	3086	3.457	4.257
20.951	4.110e-04	-1.906	3053	3.538	3.876
20.951	5.360e-04	-1.998	3023	3.613	3.557
20.951	7.076e-04	-2.092	2991	3.689	3.259
20.951	9.263e-04	-2.181	2961	3.761	3.002
20.951	1.206e-03	-2.265	2932	3.828	2.779
20.951	1.583e-03	-2.344	2904	3.889	2.588
20.951	2.081e-03	-2.404	2882	3.937	2.451
20.951	2.714e-03	-2.439	2869	3.964	2.375
20.951	3.562e-03	-2.461	2861	3.981	2.330
20.951	4.681e-03	-2.483	2853	3.998	2.283
20.951	6.179e-03	-2.524	2835	4.028	2.207
20.951	8.089e-03	-2.616	2784	4.088	2.058
20.951	1.061e-02	-2.808	2674	4.211	1.788
20.951	1.393e-02	-2.995	2546	4.312	1.591
20.951	1.831e-02	-3.171	2408	4.391	1.453
20.951	2.398e-02	-3.364	2232	4.453	1.353
20.951	3.139e-02	-3.554	2058	4.502	1.278
20.951	4.143e-02	-3.751	1881	4.543	1.220
20.951	5.423e-02	-3.941	1718	4.575	1.176
20.951	7.159e-02	-4.126	1569	4.602	1.140
20.951	9.372e-02	-4.298	1439	4.624	1.111
20.951	1.230e-01	-4.460	1326	4.643	1.086
20.951	1.617e-01	-4.613	1226	4.661	1.065
20.951	2.126e-01	-4.762	1136	4.677	1.045
20.951	2.794e-01	-4.910	1052	4.691	1.028
20.951	3.673e-01	-5.062	971	4.705	1.012
20.951	4.827e-01	-5.225	890	4.717	0.998
20.951	6.347e-01	-5.379	820	4.727	0.986
20.951	8.311e-01	-5.536	753	4.737	0.975
20.951	1.088e+00	-5.692	692	4.746	0.966
20.951	1.436e+00	-5.845	636	4.754	0.957
20.951	1.877e+00	-5.978	592	4.761	0.949
20.951	2.468e+00	-6.105	553	4.768	0.941
20.951	3.243e+00	-6.231	516	4.775	0.933
20.951	4.281e+00	-6.365	480	4.782	0.926
20.951	5.604e+00	-6.492	447	4.789	0.919
20.951	7.356e+00	-6.626	416	4.795	0.912
20.951	9.667e+00	-6.776	383	4.801	0.906
23.046	1.037e-04	-1.459	3065	3.139	6.436
23.046	1.363e-04	-1.534	3068	3.216	5.893
23.046	1.791e-04	-1.605	3079	3.294	5.389
23.046	2.355e-04	-1.677	3093	3.373	4.918
23.046	3.096e-04	-1.750	3106	3.453	4.484
23.046	4.070e-04	-1.830	3107	3.535	4.083
23.046	5.349e-04	-1.927	3075	3.614	3.728
23.046	7.021e-04	-2.021	3044	3.689	3.417
23.046	9.227e-04	-2.111	3013	3.762	3.141
23.046	1.204e-03	-2.193	2985	3.828	2.913
23.046	1.589e-03	-2.264	2960	3.884	2.731
23.046	2.080e-03	-2.307	2944	3.918	2.626
23.046	2.745e-03	-2.331	2936	3.937	2.569
23.046	3.588e-03	-2.351	2929	3.952	2.524
23.046	4.664e-03	-2.379	2918	3.975	2.460
23.046	6.083e-03	-2.437	2897	4.020	2.336
23.046	7.874e-03	-2.589	2826	4.129	2.061
23.046	1.018e-02	-2.765	2725	4.241	1.810
23.046	1.332e-02	-2.921	2628	4.335	1.626
23.046	1.749e-02	-3.083	2503	4.412	1.487
23.046	2.298e-02	-3.249	2362	4.477	1.380
23.046	3.022e-02	-3.428	2197	4.531	1.297
23.046	3.957e-02	-3.611	2028	4.575	1.233
23.046	5.180e-02	-3.796	1862	4.611	1.183
23.046	6.799e-02	-3.980	1703	4.640	1.143
23.046	8.935e-02	-4.157	1561	4.665	1.111
23.046	1.175e-01	-4.326	1434	4.687	1.084
23.046	1.544e-01	-4.485	1322	4.705	1.061
23.046	2.014e-01	-4.632	1227	4.722	1.041
23.046	2.643e-01	-4.777	1138	4.737	1.023
23.046	3.474e-01	-4.925	1054	4.752	1.006
23.046	4.568e-01	-5.079	972	4.765	0.991
23.046	6.041e-01	-5.243	890	4.777	0.977
23.046	7.939e-01	-5.399	819	4.787	0.966
23.046	1.048e+00	-5.562	750	4.797	0.955
23.046	1.370e+00	-5.718	689	4.805	0.946
23.046	1.786e+00	-5.860	637	4.813	0.938
23.046	2.358e+00	-5.998	591	4.820	0.930
23.046	3.087e+00	-6.123	552	4.827	0.922
23.046	4.075e+00	-6.253	515	4.834	0.915
23.046	5.334e+00	-6.384	479	4.841	0.908
23.046	7.001e+00	-6.508	448	4.847	0.901
23.046	9.201e+00	-6.651	414	4.853	0.895
25.142	1.008e-04	-1.403	3087	3.134	6.762
25.142	1.325e-04	-1.477	3090	3.210	6.199
25.142	1.728e-04	-1.550	3093	3.284	5.690
25.142	2.282e-04	-1.621	3106	3.363	5.196
25.142	2.982e-04	-1.692	3119	3.441	4.752
25.142	3.889e-04	-1.762	3133	3.519	4.343
25.142	5.133e-04	-1.847	3129	3.601	3.950
25.142	6.762e-04	-1.944	3097	3.680	3.607
25.142	8.855e-04	-2.034	3066	3.753	3.317
25.142	1.159e-03	-2.115	3038	3.818	3.077
25.142	1.509e-03	-2.175	3017	3.866	2.912
25.142	1.981e-03	-2.210	3005	3.894	2.820
25.142	2.604e-03	-2.230	2998	3.910	2.768
25.142	3.396e-03	-2.251	2990	3.927	2.716
25.142	4.483e-03	-2.289	2977	3.957	2.623
25.142	5.869e-03	-2.379	2944	4.028	2.417
25.142	7.632e-03	-2.557	2869	4.161	2.073
25.142	9.867e-03	-2.715	2779	4.264	1.842
25.142	1.295e-02	-2.857	2697	4.354	1.661
25.142	1.696e-02	-3.003	2592	4.430	1.521
25.142	2.220e-02	-3.149	2475	4.496	1.410
25.142	2.930e-02	-3.319	2321	4.554	1.318
25.142	3.860e-02	-3.493	2159	4.603	1.247
25.142	5.055e-02	-3.668	1997	4.642	1.192
25.142	6.618e-02	-3.851	1832	4.675	1.147
25.142	8.752e-02	-4.032	1677	4.704	1.110
25.142	1.155e-01	-4.212	1533	4.727	1.081
25.142	1.512e-01	-4.374	1413	4.747	1.056
25.142	1.985e-01	-4.530	1305	4.765	1.035
25.142	2.609e-01	-4.679	1209	4.781	1.016
25.142	3.430e-01	-4.823	1122	4.796	0.998
25.142	4.492e-01	-4.969	1039	4.810	0.983
25.142	5.870e-01	-5.123	958	4.822	0.969
25.142	7.717e-01	-5.278	882	4.833	0.957
25.142	1.011e+00	-5.437	810	4.843	0.945
25.142	1.323e+00	-5.595	743	4.852	0.936
25.142	1.736e+00	-5.753	682	4.860	0.927
25.142	2.282e+00	-5.897	630	4.868	0.919
25.142	3.000e+00	-6.029	587	4.875	0.911
25.142	3.943e+00	-6.161	546	4.882	0.904
25.142	5.144e+00	-6.285	510	4.889	0.897
25.142	6.790e+00	-6.417	475	4.895	0.891
25.142	8.944e+00	-6.549	441	4.901	0.884
27.237	1.033e-04	-1.367	3107	3.144	6.961
27.237	1.347e-04	-1.438	3110	3.216	6.404
27.237	1.778e-04	-1.513	3114	3.293	5.861
27.237	2.328e-04	-1.584	3121	3.369	5.371
27.237	3.073e-04	-1.656	3135	3.449	4.900
27.237	4.023e-04	-1.727	3149	3.527	4.477
27.237	5.280e-04	-1.799	3165	3.608	4.081
27.237	6.914e-04	-1.891	3140	3.686	3.729
27.237	9.051e-04	-1.980	3109	3.758	3.431
27.237	1.195e-03	-2.056	3083	3.820	3.196
27.237	1.564e-03	-2.103	3067	3.857	3.061
27.237	2.053e-03	-2.126	3059	3.876	2.995
27.237	2.698e-03	-2.146	3052	3.892	2.943
27.237	3.561e-03	-2.175	3042	3.915	2.863
27.237	4.662e-03	-2.238	3019	3.965	2.704
27.237	6.061e-03	-2.394	2964	4.089	2.345
27.237	7.773e-03	-2.544	2901	4.201	2.060
27.237	1.022e-02	-2.694	2818	4.301	1.837
27.237	1.338e-02	-2.823	2746	4.386	1.666
27.237	1.749e-02	-2.957	2654	4.460	1.531
27.237	2.309e-02	-3.103	2536	4.527	1.416
27.237	3.022e-02	-3.254	2404	4.585	1.325
27.237	3.935e-02	-3.414	2254	4.633	1.253
27.237	5.195e-02	-3.588	2090	4.676	1.193
27.237	6.800e-02	-3.766	1925	4.711	1.145
27.237	8.925e-02	-3.945	1767	4.741	1.107
27.237	1.173e-01	-4.121	1620	4.766	1.075
27.237	1.530e-01	-4.286	1490	4.787	1.050
27.237	2.020e-01	-4.450	1371	4.806	1.027
27.237	2.644e-01	-4.599	1270	4.823	1.008
27.237	3.470e-01	-4.744	1179	4.838	0.990
27.237	4.561e-01	-4.889	1094	4.852	0.974
27.237	5.949e-01	-5.034	1013	4.865	0.960
27.237	7.852e-01	-5.193	931	4.877	0.946
27.237	1.028e+00	-5.348	857	4.888	0.935
27.237	1.357e+00	-5.514	784	4.897	0.924
27.237	1.776e+00	-5.674	718	4.906	0.915
27.237	2.331e+00	-5.825	661	4.914	0.907
27.237	3.064e+00	-5.963	613	4.921	0.900
27.237	3.997e+00	-6.091	572	4.928	0.893
27.237	5.286e+00	-6.224	532	4.935	0.886
27.237	6.949e+00	-6.353	495	4.941	0.879
27.237	9.134e+00	-6.482	462	4.947	0.873
29.332	1.026e-04	-1.326	3127	3.146	7.208
29.332	1.354e-04	-1.399	3129	3.220	6.616
29.332	1.772e-04	-1.470	3133	3.294	6.077
29.332	2.339e-04	-1.546	3136	3.371	5.559
29.332	3.057e-04	-1.615	3147	3.447	5.096
29.332	4.019e-04	-1.686	3162	3.526	4.653
29.332	5.263e-04	-1.756	3178	3.605	4.249
29.332	6.890e-04	-1.832	3183	3.684	3.881
29.332	9.112e-04	-1.924	3152	3.758	3.562
29.332	1.198e-03	-1.991	3129	3.813	3.344
29.332	1.575e-03	-2.028	3117	3.843	3.231
29.332	2.054e-03	-2.047	3110	3.858	3.174
29.332	2.711e-03	-2.069	3103	3.876	3.111
29.332	3.571e-03	-2.108	3089	3.907	2.999
29.332	4.693e-03	-2.214	3051	3.991	2.723
29.332	6.006e-03	-2.373	2994	4.119	2.352
29.332	7.893e-03	-2.520	2938	4.232	2.065
29.332	1.036e-02	-2.658	2863	4.326	1.853
29.332	1.362e-02	-2.783	2795	4.409	1.684
29.332	1.776e-02	-2.907	2713	4.481	1.549
29.332	2.344e-02	-3.046	2605	4.549	1.432
29.332	3.069e-02	-3.182	2493	4.609	1.338
29.332	4.028e-02	-3.346	2338	4.661	1.260
29.332	5.294e-02	-3.510	2183	4.706	1.196
29.332	6.960e-02	-3.682	2021	4.744	1.145
29.332	9.148e-02	-3.864	1854	4.776	1.104
29.332	1.203e-01	-4.038	1703	4.802	1.070
29.332	1.575e-01	-4.211	1561	4.825	1.043
29.332	2.062e-01	-4.376	1436	4.844	1.020
29.332	2.722e-01	-4.533	1325	4.862	0.999
29.332	3.563e-01	-4.678	1230	4.878	0.982
29.332	4.676e-01	-4.820	1144	4.892	0.965
29.332	6.124e-01	-4.963	1061	4.906	0.950
29.332	8.016e-01	-5.116	979	4.918	0.937
29.332	1.058e+00	-5.274	899	4.929	0.925
29.332	1.385e+00	-5.434	825	4.939	0.914
29.332	1.829e+00	-5.601	753	4.949	0.905
29.332	2.390e+00	-5.757	692	4.956	0.896
29.332	3.142e+00	-5.904	638	4.964	0.889
29.332	4.129e+00	-6.035	594	4.971	0.882
29.332	5.450e+00	-6.171	552	4.978	0.875
29.332	7.208e+00	-6.301	514	4.984	0.868
29.332	9.436e+00	-6.428	479	4.991	0.862
31.427	1.002e-04	-1.282	3149	3.145	7.470
31.427	1.323e-04	-1.356	3147	3.217	6.873
31.427	1.732e-04	-1.426	3151	3.290	6.321
31.427	2.286e-04	-1.501	3154	3.366	5.788
31.427	2.987e-04	-1.573	3159	3.441	5.311
31.427	3.896e-04	-1.641	3172	3.516	4.869
31.427	5.114e-04	-1.711	3189	3.595	4.448
31.427	6.721e-04	-1.781	3205	3.674	4.062
31.427	8.766e-04	-1.856	3198	3.745	3.742
31.427	1.157e-03	-1.921	3176	3.799	3.519
31.427	1.515e-03	-1.953	3165	3.825	3.415
31.427	1.988e-03	-1.972	3158	3.840	3.355
31.427	2.613e-03	-1.996	3150	3.859	3.281
31.427	3.449e-03	-2.045	3133	3.898	3.137
31.427	4.515e-03	-2.181	3085	4.008	2.766
31.427	5.770e-03	-2.330	3032	4.127	2.412
31.427	7.584e-03	-2.468	2981	4.236	2.128
31.427	9.971e-03	-2.598	2921	4.330	1.909
31.427	1.310e-02	-2.721	2854	4.413	1.735
31.427	1.709e-02	-2.837	2785	4.486	1.594
31.427	2.243e-02	-2.962	2697	4.555	1.473
31.427	2.938e-02	-3.095	2589	4.617	1.371
31.427	3.846e-02	-3.241	2458	4.673	1.286
31.427	5.086e-02	-3.404	2302	4.722	1.215
31.427	6.634e-02	-3.564	2150	4.763	1.159
31.427	8.707e-02	-3.739	1983	4.799	1.113
31.427	1.144e-01	-3.917	1822	4.829	1.075
31.427	1.511e-01	-4.094	1670	4.854	1.044
31.427	1.974e-01	-4.266	1530	4.875	1.019
31.427	2.595e-01	-4.428	1410	4.894	0.997
31.427	3.411e-01	-4.579	1305	4.911	0.978
31.427	4.485e-01	-4.723	1212	4.926	0.961
31.427	5.895e-01	-4.865	1125	4.940	0.945
31.427	7.689e-01	-5.009	1044	4.953	0.931
31.427	9.995e-01	-5.156	965	4.965	0.919
31.427	1.312e+00	-5.315	887	4.976	0.907
31.427	1.724e+00	-5.480	811	4.986	0.897
31.427	2.267e+00	-5.646	741	4.994	0.888
31.427	2.979e+00	-5.802	680	5.002	0.880
31.427	3.886e+00	-5.938	631	5.009	0.873
31.427	5.060e+00	-6.071	587	5.016	0.867
31.427	6.679e+00	-6.201	547	5.022	0.860
31.427	8.798e+00	-6.330	510	5.029	0.854
34.570	1.011e-04	-1.233	3181	3.155	7.746
34.570	1.330e-04	-1.306	3175	3.225	7.146
34.570	1.748e-04	-1.377	3176	3.296	6.580
34.570	2.298e-04	-1.449	3180	3.370	6.043
34.570	3.009e-04	-1.522	3183	3.445	5.547
34.570	3.939e-04	-1.593	3190	3.520	5.087
34.570	5.129e-04	-1.660	3206	3.595	4.667
34.570	6.732e-04	-1.727	3222	3.671	4.276
34.570	8.815e-04	-1.787	3235	3.738	3.958
34.570	1.154e-03	-1.829	3239	3.782	3.761
34.570	1.523e-03	-1.855	3231	3.803	3.670
34.570	1.994e-03	-1.875	3224	3.819	3.603
34.570	2.637e-03	-1.908	3213	3.846	3.493
34.570	3.467e-03	-1.988	3185	3.912	3.240
34.570	4.508e-03	-2.159	3125	4.049	2.766
34.570	5.846e-03	-2.299	3075	4.162	2.429
34.570	7.673e-03	-2.426	3030	4.262	2.164
34.570	1.005e-02	-2.539	2989	4.352	1.952
34.570	1.315e-02	-2.657	2925	4.433	1.778
34.570	1.736e-02	-2.772	2862	4.509	1.628
34.570	2.273e-02	-2.886	2788	4.579	1.504
34.570	2.983e-02	-3.014	2688	4.643	1.396
34.570	3.921e-02	-3.144	2581	4.702	1.304
34.570	5.114e-02	-3.300	2429	4.753	1.230
34.570	6.750e-02	-3.457	2279	4.799	1.167
34.570	8.837e-02	-3.620	2121	4.837	1.116
34.570	1.166e-01	-3.799	1951	4.871	1.073
34.570	1.527e-01	-3.971	1795	4.899	1.040
34.570	2.016e-01	-4.149	1643	4.923	1.011
34.570	2.639e-01	-4.323	1504	4.943	0.988
34.570	3.490e-01	-4.484	1385	4.961	0.968
34.570	4.588e-01	-4.631	1285	4.977	0.950
34.570	6.030e-01	-4.771	1195	4.992	0.934
34.570	7.865e-01	-4.909	1112	5.006	0.920
34.570	1.032e+00	-5.059	1028	5.018	0.906
34.570	1.357e+00	-5.216	945	5.030	0.894
34.570	1.791e+00	-5.383	864	5.041	0.883
34.570	2.340e+00	-5.547	791	5.050	0.874
34.570	3.053e+00	-5.707	724	5.058	0.866
34.570	4.030e+00	-5.859	666	5.065	0.859
34.570	5.266e+00	-5.992	620	5.072	0.852
34.570	6.951e+00	-6.130	575	5.079	0.845
34.570	9.100e+00	-6.256	536	5.085	0.839
36.665	1.034e-04	-1.206	3205	3.165	7.878
36.665	1.365e-04	-1.281	3195	3.236	7.268
36.665	1.786e-04	-1.352	3193	3.305	6.707
36.665	2.344e-04	-1.423	3196	3.378	6.169
36.665	3.081e-04	-1.496	3200	3.453	5.661
36.665	4.051e-04	-1.569	3204	3.528	5.188
36.665	5.325e-04	-1.637	3219	3.605	4.752
36.665	7.001e-04	-1.703	3234	3.679	4.364
36.665	9.201e-04	-1.757	3247	3.739	4.070
36.665	1.208e-03	-1.787	3254	3.773	3.913
36.665	1.587e-03	-1.803	3258	3.791	3.833
36.665	2.070e-03	-1.821	3259	3.810	3.752
36.665	2.733e-03	-1.863	3248	3.846	3.597
36.665	3.577e-03	-1.992	3203	3.951	3.188
36.665	4.470e-03	-2.132	3154	4.065	2.798
36.665	5.875e-03	-2.273	3104	4.178	2.456
36.665	7.725e-03	-2.395	3062	4.276	2.194
36.665	1.015e-02	-2.503	3030	4.365	1.979
36.665	1.335e-02	-2.621	2968	4.447	1.801
36.665	1.754e-02	-2.732	2907	4.523	1.651
36.665	2.288e-02	-2.840	2842	4.592	1.525
36.665	3.020e-02	-2.964	2751	4.659	1.412
36.665	3.979e-02	-3.095	2642	4.719	1.317
36.665	5.229e-02	-3.242	2505	4.774	1.236
36.665	6.916e-02	-3.402	2349	4.822	1.170
36.665	9.093e-02	-3.564	2190	4.863	1.116
36.665	1.195e-01	-3.736	2025	4.898	1.072
36.665	1.577e-01	-3.913	1861	4.928	1.035
36.665	2.065e-01	-4.084	1710	4.953	1.006
36.665	2.726e-01	-4.268	1557	4.975	0.981
36.665	3.568e-01	-4.427	1436	4.993	0.961
36.665	4.683e-01	-4.576	1331	5.009	0.943
36.665	6.155e-01	-4.717	1238	5.024	0.927
36.665	8.093e-01	-4.859	1150	5.039	0.912
36.665	1.064e+00	-5.007	1064	5.052	0.898
36.665	1.404e+00	-5.163	979	5.064	0.885
36.665	1.849e+00	-5.327	897	5.075	0.874
36.665	2.431e+00	-5.495	819	5.084	0.865
36.665	3.209e+00	-5.664	747	5.093	0.856
36.665	4.200e+00	-5.816	687	5.101	0.849
36.665	5.544e+00	-5.958	636	5.108	0.842
36.665	7.304e+00	-6.096	589	5.114	0.836
36.665	9.599e+00	-6.226	549	5.121	0.829
39.807	1.017e-04	-1.153	3244	3.170	8.171
39.807	1.335e-04	-1.230	3225	3.237	7.561
39.807	1.755e-04	-1.303	3219	3.306	6.981
39.807	2.307e-04	-1.374	3218	3.377	6.432
39.807	3.032e-04	-1.446	3222	3.451	5.912
39.807	3.986e-04	-1.518	3226	3.525	5.425
39.807	5.239e-04	-1.589	3234	3.600	4.979
39.807	6.888e-04	-1.651	3248	3.670	4.591
39.807	9.053e-04	-1.699	3259	3.724	4.314
39.807	1.195e-03	-1.725	3265	3.753	4.174
39.807	1.564e-03	-1.739	3269	3.769	4.097
39.807	2.053e-03	-1.758	3273	3.791	3.997
39.807	2.699e-03	-1.799	3283	3.836	3.791
39.807	3.541e-03	-1.954	3245	3.971	3.248
39.807	4.631e-03	-2.110	3191	4.098	2.805
39.807	6.089e-03	-2.244	3144	4.206	2.479
39.807	8.002e-03	-2.358	3107	4.300	2.223
39.807	1.052e-02	-2.462	3078	4.388	2.010
39.807	1.378e-02	-2.572	3027	4.468	1.832
39.807	1.800e-02	-2.679	2970	4.543	1.682
39.807	2.348e-02	-2.782	2914	4.612	1.552
39.807	3.082e-02	-2.896	2836	4.679	1.437
39.807	4.051e-02	-3.024	2731	4.742	1.337
39.807	5.284e-02	-3.148	2626	4.798	1.254
39.807	6.935e-02	-3.306	2469	4.849	1.182
39.807	9.115e-02	-3.465	2311	4.893	1.124
39.807	1.198e-01	-3.625	2154	4.931	1.076
39.807	1.575e-01	-3.799	1987	4.964	1.036
39.807	2.071e-01	-3.973	1826	4.991	1.003
39.807	2.722e-01	-4.152	1669	5.015	0.976
39.807	3.578e-01	-4.327	1527	5.035	0.954
39.807	4.703e-01	-4.485	1409	5.052	0.935
39.807	6.208e-01	-4.632	1306	5.068	0.918
39.807	8.127e-01	-4.769	1217	5.083	0.903
39.807	1.067e+00	-4.912	1130	5.097	0.888
39.807	1.397e+00	-5.059	1046	5.109	0.876
39.807	1.829e+00	-5.216	962	5.121	0.864
39.807	2.414e+00	-5.384	878	5.131	0.854
39.807	3.160e+00	-5.550	803	5.140	0.845
39.807	4.147e+00	-5.713	734	5.148	0.837
39.807	5.451e+00	-5.865	675	5.156	0.830
39.807	7.166e+00	-6.004	626	5.162	0.824
39.807	9.419e+00	-6.139	581	5.169	0.818
41.903	1.030e-04	-1.127	3267	3.178	8.300
41.903	1.354e-04	-1.204	3249	3.245	7.684
41.903	1.780e-04	-1.279	3237	3.314	7.101
41.903	2.339e-04	-1.351	3233	3.384	6.549
41.903	3.051e-04	-1.420	3236	3.454	6.040
41.903	4.028e-04	-1.492	3241	3.529	5.541
41.903	5.273e-04	-1.561	3246	3.601	5.098
41.903	6.920e-04	-1.622	3257	3.668	4.721
41.903	9.062e-04	-1.664	3267	3.716	4.469
41.903	1.184e-03	-1.686	3272	3.740	4.347
41.903	1.545e-03	-1.700	3276	3.756	4.269
41.903	2.039e-03	-1.720	3281	3.779	4.156
41.903	2.669e-03	-1.766	3292	3.831	3.914
41.903	3.446e-03	-1.909	3279	3.967	3.348
41.903	4.383e-03	-2.052	3230	4.083	2.929
41.903	5.717e-03	-2.183	3183	4.189	2.591
41.903	7.503e-03	-2.300	3145	4.285	2.321
41.903	9.861e-03	-2.404	3116	4.374	2.096
41.903	1.297e-02	-2.506	3084	4.457	1.904
41.903	1.698e-02	-2.616	3025	4.534	1.743
41.903	2.223e-02	-2.720	2970	4.606	1.604
41.903	2.917e-02	-2.828	2904	4.675	1.481
41.903	3.834e-02	-2.947	2816	4.740	1.374
41.903	5.041e-02	-3.074	2709	4.800	1.283
41.903	6.625e-02	-3.217	2576	4.855	1.204
41.903	8.762e-02	-3.378	2414	4.904	1.139
41.903	1.143e-01	-3.535	2256	4.944	1.087
41.903	1.509e-01	-3.703	2091	4.980	1.043
41.903	1.987e-01	-3.877	1926	5.010	1.007
41.903	2.602e-01	-4.049	1770	5.036	0.978
41.903	3.401e-01	-4.229	1616	5.057	0.954
41.903	4.471e-01	-4.394	1485	5.076	0.934
41.903	5.876e-01	-4.546	1374	5.093	0.916
41.903	7.726e-01	-4.687	1278	5.108	0.900
41.903	1.015e+00	-4.828	1188	5.122	0.885
41.903	1.325e+00	-4.970	1103	5.135	0.872
41.903	1.748e+00	-5.126	1016	5.148	0.860
41.903	2.303e+00	-5.289	931	5.159	0.849
41.903	3.027e+00	-5.457	849	5.169	0.839
41.903	3.995e+00	-5.629	773	5.177	0.831
41.903	5.230e+00	-5.785	710	5.185	0.824
41.903	6.904e+00	-5.931	655	5.192	0.817
41.903	9.038e+00	-6.067	608	5.198	0.811
45.045	1.029e-04	-1.084	3305	3.186	8.526
45.045	1.352e-04	-1.161	3283	3.252	7.903
45.045	1.778e-04	-1.238	3265	3.320	7.312
45.045	2.328e-04	-1.310	3258	3.388	6.760
45.045	3.042e-04	-1.380	3256	3.457	6.243
45.045	3.968e-04	-1.448	3261	3.527	5.758
45.045	5.238e-04	-1.517	3267	3.600	5.297
45.045	6.899e-04	-1.578	3271	3.663	4.927
45.045	9.068e-04	-1.614	3278	3.703	4.704
45.045	1.192e-03	-1.632	3282	3.723	4.597
45.045	1.561e-03	-1.646	3286	3.739	4.512
45.045	2.044e-03	-1.670	3292	3.766	4.374
45.045	2.698e-03	-1.735	3308	3.840	4.017
45.045	3.331e-03	-1.849	3326	3.963	3.488
45.045	4.284e-03	-1.998	3275	4.084	3.032
45.045	5.655e-03	-2.134	3227	4.195	2.669
45.045	7.391e-03	-2.247	3191	4.289	2.396
45.045	9.640e-03	-2.348	3164	4.375	2.170
45.045	1.265e-02	-2.447	3135	4.458	1.972
45.045	1.657e-02	-2.549	3093	4.536	1.802
45.045	2.169e-02	-2.654	3037	4.610	1.655
45.045	2.863e-02	-2.759	2979	4.682	1.524
45.045	3.748e-02	-2.870	2905	4.748	1.412
45.045	4.919e-02	-2.991	2808	4.811	1.313
45.045	6.465e-02	-3.116	2702	4.869	1.229
45.045	8.433e-02	-3.269	2548	4.920	1.159
45.045	1.113e-01	-3.431	2382	4.965	1.100
45.045	1.457e-01	-3.587	2227	5.003	1.052
45.045	1.913e-01	-3.754	2062	5.037	1.012
45.045	2.514e-01	-3.928	1897	5.066	0.979
45.045	3.305e-01	-4.104	1738	5.090	0.952
45.045	4.344e-01	-4.282	1587	5.111	0.930
45.045	5.711e-01	-4.445	1460	5.129	0.911
45.045	7.506e-01	-4.593	1353	5.145	0.894
45.045	9.869e-01	-4.732	1260	5.160	0.879
45.045	1.297e+00	-4.873	1171	5.174	0.865
45.045	1.692e+00	-5.018	1085	5.187	0.852
45.045	2.233e+00	-5.178	997	5.199	0.841
45.045	2.942e+00	-5.344	911	5.209	0.830
45.045	3.866e+00	-5.514	831	5.219	0.821
45.045	5.043e+00	-5.677	760	5.226	0.814
45.045	6.657e+00	-5.836	696	5.234	0.807
45.045	8.714e+00	-5.974	646	5.241	0.801
47.140	1.007e-04	-1.047	3338	3.187	8.715
47.140	1.322e-04	-1.129	3306	3.252	8.088
47.140	1.738e-04	-1.205	3288	3.319	7.490
47.140	2.285e-04	-1.280	3274	3.387	6.925
47.140	3.003e-04	-1.352	3270	3.456	6.391
47.140	3.948e-04	-1.422	3274	3.527	5.888
47.140	5.189e-04	-1.488	3279	3.597	5.434
47.140	6.850e-04	-1.546	3284	3.657	5.071
47.140	8.967e-04	-1.580	3286	3.693	4.867
47.140	1.184e-03	-1.597	3289	3.711	4.764
47.140	1.547e-03	-1.612	3292	3.728	4.674
47.140	2.034e-03	-1.639	3299	3.758	4.516
47.140	2.673e-03	-1.714	3318	3.844	4.092
47.140	3.379e-03	-1.835	3345	3.979	3.503
47.140	4.441e-03	-1.989	3295	4.106	3.025
47.140	5.829e-03	-2.119	3249	4.212	2.679
47.140	7.634e-03	-2.230	3216	4.305	2.407
47.140	9.976e-03	-2.330	3189	4.390	2.180
47.140	1.312e-02	-2.429	3160	4.473	1.982
47.140	1.718e-02	-2.526	3125	4.552	1.811
47.140	2.248e-02	-2.631	3070	4.626	1.663
47.140	2.968e-02	-2.737	3012	4.698	1.530
47.140	3.879e-02	-2.843	2943	4.764	1.417
47.140	5.059e-02	-2.959	2855	4.827	1.320
47.140	6.678e-02	-3.086	2746	4.887	1.232
47.140	8.797e-02	-3.237	2597	4.941	1.157
47.140	1.156e-01	-3.397	2431	4.987	1.098
47.140	1.526e-01	-3.559	2268	5.027	1.048
47.140	1.998e-01	-3.721	2106	5.061	1.008
47.140	2.637e-01	-3.896	1938	5.091	0.973
47.140	3.452e-01	-4.068	1780	5.116	0.946
47.140	4.557e-01	-4.250	1624	5.137	0.923
47.140	5.965e-01	-4.414	1493	5.155	0.904
47.140	7.874e-01	-4.566	1380	5.172	0.887
47.140	1.031e+00	-4.703	1287	5.187	0.872
47.140	1.361e+00	-4.847	1195	5.201	0.857
47.140	1.792e+00	-4.995	1105	5.215	0.844
47.140	2.356e+00	-5.152	1017	5.227	0.833
47.140	3.097e+00	-5.315	931	5.237	0.822
47.140	4.071e+00	-5.485	849	5.247	0.813
47.140	5.373e+00	-5.658	772	5.255	0.806
47.140	7.034e+00	-5.815	709	5.262	0.799
47.140	9.232e+00	-5.955	656	5.269	0.793
50.283	1.015e-04	-1.006	3383	3.197	8.901
50.283	1.335e-04	-1.093	3340	3.262	8.259
50.283	1.748e-04	-1.169	3319	3.327	7.664
50.283	2.288e-04	-1.245	3300	3.393	7.102
50.283	3.020e-04	-1.318	3292	3.462	6.555
50.283	3.947e-04	-1.386	3292	3.530	6.064
50.283	5.149e-04	-1.448	3297	3.595	5.627
50.283	6.796e-04	-1.501	3302	3.650	5.284
50.283	8.897e-04	-1.530	3304	3.680	5.104
50.283	1.174e-03	-1.546	3305	3.696	5.008
50.283	1.535e-03	-1.563	3307	3.714	4.906
50.283	2.018e-03	-1.596	3310	3.749	4.714
50.283	2.652e-03	-1.691	3334	3.857	4.163
50.283	3.487e-03	-1.823	3367	4.005	3.508
50.283	4.583e-03	-1.966	3327	4.128	3.047
50.283	6.049e-03	-2.094	3282	4.233	2.701
50.283	7.905e-03	-2.200	3253	4.323	2.433
50.283	1.039e-02	-2.302	3225	4.410	2.202
50.283	1.366e-02	-2.399	3197	4.492	2.003
50.283	1.782e-02	-2.490	3173	4.569	1.833
50.283	2.338e-02	-2.595	3119	4.645	1.680
50.283	3.073e-02	-2.699	3062	4.717	1.547
50.283	4.041e-02	-2.802	3001	4.785	1.429
50.283	5.311e-02	-2.915	2919	4.850	1.326
50.283	7.010e-02	-3.045	2808	4.912	1.235
50.283	9.177e-02	-3.180	2680	4.966	1.160
50.283	1.205e-01	-3.339	2514	5.014	1.098
50.283	1.583e-01	-3.501	2346	5.056	1.047
50.283	2.081e-01	-3.662	2183	5.092	1.004
50.283	2.736e-01	-3.830	2018	5.123	0.968
50.283	3.590e-01	-4.003	1854	5.150	0.939
50.283	4.719e-01	-4.183	1694	5.172	0.915
50.283	6.204e-01	-4.355	1551	5.192	0.895
50.283	8.154e-01	-4.509	1433	5.209	0.878
50.283	1.064e+00	-4.647	1335	5.224	0.863
50.283	1.396e+00	-4.786	1243	5.238	0.849
50.283	1.828e+00	-4.929	1154	5.251	0.836
50.283	2.393e+00	-5.080	1066	5.264	0.824
50.283	3.159e+00	-5.242	977	5.275	0.813
50.283	4.135e+00	-5.410	892	5.285	0.804
50.283	5.458e+00	-5.584	811	5.294	0.796
50.283	7.146e+00	-5.744	743	5.301	0.789
50.283	9.432e+00	-5.896	683	5.309	0.783
52.378	1.016e-04	-0.978	3413	3.202	9.031
52.378	1.325e-04	-1.063	3370	3.265	8.398
52.378	1.739e-04	-1.144	3339	3.330	7.794
52.378	2.277e-04	-1.219	3321	3.395	7.226
52.378	2.981e-04	-1.293	3307	3.462	6.692
52.378	3.935e-04	-1.363	3305	3.531	6.181
52.378	5.151e-04	-1.424	3309	3.595	5.746
52.378	6.799e-04	-1.472	3313	3.645	5.422
52.378	8.900e-04	-1.498	3315	3.671	5.260
52.378	1.168e-03	-1.513	3316	3.687	5.167
52.378	1.535e-03	-1.531	3318	3.706	5.052
52.378	2.027e-03	-1.570	3321	3.747	4.821
52.378	2.653e-03	-1.680	3344	3.869	4.190
52.378	3.502e-03	-1.808	3377	4.014	3.546
52.378	4.584e-03	-1.940	3352	4.133	3.093
52.378	6.051e-03	-2.068	3307	4.237	2.743
52.378	7.922e-03	-2.174	3278	4.328	2.469
52.378	1.046e-02	-2.276	3251	4.416	2.232
52.378	1.367e-02	-2.371	3224	4.496	2.034
52.378	1.782e-02	-2.460	3202	4.574	1.861
52.378	2.353e-02	-2.564	3155	4.651	1.702
52.378	3.080e-02	-2.667	3099	4.723	1.567
52.378	4.066e-02	-2.769	3043	4.793	1.445
52.378	5.313e-02	-2.877	2967	4.858	1.341
52.378	7.013e-02	-3.004	2860	4.921	1.248
52.378	9.181e-02	-3.130	2747	4.977	1.170
52.378	1.214e-01	-3.291	2579	5.029	1.102
52.378	1.603e-01	-3.456	2406	5.073	1.048
52.378	2.094e-01	-3.612	2245	5.109	1.005
52.378	2.765e-01	-3.781	2077	5.142	0.967
52.378	3.619e-01	-3.951	1913	5.170	0.937
52.378	4.777e-01	-4.132	1748	5.194	0.912
52.378	6.254e-01	-4.306	1600	5.213	0.891
52.378	8.255e-01	-4.467	1473	5.231	0.873
52.378	1.079e+00	-4.609	1369	5.246	0.858
52.378	1.418e+00	-4.748	1275	5.261	0.843
52.378	1.864e+00	-4.891	1183	5.275	0.830
52.378	2.432e+00	-5.037	1096	5.287	0.818
52.378	3.216e+00	-5.199	1005	5.299	0.807
52.378	4.228e+00	-5.368	917	5.310	0.798
52.378	5.557e+00	-5.540	835	5.319	0.790
52.378	7.306e+00	-5.705	763	5.326	0.782
52.378	9.602e+00	-5.859	701	5.334	0.776
55.521	1.014e-04	-0.936	3459	3.209	9.224
55.521	1.327e-04	-1.024	3411	3.273	8.570
55.521	1.752e-04	-1.111	3370	3.338	7.944
55.521	2.294e-04	-1.187	3349	3.403	7.374
55.521	3.011e-04	-1.263	3330	3.469	6.832
55.521	3.957e-04	-1.331	3325	3.535	6.333
55.521	5.161e-04	-1.389	3326	3.594	5.921
55.521	6.813e-04	-1.431	3329	3.637	5.632
55.521	8.903e-04	-1.452	3331	3.659	5.493
55.521	1.161e-03	-1.466	3332	3.674	5.400
55.521	1.533e-03	-1.487	3334	3.696	5.264
55.521	2.007e-03	-1.533	3338	3.743	4.985
55.521	2.574e-03	-1.647	3355	3.867	4.325
55.521	3.246e-03	-1.752	3382	3.986	3.770
55.521	4.268e-03	-1.866	3399	4.109	3.272
55.521	5.589e-03	-1.994	3355	4.214	2.900
55.521	7.316e-03	-2.104	3323	4.307	2.604
55.521	9.657e-03	-2.208	3297	4.397	2.349
55.521	1.262e-02	-2.303	3270	4.478	2.138
55.521	1.646e-02	-2.393	3248	4.556	1.955
55.521	2.173e-02	-2.486	3222	4.636	1.784
55.521	2.840e-02	-2.589	3169	4.709	1.639
55.521	3.704e-02	-2.688	3115	4.779	1.513
55.521	4.889e-02	-2.791	3056	4.848	1.397
55.521	6.389e-02	-2.901	2975	4.912	1.298
55.521	8.433e-02	-3.030	2862	4.974	1.209
55.521	1.104e-01	-3.162	2738	5.029	1.135
55.521	1.449e-01	-3.319	2571	5.077	1.073
55.521	1.904e-01	-3.485	2394	5.119	1.023
55.521	2.504e-01	-3.646	2229	5.155	0.981
55.521	3.291e-01	-3.810	2065	5.186	0.947
55.521	4.319e-01	-3.983	1898	5.213	0.918
55.521	5.677e-01	-4.159	1738	5.236	0.894
55.521	7.464e-01	-4.335	1588	5.255	0.874
55.521	9.809e-01	-4.490	1467	5.272	0.857
55.521	1.279e+00	-4.628	1366	5.287	0.843
55.521	1.689e+00	-4.769	1270	5.302	0.828
55.521	2.211e+00	-4.911	1180	5.316	0.816
55.521	2.902e+00	-5.063	1089	5.328	0.804
55.521	3.814e+00	-5.222	1000	5.339	0.794
55.521	5.034e+00	-5.395	911	5.350	0.784
55.521	6.590e+00	-5.564	830	5.358	0.777
55.521	8.699e+00	-5.731	758	5.366	0.770
57.616	1.030e-04	-0.914	3487	3.217	9.308
57.616	1.342e-04	-1.002	3437	3.280	8.659
57.616	1.771e-04	-1.091	3392	3.345	8.027
57.616	2.318e-04	-1.168	3366	3.410	7.456
57.616	3.043e-04	-1.243	3347	3.475	6.914
57.616	3.985e-04	-1.311	3339	3.539	6.426
57.616	5.216e-04	-1.368	3338	3.595	6.026
57.616	6.886e-04	-1.405	3340	3.633	5.767
57.616	9.014e-04	-1.423	3341	3.652	5.643
57.616	1.183e-03	-1.438	3342	3.667	5.543
57.616	1.555e-03	-1.462	3344	3.692	5.388
57.616	2.044e-03	-1.519	3349	3.752	5.029
57.616	2.621e-03	-1.644	3367	3.886	4.311
57.616	3.373e-03	-1.753	3395	4.009	3.738
57.616	4.452e-03	-1.863	3415	4.130	3.254
57.616	5.828e-03	-1.988	3372	4.232	2.892
57.616	7.650e-03	-2.096	3343	4.325	2.598
57.616	1.005e-02	-2.197	3317	4.413	2.350
57.616	1.311e-02	-2.291	3291	4.493	2.141
57.616	1.721e-02	-2.382	3269	4.573	1.954
57.616	2.262e-02	-2.473	3246	4.651	1.786
57.616	2.951e-02	-2.573	3195	4.724	1.642
57.616	3.873e-02	-2.674	3142	4.795	1.512
57.616	5.090e-02	-2.774	3086	4.864	1.397
57.616	6.639e-02	-2.883	3007	4.928	1.298
57.616	8.763e-02	-3.010	2895	4.990	1.208
57.616	1.147e-01	-3.136	2781	5.046	1.134
57.616	1.514e-01	-3.297	2609	5.096	1.069
57.616	1.982e-01	-3.461	2433	5.138	1.019
57.616	2.617e-01	-3.624	2262	5.175	0.976
57.616	3.426e-01	-3.784	2101	5.207	0.942
57.616	4.522e-01	-3.959	1930	5.234	0.912
57.616	5.919e-01	-4.131	1771	5.257	0.889
57.616	7.814e-01	-4.311	1616	5.277	0.868
57.616	1.023e+00	-4.466	1492	5.294	0.851
57.616	1.350e+00	-4.612	1385	5.310	0.836
57.616	1.768e+00	-4.748	1291	5.325	0.822
57.616	2.320e+00	-4.890	1199	5.338	0.809
57.616	3.038e+00	-5.038	1109	5.351	0.798
57.616	3.977e+00	-5.194	1020	5.362	0.788
57.616	5.220e+00	-5.363	931	5.372	0.778
57.616	6.860e+00	-5.535	848	5.381	0.770
57.616	8.948e+00	-5.696	776	5.389	0.764
60.759	1.012e-04	-0.867	3539	3.219	9.539
60.759	1.322e-04	-0.960	3481	3.283	8.861
60.759	1.724e-04	-1.046	3435	3.346	8.242
60.759	2.276e-04	-1.132	3395	3.411	7.642
60.759	2.979e-04	-1.205	3376	3.475	7.103
60.759	3.933e-04	-1.277	3360	3.538	6.603
60.759	5.181e-04	-1.331	3357	3.591	6.214
60.759	6.809e-04	-1.364	3356	3.623	5.988
60.759	8.952e-04	-1.381	3356	3.640	5.873
60.759	1.172e-03	-1.396	3357	3.656	5.766
60.759	1.535e-03	-1.422	3359	3.683	5.590
60.759	2.026e-03	-1.493	3365	3.757	5.132
60.759	2.562e-03	-1.615	3378	3.886	4.423
60.759	3.340e-03	-1.727	3407	4.012	3.826
60.759	4.389e-03	-1.827	3437	4.128	3.349
60.759	5.771e-03	-1.947	3407	4.233	2.968
60.759	7.584e-03	-2.056	3378	4.327	2.664
60.759	9.972e-03	-2.157	3353	4.414	2.408
60.759	1.311e-02	-2.254	3326	4.498	2.188
60.759	1.709e-02	-2.343	3306	4.576	2.000
60.759	2.256e-02	-2.434	3284	4.655	1.825
60.759	2.954e-02	-2.530	3245	4.731	1.673
60.759	3.899e-02	-2.633	3191	4.804	1.537
60.759	5.104e-02	-2.731	3138	4.873	1.420
60.759	6.738e-02	-2.840	3064	4.941	1.313
60.759	8.875e-02	-2.962	2962	5.005	1.220
60.759	1.166e-01	-3.084	2856	5.063	1.142
60.759	1.531e-01	-3.237	2694	5.115	1.075
60.759	2.005e-01	-3.395	2523	5.159	1.022
60.759	2.625e-01	-3.562	2343	5.197	0.978
60.759	3.464e-01	-3.719	2181	5.230	0.941
60.759	4.535e-01	-3.884	2017	5.259	0.911
60.759	5.987e-01	-4.060	1849	5.284	0.885
60.759	7.837e-01	-4.231	1696	5.305	0.864
60.759	1.036e+00	-4.401	1554	5.323	0.846
60.759	1.363e+00	-4.550	1439	5.339	0.831
60.759	1.784e+00	-4.685	1343	5.354	0.817
60.759	2.336e+00	-4.821	1252	5.367	0.804
60.759	3.066e+00	-4.967	1160	5.380	0.792
60.759	4.030e+00	-5.122	1068	5.393	0.781
60.759	5.319e+00	-5.291	975	5.403	0.771
60.759	7.007e+00	-5.465	887	5.413	0.763
60.759	9.209e+00	-5.633	809	5.421	0.756
62.854	1.018e-04	-0.844	3568	3.224	9.642
62.854	1.333e-04	-0.938	3508	3.289	8.950
62.854	1.749e-04	-1.027	3458	3.353	8.310
62.854	2.299e-04	-1.114	3414	3.418	7.717
62.854	3.022e-04	-1.189	3392	3.481	7.171
62.854	3.958e-04	-1.256	3376	3.541	6.695
62.854	5.181e-04	-1.307	3370	3.589	6.337
62.854	6.839e-04	-1.337	3369	3.618	6.129
62.854	8.953e-04	-1.353	3368	3.633	6.020
62.854	1.175e-03	-1.370	3368	3.650	5.906
62.854	1.544e-03	-1.400	3369	3.680	5.702
62.854	2.039e-03	-1.486	3377	3.771	5.139
62.854	2.669e-03	-1.622	3391	3.915	4.354
62.854	3.523e-03	-1.732	3421	4.040	3.769
62.854	4.612e-03	-1.828	3450	4.150	3.319
62.854	6.053e-03	-1.945	3421	4.252	2.952
62.854	7.955e-03	-2.050	3396	4.345	2.653
62.854	1.038e-02	-2.148	3371	4.430	2.407
62.854	1.362e-02	-2.243	3346	4.512	2.189
62.854	1.783e-02	-2.333	3326	4.591	1.998
62.854	2.335e-02	-2.421	3304	4.668	1.828
62.854	3.064e-02	-2.516	3269	4.744	1.675
62.854	4.013e-02	-2.615	3217	4.816	1.542
62.854	5.253e-02	-2.713	3165	4.886	1.424
62.854	6.840e-02	-2.816	3098	4.951	1.321
62.854	9.028e-02	-2.935	3003	5.015	1.226
62.854	1.182e-01	-3.055	2897	5.074	1.147
62.854	1.560e-01	-3.204	2744	5.128	1.077
62.854	2.055e-01	-3.365	2569	5.175	1.021
62.854	2.701e-01	-3.538	2378	5.214	0.976
62.854	3.551e-01	-3.689	2222	5.247	0.939
62.854	4.667e-01	-3.853	2057	5.277	0.908
62.854	6.136e-01	-4.024	1891	5.302	0.882
62.854	8.065e-01	-4.194	1736	5.323	0.860
62.854	1.065e+00	-4.365	1591	5.342	0.842
62.854	1.394e+00	-4.515	1473	5.358	0.827
62.854	1.840e+00	-4.654	1371	5.373	0.812
62.854	2.408e+00	-4.788	1279	5.387	0.799
62.854	3.161e+00	-4.932	1187	5.400	0.787
62.854	4.154e+00	-5.084	1095	5.412	0.776
62.854	5.483e+00	-5.250	1001	5.424	0.766
62.854	7.178e+00	-5.420	913	5.433	0.758
62.854	9.475e+00	-5.592	831	5.442	0.750
65.997	1.020e-04	-0.807	3613	3.230	9.815
65.997	1.339e-04	-0.903	3550	3.296	9.098
65.997	1.760e-04	-0.995	3494	3.361	8.443
65.997	2.295e-04	-1.080	3449	3.423	7.859
65.997	3.012e-04	-1.159	3417	3.485	7.316
65.997	3.959e-04	-1.224	3402	3.542	6.848
65.997	5.226e-04	-1.273	3391	3.586	6.514
65.997	6.829e-04	-1.297	3388	3.609	6.344
65.997	8.908e-04	-1.312	3387	3.623	6.241
65.997	1.176e-03	-1.331	3386	3.642	6.108
65.997	1.549e-03	-1.368	3385	3.678	5.858
65.997	2.036e-03	-1.473	3393	3.787	5.167
65.997	2.676e-03	-1.606	3405	3.926	4.403
65.997	3.518e-03	-1.711	3433	4.045	3.838
65.997	4.588e-03	-1.803	3461	4.152	3.396
65.997	6.022e-03	-1.908	3454	4.253	3.021
65.997	7.915e-03	-2.014	3429	4.347	2.713
65.997	1.041e-02	-2.114	3404	4.434	2.453
65.997	1.368e-02	-2.210	3379	4.517	2.229
65.997	1.798e-02	-2.301	3359	4.598	2.032
65.997	2.363e-02	-2.391	3337	4.676	1.857
65.997	3.107e-02	-2.481	3312	4.753	1.699
65.997	4.069e-02	-2.580	3262	4.826	1.562
65.997	5.317e-02	-2.678	3210	4.896	1.442
65.997	6.991e-02	-2.780	3148	4.964	1.332
65.997	9.155e-02	-2.889	3067	5.028	1.238
65.997	1.198e-01	-3.011	2959	5.088	1.156
65.997	1.573e-01	-3.144	2830	5.143	1.084
65.997	2.067e-01	-3.302	2657	5.192	1.026
65.997	2.718e-01	-3.473	2466	5.233	0.978
65.997	3.572e-01	-3.628	2301	5.268	0.940
65.997	4.697e-01	-3.783	2141	5.298	0.907
65.997	6.173e-01	-3.949	1976	5.324	0.880
65.997	8.116e-01	-4.117	1817	5.347	0.858
65.997	1.063e+00	-4.283	1670	5.366	0.839
65.997	1.391e+00	-4.437	1543	5.382	0.824
65.997	1.837e+00	-4.579	1435	5.398	0.809
65.997	2.419e+00	-4.712	1339	5.412	0.796
65.997	3.180e+00	-4.849	1247	5.426	0.783
65.997	4.147e+00	-4.992	1158	5.438	0.772
65.997	5.485e+00	-5.151	1063	5.450	0.762
65.997	7.212e+00	-5.319	971	5.460	0.753
65.997	9.478e+00	-5.492	884	5.470	0.745
67.044	1.009e-04	-0.790	3630	3.229	9.905
67.044	1.326e-04	-0.887	3567	3.295	9.175
67.044	1.743e-04	-0.981	3509	3.360	8.512
67.044	2.292e-04	-1.069	3461	3.424	7.907
67.044	3.012e-04	-1.149	3425	3.486	7.362
67.044	3.960e-04	-1.213	3410	3.543	6.899
67.044	5.205e-04	-1.259	3400	3.584	6.580
67.044	6.789e-04	-1.284	3395	3.606	6.418
67.044	8.911e-04	-1.299	3394	3.620	6.312
67.044	1.171e-03	-1.318	3393	3.639	6.176
67.044	1.546e-03	-1.357	3391	3.677	5.909
67.044	2.024e-03	-1.466	3398	3.789	5.194
67.044	2.666e-03	-1.598	3410	3.927	4.431
67.044	3.489e-03	-1.701	3436	4.044	3.875
67.044	4.606e-03	-1.797	3465	4.154	3.413
67.044	6.019e-03	-1.897	3464	4.254	3.042
67.044	7.851e-03	-2.000	3440	4.345	2.740
67.044	1.036e-02	-2.102	3415	4.434	2.473
67.044	1.357e-02	-2.196	3390	4.516	2.250
67.044	1.791e-02	-2.288	3370	4.598	2.048
67.044	2.344e-02	-2.377	3349	4.675	1.873
67.044	3.053e-02	-2.463	3326	4.750	1.720
67.044	4.029e-02	-2.564	3279	4.825	1.576
67.044	5.275e-02	-2.662	3227	4.896	1.453
67.044	6.923e-02	-2.762	3169	4.964	1.343
67.044	9.099e-02	-2.872	3089	5.030	1.245
67.044	1.187e-01	-2.991	2985	5.089	1.163
67.044	1.545e-01	-3.113	2871	5.144	1.092
67.044	2.040e-01	-3.273	2695	5.194	1.030
67.044	2.670e-01	-3.438	2511	5.236	0.982
67.044	3.525e-01	-3.598	2337	5.272	0.942
67.044	4.614e-01	-3.751	2179	5.303	0.910
67.044	6.091e-01	-3.914	2014	5.330	0.882
67.044	7.974e-01	-4.078	1857	5.353	0.859
67.044	1.047e+00	-4.243	1708	5.372	0.840
67.044	1.375e+00	-4.401	1575	5.389	0.823
67.044	1.816e+00	-4.546	1462	5.405	0.809
67.044	2.377e+00	-4.675	1368	5.419	0.796
67.044	3.120e+00	-4.808	1277	5.432	0.784
67.044	4.100e+00	-4.951	1185	5.445	0.772
67.044	5.412e+00	-5.106	1092	5.457	0.761
67.044	7.129e+00	-5.273	998	5.468	0.752
67.044	9.370e+00	-5.446	908	5.478	0.744
68.092	1.007e-04	-0.777	3646	3.230	9.970
68.092	1.318e-04	-0.873	3582	3.296	9.243
68.092	1.730e-04	-0.967	3523	3.360	8.578
68.092	2.265e-04	-1.054	3475	3.424	7.977
68.092	2.960e-04	-1.134	3436	3.484	7.440
68.092	3.908e-04	-1.199	3419	3.541	6.970
68.092	5.147e-04	-1.245	3409	3.581	6.652
68.092	6.765e-04	-1.270	3403	3.603	6.489
68.092	8.824e-04	-1.285	3400	3.617	6.386
68.092	1.165e-03	-1.305	3399	3.636	6.244
68.092	1.534e-03	-1.346	3397	3.676	5.966
68.092	2.017e-03	-1.461	3403	3.794	5.209
68.092	2.630e-03	-1.586	3414	3.925	4.480
68.092	3.452e-03	-1.690	3438	4.041	3.916
68.092	4.537e-03	-1.784	3467	4.150	3.458
68.092	5.918e-03	-1.879	3477	4.249	3.085
68.092	7.827e-03	-1.988	3451	4.345	2.761
68.092	1.021e-02	-2.086	3426	4.430	2.503
68.092	1.340e-02	-2.181	3402	4.514	2.274
68.092	1.742e-02	-2.268	3383	4.591	2.080
68.092	2.281e-02	-2.357	3362	4.669	1.902
68.092	2.986e-02	-2.444	3340	4.745	1.742
68.092	3.919e-02	-2.540	3300	4.820	1.598
68.092	5.151e-02	-2.641	3246	4.892	1.471
68.092	6.719e-02	-2.737	3193	4.959	1.361
68.092	8.869e-02	-2.846	3117	5.027	1.260
68.092	1.161e-01	-2.965	3016	5.088	1.174
68.092	1.532e-01	-3.091	2901	5.146	1.098
68.092	2.019e-01	-3.247	2730	5.197	1.035
68.092	2.653e-01	-3.410	2549	5.241	0.985
68.092	3.488e-01	-3.571	2371	5.277	0.945
68.092	4.585e-01	-3.724	2211	5.308	0.911
68.092	6.052e-01	-3.885	2048	5.336	0.882
68.092	7.922e-01	-4.047	1891	5.359	0.859
68.092	1.046e+00	-4.212	1739	5.379	0.839
68.092	1.369e+00	-4.367	1606	5.396	0.823
68.092	1.797e+00	-4.511	1491	5.411	0.809
68.092	2.361e+00	-4.642	1395	5.426	0.796
68.092	3.105e+00	-4.774	1303	5.439	0.783
68.092	4.081e+00	-4.913	1212	5.452	0.772
68.092	5.386e+00	-5.066	1118	5.465	0.761
68.092	7.051e+00	-5.225	1026	5.476	0.751
68.092	9.308e+00	-5.400	933	5.486	0.743
69.139	1.020e-04	-0.770	3657	3.234	9.993
69.139	1.340e-04	-0.868	3592	3.301	9.252
69.139	1.748e-04	-0.960	3533	3.365	8.600
69.139	2.308e-04	-1.049	3484	3.430	7.982
69.139	3.021e-04	-1.130	3443	3.490	7.447
69.139	3.987e-04	-1.193	3427	3.544	6.994
69.139	5.211e-04	-1.234	3417	3.581	6.706
69.139	6.851e-04	-1.257	3412	3.601	6.554
69.139	8.972e-04	-1.273	3408	3.615	6.448
69.139	1.182e-03	-1.295	3405	3.636	6.297
69.139	1.553e-03	-1.340	3403	3.679	5.988
69.139	2.040e-03	-1.462	3408	3.805	5.183
69.139	2.661e-03	-1.585	3419	3.933	4.471
69.139	3.483e-03	-1.687	3443	4.047	3.921
69.139	4.598e-03	-1.781	3472	4.156	3.460
69.139	6.019e-03	-1.874	3485	4.255	3.085
69.139	7.899e-03	-1.980	3460	4.349	2.770
69.139	1.034e-02	-2.079	3435	4.436	2.507
69.139	1.345e-02	-2.171	3412	4.516	2.286
69.139	1.757e-02	-2.260	3393	4.595	2.087
69.139	2.292e-02	-2.347	3373	4.672	1.910
69.139	3.009e-02	-2.436	3350	4.748	1.749
69.139	3.940e-02	-2.530	3314	4.823	1.605
69.139	5.149e-02	-2.628	3262	4.894	1.479
69.139	6.769e-02	-2.727	3206	4.964	1.365
69.139	8.897e-02	-2.834	3134	5.030	1.264
69.139	1.174e-01	-2.954	3033	5.094	1.175
69.139	1.535e-01	-3.073	2926	5.150	1.101
69.139	2.002e-01	-3.223	2763	5.201	1.039
69.139	2.642e-01	-3.383	2585	5.245	0.987
69.139	3.459e-01	-3.548	2401	5.281	0.947
69.139	4.566e-01	-3.700	2241	5.314	0.912
69.139	6.038e-01	-3.858	2079	5.342	0.883
69.139	7.954e-01	-4.020	1920	5.366	0.859
69.139	1.045e+00	-4.180	1772	5.386	0.839
69.139	1.380e+00	-4.339	1633	5.404	0.822
69.139	1.806e+00	-4.483	1517	5.419	0.808
69.139	2.385e+00	-4.615	1417	5.433	0.795
69.139	3.122e+00	-4.742	1328	5.446	0.783
69.139	4.121e+00	-4.880	1236	5.460	0.771
69.139	5.428e+00	-5.028	1143	5.472	0.760
69.139	7.134e+00	-5.186	1050	5.484	0.750
69.139	9.305e+00	-5.352	960	5.493	0.742
70.187	1.023e-04	-0.759	3671	3.237	10.044
70.187	1.344e-04	-0.857	3606	3.304	9.298
70.187	1.767e-04	-0.952	3544	3.369	8.623
70.187	2.322e-04	-1.041	3494	3.433	8.013
70.187	3.053e-04	-1.123	3452	3.493	7.473
70.187	4.013e-04	-1.183	3434	3.545	7.038
70.187	5.234e-04	-1.222	3426	3.580	6.766
70.187	6.909e-04	-1.243	3421	3.599	6.620
70.187	9.029e-04	-1.259	3417	3.613	6.513
70.187	1.192e-03	-1.284	3412	3.635	6.351
70.187	1.560e-03	-1.333	3409	3.682	6.017
70.187	2.010e-03	-1.451	3412	3.802	5.239
70.187	2.548e-03	-1.561	3423	3.917	4.589
70.187	3.351e-03	-1.667	3442	4.033	4.013
70.187	4.404e-03	-1.760	3471	4.141	3.547
70.187	5.790e-03	-1.849	3495	4.242	3.156
70.187	7.582e-03	-1.954	3474	4.336	2.832
70.187	9.908e-03	-2.053	3450	4.423	2.563
70.187	1.303e-02	-2.150	3425	4.507	2.326
70.187	1.712e-02	-2.241	3405	4.589	2.118
70.187	2.233e-02	-2.328	3385	4.665	1.938
70.187	2.908e-02	-2.414	3364	4.740	1.778
70.187	3.817e-02	-2.505	3334	4.816	1.630
70.187	4.998e-02	-2.605	3282	4.888	1.500
70.187	6.543e-02	-2.703	3228	4.957	1.385
70.187	8.636e-02	-2.808	3160	5.026	1.280
70.187	1.138e-01	-2.924	3068	5.090	1.189
70.187	1.495e-01	-3.046	2958	5.149	1.111
70.187	1.962e-01	-3.192	2804	5.201	1.046
70.187	2.579e-01	-3.348	2631	5.247	0.993
70.187	3.364e-01	-3.512	2445	5.283	0.952
70.187	4.441e-01	-3.664	2282	5.316	0.916
70.187	5.850e-01	-3.814	2128	5.345	0.887
70.187	7.688e-01	-3.971	1972	5.369	0.862
70.187	1.011e+00	-4.129	1822	5.390	0.842
70.187	1.324e+00	-4.283	1684	5.408	0.825
70.187	1.733e+00	-4.429	1562	5.423	0.810
70.187	2.287e+00	-4.562	1459	5.437	0.797
70.187	3.013e+00	-4.688	1368	5.451	0.785
70.187	3.960e+00	-4.818	1279	5.464	0.773
70.187	5.227e+00	-4.960	1187	5.477	0.762
70.187	6.843e+00	-5.109	1097	5.489	0.751
70.187	9.033e+00	-5.276	1002	5.499	0.742
71.234	1.016e-04	-0.744	3687	3.236	10.122
71.234	1.341e-04	-0.845	3620	3.305	9.355
71.234	1.755e-04	-0.939	3559	3.369	8.685
71.234	2.286e-04	-1.025	3508	3.431	8.091
71.234	3.017e-04	-1.109	3464	3.492	7.539
71.234	3.949e-04	-1.170	3443	3.543	7.112
71.234	5.213e-04	-1.209	3434	3.578	6.833
71.234	6.825e-04	-1.229	3430	3.595	6.695
71.234	8.957e-04	-1.246	3426	3.610	6.584
71.234	1.177e-03	-1.271	3420	3.632	6.419
71.234	1.554e-03	-1.324	3414	3.682	6.057
71.234	2.034e-03	-1.453	3418	3.813	5.208
71.234	2.690e-03	-1.578	3430	3.944	4.479
71.234	3.509e-03	-1.677	3451	4.054	3.947
71.234	4.606e-03	-1.768	3479	4.159	3.499
71.234	6.031e-03	-1.855	3503	4.258	3.123
71.234	7.882e-03	-1.958	3480	4.350	2.808
71.234	1.036e-02	-2.059	3455	4.438	2.537
71.234	1.362e-02	-2.154	3432	4.522	2.304
71.234	1.791e-02	-2.245	3413	4.603	2.099
71.234	2.354e-02	-2.335	3392	4.682	1.916
71.234	3.094e-02	-2.423	3370	4.759	1.753
71.234	4.067e-02	-2.516	3337	4.835	1.607
71.234	5.368e-02	-2.619	3283	4.909	1.476
71.234	7.028e-02	-2.716	3229	4.977	1.363
71.234	9.151e-02	-2.817	3162	5.042	1.266
71.234	1.208e-01	-2.935	3065	5.106	1.175
71.234	1.578e-01	-3.054	2958	5.163	1.101
71.234	2.084e-01	-3.205	2795	5.216	1.036
71.234	2.728e-01	-3.358	2625	5.260	0.985
71.234	3.600e-01	-3.528	2433	5.297	0.943
71.234	4.713e-01	-3.674	2277	5.328	0.910
71.234	6.222e-01	-3.822	2124	5.356	0.882
71.234	8.145e-01	-3.974	1973	5.380	0.858
71.234	1.075e+00	-4.131	1824	5.400	0.838
71.234	1.405e+00	-4.280	1691	5.417	0.822
71.234	1.847e+00	-4.425	1569	5.433	0.807
71.234	2.428e+00	-4.553	1469	5.446	0.795
71.234	3.205e+00	-4.676	1379	5.460	0.783
71.234	4.221e+00	-4.803	1292	5.473	0.771
71.234	5.528e+00	-4.939	1203	5.485	0.760
71.234	7.282e+00	-5.089	1111	5.497	0.750
71.234	9.570e+00	-5.252	1018	5.508	0.740
72.282	1.014e-04	-0.732	3701	3.237	10.185
72.282	1.333e-04	-0.831	3635	3.305	9.422
72.282	1.753e-04	-0.927	3572	3.371	8.735
72.282	2.286e-04	-1.015	3520	3.432	8.134
72.282	3.000e-04	-1.096	3477	3.492	7.594
72.282	3.943e-04	-1.159	3451	3.543	7.167
72.282	5.184e-04	-1.196	3443	3.575	6.902
72.282	6.814e-04	-1.216	3438	3.593	6.764
72.282	8.888e-04	-1.232	3435	3.607	6.655
72.282	1.175e-03	-1.258	3428	3.630	6.478
72.282	1.545e-03	-1.315	3420	3.683	6.099
72.282	1.961e-03	-1.431	3421	3.799	5.331
72.282	2.594e-03	-1.557	3433	3.931	4.580
72.282	3.383e-03	-1.658	3451	4.041	4.035
72.282	4.466e-03	-1.751	3479	4.148	3.568
72.282	5.846e-03	-1.836	3505	4.247	3.185
72.282	7.673e-03	-1.937	3493	4.342	2.856
72.282	1.005e-02	-2.037	3468	4.429	2.582
72.282	1.315e-02	-2.132	3445	4.512	2.346
72.282	1.736e-02	-2.225	3425	4.595	2.133
72.282	2.273e-02	-2.313	3405	4.673	1.950
72.282	2.960e-02	-2.399	3383	4.748	1.789
72.282	3.847e-02	-2.483	3362	4.821	1.644
72.282	5.050e-02	-2.584	3309	4.895	1.511
72.282	6.637e-02	-2.684	3255	4.965	1.393
72.282	8.657e-02	-2.782	3195	5.031	1.291
72.282	1.143e-01	-2.895	3109	5.097	1.197
72.282	1.496e-01	-3.016	3000	5.156	1.119
72.282	1.963e-01	-3.152	2862	5.209	1.052
72.282	2.580e-01	-3.305	2691	5.256	0.997
72.282	3.393e-01	-3.469	2504	5.295	0.953
72.282	4.459e-01	-3.620	2340	5.328	0.918
72.282	5.886e-01	-3.766	2186	5.356	0.888
72.282	7.753e-01	-3.915	2035	5.381	0.863
72.282	1.019e+00	-4.067	1888	5.402	0.843
72.282	1.329e+00	-4.211	1755	5.420	0.826
72.282	1.754e+00	-4.356	1630	5.435	0.811
72.282	2.297e+00	-4.486	1524	5.449	0.798
72.282	3.037e+00	-4.608	1431	5.462	0.786
72.282	4.009e+00	-4.729	1345	5.475	0.774
72.282	5.249e+00	-4.856	1259	5.488	0.763
72.282	6.928e+00	-4.998	1168	5.500	0.753
72.282	9.070e+00	-5.150	1078	5.511	0.743
73.330	1.021e-04	-0.723	3714	3.240	10.224
73.330	1.348e-04	-0.824	3646	3.309	9.444
73.330	1.764e-04	-0.919	3584	3.374	8.765
73.330	2.315e-04	-1.009	3529	3.437	8.150
73.330	3.043e-04	-1.089	3486	3.496	7.613
73.330	4.001e-04	-1.151	3459	3.545	7.202
73.330	5.258e-04	-1.185	3451	3.575	6.957
73.330	6.913e-04	-1.204	3447	3.591	6.827
73.330	9.053e-04	-1.220	3443	3.606	6.712
73.330	1.193e-03	-1.249	3436	3.631	6.521
73.330	1.567e-03	-1.314	3425	3.691	6.087
73.330	2.061e-03	-1.452	3428	3.830	5.186
73.330	2.708e-03	-1.570	3439	3.953	4.498
73.330	3.555e-03	-1.669	3459	4.063	3.964
73.330	4.672e-03	-1.759	3487	4.166	3.520
73.330	6.143e-03	-1.844	3515	4.265	3.141
73.330	8.044e-03	-1.945	3498	4.358	2.823
73.330	1.053e-02	-2.044	3474	4.445	2.554
73.330	1.382e-02	-2.139	3451	4.528	2.320
73.330	1.816e-02	-2.229	3432	4.609	2.114
73.330	2.369e-02	-2.316	3412	4.686	1.935
73.330	3.110e-02	-2.404	3391	4.763	1.771
73.330	4.072e-02	-2.492	3365	4.838	1.624
73.330	5.331e-02	-2.592	3313	4.911	1.494
73.330	6.997e-02	-2.691	3258	4.981	1.378
73.330	9.196e-02	-2.792	3196	5.048	1.275
73.330	1.209e-01	-2.905	3107	5.112	1.184
73.330	1.589e-01	-3.027	2997	5.171	1.107
73.330	2.089e-01	-3.167	2850	5.225	1.041
73.330	2.746e-01	-3.318	2682	5.270	0.988
73.330	3.625e-01	-3.484	2492	5.308	0.945
73.330	4.745e-01	-3.630	2333	5.339	0.912
73.330	6.263e-01	-3.772	2184	5.367	0.883
73.330	8.250e-01	-3.917	2037	5.391	0.859
73.330	1.084e+00	-4.064	1894	5.411	0.839
73.330	1.414e+00	-4.203	1766	5.428	0.823
73.330	1.867e+00	-4.342	1645	5.444	0.809
73.330	2.440e+00	-4.467	1542	5.457	0.797
73.330	3.221e+00	-4.584	1452	5.469	0.785
73.330	4.242e+00	-4.698	1369	5.482	0.774
73.330	5.576e+00	-4.819	1286	5.494	0.763
73.330	7.360e+00	-4.956	1197	5.506	0.753
73.330	9.695e+00	-5.105	1106	5.518	0.743
74.377	1.004e-04	-0.706	3731	3.237	10.334
74.377	1.319e-04	-0.805	3665	3.305	9.553
74.377	1.720e-04	-0.899	3603	3.369	8.872
74.377	2.258e-04	-0.990	3545	3.433	8.248
74.377	2.968e-04	-1.072	3501	3.492	7.703
74.377	3.871e-04	-1.134	3471	3.539	7.295
74.377	5.110e-04	-1.170	3460	3.570	7.040
74.377	6.689e-04	-1.189	3455	3.587	6.909
74.377	8.779e-04	-1.206	3452	3.602	6.792
74.377	1.154e-03	-1.233	3445	3.625	6.608
74.377	1.523e-03	-1.297	3432	3.683	6.182
74.377	1.953e-03	-1.422	3430	3.807	5.360
74.377	2.567e-03	-1.542	3442	3.933	4.637
74.377	3.369e-03	-1.645	3457	4.044	4.082
74.377	4.380e-03	-1.731	3484	4.143	3.640
74.377	5.735e-03	-1.816	3510	4.241	3.252
74.377	7.508e-03	-1.908	3514	4.335	2.918
74.377	9.929e-03	-2.013	3489	4.427	2.626
74.377	1.295e-02	-2.107	3465	4.510	2.388
74.377	1.710e-02	-2.199	3446	4.593	2.170
74.377	2.238e-02	-2.288	3426	4.671	1.983
74.377	2.914e-02	-2.374	3405	4.746	1.819
74.377	3.825e-02	-2.459	3387	4.822	1.666
74.377	5.027e-02	-2.559	3339	4.897	1.529
74.377	6.609e-02	-2.659	3284	4.968	1.408
74.377	8.686e-02	-2.757	3229	5.037	1.301
74.377	1.147e-01	-2.867	3149	5.103	1.206
74.377	1.501e-01	-2.987	3040	5.163	1.126
74.377	1.981e-01	-3.117	2914	5.218	1.056
74.377	2.610e-01	-3.269	2743	5.266	0.999
74.377	3.430e-01	-3.426	2564	5.306	0.955
74.377	4.510e-01	-3.576	2397	5.339	0.919
74.377	5.927e-01	-3.719	2244	5.367	0.890
74.377	7.824e-01	-3.858	2101	5.391	0.865
74.377	1.024e+00	-3.996	1963	5.412	0.845
74.377	1.352e+00	-4.136	1830	5.430	0.827
74.377	1.767e+00	-4.267	1712	5.445	0.813
74.377	2.323e+00	-4.394	1604	5.459	0.801
74.377	3.053e+00	-4.507	1513	5.471	0.790
74.377	4.014e+00	-4.613	1433	5.482	0.779
74.377	5.276e+00	-4.722	1355	5.494	0.769
74.377	6.964e+00	-4.843	1273	5.506	0.758
74.377	9.100e+00	-4.974	1188	5.517	0.748
75.425	1.046e-04	-0.709	3735	3.249	10.269
75.425	1.369e-04	-0.807	3670	3.316	9.505
75.425	1.797e-04	-0.903	3606	3.381	8.813
75.425	2.361e-04	-0.994	3549	3.444	8.195
75.425	3.080e-04	-1.071	3507	3.501	7.683
75.425	4.065e-04	-1.131	3477	3.546	7.292
75.425	5.322e-04	-1.162	3467	3.572	7.080
75.425	6.985e-04	-1.179	3463	3.586	6.960
75.425	9.180e-04	-1.197	3459	3.602	6.833
75.425	1.212e-03	-1.229	3451	3.631	6.610
75.425	1.586e-03	-1.310	3436	3.704	6.076
75.425	2.094e-03	-1.451	3438	3.846	5.161
75.425	2.758e-03	-1.566	3449	3.967	4.493
75.425	3.612e-03	-1.662	3468	4.073	3.976
75.425	4.729e-03	-1.749	3495	4.173	3.543
75.425	6.206e-03	-1.832	3524	4.270	3.168
75.425	8.157e-03	-1.930	3516	4.364	2.843
75.425	1.077e-02	-2.032	3491	4.454	2.565
75.425	1.407e-02	-2.124	3470	4.536	2.334
75.425	1.835e-02	-2.213	3451	4.614	2.131
75.425	2.423e-02	-2.304	3430	4.695	1.943
75.425	3.171e-02	-2.390	3410	4.771	1.779
75.425	4.162e-02	-2.477	3389	4.847	1.630
75.425	5.471e-02	-2.578	3336	4.921	1.497
75.425	7.193e-02	-2.678	3281	4.992	1.380
75.425	9.419e-02	-2.776	3223	5.059	1.278
75.425	1.233e-01	-2.884	3142	5.122	1.187
75.425	1.631e-01	-3.009	3028	5.183	1.107
75.425	2.127e-01	-3.138	2896	5.235	1.043
75.425	2.808e-01	-3.288	2727	5.281	0.989
75.425	3.675e-01	-3.443	2551	5.319	0.947
75.425	4.852e-01	-3.591	2385	5.351	0.912
75.425	6.391e-01	-3.728	2238	5.378	0.885
75.425	8.399e-01	-3.860	2103	5.401	0.861
75.425	1.104e+00	-3.994	1969	5.421	0.842
75.425	1.451e+00	-4.125	1845	5.438	0.825
75.425	1.908e+00	-4.250	1731	5.453	0.812
75.425	2.499e+00	-4.366	1631	5.465	0.800
75.425	3.271e+00	-4.471	1545	5.476	0.790
75.425	4.326e+00	-4.571	1468	5.487	0.780
75.425	5.711e+00	-4.670	1395	5.498	0.771
75.425	7.476e+00	-4.773	1323	5.509	0.761
75.425	9.868e+00	-4.896	1241	5.520	0.751
76.472	1.039e-04	-0.696	3749	3.248	10.346
76.472	1.360e-04	-0.794	3685	3.316	9.573
76.472	1.785e-04	-0.890	3620	3.381	8.874
76.472	2.346e-04	-0.982	3562	3.444	8.252
76.472	3.085e-04	-1.061	3518	3.502	7.727
76.472	4.040e-04	-1.118	3489	3.545	7.354
76.472	5.288e-04	-1.148	3477	3.569	7.148
76.472	6.941e-04	-1.166	3472	3.584	7.029
76.472	9.122e-04	-1.184	3467	3.600	6.899
76.472	1.204e-03	-1.218	3459	3.630	6.668
76.472	1.576e-03	-1.304	3441	3.707	6.100
76.472	2.085e-03	-1.444	3443	3.847	5.189
76.472	2.752e-03	-1.559	3453	3.968	4.518
76.472	3.596e-03	-1.655	3471	4.072	4.005
76.472	4.690e-03	-1.740	3497	4.171	3.577
76.472	6.156e-03	-1.822	3526	4.267	3.200
76.472	8.062e-03	-1.915	3527	4.361	2.874
76.472	1.055e-02	-2.014	3502	4.448	2.600
76.472	1.393e-02	-2.111	3480	4.533	2.356
76.472	1.824e-02	-2.201	3461	4.614	2.148
76.472	2.394e-02	-2.290	3441	4.692	1.961
76.472	3.134e-02	-2.376	3421	4.769	1.796
76.472	4.096e-02	-2.461	3403	4.844	1.647
76.472	5.385e-02	-2.561	3353	4.918	1.512
76.472	7.078e-02	-2.660	3298	4.990	1.393
76.472	9.232e-02	-2.755	3246	5.056	1.290
76.472	1.212e-01	-2.862	3168	5.121	1.198
76.472	1.593e-01	-2.983	3058	5.181	1.118
76.472	2.077e-01	-3.104	2941	5.234	1.052
76.472	2.742e-01	-3.254	2772	5.281	0.996
76.472	3.589e-01	-3.403	2602	5.320	0.952
76.472	4.747e-01	-3.554	2432	5.353	0.917
76.472	6.266e-01	-3.692	2281	5.380	0.889
76.472	8.254e-01	-3.817	2151	5.404	0.865
76.472	1.085e+00	-3.943	2023	5.423	0.845
76.472	1.426e+00	-4.067	1902	5.440	0.829
76.472	1.875e+00	-4.184	1793	5.455	0.815
76.472	2.445e+00	-4.290	1699	5.467	0.804
76.472	3.228e+00	-4.395	1610	5.478	0.794
76.472	4.225e+00	-4.482	1539	5.487	0.786
76.472	5.588e+00	-4.566	1474	5.496	0.778
76.472	7.376e+00	-4.651	1411	5.505	0.769
76.472	9.656e+00	-4.740	1348	5.515	0.761
77.520	1.020e-04	-0.679	3767	3.244	10.460
77.520	1.341e-04	-0.778	3701	3.313	9.662
77.520	1.763e-04	-0.875	3636	3.380	8.950
77.520	2.299e-04	-0.965	3577	3.441	8.338
77.520	3.018e-04	-1.044	3532	3.498	7.810
77.520	3.967e-04	-1.102	3502	3.542	7.428
77.520	5.215e-04	-1.135	3487	3.566	7.220
77.520	6.829e-04	-1.152	3481	3.581	7.102
77.520	8.996e-04	-1.171	3476	3.597	6.970
77.520	1.182e-03	-1.204	3468	3.626	6.738
77.520	1.555e-03	-1.294	3447	3.706	6.149
77.520	2.025e-03	-1.428	3446	3.839	5.272
77.520	2.673e-03	-1.543	3457	3.959	4.593
77.520	3.499e-03	-1.640	3471	4.064	4.070
77.520	4.556e-03	-1.725	3498	4.162	3.639
77.520	5.980e-03	-1.808	3525	4.258	3.256
77.520	7.859e-03	-1.896	3538	4.353	2.920
77.520	1.025e-02	-1.994	3514	4.439	2.642
77.520	1.353e-02	-2.092	3491	4.526	2.393
77.520	1.771e-02	-2.181	3473	4.606	2.181
77.520	2.338e-02	-2.272	3453	4.687	1.987
77.520	3.061e-02	-2.359	3432	4.764	1.820
77.520	4.017e-02	-2.444	3416	4.840	1.666
77.520	5.280e-02	-2.542	3371	4.915	1.529
77.520	6.969e-02	-2.644	3315	4.988	1.406
77.520	9.108e-02	-2.737	3266	5.055	1.301
77.520	1.202e-01	-2.845	3188	5.122	1.205
77.520	1.584e-01	-2.966	3080	5.183	1.123
77.520	2.081e-01	-3.088	2965	5.237	1.055
77.520	2.715e-01	-3.229	2806	5.284	1.000
77.520	3.584e-01	-3.376	2639	5.324	0.955
77.520	4.691e-01	-3.524	2469	5.356	0.920
77.520	6.192e-01	-3.660	2318	5.383	0.892
77.520	8.107e-01	-3.774	2199	5.405	0.869
77.520	1.070e+00	-3.894	2077	5.425	0.849
77.520	1.410e+00	-4.010	1961	5.442	0.833
77.520	1.853e+00	-4.118	1858	5.456	0.820
77.520	2.436e+00	-4.218	1766	5.468	0.809
77.520	3.201e+00	-4.306	1688	5.478	0.799
77.520	4.226e+00	-4.390	1616	5.486	0.792
77.520	5.532e+00	-4.456	1563	5.493	0.785
77.520	7.260e+00	-4.516	1516	5.500	0.780
77.520	9.508e+00	-4.572	1473	5.506	0.774
78.567	1.013e-04	-0.666	3780	3.244	10.541
78.567	1.326e-04	-0.763	3718	3.312	9.745
78.567	1.750e-04	-0.862	3650	3.379	9.014
78.567	2.287e-04	-0.953	3591	3.442	8.393
78.567	2.973e-04	-1.030	3545	3.496	7.881
78.567	3.878e-04	-1.086	3516	3.538	7.507
78.567	5.090e-04	-1.119	3499	3.563	7.296
78.567	6.689e-04	-1.138	3491	3.578	7.176
78.567	8.725e-04	-1.157	3485	3.593	7.049
78.567	1.154e-03	-1.190	3476	3.622	6.816
78.567	1.517e-03	-1.278	3456	3.700	6.236
78.567	1.980e-03	-1.414	3450	3.833	5.347
78.567	2.608e-03	-1.528	3460	3.952	4.663
78.567	3.414e-03	-1.626	3473	4.057	4.132
78.567	4.481e-03	-1.713	3499	4.157	3.684
78.567	5.890e-03	-1.797	3526	4.253	3.296
78.567	7.744e-03	-1.880	3549	4.348	2.955
78.567	1.018e-02	-1.982	3524	4.438	2.665
78.567	1.336e-02	-2.078	3502	4.522	2.418
78.567	1.756e-02	-2.169	3483	4.604	2.200
78.567	2.290e-02	-2.256	3464	4.682	2.012
78.567	3.006e-02	-2.344	3443	4.760	1.840
78.567	3.936e-02	-2.428	3427	4.835	1.686
78.567	5.185e-02	-2.524	3388	4.911	1.545
78.567	6.814e-02	-2.624	3333	4.984	1.422
78.567	8.888e-02	-2.717	3285	5.051	1.316
78.567	1.173e-01	-2.823	3213	5.118	1.218
78.567	1.536e-01	-2.938	3113	5.179	1.136
78.567	2.016e-01	-3.055	3005	5.234	1.066
78.567	2.649e-01	-3.197	2849	5.283	1.007
78.567	3.497e-01	-3.339	2687	5.324	0.961
78.567	4.607e-01	-3.488	2514	5.357	0.925
78.567	6.054e-01	-3.619	2368	5.384	0.896
78.567	7.960e-01	-3.733	2247	5.407	0.874
78.567	1.046e+00	-3.841	2135	5.426	0.854
78.567	1.381e+00	-3.948	2026	5.443	0.838
78.567	1.808e+00	-4.045	1931	5.456	0.825
78.567	2.386e+00	-4.134	1846	5.467	0.815
78.567	3.118e+00	-4.210	1777	5.476	0.806
78.567	4.100e+00	-4.276	1718	5.484	0.800
78.567	5.389e+00	-4.330	1671	5.490	0.794
78.567	7.029e+00	-4.373	1634	5.494	0.790
78.567	9.278e+00	-4.403	1609	5.497	0.788
80.663	1.033e-04	-0.652	3800	3.251	10.595
80.663	1.356e-04	-0.750	3738	3.320	9.783
80.663	1.782e-04	-0.848	3671	3.387	9.059
80.663	2.343e-04	-0.940	3610	3.450	8.426
80.663	3.080e-04	-1.017	3563	3.504	7.915
80.663	4.049e-04	-1.069	3536	3.542	7.576
80.663	5.303e-04	-1.095	3523	3.562	7.403
80.663	6.929e-04	-1.113	3513	3.575	7.289
80.663	9.008e-04	-1.136	3503	3.593	7.147
80.663	1.175e-03	-1.175	3490	3.625	6.881
80.663	1.551e-03	-1.287	3464	3.724	6.143
80.663	2.043e-03	-1.421	3460	3.856	5.276
80.663	2.685e-03	-1.529	3470	3.969	4.631
80.663	3.530e-03	-1.626	3483	4.073	4.110
80.663	4.623e-03	-1.711	3508	4.170	3.676
80.663	6.052e-03	-1.791	3536	4.264	3.299
80.663	7.944e-03	-1.870	3565	4.358	2.962
80.663	1.051e-02	-1.974	3540	4.449	2.666
80.663	1.381e-02	-2.070	3518	4.534	2.417
80.663	1.801e-02	-2.158	3500	4.614	2.206
80.663	2.377e-02	-2.249	3480	4.695	2.009
80.663	3.107e-02	-2.335	3461	4.771	1.840
80.663	4.052e-02	-2.418	3445	4.846	1.688
80.663	5.318e-02	-2.511	3410	4.921	1.548
80.663	6.990e-02	-2.612	3355	4.994	1.424
80.663	9.190e-02	-2.706	3306	5.063	1.315
80.663	1.208e-01	-2.809	3238	5.129	1.218
80.663	1.594e-01	-2.926	3138	5.192	1.134
80.663	2.100e-01	-3.042	3030	5.247	1.063
80.663	2.750e-01	-3.175	2885	5.295	1.007
80.663	3.600e-01	-3.307	2736	5.334	0.962
80.663	4.752e-01	-3.446	2573	5.367	0.927
80.663	6.221e-01	-3.564	2440	5.392	0.900
80.663	8.228e-01	-3.675	2316	5.413	0.879
80.663	1.086e+00	-3.762	2225	5.430	0.862
80.663	1.422e+00	-3.842	2141	5.444	0.848
80.663	1.866e+00	-3.914	2069	5.456	0.837
80.663	2.453e+00	-3.975	2007	5.464	0.828
80.663	3.225e+00	-4.023	1960	5.471	0.822
80.663	4.223e+00	-4.055	1928	5.475	0.818
80.663	5.528e+00	-4.076	1908	5.478	0.815
80.663	7.255e+00	-4.087	1898	5.479	0.814
80.663	9.535e+00	-4.092	1893	5.480	0.814
81.710	1.026e-04	-0.640	3814	3.250	10.673
81.710	1.339e-04	-0.735	3754	3.318	9.870
81.710	1.757e-04	-0.833	3687	3.384	9.140
81.710	2.310e-04	-0.925	3626	3.447	8.501
81.710	3.037e-04	-1.003	3577	3.502	7.985
81.710	3.991e-04	-1.054	3549	3.539	7.646
81.710	5.247e-04	-1.081	3535	3.560	7.471
81.710	6.871e-04	-1.099	3526	3.573	7.355
81.710	9.052e-04	-1.124	3513	3.592	7.199
81.710	1.190e-03	-1.170	3496	3.629	6.899
81.710	1.547e-03	-1.284	3469	3.730	6.143
81.710	2.008e-03	-1.410	3463	3.853	5.333
81.710	2.639e-03	-1.517	3474	3.965	4.684
81.710	3.442e-03	-1.612	3485	4.066	4.173
81.710	4.518e-03	-1.697	3509	4.163	3.730
81.710	5.938e-03	-1.779	3536	4.258	3.343
81.710	7.807e-03	-1.855	3574	4.352	3.001
81.710	1.026e-02	-1.956	3551	4.442	2.705
81.710	1.354e-02	-2.054	3528	4.529	2.448
81.710	1.770e-02	-2.143	3510	4.609	2.231
81.710	2.327e-02	-2.233	3491	4.690	2.034
81.710	3.047e-02	-2.320	3471	4.767	1.861
81.710	3.982e-02	-2.403	3456	4.842	1.706
81.710	5.194e-02	-2.492	3428	4.916	1.567
81.710	6.869e-02	-2.595	3372	4.991	1.438
81.710	8.960e-02	-2.687	3325	5.059	1.330
81.710	1.183e-01	-2.789	3260	5.127	1.230
81.710	1.558e-01	-2.901	3168	5.189	1.144
81.710	2.048e-01	-3.017	3060	5.245	1.073
81.710	2.688e-01	-3.143	2928	5.294	1.014
81.710	3.532e-01	-3.274	2779	5.334	0.968
81.710	4.644e-01	-3.405	2626	5.367	0.932
81.710	6.104e-01	-3.524	2489	5.393	0.905
81.710	8.057e-01	-3.630	2368	5.413	0.884
81.710	1.055e+00	-3.708	2285	5.429	0.869
81.710	1.395e+00	-3.778	2212	5.442	0.856
81.710	1.834e+00	-3.837	2150	5.452	0.846
81.710	2.410e+00	-3.885	2102	5.460	0.838
81.710	3.182e+00	-3.920	2066	5.465	0.833
81.710	4.191e+00	-3.942	2043	5.469	0.830
81.710	5.488e+00	-3.954	2032	5.470	0.828
81.710	7.172e+00	-3.958	2028	5.471	0.828
81.710	9.467e+00	-3.960	2026	5.471	0.827
83.805	1.042e-04	-0.625	3834	3.255	10.740
83.805	1.362e-04	-0.721	3774	3.324	9.923
83.805	1.776e-04	-0.816	3710	3.389	9.204
83.805	2.331e-04	-0.908	3648	3.452	8.567
83.805	3.053e-04	-0.983	3599	3.503	8.072
83.805	3.996e-04	-1.030	3573	3.538	7.760
83.805	5.275e-04	-1.055	3559	3.556	7.595
83.805	6.894e-04	-1.073	3550	3.570	7.477
83.805	9.100e-04	-1.101	3536	3.591	7.302
83.805	1.191e-03	-1.154	3512	3.632	6.961
83.805	1.545e-03	-1.280	3480	3.742	6.131
83.805	1.900e-03	-1.379	3472	3.837	5.496
83.805	2.414e-03	-1.474	3479	3.936	4.906
83.805	3.160e-03	-1.572	3489	4.038	4.361
83.805	4.114e-03	-1.658	3506	4.133	3.911
83.805	5.431e-03	-1.741	3532	4.229	3.501
83.805	7.109e-03	-1.815	3569	4.321	3.150
83.805	9.384e-03	-1.905	3576	4.414	2.829
83.805	1.236e-02	-2.005	3552	4.502	2.557
83.805	1.619e-02	-2.095	3535	4.584	2.325
83.805	2.119e-02	-2.184	3516	4.664	2.121
83.805	2.797e-02	-2.275	3495	4.744	1.934
83.805	3.655e-02	-2.358	3480	4.820	1.772
83.805	4.768e-02	-2.441	3463	4.895	1.626
83.805	6.258e-02	-2.539	3417	4.969	1.493
83.805	8.225e-02	-2.636	3366	5.040	1.376
83.805	1.081e-01	-2.730	3316	5.109	1.271
83.805	1.416e-01	-2.834	3241	5.172	1.182
83.805	1.854e-01	-2.947	3139	5.230	1.106
83.805	2.447e-01	-3.058	3035	5.282	1.041
83.805	3.203e-01	-3.184	2893	5.325	0.991
83.805	4.228e-01	-3.305	2755	5.361	0.951
83.805	5.526e-01	-3.417	2622	5.388	0.922
83.805	7.265e-01	-3.513	2511	5.408	0.901
83.805	9.548e-01	-3.589	2424	5.423	0.885
83.805	1.255e+00	-3.649	2357	5.434	0.875
83.805	1.650e+00	-3.683	2320	5.441	0.868
83.805	2.152e+00	-3.708	2294	5.446	0.863
83.805	2.841e+00	-3.724	2277	5.449	0.859
83.805	3.719e+00	-3.732	2268	5.451	0.858
83.805	4.909e+00	-3.736	2265	5.451	0.857
83.805	6.466e+00	-3.737	2263	5.451	0.857
83.805	8.570e+00	-3.737	2263	5.452	0.857
85.900	1.039e-04	-0.604	3858	3.256	10.865
85.900	1.363e-04	-0.702	3798	3.326	10.021
85.900	1.785e-04	-0.798	3733	3.393	9.281
85.900	2.337e-04	-0.888	3672	3.454	8.649
85.900	3.068e-04	-0.962	3623	3.505	8.162
85.900	4.032e-04	-1.006	3597	3.536	7.869
85.900	5.259e-04	-1.029	3584	3.553	7.722
85.900	6.903e-04	-1.048	3574	3.567	7.597
85.900	9.072e-04	-1.077	3558	3.589	7.407
85.900	1.197e-03	-1.143	3526	3.638	6.996
85.900	1.568e-03	-1.284	3489	3.761	6.075
85.900	2.073e-03	-1.408	3482	3.882	5.284
85.900	2.726e-03	-1.510	3491	3.988	4.676
85.900	3.582e-03	-1.603	3503	4.087	4.173
85.900	4.673e-03	-1.685	3524	4.179	3.753
85.900	6.168e-03	-1.764	3554	4.274	3.367
85.900	8.075e-03	-1.836	3594	4.365	3.032
85.900	1.060e-02	-1.931	3583	4.454	2.734
85.900	1.388e-02	-2.026	3562	4.539	2.481
85.900	1.817e-02	-2.116	3545	4.620	2.259
85.900	2.385e-02	-2.205	3525	4.700	2.060
85.900	3.123e-02	-2.291	3507	4.778	1.884
85.900	4.081e-02	-2.375	3492	4.854	1.727
85.900	5.365e-02	-2.462	3471	4.930	1.581
85.900	7.026e-02	-2.560	3419	5.003	1.454
85.900	9.197e-02	-2.654	3373	5.072	1.343
85.900	1.214e-01	-2.751	3316	5.140	1.241
85.900	1.589e-01	-2.854	3239	5.202	1.156
85.900	2.098e-01	-2.968	3133	5.258	1.084
85.900	2.746e-01	-3.071	3035	5.306	1.026
85.900	3.605e-01	-3.190	2899	5.345	0.981
85.900	4.737e-01	-3.293	2779	5.375	0.947
85.900	6.179e-01	-3.384	2672	5.398	0.923
85.900	8.110e-01	-3.458	2584	5.414	0.906
85.900	1.066e+00	-3.509	2525	5.424	0.895
85.900	1.390e+00	-3.540	2490	5.431	0.888
85.900	1.810e+00	-3.558	2469	5.435	0.885
85.900	2.390e+00	-3.567	2458	5.436	0.883
85.900	3.148e+00	-3.569	2456	5.437	0.883
85.900	4.172e+00	-3.570	2455	5.437	0.882
85.900	5.541e+00	-3.570	2455	5.437	0.882
85.900	7.375e+00	-3.570	2455	5.437	0.882
85.900	9.816e+00	-3.571	2454	5.437	0.882
87.996	1.014e-04	-0.576	3886	3.251	11.060
87.996	1.326e-04	-0.673	3827	3.321	10.205
87.996	1.729e-04	-0.767	3765	3.387	9.455
87.996	2.283e-04	-0.861	3701	3.451	8.787
87.996	2.988e-04	-0.934	3652	3.501	8.298
87.996	3.922e-04	-0.978	3624	3.532	8.006
87.996	5.155e-04	-1.001	3610	3.548	7.855
87.996	6.723e-04	-1.021	3599	3.562	7.730
87.996	8.892e-04	-1.052	3582	3.586	7.525
87.996	1.169e-03	-1.122	3546	3.637	7.088
87.996	1.531e-03	-1.267	3502	3.761	6.148
87.996	2.025e-03	-1.391	3491	3.880	5.361
87.996	2.663e-03	-1.492	3499	3.985	4.754
87.996	3.500e-03	-1.584	3510	4.082	4.247
87.996	4.565e-03	-1.667	3528	4.174	3.824
87.996	5.944e-03	-1.742	3554	4.262	3.452
87.996	7.846e-03	-1.815	3596	4.355	3.102
87.996	1.027e-02	-1.902	3603	4.445	2.798
87.996	1.348e-02	-1.998	3581	4.531	2.534
87.996	1.772e-02	-2.090	3564	4.614	2.302
87.996	2.311e-02	-2.177	3545	4.693	2.103
87.996	3.033e-02	-2.265	3527	4.771	1.921
87.996	3.986e-02	-2.350	3512	4.849	1.757
87.996	5.241e-02	-2.435	3494	4.926	1.608
87.996	6.888e-02	-2.533	3448	5.000	1.476
87.996	9.093e-02	-2.629	3401	5.072	1.358
87.996	1.188e-01	-2.720	3352	5.139	1.259
87.996	1.545e-01	-2.818	3282	5.199	1.174
87.996	2.015e-01	-2.923	3188	5.254	1.102
87.996	2.660e-01	-3.023	3096	5.303	1.042
87.996	3.503e-01	-3.131	2978	5.344	0.994
87.996	4.604e-01	-3.226	2869	5.374	0.960
87.996	6.006e-01	-3.302	2780	5.395	0.937
87.996	7.928e-01	-3.363	2708	5.410	0.921
87.996	1.038e+00	-3.403	2660	5.419	0.912
87.996	1.370e+00	-3.424	2634	5.423	0.907
87.996	1.793e+00	-3.432	2624	5.425	0.905
87.996	2.367e+00	-3.435	2621	5.426	0.904
87.996	3.144e+00	-3.436	2620	5.426	0.904
87.996	4.185e+00	-3.436	2620	5.426	0.904
87.996	5.570e+00	-3.436	2620	5.426	0.904
87.996	7.414e+00	-3.436	2620	5.426	0.904
87.996	9.868e+00	-3.437	2619	5.426	0.904
90.091	1.039e-04	-0.567	3901	3.259	11.093
90.091	1.361e-04	-0.663	3843	3.329	10.228
90.091	1.786e-04	-0.759	3781	3.397	9.461
90.091	2.347e-04	-0.849	3719	3.458	8.817
90.091	3.062e-04	-0.916	3674	3.504	8.364
90.091	4.041e-04	-0.956	3648	3.532	8.102
90.091	5.290e-04	-0.977	3635	3.546	7.966
90.091	6.944e-04	-0.999	3622	3.562	7.825
90.091	9.126e-04	-1.036	3601	3.589	7.587
90.091	1.205e-03	-1.129	3552	3.658	7.008
90.091	1.532e-03	-1.262	3513	3.772	6.142
90.091	1.999e-03	-1.379	3500	3.882	5.411
90.091	2.628e-03	-1.478	3506	3.985	4.809
90.091	3.455e-03	-1.569	3517	4.081	4.303
90.091	4.541e-03	-1.654	3533	4.174	3.867
90.091	5.923e-03	-1.730	3559	4.263	3.492
90.091	7.774e-03	-1.801	3600	4.353	3.147
90.091	1.022e-02	-1.882	3620	4.444	2.835
90.091	1.333e-02	-1.977	3599	4.528	2.571
90.091	1.749e-02	-2.068	3581	4.612	2.336
90.091	2.299e-02	-2.159	3563	4.693	2.128
90.091	2.998e-02	-2.244	3545	4.770	1.947
90.091	3.935e-02	-2.329	3530	4.847	1.781
90.091	5.172e-02	-2.414	3513	4.924	1.630
90.091	6.746e-02	-2.505	3477	4.997	1.499
90.091	8.905e-02	-2.602	3430	5.070	1.378
90.091	1.166e-01	-2.693	3382	5.137	1.276
90.091	1.530e-01	-2.791	3316	5.200	1.187
90.091	2.011e-01	-2.893	3229	5.257	1.112
90.091	2.623e-01	-2.987	3143	5.303	1.054
90.091	3.462e-01	-3.077	3053	5.343	1.007
90.091	4.579e-01	-3.169	2946	5.373	0.973
90.091	5.994e-01	-3.231	2874	5.392	0.951
90.091	7.867e-01	-3.276	2821	5.405	0.937
90.091	1.034e+00	-3.303	2790	5.412	0.930
90.091	1.349e+00	-3.315	2775	5.415	0.926
90.091	1.756e+00	-3.319	2770	5.416	0.925
90.091	2.318e+00	-3.321	2768	5.417	0.925
90.091	3.079e+00	-3.321	2768	5.417	0.925
90.091	4.098e+00	-3.321	2768	5.417	0.925
90.091	5.455e+00	-3.321	2768	5.417	0.925
90.091	7.260e+00	-3.322	2767	5.417	0.925
90.091	9.663e+00	-3.322	2767	5.417	0.924
92.186	1.002e-04	-0.538	3924	3.250	11.336
92.186	1.322e-04	-0.635	3871	3.323	10.417
92.186	1.728e-04	-0.729	3812	3.391	9.640
92.186	2.272e-04	-0.820	3750	3.453	8.975
92.186	2.986e-04	-0.889	3702	3.500	8.499
92.186	3.925e-04	-0.928	3677	3.527	8.239
92.186	5.159e-04	-0.950	3662	3.542	8.098
92.186	6.729e-04	-0.972	3648	3.557	7.956
92.186	8.900e-04	-1.011	3624	3.586	7.702
92.186	1.170e-03	-1.107	3573	3.656	7.100
92.186	1.538e-03	-1.260	3522	3.784	6.127
92.186	2.030e-03	-1.378	3509	3.895	5.392
92.186	2.657e-03	-1.473	3514	3.994	4.815
92.186	3.508e-03	-1.564	3526	4.090	4.309
92.186	4.584e-03	-1.647	3540	4.180	3.887
92.186	5.979e-03	-1.721	3566	4.267	3.514
92.186	7.848e-03	-1.791	3607	4.357	3.170
92.186	1.031e-02	-1.868	3635	4.447	2.856
92.186	1.361e-02	-1.967	3614	4.536	2.578
92.186	1.782e-02	-2.058	3597	4.619	2.345
92.186	2.339e-02	-2.148	3578	4.699	2.136
92.186	3.074e-02	-2.235	3561	4.779	1.950
92.186	4.010e-02	-2.318	3546	4.855	1.787
92.186	5.293e-02	-2.405	3530	4.933	1.633
92.186	6.917e-02	-2.495	3497	5.006	1.500
92.186	9.023e-02	-2.587	3452	5.076	1.384
92.186	1.191e-01	-2.680	3404	5.145	1.279
92.186	1.556e-01	-2.774	3342	5.207	1.191
92.186	2.046e-01	-2.870	3264	5.262	1.117
92.186	2.689e-01	-2.962	3179	5.309	1.060
92.186	3.508e-01	-3.038	3108	5.344	1.017
92.186	4.631e-01	-3.114	3021	5.372	0.985
92.186	6.100e-01	-3.168	2958	5.389	0.966
92.186	7.988e-01	-3.199	2922	5.399	0.955
92.186	1.046e+00	-3.214	2905	5.404	0.950
92.186	1.380e+00	-3.220	2898	5.405	0.948
92.186	1.807e+00	-3.222	2896	5.406	0.947
92.186	2.400e+00	-3.222	2895	5.406	0.947
92.186	3.194e+00	-3.222	2895	5.406	0.947
92.186	4.252e+00	-3.223	2895	5.406	0.947
92.186	5.659e+00	-3.223	2894	5.406	0.947
92.186	7.532e+00	-3.223	2894	5.406	0.947
92.186	1.000e+01	-3.224	2894	5.407	0.946
94.281	1.021e-04	-0.528	3938	3.256	11.383
94.281	1.348e-04	-0.624	3888	3.330	10.458
94.281	1.765e-04	-0.718	3829	3.397	9.675
94.281	2.330e-04	-0.807	3768	3.459	9.013
94.281	3.045e-04	-0.870	3725	3.502	8.578
94.281	4.003e-04	-0.905	3702	3.526	8.344
94.281	5.242e-04	-0.926	3688	3.540	8.209
94.281	6.905e-04	-0.951	3672	3.557	8.046
94.281	9.075e-04	-0.997	3643	3.590	7.751
94.281	1.193e-03	-1.117	3577	3.678	7.003
94.281	1.578e-03	-1.266	3530	3.804	6.060
94.281	2.074e-03	-1.378	3517	3.909	5.366
94.281	2.727e-03	-1.472	3522	4.007	4.796
94.281	3.571e-03	-1.559	3534	4.099	4.314
94.281	4.675e-03	-1.642	3547	4.188	3.893
94.281	6.135e-03	-1.716	3576	4.277	3.515
94.281	8.064e-03	-1.786	3616	4.366	3.171
94.281	1.052e-02	-1.858	3650	4.454	2.866
94.281	1.380e-02	-1.955	3629	4.541	2.593
94.281	1.814e-02	-2.047	3612	4.625	2.354
94.281	2.385e-02	-2.138	3593	4.707	2.143
94.281	3.124e-02	-2.224	3577	4.785	1.958
94.281	4.089e-02	-2.308	3562	4.862	1.792
94.281	5.398e-02	-2.394	3546	4.940	1.638
94.281	7.054e-02	-2.482	3518	5.014	1.504
94.281	9.274e-02	-2.577	3472	5.086	1.385
94.281	1.215e-01	-2.667	3425	5.153	1.282
94.281	1.590e-01	-2.758	3367	5.214	1.195
94.281	2.087e-01	-2.848	3298	5.268	1.123
94.281	2.743e-01	-2.935	3217	5.312	1.067
94.281	3.606e-01	-3.005	3152	5.346	1.026
94.281	4.722e-01	-3.060	3095	5.370	0.998
94.281	6.220e-01	-3.104	3045	5.385	0.981
94.281	8.175e-01	-3.126	3019	5.392	0.973
94.281	1.066e+00	-3.134	3009	5.395	0.970
94.281	1.400e+00	-3.136	3006	5.395	0.969
94.281	1.855e+00	-3.137	3006	5.396	0.969
94.281	2.469e+00	-3.137	3005	5.396	0.969
94.281	3.286e+00	-3.137	3005	5.396	0.969
94.281	4.364e+00	-3.138	3005	5.396	0.969
94.281	5.809e+00	-3.138	3005	5.396	0.969
94.281	7.732e+00	-3.138	3004	5.396	0.969
94.281	1.000e+01	-3.139	3004	5.396	0.969
96.376	1.013e-04	-0.509	3956	3.255	11.525
96.376	1.326e-04	-0.600	3913	3.327	10.611
96.376	1.754e-04	-0.698	3852	3.397	9.784
96.376	2.306e-04	-0.785	3794	3.457	9.126
96.376	3.031e-04	-0.847	3750	3.500	8.689
96.376	3.985e-04	-0.880	3728	3.523	8.465
96.376	5.219e-04	-0.901	3715	3.537	8.328
96.376	6.874e-04	-0.928	3697	3.555	8.152
96.376	9.035e-04	-0.979	3664	3.591	7.824
96.376	1.188e-03	-1.113	3589	3.689	6.990
96.376	1.571e-03	-1.258	3541	3.811	6.076
96.376	2.065e-03	-1.368	3526	3.914	5.396
96.376	2.715e-03	-1.462	3530	4.010	4.833
96.376	3.568e-03	-1.548	3541	4.102	4.348
96.376	4.654e-03	-1.630	3553	4.189	3.933
96.376	6.143e-03	-1.706	3581	4.278	3.547
96.376	8.042e-03	-1.774	3621	4.366	3.207
96.376	1.055e-02	-1.845	3659	4.455	2.894
96.376	1.382e-02	-1.939	3645	4.542	2.618
96.376	1.809e-02	-2.030	3628	4.625	2.379
96.376	2.375e-02	-2.120	3610	4.706	2.167
96.376	3.121e-02	-2.208	3593	4.786	1.977
96.376	4.071e-02	-2.291	3580	4.862	1.811
96.376	5.343e-02	-2.375	3563	4.939	1.658
96.376	7.023e-02	-2.461	3542	5.015	1.519
96.376	9.160e-02	-2.554	3498	5.085	1.401
96.376	1.202e-01	-2.644	3451	5.153	1.296
96.376	1.580e-01	-2.733	3399	5.215	1.207
96.376	2.077e-01	-2.820	3335	5.268	1.135
96.376	2.730e-01	-2.901	3262	5.312	1.080
96.376	3.590e-01	-2.965	3202	5.343	1.041
96.376	4.701e-01	-3.009	3161	5.365	1.016
96.376	6.143e-01	-3.038	3131	5.378	1.001
96.376	7.986e-01	-3.053	3115	5.384	0.994
96.376	1.042e+00	-3.059	3108	5.386	0.991
96.376	1.356e+00	-3.061	3107	5.387	0.990
96.376	1.790e+00	-3.061	3106	5.387	0.990
96.376	2.378e+00	-3.062	3106	5.387	0.990
96.376	3.165e+00	-3.062	3106	5.387	0.990
96.376	4.213e+00	-3.062	3106	5.387	0.990
96.376	5.608e+00	-3.062	3105	5.387	0.990
96.376	7.464e+00	-3.063	3105	5.387	0.990
96.376	9.934e+00	-3.063	3104	5.387	0.989
98.471	1.021e-04	-0.496	3972	3.258	11.613
98.471	1.341e-04	-0.587	3931	3.330	10.677
98.471	1.771e-04	-0.684	3871	3.400	9.851
98.471	2.318e-04	-0.767	3816	3.459	9.210
98.471	3.042e-04	-0.826	3775	3.499	8.792
98.471	3.998e-04	-0.856	3754	3.520	8.581
98.471	5.215e-04	-0.877	3741	3.534	8.444
98.471	6.780e-04	-0.904	3723	3.553	8.265
98.471	8.899e-04	-0.958	3687	3.591	7.913
98.471	1.170e-03	-1.102	3604	3.694	7.022
98.471	1.540e-03	-1.244	3553	3.812	6.136
98.471	2.015e-03	-1.352	3535	3.911	5.470
98.471	2.645e-03	-1.445	3536	4.005	4.910
98.471	3.464e-03	-1.529	3547	4.095	4.428
98.471	4.535e-03	-1.612	3558	4.182	4.004
98.471	5.952e-03	-1.687	3582	4.269	3.623
98.471	7.822e-03	-1.756	3622	4.358	3.273
98.471	1.020e-02	-1.824	3661	4.444	2.962
98.471	1.339e-02	-1.912	3663	4.532	2.676
98.471	1.760e-02	-2.005	3646	4.618	2.426
98.471	2.296e-02	-2.093	3628	4.698	2.213
98.471	3.030e-02	-2.183	3611	4.779	2.015
98.471	3.960e-02	-2.266	3598	4.856	1.844
98.471	5.165e-02	-2.349	3582	4.931	1.690
98.471	6.818e-02	-2.435	3565	5.009	1.547
98.471	8.981e-02	-2.528	3525	5.082	1.421
98.471	1.180e-01	-2.619	3478	5.151	1.313
98.471	1.540e-01	-2.702	3433	5.211	1.225
98.471	2.021e-01	-2.786	3373	5.264	1.152
98.471	2.656e-01	-2.861	3313	5.307	1.097
98.471	3.464e-01	-2.920	3257	5.337	1.059
98.471	4.547e-01	-2.960	3220	5.357	1.035
98.471	5.954e-01	-2.983	3198	5.368	1.022
98.471	7.781e-01	-2.993	3188	5.373	1.016
98.471	1.023e+00	-2.997	3185	5.375	1.014
98.471	1.345e+00	-2.998	3184	5.376	1.014
98.471	1.790e+00	-2.998	3184	5.376	1.014
98.471	2.382e+00	-2.998	3183	5.376	1.013
98.471	3.170e+00	-2.999	3183	5.376	1.013
98.471	4.220e+00	-2.999	3183	5.376	1.013
98.471	5.616e+00	-2.999	3183	5.376	1.013
98.471	7.475e+00	-2.999	3182	5.376	1.013
98.471	9.950e+00	-3.000	3182	5.376	1.013
100.566	1.024e-04	-0.481	3988	3.259	11.713
100.566	1.352e-04	-0.574	3946	3.333	10.754
100.566	1.781e-04	-0.668	3890	3.403	9.928
100.566	2.340e-04	-0.750	3837	3.461	9.286
100.566	3.053e-04	-0.804	3800	3.498	8.897
100.566	4.030e-04	-0.833	3780	3.518	8.695
100.566	5.266e-04	-0.854	3766	3.532	8.552
100.566	6.951e-04	-0.886	3744	3.554	8.338
100.566	9.100e-04	-0.953	3700	3.600	7.909
100.566	1.194e-03	-1.112	3607	3.716	6.923
100.566	1.550e-03	-1.240	3562	3.822	6.128
100.566	2.039e-03	-1.349	3543	3.921	5.468
100.566	2.679e-03	-1.441	3544	4.013	4.916
100.566	3.523e-03	-1.525	3555	4.103	4.433
100.566	4.630e-03	-1.607	3566	4.191	4.007
100.566	6.039e-03	-1.680	3589	4.275	3.637
100.566	7.971e-03	-1.750	3630	4.364	3.282
100.566	1.043e-02	-1.818	3669	4.452	2.968
100.566	1.377e-02	-1.905	3676	4.542	2.675
100.566	1.814e-02	-1.999	3659	4.628	2.423
100.566	2.385e-02	-2.090	3641	4.710	2.204
100.566	3.110e-02	-2.175	3626	4.788	2.015
100.566	4.106e-02	-2.262	3612	4.868	1.838
100.566	5.365e-02	-2.345	3596	4.944	1.684
100.566	6.998e-02	-2.426	3581	5.018	1.547
100.566	9.238e-02	-2.519	3543	5.092	1.420
100.566	1.209e-01	-2.608	3498	5.158	1.315
100.566	1.587e-01	-2.691	3453	5.219	1.227
100.566	2.086e-01	-2.770	3399	5.270	1.156
100.566	2.743e-01	-2.835	3350	5.310	1.104
100.566	3.605e-01	-2.889	3300	5.338	1.070
100.566	4.739e-01	-2.920	3270	5.353	1.051
100.566	6.229e-01	-2.936	3255	5.361	1.042
100.566	8.125e-01	-2.942	3250	5.364	1.038
100.566	1.072e+00	-2.943	3248	5.365	1.037
100.566	1.425e+00	-2.944	3248	5.365	1.037
100.566	1.896e+00	-2.944	3248	5.365	1.037
100.566	2.524e+00	-2.944	3248	5.365	1.037
100.566	3.359e+00	-2.944	3248	5.365	1.037
100.566	4.471e+00	-2.944	3247	5.365	1.037
100.566	5.951e+00	-2.945	3247	5.365	1.037
100.566	7.920e+00	-2.945	3247	5.366	1.036
102.661	1.029e-04	-0.468	4003	3.261	11.808
102.661	1.347e-04	-0.558	3963	3.333	10.866
102.661	1.768e-04	-0.649	3912	3.402	10.040
102.661	2.324e-04	-0.729	3860	3.460	9.396
102.661	3.031e-04	-0.781	3825	3.496	9.014
102.661	4.001e-04	-0.809	3806	3.515	8.816
102.661	5.229e-04	-0.831	3791	3.530	8.668
102.661	6.902e-04	-0.865	3768	3.553	8.437
102.661	9.036e-04	-0.938	3719	3.604	7.958
102.661	1.193e-03	-1.108	3618	3.726	6.915
102.661	1.561e-03	-1.237	3571	3.832	6.119
102.661	2.061e-03	-1.345	3551	3.930	5.466
102.661	2.698e-03	-1.434	3551	4.020	4.931
102.661	3.561e-03	-1.518	3563	4.109	4.447
102.661	4.662e-03	-1.599	3573	4.195	4.029
102.661	6.119e-03	-1.673	3596	4.281	3.651
102.661	8.042e-03	-1.741	3636	4.368	3.303
102.661	1.049e-02	-1.809	3675	4.453	2.992
102.661	1.377e-02	-1.889	3691	4.542	2.703
102.661	1.809e-02	-1.983	3675	4.627	2.449
102.661	2.379e-02	-2.074	3657	4.710	2.226
102.661	3.127e-02	-2.162	3641	4.791	2.029
102.661	4.078e-02	-2.245	3628	4.868	1.858
102.661	5.353e-02	-2.330	3613	4.945	1.700
102.661	7.035e-02	-2.413	3598	5.021	1.557
102.661	9.177e-02	-2.499	3567	5.092	1.435
102.661	1.204e-01	-2.588	3522	5.159	1.328
102.661	1.566e-01	-2.667	3480	5.217	1.242
102.661	2.035e-01	-2.739	3435	5.266	1.174
102.661	2.665e-01	-2.799	3392	5.305	1.123
102.661	3.483e-01	-2.845	3353	5.331	1.089
102.661	4.580e-01	-2.875	3326	5.346	1.071
102.661	5.997e-01	-2.888	3313	5.353	1.063
102.661	7.837e-01	-2.892	3309	5.355	1.060
102.661	1.030e+00	-2.893	3308	5.355	1.059
102.661	1.366e+00	-2.893	3308	5.356	1.059
102.661	1.818e+00	-2.894	3308	5.356	1.059
102.661	2.419e+00	-2.894	3308	5.356	1.059
102.661	3.220e+00	-2.894	3308	5.356	1.059
102.661	4.286e+00	-2.894	3307	5.356	1.059
102.661	5.704e+00	-2.894	3307	5.356	1.059
102.661	7.593e+00	-2.895	3307	5.356	1.058
102.661	1.000e+01	-2.895	3306	5.356	1.058
104.757	1.018e-04	-0.450	4019	3.259	11.959
104.757	1.338e-04	-0.540	3979	3.332	10.988
104.757	1.746e-04	-0.628	3934	3.400	10.170
104.757	2.304e-04	-0.708	3883	3.458	9.510
104.757	3.011e-04	-0.759	3850	3.493	9.131
104.757	3.959e-04	-0.785	3832	3.512	8.938
104.757	5.185e-04	-0.807	3817	3.527	8.783
104.757	6.829e-04	-0.843	3792	3.552	8.538
104.757	8.976e-04	-0.926	3736	3.608	7.996
104.757	1.180e-03	-1.098	3633	3.731	6.942
104.757	1.551e-03	-1.228	3582	3.837	6.147
104.757	2.036e-03	-1.333	3560	3.931	5.515
104.757	2.666e-03	-1.422	3558	4.020	4.981
104.757	3.490e-03	-1.503	3569	4.106	4.511
104.757	4.544e-03	-1.581	3579	4.189	4.099
104.757	5.964e-03	-1.657	3598	4.274	3.717
104.757	7.838e-03	-1.725	3637	4.360	3.366
104.757	1.022e-02	-1.791	3676	4.445	3.051
104.757	1.342e-02	-1.865	3708	4.534	2.756
104.757	1.764e-02	-1.959	3691	4.620	2.495
104.757	2.319e-02	-2.051	3673	4.704	2.267
104.757	3.048e-02	-2.139	3658	4.784	2.065
104.757	3.975e-02	-2.222	3645	4.862	1.889
104.757	5.247e-02	-2.309	3630	4.941	1.725
104.757	6.869e-02	-2.391	3615	5.016	1.582
104.757	9.016e-02	-2.475	3593	5.089	1.454
104.757	1.185e-01	-2.565	3548	5.157	1.344
104.757	1.555e-01	-2.646	3505	5.217	1.255
104.757	2.037e-01	-2.714	3466	5.266	1.186
104.757	2.661e-01	-2.771	3426	5.303	1.137
104.757	3.499e-01	-2.810	3397	5.327	1.105
104.757	4.582e-01	-2.833	3378	5.340	1.089
104.757	5.988e-01	-2.843	3368	5.345	1.083
104.757	7.873e-01	-2.846	3365	5.347	1.081
104.757	1.035e+00	-2.847	3365	5.347	1.080
104.757	1.377e+00	-2.847	3365	5.347	1.080
104.757	1.833e+00	-2.847	3365	5.347	1.080
104.757	2.440e+00	-2.847	3364	5.347	1.080
104.757	3.247e+00	-2.847	3364	5.347	1.080
104.757	4.322e+00	-2.848	3364	5.348	1.080
104.757	5.753e+00	-2.848	3364	5.348	1.080
104.757	7.657e+00	-2.848	3363	5.348	1.079
104.757	1.000e+01	-2.849	3363	5.348	1.079
