Mass/Mjup	Age/Gyr	log(L/Lsun)	Teff	log(g)	Radius/Rjup
0.047	1.018e-04	-6.019	471	1.756	1.433
0.047	1.333e-04	-6.135	456	1.816	1.336
0.047	1.756e-04	-6.246	442	1.876	1.247
0.047	2.308e-04	-6.374	425	1.932	1.169
0.047	3.052e-04	-6.493	409	1.986	1.099
0.047	4.036e-04	-6.605	395	2.038	1.035
0.047	5.328e-04	-6.720	381	2.089	0.976
0.047	7.018e-04	-6.834	367	2.137	0.924
0.047	9.224e-04	-6.952	352	2.184	0.875
0.047	1.220e-03	-7.077	336	2.229	0.831
0.047	1.610e-03	-7.201	321	2.271	0.791
0.047	2.121e-03	-7.327	305	2.311	0.756
0.047	2.788e-03	-7.456	289	2.347	0.725
0.047	3.687e-03	-7.580	275	2.381	0.698
0.047	4.867e-03	-7.705	260	2.412	0.673
0.047	6.436e-03	-7.827	247	2.443	0.650
0.047	8.426e-03	-7.946	234	2.471	0.629
0.047	1.112e-02	-8.068	222	2.497	0.610
0.047	1.456e-02	-8.186	210	2.522	0.593
0.047	1.911e-02	-8.304	199	2.544	0.578
0.047	2.512e-02	-8.424	188	2.566	0.563
0.047	3.315e-02	-8.546	177	2.587	0.550
0.047	4.340e-02	-8.665	167	2.607	0.538
0.047	5.740e-02	-8.789	158	2.626	0.526
0.047	7.546e-02	-8.915	148	2.645	0.515
0.047	9.918e-02	-9.039	139	2.662	0.504
0.047	1.302e-01	-9.162	131	2.679	0.495
0.047	1.705e-01	-9.283	123	2.694	0.486
0.047	2.232e-01	-9.401	116	2.709	0.478
0.047	2.946e-01	-9.524	109	2.724	0.470
0.047	3.856e-01	-9.643	103	2.737	0.463
0.047	5.090e-01	-9.763	97	2.751	0.456
0.047	6.663e-01	-9.878	91	2.763	0.449
0.047	8.812e-01	-9.999	86	2.776	0.443
0.047	1.159e+00	-10.119	80	2.788	0.437
0.047	1.523e+00	-10.240	76	2.800	0.431
0.047	2.014e+00	-10.348	71	2.811	0.425
0.063	1.015e-04	-5.846	518	1.873	1.445
0.063	1.343e-04	-5.936	507	1.928	1.357
0.063	1.776e-04	-6.046	491	1.981	1.277
0.063	2.344e-04	-6.155	475	2.033	1.202
0.063	3.088e-04	-6.270	458	2.083	1.135
0.063	4.059e-04	-6.387	440	2.131	1.074
0.063	5.368e-04	-6.513	420	2.178	1.017
0.063	7.099e-04	-6.629	403	2.222	0.967
0.063	9.388e-04	-6.737	388	2.265	0.920
0.063	1.239e-03	-6.853	372	2.307	0.877
0.063	1.639e-03	-6.972	356	2.347	0.837
0.063	2.167e-03	-7.100	338	2.387	0.800
0.063	2.855e-03	-7.228	321	2.424	0.767
0.063	3.752e-03	-7.358	303	2.457	0.738
0.063	4.933e-03	-7.491	286	2.489	0.711
0.063	6.524e-03	-7.623	270	2.518	0.688
0.063	8.575e-03	-7.748	255	2.545	0.667
0.063	1.127e-02	-7.871	241	2.570	0.648
0.063	1.482e-02	-7.995	227	2.594	0.630
0.063	1.948e-02	-8.119	215	2.616	0.614
0.063	2.576e-02	-8.247	202	2.637	0.599
0.063	3.407e-02	-8.376	190	2.658	0.585
0.063	4.478e-02	-8.506	178	2.677	0.573
0.063	5.923e-02	-8.640	166	2.696	0.561
0.063	7.787e-02	-8.772	156	2.713	0.550
0.063	1.030e-01	-8.910	145	2.730	0.539
0.063	1.362e-01	-9.043	136	2.746	0.529
0.063	1.790e-01	-9.172	127	2.760	0.521
0.063	2.363e-01	-9.295	119	2.773	0.513
0.063	3.093e-01	-9.413	112	2.785	0.506
0.063	4.083e-01	-9.534	105	2.797	0.499
0.063	5.378e-01	-9.653	99	2.809	0.492
0.063	7.069e-01	-9.764	94	2.820	0.486
0.063	9.330e-01	-9.867	89	2.829	0.481
0.063	1.229e+00	-9.962	84	2.838	0.476
0.063	1.615e+00	-10.044	81	2.845	0.472
0.063	2.132e+00	-10.118	78	2.851	0.469
0.063	2.791e+00	-10.178	75	2.856	0.466
0.063	3.685e+00	-10.239	73	2.861	0.463
0.063	4.873e+00	-10.304	70	2.867	0.460
0.126	1.021e-04	-5.412	573	1.916	1.945
0.126	1.351e-04	-5.505	560	1.970	1.828
0.126	1.775e-04	-5.611	543	2.021	1.723
0.126	2.348e-04	-5.719	525	2.071	1.627
0.126	3.099e-04	-5.826	507	2.119	1.539
0.126	4.083e-04	-5.935	489	2.166	1.460
0.126	5.366e-04	-6.046	471	2.210	1.387
0.126	7.096e-04	-6.158	453	2.253	1.320
0.126	9.367e-04	-6.286	430	2.294	1.259
0.126	1.234e-03	-6.399	412	2.333	1.204
0.126	1.622e-03	-6.514	394	2.370	1.154
0.126	2.141e-03	-6.629	377	2.406	1.107
0.126	2.820e-03	-6.747	359	2.441	1.063
0.126	3.706e-03	-6.870	341	2.474	1.024
0.126	4.892e-03	-6.997	323	2.505	0.987
0.126	6.404e-03	-7.124	305	2.534	0.955
0.126	8.453e-03	-7.266	286	2.562	0.925
0.126	1.107e-02	-7.395	269	2.587	0.899
0.126	1.464e-02	-7.531	252	2.611	0.874
0.126	1.932e-02	-7.663	237	2.634	0.851
0.126	2.529e-02	-7.795	222	2.655	0.831
0.126	3.319e-02	-7.931	208	2.674	0.812
0.126	4.362e-02	-8.067	194	2.693	0.795
0.126	5.758e-02	-8.208	181	2.711	0.779
0.126	7.585e-02	-8.346	169	2.727	0.764
0.126	9.969e-02	-8.485	157	2.743	0.751
0.126	1.300e-01	-8.616	147	2.757	0.739
0.126	1.716e-01	-8.749	137	2.770	0.727
0.126	2.247e-01	-8.880	128	2.783	0.717
0.126	2.949e-01	-9.007	120	2.795	0.707
0.126	3.862e-01	-9.134	112	2.806	0.698
0.126	5.087e-01	-9.265	105	2.817	0.689
0.126	6.686e-01	-9.393	98	2.828	0.681
0.126	8.776e-01	-9.522	91	2.838	0.673
0.126	1.153e+00	-9.653	85	2.848	0.665
0.126	1.522e+00	-9.788	79	2.858	0.658
0.126	1.993e+00	-9.914	74	2.867	0.651
0.189	1.043e-04	-5.134	682	2.118	1.889
0.189	1.372e-04	-5.251	655	2.163	1.793
0.189	1.803e-04	-5.358	631	2.206	1.706
0.189	2.351e-04	-5.460	609	2.247	1.628
0.189	3.110e-04	-5.585	580	2.287	1.555
0.189	4.113e-04	-5.697	556	2.326	1.486
0.189	5.439e-04	-5.819	530	2.363	1.424
0.189	7.180e-04	-5.936	505	2.398	1.368
0.189	9.457e-04	-6.027	489	2.433	1.314
0.189	1.243e-03	-6.142	467	2.467	1.264
0.189	1.641e-03	-6.264	444	2.500	1.216
0.189	2.170e-03	-6.392	420	2.531	1.173
0.189	2.841e-03	-6.504	400	2.561	1.134
0.189	3.750e-03	-6.622	380	2.590	1.096
0.189	4.908e-03	-6.739	361	2.618	1.062
0.189	6.479e-03	-6.867	341	2.645	1.029
0.189	8.482e-03	-6.996	321	2.670	1.000
0.189	1.120e-02	-7.134	301	2.694	0.973
0.189	1.475e-02	-7.275	281	2.716	0.949
0.189	1.938e-02	-7.411	263	2.736	0.927
0.189	2.559e-02	-7.545	246	2.755	0.906
0.189	3.349e-02	-7.677	230	2.773	0.888
0.189	4.421e-02	-7.815	215	2.790	0.871
0.189	5.788e-02	-7.951	200	2.806	0.855
0.189	7.597e-02	-8.090	186	2.821	0.841
0.189	9.984e-02	-8.231	173	2.835	0.827
0.189	1.302e-01	-8.367	161	2.848	0.815
0.189	1.719e-01	-8.507	150	2.860	0.804
0.189	2.250e-01	-8.641	140	2.871	0.793
0.189	2.970e-01	-8.776	130	2.882	0.783
0.189	3.889e-01	-8.906	121	2.892	0.774
0.189	5.063e-01	-9.031	114	2.902	0.766
0.189	6.582e-01	-9.157	106	2.911	0.758
0.189	8.688e-01	-9.291	99	2.920	0.750
0.189	1.137e+00	-9.418	92	2.929	0.743
0.189	1.501e+00	-9.552	86	2.937	0.735
0.189	1.978e+00	-9.688	80	2.945	0.728
0.189	2.599e+00	-9.822	74	2.953	0.722
0.262	1.039e-04	-4.894	793	2.281	1.843
0.262	1.368e-04	-5.013	758	2.323	1.757
0.262	1.798e-04	-5.126	726	2.362	1.680
0.262	2.374e-04	-5.240	696	2.400	1.608
0.262	3.127e-04	-5.353	666	2.436	1.541
0.262	4.136e-04	-5.481	631	2.472	1.480
0.262	5.436e-04	-5.618	594	2.503	1.427
0.262	7.175e-04	-5.745	562	2.534	1.378
0.262	9.451e-04	-5.854	536	2.562	1.334
0.262	1.242e-03	-5.950	516	2.591	1.291
0.262	1.640e-03	-6.061	492	2.620	1.248
0.262	2.160e-03	-6.182	466	2.648	1.209
0.262	2.839e-03	-6.300	443	2.674	1.172
0.262	3.754e-03	-6.434	416	2.700	1.138
0.262	4.956e-03	-6.551	394	2.725	1.106
0.262	6.528e-03	-6.665	374	2.749	1.076
0.262	8.633e-03	-6.797	352	2.772	1.047
0.262	1.135e-02	-6.930	330	2.794	1.021
0.262	1.492e-02	-7.065	309	2.814	0.998
0.262	1.973e-02	-7.203	288	2.833	0.976
0.262	2.593e-02	-7.336	270	2.851	0.956
0.262	3.423e-02	-7.476	251	2.868	0.937
0.262	4.481e-02	-7.611	235	2.884	0.921
0.262	5.914e-02	-7.752	218	2.899	0.905
0.262	7.742e-02	-7.891	203	2.912	0.891
0.262	1.016e-01	-8.032	189	2.925	0.878
0.262	1.336e-01	-8.174	175	2.938	0.866
0.262	1.756e-01	-8.316	162	2.949	0.854
0.262	2.308e-01	-8.456	151	2.959	0.844
0.262	3.034e-01	-8.591	140	2.969	0.835
0.262	3.988e-01	-8.724	131	2.978	0.826
0.262	5.243e-01	-8.857	122	2.987	0.818
0.262	6.891e-01	-8.986	113	2.995	0.810
0.262	9.061e-01	-9.118	106	3.004	0.802
0.262	1.191e+00	-9.250	98	3.011	0.795
0.262	1.566e+00	-9.381	92	3.019	0.788
0.262	2.058e+00	-9.514	85	3.026	0.781
0.262	2.705e+00	-9.653	79	3.034	0.775
0.262	3.556e+00	-9.783	74	3.040	0.769
0.524	1.043e-04	-4.352	1090	2.594	1.818
0.524	1.366e-04	-4.476	1037	2.631	1.742
0.524	1.799e-04	-4.593	990	2.667	1.671
0.524	2.365e-04	-4.719	939	2.701	1.608
0.524	3.085e-04	-4.838	892	2.732	1.552
0.524	4.072e-04	-4.980	837	2.761	1.499
0.524	5.321e-04	-5.095	795	2.789	1.453
0.524	7.023e-04	-5.224	750	2.816	1.408
0.524	9.194e-04	-5.354	706	2.840	1.369
0.524	1.207e-03	-5.484	664	2.864	1.333
0.524	1.586e-03	-5.616	623	2.886	1.299
0.524	2.069e-03	-5.738	588	2.906	1.269
0.524	2.731e-03	-5.866	552	2.927	1.239
0.524	3.575e-03	-5.988	521	2.946	1.212
0.524	4.719e-03	-6.107	492	2.965	1.186
0.524	6.216e-03	-6.225	464	2.984	1.161
0.524	8.169e-03	-6.352	436	3.002	1.137
0.524	1.066e-02	-6.471	411	3.018	1.115
0.524	1.407e-02	-6.618	381	3.035	1.094
0.524	1.853e-02	-6.739	359	3.051	1.075
0.524	2.435e-02	-6.863	337	3.066	1.056
0.524	3.202e-02	-6.975	319	3.080	1.039
0.524	4.208e-02	-7.102	299	3.095	1.021
0.524	5.565e-02	-7.245	277	3.109	1.005
0.524	7.317e-02	-7.391	257	3.121	0.991
0.524	9.616e-02	-7.532	238	3.133	0.977
0.524	1.264e-01	-7.676	221	3.144	0.965
0.524	1.662e-01	-7.820	205	3.155	0.954
0.524	2.185e-01	-7.965	189	3.164	0.943
0.524	2.871e-01	-8.110	175	3.173	0.933
0.524	3.775e-01	-8.255	162	3.181	0.925
0.524	4.962e-01	-8.398	150	3.189	0.917
0.524	6.472e-01	-8.530	139	3.196	0.909
0.524	8.543e-01	-8.667	129	3.203	0.902
0.524	1.118e+00	-8.798	120	3.209	0.895
0.524	1.476e+00	-8.933	112	3.216	0.889
0.524	1.932e+00	-9.065	104	3.222	0.883
0.524	2.551e+00	-9.200	96	3.228	0.877
0.524	3.339e+00	-9.329	90	3.233	0.871
0.524	4.408e+00	-9.467	83	3.239	0.866
0.786	1.033e-04	-3.966	1333	2.733	1.898
0.786	1.364e-04	-4.102	1264	2.777	1.804
0.786	1.797e-04	-4.236	1197	2.816	1.724
0.786	2.361e-04	-4.376	1128	2.852	1.654
0.786	3.117e-04	-4.506	1067	2.886	1.591
0.786	4.106e-04	-4.642	1004	2.917	1.535
0.786	5.397e-04	-4.777	945	2.945	1.486
0.786	7.039e-04	-4.901	893	2.971	1.442
0.786	9.291e-04	-5.046	833	2.996	1.401
0.786	1.229e-03	-5.181	781	3.020	1.364
0.786	1.609e-03	-5.313	733	3.041	1.331
0.786	2.111e-03	-5.449	686	3.061	1.300
0.786	2.775e-03	-5.586	641	3.080	1.272
0.786	3.648e-03	-5.725	597	3.098	1.246
0.786	4.795e-03	-5.857	559	3.115	1.223
0.786	6.304e-03	-5.983	525	3.131	1.201
0.786	8.286e-03	-6.099	495	3.146	1.179
0.786	1.081e-02	-6.215	467	3.161	1.159
0.786	1.427e-02	-6.336	440	3.176	1.139
0.786	1.868e-02	-6.487	406	3.190	1.121
0.786	2.470e-02	-6.603	383	3.204	1.104
0.786	3.247e-02	-6.723	360	3.217	1.087
0.786	4.268e-02	-6.852	337	3.230	1.071
0.786	5.633e-02	-6.975	316	3.242	1.056
0.786	7.421e-02	-7.102	296	3.255	1.041
0.786	9.814e-02	-7.254	273	3.266	1.027
0.786	1.290e-01	-7.397	253	3.277	1.015
0.786	1.696e-01	-7.541	234	3.287	1.003
0.786	2.221e-01	-7.685	217	3.296	0.993
0.786	2.907e-01	-7.828	200	3.304	0.983
0.786	3.838e-01	-7.977	185	3.312	0.974
0.786	5.015e-01	-8.121	171	3.319	0.966
0.786	6.594e-01	-8.266	158	3.326	0.958
0.786	8.666e-01	-8.405	146	3.333	0.952
0.786	1.139e+00	-8.542	136	3.339	0.945
0.786	1.497e+00	-8.676	126	3.344	0.939
0.786	1.969e+00	-8.811	117	3.350	0.933
0.786	2.588e+00	-8.944	109	3.355	0.927
0.786	3.375e+00	-9.074	101	3.360	0.922
0.786	4.455e+00	-9.209	94	3.365	0.916
0.786	5.832e+00	-9.341	87	3.370	0.911
1.048	1.004e-04	-3.735	1475	2.803	2.021
1.048	1.319e-04	-3.825	1439	2.850	1.915
1.048	1.741e-04	-3.942	1381	2.896	1.816
1.048	2.294e-04	-4.070	1315	2.939	1.728
1.048	3.015e-04	-4.215	1238	2.978	1.652
1.048	3.979e-04	-4.364	1159	3.013	1.587
1.048	5.209e-04	-4.503	1089	3.044	1.532
1.048	6.876e-04	-4.646	1020	3.073	1.482
1.048	9.002e-04	-4.780	958	3.099	1.438
1.048	1.181e-03	-4.923	895	3.123	1.399
1.048	1.553e-03	-5.063	836	3.145	1.363
1.048	2.054e-03	-5.206	780	3.166	1.331
1.048	2.700e-03	-5.345	728	3.185	1.302
1.048	3.549e-03	-5.484	679	3.203	1.275
1.048	4.629e-03	-5.623	632	3.219	1.252
1.048	6.075e-03	-5.764	588	3.235	1.230
1.048	7.984e-03	-5.899	549	3.249	1.209
1.048	1.050e-02	-6.016	517	3.263	1.190
1.048	1.380e-02	-6.134	487	3.277	1.171
1.048	1.814e-02	-6.256	457	3.291	1.153
1.048	2.384e-02	-6.401	424	3.303	1.136
1.048	3.153e-02	-6.519	399	3.316	1.120
1.048	4.146e-02	-6.639	375	3.328	1.104
1.048	5.448e-02	-6.767	351	3.340	1.090
1.048	7.163e-02	-6.892	329	3.351	1.075
1.048	9.415e-02	-7.022	307	3.362	1.062
1.048	1.228e-01	-7.155	286	3.373	1.049
1.048	1.621e-01	-7.301	264	3.383	1.037
1.048	2.122e-01	-7.448	244	3.392	1.026
1.048	2.763e-01	-7.588	226	3.400	1.017
1.048	3.647e-01	-7.736	209	3.408	1.007
1.048	4.775e-01	-7.880	193	3.415	0.999
1.048	6.267e-01	-8.028	178	3.422	0.991
1.048	8.236e-01	-8.174	164	3.428	0.984
1.048	1.083e+00	-8.316	152	3.434	0.977
1.048	1.423e+00	-8.454	141	3.440	0.971
1.048	1.871e+00	-8.590	130	3.445	0.965
1.048	2.459e+00	-8.726	121	3.450	0.960
1.048	3.233e+00	-8.859	112	3.455	0.954
1.048	4.250e+00	-8.993	104	3.460	0.949
1.048	5.587e+00	-9.127	97	3.464	0.944
1.048	7.343e+00	-9.259	90	3.469	0.939
1.571	1.016e-04	-3.555	1592	2.932	2.135
1.571	1.338e-04	-3.625	1562	2.968	2.047
1.571	1.758e-04	-3.695	1533	3.007	1.958
1.571	2.321e-04	-3.773	1502	3.048	1.867
1.571	3.057e-04	-3.866	1458	3.090	1.779
1.571	4.018e-04	-3.969	1408	3.132	1.695
1.571	5.304e-04	-4.101	1336	3.173	1.618
1.571	6.943e-04	-4.254	1248	3.208	1.554
1.571	9.112e-04	-4.413	1159	3.239	1.499
1.571	1.198e-03	-4.564	1080	3.266	1.452
1.571	1.575e-03	-4.711	1007	3.291	1.411
1.571	2.070e-03	-4.853	940	3.314	1.374
1.571	2.699e-03	-5.008	870	3.334	1.343
1.571	3.563e-03	-5.152	809	3.353	1.314
1.571	4.664e-03	-5.291	755	3.370	1.288
1.571	6.157e-03	-5.433	702	3.387	1.264
1.571	8.060e-03	-5.577	651	3.401	1.243
1.571	1.064e-02	-5.724	603	3.415	1.223
1.571	1.393e-02	-5.859	562	3.428	1.205
1.571	1.839e-02	-5.991	525	3.440	1.188
1.571	2.422e-02	-6.112	493	3.452	1.172
1.571	3.183e-02	-6.241	461	3.464	1.157
1.571	4.201e-02	-6.369	431	3.475	1.142
1.571	5.500e-02	-6.485	406	3.486	1.128
1.571	7.219e-02	-6.608	380	3.497	1.114
1.571	9.488e-02	-6.737	355	3.507	1.101
1.571	1.247e-01	-6.871	331	3.517	1.088
1.571	1.639e-01	-6.995	310	3.527	1.076
1.571	2.156e-01	-7.136	287	3.536	1.065
1.571	2.833e-01	-7.287	264	3.544	1.054
1.571	3.725e-01	-7.434	244	3.552	1.045
1.571	4.878e-01	-7.577	226	3.560	1.036
1.571	6.385e-01	-7.721	209	3.566	1.028
1.571	8.381e-01	-7.869	192	3.573	1.021
1.571	1.101e+00	-8.017	177	3.578	1.014
1.571	1.437e+00	-8.159	164	3.584	1.008
1.571	1.886e+00	-8.300	151	3.589	1.002
1.571	2.478e+00	-8.439	140	3.594	0.996
1.571	3.258e+00	-8.575	130	3.598	0.991
1.571	4.283e+00	-8.709	121	3.603	0.986
1.571	5.586e+00	-8.839	112	3.607	0.981
1.571	7.373e+00	-8.976	104	3.611	0.976
1.571	9.652e+00	-9.108	96	3.615	0.972
2.095	1.002e-04	-3.151	1961	3.014	2.241
2.095	1.318e-04	-3.388	1761	3.064	2.116
2.095	1.732e-04	-3.557	1631	3.101	2.029
2.095	2.290e-04	-3.631	1595	3.135	1.950
2.095	3.023e-04	-3.704	1561	3.171	1.871
2.095	3.982e-04	-3.786	1522	3.209	1.790
2.095	5.233e-04	-3.867	1485	3.248	1.712
2.095	6.908e-04	-3.955	1446	3.289	1.633
2.095	9.136e-04	-4.112	1351	3.329	1.560
2.095	1.203e-03	-4.283	1249	3.362	1.502
2.095	1.582e-03	-4.442	1158	3.391	1.453
2.095	2.080e-03	-4.594	1076	3.416	1.412
2.095	2.723e-03	-4.738	1004	3.438	1.376
2.095	3.559e-03	-4.898	926	3.459	1.344
2.095	4.679e-03	-5.042	862	3.477	1.316
2.095	6.149e-03	-5.185	802	3.494	1.290
2.095	8.085e-03	-5.321	748	3.510	1.266
2.095	1.063e-02	-5.472	691	3.525	1.245
2.095	1.397e-02	-5.623	639	3.538	1.226
2.095	1.836e-02	-5.768	592	3.551	1.209
2.095	2.395e-02	-5.900	552	3.562	1.193
2.095	3.167e-02	-6.027	517	3.573	1.178
2.095	4.165e-02	-6.153	483	3.584	1.163
2.095	5.508e-02	-6.284	451	3.595	1.149
2.095	7.239e-02	-6.401	424	3.605	1.136
2.095	9.555e-02	-6.527	397	3.615	1.122
2.095	1.251e-01	-6.652	371	3.625	1.110
2.095	1.642e-01	-6.784	346	3.634	1.098
2.095	2.150e-01	-6.908	324	3.643	1.087
2.095	2.832e-01	-7.050	300	3.651	1.076
2.095	3.722e-01	-7.200	276	3.659	1.066
2.095	4.855e-01	-7.342	256	3.667	1.058
2.095	6.408e-01	-7.489	236	3.674	1.049
2.095	8.375e-01	-7.632	218	3.680	1.041
2.095	1.101e+00	-7.782	201	3.686	1.034
2.095	1.447e+00	-7.930	185	3.692	1.028
2.095	1.888e+00	-8.074	171	3.697	1.022
2.095	2.492e+00	-8.220	157	3.702	1.016
2.095	3.262e+00	-8.359	146	3.706	1.011
2.095	4.305e+00	-8.497	135	3.710	1.006
2.095	5.636e+00	-8.631	125	3.714	1.001
2.095	7.440e+00	-8.766	116	3.719	0.996
2.095	9.739e+00	-8.899	108	3.722	0.992
2.619	1.027e-04	-2.957	2130	3.061	2.375
2.619	1.355e-04	-3.076	2056	3.119	2.221
2.619	1.771e-04	-3.204	1969	3.171	2.092
2.619	2.310e-04	-3.495	1707	3.214	1.990
2.619	3.032e-04	-3.580	1655	3.246	1.920
2.619	3.985e-04	-3.628	1642	3.280	1.845
2.619	5.270e-04	-3.690	1621	3.320	1.762
2.619	6.970e-04	-3.789	1568	3.362	1.680
2.619	9.218e-04	-3.907	1501	3.403	1.602
2.619	1.219e-03	-4.078	1389	3.440	1.535
2.619	1.609e-03	-4.248	1283	3.471	1.481
2.619	2.103e-03	-4.399	1194	3.497	1.437
2.619	2.765e-03	-4.551	1109	3.521	1.398
2.619	3.634e-03	-4.696	1033	3.543	1.363
2.619	4.778e-03	-4.853	955	3.563	1.333
2.619	6.256e-03	-4.995	889	3.580	1.306
2.619	8.190e-03	-5.134	828	3.597	1.282
2.619	1.075e-02	-5.278	769	3.612	1.259
2.619	1.408e-02	-5.426	712	3.626	1.239
2.619	1.840e-02	-5.574	658	3.638	1.221
2.619	2.399e-02	-5.717	611	3.650	1.205
2.619	3.167e-02	-5.857	567	3.661	1.190
2.619	4.146e-02	-5.982	530	3.671	1.176
2.619	5.442e-02	-6.113	495	3.682	1.162
2.619	7.152e-02	-6.235	464	3.691	1.149
2.619	9.459e-02	-6.355	435	3.701	1.136
2.619	1.244e-01	-6.479	408	3.711	1.124
2.619	1.634e-01	-6.604	381	3.720	1.112
2.619	2.149e-01	-6.736	355	3.729	1.101
2.619	2.824e-01	-6.863	332	3.738	1.090
2.619	3.713e-01	-7.008	307	3.746	1.080
2.619	4.881e-01	-7.157	283	3.753	1.070
2.619	6.406e-01	-7.301	261	3.760	1.062
2.619	8.388e-01	-7.444	242	3.767	1.054
2.619	1.098e+00	-7.588	223	3.773	1.046
2.619	1.441e+00	-7.736	206	3.779	1.039
2.619	1.894e+00	-7.885	189	3.784	1.033
2.619	2.471e+00	-8.028	175	3.789	1.027
2.619	3.243e+00	-8.172	161	3.793	1.022
2.619	4.262e+00	-8.314	149	3.798	1.017
2.619	5.559e+00	-8.449	138	3.802	1.012
2.619	7.338e+00	-8.588	128	3.806	1.008
2.619	9.606e+00	-8.719	119	3.809	1.003
3.143	1.001e-04	-2.810	2237	3.078	2.550
3.143	1.316e-04	-2.912	2184	3.139	2.377
3.143	1.723e-04	-3.022	2119	3.197	2.225
3.143	2.255e-04	-3.155	2025	3.250	2.092
3.143	2.983e-04	-3.417	1791	3.299	1.978
3.143	3.937e-04	-3.486	1758	3.335	1.897
3.143	5.207e-04	-3.545	1738	3.376	1.811
3.143	6.886e-04	-3.651	1676	3.418	1.725
3.143	9.071e-04	-3.768	1603	3.458	1.647
3.143	1.192e-03	-3.915	1506	3.495	1.578
3.143	1.577e-03	-4.083	1393	3.528	1.519
3.143	2.057e-03	-4.237	1295	3.555	1.472
3.143	2.715e-03	-4.391	1202	3.581	1.430
3.143	3.576e-03	-4.539	1119	3.603	1.393
3.143	4.700e-03	-4.684	1041	3.624	1.361
3.143	6.179e-03	-4.830	968	3.642	1.332
3.143	8.121e-03	-4.973	900	3.660	1.306
3.143	1.072e-02	-5.117	836	3.676	1.282
3.143	1.401e-02	-5.264	775	3.690	1.261
3.143	1.842e-02	-5.414	716	3.703	1.242
3.143	2.421e-02	-5.565	661	3.716	1.224
3.143	3.158e-02	-5.707	613	3.727	1.209
3.143	4.168e-02	-5.849	568	3.737	1.194
3.143	5.456e-02	-5.971	533	3.747	1.181
3.143	7.202e-02	-6.107	496	3.757	1.167
3.143	9.525e-02	-6.225	466	3.767	1.155
3.143	1.247e-01	-6.344	437	3.776	1.142
3.143	1.637e-01	-6.465	410	3.785	1.130
3.143	2.143e-01	-6.590	383	3.794	1.119
3.143	2.806e-01	-6.719	357	3.802	1.108
3.143	3.703e-01	-6.850	333	3.811	1.097
3.143	4.898e-01	-7.003	307	3.819	1.087
3.143	6.411e-01	-7.150	283	3.826	1.078
3.143	8.463e-01	-7.296	261	3.833	1.070
3.143	1.108e+00	-7.438	241	3.839	1.062
3.143	1.454e+00	-7.585	223	3.845	1.055
3.143	1.911e+00	-7.733	205	3.850	1.048
3.143	2.493e+00	-7.878	189	3.855	1.043
3.143	3.290e+00	-8.027	174	3.860	1.037
3.143	4.300e+00	-8.169	161	3.864	1.032
3.143	5.609e+00	-8.308	149	3.868	1.027
3.143	7.403e+00	-8.449	137	3.872	1.022
3.143	9.692e+00	-8.583	128	3.876	1.018
3.666	1.017e-04	-2.686	2338	3.098	2.693
3.666	1.337e-04	-2.791	2283	3.162	2.502
3.666	1.757e-04	-2.895	2227	3.222	2.333
3.666	2.310e-04	-3.006	2160	3.281	2.181
3.666	3.036e-04	-3.138	2066	3.335	2.049
3.666	4.007e-04	-3.339	1893	3.384	1.937
3.666	5.245e-04	-3.412	1858	3.425	1.848
3.666	6.937e-04	-3.501	1811	3.469	1.756
3.666	9.174e-04	-3.654	1699	3.512	1.673
3.666	1.211e-03	-3.795	1601	3.549	1.602
3.666	1.595e-03	-3.948	1495	3.583	1.540
3.666	2.097e-03	-4.097	1396	3.613	1.488
3.666	2.735e-03	-4.251	1296	3.639	1.445
3.666	3.617e-03	-4.404	1204	3.663	1.406
3.666	4.755e-03	-4.547	1122	3.684	1.372
3.666	6.249e-03	-4.692	1044	3.704	1.341
3.666	8.217e-03	-4.832	973	3.721	1.314
3.666	1.080e-02	-4.975	905	3.738	1.289
3.666	1.409e-02	-5.119	840	3.753	1.267
3.666	1.859e-02	-5.271	776	3.767	1.247
3.666	2.434e-02	-5.422	717	3.779	1.229
3.666	3.195e-02	-5.570	662	3.791	1.212
3.666	4.199e-02	-5.716	613	3.802	1.198
3.666	5.476e-02	-5.847	571	3.811	1.184
3.666	7.243e-02	-5.988	530	3.821	1.171
3.666	9.578e-02	-6.107	497	3.831	1.158
3.666	1.259e-01	-6.227	467	3.840	1.146
3.666	1.655e-01	-6.348	438	3.849	1.134
3.666	2.185e-01	-6.472	409	3.858	1.122
3.666	2.860e-01	-6.597	383	3.867	1.112
3.666	3.754e-01	-6.726	357	3.875	1.101
3.666	4.934e-01	-6.867	331	3.883	1.091
3.666	6.487e-01	-7.012	306	3.890	1.081
3.666	8.525e-01	-7.163	281	3.897	1.073
3.666	1.121e+00	-7.305	260	3.904	1.065
3.666	1.468e+00	-7.448	241	3.910	1.058
3.666	1.922e+00	-7.593	222	3.915	1.051
3.666	2.522e+00	-7.741	204	3.920	1.045
3.666	3.315e+00	-7.889	188	3.925	1.039
3.666	4.358e+00	-8.035	174	3.930	1.033
3.666	5.728e+00	-8.182	160	3.934	1.028
3.666	7.471e+00	-8.324	148	3.938	1.024
3.666	9.806e+00	-8.460	137	3.942	1.019
4.190	1.029e-04	-2.582	2416	3.109	2.842
4.190	1.358e-04	-2.683	2371	3.177	2.629
4.190	1.777e-04	-2.788	2313	3.240	2.445
4.190	2.346e-04	-2.895	2254	3.302	2.276
4.190	3.071e-04	-3.007	2184	3.359	2.130
4.190	4.054e-04	-3.136	2094	3.415	1.999
4.190	5.307e-04	-3.277	1985	3.463	1.891
4.190	7.005e-04	-3.381	1922	3.510	1.791
4.190	9.265e-04	-3.538	1801	3.554	1.702
4.190	1.213e-03	-3.681	1694	3.591	1.631
4.190	1.604e-03	-3.821	1594	3.627	1.566
4.190	2.117e-03	-3.970	1491	3.659	1.510
4.190	2.772e-03	-4.120	1390	3.687	1.462
4.190	3.665e-03	-4.281	1286	3.712	1.419
4.190	4.819e-03	-4.427	1197	3.735	1.383
4.190	6.334e-03	-4.569	1117	3.755	1.351
4.190	8.328e-03	-4.710	1041	3.774	1.321
4.190	1.095e-02	-4.852	969	3.792	1.295
4.190	1.428e-02	-4.994	901	3.807	1.272
4.190	1.884e-02	-5.146	832	3.822	1.251
4.190	2.467e-02	-5.295	770	3.835	1.232
4.190	3.256e-02	-5.448	710	3.847	1.215
4.190	4.263e-02	-5.594	657	3.858	1.199
4.190	5.595e-02	-5.739	608	3.869	1.185
4.190	7.353e-02	-5.876	565	3.878	1.172
4.190	9.591e-02	-6.003	528	3.887	1.160
4.190	1.268e-01	-6.122	496	3.897	1.148
4.190	1.674e-01	-6.245	464	3.906	1.136
4.190	2.192e-01	-6.364	435	3.914	1.125
4.190	2.893e-01	-6.490	407	3.923	1.113
4.190	3.788e-01	-6.615	381	3.931	1.103
4.190	5.000e-01	-6.751	354	3.940	1.092
4.190	6.586e-01	-6.896	327	3.947	1.083
4.190	8.656e-01	-7.048	301	3.955	1.074
4.190	1.143e+00	-7.194	277	3.961	1.066
4.190	1.496e+00	-7.335	257	3.967	1.058
4.190	1.974e+00	-7.483	236	3.973	1.051
4.190	2.580e+00	-7.627	218	3.978	1.045
4.190	3.392e+00	-7.776	201	3.983	1.039
4.190	4.442e+00	-7.922	185	3.988	1.033
4.190	5.805e+00	-8.066	171	3.992	1.028
4.190	7.572e+00	-8.211	158	3.996	1.023
4.190	9.995e+00	-8.357	145	4.000	1.019
4.714	1.005e-04	-2.487	2475	3.107	3.022
4.714	1.319e-04	-2.580	2442	3.176	2.790
4.714	1.733e-04	-2.678	2399	3.244	2.581
4.714	2.292e-04	-2.789	2337	3.310	2.393
4.714	3.014e-04	-2.894	2279	3.371	2.230
4.714	3.961e-04	-3.010	2205	3.429	2.085
4.714	5.207e-04	-3.131	2122	3.484	1.957
4.714	6.844e-04	-3.265	2022	3.534	1.847
4.714	8.927e-04	-3.390	1931	3.579	1.754
4.714	1.178e-03	-3.551	1804	3.621	1.671
4.714	1.543e-03	-3.691	1698	3.657	1.604
4.714	2.040e-03	-3.830	1599	3.692	1.542
4.714	2.682e-03	-3.971	1501	3.722	1.488
4.714	3.525e-03	-4.129	1393	3.750	1.441
4.714	4.653e-03	-4.289	1289	3.775	1.400
4.714	6.130e-03	-4.436	1199	3.797	1.365
4.714	8.027e-03	-4.576	1119	3.817	1.334
4.714	1.051e-02	-4.715	1044	3.835	1.307
4.714	1.379e-02	-4.858	971	3.852	1.281
4.714	1.813e-02	-5.005	900	3.868	1.259
4.714	2.383e-02	-5.155	832	3.882	1.238
4.714	3.132e-02	-5.306	769	3.895	1.220
4.714	4.085e-02	-5.452	712	3.907	1.204
4.714	5.393e-02	-5.604	656	3.918	1.188
4.714	7.060e-02	-5.746	608	3.928	1.175
4.714	9.319e-02	-5.908	557	3.937	1.162
4.714	1.228e-01	-6.009	528	3.946	1.150
4.714	1.623e-01	-6.136	494	3.955	1.138
4.714	2.134e-01	-6.256	463	3.964	1.127
4.714	2.805e-01	-6.378	434	3.973	1.115
4.714	3.687e-01	-6.501	406	3.981	1.104
4.714	4.847e-01	-6.630	379	3.989	1.094
4.714	6.371e-01	-6.772	351	3.997	1.084
4.714	8.376e-01	-6.912	325	4.005	1.075
4.714	1.101e+00	-7.068	298	4.012	1.066
4.714	1.453e+00	-7.212	275	4.018	1.059
4.714	1.902e+00	-7.354	255	4.024	1.051
4.714	2.511e+00	-7.502	235	4.030	1.045
4.714	3.287e+00	-7.648	216	4.035	1.038
4.714	4.339e+00	-7.798	199	4.040	1.033
4.714	5.680e+00	-7.944	183	4.044	1.027
4.714	7.498e+00	-8.097	168	4.048	1.022
4.714	9.816e+00	-8.244	155	4.052	1.018
5.238	1.001e-04	-2.414	2516	3.109	3.178
5.238	1.316e-04	-2.501	2493	3.180	2.928
5.238	1.724e-04	-2.596	2457	3.249	2.706
5.238	2.256e-04	-2.696	2409	3.315	2.508
5.238	2.978e-04	-2.801	2354	3.380	2.326
5.238	3.923e-04	-2.909	2292	3.442	2.166
5.238	5.156e-04	-3.027	2215	3.500	2.027
5.238	6.726e-04	-3.152	2124	3.552	1.908
5.238	8.878e-04	-3.287	2022	3.602	1.801
5.238	1.160e-03	-3.419	1923	3.646	1.712
5.238	1.525e-03	-3.580	1793	3.686	1.636
5.238	2.005e-03	-3.722	1686	3.721	1.571
5.238	2.636e-03	-3.854	1593	3.754	1.513
5.238	3.464e-03	-3.996	1493	3.784	1.461
5.238	4.573e-03	-4.163	1378	3.811	1.416
5.238	5.986e-03	-4.314	1280	3.834	1.379
5.238	7.857e-03	-4.458	1192	3.855	1.346
5.238	1.033e-02	-4.602	1110	3.875	1.315
5.238	1.358e-02	-4.744	1034	3.893	1.288
5.238	1.784e-02	-4.888	960	3.910	1.264
5.238	2.328e-02	-5.033	891	3.924	1.243
5.238	3.055e-02	-5.183	824	3.938	1.223
5.238	4.015e-02	-5.334	761	3.951	1.206
5.238	5.279e-02	-5.484	702	3.962	1.190
5.238	6.938e-02	-5.635	648	3.973	1.176
5.238	9.049e-02	-5.776	601	3.982	1.163
5.238	1.195e-01	-5.919	556	3.991	1.151
5.238	1.564e-01	-6.029	525	4.000	1.139
5.238	2.068e-01	-6.155	490	4.009	1.127
5.238	2.730e-01	-6.277	459	4.018	1.116
5.238	3.574e-01	-6.399	431	4.026	1.105
5.238	4.717e-01	-6.524	403	4.035	1.095
5.238	6.175e-01	-6.657	375	4.043	1.085
5.238	8.105e-01	-6.797	347	4.050	1.075
5.238	1.065e+00	-6.945	320	4.058	1.066
5.238	1.389e+00	-7.091	295	4.064	1.058
5.238	1.824e+00	-7.237	272	4.070	1.051
5.238	2.397e+00	-7.381	252	4.076	1.044
5.238	3.126e+00	-7.520	233	4.081	1.038
5.238	4.127e+00	-7.671	214	4.086	1.032
5.238	5.402e+00	-7.818	197	4.091	1.026
5.238	7.131e+00	-7.970	181	4.095	1.021
5.238	9.335e+00	-8.119	167	4.099	1.016
6.285	1.012e-04	-2.293	2589	3.116	3.452
6.285	1.336e-04	-2.382	2565	3.190	3.173
6.285	1.749e-04	-2.469	2541	3.260	2.926
6.285	2.278e-04	-2.558	2510	3.328	2.705
6.285	3.007e-04	-2.660	2463	3.397	2.499
6.285	3.936e-04	-2.760	2414	3.461	2.321
6.285	5.196e-04	-2.867	2355	3.525	2.156
6.285	6.844e-04	-2.984	2279	3.585	2.012
6.285	8.995e-04	-3.111	2187	3.641	1.888
6.285	1.187e-03	-3.247	2081	3.691	1.781
6.285	1.554e-03	-3.379	1979	3.736	1.691
6.285	2.056e-03	-3.542	1845	3.777	1.613
6.285	2.713e-03	-3.695	1725	3.813	1.548
6.285	3.574e-03	-3.827	1630	3.846	1.490
6.285	4.698e-03	-3.964	1533	3.876	1.439
6.285	6.201e-03	-4.132	1414	3.904	1.394
6.285	8.117e-03	-4.286	1311	3.927	1.357
6.285	1.072e-02	-4.434	1219	3.949	1.324
6.285	1.400e-02	-4.576	1136	3.968	1.295
6.285	1.826e-02	-4.716	1059	3.985	1.269
6.285	2.411e-02	-4.862	982	4.002	1.245
6.285	3.151e-02	-5.008	911	4.017	1.224
6.285	4.142e-02	-5.162	840	4.031	1.205
6.285	5.444e-02	-5.315	775	4.043	1.188
6.285	7.101e-02	-5.460	718	4.054	1.173
6.285	9.374e-02	-5.615	660	4.065	1.158
6.285	1.227e-01	-5.784	602	4.074	1.146
6.285	1.611e-01	-5.886	571	4.083	1.134
6.285	2.130e-01	-6.016	532	4.092	1.123
6.285	2.799e-01	-6.139	499	4.101	1.111
6.285	3.651e-01	-6.255	468	4.109	1.101
6.285	4.820e-01	-6.381	438	4.117	1.090
6.285	6.309e-01	-6.507	409	4.125	1.080
6.285	8.329e-01	-6.644	380	4.133	1.070
6.285	1.097e+00	-6.784	352	4.141	1.061
6.285	1.442e+00	-6.934	324	4.148	1.053
6.285	1.896e+00	-7.089	298	4.154	1.045
6.285	2.492e+00	-7.236	274	4.160	1.038
6.285	3.276e+00	-7.378	254	4.166	1.031
6.285	4.305e+00	-7.521	234	4.171	1.025
6.285	5.661e+00	-7.669	216	4.176	1.019
6.285	7.413e+00	-7.818	199	4.180	1.014
6.285	9.704e+00	-7.969	182	4.184	1.010
7.333	1.027e-04	-2.190	2654	3.123	3.698
7.333	1.349e-04	-2.279	2629	3.197	3.399
7.333	1.760e-04	-2.366	2605	3.267	3.135
7.333	2.323e-04	-2.457	2578	3.340	2.884
7.333	3.036e-04	-2.546	2548	3.408	2.664
7.333	4.007e-04	-2.649	2498	3.477	2.460
7.333	5.246e-04	-2.747	2451	3.542	2.284
7.333	6.925e-04	-2.852	2394	3.606	2.122
7.333	9.122e-04	-2.966	2322	3.667	1.979
7.333	1.199e-03	-3.094	2226	3.722	1.855
7.333	1.582e-03	-3.231	2119	3.773	1.750
7.333	2.072e-03	-3.367	2011	3.819	1.661
7.333	2.734e-03	-3.523	1882	3.860	1.584
7.333	3.580e-03	-3.685	1750	3.895	1.521
7.333	4.734e-03	-3.815	1656	3.928	1.464
7.333	6.249e-03	-3.954	1555	3.959	1.413
7.333	8.232e-03	-4.120	1436	3.986	1.370
7.333	1.082e-02	-4.277	1330	4.010	1.333
7.333	1.422e-02	-4.425	1236	4.031	1.301
7.333	1.863e-02	-4.569	1150	4.050	1.273
7.333	2.434e-02	-4.711	1070	4.067	1.247
7.333	3.200e-02	-4.858	993	4.084	1.224
7.333	4.206e-02	-5.007	919	4.098	1.204
7.333	5.530e-02	-5.158	849	4.112	1.185
7.333	7.269e-02	-5.314	782	4.124	1.168
7.333	9.595e-02	-5.466	721	4.136	1.153
7.333	1.264e-01	-5.622	663	4.146	1.140
7.333	1.661e-01	-5.771	612	4.155	1.128
7.333	2.193e-01	-5.894	573	4.164	1.116
7.333	2.888e-01	-6.025	534	4.173	1.105
7.333	3.796e-01	-6.145	501	4.181	1.094
7.333	4.991e-01	-6.267	469	4.190	1.084
7.333	6.560e-01	-6.390	439	4.198	1.073
7.333	8.659e-01	-6.527	408	4.206	1.064
7.333	1.133e+00	-6.659	380	4.213	1.054
7.333	1.496e+00	-6.800	351	4.221	1.046
7.333	1.971e+00	-6.956	322	4.227	1.037
7.333	2.590e+00	-7.118	295	4.233	1.030
7.333	3.406e+00	-7.259	273	4.239	1.024
7.333	4.476e+00	-7.396	253	4.244	1.017
7.333	5.838e+00	-7.538	234	4.249	1.012
7.333	7.707e+00	-7.691	214	4.254	1.006
7.333	1.000e+01	-7.835	198	4.258	1.002
8.381	1.027e-04	-2.096	2714	3.126	3.943
8.381	1.348e-04	-2.186	2688	3.200	3.621
8.381	1.772e-04	-2.276	2662	3.273	3.328
8.381	2.311e-04	-2.364	2635	3.343	3.070
8.381	3.050e-04	-2.455	2607	3.415	2.825
8.381	3.986e-04	-2.544	2576	3.484	2.610
8.381	5.199e-04	-2.643	2529	3.550	2.420
8.381	6.824e-04	-2.742	2480	3.615	2.245
8.381	8.969e-04	-2.843	2426	3.678	2.088
8.381	1.179e-03	-2.953	2358	3.739	1.947
8.381	1.550e-03	-3.084	2259	3.795	1.824
8.381	2.046e-03	-3.219	2152	3.847	1.719
8.381	2.678e-03	-3.359	2038	3.892	1.632
8.381	3.542e-03	-3.512	1913	3.934	1.555
8.381	4.657e-03	-3.683	1769	3.970	1.492
8.381	6.159e-03	-3.811	1675	4.003	1.437
8.381	8.094e-03	-3.951	1572	4.033	1.388
8.381	1.068e-02	-4.120	1449	4.060	1.345
8.381	1.399e-02	-4.273	1344	4.083	1.310
8.381	1.846e-02	-4.424	1248	4.104	1.278
8.381	2.417e-02	-4.569	1161	4.123	1.251
8.381	3.147e-02	-4.710	1080	4.140	1.227
8.381	4.154e-02	-4.859	1001	4.156	1.204
8.381	5.438e-02	-5.006	927	4.171	1.184
8.381	7.137e-02	-5.160	855	4.184	1.166
8.381	9.381e-02	-5.310	790	4.196	1.150
8.381	1.238e-01	-5.468	726	4.207	1.135
8.381	1.631e-01	-5.625	667	4.217	1.122
8.381	2.144e-01	-5.763	619	4.226	1.110
8.381	2.830e-01	-5.897	576	4.235	1.099
8.381	3.704e-01	-6.023	538	4.244	1.088
8.381	4.890e-01	-6.144	505	4.252	1.078
8.381	6.401e-01	-6.267	473	4.260	1.068
8.381	8.449e-01	-6.398	440	4.268	1.058
8.381	1.106e+00	-6.526	411	4.276	1.049
8.381	1.463e+00	-6.665	381	4.284	1.040
8.381	1.923e+00	-6.807	352	4.291	1.031
8.381	2.519e+00	-6.963	323	4.297	1.024
8.381	3.297e+00	-7.113	298	4.303	1.017
8.381	4.360e+00	-7.262	274	4.308	1.010
8.381	5.733e+00	-7.401	254	4.314	1.004
8.381	7.535e+00	-7.548	234	4.318	0.999
8.381	9.828e+00	-7.695	215	4.323	0.994
9.428	1.036e-04	-2.014	2767	3.129	4.166
9.428	1.362e-04	-2.106	2741	3.205	3.818
9.428	1.776e-04	-2.195	2714	3.277	3.514
9.428	2.344e-04	-2.288	2686	3.351	3.227
9.428	3.064e-04	-2.376	2658	3.421	2.977
9.428	3.996e-04	-2.464	2630	3.490	2.750
9.428	5.245e-04	-2.555	2597	3.559	2.539
9.428	6.893e-04	-2.656	2546	3.627	2.349
9.428	9.063e-04	-2.756	2495	3.692	2.180
9.428	1.187e-03	-2.854	2444	3.754	2.029
9.428	1.554e-03	-2.967	2371	3.813	1.895
9.428	2.039e-03	-3.098	2269	3.869	1.778
9.428	2.680e-03	-3.227	2169	3.919	1.678
9.428	3.496e-03	-3.372	2047	3.964	1.594
9.428	4.614e-03	-3.520	1926	4.005	1.520
9.428	6.103e-03	-3.689	1783	4.041	1.458
9.428	8.071e-03	-3.823	1682	4.074	1.404
9.428	1.057e-02	-3.974	1568	4.103	1.358
9.428	1.387e-02	-4.136	1450	4.128	1.319
9.428	1.823e-02	-4.290	1345	4.151	1.284
9.428	2.396e-02	-4.439	1249	4.172	1.254
9.428	3.149e-02	-4.586	1160	4.190	1.227
9.428	4.108e-02	-4.728	1079	4.207	1.204
9.428	5.392e-02	-4.875	1001	4.223	1.183
9.428	7.086e-02	-5.024	926	4.237	1.163
9.428	9.317e-02	-5.190	848	4.250	1.146
9.428	1.232e-01	-5.335	785	4.262	1.130
9.428	1.619e-01	-5.495	721	4.273	1.116
9.428	2.138e-01	-5.650	663	4.283	1.104
9.428	2.793e-01	-5.782	618	4.292	1.093
9.428	3.673e-01	-5.917	574	4.300	1.082
9.428	4.827e-01	-6.041	537	4.309	1.071
9.428	6.346e-01	-6.162	503	4.317	1.061
9.428	8.341e-01	-6.291	470	4.325	1.052
9.428	1.097e+00	-6.419	438	4.333	1.042
9.428	1.441e+00	-6.551	408	4.340	1.033
9.428	1.880e+00	-6.685	379	4.347	1.025
9.428	2.467e+00	-6.828	351	4.354	1.017
9.428	3.243e+00	-6.983	322	4.360	1.010
9.428	4.281e+00	-7.134	296	4.366	1.003
9.428	5.661e+00	-7.285	272	4.371	0.997
9.428	7.411e+00	-7.427	252	4.376	0.991
9.428	9.783e+00	-7.577	231	4.381	0.986
10.476	1.034e-04	-1.938	2817	3.129	4.389
10.476	1.357e-04	-2.031	2790	3.206	4.018
10.476	1.784e-04	-2.124	2762	3.281	3.685
10.476	2.327e-04	-2.212	2735	3.353	3.395
10.476	3.030e-04	-2.300	2706	3.422	3.133
10.476	3.977e-04	-2.390	2677	3.493	2.887
10.476	5.226e-04	-2.479	2649	3.564	2.662
10.476	6.817e-04	-2.571	2612	3.631	2.463
10.476	8.999e-04	-2.674	2559	3.699	2.278
10.476	1.178e-03	-2.773	2508	3.763	2.117
10.476	1.534e-03	-2.869	2457	3.823	1.975
10.476	2.013e-03	-2.983	2381	3.883	1.844
10.476	2.636e-03	-3.116	2276	3.937	1.732
10.476	3.451e-03	-3.240	2180	3.987	1.636
10.476	4.564e-03	-3.395	2047	4.033	1.552
10.476	6.025e-03	-3.556	1911	4.073	1.482
10.476	7.936e-03	-3.705	1788	4.107	1.424
10.476	1.043e-02	-3.840	1685	4.139	1.373
10.476	1.369e-02	-4.005	1557	4.167	1.329
10.476	1.793e-02	-4.160	1445	4.192	1.292
10.476	2.347e-02	-4.309	1343	4.214	1.260
10.476	3.080e-02	-4.457	1248	4.234	1.231
10.476	4.048e-02	-4.604	1158	4.252	1.206
10.476	5.323e-02	-4.751	1075	4.269	1.183
10.476	6.970e-02	-4.897	997	4.284	1.162
10.476	9.125e-02	-5.045	923	4.298	1.144
10.476	1.204e-01	-5.206	847	4.310	1.127
10.476	1.587e-01	-5.361	780	4.322	1.112
10.476	2.085e-01	-5.519	717	4.333	1.099
10.476	2.752e-01	-5.669	661	4.342	1.086
10.476	3.626e-01	-5.810	612	4.351	1.075
10.476	4.765e-01	-5.942	570	4.360	1.065
10.476	6.265e-01	-6.066	534	4.368	1.055
10.476	8.205e-01	-6.188	500	4.376	1.045
10.476	1.081e+00	-6.320	465	4.384	1.036
10.476	1.420e+00	-6.445	435	4.391	1.027
10.476	1.853e+00	-6.583	404	4.399	1.018
10.476	2.446e+00	-6.720	374	4.406	1.010
10.476	3.202e+00	-6.863	346	4.412	1.003
10.476	4.226e+00	-7.015	318	4.418	0.996
10.476	5.567e+00	-7.177	291	4.424	0.989
10.476	7.316e+00	-7.319	269	4.429	0.983
10.476	9.658e+00	-7.466	248	4.434	0.978
11.523	1.021e-04	-1.861	2865	3.123	4.636
11.523	1.345e-04	-1.958	2837	3.203	4.231
11.523	1.761e-04	-2.051	2809	3.279	3.877
11.523	2.302e-04	-2.141	2780	3.352	3.564
11.523	3.002e-04	-2.231	2752	3.423	3.284
11.523	3.941e-04	-2.321	2722	3.495	3.024
11.523	5.179e-04	-2.410	2693	3.566	2.786
11.523	6.755e-04	-2.497	2665	3.634	2.575
11.523	8.866e-04	-2.595	2621	3.703	2.380
11.523	1.165e-03	-2.696	2568	3.769	2.205
11.523	1.520e-03	-2.793	2518	3.831	2.052
11.523	1.979e-03	-2.892	2462	3.891	1.916
11.523	2.612e-03	-3.007	2385	3.951	1.788
11.523	3.441e-03	-3.144	2274	4.005	1.679
11.523	4.523e-03	-3.279	2164	4.054	1.587
11.523	5.970e-03	-3.430	2035	4.098	1.509
11.523	7.815e-03	-3.590	1896	4.135	1.446
11.523	1.034e-02	-3.729	1785	4.169	1.391
11.523	1.364e-02	-3.867	1678	4.200	1.342
11.523	1.797e-02	-4.033	1548	4.227	1.301
11.523	2.362e-02	-4.183	1440	4.250	1.267
11.523	3.081e-02	-4.326	1342	4.271	1.237
11.523	4.067e-02	-4.475	1246	4.290	1.210
11.523	5.324e-02	-4.618	1158	4.308	1.186
11.523	6.988e-02	-4.764	1075	4.324	1.164
11.523	9.184e-02	-4.911	996	4.339	1.144
11.523	1.207e-01	-5.067	918	4.353	1.126
11.523	1.587e-01	-5.220	847	4.365	1.110
11.523	2.099e-01	-5.386	775	4.377	1.095
11.523	2.770e-01	-5.547	711	4.388	1.081
11.523	3.627e-01	-5.694	657	4.397	1.070
11.523	4.787e-01	-5.840	607	4.406	1.059
11.523	6.306e-01	-5.974	565	4.415	1.048
11.523	8.288e-01	-6.100	527	4.423	1.038
11.523	1.090e+00	-6.238	490	4.431	1.029
11.523	1.432e+00	-6.360	458	4.439	1.020
11.523	1.890e+00	-6.498	425	4.446	1.011
11.523	2.500e+00	-6.639	394	4.454	1.002
11.523	3.293e+00	-6.780	364	4.461	0.994
11.523	4.328e+00	-6.926	336	4.467	0.987
11.523	5.691e+00	-7.085	308	4.473	0.981
11.523	7.479e+00	-7.240	283	4.478	0.975
11.523	9.891e+00	-7.387	260	4.483	0.969
12.047	1.008e-04	-1.822	2889	3.118	4.768
12.047	1.333e-04	-1.922	2860	3.200	4.338
12.047	1.745e-04	-2.015	2831	3.277	3.974
12.047	2.290e-04	-2.108	2802	3.352	3.645
12.047	2.999e-04	-2.199	2773	3.424	3.353
12.047	3.920e-04	-2.289	2743	3.495	3.090
12.047	5.112e-04	-2.376	2715	3.564	2.853
12.047	6.657e-04	-2.462	2687	3.633	2.637
12.047	8.737e-04	-2.554	2652	3.702	2.435
12.047	1.148e-03	-2.657	2599	3.769	2.254
12.047	1.498e-03	-2.754	2548	3.832	2.096
12.047	1.977e-03	-2.855	2494	3.896	1.948
12.047	2.584e-03	-2.963	2424	3.955	1.820
12.047	3.397e-03	-3.093	2324	4.011	1.706
12.047	4.465e-03	-3.217	2226	4.061	1.610
12.047	5.860e-03	-3.365	2099	4.106	1.529
12.047	7.701e-03	-3.510	1975	4.145	1.462
12.047	1.005e-02	-3.652	1855	4.178	1.407
12.047	1.328e-02	-3.789	1745	4.210	1.357
12.047	1.747e-02	-3.938	1628	4.237	1.315
12.047	2.296e-02	-4.084	1517	4.261	1.279
12.047	3.036e-02	-4.230	1412	4.283	1.247
12.047	3.960e-02	-4.368	1319	4.302	1.220
12.047	5.227e-02	-4.512	1227	4.320	1.195
12.047	6.831e-02	-4.651	1143	4.337	1.172
12.047	8.910e-02	-4.793	1063	4.352	1.152
12.047	1.176e-01	-4.945	982	4.367	1.132
12.047	1.540e-01	-5.105	903	4.381	1.114
12.047	2.032e-01	-5.265	830	4.394	1.098
12.047	2.677e-01	-5.432	759	4.405	1.083
12.047	3.506e-01	-5.591	696	4.416	1.071
12.047	4.589e-01	-5.743	641	4.425	1.059
12.047	6.024e-01	-5.887	594	4.434	1.048
12.047	7.888e-01	-6.019	553	4.443	1.038
12.047	1.033e+00	-6.149	515	4.451	1.028
12.047	1.345e+00	-6.283	479	4.459	1.019
12.047	1.775e+00	-6.410	448	4.467	1.010
12.047	2.338e+00	-6.560	412	4.474	1.001
12.047	3.073e+00	-6.696	383	4.481	0.993
12.047	4.056e+00	-6.841	354	4.488	0.985
12.047	5.310e+00	-6.986	326	4.494	0.978
12.047	7.009e+00	-7.162	296	4.500	0.972
12.047	9.159e+00	-7.302	274	4.505	0.967
12.571	1.009e-04	-1.792	2907	3.117	4.877
12.571	1.314e-04	-1.885	2882	3.196	4.455
12.571	1.734e-04	-1.982	2852	3.275	4.066
12.571	2.266e-04	-2.075	2823	3.350	3.732
12.571	2.956e-04	-2.165	2794	3.422	3.435
12.571	3.880e-04	-2.256	2764	3.494	3.160
12.571	5.081e-04	-2.344	2736	3.565	2.913
12.571	6.651e-04	-2.433	2707	3.635	2.688
12.571	8.730e-04	-2.523	2676	3.704	2.481
12.571	1.147e-03	-2.623	2626	3.772	2.294
12.571	1.508e-03	-2.724	2573	3.838	2.127
12.571	1.983e-03	-2.823	2521	3.901	1.978
12.571	2.586e-03	-2.927	2457	3.960	1.847
12.571	3.413e-03	-3.047	2371	4.019	1.728
12.571	4.469e-03	-3.174	2269	4.069	1.630
12.571	5.865e-03	-3.308	2157	4.115	1.546
12.571	7.708e-03	-3.449	2035	4.155	1.477
12.571	1.013e-02	-3.589	1914	4.189	1.421
12.571	1.340e-02	-3.719	1807	4.219	1.372
12.571	1.762e-02	-3.837	1714	4.245	1.330
12.571	2.316e-02	-3.981	1600	4.269	1.295
12.571	3.044e-02	-4.110	1503	4.290	1.264
12.571	4.018e-02	-4.240	1411	4.309	1.236
12.571	5.260e-02	-4.370	1322	4.327	1.211
12.571	6.904e-02	-4.503	1236	4.344	1.188
12.571	9.073e-02	-4.643	1152	4.360	1.166
12.571	1.183e-01	-4.787	1070	4.376	1.145
12.571	1.562e-01	-4.945	986	4.392	1.124
12.571	2.045e-01	-5.111	903	4.406	1.106
12.571	2.684e-01	-5.284	824	4.419	1.089
12.571	3.528e-01	-5.460	750	4.431	1.074
12.571	4.638e-01	-5.631	684	4.442	1.061
12.571	6.096e-01	-5.797	625	4.452	1.048
12.571	8.015e-01	-5.947	576	4.462	1.037
12.571	1.053e+00	-6.088	534	4.471	1.026
12.571	1.390e+00	-6.242	492	4.480	1.016
12.571	1.832e+00	-6.370	459	4.488	1.006
12.571	2.407e+00	-6.523	422	4.496	0.997
12.571	3.178e+00	-6.663	391	4.503	0.989
12.571	4.186e+00	-6.807	361	4.510	0.981
12.571	5.501e+00	-6.956	333	4.516	0.974
12.571	7.262e+00	-7.132	302	4.522	0.967
12.571	9.566e+00	-7.280	278	4.527	0.962
13.095	1.030e-04	-1.773	2916	3.122	4.950
13.095	1.357e-04	-1.866	2899	3.205	4.501
13.095	1.783e-04	-1.962	2869	3.283	4.112
13.095	2.326e-04	-2.054	2840	3.358	3.774
13.095	3.053e-04	-2.147	2810	3.431	3.466
13.095	3.998e-04	-2.238	2780	3.503	3.191
13.095	5.233e-04	-2.326	2752	3.574	2.941
13.095	6.814e-04	-2.413	2723	3.643	2.718
13.095	8.995e-04	-2.504	2693	3.714	2.503
13.095	1.178e-03	-2.601	2647	3.782	2.316
13.095	1.554e-03	-2.704	2593	3.849	2.144
13.095	2.035e-03	-2.802	2541	3.911	1.995
13.095	2.649e-03	-2.902	2482	3.971	1.863
13.095	3.497e-03	-3.013	2408	4.029	1.742
13.095	4.607e-03	-3.143	2301	4.081	1.641
13.095	6.055e-03	-3.265	2203	4.126	1.558
13.095	7.992e-03	-3.398	2087	4.165	1.489
13.095	1.046e-02	-3.520	1981	4.197	1.436
13.095	1.384e-02	-3.632	1887	4.224	1.391
13.095	1.819e-02	-3.740	1797	4.248	1.354
13.095	2.391e-02	-3.835	1722	4.269	1.321
13.095	3.119e-02	-3.951	1629	4.288	1.293
13.095	4.117e-02	-4.059	1547	4.306	1.267
13.095	5.444e-02	-4.176	1461	4.324	1.241
13.095	7.127e-02	-4.296	1376	4.341	1.217
13.095	9.408e-02	-4.435	1284	4.359	1.192
13.095	1.232e-01	-4.583	1191	4.377	1.167
13.095	1.626e-01	-4.751	1093	4.396	1.142
13.095	2.141e-01	-4.932	996	4.414	1.118
13.095	2.814e-01	-5.126	899	4.431	1.097
13.095	3.715e-01	-5.334	805	4.446	1.078
13.095	4.894e-01	-5.535	722	4.460	1.061
13.095	6.432e-01	-5.725	652	4.471	1.047
13.095	8.389e-01	-5.889	597	4.481	1.035
13.095	1.107e+00	-6.044	549	4.491	1.023
13.095	1.450e+00	-6.202	504	4.501	1.012
13.095	1.917e+00	-6.337	468	4.509	1.002
13.095	2.531e+00	-6.495	430	4.518	0.993
13.095	3.334e+00	-6.638	398	4.525	0.984
13.095	4.381e+00	-6.782	367	4.532	0.976
13.095	5.761e+00	-6.934	338	4.538	0.969
13.095	7.571e+00	-7.107	307	4.544	0.963
13.095	9.994e+00	-7.260	282	4.549	0.957
13.618	1.002e-04	-1.744	2921	3.113	5.102
13.618	1.313e-04	-1.824	2923	3.194	4.647
13.618	1.719e-04	-1.921	2893	3.273	4.244
13.618	2.256e-04	-2.016	2863	3.349	3.885
13.618	2.964e-04	-2.109	2833	3.425	3.562
13.618	3.867e-04	-2.199	2803	3.496	3.282
13.618	5.075e-04	-2.289	2774	3.568	3.021
13.618	6.670e-04	-2.379	2744	3.639	2.783
13.618	8.700e-04	-2.466	2715	3.708	2.572
13.618	1.142e-03	-2.559	2678	3.777	2.375
13.618	1.501e-03	-2.661	2625	3.844	2.199
13.618	1.973e-03	-2.761	2572	3.908	2.041
13.618	2.593e-03	-2.859	2518	3.970	1.901
13.618	3.423e-03	-2.967	2449	4.029	1.777
13.618	4.481e-03	-3.086	2355	4.080	1.675
13.618	5.915e-03	-3.195	2270	4.126	1.590
13.618	7.744e-03	-3.306	2175	4.163	1.523
13.618	1.022e-02	-3.414	2080	4.193	1.471
13.618	1.338e-02	-3.503	2003	4.216	1.432
13.618	1.770e-02	-3.585	1934	4.237	1.398
13.618	2.308e-02	-3.663	1868	4.255	1.370
13.618	3.047e-02	-3.746	1799	4.273	1.341
13.618	4.014e-02	-3.839	1725	4.293	1.311
13.618	5.308e-02	-3.972	1618	4.315	1.278
13.618	6.976e-02	-4.116	1509	4.338	1.245
13.618	9.226e-02	-4.288	1387	4.363	1.210
13.618	1.220e-01	-4.481	1259	4.388	1.176
13.618	1.611e-01	-4.683	1136	4.411	1.144
13.618	2.108e-01	-4.884	1024	4.432	1.117
13.618	2.783e-01	-5.100	915	4.451	1.092
13.618	3.666e-01	-5.317	815	4.468	1.072
13.618	4.818e-01	-5.519	731	4.481	1.056
13.618	6.285e-01	-5.702	662	4.492	1.042
13.618	8.249e-01	-5.867	606	4.503	1.030
13.618	1.084e+00	-6.015	559	4.512	1.019
13.618	1.431e+00	-6.170	514	4.521	1.008
13.618	1.885e+00	-6.305	478	4.530	0.998
13.618	2.477e+00	-6.451	442	4.538	0.989
13.618	3.276e+00	-6.599	407	4.545	0.981
13.618	4.274e+00	-6.736	378	4.552	0.973
13.618	5.609e+00	-6.885	348	4.558	0.966
13.618	7.372e+00	-7.048	318	4.564	0.959
13.618	9.693e+00	-7.204	292	4.570	0.954
14.142	1.006e-04	-1.725	2927	3.113	5.197
14.142	1.313e-04	-1.797	2938	3.193	4.742
14.142	1.733e-04	-1.896	2911	3.275	4.314
14.142	2.269e-04	-1.990	2881	3.352	3.950
14.142	2.994e-04	-2.086	2850	3.428	3.615
14.142	3.920e-04	-2.177	2820	3.501	3.325
14.142	5.174e-04	-2.269	2790	3.575	3.055
14.142	6.774e-04	-2.358	2761	3.645	2.817
14.142	8.820e-04	-2.445	2731	3.713	2.604
14.142	1.164e-03	-2.537	2698	3.784	2.400
14.142	1.524e-03	-2.637	2647	3.851	2.223
14.142	2.012e-03	-2.738	2593	3.916	2.061
14.142	2.634e-03	-2.834	2541	3.977	1.922
14.142	3.457e-03	-2.936	2477	4.034	1.800
14.142	4.543e-03	-3.042	2399	4.085	1.697
14.142	6.008e-03	-3.145	2317	4.128	1.616
14.142	7.900e-03	-3.229	2251	4.161	1.555
14.142	1.038e-02	-3.311	2179	4.187	1.510
14.142	1.373e-02	-3.383	2115	4.207	1.475
14.142	1.791e-02	-3.445	2060	4.224	1.446
14.142	2.364e-02	-3.519	1997	4.243	1.415
14.142	3.140e-02	-3.614	1917	4.267	1.377
14.142	4.161e-02	-3.746	1806	4.296	1.332
14.142	5.447e-02	-3.921	1664	4.329	1.282
14.142	7.150e-02	-4.128	1506	4.362	1.234
14.142	9.397e-02	-4.350	1349	4.393	1.191
14.142	1.240e-01	-4.571	1207	4.420	1.154
14.142	1.624e-01	-4.777	1086	4.443	1.124
14.142	2.131e-01	-4.978	978	4.463	1.098
14.142	2.791e-01	-5.179	880	4.480	1.078
14.142	3.654e-01	-5.372	794	4.494	1.061
14.142	4.795e-01	-5.556	719	4.505	1.046
14.142	6.302e-01	-5.730	654	4.516	1.034
14.142	8.286e-01	-5.880	603	4.525	1.023
14.142	1.089e+00	-6.018	560	4.534	1.012
14.142	1.432e+00	-6.163	518	4.542	1.003
14.142	1.882e+00	-6.290	483	4.550	0.993
14.142	2.489e+00	-6.433	447	4.558	0.984
14.142	3.285e+00	-6.577	413	4.565	0.976
14.142	4.327e+00	-6.715	383	4.572	0.969
14.142	5.667e+00	-6.861	354	4.579	0.962
14.142	7.419e+00	-7.016	325	4.584	0.955
14.142	9.811e+00	-7.175	297	4.590	0.949
14.666	1.013e-04	-1.706	2933	3.114	5.287
14.666	1.331e-04	-1.780	2946	3.196	4.813
14.666	1.743e-04	-1.871	2929	3.276	4.387
14.666	2.282e-04	-1.966	2898	3.353	4.013
14.666	2.995e-04	-2.060	2868	3.429	3.678
14.666	3.894e-04	-2.150	2838	3.500	3.388
14.666	5.099e-04	-2.239	2809	3.572	3.119
14.666	6.675e-04	-2.328	2780	3.643	2.875
14.666	8.692e-04	-2.415	2751	3.712	2.657
14.666	1.130e-03	-2.501	2721	3.779	2.459
14.666	1.483e-03	-2.598	2676	3.847	2.274
14.666	1.949e-03	-2.699	2623	3.912	2.109
14.666	2.542e-03	-2.793	2572	3.973	1.968
14.666	3.356e-03	-2.890	2514	4.031	1.840
14.666	4.393e-03	-2.981	2455	4.080	1.739
14.666	5.799e-03	-3.074	2380	4.120	1.661
14.666	7.591e-03	-3.143	2327	4.148	1.607
14.666	9.964e-03	-3.196	2286	4.171	1.566
14.666	1.305e-02	-3.248	2242	4.190	1.533
14.666	1.708e-02	-3.310	2187	4.209	1.499
14.666	2.255e-02	-3.397	2110	4.233	1.458
14.666	2.982e-02	-3.519	2004	4.265	1.405
14.666	3.943e-02	-3.700	1850	4.308	1.338
14.666	5.215e-02	-3.937	1657	4.353	1.269
14.666	6.897e-02	-4.190	1466	4.393	1.213
14.666	9.104e-02	-4.427	1302	4.424	1.170
14.666	1.192e-01	-4.634	1172	4.449	1.137
14.666	1.552e-01	-4.823	1064	4.469	1.111
14.666	2.037e-01	-5.008	966	4.487	1.088
14.666	2.677e-01	-5.196	875	4.502	1.069
14.666	3.520e-01	-5.376	794	4.515	1.054
14.666	4.609e-01	-5.546	725	4.526	1.040
14.666	6.034e-01	-5.709	664	4.536	1.029
14.666	7.919e-01	-5.853	614	4.545	1.018
14.666	1.041e+00	-5.986	571	4.553	1.009
14.666	1.368e+00	-6.122	531	4.561	0.999
14.666	1.798e+00	-6.252	495	4.569	0.990
14.666	2.374e+00	-6.382	461	4.577	0.982
14.666	3.127e+00	-6.529	426	4.584	0.974
14.666	4.110e+00	-6.661	396	4.591	0.966
14.666	5.404e+00	-6.804	366	4.597	0.959
14.666	7.102e+00	-6.954	337	4.603	0.952
14.666	9.264e+00	-7.108	309	4.608	0.946
15.190	1.032e-04	-1.692	2939	3.119	5.350
15.190	1.356e-04	-1.765	2953	3.200	4.872
15.190	1.769e-04	-1.849	2945	3.280	4.445
15.190	2.335e-04	-1.948	2913	3.360	4.053
15.190	3.056e-04	-2.042	2883	3.436	3.716
15.190	4.011e-04	-2.135	2852	3.510	3.412
15.190	5.272e-04	-2.226	2823	3.583	3.137
15.190	6.877e-04	-2.314	2794	3.653	2.894
15.190	8.940e-04	-2.400	2765	3.721	2.676
15.190	1.173e-03	-2.489	2735	3.790	2.469
15.190	1.537e-03	-2.584	2692	3.858	2.284
15.190	2.011e-03	-2.682	2640	3.922	2.121
15.190	2.655e-03	-2.779	2588	3.984	1.975
15.190	3.476e-03	-2.866	2538	4.038	1.857
15.190	4.597e-03	-2.950	2483	4.084	1.761
15.190	5.996e-03	-3.016	2436	4.117	1.696
15.190	7.914e-03	-3.074	2389	4.140	1.651
15.190	1.036e-02	-3.116	2356	4.158	1.617
15.190	1.368e-02	-3.163	2319	4.178	1.580
15.190	1.787e-02	-3.227	2268	4.204	1.533
15.190	2.359e-02	-3.355	2155	4.242	1.468
15.190	3.120e-02	-3.544	1990	4.293	1.384
15.190	4.069e-02	-3.779	1792	4.347	1.301
15.190	5.372e-02	-4.057	1569	4.394	1.233
15.190	7.020e-02	-4.291	1398	4.427	1.186
15.190	9.230e-02	-4.502	1258	4.454	1.150
15.190	1.209e-01	-4.688	1144	4.476	1.122
15.190	1.579e-01	-4.861	1046	4.494	1.099
15.190	2.077e-01	-5.033	957	4.510	1.078
15.190	2.729e-01	-5.211	870	4.524	1.061
15.190	3.588e-01	-5.382	794	4.536	1.047
15.190	4.699e-01	-5.544	728	4.546	1.034
15.190	6.141e-01	-5.701	669	4.556	1.023
15.190	8.074e-01	-5.843	619	4.564	1.013
15.190	1.061e+00	-5.974	577	4.573	1.003
15.190	1.395e+00	-6.108	537	4.581	0.994
15.190	1.834e+00	-6.237	500	4.588	0.986
15.190	2.420e+00	-6.364	467	4.596	0.977
15.190	3.188e+00	-6.510	431	4.603	0.969
15.190	4.190e+00	-6.641	401	4.610	0.962
15.190	5.466e+00	-6.777	373	4.616	0.955
15.190	7.215e+00	-6.928	343	4.622	0.948
15.190	9.504e+00	-7.087	314	4.628	0.942
15.713	1.012e-04	-1.669	2943	3.113	5.480
15.713	1.331e-04	-1.742	2957	3.194	4.992
15.713	1.749e-04	-1.819	2964	3.276	4.543
15.713	2.309e-04	-1.920	2932	3.357	4.137
15.713	3.023e-04	-2.014	2901	3.433	3.790
15.713	3.936e-04	-2.105	2871	3.506	3.487
15.713	5.196e-04	-2.197	2841	3.580	3.200
15.713	6.802e-04	-2.287	2812	3.651	2.948
15.713	8.978e-04	-2.378	2781	3.724	2.712
15.713	1.175e-03	-2.466	2751	3.793	2.505
15.713	1.543e-03	-2.558	2715	3.861	2.315
15.713	2.027e-03	-2.658	2661	3.927	2.147
15.713	2.666e-03	-2.751	2611	3.987	2.003
15.713	3.491e-03	-2.832	2566	4.038	1.889
15.713	4.562e-03	-2.902	2522	4.078	1.804
15.713	5.998e-03	-2.955	2488	4.106	1.746
15.713	7.883e-03	-2.994	2460	4.127	1.705
15.713	1.028e-02	-3.035	2428	4.144	1.671
15.713	1.357e-02	-3.090	2384	4.167	1.627
15.713	1.788e-02	-3.173	2319	4.203	1.562
15.713	2.350e-02	-3.337	2178	4.258	1.466
15.713	3.121e-02	-3.595	1953	4.327	1.355
15.713	4.102e-02	-3.867	1725	4.383	1.270
15.713	5.350e-02	-4.110	1534	4.422	1.214
15.713	7.022e-02	-4.324	1380	4.452	1.173
15.713	9.229e-02	-4.515	1253	4.476	1.141
15.713	1.204e-01	-4.685	1149	4.496	1.115
15.713	1.580e-01	-4.852	1054	4.513	1.093
15.713	2.077e-01	-5.017	968	4.529	1.074
15.713	2.709e-01	-5.184	886	4.542	1.057
15.713	3.555e-01	-5.350	810	4.554	1.043
15.713	4.672e-01	-5.513	743	4.564	1.030
15.713	6.094e-01	-5.667	683	4.574	1.020
15.713	7.999e-01	-5.810	632	4.582	1.009
15.713	1.051e+00	-5.943	588	4.590	1.000
15.713	1.371e+00	-6.069	550	4.598	0.991
15.713	1.810e+00	-6.204	511	4.606	0.982
15.713	2.394e+00	-6.330	477	4.614	0.974
15.713	3.153e+00	-6.475	441	4.621	0.966
15.713	4.144e+00	-6.606	410	4.627	0.958
15.713	5.449e+00	-6.742	381	4.634	0.951
15.713	7.161e+00	-6.892	351	4.640	0.944
15.713	9.415e+00	-7.047	322	4.646	0.938
16.237	1.010e-04	-1.651	2948	3.112	5.576
16.237	1.328e-04	-1.723	2962	3.193	5.082
16.237	1.746e-04	-1.797	2975	3.274	4.627
16.237	2.305e-04	-1.895	2949	3.356	4.209
16.237	3.036e-04	-1.992	2917	3.435	3.846
16.237	3.976e-04	-2.085	2886	3.509	3.530
16.237	5.195e-04	-2.174	2858	3.581	3.248
16.237	6.777e-04	-2.263	2828	3.652	2.995
16.237	8.945e-04	-2.355	2797	3.724	2.755
16.237	1.171e-03	-2.442	2768	3.794	2.543
16.237	1.546e-03	-2.533	2735	3.864	2.346
16.237	2.020e-03	-2.629	2685	3.928	2.179
16.237	2.656e-03	-2.721	2635	3.987	2.036
16.237	3.490e-03	-2.798	2593	4.036	1.925
16.237	4.589e-03	-2.855	2560	4.072	1.847
16.237	6.032e-03	-2.898	2532	4.095	1.798
16.237	7.930e-03	-2.931	2510	4.113	1.761
16.237	1.042e-02	-2.969	2485	4.133	1.721
16.237	1.376e-02	-3.035	2435	4.164	1.661
16.237	1.819e-02	-3.154	2342	4.215	1.566
16.237	2.382e-02	-3.380	2146	4.290	1.437
16.237	3.101e-02	-3.646	1915	4.358	1.329
16.237	4.094e-02	-3.901	1703	4.409	1.253
16.237	5.393e-02	-4.128	1525	4.444	1.203
16.237	7.087e-02	-4.328	1381	4.472	1.165
16.237	9.245e-02	-4.504	1264	4.494	1.135
16.237	1.220e-01	-4.676	1158	4.514	1.110
16.237	1.597e-01	-4.837	1066	4.531	1.088
16.237	2.097e-01	-4.997	981	4.546	1.069
16.237	2.756e-01	-5.164	898	4.560	1.053
16.237	3.623e-01	-5.330	822	4.572	1.038
16.237	4.744e-01	-5.490	754	4.582	1.026
16.237	6.211e-01	-5.645	693	4.592	1.015
16.237	8.198e-01	-5.794	640	4.600	1.005
16.237	1.073e+00	-5.925	596	4.609	0.995
16.237	1.417e+00	-6.057	555	4.617	0.986
16.237	1.866e+00	-6.191	516	4.624	0.978
16.237	2.453e+00	-6.314	483	4.632	0.969
16.237	3.238e+00	-6.458	446	4.639	0.961
16.237	4.265e+00	-6.590	415	4.646	0.954
16.237	5.605e+00	-6.725	385	4.652	0.947
16.237	7.399e+00	-6.878	354	4.658	0.940
16.237	9.746e+00	-7.032	325	4.664	0.934
16.761	1.035e-04	-1.640	2955	3.119	5.622
16.761	1.360e-04	-1.712	2968	3.199	5.126
16.761	1.774e-04	-1.784	2981	3.278	4.680
16.761	2.342e-04	-1.877	2964	3.361	4.255
16.761	3.066e-04	-1.972	2932	3.438	3.894
16.761	4.025e-04	-2.066	2901	3.513	3.569
16.761	5.289e-04	-2.158	2872	3.587	3.278
16.761	6.899e-04	-2.247	2842	3.658	3.021
16.761	9.055e-04	-2.337	2812	3.729	2.784
16.761	1.190e-03	-2.426	2782	3.800	2.567
16.761	1.565e-03	-2.514	2751	3.869	2.371
16.761	2.049e-03	-2.608	2704	3.933	2.202
16.761	2.682e-03	-2.694	2657	3.989	2.065
16.761	3.521e-03	-2.764	2619	4.033	1.962
16.761	4.627e-03	-2.811	2593	4.063	1.895
16.761	6.035e-03	-2.843	2575	4.083	1.853
16.761	7.922e-03	-2.874	2556	4.100	1.816
16.761	1.041e-02	-2.916	2528	4.124	1.768
16.761	1.374e-02	-2.990	2477	4.163	1.689
16.761	1.810e-02	-3.149	2353	4.232	1.560
16.761	2.316e-02	-3.390	2145	4.312	1.423
16.761	3.041e-02	-3.650	1918	4.378	1.318
16.761	4.014e-02	-3.887	1719	4.425	1.249
16.761	5.288e-02	-4.104	1548	4.460	1.200
16.761	6.950e-02	-4.298	1406	4.487	1.163
16.761	9.065e-02	-4.471	1289	4.509	1.134
16.761	1.197e-01	-4.640	1183	4.529	1.108
16.761	1.564e-01	-4.797	1091	4.546	1.087
16.761	2.056e-01	-4.956	1005	4.562	1.067
16.761	2.692e-01	-5.117	923	4.575	1.051
16.761	3.524e-01	-5.281	846	4.587	1.036
16.761	4.626e-01	-5.441	776	4.598	1.024
16.761	6.079e-01	-5.600	712	4.608	1.012
16.761	7.993e-01	-5.751	656	4.617	1.002
16.761	1.051e+00	-5.887	610	4.625	0.993
16.761	1.370e+00	-6.014	570	4.633	0.984
16.761	1.809e+00	-6.150	529	4.640	0.975
16.761	2.383e+00	-6.273	495	4.648	0.967
16.761	3.131e+00	-6.411	459	4.655	0.959
16.761	4.117e+00	-6.546	426	4.662	0.951
16.761	5.411e+00	-6.677	397	4.668	0.944
16.761	7.114e+00	-6.827	365	4.674	0.937
16.761	9.350e+00	-6.973	337	4.680	0.931
17.285	1.005e-04	-1.616	2958	3.110	5.766
17.285	1.327e-04	-1.689	2972	3.191	5.252
17.285	1.737e-04	-1.761	2985	3.271	4.791
17.285	2.293e-04	-1.846	2982	3.354	4.354
17.285	3.032e-04	-1.946	2949	3.435	3.967
17.285	3.970e-04	-2.040	2918	3.510	3.637
17.285	5.210e-04	-2.131	2889	3.584	3.339
17.285	6.847e-04	-2.223	2858	3.657	3.070
17.285	8.931e-04	-2.311	2829	3.727	2.833
17.285	1.179e-03	-2.401	2798	3.799	2.609
17.285	1.543e-03	-2.487	2769	3.867	2.413
17.285	2.026e-03	-2.577	2729	3.931	2.240
17.285	2.662e-03	-2.662	2683	3.986	2.102
17.285	3.494e-03	-2.725	2648	4.027	2.006
17.285	4.592e-03	-2.766	2626	4.053	1.947
17.285	5.990e-03	-2.793	2611	4.070	1.909
17.285	7.862e-03	-2.822	2594	4.088	1.869
17.285	1.033e-02	-2.869	2566	4.116	1.811
17.285	1.364e-02	-2.961	2505	4.166	1.709
17.285	1.797e-02	-3.160	2352	4.256	1.542
17.285	2.361e-02	-3.431	2116	4.343	1.395
17.285	3.105e-02	-3.670	1907	4.402	1.303
17.285	4.080e-02	-3.890	1723	4.445	1.240
17.285	5.322e-02	-4.092	1562	4.477	1.195
17.285	7.025e-02	-4.283	1421	4.504	1.158
17.285	9.254e-02	-4.460	1301	4.527	1.129
17.285	1.216e-01	-4.624	1197	4.546	1.104
17.285	1.586e-01	-4.778	1106	4.563	1.083
17.285	2.082e-01	-4.934	1020	4.578	1.064
17.285	2.737e-01	-5.094	937	4.592	1.047
17.285	3.598e-01	-5.261	858	4.604	1.032
17.285	4.729e-01	-5.421	787	4.615	1.019
17.285	6.168e-01	-5.576	724	4.625	1.008
17.285	8.032e-01	-5.723	668	4.633	0.998
17.285	1.060e+00	-5.863	619	4.642	0.989
17.285	1.388e+00	-5.992	578	4.649	0.980
17.285	1.832e+00	-6.129	536	4.657	0.971
17.285	2.413e+00	-6.253	502	4.665	0.963
17.285	3.172e+00	-6.388	466	4.672	0.955
17.285	4.137e+00	-6.521	433	4.678	0.948
17.285	5.461e+00	-6.653	403	4.685	0.940
17.285	7.149e+00	-6.798	372	4.691	0.934
17.285	9.454e+00	-6.947	343	4.697	0.928
17.809	1.043e-04	-1.609	2965	3.121	5.782
17.809	1.372e-04	-1.681	2978	3.200	5.274
17.809	1.803e-04	-1.755	2991	3.281	4.805
17.809	2.370e-04	-1.835	2994	3.363	4.374
17.809	3.115e-04	-1.933	2962	3.443	3.991
17.809	4.088e-04	-2.028	2930	3.519	3.655
17.809	5.373e-04	-2.121	2901	3.594	3.354
17.809	7.009e-04	-2.210	2871	3.665	3.090
17.809	9.199e-04	-2.300	2840	3.736	2.846
17.809	1.205e-03	-2.387	2811	3.806	2.627
17.809	1.577e-03	-2.473	2782	3.873	2.431
17.809	2.070e-03	-2.558	2747	3.936	2.261
17.809	2.720e-03	-2.637	2704	3.988	2.130
17.809	3.577e-03	-2.691	2674	4.023	2.046
17.809	4.701e-03	-2.725	2656	4.044	1.996
17.809	6.131e-03	-2.750	2642	4.061	1.959
17.809	7.983e-03	-2.781	2625	4.080	1.915
17.809	1.054e-02	-2.836	2594	4.115	1.840
17.809	1.388e-02	-2.960	2512	4.183	1.701
17.809	1.824e-02	-3.192	2334	4.288	1.508
17.809	2.413e-02	-3.452	2103	4.367	1.376
17.809	3.147e-02	-3.671	1912	4.420	1.295
17.809	4.154e-02	-3.885	1732	4.462	1.234
17.809	5.472e-02	-4.089	1569	4.495	1.189
17.809	7.192e-02	-4.274	1432	4.521	1.153
17.809	9.381e-02	-4.442	1317	4.542	1.125
17.809	1.231e-01	-4.603	1213	4.562	1.100
17.809	1.612e-01	-4.758	1120	4.579	1.079
17.809	2.111e-01	-4.911	1035	4.594	1.060
17.809	2.770e-01	-5.070	952	4.608	1.043
17.809	3.641e-01	-5.235	872	4.620	1.029
17.809	4.787e-01	-5.396	800	4.631	1.016
17.809	6.269e-01	-5.553	735	4.641	1.004
17.809	8.206e-01	-5.705	677	4.650	0.994
17.809	1.083e+00	-5.846	627	4.658	0.984
17.809	1.427e+00	-5.979	583	4.666	0.975
17.809	1.875e+00	-6.113	543	4.674	0.967
17.809	2.466e+00	-6.237	507	4.681	0.959
17.809	3.241e+00	-6.370	472	4.688	0.951
17.809	4.261e+00	-6.509	437	4.695	0.943
17.809	5.580e+00	-6.635	408	4.702	0.936
17.809	7.304e+00	-6.780	377	4.708	0.930
17.809	9.660e+00	-6.928	347	4.714	0.924
18.332	1.016e-04	-1.588	2968	3.113	5.916
18.332	1.326e-04	-1.657	2981	3.190	5.414
18.332	1.750e-04	-1.731	2995	3.272	4.929
18.332	2.287e-04	-1.803	3007	3.352	4.497
18.332	3.019e-04	-1.901	2980	3.433	4.092
18.332	3.976e-04	-1.998	2948	3.512	3.740
18.332	5.207e-04	-2.090	2919	3.586	3.433
18.332	6.817e-04	-2.180	2889	3.659	3.158
18.332	8.947e-04	-2.270	2858	3.730	2.907
18.332	1.176e-03	-2.359	2828	3.801	2.680
18.332	1.546e-03	-2.446	2799	3.869	2.477
18.332	2.025e-03	-2.526	2770	3.931	2.307
18.332	2.650e-03	-2.599	2732	3.981	2.179
18.332	3.498e-03	-2.650	2704	4.014	2.098
18.332	4.580e-03	-2.680	2688	4.033	2.052
18.332	5.963e-03	-2.704	2675	4.049	2.015
18.332	7.752e-03	-2.737	2656	4.070	1.967
18.332	1.023e-02	-2.799	2622	4.109	1.880
18.332	1.340e-02	-2.939	2534	4.189	1.714
18.332	1.758e-02	-3.170	2359	4.296	1.515
18.332	2.302e-02	-3.407	2150	4.373	1.388
18.332	3.014e-02	-3.621	1961	4.427	1.304
18.332	3.956e-02	-3.825	1787	4.469	1.242
18.332	5.199e-02	-4.028	1622	4.503	1.194
18.332	6.863e-02	-4.215	1479	4.531	1.157
18.332	8.969e-02	-4.387	1357	4.553	1.127
18.332	1.179e-01	-4.550	1250	4.573	1.102
18.332	1.544e-01	-4.705	1155	4.591	1.080
18.332	2.021e-01	-4.858	1067	4.606	1.060
18.332	2.653e-01	-5.013	984	4.621	1.043
18.332	3.487e-01	-5.176	903	4.633	1.028
18.332	4.585e-01	-5.339	827	4.645	1.014
18.332	6.004e-01	-5.495	760	4.655	1.003
18.332	7.859e-01	-5.651	699	4.664	0.992
18.332	1.037e+00	-5.797	646	4.673	0.982
18.332	1.358e+00	-5.929	601	4.681	0.974
18.332	1.793e+00	-6.064	559	4.688	0.965
18.332	2.347e+00	-6.189	522	4.696	0.957
18.332	3.104e+00	-6.320	486	4.703	0.949
18.332	4.097e+00	-6.463	450	4.710	0.941
18.332	5.363e+00	-6.588	420	4.717	0.934
18.332	7.079e+00	-6.731	388	4.723	0.927
18.332	9.325e+00	-6.881	357	4.729	0.921
18.856	1.040e-04	-1.579	2974	3.120	5.953
18.856	1.366e-04	-1.650	2987	3.199	5.437
18.856	1.782e-04	-1.720	3000	3.277	4.970
18.856	2.353e-04	-1.795	3013	3.359	4.520
18.856	3.099e-04	-1.889	2992	3.441	4.115
18.856	4.073e-04	-1.985	2960	3.519	3.762
18.856	5.313e-04	-2.076	2931	3.592	3.456
18.856	6.973e-04	-2.168	2901	3.666	3.176
18.856	9.165e-04	-2.259	2870	3.738	2.923
18.856	1.195e-03	-2.345	2841	3.807	2.701
18.856	1.578e-03	-2.431	2812	3.875	2.496
18.856	2.062e-03	-2.507	2785	3.934	2.332
18.856	2.711e-03	-2.572	2754	3.980	2.212
18.856	3.563e-03	-2.615	2731	4.008	2.143
18.856	4.648e-03	-2.640	2717	4.024	2.102
18.856	6.135e-03	-2.667	2702	4.042	2.060
18.856	8.031e-03	-2.708	2680	4.068	1.998
18.856	1.060e-02	-2.792	2633	4.122	1.879
18.856	1.370e-02	-2.969	2520	4.222	1.674
18.856	1.771e-02	-3.176	2361	4.316	1.502
18.856	2.333e-02	-3.406	2158	4.390	1.380
18.856	3.066e-02	-3.615	1973	4.443	1.298
18.856	4.031e-02	-3.816	1800	4.485	1.237
18.856	5.298e-02	-4.014	1637	4.519	1.190
18.856	6.994e-02	-4.200	1494	4.546	1.153
18.856	9.140e-02	-4.370	1372	4.568	1.124
18.856	1.202e-01	-4.533	1264	4.588	1.098
18.856	1.574e-01	-4.687	1168	4.606	1.076
18.856	2.060e-01	-4.839	1080	4.622	1.057
18.856	2.704e-01	-4.994	997	4.636	1.039
18.856	3.553e-01	-5.155	915	4.649	1.024
18.856	4.672e-01	-5.318	839	4.660	1.010
18.856	6.140e-01	-5.477	770	4.671	0.999
18.856	8.105e-01	-5.638	706	4.680	0.988
18.856	1.061e+00	-5.781	653	4.689	0.978
18.856	1.393e+00	-5.915	607	4.697	0.969
18.856	1.830e+00	-6.048	565	4.704	0.961
18.856	2.406e+00	-6.175	527	4.712	0.953
18.856	3.151e+00	-6.302	492	4.719	0.945
18.856	4.118e+00	-6.439	457	4.726	0.938
18.856	5.415e+00	-6.567	426	4.732	0.931
18.856	7.161e+00	-6.708	394	4.739	0.924
18.856	9.411e+00	-6.858	363	4.744	0.917
19.380	1.028e-04	-1.561	2978	3.117	6.056
19.380	1.351e-04	-1.632	2991	3.195	5.534
19.380	1.763e-04	-1.702	3004	3.273	5.061
19.380	2.314e-04	-1.776	3017	3.354	4.613
19.380	3.030e-04	-1.860	3010	3.434	4.205
19.380	3.966e-04	-1.956	2978	3.511	3.846
19.380	5.235e-04	-2.052	2947	3.589	3.518
19.380	6.854e-04	-2.143	2917	3.662	3.233
19.380	8.995e-04	-2.233	2886	3.734	2.976
19.380	1.182e-03	-2.322	2857	3.805	2.743
19.380	1.542e-03	-2.404	2829	3.870	2.544
19.380	2.024e-03	-2.479	2802	3.929	2.377
19.380	2.660e-03	-2.537	2780	3.973	2.261
19.380	3.497e-03	-2.575	2760	3.998	2.195
19.380	4.597e-03	-2.600	2746	4.015	2.155
19.380	6.043e-03	-2.628	2731	4.033	2.110
19.380	7.943e-03	-2.675	2705	4.063	2.038
19.380	1.044e-02	-2.774	2650	4.127	1.893
19.380	1.373e-02	-2.981	2517	4.244	1.654
19.380	1.790e-02	-3.180	2365	4.335	1.490
19.380	2.363e-02	-3.401	2168	4.406	1.374
19.380	3.094e-02	-3.601	1991	4.457	1.295
19.380	4.060e-02	-3.796	1823	4.498	1.235
19.380	5.317e-02	-3.989	1662	4.532	1.188
19.380	6.912e-02	-4.164	1526	4.558	1.153
19.380	8.986e-02	-4.332	1403	4.580	1.124
19.380	1.168e-01	-4.489	1296	4.600	1.099
19.380	1.527e-01	-4.642	1199	4.618	1.076
19.380	2.007e-01	-4.796	1108	4.634	1.056
19.380	2.638e-01	-4.950	1023	4.649	1.038
19.380	3.468e-01	-5.109	940	4.662	1.023
19.380	4.558e-01	-5.273	862	4.674	1.009
19.380	5.993e-01	-5.432	791	4.685	0.996
19.380	7.877e-01	-5.591	726	4.694	0.986
19.380	1.040e+00	-5.744	668	4.703	0.976
19.380	1.361e+00	-5.879	621	4.711	0.967
19.380	1.797e+00	-6.013	577	4.719	0.958
19.380	2.352e+00	-6.141	539	4.726	0.950
19.380	3.087e+00	-6.267	503	4.733	0.942
19.380	4.057e+00	-6.405	467	4.740	0.935
19.380	5.292e+00	-6.533	435	4.746	0.928
19.380	6.985e+00	-6.667	404	4.753	0.921
19.380	9.202e+00	-6.821	371	4.759	0.915
19.904	1.027e-04	-1.547	2984	3.117	6.137
19.904	1.345e-04	-1.617	2995	3.194	5.617
19.904	1.761e-04	-1.688	3008	3.272	5.132
19.904	2.311e-04	-1.761	3021	3.353	4.679
19.904	3.038e-04	-1.841	3024	3.434	4.260
19.904	3.962e-04	-1.936	2992	3.511	3.898
19.904	5.230e-04	-2.032	2961	3.589	3.564
19.904	6.847e-04	-2.123	2931	3.663	3.274
19.904	9.038e-04	-2.216	2899	3.737	3.007
19.904	1.181e-03	-2.303	2871	3.806	2.777
19.904	1.541e-03	-2.384	2843	3.871	2.578
19.904	2.022e-03	-2.456	2818	3.927	2.414
19.904	2.657e-03	-2.508	2800	3.967	2.306
19.904	3.494e-03	-2.539	2786	3.990	2.246
19.904	4.576e-03	-2.562	2774	4.006	2.206
19.904	6.027e-03	-2.593	2757	4.026	2.155
19.904	7.921e-03	-2.647	2728	4.061	2.070
19.904	1.042e-02	-2.771	2658	4.141	1.888
19.904	1.324e-02	-2.955	2542	4.247	1.671
19.904	1.744e-02	-3.154	2392	4.341	1.500
19.904	2.292e-02	-3.362	2210	4.411	1.384
19.904	3.026e-02	-3.561	2033	4.465	1.301
19.904	3.961e-02	-3.751	1867	4.507	1.239
19.904	5.199e-02	-3.945	1703	4.541	1.191
19.904	6.833e-02	-4.128	1558	4.569	1.153
19.904	9.020e-02	-4.306	1425	4.593	1.122
19.904	1.181e-01	-4.468	1314	4.614	1.096
19.904	1.550e-01	-4.623	1214	4.632	1.073
19.904	2.029e-01	-4.774	1124	4.648	1.053
19.904	2.657e-01	-4.925	1039	4.663	1.035
19.904	3.507e-01	-5.085	955	4.676	1.019
19.904	4.583e-01	-5.245	877	4.688	1.006
19.904	6.026e-01	-5.405	805	4.699	0.993
19.904	7.919e-01	-5.564	738	4.709	0.982
19.904	1.045e+00	-5.720	678	4.717	0.972
19.904	1.368e+00	-5.856	630	4.725	0.963
19.904	1.796e+00	-5.989	586	4.733	0.955
19.904	2.361e+00	-6.118	547	4.741	0.947
19.904	3.104e+00	-6.246	510	4.748	0.939
19.904	4.079e+00	-6.382	474	4.755	0.931
19.904	5.321e+00	-6.512	441	4.761	0.924
19.904	7.023e+00	-6.645	410	4.768	0.918
19.904	9.251e+00	-6.798	377	4.774	0.911
20.428	1.007e-04	-1.527	2990	3.112	6.256
20.428	1.324e-04	-1.599	2999	3.189	5.721
20.428	1.733e-04	-1.670	3012	3.268	5.228
20.428	2.269e-04	-1.741	3025	3.347	4.773
20.428	2.978e-04	-1.816	3036	3.428	4.349
20.428	3.900e-04	-1.911	3008	3.507	3.970
20.428	5.106e-04	-2.005	2977	3.583	3.637
20.428	6.739e-04	-2.100	2946	3.659	3.331
20.428	8.822e-04	-2.190	2916	3.731	3.065
20.428	1.165e-03	-2.280	2886	3.803	2.822
20.428	1.522e-03	-2.361	2858	3.868	2.619
20.428	1.985e-03	-2.429	2835	3.922	2.461
20.428	2.620e-03	-2.478	2817	3.960	2.356
20.428	3.430e-03	-2.505	2808	3.981	2.300
20.428	4.502e-03	-2.526	2799	3.997	2.258
20.428	5.917e-03	-2.557	2784	4.018	2.203
20.428	7.825e-03	-2.620	2750	4.059	2.101
20.428	1.029e-02	-2.768	2667	4.154	1.884
20.428	1.316e-02	-2.951	2552	4.261	1.666
20.428	1.737e-02	-3.142	2408	4.352	1.501
20.428	2.273e-02	-3.337	2239	4.420	1.388
20.428	2.984e-02	-3.527	2069	4.473	1.305
20.428	3.922e-02	-3.719	1900	4.516	1.242
20.428	5.115e-02	-3.906	1740	4.551	1.193
20.428	6.752e-02	-4.093	1589	4.580	1.154
20.428	8.894e-02	-4.270	1455	4.605	1.122
20.428	1.169e-01	-4.434	1340	4.625	1.095
20.428	1.525e-01	-4.586	1241	4.644	1.072
20.428	2.001e-01	-4.739	1148	4.660	1.052
20.428	2.630e-01	-4.891	1060	4.675	1.034
20.428	3.458e-01	-5.046	978	4.689	1.017
20.428	4.528e-01	-5.208	897	4.701	1.003
20.428	5.918e-01	-5.364	825	4.712	0.991
20.428	7.781e-01	-5.524	756	4.722	0.980
20.428	1.019e+00	-5.681	695	4.731	0.970
20.428	1.334e+00	-5.819	645	4.739	0.961
20.428	1.761e+00	-5.956	599	4.747	0.952
20.428	2.305e+00	-6.084	558	4.754	0.944
20.428	3.042e+00	-6.214	520	4.762	0.936
20.428	3.983e+00	-6.345	484	4.768	0.929
20.428	5.257e+00	-6.483	449	4.775	0.922
20.428	6.925e+00	-6.614	418	4.782	0.915
20.428	9.102e+00	-6.763	385	4.788	0.908
20.951	1.045e-04	-1.523	2996	3.123	6.255
20.951	1.366e-04	-1.594	3005	3.199	5.732
20.951	1.782e-04	-1.663	3017	3.275	5.247
20.951	2.352e-04	-1.737	3030	3.357	4.778
20.951	3.073e-04	-1.810	3043	3.436	4.360
20.951	4.057e-04	-1.906	3017	3.518	3.969
20.951	5.344e-04	-2.002	2986	3.596	3.628
20.951	7.024e-04	-2.095	2955	3.671	3.327
20.951	9.161e-04	-2.184	2925	3.742	3.066
20.951	1.191e-03	-2.268	2897	3.810	2.837
20.951	1.551e-03	-2.347	2870	3.872	2.640
20.951	2.047e-03	-2.413	2847	3.924	2.486
20.951	2.680e-03	-2.453	2833	3.956	2.397
20.951	3.537e-03	-2.477	2825	3.974	2.347
20.951	4.622e-03	-2.498	2817	3.991	2.303
20.951	6.102e-03	-2.532	2803	4.017	2.236
20.951	8.037e-03	-2.611	2761	4.069	2.105
20.951	1.028e-02	-2.772	2671	4.173	1.868
20.951	1.341e-02	-2.958	2555	4.281	1.649
20.951	1.755e-02	-3.137	2419	4.365	1.497
20.951	2.285e-02	-3.321	2260	4.431	1.387
20.951	3.016e-02	-3.512	2089	4.485	1.303
20.951	3.942e-02	-3.698	1923	4.528	1.241
20.951	5.183e-02	-3.887	1761	4.563	1.191
20.951	6.811e-02	-4.070	1611	4.593	1.152
20.951	8.991e-02	-4.249	1475	4.617	1.119
20.951	1.177e-01	-4.411	1360	4.638	1.093
20.951	1.545e-01	-4.567	1256	4.657	1.070
20.951	2.030e-01	-4.719	1162	4.674	1.049
20.951	2.669e-01	-4.872	1074	4.689	1.031
20.951	3.508e-01	-5.026	991	4.703	1.014
20.951	4.613e-01	-5.189	908	4.716	1.000
20.951	6.063e-01	-5.349	834	4.727	0.987
20.951	7.971e-01	-5.510	764	4.737	0.976
20.951	1.048e+00	-5.669	701	4.746	0.966
20.951	1.377e+00	-5.811	649	4.754	0.957
20.951	1.810e+00	-5.945	603	4.762	0.948
20.951	2.361e+00	-6.072	563	4.769	0.940
20.951	3.117e+00	-6.203	525	4.776	0.932
20.951	4.080e+00	-6.333	489	4.783	0.925
20.951	5.386e+00	-6.472	453	4.790	0.918
20.951	7.095e+00	-6.602	422	4.796	0.911
20.951	9.324e+00	-6.750	389	4.802	0.905
23.046	1.028e-04	-1.465	3020	3.120	6.581
23.046	1.352e-04	-1.539	3024	3.197	6.026
23.046	1.777e-04	-1.612	3033	3.274	5.511
23.046	2.336e-04	-1.683	3046	3.353	5.031
23.046	3.047e-04	-1.754	3058	3.431	4.599
23.046	4.021e-04	-1.831	3068	3.514	4.183
23.046	5.255e-04	-1.926	3039	3.592	3.823
23.046	6.910e-04	-2.021	3008	3.669	3.499
23.046	9.081e-04	-2.113	2977	3.743	3.213
23.046	1.194e-03	-2.199	2948	3.812	2.967
23.046	1.564e-03	-2.271	2924	3.870	2.776
23.046	2.047e-03	-2.320	2907	3.909	2.654
23.046	2.702e-03	-2.347	2898	3.930	2.589
23.046	3.531e-03	-2.366	2891	3.945	2.545
23.046	4.661e-03	-2.393	2882	3.967	2.483
23.046	6.101e-03	-2.444	2863	4.007	2.372
23.046	7.956e-03	-2.581	2804	4.108	2.111
23.046	1.017e-02	-2.757	2705	4.221	1.854
23.046	1.337e-02	-2.918	2609	4.319	1.656
23.046	1.743e-02	-3.075	2493	4.397	1.513
23.046	2.301e-02	-3.237	2362	4.465	1.399
23.046	3.031e-02	-3.423	2192	4.521	1.311
23.046	3.984e-02	-3.604	2028	4.567	1.244
23.046	5.238e-02	-3.785	1867	4.605	1.191
23.046	6.885e-02	-3.967	1712	4.636	1.149
23.046	9.088e-02	-4.144	1571	4.663	1.114
23.046	1.197e-01	-4.313	1443	4.685	1.086
23.046	1.568e-01	-4.471	1333	4.705	1.062
23.046	2.052e-01	-4.622	1234	4.722	1.040
23.046	2.693e-01	-4.772	1142	4.738	1.021
23.046	3.540e-01	-4.924	1055	4.753	1.004
23.046	4.617e-01	-5.076	974	4.766	0.990
23.046	6.095e-01	-5.242	892	4.778	0.976
23.046	7.979e-01	-5.399	819	4.788	0.964
23.046	1.053e+00	-5.563	750	4.798	0.954
23.046	1.379e+00	-5.714	691	4.806	0.945
23.046	1.810e+00	-5.853	640	4.814	0.936
23.046	2.378e+00	-5.988	595	4.822	0.928
23.046	3.127e+00	-6.117	555	4.829	0.920
23.046	4.110e+00	-6.248	517	4.836	0.913
23.046	5.425e+00	-6.386	479	4.843	0.906
23.046	7.102e+00	-6.514	447	4.849	0.899
23.046	9.392e+00	-6.655	413	4.855	0.893
25.142	1.037e-04	-1.420	3042	3.125	6.835
25.142	1.361e-04	-1.493	3046	3.200	6.267
25.142	1.788e-04	-1.567	3049	3.277	5.738
25.142	2.351e-04	-1.639	3061	3.355	5.246
25.142	3.079e-04	-1.710	3073	3.433	4.794
25.142	4.023e-04	-1.781	3087	3.512	4.379
25.142	5.248e-04	-1.859	3088	3.591	3.998
25.142	6.927e-04	-1.958	3055	3.671	3.647
25.142	9.068e-04	-2.048	3024	3.744	3.352
25.142	1.190e-03	-2.131	2998	3.811	3.104
25.142	1.564e-03	-2.194	2976	3.862	2.927
25.142	2.057e-03	-2.230	2964	3.890	2.832
25.142	2.703e-03	-2.250	2957	3.906	2.780
25.142	3.526e-03	-2.271	2950	3.923	2.728
25.142	4.663e-03	-2.308	2937	3.953	2.636
25.142	6.130e-03	-2.398	2905	4.024	2.429
25.142	7.912e-03	-2.571	2835	4.154	2.091
25.142	1.030e-02	-2.735	2742	4.260	1.850
25.142	1.353e-02	-2.877	2663	4.351	1.667
25.142	1.765e-02	-3.019	2562	4.426	1.528
25.142	2.330e-02	-3.169	2443	4.494	1.413
25.142	3.069e-02	-3.342	2288	4.552	1.321
25.142	4.033e-02	-3.511	2134	4.600	1.250
25.142	5.324e-02	-3.689	1972	4.641	1.193
25.142	7.013e-02	-3.870	1811	4.675	1.147
25.142	9.217e-02	-4.043	1667	4.703	1.110
25.142	1.202e-01	-4.213	1532	4.727	1.081
25.142	1.587e-01	-4.378	1410	4.748	1.055
25.142	2.078e-01	-4.532	1304	4.766	1.033
25.142	2.727e-01	-4.684	1207	4.783	1.013
25.142	3.584e-01	-4.834	1117	4.798	0.995
25.142	4.731e-01	-4.988	1030	4.813	0.979
25.142	6.231e-01	-5.151	945	4.825	0.965
25.142	8.190e-01	-5.310	868	4.836	0.953
25.142	1.077e+00	-5.472	795	4.846	0.942
25.142	1.415e+00	-5.633	729	4.855	0.932
25.142	1.861e+00	-5.779	673	4.863	0.924
25.142	2.445e+00	-5.918	624	4.871	0.916
25.142	3.190e+00	-6.045	582	4.878	0.908
25.142	4.210e+00	-6.181	540	4.885	0.901
25.142	5.546e+00	-6.313	503	4.892	0.894
25.142	7.290e+00	-6.446	468	4.899	0.887
25.142	9.622e+00	-6.584	433	4.905	0.881
27.237	1.016e-04	-1.372	3061	3.123	7.130
27.237	1.336e-04	-1.444	3066	3.197	6.545
27.237	1.742e-04	-1.515	3069	3.271	6.012
27.237	2.300e-04	-1.591	3074	3.349	5.496
27.237	3.010e-04	-1.661	3086	3.426	5.031
27.237	3.974e-04	-1.734	3100	3.507	4.585
27.237	5.193e-04	-1.804	3115	3.585	4.187
27.237	6.773e-04	-1.889	3103	3.664	3.826
27.237	8.941e-04	-1.983	3071	3.740	3.505
27.237	1.170e-03	-2.062	3045	3.804	3.257
27.237	1.545e-03	-2.116	3027	3.848	3.094
27.237	2.019e-03	-2.143	3018	3.870	3.018
27.237	2.633e-03	-2.161	3012	3.884	2.968
27.237	3.476e-03	-2.187	3003	3.905	2.899
27.237	4.579e-03	-2.237	2986	3.945	2.767
27.237	6.018e-03	-2.379	2936	4.058	2.430
27.237	7.786e-03	-2.537	2877	4.180	2.111
27.237	1.023e-02	-2.692	2792	4.283	1.875
27.237	1.351e-02	-2.826	2721	4.372	1.693
27.237	1.768e-02	-2.959	2633	4.448	1.551
27.237	2.334e-02	-3.105	2518	4.517	1.433
27.237	3.055e-02	-3.252	2394	4.576	1.339
27.237	4.041e-02	-3.424	2234	4.628	1.261
27.237	5.313e-02	-3.593	2078	4.671	1.200
27.237	6.983e-02	-3.766	1921	4.707	1.151
27.237	9.108e-02	-3.937	1771	4.737	1.112
27.237	1.202e-01	-4.113	1625	4.764	1.078
27.237	1.584e-01	-4.283	1493	4.787	1.050
27.237	2.081e-01	-4.443	1377	4.806	1.027
27.237	2.715e-01	-4.593	1276	4.823	1.007
27.237	3.563e-01	-4.741	1182	4.839	0.989
27.237	4.683e-01	-4.891	1093	4.854	0.972
27.237	6.108e-01	-5.041	1010	4.867	0.958
27.237	8.063e-01	-5.204	927	4.879	0.944
27.237	1.056e+00	-5.361	851	4.889	0.933
27.237	1.393e+00	-5.529	778	4.899	0.923
27.237	1.824e+00	-5.683	715	4.908	0.914
27.237	2.394e+00	-5.827	661	4.916	0.905
27.237	3.146e+00	-5.963	614	4.923	0.898
27.237	4.137e+00	-6.097	571	4.930	0.890
27.237	5.437e+00	-6.229	531	4.937	0.883
27.237	7.190e+00	-6.364	493	4.944	0.877
27.237	9.454e+00	-6.497	458	4.950	0.870
29.332	1.011e-04	-1.331	3082	3.126	7.371
29.332	1.335e-04	-1.403	3085	3.200	6.771
29.332	1.745e-04	-1.475	3088	3.273	6.223
29.332	2.276e-04	-1.547	3091	3.347	5.716
29.332	2.963e-04	-1.617	3098	3.422	5.247
29.332	3.889e-04	-1.688	3111	3.500	4.796
29.332	5.112e-04	-1.759	3127	3.579	4.376
29.332	6.721e-04	-1.831	3141	3.659	3.990
29.332	8.801e-04	-1.920	3116	3.734	3.661
29.332	1.152e-03	-1.995	3091	3.795	3.413
29.332	1.521e-03	-2.041	3076	3.833	3.268
29.332	1.991e-03	-2.063	3069	3.851	3.201
29.332	2.613e-03	-2.083	3062	3.866	3.144
29.332	3.434e-03	-2.114	3052	3.892	3.054
29.332	4.533e-03	-2.188	3026	3.951	2.851
29.332	5.765e-03	-2.340	2973	4.073	2.479
29.332	7.492e-03	-2.489	2919	4.190	2.167
29.332	9.833e-03	-2.631	2850	4.290	1.931
29.332	1.292e-02	-2.760	2782	4.377	1.747
29.332	1.699e-02	-2.885	2707	4.455	1.597
29.332	2.225e-02	-3.016	2611	4.524	1.475
29.332	2.908e-02	-3.150	2505	4.585	1.375
29.332	3.823e-02	-3.309	2360	4.641	1.289
29.332	5.025e-02	-3.469	2212	4.688	1.221
29.332	6.595e-02	-3.635	2058	4.728	1.165
29.332	8.668e-02	-3.809	1899	4.763	1.120
29.332	1.131e-01	-3.977	1753	4.792	1.084
29.332	1.472e-01	-4.145	1614	4.816	1.054
29.332	1.943e-01	-4.316	1480	4.838	1.028
29.332	2.544e-01	-4.472	1368	4.856	1.006
29.332	3.358e-01	-4.626	1265	4.874	0.986
29.332	4.396e-01	-4.772	1173	4.889	0.969
29.332	5.769e-01	-4.921	1086	4.903	0.953
29.332	7.583e-01	-5.077	1000	4.916	0.939
29.332	9.890e-01	-5.231	921	4.928	0.927
29.332	1.306e+00	-5.397	842	4.938	0.915
29.332	1.709e+00	-5.560	771	4.947	0.906
29.332	2.243e+00	-5.714	709	4.956	0.897
29.332	2.948e+00	-5.858	655	4.963	0.889
29.332	3.876e+00	-5.991	609	4.971	0.882
29.332	5.094e+00	-6.131	565	4.978	0.875
29.332	6.737e+00	-6.261	526	4.984	0.868
29.332	8.893e+00	-6.395	489	4.991	0.862
31.427	1.001e-04	-1.291	3104	3.129	7.611
31.427	1.315e-04	-1.363	3102	3.200	7.013
31.427	1.729e-04	-1.435	3106	3.273	6.443
31.427	2.273e-04	-1.508	3109	3.348	5.908
31.427	2.965e-04	-1.581	3112	3.422	5.426
31.427	3.891e-04	-1.651	3123	3.499	4.966
31.427	5.114e-04	-1.721	3139	3.578	4.535
31.427	6.670e-04	-1.790	3154	3.655	4.151
31.427	8.685e-04	-1.860	3158	3.728	3.818
31.427	1.146e-03	-1.933	3134	3.787	3.566
31.427	1.501e-03	-1.970	3122	3.818	3.442
31.427	1.970e-03	-1.990	3115	3.834	3.379
31.427	2.561e-03	-2.010	3109	3.850	3.315
31.427	3.353e-03	-2.048	3096	3.881	3.201
31.427	4.390e-03	-2.147	3063	3.961	2.918
31.427	5.600e-03	-2.306	3007	4.088	2.521
31.427	7.377e-03	-2.453	2954	4.204	2.206
31.427	9.660e-03	-2.581	2901	4.301	1.974
31.427	1.262e-02	-2.704	2836	4.385	1.791
31.427	1.660e-02	-2.822	2772	4.463	1.637
31.427	2.181e-02	-2.947	2689	4.534	1.508
31.427	2.868e-02	-3.082	2581	4.599	1.400
31.427	3.770e-02	-3.219	2466	4.657	1.309
31.427	4.976e-02	-3.385	2309	4.709	1.234
31.427	6.514e-02	-3.544	2160	4.752	1.175
31.427	8.598e-02	-3.714	2002	4.790	1.124
31.427	1.124e-01	-3.885	1847	4.821	1.085
31.427	1.477e-01	-4.056	1701	4.848	1.051
31.427	1.942e-01	-4.230	1559	4.871	1.024
31.427	2.563e-01	-4.396	1433	4.891	1.000
31.427	3.355e-01	-4.548	1326	4.909	0.980
31.427	4.404e-01	-4.695	1230	4.925	0.962
31.427	5.788e-01	-4.843	1140	4.940	0.946
31.427	7.549e-01	-4.991	1055	4.953	0.932
31.427	9.965e-01	-5.150	969	4.965	0.918
31.427	1.302e+00	-5.308	891	4.976	0.907
31.427	1.719e+00	-5.478	812	4.986	0.896
31.427	2.250e+00	-5.638	744	4.995	0.888
31.427	2.970e+00	-5.790	685	5.003	0.879
31.427	3.913e+00	-5.929	635	5.010	0.872
31.427	5.142e+00	-6.067	589	5.017	0.865
31.427	6.788e+00	-6.200	548	5.024	0.858
31.427	8.941e+00	-6.332	510	5.031	0.852
34.570	1.005e-04	-1.240	3138	3.138	7.898
34.570	1.327e-04	-1.314	3132	3.209	7.279
34.570	1.748e-04	-1.387	3131	3.281	6.700
34.570	2.289e-04	-1.458	3134	3.353	6.162
34.570	2.997e-04	-1.530	3137	3.427	5.658
34.570	3.933e-04	-1.603	3142	3.503	5.186
34.570	5.170e-04	-1.672	3157	3.580	4.745
34.570	6.743e-04	-1.739	3171	3.655	4.354
34.570	8.901e-04	-1.802	3185	3.726	4.011
34.570	1.165e-03	-1.847	3192	3.774	3.795
34.570	1.538e-03	-1.874	3186	3.798	3.692
34.570	2.010e-03	-1.893	3180	3.814	3.627
34.570	2.653e-03	-1.922	3170	3.838	3.528
34.570	3.473e-03	-1.988	3148	3.891	3.318
34.570	4.544e-03	-2.155	3091	4.027	2.837
34.570	5.904e-03	-2.302	3040	4.144	2.479
34.570	7.793e-03	-2.434	2991	4.249	2.198
34.570	1.020e-02	-2.545	2956	4.339	1.981
34.570	1.347e-02	-2.668	2891	4.424	1.797
34.570	1.763e-02	-2.780	2830	4.499	1.649
34.570	2.314e-02	-2.895	2758	4.569	1.520
34.570	3.041e-02	-3.023	2662	4.634	1.410
34.570	3.966e-02	-3.149	2558	4.692	1.319
34.570	5.236e-02	-3.307	2409	4.746	1.240
34.570	6.854e-02	-3.458	2268	4.792	1.176
34.570	9.047e-02	-3.623	2111	4.832	1.123
34.570	1.184e-01	-3.791	1954	4.866	1.080
34.570	1.554e-01	-3.961	1802	4.895	1.044
34.570	2.043e-01	-4.133	1656	4.920	1.015
34.570	2.697e-01	-4.311	1514	4.942	0.990
34.570	3.530e-01	-4.467	1398	4.960	0.969
34.570	4.634e-01	-4.615	1296	4.977	0.950
34.570	6.090e-01	-4.760	1204	4.993	0.933
34.570	7.943e-01	-4.905	1116	5.006	0.919
34.570	1.049e+00	-5.062	1027	5.020	0.905
34.570	1.381e+00	-5.224	942	5.031	0.893
34.570	1.815e+00	-5.390	861	5.042	0.882
34.570	2.396e+00	-5.559	786	5.051	0.873
34.570	3.137e+00	-5.715	722	5.059	0.864
34.570	4.141e+00	-5.861	666	5.067	0.857
34.570	5.420e+00	-5.994	620	5.074	0.850
34.570	7.114e+00	-6.132	575	5.081	0.843
34.570	9.350e+00	-6.262	535	5.087	0.837
36.665	1.044e-04	-1.216	3162	3.153	7.995
36.665	1.362e-04	-1.289	3151	3.220	7.402
36.665	1.797e-04	-1.363	3148	3.291	6.815
36.665	2.349e-04	-1.432	3150	3.363	6.279
36.665	3.063e-04	-1.503	3153	3.435	5.777
36.665	4.021e-04	-1.577	3156	3.510	5.298
36.665	5.284e-04	-1.646	3168	3.586	4.854
36.665	6.948e-04	-1.713	3183	3.661	4.452
36.665	9.098e-04	-1.770	3196	3.725	4.137
36.665	1.191e-03	-1.805	3204	3.765	3.952
36.665	1.563e-03	-1.822	3209	3.784	3.864
36.665	2.047e-03	-1.838	3212	3.802	3.787
36.665	2.680e-03	-1.870	3207	3.831	3.661
36.665	3.537e-03	-1.970	3174	3.913	3.330
36.665	4.549e-03	-2.136	3118	4.048	2.853
36.665	6.005e-03	-2.282	3066	4.165	2.491
36.665	7.861e-03	-2.405	3023	4.263	2.226
36.665	1.038e-02	-2.514	2992	4.355	2.004
36.665	1.358e-02	-2.629	2935	4.436	1.824
36.665	1.783e-02	-2.741	2874	4.512	1.672
36.665	2.335e-02	-2.851	2810	4.582	1.542
36.665	3.051e-02	-2.968	2727	4.647	1.430
36.665	3.980e-02	-3.096	2622	4.707	1.336
36.665	5.223e-02	-3.234	2499	4.762	1.253
36.665	6.865e-02	-3.390	2350	4.811	1.185
36.665	9.026e-02	-3.550	2196	4.853	1.129
36.665	1.186e-01	-3.715	2040	4.890	1.082
36.665	1.560e-01	-3.885	1883	4.921	1.044
36.665	2.050e-01	-4.056	1733	4.948	1.012
36.665	2.695e-01	-4.237	1582	4.971	0.986
36.665	3.542e-01	-4.399	1458	4.990	0.964
36.665	4.676e-01	-4.553	1347	5.008	0.944
36.665	6.121e-01	-4.696	1252	5.024	0.927
36.665	8.080e-01	-4.846	1159	5.039	0.912
36.665	1.058e+00	-4.996	1071	5.052	0.898
36.665	1.396e+00	-5.156	984	5.065	0.885
36.665	1.839e+00	-5.322	900	5.075	0.874
36.665	2.417e+00	-5.490	821	5.085	0.864
36.665	3.191e+00	-5.655	751	5.094	0.856
36.665	4.177e+00	-5.803	692	5.101	0.848
36.665	5.513e+00	-5.943	641	5.109	0.841
36.665	7.205e+00	-6.080	595	5.115	0.835
36.665	9.473e+00	-6.212	554	5.122	0.828
39.807	1.009e-04	-1.159	3202	3.153	8.331
39.807	1.327e-04	-1.236	3185	3.220	7.707
39.807	1.744e-04	-1.310	3175	3.289	7.117
39.807	2.292e-04	-1.382	3172	3.360	6.560
39.807	3.013e-04	-1.454	3175	3.433	6.032
39.807	3.930e-04	-1.524	3178	3.505	5.550
39.807	5.158e-04	-1.596	3184	3.580	5.095
39.807	6.754e-04	-1.660	3196	3.651	4.695
39.807	8.842e-04	-1.712	3208	3.710	4.388
39.807	1.167e-03	-1.743	3215	3.744	4.215
39.807	1.528e-03	-1.758	3219	3.762	4.132
39.807	2.005e-03	-1.775	3223	3.780	4.044
39.807	2.636e-03	-1.806	3231	3.816	3.882
39.807	3.446e-03	-1.919	3220	3.923	3.431
39.807	4.393e-03	-2.076	3167	4.050	2.964
39.807	5.799e-03	-2.220	3116	4.167	2.592
39.807	7.578e-03	-2.340	3074	4.263	2.320
39.807	9.885e-03	-2.443	3047	4.350	2.098
39.807	1.297e-02	-2.547	3011	4.434	1.905
39.807	1.699e-02	-2.659	2951	4.511	1.743
39.807	2.224e-02	-2.765	2894	4.584	1.604
39.807	2.896e-02	-2.873	2826	4.650	1.486
39.807	3.823e-02	-2.997	2733	4.716	1.378
39.807	5.004e-02	-3.123	2629	4.774	1.289
39.807	6.605e-02	-3.271	2490	4.829	1.210
39.807	8.701e-02	-3.429	2337	4.876	1.146
39.807	1.144e-01	-3.587	2183	4.916	1.094
39.807	1.510e-01	-3.755	2023	4.952	1.050
39.807	1.976e-01	-3.922	1870	4.981	1.015
39.807	2.594e-01	-4.093	1720	5.007	0.985
39.807	3.409e-01	-4.273	1570	5.029	0.961
39.807	4.500e-01	-4.436	1445	5.048	0.940
39.807	5.890e-01	-4.584	1340	5.065	0.922
39.807	7.775e-01	-4.730	1244	5.081	0.905
39.807	1.016e+00	-4.874	1154	5.095	0.891
39.807	1.336e+00	-5.029	1063	5.108	0.877
39.807	1.749e+00	-5.187	977	5.120	0.865
39.807	2.290e+00	-5.350	895	5.130	0.855
39.807	3.023e+00	-5.521	816	5.140	0.846
39.807	3.957e+00	-5.681	747	5.148	0.838
39.807	5.224e+00	-5.831	689	5.155	0.830
39.807	6.838e+00	-5.968	639	5.162	0.824
39.807	9.044e+00	-6.109	591	5.169	0.817
41.903	1.041e-04	-1.138	3224	3.166	8.416
41.903	1.375e-04	-1.215	3206	3.234	7.782
41.903	1.799e-04	-1.290	3192	3.302	7.201
41.903	2.362e-04	-1.363	3188	3.371	6.645
41.903	3.104e-04	-1.434	3189	3.443	6.116
41.903	4.081e-04	-1.505	3193	3.517	5.619
41.903	5.364e-04	-1.576	3198	3.591	5.163
41.903	6.996e-04	-1.638	3207	3.657	4.782
41.903	9.235e-04	-1.684	3218	3.709	4.505
41.903	1.209e-03	-1.707	3223	3.735	4.372
41.903	1.587e-03	-1.722	3226	3.751	4.292
41.903	2.085e-03	-1.741	3231	3.773	4.185
41.903	2.753e-03	-1.784	3243	3.822	3.956
41.903	3.495e-03	-1.907	3242	3.945	3.434
41.903	4.466e-03	-2.057	3191	4.067	2.983
41.903	5.896e-03	-2.197	3142	4.180	2.618
41.903	7.718e-03	-2.314	3103	4.276	2.346
41.903	1.013e-02	-2.418	3075	4.364	2.118
41.903	1.331e-02	-2.519	3045	4.448	1.923
41.903	1.750e-02	-2.631	2987	4.527	1.757
41.903	2.301e-02	-2.738	2929	4.600	1.615
41.903	3.025e-02	-2.847	2864	4.670	1.491
41.903	3.975e-02	-2.965	2779	4.735	1.383
41.903	5.185e-02	-3.088	2676	4.793	1.293
41.903	6.806e-02	-3.225	2554	4.848	1.214
41.903	8.945e-02	-3.382	2398	4.896	1.148
41.903	1.176e-01	-3.541	2242	4.938	1.094
41.903	1.546e-01	-3.702	2087	4.975	1.049
41.903	2.040e-01	-3.872	1927	5.007	1.011
41.903	2.671e-01	-4.043	1774	5.033	0.981
41.903	3.506e-01	-4.223	1621	5.056	0.955
41.903	4.607e-01	-4.387	1491	5.076	0.934
41.903	6.082e-01	-4.542	1378	5.094	0.915
41.903	7.961e-01	-4.684	1281	5.109	0.899
41.903	1.045e+00	-4.830	1188	5.124	0.883
41.903	1.373e+00	-4.982	1097	5.138	0.870
41.903	1.813e+00	-5.143	1007	5.150	0.857
41.903	2.369e+00	-5.304	924	5.161	0.847
41.903	3.115e+00	-5.474	842	5.170	0.838
41.903	4.079e+00	-5.637	770	5.179	0.830
41.903	5.340e+00	-5.788	710	5.186	0.822
41.903	7.048e+00	-5.930	656	5.193	0.816
41.903	9.227e+00	-6.068	609	5.200	0.809
45.045	1.026e-04	-1.089	3266	3.171	8.674
45.045	1.355e-04	-1.169	3241	3.238	8.032
45.045	1.774e-04	-1.245	3223	3.304	7.441
45.045	2.328e-04	-1.319	3213	3.373	6.877
45.045	3.059e-04	-1.392	3209	3.443	6.342
45.045	4.022e-04	-1.462	3213	3.515	5.837
45.045	5.287e-04	-1.531	3218	3.587	5.374
45.045	6.896e-04	-1.591	3223	3.650	5.000
45.045	9.102e-04	-1.633	3228	3.695	4.746
45.045	1.192e-03	-1.652	3233	3.717	4.629
45.045	1.564e-03	-1.666	3236	3.733	4.545
45.045	2.055e-03	-1.688	3241	3.757	4.420
45.045	2.702e-03	-1.739	3255	3.815	4.133
45.045	3.394e-03	-1.852	3283	3.943	3.569
45.045	4.405e-03	-2.007	3234	4.072	3.074
45.045	5.790e-03	-2.144	3187	4.183	2.706
45.045	7.613e-03	-2.262	3148	4.280	2.421
45.045	1.001e-02	-2.366	3121	4.369	2.185
45.045	1.305e-02	-2.462	3094	4.450	1.990
45.045	1.713e-02	-2.565	3053	4.530	1.816
45.045	2.251e-02	-2.673	2995	4.605	1.665
45.045	2.960e-02	-2.778	2937	4.676	1.535
45.045	3.890e-02	-2.890	2863	4.743	1.421
45.045	5.135e-02	-3.012	2768	4.807	1.320
45.045	6.764e-02	-3.138	2663	4.865	1.234
45.045	8.857e-02	-3.290	2513	4.917	1.163
45.045	1.160e-01	-3.445	2359	4.961	1.105
45.045	1.531e-01	-3.603	2203	5.001	1.055
45.045	2.016e-01	-3.769	2043	5.036	1.014
45.045	2.650e-01	-3.939	1884	5.065	0.980
45.045	3.456e-01	-4.109	1733	5.090	0.953
45.045	4.562e-01	-4.287	1583	5.112	0.929
45.045	5.973e-01	-4.446	1460	5.130	0.910
45.045	7.839e-01	-4.595	1354	5.147	0.892
45.045	1.030e+00	-4.737	1258	5.162	0.877
45.045	1.355e+00	-4.885	1165	5.177	0.862
45.045	1.780e+00	-5.041	1073	5.190	0.849
45.045	2.350e+00	-5.205	983	5.201	0.838
45.045	3.076e+00	-5.371	899	5.212	0.828
45.045	4.061e+00	-5.543	818	5.221	0.819
45.045	5.316e+00	-5.704	749	5.229	0.812
45.045	6.977e+00	-5.849	692	5.236	0.805
45.045	9.170e+00	-5.990	641	5.243	0.799
47.140	1.022e-04	-1.057	3298	3.176	8.828
47.140	1.349e-04	-1.142	3263	3.242	8.178
47.140	1.765e-04	-1.217	3245	3.308	7.583
47.140	2.330e-04	-1.295	3229	3.377	7.003
47.140	3.051e-04	-1.366	3224	3.446	6.471
47.140	4.027e-04	-1.437	3226	3.517	5.957
47.140	5.262e-04	-1.503	3231	3.586	5.505
47.140	6.946e-04	-1.563	3235	3.648	5.124
47.140	9.093e-04	-1.600	3238	3.687	4.901
47.140	1.193e-03	-1.618	3240	3.706	4.793
47.140	1.563e-03	-1.633	3243	3.722	4.706
47.140	2.046e-03	-1.656	3248	3.748	4.567
47.140	2.701e-03	-1.718	3264	3.819	4.210
47.140	3.388e-03	-1.833	3295	3.950	3.619
47.140	4.473e-03	-1.988	3257	4.085	3.098
47.140	5.855e-03	-2.120	3211	4.193	2.738
47.140	7.624e-03	-2.232	3176	4.285	2.461
47.140	1.006e-02	-2.337	3148	4.375	2.218
47.140	1.317e-02	-2.435	3121	4.458	2.017
47.140	1.729e-02	-2.532	3090	4.538	1.841
47.140	2.273e-02	-2.640	3032	4.613	1.687
47.140	2.988e-02	-2.745	2974	4.685	1.554
47.140	3.913e-02	-2.852	2908	4.752	1.438
47.140	5.122e-02	-2.965	2826	4.815	1.337
47.140	6.774e-02	-3.094	2717	4.876	1.246
47.140	8.836e-02	-3.231	2589	4.929	1.173
47.140	1.166e-01	-3.393	2425	4.977	1.109
47.140	1.527e-01	-3.547	2271	5.018	1.059
47.140	2.015e-01	-3.710	2112	5.054	1.015
47.140	2.655e-01	-3.878	1952	5.086	0.979
47.140	3.477e-01	-4.049	1796	5.112	0.950
47.140	4.580e-01	-4.227	1642	5.135	0.926
47.140	6.019e-01	-4.395	1508	5.154	0.905
47.140	7.914e-01	-4.547	1395	5.171	0.887
47.140	1.040e+00	-4.690	1297	5.187	0.871
47.140	1.367e+00	-4.836	1203	5.202	0.857
47.140	1.797e+00	-4.990	1109	5.215	0.844
47.140	2.372e+00	-5.153	1017	5.228	0.832
47.140	3.106e+00	-5.316	931	5.238	0.822
47.140	4.099e+00	-5.489	848	5.248	0.813
47.140	5.367e+00	-5.654	774	5.256	0.805
47.140	7.084e+00	-5.808	712	5.264	0.798
47.140	9.273e+00	-5.948	660	5.270	0.792
50.283	1.009e-04	-1.009	3346	3.181	9.064
50.283	1.322e-04	-1.095	3304	3.245	8.417
50.283	1.731e-04	-1.174	3277	3.310	7.813
50.283	2.271e-04	-1.251	3258	3.376	7.236
50.283	2.974e-04	-1.324	3247	3.444	6.697
50.283	3.894e-04	-1.394	3243	3.512	6.192
50.283	5.140e-04	-1.460	3248	3.581	5.721
50.283	6.770e-04	-1.515	3253	3.638	5.353
50.283	8.866e-04	-1.548	3255	3.673	5.146
50.283	1.161e-03	-1.565	3256	3.690	5.044
50.283	1.523e-03	-1.581	3257	3.707	4.949
50.283	2.002e-03	-1.609	3259	3.736	4.785
50.283	2.643e-03	-1.685	3277	3.821	4.338
50.283	3.460e-03	-1.819	3313	3.973	3.640
50.283	4.567e-03	-1.960	3291	4.103	3.135
50.283	5.978e-03	-2.089	3246	4.208	2.778
50.283	7.784e-03	-2.198	3213	4.299	2.501
50.283	1.022e-02	-2.300	3187	4.387	2.261
50.283	1.338e-02	-2.396	3161	4.469	2.056
50.283	1.748e-02	-2.489	3135	4.548	1.879
50.283	2.281e-02	-2.590	3088	4.622	1.724
50.283	3.010e-02	-2.697	3029	4.696	1.584
50.283	3.941e-02	-2.798	2972	4.764	1.465
50.283	5.172e-02	-2.907	2898	4.830	1.358
50.283	6.798e-02	-3.031	2796	4.891	1.265
50.283	8.973e-02	-3.160	2683	4.949	1.184
50.283	1.173e-01	-3.316	2525	4.999	1.118
50.283	1.542e-01	-3.472	2366	5.042	1.063
50.283	2.026e-01	-3.628	2211	5.080	1.018
50.283	2.675e-01	-3.796	2046	5.114	0.979
50.283	3.501e-01	-3.964	1888	5.142	0.948
50.283	4.622e-01	-4.143	1728	5.167	0.921
50.283	6.040e-01	-4.313	1585	5.187	0.900
50.283	7.941e-01	-4.472	1462	5.206	0.881
50.283	1.044e+00	-4.618	1357	5.222	0.865
50.283	1.361e+00	-4.757	1263	5.237	0.850
50.283	1.787e+00	-4.905	1169	5.251	0.836
50.283	2.348e+00	-5.064	1075	5.264	0.824
50.283	3.100e+00	-5.229	984	5.275	0.813
50.283	4.058e+00	-5.398	898	5.285	0.804
50.283	5.356e+00	-5.571	817	5.294	0.796
50.283	7.012e+00	-5.728	750	5.302	0.789
50.283	9.256e+00	-5.876	691	5.309	0.782
52.378	1.038e-04	-0.990	3372	3.193	9.126
52.378	1.363e-04	-1.077	3327	3.258	8.470
52.378	1.791e-04	-1.160	3294	3.323	7.857
52.378	2.336e-04	-1.235	3276	3.387	7.293
52.378	3.066e-04	-1.310	3261	3.455	6.750
52.378	4.030e-04	-1.380	3257	3.523	6.242
52.378	5.257e-04	-1.441	3260	3.586	5.805
52.378	6.939e-04	-1.491	3264	3.638	5.465
52.378	9.083e-04	-1.519	3266	3.666	5.290
52.378	1.192e-03	-1.534	3267	3.682	5.194
52.378	1.567e-03	-1.552	3269	3.701	5.085
52.378	2.068e-03	-1.587	3271	3.737	4.875
52.378	2.708e-03	-1.686	3292	3.848	4.293
52.378	3.423e-03	-1.798	3321	3.975	3.709
52.378	4.499e-03	-1.927	3317	4.101	3.206
52.378	5.868e-03	-2.054	3273	4.205	2.844
52.378	7.746e-03	-2.168	3239	4.302	2.545
52.378	1.014e-02	-2.269	3214	4.389	2.303
52.378	1.339e-02	-2.368	3187	4.473	2.089
52.378	1.752e-02	-2.461	3162	4.552	1.907
52.378	2.300e-02	-2.560	3122	4.629	1.746
52.378	3.023e-02	-2.666	3064	4.703	1.604
52.378	3.967e-02	-2.767	3008	4.772	1.481
52.378	5.214e-02	-2.874	2940	4.839	1.372
52.378	6.882e-02	-2.996	2844	4.903	1.274
52.378	8.994e-02	-3.118	2739	4.960	1.193
52.378	1.183e-01	-3.269	2587	5.012	1.123
52.378	1.554e-01	-3.426	2426	5.058	1.066
52.378	2.052e-01	-3.588	2263	5.098	1.018
52.378	2.702e-01	-3.749	2103	5.132	0.978
52.378	3.552e-01	-3.917	1943	5.162	0.945
52.378	4.670e-01	-4.092	1783	5.188	0.918
52.378	6.137e-01	-4.266	1633	5.209	0.895
52.378	8.069e-01	-4.430	1501	5.228	0.876
52.378	1.061e+00	-4.580	1391	5.245	0.860
52.378	1.400e+00	-4.723	1292	5.260	0.844
52.378	1.833e+00	-4.868	1198	5.275	0.830
52.378	2.424e+00	-5.029	1101	5.288	0.818
52.378	3.187e+00	-5.191	1010	5.300	0.807
52.378	4.188e+00	-5.361	921	5.310	0.797
52.378	5.506e+00	-5.533	839	5.319	0.789
52.378	7.237e+00	-5.696	767	5.327	0.782
52.378	9.515e+00	-5.845	707	5.334	0.775
55.521	1.036e-04	-0.947	3419	3.199	9.324
55.521	1.356e-04	-1.036	3370	3.264	8.659
55.521	1.780e-04	-1.123	3326	3.328	8.038
55.521	2.340e-04	-1.201	3304	3.394	7.454
55.521	3.052e-04	-1.275	3285	3.459	6.919
55.521	4.029e-04	-1.346	3278	3.526	6.404
55.521	5.265e-04	-1.407	3277	3.585	5.978
55.521	6.922e-04	-1.450	3280	3.631	5.675
55.521	9.065e-04	-1.473	3282	3.654	5.523
55.521	1.187e-03	-1.487	3283	3.669	5.429
55.521	1.557e-03	-1.507	3284	3.689	5.304
55.521	2.047e-03	-1.548	3287	3.732	5.050
55.521	2.659e-03	-1.660	3304	3.854	4.389
55.521	3.347e-03	-1.766	3333	3.974	3.823
55.521	4.375e-03	-1.875	3357	4.096	3.322
55.521	5.706e-03	-2.003	3313	4.201	2.943
55.521	7.489e-03	-2.116	3279	4.296	2.637
55.521	9.843e-03	-2.219	3254	4.385	2.381
55.521	1.284e-02	-2.314	3228	4.467	2.168
55.521	1.685e-02	-2.407	3203	4.547	1.976
55.521	2.207e-02	-2.498	3178	4.624	1.808
55.521	2.884e-02	-2.601	3126	4.698	1.661
55.521	3.791e-02	-2.704	3070	4.769	1.530
55.521	4.983e-02	-2.803	3016	4.838	1.414
55.521	6.499e-02	-2.911	2939	4.901	1.314
55.521	8.595e-02	-3.039	2830	4.964	1.223
55.521	1.130e-01	-3.167	2716	5.020	1.146
55.521	1.495e-01	-3.328	2549	5.071	1.081
55.521	1.964e-01	-3.491	2379	5.114	1.029
55.521	2.583e-01	-3.648	2220	5.151	0.986
55.521	3.382e-01	-3.807	2064	5.182	0.951
55.521	4.427e-01	-3.975	1904	5.210	0.921
55.521	5.844e-01	-4.152	1743	5.234	0.896
55.521	7.650e-01	-4.324	1597	5.255	0.875
55.521	1.004e+00	-4.479	1476	5.272	0.857
55.521	1.320e+00	-4.625	1370	5.288	0.841
55.521	1.721e+00	-4.763	1276	5.303	0.827
55.521	2.272e+00	-4.916	1178	5.317	0.814
55.521	2.993e+00	-5.076	1082	5.330	0.802
55.521	3.934e+00	-5.240	991	5.341	0.792
55.521	5.172e+00	-5.411	903	5.351	0.783
55.521	6.798e+00	-5.582	823	5.360	0.775
55.521	8.866e+00	-5.737	756	5.367	0.768
57.616	1.044e-04	-0.922	3449	3.206	9.430
57.616	1.367e-04	-1.013	3396	3.270	8.756
57.616	1.794e-04	-1.101	3351	3.335	8.128
57.616	2.358e-04	-1.181	3321	3.400	7.542
57.616	3.075e-04	-1.255	3303	3.464	7.006
57.616	4.036e-04	-1.326	3291	3.528	6.506
57.616	5.305e-04	-1.385	3289	3.586	6.084
57.616	6.974e-04	-1.424	3290	3.626	5.810
57.616	9.166e-04	-1.444	3292	3.647	5.673
57.616	1.196e-03	-1.458	3293	3.662	5.578
57.616	1.578e-03	-1.480	3295	3.685	5.433
57.616	2.066e-03	-1.529	3298	3.735	5.128
57.616	2.674e-03	-1.652	3315	3.867	4.406
57.616	3.412e-03	-1.759	3344	3.989	3.828
57.616	4.451e-03	-1.862	3371	4.106	3.343
57.616	5.875e-03	-1.992	3331	4.215	2.950
57.616	7.691e-03	-2.101	3300	4.308	2.650
57.616	1.015e-02	-2.204	3274	4.398	2.390
57.616	1.327e-02	-2.300	3249	4.480	2.175
57.616	1.731e-02	-2.391	3225	4.558	1.988
57.616	2.284e-02	-2.484	3200	4.637	1.814
57.616	2.985e-02	-2.584	3152	4.711	1.666
57.616	3.894e-02	-2.683	3099	4.781	1.538
57.616	5.140e-02	-2.784	3045	4.851	1.418
57.616	6.770e-02	-2.894	2969	4.918	1.314
57.616	8.898e-02	-3.018	2865	4.979	1.224
57.616	1.175e-01	-3.145	2753	5.037	1.145
57.616	1.547e-01	-3.302	2590	5.088	1.079
57.616	2.033e-01	-3.463	2421	5.132	1.026
57.616	2.674e-01	-3.621	2259	5.170	0.983
57.616	3.514e-01	-3.781	2099	5.202	0.946
57.616	4.620e-01	-3.949	1937	5.231	0.916
57.616	6.072e-01	-4.123	1778	5.255	0.890
57.616	7.920e-01	-4.293	1631	5.276	0.870
57.616	1.045e+00	-4.455	1502	5.294	0.852
57.616	1.366e+00	-4.598	1396	5.310	0.836
57.616	1.796e+00	-4.740	1298	5.325	0.822
57.616	2.361e+00	-4.888	1201	5.340	0.808
57.616	3.104e+00	-5.045	1106	5.352	0.796
57.616	4.079e+00	-5.208	1013	5.364	0.786
57.616	5.385e+00	-5.382	922	5.374	0.777
57.616	7.049e+00	-5.551	841	5.383	0.769
57.616	9.179e+00	-5.708	772	5.390	0.762
60.759	1.028e-04	-0.876	3499	3.208	9.655
60.759	1.350e-04	-0.971	3440	3.274	8.955
60.759	1.774e-04	-1.061	3391	3.339	8.310
60.759	2.314e-04	-1.145	3351	3.401	7.729
60.759	3.054e-04	-1.221	3329	3.467	7.167
60.759	3.992e-04	-1.292	3313	3.528	6.678
60.759	5.248e-04	-1.348	3309	3.582	6.275
60.759	6.898e-04	-1.383	3307	3.617	6.029
60.759	8.997e-04	-1.401	3307	3.635	5.908
60.759	1.181e-03	-1.416	3308	3.650	5.805
60.759	1.552e-03	-1.440	3309	3.675	5.643
60.759	2.040e-03	-1.498	3314	3.735	5.265
60.759	2.632e-03	-1.627	3327	3.871	4.499
60.759	3.399e-03	-1.736	3356	3.995	3.903
60.759	4.487e-03	-1.840	3386	4.114	3.403
60.759	5.910e-03	-1.958	3363	4.221	3.008
60.759	7.768e-03	-2.068	3333	4.316	2.697
60.759	1.021e-02	-2.170	3308	4.404	2.436
60.759	1.342e-02	-2.267	3283	4.488	2.212
60.759	1.765e-02	-2.360	3259	4.569	2.016
60.759	2.319e-02	-2.451	3235	4.647	1.843
60.759	3.050e-02	-2.548	3197	4.723	1.688
60.759	3.993e-02	-2.649	3143	4.795	1.555
60.759	5.228e-02	-2.747	3092	4.863	1.436
60.759	6.862e-02	-2.852	3024	4.930	1.330
60.759	9.018e-02	-2.970	2930	4.993	1.236
60.759	1.190e-01	-3.094	2823	5.053	1.155
60.759	1.568e-01	-3.242	2674	5.107	1.085
60.759	2.061e-01	-3.401	2505	5.153	1.029
60.759	2.720e-01	-3.568	2328	5.192	0.983
60.759	3.561e-01	-3.719	2176	5.226	0.946
60.759	4.674e-01	-3.881	2017	5.256	0.914
60.759	6.143e-01	-4.052	1855	5.282	0.887
60.759	8.013e-01	-4.218	1707	5.303	0.866
60.759	1.058e+00	-4.387	1566	5.322	0.847
60.759	1.385e+00	-4.537	1450	5.339	0.831
60.759	1.817e+00	-4.676	1351	5.354	0.816
60.759	2.380e+00	-4.817	1256	5.369	0.803
60.759	3.115e+00	-4.967	1160	5.382	0.791
60.759	4.089e+00	-5.127	1066	5.394	0.780
60.759	5.374e+00	-5.296	973	5.405	0.770
60.759	7.066e+00	-5.469	885	5.414	0.762
60.759	9.286e+00	-5.637	808	5.422	0.755
62.854	1.000e-04	-0.840	3536	3.205	9.855
62.854	1.321e-04	-0.939	3473	3.272	9.120
62.854	1.726e-04	-1.029	3421	3.336	8.475
62.854	2.251e-04	-1.114	3377	3.399	7.884
62.854	2.954e-04	-1.192	3349	3.463	7.328
62.854	3.883e-04	-1.263	3332	3.524	6.825
62.854	5.105e-04	-1.320	3322	3.577	6.426
62.854	6.710e-04	-1.354	3320	3.610	6.186
62.854	8.752e-04	-1.372	3319	3.627	6.067
62.854	1.149e-03	-1.387	3319	3.642	5.961
62.854	1.510e-03	-1.412	3319	3.667	5.792
62.854	1.993e-03	-1.474	3323	3.731	5.380
62.854	2.529e-03	-1.596	3336	3.859	4.641
62.854	3.324e-03	-1.713	3362	3.990	3.993
62.854	4.387e-03	-1.816	3391	4.108	3.486
62.854	5.734e-03	-1.921	3389	4.212	3.091
62.854	7.479e-03	-2.030	3358	4.306	2.776
62.854	9.872e-03	-2.134	3334	4.396	2.501
62.854	1.292e-02	-2.230	3309	4.479	2.273
62.854	1.683e-02	-2.320	3286	4.558	2.077
62.854	2.221e-02	-2.413	3262	4.638	1.894
62.854	2.908e-02	-2.503	3235	4.713	1.736
62.854	3.845e-02	-2.607	3182	4.789	1.591
62.854	5.056e-02	-2.707	3130	4.860	1.467
62.854	6.621e-02	-2.806	3072	4.927	1.357
62.854	8.667e-02	-2.917	2991	4.991	1.261
62.854	1.138e-01	-3.039	2886	5.051	1.176
62.854	1.495e-01	-3.169	2765	5.107	1.103
62.854	1.950e-01	-3.323	2602	5.155	1.044
62.854	2.560e-01	-3.489	2422	5.197	0.995
62.854	3.364e-01	-3.643	2264	5.233	0.955
62.854	4.440e-01	-3.801	2105	5.265	0.920
62.854	5.813e-01	-3.966	1945	5.292	0.892
62.854	7.673e-01	-4.138	1785	5.316	0.868
62.854	1.003e+00	-4.305	1640	5.336	0.848
62.854	1.318e+00	-4.463	1513	5.353	0.831
62.854	1.733e+00	-4.605	1407	5.369	0.816
62.854	2.260e+00	-4.741	1312	5.384	0.802
62.854	2.966e+00	-4.887	1216	5.398	0.790
62.854	3.899e+00	-5.043	1120	5.410	0.778
62.854	5.146e+00	-5.210	1024	5.422	0.768
62.854	6.779e+00	-5.383	932	5.432	0.759
62.854	8.909e+00	-5.555	849	5.441	0.751
65.997	1.038e-04	-0.816	3572	3.219	9.934
65.997	1.354e-04	-0.911	3511	3.284	9.219
65.997	1.778e-04	-1.004	3454	3.349	8.555
65.997	2.336e-04	-1.092	3407	3.413	7.945
65.997	3.048e-04	-1.171	3371	3.474	7.406
65.997	4.030e-04	-1.239	3355	3.534	6.914
65.997	5.299e-04	-1.290	3343	3.579	6.566
65.997	6.939e-04	-1.317	3339	3.604	6.380
65.997	9.084e-04	-1.333	3338	3.619	6.273
65.997	1.192e-03	-1.350	3337	3.636	6.150
65.997	1.567e-03	-1.383	3336	3.668	5.927
65.997	2.068e-03	-1.477	3341	3.764	5.305
65.997	2.680e-03	-1.606	3354	3.900	4.536
65.997	3.544e-03	-1.717	3380	4.025	3.929
65.997	4.622e-03	-1.811	3407	4.133	3.471
65.997	6.067e-03	-1.912	3411	4.236	3.083
65.997	7.944e-03	-2.019	3385	4.329	2.768
65.997	1.040e-02	-2.118	3361	4.416	2.504
65.997	1.365e-02	-2.215	3336	4.500	2.275
65.997	1.787e-02	-2.306	3314	4.579	2.075
65.997	2.340e-02	-2.396	3290	4.657	1.898
65.997	3.047e-02	-2.483	3266	4.731	1.743
65.997	3.999e-02	-2.581	3221	4.805	1.601
65.997	5.256e-02	-2.681	3169	4.876	1.474
65.997	6.855e-02	-2.777	3116	4.943	1.365
65.997	9.049e-02	-2.888	3038	5.010	1.264
65.997	1.185e-01	-3.007	2937	5.071	1.179
65.997	1.564e-01	-3.134	2823	5.129	1.103
65.997	2.060e-01	-3.291	2655	5.179	1.040
65.997	2.707e-01	-3.455	2477	5.222	0.990
65.997	3.559e-01	-3.609	2314	5.259	0.950
65.997	4.678e-01	-3.763	2157	5.291	0.915
65.997	6.175e-01	-3.926	1996	5.319	0.886
65.997	8.084e-01	-4.090	1841	5.342	0.862
65.997	1.067e+00	-4.259	1691	5.363	0.842
65.997	1.397e+00	-4.415	1561	5.381	0.825
65.997	1.844e+00	-4.561	1449	5.397	0.810
65.997	2.429e+00	-4.698	1350	5.412	0.796
65.997	3.192e+00	-4.840	1255	5.426	0.783
65.997	4.197e+00	-4.992	1158	5.439	0.771
65.997	5.516e+00	-5.154	1062	5.451	0.761
65.997	7.252e+00	-5.324	969	5.461	0.752
65.997	9.532e+00	-5.497	882	5.471	0.744
67.044	1.039e-04	-0.804	3587	3.221	9.991
67.044	1.361e-04	-0.900	3524	3.287	9.261
67.044	1.786e-04	-0.994	3466	3.352	8.592
67.044	2.339e-04	-1.081	3418	3.416	7.988
67.044	3.056e-04	-1.162	3380	3.477	7.446
67.044	4.034e-04	-1.229	3363	3.535	6.964
67.044	5.314e-04	-1.278	3352	3.578	6.625
67.044	6.984e-04	-1.305	3346	3.602	6.447
67.044	9.110e-04	-1.320	3345	3.616	6.343
67.044	1.203e-03	-1.339	3343	3.634	6.212
67.044	1.584e-03	-1.375	3342	3.669	5.964
67.044	2.082e-03	-1.478	3346	3.775	5.283
67.044	2.737e-03	-1.610	3361	3.914	4.499
67.044	3.597e-03	-1.716	3386	4.034	3.921
67.044	4.730e-03	-1.812	3413	4.143	3.457
67.044	6.216e-03	-1.912	3418	4.246	3.072
67.044	8.108e-03	-2.016	3393	4.337	2.765
67.044	1.070e-02	-2.118	3369	4.426	2.495
67.044	1.399e-02	-2.212	3345	4.508	2.270
67.044	1.818e-02	-2.301	3323	4.586	2.077
67.044	2.372e-02	-2.389	3300	4.662	1.902
67.044	3.088e-02	-2.476	3275	4.736	1.747
67.044	4.015e-02	-2.569	3236	4.808	1.608
67.044	5.299e-02	-2.671	3182	4.881	1.479
67.044	6.937e-02	-2.769	3129	4.949	1.367
67.044	9.105e-02	-2.876	3054	5.014	1.268
67.044	1.197e-01	-2.995	2955	5.076	1.180
67.044	1.580e-01	-3.120	2843	5.135	1.104
67.044	2.064e-01	-3.272	2681	5.184	1.042
67.044	2.714e-01	-3.432	2507	5.228	0.991
67.044	3.567e-01	-3.590	2338	5.265	0.950
67.044	4.653e-01	-3.738	2187	5.296	0.916
67.044	6.141e-01	-3.897	2029	5.325	0.887
67.044	8.040e-01	-4.059	1874	5.349	0.863
67.044	1.055e+00	-4.222	1726	5.370	0.842
67.044	1.382e+00	-4.379	1594	5.388	0.825
67.044	1.809e+00	-4.523	1480	5.403	0.810
67.044	2.392e+00	-4.662	1379	5.419	0.796
67.044	3.145e+00	-4.800	1284	5.433	0.783
67.044	4.134e+00	-4.948	1188	5.446	0.771
67.044	5.457e+00	-5.110	1090	5.459	0.760
67.044	7.188e+00	-5.280	995	5.470	0.751
67.044	9.447e+00	-5.454	905	5.479	0.743
68.092	1.005e-04	-0.779	3610	3.214	10.150
68.092	1.313e-04	-0.876	3546	3.280	9.407
68.092	1.712e-04	-0.969	3487	3.344	8.741
68.092	2.260e-04	-1.060	3436	3.409	8.107
68.092	2.954e-04	-1.143	3393	3.471	7.556
68.092	3.884e-04	-1.210	3373	3.528	7.073
68.092	5.104e-04	-1.260	3362	3.572	6.724
68.092	6.738e-04	-1.288	3355	3.597	6.534
68.092	8.820e-04	-1.305	3352	3.611	6.427
68.092	1.158e-03	-1.323	3350	3.628	6.300
68.092	1.521e-03	-1.357	3348	3.661	6.067
68.092	2.008e-03	-1.454	3349	3.760	5.417
68.092	2.621e-03	-1.584	3363	3.897	4.624
68.092	3.417e-03	-1.691	3384	4.014	4.042
68.092	4.511e-03	-1.788	3412	4.126	3.554
68.092	5.895e-03	-1.878	3434	4.227	3.164
68.092	7.689e-03	-1.984	3408	4.320	2.842
68.092	1.009e-02	-2.085	3384	4.409	2.566
68.092	1.321e-02	-2.181	3360	4.492	2.331
68.092	1.730e-02	-2.273	3338	4.572	2.125
68.092	2.284e-02	-2.366	3314	4.653	1.938
68.092	2.984e-02	-2.454	3289	4.728	1.777
68.092	3.892e-02	-2.545	3256	4.801	1.633
68.092	5.060e-02	-2.641	3206	4.871	1.507
68.092	6.641e-02	-2.740	3153	4.940	1.392
68.092	8.729e-02	-2.845	3084	5.007	1.288
68.092	1.139e-01	-2.957	2997	5.069	1.200
68.092	1.503e-01	-3.081	2888	5.128	1.121
68.092	1.964e-01	-3.224	2740	5.180	1.056
68.092	2.582e-01	-3.381	2570	5.226	1.002
68.092	3.394e-01	-3.546	2388	5.264	0.958
68.092	4.480e-01	-3.696	2235	5.298	0.922
68.092	5.901e-01	-3.849	2080	5.327	0.891
68.092	7.756e-01	-4.010	1924	5.352	0.866
68.092	1.024e+00	-4.173	1774	5.374	0.844
68.092	1.338e+00	-4.330	1638	5.393	0.827
68.092	1.766e+00	-4.482	1515	5.409	0.811
68.092	2.326e+00	-4.618	1413	5.425	0.797
68.092	3.057e+00	-4.753	1319	5.439	0.784
68.092	4.020e+00	-4.897	1223	5.452	0.772
68.092	5.283e+00	-5.052	1127	5.465	0.761
68.092	6.974e+00	-5.220	1029	5.476	0.751
68.092	9.186e+00	-5.394	937	5.486	0.742
69.139	1.006e-04	-0.767	3624	3.216	10.208
69.139	1.328e-04	-0.868	3558	3.285	9.432
69.139	1.735e-04	-0.962	3498	3.349	8.757
69.139	2.256e-04	-1.049	3447	3.411	8.157
69.139	2.942e-04	-1.131	3405	3.471	7.608
69.139	3.883e-04	-1.200	3381	3.529	7.123
69.139	5.116e-04	-1.248	3370	3.571	6.783
69.139	6.723e-04	-1.275	3364	3.594	6.604
69.139	8.770e-04	-1.290	3360	3.608	6.499
69.139	1.158e-03	-1.311	3356	3.626	6.365
69.139	1.525e-03	-1.347	3354	3.661	6.114
69.139	2.004e-03	-1.450	3354	3.765	5.426
69.139	2.635e-03	-1.582	3369	3.904	4.624
69.139	3.463e-03	-1.690	3389	4.022	4.035
69.139	4.553e-03	-1.784	3416	4.131	3.560
69.139	5.963e-03	-1.874	3440	4.232	3.169
69.139	7.806e-03	-1.979	3417	4.326	2.844
69.139	1.030e-02	-2.082	3392	4.417	2.562
69.139	1.349e-02	-2.178	3368	4.500	2.328
69.139	1.780e-02	-2.272	3346	4.582	2.118
69.139	2.331e-02	-2.362	3323	4.660	1.937
69.139	3.035e-02	-2.449	3299	4.734	1.778
69.139	3.983e-02	-2.541	3267	4.809	1.631
69.139	5.216e-02	-2.640	3215	4.881	1.502
69.139	6.828e-02	-2.737	3162	4.949	1.387
69.139	8.962e-02	-2.842	3094	5.016	1.285
69.139	1.178e-01	-2.956	3005	5.079	1.194
69.139	1.558e-01	-3.081	2895	5.139	1.115
69.139	2.032e-01	-3.223	2747	5.191	1.051
69.139	2.667e-01	-3.378	2579	5.236	0.998
69.139	3.505e-01	-3.542	2398	5.274	0.955
69.139	4.608e-01	-3.689	2246	5.307	0.919
69.139	6.056e-01	-3.839	2095	5.336	0.889
69.139	7.995e-01	-4.000	1938	5.361	0.863
69.139	1.045e+00	-4.155	1794	5.382	0.843
69.139	1.374e+00	-4.313	1656	5.401	0.825
69.139	1.805e+00	-4.462	1534	5.417	0.810
69.139	2.374e+00	-4.595	1433	5.432	0.796
69.139	3.120e+00	-4.728	1339	5.447	0.783
69.139	4.102e+00	-4.869	1244	5.460	0.771
69.139	5.391e+00	-5.021	1148	5.473	0.759
69.139	7.116e+00	-5.187	1050	5.484	0.749
69.139	9.373e+00	-5.359	957	5.495	0.741
70.187	1.033e-04	-0.765	3632	3.224	10.188
70.187	1.364e-04	-0.866	3565	3.293	9.413
70.187	1.786e-04	-0.960	3505	3.358	8.736
70.187	2.325e-04	-1.048	3454	3.420	8.136
70.187	3.069e-04	-1.132	3410	3.482	7.572
70.187	4.018e-04	-1.197	3388	3.535	7.123
70.187	5.273e-04	-1.240	3378	3.573	6.819
70.187	6.931e-04	-1.263	3372	3.593	6.660
70.187	9.040e-04	-1.279	3369	3.607	6.556
70.187	1.193e-03	-1.301	3364	3.627	6.408
70.187	1.572e-03	-1.344	3359	3.668	6.113
70.187	2.066e-03	-1.463	3361	3.788	5.325
70.187	2.727e-03	-1.591	3375	3.923	4.557
70.187	3.570e-03	-1.694	3396	4.037	3.997
70.187	4.686e-03	-1.787	3423	4.143	3.537
70.187	6.136e-03	-1.875	3445	4.243	3.153
70.187	8.032e-03	-1.980	3424	4.337	2.831
70.187	1.060e-02	-2.082	3400	4.427	2.552
70.187	1.388e-02	-2.177	3376	4.509	2.320
70.187	1.807e-02	-2.266	3355	4.588	2.120
70.187	2.386e-02	-2.359	3331	4.668	1.933
70.187	3.123e-02	-2.447	3306	4.743	1.772
70.187	4.099e-02	-2.539	3276	4.818	1.625
70.187	5.387e-02	-2.639	3223	4.891	1.495
70.187	7.071e-02	-2.738	3169	4.960	1.380
70.187	9.293e-02	-2.842	3102	5.027	1.278
70.187	1.212e-01	-2.953	3015	5.089	1.191
70.187	1.600e-01	-3.077	2905	5.148	1.112
70.187	2.091e-01	-3.219	2758	5.200	1.048
70.187	2.749e-01	-3.374	2589	5.245	0.994
70.187	3.613e-01	-3.538	2408	5.283	0.952
70.187	4.769e-01	-3.686	2254	5.316	0.916
70.187	6.282e-01	-3.834	2104	5.345	0.886
70.187	8.257e-01	-3.989	1952	5.370	0.861
70.187	1.086e+00	-4.145	1807	5.391	0.840
70.187	1.422e+00	-4.298	1672	5.409	0.823
70.187	1.873e+00	-4.447	1549	5.426	0.808
70.187	2.461e+00	-4.578	1448	5.441	0.794
70.187	3.210e+00	-4.704	1358	5.454	0.782
70.187	4.213e+00	-4.840	1266	5.468	0.770
70.187	5.538e+00	-4.988	1170	5.480	0.758
70.187	7.310e+00	-5.152	1072	5.492	0.748
70.187	9.569e+00	-5.319	980	5.503	0.739
71.234	1.025e-04	-0.750	3648	3.223	10.273
71.234	1.345e-04	-0.849	3583	3.291	9.504
71.234	1.761e-04	-0.944	3521	3.356	8.817
71.234	2.306e-04	-1.035	3467	3.419	8.198
71.234	3.043e-04	-1.119	3422	3.481	7.633
71.234	3.984e-04	-1.185	3396	3.534	7.186
71.234	5.259e-04	-1.227	3386	3.571	6.884
71.234	6.884e-04	-1.249	3381	3.590	6.733
71.234	9.036e-04	-1.265	3377	3.605	6.624
71.234	1.188e-03	-1.288	3372	3.625	6.472
71.234	1.568e-03	-1.335	3365	3.668	6.157
71.234	2.052e-03	-1.456	3366	3.790	5.353
71.234	2.698e-03	-1.581	3379	3.921	4.600
71.234	3.554e-03	-1.687	3399	4.037	4.026
71.234	4.671e-03	-1.779	3426	4.143	3.563
71.234	6.142e-03	-1.867	3451	4.244	3.173
71.234	8.072e-03	-1.971	3434	4.339	2.844
71.234	1.061e-02	-2.072	3410	4.428	2.568
71.234	1.395e-02	-2.168	3386	4.512	2.330
71.234	1.819e-02	-2.258	3364	4.591	2.128
71.234	2.388e-02	-2.349	3341	4.669	1.944
71.234	3.127e-02	-2.437	3317	4.745	1.782
71.234	4.086e-02	-2.525	3291	4.819	1.636
71.234	5.373e-02	-2.626	3238	4.892	1.504
71.234	7.061e-02	-2.725	3184	4.962	1.388
71.234	9.210e-02	-2.825	3122	5.028	1.287
71.234	1.216e-01	-2.939	3035	5.093	1.194
71.234	1.601e-01	-3.062	2926	5.152	1.116
71.234	2.105e-01	-3.203	2782	5.205	1.049
71.234	2.784e-01	-3.360	2610	5.252	0.994
71.234	3.660e-01	-3.524	2428	5.290	0.951
71.234	4.810e-01	-3.669	2276	5.323	0.916
71.234	6.274e-01	-3.808	2135	5.351	0.887
71.234	8.282e-01	-3.960	1984	5.376	0.862
71.234	1.084e+00	-4.111	1841	5.397	0.841
71.234	1.423e+00	-4.262	1706	5.415	0.824
71.234	1.870e+00	-4.408	1583	5.432	0.808
71.234	2.459e+00	-4.540	1480	5.446	0.795
71.234	3.232e+00	-4.665	1388	5.460	0.782
71.234	4.266e+00	-4.798	1296	5.474	0.770
71.234	5.575e+00	-4.939	1204	5.487	0.759
71.234	7.358e+00	-5.098	1106	5.499	0.748
71.234	9.693e+00	-5.266	1011	5.510	0.739
72.282	1.042e-04	-0.744	3658	3.229	10.284
72.282	1.367e-04	-0.844	3592	3.297	9.513
72.282	1.797e-04	-0.940	3529	3.363	8.816
72.282	2.362e-04	-1.032	3474	3.427	8.190
72.282	3.105e-04	-1.114	3430	3.487	7.640
72.282	4.049e-04	-1.177	3403	3.537	7.215
72.282	5.315e-04	-1.216	3394	3.570	6.939
72.282	6.985e-04	-1.237	3389	3.589	6.796
72.282	9.111e-04	-1.252	3386	3.603	6.688
72.282	1.205e-03	-1.277	3380	3.625	6.520
72.282	1.584e-03	-1.330	3371	3.672	6.173
72.282	2.025e-03	-1.445	3370	3.787	5.408
72.282	2.678e-03	-1.572	3384	3.921	4.636
72.282	3.493e-03	-1.674	3400	4.032	4.080
72.282	4.611e-03	-1.768	3428	4.139	3.606
72.282	6.036e-03	-1.854	3453	4.238	3.218
72.282	7.922e-03	-1.953	3445	4.333	2.884
72.282	1.041e-02	-2.054	3421	4.423	2.602
72.282	1.358e-02	-2.148	3398	4.505	2.367
72.282	1.793e-02	-2.243	3376	4.588	2.152
72.282	2.347e-02	-2.332	3353	4.665	1.967
72.282	3.080e-02	-2.422	3328	4.742	1.801
72.282	4.033e-02	-2.508	3307	4.817	1.652
72.282	5.280e-02	-2.607	3256	4.889	1.520
72.282	6.970e-02	-2.708	3201	4.961	1.400
72.282	9.124e-02	-2.807	3142	5.028	1.296
72.282	1.204e-01	-2.919	3060	5.093	1.202
72.282	1.577e-01	-3.040	2953	5.152	1.124
72.282	2.069e-01	-3.172	2822	5.206	1.056
72.282	2.720e-01	-3.326	2654	5.253	1.001
72.282	3.576e-01	-3.487	2474	5.292	0.956
72.282	4.700e-01	-3.633	2319	5.325	0.920
72.282	6.203e-01	-3.776	2172	5.355	0.890
72.282	8.121e-01	-3.918	2029	5.379	0.865
72.282	1.072e+00	-4.071	1883	5.401	0.843
72.282	1.403e+00	-4.216	1750	5.420	0.825
72.282	1.842e+00	-4.358	1628	5.436	0.810
72.282	2.421e+00	-4.491	1521	5.451	0.797
72.282	3.201e+00	-4.616	1427	5.465	0.784
72.282	4.209e+00	-4.741	1338	5.478	0.772
72.282	5.532e+00	-4.877	1246	5.491	0.760
72.282	7.216e+00	-5.022	1154	5.503	0.750
72.282	9.543e+00	-5.189	1056	5.515	0.740
73.330	1.001e-04	-0.718	3680	3.220	10.467
73.330	1.315e-04	-0.818	3615	3.288	9.671
73.330	1.715e-04	-0.913	3553	3.353	8.977
73.330	2.251e-04	-1.006	3495	3.417	8.339
73.330	2.948e-04	-1.089	3449	3.477	7.781
73.330	3.852e-04	-1.157	3416	3.529	7.335
73.330	5.065e-04	-1.199	3403	3.564	7.038
73.330	6.657e-04	-1.221	3398	3.584	6.885
73.330	8.683e-04	-1.236	3395	3.597	6.777
73.330	1.148e-03	-1.260	3389	3.618	6.617
73.330	1.510e-03	-1.308	3378	3.661	6.299
73.330	1.984e-03	-1.432	3374	3.783	5.475
73.330	2.619e-03	-1.558	3387	3.915	4.702
73.330	3.429e-03	-1.662	3402	4.027	4.133
73.330	4.500e-03	-1.753	3429	4.132	3.663
73.330	5.915e-03	-1.840	3454	4.232	3.265
73.330	7.715e-03	-1.932	3457	4.325	2.932
73.330	1.018e-02	-2.036	3433	4.416	2.639
73.330	1.333e-02	-2.132	3409	4.500	2.396
73.330	1.750e-02	-2.224	3387	4.582	2.182
73.330	2.300e-02	-2.315	3364	4.661	1.992
73.330	3.024e-02	-2.406	3340	4.738	1.822
73.330	3.959e-02	-2.491	3321	4.813	1.671
73.330	5.216e-02	-2.591	3272	4.888	1.533
73.330	6.855e-02	-2.691	3219	4.959	1.413
73.330	8.941e-02	-2.786	3165	5.025	1.309
73.330	1.182e-01	-2.896	3086	5.092	1.213
73.330	1.555e-01	-3.018	2979	5.152	1.131
73.330	2.043e-01	-3.145	2859	5.207	1.062
73.330	2.697e-01	-3.300	2688	5.256	1.004
73.330	3.531e-01	-3.455	2516	5.295	0.960
73.330	4.661e-01	-3.603	2356	5.329	0.923
73.330	6.139e-01	-3.746	2207	5.358	0.892
73.330	8.069e-01	-3.885	2066	5.384	0.867
73.330	1.061e+00	-4.030	1925	5.406	0.845
73.330	1.394e+00	-4.171	1794	5.424	0.827
73.330	1.819e+00	-4.306	1675	5.440	0.812
73.330	2.387e+00	-4.439	1564	5.455	0.799
73.330	3.137e+00	-4.558	1472	5.468	0.787
73.330	4.141e+00	-4.677	1385	5.481	0.775
73.330	5.421e+00	-4.800	1300	5.494	0.764
73.330	7.156e+00	-4.941	1207	5.506	0.752
73.330	9.426e+00	-5.098	1111	5.518	0.742
74.377	1.026e-04	-0.716	3688	3.227	10.450
74.377	1.349e-04	-0.816	3623	3.296	9.654
74.377	1.766e-04	-0.912	3559	3.362	8.952
74.377	2.312e-04	-1.004	3501	3.425	8.324
74.377	3.052e-04	-1.088	3455	3.486	7.761
74.377	3.995e-04	-1.153	3423	3.534	7.337
74.377	5.273e-04	-1.191	3411	3.566	7.072
74.377	6.903e-04	-1.210	3406	3.583	6.938
74.377	8.989e-04	-1.226	3403	3.597	6.827
74.377	1.169e-03	-1.250	3397	3.618	6.662
74.377	1.542e-03	-1.307	3384	3.668	6.291
74.377	2.019e-03	-1.438	3380	3.797	5.424
74.377	2.670e-03	-1.560	3393	3.927	4.672
74.377	3.483e-03	-1.662	3407	4.035	4.122
74.377	4.598e-03	-1.754	3434	4.141	3.650
74.377	6.019e-03	-1.839	3459	4.239	3.262
74.377	7.900e-03	-1.931	3465	4.334	2.924
74.377	1.038e-02	-2.033	3441	4.423	2.637
74.377	1.365e-02	-2.130	3417	4.508	2.391
74.377	1.794e-02	-2.223	3395	4.590	2.177
74.377	2.359e-02	-2.314	3372	4.669	1.987
74.377	3.100e-02	-2.404	3348	4.747	1.818
74.377	4.044e-02	-2.487	3330	4.821	1.669
74.377	5.307e-02	-2.585	3283	4.894	1.533
74.377	6.975e-02	-2.685	3229	4.965	1.413
74.377	9.098e-02	-2.780	3177	5.032	1.309
74.377	1.201e-01	-2.889	3100	5.098	1.213
74.377	1.582e-01	-3.011	2992	5.159	1.131
74.377	2.079e-01	-3.135	2875	5.214	1.061
74.377	2.712e-01	-3.282	2714	5.260	1.006
74.377	3.580e-01	-3.438	2541	5.301	0.960
74.377	4.686e-01	-3.582	2383	5.334	0.924
74.377	6.151e-01	-3.721	2237	5.363	0.894
74.377	8.084e-01	-3.855	2101	5.388	0.868
74.377	1.054e+00	-3.989	1968	5.409	0.847
74.377	1.392e+00	-4.128	1837	5.428	0.829
74.377	1.822e+00	-4.260	1719	5.444	0.814
74.377	2.405e+00	-4.390	1608	5.459	0.800
74.377	3.168e+00	-4.507	1515	5.472	0.789
74.377	4.164e+00	-4.616	1432	5.484	0.778
74.377	5.507e+00	-4.734	1348	5.497	0.766
74.377	7.240e+00	-4.862	1261	5.509	0.756
74.377	9.516e+00	-5.007	1168	5.521	0.745
75.425	1.032e-04	-0.707	3700	3.230	10.493
75.425	1.356e-04	-0.807	3635	3.299	9.692
75.425	1.790e-04	-0.906	3569	3.366	8.966
75.425	2.339e-04	-0.997	3511	3.429	8.342
75.425	3.075e-04	-1.080	3465	3.488	7.792
75.425	4.027e-04	-1.143	3433	3.536	7.380
75.425	5.271e-04	-1.179	3419	3.565	7.136
75.425	6.919e-04	-1.197	3414	3.581	7.006
75.425	9.060e-04	-1.214	3411	3.595	6.889
75.425	1.193e-03	-1.242	3404	3.620	6.699
75.425	1.569e-03	-1.306	3389	3.676	6.275
75.425	2.062e-03	-1.445	3385	3.813	5.361
75.425	2.710e-03	-1.561	3398	3.936	4.651
75.425	3.578e-03	-1.665	3413	4.048	4.091
75.425	4.684e-03	-1.753	3439	4.149	3.641
75.425	6.099e-03	-1.836	3463	4.244	3.264
75.425	8.004e-03	-1.926	3473	4.339	2.927
75.425	1.052e-02	-2.028	3449	4.428	2.640
75.425	1.383e-02	-2.124	3425	4.513	2.394
75.425	1.818e-02	-2.217	3404	4.595	2.179
75.425	2.371e-02	-2.306	3381	4.672	1.995
75.425	3.112e-02	-2.395	3357	4.749	1.825
75.425	4.075e-02	-2.479	3340	4.824	1.674
75.425	5.326e-02	-2.575	3296	4.897	1.540
75.425	7.002e-02	-2.675	3242	4.968	1.418
75.425	9.203e-02	-2.772	3190	5.037	1.311
75.425	1.215e-01	-2.880	3114	5.103	1.214
75.425	1.600e-01	-3.001	3008	5.164	1.131
75.425	2.103e-01	-3.124	2894	5.219	1.062
75.425	2.743e-01	-3.268	2735	5.266	1.006
75.425	3.621e-01	-3.419	2567	5.307	0.960
75.425	4.732e-01	-3.564	2407	5.340	0.924
75.425	6.172e-01	-3.697	2265	5.368	0.895
75.425	8.147e-01	-3.827	2133	5.393	0.870
75.425	1.067e+00	-3.956	2005	5.414	0.849
75.425	1.411e+00	-4.089	1877	5.433	0.831
75.425	1.840e+00	-4.212	1765	5.448	0.816
75.425	2.429e+00	-4.333	1659	5.462	0.803
75.425	3.179e+00	-4.446	1566	5.474	0.792
75.425	4.197e+00	-4.549	1485	5.486	0.781
75.425	5.528e+00	-4.652	1409	5.497	0.771
75.425	7.265e+00	-4.762	1331	5.509	0.761
75.425	9.552e+00	-4.889	1246	5.521	0.750
76.472	1.018e-04	-0.692	3715	3.228	10.593
76.472	1.347e-04	-0.793	3650	3.298	9.763
76.472	1.771e-04	-0.892	3584	3.365	9.038
76.472	2.319e-04	-0.984	3525	3.429	8.404
76.472	3.036e-04	-1.066	3478	3.487	7.860
76.472	3.984e-04	-1.129	3446	3.534	7.445
76.472	5.237e-04	-1.166	3429	3.562	7.204
76.472	6.830e-04	-1.184	3423	3.578	7.078
76.472	8.880e-04	-1.200	3419	3.592	6.964
76.472	1.165e-03	-1.227	3413	3.616	6.777
76.472	1.532e-03	-1.290	3398	3.671	6.358
76.472	2.014e-03	-1.430	3389	3.806	5.442
76.472	2.647e-03	-1.547	3402	3.929	4.722
76.472	3.494e-03	-1.651	3415	4.041	4.154
76.472	4.574e-03	-1.739	3440	4.141	3.699
76.472	5.955e-03	-1.822	3464	4.236	3.317
76.472	7.861e-03	-1.909	3484	4.333	2.966
76.472	1.040e-02	-2.013	3459	4.425	2.668
76.472	1.361e-02	-2.109	3436	4.509	2.422
76.472	1.772e-02	-2.199	3415	4.588	2.211
76.472	2.326e-02	-2.289	3393	4.667	2.019
76.472	3.057e-02	-2.379	3369	4.745	1.846
76.472	4.019e-02	-2.465	3351	4.821	1.691
76.472	5.282e-02	-2.560	3311	4.896	1.551
76.472	6.945e-02	-2.661	3257	4.968	1.428
76.472	9.128e-02	-2.757	3206	5.037	1.320
76.472	1.200e-01	-2.862	3135	5.103	1.223
76.472	1.577e-01	-2.980	3034	5.164	1.140
76.472	2.082e-01	-3.101	2923	5.221	1.068
76.472	2.721e-01	-3.244	2768	5.268	1.011
76.472	3.577e-01	-3.388	2608	5.309	0.964
76.472	4.701e-01	-3.537	2441	5.343	0.927
76.472	6.206e-01	-3.674	2294	5.372	0.897
76.472	8.175e-01	-3.795	2169	5.396	0.872
76.472	1.074e+00	-3.918	2047	5.418	0.851
76.472	1.418e+00	-4.044	1924	5.436	0.833
76.472	1.857e+00	-4.159	1816	5.451	0.819
76.472	2.437e+00	-4.270	1717	5.465	0.806
76.472	3.203e+00	-4.375	1627	5.476	0.796
76.472	4.227e+00	-4.470	1549	5.487	0.786
76.472	5.534e+00	-4.557	1482	5.496	0.777
76.472	7.305e+00	-4.648	1415	5.506	0.768
76.472	9.563e+00	-4.746	1345	5.517	0.759
77.520	1.038e-04	-0.688	3723	3.233	10.594
77.520	1.370e-04	-0.789	3659	3.304	9.768
77.520	1.790e-04	-0.885	3594	3.369	9.058
77.520	2.353e-04	-0.979	3534	3.433	8.414
77.520	3.082e-04	-1.059	3487	3.491	7.878
77.520	4.035e-04	-1.119	3456	3.535	7.484
77.520	5.295e-04	-1.154	3439	3.562	7.261
77.520	6.960e-04	-1.172	3432	3.576	7.137
77.520	9.078e-04	-1.190	3427	3.591	7.016
77.520	1.198e-03	-1.221	3419	3.618	6.802
77.520	1.569e-03	-1.295	3402	3.684	6.306
77.520	2.071e-03	-1.439	3395	3.824	5.366
77.520	2.728e-03	-1.553	3407	3.945	4.670
77.520	3.585e-03	-1.654	3421	4.053	4.126
77.520	4.713e-03	-1.742	3446	4.154	3.672
77.520	6.194e-03	-1.827	3471	4.251	3.284
77.520	8.080e-03	-1.910	3490	4.343	2.953
77.520	1.069e-02	-2.013	3466	4.435	2.657
77.520	1.394e-02	-2.107	3444	4.517	2.416
77.520	1.829e-02	-2.200	3422	4.599	2.200
77.520	2.404e-02	-2.291	3399	4.678	2.008
77.520	3.136e-02	-2.378	3376	4.753	1.841
77.520	4.116e-02	-2.462	3360	4.829	1.687
77.520	5.410e-02	-2.558	3320	4.904	1.548
77.520	7.112e-02	-2.658	3266	4.976	1.425
77.520	9.348e-02	-2.754	3216	5.045	1.317
77.520	1.229e-01	-2.858	3145	5.111	1.220
77.520	1.615e-01	-2.976	3045	5.172	1.137
77.520	2.107e-01	-3.090	2941	5.226	1.069
77.520	2.765e-01	-3.232	2787	5.274	1.011
77.520	3.621e-01	-3.371	2633	5.315	0.965
77.520	4.770e-01	-3.520	2464	5.349	0.928
77.520	6.269e-01	-3.652	2321	5.376	0.899
77.520	8.275e-01	-3.767	2202	5.400	0.874
77.520	1.090e+00	-3.883	2085	5.421	0.854
77.520	1.433e+00	-3.996	1973	5.439	0.836
77.520	1.891e+00	-4.105	1869	5.454	0.822
77.520	2.476e+00	-4.204	1778	5.466	0.810
77.520	3.268e+00	-4.297	1697	5.477	0.800
77.520	4.305e+00	-4.383	1623	5.486	0.792
77.520	5.658e+00	-4.455	1564	5.494	0.785
77.520	7.468e+00	-4.522	1512	5.502	0.778
77.520	9.777e+00	-4.586	1463	5.509	0.772
78.567	1.032e-04	-0.675	3737	3.233	10.672
78.567	1.354e-04	-0.774	3674	3.302	9.852
78.567	1.773e-04	-0.871	3609	3.369	9.128
78.567	2.321e-04	-0.964	3549	3.432	8.489
78.567	3.064e-04	-1.047	3498	3.490	7.934
78.567	4.011e-04	-1.106	3468	3.534	7.545
78.567	5.265e-04	-1.140	3451	3.560	7.327
78.567	6.920e-04	-1.159	3442	3.574	7.205
78.567	9.026e-04	-1.177	3436	3.589	7.081
78.567	1.194e-03	-1.210	3427	3.617	6.856
78.567	1.569e-03	-1.292	3408	3.689	6.310
78.567	2.023e-03	-1.425	3399	3.818	5.444
78.567	2.629e-03	-1.534	3410	3.933	4.769
78.567	3.455e-03	-1.636	3421	4.040	4.212
78.567	4.507e-03	-1.722	3445	4.139	3.762
78.567	5.949e-03	-1.808	3470	4.237	3.358
78.567	7.788e-03	-1.885	3503	4.331	3.015
78.567	1.030e-02	-1.990	3479	4.424	2.710
78.567	1.343e-02	-2.085	3456	4.507	2.462
78.567	1.746e-02	-2.174	3435	4.586	2.248
78.567	2.292e-02	-2.265	3413	4.665	2.051
78.567	3.002e-02	-2.354	3389	4.742	1.878
78.567	3.923e-02	-2.438	3373	4.817	1.722
78.567	5.158e-02	-2.529	3343	4.893	1.579
78.567	6.778e-02	-2.629	3289	4.965	1.452
78.567	8.897e-02	-2.725	3238	5.034	1.341
78.567	1.169e-01	-2.826	3175	5.101	1.242
78.567	1.537e-01	-2.939	3085	5.164	1.156
78.567	2.021e-01	-3.057	2977	5.220	1.083
78.567	2.652e-01	-3.190	2839	5.271	1.022
78.567	3.485e-01	-3.328	2686	5.313	0.973
78.567	4.583e-01	-3.474	2521	5.348	0.935
78.567	6.023e-01	-3.600	2382	5.376	0.905
78.567	7.950e-01	-3.718	2257	5.400	0.881
78.567	1.041e+00	-3.822	2151	5.420	0.861
78.567	1.374e+00	-3.926	2046	5.437	0.843
78.567	1.798e+00	-4.024	1950	5.452	0.830
78.567	2.378e+00	-4.114	1864	5.464	0.818
78.567	3.127e+00	-4.194	1791	5.474	0.808
78.567	4.110e+00	-4.263	1730	5.482	0.801
78.567	5.361e+00	-4.320	1680	5.489	0.795
78.567	7.076e+00	-4.370	1637	5.494	0.790
78.567	9.263e+00	-4.406	1607	5.498	0.787
80.663	1.006e-04	-0.645	3766	3.228	10.875
80.663	1.314e-04	-0.742	3707	3.297	10.044
80.663	1.714e-04	-0.838	3643	3.363	9.308
80.663	2.263e-04	-0.935	3579	3.429	8.632
80.663	2.962e-04	-1.017	3526	3.486	8.084
80.663	3.910e-04	-1.078	3493	3.530	7.681
80.663	5.118e-04	-1.111	3477	3.554	7.468
80.663	6.718e-04	-1.130	3467	3.569	7.346
80.663	8.829e-04	-1.151	3456	3.584	7.213
80.663	1.165e-03	-1.186	3443	3.613	6.978
80.663	1.523e-03	-1.270	3423	3.686	6.414
80.663	1.903e-03	-1.389	3408	3.799	5.637
80.663	2.348e-03	-1.480	3414	3.892	5.064
80.663	3.059e-03	-1.581	3425	3.998	4.480
80.663	4.006e-03	-1.673	3440	4.099	3.990
80.663	5.244e-03	-1.757	3465	4.195	3.573
80.663	6.829e-03	-1.833	3495	4.286	3.216
80.663	9.014e-03	-1.922	3508	4.381	2.884
80.663	1.178e-02	-2.020	3485	4.467	2.610
80.663	1.536e-02	-2.112	3464	4.549	2.376
80.663	2.017e-02	-2.204	3442	4.630	2.165
80.663	2.641e-02	-2.293	3419	4.708	1.979
80.663	3.433e-02	-2.377	3400	4.782	1.817
80.663	4.486e-02	-2.460	3383	4.857	1.667
80.663	5.899e-02	-2.556	3343	4.932	1.529
80.663	7.752e-02	-2.656	3289	5.003	1.409
80.663	1.011e-01	-2.747	3242	5.070	1.304
80.663	1.327e-01	-2.850	3173	5.135	1.210
80.663	1.744e-01	-2.966	3074	5.196	1.129
80.663	2.293e-01	-3.080	2970	5.250	1.060
80.663	3.014e-01	-3.214	2825	5.297	1.004
80.663	3.979e-01	-3.347	2677	5.337	0.960
80.663	5.241e-01	-3.482	2522	5.368	0.926
80.663	6.888e-01	-3.594	2399	5.393	0.900
80.663	9.092e-01	-3.695	2289	5.413	0.879
80.663	1.190e+00	-3.776	2206	5.429	0.863
80.663	1.571e+00	-3.853	2127	5.443	0.849
80.663	2.053e+00	-3.919	2061	5.454	0.838
80.663	2.710e+00	-3.978	2002	5.463	0.830
80.663	3.548e+00	-4.021	1961	5.469	0.824
80.663	4.657e+00	-4.051	1932	5.473	0.820
80.663	6.120e+00	-4.069	1914	5.476	0.817
80.663	8.047e+00	-4.080	1904	5.477	0.816
81.710	1.000e-04	-0.633	3779	3.227	10.952
81.710	1.310e-04	-0.730	3720	3.297	10.106
81.710	1.729e-04	-0.831	3653	3.366	9.332
81.710	2.259e-04	-0.924	3591	3.429	8.679
81.710	2.970e-04	-1.007	3537	3.487	8.125
81.710	3.904e-04	-1.066	3505	3.529	7.738
81.710	5.092e-04	-1.097	3489	3.552	7.534
81.710	6.683e-04	-1.116	3479	3.567	7.412
81.710	8.784e-04	-1.137	3468	3.583	7.275
81.710	1.159e-03	-1.176	3452	3.613	7.029
81.710	1.518e-03	-1.266	3429	3.691	6.422
81.710	2.007e-03	-1.410	3413	3.827	5.489
81.710	2.650e-03	-1.522	3423	3.944	4.798
81.710	3.463e-03	-1.619	3434	4.047	4.263
81.710	4.517e-03	-1.705	3454	4.143	3.817
81.710	5.962e-03	-1.789	3479	4.240	3.414
81.710	7.805e-03	-1.862	3518	4.332	3.069
81.710	1.030e-02	-1.961	3505	4.425	2.758
81.710	1.357e-02	-2.060	3482	4.512	2.496
81.710	1.777e-02	-2.152	3461	4.594	2.272
81.710	2.326e-02	-2.242	3439	4.673	2.075
81.710	3.053e-02	-2.331	3416	4.750	1.897
81.710	3.998e-02	-2.415	3400	4.826	1.739
81.710	5.234e-02	-2.501	3379	4.901	1.595
81.710	6.909e-02	-2.603	3325	4.975	1.464
81.710	9.045e-02	-2.698	3276	5.044	1.353
81.710	1.194e-01	-2.797	3218	5.112	1.250
81.710	1.563e-01	-2.903	3138	5.174	1.164
81.710	2.063e-01	-3.022	3029	5.232	1.089
81.710	2.701e-01	-3.137	2917	5.282	1.029
81.710	3.572e-01	-3.272	2767	5.325	0.979
81.710	4.715e-01	-3.400	2622	5.359	0.941
81.710	6.172e-01	-3.518	2486	5.385	0.913
81.710	8.147e-01	-3.621	2372	5.406	0.891
81.710	1.067e+00	-3.699	2289	5.422	0.875
81.710	1.410e+00	-3.767	2219	5.436	0.861
81.710	1.854e+00	-3.824	2160	5.447	0.851
81.710	2.437e+00	-3.871	2113	5.455	0.843
81.710	3.179e+00	-3.904	2080	5.461	0.837
81.710	4.133e+00	-3.927	2057	5.464	0.834
81.710	5.424e+00	-3.940	2044	5.466	0.832
81.710	7.129e+00	-3.946	2038	5.467	0.831
81.710	9.299e+00	-3.947	2036	5.467	0.831
83.805	1.034e-04	-0.625	3795	3.238	10.961
83.805	1.360e-04	-0.724	3735	3.309	10.100
83.805	1.787e-04	-0.822	3670	3.377	9.339
83.805	2.345e-04	-0.916	3607	3.440	8.683
83.805	3.082e-04	-0.995	3555	3.495	8.155
83.805	4.053e-04	-1.047	3525	3.532	7.812
83.805	5.326e-04	-1.074	3511	3.552	7.637
83.805	6.947e-04	-1.092	3502	3.565	7.520
83.805	9.031e-04	-1.115	3490	3.582	7.370
83.805	1.185e-03	-1.162	3467	3.618	7.078
83.805	1.558e-03	-1.279	3435	3.719	6.300
83.805	2.048e-03	-1.413	3422	3.846	5.440
83.805	2.692e-03	-1.519	3432	3.957	4.788
83.805	3.533e-03	-1.615	3443	4.059	4.259
83.805	4.627e-03	-1.701	3463	4.154	3.815
83.805	6.057e-03	-1.782	3487	4.247	3.429
83.805	7.995e-03	-1.856	3528	4.341	3.076
83.805	1.053e-02	-1.951	3521	4.433	2.767
83.805	1.384e-02	-2.049	3498	4.520	2.506
83.805	1.806e-02	-2.139	3478	4.600	2.284
83.805	2.351e-02	-2.227	3456	4.677	2.089
83.805	3.086e-02	-2.316	3434	4.755	1.910
83.805	4.055e-02	-2.401	3418	4.832	1.748
83.805	5.290e-02	-2.485	3399	4.906	1.606
83.805	6.996e-02	-2.587	3348	4.981	1.472
83.805	9.198e-02	-2.682	3299	5.052	1.358
83.805	1.204e-01	-2.777	3247	5.118	1.258
83.805	1.574e-01	-2.879	3172	5.180	1.171
83.805	2.069e-01	-2.994	3068	5.237	1.097
83.805	2.720e-01	-3.102	2967	5.287	1.035
83.805	3.576e-01	-3.228	2827	5.329	0.986
83.805	4.700e-01	-3.342	2699	5.363	0.949
83.805	6.130e-01	-3.448	2576	5.388	0.922
83.805	8.092e-01	-3.535	2477	5.407	0.902
83.805	1.059e+00	-3.604	2400	5.421	0.888
83.805	1.398e+00	-3.655	2344	5.430	0.878
83.805	1.842e+00	-3.685	2312	5.437	0.872
83.805	2.421e+00	-3.705	2291	5.441	0.867
83.805	3.158e+00	-3.716	2279	5.443	0.865
83.805	4.168e+00	-3.722	2273	5.445	0.864
83.805	5.456e+00	-3.725	2271	5.445	0.863
83.805	7.247e+00	-3.725	2270	5.445	0.863
83.805	9.646e+00	-3.726	2270	5.445	0.863
85.900	1.023e-04	-0.601	3821	3.236	11.117
85.900	1.337e-04	-0.698	3762	3.306	10.255
85.900	1.758e-04	-0.797	3698	3.375	9.475
85.900	2.310e-04	-0.891	3634	3.439	8.803
85.900	3.013e-04	-0.968	3583	3.491	8.286
85.900	3.977e-04	-1.020	3551	3.528	7.942
85.900	5.207e-04	-1.046	3536	3.547	7.773
85.900	6.834e-04	-1.065	3526	3.561	7.651
85.900	8.982e-04	-1.091	3513	3.580	7.482
85.900	1.186e-03	-1.145	3485	3.621	7.142
85.900	1.552e-03	-1.275	3446	3.730	6.294
85.900	2.049e-03	-1.406	3432	3.855	5.454
85.900	2.682e-03	-1.508	3440	3.961	4.824
85.900	3.540e-03	-1.605	3452	4.063	4.289
85.900	4.626e-03	-1.690	3469	4.157	3.852
85.900	6.034e-03	-1.769	3492	4.247	3.471
85.900	7.920e-03	-1.840	3532	4.339	3.123
85.900	1.041e-02	-1.928	3539	4.430	2.811
85.900	1.377e-02	-2.029	3515	4.519	2.538
85.900	1.796e-02	-2.119	3495	4.600	2.313
85.900	2.357e-02	-2.210	3474	4.680	2.109
85.900	3.086e-02	-2.299	3452	4.757	1.930
85.900	4.033e-02	-2.382	3436	4.833	1.769
85.900	5.260e-02	-2.464	3419	4.907	1.624
85.900	6.944e-02	-2.563	3374	4.982	1.489
85.900	9.090e-02	-2.658	3327	5.052	1.374
85.900	1.200e-01	-2.753	3277	5.121	1.269
85.900	1.568e-01	-2.853	3206	5.183	1.182
85.900	2.070e-01	-2.965	3107	5.241	1.105
85.900	2.710e-01	-3.065	3017	5.290	1.045
85.900	3.577e-01	-3.182	2891	5.333	0.995
85.900	4.711e-01	-3.287	2773	5.365	0.958
85.900	6.170e-01	-3.376	2671	5.389	0.932
85.900	8.127e-01	-3.453	2580	5.406	0.914
85.900	1.068e+00	-3.504	2522	5.417	0.903
85.900	1.393e+00	-3.535	2487	5.424	0.896
85.900	1.839e+00	-3.553	2467	5.428	0.892
85.900	2.407e+00	-3.561	2458	5.429	0.890
85.900	3.178e+00	-3.563	2455	5.430	0.889
85.900	4.203e+00	-3.564	2454	5.430	0.889
85.900	5.594e+00	-3.564	2454	5.430	0.889
85.900	7.445e+00	-3.565	2454	5.430	0.889
85.900	9.910e+00	-3.565	2453	5.430	0.889
87.996	1.024e-04	-0.584	3839	3.238	11.232
87.996	1.349e-04	-0.683	3782	3.310	10.331
87.996	1.773e-04	-0.780	3720	3.379	9.544
87.996	2.332e-04	-0.874	3656	3.443	8.871
87.996	3.053e-04	-0.949	3606	3.494	8.361
87.996	3.997e-04	-0.996	3576	3.527	8.052
87.996	5.276e-04	-1.021	3561	3.544	7.891
87.996	6.895e-04	-1.040	3550	3.558	7.767
87.996	9.102e-04	-1.070	3534	3.580	7.573
87.996	1.192e-03	-1.132	3502	3.626	7.182
87.996	1.546e-03	-1.269	3456	3.740	6.297
87.996	1.979e-03	-1.384	3441	3.848	5.561
87.996	2.601e-03	-1.488	3447	3.955	4.917
87.996	3.407e-03	-1.581	3458	4.053	4.392
87.996	4.460e-03	-1.668	3471	4.147	3.944
87.996	5.887e-03	-1.749	3495	4.240	3.541
87.996	7.706e-03	-1.821	3534	4.330	3.192
87.996	1.017e-02	-1.902	3558	4.423	2.868
87.996	1.340e-02	-2.001	3534	4.512	2.591
87.996	1.761e-02	-2.095	3514	4.595	2.353
87.996	2.297e-02	-2.184	3493	4.674	2.149
87.996	3.015e-02	-2.274	3470	4.752	1.964
87.996	3.948e-02	-2.358	3456	4.829	1.799
87.996	5.168e-02	-2.442	3439	4.904	1.649
87.996	6.822e-02	-2.536	3402	4.980	1.511
87.996	8.931e-02	-2.631	3355	5.051	1.393
87.996	1.179e-01	-2.726	3306	5.120	1.286
87.996	1.541e-01	-2.822	3242	5.183	1.197
87.996	2.026e-01	-2.928	3155	5.240	1.120
87.996	2.662e-01	-3.028	3064	5.290	1.057
87.996	3.514e-01	-3.127	2965	5.332	1.007
87.996	4.629e-01	-3.226	2852	5.364	0.971
87.996	6.084e-01	-3.303	2765	5.387	0.946
87.996	7.999e-01	-3.361	2698	5.402	0.929
87.996	1.051e+00	-3.401	2651	5.412	0.919
87.996	1.388e+00	-3.423	2626	5.417	0.914
87.996	1.813e+00	-3.431	2616	5.418	0.912
87.996	2.365e+00	-3.433	2613	5.419	0.912
87.996	3.104e+00	-3.434	2612	5.419	0.912
87.996	4.114e+00	-3.434	2612	5.419	0.912
87.996	5.476e+00	-3.434	2612	5.419	0.912
87.996	7.288e+00	-3.435	2612	5.419	0.911
87.996	9.701e+00	-3.435	2611	5.419	0.911
90.091	1.014e-04	-0.563	3859	3.236	11.385
90.091	1.339e-04	-0.661	3805	3.310	10.459
90.091	1.764e-04	-0.759	3744	3.380	9.652
90.091	2.309e-04	-0.851	3682	3.442	8.981
90.091	3.023e-04	-0.925	3632	3.493	8.474
90.091	3.991e-04	-0.971	3602	3.524	8.169
90.091	5.224e-04	-0.994	3587	3.541	8.018
90.091	6.857e-04	-1.015	3575	3.555	7.886
90.091	9.012e-04	-1.047	3556	3.578	7.680
90.091	1.190e-03	-1.120	3518	3.632	7.218
90.091	1.567e-03	-1.271	3465	3.757	6.249
90.091	2.059e-03	-1.393	3450	3.872	5.477
90.091	2.703e-03	-1.493	3456	3.974	4.866
90.091	3.553e-03	-1.584	3467	4.071	4.352
90.091	4.671e-03	-1.671	3481	4.165	3.909
90.091	6.139e-03	-1.750	3505	4.256	3.520
90.091	8.071e-03	-1.820	3546	4.347	3.171
90.091	1.061e-02	-1.899	3571	4.438	2.855
90.091	1.384e-02	-1.995	3549	4.522	2.589
90.091	1.826e-02	-2.090	3528	4.607	2.348
90.091	2.391e-02	-2.181	3506	4.687	2.142
90.091	3.156e-02	-2.271	3485	4.767	1.954
90.091	4.124e-02	-2.354	3470	4.843	1.790
90.091	5.380e-02	-2.437	3454	4.917	1.644
90.091	6.993e-02	-2.525	3422	4.989	1.513
90.091	9.179e-02	-2.620	3375	5.060	1.394
90.091	1.206e-01	-2.713	3328	5.129	1.289
90.091	1.574e-01	-2.807	3267	5.190	1.200
90.091	2.077e-01	-2.908	3185	5.248	1.123
90.091	2.714e-01	-3.002	3101	5.295	1.063
90.091	3.569e-01	-3.088	3020	5.335	1.016
90.091	4.690e-01	-3.175	2922	5.365	0.982
90.091	6.167e-01	-3.239	2849	5.385	0.959
90.091	8.105e-01	-3.282	2801	5.398	0.945
90.091	1.066e+00	-3.306	2772	5.405	0.938
90.091	1.401e+00	-3.318	2759	5.408	0.934
90.091	1.841e+00	-3.322	2754	5.409	0.933
90.091	2.411e+00	-3.323	2753	5.409	0.933
90.091	3.135e+00	-3.323	2753	5.409	0.933
90.091	4.097e+00	-3.323	2753	5.409	0.933
90.091	5.407e+00	-3.323	2752	5.409	0.933
90.091	7.197e+00	-3.324	2752	5.409	0.933
90.091	9.580e+00	-3.324	2752	5.409	0.933
92.186	1.022e-04	-0.549	3875	3.239	11.476
92.186	1.343e-04	-0.644	3826	3.312	10.553
92.186	1.766e-04	-0.741	3766	3.382	9.741
92.186	2.321e-04	-0.833	3704	3.445	9.059
92.186	3.028e-04	-0.904	3656	3.493	8.571
92.186	3.974e-04	-0.946	3628	3.522	8.288
92.186	5.223e-04	-0.969	3614	3.538	8.140
92.186	6.813e-04	-0.990	3600	3.552	8.004
92.186	9.010e-04	-1.026	3578	3.578	7.771
92.186	1.185e-03	-1.109	3533	3.639	7.245
92.186	1.551e-03	-1.263	3476	3.764	6.270
92.186	2.042e-03	-1.383	3459	3.876	5.511
92.186	2.683e-03	-1.482	3464	3.977	4.906
92.186	3.528e-03	-1.572	3475	4.073	4.395
92.186	4.620e-03	-1.657	3486	4.164	3.959
92.186	6.038e-03	-1.734	3509	4.252	3.577
92.186	7.875e-03	-1.802	3548	4.339	3.234
92.186	1.040e-02	-1.876	3586	4.431	2.909
92.186	1.361e-02	-1.972	3566	4.518	2.632
92.186	1.796e-02	-2.068	3545	4.604	2.385
92.186	2.352e-02	-2.158	3524	4.684	2.175
92.186	3.086e-02	-2.247	3503	4.762	1.987
92.186	4.056e-02	-2.332	3488	4.840	1.817
92.186	5.333e-02	-2.418	3472	4.917	1.663
92.186	6.984e-02	-2.505	3446	4.991	1.527
92.186	9.143e-02	-2.599	3400	5.062	1.407
92.186	1.207e-01	-2.693	3352	5.132	1.299
92.186	1.580e-01	-2.785	3296	5.194	1.209
92.186	2.085e-01	-2.881	3223	5.251	1.132
92.186	2.725e-01	-2.972	3142	5.297	1.073
92.186	3.583e-01	-3.049	3072	5.335	1.028
92.186	4.692e-01	-3.118	2999	5.363	0.995
92.186	6.143e-01	-3.173	2936	5.381	0.975
92.186	8.108e-01	-3.205	2899	5.391	0.964
92.186	1.060e+00	-3.220	2882	5.396	0.958
92.186	1.393e+00	-3.226	2875	5.398	0.956
92.186	1.831e+00	-3.227	2873	5.398	0.956
92.186	2.437e+00	-3.228	2873	5.398	0.956
92.186	3.244e+00	-3.228	2873	5.398	0.956
92.186	4.317e+00	-3.228	2872	5.398	0.955
92.186	5.746e+00	-3.228	2872	5.398	0.955
92.186	7.648e+00	-3.229	2872	5.398	0.955
92.186	1.000e+01	-3.229	2871	5.399	0.955
94.281	1.004e-04	-0.527	3894	3.235	11.657
94.281	1.315e-04	-0.618	3852	3.308	10.727
94.281	1.739e-04	-0.717	3791	3.379	9.878
94.281	2.286e-04	-0.808	3731	3.443	9.183
94.281	3.005e-04	-0.880	3681	3.491	8.683
94.281	3.950e-04	-0.921	3655	3.519	8.409
94.281	5.192e-04	-0.943	3640	3.534	8.262
94.281	6.772e-04	-0.965	3626	3.550	8.119
94.281	8.956e-04	-1.005	3601	3.577	7.863
94.281	1.178e-03	-1.100	3547	3.647	7.260
94.281	1.548e-03	-1.257	3486	3.774	6.272
94.281	2.043e-03	-1.376	3468	3.884	5.527
94.281	2.674e-03	-1.472	3471	3.981	4.941
94.281	3.482e-03	-1.558	3482	4.072	4.449
94.281	4.570e-03	-1.643	3492	4.162	4.009
94.281	5.985e-03	-1.721	3513	4.250	3.623
94.281	7.821e-03	-1.789	3552	4.338	3.276
94.281	1.017e-02	-1.856	3591	4.424	2.966
94.281	1.326e-02	-1.946	3584	4.511	2.685
94.281	1.751e-02	-2.043	3563	4.597	2.431
94.281	2.292e-02	-2.133	3543	4.677	2.216
94.281	3.008e-02	-2.223	3521	4.757	2.023
94.281	3.939e-02	-2.307	3507	4.833	1.851
94.281	5.147e-02	-2.390	3491	4.909	1.698
94.281	6.714e-02	-2.473	3472	4.982	1.560
94.281	8.862e-02	-2.569	3429	5.057	1.432
94.281	1.158e-01	-2.660	3384	5.124	1.325
94.281	1.511e-01	-2.746	3337	5.187	1.233
94.281	1.994e-01	-2.840	3269	5.245	1.153
94.281	2.610e-01	-2.926	3196	5.292	1.092
94.281	3.446e-01	-3.002	3127	5.329	1.046
94.281	4.511e-01	-3.057	3076	5.356	1.014
94.281	5.920e-01	-3.101	3030	5.374	0.994
94.281	7.781e-01	-3.129	2997	5.383	0.983
94.281	1.023e+00	-3.141	2984	5.387	0.979
94.281	1.345e+00	-3.144	2980	5.388	0.978
94.281	1.775e+00	-3.145	2979	5.388	0.978
94.281	2.362e+00	-3.145	2979	5.388	0.978
94.281	3.144e+00	-3.145	2979	5.388	0.978
94.281	4.176e+00	-3.146	2978	5.388	0.977
94.281	5.559e+00	-3.146	2978	5.388	0.977
94.281	7.399e+00	-3.146	2978	5.389	0.977
94.281	9.847e+00	-3.147	2977	5.389	0.977
96.376	1.041e-04	-0.522	3906	3.246	11.645
96.376	1.360e-04	-0.612	3865	3.318	10.722
96.376	1.795e-04	-0.711	3805	3.388	9.883
96.376	2.365e-04	-0.799	3747	3.450	9.201
96.376	3.108e-04	-0.865	3702	3.495	8.742
96.376	4.086e-04	-0.900	3679	3.519	8.505
96.376	5.351e-04	-0.920	3665	3.533	8.366
96.376	7.048e-04	-0.946	3648	3.551	8.197
96.376	9.264e-04	-0.994	3617	3.584	7.888
96.376	1.218e-03	-1.119	3546	3.675	7.106
96.376	1.611e-03	-1.270	3492	3.799	6.163
96.376	2.117e-03	-1.382	3476	3.903	5.467
96.376	2.761e-03	-1.474	3480	3.996	4.908
96.376	3.645e-03	-1.562	3491	4.090	4.405
96.376	4.772e-03	-1.645	3501	4.178	3.979
96.376	6.263e-03	-1.721	3525	4.266	3.597
96.376	8.231e-03	-1.791	3565	4.355	3.248
96.376	1.074e-02	-1.859	3604	4.442	2.938
96.376	1.409e-02	-1.951	3595	4.530	2.654
96.376	1.845e-02	-2.044	3575	4.614	2.411
96.376	2.416e-02	-2.135	3554	4.694	2.198
96.376	3.170e-02	-2.223	3535	4.773	2.007
96.376	4.152e-02	-2.307	3520	4.850	1.837
96.376	5.435e-02	-2.391	3504	4.926	1.683
96.376	7.134e-02	-2.476	3485	5.001	1.544
96.376	9.376e-02	-2.569	3443	5.074	1.420
96.376	1.233e-01	-2.661	3397	5.142	1.313
96.376	1.614e-01	-2.746	3350	5.203	1.223
96.376	2.113e-01	-2.833	3288	5.257	1.150
96.376	2.789e-01	-2.913	3221	5.302	1.092
96.376	3.674e-01	-2.979	3161	5.335	1.051
96.376	4.812e-01	-3.023	3121	5.356	1.026
96.376	6.299e-01	-3.050	3096	5.369	1.010
96.376	8.315e-01	-3.065	3080	5.376	1.003
96.376	1.088e+00	-3.071	3074	5.378	1.000
96.376	1.417e+00	-3.072	3073	5.379	0.999
96.376	1.871e+00	-3.072	3072	5.379	0.999
96.376	2.485e+00	-3.073	3072	5.379	0.999
96.376	3.307e+00	-3.073	3072	5.379	0.999
96.376	4.402e+00	-3.073	3072	5.379	0.999
96.376	5.859e+00	-3.073	3071	5.379	0.999
96.376	7.799e+00	-3.074	3071	5.379	0.999
96.376	1.000e+01	-3.074	3071	5.379	0.999
98.471	1.036e-04	-0.505	3923	3.245	11.775
98.471	1.357e-04	-0.596	3883	3.318	10.833
98.471	1.791e-04	-0.692	3826	3.389	9.982
98.471	2.359e-04	-0.779	3770	3.451	9.299
98.471	3.101e-04	-0.842	3727	3.493	8.851
98.471	4.077e-04	-0.875	3705	3.516	8.624
98.471	5.339e-04	-0.896	3691	3.530	8.484
98.471	7.032e-04	-0.923	3673	3.549	8.301
98.471	9.243e-04	-0.977	3638	3.586	7.955
98.471	1.215e-03	-1.117	3556	3.687	7.082
98.471	1.607e-03	-1.263	3502	3.807	6.171
98.471	2.112e-03	-1.374	3485	3.908	5.491
98.471	2.755e-03	-1.465	3487	4.000	4.939
98.471	3.637e-03	-1.552	3498	4.093	4.441
98.471	4.761e-03	-1.634	3508	4.180	4.015
98.471	6.248e-03	-1.710	3529	4.267	3.633
98.471	8.182e-03	-1.778	3569	4.354	3.287
98.471	1.071e-02	-1.846	3608	4.442	2.971
98.471	1.414e-02	-1.936	3610	4.532	2.678
98.471	1.863e-02	-2.031	3590	4.617	2.427
98.471	2.439e-02	-2.122	3569	4.698	2.211
98.471	3.187e-02	-2.209	3550	4.776	2.022
98.471	4.191e-02	-2.295	3536	4.854	1.847
98.471	5.508e-02	-2.379	3520	4.931	1.691
98.471	7.184e-02	-2.461	3503	5.005	1.554
98.471	9.483e-02	-2.555	3464	5.079	1.427
98.471	1.241e-01	-2.644	3419	5.146	1.321
98.471	1.629e-01	-2.729	3374	5.207	1.231
98.471	2.141e-01	-2.812	3316	5.260	1.158
98.471	2.815e-01	-2.883	3262	5.302	1.103
98.471	3.700e-01	-2.942	3208	5.332	1.065
98.471	4.827e-01	-2.979	3174	5.351	1.043
98.471	6.335e-01	-2.999	3155	5.361	1.031
98.471	8.296e-01	-3.008	3146	5.365	1.026
98.471	1.086e+00	-3.011	3144	5.367	1.024
98.471	1.433e+00	-3.012	3143	5.367	1.023
98.471	1.904e+00	-3.012	3143	5.367	1.023
98.471	2.534e+00	-3.012	3143	5.367	1.023
98.471	3.373e+00	-3.013	3142	5.367	1.023
98.471	4.490e+00	-3.013	3142	5.368	1.023
98.471	5.976e+00	-3.013	3142	5.368	1.023
98.471	7.954e+00	-3.013	3142	5.368	1.023
100.566	1.006e-04	-0.480	3943	3.238	12.003
100.566	1.317e-04	-0.570	3903	3.311	11.036
100.566	1.738e-04	-0.665	3852	3.383	10.161
100.566	2.290e-04	-0.752	3797	3.445	9.457
100.566	2.999e-04	-0.815	3755	3.488	8.998
100.566	3.919e-04	-0.848	3732	3.511	8.765
100.566	5.094e-04	-0.869	3719	3.525	8.625
100.566	6.645e-04	-0.894	3701	3.543	8.451
100.566	8.771e-04	-0.946	3667	3.578	8.113
100.566	1.148e-03	-1.079	3586	3.672	7.280
100.566	1.464e-03	-1.216	3521	3.778	6.446
100.566	1.924e-03	-1.332	3496	3.881	5.726
100.566	2.529e-03	-1.428	3492	3.976	5.135
100.566	3.324e-03	-1.514	3501	4.066	4.626
100.566	4.370e-03	-1.598	3511	4.155	4.178
100.566	5.744e-03	-1.678	3524	4.241	3.781
100.566	7.492e-03	-1.745	3561	4.326	3.430
100.566	9.890e-03	-1.815	3601	4.416	3.093
100.566	1.292e-02	-1.888	3632	4.503	2.798
100.566	1.686e-02	-1.981	3612	4.587	2.539
100.566	2.225e-02	-2.076	3591	4.672	2.303
100.566	2.908e-02	-2.165	3570	4.751	2.103
100.566	3.823e-02	-2.251	3557	4.830	1.921
100.566	5.025e-02	-2.336	3542	4.907	1.757
100.566	6.554e-02	-2.418	3525	4.981	1.613
100.566	8.602e-02	-2.502	3503	5.055	1.481
100.566	1.131e-01	-2.595	3458	5.125	1.367
100.566	1.486e-01	-2.681	3413	5.189	1.270
100.566	1.947e-01	-2.760	3366	5.244	1.192
100.566	2.544e-01	-2.829	3319	5.288	1.134
100.566	3.318e-01	-2.885	3273	5.320	1.093
100.566	4.380e-01	-2.926	3235	5.340	1.067
100.566	5.724e-01	-2.946	3216	5.351	1.054
100.566	7.441e-01	-2.955	3208	5.355	1.049
100.566	9.705e-01	-2.958	3206	5.357	1.047
100.566	1.274e+00	-2.959	3205	5.357	1.047
100.566	1.688e+00	-2.959	3205	5.357	1.047
100.566	2.247e+00	-2.959	3205	5.357	1.047
100.566	2.991e+00	-2.959	3205	5.357	1.047
100.566	3.980e+00	-2.959	3204	5.357	1.046
100.566	5.298e+00	-2.959	3204	5.357	1.046
100.566	7.052e+00	-2.960	3204	5.357	1.046
100.566	9.386e+00	-2.960	3203	5.358	1.046
102.661	1.021e-04	-0.470	3956	3.243	12.061
102.661	1.340e-04	-0.561	3916	3.316	11.080
102.661	1.762e-04	-0.652	3869	3.387	10.217
102.661	2.316e-04	-0.737	3816	3.448	9.528
102.661	3.044e-04	-0.796	3777	3.489	9.088
102.661	4.002e-04	-0.827	3757	3.510	8.870
102.661	5.241e-04	-0.848	3742	3.524	8.723
102.661	6.904e-04	-0.878	3722	3.545	8.514
102.661	9.074e-04	-0.942	3679	3.589	8.096
102.661	1.193e-03	-1.102	3582	3.702	7.105
102.661	1.568e-03	-1.241	3524	3.813	6.255
102.661	2.062e-03	-1.350	3502	3.911	5.587
102.661	2.709e-03	-1.442	3501	4.003	5.027
102.661	3.534e-03	-1.524	3510	4.089	4.552
102.661	4.665e-03	-1.607	3521	4.178	4.111
102.661	6.107e-03	-1.684	3536	4.262	3.729
102.661	8.061e-03	-1.753	3576	4.350	3.370
102.661	1.055e-02	-1.820	3616	4.437	3.050
102.661	1.374e-02	-1.894	3642	4.523	2.762
102.661	1.814e-02	-1.991	3622	4.611	2.497
102.661	2.374e-02	-2.082	3601	4.692	2.273
102.661	3.134e-02	-2.173	3582	4.774	2.070
102.661	4.103e-02	-2.257	3569	4.851	1.893
102.661	5.416e-02	-2.344	3553	4.930	1.729
102.661	7.078e-02	-2.426	3536	5.004	1.588
102.661	9.305e-02	-2.511	3512	5.078	1.458
102.661	1.223e-01	-2.602	3468	5.146	1.348
102.661	1.605e-01	-2.685	3425	5.207	1.257
102.661	2.102e-01	-2.757	3382	5.258	1.186
102.661	2.752e-01	-2.818	3340	5.297	1.133
102.661	3.632e-01	-2.863	3306	5.324	1.099
102.661	4.755e-01	-2.891	3280	5.339	1.080
102.661	6.241e-01	-2.904	3268	5.345	1.072
102.661	8.173e-01	-2.908	3264	5.347	1.069
102.661	1.077e+00	-2.909	3263	5.348	1.069
102.661	1.433e+00	-2.910	3263	5.348	1.069
102.661	1.907e+00	-2.910	3263	5.348	1.069
102.661	2.539e+00	-2.910	3263	5.348	1.069
102.661	3.379e+00	-2.910	3263	5.348	1.068
102.661	4.497e+00	-2.910	3262	5.348	1.068
102.661	5.986e+00	-2.910	3262	5.348	1.068
102.661	7.967e+00	-2.911	3262	5.349	1.068
104.757	1.034e-04	-0.460	3968	3.247	12.128
104.757	1.365e-04	-0.552	3929	3.322	11.120
104.757	1.787e-04	-0.641	3886	3.391	10.271
104.757	2.346e-04	-0.722	3835	3.450	9.598
104.757	3.083e-04	-0.777	3799	3.488	9.184
104.757	4.053e-04	-0.805	3781	3.508	8.980
104.757	5.308e-04	-0.826	3766	3.523	8.827
104.757	6.992e-04	-0.860	3743	3.546	8.594
104.757	9.189e-04	-0.936	3693	3.598	8.096
104.757	1.207e-03	-1.105	3589	3.718	7.053
104.757	1.582e-03	-1.238	3533	3.824	6.242
104.757	2.088e-03	-1.347	3510	3.921	5.581
104.757	2.734e-03	-1.437	3508	4.010	5.039
104.757	3.609e-03	-1.521	3518	4.098	4.549
104.757	4.724e-03	-1.601	3528	4.183	4.125
104.757	6.200e-03	-1.678	3543	4.268	3.741
104.757	8.149e-03	-1.745	3583	4.354	3.388
104.757	1.076e-02	-1.814	3623	4.443	3.058
104.757	1.406e-02	-1.886	3655	4.530	2.767
104.757	1.834e-02	-1.979	3636	4.614	2.512
104.757	2.420e-02	-2.074	3615	4.699	2.279
104.757	3.163e-02	-2.161	3597	4.777	2.082
104.757	4.125e-02	-2.244	3584	4.854	1.906
104.757	5.446e-02	-2.331	3568	4.933	1.741
104.757	7.129e-02	-2.413	3552	5.008	1.597
104.757	9.410e-02	-2.497	3533	5.082	1.465
104.757	1.244e-01	-2.589	3487	5.152	1.353
104.757	1.629e-01	-2.669	3446	5.211	1.264
104.757	2.121e-01	-2.735	3410	5.259	1.196
104.757	2.758e-01	-2.790	3373	5.295	1.147
104.757	3.640e-01	-2.829	3346	5.320	1.115
104.757	4.765e-01	-2.851	3328	5.332	1.099
104.757	6.254e-01	-2.860	3321	5.338	1.092
104.757	8.190e-01	-2.863	3318	5.339	1.090
104.757	1.079e+00	-2.864	3318	5.340	1.090
104.757	1.436e+00	-2.864	3318	5.340	1.090
104.757	1.911e+00	-2.864	3318	5.340	1.089
104.757	2.544e+00	-2.864	3318	5.340	1.089
104.757	3.386e+00	-2.864	3317	5.340	1.089
104.757	4.507e+00	-2.864	3317	5.340	1.089
104.757	5.998e+00	-2.865	3317	5.340	1.089
104.757	7.984e+00	-2.865	3316	5.340	1.089
