Mass/Mjup	Age/Gyr	log(L/Lsun)	Teff	log(g)	Radius/Rjup
0.047	1.032e-04	-6.038	376	1.386	2.192
0.047	1.365e-04	-6.109	376	1.455	2.026
0.047	1.805e-04	-6.189	375	1.534	1.850
0.047	2.378e-04	-6.338	360	1.612	1.690
0.047	3.125e-04	-6.463	350	1.684	1.555
0.047	4.125e-04	-6.577	341	1.757	1.431
0.047	5.434e-04	-6.698	331	1.825	1.323
0.047	7.142e-04	-6.815	321	1.889	1.229
0.047	9.390e-04	-6.931	311	1.950	1.146
0.047	1.242e-03	-7.047	301	2.008	1.071
0.047	1.632e-03	-7.162	291	2.063	1.005
0.047	2.159e-03	-7.281	280	2.118	0.944
0.047	2.838e-03	-7.398	270	2.169	0.890
0.047	3.730e-03	-7.514	260	2.218	0.841
0.047	4.923e-03	-7.633	249	2.265	0.797
0.047	6.434e-03	-7.748	239	2.309	0.758
0.047	8.459e-03	-7.864	229	2.351	0.722
0.047	1.119e-02	-7.982	219	2.391	0.689
0.047	1.470e-02	-8.095	210	2.428	0.660
0.047	1.933e-02	-8.211	200	2.464	0.634
0.047	2.557e-02	-8.334	190	2.499	0.609
0.047	3.360e-02	-8.451	181	2.530	0.588
0.047	4.435e-02	-8.572	172	2.559	0.568
0.047	5.806e-02	-8.690	163	2.585	0.551
0.047	7.679e-02	-8.811	154	2.611	0.535
0.047	1.010e-01	-8.930	146	2.635	0.521
0.047	1.327e-01	-9.051	138	2.658	0.507
0.047	1.755e-01	-9.175	130	2.681	0.494
0.047	2.316e-01	-9.301	123	2.702	0.482
0.047	3.051e-01	-9.432	115	2.721	0.471
0.047	4.010e-01	-9.561	108	2.739	0.462
0.047	5.264e-01	-9.688	101	2.755	0.453
0.047	6.918e-01	-9.816	95	2.771	0.445
0.047	9.096e-01	-9.944	89	2.785	0.438
0.047	1.195e+00	-10.069	83	2.799	0.431
0.047	1.572e+00	-10.187	78	2.811	0.425
0.047	2.079e+00	-10.309	74	2.823	0.419
0.047	2.749e+00	-10.433	69	2.835	0.413
0.063	1.039e-04	-5.858	415	1.503	2.213
0.063	1.366e-04	-5.958	408	1.571	2.047
0.063	1.803e-04	-6.043	404	1.642	1.886
0.063	2.374e-04	-6.131	401	1.716	1.733
0.063	3.121e-04	-6.262	388	1.787	1.596
0.063	4.127e-04	-6.389	374	1.853	1.478
0.063	5.448e-04	-6.500	364	1.916	1.375
0.063	7.132e-04	-6.610	354	1.975	1.285
0.063	9.414e-04	-6.722	342	2.032	1.204
0.063	1.245e-03	-6.835	331	2.086	1.130
0.063	1.630e-03	-6.946	320	2.138	1.066
0.063	2.155e-03	-7.061	309	2.189	1.004
0.063	2.834e-03	-7.174	297	2.238	0.950
0.063	3.724e-03	-7.288	286	2.283	0.901
0.063	4.926e-03	-7.405	274	2.328	0.856
0.063	6.476e-03	-7.522	263	2.371	0.815
0.063	8.511e-03	-7.642	251	2.412	0.777
0.063	1.126e-02	-7.765	239	2.453	0.741
0.063	1.486e-02	-7.886	228	2.491	0.710
0.063	1.965e-02	-8.007	217	2.526	0.681
0.063	2.572e-02	-8.125	207	2.559	0.656
0.063	3.402e-02	-8.249	196	2.591	0.633
0.063	4.473e-02	-8.371	186	2.620	0.612
0.063	5.879e-02	-8.496	176	2.647	0.593
0.063	7.760e-02	-8.624	166	2.672	0.576
0.063	1.026e-01	-8.755	156	2.697	0.560
0.063	1.352e-01	-8.888	146	2.720	0.545
0.063	1.777e-01	-9.018	137	2.742	0.532
0.063	2.350e-01	-9.154	129	2.762	0.519
0.063	3.102e-01	-9.290	120	2.781	0.508
0.063	4.053e-01	-9.425	112	2.797	0.499
0.063	5.350e-01	-9.561	105	2.813	0.490
0.063	7.048e-01	-9.688	98	2.827	0.482
0.063	9.263e-01	-9.805	92	2.839	0.475
0.063	1.218e+00	-9.913	87	2.849	0.470
0.063	1.601e+00	-10.007	83	2.858	0.465
0.063	2.088e+00	-10.085	80	2.865	0.462
0.063	2.756e+00	-10.158	77	2.871	0.458
0.063	3.645e+00	-10.222	74	2.876	0.455
0.063	4.801e+00	-10.282	72	2.881	0.453
0.063	6.310e+00	-10.337	70	2.886	0.450
0.126	1.036e-04	-5.491	437	1.525	3.052
0.126	1.370e-04	-5.580	433	1.600	2.800
0.126	1.802e-04	-5.671	429	1.671	2.579
0.126	2.383e-04	-5.759	424	1.743	2.375
0.126	3.151e-04	-5.846	421	1.814	2.188
0.126	4.168e-04	-5.951	412	1.883	2.020
0.126	5.512e-04	-6.073	399	1.947	1.877
0.126	7.244e-04	-6.180	387	2.005	1.755
0.126	9.562e-04	-6.290	376	2.061	1.645
0.126	1.260e-03	-6.400	364	2.114	1.548
0.126	1.655e-03	-6.507	352	2.165	1.461
0.126	2.189e-03	-6.618	340	2.214	1.381
0.126	2.879e-03	-6.728	327	2.260	1.309
0.126	3.783e-03	-6.837	315	2.304	1.244
0.126	4.994e-03	-6.951	303	2.348	1.183
0.126	6.537e-03	-7.064	290	2.389	1.129
0.126	8.646e-03	-7.184	277	2.429	1.078
0.126	1.141e-02	-7.304	265	2.467	1.032
0.126	1.503e-02	-7.423	252	2.503	0.990
0.126	1.976e-02	-7.542	240	2.537	0.952
0.126	2.598e-02	-7.663	228	2.570	0.916
0.126	3.414e-02	-7.784	217	2.601	0.884
0.126	4.515e-02	-7.912	205	2.631	0.854
0.126	5.937e-02	-8.041	193	2.659	0.827
0.126	7.802e-02	-8.176	182	2.685	0.802
0.126	1.030e-01	-8.315	170	2.710	0.780
0.126	1.362e-01	-8.459	159	2.733	0.759
0.126	1.794e-01	-8.599	148	2.754	0.741
0.126	2.358e-01	-8.735	139	2.774	0.725
0.126	3.100e-01	-8.871	129	2.792	0.710
0.126	4.075e-01	-9.011	121	2.808	0.696
0.126	5.379e-01	-9.155	112	2.824	0.684
0.126	7.029e-01	-9.294	104	2.837	0.673
0.126	9.168e-01	-9.433	97	2.850	0.664
0.126	1.210e+00	-9.582	90	2.863	0.654
0.126	1.601e+00	-9.731	83	2.874	0.645
0.126	2.095e+00	-9.873	77	2.885	0.638
0.126	2.766e+00	-10.012	71	2.894	0.631
0.189	1.020e-04	-5.234	528	1.772	2.813
0.189	1.343e-04	-5.322	520	1.834	2.619
0.189	1.765e-04	-5.412	511	1.893	2.445
0.189	2.334e-04	-5.511	499	1.953	2.284
0.189	3.087e-04	-5.614	486	2.010	2.139
0.189	4.075e-04	-5.716	473	2.064	2.009
0.189	5.368e-04	-5.819	459	2.116	1.893
0.189	7.100e-04	-5.930	444	2.166	1.786
0.189	9.331e-04	-6.035	429	2.213	1.692
0.189	1.232e-03	-6.146	413	2.259	1.605
0.189	1.622e-03	-6.254	398	2.303	1.526
0.189	2.132e-03	-6.365	383	2.345	1.455
0.189	2.820e-03	-6.475	368	2.386	1.387
0.189	3.729e-03	-6.586	353	2.426	1.325
0.189	4.903e-03	-6.695	339	2.464	1.268
0.189	6.445e-03	-6.807	325	2.500	1.216
0.189	8.507e-03	-6.920	310	2.536	1.167
0.189	1.114e-02	-7.035	296	2.570	1.122
0.189	1.470e-02	-7.156	282	2.603	1.080
0.189	1.924e-02	-7.276	267	2.634	1.042
0.189	2.540e-02	-7.399	254	2.665	1.006
0.189	3.346e-02	-7.522	240	2.693	0.973
0.189	4.398e-02	-7.644	228	2.721	0.943
0.189	5.816e-02	-7.772	215	2.747	0.915
0.189	7.647e-02	-7.900	202	2.772	0.889
0.189	1.005e-01	-8.035	190	2.795	0.866
0.189	1.311e-01	-8.168	178	2.816	0.845
0.189	1.730e-01	-8.313	165	2.836	0.826
0.189	2.265e-01	-8.456	154	2.855	0.809
0.189	2.973e-01	-8.595	144	2.872	0.793
0.189	3.907e-01	-8.733	134	2.888	0.778
0.189	5.137e-01	-8.874	124	2.902	0.765
0.189	6.752e-01	-9.018	115	2.916	0.754
0.189	8.877e-01	-9.162	107	2.928	0.743
0.189	1.167e+00	-9.307	99	2.940	0.733
0.189	1.522e+00	-9.453	92	2.950	0.724
0.189	1.997e+00	-9.602	85	2.960	0.716
0.189	2.625e+00	-9.752	78	2.970	0.708
0.189	3.452e+00	-9.892	72	2.978	0.702
0.262	1.018e-04	-4.986	633	1.983	2.599
0.262	1.340e-04	-5.089	616	2.036	2.444
0.262	1.762e-04	-5.185	600	2.087	2.304
0.262	2.316e-04	-5.284	583	2.137	2.176
0.262	3.044e-04	-5.387	565	2.185	2.059
0.262	4.018e-04	-5.499	544	2.231	1.951
0.262	5.293e-04	-5.609	524	2.276	1.855
0.262	6.957e-04	-5.714	505	2.318	1.767
0.262	9.147e-04	-5.820	486	2.358	1.686
0.262	1.202e-03	-5.935	466	2.397	1.612
0.262	1.590e-03	-6.051	445	2.436	1.543
0.262	2.090e-03	-6.157	428	2.472	1.480
0.262	2.764e-03	-6.274	408	2.508	1.420
0.262	3.633e-03	-6.381	391	2.542	1.365
0.262	4.805e-03	-6.494	374	2.576	1.313
0.262	6.317e-03	-6.603	358	2.608	1.265
0.262	8.303e-03	-6.714	342	2.640	1.220
0.262	1.092e-02	-6.826	326	2.670	1.178
0.262	1.435e-02	-6.941	311	2.700	1.138
0.262	1.886e-02	-7.059	295	2.729	1.101
0.262	2.479e-02	-7.184	279	2.757	1.066
0.262	3.260e-02	-7.307	264	2.783	1.034
0.262	4.284e-02	-7.430	249	2.808	1.005
0.262	5.655e-02	-7.555	235	2.833	0.977
0.262	7.403e-02	-7.678	222	2.855	0.952
0.262	9.772e-02	-7.809	209	2.878	0.928
0.262	1.287e-01	-7.943	196	2.898	0.906
0.262	1.692e-01	-8.081	183	2.918	0.886
0.262	2.224e-01	-8.223	170	2.936	0.867
0.262	2.923e-01	-8.370	158	2.953	0.851
0.262	3.844e-01	-8.514	147	2.968	0.836
0.262	5.052e-01	-8.653	136	2.982	0.822
0.262	6.642e-01	-8.793	127	2.995	0.810
0.262	8.729e-01	-8.937	117	3.007	0.799
0.262	1.152e+00	-9.085	109	3.019	0.789
0.262	1.518e+00	-9.232	100	3.029	0.779
0.262	1.995e+00	-9.386	92	3.039	0.770
0.262	2.623e+00	-9.539	85	3.048	0.763
0.262	3.447e+00	-9.692	78	3.056	0.755
0.262	4.532e+00	-9.834	72	3.063	0.749
0.262	4.994e+00	-9.857	71	3.064	0.748
0.262	6.265e+00	-9.857	71	3.064	0.748
0.262	8.339e+00	-9.857	71	3.064	0.748
0.524	1.011e-04	-4.401	923	2.354	2.397
0.524	1.332e-04	-4.499	897	2.403	2.266
0.524	1.750e-04	-4.604	868	2.450	2.147
0.524	2.310e-04	-4.737	825	2.494	2.039
0.524	3.043e-04	-4.861	786	2.535	1.947
0.524	3.985e-04	-4.975	752	2.572	1.865
0.524	5.249e-04	-5.090	719	2.609	1.788
0.524	6.899e-04	-5.207	686	2.643	1.718
0.524	9.124e-04	-5.332	651	2.677	1.653
0.524	1.204e-03	-5.451	619	2.709	1.593
0.524	1.577e-03	-5.570	588	2.738	1.540
0.524	2.085e-03	-5.701	554	2.767	1.489
0.524	2.741e-03	-5.828	523	2.794	1.444
0.524	3.603e-03	-5.953	494	2.820	1.402
0.524	4.737e-03	-6.074	467	2.844	1.363
0.524	6.226e-03	-6.189	443	2.868	1.327
0.524	8.218e-03	-6.315	418	2.891	1.292
0.524	1.087e-02	-6.439	394	2.913	1.259
0.524	1.432e-02	-6.544	376	2.935	1.228
0.524	1.882e-02	-6.651	358	2.957	1.198
0.524	2.484e-02	-6.763	340	2.979	1.168
0.524	3.251e-02	-6.875	322	2.999	1.140
0.524	4.292e-02	-6.990	305	3.021	1.112
0.524	5.654e-02	-7.116	287	3.041	1.086
0.524	7.430e-02	-7.240	271	3.061	1.062
0.524	9.827e-02	-7.366	255	3.080	1.039
0.524	1.292e-01	-7.489	240	3.098	1.017
0.524	1.698e-01	-7.615	225	3.116	0.997
0.524	2.241e-01	-7.747	211	3.133	0.978
0.524	2.934e-01	-7.880	197	3.148	0.961
0.524	3.873e-01	-8.024	183	3.163	0.944
0.524	5.070e-01	-8.169	169	3.177	0.929
0.524	6.706e-01	-8.321	156	3.190	0.916
0.524	8.816e-01	-8.467	145	3.201	0.903
0.524	1.159e+00	-8.611	134	3.212	0.892
0.524	1.511e+00	-8.752	124	3.222	0.883
0.524	1.995e+00	-8.906	114	3.231	0.873
0.524	2.612e+00	-9.054	106	3.239	0.865
0.524	3.428e+00	-9.206	97	3.247	0.857
0.524	4.505e+00	-9.362	89	3.254	0.850
0.524	5.947e+00	-9.520	82	3.261	0.844
0.786	1.022e-04	-4.047	1126	2.521	2.423
0.786	1.352e-04	-4.164	1083	2.571	2.286
0.786	1.778e-04	-4.273	1046	2.618	2.166
0.786	2.337e-04	-4.377	1010	2.663	2.057
0.786	3.072e-04	-4.491	970	2.706	1.956
0.786	4.038e-04	-4.627	918	2.747	1.868
0.786	5.330e-04	-4.776	861	2.783	1.790
0.786	6.977e-04	-4.898	818	2.816	1.724
0.786	9.209e-04	-5.026	773	2.848	1.662
0.786	1.213e-03	-5.156	730	2.878	1.607
0.786	1.594e-03	-5.273	694	2.905	1.556
0.786	2.096e-03	-5.387	660	2.933	1.508
0.786	2.772e-03	-5.534	616	2.959	1.463
0.786	3.644e-03	-5.673	576	2.982	1.424
0.786	4.819e-03	-5.801	542	3.005	1.388
0.786	6.336e-03	-5.924	511	3.026	1.355
0.786	8.327e-03	-6.048	481	3.046	1.323
0.786	1.095e-02	-6.163	456	3.066	1.293
0.786	1.448e-02	-6.299	426	3.085	1.265
0.786	1.903e-02	-6.431	399	3.103	1.239
0.786	2.512e-02	-6.538	379	3.121	1.214
0.786	3.309e-02	-6.642	361	3.139	1.189
0.786	4.349e-02	-6.751	343	3.157	1.164
0.786	5.718e-02	-6.862	325	3.175	1.141
0.786	7.514e-02	-6.978	307	3.193	1.118
0.786	9.801e-02	-7.098	289	3.210	1.096
0.786	1.294e-01	-7.227	271	3.226	1.075
0.786	1.704e-01	-7.349	255	3.243	1.055
0.786	2.240e-01	-7.472	240	3.258	1.037
0.786	2.945e-01	-7.599	225	3.273	1.019
0.786	3.871e-01	-7.731	210	3.288	1.002
0.786	5.089e-01	-7.870	195	3.301	0.986
0.786	6.688e-01	-8.016	181	3.314	0.972
0.786	8.794e-01	-8.166	167	3.326	0.959
0.786	1.156e+00	-8.316	154	3.336	0.947
0.786	1.520e+00	-8.463	143	3.346	0.937
0.786	1.997e+00	-8.608	132	3.355	0.927
0.786	2.626e+00	-8.757	122	3.364	0.918
0.786	3.451e+00	-8.910	112	3.371	0.910
0.786	4.537e+00	-9.063	103	3.379	0.902
0.786	5.963e+00	-9.219	94	3.385	0.896
0.786	7.841e+00	-9.376	86	3.391	0.890
0.786	1.000e+01	-9.514	80	3.396	0.885
1.048	1.006e-04	-3.794	1277	2.612	2.520
1.048	1.328e-04	-3.899	1240	2.665	2.369
1.048	1.735e-04	-4.009	1197	2.714	2.239
1.048	2.290e-04	-4.128	1149	2.762	2.119
1.048	2.998e-04	-4.241	1104	2.806	2.014
1.048	3.935e-04	-4.355	1060	2.848	1.918
1.048	5.153e-04	-4.488	1004	2.888	1.833
1.048	6.745e-04	-4.637	941	2.923	1.760
1.048	8.853e-04	-4.765	890	2.955	1.696
1.048	1.171e-03	-4.909	834	2.986	1.637
1.048	1.539e-03	-5.037	787	3.014	1.585
1.048	2.007e-03	-5.155	747	3.040	1.539
1.048	2.649e-03	-5.269	710	3.066	1.494
1.048	3.490e-03	-5.409	664	3.091	1.452
1.048	4.587e-03	-5.555	618	3.113	1.415
1.048	6.055e-03	-5.677	584	3.134	1.380
1.048	7.976e-03	-5.803	549	3.155	1.348
1.048	1.048e-02	-5.949	511	3.174	1.319
1.048	1.386e-02	-6.062	484	3.193	1.291
1.048	1.833e-02	-6.197	452	3.211	1.264
1.048	2.411e-02	-6.368	413	3.226	1.242
1.048	3.168e-02	-6.469	394	3.241	1.220
1.048	4.190e-02	-6.570	375	3.257	1.198
1.048	5.531e-02	-6.679	355	3.273	1.176
1.048	7.240e-02	-6.786	337	3.289	1.155
1.048	9.557e-02	-6.900	318	3.305	1.134
1.048	1.251e-01	-7.017	300	3.320	1.114
1.048	1.642e-01	-7.141	282	3.336	1.095
1.048	2.158e-01	-7.261	265	3.350	1.076
1.048	2.849e-01	-7.382	250	3.365	1.058
1.048	3.729e-01	-7.505	235	3.379	1.041
1.048	4.923e-01	-7.642	219	3.393	1.025
1.048	6.444e-01	-7.779	203	3.405	1.010
1.048	8.506e-01	-7.926	188	3.417	0.996
1.048	1.121e+00	-8.077	174	3.429	0.984
1.048	1.473e+00	-8.228	160	3.439	0.972
1.048	1.936e+00	-8.377	148	3.448	0.962
1.048	2.545e+00	-8.523	137	3.456	0.953
1.048	3.319e+00	-8.666	126	3.464	0.945
1.048	4.381e+00	-8.821	116	3.471	0.937
1.048	5.736e+00	-8.973	107	3.478	0.929
1.048	7.528e+00	-9.126	98	3.484	0.923
1.048	9.858e+00	-9.283	90	3.489	0.917
1.571	1.039e-04	-3.479	1480	2.729	2.695
1.571	1.363e-04	-3.582	1440	2.784	2.531
1.571	1.792e-04	-3.687	1397	2.836	2.382
1.571	2.356e-04	-3.795	1352	2.887	2.247
1.571	3.085e-04	-3.898	1309	2.935	2.125
1.571	4.031e-04	-4.018	1255	2.981	2.016
1.571	5.300e-04	-4.141	1199	3.025	1.917
1.571	6.966e-04	-4.260	1146	3.066	1.829
1.571	9.086e-04	-4.407	1076	3.103	1.753
1.571	1.202e-03	-4.558	1006	3.137	1.685
1.571	1.580e-03	-4.691	949	3.168	1.627
1.571	2.076e-03	-4.822	894	3.196	1.574
1.571	2.725e-03	-4.973	832	3.222	1.528
1.571	3.582e-03	-5.100	784	3.246	1.486
1.571	4.728e-03	-5.228	738	3.270	1.446
1.571	6.252e-03	-5.369	690	3.292	1.409
1.571	8.236e-03	-5.494	649	3.313	1.377
1.571	1.089e-02	-5.635	606	3.333	1.345
1.571	1.441e-02	-5.788	560	3.351	1.318
1.571	1.893e-02	-5.897	531	3.368	1.292
1.571	2.504e-02	-6.039	495	3.385	1.267
1.571	3.292e-02	-6.187	458	3.400	1.246
1.571	4.327e-02	-6.327	426	3.414	1.225
1.571	5.711e-02	-6.462	397	3.427	1.207
1.571	7.523e-02	-6.575	375	3.440	1.189
1.571	9.888e-02	-6.678	356	3.453	1.171
1.571	1.308e-01	-6.785	337	3.467	1.153
1.571	1.726e-01	-6.896	319	3.480	1.135
1.571	2.260e-01	-7.009	301	3.493	1.118
1.571	2.966e-01	-7.126	284	3.507	1.101
1.571	3.898e-01	-7.243	267	3.520	1.085
1.571	5.145e-01	-7.364	251	3.533	1.069
1.571	6.777e-01	-7.501	234	3.545	1.053
1.571	8.908e-01	-7.636	218	3.557	1.039
1.571	1.162e+00	-7.773	203	3.568	1.027
1.571	1.534e+00	-7.923	187	3.578	1.014
1.571	2.008e+00	-8.070	173	3.587	1.003
1.571	2.650e+00	-8.223	159	3.596	0.993
1.571	3.469e+00	-8.369	147	3.604	0.984
1.571	4.579e+00	-8.519	135	3.612	0.976
1.571	5.995e+00	-8.666	125	3.618	0.968
1.571	7.913e+00	-8.823	114	3.625	0.961
1.571	1.000e+01	-8.955	106	3.630	0.956
2.095	1.033e-04	-3.228	1645	2.786	2.915
2.095	1.352e-04	-3.341	1595	2.845	2.724
2.095	1.785e-04	-3.458	1540	2.902	2.552
2.095	2.337e-04	-3.563	1494	2.954	2.403
2.095	3.067e-04	-3.665	1451	3.005	2.265
2.095	4.016e-04	-3.771	1404	3.054	2.140
2.095	5.257e-04	-3.873	1361	3.102	2.026
2.095	6.900e-04	-4.000	1299	3.148	1.922
2.095	9.036e-04	-4.123	1240	3.190	1.831
2.095	1.183e-03	-4.252	1178	3.229	1.750
2.095	1.561e-03	-4.418	1092	3.265	1.679
2.095	2.065e-03	-4.561	1025	3.297	1.618
2.095	2.703e-03	-4.696	964	3.326	1.565
2.095	3.568e-03	-4.854	894	3.353	1.518
2.095	4.701e-03	-4.987	839	3.377	1.476
2.095	6.178e-03	-5.120	788	3.399	1.439
2.095	8.058e-03	-5.249	740	3.420	1.405
2.095	1.064e-02	-5.373	697	3.440	1.372
2.095	1.392e-02	-5.522	647	3.459	1.343
2.095	1.842e-02	-5.667	601	3.477	1.316
2.095	2.431e-02	-5.783	568	3.494	1.290
2.095	3.215e-02	-5.928	527	3.510	1.266
2.095	4.208e-02	-6.064	492	3.525	1.245
2.095	5.523e-02	-6.231	450	3.538	1.226
2.095	7.305e-02	-6.370	419	3.551	1.209
2.095	9.601e-02	-6.483	395	3.563	1.192
2.095	1.270e-01	-6.601	372	3.575	1.176
2.095	1.676e-01	-6.710	351	3.587	1.160
2.095	2.194e-01	-6.815	333	3.598	1.144
2.095	2.880e-01	-6.923	315	3.610	1.128
2.095	3.785e-01	-7.036	297	3.623	1.113
2.095	4.976e-01	-7.156	279	3.635	1.097
2.095	6.540e-01	-7.279	262	3.646	1.083
2.095	8.530e-01	-7.401	246	3.657	1.069
2.095	1.126e+00	-7.530	230	3.668	1.056
2.095	1.474e+00	-7.662	214	3.679	1.043
2.095	1.935e+00	-7.803	199	3.689	1.031
2.095	2.543e+00	-7.951	183	3.698	1.020
2.095	3.317e+00	-8.096	169	3.706	1.010
2.095	4.378e+00	-8.251	156	3.714	1.001
2.095	5.731e+00	-8.398	144	3.722	0.993
2.095	7.462e+00	-8.541	133	3.728	0.985
2.095	9.850e+00	-8.695	122	3.734	0.978
2.619	1.039e-04	-3.047	1758	2.818	3.141
2.619	1.366e-04	-3.148	1723	2.883	2.914
2.619	1.803e-04	-3.254	1680	2.946	2.710
2.619	2.375e-04	-3.388	1608	3.005	2.534
2.619	3.122e-04	-3.497	1558	3.058	2.383
2.619	4.120e-04	-3.602	1511	3.110	2.245
2.619	5.394e-04	-3.709	1461	3.158	2.123
2.619	7.120e-04	-3.806	1421	3.208	2.006
2.619	9.379e-04	-3.931	1360	3.255	1.898
2.619	1.233e-03	-4.061	1293	3.299	1.806
2.619	1.627e-03	-4.195	1226	3.340	1.723
2.619	2.143e-03	-4.357	1141	3.376	1.652
2.619	2.817e-03	-4.506	1066	3.407	1.594
2.619	3.725e-03	-4.644	1001	3.436	1.542
2.619	4.898e-03	-4.800	929	3.462	1.496
2.619	6.438e-03	-4.936	871	3.486	1.456
2.619	8.498e-03	-5.081	812	3.509	1.419
2.619	1.119e-02	-5.211	762	3.529	1.385
2.619	1.471e-02	-5.333	718	3.549	1.354
2.619	1.942e-02	-5.496	661	3.568	1.325
2.619	2.558e-02	-5.625	620	3.584	1.300
2.619	3.362e-02	-5.754	581	3.601	1.276
2.619	4.446e-02	-5.901	538	3.616	1.253
2.619	5.846e-02	-6.066	493	3.630	1.233
2.619	7.683e-02	-6.207	458	3.642	1.216
2.619	1.016e-01	-6.335	429	3.654	1.200
2.619	1.344e-01	-6.468	400	3.666	1.184
2.619	1.767e-01	-6.594	374	3.677	1.169
2.619	2.322e-01	-6.700	354	3.687	1.155
2.619	3.071e-01	-6.806	335	3.699	1.140
2.619	4.054e-01	-6.915	317	3.710	1.125
2.619	5.340e-01	-7.026	299	3.722	1.110
2.619	7.018e-01	-7.155	280	3.733	1.096
2.619	9.264e-01	-7.278	262	3.744	1.082
2.619	1.213e+00	-7.397	246	3.754	1.069
2.619	1.601e+00	-7.521	231	3.764	1.057
2.619	2.096e+00	-7.654	215	3.774	1.045
2.619	2.750e+00	-7.794	199	3.784	1.033
2.619	3.615e+00	-7.941	184	3.793	1.023
2.619	4.753e+00	-8.092	170	3.801	1.013
2.619	6.246e+00	-8.244	156	3.808	1.005
2.619	8.148e+00	-8.390	144	3.815	0.997
3.143	1.037e-04	-2.926	1826	2.842	3.349
3.143	1.363e-04	-3.019	1797	2.907	3.107
3.143	1.792e-04	-3.119	1760	2.971	2.885
3.143	2.355e-04	-3.220	1720	3.033	2.688
3.143	3.091e-04	-3.346	1654	3.090	2.516
3.143	4.062e-04	-3.463	1595	3.143	2.366
3.143	5.341e-04	-3.570	1544	3.194	2.233
3.143	7.063e-04	-3.679	1492	3.244	2.108
3.143	9.283e-04	-3.772	1454	3.292	1.993
3.143	1.225e-03	-3.901	1388	3.340	1.887
3.143	1.604e-03	-4.027	1322	3.382	1.797
3.143	2.117e-03	-4.160	1254	3.423	1.715
3.143	2.800e-03	-4.325	1165	3.460	1.644
3.143	3.666e-03	-4.476	1087	3.491	1.586
3.143	4.839e-03	-4.617	1019	3.520	1.534
3.143	6.374e-03	-4.774	945	3.546	1.489
3.143	8.377e-03	-4.907	888	3.569	1.449
3.143	1.106e-02	-5.053	826	3.591	1.412
3.143	1.448e-02	-5.180	777	3.611	1.380
3.143	1.900e-02	-5.319	725	3.631	1.350
3.143	2.497e-02	-5.468	672	3.648	1.324
3.143	3.302e-02	-5.590	633	3.665	1.299
3.143	4.359e-02	-5.733	588	3.680	1.275
3.143	5.742e-02	-5.878	545	3.695	1.254
3.143	7.547e-02	-6.073	491	3.708	1.235
3.143	9.962e-02	-6.177	466	3.720	1.219
3.143	1.317e-01	-6.312	434	3.731	1.202
3.143	1.725e-01	-6.462	401	3.742	1.188
3.143	2.277e-01	-6.583	376	3.752	1.174
3.143	3.011e-01	-6.683	357	3.763	1.160
3.143	3.966e-01	-6.788	338	3.773	1.146
3.143	5.213e-01	-6.896	320	3.784	1.132
3.143	6.894e-01	-7.011	301	3.795	1.117
3.143	9.100e-01	-7.141	281	3.806	1.103
3.143	1.191e+00	-7.255	265	3.816	1.090
3.143	1.572e+00	-7.377	248	3.827	1.078
3.143	2.058e+00	-7.499	233	3.836	1.065
3.143	2.717e+00	-7.635	216	3.846	1.053
3.143	3.557e+00	-7.773	201	3.855	1.042
3.143	4.668e+00	-7.919	186	3.864	1.032
3.143	6.136e+00	-8.071	171	3.872	1.023
3.143	8.099e+00	-8.225	157	3.879	1.014
3.666	1.037e-04	-2.807	1905	2.863	3.528
3.666	1.361e-04	-2.903	1873	2.930	3.269
3.666	1.789e-04	-3.002	1836	2.994	3.034
3.666	2.352e-04	-3.098	1801	3.057	2.823
3.666	3.091e-04	-3.205	1754	3.117	2.634
3.666	4.080e-04	-3.324	1692	3.175	2.465
3.666	5.342e-04	-3.445	1627	3.227	2.321
3.666	7.011e-04	-3.547	1579	3.277	2.192
3.666	9.272e-04	-3.653	1528	3.327	2.068
3.666	1.219e-03	-3.756	1482	3.375	1.956
3.666	1.609e-03	-3.886	1412	3.422	1.854
3.666	2.102e-03	-4.010	1347	3.464	1.767
3.666	2.764e-03	-4.141	1278	3.504	1.688
3.666	3.632e-03	-4.306	1186	3.539	1.620
3.666	4.795e-03	-4.461	1105	3.571	1.562
3.666	6.316e-03	-4.607	1033	3.599	1.512
3.666	8.301e-03	-4.754	963	3.625	1.468
3.666	1.091e-02	-4.891	902	3.649	1.429
3.666	1.434e-02	-5.032	842	3.670	1.394
3.666	1.893e-02	-5.170	787	3.691	1.361
3.666	2.479e-02	-5.314	732	3.709	1.333
3.666	3.272e-02	-5.454	682	3.726	1.306
3.666	4.310e-02	-5.578	641	3.743	1.282
3.666	5.664e-02	-5.727	594	3.758	1.260
3.666	7.477e-02	-5.887	546	3.772	1.239
3.666	9.849e-02	-6.053	499	3.784	1.223
3.666	1.294e-01	-6.167	471	3.795	1.206
3.666	1.712e-01	-6.309	437	3.807	1.191
3.666	2.260e-01	-6.451	405	3.817	1.177
3.666	2.977e-01	-6.567	381	3.827	1.163
3.666	3.912e-01	-6.677	360	3.837	1.150
3.666	5.144e-01	-6.796	338	3.847	1.136
3.666	6.760e-01	-6.901	320	3.857	1.123
3.666	8.889e-01	-7.014	301	3.868	1.110
3.666	1.168e+00	-7.134	283	3.878	1.097
3.666	1.542e+00	-7.251	266	3.888	1.085
3.666	2.019e+00	-7.369	250	3.898	1.073
3.666	2.665e+00	-7.496	234	3.907	1.060
3.666	3.488e+00	-7.626	218	3.917	1.049
3.666	4.604e+00	-7.767	202	3.926	1.038
3.666	6.028e+00	-7.912	187	3.934	1.029
3.666	7.911e+00	-8.063	172	3.942	1.020
3.666	1.000e+01	-8.193	160	3.948	1.012
4.190	1.026e-04	-2.700	1972	2.875	3.723
4.190	1.349e-04	-2.793	1945	2.943	3.441
4.190	1.773e-04	-2.890	1910	3.009	3.188
4.190	2.340e-04	-2.992	1871	3.075	2.957
4.190	3.063e-04	-3.088	1834	3.136	2.754
4.190	4.020e-04	-3.203	1776	3.195	2.573
4.190	5.284e-04	-3.314	1720	3.251	2.413
4.190	6.974e-04	-3.435	1655	3.305	2.267
4.190	9.130e-04	-3.534	1609	3.355	2.141
4.190	1.207e-03	-3.646	1553	3.406	2.020
4.190	1.575e-03	-3.756	1497	3.452	1.915
4.190	2.079e-03	-3.884	1428	3.498	1.817
4.190	2.721e-03	-4.006	1363	3.539	1.732
4.190	3.592e-03	-4.149	1285	3.579	1.655
4.190	4.703e-03	-4.311	1193	3.613	1.592
4.190	6.172e-03	-4.457	1116	3.643	1.537
4.190	8.112e-03	-4.605	1042	3.671	1.489
4.190	1.067e-02	-4.746	975	3.696	1.447
4.190	1.402e-02	-4.887	910	3.719	1.408
4.190	1.850e-02	-5.030	849	3.741	1.374
4.190	2.422e-02	-5.170	792	3.760	1.343
4.190	3.197e-02	-5.316	736	3.778	1.315
4.190	4.186e-02	-5.447	689	3.795	1.290
4.190	5.494e-02	-5.583	643	3.811	1.267
4.190	7.220e-02	-5.731	595	3.825	1.246
4.190	9.493e-02	-5.903	543	3.839	1.227
4.190	1.248e-01	-6.029	509	3.850	1.211
4.190	1.627e-01	-6.160	475	3.861	1.195
4.190	2.148e-01	-6.305	440	3.872	1.180
4.190	2.812e-01	-6.434	411	3.882	1.167
4.190	3.719e-01	-6.555	385	3.892	1.153
4.190	4.890e-01	-6.674	362	3.902	1.141
4.190	6.427e-01	-6.800	338	3.912	1.128
4.190	8.450e-01	-6.903	321	3.921	1.116
4.190	1.111e+00	-7.013	303	3.931	1.103
4.190	1.466e+00	-7.129	285	3.941	1.091
4.190	1.919e+00	-7.243	268	3.951	1.079
4.190	2.533e+00	-7.365	251	3.960	1.067
4.190	3.316e+00	-7.488	235	3.970	1.055
4.190	4.377e+00	-7.622	219	3.979	1.044
4.190	5.730e+00	-7.757	204	3.988	1.034
4.190	7.564e+00	-7.908	188	3.996	1.024
4.190	9.901e+00	-8.057	173	4.003	1.015
4.714	1.025e-04	-2.615	2022	2.884	3.905
4.714	1.342e-04	-2.700	2002	2.952	3.613
4.714	1.762e-04	-2.794	1973	3.020	3.341
4.714	2.307e-04	-2.892	1936	3.085	3.099
4.714	3.020e-04	-2.988	1900	3.149	2.879
4.714	3.964e-04	-3.091	1856	3.211	2.679
4.714	5.210e-04	-3.209	1794	3.270	2.504
4.714	6.796e-04	-3.315	1741	3.324	2.353
4.714	8.970e-04	-3.433	1679	3.378	2.211
4.714	1.174e-03	-3.534	1630	3.429	2.087
4.714	1.553e-03	-3.650	1570	3.479	1.969
4.714	2.026e-03	-3.769	1505	3.524	1.869
4.714	2.674e-03	-3.892	1438	3.569	1.775
4.714	3.500e-03	-4.014	1372	3.610	1.694
4.714	4.594e-03	-4.164	1286	3.647	1.622
4.714	6.038e-03	-4.327	1194	3.680	1.562
4.714	7.970e-03	-4.472	1117	3.710	1.509
4.714	1.050e-02	-4.618	1043	3.737	1.463
4.714	1.380e-02	-4.755	977	3.762	1.422
4.714	1.821e-02	-4.907	908	3.785	1.385
4.714	2.384e-02	-5.046	848	3.805	1.352
4.714	3.147e-02	-5.192	788	3.825	1.323
4.714	4.120e-02	-5.333	734	3.842	1.297
4.714	5.408e-02	-5.463	687	3.858	1.273
4.714	7.107e-02	-5.609	638	3.873	1.250
4.714	9.270e-02	-5.751	592	3.887	1.231
4.714	1.205e-01	-5.921	541	3.899	1.214
4.714	1.582e-01	-6.031	511	3.911	1.198
4.714	2.079e-01	-6.176	473	3.922	1.182
4.714	2.733e-01	-6.313	440	3.932	1.168
4.714	3.592e-01	-6.444	410	3.942	1.155
4.714	4.742e-01	-6.570	384	3.952	1.142
4.714	6.207e-01	-6.699	358	3.961	1.130
4.714	8.194e-01	-6.817	337	3.971	1.118
4.714	1.073e+00	-6.918	319	3.980	1.106
4.714	1.416e+00	-7.029	301	3.989	1.094
4.714	1.854e+00	-7.138	284	3.999	1.082
4.714	2.447e+00	-7.257	267	4.009	1.070
4.714	3.203e+00	-7.377	250	4.018	1.059
4.714	4.228e+00	-7.504	234	4.027	1.048
4.714	5.535e+00	-7.634	218	4.036	1.037
4.714	7.264e+00	-7.771	203	4.044	1.027
4.714	9.547e+00	-7.921	187	4.052	1.018
5.238	1.041e-04	-2.543	2065	2.895	4.067
5.238	1.368e-04	-2.631	2043	2.964	3.754
5.238	1.785e-04	-2.716	2023	3.031	3.475
5.238	2.343e-04	-2.815	1987	3.099	3.215
5.238	3.079e-04	-2.911	1953	3.165	2.978
5.238	4.048e-04	-3.007	1918	3.230	2.764
5.238	5.301e-04	-3.122	1860	3.292	2.576
5.238	6.940e-04	-3.234	1802	3.348	2.412
5.238	9.160e-04	-3.348	1743	3.404	2.262
5.238	1.199e-03	-3.453	1690	3.456	2.131
5.238	1.583e-03	-3.568	1630	3.508	2.008
5.238	2.072e-03	-3.683	1567	3.555	1.901
5.238	2.735e-03	-3.810	1496	3.601	1.803
5.238	3.581e-03	-3.929	1431	3.643	1.719
5.238	4.726e-03	-4.061	1357	3.683	1.641
5.238	6.251e-03	-4.230	1257	3.719	1.575
5.238	8.183e-03	-4.380	1173	3.749	1.521
5.238	1.080e-02	-4.526	1097	3.778	1.472
5.238	1.414e-02	-4.666	1026	3.803	1.430
5.238	1.856e-02	-4.808	959	3.826	1.391
5.238	2.439e-02	-4.952	893	3.848	1.357
5.238	3.181e-02	-5.091	834	3.868	1.327
5.238	4.200e-02	-5.238	775	3.886	1.299
5.238	5.498e-02	-5.375	723	3.903	1.274
5.238	7.216e-02	-5.515	673	3.918	1.252
5.238	9.483e-02	-5.662	624	3.933	1.231
5.238	1.247e-01	-5.822	573	3.946	1.212
5.238	1.649e-01	-5.949	536	3.958	1.195
5.238	2.181e-01	-6.102	494	3.970	1.179
5.238	2.866e-01	-6.238	460	3.981	1.165
5.238	3.783e-01	-6.375	428	3.991	1.151
5.238	4.944e-01	-6.504	399	4.000	1.139
5.238	6.500e-01	-6.635	372	4.010	1.127
5.238	8.543e-01	-6.763	347	4.018	1.115
5.238	1.128e+00	-6.867	329	4.028	1.104
5.238	1.476e+00	-6.971	312	4.037	1.092
5.238	1.949e+00	-7.082	294	4.046	1.080
5.238	2.551e+00	-7.195	277	4.055	1.069
5.238	3.367e+00	-7.316	260	4.065	1.057
5.238	4.408e+00	-7.437	243	4.074	1.047
5.238	5.819e+00	-7.568	227	4.083	1.036
5.238	7.617e+00	-7.700	211	4.091	1.026
5.238	9.998e+00	-7.843	195	4.099	1.016
6.285	1.003e-04	-2.394	2149	2.894	4.458
6.285	1.324e-04	-2.488	2123	2.967	4.102
6.285	1.734e-04	-2.576	2100	3.036	3.787
6.285	2.288e-04	-2.669	2074	3.107	3.489
6.285	2.991e-04	-2.761	2045	3.175	3.228
6.285	3.932e-04	-2.855	2014	3.242	2.986
6.285	5.168e-04	-2.954	1976	3.308	2.767
6.285	6.794e-04	-3.059	1930	3.373	2.570
6.285	8.930e-04	-3.175	1869	3.432	2.399
6.285	1.179e-03	-3.290	1809	3.490	2.245
6.285	1.540e-03	-3.399	1751	3.542	2.113
6.285	2.009e-03	-3.509	1691	3.593	1.995
6.285	2.652e-03	-3.629	1624	3.642	1.885
6.285	3.472e-03	-3.752	1552	3.687	1.790
6.285	4.557e-03	-3.869	1487	3.729	1.705
6.285	5.989e-03	-3.998	1413	3.769	1.628
6.285	7.874e-03	-4.160	1315	3.806	1.561
6.285	1.035e-02	-4.317	1223	3.837	1.505
6.285	1.361e-02	-4.459	1146	3.866	1.457
6.285	1.788e-02	-4.601	1071	3.892	1.413
6.285	2.333e-02	-4.739	1003	3.916	1.375
6.285	3.079e-02	-4.887	933	3.938	1.340
6.285	4.024e-02	-5.028	870	3.958	1.310
6.285	5.290e-02	-5.174	809	3.976	1.282
6.285	6.953e-02	-5.320	751	3.994	1.257
6.285	9.069e-02	-5.460	699	4.009	1.236
6.285	1.190e-01	-5.603	649	4.023	1.215
6.285	1.564e-01	-5.758	598	4.036	1.197
6.285	2.065e-01	-5.888	559	4.049	1.180
6.285	2.731e-01	-6.047	514	4.060	1.164
6.285	3.575e-01	-6.181	478	4.071	1.150
6.285	4.719e-01	-6.314	446	4.081	1.137
6.285	6.178e-01	-6.442	416	4.091	1.124
6.285	8.170e-01	-6.589	385	4.100	1.112
6.285	1.074e+00	-6.719	359	4.109	1.101
6.285	1.412e+00	-6.830	338	4.117	1.090
6.285	1.856e+00	-6.939	319	4.126	1.079
6.285	2.440e+00	-7.047	301	4.135	1.069
6.285	3.226e+00	-7.161	284	4.144	1.057
6.285	4.242e+00	-7.279	267	4.153	1.047
6.285	5.575e+00	-7.399	250	4.162	1.036
6.285	7.272e+00	-7.521	234	4.170	1.026
6.285	9.544e+00	-7.652	218	4.178	1.016
7.333	1.012e-04	-2.288	2209	2.902	4.771
7.333	1.330e-04	-2.375	2190	2.975	4.387
7.333	1.756e-04	-2.469	2165	3.049	4.031
7.333	2.298e-04	-2.558	2142	3.119	3.718
7.333	3.016e-04	-2.651	2114	3.189	3.429
7.333	3.950e-04	-2.745	2083	3.257	3.171
7.333	5.171e-04	-2.836	2053	3.324	2.937
7.333	6.787e-04	-2.934	2016	3.390	2.721
7.333	8.920e-04	-3.034	1975	3.454	2.527
7.333	1.177e-03	-3.152	1912	3.516	2.354
7.333	1.541e-03	-3.267	1849	3.572	2.206
7.333	2.035e-03	-3.381	1787	3.627	2.071
7.333	2.664e-03	-3.493	1725	3.678	1.954
7.333	3.496e-03	-3.610	1658	3.726	1.848
7.333	4.595e-03	-3.736	1582	3.771	1.754
7.333	6.065e-03	-3.860	1510	3.814	1.669
7.333	7.939e-03	-3.985	1438	3.854	1.595
7.333	1.048e-02	-4.150	1335	3.890	1.530
7.333	1.372e-02	-4.301	1246	3.921	1.476
7.333	1.801e-02	-4.443	1167	3.950	1.428
7.333	2.367e-02	-4.585	1092	3.976	1.386
7.333	3.112e-02	-4.730	1019	4.000	1.348
7.333	4.089e-02	-4.876	949	4.022	1.314
7.333	5.398e-02	-5.025	881	4.042	1.284
7.333	7.067e-02	-5.168	820	4.061	1.257
7.333	9.328e-02	-5.320	758	4.077	1.233
7.333	1.229e-01	-5.464	704	4.093	1.211
7.333	1.615e-01	-5.608	654	4.107	1.192
7.333	2.123e-01	-5.759	604	4.120	1.174
7.333	2.808e-01	-5.904	559	4.132	1.158
7.333	3.714e-01	-6.060	514	4.143	1.143
7.333	4.881e-01	-6.193	479	4.154	1.129
7.333	6.406e-01	-6.312	450	4.164	1.117
7.333	8.419e-01	-6.457	416	4.173	1.104
7.333	1.111e+00	-6.614	382	4.182	1.093
7.333	1.464e+00	-6.733	359	4.190	1.083
7.333	1.924e+00	-6.848	337	4.199	1.072
7.333	2.540e+00	-6.960	318	4.207	1.062
7.333	3.346e+00	-7.066	301	4.216	1.052
7.333	4.397e+00	-7.178	283	4.224	1.041
7.333	5.781e+00	-7.295	266	4.233	1.031
7.333	7.598e+00	-7.416	249	4.241	1.021
7.333	9.990e+00	-7.541	233	4.250	1.011
8.381	1.000e-04	-2.192	2260	2.904	5.088
8.381	1.320e-04	-2.281	2241	2.979	4.670
8.381	1.728e-04	-2.366	2224	3.051	4.297
8.381	2.268e-04	-2.457	2201	3.124	3.952
8.381	2.981e-04	-2.547	2178	3.195	3.639
8.381	3.920e-04	-2.644	2147	3.266	3.354
8.381	5.152e-04	-2.737	2116	3.335	3.099
8.381	6.774e-04	-2.832	2084	3.403	2.867
8.381	8.902e-04	-2.929	2046	3.469	2.656
8.381	1.175e-03	-3.031	2004	3.534	2.464
8.381	1.548e-03	-3.148	1940	3.595	2.296
8.381	2.034e-03	-3.265	1875	3.652	2.150
8.381	2.675e-03	-3.377	1813	3.706	2.021
8.381	3.503e-03	-3.491	1748	3.757	1.907
8.381	4.585e-03	-3.610	1678	3.804	1.805
8.381	6.018e-03	-3.737	1600	3.849	1.714
8.381	7.910e-03	-3.859	1528	3.891	1.634
8.381	1.032e-02	-3.983	1455	3.930	1.563
8.381	1.362e-02	-4.147	1351	3.966	1.499
8.381	1.783e-02	-4.294	1264	3.997	1.447
8.381	2.353e-02	-4.442	1181	4.026	1.399
8.381	3.081e-02	-4.580	1107	4.051	1.358
8.381	4.067e-02	-4.732	1028	4.076	1.321
8.381	5.324e-02	-4.874	959	4.097	1.289
8.381	6.932e-02	-5.016	893	4.116	1.261
8.381	9.150e-02	-5.170	827	4.135	1.234
8.381	1.198e-01	-5.311	769	4.151	1.211
8.381	1.584e-01	-5.459	713	4.166	1.190
8.381	2.083e-01	-5.606	660	4.180	1.171
8.381	2.737e-01	-5.752	611	4.193	1.154
8.381	3.613e-01	-5.916	560	4.205	1.138
8.381	4.760e-01	-6.061	519	4.216	1.124
8.381	6.255e-01	-6.184	486	4.226	1.111
8.381	8.225e-01	-6.310	455	4.236	1.098
8.381	1.088e+00	-6.474	416	4.245	1.086
8.381	1.430e+00	-6.617	385	4.254	1.076
8.381	1.887e+00	-6.742	360	4.262	1.066
8.381	2.470e+00	-6.853	339	4.270	1.056
8.381	3.267e+00	-6.964	320	4.278	1.046
8.381	4.312e+00	-7.074	302	4.286	1.036
8.381	5.645e+00	-7.183	284	4.295	1.026
8.381	7.452e+00	-7.300	267	4.303	1.017
8.381	9.755e+00	-7.419	251	4.311	1.007
9.428	1.024e-04	-2.124	2298	2.916	5.324
9.428	1.352e-04	-2.209	2284	2.991	4.883
9.428	1.770e-04	-2.294	2267	3.063	4.493
9.428	2.336e-04	-2.383	2250	3.138	4.123
9.428	3.058e-04	-2.472	2227	3.210	3.796
9.428	4.036e-04	-2.566	2200	3.282	3.492
9.428	5.275e-04	-2.659	2169	3.351	3.227
9.428	6.935e-04	-2.753	2137	3.419	2.982
9.428	9.115e-04	-2.848	2103	3.486	2.761
9.428	1.189e-03	-2.943	2066	3.550	2.565
9.428	1.548e-03	-3.042	2022	3.612	2.389
9.428	2.043e-03	-3.160	1957	3.673	2.226
9.428	2.675e-03	-3.275	1891	3.729	2.088
9.428	3.511e-03	-3.387	1828	3.782	1.964
9.428	4.614e-03	-3.507	1757	3.833	1.853
9.428	6.091e-03	-3.629	1684	3.881	1.753
9.428	8.023e-03	-3.760	1603	3.926	1.665
9.428	1.055e-02	-3.878	1533	3.967	1.588
9.428	1.386e-02	-4.018	1446	4.006	1.518
9.428	1.822e-02	-4.176	1347	4.040	1.460
9.428	2.405e-02	-4.321	1261	4.071	1.409
9.428	3.181e-02	-4.471	1176	4.099	1.363
9.428	4.164e-02	-4.610	1101	4.124	1.325
9.428	5.507e-02	-4.761	1024	4.148	1.289
9.428	7.241e-02	-4.906	953	4.169	1.259
9.428	9.516e-02	-5.051	886	4.188	1.231
9.428	1.251e-01	-5.207	818	4.205	1.207
9.428	1.644e-01	-5.344	763	4.221	1.185
9.428	2.175e-01	-5.495	706	4.236	1.165
9.428	2.859e-01	-5.643	653	4.250	1.147
9.428	3.758e-01	-5.794	603	4.262	1.131
9.428	4.961e-01	-5.959	552	4.273	1.116
9.428	6.494e-01	-6.090	515	4.283	1.103
9.428	8.523e-01	-6.207	484	4.293	1.090
9.428	1.127e+00	-6.368	444	4.303	1.078
9.428	1.481e+00	-6.516	409	4.312	1.067
9.428	1.948e+00	-6.650	381	4.320	1.057
9.428	2.576e+00	-6.774	356	4.328	1.047
9.428	3.386e+00	-6.893	334	4.336	1.038
9.428	4.451e+00	-7.003	315	4.344	1.028
9.428	5.829e+00	-7.111	298	4.352	1.019
9.428	7.631e+00	-7.221	281	4.360	1.009
9.428	1.000e+01	-7.336	264	4.368	1.000
10.476	1.017e-04	-2.058	2332	2.921	5.577
10.476	1.327e-04	-2.137	2320	2.992	5.142
10.476	1.751e-04	-2.222	2308	3.067	4.717
10.476	2.289e-04	-2.306	2291	3.139	4.343
10.476	3.009e-04	-2.393	2273	3.212	3.991
10.476	3.955e-04	-2.484	2249	3.284	3.672
10.476	5.191e-04	-2.576	2222	3.355	3.386
10.476	6.797e-04	-2.669	2190	3.424	3.129
10.476	8.883e-04	-2.762	2158	3.490	2.897
10.476	1.168e-03	-2.857	2123	3.557	2.682
10.476	1.535e-03	-2.953	2085	3.623	2.488
10.476	2.002e-03	-3.057	2036	3.685	2.317
10.476	2.643e-03	-3.175	1969	3.745	2.161
10.476	3.454e-03	-3.290	1903	3.800	2.028
10.476	4.541e-03	-3.401	1840	3.853	1.908
10.476	5.946e-03	-3.524	1764	3.902	1.803
10.476	7.771e-03	-3.643	1691	3.948	1.711
10.476	1.022e-02	-3.771	1610	3.991	1.628
10.476	1.338e-02	-3.883	1545	4.031	1.554
10.476	1.751e-02	-4.025	1454	4.068	1.489
10.476	2.299e-02	-4.172	1362	4.101	1.434
10.476	3.021e-02	-4.311	1279	4.131	1.386
10.476	3.988e-02	-4.452	1197	4.157	1.344
10.476	5.221e-02	-4.584	1125	4.181	1.308
10.476	6.891e-02	-4.724	1051	4.204	1.275
10.476	9.021e-02	-4.859	984	4.223	1.246
10.476	1.191e-01	-4.999	918	4.242	1.219
10.476	1.556e-01	-5.150	849	4.259	1.196
10.476	2.046e-01	-5.278	796	4.274	1.175
10.476	2.706e-01	-5.428	736	4.289	1.155
10.476	3.556e-01	-5.575	682	4.303	1.137
10.476	4.676e-01	-5.725	630	4.316	1.120
10.476	6.145e-01	-5.887	578	4.327	1.106
10.476	8.127e-01	-6.031	535	4.338	1.092
10.476	1.060e+00	-6.156	501	4.348	1.079
10.476	1.399e+00	-6.321	458	4.358	1.067
10.476	1.851e+00	-6.469	423	4.368	1.055
10.476	2.438e+00	-6.619	390	4.377	1.044
10.476	3.224e+00	-6.755	363	4.385	1.034
10.476	4.237e+00	-6.888	338	4.394	1.024
10.476	5.571e+00	-7.005	317	4.402	1.014
10.476	7.322e+00	-7.116	299	4.410	1.005
10.476	9.664e+00	-7.231	281	4.418	0.996
11.523	1.024e-04	-1.995	2363	2.923	5.840
11.523	1.349e-04	-2.079	2351	2.997	5.360
11.523	1.773e-04	-2.160	2341	3.071	4.922
11.523	2.331e-04	-2.245	2327	3.146	4.517
11.523	3.064e-04	-2.331	2310	3.220	4.150
11.523	3.996e-04	-2.418	2289	3.291	3.822
11.523	5.245e-04	-2.508	2265	3.363	3.520
11.523	6.869e-04	-2.601	2235	3.433	3.247
11.523	8.992e-04	-2.694	2204	3.501	3.001
11.523	1.187e-03	-2.792	2168	3.570	2.772
11.523	1.554e-03	-2.886	2132	3.636	2.571
11.523	2.051e-03	-2.982	2096	3.702	2.382
11.523	2.680e-03	-3.095	2034	3.763	2.220
11.523	3.524e-03	-3.214	1965	3.821	2.076
11.523	4.632e-03	-3.327	1900	3.876	1.949
11.523	6.041e-03	-3.439	1833	3.926	1.840
11.523	7.974e-03	-3.561	1757	3.975	1.739
11.523	1.042e-02	-3.681	1681	4.018	1.655
11.523	1.370e-02	-3.799	1608	4.058	1.580
11.523	1.801e-02	-3.908	1543	4.095	1.515
11.523	2.368e-02	-4.037	1459	4.127	1.460
11.523	3.112e-02	-4.156	1384	4.154	1.415
11.523	4.091e-02	-4.265	1318	4.178	1.377
11.523	5.377e-02	-4.373	1253	4.198	1.345
11.523	7.014e-02	-4.464	1201	4.216	1.318
11.523	9.258e-02	-4.560	1148	4.233	1.292
11.523	1.220e-01	-4.659	1094	4.249	1.268
11.523	1.597e-01	-4.757	1043	4.265	1.246
11.523	2.104e-01	-4.867	988	4.280	1.224
11.523	2.765e-01	-4.987	931	4.296	1.202
11.523	3.656e-01	-5.130	865	4.312	1.180
11.523	4.827e-01	-5.274	804	4.329	1.157
11.523	6.383e-01	-5.443	736	4.345	1.135
11.523	8.356e-01	-5.617	672	4.361	1.115
11.523	1.105e+00	-5.811	606	4.376	1.096
11.523	1.453e+00	-5.990	551	4.389	1.080
11.523	1.910e+00	-6.160	504	4.402	1.064
11.523	2.521e+00	-6.356	453	4.414	1.050
11.523	3.300e+00	-6.526	413	4.425	1.036
11.523	4.356e+00	-6.700	376	4.435	1.024
11.523	5.738e+00	-6.867	344	4.445	1.012
11.523	7.541e+00	-7.005	319	4.454	1.002
11.523	9.836e+00	-7.125	299	4.463	0.992
12.047	1.023e-04	-1.967	2375	2.924	5.965
12.047	1.344e-04	-2.049	2365	2.998	5.479
12.047	1.774e-04	-2.133	2353	3.073	5.025
12.047	2.322e-04	-2.213	2344	3.146	4.617
12.047	3.065e-04	-2.301	2327	3.221	4.234
12.047	4.006e-04	-2.387	2308	3.294	3.897
12.047	5.225e-04	-2.476	2284	3.364	3.593
12.047	6.897e-04	-2.569	2257	3.437	3.305
12.047	9.013e-04	-2.662	2225	3.505	3.055
12.047	1.185e-03	-2.758	2191	3.574	2.823
12.047	1.557e-03	-2.853	2155	3.641	2.613
12.047	2.031e-03	-2.946	2120	3.704	2.428
12.047	2.666e-03	-3.053	2068	3.768	2.257
12.047	3.504e-03	-3.171	1999	3.828	2.107
12.047	4.607e-03	-3.285	1933	3.883	1.976
12.047	6.033e-03	-3.395	1870	3.935	1.862
12.047	7.898e-03	-3.515	1793	3.983	1.762
12.047	1.037e-02	-3.628	1723	4.027	1.676
12.047	1.362e-02	-3.743	1650	4.066	1.602
12.047	1.791e-02	-3.841	1590	4.100	1.540
12.047	2.346e-02	-3.939	1529	4.129	1.489
12.047	3.071e-02	-4.037	1465	4.153	1.448
12.047	4.031e-02	-4.120	1412	4.173	1.416
12.047	5.297e-02	-4.193	1367	4.190	1.388
12.047	6.992e-02	-4.269	1321	4.206	1.364
12.047	9.211e-02	-4.348	1273	4.220	1.341
12.047	1.211e-01	-4.427	1227	4.236	1.317
12.047	1.601e-01	-4.530	1169	4.255	1.289
12.047	2.113e-01	-4.663	1097	4.276	1.257
12.047	2.784e-01	-4.821	1015	4.300	1.223
12.047	3.682e-01	-5.010	923	4.325	1.189
12.047	4.869e-01	-5.213	833	4.348	1.157
12.047	6.439e-01	-5.431	744	4.370	1.128
12.047	8.463e-01	-5.640	667	4.388	1.105
12.047	1.113e+00	-5.848	597	4.404	1.085
12.047	1.462e+00	-6.032	541	4.418	1.068
12.047	1.923e+00	-6.226	487	4.430	1.053
12.047	2.527e+00	-6.384	448	4.441	1.040
12.047	3.336e+00	-6.561	407	4.452	1.027
12.047	4.394e+00	-6.718	374	4.461	1.016
12.047	5.775e+00	-6.873	344	4.470	1.005
12.047	7.593e+00	-7.001	321	4.479	0.996
12.047	9.979e+00	-7.117	301	4.487	0.986
12.571	1.027e-04	-1.945	2383	2.926	6.080
12.571	1.348e-04	-2.022	2379	2.999	5.585
12.571	1.771e-04	-2.107	2364	3.073	5.129
12.571	2.329e-04	-2.185	2359	3.148	4.707
12.571	3.049e-04	-2.270	2343	3.221	4.325
12.571	3.992e-04	-2.356	2326	3.294	3.978
12.571	5.239e-04	-2.447	2302	3.367	3.658
12.571	6.886e-04	-2.537	2278	3.439	3.368
12.571	8.982e-04	-2.630	2246	3.507	3.112
12.571	1.186e-03	-2.726	2212	3.577	2.871
12.571	1.552e-03	-2.821	2177	3.644	2.660
12.571	2.037e-03	-2.915	2141	3.710	2.466
12.571	2.677e-03	-3.015	2098	3.774	2.289
12.571	3.492e-03	-3.130	2032	3.833	2.138
12.571	4.609e-03	-3.247	1963	3.891	2.001
12.571	6.034e-03	-3.356	1900	3.943	1.885
12.571	7.965e-03	-3.474	1827	3.992	1.781
12.571	1.043e-02	-3.577	1763	4.035	1.696
12.571	1.376e-02	-3.685	1694	4.072	1.625
12.571	1.802e-02	-3.772	1638	4.102	1.570
12.571	2.378e-02	-3.844	1595	4.126	1.526
12.571	3.133e-02	-3.908	1555	4.146	1.491
12.571	4.118e-02	-3.971	1513	4.162	1.464
12.571	5.371e-02	-4.028	1476	4.177	1.440
12.571	7.049e-02	-4.094	1435	4.193	1.414
12.571	9.265e-02	-4.178	1382	4.212	1.382
12.571	1.233e-01	-4.313	1299	4.239	1.341
12.571	1.638e-01	-4.472	1206	4.270	1.294
12.571	2.171e-01	-4.682	1091	4.305	1.243
12.571	2.871e-01	-4.911	975	4.338	1.197
12.571	3.796e-01	-5.147	864	4.366	1.158
12.571	5.021e-01	-5.376	768	4.389	1.127
12.571	6.614e-01	-5.585	688	4.408	1.103
12.571	8.692e-01	-5.785	619	4.424	1.083
12.571	1.134e+00	-5.961	564	4.437	1.067
12.571	1.488e+00	-6.126	516	4.449	1.052
12.571	1.956e+00	-6.304	469	4.460	1.040
12.571	2.587e+00	-6.435	437	4.470	1.028
12.571	3.421e+00	-6.608	398	4.479	1.017
12.571	4.524e+00	-6.756	367	4.488	1.007
12.571	5.948e+00	-6.893	341	4.496	0.998
12.571	7.817e+00	-7.010	320	4.503	0.989
12.571	1.000e+01	-7.108	304	4.510	0.981
13.095	1.020e-04	-1.921	2391	2.925	6.211
13.095	1.344e-04	-1.995	2393	3.000	5.699
13.095	1.778e-04	-2.083	2375	3.075	5.223
13.095	2.336e-04	-2.160	2372	3.149	4.796
13.095	3.047e-04	-2.242	2358	3.222	4.410
13.095	4.023e-04	-2.330	2342	3.297	4.045
13.095	5.266e-04	-2.419	2319	3.370	3.721
13.095	6.911e-04	-2.509	2295	3.442	3.425
13.095	9.084e-04	-2.603	2265	3.513	3.156
13.095	1.199e-03	-2.699	2232	3.583	2.910
13.095	1.567e-03	-2.794	2196	3.650	2.695
13.095	2.060e-03	-2.889	2160	3.717	2.497
13.095	2.708e-03	-2.983	2125	3.782	2.316
13.095	3.532e-03	-3.098	2059	3.842	2.161
13.095	4.662e-03	-3.215	1990	3.900	2.021
13.095	6.103e-03	-3.322	1928	3.952	1.904
13.095	8.010e-03	-3.429	1863	3.999	1.802
13.095	1.053e-02	-3.530	1800	4.040	1.720
13.095	1.382e-02	-3.615	1746	4.073	1.656
13.095	1.816e-02	-3.688	1698	4.098	1.609
13.095	2.369e-02	-3.742	1664	4.116	1.576
13.095	3.109e-02	-3.786	1637	4.131	1.549
13.095	4.086e-02	-3.830	1609	4.146	1.522
13.095	5.329e-02	-3.887	1573	4.164	1.491
13.095	6.939e-02	-3.973	1518	4.187	1.452
13.095	9.160e-02	-4.102	1435	4.219	1.399
13.095	1.217e-01	-4.305	1309	4.262	1.333
13.095	1.609e-01	-4.538	1174	4.306	1.267
13.095	2.115e-01	-4.784	1041	4.344	1.212
13.095	2.780e-01	-5.024	924	4.375	1.169
13.095	3.654e-01	-5.241	827	4.400	1.137
13.095	4.824e-01	-5.447	743	4.420	1.111
13.095	6.315e-01	-5.632	674	4.436	1.090
13.095	8.288e-01	-5.812	612	4.450	1.073
13.095	1.089e+00	-5.977	561	4.462	1.058
13.095	1.432e+00	-6.136	515	4.473	1.045
13.095	1.882e+00	-6.298	472	4.483	1.033
13.095	2.489e+00	-6.415	443	4.492	1.022
13.095	3.292e+00	-6.584	404	4.501	1.012
13.095	4.354e+00	-6.725	375	4.509	1.002
13.095	5.679e+00	-6.856	349	4.517	0.994
13.095	7.496e+00	-6.977	327	4.524	0.985
13.095	9.874e+00	-7.084	309	4.532	0.977
13.618	1.041e-04	-1.905	2398	2.931	6.290
13.618	1.368e-04	-1.976	2402	3.005	5.776
13.618	1.798e-04	-2.062	2385	3.079	5.304
13.618	2.374e-04	-2.141	2380	3.154	4.865
13.618	3.102e-04	-2.220	2372	3.228	4.470
13.618	4.078e-04	-2.307	2356	3.302	4.102
13.618	5.360e-04	-2.397	2335	3.376	3.768
13.618	7.047e-04	-2.488	2310	3.449	3.465
13.618	9.229e-04	-2.579	2282	3.519	3.194
13.618	1.206e-03	-2.672	2250	3.588	2.953
13.618	1.586e-03	-2.768	2215	3.656	2.729
13.618	2.084e-03	-2.863	2179	3.723	2.526
13.618	2.740e-03	-2.958	2143	3.789	2.343
13.618	3.601e-03	-3.070	2083	3.851	2.180
13.618	4.754e-03	-3.186	2015	3.910	2.038
13.618	6.223e-03	-3.291	1955	3.961	1.921
13.618	8.214e-03	-3.389	1897	4.008	1.821
13.618	1.073e-02	-3.479	1839	4.043	1.748
13.618	1.400e-02	-3.543	1799	4.070	1.695
13.618	1.848e-02	-3.595	1766	4.090	1.656
13.618	2.415e-02	-3.637	1738	4.105	1.629
13.618	3.176e-02	-3.679	1711	4.119	1.602
13.618	4.174e-02	-3.733	1676	4.137	1.569
13.618	5.509e-02	-3.812	1627	4.164	1.521
13.618	7.286e-02	-3.950	1538	4.205	1.451
13.618	9.677e-02	-4.168	1400	4.259	1.363
13.618	1.282e-01	-4.444	1232	4.313	1.282
13.618	1.689e-01	-4.697	1091	4.355	1.221
13.618	2.220e-01	-4.921	977	4.386	1.177
13.618	2.919e-01	-5.126	880	4.411	1.144
13.618	3.837e-01	-5.323	795	4.431	1.118
13.618	5.044e-01	-5.502	724	4.448	1.097
13.618	6.630e-01	-5.673	662	4.462	1.079
13.618	8.717e-01	-5.839	606	4.475	1.063
13.618	1.146e+00	-5.995	558	4.486	1.050
13.618	1.494e+00	-6.155	511	4.496	1.037
13.618	1.961e+00	-6.294	474	4.505	1.027
13.618	2.594e+00	-6.418	444	4.515	1.016
13.618	3.409e+00	-6.574	408	4.523	1.006
13.618	4.447e+00	-6.705	380	4.531	0.997
13.618	5.881e+00	-6.843	353	4.539	0.988
13.618	7.762e+00	-6.967	330	4.546	0.980
13.618	1.000e+01	-7.065	313	4.553	0.972
14.142	1.031e-04	-1.880	2408	2.929	6.423
14.142	1.355e-04	-1.954	2407	3.003	5.902
14.142	1.768e-04	-2.034	2396	3.075	5.433
14.142	2.333e-04	-2.115	2388	3.150	4.983
14.142	3.054e-04	-2.189	2388	3.223	4.577
14.142	4.009e-04	-2.275	2371	3.298	4.200
14.142	5.269e-04	-2.363	2353	3.372	3.855
14.142	6.927e-04	-2.455	2328	3.446	3.543
14.142	9.104e-04	-2.546	2303	3.518	3.261
14.142	1.197e-03	-2.642	2270	3.589	3.006
14.142	1.573e-03	-2.737	2236	3.658	2.777
14.142	2.068e-03	-2.833	2200	3.725	2.569
14.142	2.719e-03	-2.927	2163	3.791	2.382
14.142	3.574e-03	-3.032	2113	3.854	2.214
14.142	4.698e-03	-3.145	2048	3.913	2.070
14.142	6.201e-03	-3.250	1986	3.965	1.949
14.142	8.118e-03	-3.338	1935	4.007	1.857
14.142	1.072e-02	-3.413	1888	4.041	1.787
14.142	1.411e-02	-3.469	1852	4.063	1.742
14.142	1.848e-02	-3.506	1829	4.078	1.711
14.142	2.415e-02	-3.539	1809	4.092	1.684
14.142	3.176e-02	-3.584	1781	4.110	1.650
14.142	4.159e-02	-3.657	1732	4.134	1.604
14.142	5.478e-02	-3.774	1657	4.174	1.532
14.142	7.245e-02	-3.980	1524	4.235	1.428
14.142	9.601e-02	-4.262	1345	4.300	1.325
14.142	1.257e-01	-4.511	1198	4.347	1.255
14.142	1.650e-01	-4.730	1077	4.382	1.205
14.142	2.168e-01	-4.928	977	4.410	1.168
14.142	2.828e-01	-5.111	890	4.432	1.139
14.142	3.733e-01	-5.300	807	4.451	1.114
14.142	4.917e-01	-5.471	739	4.467	1.093
14.142	6.463e-01	-5.635	677	4.482	1.075
14.142	8.497e-01	-5.797	622	4.494	1.060
14.142	1.117e+00	-5.953	572	4.505	1.046
14.142	1.457e+00	-6.099	529	4.516	1.034
14.142	1.926e+00	-6.259	485	4.525	1.023
14.142	2.548e+00	-6.368	458	4.534	1.012
14.142	3.363e+00	-6.536	418	4.543	1.002
14.142	4.395e+00	-6.666	389	4.551	0.993
14.142	5.778e+00	-6.803	361	4.558	0.985
14.142	7.594e+00	-6.932	337	4.565	0.976
14.142	1.000e+01	-7.040	318	4.573	0.968
14.666	1.016e-04	-1.854	2418	2.926	6.561
14.666	1.330e-04	-1.930	2412	2.998	6.042
14.666	1.756e-04	-2.009	2406	3.073	5.542
14.666	2.299e-04	-2.090	2395	3.146	5.097
14.666	3.018e-04	-2.161	2398	3.220	4.680
14.666	3.952e-04	-2.245	2387	3.295	4.294
14.666	5.173e-04	-2.331	2369	3.368	3.945
14.666	6.789e-04	-2.422	2345	3.442	3.625
14.666	8.923e-04	-2.513	2321	3.514	3.334
14.666	1.164e-03	-2.605	2291	3.584	3.078
14.666	1.528e-03	-2.699	2259	3.653	2.843
14.666	2.008e-03	-2.795	2222	3.721	2.629
14.666	2.619e-03	-2.887	2187	3.785	2.441
14.666	3.437e-03	-2.981	2150	3.849	2.267
14.666	4.517e-03	-3.093	2085	3.909	2.117
14.666	5.963e-03	-3.197	2025	3.961	1.994
14.666	7.806e-03	-3.279	1977	4.002	1.903
14.666	1.030e-02	-3.341	1940	4.031	1.839
14.666	1.347e-02	-3.382	1916	4.050	1.799
14.666	1.756e-02	-3.416	1894	4.064	1.771
14.666	2.318e-02	-3.453	1870	4.079	1.741
14.666	3.054e-02	-3.505	1837	4.100	1.698
14.666	4.014e-02	-3.593	1781	4.135	1.632
14.666	5.308e-02	-3.764	1669	4.193	1.527
14.666	7.007e-02	-4.023	1502	4.268	1.400
14.666	9.230e-02	-4.292	1332	4.328	1.307
14.666	1.213e-01	-4.514	1200	4.370	1.246
14.666	1.582e-01	-4.708	1093	4.401	1.201
14.666	2.089e-01	-4.897	995	4.428	1.165
14.666	2.734e-01	-5.074	910	4.449	1.136
14.666	3.609e-01	-5.258	828	4.468	1.112
14.666	4.725e-01	-5.421	761	4.484	1.091
14.666	6.237e-01	-5.585	698	4.499	1.073
14.666	8.164e-01	-5.742	642	4.512	1.058
14.666	1.072e+00	-5.897	591	4.523	1.044
14.666	1.403e+00	-6.045	546	4.533	1.032
14.666	1.848e+00	-6.208	500	4.543	1.020
14.666	2.445e+00	-6.325	470	4.552	1.010
14.666	3.233e+00	-6.487	430	4.561	0.999
14.666	4.276e+00	-6.620	400	4.569	0.990
14.666	5.619e+00	-6.755	372	4.577	0.981
14.666	7.330e+00	-6.891	346	4.584	0.973
14.666	9.675e+00	-7.003	325	4.591	0.965
15.190	1.011e-04	-1.831	2427	2.926	6.684
15.190	1.318e-04	-1.908	2417	2.996	6.164
15.190	1.740e-04	-1.986	2413	3.071	5.656
15.190	2.278e-04	-2.066	2403	3.143	5.203
15.190	3.007e-04	-2.141	2403	3.219	4.770
15.190	3.929e-04	-2.218	2400	3.293	4.379
15.190	5.166e-04	-2.306	2383	3.368	4.014
15.190	6.790e-04	-2.397	2361	3.443	3.684
15.190	8.927e-04	-2.488	2336	3.516	3.387
15.190	1.169e-03	-2.580	2308	3.587	3.122
15.190	1.530e-03	-2.673	2276	3.656	2.883
15.190	2.020e-03	-2.771	2240	3.725	2.661
15.190	2.645e-03	-2.864	2204	3.791	2.468
15.190	3.471e-03	-2.957	2168	3.855	2.293
15.190	4.562e-03	-3.062	2111	3.914	2.142
15.190	6.022e-03	-3.160	2054	3.964	2.022
15.190	7.883e-03	-3.231	2012	4.000	1.940
15.190	1.041e-02	-3.281	1983	4.024	1.886
15.190	1.360e-02	-3.313	1964	4.040	1.853
15.190	1.788e-02	-3.343	1947	4.054	1.823
15.190	2.350e-02	-3.383	1922	4.072	1.785
15.190	3.107e-02	-3.457	1874	4.102	1.724
15.190	4.053e-02	-3.581	1796	4.152	1.628
15.190	5.350e-02	-3.820	1639	4.233	1.484
15.190	6.992e-02	-4.073	1475	4.303	1.369
15.190	9.120e-02	-4.303	1330	4.352	1.294
15.190	1.204e-01	-4.511	1206	4.390	1.238
15.190	1.576e-01	-4.695	1104	4.420	1.196
15.190	2.080e-01	-4.875	1010	4.446	1.161
15.190	2.718e-01	-5.046	927	4.467	1.133
15.190	3.574e-01	-5.225	845	4.486	1.109
15.190	4.697e-01	-5.388	776	4.502	1.088
15.190	6.201e-01	-5.550	713	4.517	1.070
15.190	8.103e-01	-5.704	658	4.530	1.054
15.190	1.057e+00	-5.856	606	4.541	1.041
15.190	1.395e+00	-6.008	559	4.552	1.028
15.190	1.826e+00	-6.171	512	4.561	1.017
15.190	2.397e+00	-6.289	481	4.570	1.006
15.190	3.139e+00	-6.440	443	4.579	0.996
15.190	4.109e+00	-6.569	413	4.587	0.987
15.190	5.424e+00	-6.704	384	4.595	0.978
15.190	7.089e+00	-6.846	355	4.602	0.970
15.190	9.357e+00	-6.966	333	4.609	0.962
15.713	1.024e-04	-1.816	2433	2.930	6.765
15.713	1.343e-04	-1.895	2424	3.001	6.229
15.713	1.766e-04	-1.972	2417	3.075	5.726
15.713	2.321e-04	-2.052	2409	3.148	5.261
15.713	3.051e-04	-2.127	2408	3.222	4.830
15.713	4.011e-04	-2.201	2411	3.298	4.426
15.713	5.272e-04	-2.288	2395	3.374	4.055
15.713	6.932e-04	-2.378	2374	3.449	3.720
15.713	9.077e-04	-2.469	2349	3.522	3.422
15.713	1.188e-03	-2.560	2323	3.593	3.153
15.713	1.560e-03	-2.655	2290	3.663	2.909
15.713	2.042e-03	-2.749	2256	3.731	2.690
15.713	2.674e-03	-2.842	2221	3.797	2.494
15.713	3.529e-03	-2.936	2184	3.861	2.314
15.713	4.620e-03	-3.032	2136	3.919	2.167
15.713	6.110e-03	-3.121	2084	3.966	2.052
15.713	8.034e-03	-3.184	2047	3.997	1.980
15.713	1.052e-02	-3.221	2026	4.016	1.937
15.713	1.377e-02	-3.249	2010	4.030	1.907
15.713	1.808e-02	-3.280	1991	4.045	1.873
15.713	2.376e-02	-3.330	1962	4.069	1.823
15.713	3.118e-02	-3.424	1903	4.110	1.738
15.713	4.098e-02	-3.616	1779	4.185	1.594
15.713	5.409e-02	-3.878	1608	4.271	1.444
15.713	7.126e-02	-4.108	1458	4.332	1.347
15.713	9.331e-02	-4.320	1324	4.376	1.280
15.713	1.222e-01	-4.510	1211	4.411	1.230
15.713	1.603e-01	-4.687	1112	4.440	1.189
15.713	2.107e-01	-4.859	1021	4.465	1.156
15.713	2.748e-01	-5.024	940	4.486	1.128
15.713	3.628e-01	-5.203	857	4.505	1.104
15.713	4.779e-01	-5.366	788	4.521	1.083
15.713	6.281e-01	-5.526	725	4.535	1.065
15.713	8.244e-01	-5.681	668	4.548	1.050
15.713	1.083e+00	-5.836	615	4.560	1.036
15.713	1.425e+00	-5.987	567	4.571	1.023
15.713	1.872e+00	-6.151	519	4.580	1.012
15.713	2.476e+00	-6.275	486	4.589	1.001
15.713	3.275e+00	-6.431	446	4.598	0.991
15.713	4.331e+00	-6.564	415	4.606	0.982
15.713	5.716e+00	-6.698	386	4.614	0.973
15.713	7.483e+00	-6.848	356	4.621	0.965
15.713	9.897e+00	-6.965	334	4.628	0.957
16.237	1.050e-04	-1.806	2439	2.937	6.817
16.237	1.380e-04	-1.885	2429	3.009	6.276
16.237	1.814e-04	-1.963	2421	3.082	5.772
16.237	2.384e-04	-2.041	2415	3.155	5.304
16.237	3.135e-04	-2.116	2413	3.230	4.870
16.237	4.120e-04	-2.187	2420	3.305	4.463
16.237	5.374e-04	-2.271	2407	3.380	4.097
16.237	7.093e-04	-2.362	2386	3.456	3.752
16.237	9.270e-04	-2.453	2362	3.529	3.452
16.237	1.209e-03	-2.541	2337	3.599	3.183
16.237	1.587e-03	-2.636	2304	3.670	2.935
16.237	2.086e-03	-2.731	2271	3.739	2.710
16.237	2.720e-03	-2.823	2236	3.803	2.515
16.237	3.591e-03	-2.915	2200	3.868	2.336
16.237	4.701e-03	-3.002	2161	3.923	2.192
16.237	6.217e-03	-3.083	2113	3.966	2.086
16.237	8.174e-03	-3.133	2084	3.992	2.025
16.237	1.070e-02	-3.164	2066	4.007	1.989
16.237	1.399e-02	-3.190	2051	4.021	1.958
16.237	1.819e-02	-3.225	2030	4.039	1.919
16.237	2.372e-02	-3.286	1994	4.068	1.854
16.237	3.131e-02	-3.417	1914	4.128	1.732
16.237	4.099e-02	-3.661	1755	4.221	1.555
16.237	5.337e-02	-3.885	1609	4.294	1.430
16.237	7.045e-02	-4.100	1468	4.350	1.340
16.237	9.222e-02	-4.300	1341	4.392	1.277
16.237	1.210e-01	-4.485	1229	4.427	1.227
16.237	1.591e-01	-4.659	1131	4.455	1.187
16.237	2.075e-01	-4.822	1044	4.480	1.155
16.237	2.739e-01	-4.991	959	4.502	1.126
16.237	3.586e-01	-5.161	879	4.520	1.102
16.237	4.733e-01	-5.327	807	4.537	1.081
16.237	6.259e-01	-5.492	740	4.552	1.062
16.237	8.194e-01	-5.644	683	4.565	1.047
16.237	1.075e+00	-5.799	629	4.577	1.033
16.237	1.413e+00	-5.950	580	4.588	1.020
16.237	1.844e+00	-6.110	532	4.597	1.009
16.237	2.434e+00	-6.240	496	4.606	0.998
16.237	3.218e+00	-6.385	459	4.615	0.988
16.237	4.213e+00	-6.521	426	4.623	0.979
16.237	5.530e+00	-6.650	398	4.631	0.970
16.237	7.268e+00	-6.795	367	4.638	0.962
16.237	9.594e+00	-6.930	341	4.645	0.954
16.761	1.044e-04	-1.787	2445	2.937	6.931
16.761	1.372e-04	-1.865	2435	3.008	6.382
16.761	1.804e-04	-1.945	2426	3.081	5.873
16.761	2.363e-04	-2.020	2421	3.153	5.404
16.761	3.093e-04	-2.095	2418	3.226	4.971
16.761	4.060e-04	-2.164	2427	3.301	4.560
16.761	5.336e-04	-2.245	2421	3.378	4.173
16.761	7.057e-04	-2.337	2400	3.455	3.817
16.761	9.205e-04	-2.427	2376	3.528	3.511
16.761	1.215e-03	-2.520	2351	3.602	3.224
16.761	1.591e-03	-2.613	2320	3.672	2.973
16.761	2.100e-03	-2.708	2287	3.742	2.741
16.761	2.744e-03	-2.801	2251	3.808	2.543
16.761	3.579e-03	-2.888	2218	3.869	2.371
16.761	4.724e-03	-2.968	2186	3.923	2.226
16.761	6.223e-03	-3.039	2146	3.962	2.129
16.761	8.179e-03	-3.080	2122	3.984	2.076
16.761	1.067e-02	-3.107	2107	3.998	2.043
16.761	1.408e-02	-3.136	2090	4.013	2.007
16.761	1.855e-02	-3.182	2063	4.036	1.955
16.761	2.438e-02	-3.267	2013	4.079	1.861
16.761	3.205e-02	-3.459	1894	4.165	1.686
16.761	4.197e-02	-3.707	1730	4.256	1.517
16.761	5.485e-02	-3.912	1596	4.321	1.409
16.761	7.212e-02	-4.109	1467	4.372	1.328
16.761	9.444e-02	-4.298	1346	4.412	1.269
16.761	1.236e-01	-4.476	1238	4.445	1.221
16.761	1.632e-01	-4.648	1141	4.473	1.182
16.761	2.133e-01	-4.810	1054	4.498	1.149
16.761	2.782e-01	-4.970	973	4.519	1.122
16.761	3.672e-01	-5.142	891	4.538	1.097
16.761	4.807e-01	-5.303	820	4.554	1.077
16.761	6.357e-01	-5.468	752	4.569	1.058
16.761	8.358e-01	-5.623	693	4.583	1.042
16.761	1.098e+00	-5.778	638	4.594	1.028
16.761	1.444e+00	-5.929	589	4.605	1.015
16.761	1.898e+00	-6.092	539	4.615	1.004
16.761	2.506e+00	-6.225	502	4.624	0.993
16.761	3.314e+00	-6.369	464	4.633	0.983
16.761	4.338e+00	-6.507	431	4.641	0.974
16.761	5.694e+00	-6.634	402	4.649	0.965
16.761	7.483e+00	-6.781	371	4.656	0.957
16.761	9.877e+00	-6.919	344	4.663	0.950
17.285	1.035e-04	-1.768	2451	2.935	7.051
17.285	1.366e-04	-1.847	2442	3.008	6.488
17.285	1.785e-04	-1.924	2432	3.078	5.983
17.285	2.346e-04	-2.001	2426	3.151	5.501
17.285	3.073e-04	-2.077	2422	3.223	5.061
17.285	4.023e-04	-2.144	2430	3.297	4.648
17.285	5.310e-04	-2.221	2432	3.376	4.247
17.285	6.994e-04	-2.312	2414	3.453	3.886
17.285	9.193e-04	-2.404	2390	3.528	3.564
17.285	1.199e-03	-2.493	2366	3.599	3.283
17.285	1.583e-03	-2.588	2336	3.672	3.018
17.285	2.068e-03	-2.680	2305	3.741	2.790
17.285	2.719e-03	-2.774	2269	3.808	2.582
17.285	3.574e-03	-2.862	2235	3.870	2.405
17.285	4.662e-03	-2.935	2206	3.920	2.270
17.285	6.154e-03	-2.991	2181	3.956	2.178
17.285	8.056e-03	-3.027	2160	3.975	2.130
17.285	1.063e-02	-3.054	2144	3.989	2.096
17.285	1.401e-02	-3.086	2126	4.006	2.055
17.285	1.841e-02	-3.140	2095	4.034	1.990
17.285	2.430e-02	-3.254	2028	4.092	1.862
17.285	3.181e-02	-3.482	1886	4.194	1.655
17.285	4.142e-02	-3.705	1737	4.275	1.508
17.285	5.468e-02	-3.905	1606	4.338	1.403
17.285	7.145e-02	-4.088	1485	4.386	1.327
17.285	9.394e-02	-4.273	1367	4.426	1.267
17.285	1.235e-01	-4.451	1258	4.459	1.220
17.285	1.623e-01	-4.618	1161	4.488	1.180
17.285	2.126e-01	-4.780	1073	4.512	1.147
17.285	2.783e-01	-4.940	991	4.534	1.119
17.285	3.653e-01	-5.103	912	4.553	1.095
17.285	4.800e-01	-5.270	837	4.570	1.074
17.285	6.337e-01	-5.434	768	4.585	1.055
17.285	8.295e-01	-5.587	709	4.598	1.039
17.285	1.089e+00	-5.740	653	4.610	1.025
17.285	1.431e+00	-5.892	602	4.621	1.012
17.285	1.866e+00	-6.044	555	4.631	1.001
17.285	2.464e+00	-6.190	513	4.640	0.990
17.285	3.225e+00	-6.318	479	4.649	0.980
17.285	4.265e+00	-6.472	440	4.657	0.971
17.285	5.641e+00	-6.600	411	4.665	0.962
17.285	7.417e+00	-6.738	381	4.673	0.954
17.285	9.712e+00	-6.889	351	4.680	0.946
17.809	1.020e-04	-1.747	2458	2.933	7.179
17.809	1.330e-04	-1.823	2448	3.002	6.631
17.809	1.756e-04	-1.903	2438	3.074	6.100
17.809	2.298e-04	-1.979	2430	3.145	5.620
17.809	3.016e-04	-2.055	2426	3.218	5.167
17.809	3.964e-04	-2.125	2434	3.293	4.742
17.809	5.212e-04	-2.196	2441	3.370	4.341
17.809	6.851e-04	-2.283	2428	3.447	3.971
17.809	9.043e-04	-2.376	2405	3.524	3.634
17.809	1.182e-03	-2.467	2380	3.596	3.343
17.809	1.541e-03	-2.556	2354	3.667	3.083
17.809	2.023e-03	-2.650	2322	3.737	2.844
17.809	2.649e-03	-2.742	2289	3.803	2.634
17.809	3.462e-03	-2.827	2256	3.864	2.458
17.809	4.552e-03	-2.899	2228	3.914	2.320
17.809	5.982e-03	-2.947	2208	3.946	2.234
17.809	7.866e-03	-2.975	2197	3.965	2.187
17.809	1.030e-02	-3.001	2182	3.979	2.151
17.809	1.346e-02	-3.035	2162	3.997	2.107
17.809	1.756e-02	-3.092	2129	4.028	2.035
17.809	2.318e-02	-3.223	2052	4.095	1.882
17.809	3.034e-02	-3.458	1907	4.203	1.663
17.809	3.982e-02	-3.676	1762	4.283	1.516
17.809	5.233e-02	-3.863	1639	4.345	1.413
17.809	6.826e-02	-4.042	1520	4.393	1.337
17.809	8.959e-02	-4.219	1406	4.433	1.276
17.809	1.178e-01	-4.394	1296	4.468	1.226
17.809	1.548e-01	-4.562	1197	4.497	1.185
17.809	2.035e-01	-4.724	1106	4.523	1.151
17.809	2.675e-01	-4.885	1022	4.545	1.121
17.809	3.516e-01	-5.047	941	4.565	1.096
17.809	4.586e-01	-5.211	865	4.582	1.075
17.809	6.054e-01	-5.375	794	4.598	1.055
17.809	7.974e-01	-5.533	731	4.612	1.038
17.809	1.044e+00	-5.685	675	4.624	1.024
17.809	1.367e+00	-5.836	623	4.635	1.011
17.809	1.805e+00	-5.988	574	4.646	0.999
17.809	2.377e+00	-6.145	527	4.655	0.988
17.809	3.124e+00	-6.273	492	4.664	0.978
17.809	4.124e+00	-6.430	452	4.673	0.968
17.809	5.454e+00	-6.557	422	4.681	0.959
17.809	7.139e+00	-6.689	393	4.688	0.951
17.809	9.424e+00	-6.854	358	4.695	0.944
18.332	1.027e-04	-1.734	2463	2.936	7.259
18.332	1.342e-04	-1.810	2454	3.005	6.704
18.332	1.750e-04	-1.886	2444	3.074	6.191
18.332	2.297e-04	-1.964	2434	3.145	5.702
18.332	3.019e-04	-2.040	2430	3.218	5.242
18.332	3.969e-04	-2.109	2438	3.293	4.812
18.332	5.216e-04	-2.179	2447	3.369	4.406
18.332	6.886e-04	-2.263	2440	3.448	4.023
18.332	9.014e-04	-2.354	2418	3.523	3.690
18.332	1.190e-03	-2.448	2392	3.599	3.382
18.332	1.558e-03	-2.538	2367	3.671	3.114
18.332	2.044e-03	-2.632	2336	3.741	2.872
18.332	2.687e-03	-2.723	2303	3.808	2.658
18.332	3.533e-03	-2.808	2270	3.868	2.481
18.332	4.643e-03	-2.873	2245	3.914	2.355
18.332	6.105e-03	-2.913	2229	3.941	2.281
18.332	8.023e-03	-2.936	2220	3.957	2.239
18.332	1.055e-02	-2.959	2210	3.973	2.200
18.332	1.386e-02	-2.998	2190	3.996	2.142
18.332	1.834e-02	-3.081	2142	4.040	2.035
18.332	2.411e-02	-3.273	2029	4.138	1.819
18.332	3.157e-02	-3.495	1890	4.237	1.623
18.332	4.133e-02	-3.697	1753	4.309	1.494
18.332	5.455e-02	-3.877	1635	4.367	1.397
18.332	7.129e-02	-4.050	1520	4.413	1.325
18.332	9.298e-02	-4.218	1411	4.451	1.268
18.332	1.227e-01	-4.394	1300	4.485	1.219
18.332	1.607e-01	-4.556	1204	4.514	1.179
18.332	2.109e-01	-4.716	1114	4.540	1.145
18.332	2.772e-01	-4.875	1030	4.562	1.116
18.332	3.644e-01	-5.037	949	4.582	1.091
18.332	4.789e-01	-5.204	871	4.599	1.069
18.332	6.322e-01	-5.369	799	4.615	1.050
18.332	8.328e-01	-5.526	736	4.629	1.033
18.332	1.091e+00	-5.678	679	4.641	1.018
18.332	1.428e+00	-5.829	627	4.653	1.005
18.332	1.884e+00	-5.982	577	4.663	0.993
18.332	2.482e+00	-6.137	531	4.673	0.983
18.332	3.262e+00	-6.269	495	4.681	0.973
18.332	4.306e+00	-6.424	454	4.690	0.963
18.332	5.695e+00	-6.550	425	4.698	0.955
18.332	7.456e+00	-6.682	395	4.705	0.946
18.332	9.842e+00	-6.851	360	4.712	0.939
18.856	1.013e-04	-1.715	2469	2.933	7.382
18.856	1.337e-04	-1.793	2459	3.004	6.801
18.856	1.747e-04	-1.870	2449	3.074	6.279
18.856	2.297e-04	-1.949	2439	3.145	5.781
18.856	3.008e-04	-2.024	2434	3.217	5.323
18.856	3.938e-04	-2.092	2441	3.290	4.895
18.856	5.198e-04	-2.162	2451	3.367	4.478
18.856	6.793e-04	-2.237	2454	3.444	4.101
18.856	8.967e-04	-2.331	2431	3.522	3.748
18.856	1.174e-03	-2.423	2406	3.596	3.441
18.856	1.541e-03	-2.514	2381	3.669	3.165
18.856	2.025e-03	-2.607	2351	3.740	2.916
18.856	2.641e-03	-2.695	2321	3.805	2.705
18.856	3.439e-03	-2.775	2290	3.862	2.533
18.856	4.539e-03	-2.838	2266	3.907	2.406
18.856	5.942e-03	-2.874	2251	3.932	2.338
18.856	7.799e-03	-2.896	2243	3.947	2.297
18.856	1.014e-02	-2.918	2234	3.962	2.258
18.856	1.328e-02	-2.954	2219	3.986	2.196
18.856	1.738e-02	-3.036	2175	4.033	2.080
18.856	2.294e-02	-3.243	2053	4.141	1.837
18.856	2.998e-02	-3.456	1922	4.238	1.643
18.856	3.942e-02	-3.654	1788	4.312	1.510
18.856	5.181e-02	-3.828	1673	4.370	1.413
18.856	6.758e-02	-3.996	1560	4.416	1.338
18.856	8.920e-02	-4.165	1449	4.458	1.276
18.856	1.168e-01	-4.335	1341	4.492	1.227
18.856	1.533e-01	-4.501	1240	4.522	1.185
18.856	2.014e-01	-4.660	1149	4.549	1.149
18.856	2.627e-01	-4.814	1065	4.571	1.120
18.856	3.468e-01	-4.977	981	4.592	1.093
18.856	4.532e-01	-5.140	903	4.610	1.071
18.856	5.912e-01	-5.294	834	4.626	1.051
18.856	7.818e-01	-5.460	764	4.641	1.034
18.856	1.028e+00	-5.614	705	4.654	1.018
18.856	1.351e+00	-5.767	649	4.665	1.005
18.856	1.776e+00	-5.920	599	4.676	0.992
18.856	2.335e+00	-6.079	549	4.686	0.981
18.856	3.082e+00	-6.214	511	4.695	0.971
18.856	4.034e+00	-6.366	470	4.703	0.962
18.856	5.335e+00	-6.494	439	4.711	0.953
18.856	7.042e+00	-6.625	409	4.719	0.945
18.856	9.219e+00	-6.802	371	4.726	0.937
19.380	1.022e-04	-1.703	2474	2.937	7.453
19.380	1.344e-04	-1.780	2464	3.007	6.876
19.380	1.760e-04	-1.857	2454	3.076	6.347
19.380	2.304e-04	-1.934	2444	3.147	5.854
19.380	3.000e-04	-2.009	2438	3.216	5.401
19.380	3.938e-04	-2.077	2445	3.290	4.964
19.380	5.157e-04	-2.145	2454	3.365	4.554
19.380	6.750e-04	-2.217	2461	3.441	4.169
19.380	8.911e-04	-2.308	2443	3.520	3.807
19.380	1.166e-03	-2.401	2419	3.595	3.494
19.380	1.540e-03	-2.494	2393	3.670	3.205
19.380	2.016e-03	-2.585	2365	3.740	2.956
19.380	2.625e-03	-2.671	2335	3.805	2.744
19.380	3.464e-03	-2.752	2305	3.863	2.566
19.380	4.535e-03	-2.808	2284	3.902	2.452
19.380	5.987e-03	-2.840	2272	3.925	2.389
19.380	7.823e-03	-2.860	2264	3.939	2.350
19.380	1.020e-02	-2.884	2254	3.956	2.306
19.380	1.347e-02	-2.927	2237	3.985	2.230
19.380	1.760e-02	-3.029	2186	4.047	2.077
19.380	2.241e-02	-3.231	2067	4.152	1.840
19.380	2.964e-02	-3.442	1936	4.250	1.644
19.380	3.897e-02	-3.634	1807	4.322	1.513
19.380	5.122e-02	-3.802	1695	4.379	1.417
19.380	6.680e-02	-3.968	1583	4.426	1.342
19.380	8.818e-02	-4.134	1474	4.468	1.279
19.380	1.152e-01	-4.299	1368	4.503	1.229
19.380	1.515e-01	-4.467	1264	4.533	1.186
19.380	1.991e-01	-4.624	1172	4.560	1.150
19.380	2.597e-01	-4.778	1087	4.583	1.119
19.380	3.409e-01	-4.936	1005	4.604	1.093
19.380	4.464e-01	-5.097	926	4.623	1.070
19.380	5.834e-01	-5.253	854	4.639	1.050
19.380	7.701e-01	-5.421	782	4.654	1.032
19.380	1.008e+00	-5.573	722	4.667	1.016
19.380	1.331e+00	-5.729	665	4.679	1.002
19.380	1.742e+00	-5.879	613	4.690	0.990
19.380	2.299e+00	-6.042	562	4.700	0.979
19.380	3.029e+00	-6.180	522	4.709	0.968
19.380	3.981e+00	-6.329	481	4.718	0.959
19.380	5.255e+00	-6.463	448	4.726	0.950
19.380	6.922e+00	-6.589	418	4.734	0.942
19.380	9.098e+00	-6.761	380	4.741	0.934
19.904	1.017e-04	-1.688	2480	2.937	7.550
19.904	1.337e-04	-1.764	2470	3.006	6.971
19.904	1.744e-04	-1.840	2460	3.075	6.444
19.904	2.302e-04	-1.919	2449	3.147	5.931
19.904	3.013e-04	-1.996	2441	3.218	5.466
19.904	3.955e-04	-2.064	2449	3.291	5.025
19.904	5.198e-04	-2.133	2458	3.367	4.605
19.904	6.822e-04	-2.204	2467	3.444	4.214
19.904	8.966e-04	-2.291	2455	3.522	3.851
19.904	1.183e-03	-2.386	2429	3.599	3.523
19.904	1.547e-03	-2.476	2405	3.672	3.241
19.904	2.033e-03	-2.567	2378	3.743	2.985
19.904	2.673e-03	-2.656	2347	3.809	2.766
19.904	3.486e-03	-2.729	2321	3.863	2.601
19.904	4.601e-03	-2.780	2301	3.899	2.494
19.904	6.024e-03	-2.807	2291	3.918	2.441
19.904	7.906e-03	-2.826	2283	3.932	2.401
19.904	1.048e-02	-2.855	2272	3.952	2.347
19.904	1.380e-02	-2.907	2251	3.988	2.251
19.904	1.814e-02	-3.052	2178	4.076	2.034
19.904	2.366e-02	-3.275	2047	4.191	1.783
19.904	3.123e-02	-3.469	1924	4.278	1.613
19.904	4.088e-02	-3.650	1801	4.344	1.494
19.904	5.366e-02	-3.812	1694	4.399	1.403
19.904	7.053e-02	-3.978	1581	4.445	1.330
19.904	9.199e-02	-4.134	1478	4.485	1.271
19.904	1.214e-01	-4.304	1368	4.520	1.220
19.904	1.590e-01	-4.467	1267	4.550	1.179
19.904	2.098e-01	-4.626	1175	4.577	1.142
19.904	2.742e-01	-4.780	1090	4.600	1.112
19.904	3.605e-01	-4.939	1007	4.621	1.086
19.904	4.738e-01	-5.102	926	4.640	1.063
19.904	6.230e-01	-5.261	853	4.657	1.043
19.904	8.188e-01	-5.426	782	4.671	1.025
19.904	1.068e+00	-5.576	723	4.684	1.010
19.904	1.410e+00	-5.732	666	4.696	0.997
19.904	1.842e+00	-5.882	614	4.707	0.984
19.904	2.422e+00	-6.041	564	4.716	0.973
19.904	3.183e+00	-6.179	523	4.726	0.963
19.904	4.202e+00	-6.333	481	4.734	0.954
19.904	5.535e+00	-6.462	449	4.742	0.945
19.904	7.275e+00	-6.588	419	4.750	0.937
19.904	9.621e+00	-6.773	379	4.757	0.929
20.428	1.029e-04	-1.678	2484	2.942	7.609
20.428	1.347e-04	-1.753	2475	3.009	7.038
20.428	1.778e-04	-1.831	2464	3.081	6.484
20.428	2.328e-04	-1.908	2454	3.150	5.984
20.428	3.073e-04	-1.988	2445	3.223	5.503
20.428	4.016e-04	-2.054	2453	3.295	5.066
20.428	5.280e-04	-2.122	2462	3.371	4.644
20.428	6.940e-04	-2.193	2472	3.448	4.248
20.428	9.124e-04	-2.277	2465	3.527	3.880
20.428	1.199e-03	-2.371	2440	3.603	3.553
20.428	1.574e-03	-2.463	2415	3.677	3.263
20.428	2.046e-03	-2.549	2391	3.745	3.016
20.428	2.679e-03	-2.636	2360	3.810	2.800
20.428	3.508e-03	-2.704	2337	3.862	2.639
20.428	4.630e-03	-2.750	2319	3.894	2.541
20.428	6.061e-03	-2.774	2310	3.911	2.492
20.428	7.955e-03	-2.794	2302	3.925	2.451
20.428	1.052e-02	-2.825	2290	3.947	2.390
20.428	1.383e-02	-2.886	2266	3.990	2.276
20.428	1.816e-02	-3.061	2180	4.097	2.012
20.428	2.370e-02	-3.271	2055	4.205	1.776
20.428	3.102e-02	-3.453	1940	4.288	1.616
20.428	4.095e-02	-3.634	1818	4.355	1.495
20.428	5.351e-02	-3.790	1713	4.408	1.406
20.428	6.979e-02	-3.949	1605	4.454	1.334
20.428	9.213e-02	-4.110	1498	4.495	1.272
20.428	1.204e-01	-4.271	1394	4.530	1.222
20.428	1.583e-01	-4.437	1289	4.561	1.179
20.428	2.080e-01	-4.593	1197	4.588	1.143
20.428	2.746e-01	-4.752	1108	4.613	1.111
20.428	3.595e-01	-4.907	1026	4.634	1.084
20.428	4.745e-01	-5.071	944	4.653	1.061
20.428	6.212e-01	-5.228	870	4.670	1.041
20.428	8.200e-01	-5.398	796	4.685	1.023
20.428	1.072e+00	-5.549	735	4.698	1.007
20.428	1.409e+00	-5.703	678	4.710	0.994
20.428	1.852e+00	-5.856	624	4.721	0.981
20.428	2.435e+00	-6.015	573	4.731	0.970
20.428	3.200e+00	-6.157	531	4.740	0.960
20.428	4.224e+00	-6.309	489	4.749	0.950
20.428	5.529e+00	-6.438	456	4.756	0.942
20.428	7.312e+00	-6.566	425	4.764	0.933
20.428	9.652e+00	-6.739	387	4.772	0.925
20.951	1.034e-04	-1.666	2490	2.944	7.681
20.951	1.353e-04	-1.741	2479	3.012	7.109
20.951	1.786e-04	-1.819	2469	3.082	6.553
20.951	2.334e-04	-1.895	2459	3.152	6.052
20.951	3.069e-04	-1.974	2448	3.223	5.574
20.951	4.019e-04	-2.040	2456	3.295	5.130
20.951	5.252e-04	-2.107	2466	3.369	4.713
20.951	6.851e-04	-2.176	2475	3.444	4.323
20.951	8.991e-04	-2.252	2477	3.522	3.950
20.951	1.182e-03	-2.347	2453	3.599	3.615
20.951	1.554e-03	-2.440	2427	3.674	3.316
20.951	2.035e-03	-2.528	2403	3.745	3.057
20.951	2.659e-03	-2.613	2374	3.808	2.842
20.951	3.496e-03	-2.679	2352	3.858	2.682
20.951	4.595e-03	-2.720	2337	3.888	2.592
20.951	5.993e-03	-2.741	2329	3.904	2.546
20.951	7.866e-03	-2.762	2321	3.918	2.503
20.951	1.040e-02	-2.796	2308	3.942	2.435
20.951	1.367e-02	-2.865	2281	3.991	2.302
20.951	1.791e-02	-3.054	2190	4.109	2.009
20.951	2.320e-02	-3.251	2074	4.211	1.787
20.951	3.037e-02	-3.427	1963	4.293	1.627
20.951	4.009e-02	-3.603	1844	4.360	1.505
20.951	5.238e-02	-3.760	1738	4.414	1.415
20.951	6.833e-02	-3.914	1634	4.460	1.341
20.951	9.019e-02	-4.073	1527	4.502	1.278
20.951	1.181e-01	-4.231	1424	4.538	1.226
20.951	1.559e-01	-4.401	1315	4.571	1.181
20.951	2.040e-01	-4.555	1223	4.598	1.145
20.951	2.698e-01	-4.713	1133	4.623	1.112
20.951	3.562e-01	-4.872	1047	4.645	1.084
20.951	4.663e-01	-5.029	967	4.665	1.060
20.951	6.155e-01	-5.194	889	4.682	1.039
20.951	8.107e-01	-5.363	813	4.697	1.021
20.951	1.066e+00	-5.518	750	4.711	1.005
20.951	1.401e+00	-5.671	691	4.723	0.991
20.951	1.841e+00	-5.825	637	4.734	0.978
20.951	2.421e+00	-5.982	585	4.745	0.967
20.951	3.182e+00	-6.129	541	4.754	0.957
20.951	4.200e+00	-6.278	498	4.762	0.947
20.951	5.498e+00	-6.413	463	4.770	0.939
20.951	7.271e+00	-6.541	432	4.778	0.930
20.951	9.598e+00	-6.699	396	4.786	0.922
23.046	1.012e-04	-1.608	2516	2.945	8.049
23.046	1.325e-04	-1.683	2501	3.011	7.465
23.046	1.734e-04	-1.758	2489	3.078	6.910
23.046	2.289e-04	-1.836	2479	3.148	6.370
23.046	2.992e-04	-1.913	2468	3.217	5.884
23.046	3.934e-04	-1.984	2469	3.289	5.417
23.046	5.170e-04	-2.052	2478	3.363	4.973
23.046	6.824e-04	-2.122	2488	3.441	4.550
23.046	8.918e-04	-2.191	2498	3.517	4.167
23.046	1.163e-03	-2.269	2497	3.594	3.814
23.046	1.535e-03	-2.365	2471	3.672	3.488
23.046	2.010e-03	-2.452	2447	3.742	3.215
23.046	2.653e-03	-2.530	2424	3.804	2.995
23.046	3.473e-03	-2.583	2407	3.843	2.862
23.046	4.585e-03	-2.610	2398	3.864	2.795
23.046	5.991e-03	-2.628	2392	3.878	2.751
23.046	7.909e-03	-2.654	2383	3.897	2.689
23.046	1.035e-02	-2.702	2368	3.934	2.578
23.046	1.367e-02	-2.845	2313	4.036	2.292
23.046	1.742e-02	-3.021	2233	4.151	2.008
23.046	2.304e-02	-3.208	2123	4.250	1.791
23.046	3.005e-02	-3.363	2027	4.326	1.643
23.046	3.966e-02	-3.521	1923	4.392	1.522
23.046	5.192e-02	-3.678	1813	4.446	1.430
23.046	6.854e-02	-3.823	1715	4.496	1.351
23.046	8.957e-02	-3.978	1608	4.538	1.286
23.046	1.178e-01	-4.128	1508	4.576	1.231
23.046	1.542e-01	-4.286	1403	4.610	1.184
23.046	2.019e-01	-4.443	1304	4.639	1.145
23.046	2.650e-01	-4.594	1213	4.665	1.111
23.046	3.482e-01	-4.748	1126	4.689	1.081
23.046	4.542e-01	-4.902	1043	4.710	1.056
23.046	5.996e-01	-5.064	960	4.729	1.033
23.046	7.898e-01	-5.228	882	4.746	1.013
23.046	1.038e+00	-5.395	808	4.760	0.996
23.046	1.354e+00	-5.546	746	4.773	0.982
23.046	1.777e+00	-5.700	688	4.785	0.968
23.046	2.327e+00	-5.853	634	4.795	0.957
23.046	3.041e+00	-6.005	584	4.805	0.946
23.046	3.999e+00	-6.149	540	4.814	0.936
23.046	5.255e+00	-6.305	496	4.822	0.927
23.046	6.937e+00	-6.434	463	4.830	0.919
23.046	9.138e+00	-6.567	430	4.838	0.911
25.142	1.021e-04	-1.561	2542	2.954	8.318
25.142	1.337e-04	-1.639	2522	3.019	7.723
25.142	1.750e-04	-1.715	2507	3.084	7.163
25.142	2.310e-04	-1.792	2496	3.154	6.614
25.142	3.024e-04	-1.868	2485	3.222	6.112
25.142	3.969e-04	-1.938	2486	3.293	5.635
25.142	5.216e-04	-2.008	2491	3.366	5.180
25.142	6.885e-04	-2.077	2500	3.442	4.743
25.142	9.013e-04	-2.146	2511	3.518	4.346
25.142	1.190e-03	-2.217	2524	3.598	3.964
25.142	1.567e-03	-2.305	2510	3.677	3.622
25.142	2.060e-03	-2.391	2486	3.746	3.342
25.142	2.719e-03	-2.459	2466	3.800	3.144
25.142	3.559e-03	-2.494	2456	3.827	3.045
25.142	4.671e-03	-2.513	2450	3.843	2.992
25.142	6.140e-03	-2.534	2444	3.859	2.937
25.142	8.104e-03	-2.571	2431	3.887	2.841
25.142	1.061e-02	-2.660	2403	3.956	2.625
25.142	1.378e-02	-2.845	2335	4.091	2.249
25.142	1.803e-02	-3.009	2262	4.200	1.983
25.142	2.361e-02	-3.172	2165	4.287	1.793
25.142	3.091e-02	-3.318	2077	4.360	1.649
25.142	4.079e-02	-3.467	1978	4.425	1.530
25.142	5.340e-02	-3.615	1875	4.480	1.436
25.142	7.049e-02	-3.758	1777	4.530	1.356
25.142	9.286e-02	-3.911	1671	4.575	1.287
25.142	1.220e-01	-4.057	1571	4.614	1.230
25.142	1.611e-01	-4.210	1468	4.650	1.181
25.142	2.122e-01	-4.372	1362	4.682	1.139
25.142	2.789e-01	-4.523	1269	4.709	1.103
25.142	3.667e-01	-4.675	1179	4.734	1.072
25.142	4.802e-01	-4.829	1093	4.756	1.045
25.142	6.286e-01	-4.988	1009	4.775	1.022
25.142	8.251e-01	-5.147	929	4.793	1.002
25.142	1.080e+00	-5.315	851	4.808	0.985
25.142	1.423e+00	-5.473	783	4.822	0.969
25.142	1.871e+00	-5.629	721	4.834	0.956
25.142	2.459e+00	-5.785	663	4.845	0.943
25.142	3.221e+00	-5.940	610	4.855	0.933
25.142	4.209e+00	-6.083	565	4.864	0.923
25.142	5.534e+00	-6.240	519	4.872	0.914
25.142	7.273e+00	-6.375	482	4.880	0.906
25.142	9.562e+00	-6.510	448	4.888	0.898
27.237	1.028e-04	-1.517	2569	2.964	8.566
27.237	1.351e-04	-1.598	2545	3.028	7.957
27.237	1.762e-04	-1.673	2527	3.091	7.396
27.237	2.326e-04	-1.751	2512	3.159	6.842
27.237	3.045e-04	-1.826	2501	3.226	6.330
27.237	3.997e-04	-1.895	2503	3.296	5.841
27.237	5.253e-04	-1.966	2505	3.369	5.375
27.237	6.852e-04	-2.033	2512	3.441	4.946
27.237	8.993e-04	-2.102	2522	3.516	4.533
27.237	1.182e-03	-2.171	2535	3.594	4.146
27.237	1.542e-03	-2.238	2546	3.669	3.802
27.237	2.035e-03	-2.322	2526	3.739	3.508
27.237	2.681e-03	-2.380	2509	3.786	3.325
27.237	3.523e-03	-2.408	2500	3.808	3.241
27.237	4.595e-03	-2.426	2495	3.822	3.189
27.237	6.066e-03	-2.451	2488	3.842	3.117
27.237	7.990e-03	-2.501	2473	3.881	2.979
27.237	1.050e-02	-2.647	2427	3.995	2.613
27.237	1.322e-02	-2.797	2372	4.106	2.300
27.237	1.723e-02	-2.941	2318	4.209	2.043
27.237	2.264e-02	-3.095	2232	4.298	1.844
27.237	2.977e-02	-3.241	2143	4.373	1.692
27.237	3.912e-02	-3.377	2057	4.438	1.569
27.237	5.144e-02	-3.516	1964	4.497	1.467
27.237	6.736e-02	-3.662	1860	4.548	1.383
27.237	8.818e-02	-3.796	1768	4.594	1.311
27.237	1.166e-01	-3.951	1658	4.637	1.247
27.237	1.539e-01	-4.094	1561	4.676	1.193
27.237	2.028e-01	-4.249	1456	4.710	1.147
27.237	2.665e-01	-4.406	1354	4.740	1.108
27.237	3.504e-01	-4.556	1261	4.767	1.075
27.237	4.605e-01	-4.711	1170	4.791	1.045
27.237	6.007e-01	-4.865	1083	4.811	1.021
27.237	7.929e-01	-5.027	998	4.831	0.998
27.237	1.036e+00	-5.187	918	4.847	0.979
27.237	1.352e+00	-5.346	845	4.862	0.963
27.237	1.784e+00	-5.508	776	4.875	0.948
27.237	2.336e+00	-5.663	715	4.887	0.936
27.237	3.083e+00	-5.820	657	4.898	0.924
27.237	4.036e+00	-5.973	605	4.907	0.914
27.237	5.327e+00	-6.133	555	4.917	0.904
27.237	6.974e+00	-6.276	513	4.925	0.896
27.237	9.206e+00	-6.416	476	4.932	0.888
29.332	1.041e-04	-1.479	2594	2.974	8.782
29.332	1.368e-04	-1.558	2569	3.037	8.167
29.332	1.784e-04	-1.637	2545	3.100	7.600
29.332	2.355e-04	-1.715	2529	3.166	7.040
29.332	3.083e-04	-1.790	2516	3.232	6.523
29.332	4.070e-04	-1.859	2519	3.303	6.015
29.332	5.361e-04	-1.929	2521	3.375	5.534
29.332	7.046e-04	-2.001	2523	3.449	5.085
29.332	9.264e-04	-2.069	2534	3.524	4.662
29.332	1.218e-03	-2.137	2547	3.601	4.269
29.332	1.588e-03	-2.202	2559	3.674	3.925
29.332	2.100e-03	-2.265	2561	3.739	3.643
29.332	2.772e-03	-2.311	2548	3.775	3.492
29.332	3.629e-03	-2.332	2542	3.792	3.426
29.332	4.791e-03	-2.352	2535	3.808	3.363
29.332	6.311e-03	-2.386	2525	3.835	3.258
29.332	8.294e-03	-2.474	2499	3.905	3.008
29.332	1.050e-02	-2.634	2449	4.029	2.606
29.332	1.374e-02	-2.790	2394	4.146	2.279
29.332	1.806e-02	-2.925	2344	4.244	2.035
29.332	2.356e-02	-3.064	2269	4.327	1.850
29.332	3.092e-02	-3.202	2185	4.400	1.701
29.332	4.063e-02	-3.331	2107	4.466	1.577
29.332	5.300e-02	-3.464	2018	4.523	1.476
29.332	6.996e-02	-3.609	1914	4.577	1.387
29.332	9.159e-02	-3.742	1822	4.624	1.314
29.332	1.202e-01	-3.888	1718	4.668	1.250
29.332	1.580e-01	-4.028	1621	4.707	1.195
29.332	2.077e-01	-4.174	1521	4.742	1.147
29.332	2.730e-01	-4.330	1416	4.774	1.106
29.332	3.610e-01	-4.487	1315	4.803	1.070
29.332	4.747e-01	-4.640	1222	4.828	1.039
29.332	6.239e-01	-4.795	1132	4.850	1.013
29.332	8.203e-01	-4.955	1044	4.870	0.990
29.332	1.078e+00	-5.115	962	4.888	0.970
29.332	1.423e+00	-5.284	881	4.904	0.953
29.332	1.863e+00	-5.443	810	4.917	0.938
29.332	2.445e+00	-5.601	745	4.930	0.925
29.332	3.213e+00	-5.757	685	4.941	0.913
29.332	4.191e+00	-5.910	631	4.950	0.903
29.332	5.533e+00	-6.065	580	4.960	0.893
29.332	7.288e+00	-6.223	533	4.968	0.884
29.332	9.579e+00	-6.363	493	4.976	0.877
31.427	1.020e-04	-1.430	2627	2.977	9.057
31.427	1.328e-04	-1.510	2596	3.037	8.454
31.427	1.743e-04	-1.590	2571	3.100	7.863
31.427	2.291e-04	-1.670	2548	3.165	7.301
31.427	3.013e-04	-1.747	2532	3.230	6.768
31.427	3.960e-04	-1.814	2533	3.299	6.258
31.427	5.227e-04	-1.884	2536	3.370	5.761
31.427	6.830e-04	-1.954	2538	3.441	5.309
31.427	8.909e-04	-2.023	2542	3.513	4.886
31.427	1.169e-03	-2.089	2555	3.588	4.482
31.427	1.537e-03	-2.154	2567	3.661	4.121
31.427	2.029e-03	-2.208	2577	3.722	3.841
31.427	2.656e-03	-2.239	2582	3.756	3.694
31.427	3.458e-03	-2.256	2581	3.773	3.624
31.427	4.564e-03	-2.277	2575	3.790	3.553
31.427	6.012e-03	-2.316	2563	3.821	3.427
31.427	7.902e-03	-2.427	2530	3.909	3.097
31.427	9.804e-03	-2.574	2484	4.024	2.714
31.427	1.294e-02	-2.728	2433	4.142	2.369
31.427	1.694e-02	-2.855	2390	4.239	2.120
31.427	2.224e-02	-2.983	2334	4.325	1.920
31.427	2.922e-02	-3.119	2255	4.401	1.759
31.427	3.812e-02	-3.245	2178	4.467	1.630
31.427	5.003e-02	-3.372	2098	4.528	1.519
31.427	6.504e-02	-3.499	2011	4.583	1.427
31.427	8.517e-02	-3.639	1910	4.633	1.347
31.427	1.113e-01	-3.769	1819	4.678	1.278
31.427	1.469e-01	-3.920	1710	4.721	1.216
31.427	1.923e-01	-4.054	1617	4.759	1.165
31.427	2.539e-01	-4.206	1512	4.794	1.119
31.427	3.323e-01	-4.357	1410	4.824	1.080
31.427	4.387e-01	-4.514	1310	4.852	1.046
31.427	5.733e-01	-4.663	1219	4.876	1.018
31.427	7.478e-01	-4.816	1130	4.897	0.993
31.427	9.871e-01	-4.978	1041	4.917	0.971
31.427	1.292e+00	-5.137	959	4.934	0.952
31.427	1.709e+00	-5.304	879	4.950	0.935
31.427	2.247e+00	-5.467	807	4.964	0.920
31.427	2.953e+00	-5.628	741	4.976	0.908
31.427	3.882e+00	-5.784	681	4.987	0.896
31.427	5.103e+00	-5.939	627	4.996	0.886
31.427	6.709e+00	-6.107	572	5.005	0.877
31.427	8.873e+00	-6.253	528	5.014	0.869
34.570	1.002e-04	-1.361	2680	2.985	9.422
34.570	1.323e-04	-1.452	2636	3.047	8.767
34.570	1.732e-04	-1.534	2605	3.108	8.174
34.570	2.273e-04	-1.613	2579	3.171	7.604
34.570	2.977e-04	-1.691	2558	3.234	7.069
34.570	3.897e-04	-1.759	2554	3.299	6.557
34.570	5.144e-04	-1.828	2556	3.370	6.048
34.570	6.776e-04	-1.899	2558	3.442	5.567
34.570	8.905e-04	-1.970	2561	3.514	5.119
34.570	1.162e-03	-2.035	2569	3.585	4.717
34.570	1.533e-03	-2.097	2580	3.655	4.353
34.570	2.007e-03	-2.142	2589	3.706	4.107
34.570	2.649e-03	-2.166	2593	3.732	3.983
34.570	3.468e-03	-2.180	2596	3.748	3.913
34.570	4.552e-03	-2.198	2599	3.768	3.822
34.570	5.983e-03	-2.238	2604	3.812	3.636
34.570	7.745e-03	-2.385	2567	3.934	3.159
34.570	9.633e-03	-2.523	2524	4.042	2.788
34.570	1.259e-02	-2.663	2478	4.151	2.459
34.570	1.642e-02	-2.786	2437	4.244	2.209
34.570	2.155e-02	-2.904	2392	4.330	2.001
34.570	2.822e-02	-3.024	2334	4.408	1.830
34.570	3.694e-02	-3.149	2262	4.478	1.688
34.570	4.877e-02	-3.274	2186	4.543	1.566
34.570	6.384e-02	-3.398	2105	4.602	1.464
34.570	8.427e-02	-3.533	2010	4.657	1.373
34.570	1.103e-01	-3.668	1912	4.706	1.299
34.570	1.456e-01	-3.805	1815	4.752	1.232
34.570	1.918e-01	-3.953	1706	4.793	1.175
34.570	2.521e-01	-4.090	1611	4.830	1.126
34.570	3.328e-01	-4.241	1506	4.864	1.083
34.570	4.356e-01	-4.393	1404	4.893	1.046
34.570	5.750e-01	-4.550	1303	4.920	1.014
34.570	7.528e-01	-4.701	1211	4.944	0.987
34.570	9.937e-01	-4.862	1117	4.965	0.963
34.570	1.301e+00	-5.020	1031	4.984	0.943
34.570	1.717e+00	-5.184	947	5.001	0.925
34.570	2.248e+00	-5.347	870	5.015	0.909
34.570	2.967e+00	-5.513	797	5.029	0.895
34.570	3.884e+00	-5.670	732	5.040	0.884
34.570	5.098e+00	-5.828	673	5.051	0.873
34.570	6.700e+00	-5.982	619	5.060	0.864
34.570	8.844e+00	-6.145	566	5.069	0.855
36.665	1.026e-04	-1.328	2710	2.997	9.569
36.665	1.354e-04	-1.420	2664	3.059	8.905
36.665	1.769e-04	-1.507	2624	3.119	8.310
36.665	2.326e-04	-1.586	2598	3.181	7.734
36.665	3.057e-04	-1.665	2575	3.245	7.188
36.665	3.988e-04	-1.732	2570	3.309	6.679
36.665	5.234e-04	-1.801	2569	3.377	6.178
36.665	6.879e-04	-1.870	2571	3.447	5.696
36.665	9.044e-04	-1.940	2574	3.519	5.242
36.665	1.189e-03	-2.008	2579	3.591	4.828
36.665	1.563e-03	-2.065	2589	3.655	4.485
36.665	2.054e-03	-2.104	2596	3.698	4.269
36.665	2.679e-03	-2.122	2600	3.718	4.170
36.665	3.516e-03	-2.135	2602	3.734	4.096
36.665	4.621e-03	-2.157	2606	3.757	3.985
36.665	6.076e-03	-2.208	2614	3.814	3.733
36.665	7.699e-03	-2.354	2592	3.945	3.211
36.665	1.002e-02	-2.513	2542	4.070	2.780
36.665	1.317e-02	-2.650	2497	4.177	2.460
36.665	1.717e-02	-2.769	2457	4.267	2.217
36.665	2.254e-02	-2.883	2415	4.351	2.012
36.665	2.951e-02	-2.995	2367	4.428	1.841
36.665	3.864e-02	-3.116	2298	4.498	1.698
36.665	5.071e-02	-3.238	2224	4.563	1.576
36.665	6.665e-02	-3.360	2147	4.624	1.470
36.665	8.763e-02	-3.489	2058	4.680	1.379
36.665	1.152e-01	-3.628	1956	4.730	1.300
36.665	1.502e-01	-3.756	1865	4.775	1.235
36.665	1.983e-01	-3.906	1753	4.818	1.175
36.665	2.612e-01	-4.044	1655	4.856	1.125
36.665	3.433e-01	-4.188	1554	4.891	1.081
36.665	4.531e-01	-4.340	1451	4.923	1.042
36.665	5.969e-01	-4.499	1345	4.950	1.009
36.665	7.845e-01	-4.651	1250	4.975	0.981
36.665	1.023e+00	-4.804	1159	4.997	0.957
36.665	1.351e+00	-4.967	1067	5.016	0.935
36.665	1.768e+00	-5.126	983	5.034	0.917
36.665	2.334e+00	-5.294	901	5.049	0.901
36.665	3.056e+00	-5.455	827	5.063	0.887
36.665	4.033e+00	-5.620	758	5.075	0.875
36.665	5.280e+00	-5.778	696	5.085	0.864
36.665	6.970e+00	-5.935	640	5.095	0.854
36.665	9.108e+00	-6.093	587	5.104	0.846
39.807	1.042e-04	-1.275	2758	3.010	9.821
39.807	1.371e-04	-1.369	2707	3.071	9.148
39.807	1.801e-04	-1.459	2662	3.133	8.526
39.807	2.369e-04	-1.544	2626	3.194	7.944
39.807	3.113e-04	-1.621	2605	3.257	7.392
39.807	4.109e-04	-1.695	2593	3.322	6.853
39.807	5.379e-04	-1.763	2589	3.388	6.351
39.807	7.100e-04	-1.833	2590	3.459	5.857
39.807	9.295e-04	-1.900	2593	3.528	5.407
39.807	1.229e-03	-1.967	2598	3.598	4.991
39.807	1.623e-03	-2.020	2601	3.653	4.682
39.807	2.124e-03	-2.047	2606	3.683	4.522
39.807	2.804e-03	-2.061	2609	3.700	4.437
39.807	3.664e-03	-2.076	2612	3.717	4.351
39.807	4.818e-03	-2.105	2618	3.749	4.192
39.807	6.332e-03	-2.195	2631	3.848	3.740
39.807	7.859e-03	-2.325	2622	3.972	3.243
39.807	1.031e-02	-2.481	2573	4.095	2.815
39.807	1.356e-02	-2.613	2530	4.198	2.501
39.807	1.768e-02	-2.729	2490	4.286	2.259
39.807	2.334e-02	-2.841	2450	4.371	2.050
39.807	3.050e-02	-2.946	2410	4.447	1.878
39.807	3.979e-02	-3.059	2352	4.518	1.731
39.807	5.252e-02	-3.180	2282	4.586	1.600
39.807	6.863e-02	-3.295	2212	4.647	1.492
39.807	8.952e-02	-3.417	2130	4.703	1.398
39.807	1.182e-01	-3.553	2032	4.757	1.314
39.807	1.557e-01	-3.687	1934	4.806	1.242
39.807	2.038e-01	-3.825	1833	4.850	1.181
39.807	2.668e-01	-3.965	1729	4.889	1.129
39.807	3.522e-01	-4.106	1629	4.926	1.082
39.807	4.611e-01	-4.245	1532	4.959	1.042
39.807	6.086e-01	-4.408	1420	4.989	1.006
39.807	7.968e-01	-4.558	1321	5.015	0.976
39.807	1.052e+00	-4.714	1225	5.039	0.950
39.807	1.377e+00	-4.871	1132	5.059	0.928
39.807	1.817e+00	-5.035	1042	5.078	0.908
39.807	2.394e+00	-5.202	955	5.095	0.890
39.807	3.146e+00	-5.367	876	5.109	0.876
39.807	4.104e+00	-5.527	804	5.122	0.863
39.807	5.417e+00	-5.691	737	5.133	0.852
39.807	7.092e+00	-5.848	677	5.143	0.842
39.807	9.308e+00	-6.007	621	5.152	0.833
41.903	1.003e-04	-1.223	2801	3.007	10.113
41.903	1.313e-04	-1.318	2746	3.068	9.426
41.903	1.733e-04	-1.412	2696	3.130	8.774
41.903	2.265e-04	-1.500	2653	3.190	8.191
41.903	2.978e-04	-1.579	2627	3.251	7.629
41.903	3.913e-04	-1.652	2613	3.315	7.090
41.903	5.145e-04	-1.724	2604	3.381	6.572
41.903	6.762e-04	-1.793	2601	3.449	6.078
41.903	8.891e-04	-1.861	2604	3.518	5.612
41.903	1.169e-03	-1.925	2608	3.585	5.197
41.903	1.542e-03	-1.977	2612	3.639	4.882
41.903	2.019e-03	-2.005	2614	3.669	4.720
41.903	2.665e-03	-2.020	2615	3.685	4.634
41.903	3.511e-03	-2.036	2617	3.702	4.541
41.903	4.615e-03	-2.065	2623	3.735	4.373
41.903	6.067e-03	-2.155	2638	3.835	3.897
41.903	7.974e-03	-2.306	2642	3.988	3.265
41.903	1.055e-02	-2.462	2592	4.111	2.835
41.903	1.376e-02	-2.587	2551	4.209	2.533
41.903	1.805e-02	-2.704	2511	4.299	2.285
41.903	2.373e-02	-2.814	2472	4.381	2.078
41.903	3.095e-02	-2.916	2434	4.456	1.906
41.903	4.085e-02	-3.026	2385	4.531	1.749
41.903	5.381e-02	-3.144	2319	4.599	1.616
41.903	7.073e-02	-3.261	2247	4.663	1.503
41.903	9.299e-02	-3.383	2168	4.722	1.404
41.903	1.222e-01	-3.513	2076	4.776	1.318
41.903	1.607e-01	-3.649	1975	4.826	1.245
41.903	2.112e-01	-3.780	1880	4.871	1.182
41.903	2.788e-01	-3.932	1764	4.913	1.126
41.903	3.649e-01	-4.067	1667	4.950	1.080
41.903	4.817e-01	-4.209	1567	4.984	1.038
41.903	6.306e-01	-4.361	1462	5.015	1.002
41.903	8.277e-01	-4.517	1357	5.042	0.971
41.903	1.088e+00	-4.669	1261	5.066	0.944
41.903	1.419e+00	-4.823	1168	5.087	0.922
41.903	1.873e+00	-4.987	1075	5.107	0.901
41.903	2.452e+00	-5.149	989	5.124	0.884
41.903	3.236e+00	-5.316	906	5.139	0.868
41.903	4.237e+00	-5.480	831	5.152	0.856
41.903	5.561e+00	-5.641	762	5.164	0.844
41.903	7.308e+00	-5.803	698	5.174	0.834
41.903	9.609e+00	-5.963	640	5.183	0.825
45.045	1.017e-04	-1.173	2848	3.017	10.357
45.045	1.335e-04	-1.271	2790	3.080	9.639
45.045	1.748e-04	-1.366	2736	3.140	8.989
45.045	2.288e-04	-1.455	2690	3.200	8.388
45.045	3.004e-04	-1.539	2654	3.261	7.822
45.045	3.948e-04	-1.611	2640	3.324	7.275
45.045	5.211e-04	-1.687	2626	3.390	6.744
45.045	6.809e-04	-1.755	2621	3.455	6.258
45.045	8.953e-04	-1.822	2621	3.522	5.793
45.045	1.177e-03	-1.882	2625	3.584	5.392
45.045	1.553e-03	-1.926	2628	3.630	5.113
45.045	2.030e-03	-1.948	2629	3.653	4.981
45.045	2.648e-03	-1.961	2630	3.667	4.900
45.045	3.495e-03	-1.980	2631	3.687	4.790
45.045	4.575e-03	-2.018	2634	3.726	4.579
45.045	6.039e-03	-2.133	2652	3.853	3.956
45.045	7.955e-03	-2.266	2671	3.999	3.346
45.045	1.045e-02	-2.413	2627	4.117	2.920
45.045	1.364e-02	-2.537	2587	4.214	2.610
45.045	1.790e-02	-2.653	2547	4.303	2.356
45.045	2.352e-02	-2.762	2508	4.386	2.143
45.045	3.068e-02	-2.863	2471	4.461	1.965
45.045	4.027e-02	-2.961	2437	4.535	1.805
45.045	5.293e-02	-3.074	2378	4.605	1.665
45.045	6.959e-02	-3.189	2312	4.671	1.543
45.045	9.146e-02	-3.303	2243	4.732	1.438
45.045	1.203e-01	-3.429	2156	4.790	1.346
45.045	1.580e-01	-3.564	2057	4.842	1.267
45.045	2.061e-01	-3.691	1963	4.889	1.200
45.045	2.706e-01	-3.831	1858	4.933	1.141
45.045	3.556e-01	-3.973	1751	4.973	1.090
45.045	4.638e-01	-4.107	1655	5.008	1.047
45.045	6.122e-01	-4.246	1557	5.042	1.007
45.045	8.065e-01	-4.413	1439	5.072	0.973
45.045	1.060e+00	-4.563	1341	5.098	0.944
45.045	1.399e+00	-4.719	1242	5.122	0.918
45.045	1.832e+00	-4.877	1148	5.142	0.897
45.045	2.404e+00	-5.039	1057	5.161	0.878
45.045	3.160e+00	-5.205	969	5.177	0.862
45.045	4.121e+00	-5.366	891	5.191	0.848
45.045	5.409e+00	-5.532	815	5.203	0.836
45.045	7.109e+00	-5.696	747	5.215	0.825
45.045	9.273e+00	-5.850	687	5.224	0.816
47.140	1.031e-04	-1.143	2878	3.025	10.502
47.140	1.349e-04	-1.241	2819	3.087	9.776
47.140	1.771e-04	-1.338	2762	3.149	9.109
47.140	2.319e-04	-1.429	2713	3.209	8.499
47.140	3.030e-04	-1.512	2677	3.268	7.934
47.140	3.984e-04	-1.587	2657	3.331	7.384
47.140	5.236e-04	-1.661	2643	3.395	6.858
47.140	6.873e-04	-1.732	2634	3.460	6.361
47.140	9.033e-04	-1.799	2631	3.525	5.902
47.140	1.192e-03	-1.856	2635	3.585	5.512
47.140	1.561e-03	-1.893	2638	3.624	5.271
47.140	2.049e-03	-1.912	2639	3.644	5.152
47.140	2.683e-03	-1.926	2640	3.658	5.067
47.140	3.534e-03	-1.947	2641	3.680	4.940
47.140	4.644e-03	-1.994	2644	3.729	4.667
47.140	6.106e-03	-2.126	2662	3.873	3.958
47.140	8.026e-03	-2.251	2681	4.010	3.380
47.140	1.047e-02	-2.385	2648	4.123	2.967
47.140	1.382e-02	-2.514	2606	4.224	2.642
47.140	1.809e-02	-2.628	2567	4.311	2.388
47.140	2.355e-02	-2.732	2530	4.391	2.180
47.140	3.062e-02	-2.832	2494	4.465	2.001
47.140	4.019e-02	-2.929	2460	4.539	1.838
47.140	5.282e-02	-3.034	2413	4.610	1.693
47.140	6.889e-02	-3.142	2354	4.675	1.571
47.140	9.094e-02	-3.260	2283	4.739	1.459
47.140	1.190e-01	-3.378	2204	4.797	1.365
47.140	1.550e-01	-3.502	2116	4.850	1.284
47.140	2.046e-01	-3.640	2012	4.901	1.212
47.140	2.679e-01	-3.768	1919	4.946	1.150
47.140	3.536e-01	-3.920	1801	4.988	1.096
47.140	4.629e-01	-4.056	1701	5.025	1.051
47.140	6.110e-01	-4.194	1603	5.059	1.009
47.140	7.998e-01	-4.345	1496	5.090	0.974
47.140	1.050e+00	-4.501	1389	5.118	0.944
47.140	1.380e+00	-4.652	1292	5.142	0.918
47.140	1.814e+00	-4.810	1194	5.164	0.895
47.140	2.384e+00	-4.972	1100	5.184	0.875
47.140	3.110e+00	-5.133	1012	5.200	0.858
47.140	4.105e+00	-5.301	927	5.216	0.843
47.140	5.374e+00	-5.466	850	5.229	0.831
47.140	7.093e+00	-5.634	776	5.241	0.819
47.140	9.269e+00	-5.792	713	5.251	0.810
50.283	1.012e-04	-1.085	2929	3.026	10.830
50.283	1.325e-04	-1.185	2869	3.090	10.068
50.283	1.739e-04	-1.283	2809	3.152	9.373
50.283	2.285e-04	-1.380	2754	3.213	8.734
50.283	3.005e-04	-1.465	2715	3.274	8.141
50.283	3.949e-04	-1.548	2683	3.336	7.582
50.283	5.213e-04	-1.622	2668	3.400	7.041
50.283	6.867e-04	-1.696	2654	3.465	6.536
50.283	9.025e-04	-1.761	2650	3.527	6.084
50.283	1.187e-03	-1.813	2650	3.580	5.725
50.283	1.559e-03	-1.844	2652	3.612	5.515
50.283	2.034e-03	-1.860	2653	3.629	5.413
50.283	2.670e-03	-1.874	2654	3.644	5.320
50.283	3.509e-03	-1.898	2656	3.669	5.168
50.283	4.632e-03	-1.961	2660	3.734	4.794
50.283	5.837e-03	-2.083	2671	3.863	4.132
50.283	7.672e-03	-2.205	2690	3.998	3.540
50.283	1.007e-02	-2.324	2685	4.114	3.096
50.283	1.319e-02	-2.451	2644	4.214	2.760
50.283	1.726e-02	-2.565	2605	4.303	2.491
50.283	2.248e-02	-2.671	2568	4.383	2.271
50.283	2.967e-02	-2.776	2530	4.462	2.073
50.283	3.884e-02	-2.873	2496	4.536	1.905
50.283	5.098e-02	-2.967	2464	4.607	1.754
50.283	6.675e-02	-3.074	2409	4.676	1.621
50.283	8.739e-02	-3.184	2348	4.740	1.505
50.283	1.147e-01	-3.297	2278	4.802	1.403
50.283	1.502e-01	-3.420	2194	4.858	1.314
50.283	1.966e-01	-3.550	2097	4.911	1.237
50.283	2.581e-01	-3.681	2000	4.959	1.171
50.283	3.392e-01	-3.819	1895	5.003	1.112
50.283	4.486e-01	-3.966	1782	5.044	1.061
50.283	5.851e-01	-4.099	1685	5.079	1.019
50.283	7.723e-01	-4.236	1587	5.113	0.980
50.283	1.017e+00	-4.402	1469	5.143	0.947
50.283	1.337e+00	-4.550	1369	5.170	0.918
50.283	1.758e+00	-4.703	1271	5.193	0.894
50.283	2.310e+00	-4.863	1173	5.214	0.872
50.283	3.038e+00	-5.027	1079	5.233	0.854
50.283	3.992e+00	-5.192	990	5.249	0.838
50.283	5.249e+00	-5.359	907	5.264	0.824
50.283	6.899e+00	-5.528	829	5.276	0.812
50.283	9.071e+00	-5.693	759	5.287	0.802
52.378	1.009e-04	-1.052	2959	3.029	11.023
52.378	1.326e-04	-1.153	2898	3.094	10.229
52.378	1.750e-04	-1.255	2836	3.158	9.502
52.378	2.287e-04	-1.350	2780	3.218	8.865
52.378	2.983e-04	-1.435	2739	3.277	8.278
52.378	3.937e-04	-1.520	2705	3.340	7.702
52.378	5.154e-04	-1.594	2685	3.402	7.174
52.378	6.764e-04	-1.667	2670	3.465	6.673
52.378	8.858e-04	-1.732	2662	3.524	6.229
52.378	1.152e-03	-1.781	2661	3.572	5.895
52.378	1.505e-03	-1.810	2661	3.602	5.696
52.378	1.979e-03	-1.826	2662	3.618	5.592
52.378	2.591e-03	-1.840	2663	3.633	5.495
52.378	3.392e-03	-1.865	2664	3.659	5.337
52.378	4.477e-03	-1.930	2669	3.726	4.937
52.378	5.659e-03	-2.055	2676	3.857	4.247
52.378	7.484e-03	-2.178	2696	3.992	3.635
52.378	9.761e-03	-2.282	2708	4.105	3.192
52.378	1.288e-02	-2.413	2668	4.209	2.832
52.378	1.687e-02	-2.528	2629	4.299	2.554
52.378	2.226e-02	-2.639	2589	4.384	2.316
52.378	2.915e-02	-2.741	2553	4.461	2.119
52.378	3.847e-02	-2.841	2518	4.537	1.942
52.378	5.037e-02	-2.934	2486	4.608	1.789
52.378	6.610e-02	-3.036	2441	4.678	1.650
52.378	8.688e-02	-3.143	2385	4.745	1.528
52.378	1.147e-01	-3.260	2313	4.809	1.420
52.378	1.501e-01	-3.378	2235	4.867	1.328
52.378	1.970e-01	-3.505	2144	4.921	1.248
52.378	2.590e-01	-3.639	2042	4.971	1.178
52.378	3.405e-01	-3.768	1947	5.017	1.118
52.378	4.503e-01	-3.922	1825	5.059	1.065
52.378	5.918e-01	-4.058	1724	5.096	1.020
52.378	7.781e-01	-4.192	1628	5.130	0.981
52.378	1.023e+00	-4.347	1516	5.161	0.946
52.378	1.350e+00	-4.502	1409	5.189	0.917
52.378	1.767e+00	-4.650	1312	5.213	0.892
52.378	2.333e+00	-4.809	1212	5.235	0.869
52.378	3.073e+00	-4.973	1116	5.255	0.850
52.378	4.039e+00	-5.139	1024	5.271	0.833
52.378	5.310e+00	-5.305	939	5.286	0.819
52.378	6.979e+00	-5.473	859	5.299	0.807
52.378	9.212e+00	-5.642	784	5.311	0.796
55.521	1.020e-04	-1.011	2998	3.036	11.259
55.521	1.342e-04	-1.112	2939	3.102	10.435
55.521	1.763e-04	-1.213	2876	3.165	9.695
55.521	2.318e-04	-1.312	2816	3.228	9.025
55.521	3.047e-04	-1.400	2773	3.289	8.408
55.521	4.006e-04	-1.485	2737	3.351	7.831
55.521	5.246e-04	-1.565	2707	3.412	7.299
55.521	6.855e-04	-1.634	2693	3.472	6.810
55.521	9.013e-04	-1.699	2681	3.529	6.380
55.521	1.185e-03	-1.743	2678	3.571	6.079
55.521	1.558e-03	-1.766	2677	3.593	5.923
55.521	2.040e-03	-1.780	2677	3.607	5.830
55.521	2.687e-03	-1.798	2677	3.625	5.712
55.521	3.531e-03	-1.831	2678	3.659	5.492
55.521	4.594e-03	-1.925	2684	3.757	4.904
55.521	5.916e-03	-2.056	2691	3.892	4.198
55.521	7.775e-03	-2.168	2708	4.016	3.641
55.521	1.014e-02	-2.267	2723	4.124	3.215
55.521	1.331e-02	-2.387	2692	4.225	2.864
55.521	1.749e-02	-2.503	2652	4.315	2.582
55.521	2.282e-02	-2.608	2615	4.395	2.353
55.521	3.012e-02	-2.713	2578	4.475	2.147
55.521	3.943e-02	-2.809	2545	4.548	1.973
55.521	5.205e-02	-2.905	2513	4.622	1.812
55.521	6.802e-02	-2.998	2478	4.691	1.674
55.521	8.872e-02	-3.102	2424	4.757	1.551
55.521	1.173e-01	-3.217	2356	4.823	1.439
55.521	1.543e-01	-3.331	2285	4.883	1.342
55.521	2.027e-01	-3.455	2198	4.940	1.257
55.521	2.666e-01	-3.590	2095	4.991	1.185
55.521	3.503e-01	-3.717	2001	5.038	1.122
55.521	4.624e-01	-3.865	1884	5.082	1.067
55.521	6.092e-01	-4.005	1778	5.121	1.021
55.521	7.977e-01	-4.135	1682	5.155	0.981
55.521	1.044e+00	-4.274	1581	5.187	0.946
55.521	1.381e+00	-4.435	1466	5.216	0.914
55.521	1.816e+00	-4.581	1368	5.242	0.888
55.521	2.386e+00	-4.734	1269	5.264	0.865
55.521	3.138e+00	-4.894	1171	5.285	0.845
55.521	4.124e+00	-5.057	1077	5.302	0.828
55.521	5.422e+00	-5.220	989	5.318	0.813
55.521	7.126e+00	-5.385	907	5.332	0.801
55.521	9.369e+00	-5.552	830	5.344	0.789
57.616	1.031e-04	-0.986	3022	3.040	11.406
57.616	1.353e-04	-1.086	2964	3.107	10.569
57.616	1.772e-04	-1.186	2902	3.170	9.823
57.616	2.320e-04	-1.284	2842	3.232	9.150
57.616	3.063e-04	-1.375	2797	3.295	8.512
57.616	4.009e-04	-1.460	2759	3.355	7.936
57.616	5.262e-04	-1.542	2725	3.417	7.395
57.616	6.916e-04	-1.614	2707	3.477	6.901
57.616	9.093e-04	-1.674	2696	3.530	6.488
57.616	1.195e-03	-1.716	2690	3.567	6.218
57.616	1.571e-03	-1.735	2689	3.587	6.081
57.616	2.058e-03	-1.749	2689	3.600	5.987
57.616	2.710e-03	-1.769	2688	3.620	5.854
57.616	3.562e-03	-1.810	2687	3.660	5.590
57.616	4.616e-03	-1.920	2694	3.775	4.898
57.616	5.843e-03	-2.038	2698	3.895	4.262
57.616	7.683e-03	-2.149	2714	4.016	3.708
57.616	1.010e-02	-2.248	2729	4.125	3.270
57.616	1.328e-02	-2.361	2711	4.226	2.912
57.616	1.745e-02	-2.477	2671	4.317	2.624
57.616	2.290e-02	-2.584	2633	4.399	2.386
57.616	2.999e-02	-2.686	2597	4.477	2.183
57.616	3.926e-02	-2.782	2564	4.550	2.005
57.616	5.182e-02	-2.877	2532	4.624	1.842
57.616	6.772e-02	-2.968	2501	4.694	1.700
57.616	8.833e-02	-3.070	2451	4.760	1.575
57.616	1.166e-01	-3.182	2387	4.827	1.459
57.616	1.524e-01	-3.289	2324	4.887	1.361
57.616	2.003e-01	-3.411	2240	4.945	1.273
57.616	2.633e-01	-3.542	2143	4.998	1.197
57.616	3.462e-01	-3.672	2043	5.047	1.132
57.616	4.533e-01	-3.807	1939	5.091	1.076
57.616	5.934e-01	-3.947	1830	5.130	1.029
57.616	7.833e-01	-4.082	1729	5.167	0.986
57.616	1.032e+00	-4.213	1634	5.200	0.949
57.616	1.356e+00	-4.371	1519	5.230	0.917
57.616	1.790e+00	-4.517	1417	5.256	0.890
57.616	2.343e+00	-4.663	1321	5.279	0.866
57.616	3.093e+00	-4.820	1222	5.301	0.845
57.616	4.049e+00	-4.976	1129	5.319	0.828
57.616	5.345e+00	-5.140	1037	5.336	0.812
57.616	6.998e+00	-5.300	953	5.350	0.799
57.616	9.237e+00	-5.467	872	5.363	0.787
60.759	1.010e-04	-0.938	3062	3.038	11.744
60.759	1.328e-04	-1.038	3005	3.106	10.863
60.759	1.753e-04	-1.140	2945	3.172	10.063
60.759	2.295e-04	-1.239	2884	3.235	9.364
60.759	3.029e-04	-1.332	2836	3.298	8.704
60.759	3.965e-04	-1.419	2793	3.359	8.113
60.759	5.163e-04	-1.500	2759	3.418	7.580
60.759	6.816e-04	-1.577	2730	3.478	7.080
60.759	8.907e-04	-1.632	2720	3.526	6.694
60.759	1.162e-03	-1.668	2713	3.558	6.455
60.759	1.533e-03	-1.687	2710	3.575	6.327
60.759	2.004e-03	-1.702	2708	3.589	6.230
60.759	2.645e-03	-1.725	2704	3.610	6.081
60.759	3.463e-03	-1.771	2703	3.654	5.776
60.759	4.492e-03	-1.893	2706	3.778	5.008
60.759	5.830e-03	-2.018	2711	3.906	4.323
60.759	7.662e-03	-2.125	2724	4.022	3.782
60.759	9.995e-03	-2.220	2738	4.126	3.358
60.759	1.319e-02	-2.320	2739	4.227	2.988
60.759	1.724e-02	-2.435	2700	4.316	2.696
60.759	2.267e-02	-2.543	2662	4.400	2.448
60.759	2.979e-02	-2.646	2625	4.479	2.236
60.759	3.917e-02	-2.743	2592	4.554	2.050
60.759	5.129e-02	-2.836	2561	4.626	1.887
60.759	6.703e-02	-2.927	2530	4.696	1.742
60.759	8.743e-02	-3.022	2491	4.763	1.611
60.759	1.148e-01	-3.128	2434	4.830	1.493
60.759	1.503e-01	-3.236	2371	4.892	1.390
60.759	1.967e-01	-3.348	2300	4.951	1.298
60.759	2.582e-01	-3.470	2214	5.007	1.218
60.759	3.393e-01	-3.605	2109	5.057	1.149
60.759	4.426e-01	-3.727	2018	5.103	1.090
60.759	5.843e-01	-3.874	1900	5.145	1.038
60.759	7.696e-01	-4.009	1796	5.183	0.994
60.759	1.012e+00	-4.135	1704	5.216	0.956
60.759	1.330e+00	-4.271	1603	5.248	0.923
60.759	1.748e+00	-4.421	1494	5.275	0.894
60.759	2.307e+00	-4.560	1399	5.300	0.869
60.759	3.020e+00	-4.702	1305	5.321	0.848
60.759	3.987e+00	-4.853	1210	5.341	0.829
60.759	5.219e+00	-5.004	1121	5.358	0.813
60.759	6.889e+00	-5.161	1033	5.373	0.798
60.759	9.019e+00	-5.314	953	5.387	0.786
62.854	1.009e-04	-0.913	3083	3.039	11.928
62.854	1.326e-04	-1.011	3030	3.108	11.026
62.854	1.743e-04	-1.112	2971	3.174	10.218
62.854	2.291e-04	-1.212	2910	3.238	9.491
62.854	3.012e-04	-1.304	2861	3.301	8.827
62.854	3.959e-04	-1.394	2816	3.363	8.218
62.854	5.164e-04	-1.476	2779	3.422	7.676
62.854	6.817e-04	-1.554	2747	3.480	7.181
62.854	8.924e-04	-1.607	2735	3.526	6.815
62.854	1.178e-03	-1.640	2729	3.554	6.593
62.854	1.542e-03	-1.657	2726	3.569	6.480
62.854	2.024e-03	-1.673	2723	3.583	6.375
62.854	2.660e-03	-1.699	2718	3.607	6.207
62.854	3.511e-03	-1.759	2713	3.663	5.815
62.854	4.504e-03	-1.885	2715	3.791	5.019
62.854	5.920e-03	-2.011	2719	3.920	4.327
62.854	7.770e-03	-2.116	2731	4.032	3.803
62.854	1.010e-02	-2.207	2745	4.132	3.390
62.854	1.323e-02	-2.298	2756	4.229	3.031
62.854	1.720e-02	-2.409	2718	4.317	2.739
62.854	2.247e-02	-2.516	2680	4.400	2.491
62.854	2.954e-02	-2.619	2644	4.479	2.274
62.854	3.883e-02	-2.716	2611	4.554	2.085
62.854	5.105e-02	-2.811	2579	4.628	1.916
62.854	6.686e-02	-2.902	2548	4.698	1.767
62.854	8.737e-02	-2.993	2515	4.767	1.633
62.854	1.140e-01	-3.097	2460	4.832	1.514
62.854	1.504e-01	-3.207	2398	4.897	1.405
62.854	1.969e-01	-3.313	2335	4.957	1.311
62.854	2.599e-01	-3.438	2247	5.015	1.227
62.854	3.403e-01	-3.568	2147	5.066	1.156
62.854	4.492e-01	-3.696	2051	5.114	1.094
62.854	5.917e-01	-3.836	1940	5.157	1.041
62.854	7.776e-01	-3.969	1835	5.195	0.997
62.854	1.021e+00	-4.093	1742	5.229	0.959
62.854	1.341e+00	-4.218	1651	5.260	0.925
62.854	1.771e+00	-4.366	1541	5.288	0.896
62.854	2.318e+00	-4.496	1449	5.312	0.872
62.854	3.060e+00	-4.631	1358	5.334	0.850
62.854	4.005e+00	-4.768	1269	5.353	0.831
62.854	5.287e+00	-4.913	1180	5.371	0.814
62.854	6.965e+00	-5.060	1094	5.387	0.800
62.854	9.154e+00	-5.206	1014	5.401	0.787
65.997	1.029e-04	-0.884	3108	3.046	12.123
65.997	1.359e-04	-0.982	3060	3.116	11.185
65.997	1.779e-04	-1.081	3001	3.182	10.369
65.997	2.348e-04	-1.181	2943	3.248	9.612
65.997	3.074e-04	-1.273	2894	3.311	8.943
65.997	4.003e-04	-1.361	2848	3.371	8.344
65.997	5.253e-04	-1.446	2807	3.431	7.788
65.997	6.904e-04	-1.519	2776	3.485	7.316
65.997	9.006e-04	-1.571	2756	3.524	6.994
65.997	1.189e-03	-1.597	2751	3.547	6.811
65.997	1.556e-03	-1.612	2749	3.561	6.706
65.997	2.043e-03	-1.630	2745	3.576	6.587
65.997	2.684e-03	-1.662	2740	3.604	6.377
65.997	3.543e-03	-1.747	2728	3.682	5.829
65.997	4.599e-03	-1.884	2728	3.819	4.982
65.997	6.071e-03	-2.004	2732	3.941	4.326
65.997	7.947e-03	-2.104	2741	4.048	3.828
65.997	1.043e-02	-2.195	2755	4.148	3.411
65.997	1.366e-02	-2.282	2768	4.243	3.058
65.997	1.785e-02	-2.390	2738	4.332	2.760
65.997	2.347e-02	-2.498	2700	4.416	2.506
65.997	3.085e-02	-2.601	2663	4.494	2.289
65.997	4.023e-02	-2.694	2632	4.568	2.104
65.997	5.311e-02	-2.790	2601	4.642	1.931
65.997	6.952e-02	-2.881	2569	4.712	1.781
65.997	9.177e-02	-2.975	2536	4.783	1.641
65.997	1.199e-01	-3.077	2485	4.850	1.520
65.997	1.564e-01	-3.180	2427	4.913	1.414
65.997	2.053e-01	-3.284	2368	4.974	1.318
65.997	2.689e-01	-3.402	2287	5.031	1.234
65.997	3.520e-01	-3.527	2193	5.084	1.162
65.997	4.619e-01	-3.653	2096	5.131	1.100
65.997	6.071e-01	-3.779	2000	5.175	1.046
65.997	7.982e-01	-3.915	1890	5.212	1.001
65.997	1.049e+00	-4.037	1796	5.246	0.964
65.997	1.379e+00	-4.148	1714	5.276	0.931
65.997	1.813e+00	-4.271	1622	5.303	0.902
65.997	2.365e+00	-4.394	1531	5.326	0.879
65.997	3.121e+00	-4.508	1451	5.347	0.858
65.997	4.086e+00	-4.621	1375	5.365	0.840
65.997	5.394e+00	-4.739	1296	5.382	0.823
65.997	7.061e+00	-4.856	1223	5.397	0.809
65.997	9.320e+00	-4.977	1150	5.411	0.796
67.044	1.005e-04	-0.864	3122	3.041	12.298
67.044	1.321e-04	-0.960	3075	3.110	11.356
67.044	1.736e-04	-1.060	3018	3.177	10.508
67.044	2.282e-04	-1.158	2960	3.243	9.748
67.044	3.001e-04	-1.252	2910	3.307	9.055
67.044	3.929e-04	-1.342	2863	3.368	8.433
67.044	5.144e-04	-1.428	2821	3.428	7.876
67.044	6.790e-04	-1.503	2788	3.483	7.394
67.044	8.888e-04	-1.555	2767	3.522	7.068
67.044	1.173e-03	-1.582	2759	3.544	6.890
67.044	1.536e-03	-1.597	2756	3.557	6.786
67.044	2.040e-03	-1.616	2753	3.574	6.657
67.044	2.681e-03	-1.650	2747	3.604	6.433
67.044	3.539e-03	-1.744	2733	3.689	5.830
67.044	4.633e-03	-1.883	2732	3.828	4.971
67.044	6.116e-03	-2.001	2736	3.948	4.328
67.044	8.006e-03	-2.100	2745	4.053	3.836
67.044	1.051e-02	-2.190	2759	4.152	3.422
67.044	1.376e-02	-2.276	2771	4.246	3.071
67.044	1.798e-02	-2.382	2745	4.335	2.772
67.044	2.364e-02	-2.490	2707	4.419	2.517
67.044	3.107e-02	-2.592	2670	4.497	2.299
67.044	4.086e-02	-2.689	2639	4.573	2.107
67.044	5.370e-02	-2.782	2608	4.646	1.937
67.044	7.004e-02	-2.872	2577	4.716	1.788
67.044	9.105e-02	-2.961	2545	4.783	1.655
67.044	1.186e-01	-3.059	2498	4.849	1.534
67.044	1.556e-01	-3.164	2441	4.913	1.424
67.044	2.045e-01	-3.268	2383	4.975	1.326
67.044	2.699e-01	-3.387	2302	5.035	1.238
67.044	3.534e-01	-3.510	2212	5.088	1.165
67.044	4.674e-01	-3.640	2111	5.137	1.101
67.044	6.096e-01	-3.757	2023	5.179	1.049
67.044	8.047e-01	-3.895	1909	5.218	1.003
67.044	1.053e+00	-4.013	1818	5.250	0.966
67.044	1.390e+00	-4.124	1735	5.280	0.933
67.044	1.817e+00	-4.235	1652	5.306	0.906
67.044	2.399e+00	-4.357	1561	5.330	0.882
67.044	3.140e+00	-4.462	1486	5.349	0.862
67.044	4.145e+00	-4.567	1414	5.368	0.844
67.044	5.426e+00	-4.669	1346	5.383	0.829
67.044	7.121e+00	-4.773	1278	5.398	0.815
67.044	9.359e+00	-4.877	1213	5.411	0.803
68.092	1.017e-04	-0.857	3129	3.044	12.344
68.092	1.342e-04	-0.954	3082	3.115	11.382
68.092	1.757e-04	-1.052	3026	3.181	10.543
68.092	2.319e-04	-1.152	2969	3.248	9.767
68.092	3.054e-04	-1.246	2919	3.312	9.066
68.092	4.014e-04	-1.338	2870	3.375	8.436
68.092	5.236e-04	-1.421	2829	3.433	7.890
68.092	6.911e-04	-1.494	2796	3.486	7.420
68.092	9.048e-04	-1.543	2777	3.523	7.117
68.092	1.194e-03	-1.569	2767	3.543	6.955
68.092	1.561e-03	-1.584	2763	3.555	6.854
68.092	2.036e-03	-1.602	2760	3.572	6.727
68.092	2.687e-03	-1.638	2754	3.604	6.483
68.092	3.518e-03	-1.738	2737	3.693	5.850
68.092	4.497e-03	-1.864	2735	3.818	5.066
68.092	5.936e-03	-1.982	2740	3.938	4.410
68.092	7.757e-03	-2.082	2746	4.042	3.912
68.092	1.020e-02	-2.173	2760	4.142	3.488
68.092	1.340e-02	-2.260	2773	4.237	3.125
68.092	1.762e-02	-2.362	2756	4.329	2.813
68.092	2.316e-02	-2.471	2718	4.413	2.552
68.092	3.040e-02	-2.573	2681	4.492	2.331
68.092	3.981e-02	-2.668	2650	4.567	2.138
68.092	5.202e-02	-2.761	2620	4.639	1.968
68.092	6.763e-02	-2.850	2589	4.708	1.818
68.092	8.821e-02	-2.939	2558	4.776	1.681
68.092	1.164e-01	-3.039	2513	4.846	1.551
68.092	1.534e-01	-3.145	2456	4.912	1.437
68.092	2.009e-01	-3.248	2399	4.974	1.339
68.092	2.629e-01	-3.360	2327	5.032	1.252
68.092	3.451e-01	-3.479	2241	5.086	1.176
68.092	4.519e-01	-3.607	2140	5.135	1.112
68.092	5.916e-01	-3.723	2053	5.178	1.058
68.092	7.824e-01	-3.859	1943	5.218	1.011
68.092	1.033e+00	-3.979	1849	5.252	0.972
68.092	1.352e+00	-4.085	1768	5.281	0.940
68.092	1.775e+00	-4.188	1692	5.307	0.912
68.092	2.332e+00	-4.300	1607	5.330	0.889
68.092	3.042e+00	-4.400	1534	5.348	0.870
68.092	4.015e+00	-4.492	1469	5.366	0.853
68.092	5.257e+00	-4.581	1408	5.380	0.838
68.092	6.939e+00	-4.669	1348	5.394	0.825
68.092	9.083e+00	-4.753	1293	5.406	0.814
69.139	1.027e-04	-0.849	3137	3.047	12.395
69.139	1.339e-04	-0.942	3092	3.115	11.467
69.139	1.768e-04	-1.042	3036	3.184	10.593
69.139	2.314e-04	-1.139	2981	3.248	9.833
69.139	3.055e-04	-1.234	2931	3.314	9.120
69.139	3.999e-04	-1.324	2883	3.376	8.493
69.139	5.249e-04	-1.410	2839	3.435	7.933
69.139	6.898e-04	-1.481	2807	3.486	7.477
69.139	8.998e-04	-1.527	2788	3.521	7.186
69.139	1.188e-03	-1.553	2778	3.540	7.030
69.139	1.552e-03	-1.569	2772	3.553	6.929
69.139	2.049e-03	-1.590	2767	3.570	6.790
69.139	2.699e-03	-1.629	2760	3.605	6.526
69.139	3.547e-03	-1.741	2742	3.706	5.809
69.139	4.664e-03	-1.877	2740	3.840	4.976
69.139	6.129e-03	-1.989	2744	3.955	4.361
69.139	8.059e-03	-2.089	2751	4.059	3.868
69.139	1.059e-02	-2.178	2765	4.157	3.455
69.139	1.381e-02	-2.262	2777	4.249	3.109
69.139	1.796e-02	-2.359	2762	4.336	2.812
69.139	2.357e-02	-2.467	2724	4.419	2.554
69.139	3.098e-02	-2.569	2687	4.498	2.332
69.139	4.073e-02	-2.666	2656	4.574	2.137
69.139	5.353e-02	-2.759	2624	4.648	1.964
69.139	6.983e-02	-2.850	2594	4.717	1.812
69.139	9.217e-02	-2.943	2560	4.789	1.669
69.139	1.207e-01	-3.040	2517	4.856	1.545
69.139	1.593e-01	-3.147	2460	4.923	1.431
69.139	2.081e-01	-3.248	2404	4.984	1.334
69.139	2.737e-01	-3.361	2330	5.043	1.246
69.139	3.597e-01	-3.481	2244	5.097	1.170
69.139	4.691e-01	-3.606	2146	5.144	1.108
69.139	6.157e-01	-3.721	2059	5.188	1.055
69.139	8.092e-01	-3.850	1954	5.226	1.009
69.139	1.068e+00	-3.967	1862	5.259	0.972
69.139	1.407e+00	-4.071	1782	5.287	0.940
69.139	1.849e+00	-4.167	1711	5.312	0.914
69.139	2.431e+00	-4.267	1635	5.334	0.891
69.139	3.196e+00	-4.361	1565	5.352	0.873
69.139	4.218e+00	-4.442	1507	5.367	0.858
69.139	5.557e+00	-4.514	1457	5.380	0.845
69.139	7.303e+00	-4.583	1409	5.391	0.834
69.139	9.602e+00	-4.644	1368	5.401	0.825
70.187	1.007e-04	-0.831	3149	3.043	12.553
70.187	1.322e-04	-0.927	3103	3.112	11.588
70.187	1.738e-04	-1.024	3051	3.180	10.714
70.187	2.267e-04	-1.120	2996	3.245	9.951
70.187	2.992e-04	-1.215	2946	3.310	9.226
70.187	3.917e-04	-1.306	2897	3.373	8.588
70.187	5.141e-04	-1.392	2853	3.432	8.021
70.187	6.757e-04	-1.464	2819	3.483	7.560
70.187	8.884e-04	-1.511	2800	3.518	7.261
70.187	1.168e-03	-1.536	2790	3.537	7.108
70.187	1.523e-03	-1.552	2783	3.549	7.007
70.187	2.010e-03	-1.575	2774	3.567	6.866
70.187	2.648e-03	-1.615	2767	3.601	6.599
70.187	3.480e-03	-1.729	2747	3.703	5.870
70.187	4.576e-03	-1.864	2744	3.836	5.035
70.187	6.014e-03	-1.976	2747	3.950	4.416
70.187	7.907e-03	-2.076	2753	4.054	3.919
70.187	1.039e-02	-2.165	2766	4.151	3.503
70.187	1.356e-02	-2.249	2779	4.243	3.153
70.187	1.789e-02	-2.346	2770	4.335	2.836
70.187	2.357e-02	-2.456	2732	4.420	2.571
70.187	3.087e-02	-2.557	2695	4.498	2.350
70.187	4.034e-02	-2.651	2665	4.573	2.157
70.187	5.303e-02	-2.746	2633	4.646	1.981
70.187	6.970e-02	-2.838	2602	4.718	1.824
70.187	9.164e-02	-2.931	2569	4.789	1.682
70.187	1.200e-01	-3.026	2529	4.856	1.556
70.187	1.571e-01	-3.129	2474	4.921	1.444
70.187	2.074e-01	-3.234	2416	4.985	1.342
70.187	2.732e-01	-3.345	2346	5.045	1.252
70.187	3.590e-01	-3.463	2262	5.100	1.176
70.187	4.720e-01	-3.590	2163	5.149	1.111
70.187	6.204e-01	-3.704	2076	5.192	1.057
70.187	8.189e-01	-3.831	1973	5.231	1.011
70.187	1.079e+00	-3.944	1883	5.263	0.975
70.187	1.418e+00	-4.044	1806	5.290	0.944
70.187	1.871e+00	-4.134	1739	5.314	0.919
70.187	2.446e+00	-4.218	1676	5.334	0.898
70.187	3.228e+00	-4.304	1611	5.351	0.881
70.187	4.226e+00	-4.373	1559	5.364	0.867
70.187	5.578e+00	-4.430	1519	5.375	0.857
70.187	7.348e+00	-4.478	1485	5.384	0.848
70.187	9.622e+00	-4.516	1459	5.390	0.841
71.234	1.013e-04	-0.823	3156	3.045	12.621
71.234	1.326e-04	-0.917	3111	3.114	11.657
71.234	1.736e-04	-1.012	3062	3.181	10.788
71.234	2.278e-04	-1.110	3006	3.247	9.998
71.234	2.994e-04	-1.203	2958	3.312	9.278
71.234	3.937e-04	-1.296	2908	3.375	8.626
71.234	5.174e-04	-1.383	2862	3.435	8.056
71.234	6.803e-04	-1.453	2828	3.485	7.604
71.234	8.941e-04	-1.498	2810	3.518	7.321
71.234	1.176e-03	-1.521	2801	3.535	7.177
71.234	1.539e-03	-1.538	2794	3.548	7.072
71.234	2.028e-03	-1.562	2784	3.566	6.922
71.234	2.665e-03	-1.607	2773	3.604	6.631
71.234	3.489e-03	-1.728	2752	3.711	5.857
71.234	4.579e-03	-1.860	2747	3.841	5.046
71.234	6.018e-03	-1.970	2751	3.953	4.433
71.234	7.912e-03	-2.070	2755	4.056	3.939
71.234	1.040e-02	-2.158	2769	4.153	3.524
71.234	1.356e-02	-2.241	2782	4.244	3.174
71.234	1.766e-02	-2.330	2780	4.331	2.869
71.234	2.331e-02	-2.441	2741	4.418	2.598
71.234	3.052e-02	-2.542	2705	4.496	2.374
71.234	4.028e-02	-2.640	2673	4.573	2.171
71.234	5.264e-02	-2.732	2642	4.646	1.998
71.234	6.921e-02	-2.825	2611	4.718	1.839
71.234	9.097e-02	-2.918	2578	4.788	1.696
71.234	1.187e-01	-3.009	2543	4.855	1.570
71.234	1.569e-01	-3.116	2485	4.923	1.452
71.234	2.047e-01	-3.217	2430	4.984	1.353
71.234	2.702e-01	-3.325	2365	5.045	1.262
71.234	3.559e-01	-3.443	2281	5.101	1.183
71.234	4.661e-01	-3.566	2186	5.150	1.119
71.234	6.101e-01	-3.679	2099	5.192	1.064
71.234	8.008e-01	-3.795	2007	5.231	1.019
71.234	1.052e+00	-3.908	1915	5.263	0.982
71.234	1.389e+00	-4.006	1839	5.290	0.952
71.234	1.819e+00	-4.088	1777	5.312	0.928
71.234	2.401e+00	-4.164	1720	5.331	0.907
71.234	3.143e+00	-4.233	1668	5.347	0.891
71.234	4.156e+00	-4.295	1621	5.359	0.879
71.234	5.464e+00	-4.341	1587	5.368	0.870
71.234	7.182e+00	-4.373	1563	5.374	0.864
71.234	9.442e+00	-4.393	1549	5.378	0.860
72.282	1.001e-04	-0.809	3165	3.042	12.752
72.282	1.314e-04	-0.903	3121	3.112	11.766
72.282	1.727e-04	-0.998	3074	3.180	10.873
72.282	2.252e-04	-1.094	3019	3.245	10.092
72.282	2.956e-04	-1.187	2972	3.310	9.364
72.282	3.885e-04	-1.280	2921	3.374	8.705
72.282	5.108e-04	-1.367	2875	3.433	8.129
72.282	6.713e-04	-1.438	2840	3.483	7.677
72.282	8.757e-04	-1.481	2822	3.514	7.402
72.282	1.156e-03	-1.504	2812	3.532	7.255
72.282	1.511e-03	-1.521	2806	3.545	7.149
72.282	1.994e-03	-1.546	2795	3.564	6.995
72.282	2.610e-03	-1.593	2780	3.601	6.703
72.282	3.445e-03	-1.718	2758	3.712	5.899
72.282	4.557e-03	-1.853	2751	3.843	5.071
72.282	5.965e-03	-1.961	2755	3.953	4.469
72.282	7.767e-03	-2.057	2758	4.051	3.990
72.282	1.025e-02	-2.147	2771	4.149	3.565
72.282	1.342e-02	-2.231	2784	4.241	3.208
72.282	1.748e-02	-2.314	2790	4.328	2.901
72.282	2.294e-02	-2.424	2751	4.413	2.630
72.282	2.982e-02	-2.523	2715	4.490	2.407
72.282	3.905e-02	-2.619	2684	4.566	2.207
72.282	5.103e-02	-2.711	2654	4.638	2.030
72.282	6.709e-02	-2.804	2622	4.711	1.868
72.282	8.817e-02	-2.897	2590	4.781	1.722
72.282	1.150e-01	-2.986	2557	4.848	1.593
72.282	1.518e-01	-3.092	2502	4.916	1.474
72.282	1.984e-01	-3.193	2447	4.979	1.372
72.282	2.588e-01	-3.293	2390	5.038	1.281
72.282	3.416e-01	-3.409	2310	5.095	1.200
72.282	4.472e-01	-3.529	2220	5.145	1.132
72.282	5.902e-01	-3.647	2128	5.190	1.075
72.282	7.713e-01	-3.751	2048	5.228	1.029
72.282	1.018e+00	-3.868	1951	5.261	0.991
72.282	1.333e+00	-3.960	1879	5.287	0.961
72.282	1.759e+00	-4.042	1815	5.309	0.937
72.282	2.318e+00	-4.109	1765	5.327	0.918
72.282	3.046e+00	-4.165	1723	5.342	0.903
72.282	4.005e+00	-4.213	1687	5.353	0.892
72.282	5.264e+00	-4.249	1659	5.360	0.884
72.282	6.908e+00	-4.271	1642	5.364	0.880
72.282	9.080e+00	-4.283	1633	5.367	0.877
73.330	1.001e-04	-0.799	3173	3.042	12.840
73.330	1.305e-04	-0.890	3131	3.111	11.866
73.330	1.723e-04	-0.987	3083	3.181	10.949
73.330	2.256e-04	-1.084	3029	3.247	10.148
73.330	2.978e-04	-1.178	2982	3.313	9.400
73.330	3.898e-04	-1.269	2932	3.376	8.747
73.330	5.145e-04	-1.357	2885	3.436	8.163
73.330	6.724e-04	-1.426	2851	3.483	7.729
73.330	8.841e-04	-1.468	2832	3.514	7.461
73.330	1.162e-03	-1.489	2823	3.530	7.323
73.330	1.516e-03	-1.506	2816	3.543	7.216
73.330	2.004e-03	-1.533	2805	3.563	7.050
73.330	2.635e-03	-1.587	2786	3.605	6.721
73.330	3.463e-03	-1.720	2762	3.723	5.864
73.330	4.572e-03	-1.852	2755	3.850	5.067
73.330	5.985e-03	-1.957	2758	3.958	4.476
73.330	7.793e-03	-2.053	2761	4.055	4.002
73.330	1.029e-02	-2.142	2774	4.152	3.580
73.330	1.344e-02	-2.224	2786	4.242	3.226
73.330	1.753e-02	-2.307	2794	4.330	2.916
73.330	2.283e-02	-2.411	2759	4.412	2.651
73.330	3.014e-02	-2.517	2722	4.494	2.414
73.330	3.938e-02	-2.612	2691	4.569	2.214
73.330	5.178e-02	-2.706	2660	4.643	2.033
73.330	6.805e-02	-2.799	2628	4.715	1.871
73.330	8.947e-02	-2.891	2596	4.786	1.724
73.330	1.176e-01	-2.983	2562	4.855	1.592
73.330	1.546e-01	-3.087	2509	4.922	1.474
73.330	2.032e-01	-3.190	2453	4.986	1.370
73.330	2.672e-01	-3.292	2395	5.047	1.278
73.330	3.511e-01	-3.405	2317	5.103	1.198
73.330	4.617e-01	-3.524	2227	5.153	1.130
73.330	6.068e-01	-3.639	2138	5.197	1.075
73.330	7.964e-01	-3.741	2060	5.235	1.029
73.330	1.047e+00	-3.850	1970	5.266	0.993
73.330	1.382e+00	-3.939	1899	5.291	0.964
73.330	1.809e+00	-4.011	1843	5.311	0.943
73.330	2.387e+00	-4.068	1799	5.326	0.926
73.330	3.120e+00	-4.112	1766	5.338	0.914
73.330	4.102e+00	-4.145	1742	5.346	0.905
73.330	5.391e+00	-4.167	1725	5.352	0.899
73.330	7.032e+00	-4.179	1716	5.355	0.896
73.330	9.282e+00	-4.185	1711	5.356	0.895
74.377	1.024e-04	-0.797	3177	3.049	12.837
74.377	1.352e-04	-0.892	3134	3.120	11.822
74.377	1.770e-04	-0.986	3087	3.188	10.934
74.377	2.323e-04	-1.082	3035	3.255	10.127
74.377	3.053e-04	-1.175	2988	3.320	9.390
74.377	4.014e-04	-1.268	2938	3.384	8.729
74.377	5.257e-04	-1.352	2893	3.441	8.172
74.377	6.881e-04	-1.417	2859	3.486	7.756
74.377	9.083e-04	-1.456	2842	3.514	7.510
74.377	1.189e-03	-1.476	2834	3.529	7.385
74.377	1.561e-03	-1.494	2826	3.543	7.270
74.377	2.051e-03	-1.523	2814	3.564	7.088
74.377	2.708e-03	-1.588	2790	3.615	6.689
74.377	3.544e-03	-1.731	2764	3.741	5.783
74.377	4.688e-03	-1.858	2759	3.865	5.017
74.377	6.114e-03	-1.960	2762	3.969	4.450
74.377	8.025e-03	-2.056	2765	4.067	3.973
74.377	1.055e-02	-2.143	2778	4.162	3.565
74.377	1.387e-02	-2.227	2790	4.253	3.208
74.377	1.823e-02	-2.312	2798	4.343	2.894
74.377	2.406e-02	-2.421	2760	4.429	2.620
74.377	3.149e-02	-2.523	2724	4.507	2.394
74.377	4.101e-02	-2.616	2694	4.581	2.199
74.377	5.382e-02	-2.709	2663	4.655	2.021
74.377	7.074e-02	-2.802	2631	4.727	1.860
74.377	9.227e-02	-2.892	2600	4.795	1.719
74.377	1.218e-01	-2.985	2565	4.865	1.585
74.377	1.592e-01	-3.086	2514	4.931	1.470
74.377	2.093e-01	-3.189	2457	4.994	1.366
74.377	2.750e-01	-3.290	2400	5.055	1.275
74.377	3.616e-01	-3.402	2324	5.111	1.195
74.377	4.752e-01	-3.519	2236	5.161	1.129
74.377	6.248e-01	-3.631	2149	5.204	1.074
74.377	8.212e-01	-3.729	2074	5.240	1.030
74.377	1.080e+00	-3.832	1989	5.270	0.995
74.377	1.414e+00	-3.912	1924	5.293	0.969
74.377	1.851e+00	-3.974	1876	5.311	0.950
74.377	2.429e+00	-4.023	1837	5.324	0.935
74.377	3.193e+00	-4.057	1811	5.333	0.925
74.377	4.215e+00	-4.079	1795	5.339	0.919
74.377	5.517e+00	-4.091	1785	5.342	0.916
74.377	7.283e+00	-4.097	1781	5.344	0.914
74.377	9.517e+00	-4.099	1780	5.344	0.914
75.425	1.012e-04	-0.783	3185	3.046	12.971
75.425	1.322e-04	-0.874	3146	3.115	11.977
75.425	1.719e-04	-0.965	3102	3.181	11.097
75.425	2.234e-04	-1.058	3052	3.246	10.299
75.425	2.914e-04	-1.148	3007	3.310	9.565
75.425	3.825e-04	-1.240	2957	3.374	8.889
75.425	5.009e-04	-1.326	2911	3.432	8.312
75.425	6.557e-04	-1.395	2875	3.479	7.872
75.425	8.655e-04	-1.437	2855	3.509	7.606
75.425	1.133e-03	-1.458	2846	3.525	7.474
75.425	1.487e-03	-1.476	2838	3.538	7.360
75.425	1.954e-03	-1.503	2827	3.559	7.186
75.425	2.580e-03	-1.564	2803	3.604	6.819
75.425	3.377e-03	-1.703	2773	3.725	5.933
75.425	4.456e-03	-1.834	2762	3.848	5.147
75.425	5.858e-03	-1.939	2765	3.956	4.549
75.425	7.699e-03	-2.036	2768	4.055	4.059
75.425	1.004e-02	-2.121	2778	4.146	3.653
75.425	1.318e-02	-2.204	2791	4.237	3.290
75.425	1.726e-02	-2.286	2801	4.325	2.973
75.425	2.274e-02	-2.389	2775	4.412	2.689
75.425	2.988e-02	-2.493	2738	4.493	2.451
75.425	3.898e-02	-2.588	2707	4.568	2.248
75.425	5.116e-02	-2.682	2676	4.642	2.065
75.425	6.724e-02	-2.775	2645	4.714	1.899
75.425	8.840e-02	-2.867	2613	4.785	1.750
75.425	1.162e-01	-2.959	2579	4.855	1.616
75.425	1.528e-01	-3.058	2532	4.922	1.495
75.425	2.008e-01	-3.162	2476	4.987	1.388
75.425	2.619e-01	-3.258	2424	5.046	1.297
75.425	3.437e-01	-3.366	2353	5.103	1.215
75.425	4.517e-01	-3.477	2274	5.154	1.145
75.425	5.892e-01	-3.589	2185	5.197	1.090
75.425	7.733e-01	-3.686	2111	5.234	1.044
75.425	1.013e+00	-3.778	2038	5.265	1.008
75.425	1.326e+00	-3.861	1969	5.288	0.981
75.425	1.750e+00	-3.923	1920	5.306	0.962
75.425	2.287e+00	-3.965	1886	5.318	0.948
75.425	3.007e+00	-3.995	1863	5.326	0.940
75.425	3.952e+00	-4.012	1849	5.330	0.935
75.425	5.154e+00	-4.020	1843	5.332	0.932
75.425	6.765e+00	-4.023	1841	5.333	0.932
75.425	8.891e+00	-4.024	1840	5.333	0.931
76.472	1.012e-04	-0.774	3192	3.046	13.056
76.472	1.336e-04	-0.867	3153	3.118	12.018
76.472	1.745e-04	-0.960	3107	3.186	11.116
76.472	2.295e-04	-1.056	3057	3.253	10.282
76.472	3.016e-04	-1.148	3012	3.320	9.528
76.472	3.934e-04	-1.238	2963	3.381	8.873
76.472	5.193e-04	-1.325	2917	3.440	8.293
76.472	6.798e-04	-1.389	2883	3.484	7.884
76.472	8.922e-04	-1.425	2865	3.510	7.654
76.472	1.168e-03	-1.445	2857	3.524	7.531
76.472	1.527e-03	-1.463	2848	3.538	7.413
76.472	2.015e-03	-1.495	2835	3.561	7.213
76.472	2.638e-03	-1.566	2807	3.614	6.786
76.472	3.483e-03	-1.718	2775	3.747	5.828
76.472	4.559e-03	-1.839	2766	3.862	5.103
76.472	6.018e-03	-1.943	2769	3.969	4.513
76.472	7.878e-03	-2.038	2772	4.065	4.040
76.472	1.034e-02	-2.124	2782	4.157	3.632
76.472	1.354e-02	-2.206	2794	4.247	3.277
76.472	1.770e-02	-2.287	2804	4.334	2.965
76.472	2.308e-02	-2.385	2781	4.417	2.693
76.472	3.047e-02	-2.491	2743	4.499	2.450
76.472	3.988e-02	-2.586	2712	4.575	2.245
76.472	5.265e-02	-2.682	2680	4.651	2.058
76.472	6.880e-02	-2.773	2650	4.721	1.897
76.472	8.974e-02	-2.862	2618	4.790	1.752
76.472	1.185e-01	-2.955	2584	4.861	1.616
76.472	1.551e-01	-3.052	2540	4.927	1.497
76.472	2.047e-01	-3.157	2483	4.993	1.388
76.472	2.675e-01	-3.254	2430	5.052	1.296
76.472	3.489e-01	-3.357	2364	5.107	1.216
76.472	4.579e-01	-3.465	2287	5.158	1.147
76.472	6.018e-01	-3.578	2198	5.202	1.091
76.472	7.850e-01	-3.670	2127	5.237	1.048
76.472	1.030e+00	-3.752	2064	5.267	1.013
76.472	1.354e+00	-3.832	1997	5.289	0.987
76.472	1.766e+00	-3.884	1954	5.304	0.970
76.472	2.318e+00	-3.920	1926	5.314	0.959
76.472	3.047e+00	-3.941	1909	5.320	0.952
76.472	4.006e+00	-3.952	1900	5.323	0.949
76.472	5.265e+00	-3.956	1897	5.325	0.947
76.472	6.950e+00	-3.958	1896	5.325	0.947
76.472	9.250e+00	-3.958	1896	5.325	0.947
77.520	1.007e-04	-0.763	3199	3.045	13.161
77.520	1.329e-04	-0.855	3162	3.117	12.113
77.520	1.736e-04	-0.949	3116	3.185	11.201
77.520	2.265e-04	-1.041	3070	3.251	10.382
77.520	2.990e-04	-1.134	3024	3.318	9.606
77.520	3.914e-04	-1.226	2975	3.381	8.935
77.520	5.166e-04	-1.312	2928	3.440	8.352
77.520	6.763e-04	-1.375	2895	3.483	7.947
77.520	8.876e-04	-1.410	2877	3.508	7.723
77.520	1.167e-03	-1.430	2868	3.522	7.600
77.520	1.522e-03	-1.449	2859	3.536	7.479
77.520	2.012e-03	-1.483	2845	3.561	7.267
77.520	2.646e-03	-1.562	2813	3.620	6.788
77.520	3.477e-03	-1.714	2780	3.752	5.834
77.520	4.536e-03	-1.833	2769	3.864	5.126
77.520	5.987e-03	-1.936	2773	3.969	4.540
77.520	7.838e-03	-2.030	2775	4.065	4.067
77.520	1.029e-02	-2.116	2784	4.157	3.659
77.520	1.352e-02	-2.198	2797	4.247	3.298
77.520	1.764e-02	-2.278	2806	4.333	2.988
77.520	2.315e-02	-2.376	2788	4.418	2.707
77.520	3.042e-02	-2.480	2750	4.499	2.467
77.520	3.968e-02	-2.574	2720	4.574	2.263
77.520	5.238e-02	-2.670	2688	4.650	2.074
77.520	6.856e-02	-2.762	2658	4.722	1.910
77.520	8.999e-02	-2.854	2625	4.792	1.761
77.520	1.178e-01	-2.944	2592	4.861	1.627
77.520	1.543e-01	-3.039	2551	4.928	1.507
77.520	2.036e-01	-3.144	2494	4.993	1.397
77.520	2.661e-01	-3.240	2441	5.053	1.304
77.520	3.471e-01	-3.341	2379	5.108	1.224
77.520	4.556e-01	-3.447	2305	5.159	1.154
77.520	5.988e-01	-3.556	2219	5.203	1.097
77.520	7.810e-01	-3.647	2149	5.238	1.054
77.520	1.025e+00	-3.723	2090	5.266	1.020
77.520	1.347e+00	-3.794	2032	5.288	0.995
77.520	1.778e+00	-3.844	1990	5.302	0.979
77.520	2.328e+00	-3.873	1967	5.310	0.970
77.520	3.073e+00	-3.889	1954	5.315	0.965
77.520	4.023e+00	-3.896	1949	5.317	0.963
77.520	5.310e+00	-3.898	1947	5.317	0.962
77.520	7.053e+00	-3.898	1947	5.317	0.962
77.520	9.388e+00	-3.898	1947	5.317	0.962
78.567	1.044e-04	-0.766	3201	3.055	13.100
78.567	1.367e-04	-0.855	3165	3.125	12.087
78.567	1.794e-04	-0.950	3119	3.194	11.163
78.567	2.358e-04	-1.044	3073	3.262	10.324
78.567	3.076e-04	-1.133	3029	3.326	9.584
78.567	4.060e-04	-1.227	2979	3.391	8.899
78.567	5.315e-04	-1.308	2935	3.446	8.351
78.567	6.976e-04	-1.367	2903	3.486	7.972
78.567	9.135e-04	-1.398	2888	3.508	7.775
78.567	1.196e-03	-1.416	2879	3.521	7.658
78.567	1.570e-03	-1.438	2869	3.536	7.524
78.567	2.063e-03	-1.476	2852	3.564	7.287
78.567	2.723e-03	-1.575	2812	3.639	6.689
78.567	3.565e-03	-1.724	2782	3.769	5.759
78.567	4.679e-03	-1.841	2773	3.880	5.065
78.567	6.149e-03	-1.940	2776	3.982	4.506
78.567	8.085e-03	-2.034	2779	4.077	4.036
78.567	1.063e-02	-2.120	2788	4.169	3.633
78.567	1.397e-02	-2.202	2800	4.258	3.278
78.567	1.829e-02	-2.282	2810	4.345	2.966
78.567	2.410e-02	-2.381	2789	4.431	2.686
78.567	3.167e-02	-2.485	2753	4.512	2.449
78.567	4.181e-02	-2.583	2721	4.590	2.238
78.567	5.473e-02	-2.676	2691	4.663	2.057
78.567	7.183e-02	-2.768	2659	4.735	1.894
78.567	9.441e-02	-2.860	2627	4.806	1.745
78.567	1.241e-01	-2.952	2593	4.875	1.612
78.567	1.626e-01	-3.048	2550	4.941	1.493
78.567	2.128e-01	-3.149	2495	5.005	1.388
78.567	2.809e-01	-3.248	2441	5.066	1.293
78.567	3.677e-01	-3.349	2378	5.121	1.214
78.567	4.826e-01	-3.452	2305	5.171	1.147
78.567	6.343e-01	-3.557	2223	5.212	1.093
78.567	8.340e-01	-3.644	2155	5.246	1.052
78.567	1.092e+00	-3.711	2104	5.271	1.021
78.567	1.430e+00	-3.768	2058	5.290	1.000
78.567	1.891e+00	-3.810	2022	5.301	0.986
78.567	2.466e+00	-3.830	2005	5.307	0.980
78.567	3.255e+00	-3.840	1998	5.310	0.977
78.567	4.261e+00	-3.843	1995	5.311	0.976
78.567	5.660e+00	-3.843	1995	5.311	0.976
78.567	7.501e+00	-3.844	1995	5.311	0.976
78.567	9.984e+00	-3.844	1995	5.311	0.976
80.663	1.026e-04	-0.742	3216	3.051	13.338
80.663	1.354e-04	-0.834	3180	3.123	12.272
80.663	1.769e-04	-0.926	3137	3.191	11.343
80.663	2.326e-04	-1.018	3095	3.260	10.484
80.663	3.058e-04	-1.110	3050	3.327	9.707
80.663	4.036e-04	-1.203	3002	3.391	9.011
80.663	5.284e-04	-1.283	2958	3.446	8.463
80.663	6.935e-04	-1.339	2927	3.484	8.097
80.663	9.114e-04	-1.369	2912	3.504	7.910
80.663	1.189e-03	-1.387	2902	3.517	7.795
80.663	1.569e-03	-1.411	2891	3.534	7.645
80.663	2.067e-03	-1.455	2871	3.566	7.372
80.663	2.717e-03	-1.572	2822	3.653	6.664
80.663	3.544e-03	-1.715	2791	3.777	5.777
80.663	4.678e-03	-1.832	2780	3.888	5.088
80.663	6.123e-03	-1.928	2783	3.986	4.546
80.663	8.083e-03	-2.022	2786	4.081	4.073
80.663	1.058e-02	-2.107	2793	4.170	3.677
80.663	1.397e-02	-2.189	2805	4.259	3.316
80.663	1.828e-02	-2.268	2815	4.345	3.004
80.663	2.414e-02	-2.362	2803	4.432	2.718
80.663	3.154e-02	-2.464	2768	4.511	2.482
80.663	4.147e-02	-2.561	2737	4.589	2.270
80.663	5.450e-02	-2.655	2706	4.663	2.083
80.663	7.109e-02	-2.745	2675	4.734	1.921
80.663	9.331e-02	-2.837	2643	4.805	1.771
80.663	1.226e-01	-2.929	2609	4.874	1.634
80.663	1.612e-01	-3.022	2572	4.942	1.512
80.663	2.119e-01	-3.125	2516	5.006	1.403
80.663	2.786e-01	-3.222	2462	5.067	1.309
80.663	3.662e-01	-3.319	2406	5.123	1.227
80.663	4.833e-01	-3.420	2337	5.173	1.158
80.663	6.327e-01	-3.515	2264	5.214	1.105
80.663	8.352e-01	-3.598	2198	5.246	1.065
80.663	1.091e+00	-3.657	2153	5.269	1.038
80.663	1.424e+00	-3.697	2123	5.284	1.020
80.663	1.869e+00	-3.724	2102	5.293	1.009
80.663	2.456e+00	-3.737	2091	5.298	1.003
80.663	3.229e+00	-3.743	2087	5.300	1.001
80.663	4.244e+00	-3.744	2086	5.300	1.000
80.663	5.648e+00	-3.744	2086	5.300	1.000
80.663	7.518e+00	-3.744	2086	5.301	1.000
80.663	1.000e+01	-3.745	2086	5.301	1.000
81.710	1.018e-04	-0.731	3222	3.049	13.452
81.710	1.336e-04	-0.821	3189	3.120	12.396
81.710	1.750e-04	-0.913	3147	3.189	11.447
81.710	2.291e-04	-1.003	3106	3.257	10.591
81.710	3.024e-04	-1.096	3061	3.325	9.790
81.710	3.983e-04	-1.187	3015	3.389	9.091
81.710	5.235e-04	-1.269	2970	3.444	8.531
81.710	6.829e-04	-1.323	2940	3.482	8.172
81.710	9.014e-04	-1.353	2924	3.502	7.982
81.710	1.178e-03	-1.372	2915	3.515	7.865
81.710	1.555e-03	-1.397	2902	3.532	7.710
81.710	2.036e-03	-1.441	2881	3.564	7.434
81.710	2.687e-03	-1.564	2830	3.655	6.691
81.710	3.488e-03	-1.705	2797	3.776	5.822
81.710	4.613e-03	-1.823	2784	3.886	5.129
81.710	6.065e-03	-1.920	2786	3.985	4.579
81.710	7.971e-03	-2.012	2789	4.078	4.113
81.710	1.048e-02	-2.098	2795	4.168	3.710
81.710	1.377e-02	-2.178	2807	4.256	3.352
81.710	1.797e-02	-2.257	2816	4.340	3.042
81.710	2.358e-02	-2.343	2814	4.425	2.758
81.710	3.088e-02	-2.446	2777	4.506	2.514
81.710	4.042e-02	-2.542	2747	4.582	2.302
81.710	5.336e-02	-2.638	2715	4.658	2.109
81.710	6.973e-02	-2.730	2684	4.730	1.942
81.710	9.095e-02	-2.819	2653	4.799	1.794
81.710	1.201e-01	-2.912	2619	4.870	1.653
81.710	1.572e-01	-3.002	2586	4.937	1.530
81.710	2.063e-01	-3.104	2531	5.002	1.420
81.710	2.711e-01	-3.202	2478	5.063	1.324
81.710	3.564e-01	-3.296	2424	5.119	1.241
81.710	4.668e-01	-3.391	2361	5.168	1.172
81.710	6.111e-01	-3.482	2295	5.210	1.118
81.710	8.081e-01	-3.567	2227	5.243	1.076
81.710	1.054e+00	-3.624	2183	5.265	1.049
81.710	1.383e+00	-3.663	2153	5.280	1.031
81.710	1.812e+00	-3.685	2136	5.288	1.021
81.710	2.368e+00	-3.696	2128	5.292	1.016
81.710	3.113e+00	-3.700	2124	5.294	1.015
81.710	4.091e+00	-3.701	2124	5.294	1.014
81.710	5.445e+00	-3.701	2123	5.294	1.014
81.710	7.248e+00	-3.702	2123	5.294	1.014
81.710	9.647e+00	-3.702	2123	5.294	1.014
83.805	1.042e-04	-0.723	3231	3.055	13.519
83.805	1.365e-04	-0.810	3199	3.126	12.468
83.805	1.791e-04	-0.902	3158	3.196	11.504
83.805	2.354e-04	-0.993	3119	3.264	10.629
83.805	3.107e-04	-1.085	3076	3.333	9.823
83.805	4.068e-04	-1.173	3031	3.395	9.143
83.805	5.370e-04	-1.252	2988	3.449	8.594
83.805	7.029e-04	-1.301	2961	3.483	8.269
83.805	9.279e-04	-1.327	2947	3.500	8.102
83.805	1.213e-03	-1.346	2938	3.513	7.981
83.805	1.601e-03	-1.374	2923	3.533	7.801
83.805	2.095e-03	-1.430	2895	3.573	7.453
83.805	2.766e-03	-1.581	2831	3.685	6.552
83.805	3.658e-03	-1.720	2801	3.805	5.702
83.805	4.788e-03	-1.828	2791	3.907	5.075
83.805	6.321e-03	-1.923	2793	4.004	4.538
83.805	8.260e-03	-2.011	2796	4.093	4.095
83.805	1.077e-02	-2.094	2800	4.179	3.709
83.805	1.414e-02	-2.173	2812	4.265	3.358
83.805	1.858e-02	-2.253	2822	4.351	3.041
83.805	2.424e-02	-2.335	2824	4.434	2.765
83.805	3.151e-02	-2.435	2789	4.512	2.527
83.805	4.136e-02	-2.532	2758	4.590	2.311
83.805	5.436e-02	-2.626	2727	4.665	2.120
83.805	7.090e-02	-2.717	2696	4.736	1.953
83.805	9.359e-02	-2.811	2663	4.808	1.797
83.805	1.225e-01	-2.901	2631	4.877	1.661
83.805	1.608e-01	-2.991	2597	4.944	1.536
83.805	2.114e-01	-3.091	2545	5.010	1.425
83.805	2.779e-01	-3.188	2492	5.070	1.329
83.805	3.652e-01	-3.280	2442	5.126	1.247
83.805	4.764e-01	-3.368	2385	5.173	1.180
83.805	6.288e-01	-3.452	2325	5.214	1.126
83.805	8.232e-01	-3.524	2269	5.243	1.089
83.805	1.087e+00	-3.575	2229	5.263	1.065
83.805	1.422e+00	-3.604	2206	5.274	1.051
83.805	1.878e+00	-3.618	2195	5.279	1.045
83.805	2.458e+00	-3.623	2191	5.281	1.042
83.805	3.245e+00	-3.625	2190	5.282	1.042
83.805	4.310e+00	-3.625	2190	5.282	1.041
83.805	5.736e+00	-3.625	2190	5.282	1.041
83.805	7.602e+00	-3.625	2189	5.282	1.041
83.805	1.000e+01	-3.625	2189	5.282	1.041
85.900	1.009e-04	-0.696	3245	3.047	13.816
85.900	1.332e-04	-0.785	3214	3.120	12.707
85.900	1.741e-04	-0.874	3178	3.189	11.735
85.900	2.289e-04	-0.966	3138	3.258	10.836
85.900	3.008e-04	-1.054	3100	3.326	10.020
85.900	3.955e-04	-1.144	3055	3.390	9.309
85.900	5.180e-04	-1.220	3015	3.443	8.759
85.900	6.780e-04	-1.270	2987	3.477	8.423
85.900	8.950e-04	-1.296	2973	3.495	8.251
85.900	1.170e-03	-1.315	2962	3.508	8.127
85.900	1.544e-03	-1.344	2947	3.528	7.941
85.900	2.021e-03	-1.402	2917	3.569	7.580
85.900	2.603e-03	-1.541	2856	3.670	6.744
85.900	3.405e-03	-1.681	2817	3.787	5.898
85.900	4.458e-03	-1.792	2800	3.888	5.250
85.900	5.884e-03	-1.890	2799	3.984	4.699
85.900	7.703e-03	-1.977	2801	4.073	4.239
85.900	1.011e-02	-2.063	2804	4.161	3.834
85.900	1.329e-02	-2.143	2814	4.247	3.472
85.900	1.747e-02	-2.222	2824	4.333	3.146
85.900	2.288e-02	-2.300	2834	4.416	2.857
85.900	2.990e-02	-2.397	2809	4.498	2.602
85.900	3.931e-02	-2.496	2777	4.576	2.376
85.900	5.166e-02	-2.591	2746	4.652	2.177
85.900	6.739e-02	-2.682	2716	4.724	2.005
85.900	8.895e-02	-2.776	2683	4.797	1.843
85.900	1.164e-01	-2.866	2651	4.866	1.703
85.900	1.528e-01	-2.956	2617	4.934	1.574
85.900	2.009e-01	-3.051	2574	5.000	1.459
85.900	2.641e-01	-3.149	2521	5.062	1.359
85.900	3.471e-01	-3.240	2471	5.118	1.274
85.900	4.527e-01	-3.322	2423	5.166	1.205
85.900	5.942e-01	-3.400	2371	5.206	1.150
85.900	7.810e-01	-3.465	2324	5.236	1.111
85.900	1.019e+00	-3.512	2286	5.255	1.087
85.900	1.345e+00	-3.540	2264	5.266	1.074
85.900	1.760e+00	-3.551	2255	5.270	1.069
85.900	2.323e+00	-3.555	2252	5.272	1.067
85.900	3.061e+00	-3.556	2252	5.272	1.066
85.900	4.074e+00	-3.556	2251	5.272	1.066
85.900	5.422e+00	-3.556	2251	5.272	1.066
85.900	7.186e+00	-3.556	2251	5.272	1.066
85.900	9.564e+00	-3.556	2251	5.272	1.066
87.996	1.037e-04	-0.689	3253	3.055	13.865
87.996	1.368e-04	-0.778	3223	3.127	12.751
87.996	1.791e-04	-0.867	3187	3.197	11.769
87.996	2.351e-04	-0.956	3149	3.266	10.871
87.996	3.090e-04	-1.044	3114	3.334	10.052
87.996	4.063e-04	-1.132	3070	3.397	9.348
87.996	5.340e-04	-1.204	3032	3.448	8.820
87.996	7.021e-04	-1.248	3008	3.478	8.520
87.996	9.227e-04	-1.271	2995	3.493	8.369
87.996	1.204e-03	-1.291	2984	3.507	8.236
87.996	1.592e-03	-1.325	2966	3.531	8.014
87.996	2.093e-03	-1.403	2926	3.585	7.532
87.996	2.715e-03	-1.565	2854	3.704	6.569
87.996	3.557e-03	-1.694	2822	3.813	5.793
87.996	4.674e-03	-1.801	2807	3.911	5.173
87.996	6.097e-03	-1.892	2806	4.001	4.666
87.996	8.002e-03	-1.979	2808	4.089	4.214
87.996	1.048e-02	-2.063	2810	4.174	3.820
87.996	1.369e-02	-2.140	2820	4.258	3.470
87.996	1.800e-02	-2.219	2830	4.343	3.148
87.996	2.358e-02	-2.296	2839	4.426	2.860
87.996	3.081e-02	-2.390	2819	4.507	2.605
87.996	4.019e-02	-2.485	2788	4.584	2.385
87.996	5.275e-02	-2.580	2757	4.659	2.186
87.996	6.933e-02	-2.674	2726	4.733	2.008
87.996	9.043e-02	-2.764	2695	4.803	1.853
87.996	1.194e-01	-2.857	2661	4.874	1.707
87.996	1.563e-01	-2.946	2628	4.941	1.580
87.996	2.063e-01	-3.039	2588	5.008	1.463
87.996	2.700e-01	-3.135	2536	5.069	1.365
87.996	3.564e-01	-3.226	2486	5.125	1.279
87.996	4.658e-01	-3.303	2442	5.171	1.212
87.996	6.075e-01	-3.372	2398	5.208	1.162
87.996	8.019e-01	-3.428	2359	5.236	1.126
87.996	1.050e+00	-3.463	2333	5.252	1.105
87.996	1.367e+00	-3.482	2318	5.260	1.095
87.996	1.804e+00	-3.490	2312	5.263	1.091
87.996	2.362e+00	-3.492	2310	5.264	1.090
87.996	3.137e+00	-3.492	2310	5.264	1.090
87.996	4.176e+00	-3.493	2310	5.264	1.090
87.996	5.558e+00	-3.493	2310	5.264	1.090
87.996	7.398e+00	-3.493	2310	5.264	1.090
87.996	9.847e+00	-3.493	2309	5.264	1.090
90.091	1.012e-04	-0.666	3266	3.049	14.127
90.091	1.325e-04	-0.752	3237	3.119	13.023
90.091	1.725e-04	-0.838	3204	3.188	12.035
90.091	2.243e-04	-0.924	3169	3.255	11.141
90.091	2.960e-04	-1.011	3137	3.324	10.284
90.091	3.875e-04	-1.097	3096	3.388	9.562
90.091	5.086e-04	-1.170	3059	3.440	9.006
90.091	6.660e-04	-1.216	3034	3.471	8.687
90.091	8.719e-04	-1.240	3020	3.487	8.527
90.091	1.144e-03	-1.260	3009	3.501	8.389
90.091	1.504e-03	-1.293	2992	3.524	8.174
90.091	1.985e-03	-1.368	2953	3.576	7.701
90.091	2.615e-03	-1.537	2874	3.698	6.689
90.091	3.437e-03	-1.671	2834	3.808	5.895
90.091	4.537e-03	-1.782	2815	3.907	5.262
90.091	5.929e-03	-1.873	2811	3.996	4.749
90.091	7.734e-03	-1.957	2814	4.081	4.304
90.091	1.015e-02	-2.041	2816	4.166	3.901
90.091	1.334e-02	-2.121	2823	4.251	3.539
90.091	1.740e-02	-2.197	2833	4.333	3.222
90.091	2.284e-02	-2.274	2842	4.416	2.927
90.091	2.991e-02	-2.360	2836	4.498	2.663
90.091	3.915e-02	-2.458	2804	4.577	2.432
90.091	5.168e-02	-2.556	2773	4.655	2.224
90.091	6.754e-02	-2.648	2742	4.727	2.045
90.091	8.809e-02	-2.738	2711	4.798	1.886
90.091	1.163e-01	-2.831	2677	4.869	1.737
90.091	1.522e-01	-2.920	2645	4.937	1.607
90.091	2.009e-01	-3.010	2611	5.004	1.488
90.091	2.630e-01	-3.105	2559	5.065	1.387
90.091	3.472e-01	-3.195	2510	5.121	1.300
90.091	4.537e-01	-3.271	2468	5.167	1.232
90.091	5.918e-01	-3.334	2430	5.204	1.182
90.091	7.768e-01	-3.383	2398	5.229	1.147
90.091	1.021e+00	-3.414	2377	5.245	1.127
90.091	1.342e+00	-3.429	2366	5.252	1.118
90.091	1.764e+00	-3.435	2362	5.255	1.115
90.091	2.301e+00	-3.436	2361	5.255	1.114
90.091	3.020e+00	-3.436	2360	5.255	1.114
90.091	4.002e+00	-3.436	2360	5.255	1.114
90.091	5.327e+00	-3.436	2360	5.255	1.114
90.091	7.090e+00	-3.436	2360	5.255	1.114
90.091	9.437e+00	-3.437	2360	5.255	1.113
92.186	1.008e-04	-0.649	3276	3.048	14.303
92.186	1.325e-04	-0.737	3247	3.120	13.168
92.186	1.728e-04	-0.822	3216	3.189	12.161
92.186	2.268e-04	-0.910	3182	3.258	11.224
92.186	2.981e-04	-0.996	3152	3.327	10.372
92.186	3.935e-04	-1.083	3112	3.392	9.628
92.186	5.183e-04	-1.153	3076	3.442	9.089
92.186	6.812e-04	-1.193	3055	3.470	8.796
92.186	8.885e-04	-1.215	3043	3.485	8.647
92.186	1.173e-03	-1.237	3030	3.500	8.494
92.186	1.545e-03	-1.276	3010	3.527	8.238
92.186	2.031e-03	-1.371	2959	3.593	7.637
92.186	2.680e-03	-1.547	2878	3.720	6.598
92.186	3.531e-03	-1.675	2840	3.826	5.842
92.186	4.623e-03	-1.780	2821	3.919	5.248
92.186	6.053e-03	-1.870	2818	4.006	4.744
92.186	7.881e-03	-1.952	2820	4.090	4.309
92.186	1.025e-02	-2.032	2822	4.171	3.923
92.186	1.345e-02	-2.112	2828	4.255	3.565
92.186	1.767e-02	-2.189	2837	4.338	3.238
92.186	2.305e-02	-2.265	2847	4.419	2.950
92.186	3.026e-02	-2.347	2847	4.502	2.682
92.186	3.976e-02	-2.446	2816	4.582	2.446
92.186	5.228e-02	-2.543	2784	4.659	2.239
92.186	6.846e-02	-2.636	2754	4.732	2.057
92.186	8.963e-02	-2.727	2722	4.804	1.895
92.186	1.176e-01	-2.818	2689	4.874	1.748
92.186	1.546e-01	-2.908	2656	4.942	1.616
92.186	2.017e-01	-2.993	2624	5.006	1.501
92.186	2.647e-01	-3.086	2577	5.068	1.398
92.186	3.466e-01	-3.173	2529	5.122	1.314
92.186	4.537e-01	-3.246	2489	5.167	1.247
92.186	5.908e-01	-3.303	2456	5.201	1.199
92.186	7.798e-01	-3.347	2429	5.225	1.166
92.186	1.021e+00	-3.371	2413	5.238	1.149
92.186	1.329e+00	-3.381	2407	5.244	1.141
92.186	1.745e+00	-3.385	2404	5.246	1.138
92.186	2.293e+00	-3.386	2404	5.247	1.138
92.186	3.052e+00	-3.386	2404	5.247	1.138
92.186	4.062e+00	-3.386	2404	5.247	1.138
92.186	5.407e+00	-3.386	2403	5.247	1.138
92.186	7.196e+00	-3.386	2403	5.247	1.138
92.186	9.578e+00	-3.387	2403	5.247	1.137
94.281	1.041e-04	-0.645	3283	3.057	14.317
94.281	1.372e-04	-0.733	3253	3.129	13.172
94.281	1.803e-04	-0.821	3222	3.200	12.138
94.281	2.352e-04	-0.905	3192	3.268	11.223
94.281	3.087e-04	-0.990	3162	3.336	10.379
94.281	4.057e-04	-1.072	3125	3.398	9.662
94.281	5.334e-04	-1.136	3093	3.444	9.163
94.281	7.010e-04	-1.171	3075	3.469	8.905
94.281	9.144e-04	-1.191	3064	3.483	8.762
94.281	1.207e-03	-1.216	3050	3.500	8.590
94.281	1.590e-03	-1.262	3025	3.532	8.281
94.281	2.090e-03	-1.388	2959	3.619	7.494
94.281	2.726e-03	-1.551	2884	3.737	6.541
94.281	3.598e-03	-1.676	2846	3.840	5.812
94.281	4.710e-03	-1.778	2828	3.930	5.237
94.281	6.217e-03	-1.869	2824	4.019	4.729
94.281	8.138e-03	-1.951	2826	4.103	4.294
94.281	1.060e-02	-2.031	2828	4.184	3.912
94.281	1.378e-02	-2.108	2833	4.263	3.569
94.281	1.808e-02	-2.184	2842	4.346	3.247
94.281	2.376e-02	-2.261	2852	4.428	2.951
94.281	3.124e-02	-2.341	2856	4.511	2.683
94.281	4.132e-02	-2.443	2824	4.593	2.441
94.281	5.431e-02	-2.539	2793	4.670	2.234
94.281	7.083e-02	-2.631	2762	4.743	2.056
94.281	9.297e-02	-2.723	2730	4.814	1.892
94.281	1.217e-01	-2.813	2697	4.884	1.747
94.281	1.591e-01	-2.901	2665	4.951	1.618
94.281	2.075e-01	-2.985	2634	5.014	1.503
94.281	2.698e-01	-3.072	2591	5.073	1.405
94.281	3.541e-01	-3.157	2545	5.126	1.321
94.281	4.654e-01	-3.227	2506	5.170	1.257
94.281	6.070e-01	-3.279	2477	5.201	1.212
94.281	8.012e-01	-3.314	2457	5.222	1.184
94.281	1.049e+00	-3.332	2445	5.233	1.169
94.281	1.377e+00	-3.340	2441	5.237	1.164
94.281	1.809e+00	-3.342	2439	5.238	1.163
94.281	2.408e+00	-3.342	2439	5.238	1.162
94.281	3.205e+00	-3.342	2439	5.238	1.162
94.281	4.266e+00	-3.342	2439	5.238	1.162
94.281	5.678e+00	-3.342	2439	5.238	1.162
94.281	7.558e+00	-3.343	2439	5.238	1.162
94.281	1.000e+01	-3.343	2439	5.238	1.162
96.376	1.038e-04	-0.629	3293	3.056	14.486
96.376	1.354e-04	-0.715	3264	3.126	13.365
96.376	1.787e-04	-0.803	3233	3.198	12.299
96.376	2.336e-04	-0.887	3206	3.267	11.363
96.376	3.083e-04	-0.973	3176	3.337	10.490
96.376	4.061e-04	-1.053	3143	3.399	9.765
96.376	5.338e-04	-1.115	3112	3.443	9.279
96.376	7.018e-04	-1.147	3095	3.466	9.033
96.376	9.190e-04	-1.167	3085	3.481	8.887
96.376	1.211e-03	-1.193	3071	3.499	8.701
96.376	1.591e-03	-1.244	3044	3.534	8.354
96.376	2.092e-03	-1.386	2968	3.632	7.463
96.376	2.767e-03	-1.551	2891	3.752	6.501
96.376	3.636e-03	-1.672	2854	3.850	5.808
96.376	4.781e-03	-1.774	2834	3.940	5.236
96.376	6.260e-03	-1.861	2830	4.025	4.750
96.376	8.195e-03	-1.943	2832	4.108	4.318
96.376	1.067e-02	-2.022	2834	4.188	3.937
96.376	1.401e-02	-2.101	2837	4.270	3.583
96.376	1.834e-02	-2.177	2847	4.351	3.264
96.376	2.401e-02	-2.252	2856	4.432	2.973
96.376	3.126e-02	-2.327	2864	4.511	2.713
96.376	4.127e-02	-2.426	2837	4.593	2.468
96.376	5.436e-02	-2.523	2805	4.671	2.256
96.376	7.144e-02	-2.617	2774	4.746	2.071
96.376	9.319e-02	-2.708	2742	4.816	1.909
96.376	1.230e-01	-2.801	2709	4.888	1.758
96.376	1.610e-01	-2.889	2676	4.955	1.627
96.376	2.126e-01	-2.976	2644	5.021	1.508
96.376	2.783e-01	-3.062	2604	5.081	1.408
96.376	3.652e-01	-3.144	2559	5.132	1.327
96.376	4.800e-01	-3.210	2522	5.173	1.266
96.376	6.311e-01	-3.256	2496	5.202	1.225
96.376	8.294e-01	-3.284	2481	5.218	1.202
96.376	1.082e+00	-3.296	2473	5.226	1.191
96.376	1.420e+00	-3.301	2471	5.229	1.188
96.376	1.859e+00	-3.302	2470	5.229	1.187
96.376	2.434e+00	-3.302	2470	5.230	1.187
96.376	3.233e+00	-3.302	2470	5.230	1.186
96.376	4.303e+00	-3.302	2470	5.230	1.186
96.376	5.728e+00	-3.302	2470	5.230	1.186
96.376	7.624e+00	-3.303	2470	5.230	1.186
96.376	1.000e+01	-3.303	2470	5.230	1.186
98.471	1.028e-04	-0.612	3303	3.054	14.682
98.471	1.357e-04	-0.701	3273	3.127	13.496
98.471	1.776e-04	-0.787	3244	3.197	12.449
98.471	2.345e-04	-0.873	3218	3.269	11.467
98.471	3.089e-04	-0.957	3189	3.337	10.592
98.471	4.060e-04	-1.034	3160	3.398	9.874
98.471	5.338e-04	-1.093	3130	3.441	9.398
98.471	7.015e-04	-1.124	3115	3.463	9.163
98.471	9.150e-04	-1.143	3105	3.477	9.016
98.471	1.208e-03	-1.171	3091	3.497	8.814
98.471	1.591e-03	-1.228	3061	3.537	8.419
98.471	2.091e-03	-1.385	2976	3.645	7.433
98.471	2.760e-03	-1.544	2901	3.760	6.510
98.471	3.613e-03	-1.662	2863	3.855	5.840
98.471	4.743e-03	-1.763	2841	3.943	5.278
98.471	6.210e-03	-1.850	2835	4.026	4.794
98.471	8.130e-03	-1.930	2837	4.108	4.363
98.471	1.073e-02	-2.013	2839	4.191	3.963
98.471	1.405e-02	-2.092	2841	4.272	3.613
98.471	1.854e-02	-2.169	2851	4.355	3.284
98.471	2.428e-02	-2.244	2860	4.435	2.993
98.471	3.161e-02	-2.317	2870	4.514	2.732
98.471	4.172e-02	-2.413	2848	4.597	2.485
98.471	5.496e-02	-2.511	2816	4.675	2.271
98.471	7.197e-02	-2.604	2785	4.749	2.086
98.471	9.406e-02	-2.695	2753	4.820	1.922
98.471	1.237e-01	-2.787	2720	4.891	1.772
98.471	1.625e-01	-2.876	2688	4.959	1.638
98.471	2.137e-01	-2.961	2656	5.024	1.520
98.471	2.809e-01	-3.045	2620	5.084	1.419
98.471	3.663e-01	-3.123	2577	5.133	1.340
98.471	4.836e-01	-3.186	2542	5.173	1.281
98.471	6.319e-01	-3.228	2519	5.198	1.243
98.471	8.308e-01	-3.252	2505	5.213	1.223
98.471	1.088e+00	-3.262	2499	5.219	1.214
98.471	1.422e+00	-3.265	2498	5.221	1.211
98.471	1.855e+00	-3.266	2497	5.221	1.211
98.471	2.415e+00	-3.266	2497	5.221	1.211
98.471	3.188e+00	-3.266	2497	5.221	1.211
98.471	4.234e+00	-3.266	2497	5.222	1.210
98.471	5.635e+00	-3.266	2497	5.222	1.210
98.471	7.501e+00	-3.266	2497	5.222	1.210
98.471	9.983e+00	-3.266	2497	5.222	1.210
100.566	1.031e-04	-0.600	3310	3.055	14.822
100.566	1.355e-04	-0.687	3283	3.127	13.640
100.566	1.781e-04	-0.774	3253	3.198	12.567
100.566	2.342e-04	-0.857	3229	3.269	11.588
100.566	3.078e-04	-0.940	3203	3.337	10.710
100.566	4.047e-04	-1.016	3175	3.397	9.990
100.566	5.318e-04	-1.071	3149	3.439	9.523
100.566	6.937e-04	-1.100	3135	3.460	9.299
100.566	9.105e-04	-1.120	3124	3.474	9.145
100.566	1.197e-03	-1.149	3110	3.495	8.932
100.566	1.580e-03	-1.210	3079	3.538	8.493
100.566	2.068e-03	-1.373	2990	3.651	7.462
100.566	2.722e-03	-1.529	2915	3.763	6.561
100.566	3.586e-03	-1.650	2872	3.858	5.880
100.566	4.713e-03	-1.751	2850	3.945	5.319
100.566	6.197e-03	-1.839	2842	4.029	4.831
100.566	8.145e-03	-1.921	2843	4.111	4.395
100.566	1.071e-02	-2.001	2845	4.192	4.001
100.566	1.407e-02	-2.081	2846	4.273	3.644
100.566	1.850e-02	-2.157	2855	4.354	3.320
100.566	2.432e-02	-2.233	2864	4.436	3.023
100.566	3.172e-02	-2.306	2874	4.515	2.758
100.566	4.163e-02	-2.396	2860	4.596	2.513
100.566	5.472e-02	-2.493	2828	4.674	2.297
100.566	7.182e-02	-2.587	2797	4.749	2.107
100.566	9.405e-02	-2.680	2765	4.821	1.939
100.566	1.231e-01	-2.770	2733	4.891	1.790
100.566	1.625e-01	-2.860	2700	4.960	1.653
100.566	2.127e-01	-2.944	2669	5.024	1.536
100.566	2.792e-01	-3.022	2639	5.083	1.435
100.566	3.670e-01	-3.101	2595	5.133	1.354
100.566	4.825e-01	-3.161	2562	5.171	1.297
100.566	6.342e-01	-3.200	2540	5.195	1.262
100.566	8.338e-01	-3.221	2529	5.207	1.243
100.566	1.092e+00	-3.229	2524	5.212	1.236
100.566	1.429e+00	-3.231	2523	5.214	1.234
100.566	1.899e+00	-3.231	2523	5.214	1.234
100.566	2.516e+00	-3.231	2523	5.214	1.234
100.566	3.349e+00	-3.231	2523	5.214	1.234
100.566	4.457e+00	-3.232	2523	5.214	1.234
100.566	5.933e+00	-3.232	2523	5.214	1.234
100.566	7.896e+00	-3.232	2523	5.214	1.234
102.661	1.021e-04	-0.586	3317	3.053	15.014
102.661	1.340e-04	-0.670	3293	3.124	13.824
102.661	1.762e-04	-0.757	3264	3.196	12.734
102.661	2.298e-04	-0.837	3241	3.264	11.769
102.661	2.992e-04	-0.915	3219	3.330	10.904
102.661	3.949e-04	-0.993	3191	3.392	10.154
102.661	5.170e-04	-1.046	3170	3.434	9.679
102.661	6.825e-04	-1.076	3154	3.456	9.438
102.661	8.934e-04	-1.097	3144	3.470	9.281
102.661	1.182e-03	-1.127	3129	3.492	9.052
102.661	1.553e-03	-1.190	3097	3.538	8.586
102.661	2.042e-03	-1.359	3006	3.654	7.510
102.661	2.700e-03	-1.517	2927	3.766	6.600
102.661	3.522e-03	-1.635	2882	3.857	5.946
102.661	4.649e-03	-1.736	2859	3.945	5.375
102.661	6.086e-03	-1.823	2849	4.026	4.894
102.661	8.033e-03	-1.907	2848	4.109	4.450
102.661	1.052e-02	-1.985	2850	4.188	4.060
102.661	1.388e-02	-2.066	2852	4.270	3.695
102.661	1.817e-02	-2.142	2858	4.350	3.373
102.661	2.385e-02	-2.216	2867	4.430	3.074
102.661	3.123e-02	-2.291	2877	4.510	2.803
102.661	4.082e-02	-2.372	2874	4.590	2.556
102.661	5.306e-02	-2.467	2844	4.666	2.343
102.661	6.898e-02	-2.558	2814	4.739	2.154
102.661	8.997e-02	-2.649	2782	4.811	1.984
102.661	1.172e-01	-2.738	2750	4.879	1.833
102.661	1.538e-01	-2.827	2718	4.948	1.694
102.661	2.021e-01	-2.912	2687	5.013	1.571
102.661	2.636e-01	-2.989	2658	5.072	1.469
102.661	3.427e-01	-3.062	2623	5.121	1.387
102.661	4.498e-01	-3.124	2589	5.161	1.325
102.661	5.911e-01	-3.165	2566	5.186	1.287
102.661	7.772e-01	-3.187	2554	5.200	1.267
102.661	1.018e+00	-3.196	2549	5.205	1.259
102.661	1.332e+00	-3.198	2548	5.207	1.257
102.661	1.770e+00	-3.199	2548	5.207	1.257
102.661	2.345e+00	-3.199	2548	5.207	1.257
102.661	3.115e+00	-3.199	2548	5.207	1.257
102.661	4.146e+00	-3.199	2548	5.207	1.257
102.661	5.518e+00	-3.199	2547	5.207	1.257
102.661	7.345e+00	-3.199	2547	5.207	1.256
102.661	9.776e+00	-3.199	2547	5.207	1.256
104.757	1.031e-04	-0.577	3322	3.055	15.119
104.757	1.345e-04	-0.657	3302	3.125	13.947
104.757	1.775e-04	-0.746	3272	3.198	12.831
104.757	2.319e-04	-0.826	3251	3.267	11.852
104.757	3.015e-04	-0.902	3231	3.332	10.988
104.757	3.933e-04	-0.975	3205	3.391	10.273
104.757	5.192e-04	-1.027	3185	3.432	9.796
104.757	6.796e-04	-1.054	3173	3.452	9.570
104.757	8.920e-04	-1.075	3163	3.468	9.405
104.757	1.172e-03	-1.106	3147	3.490	9.165
104.757	1.548e-03	-1.177	3112	3.541	8.641
104.757	2.038e-03	-1.353	3016	3.663	7.508
104.757	2.679e-03	-1.505	2940	3.771	6.635
104.757	3.516e-03	-1.626	2890	3.862	5.972
104.757	4.622e-03	-1.724	2868	3.947	5.414
104.757	6.100e-03	-1.815	2856	4.030	4.921
104.757	7.986e-03	-1.895	2853	4.109	4.492
104.757	1.048e-02	-1.974	2855	4.189	4.098
104.757	1.373e-02	-2.052	2857	4.268	3.742
104.757	1.794e-02	-2.128	2861	4.346	3.420
104.757	2.340e-02	-2.200	2870	4.425	3.125
104.757	3.071e-02	-2.275	2880	4.505	2.848
104.757	3.992e-02	-2.348	2889	4.584	2.602
104.757	5.228e-02	-2.446	2857	4.662	2.377
104.757	6.844e-02	-2.540	2826	4.738	2.180
104.757	8.982e-02	-2.634	2794	4.811	2.003
104.757	1.176e-01	-2.724	2762	4.882	1.847
104.757	1.537e-01	-2.812	2730	4.949	1.709
104.757	2.005e-01	-2.895	2699	5.012	1.589
104.757	2.647e-01	-2.974	2670	5.073	1.481
104.757	3.465e-01	-3.044	2640	5.123	1.399
104.757	4.547e-01	-3.103	2607	5.160	1.339
104.757	5.955e-01	-3.140	2587	5.184	1.304
104.757	7.782e-01	-3.158	2576	5.195	1.287
104.757	1.015e+00	-3.165	2573	5.199	1.281
104.757	1.320e+00	-3.167	2572	5.200	1.279
104.757	1.715e+00	-3.167	2571	5.201	1.279
104.757	2.251e+00	-3.167	2571	5.201	1.279
104.757	2.984e+00	-3.167	2571	5.201	1.279
104.757	3.971e+00	-3.167	2571	5.201	1.279
104.757	5.286e+00	-3.167	2571	5.201	1.279
104.757	7.035e+00	-3.168	2571	5.201	1.279
104.757	9.364e+00	-3.168	2571	5.201	1.278
