Mass/Mjup	Age/Gyr	log(L/Lsun)	Teff	log(g)	Radius/Rjup
0.047	1.006e-04	-6.071	424	1.627	1.662
0.047	1.328e-04	-6.146	421	1.689	1.548
0.047	1.756e-04	-6.230	417	1.756	1.432
0.047	2.322e-04	-6.377	398	1.821	1.329
0.047	3.040e-04	-6.479	388	1.879	1.243
0.047	4.021e-04	-6.588	377	1.938	1.161
0.047	5.307e-04	-6.704	364	1.995	1.088
0.047	7.019e-04	-6.824	351	2.050	1.021
0.047	9.246e-04	-6.941	338	2.102	0.962
0.047	1.215e-03	-7.059	325	2.151	0.909
0.047	1.604e-03	-7.182	311	2.199	0.860
0.047	2.121e-03	-7.308	297	2.245	0.816
0.047	2.794e-03	-7.438	282	2.286	0.778
0.047	3.672e-03	-7.559	269	2.325	0.744
0.047	4.790e-03	-7.676	257	2.360	0.715
0.047	6.323e-03	-7.794	245	2.394	0.687
0.047	8.362e-03	-7.915	232	2.427	0.662
0.047	1.095e-02	-8.033	221	2.457	0.639
0.047	1.445e-02	-8.155	210	2.487	0.618
0.047	1.903e-02	-8.275	199	2.514	0.599
0.047	2.502e-02	-8.393	188	2.539	0.582
0.047	3.308e-02	-8.514	178	2.563	0.566
0.047	4.367e-02	-8.637	168	2.586	0.551
0.047	5.717e-02	-8.755	159	2.606	0.538
0.047	7.561e-02	-8.876	150	2.627	0.525
0.047	9.980e-02	-9.002	141	2.647	0.513
0.047	1.315e-01	-9.125	133	2.667	0.502
0.047	1.728e-01	-9.247	125	2.684	0.492
0.047	2.281e-01	-9.370	118	2.702	0.482
0.047	2.986e-01	-9.491	111	2.717	0.473
0.047	3.941e-01	-9.615	104	2.733	0.465
0.047	5.192e-01	-9.738	98	2.747	0.457
0.047	6.823e-01	-9.861	92	2.761	0.450
0.047	9.024e-01	-9.986	86	2.775	0.443
0.047	1.193e+00	-10.112	81	2.788	0.437
0.047	1.575e+00	-10.239	76	2.800	0.430
0.047	2.078e+00	-10.348	71	2.811	0.425
0.063	1.003e-04	-5.866	478	1.757	1.653
0.063	1.323e-04	-5.972	465	1.813	1.549
0.063	1.743e-04	-6.060	456	1.869	1.452
0.063	2.291e-04	-6.151	447	1.925	1.361
0.063	3.024e-04	-6.271	431	1.980	1.278
0.063	3.984e-04	-6.381	417	2.032	1.204
0.063	5.269e-04	-6.495	402	2.083	1.135
0.063	6.925e-04	-6.607	388	2.132	1.072
0.063	9.140e-04	-6.719	374	2.181	1.014
0.063	1.197e-03	-6.830	360	2.226	0.963
0.063	1.582e-03	-6.946	345	2.271	0.915
0.063	2.089e-03	-7.064	331	2.313	0.870
0.063	2.735e-03	-7.183	316	2.353	0.831
0.063	3.616e-03	-7.315	300	2.394	0.794
0.063	4.774e-03	-7.446	284	2.431	0.760
0.063	6.288e-03	-7.578	268	2.465	0.731
0.063	8.316e-03	-7.702	255	2.497	0.705
0.063	1.093e-02	-7.824	241	2.527	0.681
0.063	1.443e-02	-7.949	228	2.555	0.659
0.063	1.900e-02	-8.072	216	2.581	0.639
0.063	2.513e-02	-8.198	204	2.607	0.621
0.063	3.303e-02	-8.322	192	2.630	0.605
0.063	4.360e-02	-8.450	181	2.652	0.590
0.063	5.744e-02	-8.578	170	2.673	0.576
0.063	7.596e-02	-8.713	159	2.693	0.562
0.063	9.983e-02	-8.843	149	2.712	0.550
0.063	1.318e-01	-8.976	140	2.730	0.539
0.063	1.743e-01	-9.109	131	2.747	0.528
0.063	2.281e-01	-9.235	123	2.763	0.519
0.063	3.012e-01	-9.360	115	2.777	0.510
0.063	3.936e-01	-9.479	108	2.790	0.503
0.063	5.174e-01	-9.603	102	2.803	0.495
0.063	6.801e-01	-9.722	96	2.815	0.489
0.063	8.977e-01	-9.834	90	2.826	0.482
0.063	1.175e+00	-9.934	86	2.835	0.477
0.063	1.554e+00	-10.026	82	2.843	0.473
0.063	2.043e+00	-10.102	78	2.850	0.469
0.063	2.686e+00	-10.168	76	2.856	0.466
0.063	3.531e+00	-10.229	73	2.861	0.464
0.063	4.641e+00	-10.292	71	2.866	0.461
0.126	1.038e-04	-5.419	535	1.803	2.215
0.126	1.372e-04	-5.542	515	1.863	2.068
0.126	1.804e-04	-5.648	501	1.918	1.942
0.126	2.381e-04	-5.747	488	1.971	1.825
0.126	3.137e-04	-5.845	475	2.024	1.718
0.126	4.148e-04	-5.953	460	2.076	1.619
0.126	5.486e-04	-6.067	443	2.125	1.530
0.126	7.210e-04	-6.179	427	2.171	1.451
0.126	9.535e-04	-6.294	410	2.216	1.378
0.126	1.259e-03	-6.402	395	2.259	1.311
0.126	1.665e-03	-6.513	379	2.301	1.249
0.126	2.179e-03	-6.623	364	2.341	1.193
0.126	2.876e-03	-6.740	348	2.380	1.140
0.126	3.789e-03	-6.859	332	2.417	1.092
0.126	4.980e-03	-6.981	316	2.453	1.049
0.126	6.586e-03	-7.107	300	2.487	1.009
0.126	8.693e-03	-7.246	282	2.518	0.972
0.126	1.145e-02	-7.373	266	2.547	0.940
0.126	1.505e-02	-7.500	252	2.575	0.911
0.126	1.987e-02	-7.629	237	2.601	0.884
0.126	2.617e-02	-7.760	223	2.626	0.859
0.126	3.439e-02	-7.892	209	2.649	0.837
0.126	4.540e-02	-8.029	196	2.671	0.816
0.126	5.980e-02	-8.167	183	2.692	0.797
0.126	7.860e-02	-8.305	171	2.711	0.779
0.126	1.025e-01	-8.441	160	2.728	0.764
0.126	1.346e-01	-8.578	149	2.745	0.749
0.126	1.768e-01	-8.709	140	2.760	0.736
0.126	2.325e-01	-8.841	130	2.775	0.724
0.126	3.056e-01	-8.973	122	2.788	0.712
0.126	4.034e-01	-9.106	114	2.802	0.702
0.126	5.281e-01	-9.236	106	2.814	0.692
0.126	6.931e-01	-9.369	99	2.826	0.683
0.126	9.109e-01	-9.504	92	2.837	0.674
0.126	1.205e+00	-9.643	86	2.848	0.665
0.126	1.590e+00	-9.783	80	2.858	0.657
0.126	2.082e+00	-9.913	74	2.868	0.650
0.189	1.004e-04	-5.136	640	2.008	2.143
0.189	1.326e-04	-5.241	621	2.060	2.018
0.189	1.746e-04	-5.357	597	2.110	1.906
0.189	2.295e-04	-5.465	576	2.156	1.807
0.189	2.993e-04	-5.576	554	2.199	1.720
0.189	3.951e-04	-5.693	531	2.242	1.638
0.189	5.205e-04	-5.807	509	2.282	1.564
0.189	6.841e-04	-5.910	490	2.321	1.495
0.189	9.047e-04	-6.028	468	2.359	1.431
0.189	1.196e-03	-6.141	448	2.396	1.372
0.189	1.579e-03	-6.256	428	2.431	1.316
0.189	2.080e-03	-6.373	408	2.465	1.266
0.189	2.751e-03	-6.482	391	2.498	1.219
0.189	3.639e-03	-6.593	374	2.531	1.173
0.189	4.782e-03	-6.708	356	2.562	1.132
0.189	6.312e-03	-6.829	338	2.593	1.093
0.189	8.263e-03	-6.951	320	2.622	1.057
0.189	1.091e-02	-7.083	302	2.649	1.024
0.189	1.428e-02	-7.214	284	2.675	0.995
0.189	1.888e-02	-7.352	266	2.699	0.967
0.189	2.493e-02	-7.482	250	2.722	0.942
0.189	3.263e-02	-7.610	235	2.743	0.920
0.189	4.307e-02	-7.745	220	2.763	0.898
0.189	5.674e-02	-7.881	206	2.782	0.879
0.189	7.457e-02	-8.019	192	2.800	0.861
0.189	9.805e-02	-8.159	179	2.816	0.845
0.189	1.289e-01	-8.301	166	2.832	0.830
0.189	1.701e-01	-8.444	154	2.847	0.816
0.189	2.241e-01	-8.581	144	2.860	0.804
0.189	2.945e-01	-8.715	134	2.873	0.792
0.189	3.887e-01	-8.850	125	2.885	0.781
0.189	5.089e-01	-8.981	117	2.896	0.771
0.189	6.717e-01	-9.117	108	2.906	0.762
0.189	8.793e-01	-9.250	101	2.916	0.753
0.189	1.154e+00	-9.385	94	2.926	0.745
0.189	1.517e+00	-9.522	87	2.935	0.737
0.189	2.002e+00	-9.663	81	2.944	0.729
0.189	2.621e+00	-9.800	75	2.952	0.722
0.262	1.017e-04	-4.906	746	2.187	2.054
0.262	1.337e-04	-5.011	721	2.233	1.949
0.262	1.758e-04	-5.120	694	2.277	1.853
0.262	2.310e-04	-5.236	665	2.318	1.766
0.262	3.049e-04	-5.348	638	2.359	1.685
0.262	3.992e-04	-5.464	610	2.396	1.614
0.262	5.240e-04	-5.582	582	2.432	1.548
0.262	6.886e-04	-5.703	554	2.467	1.488
0.262	9.090e-04	-5.830	525	2.500	1.433
0.262	1.197e-03	-5.951	498	2.530	1.383
0.262	1.574e-03	-6.056	477	2.560	1.336
0.262	2.053e-03	-6.174	453	2.589	1.293
0.262	2.709e-03	-6.287	431	2.617	1.252
0.262	3.583e-03	-6.409	409	2.645	1.212
0.262	4.720e-03	-6.518	390	2.672	1.175
0.262	6.242e-03	-6.628	372	2.699	1.140
0.262	8.256e-03	-6.748	352	2.725	1.105
0.262	1.085e-02	-6.871	333	2.750	1.074
0.262	1.427e-02	-6.998	313	2.774	1.045
0.262	1.875e-02	-7.134	294	2.796	1.019
0.262	2.446e-02	-7.267	275	2.816	0.995
0.262	3.228e-02	-7.401	258	2.836	0.973
0.262	4.226e-02	-7.530	242	2.854	0.953
0.262	5.578e-02	-7.666	226	2.872	0.933
0.262	7.302e-02	-7.799	211	2.888	0.916
0.262	9.584e-02	-7.937	197	2.904	0.900
0.262	1.260e-01	-8.078	183	2.918	0.885
0.262	1.656e-01	-8.220	170	2.932	0.871
0.262	2.177e-01	-8.363	158	2.945	0.858
0.262	2.862e-01	-8.502	147	2.957	0.847
0.262	3.761e-01	-8.636	137	2.968	0.836
0.262	4.945e-01	-8.770	127	2.978	0.826
0.262	6.500e-01	-8.902	118	2.988	0.817
0.262	8.546e-01	-9.036	110	2.997	0.808
0.262	1.123e+00	-9.171	103	3.006	0.800
0.262	1.483e+00	-9.310	95	3.015	0.792
0.262	1.941e+00	-9.446	88	3.023	0.785
0.262	2.547e+00	-9.586	82	3.031	0.778
0.262	3.348e+00	-9.729	76	3.038	0.771
0.524	1.039e-04	-4.368	1036	2.521	1.977
0.524	1.371e-04	-4.484	993	2.563	1.885
0.524	1.795e-04	-4.595	952	2.601	1.804
0.524	2.369e-04	-4.727	901	2.638	1.729
0.524	3.101e-04	-4.839	861	2.672	1.662
0.524	4.070e-04	-4.969	815	2.704	1.601
0.524	5.350e-04	-5.090	773	2.735	1.546
0.524	7.062e-04	-5.214	732	2.765	1.494
0.524	9.302e-04	-5.345	690	2.792	1.447
0.524	1.223e-03	-5.476	650	2.818	1.404
0.524	1.595e-03	-5.605	611	2.842	1.366
0.524	2.093e-03	-5.739	574	2.865	1.331
0.524	2.751e-03	-5.865	540	2.886	1.299
0.524	3.588e-03	-5.990	508	2.906	1.269
0.524	4.736e-03	-6.117	478	2.926	1.240
0.524	6.200e-03	-6.236	451	2.945	1.214
0.524	8.073e-03	-6.343	429	2.963	1.189
0.524	1.060e-02	-6.452	407	2.981	1.164
0.524	1.393e-02	-6.570	384	3.000	1.140
0.524	1.838e-02	-6.688	363	3.018	1.116
0.524	2.406e-02	-6.806	342	3.035	1.094
0.524	3.176e-02	-6.932	322	3.053	1.072
0.524	4.158e-02	-7.061	301	3.069	1.053
0.524	5.489e-02	-7.200	281	3.084	1.034
0.524	7.185e-02	-7.334	262	3.099	1.017
0.524	9.485e-02	-7.469	244	3.112	1.001
0.524	1.242e-01	-7.602	228	3.125	0.986
0.524	1.630e-01	-7.739	212	3.137	0.972
0.524	2.142e-01	-7.880	197	3.149	0.960
0.524	2.794e-01	-8.020	183	3.160	0.948
0.524	3.688e-01	-8.167	169	3.170	0.937
0.524	4.828e-01	-8.309	157	3.179	0.927
0.524	6.372e-01	-8.452	145	3.188	0.918
0.524	8.342e-01	-8.586	135	3.196	0.909
0.524	1.095e+00	-8.723	125	3.204	0.901
0.524	1.439e+00	-8.858	116	3.211	0.894
0.524	1.877e+00	-8.991	108	3.218	0.887
0.524	2.463e+00	-9.129	100	3.224	0.880
0.524	3.226e+00	-9.265	93	3.231	0.874
0.524	4.223e+00	-9.404	86	3.237	0.868
0.524	5.575e+00	-9.549	80	3.243	0.862
0.786	1.022e-04	-3.990	1269	2.671	2.037
0.786	1.349e-04	-4.128	1203	2.716	1.935
0.786	1.777e-04	-4.255	1144	2.757	1.846
0.786	2.335e-04	-4.380	1088	2.794	1.768
0.786	3.082e-04	-4.510	1030	2.830	1.697
0.786	4.035e-04	-4.638	975	2.862	1.635
0.786	5.326e-04	-4.769	921	2.893	1.578
0.786	7.016e-04	-4.903	867	2.922	1.527
0.786	9.221e-04	-5.039	813	2.948	1.481
0.786	1.217e-03	-5.170	766	2.973	1.439
0.786	1.603e-03	-5.303	719	2.997	1.400
0.786	2.100e-03	-5.434	675	3.019	1.366
0.786	2.749e-03	-5.566	633	3.039	1.334
0.786	3.607e-03	-5.694	594	3.058	1.305
0.786	4.741e-03	-5.826	557	3.077	1.277
0.786	6.234e-03	-5.962	520	3.095	1.251
0.786	8.193e-03	-6.089	488	3.111	1.228
0.786	1.081e-02	-6.215	458	3.127	1.205
0.786	1.416e-02	-6.328	433	3.143	1.184
0.786	1.869e-02	-6.443	409	3.159	1.162
0.786	2.446e-02	-6.556	387	3.174	1.142
0.786	3.211e-02	-6.677	364	3.189	1.122
0.786	4.220e-02	-6.797	343	3.204	1.103
0.786	5.504e-02	-6.920	322	3.218	1.086
0.786	7.224e-02	-7.050	301	3.232	1.069
0.786	9.495e-02	-7.193	279	3.245	1.053
0.786	1.253e-01	-7.328	260	3.257	1.038
0.786	1.658e-01	-7.465	242	3.269	1.024
0.786	2.170e-01	-7.599	226	3.280	1.011
0.786	2.848e-01	-7.739	209	3.290	0.999
0.786	3.729e-01	-7.882	194	3.300	0.988
0.786	4.882e-01	-8.025	179	3.309	0.978
0.786	6.408e-01	-8.172	166	3.317	0.969
0.786	8.422e-01	-8.316	153	3.325	0.960
0.786	1.098e+00	-8.452	142	3.332	0.952
0.786	1.442e+00	-8.588	132	3.339	0.945
0.786	1.895e+00	-8.725	123	3.345	0.938
0.786	2.491e+00	-8.862	114	3.351	0.931
0.786	3.274e+00	-9.001	105	3.357	0.925
0.786	4.271e+00	-9.137	98	3.363	0.919
0.786	5.638e+00	-9.279	90	3.368	0.913
0.786	7.380e+00	-9.419	84	3.373	0.908
1.048	1.016e-04	-3.741	1426	2.751	2.147
1.048	1.343e-04	-3.849	1380	2.801	2.026
1.048	1.777e-04	-3.975	1319	2.849	1.918
1.048	2.350e-04	-4.123	1241	2.892	1.825
1.048	3.089e-04	-4.259	1174	2.929	1.747
1.048	4.046e-04	-4.388	1111	2.964	1.680
1.048	5.329e-04	-4.525	1046	2.996	1.618
1.048	7.004e-04	-4.654	988	3.026	1.563
1.048	9.136e-04	-4.784	931	3.054	1.515
1.048	1.206e-03	-4.928	870	3.080	1.470
1.048	1.589e-03	-5.063	817	3.104	1.429
1.048	2.088e-03	-5.198	765	3.126	1.393
1.048	2.756e-03	-5.336	716	3.148	1.360
1.048	3.608e-03	-5.470	670	3.167	1.330
1.048	4.698e-03	-5.602	627	3.185	1.303
1.048	6.107e-03	-5.729	589	3.201	1.278
1.048	8.015e-03	-5.871	548	3.218	1.254
1.048	1.053e-02	-6.007	511	3.233	1.232
1.048	1.385e-02	-6.140	477	3.247	1.212
1.048	1.814e-02	-6.253	451	3.261	1.193
1.048	2.389e-02	-6.367	425	3.275	1.174
1.048	3.140e-02	-6.481	402	3.289	1.155
1.048	4.128e-02	-6.600	378	3.303	1.137
1.048	5.426e-02	-6.718	356	3.316	1.120
1.048	7.134e-02	-6.848	333	3.329	1.103
1.048	9.376e-02	-6.978	311	3.342	1.087
1.048	1.238e-01	-7.117	289	3.354	1.072
1.048	1.620e-01	-7.247	270	3.365	1.058
1.048	2.139e-01	-7.382	251	3.376	1.045
1.048	2.800e-01	-7.517	234	3.386	1.033
1.048	3.675e-01	-7.658	217	3.396	1.022
1.048	4.829e-01	-7.805	200	3.405	1.011
1.048	6.350e-01	-7.953	185	3.413	1.001
1.048	8.345e-01	-8.101	171	3.421	0.992
1.048	1.089e+00	-8.242	158	3.428	0.985
1.048	1.437e+00	-8.387	146	3.435	0.977
1.048	1.878e+00	-8.521	135	3.441	0.970
1.048	2.449e+00	-8.655	126	3.446	0.964
1.048	3.215e+00	-8.791	117	3.452	0.957
1.048	4.225e+00	-8.930	108	3.458	0.951
1.048	5.555e+00	-9.070	100	3.463	0.946
1.048	7.300e+00	-9.210	93	3.468	0.940
1.048	9.522e+00	-9.347	86	3.472	0.935
1.571	1.040e-04	-3.501	1579	2.864	2.308
1.571	1.375e-04	-3.593	1538	2.909	2.190
1.571	1.807e-04	-3.685	1496	2.954	2.080
1.571	2.372e-04	-3.773	1460	2.999	1.976
1.571	3.118e-04	-3.866	1420	3.044	1.875
1.571	4.115e-04	-4.000	1349	3.089	1.782
1.571	5.421e-04	-4.141	1272	3.128	1.702
1.571	7.125e-04	-4.284	1196	3.164	1.634
1.571	9.368e-04	-4.431	1120	3.196	1.574
1.571	1.231e-03	-4.566	1053	3.225	1.522
1.571	1.625e-03	-4.715	982	3.253	1.475
1.571	2.128e-03	-4.851	921	3.277	1.435
1.571	2.808e-03	-5.011	851	3.299	1.398
1.571	3.714e-03	-5.154	793	3.320	1.365
1.571	4.892e-03	-5.293	740	3.339	1.335
1.571	6.407e-03	-5.424	693	3.357	1.309
1.571	8.387e-03	-5.561	647	3.373	1.284
1.571	1.101e-02	-5.704	601	3.388	1.262
1.571	1.442e-02	-5.846	559	3.403	1.241
1.571	1.884e-02	-5.983	520	3.416	1.223
1.571	2.477e-02	-6.116	485	3.428	1.205
1.571	3.243e-02	-6.239	455	3.440	1.189
1.571	4.272e-02	-6.353	429	3.452	1.172
1.571	5.615e-02	-6.464	405	3.464	1.157
1.571	7.383e-02	-6.579	382	3.476	1.141
1.571	9.703e-02	-6.713	356	3.488	1.125
1.571	1.281e-01	-6.842	333	3.499	1.111
1.571	1.677e-01	-6.968	311	3.510	1.098
1.571	2.213e-01	-7.100	290	3.520	1.084
1.571	2.897e-01	-7.229	271	3.530	1.072
1.571	3.803e-01	-7.367	252	3.539	1.061
1.571	4.998e-01	-7.509	233	3.548	1.050
1.571	6.571e-01	-7.655	215	3.557	1.040
1.571	8.636e-01	-7.802	199	3.564	1.031
1.571	1.126e+00	-7.946	184	3.571	1.022
1.571	1.487e+00	-8.097	169	3.578	1.014
1.571	1.947e+00	-8.240	156	3.584	1.007
1.571	2.555e+00	-8.379	145	3.590	1.001
1.571	3.358e+00	-8.517	134	3.595	0.995
1.571	4.415e+00	-8.655	124	3.600	0.989
1.571	5.802e+00	-8.794	115	3.605	0.983
1.571	7.568e+00	-8.929	107	3.610	0.978
1.571	9.933e+00	-9.069	99	3.614	0.973
2.095	1.030e-04	-3.187	1836	2.937	2.451
2.095	1.354e-04	-3.358	1716	2.990	2.306
2.095	1.788e-04	-3.507	1615	3.033	2.194
2.095	2.355e-04	-3.606	1562	3.074	2.093
2.095	3.114e-04	-3.696	1519	3.116	1.994
2.095	4.093e-04	-3.782	1481	3.158	1.900
2.095	5.339e-04	-3.867	1445	3.200	1.811
2.095	7.061e-04	-3.979	1389	3.243	1.722
2.095	9.338e-04	-4.129	1304	3.284	1.643
2.095	1.228e-03	-4.289	1213	3.319	1.579
2.095	1.608e-03	-4.436	1134	3.349	1.525
2.095	2.105e-03	-4.583	1059	3.376	1.478
2.095	2.778e-03	-4.728	988	3.401	1.435
2.095	3.660e-03	-4.892	911	3.424	1.398
2.095	4.840e-03	-5.038	848	3.445	1.365
2.095	6.361e-03	-5.182	789	3.463	1.337
2.095	8.396e-03	-5.305	743	3.481	1.309
2.095	1.110e-02	-5.454	688	3.498	1.284
2.095	1.454e-02	-5.600	638	3.513	1.262
2.095	1.908e-02	-5.748	591	3.527	1.242
2.095	2.508e-02	-5.894	547	3.540	1.224
2.095	3.297e-02	-6.034	508	3.552	1.207
2.095	4.333e-02	-6.163	475	3.563	1.192
2.095	5.730e-02	-6.289	445	3.574	1.176
2.095	7.534e-02	-6.395	421	3.585	1.162
2.095	9.902e-02	-6.512	396	3.596	1.147
2.095	1.310e-01	-6.644	369	3.607	1.133
2.095	1.729e-01	-6.768	346	3.617	1.119
2.095	2.286e-01	-6.902	322	3.628	1.106
2.095	2.993e-01	-7.026	302	3.637	1.094
2.095	3.958e-01	-7.162	280	3.647	1.082
2.095	5.224e-01	-7.312	259	3.656	1.071
2.095	6.882e-01	-7.451	240	3.664	1.061
2.095	9.045e-01	-7.592	222	3.672	1.052
2.095	1.189e+00	-7.737	205	3.679	1.043
2.095	1.563e+00	-7.884	189	3.685	1.035
2.095	2.039e+00	-8.029	175	3.692	1.028
2.095	2.691e+00	-8.178	161	3.697	1.021
2.095	3.517e+00	-8.318	149	3.703	1.015
2.095	4.587e+00	-8.453	138	3.708	1.009
2.095	6.055e+00	-8.594	128	3.713	1.003
2.095	7.926e+00	-8.730	118	3.717	0.998
2.619	1.002e-04	-2.992	1981	2.971	2.635
2.619	1.312e-04	-3.093	1932	3.028	2.466
2.619	1.722e-04	-3.203	1874	3.084	2.311
2.619	2.263e-04	-3.359	1764	3.135	2.180
2.619	2.987e-04	-3.560	1610	3.177	2.077
2.619	3.951e-04	-3.652	1560	3.215	1.988
2.619	5.204e-04	-3.718	1537	3.254	1.901
2.619	6.882e-04	-3.781	1518	3.297	1.809
2.619	9.102e-04	-3.887	1466	3.342	1.718
2.619	1.204e-03	-4.042	1374	3.384	1.637
2.619	1.582e-03	-4.205	1276	3.420	1.571
2.619	2.080e-03	-4.359	1189	3.451	1.516
2.619	2.734e-03	-4.510	1108	3.479	1.468
2.619	3.594e-03	-4.656	1033	3.504	1.427
2.619	4.724e-03	-4.820	952	3.526	1.390
2.619	6.200e-03	-4.961	888	3.546	1.359
2.619	8.149e-03	-5.103	827	3.564	1.330
2.619	1.071e-02	-5.232	776	3.582	1.304
2.619	1.408e-02	-5.379	719	3.598	1.280
2.619	1.851e-02	-5.530	665	3.613	1.258
2.619	2.433e-02	-5.681	615	3.626	1.238
2.619	3.174e-02	-5.824	570	3.639	1.221
2.619	4.189e-02	-5.969	528	3.650	1.205
2.619	5.484e-02	-6.105	491	3.661	1.190
2.619	7.253e-02	-6.239	458	3.671	1.176
2.619	9.536e-02	-6.342	434	3.681	1.162
2.619	1.253e-01	-6.462	407	3.692	1.149
2.619	1.654e-01	-6.583	382	3.702	1.136
2.619	2.166e-01	-6.701	359	3.712	1.123
2.619	2.864e-01	-6.838	334	3.721	1.110
2.619	3.781e-01	-6.961	312	3.731	1.098
2.619	4.949e-01	-7.092	291	3.740	1.087
2.619	6.533e-01	-7.249	267	3.748	1.077
2.619	8.606e-01	-7.384	248	3.756	1.067
2.619	1.131e+00	-7.522	230	3.763	1.058
2.619	1.487e+00	-7.664	213	3.770	1.050
2.619	1.954e+00	-7.810	197	3.777	1.042
2.619	2.549e+00	-7.955	182	3.783	1.035
2.619	3.365e+00	-8.105	167	3.788	1.028
2.619	4.405e+00	-8.249	154	3.794	1.022
2.619	5.782e+00	-8.388	143	3.798	1.016
2.619	7.571e+00	-8.526	132	3.803	1.011
2.619	9.912e+00	-8.662	123	3.808	1.005
3.143	1.002e-04	-2.852	2080	2.995	2.808
3.143	1.312e-04	-2.955	2030	3.055	2.620
3.143	1.732e-04	-3.060	1979	3.115	2.445
3.143	2.263e-04	-3.168	1919	3.170	2.294
3.143	2.975e-04	-3.289	1845	3.223	2.160
3.143	3.910e-04	-3.522	1653	3.265	2.057
3.143	5.162e-04	-3.587	1629	3.304	1.966
3.143	6.799e-04	-3.658	1602	3.346	1.873
3.143	8.936e-04	-3.743	1565	3.390	1.781
3.143	1.180e-03	-3.878	1484	3.433	1.694
3.143	1.554e-03	-4.034	1387	3.472	1.621
3.143	2.042e-03	-4.193	1290	3.505	1.560
3.143	2.664e-03	-4.337	1208	3.534	1.509
3.143	3.516e-03	-4.491	1122	3.561	1.463
3.143	4.603e-03	-4.631	1049	3.585	1.424
3.143	6.076e-03	-4.789	970	3.606	1.388
3.143	8.035e-03	-4.933	903	3.626	1.357
3.143	1.052e-02	-5.070	843	3.644	1.329
3.143	1.370e-02	-5.205	788	3.660	1.305
3.143	1.808e-02	-5.355	729	3.676	1.281
3.143	2.367e-02	-5.506	674	3.690	1.261
3.143	3.082e-02	-5.651	624	3.703	1.243
3.143	4.068e-02	-5.799	577	3.715	1.225
3.143	5.325e-02	-5.942	535	3.726	1.210
3.143	7.029e-02	-6.093	494	3.736	1.196
3.143	9.202e-02	-6.211	464	3.746	1.183
3.143	1.217e-01	-6.320	438	3.756	1.169
3.143	1.587e-01	-6.442	411	3.765	1.157
3.143	2.095e-01	-6.548	388	3.775	1.144
3.143	2.743e-01	-6.674	363	3.784	1.131
3.143	3.627e-01	-6.808	338	3.794	1.119
3.143	4.769e-01	-6.927	317	3.803	1.108
3.143	6.268e-01	-7.069	294	3.811	1.097
3.143	8.290e-01	-7.219	271	3.820	1.086
3.143	1.094e+00	-7.356	251	3.827	1.077
3.143	1.432e+00	-7.492	233	3.834	1.068
3.143	1.891e+00	-7.636	216	3.841	1.059
3.143	2.475e+00	-7.781	199	3.847	1.052
3.143	3.249e+00	-7.929	184	3.853	1.045
3.143	4.270e+00	-8.078	169	3.859	1.038
3.143	5.614e+00	-8.224	156	3.864	1.032
3.143	7.352e+00	-8.364	144	3.869	1.026
3.143	9.624e+00	-8.502	133	3.873	1.021
3.666	1.042e-04	-2.738	2171	3.022	2.939
3.666	1.365e-04	-2.840	2123	3.085	2.733
3.666	1.787e-04	-2.945	2070	3.145	2.551
3.666	2.358e-04	-3.050	2016	3.205	2.382
3.666	3.087e-04	-3.162	1951	3.260	2.235
3.666	4.083e-04	-3.278	1882	3.313	2.101
3.666	5.390e-04	-3.469	1730	3.358	1.997
3.666	7.100e-04	-3.546	1696	3.401	1.900
3.666	9.331e-04	-3.637	1651	3.445	1.807
3.666	1.227e-03	-3.761	1576	3.488	1.718
3.666	1.612e-03	-3.913	1477	3.527	1.643
3.666	2.116e-03	-4.062	1383	3.562	1.579
3.666	2.781e-03	-4.216	1288	3.593	1.524
3.666	3.657e-03	-4.364	1202	3.620	1.476
3.666	4.806e-03	-4.511	1120	3.645	1.434
3.666	6.269e-03	-4.654	1045	3.667	1.398
3.666	8.275e-03	-4.798	974	3.688	1.365
3.666	1.090e-02	-4.942	906	3.708	1.335
3.666	1.433e-02	-5.082	844	3.725	1.308
3.666	1.880e-02	-5.229	783	3.741	1.284
3.666	2.471e-02	-5.382	723	3.756	1.263
3.666	3.249e-02	-5.535	667	3.769	1.244
3.666	4.270e-02	-5.682	618	3.781	1.226
3.666	5.615e-02	-5.830	571	3.792	1.211
3.666	7.379e-02	-5.979	527	3.803	1.196
3.666	9.741e-02	-6.123	488	3.812	1.183
3.666	1.283e-01	-6.237	459	3.822	1.170
3.666	1.686e-01	-6.362	430	3.831	1.158
3.666	2.217e-01	-6.464	407	3.840	1.146
3.666	2.932e-01	-6.571	385	3.850	1.133
3.666	3.878e-01	-6.715	356	3.859	1.121
3.666	5.097e-01	-6.834	334	3.868	1.110
3.666	6.728e-01	-6.961	312	3.877	1.099
3.666	8.862e-01	-7.120	286	3.885	1.088
3.666	1.165e+00	-7.253	267	3.892	1.079
3.666	1.537e+00	-7.391	247	3.900	1.070
3.666	2.009e+00	-7.529	229	3.907	1.061
3.666	2.621e+00	-7.668	212	3.913	1.054
3.666	3.407e+00	-7.809	196	3.919	1.047
3.666	4.429e+00	-7.954	181	3.924	1.040
3.666	5.813e+00	-8.103	167	3.929	1.034
3.666	7.640e+00	-8.248	154	3.934	1.028
3.666	1.000e+01	-8.388	142	3.939	1.023
4.190	1.039e-04	-2.634	2243	3.032	3.106
4.190	1.360e-04	-2.727	2209	3.098	2.879
4.190	1.785e-04	-2.830	2158	3.161	2.676
4.190	2.346e-04	-2.938	2102	3.222	2.494
4.190	3.084e-04	-3.043	2046	3.281	2.331
4.190	4.039e-04	-3.155	1980	3.337	2.187
4.190	5.287e-04	-3.276	1903	3.388	2.060
4.190	6.992e-04	-3.418	1802	3.436	1.951
4.190	9.230e-04	-3.517	1748	3.482	1.849
4.190	1.216e-03	-3.640	1671	3.527	1.756
4.190	1.598e-03	-3.789	1570	3.567	1.677
4.190	2.109e-03	-3.934	1476	3.604	1.607
4.190	2.761e-03	-4.079	1383	3.637	1.548
4.190	3.652e-03	-4.235	1286	3.667	1.495
4.190	4.801e-03	-4.384	1199	3.693	1.451
4.190	6.310e-03	-4.525	1120	3.717	1.411
4.190	8.329e-03	-4.670	1044	3.739	1.375
4.190	1.090e-02	-4.809	975	3.759	1.344
4.190	1.431e-02	-4.953	907	3.778	1.316
4.190	1.881e-02	-5.099	842	3.795	1.291
4.190	2.473e-02	-5.248	779	3.810	1.268
4.190	3.250e-02	-5.402	719	3.824	1.247
4.190	4.273e-02	-5.553	664	3.837	1.229
4.190	5.616e-02	-5.701	614	3.849	1.213
4.190	7.384e-02	-5.847	568	3.859	1.198
4.190	9.705e-02	-6.004	522	3.869	1.185
4.190	1.281e-01	-6.136	486	3.878	1.172
4.190	1.687e-01	-6.266	454	3.887	1.160
4.190	2.218e-01	-6.378	427	3.896	1.149
4.190	2.928e-01	-6.464	409	3.905	1.136
4.190	3.872e-01	-6.593	382	3.915	1.124
4.190	5.120e-01	-6.729	355	3.924	1.112
4.190	6.745e-01	-6.850	333	3.933	1.101
4.190	8.865e-01	-6.991	308	3.941	1.091
4.190	1.172e+00	-7.139	284	3.949	1.081
4.190	1.548e+00	-7.275	264	3.956	1.071
4.190	2.026e+00	-7.411	245	3.963	1.063
4.190	2.659e+00	-7.552	227	3.970	1.055
4.190	3.495e+00	-7.696	210	3.976	1.047
4.190	4.558e+00	-7.841	193	3.982	1.041
4.190	5.982e+00	-7.994	178	3.987	1.034
4.190	7.863e+00	-8.141	164	3.992	1.028
4.190	1.000e+01	-8.269	152	3.996	1.023
4.714	1.042e-04	-2.549	2298	3.040	3.265
4.714	1.364e-04	-2.636	2271	3.107	3.022
4.714	1.790e-04	-2.732	2233	3.174	2.798
4.714	2.353e-04	-2.838	2180	3.238	2.599
4.714	3.093e-04	-2.947	2120	3.299	2.423
4.714	4.050e-04	-3.050	2065	3.356	2.268
4.714	5.293e-04	-3.163	1999	3.411	2.129
4.714	6.959e-04	-3.291	1913	3.464	2.003
4.714	9.204e-04	-3.412	1837	3.514	1.891
4.714	1.210e-03	-3.542	1749	3.559	1.795
4.714	1.597e-03	-3.675	1661	3.602	1.709
4.714	2.112e-03	-3.822	1560	3.641	1.635
4.714	2.764e-03	-3.958	1472	3.675	1.572
4.714	3.628e-03	-4.109	1373	3.706	1.516
4.714	4.769e-03	-4.259	1280	3.734	1.468
4.714	6.220e-03	-4.405	1194	3.759	1.427
4.714	8.210e-03	-4.546	1116	3.782	1.389
4.714	1.075e-02	-4.685	1042	3.803	1.356
4.714	1.419e-02	-4.831	970	3.823	1.325
4.714	1.857e-02	-4.974	902	3.841	1.298
4.714	2.452e-02	-5.123	836	3.858	1.273
4.714	3.209e-02	-5.273	773	3.872	1.252
4.714	4.236e-02	-5.428	713	3.886	1.233
4.714	5.546e-02	-5.575	660	3.898	1.215
4.714	7.221e-02	-5.719	611	3.909	1.200
4.714	9.532e-02	-5.877	561	3.919	1.186
4.714	1.256e-01	-6.027	518	3.929	1.173
4.714	1.660e-01	-6.167	480	3.938	1.161
4.714	2.182e-01	-6.303	446	3.946	1.150
4.714	2.881e-01	-6.385	428	3.955	1.138
4.714	3.795e-01	-6.480	407	3.964	1.126
4.714	4.987e-01	-6.617	378	3.973	1.115
4.714	6.557e-01	-6.739	354	3.982	1.104
4.714	8.618e-01	-6.865	331	3.990	1.093
4.714	1.138e+00	-7.017	305	3.999	1.082
4.714	1.499e+00	-7.154	283	4.006	1.073
4.714	1.969e+00	-7.290	263	4.013	1.064
4.714	2.600e+00	-7.432	243	4.020	1.056
4.714	3.397e+00	-7.571	225	4.027	1.048
4.714	4.467e+00	-7.717	208	4.033	1.041
4.714	5.871e+00	-7.869	191	4.038	1.034
4.714	7.749e+00	-8.023	175	4.044	1.028
4.714	1.000e+01	-8.161	162	4.048	1.023
5.238	1.019e-04	-2.465	2348	3.039	3.444
5.238	1.345e-04	-2.554	2322	3.110	3.175
5.238	1.771e-04	-2.645	2294	3.179	2.931
5.238	2.328e-04	-2.746	2251	3.246	2.713
5.238	3.061e-04	-2.854	2194	3.310	2.521
5.238	4.023e-04	-2.962	2134	3.371	2.351
5.238	5.247e-04	-3.063	2080	3.427	2.203
5.238	6.887e-04	-3.177	2012	3.483	2.066
5.238	9.018e-04	-3.298	1933	3.535	1.947
5.238	1.181e-03	-3.434	1836	3.582	1.844
5.238	1.558e-03	-3.562	1751	3.626	1.752
5.238	2.053e-03	-3.706	1650	3.667	1.671
5.238	2.698e-03	-3.839	1560	3.704	1.603
5.238	3.561e-03	-3.980	1468	3.738	1.541
5.238	4.662e-03	-4.136	1365	3.768	1.488
5.238	6.154e-03	-4.289	1269	3.795	1.442
5.238	8.056e-03	-4.432	1186	3.820	1.402
5.238	1.065e-02	-4.577	1105	3.842	1.366
5.238	1.401e-02	-4.718	1031	3.863	1.334
5.238	1.841e-02	-4.862	960	3.882	1.305
5.238	2.420e-02	-5.009	891	3.899	1.279
5.238	3.181e-02	-5.158	825	3.915	1.256
5.238	4.183e-02	-5.311	762	3.930	1.235
5.238	5.497e-02	-5.463	703	3.943	1.217
5.238	7.228e-02	-5.613	649	3.954	1.201
5.238	9.499e-02	-5.762	600	3.965	1.186
5.238	1.239e-01	-5.922	550	3.975	1.173
5.238	1.635e-01	-6.070	508	3.984	1.160
5.238	2.141e-01	-6.210	471	3.992	1.150
5.238	2.831e-01	-6.321	444	4.000	1.139
5.238	3.738e-01	-6.391	428	4.009	1.127
5.238	4.943e-01	-6.512	402	4.019	1.115
5.238	6.537e-01	-6.651	373	4.028	1.104
5.238	8.611e-01	-6.774	349	4.036	1.093
5.238	1.132e+00	-6.908	325	4.045	1.082
5.238	1.494e+00	-7.057	299	4.052	1.072
5.238	1.956e+00	-7.189	278	4.060	1.064
5.238	2.546e+00	-7.328	258	4.066	1.055
5.238	3.310e+00	-7.462	240	4.073	1.048
5.238	4.370e+00	-7.607	221	4.079	1.040
5.238	5.756e+00	-7.756	204	4.085	1.033
5.238	7.538e+00	-7.906	188	4.090	1.027
5.238	9.867e+00	-8.054	173	4.095	1.021
6.285	1.033e-04	-2.335	2429	3.047	3.739
6.285	1.353e-04	-2.424	2403	3.118	3.446
6.285	1.786e-04	-2.512	2381	3.190	3.171
6.285	2.334e-04	-2.603	2351	3.259	2.928
6.285	3.068e-04	-2.699	2316	3.328	2.705
6.285	4.033e-04	-2.807	2260	3.394	2.508
6.285	5.302e-04	-2.918	2197	3.456	2.334
6.285	6.968e-04	-3.023	2140	3.515	2.181
6.285	9.089e-04	-3.134	2072	3.571	2.046
6.285	1.193e-03	-3.255	1993	3.623	1.925
6.285	1.568e-03	-3.393	1892	3.672	1.821
6.285	2.070e-03	-3.522	1803	3.717	1.729
6.285	2.705e-03	-3.665	1699	3.756	1.652
6.285	3.516e-03	-3.791	1612	3.792	1.586
6.285	4.571e-03	-3.921	1525	3.825	1.527
6.285	5.962e-03	-4.073	1422	3.855	1.475
6.285	7.870e-03	-4.228	1322	3.883	1.427
6.285	1.030e-02	-4.373	1233	3.908	1.387
6.285	1.360e-02	-4.518	1150	3.931	1.351
6.285	1.780e-02	-4.657	1074	3.952	1.319
6.285	2.337e-02	-4.801	1000	3.971	1.290
6.285	3.060e-02	-4.946	929	3.989	1.264
6.285	4.006e-02	-5.095	861	4.004	1.242
6.285	5.287e-02	-5.251	793	4.019	1.221
6.285	6.922e-02	-5.402	733	4.032	1.203
6.285	9.085e-02	-5.551	677	4.044	1.186
6.285	1.190e-01	-5.701	625	4.055	1.172
6.285	1.567e-01	-5.864	572	4.065	1.158
6.285	2.060e-01	-6.014	528	4.074	1.146
6.285	2.708e-01	-6.158	488	4.082	1.135
6.285	3.559e-01	-6.261	462	4.090	1.125
6.285	4.698e-01	-6.355	440	4.099	1.114
6.285	6.188e-01	-6.473	413	4.108	1.102
6.285	8.133e-01	-6.598	386	4.116	1.091
6.285	1.074e+00	-6.731	360	4.125	1.081
6.285	1.414e+00	-6.856	336	4.133	1.071
6.285	1.870e+00	-7.006	310	4.141	1.061
6.285	2.458e+00	-7.140	288	4.148	1.052
6.285	3.206e+00	-7.287	266	4.155	1.044
6.285	4.208e+00	-7.422	247	4.161	1.037
6.285	5.531e+00	-7.565	228	4.167	1.030
6.285	7.301e+00	-7.714	210	4.173	1.023
6.285	9.540e+00	-7.860	194	4.178	1.017
7.333	1.017e-04	-2.221	2492	3.045	4.048
7.333	1.335e-04	-2.309	2470	3.118	3.722
7.333	1.755e-04	-2.399	2447	3.191	3.423
7.333	2.308e-04	-2.487	2424	3.263	3.150
7.333	3.033e-04	-2.580	2394	3.334	2.902
7.333	3.987e-04	-2.671	2364	3.404	2.678
7.333	5.241e-04	-2.779	2309	3.471	2.480
7.333	6.918e-04	-2.893	2244	3.535	2.303
7.333	9.056e-04	-2.999	2184	3.594	2.152
7.333	1.195e-03	-3.113	2114	3.652	2.013
7.333	1.575e-03	-3.235	2033	3.705	1.892
7.333	2.069e-03	-3.375	1929	3.754	1.789
7.333	2.732e-03	-3.503	1839	3.799	1.699
7.333	3.598e-03	-3.660	1720	3.840	1.621
7.333	4.759e-03	-3.788	1632	3.877	1.553
7.333	6.255e-03	-3.922	1541	3.911	1.493
7.333	8.256e-03	-4.083	1430	3.942	1.440
7.333	1.081e-02	-4.235	1331	3.969	1.396
7.333	1.427e-02	-4.383	1240	3.994	1.357
7.333	1.868e-02	-4.524	1158	4.017	1.323
7.333	2.465e-02	-4.671	1077	4.037	1.291
7.333	3.227e-02	-4.814	1002	4.056	1.264
7.333	4.236e-02	-4.962	930	4.073	1.239
7.333	5.567e-02	-5.115	859	4.089	1.217
7.333	7.319e-02	-5.276	789	4.103	1.198
7.333	9.680e-02	-5.423	731	4.116	1.180
7.333	1.272e-01	-5.576	674	4.127	1.164
7.333	1.679e-01	-5.739	617	4.138	1.150
7.333	2.212e-01	-5.888	569	4.148	1.137
7.333	2.907e-01	-6.046	523	4.157	1.126
7.333	3.823e-01	-6.172	488	4.165	1.115
7.333	5.024e-01	-6.277	462	4.173	1.105
7.333	6.632e-01	-6.390	435	4.181	1.094
7.333	8.736e-01	-6.504	409	4.190	1.083
7.333	1.148e+00	-6.629	383	4.198	1.073
7.333	1.515e+00	-6.760	357	4.206	1.063
7.333	1.996e+00	-6.895	331	4.214	1.053
7.333	2.624e+00	-7.035	307	4.221	1.045
7.333	3.444e+00	-7.181	283	4.228	1.036
7.333	4.526e+00	-7.324	262	4.235	1.029
7.333	5.974e+00	-7.464	243	4.241	1.021
7.333	7.821e+00	-7.605	224	4.247	1.015
7.333	1.000e+01	-7.738	208	4.251	1.009
8.381	1.012e-04	-2.123	2549	3.044	4.334
8.381	1.331e-04	-2.214	2526	3.119	3.973
8.381	1.736e-04	-2.301	2503	3.191	3.658
8.381	2.278e-04	-2.391	2479	3.264	3.364
8.381	2.983e-04	-2.479	2455	3.335	3.100
8.381	3.898e-04	-2.568	2427	3.404	2.861
8.381	5.125e-04	-2.657	2401	3.474	2.639
8.381	6.736e-04	-2.766	2345	3.542	2.441
8.381	8.892e-04	-2.879	2280	3.607	2.266
8.381	1.164e-03	-2.987	2218	3.666	2.117
8.381	1.536e-03	-3.101	2147	3.724	1.980
8.381	2.024e-03	-3.224	2064	3.778	1.860
8.381	2.660e-03	-3.363	1959	3.827	1.759
8.381	3.511e-03	-3.489	1870	3.872	1.669
8.381	4.589e-03	-3.651	1743	3.912	1.595
8.381	5.985e-03	-3.768	1662	3.947	1.531
8.381	7.900e-03	-3.903	1570	3.982	1.471
8.381	1.041e-02	-4.062	1459	4.014	1.419
8.381	1.368e-02	-4.218	1354	4.041	1.375
8.381	1.798e-02	-4.365	1263	4.066	1.336
8.381	2.363e-02	-4.509	1177	4.088	1.302
8.381	3.107e-02	-4.654	1096	4.109	1.271
8.381	4.084e-02	-4.801	1018	4.128	1.244
8.381	5.327e-02	-4.945	946	4.144	1.220
8.381	7.032e-02	-5.100	873	4.160	1.198
8.381	9.263e-02	-5.264	801	4.174	1.179
8.381	1.217e-01	-5.408	743	4.187	1.162
8.381	1.601e-01	-5.562	684	4.198	1.147
8.381	2.104e-01	-5.718	629	4.209	1.133
8.381	2.777e-01	-5.873	579	4.219	1.120
8.381	3.635e-01	-6.030	531	4.227	1.109
8.381	4.798e-01	-6.154	497	4.235	1.099
8.381	6.281e-01	-6.273	466	4.243	1.089
8.381	8.292e-01	-6.383	440	4.252	1.079
8.381	1.092e+00	-6.492	415	4.260	1.068
8.381	1.435e+00	-6.628	386	4.268	1.058
8.381	1.898e+00	-6.749	361	4.276	1.049
8.381	2.496e+00	-6.889	335	4.284	1.040
8.381	3.281e+00	-7.027	310	4.291	1.031
8.381	4.330e+00	-7.177	286	4.298	1.023
8.381	5.704e+00	-7.313	265	4.304	1.016
8.381	7.470e+00	-7.455	245	4.310	1.009
8.381	9.779e+00	-7.598	227	4.315	1.002
9.428	1.003e-04	-2.033	2601	3.040	4.615
9.428	1.319e-04	-2.126	2577	3.117	4.223
9.428	1.734e-04	-2.218	2553	3.193	3.870
9.428	2.262e-04	-2.306	2529	3.265	3.563
9.428	2.968e-04	-2.396	2504	3.337	3.277
9.428	3.887e-04	-2.485	2478	3.408	3.021
9.428	5.080e-04	-2.573	2452	3.478	2.789
9.428	6.679e-04	-2.663	2423	3.548	2.573
9.428	8.778e-04	-2.771	2367	3.615	2.381
9.428	1.159e-03	-2.884	2303	3.680	2.210
9.428	1.517e-03	-2.992	2239	3.739	2.064
9.428	2.002e-03	-3.108	2165	3.797	1.931
9.428	2.621e-03	-3.234	2076	3.850	1.817
9.428	3.460e-03	-3.369	1975	3.899	1.718
9.428	4.529e-03	-3.491	1889	3.943	1.632
9.428	5.945e-03	-3.661	1752	3.982	1.561
9.428	7.813e-03	-3.778	1672	4.018	1.497
9.428	1.033e-02	-3.921	1571	4.053	1.438
9.428	1.364e-02	-4.081	1458	4.084	1.388
9.428	1.797e-02	-4.237	1354	4.111	1.345
9.428	2.361e-02	-4.383	1263	4.135	1.308
9.428	3.080e-02	-4.522	1180	4.157	1.276
9.428	4.042e-02	-4.668	1098	4.177	1.247
9.428	5.313e-02	-4.816	1019	4.195	1.221
9.428	6.930e-02	-4.961	946	4.212	1.198
9.428	9.095e-02	-5.123	869	4.227	1.177
9.428	1.195e-01	-5.270	805	4.240	1.159
9.428	1.559e-01	-5.417	745	4.252	1.143
9.428	2.058e-01	-5.577	684	4.264	1.128
9.428	2.694e-01	-5.729	630	4.274	1.115
9.428	3.556e-01	-5.892	577	4.284	1.103
9.428	4.685e-01	-6.041	532	4.292	1.092
9.428	6.196e-01	-6.169	497	4.300	1.082
9.428	8.143e-01	-6.294	464	4.308	1.072
9.428	1.075e+00	-6.392	441	4.316	1.062
9.428	1.422e+00	-6.516	412	4.325	1.052
9.428	1.880e+00	-6.653	383	4.333	1.042
9.428	2.476e+00	-6.772	359	4.340	1.033
9.428	3.255e+00	-6.922	331	4.348	1.024
9.428	4.296e+00	-7.059	307	4.355	1.016
9.428	5.682e+00	-7.196	285	4.361	1.008
9.428	7.484e+00	-7.342	263	4.367	1.001
9.428	9.837e+00	-7.489	242	4.373	0.995
10.476	1.035e-04	-1.965	2646	3.048	4.821
10.476	1.360e-04	-2.060	2621	3.127	4.404
10.476	1.782e-04	-2.152	2596	3.202	4.036
10.476	2.332e-04	-2.243	2571	3.276	3.707
10.476	3.037e-04	-2.331	2546	3.347	3.417
10.476	4.008e-04	-2.423	2519	3.421	3.140
10.476	5.238e-04	-2.511	2493	3.490	2.897
10.476	6.833e-04	-2.598	2466	3.559	2.678
10.476	9.019e-04	-2.695	2429	3.629	2.469
10.476	1.193e-03	-2.802	2375	3.697	2.283
10.476	1.561e-03	-2.913	2308	3.759	2.126
10.476	2.061e-03	-3.025	2241	3.820	1.983
10.476	2.698e-03	-3.143	2162	3.875	1.861
10.476	3.562e-03	-3.281	2058	3.927	1.752
10.476	4.662e-03	-3.401	1972	3.974	1.661
10.476	6.166e-03	-3.562	1845	4.018	1.578
10.476	8.139e-03	-3.696	1745	4.056	1.510
10.476	1.072e-02	-3.823	1656	4.092	1.449
10.476	1.409e-02	-3.979	1542	4.124	1.396
10.476	1.860e-02	-4.134	1435	4.154	1.350
10.476	2.435e-02	-4.280	1338	4.179	1.312
10.476	3.196e-02	-4.423	1249	4.202	1.277
10.476	4.200e-02	-4.567	1164	4.223	1.246
10.476	5.479e-02	-4.709	1084	4.242	1.220
10.476	7.191e-02	-4.856	1006	4.260	1.195
10.476	9.417e-02	-5.007	931	4.276	1.173
10.476	1.240e-01	-5.176	852	4.290	1.154
10.476	1.640e-01	-5.323	789	4.303	1.136
10.476	2.156e-01	-5.479	726	4.315	1.121
10.476	2.846e-01	-5.638	667	4.326	1.106
10.476	3.726e-01	-5.792	614	4.336	1.094
10.476	4.918e-01	-5.954	562	4.345	1.083
10.476	6.438e-01	-6.086	523	4.353	1.073
10.476	8.498e-01	-6.220	487	4.361	1.063
10.476	1.112e+00	-6.328	459	4.369	1.053
10.476	1.471e+00	-6.445	431	4.377	1.043
10.476	1.946e+00	-6.579	401	4.385	1.034
10.476	2.568e+00	-6.699	376	4.393	1.025
10.476	3.383e+00	-6.841	348	4.400	1.016
10.476	4.446e+00	-6.980	323	4.407	1.008
10.476	5.880e+00	-7.114	300	4.414	1.000
10.476	7.762e+00	-7.252	278	4.421	0.993
10.476	1.000e+01	-7.396	257	4.426	0.987
11.523	1.030e-04	-1.895	2679	3.041	5.096
11.523	1.357e-04	-1.987	2665	3.123	4.636
11.523	1.783e-04	-2.082	2639	3.202	4.235
11.523	2.354e-04	-2.178	2612	3.280	3.872
11.523	3.076e-04	-2.268	2587	3.353	3.561
11.523	4.012e-04	-2.356	2560	3.424	3.281
11.523	5.224e-04	-2.444	2534	3.493	3.028
11.523	6.895e-04	-2.535	2506	3.565	2.787
11.523	9.027e-04	-2.624	2478	3.635	2.573
11.523	1.185e-03	-2.723	2435	3.703	2.379
11.523	1.557e-03	-2.829	2380	3.769	2.205
11.523	2.055e-03	-2.942	2312	3.832	2.050
11.523	2.691e-03	-3.053	2243	3.890	1.918
11.523	3.558e-03	-3.180	2153	3.946	1.798
11.523	4.678e-03	-3.311	2054	3.996	1.698
11.523	6.149e-03	-3.432	1968	4.042	1.610
11.523	8.020e-03	-3.593	1836	4.082	1.537
11.523	1.043e-02	-3.708	1753	4.117	1.476
11.523	1.368e-02	-3.834	1663	4.151	1.420
11.523	1.799e-02	-3.988	1549	4.182	1.371
11.523	2.374e-02	-4.134	1446	4.209	1.329
11.523	3.127e-02	-4.274	1353	4.233	1.292
11.523	4.095e-02	-4.409	1267	4.255	1.260
11.523	5.361e-02	-4.546	1185	4.275	1.231
11.523	7.077e-02	-4.690	1103	4.294	1.205
11.523	9.248e-02	-4.833	1026	4.311	1.181
11.523	1.221e-01	-4.986	948	4.328	1.159
11.523	1.608e-01	-5.151	870	4.342	1.140
11.523	2.113e-01	-5.303	803	4.356	1.122
11.523	2.795e-01	-5.466	736	4.368	1.106
11.523	3.675e-01	-5.626	676	4.379	1.092
11.523	4.830e-01	-5.787	619	4.389	1.080
11.523	6.350e-01	-5.950	567	4.398	1.068
11.523	8.346e-01	-6.091	525	4.407	1.058
11.523	1.102e+00	-6.244	483	4.415	1.048
11.523	1.457e+00	-6.338	460	4.423	1.038
11.523	1.927e+00	-6.477	427	4.432	1.028
11.523	2.548e+00	-6.608	398	4.440	1.019
11.523	3.357e+00	-6.734	371	4.447	1.010
11.523	4.412e+00	-6.888	341	4.455	1.001
11.523	5.823e+00	-7.021	317	4.461	0.993
11.523	7.671e+00	-7.139	298	4.468	0.986
11.523	1.000e+01	-7.299	272	4.474	0.979
12.047	1.045e-04	-1.874	2686	3.044	5.193
12.047	1.368e-04	-1.956	2685	3.125	4.733
12.047	1.809e-04	-2.055	2658	3.206	4.310
12.047	2.360e-04	-2.146	2632	3.281	3.954
12.047	3.097e-04	-2.239	2606	3.356	3.628
12.047	4.056e-04	-2.329	2579	3.428	3.338
12.047	5.300e-04	-2.418	2552	3.499	3.076
12.047	6.914e-04	-2.506	2525	3.568	2.841
12.047	9.002e-04	-2.593	2497	3.636	2.626
12.047	1.182e-03	-2.686	2463	3.705	2.426
12.047	1.553e-03	-2.789	2413	3.772	2.246
12.047	2.025e-03	-2.898	2347	3.834	2.092
12.047	2.674e-03	-3.009	2282	3.895	1.950
12.047	3.500e-03	-3.128	2199	3.951	1.829
12.047	4.594e-03	-3.260	2100	4.002	1.724
12.047	6.038e-03	-3.378	2016	4.049	1.633
12.047	7.970e-03	-3.520	1904	4.093	1.553
12.047	1.054e-02	-3.660	1795	4.130	1.487
12.047	1.388e-02	-3.781	1708	4.164	1.431
12.047	1.825e-02	-3.919	1605	4.194	1.382
12.047	2.409e-02	-4.053	1509	4.221	1.340
12.047	3.153e-02	-4.184	1417	4.244	1.305
12.047	4.138e-02	-4.309	1335	4.265	1.274
12.047	5.439e-02	-4.436	1255	4.285	1.245
12.047	7.095e-02	-4.564	1179	4.303	1.219
12.047	9.365e-02	-4.702	1100	4.321	1.194
12.047	1.224e-01	-4.842	1025	4.338	1.171
12.047	1.609e-01	-4.994	947	4.354	1.150
12.047	2.115e-01	-5.157	870	4.368	1.130
12.047	2.797e-01	-5.325	796	4.382	1.112
12.047	3.692e-01	-5.493	728	4.395	1.096
12.047	4.824e-01	-5.657	667	4.406	1.082
12.047	6.343e-01	-5.831	607	4.417	1.070
12.047	8.337e-01	-5.994	556	4.426	1.058
12.047	1.096e+00	-6.145	512	4.435	1.047
12.047	1.450e+00	-6.281	476	4.444	1.037
12.047	1.917e+00	-6.411	443	4.452	1.026
12.047	2.520e+00	-6.547	412	4.461	1.017
12.047	3.326e+00	-6.676	384	4.469	1.007
12.047	4.381e+00	-6.829	354	4.476	0.998
12.047	5.758e+00	-6.969	327	4.483	0.990
12.047	7.615e+00	-7.090	307	4.490	0.983
12.047	1.000e+01	-7.244	282	4.497	0.975
12.571	1.037e-04	-1.849	2692	3.041	5.325
12.571	1.358e-04	-1.922	2702	3.121	4.855
12.571	1.796e-04	-2.021	2678	3.204	4.415
12.571	2.371e-04	-2.117	2651	3.283	4.032
12.571	3.103e-04	-2.209	2624	3.357	3.700
12.571	4.041e-04	-2.298	2598	3.428	3.408
12.571	5.304e-04	-2.389	2570	3.501	3.136
12.571	6.945e-04	-2.478	2543	3.571	2.891
12.571	9.092e-04	-2.567	2515	3.641	2.668
12.571	1.200e-03	-2.660	2484	3.712	2.459
12.571	1.568e-03	-2.760	2436	3.778	2.279
12.571	2.046e-03	-2.866	2375	3.841	2.120
12.571	2.700e-03	-2.975	2311	3.903	1.974
12.571	3.529e-03	-3.090	2235	3.959	1.850
12.571	4.640e-03	-3.217	2142	4.012	1.741
12.571	6.098e-03	-3.338	2053	4.059	1.649
12.571	8.017e-03	-3.455	1967	4.102	1.569
12.571	1.054e-02	-3.601	1847	4.139	1.504
12.571	1.394e-02	-3.715	1762	4.171	1.449
12.571	1.832e-02	-3.821	1685	4.200	1.402
12.571	2.408e-02	-3.948	1589	4.224	1.363
12.571	3.179e-02	-4.056	1513	4.246	1.329
12.571	4.204e-02	-4.168	1434	4.266	1.300
12.571	5.503e-02	-4.271	1365	4.284	1.273
12.571	7.165e-02	-4.377	1297	4.301	1.249
12.571	9.458e-02	-4.496	1223	4.318	1.223
12.571	1.246e-01	-4.626	1147	4.336	1.199
12.571	1.638e-01	-4.771	1066	4.354	1.174
12.571	2.153e-01	-4.931	983	4.372	1.150
12.571	2.830e-01	-5.111	894	4.389	1.128
12.571	3.735e-01	-5.296	811	4.405	1.108
12.571	4.920e-01	-5.484	734	4.419	1.090
12.571	6.466e-01	-5.672	664	4.431	1.074
12.571	8.435e-01	-5.859	600	4.442	1.061
12.571	1.113e+00	-6.037	544	4.453	1.048
12.571	1.467e+00	-6.221	493	4.462	1.036
12.571	1.940e+00	-6.331	465	4.472	1.025
12.571	2.565e+00	-6.489	427	4.481	1.014
12.571	3.371e+00	-6.625	396	4.489	1.005
12.571	4.450e+00	-6.773	366	4.498	0.995
12.571	5.862e+00	-6.927	336	4.505	0.987
12.571	7.704e+00	-7.050	314	4.512	0.979
12.571	1.000e+01	-7.187	292	4.518	0.972
13.095	1.031e-04	-1.825	2697	3.038	5.452
13.095	1.354e-04	-1.897	2710	3.119	4.969
13.095	1.779e-04	-1.987	2698	3.200	4.523
13.095	2.339e-04	-2.083	2671	3.279	4.132
13.095	3.075e-04	-2.177	2644	3.355	3.784
13.095	4.010e-04	-2.267	2617	3.428	3.482
13.095	5.213e-04	-2.355	2590	3.498	3.212
13.095	6.843e-04	-2.445	2562	3.569	2.958
13.095	8.961e-04	-2.534	2534	3.639	2.729
13.095	1.173e-03	-2.623	2505	3.708	2.520
13.095	1.540e-03	-2.721	2464	3.777	2.330
13.095	2.023e-03	-2.827	2407	3.842	2.160
13.095	2.660e-03	-2.934	2346	3.905	2.010
13.095	3.484e-03	-3.044	2277	3.963	1.881
13.095	4.561e-03	-3.163	2191	4.016	1.769
13.095	6.020e-03	-3.287	2098	4.064	1.673
13.095	7.881e-03	-3.395	2019	4.106	1.595
13.095	1.040e-02	-3.520	1919	4.143	1.529
13.095	1.376e-02	-3.628	1835	4.172	1.478
13.095	1.812e-02	-3.718	1767	4.197	1.436
13.095	2.382e-02	-3.797	1710	4.218	1.401
13.095	3.144e-02	-3.889	1640	4.237	1.371
13.095	4.142e-02	-3.974	1576	4.254	1.345
13.095	5.443e-02	-4.060	1515	4.271	1.319
13.095	7.185e-02	-4.163	1442	4.289	1.291
13.095	9.406e-02	-4.277	1366	4.309	1.263
13.095	1.244e-01	-4.421	1274	4.331	1.230
13.095	1.645e-01	-4.593	1170	4.356	1.196
13.095	2.171e-01	-4.786	1062	4.380	1.164
13.095	2.872e-01	-4.999	952	4.402	1.134
13.095	3.783e-01	-5.212	851	4.421	1.109
13.095	5.003e-01	-5.431	758	4.438	1.088
13.095	6.575e-01	-5.635	679	4.452	1.070
13.095	8.645e-01	-5.838	609	4.465	1.055
13.095	1.136e+00	-6.020	551	4.475	1.042
13.095	1.482e+00	-6.199	500	4.484	1.031
13.095	1.956e+00	-6.306	473	4.494	1.021
13.095	2.587e+00	-6.463	434	4.503	1.010
13.095	3.422e+00	-6.600	403	4.511	1.000
13.095	4.479e+00	-6.737	374	4.519	0.991
13.095	5.924e+00	-6.897	343	4.526	0.983
13.095	7.726e+00	-7.018	321	4.533	0.975
13.095	1.000e+01	-7.144	300	4.540	0.968
13.618	1.009e-04	-1.798	2702	3.031	5.607
13.618	1.331e-04	-1.871	2715	3.113	5.102
13.618	1.740e-04	-1.949	2719	3.193	4.653
13.618	2.269e-04	-2.043	2692	3.270	4.256
13.618	2.996e-04	-2.140	2664	3.349	3.889
13.618	3.915e-04	-2.231	2637	3.422	3.573
13.618	5.106e-04	-2.321	2610	3.494	3.291
13.618	6.702e-04	-2.411	2582	3.566	3.029
13.618	8.808e-04	-2.502	2553	3.637	2.791
13.618	1.149e-03	-2.589	2525	3.705	2.580
13.618	1.508e-03	-2.682	2491	3.774	2.383
13.618	1.982e-03	-2.785	2439	3.841	2.207
13.618	2.616e-03	-2.894	2377	3.905	2.049
13.618	3.425e-03	-2.998	2316	3.964	1.915
13.618	4.520e-03	-3.118	2233	4.019	1.797
13.618	5.918e-03	-3.232	2147	4.066	1.702
13.618	7.811e-03	-3.336	2071	4.107	1.623
13.618	1.021e-02	-3.424	2006	4.140	1.563
13.618	1.331e-02	-3.519	1928	4.166	1.517
13.618	1.758e-02	-3.593	1870	4.186	1.483
13.618	2.315e-02	-3.653	1823	4.203	1.454
13.618	3.032e-02	-3.715	1776	4.220	1.427
13.618	3.994e-02	-3.784	1725	4.238	1.396
13.618	5.282e-02	-3.893	1642	4.261	1.360
13.618	6.941e-02	-4.019	1550	4.287	1.320
13.618	9.180e-02	-4.192	1428	4.317	1.275
13.618	1.214e-01	-4.391	1297	4.350	1.228
13.618	1.606e-01	-4.610	1164	4.381	1.185
13.618	2.119e-01	-4.833	1040	4.408	1.149
13.618	2.770e-01	-5.053	928	4.430	1.120
13.618	3.641e-01	-5.268	829	4.448	1.096
13.618	4.786e-01	-5.470	745	4.464	1.077
13.618	6.317e-01	-5.665	670	4.477	1.061
13.618	8.270e-01	-5.850	606	4.488	1.047
13.618	1.092e+00	-6.022	553	4.498	1.036
13.618	1.438e+00	-6.197	502	4.507	1.025
13.618	1.902e+00	-6.294	477	4.515	1.015
13.618	2.515e+00	-6.441	441	4.524	1.005
13.618	3.306e+00	-6.569	411	4.532	0.996
13.618	4.346e+00	-6.700	383	4.539	0.987
13.618	5.712e+00	-6.855	352	4.546	0.979
13.618	7.540e+00	-6.983	328	4.553	0.971
13.618	9.870e+00	-7.103	307	4.560	0.964
14.142	1.001e-04	-1.775	2707	3.028	5.730
14.142	1.322e-04	-1.849	2720	3.110	5.217
14.142	1.727e-04	-1.921	2732	3.189	4.761
14.142	2.280e-04	-2.017	2709	3.271	4.332
14.142	3.003e-04	-2.113	2681	3.350	3.958
14.142	3.947e-04	-2.207	2653	3.425	3.628
14.142	5.148e-04	-2.297	2626	3.497	3.340
14.142	6.757e-04	-2.388	2598	3.569	3.074
14.142	8.880e-04	-2.479	2569	3.641	2.831
14.142	1.158e-03	-2.566	2541	3.709	2.616
14.142	1.506e-03	-2.654	2511	3.776	2.423
14.142	1.976e-03	-2.755	2462	3.843	2.243
14.142	2.598e-03	-2.860	2404	3.907	2.083
14.142	3.429e-03	-2.964	2346	3.968	1.942
14.142	4.517e-03	-3.075	2271	4.023	1.823
14.142	5.936e-03	-3.180	2196	4.070	1.728
14.142	7.743e-03	-3.273	2125	4.106	1.657
14.142	1.022e-02	-3.348	2070	4.135	1.603
14.142	1.338e-02	-3.406	2027	4.157	1.563
14.142	1.766e-02	-3.461	1985	4.175	1.531
14.142	2.336e-02	-3.528	1928	4.191	1.502
14.142	3.102e-02	-3.597	1874	4.211	1.469
14.142	4.103e-02	-3.694	1799	4.237	1.425
14.142	5.392e-02	-3.833	1695	4.272	1.368
14.142	7.118e-02	-4.039	1541	4.313	1.306
14.142	9.376e-02	-4.271	1380	4.353	1.246
14.142	1.240e-01	-4.509	1228	4.389	1.196
14.142	1.630e-01	-4.732	1098	4.418	1.157
14.142	2.143e-01	-4.944	985	4.442	1.126
14.142	2.816e-01	-5.147	887	4.461	1.101
14.142	3.717e-01	-5.352	795	4.477	1.081
14.142	4.866e-01	-5.531	723	4.490	1.065
14.142	6.423e-01	-5.709	657	4.502	1.050
14.142	8.409e-01	-5.882	598	4.512	1.039
14.142	1.095e+00	-6.032	551	4.520	1.028
14.142	1.437e+00	-6.190	506	4.528	1.019
14.142	1.889e+00	-6.285	481	4.536	1.010
14.142	2.498e+00	-6.424	446	4.544	1.000
14.142	3.303e+00	-6.550	417	4.552	0.991
14.142	4.343e+00	-6.679	388	4.560	0.983
14.142	5.708e+00	-6.828	358	4.567	0.975
14.142	7.535e+00	-6.958	334	4.573	0.967
14.142	9.925e+00	-7.078	313	4.580	0.960
14.666	1.028e-04	-1.763	2713	3.036	5.787
14.666	1.352e-04	-1.835	2726	3.115	5.279
14.666	1.763e-04	-1.906	2738	3.194	4.821
14.666	2.327e-04	-1.997	2724	3.277	4.384
14.666	3.065e-04	-2.094	2696	3.356	4.003
14.666	4.014e-04	-2.187	2668	3.431	3.671
14.666	5.246e-04	-2.278	2641	3.503	3.377
14.666	6.842e-04	-2.367	2613	3.574	3.113
14.666	8.980e-04	-2.457	2584	3.645	2.867
14.666	1.180e-03	-2.548	2555	3.716	2.644
14.666	1.539e-03	-2.635	2526	3.784	2.445
14.666	2.032e-03	-2.737	2479	3.853	2.259
14.666	2.660e-03	-2.839	2424	3.916	2.100
14.666	3.511e-03	-2.939	2370	3.976	1.959
14.666	4.597e-03	-3.039	2305	4.029	1.844
14.666	6.068e-03	-3.135	2238	4.073	1.753
14.666	7.943e-03	-3.212	2179	4.105	1.690
14.666	1.049e-02	-3.272	2134	4.128	1.646
14.666	1.373e-02	-3.316	2102	4.145	1.614
14.666	1.802e-02	-3.359	2069	4.161	1.583
14.666	2.359e-02	-3.414	2028	4.182	1.546
14.666	3.083e-02	-3.511	1950	4.210	1.497
14.666	4.070e-02	-3.654	1837	4.249	1.432
14.666	5.361e-02	-3.862	1678	4.300	1.350
14.666	7.020e-02	-4.117	1490	4.348	1.277
14.666	9.190e-02	-4.357	1328	4.388	1.219
14.666	1.213e-01	-4.581	1189	4.421	1.174
14.666	1.588e-01	-4.781	1075	4.446	1.141
14.666	2.084e-01	-4.975	973	4.466	1.114
14.666	2.739e-01	-5.162	883	4.484	1.092
14.666	3.616e-01	-5.350	799	4.498	1.074
14.666	4.734e-01	-5.518	730	4.511	1.059
14.666	6.248e-01	-5.688	666	4.522	1.045
14.666	8.231e-01	-5.857	608	4.532	1.034
14.666	1.082e+00	-6.009	560	4.540	1.024
14.666	1.428e+00	-6.170	513	4.548	1.014
14.666	1.881e+00	-6.266	487	4.556	1.005
14.666	2.488e+00	-6.401	453	4.564	0.996
14.666	3.269e+00	-6.521	425	4.571	0.987
14.666	4.316e+00	-6.652	395	4.579	0.979
14.666	5.649e+00	-6.792	366	4.586	0.971
14.666	7.457e+00	-6.927	340	4.593	0.964
14.666	9.762e+00	-7.039	320	4.599	0.957
15.190	1.006e-04	-1.738	2717	3.029	5.934
15.190	1.321e-04	-1.809	2730	3.108	5.418
15.190	1.736e-04	-1.882	2742	3.189	4.937
15.190	2.264e-04	-1.960	2744	3.268	4.507
15.190	2.994e-04	-2.060	2715	3.349	4.104
15.190	3.905e-04	-2.153	2687	3.424	3.767
15.190	5.155e-04	-2.247	2659	3.500	3.451
15.190	6.749e-04	-2.338	2630	3.572	3.176
15.190	8.908e-04	-2.430	2601	3.645	2.920
15.190	1.164e-03	-2.519	2573	3.714	2.695
15.190	1.518e-03	-2.607	2543	3.782	2.493
15.190	2.004e-03	-2.704	2503	3.852	2.301
15.190	2.624e-03	-2.804	2451	3.915	2.139
15.190	3.444e-03	-2.899	2400	3.975	1.998
15.190	4.526e-03	-2.992	2345	4.027	1.882
15.190	5.951e-03	-3.076	2287	4.067	1.796
15.190	7.821e-03	-3.137	2244	4.095	1.738
15.190	1.020e-02	-3.181	2212	4.115	1.700
15.190	1.339e-02	-3.224	2179	4.130	1.670
15.190	1.760e-02	-3.270	2144	4.149	1.635
15.190	2.295e-02	-3.336	2094	4.174	1.588
15.190	3.036e-02	-3.453	2005	4.216	1.513
15.190	3.991e-02	-3.663	1836	4.273	1.418
15.190	5.278e-02	-3.931	1631	4.335	1.320
15.190	6.981e-02	-4.193	1442	4.383	1.248
15.190	9.174e-02	-4.413	1296	4.418	1.199
15.190	1.197e-01	-4.605	1179	4.445	1.163
15.190	1.571e-01	-4.790	1074	4.467	1.133
15.190	2.064e-01	-4.970	979	4.487	1.108
15.190	2.714e-01	-5.147	892	4.503	1.087
15.190	3.567e-01	-5.325	812	4.517	1.070
15.190	4.653e-01	-5.487	745	4.529	1.055
15.190	6.107e-01	-5.649	683	4.540	1.042
15.190	8.026e-01	-5.814	624	4.550	1.030
15.190	1.059e+00	-5.969	574	4.558	1.020
15.190	1.396e+00	-6.127	526	4.567	1.011
15.190	1.834e+00	-6.235	497	4.574	1.002
15.190	2.426e+00	-6.365	463	4.582	0.993
15.190	3.189e+00	-6.481	435	4.589	0.984
15.190	4.191e+00	-6.609	406	4.597	0.976
15.190	5.511e+00	-6.745	377	4.604	0.968
15.190	7.243e+00	-6.885	349	4.611	0.961
15.190	9.561e+00	-6.997	329	4.617	0.953
15.713	1.003e-04	-1.720	2722	3.028	6.042
15.713	1.308e-04	-1.789	2735	3.105	5.530
15.713	1.727e-04	-1.862	2747	3.186	5.035
15.713	2.260e-04	-1.936	2757	3.266	4.592
15.713	2.989e-04	-2.034	2731	3.349	4.177
15.713	3.946e-04	-2.132	2702	3.427	3.816
15.713	5.166e-04	-2.224	2674	3.501	3.504
15.713	6.726e-04	-2.313	2646	3.572	3.229
15.713	8.744e-04	-2.401	2619	3.642	2.981
15.713	1.148e-03	-2.491	2589	3.713	2.747
15.713	1.508e-03	-2.581	2559	3.782	2.535
15.713	1.967e-03	-2.670	2527	3.849	2.347
15.713	2.597e-03	-2.772	2475	3.915	2.176
15.713	3.400e-03	-2.865	2426	3.973	2.035
15.713	4.462e-03	-2.948	2380	4.023	1.922
15.713	5.865e-03	-3.018	2336	4.060	1.841
15.713	7.741e-03	-3.070	2299	4.085	1.789
15.713	1.013e-02	-3.106	2274	4.102	1.755
15.713	1.330e-02	-3.142	2249	4.119	1.722
15.713	1.742e-02	-3.197	2208	4.141	1.677
15.713	2.276e-02	-3.286	2139	4.176	1.612
15.713	3.005e-02	-3.447	2017	4.235	1.506
15.713	3.933e-02	-3.709	1807	4.306	1.388
15.713	5.192e-02	-3.978	1602	4.365	1.296
15.713	6.839e-02	-4.211	1434	4.406	1.236
15.713	8.989e-02	-4.411	1302	4.438	1.192
15.713	1.182e-01	-4.595	1188	4.464	1.157
15.713	1.548e-01	-4.769	1089	4.485	1.129
15.713	2.026e-01	-4.939	998	4.504	1.105
15.713	2.674e-01	-5.113	912	4.521	1.084
15.713	3.501e-01	-5.287	831	4.534	1.067
15.713	4.621e-01	-5.453	761	4.547	1.051
15.713	6.049e-01	-5.613	698	4.558	1.038
15.713	7.985e-01	-5.778	639	4.568	1.027
15.713	1.044e+00	-5.930	588	4.576	1.017
15.713	1.361e+00	-6.077	543	4.584	1.007
15.713	1.800e+00	-6.205	506	4.592	0.998
15.713	2.376e+00	-6.328	474	4.599	0.990
15.713	3.130e+00	-6.444	445	4.607	0.981
15.713	4.114e+00	-6.572	415	4.614	0.973
15.713	5.430e+00	-6.705	386	4.622	0.965
15.713	7.108e+00	-6.848	357	4.628	0.957
15.713	9.383e+00	-6.961	336	4.635	0.950
16.237	1.042e-04	-1.712	2729	3.039	6.064
16.237	1.376e-04	-1.784	2742	3.119	5.530
16.237	1.801e-04	-1.855	2754	3.198	5.050
16.237	2.364e-04	-1.928	2766	3.279	4.602
16.237	3.095e-04	-2.022	2743	3.358	4.199
16.237	4.052e-04	-2.117	2715	3.435	3.845
16.237	5.348e-04	-2.213	2686	3.512	3.520
16.237	7.001e-04	-2.303	2657	3.584	3.237
16.237	9.189e-04	-2.394	2628	3.656	2.980
16.237	1.208e-03	-2.485	2599	3.727	2.746
16.237	1.575e-03	-2.573	2569	3.795	2.539
16.237	2.079e-03	-2.665	2536	3.865	2.344
16.237	2.739e-03	-2.763	2487	3.929	2.177
16.237	3.600e-03	-2.852	2440	3.985	2.042
16.237	4.733e-03	-2.922	2403	4.029	1.941
16.237	6.221e-03	-2.976	2370	4.058	1.876
16.237	8.179e-03	-3.012	2347	4.077	1.835
16.237	1.071e-02	-3.045	2325	4.093	1.802
16.237	1.392e-02	-3.086	2296	4.113	1.762
16.237	1.820e-02	-3.155	2247	4.145	1.698
16.237	2.392e-02	-3.296	2139	4.200	1.593
16.237	3.144e-02	-3.541	1946	4.281	1.451
16.237	4.150e-02	-3.805	1740	4.350	1.341
16.237	5.433e-02	-4.042	1559	4.396	1.271
16.237	7.186e-02	-4.250	1412	4.433	1.219
16.237	9.447e-02	-4.436	1290	4.461	1.179
16.237	1.237e-01	-4.608	1184	4.485	1.147
16.237	1.617e-01	-4.774	1089	4.506	1.121
16.237	2.126e-01	-4.943	999	4.524	1.097
16.237	2.794e-01	-5.111	915	4.540	1.077
16.237	3.688e-01	-5.286	834	4.554	1.060
16.237	4.828e-01	-5.447	766	4.566	1.046
16.237	6.336e-01	-5.607	702	4.577	1.033
16.237	8.328e-01	-5.769	644	4.586	1.021
16.237	1.095e+00	-5.923	592	4.595	1.011
16.237	1.439e+00	-6.076	545	4.603	1.002
16.237	1.903e+00	-6.202	509	4.611	0.993
16.237	2.482e+00	-6.321	477	4.618	0.984
16.237	3.277e+00	-6.437	448	4.626	0.976
16.237	4.333e+00	-6.568	417	4.633	0.968
16.237	5.673e+00	-6.698	389	4.640	0.960
16.237	7.502e+00	-6.846	359	4.647	0.952
16.237	9.903e+00	-6.956	338	4.654	0.945
16.761	1.045e-04	-1.696	2734	3.040	6.154
16.761	1.368e-04	-1.766	2746	3.117	5.632
16.761	1.795e-04	-1.837	2758	3.196	5.141
16.761	2.350e-04	-1.909	2771	3.276	4.690
16.761	3.096e-04	-1.999	2758	3.358	4.267
16.761	4.069e-04	-2.095	2729	3.436	3.900
16.761	5.341e-04	-2.189	2701	3.512	3.574
16.761	6.994e-04	-2.281	2672	3.585	3.286
16.761	9.156e-04	-2.371	2644	3.657	3.026
16.761	1.202e-03	-2.462	2614	3.728	2.788
16.761	1.579e-03	-2.552	2584	3.798	2.573
16.761	2.060e-03	-2.638	2554	3.864	2.384
16.761	2.704e-03	-2.732	2510	3.927	2.216
16.761	3.554e-03	-2.817	2465	3.981	2.083
16.761	4.635e-03	-2.879	2434	4.021	1.990
16.761	6.119e-03	-2.922	2410	4.047	1.931
16.761	8.010e-03	-2.953	2391	4.064	1.893
16.761	1.057e-02	-2.984	2372	4.081	1.856
16.761	1.393e-02	-3.033	2341	4.107	1.802
16.761	1.842e-02	-3.127	2276	4.152	1.711
16.761	2.421e-02	-3.324	2125	4.230	1.564
16.761	3.158e-02	-3.588	1915	4.313	1.422
16.761	4.144e-02	-3.821	1733	4.372	1.328
16.761	5.447e-02	-4.042	1564	4.416	1.263
16.761	7.161e-02	-4.236	1427	4.449	1.215
16.761	9.412e-02	-4.415	1308	4.478	1.176
16.761	1.228e-01	-4.581	1205	4.501	1.145
16.761	1.611e-01	-4.746	1108	4.522	1.118
16.761	2.118e-01	-4.912	1018	4.540	1.095
16.761	2.784e-01	-5.078	934	4.556	1.074
16.761	3.646e-01	-5.247	854	4.570	1.058
16.761	4.803e-01	-5.411	783	4.582	1.042
16.761	6.312e-01	-5.572	718	4.593	1.029
16.761	8.299e-01	-5.733	658	4.603	1.018
16.761	1.091e+00	-5.890	605	4.612	1.007
16.761	1.434e+00	-6.039	557	4.620	0.998
16.761	1.885e+00	-6.175	518	4.628	0.989
16.761	2.493e+00	-6.296	485	4.635	0.981
16.761	3.297e+00	-6.413	455	4.643	0.972
16.761	4.334e+00	-6.540	425	4.650	0.964
16.761	5.697e+00	-6.671	396	4.657	0.956
16.761	7.520e+00	-6.817	365	4.664	0.949
16.761	9.905e+00	-6.930	344	4.671	0.942
17.285	1.003e-04	-1.669	2738	3.029	6.331
17.285	1.324e-04	-1.741	2749	3.108	5.782
17.285	1.733e-04	-1.811	2761	3.186	5.285
17.285	2.275e-04	-1.883	2774	3.266	4.819
17.285	2.990e-04	-1.963	2777	3.347	4.388
17.285	3.900e-04	-2.058	2749	3.425	4.015
17.285	5.148e-04	-2.155	2719	3.502	3.670
17.285	6.728e-04	-2.246	2691	3.576	3.373
17.285	8.776e-04	-2.335	2663	3.647	3.108
17.285	1.152e-03	-2.426	2633	3.718	2.863
17.285	1.514e-03	-2.517	2603	3.788	2.640
17.285	1.975e-03	-2.603	2573	3.855	2.446
17.285	2.606e-03	-2.692	2537	3.920	2.270
17.285	3.433e-03	-2.776	2494	3.974	2.134
17.285	4.512e-03	-2.836	2463	4.011	2.043
17.285	5.886e-03	-2.871	2444	4.034	1.990
17.285	7.769e-03	-2.898	2430	4.051	1.952
17.285	1.017e-02	-2.928	2413	4.069	1.912
17.285	1.342e-02	-2.980	2382	4.098	1.849
17.285	1.754e-02	-3.083	2313	4.150	1.742
17.285	2.316e-02	-3.311	2142	4.244	1.562
17.285	3.051e-02	-3.572	1934	4.328	1.419
17.285	4.009e-02	-3.790	1763	4.385	1.329
17.285	5.292e-02	-4.007	1596	4.428	1.264
17.285	6.928e-02	-4.195	1459	4.461	1.217
17.285	9.145e-02	-4.374	1338	4.490	1.177
17.285	1.195e-01	-4.539	1233	4.514	1.145
17.285	1.559e-01	-4.700	1138	4.534	1.118
17.285	2.058e-01	-4.866	1046	4.553	1.094
17.285	2.694e-01	-5.027	962	4.570	1.074
17.285	3.556e-01	-5.199	879	4.584	1.056
17.285	4.655e-01	-5.359	807	4.597	1.041
17.285	6.144e-01	-5.523	739	4.608	1.027
17.285	8.043e-01	-5.681	679	4.619	1.015
17.285	1.064e+00	-5.844	622	4.628	1.005
17.285	1.399e+00	-5.993	573	4.636	0.995
17.285	1.838e+00	-6.139	529	4.644	0.986
17.285	2.426e+00	-6.257	497	4.651	0.978
17.285	3.209e+00	-6.377	465	4.659	0.969
17.285	4.200e+00	-6.498	436	4.666	0.961
17.285	5.555e+00	-6.632	405	4.673	0.953
17.285	7.333e+00	-6.773	375	4.680	0.946
17.285	9.599e+00	-6.893	351	4.687	0.939
17.809	1.009e-04	-1.654	2744	3.031	6.411
17.809	1.321e-04	-1.724	2753	3.107	5.874
17.809	1.734e-04	-1.795	2766	3.186	5.366
17.809	2.279e-04	-1.867	2778	3.266	4.893
17.809	2.972e-04	-1.940	2789	3.345	4.468
17.809	3.901e-04	-2.036	2763	3.424	4.075
17.809	5.127e-04	-2.132	2734	3.502	3.728
17.809	6.741e-04	-2.225	2705	3.577	3.418
17.809	8.827e-04	-2.316	2676	3.649	3.145
17.809	1.156e-03	-2.406	2647	3.720	2.898
17.809	1.517e-03	-2.496	2617	3.790	2.674
17.809	1.993e-03	-2.585	2586	3.858	2.473
17.809	2.600e-03	-2.666	2557	3.919	2.306
17.809	3.432e-03	-2.744	2517	3.971	2.172
17.809	4.485e-03	-2.796	2490	4.004	2.091
17.809	5.850e-03	-2.827	2474	4.024	2.045
17.809	7.722e-03	-2.852	2461	4.040	2.007
17.809	1.017e-02	-2.885	2444	4.060	1.960
17.809	1.337e-02	-2.944	2410	4.095	1.883
17.809	1.758e-02	-3.077	2324	4.166	1.736
17.809	2.310e-02	-3.330	2134	4.270	1.540
17.809	3.055e-02	-3.574	1938	4.347	1.409
17.809	4.033e-02	-3.784	1773	4.402	1.323
17.809	5.279e-02	-3.985	1617	4.443	1.262
17.809	6.929e-02	-4.173	1479	4.476	1.214
17.809	9.107e-02	-4.347	1360	4.504	1.175
17.809	1.188e-01	-4.509	1256	4.528	1.144
17.809	1.559e-01	-4.672	1158	4.549	1.116
17.809	2.049e-01	-4.833	1066	4.568	1.092
17.809	2.673e-01	-4.991	983	4.584	1.072
17.809	3.528e-01	-5.161	899	4.599	1.054
17.809	4.647e-01	-5.324	825	4.612	1.038
17.809	6.085e-01	-5.485	757	4.624	1.024
17.809	7.966e-01	-5.642	696	4.634	1.012
17.809	1.037e+00	-5.796	640	4.643	1.002
17.809	1.369e+00	-5.950	588	4.652	0.992
17.809	1.792e+00	-6.101	542	4.659	0.983
17.809	2.366e+00	-6.220	508	4.667	0.975
17.809	3.117e+00	-6.342	476	4.674	0.967
17.809	4.096e+00	-6.459	447	4.682	0.959
17.809	5.417e+00	-6.597	414	4.689	0.951
17.809	7.123e+00	-6.726	386	4.696	0.943
17.809	9.361e+00	-6.860	359	4.702	0.936
18.332	1.040e-04	-1.646	2751	3.040	6.438
18.332	1.373e-04	-1.719	2760	3.118	5.883
18.332	1.797e-04	-1.789	2772	3.196	5.380
18.332	2.373e-04	-1.862	2785	3.277	4.900
18.332	3.101e-04	-1.934	2796	3.356	4.472
18.332	4.093e-04	-2.031	2772	3.438	4.070
18.332	5.391e-04	-2.128	2742	3.516	3.720
18.332	7.060e-04	-2.221	2714	3.591	3.415
18.332	9.242e-04	-2.312	2685	3.663	3.142
18.332	1.213e-03	-2.402	2655	3.734	2.894
18.332	1.594e-03	-2.492	2625	3.804	2.670
18.332	2.079e-03	-2.577	2596	3.869	2.478
18.332	2.729e-03	-2.655	2567	3.928	2.314
18.332	3.587e-03	-2.722	2535	3.973	2.198
18.332	4.716e-03	-2.764	2513	4.000	2.131
18.332	6.176e-03	-2.790	2500	4.017	2.091
18.332	8.085e-03	-2.815	2487	4.033	2.052
18.332	1.069e-02	-2.856	2465	4.059	1.991
18.332	1.411e-02	-2.939	2420	4.110	1.878
18.332	1.859e-02	-3.136	2291	4.212	1.669
18.332	2.444e-02	-3.380	2103	4.307	1.497
18.332	3.225e-02	-3.608	1917	4.374	1.385
18.332	4.222e-02	-3.804	1762	4.424	1.309
18.332	5.542e-02	-3.999	1611	4.463	1.251
18.332	7.257e-02	-4.178	1480	4.495	1.205
18.332	9.500e-02	-4.347	1364	4.522	1.168
18.332	1.254e-01	-4.514	1256	4.546	1.136
18.332	1.639e-01	-4.672	1161	4.567	1.110
18.332	2.138e-01	-4.828	1072	4.585	1.087
18.332	2.822e-01	-4.992	985	4.602	1.066
18.332	3.687e-01	-5.155	905	4.616	1.048
18.332	4.810e-01	-5.312	832	4.629	1.033
18.332	6.361e-01	-5.478	762	4.641	1.019
18.332	8.363e-01	-5.638	699	4.651	1.007
18.332	1.099e+00	-5.798	641	4.661	0.996
18.332	1.445e+00	-5.950	590	4.669	0.987
18.332	1.899e+00	-6.101	543	4.677	0.978
18.332	2.507e+00	-6.223	509	4.684	0.970
18.332	3.302e+00	-6.342	477	4.691	0.961
18.332	4.340e+00	-6.461	447	4.699	0.953
18.332	5.729e+00	-6.598	415	4.706	0.946
18.332	7.547e+00	-6.729	386	4.713	0.938
18.332	9.919e+00	-6.858	360	4.719	0.931
18.856	1.039e-04	-1.630	2758	3.040	6.526
18.856	1.366e-04	-1.703	2764	3.117	5.974
18.856	1.796e-04	-1.774	2776	3.195	5.460
18.856	2.360e-04	-1.845	2789	3.275	4.981
18.856	3.079e-04	-1.917	2801	3.353	4.550
18.856	4.064e-04	-2.008	2787	3.436	4.138
18.856	5.353e-04	-2.105	2757	3.515	3.780
18.856	7.036e-04	-2.199	2728	3.590	3.464
18.856	9.250e-04	-2.292	2698	3.664	3.182
18.856	1.211e-03	-2.382	2669	3.735	2.932
18.856	1.575e-03	-2.468	2640	3.803	2.713
18.856	2.047e-03	-2.551	2611	3.866	2.522
18.856	2.675e-03	-2.626	2585	3.923	2.362
18.856	3.517e-03	-2.684	2561	3.966	2.248
18.856	4.623e-03	-2.723	2541	3.991	2.185
18.856	6.078e-03	-2.748	2528	4.006	2.146
18.856	7.988e-03	-2.775	2514	4.024	2.103
18.856	1.054e-02	-2.821	2490	4.053	2.033
18.856	1.380e-02	-2.913	2442	4.112	1.900
18.856	1.812e-02	-3.126	2306	4.225	1.668
18.856	2.381e-02	-3.357	2126	4.316	1.503
18.856	3.131e-02	-3.572	1952	4.382	1.393
18.856	4.115e-02	-3.762	1801	4.432	1.314
18.856	5.367e-02	-3.950	1653	4.472	1.256
18.856	7.044e-02	-4.134	1516	4.505	1.209
18.856	9.258e-02	-4.305	1396	4.533	1.170
18.856	1.217e-01	-4.469	1289	4.557	1.138
18.856	1.600e-01	-4.629	1190	4.579	1.110
18.856	2.087e-01	-4.784	1100	4.598	1.086
18.856	2.739e-01	-4.943	1013	4.615	1.065
18.856	3.587e-01	-5.105	932	4.629	1.047
18.856	4.695e-01	-5.264	856	4.643	1.031
18.856	6.197e-01	-5.432	783	4.655	1.017
18.856	8.113e-01	-5.589	720	4.665	1.005
18.856	1.071e+00	-5.751	659	4.675	0.994
18.856	1.402e+00	-5.903	607	4.683	0.984
18.856	1.851e+00	-6.062	556	4.691	0.975
18.856	2.438e+00	-6.188	520	4.699	0.967
18.856	3.204e+00	-6.308	487	4.706	0.959
18.856	4.212e+00	-6.420	458	4.713	0.951
18.856	5.571e+00	-6.559	425	4.721	0.943
18.856	7.322e+00	-6.683	397	4.727	0.936
18.856	9.665e+00	-6.826	367	4.734	0.928
19.380	1.040e-04	-1.615	2764	3.041	6.611
19.380	1.361e-04	-1.687	2768	3.116	6.062
19.380	1.796e-04	-1.759	2780	3.195	5.535
19.380	2.348e-04	-1.829	2792	3.273	5.062
19.380	3.062e-04	-1.900	2805	3.351	4.625
19.380	4.042e-04	-1.985	2801	3.434	4.205
19.380	5.345e-04	-2.085	2770	3.514	3.833
19.380	6.998e-04	-2.178	2741	3.590	3.515
19.380	9.112e-04	-2.268	2713	3.661	3.237
19.380	1.196e-03	-2.359	2683	3.733	2.980
19.380	1.566e-03	-2.447	2653	3.802	2.752
19.380	2.036e-03	-2.529	2625	3.865	2.559
19.380	2.661e-03	-2.601	2600	3.920	2.402
19.380	3.498e-03	-2.653	2581	3.960	2.296
19.380	4.597e-03	-2.684	2567	3.982	2.237
19.380	6.045e-03	-2.708	2555	3.997	2.198
19.380	7.915e-03	-2.737	2540	4.016	2.151
19.380	1.036e-02	-2.787	2514	4.048	2.073
19.380	1.368e-02	-2.903	2453	4.122	1.904
19.380	1.791e-02	-3.119	2318	4.239	1.663
19.380	2.350e-02	-3.340	2146	4.326	1.505
19.380	3.089e-02	-3.546	1979	4.392	1.396
19.380	4.029e-02	-3.727	1834	4.441	1.319
19.380	5.318e-02	-3.919	1682	4.482	1.257
19.380	6.950e-02	-4.100	1545	4.516	1.210
19.380	9.065e-02	-4.266	1427	4.544	1.172
19.380	1.178e-01	-4.422	1323	4.568	1.140
19.380	1.532e-01	-4.575	1226	4.589	1.112
19.380	2.011e-01	-4.733	1132	4.608	1.088
19.380	2.643e-01	-4.892	1044	4.626	1.066
19.380	3.447e-01	-5.048	962	4.641	1.047
19.380	4.550e-01	-5.215	882	4.655	1.030
19.380	5.956e-01	-5.377	808	4.668	1.016
19.380	7.862e-01	-5.540	741	4.679	1.003
19.380	1.029e+00	-5.697	681	4.688	0.992
19.380	1.351e+00	-5.853	625	4.697	0.982
19.380	1.775e+00	-6.008	575	4.705	0.973
19.380	2.334e+00	-6.147	533	4.713	0.965
19.380	3.087e+00	-6.271	498	4.720	0.957
19.380	4.057e+00	-6.377	471	4.727	0.949
19.380	5.356e+00	-6.514	437	4.735	0.941
19.380	7.011e+00	-6.640	408	4.741	0.933
19.380	9.272e+00	-6.788	376	4.748	0.926
19.904	1.033e-04	-1.599	2770	3.040	6.709
19.904	1.363e-04	-1.673	2774	3.117	6.138
19.904	1.785e-04	-1.743	2784	3.193	5.622
19.904	2.342e-04	-1.814	2796	3.272	5.135
19.904	3.067e-04	-1.886	2809	3.351	4.687
19.904	4.015e-04	-1.962	2815	3.431	4.274
19.904	5.310e-04	-2.062	2784	3.513	3.892
19.904	6.926e-04	-2.155	2755	3.587	3.572
19.904	9.091e-04	-2.248	2726	3.661	3.279
19.904	1.190e-03	-2.338	2697	3.733	3.020
19.904	1.556e-03	-2.426	2667	3.802	2.791
19.904	2.029e-03	-2.508	2639	3.865	2.595
19.904	2.663e-03	-2.577	2614	3.918	2.440
19.904	3.500e-03	-2.624	2598	3.954	2.343
19.904	4.566e-03	-2.649	2588	3.973	2.291
19.904	5.993e-03	-2.671	2579	3.988	2.251
19.904	7.790e-03	-2.701	2565	4.008	2.200
19.904	1.020e-02	-2.757	2536	4.045	2.109
19.904	1.335e-02	-2.889	2467	4.129	1.914
19.904	1.697e-02	-3.078	2353	4.236	1.693
19.904	2.235e-02	-3.294	2188	4.326	1.526
19.904	2.938e-02	-3.489	2033	4.393	1.413
19.904	3.862e-02	-3.679	1878	4.445	1.331
19.904	5.058e-02	-3.862	1732	4.487	1.268
19.904	6.621e-02	-4.044	1591	4.522	1.218
19.904	8.740e-02	-4.217	1466	4.552	1.176
19.904	1.144e-01	-4.377	1356	4.578	1.142
19.904	1.502e-01	-4.536	1254	4.600	1.113
19.904	1.974e-01	-4.694	1158	4.620	1.087
19.904	2.595e-01	-4.852	1068	4.638	1.065
19.904	3.410e-01	-5.012	983	4.654	1.046
19.904	4.448e-01	-5.171	905	4.668	1.029
19.904	5.872e-01	-5.338	828	4.681	1.014
19.904	7.735e-01	-5.500	759	4.692	1.001
19.904	1.013e+00	-5.658	697	4.702	0.990
19.904	1.326e+00	-5.813	641	4.711	0.979
19.904	1.750e+00	-5.969	588	4.719	0.970
19.904	2.291e+00	-6.117	543	4.727	0.962
19.904	3.025e+00	-6.239	508	4.734	0.954
19.904	3.984e+00	-6.348	479	4.741	0.946
19.904	5.269e+00	-6.481	446	4.749	0.938
19.904	6.925e+00	-6.612	415	4.756	0.930
19.904	9.158e+00	-6.754	384	4.762	0.923
20.428	1.003e-04	-1.577	2775	3.032	6.855
20.428	1.324e-04	-1.651	2779	3.109	6.274
20.428	1.733e-04	-1.722	2787	3.185	5.749
20.428	2.288e-04	-1.794	2799	3.265	5.244
20.428	2.995e-04	-1.865	2812	3.344	4.790
20.428	3.930e-04	-1.938	2824	3.424	4.365
20.428	5.147e-04	-2.032	2801	3.504	3.984
20.428	6.691e-04	-2.124	2772	3.578	3.657
20.428	8.744e-04	-2.216	2743	3.652	3.360
20.428	1.150e-03	-2.308	2713	3.725	3.089
20.428	1.511e-03	-2.398	2683	3.795	2.848
20.428	1.971e-03	-2.479	2655	3.858	2.649
20.428	2.602e-03	-2.549	2631	3.912	2.491
20.428	3.406e-03	-2.592	2615	3.945	2.398
20.428	4.495e-03	-2.617	2606	3.964	2.346
20.428	5.875e-03	-2.637	2599	3.979	2.305
20.428	7.755e-03	-2.669	2586	4.002	2.245
20.428	1.021e-02	-2.735	2553	4.046	2.133
20.428	1.338e-02	-2.897	2468	4.149	1.894
20.428	1.747e-02	-3.097	2346	4.261	1.665
20.428	2.296e-02	-3.302	2188	4.345	1.513
20.428	2.995e-02	-3.485	2042	4.408	1.407
20.428	3.953e-02	-3.672	1889	4.460	1.326
20.428	5.175e-02	-3.852	1745	4.501	1.263
20.428	6.831e-02	-4.038	1600	4.537	1.212
20.428	8.999e-02	-4.208	1476	4.567	1.171
20.428	1.183e-01	-4.370	1365	4.593	1.137
20.428	1.555e-01	-4.529	1262	4.615	1.108
20.428	2.036e-01	-4.684	1167	4.635	1.083
20.428	2.666e-01	-4.839	1078	4.653	1.061
20.428	3.499e-01	-4.998	993	4.669	1.042
20.428	4.598e-01	-5.160	912	4.683	1.025
20.428	6.070e-01	-5.327	835	4.696	1.009
20.428	7.996e-01	-5.490	765	4.707	0.996
20.428	1.047e+00	-5.648	703	4.717	0.985
20.428	1.371e+00	-5.803	646	4.726	0.975
20.428	1.809e+00	-5.960	593	4.735	0.966
20.428	2.369e+00	-6.109	547	4.742	0.957
20.428	3.126e+00	-6.232	511	4.749	0.949
20.428	4.118e+00	-6.341	482	4.757	0.942
20.428	5.447e+00	-6.473	449	4.764	0.934
20.428	7.158e+00	-6.604	418	4.771	0.926
20.428	9.467e+00	-6.747	386	4.778	0.919
20.951	1.007e-04	-1.564	2781	3.034	6.928
20.951	1.319e-04	-1.636	2785	3.109	6.358
20.951	1.741e-04	-1.710	2791	3.187	5.813
20.951	2.279e-04	-1.779	2803	3.264	5.320
20.951	3.008e-04	-1.852	2816	3.344	4.847
20.951	3.937e-04	-1.925	2828	3.424	4.422
20.951	5.168e-04	-2.014	2813	3.505	4.030
20.951	6.792e-04	-2.111	2783	3.582	3.685
20.951	8.859e-04	-2.202	2754	3.656	3.386
20.951	1.153e-03	-2.291	2725	3.727	3.122
20.951	1.523e-03	-2.382	2695	3.798	2.876
20.951	1.993e-03	-2.463	2667	3.860	2.676
20.951	2.595e-03	-2.525	2645	3.908	2.533
20.951	3.374e-03	-2.563	2631	3.938	2.448
20.951	4.428e-03	-2.586	2623	3.955	2.400
20.951	5.799e-03	-2.606	2616	3.970	2.357
20.951	7.639e-03	-2.639	2604	3.995	2.292
20.951	1.004e-02	-2.710	2573	4.045	2.164
20.951	1.320e-02	-2.892	2477	4.161	1.892
20.951	1.729e-02	-3.083	2362	4.270	1.670
20.951	2.263e-02	-3.277	2213	4.351	1.521
20.951	2.987e-02	-3.460	2069	4.417	1.410
20.951	3.903e-02	-3.641	1919	4.467	1.330
20.951	5.132e-02	-3.821	1774	4.511	1.266
20.951	6.745e-02	-4.003	1631	4.546	1.215
20.951	8.868e-02	-4.172	1506	4.577	1.173
20.951	1.166e-01	-4.334	1393	4.603	1.138
20.951	1.520e-01	-4.488	1291	4.625	1.109
20.951	2.007e-01	-4.648	1192	4.646	1.083
20.951	2.627e-01	-4.803	1102	4.664	1.060
20.951	3.468e-01	-4.964	1014	4.681	1.040
20.951	4.540e-01	-5.122	933	4.696	1.023
20.951	5.992e-01	-5.288	855	4.709	1.007
20.951	7.844e-01	-5.449	784	4.720	0.994
20.951	1.035e+00	-5.612	718	4.731	0.982
20.951	1.356e+00	-5.768	660	4.740	0.972
20.951	1.779e+00	-5.923	607	4.748	0.963
20.951	2.338e+00	-6.077	557	4.756	0.954
20.951	3.074e+00	-6.205	520	4.763	0.947
20.951	4.040e+00	-6.315	490	4.770	0.939
20.951	5.344e+00	-6.439	458	4.777	0.931
20.951	7.067e+00	-6.576	425	4.784	0.923
20.951	9.328e+00	-6.713	395	4.791	0.916
23.046	1.042e-04	-1.521	2803	3.047	7.163
23.046	1.365e-04	-1.592	2807	3.120	6.581
23.046	1.801e-04	-1.667	2811	3.197	6.022
23.046	2.354e-04	-1.737	2819	3.273	5.521
23.046	3.070e-04	-1.806	2831	3.349	5.055
23.046	4.030e-04	-1.878	2844	3.429	4.612
23.046	5.297e-04	-1.953	2855	3.510	4.201
23.046	6.991e-04	-2.050	2828	3.591	3.826
23.046	9.152e-04	-2.144	2798	3.667	3.507
23.046	1.192e-03	-2.233	2769	3.738	3.232
23.046	1.549e-03	-2.317	2741	3.803	2.998
23.046	2.014e-03	-2.386	2717	3.858	2.816
23.046	2.659e-03	-2.434	2700	3.895	2.698
23.046	3.480e-03	-2.458	2692	3.913	2.640
23.046	4.532e-03	-2.477	2685	3.928	2.597
23.046	5.891e-03	-2.503	2676	3.948	2.539
23.046	7.776e-03	-2.555	2657	3.988	2.423
23.046	1.018e-02	-2.695	2604	4.092	2.148
23.046	1.308e-02	-2.875	2509	4.208	1.882
23.046	1.719e-02	-3.038	2416	4.305	1.682
23.046	2.260e-02	-3.210	2289	4.384	1.536
23.046	2.970e-02	-3.372	2164	4.448	1.426
23.046	3.898e-02	-3.549	2016	4.502	1.340
23.046	5.105e-02	-3.715	1880	4.547	1.273
23.046	6.724e-02	-3.893	1735	4.586	1.218
23.046	8.838e-02	-4.062	1604	4.618	1.173
23.046	1.153e-01	-4.223	1485	4.645	1.137
23.046	1.522e-01	-4.383	1374	4.670	1.105
23.046	1.992e-01	-4.537	1273	4.692	1.078
23.046	2.629e-01	-4.695	1176	4.712	1.053
23.046	3.436e-01	-4.848	1088	4.729	1.033
23.046	4.536e-01	-5.009	1001	4.745	1.014
23.046	5.938e-01	-5.166	921	4.759	0.998
23.046	7.838e-01	-5.338	841	4.771	0.983
23.046	1.026e+00	-5.496	772	4.782	0.971
23.046	1.347e+00	-5.655	708	4.792	0.960
23.046	1.763e+00	-5.812	651	4.801	0.951
23.046	2.309e+00	-5.967	598	4.808	0.942
23.046	3.047e+00	-6.112	552	4.816	0.934
23.046	4.014e+00	-6.247	513	4.823	0.927
23.046	5.309e+00	-6.346	487	4.830	0.919
23.046	7.021e+00	-6.483	452	4.837	0.911
23.046	9.227e+00	-6.618	419	4.844	0.904
25.142	1.002e-04	-1.465	2823	3.040	7.534
25.142	1.317e-04	-1.535	2827	3.113	6.928
25.142	1.718e-04	-1.606	2831	3.186	6.372
25.142	2.237e-04	-1.677	2834	3.259	5.856
25.142	2.936e-04	-1.748	2843	3.336	5.360
25.142	3.844e-04	-1.818	2855	3.414	4.901
25.142	5.033e-04	-1.890	2868	3.493	4.476
25.142	6.643e-04	-1.966	2878	3.575	4.071
25.142	8.681e-04	-2.061	2848	3.653	3.724
25.142	1.141e-03	-2.155	2818	3.727	3.416
25.142	1.500e-03	-2.240	2790	3.795	3.162
25.142	1.957e-03	-2.302	2768	3.844	2.987
25.142	2.568e-03	-2.339	2755	3.872	2.891
25.142	3.339e-03	-2.358	2749	3.887	2.841
25.142	4.372e-03	-2.378	2742	3.903	2.790
25.142	5.723e-03	-2.412	2730	3.929	2.707
25.142	7.555e-03	-2.493	2701	3.992	2.519
25.142	9.588e-03	-2.648	2647	4.112	2.195
25.142	1.249e-02	-2.818	2561	4.224	1.928
25.142	1.649e-02	-2.969	2479	4.319	1.728
25.142	2.172e-02	-3.119	2382	4.399	1.577
25.142	2.854e-02	-3.276	2261	4.466	1.460
25.142	3.723e-02	-3.426	2142	4.522	1.368
25.142	4.914e-02	-3.599	1995	4.572	1.292
25.142	6.433e-02	-3.764	1858	4.613	1.232
25.142	8.492e-02	-3.936	1719	4.650	1.182
25.142	1.112e-01	-4.100	1592	4.680	1.141
25.142	1.467e-01	-4.262	1472	4.707	1.106
25.142	1.921e-01	-4.417	1365	4.730	1.077
25.142	2.521e-01	-4.572	1264	4.751	1.051
25.142	3.314e-01	-4.728	1168	4.770	1.029
25.142	4.322e-01	-4.881	1079	4.786	1.009
25.142	5.673e-01	-5.038	995	4.802	0.992
25.142	7.456e-01	-5.198	914	4.815	0.977
25.142	9.803e-01	-5.364	837	4.827	0.963
25.142	1.288e+00	-5.526	767	4.838	0.951
25.142	1.694e+00	-5.687	703	4.847	0.941
25.142	2.226e+00	-5.845	645	4.856	0.932
25.142	2.904e+00	-5.998	593	4.864	0.924
25.142	3.811e+00	-6.147	547	4.871	0.916
25.142	5.009e+00	-6.261	514	4.878	0.909
25.142	6.624e+00	-6.369	485	4.885	0.901
25.142	8.761e+00	-6.505	450	4.892	0.894
27.237	1.004e-04	-1.422	2846	3.047	7.786
27.237	1.319e-04	-1.493	2846	3.117	7.176
27.237	1.721e-04	-1.562	2849	3.189	6.609
27.237	2.259e-04	-1.635	2853	3.264	6.064
27.237	2.958e-04	-1.708	2857	3.339	5.560
27.237	3.865e-04	-1.777	2868	3.415	5.094
27.237	5.042e-04	-1.846	2881	3.492	4.663
27.237	6.655e-04	-1.920	2894	3.573	4.245
27.237	8.712e-04	-2.002	2890	3.653	3.875
27.237	1.143e-03	-2.095	2860	3.728	3.555
27.237	1.503e-03	-2.175	2833	3.791	3.304
27.237	1.976e-03	-2.228	2815	3.833	3.148
27.237	2.597e-03	-2.254	2806	3.854	3.074
27.237	3.387e-03	-2.272	2800	3.868	3.025
27.237	4.471e-03	-2.298	2791	3.888	2.954
27.237	5.853e-03	-2.349	2773	3.928	2.821
27.237	7.629e-03	-2.488	2724	4.037	2.490
27.237	9.825e-03	-2.645	2669	4.158	2.166
27.237	1.291e-02	-2.802	2590	4.262	1.921
27.237	1.698e-02	-2.940	2515	4.350	1.737
27.237	2.231e-02	-3.075	2431	4.426	1.590
27.237	2.910e-02	-3.215	2329	4.492	1.475
27.237	3.842e-02	-3.362	2215	4.552	1.377
27.237	5.029e-02	-3.527	2075	4.602	1.299
27.237	6.638e-02	-3.688	1940	4.647	1.234
27.237	8.745e-02	-3.859	1797	4.685	1.181
27.237	1.149e-01	-4.019	1670	4.717	1.137
27.237	1.499e-01	-4.181	1545	4.745	1.102
27.237	1.979e-01	-4.341	1430	4.770	1.071
27.237	2.586e-01	-4.495	1325	4.792	1.044
27.237	3.400e-01	-4.650	1225	4.811	1.021
27.237	4.452e-01	-4.804	1133	4.829	1.001
27.237	5.828e-01	-4.958	1046	4.844	0.983
27.237	7.650e-01	-5.115	964	4.859	0.967
27.237	1.005e+00	-5.280	883	4.871	0.953
27.237	1.327e+00	-5.445	808	4.883	0.940
27.237	1.734e+00	-5.604	742	4.893	0.930
27.237	2.280e+00	-5.765	679	4.902	0.920
27.237	2.986e+00	-5.923	623	4.910	0.912
27.237	3.909e+00	-6.068	576	4.917	0.904
27.237	5.131e+00	-6.216	531	4.924	0.897
27.237	6.743e+00	-6.302	507	4.930	0.890
27.237	8.918e+00	-6.435	472	4.938	0.883
29.332	1.006e-04	-1.382	2869	3.053	8.024
29.332	1.322e-04	-1.454	2865	3.123	7.402
29.332	1.738e-04	-1.525	2867	3.195	6.814
29.332	2.285e-04	-1.597	2871	3.269	6.256
29.332	2.992e-04	-1.669	2874	3.344	5.741
29.332	3.917e-04	-1.741	2881	3.419	5.262
29.332	5.141e-04	-1.811	2893	3.497	4.811
29.332	6.757e-04	-1.883	2907	3.576	4.391
29.332	8.814e-04	-1.953	2919	3.654	4.017
29.332	1.157e-03	-2.040	2899	3.728	3.686
29.332	1.515e-03	-2.112	2874	3.786	3.448
29.332	1.983e-03	-2.154	2860	3.819	3.320
29.332	2.582e-03	-2.174	2853	3.835	3.259
29.332	3.357e-03	-2.193	2847	3.850	3.203
29.332	4.406e-03	-2.225	2836	3.875	3.112
29.332	5.791e-03	-2.301	2810	3.935	2.906
29.332	7.585e-03	-2.476	2748	4.072	2.481
29.332	9.903e-03	-2.624	2696	4.187	2.173
29.332	1.307e-02	-2.769	2628	4.287	1.938
29.332	1.711e-02	-2.899	2557	4.370	1.761
29.332	2.259e-02	-3.027	2483	4.446	1.613
29.332	2.952e-02	-3.155	2396	4.513	1.494
29.332	3.896e-02	-3.300	2283	4.574	1.392
29.332	5.101e-02	-3.450	2160	4.627	1.309
29.332	6.695e-02	-3.608	2025	4.674	1.241
29.332	8.799e-02	-3.770	1887	4.714	1.185
29.332	1.157e-01	-3.934	1753	4.748	1.139
29.332	1.520e-01	-4.100	1621	4.779	1.100
29.332	2.007e-01	-4.262	1499	4.805	1.067
29.332	2.627e-01	-4.418	1389	4.828	1.039
29.332	3.468e-01	-4.576	1283	4.849	1.015
29.332	4.532e-01	-4.727	1188	4.867	0.994
29.332	5.959e-01	-4.883	1097	4.884	0.975
29.332	7.831e-01	-5.038	1012	4.899	0.958
29.332	1.021e+00	-5.195	932	4.912	0.944
29.332	1.348e+00	-5.361	853	4.924	0.931
29.332	1.762e+00	-5.522	782	4.934	0.920
29.332	2.298e+00	-5.681	717	4.944	0.910
29.332	3.034e+00	-5.845	656	4.952	0.901
29.332	3.965e+00	-5.997	604	4.960	0.893
29.332	5.171e+00	-6.162	551	4.966	0.886
29.332	6.826e+00	-6.250	526	4.973	0.879
29.332	8.992e+00	-6.366	494	4.980	0.872
31.427	1.045e-04	-1.354	2892	3.068	8.157
31.427	1.367e-04	-1.425	2886	3.136	7.543
31.427	1.805e-04	-1.498	2884	3.208	6.944
31.427	2.363e-04	-1.568	2888	3.280	6.390
31.427	3.077e-04	-1.639	2892	3.353	5.878
31.427	4.000e-04	-1.710	2895	3.426	5.405
31.427	5.250e-04	-1.780	2906	3.503	4.947
31.427	6.900e-04	-1.851	2919	3.581	4.519
31.427	9.000e-04	-1.919	2931	3.657	4.141
31.427	1.172e-03	-1.987	2936	3.728	3.819
31.427	1.547e-03	-2.053	2914	3.781	3.593
31.427	2.025e-03	-2.085	2903	3.806	3.490
31.427	2.658e-03	-2.103	2897	3.821	3.431
31.427	3.493e-03	-2.127	2889	3.840	3.356
31.427	4.611e-03	-2.176	2872	3.878	3.210
31.427	6.036e-03	-2.315	2823	3.988	2.830
31.427	7.459e-03	-2.448	2778	4.092	2.509
31.427	9.768e-03	-2.589	2728	4.202	2.212
31.427	1.279e-02	-2.717	2675	4.296	1.985
31.427	1.678e-02	-2.846	2605	4.379	1.804
31.427	2.198e-02	-2.965	2539	4.453	1.656
31.427	2.877e-02	-3.085	2463	4.521	1.531
31.427	3.776e-02	-3.218	2367	4.584	1.424
31.427	4.963e-02	-3.354	2261	4.641	1.334
31.427	6.473e-02	-3.510	2126	4.690	1.261
31.427	8.545e-02	-3.667	1992	4.734	1.198
31.427	1.126e-01	-3.835	1849	4.772	1.147
31.427	1.479e-01	-3.992	1721	4.805	1.105
31.427	1.953e-01	-4.162	1587	4.834	1.069
31.427	2.556e-01	-4.320	1470	4.858	1.039
31.427	3.374e-01	-4.479	1358	4.880	1.013
31.427	4.417e-01	-4.631	1258	4.900	0.990
31.427	5.752e-01	-4.780	1166	4.917	0.971
31.427	7.592e-01	-4.936	1076	4.933	0.953
31.427	9.922e-01	-5.090	993	4.947	0.938
31.427	1.294e+00	-5.248	913	4.960	0.924
31.427	1.708e+00	-5.416	835	4.971	0.912
31.427	2.236e+00	-5.579	764	4.981	0.902
31.427	2.952e+00	-5.744	698	4.991	0.892
31.427	3.864e+00	-5.904	640	4.999	0.884
31.427	5.101e+00	-6.083	580	5.006	0.876
31.427	6.677e+00	-6.198	545	5.012	0.870
31.427	8.831e+00	-6.294	517	5.019	0.863
34.570	1.027e-04	-1.293	2933	3.074	8.504
34.570	1.350e-04	-1.370	2918	3.141	7.869
34.570	1.760e-04	-1.440	2912	3.208	7.282
34.570	2.311e-04	-1.511	2911	3.279	6.714
34.570	3.026e-04	-1.582	2915	3.351	6.177
34.570	3.961e-04	-1.654	2918	3.425	5.674
34.570	5.229e-04	-1.728	2922	3.502	5.191
34.570	6.845e-04	-1.797	2934	3.578	4.758
34.570	8.984e-04	-1.865	2947	3.653	4.362
34.570	1.176e-03	-1.925	2958	3.720	4.042
34.570	1.540e-03	-1.964	2965	3.763	3.846
34.570	2.033e-03	-1.985	2964	3.784	3.753
34.570	2.657e-03	-2.005	2958	3.800	3.686
34.570	3.507e-03	-2.037	2946	3.826	3.577
34.570	4.591e-03	-2.115	2920	3.887	3.333
34.570	5.959e-03	-2.287	2860	4.024	2.847
34.570	7.527e-03	-2.418	2815	4.127	2.529
34.570	9.854e-03	-2.547	2770	4.228	2.251
34.570	1.293e-02	-2.664	2728	4.318	2.028
34.570	1.694e-02	-2.786	2665	4.400	1.847
34.570	2.217e-02	-2.902	2601	4.473	1.697
34.570	2.927e-02	-3.016	2536	4.544	1.565
34.570	3.831e-02	-3.133	2459	4.608	1.454
34.570	5.057e-02	-3.269	2355	4.668	1.356
34.570	6.620e-02	-3.406	2243	4.721	1.276
34.570	8.739e-02	-3.566	2103	4.769	1.208
34.570	1.144e-01	-3.723	1968	4.810	1.152
34.570	1.501e-01	-3.880	1835	4.845	1.106
34.570	1.973e-01	-4.048	1696	4.876	1.067
34.570	2.595e-01	-4.212	1567	4.903	1.035
34.570	3.410e-01	-4.371	1450	4.927	1.007
34.570	4.483e-01	-4.528	1341	4.948	0.983
34.570	5.871e-01	-4.679	1242	4.966	0.962
34.570	7.673e-01	-4.828	1151	4.983	0.944
34.570	1.009e+00	-4.983	1062	4.999	0.927
34.570	1.321e+00	-5.138	979	5.012	0.912
34.570	1.726e+00	-5.299	899	5.025	0.900
34.570	2.270e+00	-5.467	821	5.036	0.888
34.570	2.983e+00	-5.634	750	5.045	0.879
34.570	3.891e+00	-5.794	687	5.054	0.870
34.570	5.136e+00	-5.955	629	5.061	0.862
34.570	6.712e+00	-6.122	574	5.068	0.856
34.570	8.825e+00	-6.216	546	5.075	0.849
36.665	1.012e-04	-1.255	2959	3.076	8.730
36.665	1.320e-04	-1.329	2944	3.141	8.104
36.665	1.732e-04	-1.404	2931	3.209	7.497
36.665	2.277e-04	-1.476	2927	3.279	6.916
36.665	2.993e-04	-1.547	2929	3.351	6.366
36.665	3.920e-04	-1.618	2933	3.424	5.852
36.665	5.131e-04	-1.690	2936	3.498	5.373
36.665	6.773e-04	-1.763	2944	3.575	4.918
36.665	8.922e-04	-1.830	2956	3.649	4.513
36.665	1.173e-03	-1.886	2967	3.712	4.198
36.665	1.548e-03	-1.921	2973	3.750	4.017
36.665	2.026e-03	-1.937	2976	3.768	3.935
36.665	2.638e-03	-1.953	2978	3.785	3.860
36.665	3.430e-03	-1.980	2980	3.814	3.734
36.665	4.527e-03	-2.081	2949	3.896	3.397
36.665	5.808e-03	-2.250	2890	4.030	2.912
36.665	7.667e-03	-2.398	2839	4.148	2.543
36.665	1.004e-02	-2.523	2795	4.245	2.273
36.665	1.325e-02	-2.638	2755	4.335	2.049
36.665	1.734e-02	-2.754	2700	4.416	1.868
36.665	2.289e-02	-2.872	2634	4.491	1.712
36.665	2.997e-02	-2.978	2577	4.560	1.582
36.665	3.933e-02	-3.093	2504	4.625	1.468
36.665	5.170e-02	-3.222	2409	4.686	1.369
36.665	6.824e-02	-3.356	2304	4.742	1.283
36.665	8.933e-02	-3.510	2167	4.791	1.213
36.665	1.179e-01	-3.665	2033	4.834	1.154
36.665	1.544e-01	-3.824	1895	4.871	1.106
36.665	2.026e-01	-3.986	1759	4.904	1.065
36.665	2.663e-01	-4.151	1626	4.932	1.030
36.665	3.522e-01	-4.317	1499	4.957	1.001
36.665	4.593e-01	-4.471	1389	4.979	0.977
36.665	6.029e-01	-4.624	1287	4.998	0.955
36.665	7.895e-01	-4.774	1192	5.015	0.937
36.665	1.032e+00	-4.923	1104	5.031	0.920
36.665	1.356e+00	-5.079	1017	5.045	0.905
36.665	1.783e+00	-5.243	933	5.058	0.891
36.665	2.344e+00	-5.411	852	5.070	0.880
36.665	3.081e+00	-5.578	778	5.080	0.869
36.665	4.050e+00	-5.744	711	5.089	0.861
36.665	5.323e+00	-5.906	651	5.097	0.853
36.665	6.999e+00	-6.076	593	5.104	0.846
36.665	9.199e+00	-6.187	558	5.110	0.839
39.807	1.013e-04	-1.204	3002	3.086	8.993
39.807	1.326e-04	-1.282	2979	3.151	8.350
39.807	1.736e-04	-1.357	2963	3.217	7.739
39.807	2.279e-04	-1.431	2953	3.285	7.154
39.807	2.995e-04	-1.504	2950	3.355	6.598
39.807	3.938e-04	-1.574	2953	3.428	6.068
39.807	5.175e-04	-1.646	2957	3.502	5.572
39.807	6.750e-04	-1.716	2960	3.574	5.128
39.807	8.911e-04	-1.782	2970	3.646	4.723
39.807	1.164e-03	-1.832	2979	3.700	4.435
39.807	1.519e-03	-1.858	2984	3.730	4.286
39.807	1.994e-03	-1.873	2987	3.746	4.206
39.807	2.620e-03	-1.891	2990	3.765	4.115
39.807	3.458e-03	-1.925	2995	3.804	3.937
39.807	4.527e-03	-2.049	2984	3.920	3.442
39.807	5.651e-03	-2.192	2934	4.035	3.017
39.807	7.400e-03	-2.334	2886	4.148	2.649
39.807	9.688e-03	-2.457	2843	4.245	2.369
39.807	1.272e-02	-2.570	2804	4.333	2.140
39.807	1.671e-02	-2.676	2765	4.415	1.947
39.807	2.180e-02	-2.789	2705	4.490	1.787
39.807	2.877e-02	-2.899	2646	4.562	1.644
39.807	3.760e-02	-3.004	2588	4.628	1.524
39.807	4.904e-02	-3.116	2514	4.690	1.419
39.807	6.486e-02	-3.247	2414	4.751	1.323
39.807	8.528e-02	-3.382	2305	4.805	1.243
39.807	1.121e-01	-3.538	2166	4.853	1.177
39.807	1.462e-01	-3.687	2035	4.894	1.123
39.807	1.930e-01	-3.844	1899	4.931	1.076
39.807	2.542e-01	-4.016	1753	4.963	1.036
39.807	3.341e-01	-4.182	1618	4.991	1.004
39.807	4.358e-01	-4.338	1499	5.014	0.977
39.807	5.752e-01	-4.498	1384	5.036	0.953
39.807	7.517e-01	-4.648	1284	5.054	0.933
39.807	9.805e-01	-4.796	1191	5.071	0.915
39.807	1.294e+00	-4.952	1098	5.087	0.898
39.807	1.694e+00	-5.107	1012	5.101	0.884
39.807	2.236e+00	-5.274	926	5.114	0.871
39.807	2.923e+00	-5.438	848	5.125	0.860
39.807	3.843e+00	-5.607	774	5.135	0.851
39.807	5.050e+00	-5.774	706	5.143	0.842
39.807	6.587e+00	-5.932	648	5.151	0.835
39.807	8.712e+00	-6.091	594	5.158	0.828
41.903	1.015e-04	-1.170	3034	3.093	9.155
41.903	1.327e-04	-1.253	3001	3.157	8.509
41.903	1.744e-04	-1.329	2985	3.223	7.883
41.903	2.292e-04	-1.405	2970	3.291	7.291
41.903	2.990e-04	-1.475	2966	3.358	6.745
41.903	3.947e-04	-1.547	2966	3.431	6.205
41.903	5.167e-04	-1.617	2970	3.503	5.711
41.903	6.820e-04	-1.689	2973	3.577	5.243
41.903	8.928e-04	-1.753	2978	3.644	4.856
41.903	1.172e-03	-1.798	2987	3.693	4.587
41.903	1.535e-03	-1.821	2991	3.719	4.455
41.903	2.009e-03	-1.835	2993	3.734	4.377
41.903	2.637e-03	-1.854	2997	3.755	4.273
41.903	3.465e-03	-1.894	3004	3.800	4.058
41.903	4.527e-03	-2.025	3008	3.933	3.482
41.903	5.807e-03	-2.180	2955	4.056	3.020
41.903	7.589e-03	-2.316	2908	4.165	2.665
41.903	9.899e-03	-2.434	2867	4.259	2.392
41.903	1.307e-02	-2.547	2828	4.348	2.160
41.903	1.710e-02	-2.650	2791	4.428	1.969
41.903	2.245e-02	-2.761	2736	4.504	1.803
41.903	2.951e-02	-2.869	2679	4.576	1.661
41.903	3.849e-02	-2.971	2624	4.642	1.539
41.903	5.011e-02	-3.080	2555	4.704	1.432
41.903	6.615e-02	-3.206	2461	4.766	1.335
41.903	8.713e-02	-3.336	2359	4.822	1.251
41.903	1.145e-01	-3.489	2223	4.871	1.182
41.903	1.494e-01	-3.635	2095	4.914	1.125
41.903	1.972e-01	-3.795	1953	4.953	1.076
41.903	2.581e-01	-3.955	1816	4.986	1.035
41.903	3.361e-01	-4.115	1684	5.014	1.002
41.903	4.436e-01	-4.284	1550	5.040	0.973
41.903	5.808e-01	-4.440	1434	5.062	0.949
41.903	7.622e-01	-4.594	1328	5.081	0.928
41.903	9.982e-01	-4.744	1230	5.099	0.909
41.903	1.307e+00	-4.893	1140	5.115	0.893
41.903	1.725e+00	-5.052	1049	5.130	0.877
41.903	2.258e+00	-5.213	964	5.143	0.864
41.903	2.981e+00	-5.383	879	5.155	0.853
41.903	3.902e+00	-5.550	803	5.165	0.843
41.903	5.150e+00	-5.721	732	5.174	0.834
41.903	6.731e+00	-5.882	670	5.182	0.827
41.903	8.849e+00	-6.044	613	5.189	0.820
45.045	1.014e-04	-1.121	3081	3.102	9.398
45.045	1.333e-04	-1.208	3042	3.166	8.723
45.045	1.752e-04	-1.288	3016	3.232	8.090
45.045	2.303e-04	-1.364	3000	3.299	7.491
45.045	3.004e-04	-1.437	2989	3.365	6.940
45.045	3.966e-04	-1.510	2985	3.436	6.394
45.045	5.191e-04	-1.579	2988	3.507	5.896
45.045	6.852e-04	-1.649	2992	3.579	5.427
45.045	9.027e-04	-1.710	2995	3.642	5.048
45.045	1.186e-03	-1.749	2998	3.682	4.816
45.045	1.547e-03	-1.767	3001	3.702	4.709
45.045	2.031e-03	-1.781	3003	3.717	4.626
45.045	2.669e-03	-1.803	3008	3.742	4.495
45.045	3.523e-03	-1.861	3018	3.805	4.180
45.045	4.437e-03	-1.979	3038	3.936	3.597
45.045	5.867e-03	-2.144	2990	4.072	3.075
45.045	7.711e-03	-2.279	2944	4.180	2.715
45.045	1.006e-02	-2.395	2903	4.272	2.441
45.045	1.310e-02	-2.501	2867	4.356	2.217
45.045	1.719e-02	-2.604	2830	4.437	2.020
45.045	2.259e-02	-2.706	2790	4.514	1.848
45.045	2.947e-02	-2.811	2735	4.585	1.703
45.045	3.868e-02	-2.916	2679	4.654	1.574
45.045	5.065e-02	-3.022	2617	4.719	1.460
45.045	6.619e-02	-3.134	2540	4.780	1.361
45.045	8.737e-02	-3.264	2438	4.839	1.272
45.045	1.144e-01	-3.397	2328	4.891	1.198
45.045	1.510e-01	-3.552	2188	4.939	1.134
45.045	1.976e-01	-3.705	2051	4.979	1.082
45.045	2.609e-01	-3.855	1922	5.016	1.037
45.045	3.415e-01	-4.026	1773	5.047	1.000
45.045	4.508e-01	-4.199	1631	5.075	0.969
45.045	5.938e-01	-4.362	1505	5.099	0.943
45.045	7.776e-01	-4.517	1393	5.119	0.921
45.045	1.016e+00	-4.667	1292	5.138	0.902
45.045	1.325e+00	-4.814	1198	5.154	0.885
45.045	1.750e+00	-4.970	1105	5.170	0.869
45.045	2.290e+00	-5.128	1017	5.184	0.855
45.045	3.023e+00	-5.295	930	5.196	0.843
45.045	3.983e+00	-5.467	848	5.207	0.832
45.045	5.234e+00	-5.637	773	5.217	0.823
45.045	6.882e+00	-5.806	705	5.225	0.815
45.045	9.045e+00	-5.967	645	5.232	0.808
47.140	1.020e-04	-1.091	3112	3.109	9.538
47.140	1.346e-04	-1.180	3070	3.174	8.842
47.140	1.759e-04	-1.263	3037	3.238	8.217
47.140	2.295e-04	-1.337	3020	3.302	7.631
47.140	3.029e-04	-1.414	3004	3.371	7.051
47.140	3.966e-04	-1.485	3000	3.439	6.518
47.140	5.235e-04	-1.556	3000	3.511	6.004
47.140	6.853e-04	-1.622	3004	3.579	5.551
47.140	9.063e-04	-1.681	3007	3.639	5.181
47.140	1.182e-03	-1.714	3008	3.674	4.977
47.140	1.560e-03	-1.732	3009	3.692	4.875
47.140	2.039e-03	-1.747	3010	3.707	4.786
47.140	2.692e-03	-1.773	3014	3.736	4.632
47.140	3.524e-03	-1.842	3027	3.811	4.247
47.140	4.651e-03	-1.986	3051	3.970	3.539
47.140	6.151e-03	-2.141	3005	4.098	3.052
47.140	8.052e-03	-2.270	2961	4.201	2.710
47.140	1.048e-02	-2.382	2922	4.291	2.444
47.140	1.376e-02	-2.490	2885	4.376	2.216
47.140	1.802e-02	-2.591	2849	4.455	2.023
47.140	2.355e-02	-2.687	2815	4.531	1.856
47.140	3.109e-02	-2.796	2759	4.605	1.704
47.140	4.069e-02	-2.899	2703	4.673	1.575
47.140	5.299e-02	-3.000	2646	4.737	1.464
47.140	6.994e-02	-3.116	2568	4.800	1.360
47.140	9.213e-02	-3.244	2468	4.859	1.271
47.140	1.211e-01	-3.374	2362	4.913	1.195
47.140	1.592e-01	-3.527	2223	4.961	1.130
47.140	2.092e-01	-3.679	2087	5.003	1.077
47.140	2.751e-01	-3.829	1956	5.040	1.032
47.140	3.616e-01	-4.000	1807	5.073	0.994
47.140	4.773e-01	-4.173	1662	5.101	0.962
47.140	6.248e-01	-4.334	1536	5.125	0.936
47.140	8.200e-01	-4.490	1420	5.146	0.914
47.140	1.066e+00	-4.638	1319	5.164	0.895
47.140	1.396e+00	-4.787	1222	5.181	0.877
47.140	1.824e+00	-4.937	1131	5.197	0.862
47.140	2.399e+00	-5.096	1041	5.211	0.848
47.140	3.152e+00	-5.260	954	5.224	0.835
47.140	4.145e+00	-5.430	870	5.235	0.825
47.140	5.447e+00	-5.601	793	5.245	0.816
47.140	7.162e+00	-5.772	723	5.253	0.808
47.140	9.413e+00	-5.934	661	5.261	0.801
50.283	1.036e-04	-1.049	3158	3.120	9.721
50.283	1.347e-04	-1.136	3113	3.182	9.048
50.283	1.768e-04	-1.223	3073	3.247	8.400
50.283	2.323e-04	-1.302	3048	3.312	7.792
50.283	3.030e-04	-1.377	3031	3.377	7.231
50.283	3.977e-04	-1.450	3021	3.445	6.689
50.283	5.227e-04	-1.521	3017	3.513	6.182
50.283	6.818e-04	-1.583	3020	3.577	5.742
50.283	9.000e-04	-1.635	3023	3.631	5.397
50.283	1.178e-03	-1.664	3025	3.661	5.218
50.283	1.555e-03	-1.680	3025	3.677	5.122
50.283	2.032e-03	-1.696	3026	3.694	5.021
50.283	2.672e-03	-1.728	3028	3.727	4.835
50.283	3.512e-03	-1.821	3041	3.827	4.307
50.283	4.558e-03	-1.952	3063	3.971	3.651
50.283	5.991e-03	-2.088	3044	4.096	3.162
50.283	7.814e-03	-2.215	3001	4.198	2.811
50.283	1.026e-02	-2.331	2961	4.291	2.526
50.283	1.348e-02	-2.439	2924	4.376	2.288
50.283	1.772e-02	-2.541	2888	4.457	2.086
50.283	2.329e-02	-2.638	2855	4.534	1.909
50.283	3.038e-02	-2.735	2814	4.606	1.757
50.283	4.010e-02	-2.843	2757	4.678	1.617
50.283	5.241e-02	-2.944	2701	4.744	1.499
50.283	6.836e-02	-3.049	2635	4.806	1.395
50.283	9.024e-02	-3.169	2548	4.868	1.299
50.283	1.189e-01	-3.297	2446	4.925	1.217
50.283	1.562e-01	-3.439	2322	4.976	1.147
50.283	2.066e-01	-3.591	2185	5.023	1.087
50.283	2.716e-01	-3.749	2042	5.063	1.039
50.283	3.570e-01	-3.904	1905	5.098	0.997
50.283	4.713e-01	-4.073	1760	5.129	0.963
50.283	6.208e-01	-4.242	1621	5.155	0.934
50.283	8.159e-01	-4.405	1495	5.178	0.910
50.283	1.071e+00	-4.560	1384	5.198	0.889
50.283	1.407e+00	-4.712	1281	5.216	0.871
50.283	1.836e+00	-4.858	1189	5.232	0.855
50.283	2.423e+00	-5.016	1095	5.247	0.840
50.283	3.172e+00	-5.177	1006	5.260	0.827
50.283	4.187e+00	-5.348	917	5.272	0.816
50.283	5.481e+00	-5.518	837	5.282	0.806
50.283	7.194e+00	-5.689	762	5.291	0.798
50.283	9.455e+00	-5.856	696	5.299	0.791
52.378	1.033e-04	-1.017	3191	3.124	9.874
52.378	1.358e-04	-1.110	3140	3.189	9.160
52.378	1.786e-04	-1.198	3098	3.254	8.501
52.378	2.347e-04	-1.282	3065	3.319	7.888
52.378	3.086e-04	-1.358	3049	3.386	7.308
52.378	4.055e-04	-1.433	3034	3.453	6.764
52.378	5.290e-04	-1.501	3030	3.518	6.272
52.378	6.982e-04	-1.564	3031	3.582	5.829
52.378	9.140e-04	-1.609	3034	3.628	5.526
52.378	1.207e-03	-1.633	3035	3.654	5.368
52.378	1.579e-03	-1.648	3036	3.668	5.277
52.378	2.073e-03	-1.667	3037	3.688	5.161
52.378	2.725e-03	-1.705	3038	3.728	4.929
52.378	3.541e-03	-1.815	3051	3.845	4.308
52.378	4.518e-03	-1.932	3071	3.973	3.715
52.378	5.940e-03	-2.058	3068	4.097	3.223
52.378	7.807e-03	-2.188	3023	4.202	2.855
52.378	1.025e-02	-2.304	2984	4.295	2.567
52.378	1.342e-02	-2.410	2948	4.379	2.329
52.378	1.754e-02	-2.509	2912	4.458	2.126
52.378	2.306e-02	-2.606	2880	4.535	1.946
52.378	3.030e-02	-2.700	2847	4.610	1.785
52.378	4.000e-02	-2.809	2789	4.682	1.642
52.378	5.236e-02	-2.911	2733	4.749	1.520
52.378	6.818e-02	-3.012	2675	4.812	1.414
52.378	9.000e-02	-3.127	2595	4.875	1.315
52.378	1.178e-01	-3.252	2495	4.932	1.232
52.378	1.555e-01	-3.384	2386	4.986	1.157
52.378	2.032e-01	-3.533	2250	5.033	1.097
52.378	2.651e-01	-3.681	2115	5.074	1.047
52.378	3.499e-01	-3.834	1979	5.111	1.003
52.378	4.609e-01	-3.998	1835	5.144	0.966
52.378	6.058e-01	-4.171	1687	5.172	0.935
52.378	7.996e-01	-4.340	1553	5.196	0.909
52.378	1.047e+00	-4.495	1437	5.217	0.888
52.378	1.374e+00	-4.647	1331	5.235	0.869
52.378	1.806e+00	-4.797	1233	5.253	0.852
52.378	2.355e+00	-4.947	1141	5.268	0.837
52.378	3.091e+00	-5.107	1049	5.282	0.824
52.378	4.063e+00	-5.273	960	5.294	0.812
52.378	5.363e+00	-5.446	875	5.305	0.802
52.378	7.065e+00	-5.621	795	5.315	0.793
52.378	9.285e+00	-5.791	725	5.323	0.785
55.521	1.026e-04	-0.970	3240	3.129	10.112
55.521	1.343e-04	-1.064	3186	3.194	9.384
55.521	1.748e-04	-1.152	3141	3.257	8.730
55.521	2.308e-04	-1.240	3100	3.322	8.093
55.521	3.021e-04	-1.318	3076	3.387	7.516
55.521	3.965e-04	-1.393	3059	3.452	6.967
55.521	5.211e-04	-1.464	3050	3.518	6.462
55.521	6.879e-04	-1.525	3047	3.578	6.031
55.521	9.005e-04	-1.565	3049	3.619	5.754
55.521	1.189e-03	-1.586	3050	3.640	5.612
55.521	1.553e-03	-1.600	3051	3.655	5.519
55.521	2.051e-03	-1.622	3052	3.677	5.383
55.521	2.684e-03	-1.667	3054	3.723	5.104
55.521	3.443e-03	-1.785	3062	3.846	4.431
55.521	4.399e-03	-1.898	3082	3.970	3.839
55.521	5.806e-03	-2.010	3102	4.093	3.332
55.521	7.588e-03	-2.137	3060	4.197	2.956
55.521	9.977e-03	-2.254	3020	4.291	2.653
55.521	1.306e-02	-2.360	2984	4.376	2.406
55.521	1.707e-02	-2.460	2949	4.456	2.195
55.521	2.245e-02	-2.556	2917	4.533	2.008
55.521	2.950e-02	-2.649	2888	4.608	1.841
55.521	3.879e-02	-2.750	2843	4.681	1.693
55.521	5.098e-02	-2.854	2786	4.751	1.563
55.521	6.650e-02	-2.953	2731	4.815	1.451
55.521	8.728e-02	-3.062	2661	4.879	1.349
55.521	1.147e-01	-3.181	2571	4.939	1.258
55.521	1.514e-01	-3.308	2469	4.995	1.179
55.521	1.994e-01	-3.453	2339	5.047	1.112
55.521	2.621e-01	-3.600	2206	5.091	1.056
55.521	3.460e-01	-3.758	2061	5.131	1.009
55.521	4.530e-01	-3.912	1924	5.165	0.970
55.521	5.990e-01	-4.083	1775	5.196	0.936
55.521	7.922e-01	-4.252	1635	5.223	0.908
55.521	1.042e+00	-4.415	1508	5.245	0.885
55.521	1.364e+00	-4.567	1397	5.265	0.865
55.521	1.786e+00	-4.717	1295	5.282	0.847
55.521	2.344e+00	-4.867	1199	5.299	0.832
55.521	3.080e+00	-5.023	1105	5.313	0.818
55.521	4.018e+00	-5.182	1016	5.326	0.806
55.521	5.313e+00	-5.354	926	5.338	0.795
55.521	6.930e+00	-5.523	846	5.348	0.786
55.521	9.148e+00	-5.699	768	5.357	0.777
57.616	1.002e-04	-0.932	3277	3.127	10.324
57.616	1.304e-04	-1.026	3222	3.191	9.588
57.616	1.695e-04	-1.115	3172	3.254	8.921
57.616	2.225e-04	-1.203	3130	3.318	8.283
57.616	2.925e-04	-1.287	3095	3.383	7.688
57.616	3.845e-04	-1.362	3078	3.448	7.130
57.616	5.054e-04	-1.435	3063	3.513	6.621
57.616	6.592e-04	-1.493	3060	3.569	6.206
57.616	8.701e-04	-1.535	3058	3.610	5.922
57.616	1.139e-03	-1.555	3059	3.630	5.785
57.616	1.495e-03	-1.569	3060	3.645	5.688
57.616	1.965e-03	-1.590	3061	3.666	5.551
57.616	2.594e-03	-1.636	3063	3.714	5.254
57.616	3.278e-03	-1.749	3068	3.829	4.602
57.616	4.179e-03	-1.862	3086	3.952	3.992
57.616	5.516e-03	-1.972	3108	4.075	3.466
57.616	7.209e-03	-2.089	3089	4.181	3.067
57.616	9.478e-03	-2.208	3049	4.277	2.746
57.616	1.246e-02	-2.316	3012	4.365	2.483
57.616	1.638e-02	-2.419	2976	4.447	2.259
57.616	2.153e-02	-2.516	2943	4.525	2.065
57.616	2.808e-02	-2.606	2916	4.598	1.898
57.616	3.706e-02	-2.701	2882	4.673	1.741
57.616	4.852e-02	-2.805	2826	4.743	1.606
57.616	6.404e-02	-2.909	2769	4.812	1.484
57.616	8.369e-02	-3.011	2708	4.875	1.380
57.616	1.100e-01	-3.125	2629	4.937	1.285
57.616	1.446e-01	-3.251	2527	4.994	1.203
57.616	1.909e-01	-3.380	2421	5.048	1.130
57.616	2.515e-01	-3.533	2278	5.096	1.070
57.616	3.305e-01	-3.684	2139	5.138	1.019
57.616	4.345e-01	-3.835	2003	5.175	0.977
57.616	5.690e-01	-3.988	1869	5.207	0.942
57.616	7.495e-01	-4.163	1716	5.235	0.912
57.616	9.851e-01	-4.331	1580	5.259	0.887
57.616	1.295e+00	-4.488	1461	5.280	0.866
57.616	1.702e+00	-4.641	1352	5.298	0.848
57.616	2.220e+00	-4.786	1256	5.315	0.832
57.616	2.931e+00	-4.941	1159	5.331	0.817
57.616	3.837e+00	-5.099	1067	5.344	0.804
57.616	5.065e+00	-5.267	975	5.357	0.792
57.616	6.630e+00	-5.436	891	5.368	0.782
57.616	8.752e+00	-5.613	809	5.378	0.774
60.759	1.020e-04	-0.897	3319	3.137	10.482
60.759	1.336e-04	-0.993	3261	3.203	9.714
60.759	1.763e-04	-1.090	3205	3.270	8.996
60.759	2.308e-04	-1.179	3160	3.333	8.359
60.759	3.029e-04	-1.265	3121	3.398	7.763
60.759	3.981e-04	-1.340	3100	3.462	7.211
60.759	5.234e-04	-1.411	3084	3.523	6.717
60.759	6.854e-04	-1.465	3078	3.574	6.339
60.759	8.973e-04	-1.497	3076	3.604	6.118
60.759	1.184e-03	-1.514	3075	3.621	6.002
60.759	1.548e-03	-1.529	3075	3.636	5.898
60.759	2.043e-03	-1.556	3075	3.663	5.719
60.759	2.675e-03	-1.621	3078	3.730	5.293
60.759	3.297e-03	-1.734	3083	3.846	4.632
60.759	4.352e-03	-1.858	3100	3.979	3.974
60.759	5.698e-03	-1.960	3122	4.093	3.485
60.759	7.521e-03	-2.072	3113	4.201	3.080
60.759	9.907e-03	-2.189	3073	4.296	2.760
60.759	1.297e-02	-2.295	3037	4.381	2.501
60.759	1.695e-02	-2.395	3003	4.461	2.282
60.759	2.229e-02	-2.491	2971	4.539	2.086
60.759	2.930e-02	-2.583	2943	4.615	1.912
60.759	3.821e-02	-2.672	2915	4.686	1.761
60.759	5.044e-02	-2.777	2861	4.759	1.619
60.759	6.603e-02	-2.878	2806	4.826	1.499
60.759	8.667e-02	-2.979	2749	4.891	1.390
60.759	1.139e-01	-3.090	2673	4.954	1.294
60.759	1.498e-01	-3.213	2576	5.013	1.209
60.759	1.968e-01	-3.334	2479	5.067	1.136
60.759	2.598e-01	-3.488	2336	5.117	1.072
60.759	3.423e-01	-3.633	2203	5.161	1.020
60.759	4.498e-01	-3.785	2062	5.199	0.976
60.759	5.914e-01	-3.937	1926	5.232	0.939
60.759	7.773e-01	-4.107	1776	5.261	0.908
60.759	1.026e+00	-4.276	1636	5.287	0.882
60.759	1.352e+00	-4.436	1511	5.308	0.860
60.759	1.776e+00	-4.588	1399	5.328	0.842
60.759	2.335e+00	-4.736	1297	5.345	0.825
60.759	3.069e+00	-4.886	1201	5.361	0.810
60.759	4.004e+00	-5.038	1110	5.375	0.797
60.759	5.285e+00	-5.204	1016	5.388	0.785
60.759	6.962e+00	-5.374	928	5.400	0.775
60.759	9.149e+00	-5.549	844	5.410	0.766
62.854	1.011e-04	-0.867	3350	3.138	10.651
62.854	1.329e-04	-0.965	3291	3.205	9.851
62.854	1.741e-04	-1.060	3235	3.271	9.139
62.854	2.279e-04	-1.151	3186	3.335	8.490
62.854	3.008e-04	-1.239	3144	3.400	7.874
62.854	3.938e-04	-1.317	3117	3.462	7.328
62.854	5.169e-04	-1.385	3101	3.522	6.841
62.854	6.768e-04	-1.439	3090	3.570	6.477
62.854	8.860e-04	-1.468	3088	3.598	6.271
62.854	1.170e-03	-1.485	3087	3.614	6.158
62.854	1.528e-03	-1.501	3086	3.629	6.048
62.854	2.018e-03	-1.530	3085	3.658	5.852
62.854	2.641e-03	-1.604	3088	3.733	5.368
62.854	3.486e-03	-1.750	3093	3.883	4.517
62.854	4.592e-03	-1.865	3111	4.008	3.912
62.854	6.036e-03	-1.964	3133	4.119	3.441
62.854	7.873e-03	-2.069	3126	4.219	3.066
62.854	1.025e-02	-2.180	3088	4.309	2.764
62.854	1.353e-02	-2.288	3052	4.397	2.500
62.854	1.771e-02	-2.387	3017	4.476	2.280
62.854	2.338e-02	-2.483	2987	4.555	2.083
62.854	3.061e-02	-2.574	2959	4.630	1.912
62.854	4.040e-02	-2.666	2930	4.704	1.754
62.854	5.289e-02	-2.767	2880	4.775	1.617
62.854	6.982e-02	-2.871	2822	4.844	1.493
62.854	9.140e-02	-2.971	2766	4.909	1.386
62.854	1.200e-01	-3.081	2692	4.972	1.290
62.854	1.571e-01	-3.200	2599	5.030	1.206
62.854	2.056e-01	-3.319	2503	5.084	1.133
62.854	2.715e-01	-3.469	2364	5.134	1.069
62.854	3.554e-01	-3.610	2234	5.177	1.018
62.854	4.691e-01	-3.764	2091	5.216	0.973
62.854	6.141e-01	-3.912	1958	5.249	0.936
62.854	8.105e-01	-4.080	1808	5.280	0.905
62.854	1.068e+00	-4.244	1670	5.305	0.878
62.854	1.403e+00	-4.403	1543	5.327	0.857
62.854	1.852e+00	-4.557	1428	5.347	0.837
62.854	2.425e+00	-4.702	1327	5.364	0.821
62.854	3.201e+00	-4.851	1229	5.380	0.806
62.854	4.183e+00	-5.001	1137	5.394	0.792
62.854	5.500e+00	-5.162	1044	5.408	0.780
62.854	7.228e+00	-5.329	955	5.420	0.770
62.854	9.503e+00	-5.503	869	5.430	0.761
65.997	1.037e-04	-0.837	3386	3.148	10.784
65.997	1.364e-04	-0.936	3328	3.217	9.966
65.997	1.786e-04	-1.032	3270	3.282	9.239
65.997	2.338e-04	-1.125	3217	3.347	8.581
65.997	3.086e-04	-1.214	3173	3.412	7.961
65.997	4.032e-04	-1.293	3139	3.472	7.424
65.997	5.260e-04	-1.356	3124	3.527	6.970
65.997	6.943e-04	-1.404	3113	3.569	6.641
65.997	9.073e-04	-1.429	3107	3.591	6.477
65.997	1.183e-03	-1.444	3105	3.605	6.376
65.997	1.562e-03	-1.463	3104	3.623	6.244
65.997	2.058e-03	-1.500	3101	3.658	5.995
65.997	2.704e-03	-1.606	3102	3.764	5.304
65.997	3.556e-03	-1.742	3107	3.904	4.519
65.997	4.673e-03	-1.851	3123	4.022	3.944
65.997	6.095e-03	-1.945	3144	4.127	3.495
65.997	8.046e-03	-2.044	3151	4.230	3.104
65.997	1.053e-02	-2.156	3113	4.321	2.794
65.997	1.390e-02	-2.264	3077	4.408	2.527
65.997	1.820e-02	-2.363	3042	4.488	2.306
65.997	2.370e-02	-2.454	3015	4.563	2.115
65.997	3.081e-02	-2.542	2988	4.635	1.946
65.997	4.067e-02	-2.634	2959	4.711	1.784
65.997	5.324e-02	-2.729	2919	4.782	1.644
65.997	6.987e-02	-2.832	2863	4.851	1.518
65.997	9.184e-02	-2.933	2806	4.917	1.407
65.997	1.207e-01	-3.040	2738	4.981	1.307
65.997	1.587e-01	-3.153	2655	5.042	1.219
65.997	2.070e-01	-3.273	2558	5.096	1.145
65.997	2.732e-01	-3.409	2438	5.149	1.078
65.997	3.613e-01	-3.558	2297	5.195	1.022
65.997	4.730e-01	-3.702	2163	5.234	0.977
65.997	6.244e-01	-3.853	2023	5.269	0.938
65.997	8.174e-01	-3.997	1895	5.299	0.906
65.997	1.081e+00	-4.161	1751	5.326	0.878
65.997	1.427e+00	-4.324	1616	5.349	0.855
65.997	1.868e+00	-4.473	1500	5.369	0.836
65.997	2.466e+00	-4.619	1393	5.387	0.819
65.997	3.228e+00	-4.758	1298	5.403	0.804
65.997	4.203e+00	-4.898	1208	5.418	0.791
65.997	5.548e+00	-5.054	1113	5.432	0.778
65.997	7.308e+00	-5.217	1021	5.445	0.766
65.997	9.605e+00	-5.385	933	5.456	0.757
67.044	1.043e-04	-0.827	3399	3.151	10.836
67.044	1.369e-04	-0.925	3341	3.219	10.016
67.044	1.799e-04	-1.022	3282	3.286	9.275
67.044	2.346e-04	-1.114	3229	3.349	8.621
67.044	3.097e-04	-1.204	3184	3.414	8.000
67.044	4.054e-04	-1.284	3148	3.475	7.460
67.044	5.352e-04	-1.349	3131	3.531	6.998
67.044	6.994e-04	-1.392	3121	3.568	6.700
67.044	9.195e-04	-1.416	3116	3.589	6.543
67.044	1.204e-03	-1.432	3112	3.603	6.441
67.044	1.586e-03	-1.452	3110	3.622	6.300
67.044	2.085e-03	-1.493	3107	3.661	6.024
67.044	2.718e-03	-1.605	3107	3.773	5.293
67.044	3.495e-03	-1.728	3111	3.899	4.578
67.044	4.613e-03	-1.840	3125	4.018	3.990
67.044	6.039e-03	-1.934	3147	4.124	3.532
67.044	7.972e-03	-2.029	3162	4.227	3.138
67.044	1.042e-02	-2.141	3124	4.318	2.825
67.044	1.370e-02	-2.247	3088	4.405	2.558
67.044	1.794e-02	-2.347	3054	4.485	2.333
67.044	2.332e-02	-2.437	3026	4.560	2.140
67.044	3.047e-02	-2.527	2999	4.634	1.965
67.044	4.006e-02	-2.618	2971	4.708	1.804
67.044	5.265e-02	-2.711	2935	4.781	1.659
67.044	6.923e-02	-2.815	2878	4.850	1.531
67.044	9.099e-02	-2.917	2821	4.917	1.418
67.044	1.187e-01	-3.018	2759	4.980	1.319
67.044	1.567e-01	-3.131	2679	5.042	1.229
67.044	2.051e-01	-3.252	2580	5.098	1.152
67.044	2.692e-01	-3.378	2473	5.150	1.085
67.044	3.538e-01	-3.527	2331	5.196	1.029
67.044	4.670e-01	-3.672	2195	5.237	0.981
67.044	6.113e-01	-3.815	2063	5.272	0.942
67.044	8.069e-01	-3.960	1933	5.304	0.909
67.044	1.056e+00	-4.117	1793	5.330	0.881
67.044	1.394e+00	-4.280	1655	5.354	0.858
67.044	1.837e+00	-4.431	1535	5.374	0.838
67.044	2.414e+00	-4.574	1428	5.392	0.821
67.044	3.174e+00	-4.713	1331	5.409	0.805
67.044	4.171e+00	-4.854	1238	5.424	0.791
67.044	5.484e+00	-5.004	1145	5.438	0.778
67.044	7.208e+00	-5.162	1054	5.451	0.767
67.044	9.533e+00	-5.331	962	5.463	0.756
68.092	1.037e-04	-0.813	3413	3.150	10.923
68.092	1.372e-04	-0.913	3354	3.221	10.070
68.092	1.789e-04	-1.009	3296	3.286	9.342
68.092	2.362e-04	-1.105	3240	3.353	8.654
68.092	3.091e-04	-1.192	3195	3.416	8.049
68.092	4.058e-04	-1.274	3156	3.477	7.504
68.092	5.333e-04	-1.338	3139	3.530	7.056
68.092	7.039e-04	-1.380	3129	3.567	6.760
68.092	9.215e-04	-1.402	3124	3.586	6.614
68.092	1.209e-03	-1.418	3120	3.600	6.509
68.092	1.590e-03	-1.440	3116	3.620	6.362
68.092	2.098e-03	-1.485	3112	3.663	6.056
68.092	2.747e-03	-1.607	3112	3.785	5.262
68.092	3.621e-03	-1.739	3116	3.919	4.511
68.092	4.741e-03	-1.843	3131	4.032	3.961
68.092	6.222e-03	-1.937	3152	4.137	3.509
68.092	8.148e-03	-2.027	3168	4.236	3.132
68.092	1.065e-02	-2.138	3131	4.327	2.821
68.092	1.400e-02	-2.244	3095	4.412	2.555
68.092	1.840e-02	-2.345	3060	4.493	2.328
68.092	2.419e-02	-2.439	3032	4.571	2.128
68.092	3.179e-02	-2.530	3004	4.647	1.951
68.092	4.147e-02	-2.618	2977	4.719	1.796
68.092	5.400e-02	-2.708	2943	4.789	1.657
68.092	7.087e-02	-2.811	2886	4.858	1.529
68.092	9.315e-02	-2.913	2829	4.925	1.416
68.092	1.225e-01	-3.017	2765	4.989	1.315
68.092	1.610e-01	-3.127	2688	5.050	1.226
68.092	2.125e-01	-3.252	2586	5.108	1.147
68.092	2.781e-01	-3.376	2480	5.159	1.081
68.092	3.651e-01	-3.524	2339	5.205	1.026
68.092	4.798e-01	-3.664	2208	5.246	0.979
68.092	6.308e-01	-3.808	2075	5.281	0.940
68.092	8.291e-01	-3.950	1946	5.312	0.907
68.092	1.094e+00	-4.107	1806	5.339	0.879
68.092	1.442e+00	-4.265	1671	5.362	0.856
68.092	1.895e+00	-4.413	1552	5.382	0.836
68.092	2.501e+00	-4.556	1445	5.400	0.819
68.092	3.268e+00	-4.689	1350	5.416	0.804
68.092	4.263e+00	-4.822	1261	5.431	0.791
68.092	5.627e+00	-4.969	1169	5.446	0.778
68.092	7.367e+00	-5.121	1079	5.459	0.766
68.092	9.742e+00	-5.288	987	5.471	0.755
69.139	1.027e-04	-0.797	3427	3.149	11.025
69.139	1.344e-04	-0.894	3372	3.218	10.189
69.139	1.775e-04	-0.994	3311	3.286	9.416
69.139	2.319e-04	-1.088	3256	3.350	8.745
69.139	3.049e-04	-1.177	3208	3.414	8.124
69.139	4.007e-04	-1.260	3168	3.475	7.573
69.139	5.269e-04	-1.325	3147	3.528	7.126
69.139	6.925e-04	-1.366	3137	3.564	6.838
69.139	9.105e-04	-1.387	3132	3.583	6.691
69.139	1.192e-03	-1.403	3129	3.597	6.586
69.139	1.571e-03	-1.426	3123	3.617	6.433
69.139	2.064e-03	-1.472	3118	3.660	6.125
69.139	2.714e-03	-1.598	3116	3.784	5.306
69.139	3.554e-03	-1.725	3120	3.914	4.572
69.139	4.652e-03	-1.830	3133	4.026	4.017
69.139	6.106e-03	-1.923	3154	4.131	3.560
69.139	7.996e-03	-2.011	3173	4.230	3.178
69.139	1.053e-02	-2.123	3141	4.324	2.851
69.139	1.384e-02	-2.229	3105	4.410	2.582
69.139	1.806e-02	-2.327	3071	4.489	2.357
69.139	2.384e-02	-2.423	3043	4.568	2.152
69.139	3.115e-02	-2.512	3016	4.642	1.976
69.139	4.063e-02	-2.601	2988	4.714	1.818
69.139	5.290e-02	-2.688	2958	4.785	1.677
69.139	6.983e-02	-2.793	2902	4.856	1.544
69.139	9.141e-02	-2.894	2846	4.923	1.431
69.139	1.207e-01	-2.997	2785	4.988	1.327
69.139	1.580e-01	-3.105	2710	5.049	1.237
69.139	2.089e-01	-3.229	2611	5.108	1.156
69.139	2.747e-01	-3.351	2508	5.161	1.088
69.139	3.610e-01	-3.500	2366	5.208	1.031
69.139	4.765e-01	-3.637	2238	5.249	0.983
69.139	6.238e-01	-3.779	2105	5.284	0.944
69.139	8.187e-01	-3.918	1978	5.315	0.910
69.139	1.076e+00	-4.069	1843	5.343	0.882
69.139	1.420e+00	-4.222	1710	5.367	0.858
69.139	1.871e+00	-4.368	1591	5.387	0.838
69.139	2.450e+00	-4.506	1485	5.405	0.821
69.139	3.207e+00	-4.638	1389	5.421	0.806
69.139	4.210e+00	-4.769	1299	5.436	0.793
69.139	5.533e+00	-4.908	1209	5.450	0.780
69.139	7.217e+00	-5.053	1121	5.463	0.768
69.139	9.526e+00	-5.214	1029	5.476	0.757
70.187	1.000e-04	-0.776	3445	3.143	11.183
70.187	1.320e-04	-0.875	3389	3.214	10.304
70.187	1.728e-04	-0.973	3330	3.281	9.541
70.187	2.281e-04	-1.071	3271	3.348	8.833
70.187	2.987e-04	-1.160	3222	3.411	8.214
70.187	3.920e-04	-1.243	3182	3.472	7.660
70.187	5.152e-04	-1.310	3155	3.524	7.210
70.187	6.774e-04	-1.351	3146	3.560	6.919
70.187	8.902e-04	-1.372	3141	3.579	6.771
70.187	1.161e-03	-1.388	3137	3.593	6.666
70.187	1.533e-03	-1.411	3132	3.613	6.513
70.187	2.019e-03	-1.458	3124	3.655	6.204
70.187	2.654e-03	-1.582	3120	3.778	5.387
70.187	3.503e-03	-1.713	3125	3.911	4.621
70.187	4.585e-03	-1.819	3135	4.023	4.063
70.187	5.971e-03	-1.909	3155	4.124	3.616
70.187	7.836e-03	-1.997	3175	4.223	3.226
70.187	1.030e-02	-2.103	3153	4.317	2.894
70.187	1.360e-02	-2.212	3117	4.405	2.615
70.187	1.777e-02	-2.311	3082	4.485	2.385
70.187	2.336e-02	-2.405	3054	4.564	2.180
70.187	3.070e-02	-2.497	3027	4.640	1.997
70.187	4.004e-02	-2.585	2999	4.712	1.838
70.187	5.214e-02	-2.672	2971	4.782	1.694
70.187	6.883e-02	-2.775	2918	4.854	1.560
70.187	9.010e-02	-2.876	2861	4.921	1.444
70.187	1.189e-01	-2.978	2802	4.987	1.338
70.187	1.554e-01	-3.084	2731	5.048	1.248
70.187	2.027e-01	-3.200	2640	5.105	1.169
70.187	2.676e-01	-3.321	2540	5.159	1.098
70.187	3.525e-01	-3.467	2401	5.208	1.038
70.187	4.633e-01	-3.603	2275	5.249	0.990
70.187	6.091e-01	-3.743	2143	5.286	0.949
70.187	8.005e-01	-3.883	2014	5.318	0.915
70.187	1.044e+00	-4.020	1890	5.345	0.887
70.187	1.381e+00	-4.168	1761	5.369	0.862
70.187	1.823e+00	-4.315	1637	5.390	0.842
70.187	2.386e+00	-4.451	1529	5.408	0.825
70.187	3.150e+00	-4.583	1431	5.424	0.809
70.187	4.123e+00	-4.709	1342	5.439	0.795
70.187	5.412e+00	-4.839	1256	5.453	0.782
70.187	7.113e+00	-4.979	1168	5.467	0.770
70.187	9.352e+00	-5.131	1078	5.480	0.759
71.234	1.027e-04	-0.774	3452	3.151	11.165
71.234	1.350e-04	-0.872	3397	3.221	10.300
71.234	1.760e-04	-0.968	3339	3.287	9.546
71.234	2.324e-04	-1.066	3280	3.354	8.837
71.234	3.042e-04	-1.155	3230	3.417	8.219
71.234	3.993e-04	-1.237	3190	3.477	7.672
71.234	5.247e-04	-1.302	3163	3.527	7.239
71.234	6.899e-04	-1.340	3153	3.560	6.972
71.234	9.067e-04	-1.360	3149	3.577	6.834
71.234	1.183e-03	-1.375	3145	3.591	6.727
71.234	1.564e-03	-1.401	3139	3.613	6.558
71.234	2.057e-03	-1.455	3129	3.661	6.204
71.234	2.594e-03	-1.567	3124	3.771	5.469
71.234	3.431e-03	-1.698	3128	3.905	4.688
71.234	4.475e-03	-1.804	3136	4.015	4.129
71.234	5.874e-03	-1.897	3157	4.119	3.663
71.234	7.720e-03	-1.985	3177	4.218	3.268
71.234	1.007e-02	-2.084	3165	4.310	2.939
71.234	1.329e-02	-2.193	3128	4.399	2.654
71.234	1.740e-02	-2.293	3094	4.480	2.418
71.234	2.266e-02	-2.384	3066	4.556	2.215
71.234	2.991e-02	-2.478	3038	4.634	2.026
71.234	3.908e-02	-2.567	3011	4.707	1.863
71.234	5.097e-02	-2.654	2983	4.778	1.716
71.234	6.690e-02	-2.752	2936	4.849	1.581
71.234	8.793e-02	-2.855	2879	4.917	1.462
71.234	1.147e-01	-2.953	2823	4.981	1.358
71.234	1.514e-01	-3.060	2753	5.045	1.262
71.234	1.982e-01	-3.174	2667	5.103	1.180
71.234	2.616e-01	-3.296	2567	5.158	1.107
71.234	3.419e-01	-3.430	2443	5.206	1.048
71.234	4.459e-01	-3.564	2316	5.248	0.999
71.234	5.897e-01	-3.704	2184	5.286	0.956
71.234	7.754e-01	-3.841	2056	5.318	0.921
71.234	1.019e+00	-3.972	1938	5.347	0.891
71.234	1.348e+00	-4.115	1811	5.372	0.866
71.234	1.779e+00	-4.262	1684	5.393	0.845
71.234	2.329e+00	-4.394	1577	5.411	0.828
71.234	3.057e+00	-4.519	1481	5.426	0.813
71.234	4.003e+00	-4.640	1393	5.441	0.800
71.234	5.240e+00	-4.760	1311	5.455	0.787
71.234	6.917e+00	-4.892	1225	5.469	0.774
71.234	9.055e+00	-5.031	1139	5.482	0.763
72.282	1.008e-04	-0.755	3468	3.147	11.298
72.282	1.320e-04	-0.852	3414	3.217	10.430
72.282	1.742e-04	-0.952	3354	3.286	9.628
72.282	2.276e-04	-1.047	3297	3.351	8.935
72.282	2.993e-04	-1.139	3244	3.415	8.299
72.282	3.933e-04	-1.222	3202	3.475	7.745
72.282	5.171e-04	-1.288	3173	3.525	7.311
72.282	6.797e-04	-1.326	3161	3.557	7.047
72.282	8.865e-04	-1.345	3157	3.574	6.914
72.282	1.152e-03	-1.360	3153	3.587	6.808
72.282	1.513e-03	-1.384	3148	3.608	6.646
72.282	1.988e-03	-1.437	3136	3.654	6.306
72.282	2.614e-03	-1.569	3128	3.781	5.443
72.282	3.435e-03	-1.694	3133	3.909	4.699
72.282	4.517e-03	-1.802	3140	4.021	4.131
72.282	5.936e-03	-1.894	3161	4.124	3.667
72.282	7.743e-03	-1.979	3181	4.220	3.285
72.282	1.022e-02	-2.079	3172	4.316	2.942
72.282	1.336e-02	-2.184	3137	4.402	2.666
72.282	1.742e-02	-2.283	3103	4.481	2.431
72.282	2.300e-02	-2.379	3074	4.561	2.218
72.282	3.005e-02	-2.469	3047	4.636	2.035
72.282	3.951e-02	-2.560	3019	4.711	1.867
72.282	5.193e-02	-2.650	2990	4.784	1.716
72.282	6.773e-02	-2.745	2946	4.854	1.584
72.282	8.941e-02	-2.849	2888	4.923	1.462
72.282	1.170e-01	-2.948	2831	4.988	1.357
72.282	1.536e-01	-3.052	2764	5.050	1.263
72.282	2.019e-01	-3.167	2679	5.110	1.180
72.282	2.665e-01	-3.288	2578	5.165	1.107
72.282	3.489e-01	-3.420	2457	5.213	1.047
72.282	4.614e-01	-3.560	2325	5.257	0.996
72.282	6.066e-01	-3.694	2198	5.293	0.955
72.282	7.973e-01	-3.827	2074	5.325	0.920
72.282	1.048e+00	-3.954	1958	5.353	0.891
72.282	1.373e+00	-4.087	1839	5.377	0.867
72.282	1.808e+00	-4.226	1718	5.398	0.847
72.282	2.377e+00	-4.353	1614	5.415	0.830
72.282	3.125e+00	-4.474	1518	5.431	0.815
72.282	4.107e+00	-4.589	1433	5.445	0.802
72.282	5.357e+00	-4.699	1355	5.458	0.790
72.282	7.071e+00	-4.818	1275	5.471	0.778
72.282	9.256e+00	-4.944	1194	5.484	0.767
73.330	1.029e-04	-0.751	3476	3.153	11.298
73.330	1.355e-04	-0.850	3421	3.225	10.409
73.330	1.781e-04	-0.949	3362	3.293	9.621
73.330	2.342e-04	-1.046	3303	3.359	8.913
73.330	3.067e-04	-1.137	3250	3.422	8.291
73.330	4.008e-04	-1.216	3210	3.480	7.756
73.330	5.269e-04	-1.280	3180	3.528	7.342
73.330	6.926e-04	-1.316	3169	3.557	7.101
73.330	9.106e-04	-1.333	3165	3.572	6.974
73.330	1.197e-03	-1.350	3161	3.587	6.857
73.330	1.580e-03	-1.378	3154	3.612	6.665
73.330	2.068e-03	-1.443	3139	3.668	6.244
73.330	2.730e-03	-1.587	3133	3.808	5.315
73.330	3.573e-03	-1.705	3137	3.929	4.624
73.330	4.717e-03	-1.811	3147	4.040	4.071
73.330	6.175e-03	-1.900	3167	4.140	3.627
73.330	8.151e-03	-1.988	3187	4.239	3.238
73.330	1.067e-02	-2.086	3175	4.331	2.913
73.330	1.400e-02	-2.192	3139	4.417	2.638
73.330	1.841e-02	-2.293	3104	4.498	2.402
73.330	2.401e-02	-2.383	3078	4.574	2.200
73.330	3.169e-02	-2.477	3051	4.652	2.013
73.330	4.149e-02	-2.566	3023	4.725	1.850
73.330	5.445e-02	-2.655	2994	4.798	1.701
73.330	7.156e-02	-2.754	2947	4.869	1.567
73.330	9.409e-02	-2.856	2890	4.937	1.449
73.330	1.237e-01	-2.956	2832	5.003	1.344
73.330	1.613e-01	-3.058	2766	5.064	1.253
73.330	2.117e-01	-3.172	2679	5.122	1.171
73.330	2.782e-01	-3.291	2581	5.176	1.101
73.330	3.652e-01	-3.424	2458	5.224	1.041
73.330	4.800e-01	-3.557	2331	5.266	0.993
73.330	6.310e-01	-3.689	2207	5.302	0.952
73.330	8.264e-01	-3.815	2089	5.333	0.919
73.330	1.080e+00	-3.936	1978	5.359	0.892
73.330	1.420e+00	-4.064	1862	5.382	0.868
73.330	1.866e+00	-4.193	1750	5.403	0.848
73.330	2.463e+00	-4.313	1649	5.420	0.831
73.330	3.225e+00	-4.426	1558	5.434	0.818
73.330	4.256e+00	-4.533	1477	5.448	0.805
73.330	5.572e+00	-4.634	1403	5.460	0.794
73.330	7.313e+00	-4.737	1332	5.472	0.783
73.330	9.612e+00	-4.848	1258	5.484	0.772
74.377	1.029e-04	-0.740	3488	3.154	11.367
74.377	1.347e-04	-0.837	3435	3.224	10.489
74.377	1.768e-04	-0.935	3376	3.292	9.695
74.377	2.323e-04	-1.032	3317	3.359	8.980
74.377	3.031e-04	-1.122	3263	3.421	8.361
74.377	3.978e-04	-1.203	3222	3.480	7.816
74.377	5.209e-04	-1.266	3192	3.526	7.410
74.377	6.819e-04	-1.301	3178	3.554	7.176
74.377	8.879e-04	-1.319	3173	3.569	7.053
74.377	1.165e-03	-1.336	3169	3.583	6.937
74.377	1.532e-03	-1.363	3163	3.607	6.751
74.377	2.014e-03	-1.426	3148	3.662	6.334
74.377	2.588e-03	-1.557	3136	3.787	5.486
74.377	3.381e-03	-1.677	3141	3.909	4.768
74.377	4.444e-03	-1.784	3146	4.019	4.200
74.377	5.797e-03	-1.873	3165	4.118	3.746
74.377	7.652e-03	-1.961	3186	4.217	3.342
74.377	9.999e-03	-2.049	3192	4.310	3.006
74.377	1.320e-02	-2.159	3156	4.399	2.711
74.377	1.728e-02	-2.260	3121	4.481	2.468
74.377	2.250e-02	-2.351	3093	4.557	2.261
74.377	2.970e-02	-2.445	3066	4.635	2.067
74.377	3.881e-02	-2.534	3039	4.708	1.900
74.377	5.062e-02	-2.621	3011	4.780	1.750
74.377	6.644e-02	-2.714	2975	4.851	1.611
74.377	8.732e-02	-2.817	2918	4.921	1.487
74.377	1.148e-01	-2.918	2860	4.987	1.378
74.377	1.503e-01	-3.017	2800	5.050	1.282
74.377	1.968e-01	-3.124	2724	5.109	1.197
74.377	2.598e-01	-3.247	2623	5.166	1.122
74.377	3.401e-01	-3.365	2521	5.215	1.060
74.377	4.489e-01	-3.507	2383	5.259	1.007
74.377	5.914e-01	-3.632	2266	5.297	0.964
74.377	7.772e-01	-3.759	2145	5.329	0.929
74.377	1.022e+00	-3.881	2032	5.357	0.900
74.377	1.343e+00	-3.999	1925	5.380	0.876
74.377	1.776e+00	-4.115	1822	5.401	0.855
74.377	2.345e+00	-4.236	1716	5.419	0.839
74.377	3.088e+00	-4.340	1630	5.433	0.825
74.377	4.059e+00	-4.438	1552	5.446	0.813
74.377	5.358e+00	-4.528	1483	5.457	0.802
74.377	7.014e+00	-4.613	1421	5.467	0.793
74.377	9.258e+00	-4.701	1359	5.478	0.783
75.425	1.004e-04	-0.720	3504	3.148	11.524
75.425	1.319e-04	-0.818	3451	3.220	10.615
75.425	1.721e-04	-0.914	3395	3.287	9.824
75.425	2.271e-04	-1.013	3334	3.355	9.084
75.425	2.973e-04	-1.105	3279	3.418	8.447
75.425	3.903e-04	-1.187	3235	3.477	7.897
75.425	5.129e-04	-1.251	3204	3.523	7.483
75.425	6.690e-04	-1.287	3188	3.551	7.252
75.425	8.831e-04	-1.306	3182	3.566	7.124
75.425	1.154e-03	-1.323	3177	3.580	7.008
75.425	1.523e-03	-1.351	3170	3.605	6.812
75.425	1.994e-03	-1.416	3155	3.662	6.379
75.425	2.632e-03	-1.563	3141	3.801	5.438
75.425	3.446e-03	-1.680	3145	3.920	4.738
75.425	4.549e-03	-1.787	3151	4.030	4.175
75.425	5.955e-03	-1.875	3170	4.129	3.725
75.425	7.753e-03	-1.958	3189	4.223	3.345
75.425	1.023e-02	-2.049	3198	4.318	2.998
75.425	1.337e-02	-2.154	3162	4.404	2.715
75.425	1.758e-02	-2.256	3127	4.487	2.469
75.425	2.311e-02	-2.350	3100	4.566	2.254
75.425	3.039e-02	-2.442	3072	4.642	2.064
75.425	3.979e-02	-2.532	3045	4.716	1.895
75.425	5.173e-02	-2.618	3018	4.787	1.748
75.425	6.760e-02	-2.708	2984	4.857	1.611
75.425	8.888e-02	-2.812	2926	4.927	1.487
75.425	1.168e-01	-2.913	2868	4.993	1.378
75.425	1.524e-01	-3.010	2811	5.055	1.283
75.425	2.000e-01	-3.117	2735	5.115	1.197
75.425	2.628e-01	-3.236	2637	5.171	1.123
75.425	3.428e-01	-3.350	2540	5.219	1.062
75.425	4.457e-01	-3.484	2409	5.261	1.012
75.425	5.794e-01	-3.600	2300	5.297	0.971
75.425	7.604e-01	-3.722	2184	5.329	0.936
75.425	9.994e-01	-3.839	2075	5.357	0.907
75.425	1.314e+00	-3.947	1977	5.380	0.882
75.425	1.738e+00	-4.058	1876	5.401	0.862
75.425	2.284e+00	-4.163	1783	5.418	0.845
75.425	3.021e+00	-4.261	1699	5.432	0.832
75.425	3.971e+00	-4.346	1629	5.443	0.821
75.425	5.219e+00	-4.422	1568	5.453	0.812
75.425	6.862e+00	-4.488	1517	5.461	0.804
75.425	9.019e+00	-4.548	1471	5.469	0.797
76.472	1.038e-04	-0.721	3510	3.158	11.476
76.472	1.365e-04	-0.819	3456	3.230	10.569
76.472	1.794e-04	-0.918	3398	3.299	9.760
76.472	2.339e-04	-1.013	3339	3.364	9.057
76.472	3.088e-04	-1.107	3283	3.428	8.408
76.472	4.043e-04	-1.186	3241	3.484	7.881
76.472	5.306e-04	-1.244	3212	3.527	7.500
76.472	6.948e-04	-1.277	3197	3.551	7.296
76.472	9.096e-04	-1.294	3190	3.565	7.180
76.472	1.194e-03	-1.313	3184	3.581	7.053
76.472	1.569e-03	-1.345	3176	3.608	6.833
76.472	2.071e-03	-1.430	3156	3.683	6.272
76.472	2.711e-03	-1.572	3145	3.819	5.363
76.472	3.558e-03	-1.688	3149	3.937	4.683
76.472	4.677e-03	-1.790	3156	4.043	4.145
76.472	6.149e-03	-1.879	3176	4.142	3.696
76.472	8.082e-03	-1.964	3195	4.238	3.311
76.472	1.063e-02	-2.054	3201	4.331	2.974
76.472	1.391e-02	-2.159	3166	4.417	2.694
76.472	1.822e-02	-2.259	3131	4.498	2.454
76.472	2.391e-02	-2.352	3105	4.576	2.243
76.472	3.142e-02	-2.444	3078	4.653	2.054
76.472	4.098e-02	-2.532	3050	4.725	1.889
76.472	5.337e-02	-2.618	3023	4.796	1.741
76.472	7.044e-02	-2.712	2987	4.869	1.600
76.472	9.221e-02	-2.814	2930	4.938	1.479
76.472	1.210e-01	-2.914	2873	5.003	1.371
76.472	1.585e-01	-3.012	2815	5.066	1.276
76.472	2.075e-01	-3.118	2740	5.125	1.192
76.472	2.702e-01	-3.233	2645	5.179	1.121
76.472	3.566e-01	-3.351	2544	5.229	1.058
76.472	4.660e-01	-3.483	2415	5.271	1.008
76.472	6.127e-01	-3.601	2304	5.307	0.967
76.472	8.053e-01	-3.718	2192	5.338	0.933
76.472	1.050e+00	-3.824	2093	5.363	0.906
76.472	1.379e+00	-3.923	2002	5.385	0.884
76.472	1.812e+00	-4.022	1912	5.403	0.865
76.472	2.392e+00	-4.108	1836	5.419	0.849
76.472	3.126e+00	-4.196	1758	5.432	0.838
76.472	4.077e+00	-4.261	1702	5.441	0.828
76.472	5.381e+00	-4.319	1654	5.449	0.821
76.472	7.032e+00	-4.365	1617	5.455	0.815
76.472	9.246e+00	-4.400	1588	5.460	0.811
77.520	1.039e-04	-0.711	3520	3.159	11.541
77.520	1.372e-04	-0.811	3466	3.232	10.612
77.520	1.796e-04	-0.907	3410	3.300	9.809
77.520	2.371e-04	-1.007	3348	3.368	9.071
77.520	3.098e-04	-1.098	3294	3.430	8.446
77.520	4.041e-04	-1.175	3251	3.485	7.928
77.520	5.335e-04	-1.232	3223	3.527	7.552
77.520	6.983e-04	-1.263	3209	3.550	7.358
77.520	9.166e-04	-1.281	3200	3.564	7.244
77.520	1.205e-03	-1.301	3193	3.580	7.110
77.520	1.590e-03	-1.337	3183	3.610	6.866
77.520	2.082e-03	-1.430	3161	3.691	6.252
77.520	2.753e-03	-1.575	3149	3.830	5.331
77.520	3.634e-03	-1.690	3154	3.947	4.656
77.520	4.757e-03	-1.790	3160	4.050	4.135
77.520	6.279e-03	-1.879	3180	4.151	3.686
77.520	8.220e-03	-1.962	3199	4.244	3.309
77.520	1.085e-02	-2.052	3207	4.338	2.970
77.520	1.418e-02	-2.156	3172	4.423	2.692
77.520	1.864e-02	-2.257	3137	4.505	2.450
77.520	2.450e-02	-2.350	3111	4.584	2.238
77.520	3.196e-02	-2.440	3084	4.658	2.054
77.520	4.155e-02	-2.527	3058	4.730	1.891
77.520	5.410e-02	-2.613	3031	4.801	1.743
77.520	7.100e-02	-2.704	2997	4.873	1.605
77.520	9.332e-02	-2.807	2939	4.942	1.481
77.520	1.227e-01	-2.908	2882	5.008	1.372
77.520	1.613e-01	-3.006	2825	5.072	1.276
77.520	2.120e-01	-3.114	2749	5.132	1.190
77.520	2.787e-01	-3.231	2652	5.187	1.118
77.520	3.635e-01	-3.341	2558	5.235	1.058
77.520	4.798e-01	-3.474	2429	5.277	1.007
77.520	6.270e-01	-3.586	2323	5.312	0.968
77.520	8.243e-01	-3.698	2215	5.342	0.935
77.520	1.083e+00	-3.797	2123	5.367	0.909
77.520	1.413e+00	-3.889	2037	5.387	0.888
77.520	1.865e+00	-3.974	1959	5.404	0.870
77.520	2.442e+00	-4.048	1892	5.418	0.857
77.520	3.223e+00	-4.114	1834	5.429	0.845
77.520	4.246e+00	-4.174	1781	5.438	0.837
77.520	5.580e+00	-4.211	1748	5.443	0.832
77.520	7.337e+00	-4.236	1727	5.447	0.829
77.520	9.608e+00	-4.251	1714	5.449	0.827
78.567	1.037e-04	-0.700	3530	3.159	11.618
78.567	1.366e-04	-0.799	3478	3.232	10.686
78.567	1.795e-04	-0.897	3422	3.301	9.863
78.567	2.361e-04	-0.995	3361	3.369	9.129
78.567	3.091e-04	-1.086	3306	3.431	8.495
78.567	4.047e-04	-1.165	3261	3.486	7.974
78.567	5.311e-04	-1.219	3234	3.526	7.613
78.567	6.981e-04	-1.249	3220	3.548	7.424
78.567	9.105e-04	-1.267	3212	3.561	7.312
78.567	1.202e-03	-1.289	3202	3.578	7.172
78.567	1.589e-03	-1.328	3189	3.610	6.911
78.567	2.081e-03	-1.429	3166	3.698	6.244
78.567	2.665e-03	-1.558	3153	3.820	5.425
78.567	3.518e-03	-1.673	3157	3.938	4.739
78.567	4.605e-03	-1.773	3162	4.041	4.210
78.567	6.044e-03	-1.861	3180	4.138	3.762
78.567	7.944e-03	-1.945	3199	4.233	3.373
78.567	1.036e-02	-2.025	3218	4.323	3.042
78.567	1.370e-02	-2.134	3184	4.413	2.742
78.567	1.809e-02	-2.237	3149	4.497	2.489
78.567	2.364e-02	-2.329	3123	4.575	2.277
78.567	3.108e-02	-2.421	3096	4.652	2.084
78.567	4.085e-02	-2.511	3068	4.727	1.912
78.567	5.370e-02	-2.601	3040	4.800	1.756
78.567	7.032e-02	-2.690	3009	4.871	1.618
78.567	9.206e-02	-2.791	2954	4.940	1.495
78.567	1.215e-01	-2.893	2896	5.008	1.383
78.567	1.591e-01	-2.988	2842	5.071	1.286
78.567	2.088e-01	-3.094	2769	5.131	1.200
78.567	2.744e-01	-3.209	2675	5.186	1.126
78.567	3.579e-01	-3.317	2585	5.234	1.065
78.567	4.698e-01	-3.442	2465	5.277	1.014
78.567	6.174e-01	-3.555	2357	5.312	0.974
78.567	8.118e-01	-3.662	2255	5.342	0.941
78.567	1.067e+00	-3.757	2165	5.366	0.916
78.567	1.400e+00	-3.842	2084	5.385	0.895
78.567	1.840e+00	-3.914	2018	5.401	0.879
78.567	2.420e+00	-3.977	1959	5.414	0.867
78.567	3.180e+00	-4.028	1914	5.423	0.857
78.567	4.174e+00	-4.064	1882	5.430	0.850
78.567	5.466e+00	-4.092	1858	5.435	0.845
78.567	7.200e+00	-4.112	1839	5.439	0.842
78.567	9.463e+00	-4.121	1832	5.440	0.841
80.663	1.032e-04	-0.680	3548	3.159	11.774
80.663	1.351e-04	-0.774	3503	3.230	10.843
80.663	1.783e-04	-0.873	3447	3.302	9.988
80.663	2.330e-04	-0.969	3388	3.368	9.255
80.663	3.064e-04	-1.062	3331	3.431	8.603
80.663	4.027e-04	-1.141	3284	3.486	8.077
80.663	5.294e-04	-1.194	3257	3.524	7.732
80.663	6.958e-04	-1.221	3243	3.544	7.556
80.663	9.076e-04	-1.239	3235	3.557	7.443
80.663	1.198e-03	-1.263	3223	3.575	7.290
80.663	1.578e-03	-1.308	3205	3.610	7.004
80.663	2.074e-03	-1.425	3176	3.712	6.232
80.663	2.623e-03	-1.544	3162	3.823	5.480
80.663	3.469e-03	-1.658	3164	3.939	4.798
80.663	4.524e-03	-1.756	3169	4.039	4.276
80.663	5.938e-03	-1.844	3184	4.135	3.827
80.663	7.804e-03	-1.927	3204	4.229	3.435
80.663	1.026e-02	-2.008	3224	4.321	3.091
80.663	1.349e-02	-2.108	3203	4.409	2.790
80.663	1.780e-02	-2.212	3167	4.494	2.532
80.663	2.326e-02	-2.304	3141	4.572	2.315
80.663	3.059e-02	-2.397	3114	4.649	2.118
80.663	4.020e-02	-2.487	3086	4.724	1.942
80.663	5.285e-02	-2.577	3058	4.798	1.784
80.663	6.921e-02	-2.665	3030	4.870	1.643
80.663	9.061e-02	-2.763	2980	4.939	1.516
80.663	1.196e-01	-2.866	2922	5.008	1.402
80.663	1.566e-01	-2.960	2870	5.071	1.303
80.663	2.039e-01	-3.060	2804	5.130	1.218
80.663	2.691e-01	-3.171	2717	5.187	1.140
80.663	3.523e-01	-3.279	2627	5.236	1.078
80.663	4.650e-01	-3.391	2526	5.279	1.025
80.663	6.150e-01	-3.504	2415	5.315	0.984
80.663	8.101e-01	-3.600	2323	5.343	0.953
80.663	1.065e+00	-3.682	2243	5.365	0.929
80.663	1.405e+00	-3.749	2180	5.382	0.911
80.663	1.837e+00	-3.799	2133	5.394	0.898
80.663	2.424e+00	-3.841	2093	5.403	0.889
80.663	3.174e+00	-3.866	2070	5.409	0.883
80.663	4.197e+00	-3.880	2057	5.412	0.880
80.663	5.518e+00	-3.887	2050	5.413	0.878
80.663	7.253e+00	-3.890	2048	5.414	0.878
80.663	9.573e+00	-3.891	2047	5.414	0.878
81.710	1.017e-04	-0.665	3559	3.156	11.895
81.710	1.343e-04	-0.761	3515	3.230	10.923
81.710	1.758e-04	-0.858	3461	3.299	10.082
81.710	2.321e-04	-0.957	3400	3.368	9.313
81.710	3.038e-04	-1.049	3344	3.431	8.666
81.710	3.987e-04	-1.128	3296	3.485	8.141
81.710	5.240e-04	-1.180	3268	3.522	7.800
81.710	6.890e-04	-1.207	3255	3.542	7.625
81.710	9.022e-04	-1.225	3246	3.555	7.509
81.710	1.189e-03	-1.249	3234	3.573	7.353
81.710	1.562e-03	-1.297	3213	3.609	7.057
81.710	2.025e-03	-1.408	3184	3.705	6.319
81.710	2.611e-03	-1.539	3166	3.825	5.501
81.710	3.432e-03	-1.649	3168	3.937	4.837
81.710	4.476e-03	-1.746	3173	4.037	4.314
81.710	5.875e-03	-1.835	3186	4.132	3.863
81.710	7.638e-03	-1.914	3205	4.222	3.484
81.710	1.000e-02	-1.994	3225	4.312	3.140
81.710	1.309e-02	-2.087	3215	4.400	2.838
81.710	1.732e-02	-2.193	3178	4.486	2.571
81.710	2.259e-02	-2.285	3152	4.564	2.351
81.710	2.981e-02	-2.379	3124	4.643	2.147
81.710	3.903e-02	-2.468	3097	4.717	1.971
81.710	5.122e-02	-2.558	3070	4.791	1.811
81.710	6.708e-02	-2.645	3042	4.863	1.667
81.710	8.781e-02	-2.740	2998	4.933	1.538
81.710	1.153e-01	-2.842	2941	5.000	1.423
81.710	1.515e-01	-2.938	2888	5.065	1.320
81.710	1.976e-01	-3.035	2826	5.125	1.232
81.710	2.608e-01	-3.143	2746	5.183	1.153
81.710	3.436e-01	-3.254	2653	5.233	1.088
81.710	4.515e-01	-3.355	2565	5.276	1.035
81.710	5.937e-01	-3.467	2455	5.312	0.994
81.710	7.802e-01	-3.557	2369	5.340	0.962
81.710	1.026e+00	-3.633	2295	5.361	0.939
81.710	1.348e+00	-3.695	2235	5.377	0.922
81.710	1.773e+00	-3.739	2193	5.388	0.910
81.710	2.330e+00	-3.770	2165	5.396	0.902
81.710	3.063e+00	-3.788	2147	5.400	0.898
81.710	4.026e+00	-3.798	2138	5.403	0.895
81.710	5.251e+00	-3.802	2135	5.403	0.894
81.710	6.931e+00	-3.803	2134	5.404	0.894
81.710	9.207e+00	-3.803	2133	5.404	0.894
83.805	1.018e-04	-0.647	3577	3.157	12.031
83.805	1.343e-04	-0.741	3537	3.231	11.043
83.805	1.759e-04	-0.838	3483	3.301	10.187
83.805	2.308e-04	-0.935	3425	3.369	9.421
83.805	3.034e-04	-1.028	3367	3.433	8.758
83.805	3.989e-04	-1.106	3319	3.486	8.238
83.805	5.242e-04	-1.155	3291	3.520	7.916
83.805	6.893e-04	-1.180	3278	3.538	7.754
83.805	9.026e-04	-1.198	3269	3.552	7.635
83.805	1.189e-03	-1.225	3256	3.572	7.463
83.805	1.563e-03	-1.280	3229	3.612	7.121
83.805	2.035e-03	-1.410	3192	3.722	6.277
83.805	2.585e-03	-1.528	3175	3.830	5.540
83.805	3.384e-03	-1.635	3175	3.938	4.894
83.805	4.467e-03	-1.734	3180	4.040	4.352
83.805	5.848e-03	-1.822	3192	4.134	3.907
83.805	7.676e-03	-1.903	3211	4.225	3.515
83.805	1.005e-02	-1.982	3231	4.315	3.171
83.805	1.314e-02	-2.070	3230	4.402	2.868
83.805	1.713e-02	-2.170	3196	4.484	2.610
83.805	2.262e-02	-2.267	3167	4.566	2.376
83.805	2.955e-02	-2.358	3141	4.642	2.176
83.805	3.886e-02	-2.449	3114	4.718	1.994
83.805	5.107e-02	-2.538	3086	4.792	1.831
83.805	6.661e-02	-2.625	3059	4.863	1.687
83.805	8.793e-02	-2.719	3021	4.936	1.552
83.805	1.151e-01	-2.820	2964	5.003	1.436
83.805	1.511e-01	-2.915	2912	5.068	1.333
83.805	1.986e-01	-3.013	2853	5.129	1.242
83.805	2.590e-01	-3.111	2782	5.185	1.165
83.805	3.399e-01	-3.218	2693	5.234	1.100
83.805	4.468e-01	-3.312	2615	5.277	1.047
83.805	5.897e-01	-3.412	2519	5.313	1.006
83.805	7.768e-01	-3.496	2436	5.339	0.976
83.805	1.021e+00	-3.559	2376	5.358	0.955
83.805	1.332e+00	-3.604	2332	5.370	0.941
83.805	1.758e+00	-3.633	2304	5.378	0.932
83.805	2.297e+00	-3.649	2288	5.382	0.928
83.805	3.020e+00	-3.656	2281	5.384	0.926
83.805	3.970e+00	-3.658	2279	5.385	0.925
83.805	5.178e+00	-3.659	2278	5.385	0.925
83.805	6.877e+00	-3.659	2278	5.385	0.925
83.805	9.154e+00	-3.659	2278	5.385	0.925
85.900	1.046e-04	-0.638	3590	3.165	12.063
85.900	1.375e-04	-0.730	3553	3.239	11.085
85.900	1.815e-04	-0.829	3498	3.311	10.197
85.900	2.376e-04	-0.925	3441	3.378	9.439
85.900	3.136e-04	-1.018	3383	3.441	8.777
85.900	4.098e-04	-1.089	3339	3.490	8.298
85.900	5.388e-04	-1.133	3313	3.520	8.015
85.900	7.082e-04	-1.155	3301	3.536	7.870
85.900	9.237e-04	-1.174	3290	3.550	7.746
85.900	1.222e-03	-1.206	3274	3.573	7.542
85.900	1.606e-03	-1.276	3240	3.625	7.104
85.900	2.097e-03	-1.422	3198	3.748	6.166
85.900	2.773e-03	-1.550	3181	3.867	5.375
85.900	3.646e-03	-1.653	3183	3.971	4.768
85.900	4.792e-03	-1.747	3189	4.068	4.264
85.900	6.301e-03	-1.833	3202	4.161	3.832
85.900	8.281e-03	-1.914	3221	4.252	3.451
85.900	1.089e-02	-1.992	3242	4.342	3.113
85.900	1.431e-02	-2.084	3234	4.430	2.813
85.900	1.892e-02	-2.188	3200	4.515	2.551
85.900	2.488e-02	-2.282	3174	4.595	2.327
85.900	3.270e-02	-2.374	3147	4.672	2.129
85.900	4.265e-02	-2.462	3120	4.745	1.957
85.900	5.598e-02	-2.551	3093	4.819	1.798
85.900	7.358e-02	-2.639	3065	4.891	1.654
85.900	9.597e-02	-2.732	3024	4.960	1.527
85.900	1.267e-01	-2.833	2968	5.029	1.411
85.900	1.658e-01	-2.927	2916	5.092	1.312
85.900	2.189e-01	-3.025	2855	5.153	1.223
85.900	2.866e-01	-3.122	2784	5.207	1.150
85.900	3.783e-01	-3.224	2698	5.254	1.089
85.900	4.952e-01	-3.306	2630	5.292	1.042
85.900	6.537e-01	-3.389	2551	5.323	1.006
85.900	8.557e-01	-3.455	2485	5.343	0.983
85.900	1.130e+00	-3.499	2443	5.357	0.968
85.900	1.479e+00	-3.524	2418	5.365	0.959
85.900	1.952e+00	-3.538	2405	5.369	0.954
85.900	2.551e+00	-3.543	2400	5.370	0.953
85.900	3.327e+00	-3.544	2398	5.370	0.952
85.900	4.367e+00	-3.545	2398	5.370	0.952
85.900	5.787e+00	-3.545	2398	5.371	0.952
85.900	7.702e+00	-3.545	2398	5.371	0.952
85.900	1.000e+01	-3.545	2398	5.371	0.952
87.996	1.026e-04	-0.614	3610	3.161	12.271
87.996	1.355e-04	-0.707	3573	3.236	11.255
87.996	1.773e-04	-0.802	3523	3.307	10.373
87.996	2.328e-04	-0.898	3467	3.375	9.587
87.996	3.059e-04	-0.990	3410	3.438	8.920
87.996	3.990e-04	-1.061	3366	3.486	8.438
87.996	5.267e-04	-1.105	3339	3.516	8.150
87.996	6.895e-04	-1.127	3326	3.532	8.008
87.996	9.050e-04	-1.147	3315	3.546	7.877
87.996	1.189e-03	-1.180	3297	3.569	7.667
87.996	1.570e-03	-1.256	3259	3.625	7.189
87.996	2.068e-03	-1.410	3209	3.753	6.209
87.996	2.718e-03	-1.535	3190	3.867	5.445
87.996	3.568e-03	-1.636	3190	3.968	4.843
87.996	4.638e-03	-1.725	3196	4.060	4.355
87.996	6.073e-03	-1.811	3205	4.151	3.923
87.996	7.937e-03	-1.889	3223	4.239	3.545
87.996	1.044e-02	-1.967	3244	4.329	3.199
87.996	1.371e-02	-2.050	3255	4.417	2.890
87.996	1.789e-02	-2.150	3221	4.499	2.629
87.996	2.348e-02	-2.244	3195	4.579	2.398
87.996	3.086e-02	-2.337	3168	4.657	2.192
87.996	4.057e-02	-2.428	3141	4.733	2.008
87.996	5.332e-02	-2.517	3114	4.807	1.843
87.996	7.011e-02	-2.606	3086	4.881	1.694
87.996	9.214e-02	-2.696	3054	4.952	1.560
87.996	1.202e-01	-2.794	2999	5.019	1.445
87.996	1.586e-01	-2.891	2947	5.085	1.339
87.996	2.077e-01	-2.981	2895	5.145	1.250
87.996	2.741e-01	-3.079	2826	5.201	1.172
87.996	3.589e-01	-3.173	2750	5.248	1.110
87.996	4.737e-01	-3.256	2681	5.286	1.062
87.996	6.201e-01	-3.321	2627	5.315	1.027
87.996	8.139e-01	-3.379	2571	5.336	1.003
87.996	1.070e+00	-3.418	2531	5.348	0.989
87.996	1.404e+00	-3.438	2512	5.355	0.982
87.996	1.839e+00	-3.445	2504	5.357	0.979
87.996	2.407e+00	-3.448	2502	5.358	0.978
87.996	3.197e+00	-3.448	2501	5.358	0.978
87.996	4.255e+00	-3.449	2501	5.358	0.978
87.996	5.639e+00	-3.449	2501	5.358	0.978
87.996	7.506e+00	-3.449	2501	5.358	0.978
87.996	9.990e+00	-3.449	2500	5.358	0.978
90.091	1.004e-04	-0.589	3629	3.156	12.492
90.091	1.326e-04	-0.683	3592	3.231	11.452
90.091	1.735e-04	-0.775	3548	3.303	10.547
90.091	2.278e-04	-0.871	3493	3.372	9.742
90.091	2.994e-04	-0.963	3437	3.435	9.060
90.091	3.905e-04	-1.034	3392	3.483	8.571
90.091	5.125e-04	-1.076	3366	3.512	8.289
90.091	6.736e-04	-1.099	3352	3.527	8.143
90.091	8.786e-04	-1.119	3340	3.541	8.011
90.091	1.162e-03	-1.155	3320	3.566	7.785
90.091	1.528e-03	-1.234	3279	3.624	7.284
90.091	1.996e-03	-1.389	3222	3.748	6.312
90.091	2.594e-03	-1.509	3199	3.856	5.574
90.091	3.425e-03	-1.613	3197	3.959	4.953
90.091	4.483e-03	-1.704	3202	4.053	4.447
90.091	5.884e-03	-1.791	3209	4.143	4.005
90.091	7.705e-03	-1.870	3226	4.231	3.620
90.091	1.007e-02	-1.945	3246	4.318	3.277
90.091	1.313e-02	-2.020	3266	4.403	2.970
90.091	1.734e-02	-2.121	3240	4.490	2.687
90.091	2.284e-02	-2.218	3212	4.572	2.445
90.091	3.002e-02	-2.310	3186	4.651	2.234
90.091	3.915e-02	-2.399	3160	4.725	2.051
90.091	5.138e-02	-2.488	3133	4.799	1.883
90.091	6.753e-02	-2.577	3105	4.873	1.730
90.091	8.809e-02	-2.663	3077	4.942	1.596
90.091	1.163e-01	-2.762	3027	5.013	1.472
90.091	1.522e-01	-2.856	2976	5.078	1.366
90.091	2.009e-01	-2.949	2924	5.140	1.271
90.091	2.630e-01	-3.040	2864	5.195	1.194
90.091	3.472e-01	-3.130	2797	5.243	1.129
90.091	4.545e-01	-3.208	2731	5.281	1.081
90.091	5.966e-01	-3.269	2681	5.309	1.047
90.091	7.840e-01	-3.311	2645	5.328	1.024
90.091	1.035e+00	-3.342	2617	5.340	1.010
90.091	1.355e+00	-3.356	2603	5.346	1.004
90.091	1.764e+00	-3.362	2597	5.347	1.001
90.091	2.329e+00	-3.364	2596	5.348	1.001
90.091	3.093e+00	-3.364	2596	5.348	1.001
90.091	4.117e+00	-3.364	2595	5.348	1.001
90.091	5.479e+00	-3.364	2595	5.348	1.001
90.091	7.293e+00	-3.364	2595	5.348	1.001
90.091	9.707e+00	-3.365	2595	5.348	1.001
92.186	1.045e-04	-0.586	3639	3.167	12.471
92.186	1.373e-04	-0.677	3604	3.241	11.447
92.186	1.805e-04	-0.771	3560	3.314	10.528
92.186	2.372e-04	-0.867	3505	3.383	9.725
92.186	3.119e-04	-0.955	3451	3.444	9.064
92.186	4.084e-04	-1.020	3410	3.488	8.617
92.186	5.347e-04	-1.055	3388	3.512	8.382
92.186	7.017e-04	-1.076	3376	3.526	8.247
92.186	9.223e-04	-1.100	3361	3.543	8.092
92.186	1.217e-03	-1.144	3335	3.573	7.810
92.186	1.594e-03	-1.255	3277	3.654	7.120
92.186	2.108e-03	-1.411	3224	3.782	6.145
92.186	2.782e-03	-1.529	3205	3.890	5.427
92.186	3.636e-03	-1.625	3204	3.985	4.864
92.186	4.780e-03	-1.714	3210	4.078	4.371
92.186	6.283e-03	-1.800	3218	4.167	3.943
92.186	8.260e-03	-1.878	3236	4.255	3.563
92.186	1.086e-02	-1.955	3256	4.343	3.222
92.186	1.416e-02	-2.029	3275	4.427	2.922
92.186	1.841e-02	-2.125	3248	4.509	2.661
92.186	2.416e-02	-2.220	3222	4.589	2.425
92.186	3.175e-02	-2.313	3195	4.668	2.216
92.186	4.142e-02	-2.401	3169	4.742	2.034
92.186	5.467e-02	-2.492	3141	4.818	1.864
92.186	7.145e-02	-2.579	3114	4.889	1.717
92.186	9.394e-02	-2.667	3085	4.961	1.581
92.186	1.230e-01	-2.762	3038	5.029	1.461
92.186	1.610e-01	-2.856	2987	5.093	1.357
92.186	2.126e-01	-2.946	2936	5.154	1.265
92.186	2.783e-01	-3.034	2878	5.207	1.191
92.186	3.673e-01	-3.115	2818	5.252	1.130
92.186	4.800e-01	-3.184	2761	5.286	1.088
92.186	6.261e-01	-3.233	2720	5.309	1.059
92.186	8.218e-01	-3.265	2693	5.324	1.041
92.186	1.076e+00	-3.283	2679	5.332	1.032
92.186	1.409e+00	-3.290	2673	5.335	1.028
92.186	1.849e+00	-3.293	2671	5.336	1.026
92.186	2.450e+00	-3.293	2670	5.336	1.026
92.186	3.261e+00	-3.293	2670	5.336	1.026
92.186	4.341e+00	-3.293	2670	5.337	1.026
92.186	5.778e+00	-3.294	2670	5.337	1.026
92.186	7.690e+00	-3.294	2670	5.337	1.026
92.186	1.000e+01	-3.294	2669	5.337	1.026
94.281	1.018e-04	-0.563	3654	3.161	12.705
94.281	1.331e-04	-0.650	3624	3.234	11.677
94.281	1.750e-04	-0.742	3586	3.307	10.732
94.281	2.300e-04	-0.838	3532	3.377	9.906
94.281	3.024e-04	-0.926	3479	3.439	9.224
94.281	3.974e-04	-0.992	3437	3.484	8.758
94.281	5.225e-04	-1.028	3414	3.508	8.517
94.281	6.842e-04	-1.048	3402	3.522	8.381
94.281	9.013e-04	-1.073	3386	3.539	8.217
94.281	1.185e-03	-1.119	3358	3.570	7.926
94.281	1.557e-03	-1.238	3294	3.656	7.183
94.281	2.047e-03	-1.392	3237	3.780	6.229
94.281	2.702e-03	-1.511	3214	3.886	5.512
94.281	3.537e-03	-1.607	3210	3.980	4.945
94.281	4.669e-03	-1.697	3217	4.073	4.443
94.281	6.101e-03	-1.780	3223	4.160	4.020
94.281	8.022e-03	-1.859	3238	4.247	3.636
94.281	1.051e-02	-1.934	3259	4.333	3.295
94.281	1.373e-02	-2.008	3278	4.418	2.988
94.281	1.791e-02	-2.099	3265	4.501	2.715
94.281	2.368e-02	-2.196	3238	4.584	2.466
94.281	3.114e-02	-2.290	3212	4.663	2.252
94.281	4.092e-02	-2.381	3185	4.740	2.062
94.281	5.338e-02	-2.468	3159	4.813	1.896
94.281	7.046e-02	-2.558	3131	4.887	1.740
94.281	9.207e-02	-2.644	3103	4.958	1.605
94.281	1.211e-01	-2.737	3061	5.028	1.481
94.281	1.585e-01	-2.831	3011	5.092	1.375
94.281	2.072e-01	-2.918	2962	5.151	1.285
94.281	2.702e-01	-2.999	2912	5.203	1.210
94.281	3.547e-01	-3.076	2857	5.247	1.150
94.281	4.644e-01	-3.139	2809	5.280	1.107
94.281	6.080e-01	-3.186	2770	5.302	1.079
94.281	8.025e-01	-3.214	2747	5.316	1.063
94.281	1.051e+00	-3.227	2736	5.322	1.055
94.281	1.387e+00	-3.231	2732	5.324	1.053
94.281	1.827e+00	-3.233	2731	5.325	1.052
94.281	2.431e+00	-3.233	2730	5.325	1.052
94.281	3.236e+00	-3.233	2730	5.325	1.052
94.281	4.307e+00	-3.233	2730	5.325	1.052
94.281	5.733e+00	-3.233	2730	5.325	1.052
94.281	7.631e+00	-3.234	2730	5.325	1.051
94.281	1.000e+01	-3.234	2730	5.325	1.051
96.376	1.002e-04	-0.542	3669	3.157	12.903
96.376	1.312e-04	-0.629	3641	3.231	11.849
96.376	1.732e-04	-0.722	3604	3.305	10.873
96.376	2.281e-04	-0.817	3552	3.376	10.024
96.376	2.998e-04	-0.904	3502	3.438	9.338
96.376	3.942e-04	-0.968	3461	3.482	8.876
96.376	5.180e-04	-1.002	3439	3.505	8.643
96.376	6.757e-04	-1.023	3427	3.519	8.507
96.376	8.919e-04	-1.049	3410	3.537	8.332
96.376	1.175e-03	-1.099	3379	3.571	8.009
96.376	1.544e-03	-1.233	3305	3.666	7.179
96.376	1.931e-03	-1.360	3252	3.766	6.401
96.376	2.469e-03	-1.469	3225	3.860	5.742
96.376	3.241e-03	-1.569	3217	3.955	5.145
96.376	4.260e-03	-1.658	3221	4.046	4.633
96.376	5.600e-03	-1.743	3228	4.135	4.184
96.376	7.334e-03	-1.823	3237	4.220	3.792
96.376	9.601e-03	-1.898	3256	4.305	3.439
96.376	1.260e-02	-1.973	3277	4.391	3.116
96.376	1.656e-02	-2.052	3289	4.477	2.822
96.376	2.186e-02	-2.152	3260	4.562	2.560
96.376	2.862e-02	-2.245	3234	4.640	2.338
96.376	3.756e-02	-2.336	3208	4.717	2.139
96.376	4.937e-02	-2.427	3181	4.793	1.961
96.376	6.439e-02	-2.513	3154	4.865	1.805
96.376	8.451e-02	-2.601	3126	4.937	1.661
96.376	1.111e-01	-2.688	3096	5.008	1.532
96.376	1.460e-01	-2.783	3046	5.075	1.418
96.376	1.919e-01	-2.874	2997	5.137	1.320
96.376	2.524e-01	-2.956	2950	5.192	1.240
96.376	3.317e-01	-3.032	2899	5.237	1.176
96.376	4.378e-01	-3.092	2856	5.272	1.130
96.376	5.731e-01	-3.135	2822	5.294	1.101
96.376	7.565e-01	-3.162	2800	5.307	1.085
96.376	9.886e-01	-3.173	2790	5.312	1.079
96.376	1.290e+00	-3.177	2787	5.314	1.076
96.376	1.692e+00	-3.178	2786	5.315	1.076
96.376	2.243e+00	-3.178	2786	5.315	1.076
96.376	2.985e+00	-3.178	2786	5.315	1.076
96.376	3.974e+00	-3.178	2786	5.315	1.076
96.376	5.289e+00	-3.178	2786	5.315	1.076
96.376	7.039e+00	-3.179	2786	5.315	1.075
96.376	9.369e+00	-3.179	2785	5.315	1.075
98.471	1.026e-04	-0.535	3679	3.164	12.937
98.471	1.341e-04	-0.621	3653	3.237	11.885
98.471	1.763e-04	-0.712	3617	3.311	10.919
98.471	2.317e-04	-0.805	3568	3.381	10.076
98.471	3.059e-04	-0.891	3519	3.442	9.392
98.471	3.997e-04	-0.948	3483	3.482	8.970
98.471	5.255e-04	-0.979	3463	3.503	8.756
98.471	6.882e-04	-1.000	3450	3.517	8.616
98.471	9.065e-04	-1.029	3432	3.537	8.421
98.471	1.191e-03	-1.087	3395	3.577	8.041
98.471	1.555e-03	-1.236	3312	3.682	7.127
98.471	1.986e-03	-1.368	3258	3.785	6.326
98.471	2.600e-03	-1.481	3231	3.884	5.643
98.471	3.432e-03	-1.580	3223	3.979	5.062
98.471	4.492e-03	-1.665	3229	4.067	4.575
98.471	5.896e-03	-1.748	3235	4.153	4.140
98.471	7.749e-03	-1.828	3245	4.239	3.751
98.471	1.011e-02	-1.901	3265	4.322	3.409
98.471	1.334e-02	-1.977	3285	4.409	3.084
98.471	1.747e-02	-2.056	3296	4.494	2.798
98.471	2.310e-02	-2.155	3269	4.578	2.538
98.471	3.013e-02	-2.246	3243	4.656	2.321
98.471	3.977e-02	-2.340	3216	4.735	2.120
98.471	5.197e-02	-2.428	3190	4.808	1.947
98.471	6.833e-02	-2.517	3163	4.882	1.788
98.471	8.981e-02	-2.604	3134	4.955	1.646
98.471	1.181e-01	-2.691	3105	5.025	1.518
98.471	1.546e-01	-2.784	3056	5.090	1.408
98.471	2.021e-01	-2.870	3008	5.149	1.316
98.471	2.657e-01	-2.948	2964	5.201	1.239
98.471	3.479e-01	-3.016	2919	5.243	1.181
98.471	4.555e-01	-3.067	2885	5.273	1.141
98.471	6.012e-01	-3.100	2860	5.292	1.117
98.471	7.870e-01	-3.118	2847	5.301	1.105
98.471	1.033e+00	-3.125	2841	5.305	1.100
98.471	1.358e+00	-3.127	2839	5.306	1.099
98.471	1.792e+00	-3.128	2839	5.306	1.099
98.471	2.385e+00	-3.128	2839	5.306	1.098
98.471	3.175e+00	-3.128	2838	5.306	1.098
98.471	4.226e+00	-3.128	2838	5.306	1.098
98.471	5.624e+00	-3.128	2838	5.306	1.098
98.471	7.486e+00	-3.128	2838	5.306	1.098
98.471	9.964e+00	-3.129	2838	5.306	1.098
100.566	1.020e-04	-0.519	3691	3.162	13.093
100.566	1.338e-04	-0.605	3668	3.238	12.009
100.566	1.759e-04	-0.696	3632	3.311	11.032
100.566	2.313e-04	-0.787	3588	3.381	10.178
100.566	3.040e-04	-0.870	3540	3.441	9.503
100.566	3.997e-04	-0.926	3505	3.480	9.082
100.566	5.253e-04	-0.955	3487	3.500	8.877
100.566	6.851e-04	-0.976	3474	3.514	8.734
100.566	9.061e-04	-1.007	3454	3.536	8.520
100.566	1.191e-03	-1.074	3412	3.581	8.088
100.566	1.566e-03	-1.236	3320	3.695	7.089
100.566	2.071e-03	-1.380	3262	3.809	6.222
100.566	2.701e-03	-1.488	3237	3.903	5.580
100.566	3.565e-03	-1.584	3230	3.995	5.019
100.566	4.667e-03	-1.667	3236	4.082	4.544
100.566	6.161e-03	-1.751	3242	4.169	4.109
100.566	8.065e-03	-1.829	3252	4.253	3.732
100.566	1.050e-02	-1.901	3272	4.335	3.396
100.566	1.378e-02	-1.975	3292	4.419	3.080
100.566	1.805e-02	-2.052	3306	4.504	2.795
100.566	2.359e-02	-2.146	3280	4.585	2.546
100.566	3.076e-02	-2.238	3255	4.663	2.328
100.566	4.061e-02	-2.331	3228	4.741	2.126
100.566	5.307e-02	-2.419	3202	4.815	1.952
100.566	6.977e-02	-2.508	3174	4.890	1.793
100.566	9.170e-02	-2.595	3146	4.962	1.650
100.566	1.206e-01	-2.681	3119	5.032	1.522
100.566	1.585e-01	-2.773	3072	5.098	1.411
100.566	2.067e-01	-2.857	3025	5.155	1.320
100.566	2.728e-01	-2.933	2982	5.206	1.245
100.566	3.572e-01	-2.994	2944	5.245	1.191
100.566	4.688e-01	-3.039	2914	5.271	1.155
100.566	6.161e-01	-3.065	2896	5.287	1.135
100.566	8.036e-01	-3.077	2888	5.294	1.125
100.566	1.055e+00	-3.081	2884	5.296	1.122
100.566	1.381e+00	-3.082	2884	5.297	1.121
100.566	1.805e+00	-3.083	2883	5.297	1.121
100.566	2.383e+00	-3.083	2883	5.297	1.121
100.566	3.171e+00	-3.083	2883	5.297	1.121
100.566	4.221e+00	-3.083	2883	5.297	1.121
100.566	5.618e+00	-3.083	2883	5.297	1.121
100.566	7.478e+00	-3.083	2883	5.297	1.121
100.566	9.953e+00	-3.084	2883	5.298	1.121
102.661	1.030e-04	-0.508	3701	3.166	13.181
102.661	1.343e-04	-0.591	3681	3.239	12.113
102.661	1.773e-04	-0.683	3646	3.314	11.110
102.661	2.321e-04	-0.771	3605	3.383	10.265
102.661	3.046e-04	-0.852	3559	3.441	9.598
102.661	4.004e-04	-0.905	3528	3.479	9.193
102.661	5.264e-04	-0.932	3511	3.497	8.996
102.661	6.894e-04	-0.953	3497	3.512	8.845
102.661	9.081e-04	-0.987	3475	3.535	8.613
102.661	1.193e-03	-1.063	3427	3.587	8.115
102.661	1.567e-03	-1.235	3328	3.707	7.064
102.661	2.052e-03	-1.370	3272	3.813	6.254
102.661	2.708e-03	-1.482	3244	3.910	5.595
102.661	3.545e-03	-1.574	3237	3.998	5.057
102.661	4.680e-03	-1.658	3242	4.086	4.570
102.661	6.126e-03	-1.739	3249	4.169	4.150
102.661	8.041e-03	-1.818	3257	4.253	3.768
102.661	1.057e-02	-1.892	3277	4.337	3.420
102.661	1.378e-02	-1.964	3296	4.420	3.111
102.661	1.795e-02	-2.036	3315	4.502	2.830
102.661	2.369e-02	-2.132	3294	4.587	2.567
102.661	3.121e-02	-2.227	3267	4.668	2.338
102.661	4.087e-02	-2.318	3241	4.744	2.141
102.661	5.341e-02	-2.406	3215	4.819	1.966
102.661	6.966e-02	-2.492	3188	4.891	1.809
102.661	9.195e-02	-2.581	3160	4.964	1.663
102.661	1.204e-01	-2.664	3135	5.033	1.536
102.661	1.580e-01	-2.754	3092	5.098	1.424
102.661	2.076e-01	-2.839	3045	5.157	1.331
102.661	2.730e-01	-2.912	3004	5.206	1.258
102.661	3.575e-01	-2.967	2971	5.243	1.206
102.661	4.672e-01	-3.007	2946	5.267	1.173
102.661	6.143e-01	-3.029	2930	5.281	1.155
102.661	8.073e-01	-3.039	2924	5.286	1.147
102.661	1.061e+00	-3.042	2922	5.288	1.145
102.661	1.407e+00	-3.042	2921	5.288	1.144
102.661	1.872e+00	-3.042	2921	5.289	1.144
102.661	2.492e+00	-3.042	2921	5.289	1.144
102.661	3.317e+00	-3.043	2921	5.289	1.144
102.661	4.415e+00	-3.043	2921	5.289	1.144
102.661	5.876e+00	-3.043	2921	5.289	1.144
102.661	7.821e+00	-3.043	2921	5.289	1.144
102.661	1.000e+01	-3.043	2921	5.289	1.143
104.757	1.005e-04	-0.488	3712	3.159	13.413
104.757	1.326e-04	-0.574	3694	3.236	12.277
104.757	1.733e-04	-0.661	3663	3.309	11.292
104.757	2.279e-04	-0.748	3627	3.379	10.415
104.757	2.995e-04	-0.829	3581	3.438	9.732
104.757	3.938e-04	-0.881	3550	3.475	9.324
104.757	5.175e-04	-0.908	3534	3.494	9.125
104.757	6.751e-04	-0.929	3521	3.508	8.972
104.757	8.928e-04	-0.965	3498	3.533	8.724
104.757	1.174e-03	-1.046	3447	3.588	8.187
104.757	1.528e-03	-1.215	3346	3.706	7.146
104.757	1.983e-03	-1.350	3284	3.808	6.356
104.757	2.618e-03	-1.461	3255	3.904	5.692
104.757	3.427e-03	-1.554	3244	3.991	5.149
104.757	4.524e-03	-1.639	3248	4.078	4.659
104.757	5.912e-03	-1.718	3254	4.160	4.236
104.757	7.711e-03	-1.796	3260	4.242	3.858
104.757	1.012e-02	-1.870	3278	4.325	3.506
104.757	1.330e-02	-1.943	3298	4.409	3.182
104.757	1.735e-02	-2.015	3317	4.491	2.894
104.757	2.255e-02	-2.099	3312	4.572	2.637
104.757	2.960e-02	-2.194	3285	4.653	2.403
104.757	3.891e-02	-2.287	3259	4.731	2.195
104.757	5.115e-02	-2.377	3232	4.808	2.010
104.757	6.723e-02	-2.466	3205	4.882	1.845
104.757	8.839e-02	-2.554	3178	4.955	1.697
104.757	1.162e-01	-2.638	3152	5.025	1.565
104.757	1.515e-01	-2.721	3119	5.090	1.452
104.757	2.000e-01	-2.809	3071	5.151	1.355
104.757	2.618e-01	-2.880	3031	5.199	1.281
104.757	3.409e-01	-2.934	3000	5.236	1.228
104.757	4.500e-01	-2.972	2979	5.260	1.194
104.757	5.892e-01	-2.993	2965	5.273	1.176
104.757	7.671e-01	-3.001	2959	5.279	1.169
104.757	1.007e+00	-3.004	2957	5.280	1.167
104.757	1.323e+00	-3.005	2957	5.281	1.166
104.757	1.761e+00	-3.005	2957	5.281	1.166
104.757	2.344e+00	-3.005	2957	5.281	1.166
104.757	3.120e+00	-3.005	2957	5.281	1.166
104.757	4.153e+00	-3.005	2957	5.281	1.166
104.757	5.528e+00	-3.005	2957	5.281	1.166
104.757	7.357e+00	-3.005	2956	5.281	1.166
104.757	9.793e+00	-3.006	2956	5.281	1.165
