Mass/Mjup	Age/Gyr	log(L/Lsun)	Teff	log(g)	Radius/Rjup
0.047	1.004e-04	-6.128	376	1.473	1.983
0.047	1.320e-04	-6.239	363	1.525	1.868
0.047	1.746e-04	-6.575	308	1.574	1.765
0.047	2.319e-04	-6.591	312	1.612	1.690
0.047	3.073e-04	-6.624	314	1.658	1.602
0.047	4.064e-04	-6.664	317	1.712	1.506
0.047	5.399e-04	-6.645	334	1.787	1.383
0.047	7.140e-04	-6.773	324	1.861	1.269
0.047	9.442e-04	-6.900	313	1.930	1.172
0.047	1.241e-03	-7.019	303	1.993	1.090
0.047	1.641e-03	-7.141	293	2.053	1.017
0.047	2.166e-03	-7.262	282	2.110	0.953
0.047	2.836e-03	-7.380	272	2.163	0.896
0.047	3.751e-03	-7.502	261	2.215	0.844
0.047	4.931e-03	-7.621	251	2.264	0.798
0.047	6.481e-03	-7.741	240	2.310	0.757
0.047	8.453e-03	-7.856	230	2.351	0.722
0.047	1.118e-02	-7.975	220	2.392	0.688
0.047	1.479e-02	-8.093	210	2.430	0.659
0.047	1.944e-02	-8.212	200	2.466	0.632
0.047	2.571e-02	-8.335	190	2.501	0.608
0.047	3.400e-02	-8.457	181	2.532	0.586
0.047	4.468e-02	-8.576	172	2.561	0.567
0.047	5.875e-02	-8.696	163	2.587	0.550
0.047	7.770e-02	-8.817	154	2.613	0.534
0.047	1.021e-01	-8.936	146	2.637	0.520
0.047	1.332e-01	-9.054	138	2.660	0.506
0.047	1.758e-01	-9.178	130	2.682	0.493
0.047	2.316e-01	-9.304	122	2.702	0.482
0.047	3.063e-01	-9.436	115	2.722	0.471
0.047	4.026e-01	-9.564	108	2.739	0.462
0.047	5.284e-01	-9.691	101	2.756	0.453
0.047	6.944e-01	-9.819	95	2.771	0.445
0.047	9.130e-01	-9.947	89	2.785	0.438
0.047	1.200e+00	-10.072	83	2.799	0.431
0.047	1.578e+00	-10.190	78	2.811	0.425
0.047	2.086e+00	-10.311	74	2.823	0.419
0.047	2.759e+00	-10.436	69	2.835	0.413
0.063	1.015e-04	-5.914	429	1.617	1.941
0.063	1.343e-04	-6.032	414	1.673	1.820
0.063	1.765e-04	-6.141	401	1.727	1.711
0.063	2.320e-04	-6.398	356	1.773	1.621
0.063	3.088e-04	-6.440	356	1.816	1.544
0.063	4.084e-04	-6.498	353	1.862	1.463
0.063	5.402e-04	-6.540	355	1.914	1.379
0.063	7.144e-04	-6.624	350	1.972	1.290
0.063	9.410e-04	-6.729	340	2.027	1.210
0.063	1.244e-03	-6.837	330	2.082	1.137
0.063	1.636e-03	-6.945	319	2.134	1.070
0.063	2.150e-03	-7.055	309	2.185	1.009
0.063	2.826e-03	-7.166	298	2.234	0.954
0.063	3.738e-03	-7.283	286	2.282	0.902
0.063	4.934e-03	-7.399	275	2.328	0.856
0.063	6.499e-03	-7.516	264	2.371	0.814
0.063	8.542e-03	-7.636	252	2.413	0.776
0.063	1.130e-02	-7.760	240	2.454	0.740
0.063	1.491e-02	-7.883	229	2.492	0.708
0.063	1.972e-02	-8.006	218	2.528	0.680
0.063	2.598e-02	-8.127	207	2.562	0.654
0.063	3.414e-02	-8.250	196	2.593	0.631
0.063	4.489e-02	-8.373	186	2.622	0.610
0.063	5.900e-02	-8.500	176	2.649	0.592
0.063	7.788e-02	-8.628	165	2.674	0.575
0.063	1.019e-01	-8.754	156	2.697	0.560
0.063	1.348e-01	-8.889	146	2.720	0.545
0.063	1.783e-01	-9.023	137	2.743	0.531
0.063	2.354e-01	-9.158	128	2.763	0.519
0.063	3.100e-01	-9.293	120	2.781	0.508
0.063	4.075e-01	-9.430	112	2.798	0.498
0.063	5.389e-01	-9.566	104	2.813	0.489
0.063	7.085e-01	-9.692	98	2.827	0.482
0.063	9.278e-01	-9.807	92	2.839	0.475
0.063	1.215e+00	-9.913	87	2.849	0.470
0.063	1.603e+00	-10.009	83	2.858	0.465
0.063	2.099e+00	-10.087	80	2.865	0.461
0.063	2.770e+00	-10.160	77	2.871	0.458
0.063	3.664e+00	-10.224	74	2.876	0.455
0.063	4.826e+00	-10.284	72	2.881	0.453
0.063	6.343e+00	-10.339	70	2.886	0.450
0.126	1.042e-04	-5.499	472	1.667	2.592
0.126	1.373e-04	-5.604	460	1.727	2.419
0.126	1.804e-04	-5.710	447	1.784	2.265
0.126	2.372e-04	-5.812	435	1.839	2.125
0.126	3.117e-04	-5.991	405	1.891	2.001
0.126	4.141e-04	-6.095	391	1.935	1.904
0.126	5.476e-04	-6.163	386	1.981	1.806
0.126	7.242e-04	-6.243	379	2.028	1.709
0.126	9.577e-04	-6.343	368	2.077	1.617
0.126	1.259e-03	-6.440	357	2.123	1.533
0.126	1.665e-03	-6.537	347	2.170	1.452
0.126	2.171e-03	-6.633	337	2.214	1.380
0.126	2.866e-03	-6.736	326	2.260	1.310
0.126	3.791e-03	-6.842	314	2.304	1.244
0.126	4.993e-03	-6.951	303	2.347	1.184
0.126	6.562e-03	-7.063	291	2.389	1.129
0.126	8.662e-03	-7.180	278	2.429	1.078
0.126	1.134e-02	-7.295	266	2.466	1.032
0.126	1.500e-02	-7.416	253	2.503	0.989
0.126	1.972e-02	-7.536	241	2.538	0.950
0.126	2.591e-02	-7.658	229	2.571	0.915
0.126	3.427e-02	-7.784	217	2.603	0.882
0.126	4.524e-02	-7.912	205	2.633	0.852
0.126	5.922e-02	-8.041	194	2.660	0.826
0.126	7.817e-02	-8.179	182	2.687	0.801
0.126	1.023e-01	-8.315	170	2.711	0.779
0.126	1.351e-01	-8.458	159	2.734	0.759
0.126	1.779e-01	-8.598	148	2.755	0.741
0.126	2.339e-01	-8.734	139	2.774	0.725
0.126	3.075e-01	-8.871	129	2.792	0.710
0.126	4.041e-01	-9.011	121	2.808	0.697
0.126	5.313e-01	-9.152	112	2.823	0.685
0.126	6.983e-01	-9.293	104	2.837	0.674
0.126	9.218e-01	-9.438	97	2.851	0.663
0.126	1.207e+00	-9.582	90	2.863	0.654
0.126	1.593e+00	-9.730	83	2.874	0.646
0.126	2.085e+00	-9.872	77	2.884	0.638
0.126	2.752e+00	-10.010	71	2.894	0.631
0.189	1.016e-04	-5.200	580	1.903	2.419
0.189	1.329e-04	-5.298	565	1.956	2.276
0.189	1.755e-04	-5.407	547	2.008	2.143
0.189	2.297e-04	-5.515	529	2.056	2.028
0.189	3.033e-04	-5.623	511	2.103	1.920
0.189	3.970e-04	-5.737	490	2.147	1.825
0.189	5.250e-04	-5.866	466	2.189	1.740
0.189	6.930e-04	-5.971	449	2.229	1.662
0.189	9.129e-04	-6.099	426	2.267	1.590
0.189	1.200e-03	-6.230	403	2.301	1.530
0.189	1.565e-03	-6.328	388	2.333	1.474
0.189	2.070e-03	-6.439	371	2.367	1.418
0.189	2.737e-03	-6.535	358	2.400	1.365
0.189	3.620e-03	-6.626	347	2.434	1.312
0.189	4.787e-03	-6.722	335	2.468	1.261
0.189	6.319e-03	-6.822	322	2.503	1.212
0.189	8.324e-03	-6.926	309	2.537	1.165
0.189	1.094e-02	-7.035	296	2.570	1.122
0.189	1.444e-02	-7.152	282	2.603	1.080
0.189	1.890e-02	-7.268	269	2.634	1.042
0.189	2.495e-02	-7.389	255	2.664	1.006
0.189	3.287e-02	-7.512	242	2.694	0.973
0.189	4.320e-02	-7.636	229	2.721	0.943
0.189	5.703e-02	-7.763	216	2.747	0.915
0.189	7.512e-02	-7.893	203	2.772	0.889
0.189	9.873e-02	-8.029	190	2.795	0.866
0.189	1.303e-01	-8.169	178	2.817	0.845
0.189	1.706e-01	-8.311	166	2.836	0.826
0.189	2.252e-01	-8.457	154	2.855	0.808
0.189	2.966e-01	-8.598	143	2.872	0.792
0.189	3.899e-01	-8.736	134	2.888	0.778
0.189	5.126e-01	-8.877	124	2.903	0.765
0.189	6.737e-01	-9.020	115	2.916	0.753
0.189	8.787e-01	-9.160	107	2.928	0.743
0.189	1.160e+00	-9.306	99	2.940	0.733
0.189	1.518e+00	-9.454	92	2.950	0.724
0.189	1.993e+00	-9.602	85	2.960	0.716
0.189	2.619e+00	-9.752	78	2.970	0.708
0.189	3.444e+00	-9.892	72	2.978	0.702
0.189	4.104e+00	-9.956	70	2.982	0.698
0.189	4.834e+00	-9.956	70	2.982	0.698
0.189	6.434e+00	-9.956	70	2.982	0.698
0.189	8.564e+00	-9.956	70	2.982	0.698
0.262	1.007e-04	-4.946	691	2.096	2.282
0.262	1.324e-04	-5.048	670	2.144	2.158
0.262	1.740e-04	-5.151	649	2.191	2.045
0.262	2.297e-04	-5.264	624	2.236	1.941
0.262	3.025e-04	-5.381	598	2.279	1.848
0.262	3.976e-04	-5.493	574	2.319	1.765
0.262	5.228e-04	-5.614	547	2.357	1.688
0.262	6.871e-04	-5.739	520	2.393	1.621
0.262	9.069e-04	-5.860	494	2.427	1.558
0.262	1.187e-03	-5.985	469	2.458	1.503
0.262	1.570e-03	-6.111	444	2.489	1.450
0.262	2.076e-03	-6.271	411	2.517	1.404
0.262	2.730e-03	-6.380	392	2.543	1.364
0.262	3.611e-03	-6.471	378	2.569	1.323
0.262	4.775e-03	-6.583	359	2.596	1.283
0.262	6.315e-03	-6.670	347	2.623	1.244
0.262	8.352e-03	-6.763	334	2.650	1.205
0.262	1.098e-02	-6.862	321	2.678	1.167
0.262	1.443e-02	-6.965	307	2.706	1.130
0.262	1.897e-02	-7.075	293	2.733	1.095
0.262	2.494e-02	-7.194	278	2.760	1.062
0.262	3.277e-02	-7.313	263	2.786	1.031
0.262	4.309e-02	-7.434	249	2.811	1.001
0.262	5.664e-02	-7.557	235	2.835	0.974
0.262	7.476e-02	-7.685	222	2.858	0.948
0.262	9.848e-02	-7.815	208	2.880	0.925
0.262	1.294e-01	-7.949	195	2.900	0.903
0.262	1.708e-01	-8.091	182	2.920	0.883
0.262	2.237e-01	-8.232	169	2.937	0.866
0.262	2.935e-01	-8.377	157	2.954	0.850
0.262	3.858e-01	-8.520	146	2.969	0.835
0.262	5.072e-01	-8.660	136	2.983	0.822
0.262	6.667e-01	-8.800	126	2.996	0.809
0.262	8.817e-01	-8.947	117	3.008	0.798
0.262	1.159e+00	-9.091	108	3.019	0.788
0.262	1.523e+00	-9.237	100	3.029	0.779
0.262	2.011e+00	-9.392	92	3.039	0.770
0.262	2.633e+00	-9.542	85	3.048	0.762
0.262	3.475e+00	-9.698	78	3.056	0.755
0.262	4.549e+00	-9.837	72	3.063	0.749
0.524	1.037e-04	-4.363	995	2.447	2.154
0.524	1.371e-04	-4.478	957	2.494	2.039
0.524	1.810e-04	-4.614	908	2.538	1.940
0.524	2.365e-04	-4.733	866	2.576	1.856
0.524	3.122e-04	-4.850	828	2.614	1.777
0.524	4.086e-04	-4.972	787	2.649	1.707
0.524	5.404e-04	-5.101	746	2.683	1.642
0.524	7.106e-04	-5.223	708	2.714	1.584
0.524	9.339e-04	-5.353	668	2.743	1.531
0.524	1.233e-03	-5.488	628	2.771	1.483
0.524	1.624e-03	-5.623	590	2.797	1.439
0.524	2.134e-03	-5.759	553	2.821	1.401
0.524	2.806e-03	-5.893	518	2.843	1.365
0.524	3.674e-03	-6.023	487	2.863	1.333
0.524	4.840e-03	-6.165	454	2.883	1.303
0.524	6.401e-03	-6.297	425	2.902	1.275
0.524	8.466e-03	-6.427	398	2.920	1.250
0.524	1.113e-02	-6.548	375	2.937	1.225
0.524	1.469e-02	-6.649	357	2.954	1.202
0.524	1.942e-02	-6.740	343	2.971	1.177
0.524	2.559e-02	-6.831	329	2.990	1.153
0.524	3.363e-02	-6.927	314	3.009	1.128
0.524	4.421e-02	-7.031	300	3.028	1.103
0.524	5.811e-02	-7.146	283	3.047	1.079
0.524	7.670e-02	-7.266	267	3.066	1.056
0.524	1.010e-01	-7.386	252	3.085	1.034
0.524	1.328e-01	-7.507	238	3.102	1.013
0.524	1.753e-01	-7.636	223	3.120	0.993
0.524	2.295e-01	-7.764	209	3.136	0.974
0.524	3.035e-01	-7.904	195	3.152	0.957
0.524	4.006e-01	-8.050	180	3.166	0.941
0.524	5.244e-01	-8.195	167	3.180	0.927
0.524	6.922e-01	-8.345	154	3.192	0.913
0.524	9.061e-01	-8.488	143	3.203	0.902
0.524	1.189e+00	-8.631	133	3.213	0.891
0.524	1.563e+00	-8.776	123	3.223	0.881
0.524	2.055e+00	-8.926	113	3.232	0.872
0.524	2.701e+00	-9.076	104	3.240	0.864
0.524	3.523e+00	-9.225	96	3.248	0.857
0.524	4.650e+00	-9.382	88	3.255	0.849
0.524	6.077e+00	-9.534	81	3.261	0.843
0.786	1.039e-04	-4.033	1193	2.607	2.194
0.786	1.372e-04	-4.144	1149	2.654	2.079
0.786	1.796e-04	-4.247	1111	2.698	1.976
0.786	2.375e-04	-4.376	1058	2.741	1.880
0.786	3.122e-04	-4.516	998	2.779	1.799
0.786	4.104e-04	-4.636	950	2.815	1.726
0.786	5.417e-04	-4.777	893	2.849	1.660
0.786	7.136e-04	-4.909	843	2.880	1.602
0.786	9.378e-04	-5.046	792	2.908	1.551
0.786	1.223e-03	-5.170	748	2.934	1.506
0.786	1.615e-03	-5.298	705	2.959	1.463
0.786	2.114e-03	-5.439	659	2.982	1.424
0.786	2.795e-03	-5.586	613	3.004	1.389
0.786	3.675e-03	-5.721	574	3.024	1.357
0.786	4.831e-03	-5.856	537	3.043	1.328
0.786	6.376e-03	-5.990	502	3.061	1.301
0.786	8.347e-03	-6.115	472	3.077	1.277
0.786	1.102e-02	-6.261	438	3.093	1.253
0.786	1.440e-02	-6.403	407	3.108	1.233
0.786	1.901e-02	-6.515	384	3.122	1.213
0.786	2.514e-02	-6.643	360	3.136	1.193
0.786	3.324e-02	-6.724	347	3.150	1.173
0.786	4.379e-02	-6.812	332	3.166	1.153
0.786	5.755e-02	-6.907	318	3.181	1.132
0.786	7.507e-02	-7.007	302	3.197	1.112
0.786	9.909e-02	-7.124	286	3.214	1.091
0.786	1.305e-01	-7.244	269	3.230	1.071
0.786	1.716e-01	-7.360	254	3.245	1.052
0.786	2.264e-01	-7.485	238	3.261	1.033
0.786	2.964e-01	-7.610	224	3.275	1.016
0.786	3.891e-01	-7.741	209	3.289	1.000
0.786	5.114e-01	-7.880	194	3.303	0.985
0.786	6.750e-01	-8.028	180	3.315	0.970
0.786	8.821e-01	-8.174	166	3.327	0.958
0.786	1.160e+00	-8.324	154	3.337	0.946
0.786	1.524e+00	-8.470	142	3.347	0.936
0.786	1.988e+00	-8.611	132	3.356	0.927
0.786	2.624e+00	-8.762	121	3.364	0.918
0.786	3.457e+00	-8.915	111	3.372	0.910
0.786	4.544e+00	-9.067	103	3.379	0.902
0.786	5.926e+00	-9.218	94	3.385	0.896
0.786	7.823e+00	-9.377	86	3.391	0.890
0.786	1.000e+01	-9.516	80	3.396	0.885
1.048	1.031e-04	-3.767	1362	2.697	2.285
1.048	1.353e-04	-3.887	1308	2.746	2.158
1.048	1.778e-04	-4.007	1254	2.793	2.046
1.048	2.337e-04	-4.116	1208	2.837	1.944
1.048	3.072e-04	-4.232	1158	2.879	1.851
1.048	4.055e-04	-4.391	1081	2.918	1.770
1.048	5.308e-04	-4.512	1028	2.953	1.702
1.048	7.007e-04	-4.645	971	2.986	1.637
1.048	9.230e-04	-4.789	909	3.016	1.581
1.048	1.213e-03	-4.933	850	3.043	1.533
1.048	1.601e-03	-5.065	800	3.069	1.488
1.048	2.109e-03	-5.198	751	3.093	1.447
1.048	2.772e-03	-5.330	705	3.116	1.410
1.048	3.666e-03	-5.477	656	3.137	1.376
1.048	4.849e-03	-5.632	606	3.156	1.346
1.048	6.400e-03	-5.771	565	3.174	1.319
1.048	8.378e-03	-5.904	529	3.190	1.295
1.048	1.100e-02	-6.021	499	3.205	1.272
1.048	1.445e-02	-6.176	460	3.220	1.251
1.048	1.908e-02	-6.340	422	3.234	1.231
1.048	2.523e-02	-6.472	394	3.246	1.213
1.048	3.337e-02	-6.589	371	3.258	1.197
1.048	4.413e-02	-6.668	357	3.271	1.179
1.048	5.813e-02	-6.759	341	3.284	1.161
1.048	7.640e-02	-6.855	326	3.298	1.143
1.048	1.008e-01	-6.958	309	3.313	1.124
1.048	1.320e-01	-7.067	293	3.327	1.106
1.048	1.743e-01	-7.180	277	3.342	1.087
1.048	2.281e-01	-7.291	262	3.356	1.070
1.048	3.011e-01	-7.420	245	3.370	1.052
1.048	3.942e-01	-7.545	230	3.384	1.036
1.048	5.203e-01	-7.678	215	3.397	1.020
1.048	6.812e-01	-7.815	200	3.409	1.006
1.048	8.991e-01	-7.963	185	3.421	0.993
1.048	1.177e+00	-8.110	171	3.431	0.981
1.048	1.554e+00	-8.263	157	3.441	0.970
1.048	2.034e+00	-8.409	145	3.450	0.960
1.048	2.685e+00	-8.557	134	3.458	0.951
1.048	3.509e+00	-8.701	124	3.466	0.943
1.048	4.631e+00	-8.857	114	3.473	0.935
1.048	6.063e+00	-9.008	105	3.479	0.928
1.048	7.894e+00	-9.157	96	3.485	0.922
1.048	1.000e+01	-9.294	89	3.490	0.917
1.571	1.002e-04	-3.442	1564	2.788	2.520
1.571	1.322e-04	-3.546	1520	2.842	2.367
1.571	1.742e-04	-3.648	1477	2.894	2.229
1.571	2.289e-04	-3.754	1430	2.945	2.103
1.571	3.022e-04	-3.871	1375	2.993	1.989
1.571	3.956e-04	-3.981	1325	3.038	1.888
1.571	5.222e-04	-4.110	1262	3.082	1.795
1.571	6.879e-04	-4.266	1179	3.121	1.716
1.571	9.041e-04	-4.402	1113	3.156	1.649
1.571	1.193e-03	-4.547	1043	3.189	1.588
1.571	1.562e-03	-4.692	975	3.217	1.537
1.571	2.050e-03	-4.829	915	3.243	1.492
1.571	2.695e-03	-4.988	846	3.267	1.451
1.571	3.557e-03	-5.119	795	3.289	1.415
1.571	4.657e-03	-5.253	745	3.309	1.382
1.571	6.158e-03	-5.409	688	3.329	1.352
1.571	8.129e-03	-5.563	636	3.346	1.325
1.571	1.064e-02	-5.697	594	3.361	1.302
1.571	1.397e-02	-5.818	559	3.376	1.279
1.571	1.836e-02	-5.966	518	3.391	1.258
1.571	2.428e-02	-6.120	477	3.404	1.239
1.571	3.205e-02	-6.275	440	3.416	1.222
1.571	4.238e-02	-6.422	406	3.427	1.207
1.571	5.605e-02	-6.517	387	3.438	1.191
1.571	7.383e-02	-6.635	364	3.449	1.176
1.571	9.703e-02	-6.733	346	3.460	1.162
1.571	1.281e-01	-6.831	330	3.472	1.146
1.571	1.687e-01	-6.929	314	3.484	1.130
1.571	2.218e-01	-7.028	298	3.496	1.115
1.571	2.927e-01	-7.131	283	3.509	1.098
1.571	3.832e-01	-7.249	267	3.521	1.083
1.571	5.068e-01	-7.381	249	3.534	1.067
1.571	6.663e-01	-7.506	233	3.546	1.053
1.571	8.757e-01	-7.637	218	3.557	1.039
1.571	1.151e+00	-7.775	202	3.568	1.026
1.571	1.513e+00	-7.921	187	3.578	1.014
1.571	1.990e+00	-8.071	173	3.588	1.003
1.571	2.615e+00	-8.222	159	3.596	0.993
1.571	3.438e+00	-8.370	147	3.604	0.984
1.571	4.518e+00	-8.517	135	3.612	0.976
1.571	5.894e+00	-8.661	125	3.618	0.969
1.571	7.779e+00	-8.817	115	3.625	0.961
1.571	1.000e+01	-8.958	106	3.630	0.956
2.095	1.030e-04	-3.212	1725	2.852	2.701
2.095	1.349e-04	-3.326	1668	2.908	2.532
2.095	1.766e-04	-3.435	1615	2.961	2.383
2.095	2.332e-04	-3.542	1564	3.013	2.243
2.095	3.052e-04	-3.647	1515	3.063	2.120
2.095	4.006e-04	-3.756	1463	3.110	2.006
2.095	5.265e-04	-3.863	1413	3.157	1.902
2.095	6.923e-04	-3.970	1363	3.202	1.806
2.095	9.098e-04	-4.106	1292	3.245	1.719
2.095	1.203e-03	-4.269	1202	3.283	1.645
2.095	1.569e-03	-4.415	1126	3.315	1.585
2.095	2.072e-03	-4.571	1047	3.345	1.531
2.095	2.712e-03	-4.712	981	3.371	1.486
2.095	3.580e-03	-4.873	907	3.396	1.445
2.095	4.716e-03	-5.013	846	3.418	1.409
2.095	6.198e-03	-5.155	789	3.438	1.377
2.095	8.149e-03	-5.282	742	3.456	1.347
2.095	1.078e-02	-5.453	679	3.474	1.320
2.095	1.416e-02	-5.589	633	3.489	1.297
2.095	1.873e-02	-5.719	593	3.505	1.274
2.095	2.477e-02	-5.872	547	3.519	1.254
2.095	3.257e-02	-6.024	505	3.532	1.236
2.095	4.307e-02	-6.192	462	3.543	1.219
2.095	5.697e-02	-6.333	428	3.553	1.205
2.095	7.487e-02	-6.448	403	3.564	1.191
2.095	9.901e-02	-6.571	378	3.574	1.177
2.095	1.307e-01	-6.680	357	3.584	1.164
2.095	1.722e-01	-6.781	339	3.594	1.150
2.095	2.277e-01	-6.875	323	3.605	1.136
2.095	2.992e-01	-6.970	308	3.616	1.122
2.095	3.950e-01	-7.071	292	3.627	1.107
2.095	5.203e-01	-7.191	274	3.639	1.092
2.095	6.839e-01	-7.314	257	3.650	1.078
2.095	9.027e-01	-7.438	241	3.661	1.064
2.095	1.182e+00	-7.563	226	3.672	1.052
2.095	1.551e+00	-7.696	210	3.682	1.039
2.095	2.038e+00	-7.838	195	3.691	1.028
2.095	2.659e+00	-7.983	180	3.700	1.018
2.095	3.510e+00	-8.135	166	3.709	1.008
2.095	4.595e+00	-8.283	153	3.716	0.999
2.095	6.065e+00	-8.434	141	3.723	0.991
2.095	7.939e+00	-8.580	130	3.730	0.984
2.095	1.000e+01	-8.708	121	3.735	0.978
2.619	1.041e-04	-3.035	1849	2.893	2.882
2.619	1.369e-04	-3.142	1800	2.954	2.687
2.619	1.785e-04	-3.251	1746	3.010	2.519
2.619	2.356e-04	-3.363	1690	3.065	2.364
2.619	3.104e-04	-3.479	1629	3.117	2.226
2.619	4.079e-04	-3.598	1563	3.165	2.107
2.619	5.321e-04	-3.696	1517	3.211	1.999
2.619	7.037e-04	-3.797	1471	3.258	1.893
2.619	9.306e-04	-3.901	1423	3.305	1.794
2.619	1.228e-03	-4.033	1353	3.349	1.704
2.619	1.625e-03	-4.201	1256	3.388	1.629
2.619	2.149e-03	-4.353	1174	3.422	1.567
2.619	2.841e-03	-4.512	1090	3.452	1.513
2.619	3.227e-03	-4.581	1056	3.465	1.491
2.619	4.244e-03	-4.728	984	3.491	1.448
2.619	5.590e-03	-4.890	908	3.514	1.410
2.619	7.347e-03	-5.035	846	3.534	1.377
2.619	9.699e-03	-5.169	792	3.554	1.347
2.619	1.270e-02	-5.328	730	3.571	1.320
2.619	1.666e-02	-5.466	680	3.587	1.296
2.619	2.190e-02	-5.601	634	3.602	1.274
2.619	2.891e-02	-5.755	585	3.616	1.254
2.619	3.785e-02	-5.903	542	3.628	1.236
2.619	4.967e-02	-6.073	494	3.639	1.220
2.619	6.528e-02	-6.217	458	3.649	1.206
2.619	8.634e-02	-6.341	429	3.659	1.192
2.619	1.135e-01	-6.474	399	3.669	1.180
2.619	1.492e-01	-6.595	374	3.678	1.167
2.619	1.973e-01	-6.702	354	3.687	1.155
2.619	2.604e-01	-6.797	337	3.697	1.142
2.619	3.444e-01	-6.890	321	3.707	1.129
2.619	4.509e-01	-6.983	306	3.717	1.116
2.619	5.952e-01	-7.094	289	3.728	1.102
2.619	7.840e-01	-7.216	271	3.739	1.088
2.619	1.030e+00	-7.333	255	3.749	1.075
2.619	1.360e+00	-7.456	239	3.760	1.062
2.619	1.781e+00	-7.581	224	3.770	1.050
2.619	2.355e+00	-7.720	208	3.779	1.039
2.619	3.096e+00	-7.865	192	3.788	1.028
2.619	4.069e+00	-8.014	177	3.797	1.018
2.619	5.308e+00	-8.161	163	3.804	1.009
2.619	6.966e+00	-8.310	151	3.811	1.001
2.619	9.156e+00	-8.459	139	3.818	0.993
3.143	1.001e-04	-2.873	1951	2.904	3.117
3.143	1.313e-04	-2.978	1907	2.969	2.891
3.143	1.726e-04	-3.091	1852	3.031	2.693
3.143	2.278e-04	-3.202	1797	3.090	2.516
3.143	3.001e-04	-3.313	1741	3.146	2.359
3.143	3.944e-04	-3.433	1674	3.198	2.223
3.143	5.177e-04	-3.563	1596	3.245	2.105
3.143	6.804e-04	-3.646	1563	3.292	1.995
3.143	8.981e-04	-3.752	1512	3.339	1.888
3.143	1.176e-03	-3.860	1457	3.384	1.793
3.143	1.552e-03	-3.989	1388	3.428	1.705
3.143	2.052e-03	-4.158	1288	3.467	1.629
3.143	2.687e-03	-4.306	1206	3.501	1.568
3.143	3.547e-03	-4.468	1118	3.531	1.514
3.143	4.643e-03	-4.611	1045	3.558	1.469
3.143	6.129e-03	-4.771	966	3.582	1.428
3.143	8.073e-03	-4.918	899	3.604	1.393
3.143	1.057e-02	-5.058	839	3.623	1.362
3.143	1.384e-02	-5.202	780	3.641	1.335
3.143	1.816e-02	-5.347	725	3.657	1.310
3.143	2.387e-02	-5.488	674	3.672	1.287
3.143	3.151e-02	-5.641	622	3.686	1.266
3.143	4.125e-02	-5.791	575	3.699	1.248
3.143	5.414e-02	-5.964	524	3.710	1.232
3.143	7.161e-02	-6.112	484	3.720	1.218
3.143	9.411e-02	-6.239	452	3.730	1.204
3.143	1.242e-01	-6.377	420	3.739	1.191
3.143	1.626e-01	-6.513	390	3.748	1.180
3.143	2.151e-01	-6.623	368	3.757	1.168
3.143	2.839e-01	-6.724	349	3.765	1.156
3.143	3.740e-01	-6.812	334	3.775	1.144
3.143	4.915e-01	-6.904	318	3.785	1.131
3.143	6.462e-01	-7.004	302	3.795	1.118
3.143	8.462e-01	-7.118	285	3.805	1.105
3.143	1.108e+00	-7.231	268	3.815	1.092
3.143	1.465e+00	-7.352	252	3.825	1.079
3.143	1.926e+00	-7.475	236	3.835	1.067
3.143	2.532e+00	-7.605	220	3.845	1.055
3.143	3.342e+00	-7.746	204	3.854	1.044
3.143	4.375e+00	-7.890	189	3.863	1.034
3.143	5.785e+00	-8.045	173	3.871	1.024
3.143	7.607e+00	-8.197	160	3.878	1.016
3.143	9.997e+00	-8.348	147	3.885	1.008
3.666	1.044e-04	-2.775	2015	2.929	3.272
3.666	1.372e-04	-2.864	1990	2.996	3.027
3.666	1.811e-04	-2.971	1944	3.063	2.805
3.666	2.371e-04	-3.082	1888	3.123	2.617
3.666	3.130e-04	-3.194	1831	3.181	2.446
3.666	4.090e-04	-3.304	1773	3.236	2.298
3.666	5.335e-04	-3.420	1707	3.286	2.169
3.666	7.056e-04	-3.537	1642	3.335	2.049
3.666	9.314e-04	-3.635	1596	3.384	1.937
3.666	1.227e-03	-3.752	1533	3.431	1.835
3.666	1.612e-03	-3.871	1469	3.475	1.744
3.666	2.120e-03	-4.011	1388	3.517	1.662
3.666	2.786e-03	-4.167	1296	3.553	1.594
3.666	3.678e-03	-4.322	1208	3.586	1.535
3.666	4.845e-03	-4.481	1120	3.615	1.484
3.666	6.368e-03	-4.626	1046	3.641	1.441
3.666	8.405e-03	-4.782	969	3.665	1.402
3.666	1.100e-02	-4.925	903	3.685	1.369
3.666	1.444e-02	-5.070	840	3.704	1.340
3.666	1.898e-02	-5.220	778	3.722	1.313
3.666	2.495e-02	-5.355	727	3.738	1.289
3.666	3.280e-02	-5.513	669	3.752	1.268
3.666	4.305e-02	-5.666	618	3.765	1.249
3.666	5.658e-02	-5.839	563	3.777	1.232
3.666	7.468e-02	-5.992	519	3.788	1.217
3.666	9.837e-02	-6.128	482	3.798	1.203
3.666	1.293e-01	-6.263	448	3.807	1.191
3.666	1.686e-01	-6.403	416	3.815	1.179
3.666	2.226e-01	-6.521	390	3.824	1.168
3.666	2.932e-01	-6.638	367	3.832	1.156
3.666	3.854e-01	-6.733	349	3.841	1.145
3.666	5.087e-01	-6.830	332	3.850	1.133
3.666	6.648e-01	-6.920	317	3.859	1.121
3.666	8.741e-01	-7.022	300	3.869	1.109
3.666	1.149e+00	-7.134	283	3.878	1.097
3.666	1.510e+00	-7.247	267	3.888	1.084
3.666	1.985e+00	-7.366	251	3.898	1.072
3.666	2.610e+00	-7.490	235	3.908	1.060
3.666	3.430e+00	-7.621	219	3.917	1.049
3.666	4.528e+00	-7.764	202	3.926	1.038
3.666	5.927e+00	-7.910	187	3.934	1.028
3.666	7.824e+00	-8.064	172	3.942	1.019
3.666	1.000e+01	-8.201	159	3.948	1.012
4.190	1.006e-04	-2.668	2074	2.930	3.494
4.190	1.328e-04	-2.758	2048	2.998	3.229
4.190	1.736e-04	-2.845	2024	3.064	2.993
4.190	2.291e-04	-2.947	1983	3.131	2.772
4.190	2.999e-04	-3.058	1926	3.192	2.584
4.190	3.936e-04	-3.169	1869	3.250	2.416
4.190	5.173e-04	-3.281	1810	3.306	2.265
4.190	6.748e-04	-3.393	1748	3.357	2.135
4.190	8.857e-04	-3.503	1688	3.407	2.017
4.190	1.164e-03	-3.608	1634	3.456	1.906
4.190	1.539e-03	-3.738	1558	3.504	1.804
4.190	2.024e-03	-3.860	1490	3.547	1.717
4.190	2.660e-03	-4.002	1405	3.587	1.639
4.190	3.470e-03	-4.147	1318	3.622	1.575
4.190	4.580e-03	-4.304	1227	3.655	1.517
4.190	6.033e-03	-4.463	1138	3.683	1.468
4.190	7.929e-03	-4.608	1063	3.708	1.425
4.190	1.047e-02	-4.760	987	3.732	1.388
4.190	1.370e-02	-4.905	919	3.752	1.355
4.190	1.809e-02	-5.060	849	3.772	1.326
4.190	2.368e-02	-5.201	791	3.788	1.300
4.190	3.131e-02	-5.353	732	3.805	1.276
4.190	4.133e-02	-5.510	674	3.819	1.255
4.190	5.411e-02	-5.656	624	3.832	1.237
4.190	7.156e-02	-5.834	567	3.843	1.220
4.190	9.446e-02	-5.984	523	3.854	1.206
4.190	1.244e-01	-6.121	486	3.863	1.193
4.190	1.635e-01	-6.261	451	3.872	1.180
4.190	2.159e-01	-6.396	419	3.881	1.169
4.190	2.843e-01	-6.521	392	3.889	1.158
4.190	3.737e-01	-6.638	368	3.897	1.147
4.190	4.942e-01	-6.742	349	3.906	1.136
4.190	6.498e-01	-6.835	332	3.914	1.125
4.190	8.540e-01	-6.927	317	3.923	1.113
4.190	1.127e+00	-7.031	300	3.933	1.101
4.190	1.476e+00	-7.137	284	3.942	1.089
4.190	1.922e+00	-7.247	268	3.952	1.077
4.190	2.522e+00	-7.366	251	3.961	1.066
4.190	3.315e+00	-7.490	235	3.970	1.054
4.190	4.358e+00	-7.621	219	3.980	1.043
4.190	5.728e+00	-7.761	203	3.988	1.033
4.190	7.518e+00	-7.911	187	3.996	1.023
4.190	9.881e+00	-8.064	172	4.004	1.015
4.714	1.025e-04	-2.588	2123	2.942	3.655
4.714	1.353e-04	-2.681	2095	3.011	3.375
4.714	1.772e-04	-2.768	2070	3.078	3.126
4.714	2.325e-04	-2.859	2041	3.144	2.894
4.714	3.056e-04	-2.959	2001	3.210	2.684
4.714	4.018e-04	-3.073	1942	3.272	2.499
4.714	5.281e-04	-3.185	1883	3.330	2.337
4.714	6.889e-04	-3.294	1825	3.384	2.196
4.714	9.041e-04	-3.405	1764	3.437	2.066
4.714	1.188e-03	-3.508	1713	3.488	1.948
4.714	1.571e-03	-3.645	1628	3.538	1.840
4.714	2.074e-03	-3.773	1552	3.583	1.748
4.714	2.711e-03	-3.891	1485	3.623	1.668
4.714	3.564e-03	-4.041	1392	3.661	1.596
4.714	4.684e-03	-4.189	1303	3.695	1.535
4.714	6.183e-03	-4.352	1208	3.726	1.481
4.714	8.094e-03	-4.499	1127	3.752	1.437
4.714	1.062e-02	-4.646	1050	3.777	1.398
4.714	1.396e-02	-4.794	977	3.799	1.362
4.714	1.821e-02	-4.941	907	3.818	1.332
4.714	2.404e-02	-5.096	839	3.837	1.304
4.714	3.147e-02	-5.234	782	3.853	1.280
4.714	4.131e-02	-5.390	721	3.868	1.259
4.714	5.429e-02	-5.536	668	3.881	1.239
4.714	7.138e-02	-5.694	615	3.894	1.221
4.714	9.381e-02	-5.865	560	3.905	1.206
4.714	1.233e-01	-6.005	520	3.915	1.193
4.714	1.621e-01	-6.148	481	3.924	1.180
4.714	2.114e-01	-6.282	448	3.932	1.168
4.714	2.791e-01	-6.409	418	3.941	1.157
4.714	3.677e-01	-6.550	387	3.949	1.146
4.714	4.862e-01	-6.660	365	3.957	1.136
4.714	6.390e-01	-6.766	345	3.965	1.125
4.714	8.451e-01	-6.853	330	3.973	1.114
4.714	1.116e+00	-6.948	314	3.982	1.103
4.714	1.460e+00	-7.049	298	3.992	1.091
4.714	1.928e+00	-7.158	281	4.001	1.079
4.714	2.524e+00	-7.272	265	4.010	1.068
4.714	3.312e+00	-7.392	249	4.020	1.056
4.714	4.337e+00	-7.516	233	4.029	1.046
4.714	5.678e+00	-7.648	217	4.038	1.035
4.714	7.452e+00	-7.789	201	4.046	1.025
4.714	9.794e+00	-7.942	185	4.054	1.016
5.238	1.039e-04	-2.514	2169	2.951	3.811
5.238	1.371e-04	-2.608	2140	3.021	3.517
5.238	1.795e-04	-2.696	2114	3.088	3.254
5.238	2.356e-04	-2.787	2086	3.156	3.011
5.238	3.096e-04	-2.881	2054	3.223	2.787
5.238	4.070e-04	-2.984	2010	3.288	2.586
5.238	5.350e-04	-3.097	1950	3.349	2.410
5.238	6.978e-04	-3.206	1893	3.405	2.259
5.238	9.211e-04	-3.315	1835	3.462	2.118
5.238	1.213e-03	-3.428	1774	3.515	1.991
5.238	1.595e-03	-3.548	1704	3.565	1.879
5.238	2.105e-03	-3.687	1616	3.612	1.780
5.238	2.755e-03	-3.805	1547	3.654	1.696
5.238	3.617e-03	-3.938	1466	3.694	1.620
5.238	4.753e-03	-4.081	1378	3.730	1.555
5.238	6.286e-03	-4.241	1281	3.763	1.496
5.238	8.265e-03	-4.400	1189	3.792	1.448
5.238	1.086e-02	-4.546	1109	3.818	1.406
5.238	1.434e-02	-4.699	1029	3.841	1.368
5.238	1.877e-02	-4.846	957	3.862	1.336
5.238	2.464e-02	-4.998	887	3.881	1.307
5.238	3.238e-02	-5.147	822	3.898	1.282
5.238	4.257e-02	-5.299	760	3.913	1.259
5.238	5.595e-02	-5.447	703	3.927	1.238
5.238	7.298e-02	-5.589	653	3.940	1.221
5.238	9.651e-02	-5.770	592	3.952	1.204
5.238	1.274e-01	-5.918	547	3.962	1.190
5.238	1.678e-01	-6.065	506	3.972	1.177
5.238	2.206e-01	-6.205	469	3.981	1.165
5.238	2.900e-01	-6.334	437	3.989	1.153
5.238	3.811e-01	-6.483	403	3.997	1.143
5.238	5.040e-01	-6.601	378	4.005	1.133
5.238	6.653e-01	-6.711	357	4.013	1.122
5.238	8.764e-01	-6.801	340	4.021	1.112
5.238	1.152e+00	-6.893	324	4.030	1.101
5.238	1.520e+00	-6.992	308	4.039	1.090
5.238	1.990e+00	-7.095	292	4.048	1.079
5.238	2.627e+00	-7.209	275	4.057	1.067
5.238	3.439e+00	-7.325	258	4.066	1.056
5.238	4.540e+00	-7.450	242	4.075	1.045
5.238	5.943e+00	-7.577	226	4.084	1.034
5.238	7.845e+00	-7.717	209	4.093	1.024
5.238	1.000e+01	-7.848	195	4.100	1.016
6.285	1.038e-04	-2.381	2247	2.958	4.144
6.285	1.364e-04	-2.470	2223	3.029	3.818
6.285	1.793e-04	-2.562	2196	3.100	3.518
6.285	2.356e-04	-2.654	2169	3.169	3.247
6.285	3.098e-04	-2.748	2138	3.238	3.000
6.285	4.072e-04	-2.840	2107	3.306	2.775
6.285	5.354e-04	-2.937	2071	3.372	2.571
6.285	7.036e-04	-3.050	2012	3.435	2.392
6.285	9.288e-04	-3.163	1951	3.495	2.232
6.285	1.214e-03	-3.272	1892	3.550	2.095
6.285	1.583e-03	-3.383	1829	3.603	1.972
6.285	2.090e-03	-3.503	1758	3.654	1.859
6.285	2.753e-03	-3.642	1667	3.701	1.762
6.285	3.618e-03	-3.762	1595	3.743	1.677
6.285	4.719e-03	-3.889	1516	3.782	1.603
6.285	6.241e-03	-4.036	1423	3.820	1.536
6.285	8.238e-03	-4.189	1328	3.853	1.477
6.285	1.085e-02	-4.348	1233	3.883	1.428
6.285	1.426e-02	-4.501	1147	3.909	1.385
6.285	1.875e-02	-4.651	1066	3.933	1.349
6.285	2.456e-02	-4.800	990	3.954	1.316
6.285	3.215e-02	-4.950	918	3.973	1.288
6.285	4.219e-02	-5.106	847	3.990	1.263
6.285	5.545e-02	-5.259	783	4.005	1.241
6.285	7.291e-02	-5.401	727	4.019	1.221
6.285	9.582e-02	-5.552	672	4.032	1.202
6.285	1.265e-01	-5.733	610	4.044	1.186
6.285	1.666e-01	-5.879	564	4.054	1.172
6.285	2.190e-01	-6.032	519	4.064	1.160
6.285	2.856e-01	-6.166	483	4.072	1.149
6.285	3.770e-01	-6.288	452	4.081	1.137
6.285	4.927e-01	-6.430	419	4.089	1.127
6.285	6.478e-01	-6.552	392	4.096	1.117
6.285	8.514e-01	-6.666	369	4.104	1.107
6.285	1.124e+00	-6.773	348	4.112	1.097
6.285	1.480e+00	-6.872	331	4.120	1.087
6.285	1.946e+00	-6.970	314	4.128	1.076
6.285	2.568e+00	-7.073	297	4.137	1.066
6.285	3.383e+00	-7.183	281	4.146	1.055
6.285	4.446e+00	-7.299	264	4.155	1.044
6.285	5.846e+00	-7.419	247	4.164	1.033
6.285	7.683e+00	-7.545	231	4.172	1.023
6.285	1.000e+01	-7.674	216	4.180	1.014
7.333	1.026e-04	-2.267	2309	2.958	4.472
7.333	1.348e-04	-2.355	2290	3.032	4.109
7.333	1.759e-04	-2.442	2268	3.102	3.790
7.333	2.321e-04	-2.536	2241	3.175	3.484
7.333	3.034e-04	-2.626	2214	3.244	3.218
7.333	3.957e-04	-2.718	2182	3.311	2.979
7.333	5.223e-04	-2.812	2151	3.380	2.751
7.333	6.837e-04	-2.904	2119	3.446	2.551
7.333	9.025e-04	-3.018	2060	3.511	2.367
7.333	1.181e-03	-3.130	1998	3.570	2.211
7.333	1.560e-03	-3.243	1935	3.628	2.069
7.333	2.042e-03	-3.355	1871	3.681	1.946
7.333	2.680e-03	-3.474	1799	3.731	1.836
7.333	3.522e-03	-3.612	1706	3.778	1.740
7.333	4.630e-03	-3.733	1632	3.821	1.656
7.333	6.086e-03	-3.861	1551	3.862	1.581
7.333	8.048e-03	-4.011	1454	3.899	1.513
7.333	1.058e-02	-4.154	1366	3.933	1.456
7.333	1.391e-02	-4.311	1269	3.963	1.407
7.333	1.829e-02	-4.469	1177	3.990	1.364
7.333	2.403e-02	-4.620	1093	4.013	1.328
7.333	3.135e-02	-4.768	1016	4.034	1.296
7.333	4.138e-02	-4.925	939	4.054	1.267
7.333	5.407e-02	-5.079	868	4.070	1.243
7.333	7.109e-02	-5.237	799	4.086	1.221
7.333	9.310e-02	-5.375	744	4.100	1.202
7.333	1.226e-01	-5.535	684	4.113	1.184
7.333	1.612e-01	-5.702	625	4.124	1.169
7.333	2.128e-01	-5.854	576	4.134	1.155
7.333	2.803e-01	-6.014	528	4.144	1.143
7.333	3.683e-01	-6.144	493	4.152	1.131
7.333	4.843e-01	-6.263	462	4.161	1.120
7.333	6.405e-01	-6.402	429	4.169	1.110
7.333	8.418e-01	-6.535	399	4.177	1.100
7.333	1.111e+00	-6.660	373	4.185	1.090
7.333	1.464e+00	-6.772	351	4.192	1.081
7.333	1.924e+00	-6.870	333	4.200	1.071
7.333	2.544e+00	-6.971	316	4.208	1.061
7.333	3.358e+00	-7.073	300	4.216	1.051
7.333	4.396e+00	-7.179	283	4.225	1.041
7.333	5.803e+00	-7.295	266	4.234	1.030
7.333	7.596e+00	-7.413	250	4.242	1.020
7.333	1.000e+01	-7.538	234	4.250	1.010
8.381	1.002e-04	-2.166	2360	2.954	4.807
8.381	1.319e-04	-2.253	2344	3.028	4.411
8.381	1.734e-04	-2.340	2327	3.103	4.047
8.381	2.280e-04	-2.431	2303	3.176	3.720
8.381	2.996e-04	-2.525	2276	3.249	3.422
8.381	3.908e-04	-2.615	2248	3.317	3.163
8.381	5.159e-04	-2.710	2215	3.388	2.916
8.381	6.753e-04	-2.802	2184	3.455	2.700
8.381	8.864e-04	-2.895	2151	3.521	2.501
8.381	1.165e-03	-3.008	2091	3.585	2.324
8.381	1.538e-03	-3.122	2028	3.646	2.166
8.381	2.010e-03	-3.232	1966	3.702	2.031
8.381	2.621e-03	-3.343	1901	3.754	1.912
8.381	3.460e-03	-3.465	1825	3.806	1.802
8.381	4.521e-03	-3.604	1730	3.852	1.710
8.381	5.945e-03	-3.722	1656	3.894	1.627
8.381	7.813e-03	-3.851	1574	3.935	1.553
8.381	1.033e-02	-4.002	1475	3.973	1.487
8.381	1.359e-02	-4.139	1390	4.006	1.430
8.381	1.779e-02	-4.298	1290	4.036	1.382
8.381	2.329e-02	-4.456	1196	4.062	1.341
8.381	3.074e-02	-4.610	1109	4.086	1.305
8.381	4.024e-02	-4.760	1030	4.107	1.274
8.381	5.282e-02	-4.914	953	4.126	1.246
8.381	6.942e-02	-5.071	880	4.143	1.222
8.381	9.055e-02	-5.231	809	4.158	1.201
8.381	1.195e-01	-5.374	751	4.172	1.182
8.381	1.581e-01	-5.542	687	4.185	1.165
8.381	2.069e-01	-5.696	632	4.196	1.150
8.381	2.737e-01	-5.854	581	4.206	1.137
8.381	3.612e-01	-6.017	532	4.215	1.125
8.381	4.758e-01	-6.130	501	4.224	1.114
8.381	6.293e-01	-6.262	466	4.233	1.102
8.381	8.271e-01	-6.405	432	4.241	1.092
8.381	1.094e+00	-6.536	402	4.249	1.082
8.381	1.444e+00	-6.678	372	4.256	1.073
8.381	1.909e+00	-6.786	351	4.264	1.064
8.381	2.515e+00	-6.882	334	4.271	1.055
8.381	3.306e+00	-6.978	317	4.279	1.045
8.381	4.364e+00	-7.082	300	4.287	1.035
8.381	5.712e+00	-7.188	284	4.295	1.026
8.381	7.540e+00	-7.302	267	4.304	1.016
8.381	9.871e+00	-7.420	251	4.312	1.006
9.428	1.047e-04	-2.101	2395	2.965	5.033
9.428	1.370e-04	-2.181	2387	3.039	4.619
9.428	1.784e-04	-2.264	2374	3.112	4.247
9.428	2.319e-04	-2.350	2355	3.185	3.907
9.428	3.062e-04	-2.445	2328	3.259	3.586
9.428	4.001e-04	-2.537	2299	3.330	3.305
9.428	5.261e-04	-2.630	2270	3.400	3.048
9.428	6.914e-04	-2.724	2237	3.469	2.815
9.428	9.018e-04	-2.814	2207	3.535	2.609
9.428	1.184e-03	-2.911	2167	3.602	2.418
9.428	1.556e-03	-3.025	2105	3.665	2.248
9.428	2.045e-03	-3.138	2042	3.725	2.099
9.428	2.688e-03	-3.250	1977	3.781	1.967
9.428	3.506e-03	-3.364	1907	3.833	1.853
9.428	4.628e-03	-3.491	1826	3.884	1.748
9.428	6.048e-03	-3.626	1733	3.928	1.661
9.428	7.984e-03	-3.743	1661	3.971	1.580
9.428	1.045e-02	-3.881	1569	4.010	1.511
9.428	1.382e-02	-4.026	1474	4.047	1.448
9.428	1.824e-02	-4.172	1382	4.080	1.394
9.428	2.388e-02	-4.330	1283	4.109	1.349
9.428	3.153e-02	-4.489	1187	4.135	1.309
9.428	4.127e-02	-4.637	1105	4.157	1.275
9.428	5.448e-02	-4.793	1022	4.178	1.245
9.428	7.132e-02	-4.946	946	4.196	1.219
9.428	9.414e-02	-5.108	870	4.213	1.196
9.428	1.240e-01	-5.264	802	4.227	1.176
9.428	1.640e-01	-5.424	737	4.241	1.158
9.428	2.155e-01	-5.583	677	4.253	1.142
9.428	2.834e-01	-5.739	623	4.263	1.129
9.428	3.725e-01	-5.905	569	4.273	1.116
9.428	4.916e-01	-6.041	529	4.282	1.105
9.428	6.502e-01	-6.159	497	4.291	1.094
9.428	8.599e-01	-6.302	460	4.299	1.083
9.428	1.133e+00	-6.442	426	4.307	1.073
9.428	1.489e+00	-6.588	394	4.315	1.064
9.428	1.965e+00	-6.705	370	4.322	1.055
9.428	2.589e+00	-6.810	349	4.329	1.046
9.428	3.423e+00	-6.913	331	4.337	1.037
9.428	4.499e+00	-7.013	314	4.345	1.028
9.428	5.939e+00	-7.118	297	4.353	1.018
9.428	7.775e+00	-7.225	280	4.361	1.009
9.428	1.000e+01	-7.330	265	4.369	1.000
10.476	1.027e-04	-2.037	2412	2.959	5.339
10.476	1.350e-04	-2.106	2420	3.034	4.898
10.476	1.761e-04	-2.184	2416	3.109	4.493
10.476	2.324e-04	-2.273	2400	3.187	4.108
10.476	3.043e-04	-2.366	2375	3.261	3.771
10.476	4.016e-04	-2.461	2347	3.336	3.462
10.476	5.257e-04	-2.554	2317	3.406	3.192
10.476	6.846e-04	-2.643	2289	3.474	2.952
10.476	9.036e-04	-2.737	2257	3.544	2.723
10.476	1.183e-03	-2.829	2226	3.611	2.521
10.476	1.561e-03	-2.935	2176	3.678	2.333
10.476	2.057e-03	-3.048	2114	3.741	2.171
10.476	2.703e-03	-3.163	2047	3.800	2.029
10.476	3.526e-03	-3.270	1985	3.854	1.906
10.476	4.654e-03	-3.392	1909	3.907	1.793
10.476	6.093e-03	-3.525	1817	3.955	1.697
10.476	8.058e-03	-3.653	1732	4.000	1.611
10.476	1.059e-02	-3.769	1660	4.042	1.536
10.476	1.401e-02	-3.920	1556	4.081	1.468
10.476	1.842e-02	-4.052	1471	4.115	1.412
10.476	2.402e-02	-4.192	1380	4.145	1.363
10.476	3.153e-02	-4.346	1284	4.173	1.321
10.476	4.143e-02	-4.496	1194	4.197	1.285
10.476	5.448e-02	-4.642	1112	4.218	1.253
10.476	7.160e-02	-4.790	1033	4.238	1.225
10.476	9.414e-02	-4.940	957	4.256	1.200
10.476	1.233e-01	-5.101	880	4.271	1.179
10.476	1.614e-01	-5.243	818	4.285	1.160
10.476	2.134e-01	-5.406	750	4.298	1.143
10.476	2.817e-01	-5.564	689	4.310	1.127
10.476	3.681e-01	-5.714	636	4.320	1.114
10.476	4.840e-01	-5.876	583	4.330	1.102
10.476	6.362e-01	-6.008	543	4.339	1.091
10.476	8.397e-01	-6.137	506	4.348	1.080
10.476	1.111e+00	-6.283	468	4.356	1.069
10.476	1.454e+00	-6.415	436	4.364	1.060
10.476	1.923e+00	-6.584	397	4.372	1.050
10.476	2.543e+00	-6.698	374	4.380	1.041
10.476	3.363e+00	-6.813	351	4.388	1.031
10.476	4.447e+00	-6.922	331	4.395	1.022
10.476	5.870e+00	-7.030	313	4.403	1.013
10.476	7.733e+00	-7.137	295	4.412	1.003
10.476	1.000e+01	-7.241	279	4.419	0.994
11.523	1.019e-04	-1.977	2428	2.952	5.647
11.523	1.339e-04	-2.050	2431	3.027	5.181
11.523	1.760e-04	-2.114	2449	3.104	4.738
11.523	2.324e-04	-2.201	2440	3.185	4.320
11.523	3.061e-04	-2.295	2418	3.263	3.949
11.523	4.023e-04	-2.391	2389	3.338	3.621
11.523	5.247e-04	-2.482	2362	3.409	3.337
11.523	6.926e-04	-2.577	2332	3.482	3.069
11.523	9.067e-04	-2.667	2304	3.551	2.834
11.523	1.197e-03	-2.762	2272	3.621	2.614
11.523	1.567e-03	-2.855	2237	3.688	2.420
11.523	2.056e-03	-2.967	2178	3.753	2.246
11.523	2.703e-03	-3.079	2115	3.814	2.093
11.523	3.553e-03	-3.193	2047	3.872	1.958
11.523	4.670e-03	-3.304	1981	3.926	1.839
11.523	6.092e-03	-3.419	1908	3.976	1.737
11.523	8.041e-03	-3.562	1806	4.023	1.646
11.523	1.059e-02	-3.673	1736	4.065	1.568
11.523	1.392e-02	-3.787	1662	4.104	1.500
11.523	1.838e-02	-3.927	1564	4.138	1.442
11.523	2.406e-02	-4.037	1493	4.167	1.394
11.523	3.175e-02	-4.159	1414	4.194	1.351
11.523	4.183e-02	-4.285	1333	4.218	1.315
11.523	5.497e-02	-4.408	1256	4.238	1.285
11.523	7.256e-02	-4.523	1188	4.256	1.258
11.523	9.483e-02	-4.636	1124	4.273	1.234
11.523	1.237e-01	-4.753	1060	4.289	1.212
11.523	1.633e-01	-4.881	994	4.304	1.191
11.523	2.137e-01	-5.011	929	4.318	1.172
11.523	2.821e-01	-5.158	861	4.332	1.153
11.523	3.687e-01	-5.303	798	4.344	1.137
11.523	4.867e-01	-5.460	734	4.357	1.121
11.523	6.371e-01	-5.614	676	4.367	1.107
11.523	8.410e-01	-5.779	618	4.378	1.093
11.523	1.112e+00	-5.940	567	4.388	1.081
11.523	1.465e+00	-6.083	525	4.397	1.069
11.523	1.938e+00	-6.247	480	4.407	1.057
11.523	2.546e+00	-6.397	443	4.417	1.046
11.523	3.361e+00	-6.589	399	4.426	1.035
11.523	4.445e+00	-6.735	369	4.435	1.024
11.523	5.879e+00	-6.875	342	4.445	1.013
11.523	7.744e+00	-7.005	319	4.454	1.002
11.523	1.000e+01	-7.118	300	4.463	0.992
12.047	1.044e-04	-1.960	2433	2.958	5.733
12.047	1.362e-04	-2.029	2438	3.031	5.275
12.047	1.788e-04	-2.093	2456	3.107	4.828
12.047	2.349e-04	-2.172	2458	3.187	4.405
12.047	3.107e-04	-2.267	2436	3.267	4.018
12.047	4.085e-04	-2.364	2407	3.343	3.681
12.047	5.369e-04	-2.457	2380	3.416	3.383
12.047	7.003e-04	-2.548	2351	3.487	3.120
12.047	9.104e-04	-2.636	2325	3.555	2.885
12.047	1.195e-03	-2.729	2294	3.624	2.664
12.047	1.570e-03	-2.822	2261	3.693	2.462
12.047	2.065e-03	-2.930	2208	3.759	2.280
12.047	2.714e-03	-3.042	2145	3.821	2.123
12.047	3.582e-03	-3.158	2077	3.881	1.982
12.047	4.689e-03	-3.265	2015	3.935	1.862
12.047	6.155e-03	-3.381	1941	3.986	1.755
12.047	8.089e-03	-3.510	1851	4.033	1.663
12.047	1.064e-02	-3.625	1774	4.074	1.587
12.047	1.393e-02	-3.724	1711	4.110	1.522
12.047	1.823e-02	-3.837	1633	4.142	1.467
12.047	2.393e-02	-3.944	1559	4.169	1.423
12.047	3.145e-02	-4.029	1504	4.192	1.386
12.047	4.151e-02	-4.120	1445	4.212	1.353
12.047	5.435e-02	-4.209	1387	4.230	1.325
12.047	7.133e-02	-4.301	1328	4.247	1.300
12.047	9.375e-02	-4.399	1267	4.263	1.277
12.047	1.240e-01	-4.502	1205	4.279	1.253
12.047	1.637e-01	-4.622	1136	4.297	1.227
12.047	2.156e-01	-4.765	1058	4.316	1.201
12.047	2.851e-01	-4.933	971	4.336	1.174
12.047	3.747e-01	-5.121	881	4.354	1.150
12.047	4.918e-01	-5.314	796	4.371	1.128
12.047	6.464e-01	-5.509	717	4.385	1.109
12.047	8.532e-01	-5.703	647	4.399	1.092
12.047	1.117e+00	-5.890	584	4.410	1.078
12.047	1.474e+00	-6.056	534	4.421	1.064
12.047	1.927e+00	-6.224	488	4.431	1.052
12.047	2.533e+00	-6.379	449	4.441	1.040
12.047	3.350e+00	-6.576	403	4.450	1.029
12.047	4.403e+00	-6.717	373	4.459	1.019
12.047	5.812e+00	-6.854	347	4.468	1.008
12.047	7.686e+00	-6.982	324	4.477	0.998
12.047	1.000e+01	-7.094	305	4.486	0.988
12.571	1.034e-04	-1.935	2439	2.955	5.877
12.571	1.365e-04	-2.007	2443	3.030	5.390
12.571	1.798e-04	-2.071	2462	3.108	4.931
12.571	2.363e-04	-2.141	2476	3.188	4.497
12.571	3.119e-04	-2.237	2453	3.268	4.101
12.571	4.083e-04	-2.332	2426	3.343	3.759
12.571	5.389e-04	-2.428	2398	3.419	3.446
12.571	7.043e-04	-2.519	2370	3.490	3.174
12.571	9.186e-04	-2.608	2343	3.559	2.931
12.571	1.213e-03	-2.702	2313	3.631	2.700
12.571	1.587e-03	-2.793	2283	3.699	2.497
12.571	2.083e-03	-2.895	2237	3.766	2.312
12.571	2.738e-03	-3.009	2172	3.829	2.149
12.571	3.572e-03	-3.119	2108	3.887	2.011
12.571	4.714e-03	-3.230	2043	3.943	1.885
12.571	6.161e-03	-3.339	1976	3.994	1.778
12.571	8.100e-03	-3.451	1903	4.040	1.685
12.571	1.065e-02	-3.571	1817	4.080	1.610
12.571	1.389e-02	-3.658	1760	4.112	1.551
12.571	1.823e-02	-3.737	1710	4.140	1.502
12.571	2.395e-02	-3.820	1651	4.163	1.462
12.571	3.162e-02	-3.895	1598	4.181	1.432
12.571	4.132e-02	-3.955	1558	4.197	1.407
12.571	5.454e-02	-4.018	1517	4.214	1.380
12.571	7.140e-02	-4.099	1464	4.233	1.349
12.571	9.443e-02	-4.215	1388	4.257	1.314
12.571	1.246e-01	-4.368	1291	4.282	1.275
12.571	1.642e-01	-4.542	1186	4.310	1.235
12.571	2.171e-01	-4.752	1069	4.339	1.194
12.571	2.854e-01	-4.974	954	4.365	1.160
12.571	3.767e-01	-5.203	847	4.387	1.131
12.571	4.962e-01	-5.433	749	4.404	1.108
12.571	6.522e-01	-5.638	672	4.419	1.090
12.571	8.507e-01	-5.828	606	4.431	1.075
12.571	1.123e+00	-6.001	552	4.442	1.061
12.571	1.479e+00	-6.169	504	4.452	1.049
12.571	1.944e+00	-6.318	465	4.461	1.038
12.571	2.556e+00	-6.510	419	4.470	1.028
12.571	3.359e+00	-6.629	393	4.478	1.018
12.571	4.443e+00	-6.761	366	4.486	1.009
12.571	5.864e+00	-6.880	343	4.494	1.000
12.571	7.725e+00	-6.993	323	4.502	0.991
12.571	1.000e+01	-7.093	306	4.509	0.982
13.095	1.019e-04	-1.909	2445	2.951	6.026
13.095	1.340e-04	-1.980	2447	3.025	5.537
13.095	1.761e-04	-2.044	2466	3.101	5.071
13.095	2.316e-04	-2.110	2484	3.180	4.629
13.095	3.044e-04	-2.198	2473	3.260	4.221
13.095	4.017e-04	-2.296	2446	3.339	3.855
13.095	5.250e-04	-2.390	2418	3.413	3.541
13.095	6.848e-04	-2.479	2393	3.484	3.262
13.095	9.039e-04	-2.574	2363	3.557	2.999
13.095	1.183e-03	-2.663	2336	3.627	2.768
13.095	1.553e-03	-2.756	2305	3.696	2.556
13.095	2.034e-03	-2.851	2268	3.763	2.365
13.095	2.658e-03	-2.962	2208	3.827	2.198
13.095	3.494e-03	-3.073	2145	3.888	2.050
13.095	4.593e-03	-3.185	2077	3.944	1.921
13.095	6.038e-03	-3.288	2016	3.996	1.810
13.095	7.936e-03	-3.392	1950	4.042	1.717
13.095	1.048e-02	-3.499	1874	4.080	1.643
13.095	1.380e-02	-3.582	1817	4.109	1.589
13.095	1.814e-02	-3.642	1778	4.131	1.549
13.095	2.366e-02	-3.690	1747	4.149	1.517
13.095	3.123e-02	-3.740	1714	4.166	1.488
13.095	4.113e-02	-3.805	1669	4.184	1.458
13.095	5.406e-02	-3.889	1608	4.204	1.424
13.095	7.150e-02	-3.996	1537	4.233	1.378
13.095	9.438e-02	-4.163	1428	4.271	1.319
13.095	1.243e-01	-4.390	1281	4.310	1.260
13.095	1.644e-01	-4.633	1138	4.348	1.207
13.095	2.161e-01	-4.876	1007	4.378	1.166
13.095	2.852e-01	-5.116	890	4.402	1.134
13.095	3.757e-01	-5.346	788	4.421	1.109
13.095	4.938e-01	-5.549	707	4.436	1.090
13.095	6.493e-01	-5.737	639	4.449	1.075
13.095	8.502e-01	-5.910	582	4.459	1.061
13.095	1.113e+00	-6.065	535	4.469	1.050
13.095	1.461e+00	-6.216	493	4.478	1.039
13.095	1.913e+00	-6.342	461	4.486	1.029
13.095	2.504e+00	-6.522	417	4.494	1.020
13.095	3.287e+00	-6.633	393	4.501	1.011
13.095	4.320e+00	-6.753	369	4.509	1.003
13.095	5.702e+00	-6.865	347	4.516	0.994
13.095	7.511e+00	-6.975	327	4.523	0.986
13.095	9.872e+00	-7.076	310	4.531	0.977
13.618	1.003e-04	-1.884	2450	2.947	6.175
13.618	1.319e-04	-1.956	2451	3.020	5.676
13.618	1.741e-04	-2.020	2470	3.097	5.196
13.618	2.279e-04	-2.084	2488	3.174	4.753
13.618	3.008e-04	-2.164	2492	3.256	4.325
13.618	3.978e-04	-2.263	2464	3.336	3.943
13.618	5.208e-04	-2.358	2436	3.412	3.617
13.618	6.781e-04	-2.448	2410	3.483	3.332
13.618	8.901e-04	-2.540	2383	3.555	3.066
13.618	1.170e-03	-2.631	2356	3.626	2.825
13.618	1.538e-03	-2.724	2326	3.696	2.605
13.618	2.021e-03	-2.818	2291	3.765	2.407
13.618	2.658e-03	-2.927	2236	3.831	2.231
13.618	3.480e-03	-3.036	2174	3.892	2.080
13.618	4.548e-03	-3.144	2109	3.947	1.951
13.618	5.932e-03	-3.241	2053	3.997	1.843
13.618	7.831e-03	-3.337	1993	4.042	1.751
13.618	1.025e-02	-3.416	1942	4.076	1.684
13.618	1.353e-02	-3.490	1889	4.101	1.636
13.618	1.771e-02	-3.541	1852	4.118	1.604
13.618	2.325e-02	-3.580	1826	4.133	1.577
13.618	3.056e-02	-3.626	1796	4.149	1.547
13.618	3.986e-02	-3.687	1756	4.172	1.508
13.618	5.231e-02	-3.793	1683	4.204	1.452
13.618	6.875e-02	-3.960	1566	4.247	1.383
13.618	9.075e-02	-4.191	1414	4.299	1.302
13.618	1.195e-01	-4.462	1242	4.345	1.234
13.618	1.571e-01	-4.711	1099	4.381	1.185
13.618	2.066e-01	-4.941	978	4.408	1.148
13.618	2.715e-01	-5.154	875	4.429	1.121
13.618	3.584e-01	-5.371	780	4.446	1.099
13.618	4.692e-01	-5.554	707	4.459	1.083
13.618	6.193e-01	-5.730	644	4.471	1.068
13.618	8.107e-01	-5.894	589	4.481	1.056
13.618	1.070e+00	-6.048	542	4.491	1.044
13.618	1.401e+00	-6.190	502	4.499	1.034
13.618	1.839e+00	-6.313	470	4.507	1.025
13.618	2.417e+00	-6.491	426	4.515	1.015
13.618	3.152e+00	-6.595	403	4.522	1.007
13.618	4.169e+00	-6.719	377	4.529	0.999
13.618	5.481e+00	-6.830	355	4.536	0.991
13.618	7.203e+00	-6.938	335	4.543	0.983
13.618	9.508e+00	-7.041	317	4.551	0.974
14.142	1.014e-04	-1.866	2456	2.950	6.272
14.142	1.327e-04	-1.937	2457	3.022	5.775
14.142	1.751e-04	-2.001	2475	3.098	5.288
14.142	2.293e-04	-2.065	2494	3.175	4.840
14.142	2.985e-04	-2.133	2507	3.253	4.424
14.142	3.941e-04	-2.232	2481	3.334	4.032
14.142	5.159e-04	-2.327	2454	3.409	3.695
14.142	6.771e-04	-2.421	2427	3.484	3.392
14.142	8.867e-04	-2.511	2401	3.556	3.122
14.142	1.161e-03	-2.601	2374	3.626	2.879
14.142	1.532e-03	-2.695	2345	3.698	2.650
14.142	2.018e-03	-2.789	2312	3.768	2.446
14.142	2.653e-03	-2.892	2264	3.835	2.265
14.142	3.501e-03	-3.005	2200	3.898	2.106
14.142	4.584e-03	-3.111	2137	3.953	1.975
14.142	6.050e-03	-3.208	2079	4.003	1.866
14.142	7.921e-03	-3.287	2033	4.042	1.784
14.142	1.040e-02	-3.352	1991	4.071	1.725
14.142	1.361e-02	-3.397	1961	4.091	1.686
14.142	1.779e-02	-3.435	1936	4.106	1.657
14.142	2.320e-02	-3.482	1902	4.121	1.628
14.142	3.046e-02	-3.542	1859	4.142	1.590
14.142	4.003e-02	-3.629	1801	4.174	1.533
14.142	5.284e-02	-3.785	1695	4.225	1.445
14.142	6.988e-02	-4.028	1528	4.287	1.345
14.142	9.224e-02	-4.312	1340	4.343	1.261
14.142	1.215e-01	-4.559	1189	4.383	1.205
14.142	1.597e-01	-4.778	1066	4.412	1.165
14.142	2.083e-01	-4.980	962	4.434	1.135
14.142	2.755e-01	-5.181	866	4.453	1.111
14.142	3.622e-01	-5.377	780	4.468	1.092
14.142	4.760e-01	-5.552	710	4.481	1.076
14.142	6.283e-01	-5.719	650	4.493	1.062
14.142	8.211e-01	-5.878	596	4.502	1.050
14.142	1.071e+00	-6.023	551	4.511	1.039
14.142	1.406e+00	-6.165	510	4.520	1.029
14.142	1.847e+00	-6.289	477	4.528	1.020
14.142	2.429e+00	-6.461	434	4.535	1.011
14.142	3.212e+00	-6.574	409	4.543	1.002
14.142	4.248e+00	-6.700	382	4.550	0.994
14.142	5.584e+00	-6.811	359	4.557	0.986
14.142	7.370e+00	-6.922	339	4.564	0.978
14.142	9.709e+00	-7.026	320	4.571	0.970
14.666	1.016e-04	-1.846	2463	2.951	6.380
14.666	1.334e-04	-1.919	2462	3.023	5.873
14.666	1.753e-04	-1.981	2480	3.098	5.387
14.666	2.304e-04	-2.046	2499	3.176	4.924
14.666	3.029e-04	-2.115	2515	3.256	4.490
14.666	3.950e-04	-2.206	2497	3.334	4.104
14.666	5.214e-04	-2.304	2469	3.413	3.749
14.666	6.826e-04	-2.398	2441	3.487	3.442
14.666	8.959e-04	-2.488	2417	3.560	3.165
14.666	1.177e-03	-2.580	2389	3.632	2.913
14.666	1.536e-03	-2.668	2363	3.701	2.690
14.666	2.027e-03	-2.764	2329	3.772	2.480
14.666	2.654e-03	-2.862	2287	3.838	2.298
14.666	3.503e-03	-2.972	2226	3.901	2.135
14.666	4.586e-03	-3.073	2168	3.956	2.004
14.666	6.065e-03	-3.168	2111	4.004	1.898
14.666	7.974e-03	-3.233	2073	4.039	1.823
14.666	1.048e-02	-3.283	2043	4.062	1.774
14.666	1.378e-02	-3.319	2019	4.079	1.741
14.666	1.811e-02	-3.355	1996	4.094	1.710
14.666	2.381e-02	-3.402	1966	4.115	1.670
14.666	3.149e-02	-3.491	1902	4.147	1.610
14.666	4.139e-02	-3.631	1806	4.197	1.520
14.666	5.463e-02	-3.879	1633	4.269	1.398
14.666	7.139e-02	-4.130	1464	4.331	1.302
14.666	9.312e-02	-4.374	1305	4.375	1.238
14.666	1.229e-01	-4.590	1175	4.409	1.190
14.666	1.609e-01	-4.787	1065	4.435	1.156
14.666	2.095e-01	-4.974	968	4.455	1.129
14.666	2.766e-01	-5.165	876	4.474	1.105
14.666	3.643e-01	-5.357	791	4.488	1.087
14.666	4.788e-01	-5.528	722	4.501	1.071
14.666	6.295e-01	-5.690	662	4.512	1.057
14.666	8.244e-01	-5.849	608	4.522	1.045
14.666	1.079e+00	-5.996	561	4.531	1.035
14.666	1.416e+00	-6.137	520	4.539	1.025
14.666	1.862e+00	-6.264	485	4.547	1.015
14.666	2.448e+00	-6.423	445	4.555	1.006
14.666	3.217e+00	-6.544	417	4.562	0.998
14.666	4.254e+00	-6.673	389	4.569	0.990
14.666	5.616e+00	-6.786	365	4.576	0.982
14.666	7.397e+00	-6.898	344	4.583	0.974
14.666	9.722e+00	-7.005	325	4.590	0.966
15.190	1.013e-04	-1.826	2470	2.951	6.493
15.190	1.337e-04	-1.901	2467	3.024	5.971
15.190	1.762e-04	-1.964	2485	3.099	5.474
15.190	2.315e-04	-2.028	2504	3.176	5.008
15.190	3.044e-04	-2.097	2520	3.256	4.567
15.190	4.001e-04	-2.184	2511	3.337	4.161
15.190	5.291e-04	-2.284	2482	3.417	3.796
15.190	6.901e-04	-2.376	2455	3.491	3.488
15.190	9.058e-04	-2.467	2431	3.564	3.205
15.190	1.190e-03	-2.559	2404	3.636	2.948
15.190	1.553e-03	-2.646	2380	3.706	2.722
15.190	2.038e-03	-2.740	2345	3.775	2.513
15.190	2.678e-03	-2.837	2306	3.843	2.326
15.190	3.522e-03	-2.941	2252	3.905	2.163
15.190	4.628e-03	-3.040	2196	3.960	2.032
15.190	6.037e-03	-3.121	2146	4.002	1.936
15.190	7.969e-03	-3.180	2111	4.032	1.870
15.190	1.043e-02	-3.216	2091	4.051	1.829
15.190	1.369e-02	-3.245	2074	4.066	1.798
15.190	1.800e-02	-3.282	2051	4.084	1.762
15.190	2.375e-02	-3.341	2012	4.110	1.709
15.190	3.110e-02	-3.448	1940	4.154	1.625
15.190	4.112e-02	-3.656	1796	4.227	1.493
15.190	5.462e-02	-3.935	1600	4.306	1.364
15.190	7.179e-02	-4.171	1441	4.360	1.282
15.190	9.476e-02	-4.396	1296	4.400	1.224
15.190	1.241e-01	-4.590	1179	4.430	1.183
15.190	1.628e-01	-4.779	1073	4.455	1.149
15.190	2.140e-01	-4.964	976	4.475	1.122
15.190	2.814e-01	-5.147	887	4.493	1.100
15.190	3.698e-01	-5.336	802	4.508	1.082
15.190	4.881e-01	-5.508	732	4.520	1.066
15.190	6.390e-01	-5.666	673	4.531	1.052
15.190	8.434e-01	-5.828	616	4.541	1.040
15.190	1.104e+00	-5.975	569	4.550	1.030
15.190	1.449e+00	-6.117	527	4.559	1.020
15.190	1.905e+00	-6.246	492	4.567	1.010
15.190	2.504e+00	-6.393	454	4.575	1.001
15.190	3.291e+00	-6.524	423	4.582	0.993
15.190	4.353e+00	-6.654	394	4.589	0.985
15.190	5.746e+00	-6.769	370	4.596	0.977
15.190	7.568e+00	-6.882	348	4.603	0.969
15.190	9.947e+00	-6.992	328	4.610	0.962
15.713	1.032e-04	-1.812	2476	2.956	6.564
15.713	1.351e-04	-1.885	2473	3.026	6.053
15.713	1.783e-04	-1.948	2491	3.102	5.548
15.713	2.334e-04	-2.011	2509	3.178	5.083
15.713	3.080e-04	-2.081	2525	3.259	4.631
15.713	4.033e-04	-2.161	2525	3.339	4.224
15.713	5.333e-04	-2.261	2496	3.419	3.851
15.713	6.956e-04	-2.354	2469	3.493	3.536
15.713	9.043e-04	-2.442	2446	3.565	3.258
15.713	1.187e-03	-2.534	2420	3.637	2.996
15.713	1.560e-03	-2.623	2395	3.709	2.759
15.713	2.035e-03	-2.715	2362	3.777	2.551
15.713	2.686e-03	-2.811	2325	3.845	2.357
15.713	3.510e-03	-2.907	2279	3.907	2.197
15.713	4.633e-03	-3.003	2224	3.960	2.065
15.713	6.065e-03	-3.075	2182	3.999	1.975
15.713	7.960e-03	-3.123	2152	4.024	1.920
15.713	1.042e-02	-3.154	2134	4.040	1.885
15.713	1.362e-02	-3.183	2117	4.054	1.854
15.713	1.791e-02	-3.221	2095	4.075	1.810
15.713	2.354e-02	-3.293	2051	4.110	1.740
15.713	3.107e-02	-3.445	1950	4.174	1.616
15.713	4.093e-02	-3.695	1776	4.262	1.459
15.713	5.380e-02	-3.947	1598	4.330	1.349
15.713	7.101e-02	-4.169	1447	4.380	1.274
15.713	9.354e-02	-4.378	1312	4.417	1.220
15.713	1.229e-01	-4.566	1197	4.447	1.179
15.713	1.604e-01	-4.744	1095	4.471	1.147
15.713	2.117e-01	-4.927	998	4.492	1.120
15.713	2.771e-01	-5.103	911	4.510	1.097
15.713	3.658e-01	-5.296	822	4.525	1.078
15.713	4.818e-01	-5.467	751	4.538	1.063
15.713	6.332e-01	-5.628	689	4.549	1.049
15.713	8.326e-01	-5.786	632	4.559	1.037
15.713	1.094e+00	-5.938	583	4.568	1.026
15.713	1.427e+00	-6.077	540	4.576	1.016
15.713	1.884e+00	-6.212	502	4.585	1.007
15.713	2.466e+00	-6.331	471	4.592	0.998
15.713	3.262e+00	-6.489	432	4.600	0.989
15.713	4.314e+00	-6.621	402	4.607	0.981
15.713	5.694e+00	-6.739	377	4.614	0.973
15.713	7.500e+00	-6.853	355	4.621	0.966
15.713	9.858e+00	-6.968	333	4.628	0.958
16.237	1.004e-04	-1.787	2483	2.950	6.721
16.237	1.318e-04	-1.861	2478	3.020	6.197
16.237	1.732e-04	-1.924	2493	3.094	5.692
16.237	2.287e-04	-1.989	2512	3.172	5.205
16.237	2.993e-04	-2.056	2528	3.250	4.758
16.237	3.951e-04	-2.131	2537	3.332	4.329
16.237	5.205e-04	-2.228	2514	3.412	3.946
16.237	6.841e-04	-2.325	2485	3.489	3.611
16.237	8.923e-04	-2.414	2462	3.562	3.321
16.237	1.178e-03	-2.507	2435	3.637	3.048
16.237	1.542e-03	-2.596	2410	3.707	2.809
16.237	2.024e-03	-2.689	2379	3.778	2.591
16.237	2.660e-03	-2.783	2344	3.845	2.398
16.237	3.491e-03	-2.873	2305	3.907	2.233
16.237	4.588e-03	-2.963	2255	3.958	2.105
16.237	6.032e-03	-3.027	2218	3.993	2.021
16.237	7.928e-03	-3.066	2195	4.015	1.973
16.237	1.034e-02	-3.094	2178	4.029	1.940
16.237	1.357e-02	-3.125	2159	4.045	1.905
16.237	1.784e-02	-3.173	2130	4.070	1.851
16.237	2.355e-02	-3.265	2076	4.117	1.753
16.237	3.082e-02	-3.468	1939	4.202	1.590
16.237	4.046e-02	-3.712	1771	4.288	1.440
16.237	5.317e-02	-3.943	1606	4.349	1.342
16.237	6.936e-02	-4.142	1470	4.395	1.274
16.237	9.155e-02	-4.344	1337	4.432	1.220
16.237	1.206e-01	-4.530	1223	4.462	1.179
16.237	1.585e-01	-4.709	1119	4.486	1.146
16.237	2.084e-01	-4.887	1022	4.508	1.118
16.237	2.739e-01	-5.063	933	4.526	1.095
16.237	3.601e-01	-5.252	844	4.541	1.076
16.237	4.733e-01	-5.422	771	4.554	1.060
16.237	6.247e-01	-5.586	706	4.566	1.046
16.237	8.178e-01	-5.742	650	4.576	1.034
16.237	1.079e+00	-5.898	597	4.585	1.022
16.237	1.413e+00	-6.040	553	4.594	1.012
16.237	1.855e+00	-6.176	514	4.602	1.003
16.237	2.438e+00	-6.298	481	4.610	0.994
16.237	3.218e+00	-6.452	442	4.617	0.986
16.237	4.256e+00	-6.586	411	4.624	0.978
16.237	5.606e+00	-6.707	385	4.631	0.970
16.237	7.367e+00	-6.821	362	4.638	0.962
16.237	9.743e+00	-6.945	338	4.645	0.955
16.761	1.003e-04	-1.769	2490	2.950	6.823
16.761	1.311e-04	-1.842	2484	3.020	6.301
16.761	1.731e-04	-1.907	2497	3.094	5.785
16.761	2.266e-04	-1.970	2516	3.169	5.305
16.761	2.991e-04	-2.038	2533	3.249	4.838
16.761	3.915e-04	-2.111	2542	3.328	4.417
16.761	5.168e-04	-2.202	2528	3.410	4.020
16.761	6.808e-04	-2.300	2500	3.488	3.673
16.761	8.915e-04	-2.391	2475	3.563	3.372
16.761	1.165e-03	-2.481	2451	3.635	3.103
16.761	1.520e-03	-2.569	2425	3.705	2.862
16.761	2.006e-03	-2.662	2397	3.777	2.634
16.761	2.626e-03	-2.755	2361	3.844	2.440
16.761	3.466e-03	-2.844	2325	3.906	2.272
16.761	4.538e-03	-2.921	2286	3.954	2.149
16.761	5.990e-03	-2.979	2252	3.986	2.070
16.761	7.841e-03	-3.012	2234	4.004	2.028
16.761	1.021e-02	-3.037	2219	4.018	1.995
16.761	1.348e-02	-3.072	2198	4.037	1.953
16.761	1.782e-02	-3.134	2161	4.069	1.882
16.761	2.333e-02	-3.251	2092	4.130	1.755
16.761	3.086e-02	-3.503	1921	4.234	1.557
16.761	4.073e-02	-3.726	1767	4.312	1.423
16.761	5.332e-02	-3.940	1613	4.368	1.335
16.761	7.038e-02	-4.139	1477	4.413	1.267
16.761	9.271e-02	-4.331	1350	4.449	1.216
16.761	1.219e-01	-4.510	1238	4.478	1.175
16.761	1.599e-01	-4.685	1136	4.503	1.142
16.761	2.102e-01	-4.861	1039	4.524	1.115
16.761	2.764e-01	-5.035	950	4.542	1.092
16.761	3.632e-01	-5.222	860	4.558	1.072
16.761	4.794e-01	-5.396	785	4.571	1.056
16.761	6.276e-01	-5.556	720	4.583	1.042
16.761	8.285e-01	-5.716	661	4.593	1.029
16.761	1.085e+00	-5.868	609	4.603	1.018
16.761	1.423e+00	-6.013	563	4.611	1.008
16.761	1.871e+00	-6.152	522	4.619	0.999
16.761	2.470e+00	-6.278	488	4.627	0.990
16.761	3.253e+00	-6.426	450	4.635	0.981
16.761	4.275e+00	-6.559	418	4.642	0.974
16.761	5.621e+00	-6.683	391	4.648	0.966
16.761	7.388e+00	-6.798	367	4.655	0.958
16.761	9.636e+00	-6.917	344	4.662	0.951
17.285	1.018e-04	-1.756	2495	2.955	6.893
17.285	1.339e-04	-1.830	2491	3.025	6.355
17.285	1.760e-04	-1.895	2503	3.098	5.843
17.285	2.314e-04	-1.958	2521	3.175	5.352
17.285	3.041e-04	-2.026	2538	3.253	4.889
17.285	3.966e-04	-2.097	2547	3.331	4.470
17.285	5.235e-04	-2.183	2541	3.413	4.066
17.285	6.842e-04	-2.279	2513	3.490	3.724
17.285	8.995e-04	-2.372	2488	3.566	3.412
17.285	1.182e-03	-2.464	2463	3.640	3.133
17.285	1.542e-03	-2.552	2438	3.710	2.889
17.285	2.024e-03	-2.642	2411	3.781	2.664
17.285	2.660e-03	-2.735	2374	3.848	2.466
17.285	3.497e-03	-2.819	2342	3.907	2.303
17.285	4.580e-03	-2.886	2312	3.952	2.187
17.285	5.996e-03	-2.932	2286	3.979	2.120
17.285	7.869e-03	-2.961	2270	3.995	2.081
17.285	1.030e-02	-2.988	2254	4.010	2.045
17.285	1.357e-02	-3.028	2231	4.032	1.994
17.285	1.784e-02	-3.104	2186	4.072	1.904
17.285	2.355e-02	-3.272	2085	4.159	1.724
17.285	3.002e-02	-3.493	1934	4.250	1.553
17.285	3.970e-02	-3.706	1787	4.325	1.424
17.285	5.240e-02	-3.918	1634	4.380	1.335
17.285	6.860e-02	-4.099	1509	4.424	1.270
17.285	9.004e-02	-4.286	1383	4.460	1.219
17.285	1.179e-01	-4.460	1273	4.489	1.178
17.285	1.544e-01	-4.632	1170	4.515	1.144
17.285	2.037e-01	-4.809	1070	4.537	1.116
17.285	2.667e-01	-4.978	981	4.555	1.092
17.285	3.521e-01	-5.165	889	4.572	1.071
17.285	4.609e-01	-5.335	813	4.585	1.055
17.285	6.095e-01	-5.506	742	4.598	1.040
17.285	7.950e-01	-5.658	684	4.608	1.028
17.285	1.049e+00	-5.817	628	4.618	1.016
17.285	1.374e+00	-5.963	580	4.627	1.006
17.285	1.813e+00	-6.110	535	4.635	0.996
17.285	2.389e+00	-6.239	499	4.643	0.987
17.285	3.140e+00	-6.377	463	4.650	0.979
17.285	4.152e+00	-6.517	429	4.658	0.970
17.285	5.459e+00	-6.645	400	4.665	0.963
17.285	7.175e+00	-6.762	376	4.671	0.956
17.285	9.471e+00	-6.886	351	4.678	0.948
17.809	1.013e-04	-1.739	2501	2.955	7.000
17.809	1.326e-04	-1.811	2497	3.024	6.466
17.809	1.740e-04	-1.875	2508	3.096	5.950
17.809	2.287e-04	-1.940	2524	3.171	5.454
17.809	3.007e-04	-2.006	2541	3.250	4.983
17.809	3.952e-04	-2.080	2551	3.329	4.546
17.809	5.217e-04	-2.159	2555	3.412	4.135
17.809	6.818e-04	-2.256	2527	3.489	3.784
17.809	8.892e-04	-2.347	2502	3.563	3.473
17.809	1.174e-03	-2.440	2477	3.639	3.184
17.809	1.537e-03	-2.530	2452	3.711	2.931
17.809	2.017e-03	-2.620	2424	3.781	2.702
17.809	2.651e-03	-2.711	2390	3.848	2.503
17.809	3.499e-03	-2.791	2360	3.906	2.340
17.809	4.580e-03	-2.851	2335	3.947	2.233
17.809	6.046e-03	-2.888	2318	3.972	2.170
17.809	7.915e-03	-2.914	2304	3.987	2.133
17.809	1.045e-02	-2.943	2287	4.004	2.092
17.809	1.376e-02	-2.992	2259	4.031	2.028
17.809	1.809e-02	-3.092	2200	4.085	1.905
17.809	2.388e-02	-3.307	2068	4.193	1.682
17.809	3.145e-02	-3.539	1908	4.284	1.515
17.809	4.134e-02	-3.729	1776	4.350	1.404
17.809	5.392e-02	-3.921	1637	4.400	1.326
17.809	7.076e-02	-4.099	1513	4.442	1.263
17.809	9.300e-02	-4.281	1391	4.477	1.213
17.809	1.223e-01	-4.455	1280	4.507	1.172
17.809	1.607e-01	-4.628	1176	4.532	1.138
17.809	2.121e-01	-4.802	1077	4.554	1.110
17.809	2.777e-01	-4.971	988	4.573	1.086
17.809	3.666e-01	-5.156	897	4.589	1.066
17.809	4.799e-01	-5.325	820	4.603	1.049
17.809	6.346e-01	-5.496	748	4.615	1.035
17.809	8.344e-01	-5.654	687	4.626	1.022
17.809	1.097e+00	-5.810	632	4.636	1.011
17.809	1.430e+00	-5.954	585	4.644	1.001
17.809	1.888e+00	-6.101	539	4.652	0.991
17.809	2.487e+00	-6.232	503	4.660	0.982
17.809	3.269e+00	-6.366	468	4.668	0.974
17.809	4.315e+00	-6.508	433	4.675	0.966
17.809	5.649e+00	-6.636	403	4.682	0.958
17.809	7.456e+00	-6.755	378	4.689	0.951
17.809	9.822e+00	-6.880	353	4.695	0.944
18.332	1.045e-04	-1.732	2506	2.963	7.029
18.332	1.374e-04	-1.803	2505	3.033	6.485
18.332	1.813e-04	-1.869	2515	3.107	5.957
18.332	2.374e-04	-1.933	2531	3.182	5.467
18.332	3.133e-04	-2.002	2547	3.261	4.989
18.332	4.102e-04	-2.074	2556	3.340	4.558
18.332	5.383e-04	-2.149	2564	3.420	4.155
18.332	7.075e-04	-2.247	2536	3.499	3.793
18.332	9.339e-04	-2.342	2511	3.577	3.467
18.332	1.223e-03	-2.433	2486	3.651	3.186
18.332	1.614e-03	-2.525	2460	3.725	2.926
18.332	2.113e-03	-2.615	2432	3.794	2.702
18.332	2.773e-03	-2.702	2399	3.858	2.509
18.332	3.644e-03	-2.774	2373	3.911	2.361
18.332	4.791e-03	-2.824	2353	3.946	2.269
18.332	6.297e-03	-2.852	2341	3.965	2.218
18.332	8.214e-03	-2.873	2333	3.980	2.181
18.332	1.070e-02	-2.905	2316	3.999	2.134
18.332	1.412e-02	-2.966	2280	4.034	2.049
18.332	1.848e-02	-3.104	2200	4.109	1.879
18.332	2.426e-02	-3.331	2060	4.221	1.652
18.332	3.177e-02	-3.542	1911	4.303	1.504
18.332	4.158e-02	-3.719	1789	4.365	1.400
18.332	5.458e-02	-3.910	1649	4.415	1.322
18.332	7.173e-02	-4.084	1529	4.457	1.260
18.332	9.486e-02	-4.266	1405	4.492	1.209
18.332	1.247e-01	-4.439	1294	4.522	1.168
18.332	1.639e-01	-4.609	1190	4.548	1.135
18.332	2.155e-01	-4.780	1093	4.570	1.106
18.332	2.833e-01	-4.950	1002	4.588	1.082
18.332	3.724e-01	-5.130	912	4.605	1.062
18.332	4.895e-01	-5.303	832	4.619	1.045
18.332	6.473e-01	-5.476	759	4.631	1.030
18.332	8.511e-01	-5.633	697	4.642	1.018
18.332	1.119e+00	-5.789	641	4.652	1.006
18.332	1.459e+00	-5.934	592	4.661	0.996
18.332	1.926e+00	-6.084	546	4.669	0.987
18.332	2.517e+00	-6.212	510	4.677	0.978
18.332	3.283e+00	-6.336	476	4.684	0.970
18.332	4.342e+00	-6.483	440	4.691	0.962
18.332	5.708e+00	-6.616	409	4.698	0.954
18.332	7.502e+00	-6.735	383	4.705	0.947
18.332	9.903e+00	-6.860	358	4.711	0.940
18.856	1.026e-04	-1.712	2512	2.960	7.159
18.856	1.349e-04	-1.783	2510	3.029	6.608
18.856	1.759e-04	-1.846	2520	3.100	6.095
18.856	2.322e-04	-1.913	2533	3.176	5.584
18.856	3.035e-04	-1.978	2550	3.252	5.115
18.856	3.990e-04	-2.051	2559	3.331	4.668
18.856	5.244e-04	-2.125	2569	3.412	4.256
18.856	6.840e-04	-2.214	2552	3.490	3.890
18.856	9.029e-04	-2.310	2527	3.568	3.553
18.856	1.182e-03	-2.401	2502	3.643	3.262
18.856	1.539e-03	-2.489	2477	3.713	3.007
18.856	2.001e-03	-2.576	2450	3.781	2.781
18.856	2.641e-03	-2.665	2419	3.848	2.576
18.856	3.457e-03	-2.736	2392	3.900	2.426
18.856	4.564e-03	-2.784	2376	3.935	2.330
18.856	5.974e-03	-2.810	2365	3.954	2.280
18.856	7.841e-03	-2.832	2356	3.968	2.241
18.856	1.031e-02	-2.862	2344	3.989	2.188
18.856	1.360e-02	-2.926	2311	4.028	2.092
18.856	1.792e-02	-3.087	2217	4.118	1.887
18.856	2.355e-02	-3.309	2080	4.229	1.660
18.856	3.109e-02	-3.517	1935	4.311	1.510
18.856	4.095e-02	-3.693	1812	4.374	1.405
18.856	5.382e-02	-3.883	1673	4.425	1.326
18.856	7.104e-02	-4.050	1557	4.467	1.262
18.856	9.396e-02	-4.230	1433	4.504	1.211
18.856	1.230e-01	-4.401	1322	4.534	1.170
18.856	1.624e-01	-4.572	1216	4.560	1.135
18.856	2.125e-01	-4.738	1119	4.582	1.106
18.856	2.806e-01	-4.911	1025	4.602	1.081
18.856	3.673e-01	-5.083	937	4.618	1.061
18.856	4.857e-01	-5.263	852	4.633	1.043
18.856	6.411e-01	-5.438	776	4.646	1.028
18.856	8.393e-01	-5.594	714	4.657	1.015
18.856	1.108e+00	-5.753	655	4.667	1.003
18.856	1.450e+00	-5.901	605	4.676	0.993
18.856	1.904e+00	-6.051	558	4.684	0.984
18.856	2.502e+00	-6.184	519	4.692	0.975
18.856	3.302e+00	-6.309	485	4.700	0.966
18.856	4.367e+00	-6.458	447	4.707	0.958
18.856	5.717e+00	-6.594	415	4.714	0.951
18.856	7.547e+00	-6.714	389	4.720	0.943
18.856	9.941e+00	-6.840	363	4.727	0.936
19.380	1.019e-04	-1.695	2518	2.959	7.264
19.380	1.345e-04	-1.767	2515	3.029	6.700
19.380	1.771e-04	-1.832	2526	3.102	6.163
19.380	2.328e-04	-1.899	2537	3.177	5.655
19.380	3.061e-04	-1.966	2554	3.254	5.172
19.380	4.022e-04	-2.038	2563	3.333	4.722
19.380	5.279e-04	-2.111	2573	3.413	4.308
19.380	6.939e-04	-2.198	2563	3.493	3.926
19.380	9.176e-04	-2.296	2538	3.573	3.582
19.380	1.197e-03	-2.386	2513	3.647	3.291
19.380	1.571e-03	-2.477	2488	3.720	3.026
19.380	2.057e-03	-2.566	2460	3.789	2.794
19.380	2.688e-03	-2.648	2432	3.851	2.601
19.380	3.535e-03	-2.715	2406	3.900	2.459
19.380	4.646e-03	-2.755	2392	3.929	2.377
19.380	6.059e-03	-2.777	2384	3.946	2.333
19.380	7.998e-03	-2.799	2376	3.962	2.290
19.380	1.054e-02	-2.834	2361	3.986	2.226
19.380	1.385e-02	-2.910	2325	4.036	2.103
19.380	1.821e-02	-3.111	2209	4.148	1.849
19.380	2.384e-02	-3.315	2083	4.249	1.645
19.380	3.121e-02	-3.508	1947	4.325	1.507
19.380	4.120e-02	-3.680	1827	4.387	1.404
19.380	5.427e-02	-3.866	1690	4.437	1.325
19.380	7.133e-02	-4.025	1580	4.479	1.262
19.380	9.415e-02	-4.206	1454	4.516	1.210
19.380	1.240e-01	-4.377	1341	4.547	1.168
19.380	1.630e-01	-4.544	1237	4.573	1.133
19.380	2.143e-01	-4.711	1138	4.596	1.104
19.380	2.817e-01	-4.881	1044	4.615	1.079
19.380	3.674e-01	-5.048	957	4.632	1.058
19.380	4.849e-01	-5.228	870	4.647	1.040
19.380	6.388e-01	-5.404	792	4.660	1.025
19.380	8.396e-01	-5.564	728	4.671	1.012
19.380	1.095e+00	-5.716	670	4.681	1.000
19.380	1.446e+00	-5.870	617	4.691	0.990
19.380	1.892e+00	-6.018	569	4.699	0.980
19.380	2.498e+00	-6.158	528	4.707	0.971
19.380	3.290e+00	-6.279	494	4.715	0.963
19.380	4.352e+00	-6.429	455	4.722	0.954
19.380	5.719e+00	-6.570	421	4.729	0.947
19.380	7.519e+00	-6.691	395	4.735	0.940
19.380	9.883e+00	-6.814	369	4.742	0.933
19.904	1.010e-04	-1.679	2523	2.958	7.369
19.904	1.329e-04	-1.750	2521	3.027	6.807
19.904	1.746e-04	-1.814	2531	3.099	6.269
19.904	2.296e-04	-1.881	2542	3.173	5.755
19.904	3.006e-04	-1.947	2557	3.249	5.273
19.904	3.936e-04	-2.018	2566	3.326	4.823
19.904	5.195e-04	-2.092	2576	3.407	4.393
19.904	6.801e-04	-2.171	2578	3.487	4.008
19.904	8.994e-04	-2.269	2552	3.568	3.654
19.904	1.183e-03	-2.363	2526	3.644	3.346
19.904	1.554e-03	-2.454	2501	3.718	3.074
19.904	2.027e-03	-2.542	2473	3.786	2.841
19.904	2.676e-03	-2.625	2445	3.849	2.641
19.904	3.503e-03	-2.687	2422	3.895	2.506
19.904	4.624e-03	-2.723	2409	3.922	2.430
19.904	6.053e-03	-2.744	2401	3.937	2.387
19.904	7.945e-03	-2.766	2394	3.954	2.342
19.904	1.044e-02	-2.803	2380	3.981	2.270
19.904	1.378e-02	-2.892	2341	4.041	2.118
19.904	1.801e-02	-3.104	2220	4.161	1.846
19.904	2.294e-02	-3.279	2112	4.250	1.666
19.904	2.959e-02	-3.455	1991	4.323	1.531
19.904	3.906e-02	-3.631	1866	4.386	1.424
19.904	5.146e-02	-3.808	1737	4.439	1.340
19.904	6.763e-02	-3.968	1625	4.482	1.275
19.904	8.876e-02	-4.145	1499	4.519	1.221
19.904	1.162e-01	-4.310	1388	4.551	1.177
19.904	1.519e-01	-4.471	1285	4.579	1.141
19.904	1.981e-01	-4.633	1187	4.602	1.110
19.904	2.615e-01	-4.804	1089	4.623	1.084
19.904	3.418e-01	-4.970	1000	4.641	1.061
19.904	4.494e-01	-5.148	911	4.657	1.042
19.904	5.906e-01	-5.323	830	4.671	1.026
19.904	7.765e-01	-5.488	760	4.683	1.012
19.904	1.021e+00	-5.646	698	4.693	1.000
19.904	1.342e+00	-5.801	642	4.703	0.989
19.904	1.764e+00	-5.950	592	4.711	0.979
19.904	2.319e+00	-6.096	547	4.719	0.970
19.904	3.047e+00	-6.222	511	4.727	0.962
19.904	4.022e+00	-6.357	475	4.735	0.953
19.904	5.320e+00	-6.509	437	4.742	0.945
19.904	7.008e+00	-6.637	407	4.749	0.938
19.904	9.210e+00	-6.758	381	4.755	0.931
20.428	1.017e-04	-1.667	2528	2.961	7.439
20.428	1.337e-04	-1.737	2526	3.030	6.875
20.428	1.744e-04	-1.799	2537	3.099	6.348
20.428	2.302e-04	-1.867	2547	3.174	5.822
20.428	3.014e-04	-1.934	2561	3.250	5.337
20.428	3.956e-04	-2.005	2570	3.328	4.879
20.428	5.180e-04	-2.077	2580	3.406	4.458
20.428	6.769e-04	-2.151	2588	3.485	4.070
20.428	8.800e-04	-2.242	2566	3.561	3.728
20.428	1.148e-03	-2.333	2541	3.636	3.420
20.428	1.507e-03	-2.425	2516	3.710	3.141
20.428	1.973e-03	-2.514	2488	3.780	2.899
20.428	2.583e-03	-2.594	2461	3.841	2.701
20.428	3.409e-03	-2.656	2439	3.887	2.561
20.428	4.463e-03	-2.690	2426	3.913	2.488
20.428	5.857e-03	-2.711	2419	3.928	2.445
20.428	7.698e-03	-2.733	2411	3.945	2.398
20.428	1.016e-02	-2.772	2398	3.974	2.319
20.428	1.330e-02	-2.862	2362	4.037	2.155
20.428	1.756e-02	-3.084	2238	4.166	1.858
20.428	2.299e-02	-3.272	2123	4.262	1.663
20.428	3.034e-02	-3.457	1995	4.340	1.522
20.428	3.972e-02	-3.623	1878	4.400	1.420
20.428	5.243e-02	-3.797	1750	4.452	1.337
20.428	6.907e-02	-3.956	1638	4.495	1.272
20.428	9.077e-02	-4.132	1512	4.533	1.218
20.428	1.198e-01	-4.300	1399	4.566	1.173
20.428	1.578e-01	-4.465	1293	4.594	1.136
20.428	2.074e-01	-4.631	1192	4.618	1.105
20.428	2.706e-01	-4.794	1098	4.638	1.079
20.428	3.572e-01	-4.966	1005	4.657	1.056
20.428	4.705e-01	-5.144	915	4.673	1.037
20.428	6.183e-01	-5.321	833	4.686	1.021
20.428	8.130e-01	-5.485	763	4.698	1.007
20.428	1.069e+00	-5.643	701	4.709	0.995
20.428	1.410e+00	-5.800	644	4.718	0.984
20.428	1.846e+00	-5.948	595	4.727	0.974
20.428	2.423e+00	-6.093	549	4.735	0.965
20.428	3.185e+00	-6.218	514	4.743	0.957
20.428	4.204e+00	-6.354	477	4.750	0.948
20.428	5.560e+00	-6.507	439	4.757	0.941
20.428	7.279e+00	-6.631	410	4.764	0.934
20.428	9.553e+00	-6.751	384	4.770	0.927
20.951	1.013e-04	-1.653	2534	2.962	7.529
20.951	1.332e-04	-1.723	2531	3.030	6.962
20.951	1.751e-04	-1.786	2542	3.101	6.416
20.951	2.284e-04	-1.851	2553	3.173	5.907
20.951	3.015e-04	-1.920	2564	3.250	5.404
20.951	3.940e-04	-1.990	2574	3.326	4.949
20.951	5.139e-04	-2.061	2583	3.403	4.528
20.951	6.745e-04	-2.135	2593	3.483	4.131
20.951	8.865e-04	-2.225	2577	3.563	3.767
20.951	1.170e-03	-2.321	2551	3.642	3.441
20.951	1.532e-03	-2.412	2526	3.715	3.162
20.951	2.022e-03	-2.503	2497	3.786	2.914
20.951	2.642e-03	-2.579	2471	3.844	2.725
20.951	3.447e-03	-2.632	2453	3.884	2.603
20.951	4.549e-03	-2.662	2442	3.907	2.536
20.951	5.945e-03	-2.681	2435	3.921	2.495
20.951	7.729e-03	-2.705	2426	3.939	2.446
20.951	1.008e-02	-2.747	2412	3.970	2.360
20.951	1.331e-02	-2.857	2370	4.049	2.153
20.951	1.734e-02	-3.069	2254	4.174	1.865
20.951	2.273e-02	-3.253	2142	4.269	1.671
20.951	2.988e-02	-3.428	2022	4.345	1.532
20.951	3.928e-02	-3.597	1900	4.406	1.427
20.951	5.163e-02	-3.762	1781	4.458	1.344
20.951	6.828e-02	-3.927	1662	4.503	1.276
20.951	8.906e-02	-4.091	1545	4.541	1.222
20.951	1.176e-01	-4.259	1430	4.574	1.176
20.951	1.536e-01	-4.420	1325	4.603	1.139
20.951	2.020e-01	-4.584	1223	4.627	1.106
20.951	2.655e-01	-4.751	1125	4.649	1.079
20.951	3.490e-01	-4.920	1032	4.668	1.056
20.951	4.587e-01	-5.095	942	4.684	1.036
20.951	6.055e-01	-5.273	857	4.699	1.019
20.951	7.927e-01	-5.441	784	4.711	1.005
20.951	1.048e+00	-5.603	718	4.722	0.993
20.951	1.378e+00	-5.759	660	4.732	0.981
20.951	1.811e+00	-5.910	608	4.740	0.971
20.951	2.363e+00	-6.056	562	4.748	0.963
20.951	3.119e+00	-6.189	523	4.756	0.954
20.951	4.108e+00	-6.314	489	4.764	0.946
20.951	5.433e+00	-6.470	449	4.771	0.938
20.951	7.141e+00	-6.598	418	4.778	0.931
20.951	9.314e+00	-6.717	392	4.784	0.924
23.046	1.024e-04	-1.604	2557	2.970	7.823
23.046	1.346e-04	-1.673	2553	3.036	7.249
23.046	1.777e-04	-1.737	2563	3.107	6.679
23.046	2.326e-04	-1.802	2574	3.179	6.148
23.046	3.070e-04	-1.873	2582	3.256	5.629
23.046	4.019e-04	-1.945	2588	3.332	5.158
23.046	5.275e-04	-2.016	2598	3.410	4.716
23.046	6.933e-04	-2.089	2607	3.489	4.304
23.046	9.115e-04	-2.162	2619	3.570	3.921
23.046	1.205e-03	-2.260	2593	3.651	3.573
23.046	1.584e-03	-2.352	2567	3.725	3.278
23.046	2.067e-03	-2.435	2541	3.790	3.043
23.046	2.728e-03	-2.501	2519	3.840	2.872
23.046	3.571e-03	-2.535	2507	3.867	2.786
23.046	4.687e-03	-2.555	2500	3.882	2.738
23.046	6.160e-03	-2.577	2492	3.898	2.687
23.046	8.131e-03	-2.615	2479	3.927	2.599
23.046	1.064e-02	-2.704	2447	3.994	2.407
23.046	1.391e-02	-2.888	2378	4.128	2.062
23.046	1.816e-02	-3.067	2278	4.233	1.827
23.046	2.387e-02	-3.230	2179	4.318	1.657
23.046	3.113e-02	-3.383	2076	4.387	1.531
23.046	4.086e-02	-3.543	1959	4.446	1.429
23.046	5.370e-02	-3.688	1858	4.498	1.346
23.046	7.088e-02	-3.860	1727	4.544	1.277
23.046	9.279e-02	-4.007	1623	4.584	1.221
23.046	1.227e-01	-4.174	1505	4.619	1.172
23.046	1.613e-01	-4.339	1392	4.649	1.132
23.046	2.121e-01	-4.500	1289	4.675	1.098
23.046	2.788e-01	-4.663	1188	4.698	1.070
23.046	3.664e-01	-4.830	1092	4.718	1.045
23.046	4.837e-01	-5.005	997	4.736	1.024
23.046	6.332e-01	-5.175	912	4.751	1.007
23.046	8.358e-01	-5.360	827	4.764	0.992
23.046	1.101e+00	-5.522	758	4.775	0.979
23.046	1.447e+00	-5.680	696	4.786	0.967
23.046	1.887e+00	-5.829	642	4.794	0.957
23.046	2.458e+00	-5.978	592	4.803	0.949
23.046	3.244e+00	-6.118	549	4.811	0.940
23.046	4.273e+00	-6.241	514	4.818	0.932
23.046	5.616e+00	-6.393	472	4.825	0.924
23.046	7.427e+00	-6.526	439	4.832	0.917
23.046	9.765e+00	-6.651	410	4.839	0.910
25.142	1.026e-04	-1.557	2581	2.977	8.104
25.142	1.347e-04	-1.625	2576	3.042	7.523
25.142	1.770e-04	-1.689	2582	3.110	6.953
25.142	2.336e-04	-1.755	2593	3.183	6.392
25.142	3.059e-04	-1.824	2600	3.257	5.874
25.142	4.015e-04	-1.898	2602	3.332	5.386
25.142	5.276e-04	-1.969	2611	3.409	4.927
25.142	6.937e-04	-2.042	2620	3.488	4.501
25.142	9.084e-04	-2.111	2634	3.567	4.111
25.142	1.181e-03	-2.187	2637	3.644	3.762
25.142	1.543e-03	-2.277	2612	3.718	3.454
25.142	2.029e-03	-2.358	2586	3.782	3.208
25.142	2.667e-03	-2.412	2568	3.824	3.058
25.142	3.478e-03	-2.439	2559	3.844	2.988
25.142	4.565e-03	-2.457	2553	3.858	2.940
25.142	6.000e-03	-2.483	2544	3.878	2.873
25.142	7.920e-03	-2.536	2525	3.918	2.742
25.142	1.037e-02	-2.682	2475	4.029	2.415
25.142	1.296e-02	-2.823	2425	4.135	2.137
25.142	1.697e-02	-2.983	2348	4.239	1.896
25.142	2.221e-02	-3.136	2257	4.323	1.720
25.142	2.932e-02	-3.284	2163	4.397	1.580
25.142	3.831e-02	-3.429	2062	4.459	1.471
25.142	5.037e-02	-3.576	1956	4.514	1.381
25.142	6.596e-02	-3.724	1848	4.563	1.305
25.142	8.620e-02	-3.879	1731	4.605	1.244
25.142	1.124e-01	-4.023	1628	4.642	1.192
25.142	1.484e-01	-4.181	1516	4.676	1.146
25.142	1.955e-01	-4.348	1401	4.706	1.107
25.142	2.569e-01	-4.507	1297	4.732	1.075
25.142	3.351e-01	-4.666	1199	4.754	1.048
25.142	4.424e-01	-4.838	1098	4.774	1.024
25.142	5.791e-01	-5.009	1005	4.791	1.004
25.142	7.659e-01	-5.188	915	4.806	0.987
25.142	9.990e-01	-5.359	835	4.818	0.973
25.142	1.311e+00	-5.520	766	4.830	0.960
25.142	1.723e+00	-5.678	703	4.840	0.949
25.142	2.266e+00	-5.832	647	4.849	0.939
25.142	2.978e+00	-5.984	596	4.857	0.931
25.142	3.915e+00	-6.120	553	4.865	0.922
25.142	5.146e+00	-6.258	513	4.872	0.914
25.142	6.805e+00	-6.406	473	4.879	0.907
25.142	8.947e+00	-6.523	444	4.886	0.900
27.237	1.014e-04	-1.507	2610	2.981	8.394
27.237	1.333e-04	-1.578	2599	3.045	7.798
27.237	1.752e-04	-1.643	2602	3.112	7.219
27.237	2.303e-04	-1.708	2610	3.183	6.657
27.237	3.028e-04	-1.777	2618	3.256	6.117
27.237	3.979e-04	-1.851	2620	3.331	5.611
27.237	5.253e-04	-1.926	2622	3.408	5.134
27.237	6.876e-04	-1.996	2632	3.485	4.702
27.237	9.077e-04	-2.067	2646	3.565	4.288
27.237	1.186e-03	-2.135	2660	3.642	3.921
27.237	1.547e-03	-2.215	2651	3.716	3.603
27.237	2.042e-03	-2.290	2628	3.776	3.363
27.237	2.674e-03	-2.331	2614	3.808	3.240
27.237	3.529e-03	-2.353	2607	3.825	3.179
27.237	4.612e-03	-2.373	2600	3.840	3.123
27.237	6.064e-03	-2.408	2588	3.867	3.027
27.237	7.969e-03	-2.494	2558	3.933	2.805
27.237	1.048e-02	-2.678	2495	4.073	2.387
27.237	1.377e-02	-2.829	2442	4.187	2.094
27.237	1.818e-02	-2.977	2371	4.284	1.873
27.237	2.380e-02	-3.118	2288	4.363	1.710
27.237	3.141e-02	-3.255	2203	4.434	1.575
27.237	4.105e-02	-3.391	2110	4.495	1.469
27.237	5.418e-02	-3.540	2000	4.552	1.377
27.237	7.093e-02	-3.675	1903	4.601	1.301
27.237	9.310e-02	-3.837	1778	4.644	1.237
27.237	1.224e-01	-3.979	1676	4.683	1.183
27.237	1.615e-01	-4.134	1564	4.718	1.136
27.237	2.128e-01	-4.301	1446	4.749	1.097
27.237	2.796e-01	-4.460	1340	4.776	1.063
27.237	3.676e-01	-4.624	1236	4.799	1.035
27.237	4.832e-01	-4.791	1136	4.819	1.011
27.237	6.378e-01	-4.966	1037	4.837	0.991
27.237	8.349e-01	-5.137	948	4.852	0.974
27.237	1.096e+00	-5.313	864	4.866	0.959
27.237	1.440e+00	-5.477	791	4.877	0.946
27.237	1.879e+00	-5.633	727	4.887	0.936
27.237	2.480e+00	-5.790	668	4.896	0.926
27.237	3.241e+00	-5.941	615	4.905	0.917
27.237	4.261e+00	-6.079	571	4.913	0.908
27.237	5.600e+00	-6.224	527	4.920	0.901
27.237	7.406e+00	-6.369	487	4.927	0.893
27.237	9.737e+00	-6.482	458	4.934	0.887
29.332	1.018e-04	-1.466	2636	2.990	8.628
29.332	1.336e-04	-1.535	2627	3.052	8.027
29.332	1.756e-04	-1.603	2624	3.118	7.438
29.332	2.309e-04	-1.669	2628	3.188	6.870
29.332	3.035e-04	-1.737	2634	3.260	6.322
29.332	3.990e-04	-1.810	2636	3.334	5.805
29.332	5.226e-04	-1.884	2637	3.408	5.330
29.332	6.841e-04	-1.955	2643	3.483	4.887
29.332	8.907e-04	-2.021	2656	3.558	4.483
29.332	1.176e-03	-2.091	2671	3.637	4.092
29.332	1.539e-03	-2.155	2683	3.710	3.765
29.332	2.020e-03	-2.219	2670	3.764	3.536
29.332	2.655e-03	-2.254	2658	3.791	3.428
29.332	3.463e-03	-2.272	2651	3.806	3.371
29.332	4.571e-03	-2.297	2643	3.825	3.299
29.332	6.022e-03	-2.344	2627	3.861	3.163
29.332	7.914e-03	-2.481	2579	3.966	2.802
29.332	1.041e-02	-2.653	2521	4.099	2.405
29.332	1.368e-02	-2.793	2473	4.206	2.128
29.332	1.798e-02	-2.924	2418	4.298	1.914
29.332	2.363e-02	-3.061	2340	4.378	1.746
29.332	3.119e-02	-3.191	2263	4.450	1.607
29.332	4.109e-02	-3.326	2174	4.514	1.492
29.332	5.401e-02	-3.467	2071	4.571	1.396
29.332	7.044e-02	-3.599	1975	4.621	1.318
29.332	9.245e-02	-3.749	1862	4.668	1.249
29.332	1.215e-01	-3.897	1749	4.709	1.192
29.332	1.604e-01	-4.044	1643	4.746	1.142
29.332	2.113e-01	-4.207	1525	4.779	1.099
29.332	2.777e-01	-4.365	1415	4.808	1.064
29.332	3.665e-01	-4.529	1307	4.833	1.033
29.332	4.798e-01	-4.692	1205	4.855	1.007
29.332	6.334e-01	-4.865	1103	4.874	0.985
29.332	8.344e-01	-5.039	1007	4.891	0.966
29.332	1.097e+00	-5.216	917	4.905	0.951
29.332	1.442e+00	-5.383	839	4.918	0.937
29.332	1.888e+00	-5.544	769	4.928	0.926
29.332	2.472e+00	-5.701	707	4.938	0.916
29.332	3.244e+00	-5.856	650	4.947	0.906
29.332	4.264e+00	-6.001	601	4.955	0.898
29.332	5.606e+00	-6.153	553	4.963	0.890
29.332	7.413e+00	-6.294	512	4.970	0.883
29.332	9.743e+00	-6.415	479	4.976	0.876
31.427	1.032e-04	-1.431	2660	3.000	8.824
31.427	1.362e-04	-1.499	2653	3.064	8.203
31.427	1.794e-04	-1.569	2647	3.129	7.603
31.427	2.350e-04	-1.635	2648	3.197	7.036
31.427	3.076e-04	-1.704	2650	3.267	6.492
31.427	4.060e-04	-1.777	2651	3.341	5.960
31.427	5.315e-04	-1.850	2653	3.414	5.477
31.427	6.921e-04	-1.921	2655	3.487	5.036
31.427	9.084e-04	-1.989	2668	3.563	4.613
31.427	1.194e-03	-2.056	2682	3.640	4.226
31.427	1.557e-03	-2.115	2694	3.707	3.912
31.427	2.059e-03	-2.158	2702	3.755	3.702
31.427	2.708e-03	-2.182	2699	3.777	3.609
31.427	3.546e-03	-2.202	2692	3.792	3.546
31.427	4.609e-03	-2.230	2682	3.814	3.456
31.427	6.024e-03	-2.295	2660	3.864	3.263
31.427	7.906e-03	-2.470	2599	3.999	2.793
31.427	1.034e-02	-2.624	2548	4.118	2.435
31.427	1.360e-02	-2.757	2502	4.220	2.167
31.427	1.787e-02	-2.877	2458	4.309	1.955
31.427	2.331e-02	-3.005	2389	4.387	1.787
31.427	3.077e-02	-3.131	2316	4.460	1.643
31.427	4.029e-02	-3.253	2241	4.525	1.525
31.427	5.288e-02	-3.384	2151	4.584	1.424
31.427	6.924e-02	-3.524	2047	4.637	1.340
31.427	9.064e-02	-3.654	1952	4.686	1.267
31.427	1.190e-01	-3.812	1828	4.729	1.205
31.427	1.564e-01	-3.952	1724	4.768	1.152
31.427	2.056e-01	-4.100	1616	4.803	1.107
31.427	2.702e-01	-4.265	1496	4.834	1.068
31.427	3.567e-01	-4.425	1386	4.862	1.034
31.427	4.669e-01	-4.585	1281	4.886	1.007
31.427	6.163e-01	-4.754	1177	4.907	0.983
31.427	8.118e-01	-4.928	1076	4.925	0.962
31.427	1.067e+00	-5.102	982	4.941	0.945
31.427	1.408e+00	-5.277	895	4.954	0.930
31.427	1.855e+00	-5.447	817	4.966	0.918
31.427	2.438e+00	-5.610	749	4.976	0.907
31.427	3.180e+00	-5.761	690	4.986	0.897
31.427	4.141e+00	-5.910	636	4.994	0.889
31.427	5.466e+00	-6.069	583	5.002	0.881
31.427	7.201e+00	-6.211	540	5.009	0.873
31.427	9.464e+00	-6.344	502	5.016	0.867
34.570	1.000e-04	-1.357	2717	3.004	9.212
34.570	1.307e-04	-1.432	2693	3.064	8.594
34.570	1.705e-04	-1.499	2685	3.126	8.002
34.570	2.251e-04	-1.571	2678	3.194	7.404
34.570	2.946e-04	-1.641	2675	3.262	6.847
34.570	3.889e-04	-1.715	2673	3.334	6.303
34.570	5.091e-04	-1.786	2674	3.406	5.803
34.570	6.720e-04	-1.860	2676	3.481	5.321
34.570	8.782e-04	-1.930	2681	3.554	4.890
34.570	1.155e-03	-1.995	2694	3.628	4.493
34.570	1.518e-03	-2.051	2706	3.691	4.176
34.570	2.003e-03	-2.086	2713	3.731	3.989
34.570	2.622e-03	-2.102	2717	3.750	3.905
34.570	3.442e-03	-2.118	2718	3.766	3.830
34.570	4.523e-03	-2.146	2721	3.796	3.703
34.570	5.947e-03	-2.238	2703	3.876	3.375
34.570	7.683e-03	-2.417	2641	4.015	2.878
34.570	1.009e-02	-2.565	2592	4.130	2.519
34.570	1.321e-02	-2.691	2548	4.227	2.253
34.570	1.720e-02	-2.804	2507	4.312	2.043
34.570	2.258e-02	-2.918	2460	4.393	1.862
34.570	2.968e-02	-3.039	2394	4.467	1.710
34.570	3.871e-02	-3.153	2329	4.533	1.585
34.570	5.109e-02	-3.278	2249	4.597	1.472
34.570	6.731e-02	-3.409	2156	4.655	1.376
34.570	8.814e-02	-3.544	2056	4.707	1.297
34.570	1.154e-01	-3.676	1958	4.755	1.228
34.570	1.514e-01	-3.833	1833	4.797	1.169
34.570	1.990e-01	-3.973	1729	4.835	1.119
34.570	2.617e-01	-4.122	1618	4.869	1.076
34.570	3.439e-01	-4.285	1500	4.900	1.039
34.570	4.540e-01	-4.446	1388	4.927	1.007
34.570	5.943e-01	-4.606	1283	4.950	0.980
34.570	7.845e-01	-4.776	1177	4.971	0.957
34.570	1.027e+00	-4.947	1077	4.988	0.938
34.570	1.358e+00	-5.125	981	5.004	0.922
34.570	1.786e+00	-5.297	896	5.017	0.908
34.570	2.347e+00	-5.466	818	5.029	0.896
34.570	3.086e+00	-5.630	749	5.039	0.885
34.570	4.041e+00	-5.786	688	5.048	0.876
34.570	5.280e+00	-5.932	636	5.056	0.868
34.570	6.943e+00	-6.089	583	5.064	0.860
34.570	9.182e+00	-6.232	539	5.071	0.853
36.665	1.047e-04	-1.329	2747	3.021	9.301
36.665	1.369e-04	-1.405	2723	3.082	8.674
36.665	1.800e-04	-1.479	2707	3.146	8.061
36.665	2.365e-04	-1.549	2700	3.212	7.470
36.665	3.110e-04	-1.624	2691	3.280	6.903
36.665	4.087e-04	-1.697	2687	3.350	6.368
36.665	5.374e-04	-1.768	2688	3.422	5.860
36.665	7.063e-04	-1.840	2690	3.496	5.385
36.665	9.286e-04	-1.910	2695	3.570	4.948
36.665	1.220e-03	-1.973	2706	3.639	4.566
36.665	1.611e-03	-2.021	2716	3.694	4.288
36.665	2.109e-03	-2.046	2721	3.722	4.153
36.665	2.768e-03	-2.060	2724	3.737	4.078
36.665	3.638e-03	-2.078	2727	3.757	3.985
36.665	4.802e-03	-2.117	2731	3.799	3.798
36.665	6.179e-03	-2.244	2715	3.916	3.319
36.665	7.965e-03	-2.408	2659	4.044	2.866
36.665	1.047e-02	-2.549	2612	4.154	2.525
36.665	1.365e-02	-2.670	2571	4.247	2.269
36.665	1.778e-02	-2.781	2530	4.330	2.062
36.665	2.334e-02	-2.889	2489	4.409	1.881
36.665	3.056e-02	-3.006	2426	4.482	1.730
36.665	3.993e-02	-3.118	2365	4.550	1.601
36.665	5.209e-02	-3.230	2298	4.612	1.490
36.665	6.889e-02	-3.359	2209	4.673	1.389
36.665	9.057e-02	-3.497	2106	4.727	1.305
36.665	1.190e-01	-3.627	2010	4.777	1.233
36.665	1.565e-01	-3.781	1887	4.821	1.171
36.665	2.049e-01	-3.921	1781	4.860	1.120
36.665	2.700e-01	-4.069	1669	4.896	1.074
36.665	3.548e-01	-4.230	1550	4.928	1.036
36.665	4.684e-01	-4.388	1438	4.956	1.003
36.665	6.131e-01	-4.548	1330	4.980	0.975
36.665	8.093e-01	-4.717	1222	5.002	0.951
36.665	1.066e+00	-4.890	1118	5.021	0.931
36.665	1.401e+00	-5.065	1021	5.037	0.914
36.665	1.842e+00	-5.237	932	5.051	0.899
36.665	2.412e+00	-5.406	851	5.063	0.887
36.665	3.158e+00	-5.570	779	5.073	0.876
36.665	4.145e+00	-5.728	715	5.082	0.867
36.665	5.448e+00	-5.882	658	5.091	0.858
36.665	7.191e+00	-6.041	603	5.099	0.850
36.665	9.472e+00	-6.184	558	5.106	0.843
39.807	1.015e-04	-1.260	2804	3.024	9.663
39.807	1.338e-04	-1.342	2773	3.086	8.992
39.807	1.758e-04	-1.422	2747	3.150	8.360
39.807	2.293e-04	-1.493	2734	3.213	7.775
39.807	3.033e-04	-1.570	2720	3.281	7.185
39.807	3.956e-04	-1.643	2711	3.348	6.655
39.807	5.221e-04	-1.717	2707	3.419	6.131
39.807	6.835e-04	-1.786	2708	3.490	5.651
39.807	8.971e-04	-1.854	2714	3.561	5.205
39.807	1.179e-03	-1.917	2719	3.627	4.823
39.807	1.556e-03	-1.961	2726	3.676	4.562
39.807	2.037e-03	-1.982	2730	3.699	4.439
39.807	2.674e-03	-1.996	2733	3.715	4.362
39.807	3.515e-03	-2.015	2737	3.736	4.254
39.807	4.639e-03	-2.060	2743	3.785	4.023
39.807	5.891e-03	-2.175	2754	3.908	3.492
39.807	7.531e-03	-2.330	2707	4.033	3.025
39.807	9.941e-03	-2.475	2659	4.146	2.655
39.807	1.301e-02	-2.597	2617	4.241	2.380
39.807	1.708e-02	-2.711	2576	4.327	2.155
39.807	2.237e-02	-2.818	2536	4.406	1.967
39.807	2.928e-02	-2.923	2491	4.481	1.805
39.807	3.843e-02	-3.035	2433	4.551	1.665
39.807	5.033e-02	-3.144	2373	4.617	1.543
39.807	6.588e-02	-3.259	2301	4.679	1.437
39.807	8.647e-02	-3.383	2214	4.737	1.345
39.807	1.132e-01	-3.519	2111	4.789	1.266
39.807	1.482e-01	-3.647	2015	4.837	1.198
39.807	1.957e-01	-3.805	1888	4.881	1.138
39.807	2.557e-01	-3.942	1783	4.919	1.090
39.807	3.375e-01	-4.093	1668	4.955	1.046
39.807	4.446e-01	-4.254	1549	4.986	1.009
39.807	5.844e-01	-4.411	1437	5.014	0.978
39.807	7.683e-01	-4.573	1327	5.038	0.951
39.807	1.010e+00	-4.741	1220	5.059	0.928
39.807	1.333e+00	-4.918	1113	5.077	0.909
39.807	1.745e+00	-5.091	1017	5.093	0.893
39.807	2.290e+00	-5.263	928	5.106	0.879
39.807	2.999e+00	-5.430	849	5.118	0.867
39.807	3.926e+00	-5.594	777	5.128	0.857
39.807	5.182e+00	-5.758	711	5.137	0.848
39.807	6.784e+00	-5.906	656	5.146	0.840
39.807	8.955e+00	-6.061	603	5.153	0.832
41.903	1.001e-04	-1.217	2843	3.027	9.883
41.903	1.316e-04	-1.301	2808	3.089	9.199
41.903	1.730e-04	-1.382	2779	3.152	8.552
41.903	2.274e-04	-1.461	2756	3.217	7.942
41.903	2.990e-04	-1.536	2741	3.283	7.358
41.903	3.929e-04	-1.614	2726	3.350	6.807
41.903	5.166e-04	-1.686	2721	3.420	6.286
41.903	6.790e-04	-1.757	2720	3.490	5.796
41.903	8.927e-04	-1.824	2726	3.560	5.345
41.903	1.173e-03	-1.884	2731	3.623	4.971
41.903	1.549e-03	-1.924	2734	3.666	4.731
41.903	2.024e-03	-1.943	2736	3.687	4.622
41.903	2.640e-03	-1.957	2739	3.702	4.543
41.903	3.485e-03	-1.978	2743	3.725	4.421
41.903	4.562e-03	-2.027	2751	3.779	4.156
41.903	6.022e-03	-2.169	2765	3.931	3.490
41.903	7.883e-03	-2.326	2722	4.060	3.006
41.903	1.041e-02	-2.464	2676	4.169	2.652
41.903	1.362e-02	-2.584	2635	4.262	2.384
41.903	1.788e-02	-2.696	2594	4.346	2.162
41.903	2.341e-02	-2.801	2555	4.425	1.976
41.903	3.060e-02	-2.901	2516	4.498	1.816
41.903	3.991e-02	-3.009	2460	4.567	1.677
41.903	5.268e-02	-3.120	2400	4.635	1.550
41.903	6.896e-02	-3.230	2336	4.698	1.443
41.903	9.051e-02	-3.353	2250	4.757	1.348
41.903	1.190e-01	-3.489	2147	4.811	1.267
41.903	1.564e-01	-3.618	2051	4.861	1.196
41.903	2.056e-01	-3.770	1928	4.905	1.136
41.903	2.713e-01	-3.914	1816	4.946	1.085
41.903	3.574e-01	-4.063	1702	4.982	1.041
41.903	4.697e-01	-4.221	1583	5.014	1.003
41.903	6.201e-01	-4.379	1469	5.042	0.971
41.903	8.117e-01	-4.538	1360	5.067	0.944
41.903	1.071e+00	-4.708	1249	5.089	0.920
41.903	1.403e+00	-4.879	1144	5.107	0.901
41.903	1.841e+00	-5.053	1044	5.123	0.884
41.903	2.420e+00	-5.226	953	5.137	0.870
41.903	3.156e+00	-5.393	871	5.149	0.859
41.903	4.166e+00	-5.563	795	5.160	0.848
41.903	5.454e+00	-5.724	729	5.169	0.839
41.903	7.158e+00	-5.876	671	5.177	0.831
41.903	9.407e+00	-6.027	618	5.185	0.823
45.045	1.028e-04	-1.169	2893	3.040	10.087
45.045	1.351e-04	-1.256	2854	3.104	9.378
45.045	1.769e-04	-1.339	2821	3.166	8.725
45.045	2.316e-04	-1.419	2793	3.230	8.110
45.045	3.057e-04	-1.501	2769	3.296	7.514
45.045	4.002e-04	-1.577	2753	3.362	6.967
45.045	5.282e-04	-1.652	2742	3.431	6.435
45.045	6.915e-04	-1.722	2738	3.498	5.953
45.045	9.128e-04	-1.787	2744	3.566	5.505
45.045	1.202e-03	-1.840	2748	3.622	5.161
45.045	1.580e-03	-1.871	2751	3.655	4.972
45.045	2.078e-03	-1.887	2752	3.671	4.878
45.045	2.721e-03	-1.902	2753	3.688	4.787
45.045	3.556e-03	-1.930	2755	3.716	4.631
45.045	4.675e-03	-2.007	2764	3.800	4.206
45.045	5.824e-03	-2.126	2777	3.927	3.636
45.045	7.586e-03	-2.262	2764	4.054	3.141
45.045	9.895e-03	-2.395	2719	4.159	2.781
45.045	1.306e-02	-2.519	2677	4.256	2.489
45.045	1.710e-02	-2.630	2636	4.340	2.258
45.045	2.244e-02	-2.736	2597	4.420	2.060
45.045	2.917e-02	-2.834	2560	4.493	1.894
45.045	3.820e-02	-2.933	2520	4.565	1.744
45.045	4.993e-02	-3.040	2464	4.632	1.614
45.045	6.564e-02	-3.147	2406	4.698	1.496
45.045	8.596e-02	-3.259	2336	4.759	1.394
45.045	1.125e-01	-3.381	2250	4.816	1.305
45.045	1.485e-01	-3.519	2144	4.870	1.227
45.045	1.944e-01	-3.647	2047	4.918	1.161
45.045	2.567e-01	-3.802	1921	4.962	1.104
45.045	3.354e-01	-3.942	1812	5.000	1.056
45.045	4.410e-01	-4.090	1698	5.035	1.014
45.045	5.796e-01	-4.247	1579	5.067	0.979
45.045	7.651e-01	-4.407	1463	5.095	0.948
45.045	1.002e+00	-4.566	1354	5.118	0.922
45.045	1.322e+00	-4.738	1241	5.140	0.899
45.045	1.731e+00	-4.911	1135	5.158	0.881
45.045	2.272e+00	-5.086	1036	5.173	0.865
45.045	2.985e+00	-5.259	945	5.187	0.852
45.045	3.925e+00	-5.430	862	5.199	0.841
45.045	5.159e+00	-5.596	788	5.209	0.831
45.045	6.729e+00	-5.755	723	5.218	0.822
45.045	8.882e+00	-5.908	665	5.226	0.814
47.140	1.015e-04	-1.129	2929	3.042	10.297
47.140	1.334e-04	-1.217	2889	3.106	9.568
47.140	1.761e-04	-1.305	2851	3.171	8.879
47.140	2.305e-04	-1.387	2820	3.234	8.253
47.140	3.002e-04	-1.470	2788	3.297	7.680
47.140	3.962e-04	-1.547	2772	3.364	7.110
47.140	5.187e-04	-1.623	2756	3.430	6.590
47.140	6.807e-04	-1.693	2751	3.497	6.100
47.140	8.947e-04	-1.756	2754	3.562	5.661
47.140	1.176e-03	-1.806	2758	3.614	5.329
47.140	1.546e-03	-1.834	2761	3.644	5.150
47.140	2.017e-03	-1.849	2762	3.659	5.059
47.140	2.622e-03	-1.864	2763	3.675	4.966
47.140	3.441e-03	-1.893	2765	3.706	4.797
47.140	4.522e-03	-1.977	2771	3.794	4.333
47.140	5.624e-03	-2.094	2783	3.918	3.757
47.140	7.391e-03	-2.220	2790	4.048	3.234
47.140	9.757e-03	-2.360	2744	4.159	2.845
47.140	1.277e-02	-2.480	2703	4.253	2.554
47.140	1.663e-02	-2.589	2663	4.337	2.320
47.140	2.162e-02	-2.691	2625	4.414	2.122
47.140	2.838e-02	-2.793	2587	4.490	1.945
47.140	3.716e-02	-2.888	2553	4.562	1.790
47.140	4.895e-02	-2.995	2500	4.633	1.649
47.140	6.433e-02	-3.102	2442	4.699	1.528
47.140	8.391e-02	-3.205	2386	4.761	1.423
47.140	1.101e-01	-3.326	2302	4.821	1.329
47.140	1.447e-01	-3.458	2203	4.876	1.247
47.140	1.911e-01	-3.589	2104	4.927	1.175
47.140	2.497e-01	-3.733	1987	4.972	1.116
47.140	3.283e-01	-3.876	1875	5.013	1.064
47.140	4.315e-01	-4.024	1759	5.050	1.020
47.140	5.695e-01	-4.179	1639	5.084	0.982
47.140	7.502e-01	-4.336	1524	5.113	0.949
47.140	9.860e-01	-4.495	1410	5.139	0.921
47.140	1.296e+00	-4.662	1298	5.161	0.898
47.140	1.704e+00	-4.835	1188	5.180	0.878
47.140	2.249e+00	-5.014	1082	5.197	0.861
47.140	2.944e+00	-5.185	989	5.211	0.847
47.140	3.886e+00	-5.360	901	5.224	0.835
47.140	5.088e+00	-5.528	823	5.235	0.825
47.140	6.716e+00	-5.696	751	5.244	0.816
47.140	8.791e+00	-5.847	692	5.253	0.808
50.283	1.036e-04	-1.084	2976	3.053	10.502
50.283	1.361e-04	-1.174	2935	3.118	9.747
50.283	1.797e-04	-1.264	2893	3.183	9.038
50.283	2.353e-04	-1.350	2856	3.247	8.399
50.283	3.105e-04	-1.439	2818	3.313	7.787
50.283	4.058e-04	-1.516	2796	3.376	7.237
50.283	5.336e-04	-1.592	2780	3.442	6.708
50.283	6.987e-04	-1.662	2771	3.507	6.228
50.283	9.204e-04	-1.723	2770	3.567	5.811
50.283	1.210e-03	-1.764	2774	3.610	5.531
50.283	1.590e-03	-1.785	2775	3.632	5.391
50.283	2.083e-03	-1.799	2776	3.647	5.303
50.283	2.744e-03	-1.818	2778	3.667	5.179
50.283	3.606e-03	-1.860	2781	3.711	4.926
50.283	4.692e-03	-1.982	2786	3.836	4.264
50.283	5.941e-03	-2.096	2798	3.957	3.708
50.283	7.764e-03	-2.207	2811	4.076	3.234
50.283	1.025e-02	-2.341	2769	4.184	2.857
50.283	1.342e-02	-2.458	2728	4.275	2.571
50.283	1.761e-02	-2.568	2688	4.360	2.333
50.283	2.314e-02	-2.673	2649	4.439	2.129
50.283	3.019e-02	-2.771	2612	4.512	1.957
50.283	3.985e-02	-2.867	2579	4.587	1.797
50.283	5.216e-02	-2.968	2533	4.656	1.659
50.283	6.846e-02	-3.074	2476	4.723	1.536
50.283	8.998e-02	-3.178	2420	4.787	1.427
50.283	1.174e-01	-3.292	2344	4.846	1.333
50.283	1.549e-01	-3.421	2250	4.903	1.248
50.283	2.028e-01	-3.550	2151	4.954	1.176
50.283	2.677e-01	-3.690	2041	5.003	1.113
50.283	3.505e-01	-3.835	1923	5.044	1.061
50.283	4.600e-01	-3.979	1808	5.082	1.016
50.283	6.045e-01	-4.127	1694	5.116	0.976
50.283	7.995e-01	-4.286	1573	5.147	0.942
50.283	1.043e+00	-4.439	1462	5.173	0.914
50.283	1.377e+00	-4.607	1346	5.197	0.890
50.283	1.802e+00	-4.776	1236	5.217	0.869
50.283	2.379e+00	-4.954	1126	5.235	0.852
50.283	3.108e+00	-5.125	1029	5.250	0.837
50.283	4.087e+00	-5.298	939	5.263	0.825
50.283	5.371e+00	-5.470	856	5.274	0.814
50.283	7.062e+00	-5.637	782	5.284	0.805
50.283	9.282e+00	-5.794	718	5.293	0.797
52.378	1.048e-04	-1.055	3007	3.059	10.641
52.378	1.377e-04	-1.146	2964	3.125	9.868
52.378	1.818e-04	-1.237	2922	3.191	9.144
52.378	2.380e-04	-1.325	2881	3.255	8.495
52.378	3.142e-04	-1.415	2841	3.321	7.877
52.378	4.113e-04	-1.496	2812	3.384	7.321
52.378	5.429e-04	-1.573	2796	3.450	6.784
52.378	7.107e-04	-1.643	2783	3.513	6.312
52.378	9.381e-04	-1.700	2783	3.569	5.916
52.378	1.228e-03	-1.735	2783	3.605	5.675
52.378	1.612e-03	-1.753	2785	3.624	5.555
52.378	2.111e-03	-1.767	2786	3.639	5.462
52.378	2.781e-03	-1.789	2788	3.662	5.318
52.378	3.654e-03	-1.840	2792	3.715	4.999
52.378	4.767e-03	-1.979	2795	3.856	4.254
52.378	6.240e-03	-2.101	2808	3.986	3.661
52.378	8.201e-03	-2.208	2822	4.102	3.203
52.378	1.083e-02	-2.338	2781	4.206	2.840
52.378	1.417e-02	-2.453	2741	4.296	2.561
52.378	1.845e-02	-2.559	2702	4.377	2.333
52.378	2.436e-02	-2.664	2662	4.457	2.129
52.378	3.189e-02	-2.761	2627	4.531	1.955
52.378	4.185e-02	-2.855	2595	4.603	1.799
52.378	5.480e-02	-2.954	2552	4.673	1.660
52.378	7.174e-02	-3.059	2496	4.739	1.538
52.378	9.470e-02	-3.165	2438	4.804	1.427
52.378	1.238e-01	-3.276	2367	4.864	1.332
52.378	1.614e-01	-3.395	2282	4.920	1.249
52.378	2.135e-01	-3.531	2177	4.974	1.174
52.378	2.785e-01	-3.659	2078	5.021	1.112
52.378	3.655e-01	-3.808	1955	5.064	1.059
52.378	4.803e-01	-3.952	1839	5.103	1.012
52.378	6.315e-01	-4.097	1727	5.137	0.973
52.378	8.300e-01	-4.253	1607	5.168	0.939
52.378	1.091e+00	-4.409	1492	5.196	0.909
52.378	1.434e+00	-4.571	1378	5.220	0.885
52.378	1.871e+00	-4.737	1268	5.240	0.864
52.378	2.455e+00	-4.912	1158	5.258	0.846
52.378	3.227e+00	-5.087	1056	5.274	0.831
52.378	4.243e+00	-5.259	964	5.287	0.819
52.378	5.576e+00	-5.431	879	5.298	0.808
52.378	7.332e+00	-5.598	803	5.309	0.799
52.378	9.601e+00	-5.756	737	5.317	0.790
55.521	1.026e-04	-1.003	3053	3.059	10.963
55.521	1.348e-04	-1.092	3014	3.125	10.152
55.521	1.770e-04	-1.183	2970	3.191	9.412
55.521	2.317e-04	-1.274	2925	3.256	8.738
55.521	3.034e-04	-1.364	2882	3.319	8.120
55.521	4.004e-04	-1.452	2843	3.385	7.532
55.521	5.242e-04	-1.528	2822	3.447	7.007
55.521	6.933e-04	-1.601	2807	3.510	6.518
55.521	9.043e-04	-1.654	2801	3.561	6.151
55.521	1.194e-03	-1.688	2800	3.593	5.923
55.521	1.563e-03	-1.704	2800	3.610	5.812
55.521	2.051e-03	-1.719	2800	3.625	5.713
55.521	2.695e-03	-1.743	2801	3.650	5.553
55.521	3.558e-03	-1.803	2806	3.712	5.166
55.521	4.502e-03	-1.930	2807	3.840	4.459
55.521	5.917e-03	-2.055	2816	3.971	3.835
55.521	7.810e-03	-2.162	2832	4.087	3.355
55.521	1.021e-02	-2.271	2821	4.190	2.981
55.521	1.342e-02	-2.391	2779	4.283	2.677
55.521	1.764e-02	-2.501	2739	4.368	2.427
55.521	2.301e-02	-2.603	2701	4.446	2.220
55.521	2.995e-02	-2.699	2666	4.519	2.041
55.521	3.932e-02	-2.793	2633	4.592	1.876
55.521	5.148e-02	-2.885	2601	4.662	1.730
55.521	6.740e-02	-2.987	2551	4.731	1.599
55.521	8.846e-02	-3.092	2494	4.796	1.483
55.521	1.158e-01	-3.194	2437	4.859	1.380
55.521	1.516e-01	-3.307	2363	4.918	1.289
55.521	1.990e-01	-3.434	2268	4.974	1.209
55.521	2.616e-01	-3.564	2168	5.025	1.139
55.521	3.412e-01	-3.700	2058	5.071	1.081
55.521	4.504e-01	-3.846	1939	5.113	1.029
55.521	5.896e-01	-3.988	1825	5.150	0.987
55.521	7.783e-01	-4.137	1709	5.185	0.948
55.521	1.019e+00	-4.288	1593	5.214	0.917
55.521	1.345e+00	-4.446	1477	5.241	0.889
55.521	1.761e+00	-4.607	1364	5.264	0.866
55.521	2.324e+00	-4.781	1249	5.284	0.846
55.521	3.061e+00	-4.957	1140	5.301	0.829
55.521	4.023e+00	-5.129	1041	5.316	0.815
55.521	5.290e+00	-5.300	950	5.329	0.804
55.521	6.952e+00	-5.468	868	5.340	0.793
55.521	9.141e+00	-5.633	794	5.349	0.785
57.616	1.007e-04	-0.967	3084	3.057	11.195
57.616	1.327e-04	-1.057	3046	3.125	10.351
57.616	1.744e-04	-1.149	3002	3.191	9.585
57.616	2.274e-04	-1.240	2956	3.256	8.902
57.616	3.002e-04	-1.335	2907	3.322	8.252
57.616	3.930e-04	-1.421	2868	3.385	7.673
57.616	5.187e-04	-1.504	2838	3.449	7.128
57.616	6.779e-04	-1.571	2824	3.507	6.662
57.616	8.913e-04	-1.626	2815	3.557	6.296
57.616	1.171e-03	-1.657	2812	3.586	6.086
57.616	1.528e-03	-1.672	2812	3.601	5.980
57.616	1.989e-03	-1.687	2812	3.616	5.880
57.616	2.586e-03	-1.711	2811	3.640	5.722
57.616	3.414e-03	-1.771	2814	3.702	5.328
57.616	4.322e-03	-1.897	2817	3.829	4.602
57.616	5.680e-03	-2.024	2821	3.959	3.962
57.616	7.455e-03	-2.128	2836	4.072	3.478
57.616	9.799e-03	-2.227	2846	4.177	3.082
57.616	1.293e-02	-2.349	2804	4.274	2.757
57.616	1.693e-02	-2.459	2764	4.359	2.500
57.616	2.222e-02	-2.564	2725	4.439	2.280
57.616	2.921e-02	-2.664	2688	4.515	2.088
57.616	3.840e-02	-2.759	2656	4.589	1.918
57.616	5.047e-02	-2.852	2624	4.661	1.766
57.616	6.583e-02	-2.947	2583	4.729	1.633
57.616	8.690e-02	-3.055	2525	4.797	1.510
57.616	1.138e-01	-3.157	2468	4.860	1.404
57.616	1.493e-01	-3.266	2401	4.921	1.309
57.616	1.962e-01	-3.386	2318	4.979	1.225
57.616	2.595e-01	-3.521	2211	5.033	1.151
57.616	3.385e-01	-3.646	2115	5.080	1.090
57.616	4.468e-01	-3.797	1988	5.124	1.036
57.616	5.849e-01	-3.936	1876	5.162	0.991
57.616	7.736e-01	-4.082	1760	5.198	0.952
57.616	1.021e+00	-4.236	1641	5.229	0.918
57.616	1.337e+00	-4.386	1528	5.256	0.890
57.616	1.764e+00	-4.547	1413	5.281	0.865
57.616	2.310e+00	-4.711	1301	5.301	0.845
57.616	3.055e+00	-4.887	1188	5.320	0.827
57.616	4.016e+00	-5.059	1086	5.335	0.813
57.616	5.279e+00	-5.228	993	5.348	0.800
57.616	6.940e+00	-5.395	908	5.360	0.790
57.616	9.122e+00	-5.559	831	5.370	0.781
60.759	1.024e-04	-0.930	3122	3.064	11.399
60.759	1.352e-04	-1.021	3084	3.134	10.521
60.759	1.770e-04	-1.112	3042	3.200	9.742
60.759	2.336e-04	-1.209	2991	3.268	9.011
60.759	3.053e-04	-1.302	2941	3.332	8.373
60.759	3.982e-04	-1.389	2900	3.394	7.795
60.759	5.226e-04	-1.472	2863	3.456	7.261
60.759	6.869e-04	-1.539	2847	3.512	6.805
60.759	9.031e-04	-1.586	2838	3.555	6.480
60.759	1.183e-03	-1.612	2834	3.578	6.311
60.759	1.548e-03	-1.627	2831	3.591	6.211
60.759	2.032e-03	-1.646	2829	3.608	6.093
60.759	2.671e-03	-1.678	2828	3.640	5.875
60.759	3.525e-03	-1.771	2830	3.735	5.267
60.759	4.587e-03	-1.910	2829	3.873	4.491
60.759	6.066e-03	-2.030	2834	3.995	3.900
60.759	7.975e-03	-2.128	2850	4.103	3.444
60.759	1.048e-02	-2.221	2863	4.204	3.066
60.759	1.367e-02	-2.335	2824	4.295	2.762
60.759	1.805e-02	-2.447	2783	4.382	2.501
60.759	2.363e-02	-2.550	2745	4.460	2.284
60.759	3.119e-02	-2.650	2709	4.537	2.090
60.759	4.082e-02	-2.742	2678	4.610	1.923
60.759	5.358e-02	-2.835	2645	4.681	1.772
60.759	7.017e-02	-2.928	2610	4.750	1.636
60.759	9.170e-02	-3.032	2552	4.816	1.516
60.759	1.206e-01	-3.136	2495	4.881	1.408
60.759	1.585e-01	-3.242	2433	4.942	1.311
60.759	2.083e-01	-3.357	2355	5.001	1.226
60.759	2.728e-01	-3.487	2253	5.054	1.153
60.759	3.571e-01	-3.611	2157	5.103	1.090
60.759	4.723e-01	-3.760	2033	5.148	1.034
60.759	6.234e-01	-3.900	1920	5.188	0.988
60.759	8.213e-01	-4.042	1804	5.224	0.948
60.759	1.079e+00	-4.186	1692	5.255	0.915
60.759	1.425e+00	-4.337	1576	5.283	0.885
60.759	1.865e+00	-4.486	1467	5.307	0.861
60.759	2.448e+00	-4.643	1357	5.329	0.840
60.759	3.217e+00	-4.807	1248	5.347	0.823
60.759	4.247e+00	-4.976	1143	5.363	0.807
60.759	5.560e+00	-5.137	1050	5.377	0.795
60.759	7.339e+00	-5.301	962	5.389	0.784
60.759	9.607e+00	-5.457	884	5.399	0.775
62.854	1.025e-04	-0.905	3145	3.066	11.567
62.854	1.353e-04	-0.995	3110	3.136	10.666
62.854	1.772e-04	-1.085	3069	3.204	9.869
62.854	2.339e-04	-1.183	3017	3.272	9.123
62.854	3.061e-04	-1.278	2965	3.337	8.469
62.854	4.041e-04	-1.370	2919	3.401	7.861
62.854	5.290e-04	-1.452	2883	3.462	7.335
62.854	6.983e-04	-1.519	2861	3.516	6.892
62.854	9.142e-04	-1.560	2854	3.553	6.606
62.854	1.207e-03	-1.583	2850	3.573	6.455
62.854	1.577e-03	-1.598	2847	3.586	6.356
62.854	2.082e-03	-1.619	2843	3.605	6.217
62.854	2.725e-03	-1.659	2839	3.643	5.953
62.854	3.597e-03	-1.776	2840	3.760	5.203
62.854	4.738e-03	-1.914	2837	3.896	4.447
62.854	6.227e-03	-2.026	2842	4.011	3.897
62.854	8.122e-03	-2.119	2857	4.113	3.464
62.854	1.056e-02	-2.205	2872	4.209	3.104
62.854	1.386e-02	-2.317	2840	4.301	2.790
62.854	1.821e-02	-2.427	2800	4.387	2.529
62.854	2.376e-02	-2.528	2763	4.464	2.313
62.854	3.118e-02	-2.626	2728	4.540	2.120
62.854	4.098e-02	-2.720	2696	4.613	1.948
62.854	5.388e-02	-2.813	2663	4.685	1.793
62.854	7.082e-02	-2.905	2630	4.756	1.653
62.854	9.237e-02	-3.007	2576	4.822	1.532
62.854	1.219e-01	-3.113	2517	4.888	1.420
62.854	1.593e-01	-3.214	2461	4.949	1.324
62.854	2.078e-01	-3.322	2390	5.006	1.239
62.854	2.749e-01	-3.453	2290	5.063	1.161
62.854	3.614e-01	-3.579	2192	5.113	1.095
62.854	4.750e-01	-3.719	2076	5.159	1.039
62.854	6.245e-01	-3.856	1964	5.199	0.992
62.854	8.207e-01	-3.994	1851	5.235	0.952
62.854	1.083e+00	-4.133	1741	5.267	0.917
62.854	1.418e+00	-4.274	1631	5.295	0.889
62.854	1.872e+00	-4.421	1521	5.320	0.863
62.854	2.446e+00	-4.567	1415	5.342	0.842
62.854	3.217e+00	-4.723	1309	5.361	0.824
62.854	4.227e+00	-4.882	1206	5.378	0.808
62.854	5.580e+00	-5.042	1109	5.392	0.795
62.854	7.305e+00	-5.194	1023	5.404	0.784
62.854	9.643e+00	-5.348	942	5.415	0.774
65.997	1.044e-04	-0.874	3175	3.073	11.759
65.997	1.379e-04	-0.962	3144	3.144	10.832
65.997	1.805e-04	-1.052	3105	3.213	10.012
65.997	2.369e-04	-1.149	3053	3.280	9.262
65.997	3.113e-04	-1.246	2999	3.346	8.585
65.997	4.060e-04	-1.336	2951	3.408	7.995
65.997	5.360e-04	-1.419	2913	3.468	7.458
65.997	7.016e-04	-1.484	2885	3.517	7.055
65.997	9.262e-04	-1.520	2877	3.548	6.805
65.997	1.212e-03	-1.538	2874	3.564	6.680
65.997	1.600e-03	-1.554	2871	3.578	6.570
65.997	2.108e-03	-1.580	2866	3.601	6.403
65.997	2.771e-03	-1.636	2857	3.651	6.040
65.997	3.614e-03	-1.770	2852	3.782	5.196
65.997	4.592e-03	-1.883	2850	3.894	4.567
65.997	6.036e-03	-1.995	2850	4.006	4.015
65.997	7.936e-03	-2.088	2865	4.109	3.566
65.997	1.043e-02	-2.177	2880	4.207	3.187
65.997	1.371e-02	-2.278	2869	4.300	2.862
65.997	1.802e-02	-2.388	2828	4.386	2.592
65.997	2.365e-02	-2.492	2789	4.466	2.365
65.997	3.098e-02	-2.589	2755	4.542	2.168
65.997	4.027e-02	-2.679	2725	4.613	1.998
65.997	5.262e-02	-2.770	2693	4.683	1.841
65.997	6.919e-02	-2.862	2660	4.754	1.697
65.997	9.061e-02	-2.959	2617	4.822	1.569
65.997	1.186e-01	-3.063	2560	4.887	1.456
65.997	1.566e-01	-3.167	2501	4.952	1.352
65.997	2.050e-01	-3.271	2438	5.011	1.262
65.997	2.690e-01	-3.387	2356	5.068	1.182
65.997	3.536e-01	-3.516	2255	5.120	1.113
65.997	4.648e-01	-3.639	2159	5.168	1.054
65.997	6.148e-01	-3.783	2037	5.211	1.004
65.997	8.080e-01	-3.911	1932	5.247	0.962
65.997	1.067e+00	-4.045	1823	5.280	0.926
65.997	1.396e+00	-4.173	1722	5.308	0.897
65.997	1.843e+00	-4.306	1618	5.334	0.871
65.997	2.413e+00	-4.437	1520	5.356	0.849
65.997	3.167e+00	-4.570	1423	5.375	0.830
65.997	4.162e+00	-4.708	1328	5.392	0.814
65.997	5.472e+00	-4.847	1236	5.407	0.800
65.997	7.191e+00	-4.982	1152	5.420	0.789
65.997	9.439e+00	-5.113	1075	5.431	0.779
67.044	1.013e-04	-0.853	3187	3.066	11.952
67.044	1.337e-04	-0.939	3161	3.137	11.005
67.044	1.761e-04	-1.031	3121	3.208	10.149
67.044	2.314e-04	-1.129	3070	3.276	9.379
67.044	3.055e-04	-1.228	3015	3.343	8.680
67.044	3.992e-04	-1.319	2965	3.406	8.078
67.044	5.207e-04	-1.400	2926	3.464	7.557
67.044	6.834e-04	-1.465	2898	3.513	7.144
67.044	8.982e-04	-1.504	2885	3.544	6.894
67.044	1.172e-03	-1.522	2882	3.560	6.768
67.044	1.523e-03	-1.537	2879	3.573	6.665
67.044	1.999e-03	-1.560	2875	3.593	6.508
67.044	2.627e-03	-1.610	2866	3.638	6.183
67.044	3.454e-03	-1.743	2856	3.765	5.341
67.044	4.540e-03	-1.873	2854	3.893	4.609
67.044	5.969e-03	-1.985	2852	4.004	4.056
67.044	7.844e-03	-2.078	2868	4.106	3.606
67.044	1.023e-02	-2.163	2882	4.201	3.234
67.044	1.332e-02	-2.254	2882	4.291	2.915
67.044	1.749e-02	-2.365	2841	4.378	2.638
67.044	2.290e-02	-2.469	2803	4.458	2.406
67.044	2.992e-02	-2.566	2768	4.533	2.206
67.044	3.903e-02	-2.658	2737	4.605	2.030
67.044	5.152e-02	-2.752	2704	4.679	1.865
67.044	6.745e-02	-2.843	2672	4.749	1.721
67.044	8.852e-02	-2.937	2634	4.818	1.589
67.044	1.163e-01	-3.042	2576	4.885	1.472
67.044	1.530e-01	-3.146	2518	4.948	1.368
67.044	2.010e-01	-3.249	2457	5.010	1.275
67.044	2.643e-01	-3.363	2380	5.067	1.193
67.044	3.474e-01	-3.490	2280	5.120	1.122
67.044	4.531e-01	-3.607	2189	5.167	1.063
67.044	5.981e-01	-3.748	2070	5.211	1.011
67.044	7.879e-01	-3.876	1965	5.248	0.969
67.044	1.036e+00	-4.004	1859	5.281	0.933
67.044	1.351e+00	-4.125	1764	5.309	0.903
67.044	1.783e+00	-4.253	1662	5.335	0.877
67.044	2.334e+00	-4.376	1568	5.357	0.855
67.044	3.081e+00	-4.504	1474	5.377	0.835
67.044	4.033e+00	-4.629	1385	5.394	0.819
67.044	5.294e+00	-4.757	1298	5.409	0.805
67.044	6.957e+00	-4.884	1215	5.421	0.793
67.044	9.075e+00	-5.001	1143	5.432	0.784
68.092	1.033e-04	-0.848	3195	3.071	11.966
68.092	1.363e-04	-0.933	3170	3.143	11.016
68.092	1.782e-04	-1.023	3132	3.212	10.179
68.092	2.324e-04	-1.118	3082	3.279	9.426
68.092	3.050e-04	-1.215	3027	3.345	8.735
68.092	4.009e-04	-1.308	2976	3.408	8.116
68.092	5.270e-04	-1.391	2935	3.467	7.584
68.092	6.927e-04	-1.454	2908	3.514	7.185
68.092	9.107e-04	-1.492	2893	3.543	6.954
68.092	1.197e-03	-1.509	2889	3.558	6.834
68.092	1.561e-03	-1.525	2886	3.572	6.725
68.092	2.065e-03	-1.552	2882	3.596	6.543
68.092	2.715e-03	-1.613	2870	3.651	6.142
68.092	3.490e-03	-1.745	2860	3.776	5.313
68.092	4.561e-03	-1.869	2858	3.899	4.615
68.092	5.994e-03	-1.980	2856	4.008	4.068
68.092	7.819e-03	-2.069	2870	4.107	3.632
68.092	1.032e-02	-2.158	2885	4.205	3.245
68.092	1.351e-02	-2.248	2888	4.296	2.920
68.092	1.787e-02	-2.362	2846	4.385	2.636
68.092	2.331e-02	-2.464	2809	4.464	2.408
68.092	3.059e-02	-2.562	2774	4.540	2.205
68.092	4.020e-02	-2.657	2742	4.615	2.025
68.092	5.286e-02	-2.750	2710	4.687	1.862
68.092	6.947e-02	-2.842	2677	4.758	1.717
68.092	9.134e-02	-2.936	2639	4.827	1.585
68.092	1.196e-01	-3.040	2581	4.893	1.469
68.092	1.566e-01	-3.142	2524	4.956	1.367
68.092	2.055e-01	-3.244	2465	5.017	1.274
68.092	2.701e-01	-3.356	2389	5.075	1.192
68.092	3.523e-01	-3.479	2293	5.126	1.123
68.092	4.650e-01	-3.600	2199	5.175	1.062
68.092	6.088e-01	-3.734	2086	5.217	1.012
68.092	8.036e-01	-3.861	1981	5.254	0.969
68.092	1.050e+00	-3.983	1881	5.286	0.935
68.092	1.370e+00	-4.097	1789	5.314	0.905
68.092	1.798e+00	-4.218	1693	5.339	0.880
68.092	2.363e+00	-4.335	1603	5.360	0.858
68.092	3.107e+00	-4.452	1515	5.379	0.839
68.092	4.083e+00	-4.568	1431	5.396	0.823
68.092	5.400e+00	-4.685	1349	5.411	0.809
68.092	7.100e+00	-4.798	1274	5.424	0.798
68.092	9.331e+00	-4.906	1204	5.434	0.788
69.139	1.035e-04	-0.837	3205	3.072	12.044
69.139	1.366e-04	-0.922	3181	3.144	11.084
69.139	1.788e-04	-1.012	3143	3.214	10.233
69.139	2.346e-04	-1.109	3092	3.282	9.456
69.139	3.084e-04	-1.207	3037	3.349	8.758
69.139	4.022e-04	-1.298	2987	3.411	8.156
69.139	5.310e-04	-1.382	2945	3.470	7.621
69.139	6.951e-04	-1.442	2919	3.514	7.239
69.139	9.175e-04	-1.477	2904	3.541	7.019
69.139	1.201e-03	-1.496	2897	3.555	6.905
69.139	1.576e-03	-1.512	2894	3.570	6.790
69.139	2.072e-03	-1.540	2889	3.595	6.599
69.139	2.735e-03	-1.610	2876	3.657	6.141
69.139	3.487e-03	-1.741	2864	3.781	5.325
69.139	4.582e-03	-1.866	2862	3.904	4.621
69.139	6.014e-03	-1.974	2860	4.012	4.082
69.139	7.876e-03	-2.065	2874	4.111	3.643
69.139	1.029e-02	-2.150	2888	4.205	3.270
69.139	1.342e-02	-2.235	2897	4.295	2.948
69.139	1.762e-02	-2.346	2857	4.382	2.668
69.139	2.316e-02	-2.451	2818	4.463	2.430
69.139	3.045e-02	-2.550	2783	4.540	2.223
69.139	4.002e-02	-2.644	2751	4.614	2.040
69.139	5.261e-02	-2.737	2719	4.687	1.877
69.139	6.915e-02	-2.829	2686	4.758	1.730
69.139	9.020e-02	-2.919	2653	4.826	1.600
69.139	1.191e-01	-3.026	2594	4.894	1.479
69.139	1.559e-01	-3.127	2537	4.957	1.376
69.139	2.057e-01	-3.230	2479	5.019	1.280
69.139	2.693e-01	-3.340	2405	5.076	1.199
69.139	3.555e-01	-3.465	2309	5.131	1.126
69.139	4.654e-01	-3.582	2218	5.178	1.066
69.139	6.108e-01	-3.713	2109	5.221	1.015
69.139	8.028e-01	-3.837	2005	5.258	0.973
69.139	1.056e+00	-3.957	1906	5.290	0.938
69.139	1.387e+00	-4.069	1816	5.318	0.908
69.139	1.831e+00	-4.185	1723	5.342	0.883
69.139	2.397e+00	-4.292	1639	5.363	0.862
69.139	3.121e+00	-4.394	1562	5.381	0.844
69.139	4.120e+00	-4.499	1484	5.397	0.829
69.139	5.394e+00	-4.598	1413	5.411	0.816
69.139	7.119e+00	-4.696	1345	5.423	0.805
69.139	9.378e+00	-4.786	1284	5.433	0.795
70.187	1.006e-04	-0.817	3217	3.066	12.229
70.187	1.323e-04	-0.901	3194	3.137	11.265
70.187	1.739e-04	-0.991	3159	3.208	10.383
70.187	2.286e-04	-1.087	3110	3.277	9.585
70.187	3.004e-04	-1.186	3054	3.344	8.873
70.187	3.919e-04	-1.278	3003	3.407	8.259
70.187	5.172e-04	-1.363	2959	3.466	7.715
70.187	6.760e-04	-1.423	2932	3.510	7.328
70.187	8.887e-04	-1.459	2917	3.537	7.105
70.187	1.168e-03	-1.478	2909	3.552	6.987
70.187	1.524e-03	-1.496	2902	3.566	6.876
70.187	2.015e-03	-1.524	2897	3.590	6.683
70.187	2.660e-03	-1.592	2884	3.651	6.233
70.187	3.389e-03	-1.723	2870	3.773	5.414
70.187	4.455e-03	-1.849	2866	3.896	4.699
70.187	5.880e-03	-1.960	2864	4.006	4.142
70.187	7.698e-03	-2.051	2875	4.104	3.699
70.187	1.016e-02	-2.139	2890	4.201	3.309
70.187	1.328e-02	-2.222	2901	4.292	2.981
70.187	1.753e-02	-2.333	2866	4.381	2.691
70.187	2.295e-02	-2.437	2827	4.461	2.453
70.187	2.988e-02	-2.532	2794	4.536	2.251
70.187	3.944e-02	-2.628	2761	4.612	2.062
70.187	5.163e-02	-2.720	2730	4.683	1.899
70.187	6.776e-02	-2.812	2697	4.754	1.751
70.187	8.906e-02	-2.904	2663	4.824	1.616
70.187	1.171e-01	-3.007	2609	4.891	1.494
70.187	1.539e-01	-3.110	2551	4.956	1.388
70.187	2.023e-01	-3.211	2494	5.018	1.292
70.187	2.659e-01	-3.319	2424	5.076	1.208
70.187	3.469e-01	-3.436	2336	5.129	1.137
70.187	4.578e-01	-3.558	2241	5.178	1.074
70.187	5.983e-01	-3.679	2143	5.221	1.023
70.187	7.867e-01	-3.803	2037	5.258	0.980
70.187	1.034e+00	-3.918	1942	5.290	0.944
70.187	1.365e+00	-4.031	1850	5.318	0.914
70.187	1.787e+00	-4.133	1768	5.342	0.890
70.187	2.358e+00	-4.236	1687	5.363	0.869
70.187	3.087e+00	-4.329	1615	5.380	0.852
70.187	4.075e+00	-4.420	1546	5.395	0.837
70.187	5.335e+00	-4.502	1485	5.408	0.825
70.187	7.042e+00	-4.581	1428	5.419	0.815
70.187	9.276e+00	-4.650	1380	5.427	0.806
71.234	1.029e-04	-0.813	3224	3.072	12.230
71.234	1.353e-04	-0.897	3202	3.143	11.263
71.234	1.772e-04	-0.986	3167	3.214	10.390
71.234	2.320e-04	-1.081	3119	3.282	9.602
71.234	3.062e-04	-1.181	3062	3.350	8.877
71.234	4.008e-04	-1.273	3010	3.413	8.258
71.234	5.291e-04	-1.357	2967	3.471	7.726
71.234	6.926e-04	-1.414	2941	3.513	7.361
71.234	9.143e-04	-1.446	2927	3.537	7.159
71.234	1.197e-03	-1.464	2920	3.551	7.048
71.234	1.571e-03	-1.484	2912	3.566	6.925
71.234	2.065e-03	-1.517	2903	3.593	6.712
71.234	2.725e-03	-1.600	2888	3.667	6.164
71.234	3.565e-03	-1.746	2871	3.803	5.270
71.234	4.678e-03	-1.864	2869	3.920	4.606
71.234	6.149e-03	-1.969	2868	4.025	4.082
71.234	8.020e-03	-2.057	2880	4.120	3.658
71.234	1.059e-02	-2.144	2895	4.216	3.276
71.234	1.386e-02	-2.228	2905	4.306	2.953
71.234	1.819e-02	-2.337	2869	4.393	2.674
71.234	2.391e-02	-2.441	2830	4.474	2.436
71.234	3.143e-02	-2.539	2796	4.551	2.229
71.234	4.116e-02	-2.632	2765	4.624	2.048
71.234	5.388e-02	-2.724	2733	4.696	1.886
71.234	7.072e-02	-2.816	2700	4.766	1.739
71.234	9.295e-02	-2.907	2666	4.836	1.605
71.234	1.212e-01	-3.008	2613	4.901	1.488
71.234	1.600e-01	-3.113	2554	4.967	1.381
71.234	2.095e-01	-3.212	2498	5.027	1.288
71.234	2.750e-01	-3.319	2429	5.085	1.204
71.234	3.614e-01	-3.437	2340	5.139	1.132
71.234	4.751e-01	-3.556	2247	5.187	1.071
71.234	6.245e-01	-3.676	2149	5.230	1.019
71.234	8.259e-01	-3.799	2044	5.267	0.977
71.234	1.077e+00	-3.905	1957	5.297	0.944
71.234	1.422e+00	-4.012	1869	5.324	0.915
71.234	1.861e+00	-4.104	1795	5.346	0.892
71.234	2.462e+00	-4.197	1721	5.365	0.873
71.234	3.237e+00	-4.278	1657	5.381	0.857
71.234	4.254e+00	-4.352	1601	5.394	0.844
71.234	5.549e+00	-4.415	1553	5.404	0.834
71.234	7.324e+00	-4.471	1511	5.413	0.826
71.234	9.588e+00	-4.515	1479	5.420	0.820
72.282	1.029e-04	-0.802	3233	3.072	12.313
72.282	1.359e-04	-0.887	3211	3.145	11.323
72.282	1.779e-04	-0.975	3178	3.215	10.443
72.282	2.334e-04	-1.072	3129	3.285	9.641
72.282	3.068e-04	-1.170	3073	3.352	8.922
72.282	4.002e-04	-1.261	3022	3.414	8.308
72.282	5.282e-04	-1.344	2978	3.471	7.778
72.282	6.915e-04	-1.400	2952	3.512	7.423
72.282	9.128e-04	-1.431	2939	3.535	7.229
72.282	1.195e-03	-1.448	2932	3.548	7.118
72.282	1.568e-03	-1.469	2923	3.564	6.990
72.282	2.061e-03	-1.506	2910	3.593	6.764
72.282	2.721e-03	-1.597	2893	3.673	6.164
72.282	3.562e-03	-1.742	2875	3.809	5.275
72.282	4.702e-03	-1.861	2873	3.926	4.610
72.282	6.155e-03	-1.964	2872	4.028	4.099
72.282	8.078e-03	-2.053	2884	4.124	3.668
72.282	1.058e-02	-2.137	2898	4.217	3.298
72.282	1.382e-02	-2.219	2909	4.306	2.976
72.282	1.803e-02	-2.323	2878	4.391	2.700
72.282	2.367e-02	-2.427	2839	4.471	2.459
72.282	3.099e-02	-2.524	2806	4.548	2.253
72.282	4.057e-02	-2.617	2774	4.621	2.070
72.282	5.325e-02	-2.710	2742	4.694	1.904
72.282	6.973e-02	-2.800	2710	4.764	1.757
72.282	9.129e-02	-2.891	2677	4.833	1.623
72.282	1.205e-01	-2.993	2625	4.901	1.499
72.282	1.577e-01	-3.095	2568	4.965	1.393
72.282	2.082e-01	-3.197	2510	5.028	1.296
72.282	2.726e-01	-3.301	2445	5.086	1.213
72.282	3.598e-01	-3.418	2360	5.141	1.138
72.282	4.710e-01	-3.535	2268	5.188	1.077
72.282	6.217e-01	-3.649	2177	5.232	1.025
72.282	8.222e-01	-3.773	2070	5.269	0.982
72.282	1.076e+00	-3.876	1986	5.299	0.949
72.282	1.402e+00	-3.971	1906	5.323	0.922
72.282	1.850e+00	-4.058	1836	5.345	0.900
72.282	2.437e+00	-4.138	1771	5.363	0.881
72.282	3.203e+00	-4.207	1716	5.377	0.867
72.282	4.178e+00	-4.264	1672	5.388	0.856
72.282	5.515e+00	-4.313	1634	5.397	0.847
72.282	7.219e+00	-4.349	1606	5.403	0.841
72.282	9.529e+00	-4.375	1586	5.408	0.837
73.330	1.020e-04	-0.789	3243	3.070	12.430
73.330	1.341e-04	-0.872	3221	3.142	11.443
73.330	1.763e-04	-0.961	3191	3.214	10.535
73.330	2.317e-04	-1.058	3142	3.284	9.718
73.330	3.022e-04	-1.153	3088	3.350	9.010
73.330	3.989e-04	-1.249	3034	3.415	8.362
73.330	5.222e-04	-1.329	2990	3.470	7.847
73.330	6.893e-04	-1.386	2963	3.511	7.486
73.330	9.008e-04	-1.415	2951	3.532	7.304
73.330	1.175e-03	-1.432	2944	3.545	7.194
73.330	1.551e-03	-1.454	2935	3.562	7.060
73.330	2.043e-03	-1.493	2918	3.592	6.822
73.330	2.685e-03	-1.587	2900	3.674	6.202
73.330	3.437e-03	-1.722	2881	3.798	5.381
73.330	4.517e-03	-1.840	2877	3.913	4.710
73.330	5.939e-03	-1.945	2875	4.017	4.180
73.330	7.805e-03	-2.036	2885	4.114	3.739
73.330	1.026e-02	-2.121	2899	4.207	3.358
73.330	1.344e-02	-2.203	2911	4.297	3.029
73.330	1.756e-02	-2.301	2890	4.383	2.743
73.330	2.291e-02	-2.404	2852	4.463	2.502
73.330	3.006e-02	-2.503	2817	4.540	2.289
73.330	3.951e-02	-2.598	2786	4.615	2.100
73.330	5.154e-02	-2.688	2754	4.686	1.935
73.330	6.764e-02	-2.780	2722	4.757	1.783
73.330	8.890e-02	-2.872	2688	4.827	1.645
73.330	1.169e-01	-2.969	2643	4.896	1.520
73.330	1.536e-01	-3.073	2585	4.961	1.410
73.330	2.016e-01	-3.174	2528	5.023	1.313
73.330	2.650e-01	-3.276	2466	5.082	1.227
73.330	3.484e-01	-3.386	2389	5.137	1.151
73.330	4.579e-01	-3.505	2295	5.186	1.088
73.330	5.973e-01	-3.611	2213	5.228	1.036
73.330	7.884e-01	-3.731	2109	5.266	0.993
73.330	1.032e+00	-3.832	2026	5.296	0.959
73.330	1.362e+00	-3.924	1949	5.321	0.931
73.330	1.784e+00	-4.004	1883	5.341	0.910
73.330	2.354e+00	-4.072	1829	5.358	0.893
73.330	3.101e+00	-4.132	1780	5.371	0.879
73.330	4.076e+00	-4.178	1743	5.381	0.870
73.330	5.316e+00	-4.211	1717	5.387	0.863
73.330	7.018e+00	-4.234	1699	5.392	0.858
73.330	9.171e+00	-4.246	1689	5.394	0.856
74.377	1.022e-04	-0.779	3250	3.071	12.508
74.377	1.343e-04	-0.862	3230	3.143	11.512
74.377	1.751e-04	-0.947	3203	3.213	10.621
74.377	2.312e-04	-1.046	3154	3.285	9.781
74.377	3.026e-04	-1.143	3100	3.352	9.056
74.377	3.995e-04	-1.238	3045	3.416	8.406
74.377	5.230e-04	-1.318	3001	3.471	7.895
74.377	6.903e-04	-1.373	2974	3.510	7.545
74.377	9.037e-04	-1.400	2962	3.530	7.371
74.377	1.186e-03	-1.418	2955	3.544	7.259
74.377	1.559e-03	-1.440	2945	3.561	7.119
74.377	2.058e-03	-1.484	2927	3.593	6.856
74.377	2.694e-03	-1.588	2904	3.684	6.177
74.377	3.453e-03	-1.721	2885	3.805	5.373
74.377	4.558e-03	-1.839	2880	3.920	4.706
74.377	5.956e-03	-1.940	2879	4.021	4.193
74.377	7.769e-03	-2.028	2887	4.114	3.766
74.377	1.012e-02	-2.109	2901	4.203	3.397
74.377	1.328e-02	-2.192	2913	4.293	3.063
74.377	1.745e-02	-2.288	2899	4.381	2.768
74.377	2.308e-02	-2.397	2859	4.466	2.512
74.377	3.010e-02	-2.493	2825	4.541	2.302
74.377	3.951e-02	-2.588	2794	4.616	2.112
74.377	5.193e-02	-2.681	2761	4.689	1.942
74.377	6.827e-02	-2.773	2729	4.761	1.788
74.377	8.940e-02	-2.863	2695	4.830	1.652
74.377	1.170e-01	-2.958	2654	4.897	1.528
74.377	1.536e-01	-3.062	2596	4.962	1.418
74.377	2.019e-01	-3.162	2539	5.025	1.319
74.377	2.633e-01	-3.260	2481	5.083	1.235
74.377	3.476e-01	-3.370	2406	5.139	1.157
74.377	4.550e-01	-3.485	2315	5.187	1.094
74.377	5.925e-01	-3.588	2236	5.229	1.043
74.377	7.821e-01	-3.701	2139	5.267	0.999
74.377	1.030e+00	-3.801	2055	5.296	0.965
74.377	1.349e+00	-3.884	1986	5.320	0.939
74.377	1.766e+00	-3.958	1925	5.339	0.919
74.377	2.331e+00	-4.017	1876	5.354	0.903
74.377	3.052e+00	-4.061	1841	5.365	0.892
74.377	4.028e+00	-4.097	1812	5.373	0.883
74.377	5.274e+00	-4.119	1794	5.378	0.879
74.377	6.961e+00	-4.131	1784	5.381	0.876
74.377	9.113e+00	-4.136	1780	5.382	0.875
75.425	1.008e-04	-0.766	3259	3.068	12.644
75.425	1.330e-04	-0.849	3240	3.141	11.619
75.425	1.738e-04	-0.933	3215	3.212	10.711
75.425	2.285e-04	-1.030	3167	3.283	9.872
75.425	3.003e-04	-1.128	3113	3.351	9.126
75.425	3.917e-04	-1.220	3060	3.413	8.496
75.425	5.171e-04	-1.303	3014	3.469	7.964
75.425	6.769e-04	-1.357	2987	3.507	7.624
75.425	8.935e-04	-1.385	2974	3.528	7.445
75.425	1.168e-03	-1.402	2966	3.541	7.334
75.425	1.541e-03	-1.425	2957	3.558	7.188
75.425	2.018e-03	-1.468	2939	3.591	6.926
75.425	2.663e-03	-1.580	2910	3.686	6.207
75.425	3.475e-03	-1.721	2889	3.814	5.357
75.425	4.567e-03	-1.835	2884	3.925	4.714
75.425	6.005e-03	-1.937	2883	4.026	4.196
75.425	7.892e-03	-2.027	2891	4.121	3.762
75.425	1.029e-02	-2.108	2904	4.210	3.394
75.425	1.351e-02	-2.190	2916	4.300	3.062
75.425	1.776e-02	-2.285	2904	4.387	2.768
75.425	2.316e-02	-2.388	2866	4.467	2.525
75.425	3.057e-02	-2.489	2831	4.546	2.305
75.425	3.996e-02	-2.581	2800	4.620	2.117
75.425	5.253e-02	-2.675	2768	4.693	1.946
75.425	6.904e-02	-2.767	2735	4.765	1.792
75.425	9.078e-02	-2.858	2701	4.835	1.653
75.425	1.193e-01	-2.954	2660	4.903	1.528
75.425	1.569e-01	-3.058	2602	4.969	1.417
75.425	2.054e-01	-3.157	2546	5.030	1.320
75.425	2.689e-01	-3.255	2488	5.089	1.234
75.425	3.529e-01	-3.361	2416	5.144	1.159
75.425	4.622e-01	-3.474	2329	5.192	1.096
75.425	6.050e-01	-3.576	2249	5.234	1.045
75.425	7.941e-01	-3.680	2162	5.270	1.002
75.425	1.044e+00	-3.776	2080	5.298	0.970
75.425	1.370e+00	-3.852	2017	5.321	0.945
75.425	1.800e+00	-3.916	1964	5.338	0.926
75.425	2.367e+00	-3.966	1922	5.351	0.913
75.425	3.111e+00	-4.000	1894	5.359	0.904
75.425	4.090e+00	-4.022	1876	5.365	0.898
75.425	5.356e+00	-4.034	1866	5.368	0.895
75.425	7.012e+00	-4.039	1862	5.369	0.894
75.425	9.203e+00	-4.041	1860	5.370	0.893
76.472	1.006e-04	-0.756	3266	3.068	12.734
76.472	1.328e-04	-0.839	3249	3.141	11.699
76.472	1.749e-04	-0.925	3224	3.214	10.757
76.472	2.298e-04	-1.021	3177	3.285	9.912
76.472	3.022e-04	-1.119	3123	3.354	9.162
76.472	3.972e-04	-1.213	3069	3.417	8.514
76.472	5.180e-04	-1.291	3025	3.470	8.012
76.472	6.838e-04	-1.344	2998	3.507	7.677
76.472	8.952e-04	-1.370	2985	3.526	7.512
76.472	1.166e-03	-1.387	2977	3.539	7.403
76.472	1.515e-03	-1.410	2968	3.556	7.261
76.472	2.000e-03	-1.455	2949	3.590	6.980
76.472	2.618e-03	-1.569	2917	3.685	6.257
76.472	3.376e-03	-1.704	2894	3.806	5.443
76.472	4.420e-03	-1.817	2887	3.915	4.799
76.472	5.801e-03	-1.918	2886	4.016	4.275
76.472	7.597e-03	-2.009	2891	4.109	3.838
76.472	9.945e-03	-2.091	2905	4.200	3.460
76.472	1.295e-02	-2.170	2917	4.286	3.131
76.472	1.709e-02	-2.259	2918	4.376	2.825
76.472	2.252e-02	-2.367	2878	4.459	2.565
76.472	2.959e-02	-2.467	2843	4.538	2.343
76.472	3.860e-02	-2.560	2812	4.612	2.153
76.472	5.095e-02	-2.654	2779	4.686	1.976
76.472	6.670e-02	-2.745	2747	4.757	1.821
76.472	8.754e-02	-2.836	2714	4.827	1.680
76.472	1.151e-01	-2.928	2679	4.896	1.552
76.472	1.519e-01	-3.034	2619	4.963	1.437
76.472	1.988e-01	-3.134	2563	5.025	1.338
76.472	2.589e-01	-3.228	2510	5.083	1.252
76.472	3.417e-01	-3.334	2439	5.139	1.173
76.472	4.473e-01	-3.442	2358	5.188	1.108
76.472	5.905e-01	-3.548	2274	5.232	1.054
76.472	7.717e-01	-3.640	2201	5.267	1.012
76.472	1.003e+00	-3.734	2119	5.295	0.980
76.472	1.308e+00	-3.805	2060	5.316	0.956
76.472	1.717e+00	-3.862	2013	5.333	0.938
76.472	2.257e+00	-3.904	1978	5.345	0.926
76.472	2.979e+00	-3.934	1952	5.352	0.918
76.472	3.900e+00	-3.950	1939	5.356	0.914
76.472	5.148e+00	-3.957	1933	5.358	0.912
76.472	6.782e+00	-3.959	1931	5.358	0.911
76.472	8.988e+00	-3.960	1931	5.359	0.911
77.520	1.035e-04	-0.754	3272	3.076	12.705
77.520	1.360e-04	-0.836	3255	3.148	11.685
77.520	1.788e-04	-0.922	3231	3.221	10.748
77.520	2.365e-04	-1.021	3182	3.294	9.885
77.520	3.108e-04	-1.118	3129	3.362	9.140
77.520	4.087e-04	-1.211	3075	3.425	8.501
77.520	5.371e-04	-1.287	3032	3.476	8.010
77.520	7.062e-04	-1.334	3007	3.509	7.713
77.520	9.281e-04	-1.358	2996	3.526	7.565
77.520	1.211e-03	-1.376	2988	3.539	7.452
77.520	1.601e-03	-1.404	2976	3.560	7.276
77.520	2.105e-03	-1.461	2952	3.603	6.925
77.520	2.767e-03	-1.600	2916	3.721	6.046
77.520	3.652e-03	-1.736	2894	3.844	5.246
77.520	4.781e-03	-1.843	2890	3.948	4.652
77.520	6.310e-03	-1.942	2891	4.048	4.149
77.520	8.261e-03	-2.029	2898	4.139	3.735
77.520	1.090e-02	-2.112	2912	4.231	3.360
77.520	1.427e-02	-2.193	2923	4.318	3.038
77.520	1.859e-02	-2.283	2913	4.402	2.759
77.520	2.453e-02	-2.390	2873	4.485	2.507
77.520	3.212e-02	-2.486	2841	4.562	2.296
77.520	4.240e-02	-2.582	2809	4.638	2.103
77.520	5.540e-02	-2.673	2777	4.709	1.937
77.520	7.284e-02	-2.765	2744	4.781	1.784
77.520	9.574e-02	-2.857	2710	4.851	1.646
77.520	1.259e-01	-2.951	2670	4.919	1.521
77.520	1.648e-01	-3.053	2613	4.984	1.412
77.520	2.158e-01	-3.152	2557	5.045	1.316
77.520	2.832e-01	-3.249	2501	5.103	1.231
77.520	3.722e-01	-3.352	2431	5.157	1.157
77.520	4.894e-01	-3.460	2348	5.205	1.095
77.520	6.432e-01	-3.558	2271	5.245	1.046
77.520	8.390e-01	-3.643	2203	5.277	1.007
77.520	1.107e+00	-3.731	2126	5.303	0.978
77.520	1.450e+00	-3.790	2077	5.321	0.958
77.520	1.903e+00	-3.833	2040	5.334	0.944
77.520	2.501e+00	-3.862	2017	5.342	0.935
77.520	3.262e+00	-3.878	2003	5.346	0.930
77.520	4.306e+00	-3.885	1997	5.349	0.928
77.520	5.637e+00	-3.888	1995	5.349	0.927
77.520	7.487e+00	-3.889	1994	5.350	0.927
77.520	9.922e+00	-3.889	1994	5.350	0.927
78.567	1.023e-04	-0.742	3280	3.073	12.831
78.567	1.351e-04	-0.824	3265	3.147	11.783
78.567	1.765e-04	-0.907	3242	3.218	10.856
78.567	2.321e-04	-1.004	3196	3.290	9.997
78.567	3.050e-04	-1.101	3144	3.358	9.238
78.567	4.026e-04	-1.195	3089	3.422	8.580
78.567	5.271e-04	-1.271	3046	3.473	8.090
78.567	6.958e-04	-1.319	3020	3.507	7.788
78.567	9.108e-04	-1.342	3009	3.523	7.641
78.567	1.195e-03	-1.360	3000	3.537	7.523
78.567	1.571e-03	-1.388	2987	3.557	7.348
78.567	2.074e-03	-1.447	2962	3.601	6.981
78.567	2.715e-03	-1.588	2922	3.719	6.099
78.567	3.558e-03	-1.721	2899	3.838	5.318
78.567	4.657e-03	-1.828	2894	3.942	4.718
78.567	6.148e-03	-1.927	2894	4.041	4.211
78.567	8.048e-03	-2.015	2899	4.132	3.792
78.567	1.062e-02	-2.098	2914	4.223	3.413
78.567	1.391e-02	-2.178	2925	4.310	3.087
78.567	1.811e-02	-2.262	2925	4.394	2.803
78.567	2.390e-02	-2.370	2885	4.478	2.545
78.567	3.129e-02	-2.467	2851	4.555	2.329
78.567	4.130e-02	-2.563	2819	4.632	2.132
78.567	5.398e-02	-2.654	2788	4.703	1.963
78.567	7.040e-02	-2.744	2756	4.773	1.812
78.567	9.241e-02	-2.835	2723	4.843	1.672
78.567	1.214e-01	-2.926	2688	4.911	1.545
78.567	1.584e-01	-3.027	2632	4.976	1.435
78.567	2.063e-01	-3.124	2577	5.036	1.338
78.567	2.707e-01	-3.220	2523	5.095	1.250
78.567	3.558e-01	-3.321	2456	5.150	1.174
78.567	4.641e-01	-3.421	2383	5.197	1.112
78.567	6.126e-01	-3.522	2303	5.239	1.060
78.567	8.006e-01	-3.604	2239	5.272	1.020
78.567	1.044e+00	-3.681	2173	5.297	0.991
78.567	1.378e+00	-3.744	2119	5.316	0.970
78.567	1.804e+00	-3.782	2087	5.328	0.957
78.567	2.349e+00	-3.806	2067	5.335	0.949
78.567	3.101e+00	-3.819	2056	5.339	0.945
78.567	4.053e+00	-3.824	2052	5.340	0.943
78.567	5.286e+00	-3.825	2050	5.341	0.943
78.567	6.938e+00	-3.826	2050	5.341	0.943
78.567	9.195e+00	-3.826	2050	5.341	0.943
80.663	1.025e-04	-0.724	3293	3.074	12.989
80.663	1.353e-04	-0.805	3282	3.148	11.924
80.663	1.771e-04	-0.889	3259	3.220	10.975
80.663	2.337e-04	-0.985	3215	3.293	10.089
80.663	3.060e-04	-1.081	3164	3.361	9.332
80.663	4.039e-04	-1.174	3111	3.425	8.670
80.663	5.287e-04	-1.247	3069	3.474	8.192
80.663	6.939e-04	-1.290	3045	3.504	7.916
80.663	9.120e-04	-1.313	3033	3.519	7.774
80.663	1.190e-03	-1.332	3024	3.533	7.653
80.663	1.573e-03	-1.364	3008	3.556	7.454
80.663	2.068e-03	-1.432	2978	3.607	7.028
80.663	2.648e-03	-1.571	2934	3.720	6.170
80.663	3.502e-03	-1.707	2908	3.840	5.372
80.663	4.568e-03	-1.812	2901	3.941	4.786
80.663	6.030e-03	-1.909	2901	4.038	4.279
80.663	7.894e-03	-1.997	2904	4.128	3.858
80.663	1.036e-02	-2.078	2917	4.217	3.484
80.663	1.362e-02	-2.158	2929	4.304	3.149
80.663	1.776e-02	-2.237	2938	4.388	2.859
80.663	2.313e-02	-2.338	2904	4.469	2.605
80.663	3.053e-02	-2.439	2869	4.549	2.375
80.663	3.996e-02	-2.533	2838	4.624	2.179
80.663	5.275e-02	-2.628	2806	4.699	1.999
80.663	6.906e-02	-2.719	2774	4.770	1.842
80.663	9.116e-02	-2.812	2739	4.841	1.697
80.663	1.193e-01	-2.901	2706	4.909	1.569
80.663	1.575e-01	-3.003	2653	4.977	1.451
80.663	2.062e-01	-3.102	2598	5.039	1.351
80.663	2.685e-01	-3.194	2545	5.097	1.265
80.663	3.544e-01	-3.292	2484	5.152	1.187
80.663	4.669e-01	-3.389	2417	5.201	1.122
80.663	6.136e-01	-3.483	2342	5.241	1.072
80.663	8.003e-01	-3.557	2284	5.271	1.035
80.663	1.050e+00	-3.618	2236	5.295	1.007
80.663	1.376e+00	-3.666	2195	5.310	0.989
80.663	1.788e+00	-3.695	2169	5.319	0.979
80.663	2.337e+00	-3.710	2156	5.324	0.974
80.663	3.073e+00	-3.716	2151	5.325	0.972
80.663	4.038e+00	-3.717	2149	5.326	0.972
80.663	5.364e+00	-3.718	2149	5.326	0.972
80.663	7.139e+00	-3.718	2149	5.326	0.972
80.663	9.502e+00	-3.718	2149	5.326	0.972
81.710	1.024e-04	-0.715	3300	3.074	13.071
81.710	1.352e-04	-0.795	3289	3.148	11.998
81.710	1.767e-04	-0.879	3267	3.220	11.047
81.710	2.323e-04	-0.973	3226	3.292	10.164
81.710	3.053e-04	-1.069	3175	3.361	9.388
81.710	4.014e-04	-1.161	3123	3.424	8.732
81.710	5.256e-04	-1.233	3081	3.473	8.255
81.710	6.869e-04	-1.275	3058	3.502	7.986
81.710	8.960e-04	-1.297	3046	3.517	7.849
81.710	1.183e-03	-1.318	3036	3.531	7.719
81.710	1.558e-03	-1.350	3019	3.555	7.515
81.710	2.048e-03	-1.422	2987	3.608	7.068
81.710	2.692e-03	-1.578	2937	3.735	6.105
81.710	3.538e-03	-1.708	2911	3.849	5.354
81.710	4.670e-03	-1.815	2904	3.952	4.756
81.710	6.114e-03	-1.908	2905	4.045	4.272
81.710	8.025e-03	-1.996	2908	4.135	3.852
81.710	1.051e-02	-2.076	2920	4.222	3.484
81.710	1.373e-02	-2.154	2932	4.308	3.158
81.710	1.791e-02	-2.232	2941	4.391	2.868
81.710	2.351e-02	-2.334	2909	4.474	2.606
81.710	3.090e-02	-2.434	2875	4.553	2.380
81.710	4.063e-02	-2.529	2844	4.629	2.180
81.710	5.320e-02	-2.621	2812	4.702	2.005
81.710	6.964e-02	-2.712	2780	4.773	1.848
81.710	9.068e-02	-2.801	2747	4.841	1.709
81.710	1.197e-01	-2.893	2713	4.911	1.576
81.710	1.567e-01	-2.990	2665	4.977	1.461
81.710	2.057e-01	-3.090	2609	5.040	1.359
81.710	2.703e-01	-3.185	2555	5.099	1.269
81.710	3.554e-01	-3.280	2496	5.154	1.192
81.710	4.671e-01	-3.372	2433	5.201	1.128
81.710	6.141e-01	-3.463	2362	5.241	1.078
81.710	8.071e-01	-3.536	2304	5.271	1.042
81.710	1.053e+00	-3.589	2263	5.292	1.016
81.710	1.371e+00	-3.627	2232	5.307	1.000
81.710	1.809e+00	-3.653	2210	5.315	0.990
81.710	2.384e+00	-3.665	2200	5.319	0.986
81.710	3.121e+00	-3.668	2197	5.320	0.985
81.710	4.079e+00	-3.669	2196	5.320	0.984
81.710	5.320e+00	-3.669	2196	5.320	0.984
81.710	7.067e+00	-3.669	2196	5.320	0.984
81.710	9.406e+00	-3.669	2195	5.320	0.984
83.805	1.036e-04	-0.701	3311	3.077	13.185
83.805	1.367e-04	-0.781	3303	3.152	12.100
83.805	1.787e-04	-0.863	3282	3.224	11.136
83.805	2.349e-04	-0.956	3244	3.297	10.242
83.805	3.088e-04	-1.053	3193	3.366	9.459
83.805	4.060e-04	-1.143	3143	3.428	8.806
83.805	5.316e-04	-1.211	3103	3.474	8.351
83.805	6.947e-04	-1.249	3082	3.500	8.107
83.805	9.062e-04	-1.269	3071	3.514	7.976
83.805	1.196e-03	-1.291	3059	3.529	7.835
83.805	1.576e-03	-1.329	3039	3.556	7.599
83.805	2.071e-03	-1.420	2997	3.622	7.039
83.805	2.733e-03	-1.581	2945	3.753	6.058
83.805	3.601e-03	-1.707	2918	3.863	5.335
83.805	4.732e-03	-1.810	2910	3.962	4.763
83.805	6.222e-03	-1.902	2912	4.054	4.281
83.805	8.148e-03	-1.988	2914	4.142	3.868
83.805	1.065e-02	-2.067	2926	4.228	3.506
83.805	1.400e-02	-2.147	2937	4.314	3.173
83.805	1.840e-02	-2.227	2947	4.400	2.876
83.805	2.400e-02	-2.323	2921	4.481	2.619
83.805	3.150e-02	-2.422	2888	4.560	2.392
83.805	4.125e-02	-2.516	2856	4.635	2.194
83.805	5.400e-02	-2.608	2825	4.708	2.017
83.805	7.087e-02	-2.700	2792	4.779	1.858
83.805	9.315e-02	-2.791	2759	4.850	1.713
83.805	1.225e-01	-2.882	2725	4.919	1.582
83.805	1.604e-01	-2.977	2680	4.985	1.466
83.805	2.099e-01	-3.075	2625	5.047	1.365
83.805	2.771e-01	-3.171	2570	5.107	1.274
83.805	3.628e-01	-3.260	2517	5.160	1.199
83.805	4.789e-01	-3.349	2457	5.206	1.136
83.805	6.269e-01	-3.428	2398	5.243	1.089
83.805	8.228e-01	-3.493	2346	5.270	1.056
83.805	1.077e+00	-3.537	2311	5.288	1.034
83.805	1.411e+00	-3.563	2291	5.299	1.021
83.805	1.837e+00	-3.577	2280	5.304	1.015
83.805	2.424e+00	-3.582	2276	5.307	1.012
83.805	3.174e+00	-3.584	2275	5.307	1.012
83.805	4.215e+00	-3.584	2274	5.308	1.011
83.805	5.611e+00	-3.584	2274	5.308	1.011
83.805	7.468e+00	-3.585	2274	5.308	1.011
83.805	9.940e+00	-3.585	2274	5.308	1.011
85.900	1.001e-04	-0.676	3323	3.068	13.487
85.900	1.321e-04	-0.753	3318	3.143	12.375
85.900	1.740e-04	-0.837	3301	3.218	11.356
85.900	2.278e-04	-0.926	3267	3.290	10.452
85.900	2.977e-04	-1.020	3220	3.358	9.660
85.900	3.914e-04	-1.110	3171	3.421	8.984
85.900	5.145e-04	-1.180	3130	3.469	8.506
85.900	6.764e-04	-1.219	3108	3.495	8.252
85.900	8.890e-04	-1.240	3096	3.510	8.115
85.900	1.160e-03	-1.261	3085	3.525	7.975
85.900	1.534e-03	-1.301	3063	3.553	7.722
85.900	2.016e-03	-1.400	3015	3.623	7.119
85.900	2.603e-03	-1.553	2959	3.744	6.197
85.900	3.389e-03	-1.676	2928	3.849	5.490
85.900	4.454e-03	-1.780	2917	3.946	4.907
85.900	5.810e-03	-1.869	2917	4.036	4.427
85.900	7.552e-03	-1.953	2920	4.121	4.014
85.900	9.834e-03	-2.033	2927	4.205	3.646
85.900	1.298e-02	-2.113	2939	4.292	3.298
85.900	1.696e-02	-2.190	2949	4.375	2.996
85.900	2.213e-02	-2.273	2947	4.457	2.726
85.900	2.904e-02	-2.375	2911	4.537	2.485
85.900	3.817e-02	-2.471	2880	4.615	2.274
85.900	5.018e-02	-2.565	2848	4.690	2.086
85.900	6.572e-02	-2.657	2816	4.761	1.920
85.900	8.603e-02	-2.747	2783	4.831	1.771
85.900	1.129e-01	-2.837	2749	4.901	1.636
85.900	1.479e-01	-2.926	2715	4.968	1.514
85.900	1.932e-01	-3.024	2661	5.031	1.408
85.900	2.520e-01	-3.117	2609	5.090	1.316
85.900	3.308e-01	-3.206	2558	5.144	1.236
85.900	4.332e-01	-3.290	2505	5.191	1.170
85.900	5.671e-01	-3.364	2454	5.230	1.120
85.900	7.443e-01	-3.426	2407	5.259	1.083
85.900	9.782e-01	-3.471	2371	5.277	1.060
85.900	1.276e+00	-3.496	2351	5.288	1.047
85.900	1.659e+00	-3.508	2342	5.293	1.042
85.900	2.156e+00	-3.512	2339	5.294	1.040
85.900	2.803e+00	-3.513	2338	5.295	1.039
85.900	3.679e+00	-3.513	2338	5.295	1.039
85.900	4.836e+00	-3.513	2338	5.295	1.039
85.900	6.436e+00	-3.513	2338	5.295	1.039
85.900	8.566e+00	-3.514	2337	5.295	1.039
87.996	1.008e-04	-0.662	3334	3.071	13.613
87.996	1.331e-04	-0.739	3330	3.146	12.488
87.996	1.739e-04	-0.819	3317	3.218	11.485
87.996	2.287e-04	-0.909	3283	3.292	10.555
87.996	3.005e-04	-1.004	3237	3.362	9.737
87.996	3.951e-04	-1.092	3190	3.424	9.064
87.996	5.193e-04	-1.157	3152	3.469	8.607
87.996	6.828e-04	-1.193	3132	3.493	8.374
87.996	8.941e-04	-1.213	3121	3.507	8.241
87.996	1.162e-03	-1.236	3108	3.523	8.090
87.996	1.519e-03	-1.278	3085	3.552	7.821
87.996	1.997e-03	-1.391	3028	3.633	7.129
87.996	2.625e-03	-1.552	2967	3.758	6.167
87.996	3.465e-03	-1.678	2934	3.865	5.456
87.996	4.536e-03	-1.778	2924	3.958	4.900
87.996	5.987e-03	-1.868	2924	4.049	4.411
87.996	7.838e-03	-1.953	2927	4.135	3.996
87.996	1.035e-02	-2.036	2934	4.222	3.616
87.996	1.352e-02	-2.112	2945	4.305	3.286
87.996	1.763e-02	-2.188	2955	4.387	2.989
87.996	2.315e-02	-2.272	2955	4.471	2.716
87.996	3.042e-02	-2.373	2920	4.551	2.475
87.996	4.000e-02	-2.469	2888	4.629	2.264
87.996	5.238e-02	-2.562	2857	4.702	2.080
87.996	6.856e-02	-2.653	2825	4.774	1.915
87.996	8.999e-02	-2.745	2791	4.845	1.766
87.996	1.178e-01	-2.834	2758	4.913	1.632
87.996	1.540e-01	-2.921	2724	4.979	1.512
87.996	2.025e-01	-3.020	2672	5.044	1.404
87.996	2.661e-01	-3.114	2618	5.103	1.312
87.996	3.499e-01	-3.200	2569	5.156	1.234
87.996	4.582e-01	-3.277	2521	5.200	1.173
87.996	5.998e-01	-3.343	2476	5.235	1.127
87.996	7.917e-01	-3.392	2441	5.260	1.095
87.996	1.036e+00	-3.425	2416	5.274	1.077
87.996	1.368e+00	-3.441	2403	5.281	1.068
87.996	1.791e+00	-3.447	2398	5.284	1.065
87.996	2.364e+00	-3.449	2397	5.284	1.065
87.996	3.140e+00	-3.449	2397	5.284	1.064
87.996	4.179e+00	-3.449	2396	5.284	1.064
87.996	5.563e+00	-3.449	2396	5.284	1.064
87.996	7.404e+00	-3.449	2396	5.284	1.064
87.996	9.855e+00	-3.450	2396	5.285	1.064
90.091	1.040e-04	-0.655	3344	3.079	13.637
90.091	1.367e-04	-0.730	3341	3.153	12.524
90.091	1.783e-04	-0.809	3330	3.226	11.523
90.091	2.340e-04	-0.900	3296	3.299	10.593
90.091	3.076e-04	-0.993	3252	3.368	9.776
90.091	4.044e-04	-1.077	3207	3.429	9.119
90.091	5.315e-04	-1.137	3173	3.470	8.697
90.091	6.988e-04	-1.168	3155	3.491	8.490
90.091	9.151e-04	-1.188	3144	3.505	8.356
90.091	1.205e-03	-1.216	3128	3.524	8.173
90.091	1.584e-03	-1.271	3098	3.562	7.820
90.091	2.076e-03	-1.417	3025	3.667	6.935
90.091	2.704e-03	-1.561	2971	3.780	6.087
90.091	3.556e-03	-1.680	2940	3.881	5.421
90.091	4.673e-03	-1.778	2930	3.973	4.875
90.091	6.095e-03	-1.863	2931	4.059	4.417
90.091	8.046e-03	-1.949	2934	4.146	3.994
90.091	1.051e-02	-2.029	2939	4.229	3.631
90.091	1.382e-02	-2.107	2950	4.313	3.295
90.091	1.817e-02	-2.184	2960	4.397	2.992
90.091	2.370e-02	-2.263	2965	4.478	2.725
90.091	3.110e-02	-2.363	2931	4.558	2.484
90.091	4.088e-02	-2.460	2899	4.636	2.272
90.091	5.332e-02	-2.551	2868	4.709	2.090
90.091	7.038e-02	-2.645	2835	4.783	1.919
90.091	9.214e-02	-2.735	2802	4.853	1.771
90.091	1.209e-01	-2.825	2769	4.922	1.635
90.091	1.589e-01	-2.914	2734	4.989	1.513
90.091	2.073e-01	-3.007	2686	5.051	1.409
90.091	2.737e-01	-3.102	2633	5.110	1.316
90.091	3.582e-01	-3.183	2586	5.161	1.241
90.091	4.702e-01	-3.255	2543	5.203	1.182
90.091	6.157e-01	-3.314	2503	5.235	1.140
90.091	8.060e-01	-3.353	2476	5.256	1.113
90.091	1.058e+00	-3.376	2461	5.267	1.098
90.091	1.385e+00	-3.386	2453	5.273	1.092
90.091	1.810e+00	-3.390	2450	5.274	1.090
90.091	2.390e+00	-3.391	2450	5.275	1.089
90.091	3.181e+00	-3.391	2450	5.275	1.089
90.091	4.234e+00	-3.391	2450	5.275	1.089
90.091	5.635e+00	-3.391	2450	5.275	1.089
90.091	7.500e+00	-3.391	2449	5.275	1.089
90.091	9.983e+00	-3.392	2449	5.275	1.089
92.186	1.030e-04	-0.637	3355	3.077	13.831
92.186	1.357e-04	-0.713	3353	3.152	12.692
92.186	1.784e-04	-0.793	3343	3.226	11.646
92.186	2.346e-04	-0.884	3310	3.300	10.698
92.186	3.072e-04	-0.973	3271	3.369	9.883
92.186	4.021e-04	-1.055	3227	3.428	9.236
92.186	5.308e-04	-1.113	3196	3.468	8.818
92.186	6.948e-04	-1.141	3179	3.488	8.621
92.186	9.119e-04	-1.162	3167	3.502	8.482
92.186	1.199e-03	-1.191	3151	3.522	8.285
92.186	1.582e-03	-1.254	3116	3.566	7.877
92.186	2.071e-03	-1.413	3035	3.679	6.918
92.186	2.724e-03	-1.559	2978	3.792	6.075
92.186	3.588e-03	-1.675	2948	3.890	5.423
92.186	4.699e-03	-1.771	2936	3.979	4.895
92.186	6.140e-03	-1.855	2937	4.064	4.439
92.186	8.073e-03	-1.939	2940	4.149	4.024
92.186	1.061e-02	-2.020	2944	4.233	3.654
92.186	1.395e-02	-2.097	2955	4.317	3.320
92.186	1.833e-02	-2.175	2965	4.400	3.016
92.186	2.411e-02	-2.253	2973	4.483	2.740
92.186	3.168e-02	-2.352	2943	4.564	2.496
92.186	4.182e-02	-2.450	2910	4.643	2.280
92.186	5.465e-02	-2.542	2879	4.716	2.095
92.186	7.128e-02	-2.633	2847	4.787	1.931
92.186	9.410e-02	-2.726	2813	4.860	1.777
92.186	1.232e-01	-2.815	2780	4.928	1.642
92.186	1.626e-01	-2.904	2746	4.996	1.518
92.186	2.129e-01	-2.996	2700	5.059	1.412
92.186	2.794e-01	-3.087	2649	5.116	1.322
92.186	3.672e-01	-3.167	2603	5.166	1.249
92.186	4.828e-01	-3.232	2565	5.206	1.193
92.186	6.322e-01	-3.284	2531	5.234	1.155
92.186	8.276e-01	-3.316	2509	5.251	1.132
92.186	1.086e+00	-3.333	2498	5.260	1.120
92.186	1.412e+00	-3.339	2493	5.263	1.116
92.186	1.849e+00	-3.341	2492	5.264	1.115
92.186	2.436e+00	-3.341	2492	5.265	1.114
92.186	3.242e+00	-3.341	2492	5.265	1.114
92.186	4.315e+00	-3.342	2492	5.265	1.114
92.186	5.743e+00	-3.342	2492	5.265	1.114
92.186	7.645e+00	-3.342	2492	5.265	1.114
92.186	1.000e+01	-3.342	2492	5.265	1.114
94.281	1.008e-04	-0.616	3365	3.071	14.081
94.281	1.330e-04	-0.692	3363	3.146	12.913
94.281	1.741e-04	-0.770	3357	3.220	11.862
94.281	2.285e-04	-0.858	3328	3.294	10.897
94.281	3.003e-04	-0.947	3292	3.364	10.050
94.281	3.949e-04	-1.030	3249	3.424	9.377
94.281	5.190e-04	-1.086	3219	3.464	8.961
94.281	6.823e-04	-1.114	3203	3.484	8.760
94.281	8.935e-04	-1.135	3191	3.498	8.617
94.281	1.177e-03	-1.166	3174	3.519	8.407
94.281	1.547e-03	-1.232	3137	3.565	7.975
94.281	2.034e-03	-1.399	3050	3.683	6.964
94.281	2.673e-03	-1.544	2989	3.793	6.133
94.281	3.515e-03	-1.658	2958	3.889	5.490
94.281	4.619e-03	-1.756	2944	3.978	4.956
94.281	6.025e-03	-1.839	2943	4.062	4.503
94.281	7.953e-03	-1.923	2946	4.147	4.081
94.281	1.039e-02	-2.003	2949	4.228	3.716
94.281	1.356e-02	-2.078	2958	4.309	3.387
94.281	1.789e-02	-2.156	2968	4.393	3.075
94.281	2.343e-02	-2.232	2978	4.474	2.800
94.281	3.092e-02	-2.326	2959	4.557	2.544
94.281	4.048e-02	-2.422	2927	4.635	2.328
94.281	5.313e-02	-2.516	2895	4.710	2.135
94.281	6.983e-02	-2.609	2863	4.783	1.962
94.281	9.108e-02	-2.698	2830	4.853	1.811
94.281	1.202e-01	-2.790	2796	4.923	1.669
94.281	1.574e-01	-2.877	2763	4.990	1.547
94.281	2.077e-01	-2.967	2724	5.055	1.435
94.281	2.720e-01	-3.057	2673	5.112	1.344
94.281	3.569e-01	-3.136	2628	5.161	1.269
94.281	4.674e-01	-3.199	2591	5.200	1.214
94.281	6.108e-01	-3.244	2565	5.227	1.176
94.281	7.968e-01	-3.275	2544	5.244	1.155
94.281	1.046e+00	-3.289	2534	5.252	1.144
94.281	1.369e+00	-3.295	2531	5.255	1.140
94.281	1.793e+00	-3.296	2530	5.255	1.139
94.281	2.381e+00	-3.296	2530	5.255	1.139
94.281	3.156e+00	-3.296	2530	5.255	1.139
94.281	4.200e+00	-3.296	2529	5.255	1.139
94.281	5.590e+00	-3.297	2529	5.256	1.139
94.281	7.441e+00	-3.297	2529	5.256	1.139
94.281	9.904e+00	-3.297	2529	5.256	1.139
96.376	1.006e-04	-0.601	3376	3.071	14.239
96.376	1.328e-04	-0.678	3374	3.146	13.057
96.376	1.735e-04	-0.753	3369	3.220	12.000
96.376	2.256e-04	-0.837	3344	3.291	11.053
96.376	2.943e-04	-0.923	3311	3.360	10.214
96.376	3.892e-04	-1.007	3270	3.421	9.514
96.376	5.117e-04	-1.061	3241	3.460	9.097
96.376	6.725e-04	-1.089	3226	3.480	8.896
96.376	8.772e-04	-1.109	3214	3.494	8.751
96.376	1.160e-03	-1.142	3197	3.517	8.523
96.376	1.525e-03	-1.213	3156	3.567	8.050
96.376	1.954e-03	-1.369	3072	3.675	7.101
96.376	2.584e-03	-1.523	3001	3.788	6.235
96.376	3.397e-03	-1.636	2970	3.884	5.587
96.376	4.465e-03	-1.735	2952	3.972	5.049
96.376	5.824e-03	-1.819	2949	4.054	4.592
96.376	7.643e-03	-1.900	2951	4.137	4.174
96.376	1.001e-02	-1.980	2954	4.219	3.800
96.376	1.308e-02	-2.057	2961	4.299	3.464
96.376	1.706e-02	-2.131	2970	4.379	3.160
96.376	2.252e-02	-2.209	2980	4.462	2.870
96.376	2.943e-02	-2.291	2978	4.543	2.616
96.376	3.839e-02	-2.387	2946	4.620	2.393
96.376	5.038e-02	-2.482	2914	4.696	2.192
96.376	6.622e-02	-2.575	2882	4.770	2.013
96.376	8.637e-02	-2.665	2850	4.840	1.857
96.376	1.134e-01	-2.755	2816	4.910	1.714
96.376	1.490e-01	-2.844	2783	4.978	1.585
96.376	1.959e-01	-2.929	2751	5.043	1.471
96.376	2.565e-01	-3.018	2702	5.101	1.375
96.376	3.358e-01	-3.097	2657	5.151	1.298
96.376	4.433e-01	-3.163	2619	5.192	1.239
96.376	5.803e-01	-3.208	2593	5.219	1.200
96.376	7.556e-01	-3.234	2578	5.236	1.178
96.376	9.917e-01	-3.248	2569	5.244	1.168
96.376	1.303e+00	-3.253	2566	5.246	1.164
96.376	1.700e+00	-3.254	2565	5.247	1.163
96.376	2.258e+00	-3.254	2565	5.247	1.163
96.376	3.006e+00	-3.254	2565	5.247	1.163
96.376	4.000e+00	-3.254	2565	5.247	1.163
96.376	5.325e+00	-3.254	2565	5.247	1.163
96.376	7.087e+00	-3.255	2565	5.247	1.163
96.376	9.433e+00	-3.255	2565	5.247	1.162
98.471	1.047e-04	-0.598	3385	3.082	14.214
98.471	1.376e-04	-0.673	3383	3.156	13.047
98.471	1.816e-04	-0.752	3378	3.233	11.951
98.471	2.373e-04	-0.838	3352	3.305	10.994
98.471	3.120e-04	-0.925	3318	3.374	10.153
98.471	4.101e-04	-1.000	3282	3.430	9.522
98.471	5.392e-04	-1.045	3258	3.463	9.170
98.471	7.087e-04	-1.069	3245	3.479	8.995
98.471	9.243e-04	-1.091	3233	3.495	8.836
98.471	1.222e-03	-1.130	3212	3.523	8.553
98.471	1.607e-03	-1.233	3154	3.594	7.883
98.471	2.112e-03	-1.410	3061	3.720	6.822
98.471	2.777e-03	-1.547	3001	3.822	6.065
98.471	3.650e-03	-1.655	2972	3.913	5.462
98.471	4.799e-03	-1.750	2956	3.998	4.949
98.471	6.285e-03	-1.832	2955	4.080	4.504
98.471	8.227e-03	-1.912	2958	4.161	4.102
98.471	1.086e-02	-1.993	2961	4.244	3.728
98.471	1.422e-02	-2.069	2968	4.325	3.399
98.471	1.866e-02	-2.145	2978	4.406	3.096
98.471	2.443e-02	-2.220	2987	4.487	2.820
98.471	3.193e-02	-2.304	2981	4.567	2.571
98.471	4.215e-02	-2.403	2948	4.647	2.345
98.471	5.518e-02	-2.497	2917	4.722	2.151
98.471	7.242e-02	-2.590	2884	4.795	1.977
98.471	9.518e-02	-2.681	2851	4.867	1.821
98.471	1.251e-01	-2.771	2817	4.936	1.681
98.471	1.645e-01	-2.859	2784	5.003	1.556
98.471	2.162e-01	-2.942	2753	5.066	1.447
98.471	2.832e-01	-3.028	2704	5.122	1.358
98.471	3.707e-01	-3.100	2663	5.167	1.289
98.471	4.893e-01	-3.155	2631	5.201	1.239
98.471	6.406e-01	-3.189	2611	5.222	1.210
98.471	8.456e-01	-3.207	2600	5.233	1.194
98.471	1.105e+00	-3.214	2596	5.237	1.189
98.471	1.437e+00	-3.216	2595	5.238	1.187
98.471	1.874e+00	-3.216	2595	5.239	1.187
98.471	2.489e+00	-3.216	2595	5.239	1.187
98.471	3.313e+00	-3.216	2595	5.239	1.187
98.471	4.409e+00	-3.217	2595	5.239	1.187
98.471	5.868e+00	-3.217	2595	5.239	1.186
98.471	7.811e+00	-3.217	2595	5.239	1.186
98.471	1.000e+01	-3.217	2595	5.239	1.186
100.566	1.042e-04	-0.582	3395	3.081	14.382
100.566	1.378e-04	-0.660	3393	3.157	13.175
100.566	1.812e-04	-0.737	3389	3.232	12.082
100.566	2.372e-04	-0.822	3366	3.305	11.106
100.566	3.106e-04	-0.907	3333	3.373	10.271
100.566	4.107e-04	-0.980	3301	3.429	9.631
100.566	5.400e-04	-1.023	3277	3.460	9.294
100.566	7.097e-04	-1.046	3265	3.476	9.122
100.566	9.257e-04	-1.069	3253	3.493	8.951
100.566	1.224e-03	-1.112	3230	3.524	8.637
100.566	1.610e-03	-1.230	3164	3.606	7.856
100.566	2.116e-03	-1.405	3071	3.729	6.816
100.566	2.793e-03	-1.542	3008	3.830	6.068
100.566	3.656e-03	-1.647	2980	3.918	5.484
100.566	4.826e-03	-1.742	2963	4.004	4.970
100.566	6.317e-03	-1.824	2961	4.085	4.528
100.566	8.291e-03	-1.903	2964	4.166	4.125
100.566	1.086e-02	-1.982	2966	4.246	3.762
100.566	1.419e-02	-2.058	2972	4.325	3.434
100.566	1.866e-02	-2.133	2982	4.406	3.127
100.566	2.443e-02	-2.208	2991	4.487	2.851
100.566	3.192e-02	-2.287	2994	4.567	2.599
100.566	4.214e-02	-2.387	2961	4.648	2.369
100.566	5.517e-02	-2.481	2929	4.723	2.172
100.566	7.183e-02	-2.571	2898	4.794	2.001
100.566	9.482e-02	-2.665	2864	4.867	1.840
100.566	1.241e-01	-2.753	2831	4.936	1.700
100.566	1.629e-01	-2.840	2798	5.002	1.575
100.566	2.141e-01	-2.922	2767	5.065	1.465
100.566	2.815e-01	-3.006	2723	5.121	1.373
100.566	3.686e-01	-3.076	2683	5.165	1.305
100.566	4.826e-01	-3.127	2654	5.197	1.258
100.566	6.370e-01	-3.159	2635	5.217	1.229
100.566	8.325e-01	-3.174	2626	5.226	1.216
100.566	1.086e+00	-3.180	2623	5.230	1.212
100.566	1.414e+00	-3.181	2622	5.231	1.210
100.566	1.856e+00	-3.181	2622	5.231	1.210
100.566	2.439e+00	-3.181	2622	5.231	1.210
100.566	3.246e+00	-3.181	2622	5.231	1.210
100.566	4.321e+00	-3.181	2622	5.231	1.210
100.566	5.751e+00	-3.182	2622	5.231	1.210
100.566	7.654e+00	-3.182	2622	5.231	1.210
100.566	1.000e+01	-3.182	2622	5.231	1.210
102.661	1.026e-04	-0.565	3403	3.077	14.598
102.661	1.348e-04	-0.640	3403	3.151	13.399
102.661	1.773e-04	-0.717	3401	3.227	12.287
102.661	2.330e-04	-0.802	3380	3.301	11.279
102.661	3.063e-04	-0.887	3348	3.370	10.414
102.661	4.026e-04	-0.957	3320	3.425	9.779
102.661	5.252e-04	-0.998	3298	3.455	9.441
102.661	6.932e-04	-1.022	3286	3.472	9.261
102.661	9.059e-04	-1.045	3273	3.489	9.084
102.661	1.191e-03	-1.088	3252	3.520	8.766
102.661	1.565e-03	-1.208	3185	3.604	7.958
102.661	1.980e-03	-1.361	3101	3.711	7.036
102.661	2.614e-03	-1.504	3030	3.814	6.248
102.661	3.422e-03	-1.613	2995	3.902	5.646
102.661	4.517e-03	-1.711	2972	3.987	5.118
102.661	5.913e-03	-1.795	2966	4.068	4.666
102.661	7.806e-03	-1.875	2969	4.150	4.246
102.661	1.022e-02	-1.953	2971	4.229	3.875
102.661	1.341e-02	-2.032	2974	4.309	3.534
102.661	1.763e-02	-2.107	2983	4.390	3.221
102.661	2.299e-02	-2.180	2993	4.468	2.941
102.661	3.018e-02	-2.254	3006	4.550	2.678
102.661	3.966e-02	-2.349	2980	4.630	2.441
102.661	5.235e-02	-2.447	2948	4.709	2.230
102.661	6.841e-02	-2.539	2916	4.782	2.050
102.661	8.923e-02	-2.629	2883	4.853	1.890
102.661	1.171e-01	-2.719	2850	4.922	1.744
102.661	1.539e-01	-2.807	2817	4.990	1.614
102.661	2.024e-01	-2.890	2786	5.053	1.500
102.661	2.660e-01	-2.969	2751	5.111	1.404
102.661	3.469e-01	-3.040	2711	5.156	1.333
102.661	4.580e-01	-3.093	2680	5.190	1.282
102.661	5.995e-01	-3.125	2662	5.210	1.253
102.661	7.869e-01	-3.141	2653	5.219	1.239
102.661	1.034e+00	-3.146	2649	5.223	1.234
102.661	1.360e+00	-3.148	2649	5.224	1.233
102.661	1.802e+00	-3.148	2648	5.224	1.233
102.661	2.393e+00	-3.148	2648	5.224	1.233
102.661	3.186e+00	-3.148	2648	5.224	1.233
102.661	4.240e+00	-3.148	2648	5.224	1.233
102.661	5.643e+00	-3.148	2648	5.224	1.233
102.661	7.511e+00	-3.148	2648	5.224	1.232
102.661	9.998e+00	-3.149	2648	5.224	1.232
104.757	1.011e-04	-0.550	3410	3.073	14.810
104.757	1.315e-04	-0.620	3413	3.145	13.640
104.757	1.735e-04	-0.697	3410	3.221	12.492
104.757	2.286e-04	-0.781	3393	3.296	11.456
104.757	3.005e-04	-0.865	3364	3.366	10.575
104.757	3.950e-04	-0.934	3337	3.421	9.927
104.757	5.192e-04	-0.975	3319	3.452	9.576
104.757	6.772e-04	-0.998	3306	3.468	9.400
104.757	8.804e-04	-1.021	3294	3.485	9.222
104.757	1.155e-03	-1.063	3272	3.515	8.901
104.757	1.519e-03	-1.182	3208	3.600	8.079
104.757	1.921e-03	-1.337	3121	3.707	7.141
104.757	2.536e-03	-1.481	3048	3.810	6.342
104.757	3.320e-03	-1.592	3006	3.897	5.734
104.757	4.357e-03	-1.690	2981	3.980	5.212
104.757	5.706e-03	-1.775	2973	4.060	4.756
104.757	7.456e-03	-1.852	2974	4.138	4.346
104.757	9.803e-03	-1.931	2977	4.218	3.963
104.757	1.288e-02	-2.010	2978	4.298	3.615
104.757	1.681e-02	-2.083	2986	4.376	3.305
104.757	2.218e-02	-2.159	2995	4.458	3.007
104.757	2.899e-02	-2.232	3008	4.537	2.744
104.757	3.781e-02	-2.317	2998	4.617	2.505
104.757	4.916e-02	-2.410	2967	4.692	2.297
104.757	6.452e-02	-2.504	2935	4.767	2.107
104.757	8.480e-02	-2.597	2902	4.840	1.937
104.757	1.115e-01	-2.688	2868	4.911	1.785
104.757	1.465e-01	-2.776	2835	4.979	1.650
104.757	1.926e-01	-2.859	2804	5.043	1.533
104.757	2.523e-01	-2.934	2776	5.101	1.435
104.757	3.323e-01	-3.008	2736	5.149	1.357
104.757	4.368e-01	-3.062	2705	5.183	1.305
104.757	5.697e-01	-3.093	2687	5.203	1.276
104.757	7.418e-01	-3.109	2678	5.212	1.262
104.757	9.792e-01	-3.114	2674	5.216	1.256
104.757	1.290e+00	-3.116	2674	5.217	1.255
104.757	1.717e+00	-3.116	2674	5.217	1.255
104.757	2.285e+00	-3.116	2673	5.217	1.255
104.757	3.041e+00	-3.116	2673	5.217	1.255
104.757	4.048e+00	-3.116	2673	5.217	1.255
104.757	5.388e+00	-3.116	2673	5.217	1.255
104.757	7.171e+00	-3.116	2673	5.217	1.255
104.757	9.545e+00	-3.117	2673	5.217	1.254
