Mass/Mjup	Age/Gyr	log(L/Lsun)	Teff	log(g)	Radius/Rjup
0.047	1.047e-04	-6.077	392	1.494	1.936
0.047	1.385e-04	-6.159	388	1.560	1.795
0.047	1.825e-04	-6.227	389	1.632	1.652
0.047	2.398e-04	-6.344	379	1.706	1.517
0.047	3.172e-04	-6.470	367	1.777	1.398
0.047	4.195e-04	-6.594	356	1.845	1.293
0.047	5.515e-04	-6.713	344	1.907	1.204
0.047	7.248e-04	-6.828	333	1.966	1.125
0.047	9.568e-04	-6.946	322	2.023	1.054
0.047	1.265e-03	-7.066	310	2.078	0.989
0.047	1.673e-03	-7.186	298	2.130	0.931
0.047	2.204e-03	-7.308	286	2.180	0.879
0.047	2.897e-03	-7.432	273	2.226	0.834
0.047	3.824e-03	-7.552	262	2.271	0.792
0.047	5.037e-03	-7.673	250	2.313	0.755
0.047	6.621e-03	-7.791	239	2.352	0.721
0.047	8.636e-03	-7.903	229	2.387	0.693
0.047	1.133e-02	-8.018	218	2.421	0.666
0.047	1.490e-02	-8.137	208	2.454	0.641
0.047	1.966e-02	-8.258	197	2.486	0.618
0.047	2.590e-02	-8.378	187	2.515	0.598
0.047	3.404e-02	-8.495	178	2.542	0.579
0.047	4.502e-02	-8.617	168	2.568	0.562
0.047	5.943e-02	-8.738	159	2.592	0.547
0.047	7.828e-02	-8.856	151	2.615	0.533
0.047	1.029e-01	-8.975	142	2.637	0.520
0.047	1.361e-01	-9.099	134	2.659	0.507
0.047	1.789e-01	-9.221	127	2.679	0.495
0.047	2.351e-01	-9.344	119	2.698	0.484
0.047	3.091e-01	-9.468	112	2.715	0.475
0.047	4.063e-01	-9.592	106	2.732	0.466
0.047	5.342e-01	-9.717	99	2.748	0.457
0.047	6.995e-01	-9.843	93	2.762	0.450
0.047	9.157e-01	-9.969	87	2.776	0.442
0.047	1.202e+00	-10.095	82	2.790	0.436
0.047	1.574e+00	-10.218	77	2.802	0.430
0.047	2.073e+00	-10.330	72	2.813	0.424
0.063	1.032e-04	-5.880	439	1.622	1.930
0.063	1.359e-04	-5.982	429	1.684	1.797
0.063	1.786e-04	-6.074	422	1.746	1.673
0.063	2.362e-04	-6.159	417	1.811	1.552
0.063	3.124e-04	-6.265	407	1.876	1.440
0.063	4.132e-04	-6.392	392	1.937	1.342
0.063	5.465e-04	-6.502	380	1.994	1.258
0.063	7.227e-04	-6.615	368	2.049	1.180
0.063	9.539e-04	-6.729	355	2.102	1.110
0.063	1.249e-03	-6.841	343	2.152	1.048
0.063	1.648e-03	-6.956	330	2.202	0.990
0.063	2.171e-03	-7.071	317	2.248	0.938
0.063	2.854e-03	-7.186	305	2.292	0.892
0.063	3.722e-03	-7.304	292	2.334	0.850
0.063	4.914e-03	-7.429	278	2.375	0.811
0.063	6.498e-03	-7.558	264	2.415	0.774
0.063	8.507e-03	-7.679	251	2.451	0.743
0.063	1.125e-02	-7.802	239	2.487	0.713
0.063	1.479e-02	-7.923	227	2.519	0.687
0.063	1.944e-02	-8.045	215	2.549	0.663
0.063	2.566e-02	-8.168	204	2.579	0.641
0.063	3.394e-02	-8.293	193	2.606	0.622
0.063	4.443e-02	-8.415	182	2.631	0.604
0.063	5.875e-02	-8.543	172	2.655	0.588
0.063	7.756e-02	-8.673	162	2.677	0.573
0.063	1.026e-01	-8.805	152	2.699	0.558
0.063	1.362e-01	-8.938	142	2.720	0.545
0.063	1.802e-01	-9.072	133	2.740	0.532
0.063	2.368e-01	-9.202	125	2.758	0.522
0.063	3.126e-01	-9.333	117	2.775	0.512
0.063	4.117e-01	-9.459	110	2.790	0.503
0.063	5.411e-01	-9.587	103	2.804	0.495
0.063	7.157e-01	-9.715	96	2.818	0.487
0.063	9.447e-01	-9.832	90	2.829	0.481
0.063	1.237e+00	-9.935	86	2.839	0.475
0.063	1.632e+00	-10.028	82	2.847	0.471
0.063	2.137e+00	-10.104	78	2.854	0.467
0.063	2.821e+00	-10.173	76	2.860	0.464
0.063	3.693e+00	-10.234	73	2.865	0.461
0.063	4.847e+00	-10.299	71	2.871	0.458
0.126	1.029e-04	-5.467	477	1.655	2.628
0.126	1.353e-04	-5.564	468	1.719	2.439
0.126	1.789e-04	-5.660	460	1.784	2.266
0.126	2.366e-04	-5.759	450	1.846	2.109
0.126	3.129e-04	-5.849	443	1.907	1.966
0.126	4.081e-04	-5.942	434	1.964	1.841
0.126	5.387e-04	-6.054	420	2.021	1.723
0.126	7.052e-04	-6.170	405	2.074	1.622
0.126	9.326e-04	-6.279	392	2.125	1.529
0.126	1.233e-03	-6.389	379	2.174	1.445
0.126	1.622e-03	-6.498	365	2.220	1.370
0.126	2.131e-03	-6.608	352	2.265	1.301
0.126	2.813e-03	-6.721	338	2.309	1.237
0.126	3.683e-03	-6.833	324	2.350	1.181
0.126	4.870e-03	-6.953	310	2.390	1.127
0.126	6.429e-03	-7.074	295	2.429	1.078
0.126	8.502e-03	-7.203	280	2.465	1.034
0.126	1.113e-02	-7.325	266	2.498	0.995
0.126	1.472e-02	-7.450	252	2.531	0.958
0.126	1.943e-02	-7.575	239	2.561	0.925
0.126	2.559e-02	-7.701	226	2.590	0.895
0.126	3.364e-02	-7.828	213	2.617	0.867
0.126	4.423e-02	-7.958	201	2.643	0.842
0.126	5.813e-02	-8.092	189	2.668	0.819
0.126	7.643e-02	-8.229	177	2.690	0.798
0.126	1.004e-01	-8.368	165	2.711	0.779
0.126	1.326e-01	-8.509	154	2.731	0.761
0.126	1.736e-01	-8.641	144	2.749	0.745
0.126	2.291e-01	-8.776	135	2.767	0.730
0.126	2.999e-01	-8.908	126	2.783	0.717
0.126	3.959e-01	-9.044	118	2.798	0.705
0.126	5.183e-01	-9.177	110	2.811	0.694
0.126	6.802e-01	-9.313	102	2.825	0.683
0.126	8.940e-01	-9.454	95	2.837	0.674
0.126	1.166e+00	-9.593	88	2.849	0.665
0.126	1.542e+00	-9.739	82	2.860	0.656
0.126	2.012e+00	-9.875	76	2.870	0.649
0.126	2.655e+00	-10.008	71	2.879	0.642
0.189	1.022e-04	-5.180	581	1.886	2.466
0.189	1.349e-04	-5.286	565	1.944	2.307
0.189	1.766e-04	-5.388	550	1.997	2.170
0.189	2.331e-04	-5.490	534	2.050	2.043
0.189	3.071e-04	-5.596	518	2.100	1.927
0.189	4.036e-04	-5.706	499	2.148	1.825
0.189	5.327e-04	-5.820	480	2.194	1.730
0.189	7.046e-04	-5.931	462	2.238	1.645
0.189	9.281e-04	-6.040	445	2.280	1.567
0.189	1.220e-03	-6.147	428	2.320	1.496
0.189	1.604e-03	-6.259	410	2.360	1.429
0.189	2.108e-03	-6.366	394	2.397	1.369
0.189	2.782e-03	-6.474	379	2.435	1.311
0.189	3.642e-03	-6.581	363	2.470	1.259
0.189	4.808e-03	-6.695	347	2.506	1.209
0.189	6.333e-03	-6.810	331	2.540	1.162
0.189	8.324e-03	-6.927	316	2.572	1.119
0.189	1.094e-02	-7.051	299	2.603	1.080
0.189	1.438e-02	-7.178	283	2.633	1.044
0.189	1.891e-02	-7.308	267	2.661	1.011
0.189	2.485e-02	-7.432	252	2.687	0.980
0.189	3.287e-02	-7.561	238	2.713	0.952
0.189	4.322e-02	-7.689	224	2.736	0.926
0.189	5.680e-02	-7.820	210	2.759	0.903
0.189	7.468e-02	-7.954	197	2.780	0.881
0.189	9.815e-02	-8.092	184	2.800	0.862
0.189	1.296e-01	-8.234	171	2.818	0.843
0.189	1.707e-01	-8.378	159	2.835	0.827
0.189	2.235e-01	-8.515	149	2.851	0.812
0.189	2.926e-01	-8.649	139	2.866	0.798
0.189	3.869e-01	-8.787	129	2.880	0.785
0.189	5.087e-01	-8.923	120	2.893	0.774
0.189	6.686e-01	-9.061	112	2.905	0.763
0.189	8.790e-01	-9.199	104	2.917	0.753
0.189	1.151e+00	-9.339	97	2.927	0.744
0.189	1.507e+00	-9.482	90	2.937	0.735
0.189	1.989e+00	-9.628	83	2.947	0.727
0.189	2.604e+00	-9.771	77	2.956	0.720
0.262	1.017e-04	-4.944	686	2.079	2.326
0.262	1.340e-04	-5.045	666	2.130	2.195
0.262	1.761e-04	-5.149	645	2.178	2.076
0.262	2.329e-04	-5.260	622	2.225	1.966
0.262	3.074e-04	-5.368	599	2.270	1.868
0.262	4.050e-04	-5.479	576	2.312	1.778
0.262	5.323e-04	-5.597	551	2.352	1.698
0.262	7.026e-04	-5.715	526	2.391	1.625
0.262	9.181e-04	-5.838	500	2.426	1.559
0.262	1.212e-03	-5.953	478	2.460	1.500
0.262	1.603e-03	-6.062	458	2.495	1.442
0.262	2.111e-03	-6.180	436	2.527	1.389
0.262	2.775e-03	-6.286	417	2.558	1.340
0.262	3.663e-03	-6.400	398	2.589	1.293
0.262	4.844e-03	-6.509	380	2.620	1.248
0.262	6.341e-03	-6.617	363	2.649	1.207
0.262	8.371e-03	-6.732	346	2.678	1.167
0.262	1.096e-02	-6.846	329	2.706	1.131
0.262	1.446e-02	-6.969	312	2.733	1.095
0.262	1.890e-02	-7.093	294	2.759	1.064
0.262	2.485e-02	-7.227	276	2.783	1.034
0.262	3.266e-02	-7.354	260	2.806	1.007
0.262	4.312e-02	-7.483	245	2.828	0.982
0.262	5.644e-02	-7.610	230	2.848	0.959
0.262	7.450e-02	-7.743	216	2.868	0.937
0.262	9.814e-02	-7.879	202	2.887	0.918
0.262	1.290e-01	-8.017	188	2.904	0.899
0.262	1.696e-01	-8.159	175	2.921	0.883
0.262	2.229e-01	-8.303	162	2.936	0.867
0.262	2.942e-01	-8.448	151	2.950	0.853
0.262	3.852e-01	-8.582	140	2.963	0.841
0.262	5.084e-01	-8.720	131	2.975	0.829
0.262	6.697e-01	-8.857	122	2.987	0.818
0.262	8.770e-01	-8.993	113	2.997	0.808
0.262	1.148e+00	-9.130	105	3.007	0.799
0.262	1.515e+00	-9.274	97	3.017	0.790
0.262	1.996e+00	-9.421	90	3.026	0.782
0.262	2.624e+00	-9.568	83	3.034	0.774
0.262	3.450e+00	-9.717	76	3.042	0.768
0.524	1.034e-04	-4.372	986	2.438	2.176
0.524	1.366e-04	-4.499	940	2.483	2.065
0.524	1.799e-04	-4.620	898	2.525	1.968
0.524	2.364e-04	-4.740	857	2.564	1.882
0.524	3.121e-04	-4.857	819	2.602	1.802
0.524	4.111e-04	-4.988	775	2.637	1.730
0.524	5.403e-04	-5.111	736	2.670	1.667
0.524	7.131e-04	-5.229	700	2.701	1.607
0.524	9.431e-04	-5.360	660	2.731	1.552
0.524	1.235e-03	-5.466	631	2.759	1.504
0.524	1.633e-03	-5.630	584	2.787	1.456
0.524	2.147e-03	-5.699	569	2.812	1.414
0.524	2.839e-03	-5.836	534	2.839	1.372
0.524	3.731e-03	-5.968	502	2.863	1.334
0.524	4.906e-03	-6.098	472	2.885	1.300
0.524	6.448e-03	-6.232	442	2.907	1.268
0.524	8.527e-03	-6.361	416	2.927	1.239
0.524	1.121e-02	-6.478	393	2.947	1.211
0.524	1.474e-02	-6.578	375	2.967	1.184
0.524	1.945e-02	-6.688	356	2.987	1.157
0.524	2.546e-02	-6.801	338	3.006	1.132
0.524	3.361e-02	-6.919	319	3.025	1.107
0.524	4.400e-02	-7.040	301	3.044	1.084
0.524	5.819e-02	-7.177	281	3.062	1.061
0.524	7.681e-02	-7.307	263	3.079	1.040
0.524	1.006e-01	-7.433	247	3.095	1.022
0.524	1.327e-01	-7.565	231	3.110	1.003
0.524	1.738e-01	-7.697	216	3.125	0.987
0.524	2.280e-01	-7.833	201	3.139	0.971
0.524	2.997e-01	-7.974	187	3.152	0.957
0.524	3.941e-01	-8.120	173	3.164	0.943
0.524	5.179e-01	-8.267	160	3.175	0.931
0.524	6.755e-01	-8.408	148	3.185	0.921
0.524	8.917e-01	-8.551	137	3.195	0.910
0.524	1.165e+00	-8.690	128	3.204	0.901
0.524	1.520e+00	-8.824	119	3.212	0.893
0.524	1.995e+00	-8.962	110	3.220	0.885
0.524	2.622e+00	-9.102	102	3.227	0.877
0.524	3.447e+00	-9.250	94	3.234	0.870
0.524	4.531e+00	-9.399	87	3.241	0.863
0.524	5.910e+00	-9.545	80	3.247	0.857
0.786	1.040e-04	-4.033	1185	2.597	2.220
0.786	1.366e-04	-4.137	1148	2.643	2.103
0.786	1.782e-04	-4.249	1103	2.687	2.000
0.786	2.352e-04	-4.386	1044	2.729	1.906
0.786	3.080e-04	-4.512	992	2.767	1.825
0.786	4.065e-04	-4.639	942	2.803	1.751
0.786	5.355e-04	-4.781	885	2.836	1.685
0.786	7.038e-04	-4.912	835	2.866	1.627
0.786	9.307e-04	-5.042	788	2.895	1.574
0.786	1.229e-03	-5.168	744	2.923	1.525
0.786	1.618e-03	-5.293	703	2.948	1.481
0.786	2.127e-03	-5.414	665	2.973	1.440
0.786	2.808e-03	-5.527	632	2.997	1.400
0.786	3.713e-03	-5.670	590	3.021	1.363
0.786	4.861e-03	-5.808	551	3.041	1.331
0.786	6.380e-03	-5.944	516	3.061	1.301
0.786	8.385e-03	-6.084	481	3.079	1.274
0.786	1.094e-02	-6.212	451	3.096	1.250
0.786	1.446e-02	-6.339	423	3.113	1.226
0.786	1.902e-02	-6.453	400	3.129	1.203
0.786	2.499e-02	-6.561	379	3.145	1.181
0.786	3.299e-02	-6.667	360	3.161	1.159
0.786	4.319e-02	-6.778	341	3.177	1.137
0.786	5.701e-02	-6.897	322	3.194	1.116
0.786	7.450e-02	-7.017	303	3.209	1.097
0.786	9.717e-02	-7.146	284	3.224	1.078
0.786	1.283e-01	-7.278	265	3.238	1.060
0.786	1.690e-01	-7.407	248	3.252	1.043
0.786	2.221e-01	-7.538	232	3.266	1.028
0.786	2.920e-01	-7.672	216	3.278	1.013
0.786	3.837e-01	-7.810	201	3.290	0.999
0.786	5.065e-01	-7.957	186	3.301	0.986
0.786	6.631e-01	-8.103	172	3.312	0.975
0.786	8.703e-01	-8.250	159	3.321	0.964
0.786	1.140e+00	-8.394	147	3.330	0.955
0.786	1.492e+00	-8.534	136	3.338	0.946
0.786	1.958e+00	-8.673	126	3.345	0.938
0.786	2.574e+00	-8.812	117	3.352	0.930
0.786	3.384e+00	-8.955	108	3.359	0.923
0.786	4.431e+00	-9.099	100	3.366	0.916
0.786	5.791e+00	-9.245	92	3.372	0.910
0.786	7.614e+00	-9.395	85	3.377	0.904
1.048	1.036e-04	-3.779	1347	2.689	2.304
1.048	1.351e-04	-3.891	1299	2.737	2.180
1.048	1.783e-04	-4.005	1249	2.785	2.064
1.048	2.335e-04	-4.117	1202	2.829	1.962
1.048	3.064e-04	-4.259	1134	2.870	1.871
1.048	4.027e-04	-4.396	1071	2.907	1.793
1.048	5.316e-04	-4.524	1015	2.942	1.722
1.048	6.947e-04	-4.651	961	2.974	1.661
1.048	9.134e-04	-4.784	905	3.004	1.604
1.048	1.200e-03	-4.923	849	3.031	1.554
1.048	1.585e-03	-5.055	799	3.058	1.507
1.048	2.087e-03	-5.187	751	3.082	1.466
1.048	2.733e-03	-5.307	710	3.105	1.428
1.048	3.578e-03	-5.434	668	3.127	1.392
1.048	4.723e-03	-5.575	624	3.148	1.359
1.048	6.222e-03	-5.716	582	3.167	1.329
1.048	8.177e-03	-5.855	543	3.185	1.302
1.048	1.075e-02	-5.989	507	3.202	1.277
1.048	1.413e-02	-6.117	476	3.218	1.253
1.048	1.865e-02	-6.253	444	3.234	1.231
1.048	2.442e-02	-6.381	416	3.248	1.211
1.048	3.223e-02	-6.490	394	3.263	1.191
1.048	4.219e-02	-6.591	374	3.277	1.171
1.048	5.580e-02	-6.708	353	3.292	1.151
1.048	7.337e-02	-6.823	333	3.306	1.132
1.048	9.642e-02	-6.943	314	3.321	1.114
1.048	1.268e-01	-7.072	293	3.334	1.096
1.048	1.666e-01	-7.199	275	3.348	1.080
1.048	2.173e-01	-7.323	258	3.360	1.064
1.048	2.869e-01	-7.457	240	3.373	1.049
1.048	3.756e-01	-7.588	224	3.384	1.035
1.048	4.957e-01	-7.730	208	3.395	1.022
1.048	6.490e-01	-7.873	193	3.406	1.010
1.048	8.566e-01	-8.023	178	3.415	0.999
1.048	1.121e+00	-8.169	164	3.424	0.989
1.048	1.480e+00	-8.319	151	3.432	0.980
1.048	1.934e+00	-8.459	140	3.440	0.971
1.048	2.543e+00	-8.599	130	3.447	0.963
1.048	3.343e+00	-8.740	120	3.453	0.956
1.048	4.395e+00	-8.885	111	3.460	0.949
1.048	5.776e+00	-9.032	102	3.466	0.943
1.048	7.534e+00	-9.176	95	3.471	0.937
1.048	9.888e+00	-9.325	87	3.476	0.931
1.571	1.025e-04	-3.457	1550	2.788	2.520
1.571	1.347e-04	-3.562	1505	2.840	2.373
1.571	1.757e-04	-3.659	1463	2.889	2.241
1.571	2.320e-04	-3.767	1416	2.940	2.115
1.571	3.055e-04	-3.875	1368	2.988	2.000
1.571	4.016e-04	-3.991	1314	3.034	1.898
1.571	5.301e-04	-4.143	1234	3.076	1.807
1.571	6.983e-04	-4.293	1156	3.114	1.731
1.571	9.177e-04	-4.425	1092	3.147	1.666
1.571	1.207e-03	-4.558	1030	3.178	1.607
1.571	1.586e-03	-4.698	966	3.207	1.555
1.571	2.085e-03	-4.828	911	3.234	1.508
1.571	2.740e-03	-4.986	843	3.258	1.466
1.571	3.617e-03	-5.121	790	3.281	1.428
1.571	4.735e-03	-5.255	740	3.301	1.395
1.571	6.215e-03	-5.387	694	3.321	1.364
1.571	8.139e-03	-5.525	648	3.339	1.336
1.571	1.065e-02	-5.662	604	3.356	1.310
1.571	1.398e-02	-5.798	564	3.372	1.286
1.571	1.838e-02	-5.929	528	3.387	1.264
1.571	2.397e-02	-6.064	492	3.401	1.243
1.571	3.164e-02	-6.203	458	3.415	1.224
1.571	4.142e-02	-6.331	429	3.428	1.206
1.571	5.437e-02	-6.448	403	3.440	1.189
1.571	7.146e-02	-6.566	380	3.452	1.172
1.571	9.395e-02	-6.678	358	3.464	1.156
1.571	1.235e-01	-6.790	338	3.477	1.140
1.571	1.621e-01	-6.906	319	3.489	1.124
1.571	2.130e-01	-7.027	299	3.501	1.109
1.571	2.800e-01	-7.152	281	3.513	1.094
1.571	3.681e-01	-7.282	262	3.524	1.080
1.571	4.839e-01	-7.415	244	3.535	1.066
1.571	6.360e-01	-7.549	227	3.545	1.054
1.571	8.296e-01	-7.688	211	3.554	1.042
1.571	1.089e+00	-7.832	195	3.563	1.031
1.571	1.431e+00	-7.979	180	3.572	1.022
1.571	1.881e+00	-8.130	166	3.580	1.012
1.571	2.473e+00	-8.277	153	3.587	1.004
1.571	3.251e+00	-8.419	142	3.593	0.996
1.571	4.273e+00	-8.560	131	3.600	0.989
1.571	5.618e+00	-8.704	121	3.606	0.982
1.571	7.357e+00	-8.848	112	3.611	0.976
1.571	9.631e+00	-8.992	103	3.616	0.971
2.095	1.002e-04	-3.215	1717	2.848	2.715
2.095	1.317e-04	-3.330	1659	2.903	2.548
2.095	1.738e-04	-3.438	1607	2.956	2.397
2.095	2.299e-04	-3.552	1550	3.007	2.260
2.095	3.009e-04	-3.656	1501	3.055	2.139
2.095	3.972e-04	-3.761	1452	3.102	2.025
2.095	5.232e-04	-3.865	1405	3.149	1.920
2.095	6.876e-04	-3.973	1355	3.194	1.823
2.095	8.969e-04	-4.118	1275	3.234	1.739
2.095	1.186e-03	-4.280	1187	3.271	1.667
2.095	1.566e-03	-4.425	1113	3.304	1.605
2.095	2.063e-03	-4.571	1041	3.334	1.551
2.095	2.711e-03	-4.706	978	3.361	1.504
2.095	3.536e-03	-4.862	906	3.385	1.463
2.095	4.667e-03	-4.999	849	3.407	1.426
2.095	6.148e-03	-5.138	793	3.428	1.392
2.095	8.080e-03	-5.269	743	3.447	1.361
2.095	1.062e-02	-5.411	692	3.466	1.333
2.095	1.396e-02	-5.551	645	3.483	1.307
2.095	1.821e-02	-5.689	601	3.498	1.284
2.095	2.390e-02	-5.826	560	3.513	1.263
2.095	3.142e-02	-5.968	520	3.526	1.243
2.095	4.147e-02	-6.110	483	3.539	1.225
2.095	5.429e-02	-6.246	450	3.551	1.208
2.095	7.125e-02	-6.367	422	3.563	1.192
2.095	9.364e-02	-6.492	396	3.574	1.177
2.095	1.231e-01	-6.604	373	3.585	1.162
2.095	1.628e-01	-6.715	352	3.596	1.147
2.095	2.140e-01	-6.836	331	3.608	1.132
2.095	2.814e-01	-6.953	311	3.618	1.118
2.095	3.698e-01	-7.075	292	3.629	1.104
2.095	4.823e-01	-7.203	273	3.639	1.091
2.095	6.367e-01	-7.336	254	3.649	1.079
2.095	8.335e-01	-7.466	237	3.659	1.067
2.095	1.100e+00	-7.604	220	3.668	1.056
2.095	1.440e+00	-7.744	204	3.677	1.046
2.095	1.901e+00	-7.893	188	3.685	1.036
2.095	2.504e+00	-8.044	173	3.692	1.027
2.095	3.291e+00	-8.192	160	3.699	1.019
2.095	4.293e+00	-8.334	148	3.705	1.012
2.095	5.667e+00	-8.477	137	3.711	1.005
2.095	7.419e+00	-8.618	126	3.717	0.998
2.095	9.737e+00	-8.763	117	3.722	0.992
2.619	1.025e-04	-3.038	1848	2.895	2.875
2.619	1.353e-04	-3.147	1797	2.955	2.683
2.619	1.782e-04	-3.263	1736	3.011	2.514
2.619	2.342e-04	-3.372	1680	3.064	2.365
2.619	3.055e-04	-3.497	1609	3.113	2.236
2.619	4.032e-04	-3.612	1546	3.160	2.120
2.619	5.278e-04	-3.714	1496	3.204	2.015
2.619	6.968e-04	-3.803	1459	3.249	1.913
2.619	9.178e-04	-3.892	1422	3.295	1.815
2.619	1.206e-03	-4.035	1343	3.338	1.726
2.619	1.595e-03	-4.201	1248	3.376	1.652
2.619	2.097e-03	-4.356	1163	3.410	1.590
2.619	2.757e-03	-4.505	1087	3.439	1.536
2.619	3.639e-03	-4.645	1018	3.467	1.488
2.619	4.755e-03	-4.804	942	3.491	1.448
2.619	6.252e-03	-4.942	881	3.513	1.411
2.619	8.217e-03	-5.082	823	3.533	1.379
2.619	1.080e-02	-5.214	771	3.553	1.348
2.619	1.429e-02	-5.363	715	3.571	1.321
2.619	1.878e-02	-5.507	664	3.587	1.296
2.619	2.469e-02	-5.651	617	3.602	1.274
2.619	3.233e-02	-5.790	574	3.616	1.253
2.619	4.232e-02	-5.931	533	3.629	1.235
2.619	5.587e-02	-6.075	494	3.641	1.218
2.619	7.314e-02	-6.211	460	3.652	1.202
2.619	9.654e-02	-6.340	430	3.664	1.187
2.619	1.264e-01	-6.466	402	3.674	1.173
2.619	1.668e-01	-6.578	379	3.684	1.159
2.619	2.198e-01	-6.692	357	3.695	1.145
2.619	2.888e-01	-6.812	336	3.705	1.131
2.619	3.820e-01	-6.930	315	3.716	1.118
2.619	5.022e-01	-7.052	296	3.726	1.105
2.619	6.576e-01	-7.185	275	3.735	1.093
2.619	8.609e-01	-7.311	258	3.744	1.081
2.619	1.136e+00	-7.442	240	3.753	1.070
2.619	1.488e+00	-7.573	224	3.762	1.060
2.619	1.967e+00	-7.717	207	3.770	1.049
2.619	2.566e+00	-7.860	191	3.778	1.040
2.619	3.387e+00	-8.012	176	3.785	1.032
2.619	4.434e+00	-8.158	162	3.792	1.024
2.619	5.820e+00	-8.303	150	3.798	1.017
2.619	7.622e+00	-8.443	139	3.803	1.010
2.619	9.977e+00	-8.584	128	3.809	1.004
3.143	1.036e-04	-2.890	1952	2.921	3.055
3.143	1.367e-04	-3.006	1895	2.985	2.838
3.143	1.790e-04	-3.113	1842	3.044	2.653
3.143	2.350e-04	-3.224	1785	3.100	2.488
3.143	3.088e-04	-3.336	1725	3.153	2.340
3.143	4.060e-04	-3.483	1632	3.203	2.210
3.143	5.336e-04	-3.591	1573	3.247	2.100
3.143	7.057e-04	-3.679	1535	3.293	1.992
3.143	9.333e-04	-3.771	1495	3.340	1.887
3.143	1.232e-03	-3.878	1444	3.386	1.789
3.143	1.623e-03	-4.037	1350	3.429	1.704
3.143	2.133e-03	-4.192	1262	3.465	1.634
3.143	2.804e-03	-4.346	1176	3.497	1.574
3.143	3.686e-03	-4.496	1097	3.526	1.523
3.143	4.846e-03	-4.636	1027	3.552	1.478
3.143	6.369e-03	-4.790	953	3.576	1.439
3.143	8.307e-03	-4.926	892	3.596	1.404
3.143	1.099e-02	-5.067	832	3.617	1.372
3.143	1.444e-02	-5.208	775	3.635	1.343
3.143	1.898e-02	-5.352	720	3.652	1.317
3.143	2.476e-02	-5.495	669	3.667	1.294
3.143	3.268e-02	-5.638	622	3.682	1.273
3.143	4.279e-02	-5.782	577	3.695	1.254
3.143	5.648e-02	-5.929	534	3.708	1.236
3.143	7.381e-02	-6.070	495	3.719	1.220
3.143	9.704e-02	-6.203	462	3.730	1.204
3.143	1.275e-01	-6.339	429	3.740	1.190
3.143	1.684e-01	-6.463	402	3.750	1.176
3.143	2.218e-01	-6.570	380	3.760	1.163
3.143	2.915e-01	-6.693	356	3.770	1.150
3.143	3.847e-01	-6.806	336	3.780	1.137
3.143	5.068e-01	-6.923	316	3.790	1.124
3.143	6.637e-01	-7.048	295	3.799	1.112
3.143	8.688e-01	-7.175	276	3.809	1.100
3.143	1.147e+00	-7.304	258	3.818	1.089
3.143	1.501e+00	-7.432	241	3.826	1.078
3.143	1.982e+00	-7.569	223	3.835	1.067
3.143	2.610e+00	-7.711	207	3.843	1.058
3.143	3.418e+00	-7.856	191	3.850	1.049
3.143	4.475e+00	-8.004	176	3.857	1.041
3.143	5.827e+00	-8.148	163	3.863	1.034
3.143	7.691e+00	-8.296	150	3.869	1.026
3.143	1.000e+01	-8.434	139	3.874	1.020
3.666	1.030e-04	-2.771	2029	2.937	3.242
3.666	1.360e-04	-2.864	2000	3.004	2.999
3.666	1.792e-04	-2.977	1944	3.068	2.787
3.666	2.355e-04	-3.087	1888	3.127	2.603
3.666	3.071e-04	-3.194	1832	3.182	2.443
3.666	4.031e-04	-3.307	1770	3.236	2.298
3.666	5.279e-04	-3.448	1679	3.285	2.171
3.666	6.911e-04	-3.545	1630	3.330	2.060
3.666	9.070e-04	-3.642	1583	3.376	1.954
3.666	1.200e-03	-3.747	1531	3.423	1.852
3.666	1.577e-03	-3.860	1471	3.468	1.759
3.666	2.081e-03	-4.021	1374	3.509	1.677
3.666	2.741e-03	-4.178	1281	3.545	1.610
3.666	3.603e-03	-4.331	1195	3.576	1.553
3.666	4.765e-03	-4.480	1114	3.605	1.502
3.666	6.289e-03	-4.628	1039	3.631	1.458
3.666	8.233e-03	-4.770	970	3.654	1.420
3.666	1.089e-02	-4.914	904	3.676	1.384
3.666	1.432e-02	-5.053	844	3.695	1.354
3.666	1.875e-02	-5.196	785	3.713	1.326
3.666	2.454e-02	-5.341	729	3.730	1.301
3.666	3.240e-02	-5.490	676	3.745	1.278
3.666	4.233e-02	-5.632	627	3.759	1.259
3.666	5.566e-02	-5.779	581	3.771	1.240
3.666	7.315e-02	-5.924	538	3.783	1.223
3.666	9.656e-02	-6.071	497	3.794	1.208
3.666	1.272e-01	-6.210	462	3.805	1.193
3.666	1.672e-01	-6.336	432	3.815	1.180
3.666	2.207e-01	-6.460	405	3.824	1.167
3.666	2.907e-01	-6.581	379	3.834	1.154
3.666	3.820e-01	-6.696	357	3.843	1.142
3.666	5.043e-01	-6.805	337	3.853	1.129
3.666	6.643e-01	-6.928	316	3.862	1.117
3.666	8.731e-01	-7.053	295	3.872	1.105
3.666	1.148e+00	-7.178	276	3.880	1.094
3.666	1.509e+00	-7.305	258	3.889	1.083
3.666	1.984e+00	-7.436	241	3.898	1.072
3.666	2.607e+00	-7.572	223	3.906	1.063
3.666	3.428e+00	-7.714	207	3.913	1.053
3.666	4.505e+00	-7.861	191	3.920	1.045
3.666	5.923e+00	-8.012	176	3.927	1.037
3.666	7.785e+00	-8.161	162	3.933	1.030
3.666	1.000e+01	-8.295	150	3.938	1.023
4.190	1.031e-04	-2.675	2088	2.949	3.418
4.190	1.354e-04	-2.765	2060	3.015	3.167
4.190	1.779e-04	-2.855	2032	3.081	2.935
4.190	2.339e-04	-2.965	1978	3.145	2.728
4.190	3.074e-04	-3.076	1920	3.204	2.547
4.190	4.042e-04	-3.186	1862	3.261	2.385
4.190	5.312e-04	-3.301	1798	3.315	2.242
4.190	6.929e-04	-3.433	1715	3.364	2.119
4.190	9.094e-04	-3.525	1671	3.412	2.006
4.190	1.195e-03	-3.637	1610	3.459	1.900
4.190	1.578e-03	-3.751	1547	3.504	1.803
4.190	2.065e-03	-3.877	1475	3.547	1.717
4.190	2.731e-03	-4.039	1374	3.586	1.642
4.190	3.563e-03	-4.190	1284	3.619	1.581
4.190	4.703e-03	-4.342	1197	3.649	1.526
4.190	6.195e-03	-4.484	1121	3.677	1.478
4.190	8.142e-03	-4.631	1045	3.702	1.436
4.190	1.075e-02	-4.773	976	3.725	1.398
4.190	1.404e-02	-4.912	912	3.746	1.366
4.190	1.832e-02	-5.052	850	3.764	1.336
4.190	2.404e-02	-5.198	790	3.782	1.310
4.190	3.160e-02	-5.347	731	3.798	1.286
4.190	4.155e-02	-5.491	679	3.813	1.264
4.190	5.460e-02	-5.639	628	3.826	1.244
4.190	7.179e-02	-5.787	581	3.839	1.227
4.190	9.436e-02	-5.940	536	3.850	1.211
4.190	1.246e-01	-6.081	497	3.861	1.196
4.190	1.641e-01	-6.218	462	3.871	1.182
4.190	2.156e-01	-6.337	434	3.880	1.169
4.190	2.846e-01	-6.476	403	3.890	1.157
4.190	3.764e-01	-6.596	378	3.899	1.145
4.190	4.959e-01	-6.703	357	3.908	1.133
4.190	6.517e-01	-6.812	337	3.917	1.121
4.190	8.602e-01	-6.941	315	3.927	1.109
4.190	1.133e+00	-7.065	295	3.936	1.097
4.190	1.489e+00	-7.187	276	3.944	1.087
4.190	1.958e+00	-7.315	257	3.953	1.076
4.190	2.574e+00	-7.448	240	3.961	1.066
4.190	3.357e+00	-7.580	223	3.969	1.057
4.190	4.431e+00	-7.725	206	3.976	1.047
4.190	5.801e+00	-7.872	190	3.983	1.039
4.190	7.613e+00	-8.023	175	3.989	1.032
4.190	1.000e+01	-8.171	161	3.995	1.025
4.714	1.035e-04	-2.590	2142	2.959	3.584
4.714	1.361e-04	-2.681	2112	3.026	3.317
4.714	1.789e-04	-2.770	2085	3.093	3.071
4.714	2.352e-04	-2.864	2053	3.159	2.846
4.714	3.080e-04	-2.972	1999	3.221	2.649
4.714	4.032e-04	-3.082	1941	3.280	2.476
4.714	5.323e-04	-3.195	1881	3.338	2.316
4.714	6.968e-04	-3.306	1819	3.391	2.179
4.714	9.197e-04	-3.427	1748	3.443	2.053
4.714	1.212e-03	-3.532	1693	3.492	1.939
4.714	1.592e-03	-3.665	1610	3.538	1.839
4.714	2.077e-03	-3.776	1547	3.580	1.752
4.714	2.742e-03	-3.918	1461	3.622	1.671
4.714	3.583e-03	-4.071	1365	3.657	1.604
4.714	4.711e-03	-4.222	1274	3.689	1.546
4.714	6.191e-03	-4.370	1190	3.718	1.496
4.714	8.172e-03	-4.510	1115	3.745	1.450
4.714	1.076e-02	-4.656	1039	3.769	1.410
4.714	1.415e-02	-4.799	970	3.791	1.375
4.714	1.860e-02	-4.942	904	3.811	1.343
4.714	2.436e-02	-5.086	841	3.830	1.315
4.714	3.189e-02	-5.232	780	3.846	1.290
4.714	4.209e-02	-5.381	722	3.862	1.267
4.714	5.501e-02	-5.525	670	3.876	1.247
4.714	7.232e-02	-5.674	620	3.889	1.228
4.714	9.505e-02	-5.820	574	3.901	1.211
4.714	1.255e-01	-5.978	527	3.912	1.196
4.714	1.659e-01	-6.126	487	3.922	1.182
4.714	2.172e-01	-6.238	459	3.932	1.169
4.714	2.867e-01	-6.380	425	3.941	1.157
4.714	3.792e-01	-6.518	395	3.950	1.145
4.714	5.015e-01	-6.626	373	3.959	1.133
4.714	6.606e-01	-6.729	353	3.968	1.121
4.714	8.682e-01	-6.850	331	3.977	1.110
4.714	1.148e+00	-6.976	310	3.986	1.098
4.714	1.510e+00	-7.096	290	3.995	1.087
4.714	1.984e+00	-7.220	272	4.003	1.077
4.714	2.609e+00	-7.352	253	4.011	1.067
4.714	3.416e+00	-7.484	236	4.019	1.057
4.714	4.464e+00	-7.619	219	4.027	1.048
4.714	5.823e+00	-7.759	203	4.034	1.040
4.714	7.686e+00	-7.913	186	4.040	1.032
4.714	1.000e+01	-8.058	172	4.046	1.025
5.238	1.042e-04	-2.513	2191	2.967	3.742
5.238	1.370e-04	-2.605	2161	3.036	3.458
5.238	1.800e-04	-2.695	2133	3.103	3.199
5.238	2.367e-04	-2.787	2104	3.170	2.961
5.238	3.110e-04	-2.886	2064	3.236	2.745
5.238	4.113e-04	-2.998	2007	3.300	2.551
5.238	5.408e-04	-3.110	1948	3.359	2.383
5.238	7.082e-04	-3.218	1889	3.415	2.235
5.238	9.255e-04	-3.328	1828	3.467	2.103
5.238	1.217e-03	-3.442	1764	3.519	1.982
5.238	1.599e-03	-3.573	1681	3.567	1.876
5.238	2.111e-03	-3.699	1604	3.611	1.782
5.238	2.764e-03	-3.815	1536	3.652	1.700
5.238	3.655e-03	-3.967	1440	3.692	1.625
5.238	4.824e-03	-4.124	1341	3.726	1.562
5.238	6.316e-03	-4.270	1255	3.756	1.509
5.238	8.352e-03	-4.416	1172	3.784	1.461
5.238	1.098e-02	-4.561	1095	3.809	1.419
5.238	1.443e-02	-4.703	1022	3.833	1.382
5.238	1.905e-02	-4.848	952	3.854	1.348
5.238	2.494e-02	-4.990	887	3.873	1.318
5.238	3.273e-02	-5.137	823	3.891	1.292
5.238	4.302e-02	-5.286	763	3.907	1.268
5.238	5.612e-02	-5.428	709	3.921	1.247
5.238	7.407e-02	-5.581	654	3.935	1.228
5.238	9.697e-02	-5.727	606	3.947	1.211
5.238	1.280e-01	-5.892	554	3.959	1.195
5.238	1.686e-01	-6.035	514	3.969	1.181
5.238	2.216e-01	-6.162	480	3.978	1.168
5.238	2.925e-01	-6.286	449	3.988	1.155
5.238	3.868e-01	-6.448	412	3.997	1.143
5.238	5.116e-01	-6.559	388	4.006	1.132
5.238	6.697e-01	-6.658	368	4.014	1.121
5.238	8.857e-01	-6.773	346	4.023	1.109
5.238	1.169e+00	-6.902	323	4.032	1.098
5.238	1.540e+00	-7.018	304	4.041	1.087
5.238	2.024e+00	-7.139	285	4.050	1.076
5.238	2.661e+00	-7.271	265	4.058	1.066
5.238	3.498e+00	-7.404	247	4.066	1.056
5.238	4.599e+00	-7.539	229	4.073	1.047
5.238	6.022e+00	-7.678	213	4.081	1.038
5.238	7.884e+00	-7.824	196	4.087	1.030
5.238	1.000e+01	-7.956	183	4.093	1.024
6.285	1.042e-04	-2.378	2274	2.976	4.058
6.285	1.365e-04	-2.468	2248	3.046	3.745
6.285	1.787e-04	-2.558	2221	3.115	3.459
6.285	2.358e-04	-2.651	2192	3.185	3.191
6.285	3.082e-04	-2.742	2160	3.251	2.955
6.285	4.052e-04	-2.837	2127	3.318	2.736
6.285	5.325e-04	-2.944	2075	3.382	2.541
6.285	7.001e-04	-3.056	2014	3.443	2.369
6.285	9.202e-04	-3.166	1955	3.501	2.216
6.285	1.210e-03	-3.277	1893	3.556	2.080
6.285	1.590e-03	-3.397	1820	3.608	1.960
6.285	2.091e-03	-3.528	1735	3.656	1.854
6.285	2.738e-03	-3.655	1654	3.699	1.764
6.285	3.578e-03	-3.768	1586	3.740	1.684
6.285	4.704e-03	-3.906	1498	3.779	1.609
6.285	6.221e-03	-4.065	1395	3.814	1.545
6.285	8.176e-03	-4.217	1301	3.845	1.491
6.285	1.075e-02	-4.361	1217	3.873	1.444
6.285	1.413e-02	-4.505	1137	3.899	1.402
6.285	1.865e-02	-4.650	1061	3.923	1.364
6.285	2.437e-02	-4.790	990	3.944	1.331
6.285	3.179e-02	-4.931	923	3.963	1.302
6.285	4.172e-02	-5.080	856	3.981	1.275
6.285	5.484e-02	-5.228	794	3.998	1.252
6.285	7.210e-02	-5.378	735	4.013	1.230
6.285	9.476e-02	-5.530	678	4.026	1.211
6.285	1.246e-01	-5.679	627	4.038	1.194
6.285	1.637e-01	-5.842	574	4.050	1.179
6.285	2.165e-01	-5.991	530	4.060	1.165
6.285	2.847e-01	-6.116	496	4.070	1.152
6.285	3.728e-01	-6.250	462	4.079	1.140
6.285	4.911e-01	-6.394	427	4.087	1.128
6.285	6.455e-01	-6.506	403	4.096	1.117
6.285	8.536e-01	-6.623	378	4.105	1.106
6.285	1.127e+00	-6.753	353	4.113	1.095
6.285	1.484e+00	-6.871	331	4.121	1.085
6.285	1.951e+00	-6.976	313	4.130	1.075
6.285	2.575e+00	-7.099	293	4.138	1.064
6.285	3.392e+00	-7.235	272	4.146	1.054
6.285	4.458e+00	-7.368	253	4.154	1.045
6.285	5.861e+00	-7.501	236	4.162	1.036
6.285	7.704e+00	-7.640	219	4.169	1.028
6.285	1.000e+01	-7.779	202	4.175	1.020
7.333	1.039e-04	-2.265	2340	2.979	4.365
7.333	1.366e-04	-2.353	2319	3.052	4.014
7.333	1.796e-04	-2.445	2293	3.124	3.695
7.333	2.360e-04	-2.536	2266	3.195	3.404
7.333	3.103e-04	-2.630	2236	3.265	3.141
7.333	4.078e-04	-2.724	2203	3.334	2.903
7.333	5.362e-04	-2.818	2169	3.401	2.686
7.333	7.047e-04	-2.924	2119	3.466	2.493
7.333	9.302e-04	-3.039	2056	3.528	2.321
7.333	1.225e-03	-3.152	1992	3.587	2.170
7.333	1.610e-03	-3.263	1929	3.641	2.037
7.333	2.100e-03	-3.380	1856	3.692	1.922
7.333	2.757e-03	-3.512	1767	3.739	1.820
7.333	3.610e-03	-3.640	1683	3.782	1.732
7.333	4.756e-03	-3.757	1612	3.824	1.651
7.333	6.250e-03	-3.895	1522	3.863	1.579
7.333	8.266e-03	-4.050	1421	3.898	1.515
7.333	1.087e-02	-4.206	1322	3.929	1.462
7.333	1.428e-02	-4.348	1238	3.957	1.416
7.333	1.878e-02	-4.493	1156	3.983	1.375
7.333	2.468e-02	-4.636	1079	4.006	1.339
7.333	3.219e-02	-4.777	1007	4.027	1.307
7.333	4.225e-02	-4.924	936	4.046	1.278
7.333	5.553e-02	-5.074	867	4.064	1.252
7.333	7.302e-02	-5.227	801	4.080	1.229
7.333	9.596e-02	-5.374	742	4.095	1.209
7.333	1.267e-01	-5.529	684	4.108	1.190
7.333	1.658e-01	-5.681	632	4.120	1.174
7.333	2.193e-01	-5.837	581	4.131	1.159
7.333	2.883e-01	-5.987	536	4.141	1.145
7.333	3.813e-01	-6.121	499	4.151	1.133
7.333	5.012e-01	-6.264	462	4.160	1.121
7.333	6.628e-01	-6.383	434	4.169	1.110
7.333	8.749e-01	-6.518	403	4.177	1.099
7.333	1.157e+00	-6.651	375	4.186	1.088
7.333	1.524e+00	-6.775	351	4.194	1.079
7.333	2.003e+00	-6.877	332	4.202	1.069
7.333	2.649e+00	-6.985	314	4.210	1.059
7.333	3.497e+00	-7.113	293	4.218	1.049
7.333	4.606e+00	-7.256	271	4.226	1.039
7.333	6.054e+00	-7.383	253	4.233	1.030
7.333	7.991e+00	-7.519	235	4.241	1.022
8.381	1.016e-04	-2.158	2398	2.973	4.699
8.381	1.330e-04	-2.247	2377	3.047	4.317
8.381	1.746e-04	-2.336	2357	3.121	3.964
8.381	2.294e-04	-2.428	2331	3.194	3.645
8.381	2.993e-04	-2.517	2305	3.264	3.363
8.381	3.950e-04	-2.613	2273	3.335	3.097
8.381	5.171e-04	-2.706	2241	3.403	2.865
8.381	6.826e-04	-2.801	2207	3.472	2.647
8.381	8.921e-04	-2.905	2157	3.536	2.459
8.381	1.173e-03	-3.018	2094	3.598	2.290
8.381	1.542e-03	-3.130	2030	3.656	2.142
8.381	2.027e-03	-3.241	1967	3.711	2.009
8.381	2.664e-03	-3.362	1890	3.763	1.892
8.381	3.502e-03	-3.496	1798	3.812	1.790
8.381	4.603e-03	-3.628	1709	3.855	1.703
8.381	6.076e-03	-3.744	1638	3.897	1.622
8.381	8.004e-03	-3.883	1546	3.936	1.551
8.381	1.052e-02	-4.034	1447	3.971	1.490
8.381	1.389e-02	-4.194	1343	4.003	1.437
8.381	1.818e-02	-4.333	1260	4.030	1.392
8.381	2.386e-02	-4.480	1175	4.055	1.352
8.381	3.136e-02	-4.624	1096	4.079	1.316
8.381	4.123e-02	-4.769	1021	4.100	1.284
8.381	5.399e-02	-4.915	949	4.119	1.256
8.381	7.067e-02	-5.062	880	4.137	1.231
8.381	9.329e-02	-5.225	809	4.153	1.209
8.381	1.229e-01	-5.369	751	4.167	1.189
8.381	1.615e-01	-5.522	693	4.180	1.171
8.381	2.120e-01	-5.677	638	4.192	1.155
8.381	2.786e-01	-5.825	590	4.203	1.140
8.381	3.677e-01	-5.984	541	4.213	1.127
8.381	4.844e-01	-6.118	504	4.223	1.115
8.381	6.367e-01	-6.254	468	4.231	1.104
8.381	8.404e-01	-6.377	439	4.240	1.093
8.381	1.111e+00	-6.520	406	4.249	1.082
8.381	1.464e+00	-6.666	375	4.256	1.073
8.381	1.924e+00	-6.776	353	4.264	1.064
8.381	2.540e+00	-6.869	336	4.272	1.054
8.381	3.346e+00	-6.980	317	4.280	1.044
8.381	4.397e+00	-7.110	295	4.288	1.035
8.381	5.815e+00	-7.248	274	4.295	1.026
8.381	7.676e+00	-7.382	255	4.303	1.017
8.381	1.000e+01	-7.511	238	4.310	1.009
9.428	1.034e-04	-2.075	2446	2.976	4.970
9.428	1.354e-04	-2.165	2426	3.052	4.554
9.428	1.777e-04	-2.256	2405	3.127	4.174
9.428	2.335e-04	-2.346	2384	3.202	3.829
9.428	3.046e-04	-2.437	2357	3.273	3.528
9.428	3.998e-04	-2.529	2330	3.345	3.249
9.428	5.255e-04	-2.624	2297	3.415	2.996
9.428	6.909e-04	-2.718	2264	3.484	2.768
9.428	9.080e-04	-2.813	2228	3.552	2.561
9.428	1.194e-03	-2.922	2172	3.616	2.377
9.428	1.569e-03	-3.035	2108	3.678	2.216
9.428	2.063e-03	-3.146	2045	3.736	2.073
9.428	2.711e-03	-3.262	1974	3.790	1.946
9.428	3.536e-03	-3.381	1898	3.840	1.837
9.428	4.668e-03	-3.522	1798	3.888	1.738
9.428	6.111e-03	-3.645	1716	3.930	1.656
9.428	8.082e-03	-3.764	1641	3.972	1.578
9.428	1.063e-02	-3.905	1548	4.010	1.510
9.428	1.397e-02	-4.064	1440	4.044	1.452
9.428	1.843e-02	-4.219	1340	4.075	1.402
9.428	2.409e-02	-4.358	1257	4.102	1.360
9.428	3.180e-02	-4.505	1172	4.127	1.321
9.428	4.163e-02	-4.647	1093	4.149	1.287
9.428	5.495e-02	-4.795	1016	4.170	1.257
9.428	7.181e-02	-4.940	945	4.189	1.230
9.428	9.441e-02	-5.092	874	4.206	1.206
9.428	1.241e-01	-5.248	807	4.221	1.185
9.428	1.641e-01	-5.401	745	4.235	1.166
9.428	2.166e-01	-5.555	686	4.248	1.148
9.428	2.836e-01	-5.707	633	4.260	1.133
9.428	3.743e-01	-5.869	580	4.271	1.119
9.428	4.931e-01	-6.018	536	4.280	1.107
9.428	6.480e-01	-6.151	499	4.289	1.096
9.428	8.453e-01	-6.273	467	4.298	1.085
9.428	1.118e+00	-6.423	431	4.306	1.075
9.428	1.476e+00	-6.559	400	4.314	1.065
9.428	1.951e+00	-6.690	373	4.322	1.055
9.428	2.555e+00	-6.789	353	4.329	1.046
9.428	3.378e+00	-6.891	335	4.337	1.037
9.428	4.460e+00	-7.014	313	4.345	1.027
9.428	5.875e+00	-7.149	291	4.353	1.018
9.428	7.721e+00	-7.282	271	4.360	1.010
9.428	1.000e+01	-7.408	253	4.367	1.002
10.476	1.026e-04	-2.005	2473	2.970	5.271
10.476	1.348e-04	-2.086	2470	3.050	4.812
10.476	1.759e-04	-2.176	2450	3.125	4.410
10.476	2.321e-04	-2.269	2429	3.203	4.034
10.476	3.039e-04	-2.359	2406	3.277	3.706
10.476	3.989e-04	-2.452	2378	3.349	3.409
10.476	5.242e-04	-2.544	2350	3.421	3.139
10.476	6.892e-04	-2.639	2317	3.491	2.895
10.476	9.026e-04	-2.732	2283	3.559	2.678
10.476	1.179e-03	-2.826	2247	3.625	2.482
10.476	1.538e-03	-2.935	2188	3.687	2.310
10.476	2.031e-03	-3.049	2122	3.749	2.152
10.476	2.658e-03	-3.160	2057	3.805	2.016
10.476	3.489e-03	-3.277	1984	3.859	1.894
10.476	4.586e-03	-3.398	1904	3.910	1.787
10.476	6.029e-03	-3.545	1798	3.956	1.694
10.476	7.924e-03	-3.660	1724	3.998	1.614
10.476	1.042e-02	-3.783	1644	4.039	1.541
10.476	1.369e-02	-3.924	1549	4.076	1.476
10.476	1.807e-02	-4.081	1442	4.109	1.420
10.476	2.362e-02	-4.229	1346	4.138	1.375
10.476	3.106e-02	-4.370	1260	4.164	1.333
10.476	4.082e-02	-4.511	1178	4.189	1.297
10.476	5.388e-02	-4.655	1099	4.211	1.264
10.476	7.053e-02	-4.798	1024	4.231	1.235
10.476	9.257e-02	-4.944	951	4.249	1.209
10.476	1.217e-01	-5.105	875	4.266	1.186
10.476	1.606e-01	-5.250	812	4.281	1.165
10.476	2.124e-01	-5.411	746	4.295	1.147
10.476	2.780e-01	-5.562	689	4.308	1.131
10.476	3.670e-01	-5.718	634	4.319	1.116
10.476	4.835e-01	-5.880	581	4.330	1.102
10.476	6.354e-01	-6.022	538	4.339	1.090
10.476	8.288e-01	-6.158	500	4.348	1.079
10.476	1.094e+00	-6.302	463	4.357	1.068
10.476	1.441e+00	-6.439	430	4.365	1.058
10.476	1.906e+00	-6.586	397	4.373	1.049
10.476	2.505e+00	-6.703	372	4.380	1.040
10.476	3.306e+00	-6.803	353	4.388	1.031
10.476	4.355e+00	-6.916	333	4.396	1.021
10.476	5.724e+00	-7.040	311	4.404	1.012
10.476	7.526e+00	-7.170	290	4.411	1.004
10.476	9.891e+00	-7.312	268	4.418	0.996
11.523	1.022e-04	-1.949	2485	2.964	5.568
11.523	1.343e-04	-2.020	2497	3.043	5.085
11.523	1.766e-04	-2.104	2491	3.124	4.635
11.523	2.335e-04	-2.200	2469	3.204	4.227
11.523	3.046e-04	-2.290	2446	3.278	3.880
11.523	4.020e-04	-2.385	2420	3.354	3.556
11.523	5.254e-04	-2.474	2394	3.425	3.276
11.523	6.830e-04	-2.564	2366	3.494	3.026
11.523	8.909e-04	-2.656	2333	3.562	2.798
11.523	1.169e-03	-2.751	2298	3.630	2.586
11.523	1.537e-03	-2.851	2254	3.697	2.394
11.523	2.020e-03	-2.964	2191	3.761	2.226
11.523	2.655e-03	-3.077	2125	3.820	2.078
11.523	3.491e-03	-3.190	2057	3.877	1.947
11.523	4.589e-03	-3.308	1982	3.930	1.831
11.523	6.033e-03	-3.433	1897	3.980	1.730
11.523	7.929e-03	-3.575	1793	4.024	1.644
11.523	1.047e-02	-3.685	1724	4.065	1.567
11.523	1.370e-02	-3.813	1637	4.103	1.501
11.523	1.809e-02	-3.949	1543	4.137	1.442
11.523	2.364e-02	-4.087	1451	4.167	1.394
11.523	3.083e-02	-4.223	1362	4.193	1.354
11.523	4.069e-02	-4.351	1282	4.217	1.316
11.523	5.361e-02	-4.478	1207	4.239	1.283
11.523	7.020e-02	-4.605	1135	4.259	1.254
11.523	9.189e-02	-4.735	1064	4.278	1.228
11.523	1.206e-01	-4.871	995	4.295	1.203
11.523	1.585e-01	-5.013	925	4.312	1.180
11.523	2.092e-01	-5.168	854	4.327	1.159
11.523	2.756e-01	-5.324	787	4.342	1.140
11.523	3.623e-01	-5.480	725	4.355	1.123
11.523	4.755e-01	-5.638	666	4.367	1.107
11.523	6.249e-01	-5.802	610	4.379	1.093
11.523	8.216e-01	-5.960	561	4.389	1.080
11.523	1.076e+00	-6.110	517	4.398	1.068
11.523	1.408e+00	-6.270	474	4.408	1.057
11.523	1.863e+00	-6.417	438	4.417	1.046
11.523	2.459e+00	-6.573	402	4.425	1.036
11.523	3.252e+00	-6.699	376	4.433	1.026
11.523	4.283e+00	-6.811	354	4.441	1.017
11.523	5.630e+00	-6.934	331	4.449	1.007
11.523	7.402e+00	-7.063	309	4.457	0.998
11.523	9.728e+00	-7.200	287	4.465	0.989
12.047	1.039e-04	-1.929	2491	2.968	5.670
12.047	1.366e-04	-1.999	2503	3.047	5.178
12.047	1.795e-04	-2.076	2509	3.127	4.719
12.047	2.370e-04	-2.172	2487	3.208	4.302
12.047	3.102e-04	-2.264	2463	3.283	3.943
12.047	4.071e-04	-2.357	2438	3.358	3.617
12.047	5.331e-04	-2.448	2412	3.430	3.329
12.047	6.979e-04	-2.538	2385	3.502	3.067
12.047	9.160e-04	-2.633	2351	3.572	2.829
12.047	1.200e-03	-2.726	2318	3.640	2.615
12.047	1.570e-03	-2.821	2281	3.707	2.422
12.047	2.073e-03	-2.935	2217	3.772	2.246
12.047	2.714e-03	-3.047	2152	3.832	2.097
12.047	3.582e-03	-3.162	2083	3.890	1.962
12.047	4.689e-03	-3.276	2011	3.943	1.845
12.047	6.190e-03	-3.397	1931	3.994	1.740
12.047	8.153e-03	-3.542	1823	4.039	1.652
12.047	1.072e-02	-3.647	1756	4.079	1.578
12.047	1.414e-02	-3.768	1675	4.117	1.510
12.047	1.863e-02	-3.892	1589	4.150	1.454
12.047	2.440e-02	-4.013	1506	4.178	1.408
12.047	3.214e-02	-4.138	1422	4.203	1.368
12.047	4.224e-02	-4.248	1351	4.224	1.334
12.047	5.576e-02	-4.358	1283	4.244	1.304
12.047	7.345e-02	-4.464	1220	4.263	1.277
12.047	9.654e-02	-4.575	1156	4.280	1.251
12.047	1.274e-01	-4.693	1091	4.298	1.226
12.047	1.668e-01	-4.818	1025	4.314	1.203
12.047	2.189e-01	-4.955	957	4.331	1.180
12.047	2.878e-01	-5.113	881	4.347	1.158
12.047	3.798e-01	-5.275	810	4.363	1.137
12.047	5.023e-01	-5.450	739	4.378	1.118
12.047	6.617e-01	-5.627	673	4.392	1.101
12.047	8.697e-01	-5.809	610	4.404	1.085
12.047	1.148e+00	-5.985	555	4.416	1.071
12.047	1.500e+00	-6.147	509	4.426	1.058
12.047	1.980e+00	-6.331	460	4.436	1.046
12.047	2.592e+00	-6.491	422	4.446	1.034
12.047	3.402e+00	-6.645	388	4.454	1.024
12.047	4.500e+00	-6.767	364	4.463	1.014
12.047	5.914e+00	-6.895	340	4.472	1.004
12.047	7.806e+00	-7.030	316	4.480	0.994
12.047	1.000e+01	-7.154	295	4.487	0.986
12.571	1.021e-04	-1.901	2496	2.962	5.830
12.571	1.336e-04	-1.970	2508	3.039	5.335
12.571	1.767e-04	-2.042	2522	3.121	4.856
12.571	2.332e-04	-2.135	2506	3.203	4.420
12.571	3.072e-04	-2.230	2482	3.281	4.039
12.571	4.038e-04	-2.323	2457	3.357	3.701
12.571	5.267e-04	-2.413	2431	3.429	3.407
12.571	6.912e-04	-2.503	2407	3.501	3.135
12.571	9.052e-04	-2.598	2373	3.571	2.891
12.571	1.185e-03	-2.690	2342	3.640	2.672
12.571	1.567e-03	-2.787	2305	3.710	2.465
12.571	2.060e-03	-2.896	2249	3.776	2.285
12.571	2.708e-03	-3.009	2183	3.837	2.128
12.571	3.532e-03	-3.119	2117	3.894	1.994
12.571	4.663e-03	-3.234	2046	3.950	1.871
12.571	6.104e-03	-3.347	1974	4.000	1.766
12.571	8.072e-03	-3.482	1876	4.046	1.673
12.571	1.066e-02	-3.597	1796	4.086	1.598
12.571	1.395e-02	-3.694	1733	4.121	1.535
12.571	1.841e-02	-3.806	1654	4.152	1.481
12.571	2.410e-02	-3.901	1589	4.177	1.439
12.571	3.164e-02	-3.994	1525	4.199	1.403
12.571	4.158e-02	-4.084	1464	4.218	1.373
12.571	5.488e-02	-4.174	1403	4.235	1.347
12.571	7.185e-02	-4.249	1356	4.250	1.323
12.571	9.502e-02	-4.343	1297	4.267	1.298
12.571	1.254e-01	-4.448	1234	4.285	1.271
12.571	1.659e-01	-4.576	1160	4.306	1.241
12.571	2.185e-01	-4.729	1076	4.328	1.210
12.571	2.872e-01	-4.904	985	4.350	1.180
12.571	3.769e-01	-5.104	889	4.371	1.151
12.571	4.954e-01	-5.310	798	4.391	1.126
12.571	6.551e-01	-5.519	715	4.408	1.104
12.571	8.613e-01	-5.720	642	4.423	1.085
12.571	1.128e+00	-5.913	579	4.435	1.069
12.571	1.477e+00	-6.091	526	4.447	1.055
12.571	1.949e+00	-6.284	474	4.457	1.042
12.571	2.578e+00	-6.447	434	4.467	1.031
12.571	3.395e+00	-6.612	396	4.476	1.020
12.571	4.463e+00	-6.731	372	4.485	1.010
12.571	5.891e+00	-6.859	347	4.493	1.000
12.571	7.711e+00	-6.989	324	4.501	0.991
12.571	1.000e+01	-7.115	302	4.509	0.982
13.095	1.000e-04	-1.874	2501	2.956	5.992
13.095	1.310e-04	-1.943	2512	3.032	5.488
13.095	1.729e-04	-2.014	2526	3.113	5.001
13.095	2.263e-04	-2.093	2527	3.193	4.562
13.095	2.993e-04	-2.191	2502	3.274	4.157
13.095	3.935e-04	-2.285	2477	3.350	3.806
13.095	5.171e-04	-2.378	2451	3.425	3.492
13.095	6.799e-04	-2.469	2426	3.498	3.210
13.095	8.936e-04	-2.564	2394	3.570	2.955
13.095	1.175e-03	-2.657	2363	3.640	2.725
13.095	1.544e-03	-2.751	2329	3.709	2.518
13.095	2.030e-03	-2.854	2281	3.776	2.330
13.095	2.668e-03	-2.967	2218	3.840	2.167
13.095	3.502e-03	-3.079	2150	3.899	2.024
13.095	4.603e-03	-3.190	2083	3.954	1.900
13.095	6.004e-03	-3.299	2013	4.004	1.794
13.095	7.925e-03	-3.415	1934	4.050	1.700
13.095	1.037e-02	-3.535	1844	4.088	1.628
13.095	1.369e-02	-3.620	1789	4.120	1.568
13.095	1.793e-02	-3.698	1737	4.147	1.521
13.095	2.353e-02	-3.777	1681	4.169	1.483
13.095	3.092e-02	-3.843	1634	4.186	1.453
13.095	4.066e-02	-3.905	1592	4.203	1.427
13.095	5.344e-02	-3.974	1545	4.219	1.399
13.095	7.054e-02	-4.063	1484	4.239	1.368
13.095	9.329e-02	-4.185	1402	4.261	1.334
13.095	1.229e-01	-4.324	1314	4.288	1.294
13.095	1.628e-01	-4.506	1204	4.319	1.248
13.095	2.145e-01	-4.715	1087	4.350	1.204
13.095	2.819e-01	-4.936	973	4.378	1.166
13.095	3.722e-01	-5.163	865	4.402	1.135
13.095	4.922e-01	-5.391	768	4.421	1.109
13.095	6.443e-01	-5.591	691	4.437	1.089
13.095	8.505e-01	-5.790	621	4.451	1.072
13.095	1.113e+00	-5.970	563	4.463	1.058
13.095	1.470e+00	-6.145	512	4.473	1.045
13.095	1.936e+00	-6.313	468	4.483	1.034
13.095	2.544e+00	-6.462	431	4.491	1.023
13.095	3.365e+00	-6.612	398	4.499	1.014
13.095	4.424e+00	-6.723	375	4.507	1.004
13.095	5.814e+00	-6.843	351	4.515	0.995
13.095	7.584e+00	-6.966	329	4.523	0.987
13.095	9.954e+00	-7.093	307	4.531	0.978
13.618	1.009e-04	-1.855	2507	2.958	6.097
13.618	1.324e-04	-1.924	2518	3.035	5.581
13.618	1.740e-04	-1.994	2532	3.114	5.093
13.618	2.288e-04	-2.067	2543	3.195	4.641
13.618	3.026e-04	-2.166	2518	3.277	4.225
13.618	3.977e-04	-2.261	2493	3.354	3.866
13.618	5.188e-04	-2.351	2468	3.427	3.553
13.618	6.809e-04	-2.442	2442	3.500	3.267
13.618	8.949e-04	-2.536	2413	3.572	3.006
13.618	1.177e-03	-2.629	2381	3.643	2.771
13.618	1.541e-03	-2.721	2349	3.712	2.561
13.618	2.017e-03	-2.816	2312	3.778	2.371
13.618	2.663e-03	-2.931	2247	3.844	2.199
13.618	3.486e-03	-3.042	2181	3.903	2.054
13.618	4.601e-03	-3.154	2113	3.960	1.924
13.618	6.023e-03	-3.259	2046	4.010	1.817
13.618	7.950e-03	-3.362	1979	4.055	1.725
13.618	1.047e-02	-3.469	1901	4.091	1.654
13.618	1.376e-02	-3.549	1843	4.118	1.604
13.618	1.795e-02	-3.603	1808	4.138	1.567
13.618	2.334e-02	-3.650	1777	4.155	1.537
13.618	3.063e-02	-3.700	1742	4.171	1.508
13.618	4.011e-02	-3.763	1697	4.188	1.479
13.618	5.251e-02	-3.841	1642	4.209	1.444
13.618	6.945e-02	-3.957	1562	4.239	1.395
13.618	9.225e-02	-4.142	1436	4.276	1.336
13.618	1.220e-01	-4.354	1300	4.316	1.276
13.618	1.613e-01	-4.589	1161	4.355	1.221
13.618	2.134e-01	-4.828	1031	4.388	1.176
13.618	2.804e-01	-5.057	917	4.413	1.141
13.618	3.658e-01	-5.267	822	4.433	1.116
13.618	4.828e-01	-5.468	740	4.450	1.094
13.618	6.360e-01	-5.654	670	4.464	1.076
13.618	8.359e-01	-5.832	609	4.477	1.061
13.618	1.099e+00	-5.998	557	4.487	1.048
13.618	1.444e+00	-6.174	506	4.497	1.037
13.618	1.907e+00	-6.315	469	4.505	1.027
13.618	2.512e+00	-6.458	434	4.513	1.017
13.618	3.301e+00	-6.598	402	4.521	1.008
13.618	4.357e+00	-6.705	380	4.529	0.999
13.618	5.740e+00	-6.821	357	4.536	0.991
13.618	7.544e+00	-6.944	334	4.544	0.982
13.618	9.976e+00	-7.071	311	4.551	0.974
14.142	1.043e-04	-1.844	2513	2.967	6.148
14.142	1.371e-04	-1.913	2525	3.044	5.625
14.142	1.802e-04	-1.982	2539	3.123	5.135
14.142	2.351e-04	-2.051	2552	3.202	4.693
14.142	3.103e-04	-2.146	2532	3.283	4.271
14.142	4.088e-04	-2.243	2506	3.362	3.903
14.142	5.373e-04	-2.336	2481	3.437	3.578
14.142	7.008e-04	-2.426	2455	3.509	3.295
14.142	9.198e-04	-2.518	2427	3.581	3.032
14.142	1.204e-03	-2.610	2396	3.651	2.797
14.142	1.577e-03	-2.701	2366	3.720	2.584
14.142	2.081e-03	-2.798	2328	3.789	2.386
14.142	2.742e-03	-2.909	2268	3.855	2.213
14.142	3.603e-03	-3.021	2202	3.915	2.064
14.142	4.738e-03	-3.129	2136	3.970	1.937
14.142	6.226e-03	-3.230	2073	4.019	1.831
14.142	8.186e-03	-3.319	2016	4.060	1.747
14.142	1.076e-02	-3.398	1961	4.091	1.686
14.142	1.415e-02	-3.465	1911	4.113	1.644
14.142	1.859e-02	-3.513	1875	4.128	1.615
14.142	2.425e-02	-3.552	1849	4.142	1.589
14.142	3.221e-02	-3.602	1816	4.161	1.555
14.142	4.233e-02	-3.677	1765	4.187	1.510
14.142	5.623e-02	-3.812	1668	4.224	1.447
14.142	7.436e-02	-4.002	1538	4.272	1.368
14.142	9.855e-02	-4.266	1360	4.323	1.290
14.142	1.298e-01	-4.514	1209	4.366	1.229
14.142	1.706e-01	-4.742	1080	4.399	1.182
14.142	2.243e-01	-4.955	970	4.425	1.147
14.142	2.938e-01	-5.153	876	4.446	1.121
14.142	3.846e-01	-5.348	790	4.463	1.099
14.142	5.047e-01	-5.525	720	4.477	1.081
14.142	6.634e-01	-5.695	658	4.489	1.066
14.142	8.653e-01	-5.856	603	4.500	1.052
14.142	1.142e+00	-6.015	554	4.510	1.040
14.142	1.495e+00	-6.186	504	4.519	1.030
14.142	1.977e+00	-6.316	470	4.527	1.020
14.142	2.610e+00	-6.459	435	4.535	1.011
14.142	3.438e+00	-6.595	404	4.543	1.002
14.142	4.519e+00	-6.699	382	4.550	0.994
14.142	5.965e+00	-6.816	359	4.558	0.985
14.142	7.809e+00	-6.936	336	4.565	0.977
14.142	1.000e+01	-7.047	317	4.571	0.970
14.666	1.036e-04	-1.823	2517	2.965	6.274
14.666	1.362e-04	-1.891	2529	3.042	5.743
14.666	1.791e-04	-1.960	2543	3.121	5.246
14.666	2.336e-04	-2.029	2557	3.199	4.796
14.666	3.036e-04	-2.111	2550	3.277	4.384
14.666	3.985e-04	-2.207	2525	3.355	4.007
14.666	5.238e-04	-2.301	2499	3.431	3.670
14.666	6.832e-04	-2.392	2473	3.503	3.377
14.666	8.967e-04	-2.483	2446	3.576	3.106
14.666	1.174e-03	-2.576	2415	3.647	2.864
14.666	1.537e-03	-2.665	2388	3.716	2.645
14.666	2.001e-03	-2.757	2353	3.782	2.449
14.666	2.642e-03	-2.862	2303	3.850	2.266
14.666	3.480e-03	-2.973	2239	3.912	2.110
14.666	4.574e-03	-3.080	2174	3.968	1.979
14.666	6.014e-03	-3.174	2116	4.015	1.873
14.666	7.875e-03	-3.254	2065	4.053	1.793
14.666	1.031e-02	-3.314	2027	4.080	1.738
14.666	1.353e-02	-3.361	1995	4.099	1.700
14.666	1.778e-02	-3.402	1965	4.115	1.671
14.666	2.347e-02	-3.451	1928	4.131	1.640
14.666	3.104e-02	-3.518	1879	4.153	1.599
14.666	4.098e-02	-3.613	1816	4.188	1.535
14.666	5.420e-02	-3.797	1684	4.242	1.444
14.666	7.213e-02	-4.057	1504	4.305	1.341
14.666	9.540e-02	-4.331	1323	4.357	1.264
14.666	1.249e-01	-4.552	1190	4.394	1.212
14.666	1.648e-01	-4.760	1074	4.423	1.171
14.666	2.158e-01	-4.950	976	4.446	1.141
14.666	2.832e-01	-5.135	887	4.466	1.115
14.666	3.723e-01	-5.323	803	4.482	1.095
14.666	4.914e-01	-5.496	734	4.496	1.077
14.666	6.432e-01	-5.656	673	4.508	1.062
14.666	8.443e-01	-5.818	617	4.519	1.049
14.666	1.110e+00	-5.973	568	4.529	1.037
14.666	1.459e+00	-6.138	519	4.538	1.026
14.666	1.917e+00	-6.274	482	4.546	1.017
14.666	2.531e+00	-6.412	447	4.554	1.007
14.666	3.334e+00	-6.559	413	4.561	0.999
14.666	4.366e+00	-6.662	391	4.568	0.991
14.666	5.705e+00	-6.768	369	4.576	0.983
14.666	7.531e+00	-6.894	345	4.583	0.974
14.666	9.921e+00	-7.016	323	4.590	0.966
15.190	1.028e-04	-1.802	2523	2.964	6.398
15.190	1.346e-04	-1.870	2533	3.039	5.869
15.190	1.777e-04	-1.939	2548	3.118	5.357
15.190	2.327e-04	-2.009	2561	3.197	4.892
15.190	3.054e-04	-2.087	2566	3.277	4.458
15.190	4.013e-04	-2.184	2540	3.357	4.068
15.190	5.277e-04	-2.279	2513	3.434	3.724
15.190	6.935e-04	-2.372	2487	3.509	3.416
15.190	9.046e-04	-2.462	2460	3.580	3.148
15.190	1.194e-03	-2.556	2430	3.653	2.894
15.190	1.563e-03	-2.645	2403	3.722	2.672
15.190	2.063e-03	-2.742	2367	3.792	2.464
15.190	2.701e-03	-2.839	2324	3.858	2.284
15.190	3.572e-03	-2.950	2261	3.921	2.125
15.190	4.697e-03	-3.053	2198	3.975	1.996
15.190	6.173e-03	-3.139	2146	4.019	1.898
15.190	8.051e-03	-3.203	2106	4.051	1.829
15.190	1.063e-02	-3.251	2075	4.073	1.783
15.190	1.389e-02	-3.285	2054	4.089	1.752
15.190	1.805e-02	-3.319	2031	4.104	1.722
15.190	2.355e-02	-3.368	1997	4.124	1.682
15.190	3.114e-02	-3.463	1927	4.156	1.621
15.190	4.095e-02	-3.605	1828	4.207	1.529
15.190	5.382e-02	-3.850	1653	4.277	1.410
15.190	7.117e-02	-4.131	1458	4.340	1.312
15.190	9.413e-02	-4.365	1307	4.384	1.247
15.190	1.242e-01	-4.568	1185	4.417	1.200
15.190	1.627e-01	-4.754	1081	4.443	1.165
15.190	2.135e-01	-4.934	987	4.465	1.135
15.190	2.806e-01	-5.111	901	4.484	1.111
15.190	3.704e-01	-5.298	817	4.501	1.090
15.190	4.879e-01	-5.465	748	4.515	1.073
15.190	6.412e-01	-5.626	687	4.527	1.058
15.190	8.430e-01	-5.786	630	4.538	1.045
15.190	1.108e+00	-5.941	580	4.548	1.033
15.190	1.457e+00	-6.098	532	4.557	1.022
15.190	1.915e+00	-6.243	492	4.565	1.012
15.190	2.517e+00	-6.377	457	4.573	1.003
15.190	3.308e+00	-6.525	422	4.580	0.995
15.190	4.342e+00	-6.637	397	4.587	0.987
15.190	5.707e+00	-6.741	376	4.594	0.979
15.190	7.533e+00	-6.869	350	4.602	0.971
15.190	9.845e+00	-6.986	329	4.609	0.963
15.713	1.041e-04	-1.787	2529	2.967	6.480
15.713	1.360e-04	-1.854	2539	3.041	5.951
15.713	1.788e-04	-1.922	2553	3.119	5.441
15.713	2.350e-04	-1.993	2567	3.199	4.964
15.713	3.065e-04	-2.064	2577	3.277	4.534
15.713	4.053e-04	-2.162	2554	3.360	4.125
15.713	5.350e-04	-2.259	2527	3.438	3.768
15.713	7.004e-04	-2.351	2501	3.512	3.460
15.713	9.193e-04	-2.444	2473	3.585	3.181
15.713	1.204e-03	-2.535	2445	3.656	2.931
15.713	1.565e-03	-2.622	2417	3.724	2.711
15.713	2.045e-03	-2.713	2386	3.792	2.506
15.713	2.689e-03	-2.807	2349	3.859	2.320
15.713	3.521e-03	-2.912	2291	3.921	2.162
15.713	4.610e-03	-3.009	2232	3.973	2.035
15.713	6.085e-03	-3.090	2183	4.015	1.939
15.713	7.951e-03	-3.144	2151	4.043	1.878
15.713	1.045e-02	-3.180	2129	4.061	1.839
15.713	1.369e-02	-3.211	2109	4.076	1.808
15.713	1.792e-02	-3.249	2084	4.094	1.772
15.713	2.366e-02	-3.310	2044	4.121	1.716
15.713	3.097e-02	-3.430	1958	4.166	1.629
15.713	4.088e-02	-3.639	1811	4.239	1.498
15.713	5.385e-02	-3.911	1616	4.314	1.375
15.713	7.077e-02	-4.160	1443	4.366	1.295
15.713	9.342e-02	-4.368	1310	4.405	1.238
15.713	1.223e-01	-4.552	1198	4.435	1.196
15.713	1.614e-01	-4.734	1095	4.461	1.160
15.713	2.113e-01	-4.906	1004	4.483	1.132
15.713	2.752e-01	-5.073	922	4.501	1.109
15.713	3.632e-01	-5.258	837	4.517	1.088
15.713	4.755e-01	-5.420	768	4.531	1.071
15.713	6.241e-01	-5.579	706	4.543	1.055
15.713	8.202e-01	-5.737	649	4.555	1.042
15.713	1.078e+00	-5.894	596	4.565	1.030
15.713	1.412e+00	-6.040	551	4.574	1.019
15.713	1.845e+00	-6.195	507	4.582	1.010
15.713	2.436e+00	-6.328	471	4.590	1.000
15.713	3.189e+00	-6.475	435	4.597	0.992
15.713	4.209e+00	-6.600	406	4.604	0.984
15.713	5.501e+00	-6.702	385	4.611	0.976
15.713	7.233e+00	-6.826	360	4.619	0.968
15.713	9.506e+00	-6.945	337	4.626	0.960
16.237	1.041e-04	-1.768	2536	2.968	6.583
16.237	1.363e-04	-1.837	2543	3.042	6.045
16.237	1.784e-04	-1.904	2557	3.118	5.536
16.237	2.355e-04	-1.975	2571	3.199	5.046
16.237	3.078e-04	-2.046	2584	3.278	4.608
16.237	4.046e-04	-2.137	2569	3.359	4.197
16.237	5.318e-04	-2.233	2542	3.437	3.837
16.237	7.020e-04	-2.329	2515	3.514	3.511
16.237	9.174e-04	-2.420	2488	3.586	3.231
16.237	1.197e-03	-2.509	2461	3.656	2.980
16.237	1.580e-03	-2.602	2431	3.728	2.742
16.237	2.064e-03	-2.692	2401	3.797	2.535
16.237	2.692e-03	-2.782	2367	3.862	2.352
16.237	3.534e-03	-2.881	2316	3.923	2.191
16.237	4.594e-03	-2.970	2264	3.973	2.069
16.237	6.016e-03	-3.042	2220	4.010	1.983
16.237	7.875e-03	-3.087	2193	4.034	1.929
16.237	1.025e-02	-3.116	2175	4.049	1.895
16.237	1.346e-02	-3.146	2157	4.064	1.863
16.237	1.762e-02	-3.187	2132	4.085	1.819
16.237	2.322e-02	-3.263	2082	4.120	1.747
16.237	3.051e-02	-3.422	1971	4.184	1.624
16.237	4.028e-02	-3.676	1791	4.271	1.468
16.237	5.305e-02	-3.927	1611	4.338	1.360
16.237	6.973e-02	-4.155	1452	4.385	1.288
16.237	9.095e-02	-4.342	1330	4.420	1.236
16.237	1.201e-01	-4.524	1218	4.451	1.194
16.237	1.569e-01	-4.695	1121	4.476	1.160
16.237	2.063e-01	-4.865	1029	4.498	1.131
16.237	2.711e-01	-5.035	943	4.517	1.106
16.237	3.536e-01	-5.211	861	4.533	1.086
16.237	4.668e-01	-5.377	789	4.547	1.068
16.237	6.149e-01	-5.538	724	4.560	1.053
16.237	8.052e-01	-5.693	666	4.571	1.039
16.237	1.054e+00	-5.848	613	4.581	1.027
16.237	1.383e+00	-5.997	566	4.591	1.016
16.237	1.812e+00	-6.155	519	4.599	1.006
16.237	2.386e+00	-6.288	483	4.607	0.997
16.237	3.136e+00	-6.435	446	4.615	0.989
16.237	4.124e+00	-6.569	414	4.622	0.981
16.237	5.420e+00	-6.672	392	4.629	0.973
16.237	7.168e+00	-6.795	367	4.636	0.965
16.237	9.461e+00	-6.919	343	4.643	0.957
16.761	1.034e-04	-1.749	2542	2.966	6.700
16.761	1.357e-04	-1.819	2548	3.041	6.149
16.761	1.784e-04	-1.887	2561	3.118	5.627
16.761	2.345e-04	-1.957	2575	3.197	5.138
16.761	3.082e-04	-2.028	2588	3.277	4.684
16.761	4.020e-04	-2.111	2584	3.356	4.276
16.761	5.316e-04	-2.210	2556	3.437	3.897
16.761	6.990e-04	-2.305	2529	3.513	3.569
16.761	9.154e-04	-2.397	2502	3.587	3.280
16.761	1.198e-03	-2.488	2474	3.658	3.021
16.761	1.573e-03	-2.579	2445	3.729	2.784
16.761	2.067e-03	-2.668	2417	3.799	2.570
16.761	2.696e-03	-2.758	2383	3.864	2.384
16.761	3.559e-03	-2.852	2340	3.926	2.220
16.761	4.688e-03	-2.937	2292	3.975	2.098
16.761	6.161e-03	-2.998	2254	4.007	2.021
16.761	8.037e-03	-3.034	2232	4.026	1.978
16.761	1.046e-02	-3.061	2216	4.040	1.947
16.761	1.381e-02	-3.094	2196	4.057	1.908
16.761	1.827e-02	-3.148	2163	4.085	1.847
16.761	2.391e-02	-3.254	2096	4.136	1.743
16.761	3.157e-02	-3.489	1929	4.226	1.570
16.761	4.125e-02	-3.732	1755	4.305	1.434
16.761	5.381e-02	-3.943	1604	4.361	1.345
16.761	7.103e-02	-4.160	1453	4.405	1.278
16.761	9.356e-02	-4.345	1332	4.440	1.228
16.761	1.230e-01	-4.518	1226	4.469	1.187
16.761	1.604e-01	-4.683	1131	4.493	1.155
16.761	2.117e-01	-4.854	1038	4.516	1.126
16.761	2.771e-01	-5.018	954	4.534	1.102
16.761	3.638e-01	-5.195	870	4.551	1.081
16.761	4.781e-01	-5.358	799	4.565	1.064
16.761	6.311e-01	-5.520	733	4.578	1.048
16.761	8.261e-01	-5.675	675	4.589	1.034
16.761	1.090e+00	-5.834	620	4.599	1.022
16.761	1.428e+00	-5.982	572	4.609	1.011
16.761	1.884e+00	-6.143	524	4.617	1.001
16.761	2.492e+00	-6.280	487	4.625	0.992
16.761	3.283e+00	-6.430	448	4.633	0.983
16.761	4.314e+00	-6.563	417	4.640	0.975
16.761	5.706e+00	-6.669	394	4.647	0.968
16.761	7.532e+00	-6.793	368	4.654	0.960
16.761	9.921e+00	-6.915	345	4.661	0.952
17.285	1.036e-04	-1.732	2549	2.967	6.794
17.285	1.356e-04	-1.803	2553	3.041	6.242
17.285	1.790e-04	-1.872	2566	3.119	5.708
17.285	2.340e-04	-1.939	2579	3.196	5.225
17.285	3.076e-04	-2.011	2592	3.276	4.763
17.285	4.043e-04	-2.089	2597	3.357	4.337
17.285	5.274e-04	-2.184	2571	3.435	3.968
17.285	6.856e-04	-2.276	2545	3.508	3.645
17.285	8.998e-04	-2.369	2517	3.583	3.345
17.285	1.183e-03	-2.462	2489	3.656	3.076
17.285	1.543e-03	-2.551	2461	3.725	2.839
17.285	2.036e-03	-2.642	2433	3.796	2.616
17.285	2.666e-03	-2.731	2400	3.862	2.425
17.285	3.499e-03	-2.814	2369	3.922	2.263
17.285	4.598e-03	-2.894	2324	3.969	2.144
17.285	5.998e-03	-2.945	2295	3.998	2.074
17.285	7.917e-03	-2.979	2274	4.016	2.032
17.285	1.035e-02	-3.006	2257	4.030	1.999
17.285	1.366e-02	-3.043	2234	4.050	1.954
17.285	1.799e-02	-3.108	2195	4.084	1.879
17.285	2.364e-02	-3.246	2108	4.152	1.738
17.285	3.084e-02	-3.496	1930	4.249	1.554
17.285	4.048e-02	-3.725	1766	4.322	1.428
17.285	5.320e-02	-3.930	1619	4.377	1.341
17.285	6.939e-02	-4.129	1478	4.418	1.279
17.285	9.107e-02	-4.308	1360	4.452	1.230
17.285	1.197e-01	-4.477	1255	4.482	1.189
17.285	1.574e-01	-4.644	1157	4.507	1.154
17.285	2.068e-01	-4.810	1064	4.529	1.126
17.285	2.719e-01	-4.976	979	4.548	1.101
17.285	3.574e-01	-5.149	894	4.565	1.080
17.285	4.662e-01	-5.309	822	4.580	1.062
17.285	6.119e-01	-5.471	755	4.592	1.046
17.285	8.012e-01	-5.625	695	4.604	1.032
17.285	1.049e+00	-5.779	640	4.614	1.020
17.285	1.377e+00	-5.930	590	4.624	1.009
17.285	1.809e+00	-6.092	540	4.633	0.999
17.285	2.360e+00	-6.224	503	4.641	0.990
17.285	3.115e+00	-6.370	464	4.648	0.981
17.285	4.120e+00	-6.523	427	4.656	0.973
17.285	5.427e+00	-6.629	404	4.662	0.965
17.285	7.177e+00	-6.741	380	4.670	0.957
17.285	9.492e+00	-6.873	353	4.677	0.950
17.809	1.016e-04	-1.710	2555	2.963	6.933
17.809	1.325e-04	-1.780	2559	3.035	6.380
17.809	1.749e-04	-1.850	2569	3.112	5.839
17.809	2.290e-04	-1.918	2582	3.189	5.344
17.809	3.022e-04	-1.990	2596	3.270	4.867
17.809	3.957e-04	-2.062	2607	3.350	4.440
17.809	5.223e-04	-2.159	2585	3.432	4.041
17.809	6.880e-04	-2.255	2558	3.510	3.694
17.809	9.009e-04	-2.348	2530	3.584	3.391
17.809	1.171e-03	-2.437	2503	3.654	3.127
17.809	1.531e-03	-2.527	2475	3.725	2.884
17.809	2.012e-03	-2.617	2447	3.795	2.661
17.809	2.645e-03	-2.705	2417	3.861	2.464
17.809	3.450e-03	-2.783	2389	3.919	2.306
17.809	4.554e-03	-2.854	2354	3.964	2.189
17.809	5.961e-03	-2.899	2329	3.990	2.125
17.809	7.869e-03	-2.927	2312	4.006	2.085
17.809	1.028e-02	-2.955	2296	4.021	2.049
17.809	1.357e-02	-2.999	2269	4.045	1.995
17.809	1.788e-02	-3.079	2220	4.088	1.899
17.809	2.350e-02	-3.260	2105	4.177	1.714
17.809	3.102e-02	-3.517	1922	4.274	1.532
17.809	4.054e-02	-3.725	1771	4.341	1.419
17.809	5.330e-02	-3.921	1630	4.393	1.337
17.809	7.005e-02	-4.116	1492	4.434	1.274
17.809	9.193e-02	-4.293	1374	4.468	1.226
17.809	1.208e-01	-4.458	1271	4.497	1.186
17.809	1.576e-01	-4.618	1175	4.522	1.152
17.809	2.080e-01	-4.785	1082	4.544	1.123
17.809	2.719e-01	-4.945	997	4.563	1.098
17.809	3.574e-01	-5.114	914	4.580	1.077
17.809	4.681e-01	-5.279	838	4.595	1.059
17.809	6.128e-01	-5.440	770	4.608	1.043
17.809	8.088e-01	-5.599	707	4.620	1.029
17.809	1.059e+00	-5.753	651	4.631	1.016
17.809	1.398e+00	-5.907	599	4.641	1.005
17.809	1.830e+00	-6.066	550	4.649	0.995
17.809	2.420e+00	-6.208	509	4.658	0.985
17.809	3.194e+00	-6.355	470	4.665	0.977
17.809	4.174e+00	-6.505	432	4.672	0.969
17.809	5.488e+00	-6.612	408	4.679	0.961
17.809	7.213e+00	-6.717	386	4.686	0.954
17.809	9.539e+00	-6.853	358	4.693	0.946
18.332	1.015e-04	-1.694	2561	2.963	7.030
18.332	1.328e-04	-1.764	2565	3.036	6.466
18.332	1.744e-04	-1.834	2573	3.111	5.930
18.332	2.292e-04	-1.903	2587	3.189	5.421
18.332	2.989e-04	-1.971	2599	3.266	4.960
18.332	3.946e-04	-2.045	2612	3.348	4.514
18.332	5.197e-04	-2.135	2599	3.430	4.108
18.332	6.831e-04	-2.232	2572	3.508	3.755
18.332	8.966e-04	-2.326	2544	3.584	3.443
18.332	1.178e-03	-2.419	2516	3.657	3.163
18.332	1.537e-03	-2.508	2488	3.727	2.918
18.332	2.029e-03	-2.599	2459	3.798	2.689
18.332	2.651e-03	-2.683	2432	3.863	2.497
18.332	3.486e-03	-2.760	2404	3.919	2.339
18.332	4.581e-03	-2.816	2382	3.960	2.232
18.332	6.023e-03	-2.855	2360	3.983	2.174
18.332	7.917e-03	-2.881	2346	3.998	2.137
18.332	1.033e-02	-2.910	2329	4.014	2.096
18.332	1.366e-02	-2.962	2298	4.043	2.029
18.332	1.803e-02	-3.069	2233	4.101	1.898
18.332	2.375e-02	-3.291	2092	4.209	1.676
18.332	3.121e-02	-3.524	1922	4.295	1.517
18.332	4.103e-02	-3.726	1775	4.359	1.410
18.332	5.373e-02	-3.911	1641	4.408	1.332
18.332	7.022e-02	-4.095	1511	4.448	1.273
18.332	9.232e-02	-4.271	1392	4.482	1.224
18.332	1.213e-01	-4.434	1289	4.511	1.183
18.332	1.602e-01	-4.599	1190	4.537	1.149
18.332	2.093e-01	-4.758	1099	4.559	1.120
18.332	2.752e-01	-4.921	1012	4.578	1.095
18.332	3.604e-01	-5.085	930	4.595	1.074
18.332	4.718e-01	-5.251	853	4.610	1.055
18.332	6.192e-01	-5.414	783	4.624	1.039
18.332	8.138e-01	-5.571	720	4.636	1.025
18.332	1.070e+00	-5.727	662	4.647	1.012
18.332	1.406e+00	-5.879	610	4.656	1.001
18.332	1.849e+00	-6.038	560	4.665	0.991
18.332	2.430e+00	-6.181	518	4.673	0.982
18.332	3.208e+00	-6.327	478	4.681	0.973
18.332	4.242e+00	-6.489	437	4.688	0.965
18.332	5.553e+00	-6.596	413	4.695	0.957
18.332	7.344e+00	-6.700	390	4.702	0.950
18.332	9.712e+00	-6.839	362	4.709	0.942
18.856	1.006e-04	-1.677	2567	2.962	7.142
18.856	1.315e-04	-1.746	2570	3.034	6.574
18.856	1.715e-04	-1.815	2577	3.107	6.042
18.856	2.264e-04	-1.884	2590	3.185	5.521
18.856	2.959e-04	-1.953	2603	3.263	5.051
18.856	3.859e-04	-2.024	2615	3.341	4.616
18.856	5.094e-04	-2.106	2614	3.424	4.197
18.856	6.737e-04	-2.206	2586	3.505	3.824
18.856	8.820e-04	-2.300	2558	3.580	3.507
18.856	1.148e-03	-2.390	2531	3.651	3.229
18.856	1.493e-03	-2.479	2503	3.721	2.981
18.856	1.971e-03	-2.570	2475	3.792	2.747
18.856	2.580e-03	-2.653	2448	3.857	2.550
18.856	3.386e-03	-2.728	2422	3.912	2.392
18.856	4.450e-03	-2.779	2404	3.951	2.288
18.856	5.805e-03	-2.808	2394	3.972	2.231
18.856	7.619e-03	-2.833	2380	3.988	2.193
18.856	1.001e-02	-2.865	2362	4.006	2.148
18.856	1.322e-02	-2.920	2330	4.037	2.071
18.856	1.730e-02	-3.040	2257	4.103	1.921
18.856	2.253e-02	-3.259	2119	4.212	1.693
18.856	2.815e-02	-3.444	1987	4.284	1.558
18.856	3.716e-02	-3.639	1847	4.353	1.440
18.856	4.864e-02	-3.829	1705	4.404	1.357
18.856	6.421e-02	-4.007	1579	4.448	1.290
18.856	8.405e-02	-4.186	1454	4.484	1.239
18.856	1.110e-01	-4.355	1343	4.515	1.195
18.856	1.452e-01	-4.513	1244	4.541	1.159
18.856	1.917e-01	-4.677	1148	4.565	1.128
18.856	2.510e-01	-4.836	1060	4.586	1.101
18.856	3.313e-01	-5.002	974	4.604	1.078
18.856	4.337e-01	-5.169	893	4.620	1.058
18.856	5.725e-01	-5.336	818	4.635	1.041
18.856	7.494e-01	-5.492	753	4.647	1.026
18.856	9.836e-01	-5.648	693	4.658	1.013
18.856	1.293e+00	-5.803	637	4.669	1.001
18.856	1.700e+00	-5.955	587	4.678	0.990
18.856	2.234e+00	-6.110	540	4.686	0.981
18.856	2.914e+00	-6.246	501	4.694	0.972
18.856	3.846e+00	-6.405	459	4.702	0.964
18.856	5.035e+00	-6.536	428	4.708	0.956
18.856	6.608e+00	-6.638	405	4.715	0.949
18.856	8.685e+00	-6.765	378	4.722	0.942
19.380	1.032e-04	-1.668	2572	2.969	7.178
19.380	1.362e-04	-1.740	2577	3.044	6.588
19.380	1.783e-04	-1.810	2583	3.118	6.048
19.380	2.353e-04	-1.880	2596	3.196	5.527
19.380	3.075e-04	-1.948	2608	3.274	5.057
19.380	4.011e-04	-2.019	2620	3.352	4.621
19.380	5.265e-04	-2.097	2624	3.433	4.210
19.380	6.844e-04	-2.191	2597	3.509	3.857
19.380	8.963e-04	-2.286	2569	3.585	3.535
19.380	1.171e-03	-2.378	2541	3.658	3.251
19.380	1.528e-03	-2.467	2513	3.728	2.998
19.380	1.989e-03	-2.553	2486	3.795	2.774
19.380	2.586e-03	-2.633	2461	3.857	2.583
19.380	3.394e-03	-2.703	2437	3.910	2.430
19.380	4.445e-03	-2.749	2421	3.944	2.336
19.380	5.809e-03	-2.774	2413	3.964	2.285
19.380	7.576e-03	-2.794	2406	3.979	2.246
19.380	1.002e-02	-2.825	2391	4.000	2.192
19.380	1.317e-02	-2.891	2353	4.037	2.100
19.380	1.731e-02	-3.046	2261	4.123	1.903
19.380	2.258e-02	-3.266	2122	4.232	1.677
19.380	2.981e-02	-3.481	1966	4.315	1.526
19.380	3.902e-02	-3.659	1837	4.376	1.422
19.380	5.151e-02	-3.848	1696	4.426	1.342
19.380	6.743e-02	-4.016	1577	4.467	1.280
19.380	8.901e-02	-4.197	1451	4.503	1.229
19.380	1.165e-01	-4.358	1345	4.532	1.187
19.380	1.541e-01	-4.520	1244	4.559	1.151
19.380	2.010e-01	-4.676	1153	4.582	1.121
19.380	2.653e-01	-4.839	1062	4.603	1.094
19.380	3.473e-01	-4.999	978	4.621	1.072
19.380	4.585e-01	-5.170	895	4.637	1.052
19.380	6.040e-01	-5.337	820	4.652	1.035
19.380	7.938e-01	-5.495	754	4.664	1.020
19.380	1.044e+00	-5.652	693	4.675	1.007
19.380	1.367e+00	-5.804	639	4.685	0.996
19.380	1.786e+00	-5.953	589	4.694	0.985
19.380	2.330e+00	-6.104	543	4.703	0.976
19.380	3.081e+00	-6.249	502	4.711	0.967
19.380	4.051e+00	-6.408	460	4.718	0.959
19.380	5.324e+00	-6.538	428	4.725	0.951
19.380	7.027e+00	-6.641	405	4.732	0.944
19.380	9.257e+00	-6.775	377	4.738	0.937
19.904	1.043e-04	-1.657	2578	2.973	7.243
19.904	1.377e-04	-1.728	2583	3.048	6.648
19.904	1.802e-04	-1.798	2589	3.122	6.106
19.904	2.366e-04	-1.867	2600	3.198	5.592
19.904	3.098e-04	-1.936	2613	3.276	5.114
19.904	4.048e-04	-2.006	2624	3.354	4.672
19.904	5.280e-04	-2.079	2634	3.433	4.266
19.904	6.983e-04	-2.179	2607	3.515	3.882
19.904	9.218e-04	-2.276	2578	3.593	3.549
19.904	1.205e-03	-2.368	2550	3.666	3.263
19.904	1.566e-03	-2.456	2523	3.735	3.012
19.904	2.036e-03	-2.541	2496	3.802	2.790
19.904	2.655e-03	-2.620	2471	3.863	2.602
19.904	3.485e-03	-2.683	2450	3.911	2.461
19.904	4.581e-03	-2.722	2436	3.940	2.379
19.904	5.975e-03	-2.743	2429	3.956	2.335
19.904	7.887e-03	-2.765	2422	3.973	2.291
19.904	1.032e-02	-2.797	2411	3.998	2.227
19.904	1.363e-02	-2.882	2364	4.048	2.101
19.904	1.795e-02	-3.086	2244	4.161	1.844
19.904	2.351e-02	-3.293	2110	4.261	1.644
19.904	3.077e-02	-3.491	1964	4.335	1.510
19.904	4.062e-02	-3.670	1834	4.395	1.409
19.904	5.309e-02	-3.847	1702	4.442	1.335
19.904	6.980e-02	-4.013	1584	4.483	1.273
19.904	9.173e-02	-4.189	1460	4.518	1.223
19.904	1.213e-01	-4.355	1351	4.549	1.181
19.904	1.595e-01	-4.513	1252	4.575	1.146
19.904	2.096e-01	-4.671	1158	4.598	1.115
19.904	2.756e-01	-4.831	1069	4.619	1.089
19.904	3.622e-01	-4.994	984	4.637	1.067
19.904	4.763e-01	-5.162	902	4.653	1.047
19.904	6.260e-01	-5.327	826	4.667	1.030
19.904	8.230e-01	-5.486	760	4.680	1.015
19.904	1.082e+00	-5.643	698	4.691	1.002
19.904	1.422e+00	-5.797	643	4.701	0.991
19.904	1.869e+00	-5.950	592	4.710	0.980
19.904	2.467e+00	-6.106	544	4.719	0.971
19.904	3.230e+00	-6.248	503	4.727	0.962
19.904	4.263e+00	-6.412	460	4.734	0.954
19.904	5.616e+00	-6.540	429	4.741	0.947
19.904	7.427e+00	-6.642	406	4.748	0.939
19.904	9.823e+00	-6.783	376	4.755	0.932
20.428	1.034e-04	-1.640	2583	2.972	7.349
20.428	1.365e-04	-1.711	2588	3.046	6.748
20.428	1.787e-04	-1.781	2594	3.120	6.200
20.428	2.359e-04	-1.852	2603	3.197	5.670
20.428	3.088e-04	-1.921	2616	3.274	5.187
20.428	4.053e-04	-1.993	2628	3.354	4.734
20.428	5.327e-04	-2.066	2640	3.435	4.312
20.428	7.032e-04	-2.162	2619	3.517	3.925
20.428	9.263e-04	-2.259	2590	3.595	3.588
20.428	1.213e-03	-2.352	2561	3.668	3.295
20.428	1.585e-03	-2.442	2533	3.739	3.037
20.428	2.068e-03	-2.527	2507	3.806	2.813
20.428	2.729e-03	-2.606	2482	3.867	2.622
20.428	3.573e-03	-2.661	2463	3.910	2.495
20.428	4.716e-03	-2.694	2452	3.935	2.425
20.428	6.174e-03	-2.714	2445	3.950	2.383
20.428	8.103e-03	-2.737	2437	3.967	2.336
20.428	1.065e-02	-2.776	2425	3.998	2.256
20.428	1.406e-02	-2.888	2367	4.067	2.083
20.428	1.840e-02	-3.106	2238	4.188	1.811
20.428	2.415e-02	-3.304	2108	4.282	1.626
20.428	3.174e-02	-3.496	1966	4.353	1.498
20.428	4.141e-02	-3.662	1846	4.409	1.404
20.428	5.465e-02	-3.843	1710	4.457	1.329
20.428	7.155e-02	-4.003	1596	4.497	1.269
20.428	9.444e-02	-4.181	1470	4.532	1.219
20.428	1.236e-01	-4.339	1365	4.562	1.178
20.428	1.635e-01	-4.499	1264	4.589	1.142
20.428	2.133e-01	-4.653	1173	4.612	1.112
20.428	2.815e-01	-4.814	1081	4.633	1.086
20.428	3.685e-01	-4.974	997	4.651	1.063
20.428	4.865e-01	-5.143	913	4.667	1.043
20.428	6.408e-01	-5.310	836	4.682	1.026
20.428	8.422e-01	-5.470	768	4.694	1.011
20.428	1.105e+00	-5.626	707	4.706	0.998
20.428	1.453e+00	-5.780	650	4.716	0.987
20.428	1.910e+00	-5.934	599	4.725	0.976
20.428	2.510e+00	-6.088	551	4.734	0.967
20.428	3.314e+00	-6.235	508	4.742	0.958
20.428	4.365e+00	-6.399	464	4.749	0.950
20.428	5.737e+00	-6.528	433	4.756	0.943
20.428	7.573e+00	-6.631	409	4.762	0.935
20.428	9.976e+00	-6.767	380	4.769	0.928
20.951	1.043e-04	-1.629	2589	2.975	7.414
20.951	1.377e-04	-1.700	2594	3.049	6.810
20.951	1.802e-04	-1.769	2600	3.122	6.259
20.951	2.379e-04	-1.841	2607	3.200	5.725
20.951	3.114e-04	-1.910	2620	3.277	5.239
20.951	4.087e-04	-1.981	2632	3.356	4.783
20.951	5.352e-04	-2.053	2644	3.436	4.363
20.951	6.995e-04	-2.141	2631	3.515	3.983
20.951	9.196e-04	-2.238	2602	3.593	3.641
20.951	1.209e-03	-2.333	2573	3.668	3.338
20.951	1.589e-03	-2.424	2545	3.741	3.071
20.951	2.081e-03	-2.510	2518	3.808	2.842
20.951	2.724e-03	-2.584	2494	3.865	2.660
20.951	3.596e-03	-2.637	2477	3.906	2.539
20.951	4.707e-03	-2.664	2468	3.927	2.477
20.951	6.179e-03	-2.684	2461	3.942	2.435
20.951	8.120e-03	-2.709	2453	3.961	2.383
20.951	1.068e-02	-2.754	2438	3.996	2.290
20.951	1.403e-02	-2.883	2375	4.080	2.078
20.951	1.830e-02	-3.099	2249	4.200	1.809
20.951	2.416e-02	-3.293	2122	4.293	1.626
20.951	3.163e-02	-3.478	1985	4.362	1.501
20.951	4.151e-02	-3.641	1867	4.420	1.406
20.951	5.490e-02	-3.823	1730	4.468	1.329
20.951	7.215e-02	-3.983	1615	4.509	1.268
20.951	9.524e-02	-4.159	1489	4.544	1.218
20.951	1.255e-01	-4.321	1380	4.575	1.176
20.951	1.649e-01	-4.477	1281	4.601	1.140
20.951	2.151e-01	-4.629	1189	4.624	1.110
20.951	2.839e-01	-4.790	1097	4.646	1.083
20.951	3.716e-01	-4.949	1012	4.664	1.061
20.951	4.906e-01	-5.118	927	4.681	1.040
20.951	6.462e-01	-5.285	850	4.696	1.023
20.951	8.493e-01	-5.446	780	4.708	1.008
20.951	1.121e+00	-5.606	716	4.720	0.995
20.951	1.465e+00	-5.757	660	4.730	0.983
20.951	1.926e+00	-5.911	608	4.739	0.973
20.951	2.532e+00	-6.066	559	4.748	0.963
20.951	3.328e+00	-6.212	516	4.756	0.954
20.951	4.359e+00	-6.370	473	4.763	0.946
20.951	5.706e+00	-6.504	440	4.770	0.939
20.951	7.546e+00	-6.612	415	4.776	0.932
20.951	9.961e+00	-6.744	386	4.783	0.925
23.046	1.019e-04	-1.572	2611	2.974	7.785
23.046	1.340e-04	-1.641	2613	3.045	7.179
23.046	1.761e-04	-1.710	2620	3.118	6.597
23.046	2.324e-04	-1.782	2626	3.194	6.042
23.046	3.037e-04	-1.853	2633	3.269	5.542
23.046	3.961e-04	-1.921	2645	3.346	5.076
23.046	5.158e-04	-1.990	2656	3.423	4.645
23.046	6.809e-04	-2.065	2669	3.505	4.226
23.046	8.969e-04	-2.158	2650	3.586	3.849
23.046	1.179e-03	-2.254	2621	3.663	3.522
23.046	1.547e-03	-2.346	2592	3.736	3.239
23.046	2.033e-03	-2.430	2566	3.802	3.001
23.046	2.652e-03	-2.494	2546	3.852	2.833
23.046	3.481e-03	-2.532	2533	3.882	2.737
23.046	4.575e-03	-2.553	2526	3.898	2.687
23.046	5.967e-03	-2.573	2520	3.913	2.641
23.046	7.892e-03	-2.606	2509	3.939	2.564
23.046	1.038e-02	-2.677	2486	3.994	2.406
23.046	1.313e-02	-2.831	2428	4.107	2.114
23.046	1.719e-02	-3.026	2317	4.221	1.853
23.046	2.243e-02	-3.193	2213	4.308	1.677
23.046	2.944e-02	-3.361	2094	4.380	1.543
23.046	3.869e-02	-3.522	1975	4.439	1.441
23.046	5.087e-02	-3.684	1853	4.491	1.358
23.046	6.685e-02	-3.850	1728	4.535	1.291
23.046	8.841e-02	-4.010	1612	4.574	1.234
23.046	1.162e-01	-4.175	1494	4.607	1.188
23.046	1.528e-01	-4.329	1390	4.637	1.148
23.046	2.009e-01	-4.482	1292	4.663	1.114
23.046	2.640e-01	-4.638	1197	4.686	1.085
23.046	3.471e-01	-4.796	1106	4.706	1.060
23.046	4.562e-01	-4.958	1018	4.725	1.037
23.046	6.022e-01	-5.124	935	4.741	1.018
23.046	7.883e-01	-5.292	855	4.755	1.002
23.046	1.041e+00	-5.454	785	4.768	0.987
23.046	1.371e+00	-5.613	721	4.779	0.974
23.046	1.801e+00	-5.767	663	4.789	0.963
23.046	2.378e+00	-5.926	609	4.799	0.953
23.046	3.113e+00	-6.076	561	4.807	0.944
23.046	4.109e+00	-6.230	516	4.815	0.935
23.046	5.434e+00	-6.395	471	4.822	0.927
23.046	7.114e+00	-6.515	441	4.829	0.921
23.046	9.390e+00	-6.634	414	4.835	0.914
25.142	1.046e-04	-1.532	2634	2.987	8.014
25.142	1.374e-04	-1.601	2633	3.056	7.401
25.142	1.807e-04	-1.669	2639	3.128	6.812
25.142	2.375e-04	-1.740	2645	3.202	6.253
25.142	3.123e-04	-1.813	2650	3.278	5.729
25.142	4.104e-04	-1.884	2659	3.356	5.241
25.142	5.396e-04	-1.955	2671	3.435	4.785
25.142	7.092e-04	-2.027	2683	3.515	4.363
25.142	9.324e-04	-2.105	2688	3.596	3.975
25.142	1.233e-03	-2.205	2658	3.676	3.625
25.142	1.621e-03	-2.296	2629	3.748	3.337
25.142	2.114e-03	-2.369	2607	3.806	3.121
25.142	2.774e-03	-2.417	2591	3.844	2.987
25.142	3.646e-03	-2.441	2584	3.863	2.922
25.142	4.756e-03	-2.459	2578	3.877	2.875
25.142	6.290e-03	-2.487	2569	3.898	2.806
25.142	8.270e-03	-2.541	2551	3.941	2.671
25.142	1.087e-02	-2.695	2500	4.059	2.332
25.142	1.388e-02	-2.854	2435	4.173	2.045
25.142	1.825e-02	-3.021	2342	4.273	1.823
25.142	2.408e-02	-3.177	2245	4.355	1.658
25.142	3.153e-02	-3.329	2140	4.423	1.534
25.142	4.162e-02	-3.487	2021	4.482	1.433
25.142	5.448e-02	-3.634	1912	4.533	1.351
25.142	7.205e-02	-3.802	1781	4.578	1.283
25.142	9.511e-02	-3.956	1668	4.618	1.226
25.142	1.245e-01	-4.117	1550	4.651	1.179
25.142	1.634e-01	-4.269	1445	4.681	1.139
25.142	2.148e-01	-4.421	1345	4.708	1.105
25.142	2.824e-01	-4.575	1248	4.732	1.074
25.142	3.711e-01	-4.732	1154	4.754	1.048
25.142	4.880e-01	-4.894	1063	4.773	1.026
25.142	6.413e-01	-5.057	977	4.789	1.006
25.142	8.365e-01	-5.219	897	4.804	0.989
25.142	1.104e+00	-5.385	822	4.817	0.974
25.142	1.445e+00	-5.542	756	4.829	0.961
25.142	1.908e+00	-5.701	694	4.839	0.950
25.142	2.498e+00	-5.854	639	4.849	0.939
25.142	3.297e+00	-6.011	587	4.858	0.930
25.142	4.316e+00	-6.164	540	4.865	0.922
25.142	5.697e+00	-6.324	494	4.873	0.914
25.142	7.445e+00	-6.456	460	4.879	0.907
25.142	9.789e+00	-6.587	428	4.885	0.901
27.237	1.020e-04	-1.481	2658	2.987	8.339
27.237	1.341e-04	-1.551	2655	3.055	7.712
27.237	1.756e-04	-1.619	2656	3.124	7.122
27.237	2.299e-04	-1.687	2662	3.196	6.557
27.237	3.017e-04	-1.759	2667	3.270	6.018
27.237	3.965e-04	-1.832	2671	3.347	5.512
27.237	5.213e-04	-1.903	2682	3.424	5.041
27.237	6.852e-04	-1.974	2694	3.503	4.602
27.237	8.937e-04	-2.045	2705	3.581	4.207
27.237	1.180e-03	-2.128	2702	3.662	3.833
27.237	1.560e-03	-2.221	2673	3.737	3.518
27.237	2.042e-03	-2.291	2651	3.793	3.299
27.237	2.696e-03	-2.332	2638	3.825	3.177
27.237	3.529e-03	-2.352	2632	3.841	3.119
27.237	4.595e-03	-2.371	2626	3.856	3.067
27.237	5.974e-03	-2.402	2616	3.880	2.983
27.237	7.886e-03	-2.476	2592	3.938	2.789
27.237	9.988e-03	-2.629	2541	4.057	2.434
27.237	1.321e-02	-2.793	2484	4.181	2.109
27.237	1.723e-02	-2.941	2410	4.277	1.889
27.237	2.274e-02	-3.090	2321	4.360	1.716
27.237	2.977e-02	-3.230	2229	4.431	1.582
27.237	3.930e-02	-3.381	2119	4.494	1.472
27.237	5.145e-02	-3.523	2014	4.547	1.383
27.237	6.791e-02	-3.681	1892	4.597	1.307
27.237	8.890e-02	-3.836	1772	4.638	1.246
27.237	1.174e-01	-3.988	1660	4.676	1.193
27.237	1.546e-01	-4.147	1544	4.709	1.149
27.237	2.032e-01	-4.297	1440	4.738	1.111
27.237	2.671e-01	-4.450	1339	4.764	1.078
27.237	3.511e-01	-4.606	1240	4.787	1.049
27.237	4.616e-01	-4.764	1146	4.808	1.024
27.237	6.067e-01	-4.926	1055	4.827	1.003
27.237	7.976e-01	-5.089	969	4.843	0.984
27.237	1.048e+00	-5.257	888	4.857	0.968
27.237	1.384e+00	-5.419	814	4.870	0.954
27.237	1.808e+00	-5.575	749	4.881	0.942
27.237	2.359e+00	-5.728	690	4.891	0.931
27.237	3.113e+00	-5.887	633	4.901	0.921
27.237	4.076e+00	-6.038	583	4.909	0.912
27.237	5.380e+00	-6.202	533	4.917	0.904
27.237	7.115e+00	-6.355	490	4.924	0.897
27.237	9.373e+00	-6.495	454	4.930	0.890
29.332	1.031e-04	-1.440	2686	2.997	8.559
29.332	1.356e-04	-1.513	2676	3.063	7.926
29.332	1.782e-04	-1.583	2675	3.133	7.319
29.332	2.324e-04	-1.650	2679	3.202	6.757
29.332	3.050e-04	-1.721	2684	3.276	6.208
29.332	4.009e-04	-1.794	2687	3.351	5.692
29.332	5.229e-04	-1.865	2693	3.425	5.224
29.332	6.903e-04	-1.936	2705	3.505	4.767
29.332	9.036e-04	-2.007	2717	3.583	4.358
29.332	1.186e-03	-2.078	2728	3.661	3.982
29.332	1.553e-03	-2.159	2712	3.732	3.670
29.332	2.033e-03	-2.222	2692	3.783	3.463
29.332	2.684e-03	-2.255	2682	3.808	3.362
29.332	3.513e-03	-2.273	2676	3.823	3.306
29.332	4.611e-03	-2.296	2669	3.841	3.238
29.332	6.060e-03	-2.340	2655	3.876	3.111
29.332	8.000e-03	-2.470	2613	3.978	2.765
29.332	1.018e-02	-2.626	2560	4.099	2.405
29.332	1.347e-02	-2.773	2509	4.211	2.114
29.332	1.756e-02	-2.910	2444	4.302	1.905
29.332	2.318e-02	-3.048	2365	4.383	1.735
29.332	3.035e-02	-3.178	2285	4.453	1.600
29.332	3.983e-02	-3.316	2189	4.516	1.488
29.332	5.235e-02	-3.463	2077	4.572	1.395
29.332	6.883e-02	-3.602	1974	4.623	1.316
29.332	9.103e-02	-3.767	1842	4.668	1.249
29.332	1.196e-01	-3.914	1730	4.707	1.195
29.332	1.579e-01	-4.074	1610	4.742	1.148
29.332	2.067e-01	-4.223	1504	4.772	1.109
29.332	2.729e-01	-4.376	1399	4.800	1.074
29.332	3.573e-01	-4.528	1300	4.824	1.045
29.332	4.689e-01	-4.684	1203	4.845	1.019
29.332	6.163e-01	-4.844	1110	4.865	0.996
29.332	8.135e-01	-5.009	1020	4.882	0.976
29.332	1.063e+00	-5.169	938	4.897	0.960
29.332	1.398e+00	-5.332	860	4.911	0.945
29.332	1.830e+00	-5.492	790	4.922	0.932
29.332	2.396e+00	-5.649	726	4.933	0.921
29.332	3.145e+00	-5.805	668	4.943	0.911
29.332	4.133e+00	-5.962	613	4.952	0.902
29.332	5.434e+00	-6.127	560	4.959	0.893
29.332	7.187e+00	-6.281	515	4.967	0.886
29.332	9.445e+00	-6.426	475	4.973	0.879
31.427	1.043e-04	-1.403	2712	3.006	8.760
31.427	1.371e-04	-1.477	2701	3.072	8.119
31.427	1.802e-04	-1.548	2695	3.141	7.507
31.427	2.370e-04	-1.619	2695	3.211	6.922
31.427	3.114e-04	-1.689	2700	3.284	6.365
31.427	4.062e-04	-1.759	2703	3.356	5.855
31.427	5.332e-04	-1.832	2707	3.432	5.367
31.427	7.007e-04	-1.903	2717	3.509	4.911
31.427	9.213e-04	-1.974	2728	3.587	4.488
31.427	1.206e-03	-2.043	2739	3.663	4.113
31.427	1.577e-03	-2.105	2746	3.730	3.809
31.427	2.056e-03	-2.158	2731	3.773	3.626
31.427	2.715e-03	-2.183	2723	3.793	3.541
31.427	3.547e-03	-2.202	2717	3.808	3.482
31.427	4.683e-03	-2.231	2708	3.831	3.390
31.427	6.130e-03	-2.294	2687	3.882	3.198
31.427	7.965e-03	-2.459	2634	4.011	2.755
31.427	1.021e-02	-2.604	2585	4.124	2.420
31.427	1.342e-02	-2.740	2538	4.227	2.148
31.427	1.763e-02	-2.869	2481	4.318	1.936
31.427	2.300e-02	-2.996	2412	4.395	1.771
31.427	3.036e-02	-3.121	2340	4.468	1.629
31.427	3.999e-02	-3.254	2251	4.533	1.510
31.427	5.256e-02	-3.396	2145	4.592	1.412
31.427	6.856e-02	-3.528	2047	4.642	1.332
31.427	9.049e-02	-3.684	1923	4.690	1.261
31.427	1.192e-01	-3.839	1801	4.731	1.202
31.427	1.561e-01	-3.984	1692	4.767	1.154
31.427	2.040e-01	-4.135	1580	4.799	1.112
31.427	2.682e-01	-4.286	1473	4.828	1.076
31.427	3.525e-01	-4.438	1370	4.854	1.044
31.427	4.635e-01	-4.593	1269	4.877	1.016
31.427	6.091e-01	-4.751	1173	4.898	0.992
31.427	8.009e-01	-4.912	1080	4.917	0.971
31.427	1.053e+00	-5.075	993	4.933	0.953
31.427	1.384e+00	-5.239	911	4.947	0.938
31.427	1.819e+00	-5.402	836	4.960	0.924
31.427	2.372e+00	-5.559	768	4.971	0.912
31.427	3.084e+00	-5.711	708	4.981	0.902
31.427	4.048e+00	-5.869	650	4.990	0.893
31.427	5.320e+00	-6.025	597	4.999	0.884
31.427	7.023e+00	-6.191	545	5.006	0.876
31.427	9.193e+00	-6.337	503	5.013	0.869
34.570	1.040e-04	-1.346	2753	3.016	9.082
34.570	1.361e-04	-1.419	2738	3.080	8.441
34.570	1.796e-04	-1.495	2726	3.148	7.807
34.570	2.352e-04	-1.565	2722	3.216	7.221
34.570	3.104e-04	-1.637	2721	3.287	6.647
34.570	4.064e-04	-1.707	2725	3.360	6.118
34.570	5.291e-04	-1.777	2729	3.432	5.630
34.570	6.984e-04	-1.851	2732	3.509	5.152
34.570	9.127e-04	-1.920	2742	3.583	4.728
34.570	1.190e-03	-1.985	2753	3.655	4.353
34.570	1.574e-03	-2.042	2762	3.718	4.051
34.570	2.070e-03	-2.074	2767	3.753	3.891
34.570	2.721e-03	-2.089	2769	3.770	3.814
34.570	3.549e-03	-2.106	2770	3.787	3.739
34.570	4.684e-03	-2.145	2761	3.820	3.601
34.570	6.132e-03	-2.258	2725	3.910	3.245
34.570	7.699e-03	-2.411	2675	4.031	2.824
34.570	1.016e-02	-2.561	2624	4.148	2.468
34.570	1.328e-02	-2.686	2581	4.244	2.210
34.570	1.732e-02	-2.800	2539	4.329	2.003
34.570	2.274e-02	-2.922	2476	4.409	1.828
34.570	2.988e-02	-3.041	2412	4.481	1.682
34.570	3.898e-02	-3.154	2346	4.547	1.560
34.570	5.145e-02	-3.286	2255	4.609	1.451
34.570	6.777e-02	-3.427	2147	4.666	1.360
34.570	8.907e-02	-3.560	2048	4.716	1.283
34.570	1.171e-01	-3.717	1920	4.761	1.218
34.570	1.539e-01	-3.867	1802	4.801	1.164
34.570	2.008e-01	-4.012	1690	4.835	1.119
34.570	2.650e-01	-4.168	1575	4.868	1.078
34.570	3.491e-01	-4.319	1467	4.896	1.043
34.570	4.571e-01	-4.470	1365	4.921	1.014
34.570	5.984e-01	-4.623	1265	4.943	0.988
34.570	7.899e-01	-4.784	1167	4.964	0.965
34.570	1.034e+00	-4.943	1076	4.981	0.946
34.570	1.368e+00	-5.109	987	4.997	0.928
34.570	1.798e+00	-5.272	906	5.012	0.913
34.570	2.363e+00	-5.437	829	5.024	0.900
34.570	3.107e+00	-5.601	760	5.035	0.889
34.570	4.083e+00	-5.760	697	5.045	0.879
34.570	5.326e+00	-5.914	641	5.053	0.870
34.570	7.031e+00	-6.083	585	5.062	0.862
34.570	9.298e+00	-6.238	537	5.069	0.855
36.665	1.004e-04	-1.296	2790	3.015	9.366
36.665	1.314e-04	-1.376	2763	3.078	8.711
36.665	1.734e-04	-1.450	2751	3.145	8.068
36.665	2.271e-04	-1.523	2740	3.211	7.473
36.665	2.980e-04	-1.595	2737	3.281	6.899
36.665	3.917e-04	-1.666	2738	3.352	6.354
36.665	5.109e-04	-1.735	2742	3.424	5.851
36.665	6.744e-04	-1.809	2745	3.500	5.360
36.665	8.828e-04	-1.880	2750	3.574	4.922
36.665	1.159e-03	-1.945	2761	3.646	4.532
36.665	1.523e-03	-1.998	2769	3.704	4.239
36.665	2.002e-03	-2.027	2774	3.736	4.085
36.665	2.631e-03	-2.042	2776	3.753	4.007
36.665	3.432e-03	-2.058	2779	3.770	3.926
36.665	4.531e-03	-2.091	2784	3.806	3.768
36.665	5.931e-03	-2.215	2754	3.912	3.335
36.665	7.784e-03	-2.391	2697	4.051	2.841
36.665	1.023e-02	-2.533	2649	4.162	2.501
36.665	1.345e-02	-2.657	2606	4.258	2.240
36.665	1.768e-02	-2.771	2564	4.344	2.029
36.665	2.324e-02	-2.889	2509	4.423	1.851
36.665	3.055e-02	-3.005	2446	4.496	1.703
36.665	3.985e-02	-3.114	2387	4.562	1.578
36.665	5.260e-02	-3.239	2305	4.626	1.466
36.665	6.886e-02	-3.373	2205	4.683	1.373
36.665	9.089e-02	-3.508	2103	4.736	1.292
36.665	1.197e-01	-3.659	1982	4.784	1.223
36.665	1.574e-01	-3.811	1859	4.825	1.166
36.665	2.069e-01	-3.958	1745	4.862	1.118
36.665	2.719e-01	-4.109	1630	4.895	1.076
36.665	3.596e-01	-4.266	1516	4.925	1.039
36.665	4.690e-01	-4.413	1413	4.950	1.009
36.665	6.191e-01	-4.570	1309	4.974	0.982
36.665	8.105e-01	-4.725	1211	4.995	0.959
36.665	1.070e+00	-4.888	1115	5.014	0.938
36.665	1.401e+00	-5.048	1026	5.030	0.921
36.665	1.824e+00	-5.206	945	5.044	0.906
36.665	2.407e+00	-5.373	865	5.057	0.892
36.665	3.151e+00	-5.535	793	5.069	0.881
36.665	4.136e+00	-5.694	728	5.079	0.870
36.665	5.436e+00	-5.856	667	5.088	0.861
36.665	7.090e+00	-6.017	610	5.096	0.853
36.665	9.359e+00	-6.174	560	5.104	0.846
39.807	1.016e-04	-1.243	2839	3.028	9.617
39.807	1.335e-04	-1.327	2806	3.092	8.935
39.807	1.755e-04	-1.406	2784	3.157	8.294
39.807	2.289e-04	-1.478	2771	3.221	7.699
39.807	3.004e-04	-1.552	2761	3.289	7.120
39.807	3.949e-04	-1.624	2759	3.359	6.568
39.807	5.150e-04	-1.692	2761	3.429	6.059
39.807	6.798e-04	-1.765	2765	3.504	5.558
39.807	8.900e-04	-1.836	2767	3.576	5.115
39.807	1.168e-03	-1.899	2774	3.643	4.735
39.807	1.535e-03	-1.943	2781	3.692	4.476
39.807	2.018e-03	-1.965	2785	3.717	4.351
39.807	2.643e-03	-1.979	2787	3.732	4.276
39.807	3.482e-03	-1.999	2790	3.754	4.171
39.807	4.576e-03	-2.042	2797	3.801	3.951
39.807	6.017e-03	-2.190	2785	3.942	3.356
39.807	7.908e-03	-2.355	2731	4.073	2.887
39.807	1.040e-02	-2.492	2685	4.180	2.553
39.807	1.366e-02	-2.613	2643	4.273	2.292
39.807	1.797e-02	-2.725	2602	4.359	2.078
39.807	2.361e-02	-2.832	2561	4.438	1.897
39.807	3.117e-02	-2.950	2498	4.512	1.741
39.807	4.080e-02	-3.057	2442	4.580	1.611
39.807	5.355e-02	-3.168	2377	4.645	1.495
39.807	7.038e-02	-3.294	2290	4.705	1.395
39.807	9.290e-02	-3.434	2182	4.761	1.308
39.807	1.216e-01	-3.565	2081	4.810	1.236
39.807	1.596e-01	-3.720	1953	4.855	1.174
39.807	2.098e-01	-3.867	1836	4.894	1.122
39.807	2.736e-01	-4.013	1721	4.928	1.079
39.807	3.592e-01	-4.166	1604	4.960	1.040
39.807	4.720e-01	-4.316	1496	4.988	1.007
39.807	6.206e-01	-4.469	1389	5.013	0.978
39.807	8.157e-01	-4.625	1287	5.036	0.953
39.807	1.064e+00	-4.780	1191	5.055	0.932
39.807	1.404e+00	-4.944	1094	5.073	0.913
39.807	1.838e+00	-5.105	1007	5.089	0.897
39.807	2.427e+00	-5.271	922	5.103	0.882
39.807	3.171e+00	-5.433	846	5.115	0.870
39.807	4.170e+00	-5.597	775	5.126	0.859
39.807	5.480e+00	-5.760	710	5.136	0.849
39.807	7.205e+00	-5.919	651	5.145	0.841
39.807	9.470e+00	-6.083	595	5.152	0.833
41.903	1.027e-04	-1.210	2870	3.037	9.767
41.903	1.350e-04	-1.296	2835	3.101	9.075
41.903	1.775e-04	-1.378	2805	3.165	8.426
41.903	2.333e-04	-1.453	2791	3.231	7.811
41.903	3.043e-04	-1.527	2778	3.297	7.242
41.903	4.016e-04	-1.600	2773	3.367	6.677
41.903	5.258e-04	-1.670	2774	3.437	6.160
41.903	6.940e-04	-1.742	2777	3.511	5.657
41.903	9.085e-04	-1.811	2780	3.582	5.216
41.903	1.192e-03	-1.872	2783	3.644	4.853
41.903	1.567e-03	-1.909	2788	3.685	4.629
41.903	2.044e-03	-1.927	2791	3.705	4.526
41.903	2.683e-03	-1.941	2793	3.720	4.446
41.903	3.526e-03	-1.963	2797	3.745	4.322
41.903	4.636e-03	-2.018	2806	3.805	4.033
41.903	5.886e-03	-2.149	2813	3.940	3.452
41.903	7.533e-03	-2.299	2764	4.060	3.007
41.903	9.887e-03	-2.437	2718	4.168	2.654
41.903	1.295e-02	-2.557	2676	4.262	2.383
41.903	1.695e-02	-2.668	2636	4.347	2.162
41.903	2.225e-02	-2.774	2597	4.426	1.972
41.903	2.913e-02	-2.882	2547	4.501	1.810
41.903	3.807e-02	-2.989	2492	4.570	1.672
41.903	5.005e-02	-3.097	2434	4.637	1.548
41.903	6.554e-02	-3.209	2365	4.699	1.441
41.903	8.580e-02	-3.338	2270	4.757	1.348
41.903	1.133e-01	-3.475	2164	4.811	1.267
41.903	1.483e-01	-3.614	2054	4.859	1.199
41.903	1.961e-01	-3.770	1925	4.902	1.140
41.903	2.558e-01	-3.914	1810	4.939	1.093
41.903	3.376e-01	-4.063	1695	4.974	1.050
41.903	4.420e-01	-4.219	1576	5.004	1.015
41.903	5.834e-01	-4.371	1467	5.031	0.983
41.903	7.637e-01	-4.523	1362	5.055	0.956
41.903	1.008e+00	-4.683	1259	5.077	0.933
41.903	1.320e+00	-4.841	1162	5.096	0.912
41.903	1.742e+00	-5.006	1067	5.113	0.895
41.903	2.280e+00	-5.167	981	5.128	0.879
41.903	2.993e+00	-5.331	899	5.141	0.866
41.903	3.934e+00	-5.497	823	5.153	0.854
41.903	5.172e+00	-5.660	754	5.163	0.844
41.903	6.797e+00	-5.823	690	5.173	0.835
41.903	8.937e+00	-5.986	631	5.181	0.827
45.045	1.036e-04	-1.160	2920	3.048	10.002
45.045	1.368e-04	-1.250	2878	3.113	9.280
45.045	1.791e-04	-1.334	2844	3.176	8.627
45.045	2.351e-04	-1.413	2821	3.241	8.008
45.045	3.090e-04	-1.489	2806	3.307	7.416
45.045	4.030e-04	-1.562	2795	3.374	6.872
45.045	5.319e-04	-1.635	2792	3.445	6.333
45.045	6.964e-04	-1.703	2795	3.514	5.844
45.045	9.192e-04	-1.771	2797	3.584	5.393
45.045	1.201e-03	-1.825	2799	3.639	5.062
45.045	1.567e-03	-1.856	2800	3.671	4.878
45.045	2.068e-03	-1.873	2801	3.688	4.784
45.045	2.703e-03	-1.888	2803	3.704	4.696
45.045	3.568e-03	-1.915	2807	3.735	4.535
45.045	4.670e-03	-1.992	2820	3.819	4.113
45.045	6.165e-03	-2.140	2837	3.978	3.427
45.045	8.153e-03	-2.298	2785	4.104	2.965
45.045	1.067e-02	-2.427	2741	4.205	2.639
45.045	1.390e-02	-2.540	2702	4.293	2.384
45.045	1.834e-02	-2.652	2661	4.378	2.162
45.045	2.401e-02	-2.754	2623	4.455	1.978
45.045	3.170e-02	-2.858	2580	4.531	1.812
45.045	4.143e-02	-2.965	2525	4.600	1.674
45.045	5.446e-02	-3.071	2469	4.667	1.549
45.045	7.132e-02	-3.178	2407	4.730	1.441
45.045	9.321e-02	-3.300	2321	4.789	1.347
45.045	1.230e-01	-3.439	2212	4.844	1.264
45.045	1.611e-01	-3.569	2111	4.893	1.194
45.045	2.114e-01	-3.724	1981	4.938	1.135
45.045	2.778e-01	-3.869	1864	4.977	1.085
45.045	3.667e-01	-4.021	1743	5.013	1.041
45.045	4.831e-01	-4.179	1621	5.044	1.004
45.045	6.349e-01	-4.329	1511	5.072	0.973
45.045	8.282e-01	-4.478	1406	5.096	0.946
45.045	1.093e+00	-4.637	1300	5.119	0.921
45.045	1.431e+00	-4.794	1201	5.138	0.901
45.045	1.889e+00	-4.960	1103	5.156	0.883
45.045	2.469e+00	-5.120	1015	5.171	0.867
45.045	3.246e+00	-5.285	930	5.185	0.854
45.045	4.266e+00	-5.451	851	5.197	0.842
45.045	5.564e+00	-5.611	781	5.208	0.832
45.045	7.344e+00	-5.778	713	5.218	0.822
45.045	9.614e+00	-5.938	654	5.226	0.814
47.140	1.020e-04	-1.120	2956	3.049	10.217
47.140	1.335e-04	-1.210	2912	3.112	9.496
47.140	1.762e-04	-1.298	2874	3.178	8.808
47.140	2.306e-04	-1.381	2843	3.242	8.184
47.140	3.027e-04	-1.457	2826	3.307	7.590
47.140	3.979e-04	-1.533	2811	3.374	7.023
47.140	5.190e-04	-1.603	2806	3.441	6.503
47.140	6.850e-04	-1.674	2806	3.512	5.995
47.140	8.952e-04	-1.738	2808	3.577	5.560
47.140	1.177e-03	-1.790	2810	3.631	5.227
47.140	1.547e-03	-1.820	2811	3.661	5.050
47.140	2.018e-03	-1.835	2812	3.676	4.961
47.140	2.663e-03	-1.852	2812	3.694	4.863
47.140	3.508e-03	-1.883	2814	3.726	4.685
47.140	4.611e-03	-1.973	2829	3.825	4.182
47.140	5.746e-03	-2.086	2848	3.949	3.622
47.140	7.541e-03	-2.230	2821	4.077	3.126
47.140	9.911e-03	-2.364	2776	4.184	2.766
47.140	1.293e-02	-2.481	2735	4.275	2.492
47.140	1.706e-02	-2.593	2695	4.361	2.255
47.140	2.230e-02	-2.696	2657	4.439	2.061
47.140	2.909e-02	-2.793	2621	4.513	1.894
47.140	3.818e-02	-2.897	2574	4.585	1.743
47.140	5.018e-02	-3.004	2518	4.654	1.610
47.140	6.545e-02	-3.106	2463	4.717	1.496
47.140	8.639e-02	-3.220	2392	4.781	1.391
47.140	1.131e-01	-3.348	2296	4.838	1.302
47.140	1.493e-01	-3.482	2192	4.892	1.224
47.140	1.954e-01	-3.624	2077	4.939	1.159
47.140	2.584e-01	-3.776	1950	4.983	1.103
47.140	3.398e-01	-3.927	1828	5.020	1.056
47.140	4.466e-01	-4.074	1712	5.054	1.015
47.140	5.906e-01	-4.232	1591	5.085	0.980
47.140	7.704e-01	-4.380	1483	5.111	0.951
47.140	1.017e+00	-4.537	1374	5.135	0.925
47.140	1.329e+00	-4.691	1273	5.156	0.903
47.140	1.747e+00	-4.852	1173	5.175	0.883
47.140	2.296e+00	-5.015	1078	5.192	0.866
47.140	3.019e+00	-5.180	989	5.207	0.852
47.140	3.968e+00	-5.346	906	5.220	0.839
47.140	5.217e+00	-5.513	828	5.232	0.828
47.140	6.857e+00	-5.678	758	5.242	0.818
47.140	9.015e+00	-5.841	693	5.251	0.810
50.283	1.023e-04	-1.071	3005	3.057	10.458
50.283	1.345e-04	-1.164	2958	3.122	9.701
50.283	1.768e-04	-1.254	2915	3.186	9.006
50.283	2.324e-04	-1.341	2879	3.251	8.359
50.283	3.043e-04	-1.421	2852	3.315	7.763
50.283	3.984e-04	-1.495	2837	3.381	7.200
50.283	5.229e-04	-1.570	2826	3.448	6.664
50.283	6.872e-04	-1.639	2822	3.516	6.165
50.283	8.964e-04	-1.699	2824	3.577	5.747
50.283	1.183e-03	-1.745	2826	3.624	5.444
50.283	1.546e-03	-1.769	2826	3.647	5.298
50.283	2.017e-03	-1.783	2827	3.662	5.211
50.283	2.662e-03	-1.802	2828	3.681	5.096
50.283	3.507e-03	-1.840	2829	3.721	4.868
50.283	4.494e-03	-1.943	2840	3.830	4.293
50.283	5.661e-03	-2.055	2860	3.954	3.721
50.283	7.442e-03	-2.184	2855	4.080	3.219
50.283	9.782e-03	-2.318	2810	4.186	2.849
50.283	1.284e-02	-2.436	2769	4.279	2.560
50.283	1.681e-02	-2.545	2730	4.363	2.324
50.283	2.197e-02	-2.647	2693	4.441	2.124
50.283	2.889e-02	-2.746	2656	4.517	1.946
50.283	3.796e-02	-2.842	2622	4.591	1.788
50.283	5.011e-02	-2.952	2564	4.662	1.648
50.283	6.560e-02	-3.055	2509	4.727	1.528
50.283	8.542e-02	-3.156	2453	4.789	1.424
50.283	1.110e-01	-3.271	2374	4.847	1.331
50.283	1.466e-01	-3.405	2270	4.904	1.247
50.283	1.919e-01	-3.532	2173	4.954	1.177
50.283	2.499e-01	-3.680	2047	4.998	1.118
50.283	3.298e-01	-3.829	1924	5.040	1.066
50.283	4.310e-01	-3.976	1804	5.075	1.024
50.283	5.667e-01	-4.128	1684	5.108	0.986
50.283	7.448e-01	-4.279	1570	5.137	0.954
50.283	9.831e-01	-4.434	1458	5.163	0.925
50.283	1.287e+00	-4.588	1352	5.186	0.902
50.283	1.689e+00	-4.746	1249	5.206	0.881
50.283	2.196e+00	-4.902	1153	5.223	0.863
50.283	2.876e+00	-5.063	1061	5.239	0.847
50.283	3.764e+00	-5.225	974	5.254	0.834
50.283	4.969e+00	-5.395	890	5.266	0.821
50.283	6.494e+00	-5.559	815	5.277	0.811
50.283	8.538e+00	-5.725	745	5.287	0.802
52.378	1.045e-04	-1.046	3034	3.066	10.561
52.378	1.365e-04	-1.138	2986	3.130	9.807
52.378	1.781e-04	-1.228	2941	3.193	9.120
52.378	2.351e-04	-1.316	2902	3.259	8.455
52.378	3.072e-04	-1.399	2870	3.322	7.859
52.378	4.039e-04	-1.475	2854	3.388	7.285
52.378	5.308e-04	-1.551	2839	3.455	6.746
52.378	6.923e-04	-1.618	2835	3.519	6.266
52.378	9.156e-04	-1.678	2834	3.580	5.846
52.378	1.209e-03	-1.718	2835	3.620	5.579
52.378	1.582e-03	-1.737	2836	3.640	5.455
52.378	2.077e-03	-1.751	2837	3.654	5.363
52.378	2.729e-03	-1.773	2837	3.676	5.229
52.378	3.603e-03	-1.823	2839	3.728	4.929
52.378	4.716e-03	-1.955	2853	3.868	4.193
52.378	6.237e-03	-2.081	2875	4.007	3.574
52.378	8.135e-03	-2.204	2860	4.121	3.135
52.378	1.074e-02	-2.333	2817	4.223	2.786
52.378	1.406e-02	-2.446	2777	4.312	2.516
52.378	1.830e-02	-2.550	2739	4.392	2.294
52.378	2.402e-02	-2.652	2702	4.470	2.097
52.378	3.158e-02	-2.749	2668	4.545	1.923
52.378	4.151e-02	-2.844	2633	4.618	1.768
52.378	5.456e-02	-2.952	2576	4.688	1.632
52.378	7.174e-02	-3.057	2520	4.754	1.512
52.378	9.394e-02	-3.160	2462	4.817	1.407
52.378	1.230e-01	-3.276	2383	4.876	1.314
52.378	1.623e-01	-3.411	2278	4.933	1.231
52.378	2.125e-01	-3.537	2181	4.983	1.162
52.378	2.789e-01	-3.690	2050	5.028	1.103
52.378	3.666e-01	-3.836	1929	5.069	1.053
52.378	4.820e-01	-3.985	1807	5.105	1.010
52.378	6.334e-01	-4.138	1686	5.137	0.973
52.378	8.361e-01	-4.291	1570	5.166	0.941
52.378	1.095e+00	-4.441	1461	5.191	0.914
52.378	1.445e+00	-4.600	1352	5.215	0.890
52.378	1.891e+00	-4.756	1249	5.235	0.870
52.378	2.497e+00	-4.921	1148	5.253	0.852
52.378	3.268e+00	-5.083	1055	5.268	0.836
52.378	4.314e+00	-5.251	966	5.283	0.823
52.378	5.683e+00	-5.420	883	5.295	0.811
52.378	7.469e+00	-5.587	807	5.306	0.801
52.378	9.743e+00	-5.748	739	5.315	0.792
55.521	1.016e-04	-0.991	3085	3.065	10.889
55.521	1.336e-04	-1.086	3035	3.131	10.082
55.521	1.750e-04	-1.179	2986	3.196	9.358
55.521	2.291e-04	-1.268	2943	3.260	8.694
55.521	2.983e-04	-1.352	2906	3.323	8.090
55.521	3.878e-04	-1.430	2881	3.385	7.531
55.521	5.041e-04	-1.502	2866	3.448	7.005
55.521	6.655e-04	-1.574	2854	3.513	6.499
55.521	8.712e-04	-1.632	2850	3.568	6.097
55.521	1.134e-03	-1.669	2849	3.605	5.847
55.521	1.497e-03	-1.688	2850	3.624	5.718
55.521	1.957e-03	-1.702	2851	3.638	5.625
55.521	2.583e-03	-1.724	2851	3.661	5.480
55.521	3.381e-03	-1.772	2853	3.710	5.177
55.521	4.373e-03	-1.900	2859	3.842	4.449
55.521	5.573e-03	-2.010	2878	3.964	3.868
55.521	7.269e-03	-2.116	2896	4.080	3.382
55.521	9.596e-03	-2.243	2864	4.188	2.986
55.521	1.256e-02	-2.360	2824	4.281	2.685
55.521	1.649e-02	-2.470	2785	4.366	2.434
55.521	2.167e-02	-2.574	2747	4.446	2.219
55.521	2.826e-02	-2.670	2712	4.520	2.038
55.521	3.674e-02	-2.761	2682	4.591	1.878
55.521	4.784e-02	-2.853	2647	4.661	1.733
55.521	6.315e-02	-2.961	2589	4.731	1.599
55.521	8.267e-02	-3.064	2534	4.796	1.484
55.521	1.085e-01	-3.168	2474	4.858	1.381
55.521	1.426e-01	-3.285	2394	4.918	1.289
55.521	1.875e-01	-3.416	2291	4.974	1.209
55.521	2.464e-01	-3.545	2191	5.024	1.140
55.521	3.214e-01	-3.694	2062	5.069	1.084
55.521	4.243e-01	-3.842	1940	5.109	1.034
55.521	5.554e-01	-3.989	1819	5.145	0.993
55.521	7.332e-01	-4.142	1697	5.177	0.956
55.521	9.658e-01	-4.295	1580	5.206	0.925
55.521	1.269e+00	-4.446	1469	5.231	0.899
55.521	1.669e+00	-4.601	1361	5.254	0.876
55.521	2.193e+00	-4.761	1256	5.274	0.856
55.521	2.895e+00	-4.925	1155	5.292	0.838
55.521	3.783e+00	-5.085	1063	5.308	0.823
55.521	4.974e+00	-5.250	974	5.322	0.810
55.521	6.538e+00	-5.417	891	5.334	0.799
55.521	8.528e+00	-5.580	816	5.344	0.789
57.616	1.030e-04	-0.966	3112	3.071	11.012
57.616	1.359e-04	-1.063	3061	3.139	10.177
57.616	1.779e-04	-1.156	3012	3.204	9.443
57.616	2.335e-04	-1.248	2965	3.269	8.764
57.616	3.069e-04	-1.336	2926	3.334	8.136
57.616	4.003e-04	-1.417	2895	3.397	7.568
57.616	5.254e-04	-1.491	2879	3.461	7.029
57.616	6.905e-04	-1.561	2866	3.523	6.547
57.616	9.006e-04	-1.612	2862	3.572	6.185
57.616	1.173e-03	-1.643	2860	3.602	5.977
57.616	1.548e-03	-1.660	2859	3.618	5.866
57.616	2.023e-03	-1.675	2860	3.633	5.765
57.616	2.670e-03	-1.701	2861	3.660	5.590
57.616	3.496e-03	-1.767	2863	3.727	5.172
57.616	4.302e-03	-1.881	2867	3.843	4.525
57.616	5.678e-03	-2.003	2887	3.978	3.876
57.616	7.433e-03	-2.107	2905	4.093	3.396
57.616	9.812e-03	-2.228	2881	4.199	3.004
57.616	1.284e-02	-2.345	2840	4.291	2.703
57.616	1.695e-02	-2.455	2801	4.377	2.447
57.616	2.220e-02	-2.557	2763	4.456	2.235
57.616	2.913e-02	-2.655	2729	4.532	2.048
57.616	3.815e-02	-2.747	2698	4.605	1.884
57.616	4.994e-02	-2.840	2665	4.675	1.736
57.616	6.592e-02	-2.948	2608	4.746	1.601
57.616	8.615e-02	-3.049	2552	4.810	1.487
57.616	1.133e-01	-3.152	2495	4.874	1.382
57.616	1.489e-01	-3.268	2418	4.934	1.289
57.616	1.942e-01	-3.393	2321	4.989	1.211
57.616	2.548e-01	-3.519	2224	5.040	1.141
57.616	3.349e-01	-3.671	2093	5.086	1.082
57.616	4.421e-01	-3.818	1969	5.128	1.031
57.616	5.778e-01	-3.963	1848	5.164	0.990
57.616	7.596e-01	-4.112	1729	5.196	0.953
57.616	9.984e-01	-4.262	1613	5.225	0.922
57.616	1.318e+00	-4.414	1500	5.251	0.895
57.616	1.725e+00	-4.566	1392	5.274	0.872
57.616	2.277e+00	-4.726	1285	5.295	0.851
57.616	2.981e+00	-4.884	1185	5.313	0.834
57.616	3.935e+00	-5.049	1088	5.329	0.818
57.616	5.151e+00	-5.210	1000	5.343	0.805
57.616	6.800e+00	-5.380	914	5.356	0.793
57.616	8.902e+00	-5.545	836	5.367	0.783
60.759	1.002e-04	-0.915	3158	3.068	11.346
60.759	1.317e-04	-1.010	3110	3.137	10.483
60.759	1.725e-04	-1.105	3059	3.203	9.715
60.759	2.258e-04	-1.198	3009	3.268	9.016
60.759	2.940e-04	-1.286	2966	3.330	8.389
60.759	3.881e-04	-1.374	2927	3.396	7.781
60.759	5.071e-04	-1.449	2904	3.458	7.246
60.759	6.694e-04	-1.519	2890	3.518	6.757
60.759	8.763e-04	-1.571	2880	3.564	6.408
60.759	1.157e-03	-1.599	2878	3.591	6.211
60.759	1.514e-03	-1.614	2877	3.606	6.108
60.759	1.988e-03	-1.631	2876	3.622	5.996
60.759	2.612e-03	-1.661	2874	3.651	5.799
60.759	3.448e-03	-1.744	2877	3.736	5.261
60.759	4.514e-03	-1.886	2882	3.881	4.448
60.759	5.958e-03	-2.001	2900	4.007	3.850
60.759	7.800e-03	-2.100	2918	4.116	3.394
60.759	1.024e-02	-2.211	2902	4.218	3.019
60.759	1.346e-02	-2.327	2862	4.310	2.716
60.759	1.755e-02	-2.432	2824	4.392	2.471
60.759	2.303e-02	-2.534	2787	4.471	2.256
60.759	3.027e-02	-2.631	2754	4.547	2.068
60.759	3.980e-02	-2.725	2722	4.621	1.899
60.759	5.212e-02	-2.816	2691	4.691	1.750
60.759	6.812e-02	-2.917	2641	4.760	1.618
60.759	8.956e-02	-3.021	2584	4.826	1.498
60.759	1.177e-01	-3.124	2527	4.890	1.392
60.759	1.535e-01	-3.231	2458	4.950	1.300
60.759	2.027e-01	-3.355	2368	5.008	1.215
60.759	2.648e-01	-3.480	2269	5.060	1.145
60.759	3.482e-01	-3.623	2149	5.108	1.083
60.759	4.576e-01	-3.768	2026	5.150	1.032
60.759	6.041e-01	-3.918	1899	5.188	0.988
60.759	7.957e-01	-4.063	1781	5.222	0.950
60.759	1.046e+00	-4.209	1666	5.252	0.918
60.759	1.380e+00	-4.361	1550	5.278	0.890
60.759	1.807e+00	-4.509	1442	5.302	0.867
60.759	2.385e+00	-4.664	1335	5.323	0.846
60.759	3.123e+00	-4.819	1235	5.341	0.828
60.759	4.122e+00	-4.979	1137	5.358	0.812
60.759	5.396e+00	-5.138	1046	5.373	0.799
60.759	7.123e+00	-5.305	958	5.386	0.787
60.759	9.325e+00	-5.469	877	5.398	0.776
62.854	1.014e-04	-0.892	3182	3.073	11.468
62.854	1.339e-04	-0.988	3134	3.144	10.576
62.854	1.752e-04	-1.084	3083	3.210	9.795
62.854	2.300e-04	-1.179	3031	3.276	9.081
62.854	3.023e-04	-1.271	2984	3.341	8.428
62.854	3.974e-04	-1.358	2945	3.405	7.828
62.854	5.204e-04	-1.436	2918	3.467	7.294
62.854	6.813e-04	-1.500	2904	3.523	6.838
62.854	8.942e-04	-1.547	2894	3.564	6.520
62.854	1.171e-03	-1.572	2890	3.586	6.357
62.854	1.533e-03	-1.586	2888	3.600	6.257
62.854	2.012e-03	-1.605	2887	3.617	6.132
62.854	2.644e-03	-1.640	2885	3.651	5.899
62.854	3.490e-03	-1.744	2886	3.756	5.228
62.854	4.561e-03	-1.879	2891	3.894	4.459
62.854	5.950e-03	-1.986	2907	4.011	3.899
62.854	7.853e-03	-2.086	2924	4.121	3.432
62.854	1.026e-02	-2.188	2921	4.221	3.061
62.854	1.339e-02	-2.301	2881	4.310	2.761
62.854	1.767e-02	-2.411	2842	4.396	2.501
62.854	2.309e-02	-2.512	2805	4.474	2.287
62.854	3.012e-02	-2.606	2773	4.548	2.100
62.854	3.976e-02	-2.701	2741	4.623	1.926
62.854	5.205e-02	-2.792	2710	4.694	1.775
62.854	6.870e-02	-2.892	2665	4.766	1.635
62.854	8.994e-02	-2.995	2609	4.832	1.515
62.854	1.187e-01	-3.100	2551	4.897	1.405
62.854	1.551e-01	-3.204	2486	4.958	1.310
62.854	2.040e-01	-3.320	2406	5.016	1.225
62.854	2.681e-01	-3.450	2303	5.070	1.151
62.854	3.497e-01	-3.579	2198	5.118	1.089
62.854	4.624e-01	-3.730	2067	5.162	1.035
62.854	6.104e-01	-3.876	1944	5.201	0.990
62.854	7.991e-01	-4.015	1830	5.235	0.952
62.854	1.049e+00	-4.159	1713	5.265	0.920
62.854	1.378e+00	-4.306	1599	5.292	0.892
62.854	1.812e+00	-4.453	1490	5.316	0.867
62.854	2.382e+00	-4.601	1385	5.337	0.846
62.854	3.107e+00	-4.749	1286	5.356	0.828
62.854	4.101e+00	-4.905	1187	5.374	0.812
62.854	5.359e+00	-5.059	1096	5.389	0.798
62.854	6.967e+00	-5.213	1011	5.402	0.786
62.854	9.088e+00	-5.371	929	5.414	0.775
65.997	1.035e-04	-0.860	3216	3.082	11.640
65.997	1.360e-04	-0.955	3170	3.152	10.738
65.997	1.796e-04	-1.053	3118	3.221	9.913
65.997	2.350e-04	-1.149	3065	3.287	9.191
65.997	3.085e-04	-1.243	3015	3.352	8.530
65.997	4.040e-04	-1.329	2975	3.415	7.935
65.997	5.252e-04	-1.406	2942	3.473	7.420
65.997	6.863e-04	-1.467	2926	3.524	6.994
65.997	9.024e-04	-1.508	2917	3.560	6.715
65.997	1.186e-03	-1.529	2912	3.578	6.575
65.997	1.547e-03	-1.544	2909	3.591	6.475
65.997	2.046e-03	-1.567	2905	3.612	6.324
65.997	2.690e-03	-1.613	2901	3.655	6.018
65.997	3.535e-03	-1.739	2900	3.781	5.206
65.997	4.666e-03	-1.871	2905	3.915	4.459
65.997	6.109e-03	-1.976	2918	4.028	3.916
65.997	8.063e-03	-2.073	2935	4.135	3.461
65.997	1.056e-02	-2.166	2943	4.233	3.092
65.997	1.385e-02	-2.281	2903	4.324	2.784
65.997	1.821e-02	-2.388	2864	4.408	2.527
65.997	2.375e-02	-2.488	2828	4.486	2.312
65.997	3.135e-02	-2.585	2795	4.563	2.115
65.997	4.097e-02	-2.676	2765	4.635	1.946
65.997	5.387e-02	-2.769	2733	4.707	1.791
65.997	7.080e-02	-2.863	2696	4.778	1.651
65.997	9.308e-02	-2.969	2638	4.846	1.527
65.997	1.223e-01	-3.071	2582	4.911	1.417
65.997	1.608e-01	-3.175	2521	4.973	1.319
65.997	2.114e-01	-3.286	2446	5.032	1.232
65.997	2.779e-01	-3.414	2346	5.088	1.156
65.997	3.653e-01	-3.539	2247	5.138	1.091
65.997	4.803e-01	-3.686	2119	5.182	1.037
65.997	6.312e-01	-3.823	2002	5.221	0.991
65.997	8.299e-01	-3.964	1883	5.256	0.953
65.997	1.091e+00	-4.101	1771	5.286	0.920
65.997	1.440e+00	-4.242	1659	5.314	0.891
65.997	1.885e+00	-4.377	1556	5.337	0.867
65.997	2.488e+00	-4.518	1453	5.359	0.846
65.997	3.251e+00	-4.656	1356	5.378	0.828
65.997	4.292e+00	-4.803	1259	5.396	0.811
65.997	5.618e+00	-4.947	1169	5.411	0.797
65.997	7.416e+00	-5.101	1080	5.425	0.784
65.997	9.769e+00	-5.258	994	5.438	0.772
67.044	1.049e-04	-0.853	3226	3.086	11.673
67.044	1.379e-04	-0.948	3180	3.156	10.765
67.044	1.799e-04	-1.042	3131	3.223	9.969
67.044	2.361e-04	-1.138	3077	3.290	9.234
67.044	3.092e-04	-1.232	3026	3.354	8.574
67.044	4.047e-04	-1.318	2985	3.417	7.978
67.044	5.342e-04	-1.400	2949	3.478	7.437
67.044	7.037e-04	-1.460	2932	3.528	7.018
67.044	9.249e-04	-1.497	2924	3.560	6.767
67.044	1.216e-03	-1.516	2920	3.576	6.639
67.044	1.592e-03	-1.532	2917	3.590	6.534
67.044	2.098e-03	-1.558	2911	3.613	6.368
67.044	2.757e-03	-1.612	2905	3.663	6.006
67.044	3.596e-03	-1.745	2904	3.796	5.156
67.044	4.584e-03	-1.857	2909	3.911	4.517
67.044	6.025e-03	-1.964	2921	4.025	3.962
67.044	7.921e-03	-2.059	2937	4.130	3.510
67.044	1.041e-02	-2.150	2951	4.229	3.132
67.044	1.358e-02	-2.262	2914	4.319	2.825
67.044	1.792e-02	-2.371	2875	4.405	2.558
67.044	2.342e-02	-2.472	2839	4.483	2.338
67.044	3.055e-02	-2.565	2807	4.557	2.147
67.044	4.033e-02	-2.660	2776	4.632	1.968
67.044	5.271e-02	-2.750	2745	4.703	1.814
67.044	6.852e-02	-2.839	2713	4.771	1.678
67.044	8.937e-02	-2.940	2659	4.838	1.554
67.044	1.173e-01	-3.043	2602	4.903	1.441
67.044	1.542e-01	-3.144	2545	4.966	1.340
67.044	2.035e-01	-3.256	2472	5.027	1.249
67.044	2.664e-01	-3.377	2380	5.083	1.172
67.044	3.516e-01	-3.502	2282	5.135	1.104
67.044	4.595e-01	-3.642	2161	5.180	1.048
67.044	6.042e-01	-3.779	2045	5.220	1.001
67.044	7.941e-01	-3.919	1925	5.255	0.961
67.044	1.036e+00	-4.049	1818	5.286	0.928
67.044	1.367e+00	-4.184	1708	5.314	0.898
67.044	1.790e+00	-4.317	1605	5.338	0.874
67.044	2.362e+00	-4.454	1502	5.360	0.852
67.044	3.093e+00	-4.588	1407	5.379	0.833
67.044	4.082e+00	-4.728	1311	5.397	0.816
67.044	5.378e+00	-4.870	1220	5.414	0.801
67.044	7.042e+00	-5.012	1133	5.428	0.787
67.044	9.219e+00	-5.159	1049	5.441	0.776
68.092	1.008e-04	-0.827	3243	3.076	11.895
68.092	1.334e-04	-0.924	3198	3.149	10.942
68.092	1.746e-04	-1.018	3150	3.217	10.117
68.092	2.304e-04	-1.118	3094	3.285	9.351
68.092	3.017e-04	-1.212	3043	3.350	8.681
68.092	3.928e-04	-1.298	2999	3.412	8.087
68.092	5.185e-04	-1.380	2963	3.473	7.538
68.092	6.776e-04	-1.442	2941	3.522	7.122
68.092	8.908e-04	-1.480	2933	3.555	6.860
68.092	1.171e-03	-1.499	2929	3.572	6.727
68.092	1.527e-03	-1.515	2925	3.585	6.623
68.092	2.020e-03	-1.540	2920	3.607	6.460
68.092	2.655e-03	-1.592	2911	3.654	6.118
68.092	3.388e-03	-1.710	2907	3.769	5.357
68.092	4.480e-03	-1.841	2912	3.904	4.589
68.092	5.844e-03	-1.947	2922	4.015	4.039
68.092	7.714e-03	-2.043	2939	4.121	3.573
68.092	1.010e-02	-2.131	2954	4.219	3.193
68.092	1.325e-02	-2.240	2927	4.311	2.870
68.092	1.736e-02	-2.348	2888	4.396	2.604
68.092	2.272e-02	-2.449	2851	4.475	2.377
68.092	2.999e-02	-2.548	2818	4.553	2.173
68.092	3.926e-02	-2.640	2787	4.626	1.997
68.092	5.183e-02	-2.734	2756	4.700	1.835
68.092	6.785e-02	-2.824	2724	4.770	1.693
68.092	8.905e-02	-2.926	2672	4.839	1.564
68.092	1.170e-01	-3.029	2615	4.905	1.450
68.092	1.527e-01	-3.128	2559	4.966	1.351
68.092	2.015e-01	-3.238	2489	5.027	1.259
68.092	2.638e-01	-3.355	2403	5.084	1.180
68.092	3.482e-01	-3.481	2304	5.136	1.110
68.092	4.550e-01	-3.615	2190	5.182	1.053
68.092	5.935e-01	-3.749	2075	5.222	1.006
68.092	7.834e-01	-3.887	1957	5.258	0.965
68.092	1.026e+00	-4.015	1850	5.289	0.931
68.092	1.346e+00	-4.146	1743	5.317	0.902
68.092	1.769e+00	-4.277	1639	5.341	0.877
68.092	2.308e+00	-4.403	1544	5.363	0.856
68.092	3.046e+00	-4.534	1448	5.382	0.836
68.092	3.988e+00	-4.663	1358	5.400	0.820
68.092	5.264e+00	-4.799	1268	5.416	0.804
68.092	6.890e+00	-4.933	1183	5.431	0.791
68.092	9.095e+00	-5.077	1098	5.445	0.779
69.139	1.040e-04	-0.826	3250	3.085	11.864
69.139	1.367e-04	-0.921	3206	3.156	10.933
69.139	1.797e-04	-1.017	3157	3.226	10.093
69.139	2.362e-04	-1.115	3102	3.293	9.339
69.139	3.106e-04	-1.210	3049	3.359	8.660
69.139	4.067e-04	-1.298	3005	3.421	8.059
69.139	5.324e-04	-1.376	2970	3.479	7.539
69.139	7.027e-04	-1.437	2947	3.527	7.135
69.139	9.199e-04	-1.469	2940	3.555	6.909
69.139	1.214e-03	-1.487	2936	3.571	6.786
69.139	1.587e-03	-1.504	2932	3.585	6.676
69.139	2.095e-03	-1.532	2926	3.610	6.488
69.139	2.742e-03	-1.596	2915	3.667	6.072
69.139	3.565e-03	-1.733	2912	3.802	5.199
69.139	4.574e-03	-1.845	2917	3.917	4.555
69.139	6.038e-03	-1.952	2927	4.030	3.999
69.139	7.890e-03	-2.044	2943	4.131	3.560
69.139	1.037e-02	-2.133	2958	4.229	3.180
69.139	1.363e-02	-2.241	2931	4.322	2.859
69.139	1.800e-02	-2.351	2891	4.408	2.588
69.139	2.352e-02	-2.451	2855	4.486	2.365
69.139	3.068e-02	-2.545	2824	4.560	2.171
69.139	4.050e-02	-2.640	2793	4.636	1.991
69.139	5.292e-02	-2.730	2762	4.707	1.835
69.139	6.903e-02	-2.819	2731	4.776	1.694
69.139	9.060e-02	-2.920	2680	4.845	1.566
69.139	1.191e-01	-3.023	2623	4.911	1.451
69.139	1.553e-01	-3.122	2567	4.972	1.352
69.139	2.050e-01	-3.231	2498	5.034	1.259
69.139	2.684e-01	-3.346	2415	5.090	1.180
69.139	3.522e-01	-3.469	2318	5.142	1.112
69.139	4.613e-01	-3.600	2208	5.188	1.054
69.139	6.038e-01	-3.735	2091	5.228	1.006
69.139	7.925e-01	-3.867	1977	5.264	0.966
69.139	1.042e+00	-3.995	1870	5.295	0.932
69.139	1.375e+00	-4.125	1764	5.323	0.903
69.139	1.800e+00	-4.248	1665	5.347	0.878
69.139	2.376e+00	-4.374	1569	5.368	0.857
69.139	3.105e+00	-4.494	1480	5.387	0.838
69.139	4.082e+00	-4.617	1392	5.404	0.822
69.139	5.365e+00	-4.742	1307	5.420	0.807
69.139	6.998e+00	-4.866	1227	5.434	0.794
69.139	9.237e+00	-5.000	1145	5.448	0.782
70.187	1.004e-04	-0.804	3263	3.077	12.074
70.187	1.325e-04	-0.898	3223	3.149	11.105
70.187	1.735e-04	-0.992	3176	3.218	10.259
70.187	2.290e-04	-1.092	3120	3.287	9.475
70.187	2.998e-04	-1.186	3067	3.352	8.792
70.187	3.934e-04	-1.277	3020	3.415	8.175
70.187	5.171e-04	-1.357	2983	3.474	7.637
70.187	6.744e-04	-1.418	2958	3.521	7.240
70.187	8.903e-04	-1.454	2948	3.550	6.997
70.187	1.165e-03	-1.471	2944	3.566	6.875
70.187	1.530e-03	-1.488	2940	3.580	6.763
70.187	2.010e-03	-1.514	2935	3.603	6.585
70.187	2.654e-03	-1.578	2922	3.659	6.177
70.187	3.496e-03	-1.718	2916	3.796	5.273
70.187	4.594e-03	-1.841	2921	3.921	4.566
70.187	6.030e-03	-1.945	2930	4.031	4.024
70.187	7.925e-03	-2.038	2946	4.133	3.576
70.187	1.042e-02	-2.126	2961	4.231	3.197
70.187	1.369e-02	-2.232	2939	4.323	2.874
70.187	1.808e-02	-2.342	2899	4.410	2.602
70.187	2.362e-02	-2.442	2863	4.488	2.377
70.187	3.081e-02	-2.536	2832	4.563	2.182
70.187	4.067e-02	-2.630	2801	4.638	2.000
70.187	5.315e-02	-2.721	2770	4.709	1.843
70.187	6.933e-02	-2.809	2739	4.778	1.702
70.187	9.099e-02	-2.909	2691	4.847	1.572
70.187	1.196e-01	-3.013	2633	4.913	1.457
70.187	1.560e-01	-3.111	2578	4.975	1.357
70.187	2.059e-01	-3.219	2511	5.037	1.264
70.187	2.691e-01	-3.330	2432	5.093	1.185
70.187	3.538e-01	-3.454	2334	5.146	1.115
70.187	4.650e-01	-3.582	2229	5.193	1.056
70.187	6.113e-01	-3.719	2109	5.234	1.008
70.187	8.035e-01	-3.848	1998	5.269	0.967
70.187	1.056e+00	-3.975	1891	5.300	0.933
70.187	1.388e+00	-4.097	1790	5.327	0.905
70.187	1.833e+00	-4.217	1693	5.351	0.880
70.187	2.399e+00	-4.332	1604	5.372	0.860
70.187	3.167e+00	-4.449	1516	5.390	0.841
70.187	4.146e+00	-4.561	1435	5.407	0.826
70.187	5.441e+00	-4.674	1356	5.422	0.811
70.187	7.151e+00	-4.790	1279	5.436	0.798
70.187	9.440e+00	-4.910	1203	5.449	0.786
71.234	1.016e-04	-0.797	3271	3.081	12.109
71.234	1.331e-04	-0.887	3234	3.151	11.162
71.234	1.756e-04	-0.985	3185	3.222	10.284
71.234	2.314e-04	-1.084	3130	3.291	9.503
71.234	3.041e-04	-1.180	3076	3.357	8.807
71.234	3.998e-04	-1.271	3028	3.421	8.187
71.234	5.254e-04	-1.350	2992	3.479	7.658
71.234	6.853e-04	-1.409	2966	3.523	7.279
71.234	9.046e-04	-1.442	2955	3.550	7.057
71.234	1.184e-03	-1.459	2952	3.564	6.941
71.234	1.554e-03	-1.476	2948	3.579	6.823
71.234	2.043e-03	-1.505	2941	3.604	6.627
71.234	2.697e-03	-1.578	2926	3.669	6.152
71.234	3.502e-03	-1.716	2920	3.803	5.271
71.234	4.602e-03	-1.836	2925	3.926	4.576
71.234	6.040e-03	-1.940	2933	4.034	4.039
71.234	7.910e-03	-2.030	2949	4.134	3.600
71.234	1.036e-02	-2.117	2964	4.230	3.225
71.234	1.367e-02	-2.221	2947	4.324	2.895
71.234	1.801e-02	-2.330	2908	4.410	2.622
71.234	2.358e-02	-2.431	2871	4.489	2.394
71.234	3.087e-02	-2.526	2840	4.564	2.194
71.234	4.074e-02	-2.621	2809	4.640	2.012
71.234	5.324e-02	-2.711	2778	4.711	1.853
71.234	6.945e-02	-2.799	2747	4.780	1.712
71.234	9.115e-02	-2.897	2702	4.849	1.580
71.234	1.198e-01	-3.001	2644	4.916	1.464
71.234	1.572e-01	-3.102	2588	4.979	1.361
71.234	2.067e-01	-3.207	2524	5.040	1.269
71.234	2.717e-01	-3.318	2447	5.098	1.187
71.234	3.571e-01	-3.442	2349	5.150	1.118
71.234	4.658e-01	-3.560	2253	5.196	1.060
71.234	6.148e-01	-3.700	2130	5.238	1.010
71.234	8.049e-01	-3.823	2024	5.273	0.970
71.234	1.056e+00	-3.947	1918	5.303	0.937
71.234	1.388e+00	-4.063	1821	5.330	0.909
71.234	1.811e+00	-4.172	1733	5.353	0.885
71.234	2.390e+00	-4.283	1646	5.373	0.865
71.234	3.149e+00	-4.389	1564	5.391	0.847
71.234	4.139e+00	-4.492	1488	5.407	0.832
71.234	5.398e+00	-4.590	1417	5.421	0.818
71.234	7.085e+00	-4.689	1349	5.434	0.806
71.234	9.312e+00	-4.790	1282	5.446	0.795
72.282	1.041e-04	-0.794	3278	3.087	12.101
72.282	1.374e-04	-0.887	3240	3.161	11.125
72.282	1.810e-04	-0.984	3192	3.231	10.256
72.282	2.378e-04	-1.082	3137	3.299	9.482
72.282	3.102e-04	-1.175	3084	3.363	8.807
72.282	4.095e-04	-1.267	3035	3.427	8.182
72.282	5.351e-04	-1.343	2999	3.483	7.675
72.282	7.036e-04	-1.401	2974	3.525	7.309
72.282	9.213e-04	-1.430	2963	3.549	7.116
72.282	1.204e-03	-1.446	2959	3.562	7.006
72.282	1.589e-03	-1.465	2955	3.578	6.878
72.282	2.102e-03	-1.498	2947	3.607	6.651
72.282	2.763e-03	-1.587	2929	3.686	6.078
72.282	3.619e-03	-1.728	2925	3.823	5.186
72.282	4.729e-03	-1.842	2929	3.940	4.534
72.282	6.218e-03	-1.944	2937	4.047	4.009
72.282	8.172e-03	-2.034	2954	4.147	3.573
72.282	1.074e-02	-2.121	2969	4.243	3.199
72.282	1.407e-02	-2.222	2951	4.333	2.883
72.282	1.842e-02	-2.328	2913	4.417	2.618
72.282	2.431e-02	-2.432	2875	4.498	2.385
72.282	3.183e-02	-2.526	2845	4.574	2.186
72.282	4.201e-02	-2.621	2814	4.649	2.005
72.282	5.500e-02	-2.711	2783	4.721	1.846
72.282	7.260e-02	-2.804	2750	4.793	1.699
72.282	9.487e-02	-2.901	2705	4.861	1.571
72.282	1.247e-01	-3.004	2647	4.927	1.456
72.282	1.639e-01	-3.106	2590	4.991	1.353
72.282	2.155e-01	-3.210	2527	5.051	1.261
72.282	2.833e-01	-3.321	2449	5.109	1.181
72.282	3.695e-01	-3.440	2355	5.159	1.114
72.282	4.850e-01	-3.559	2259	5.206	1.056
72.282	6.374e-01	-3.694	2139	5.246	1.008
72.282	8.314e-01	-3.812	2037	5.280	0.969
72.282	1.097e+00	-3.934	1932	5.310	0.936
72.282	1.437e+00	-4.042	1843	5.335	0.910
72.282	1.896e+00	-4.147	1757	5.358	0.887
72.282	2.482e+00	-4.246	1678	5.376	0.868
72.282	3.277e+00	-4.341	1604	5.393	0.851
72.282	4.317e+00	-4.432	1535	5.408	0.837
72.282	5.673e+00	-4.516	1474	5.421	0.825
72.282	7.400e+00	-4.595	1417	5.432	0.814
72.282	9.768e+00	-4.674	1362	5.442	0.805
73.330	1.004e-04	-0.772	3291	3.078	12.315
73.330	1.320e-04	-0.862	3258	3.151	11.331
73.330	1.735e-04	-0.957	3211	3.222	10.444
73.330	2.280e-04	-1.055	3157	3.290	9.649
73.330	2.998e-04	-1.153	3102	3.357	8.937
73.330	3.941e-04	-1.245	3051	3.420	8.308
73.330	5.181e-04	-1.324	3013	3.478	7.778
73.330	6.785e-04	-1.382	2987	3.520	7.405
73.330	8.882e-04	-1.413	2974	3.544	7.203
73.330	1.166e-03	-1.431	2968	3.558	7.089
73.330	1.532e-03	-1.449	2963	3.574	6.965
73.330	2.026e-03	-1.481	2956	3.601	6.745
73.330	2.664e-03	-1.564	2937	3.674	6.208
73.330	3.501e-03	-1.709	2928	3.813	5.285
73.330	4.604e-03	-1.826	2933	3.932	4.607
73.330	6.050e-03	-1.929	2939	4.039	4.076
73.330	7.892e-03	-2.016	2954	4.136	3.645
73.330	1.042e-02	-2.104	2970	4.233	3.259
73.330	1.364e-02	-2.199	2964	4.324	2.936
73.330	1.790e-02	-2.307	2925	4.409	2.661
73.330	2.352e-02	-2.410	2888	4.490	2.426
73.330	3.068e-02	-2.503	2857	4.565	2.226
73.330	4.050e-02	-2.598	2826	4.640	2.040
73.330	5.293e-02	-2.688	2795	4.712	1.879
73.330	6.904e-02	-2.777	2764	4.781	1.735
73.330	9.061e-02	-2.871	2726	4.851	1.601
73.330	1.187e-01	-2.974	2669	4.917	1.483
73.330	1.553e-01	-3.074	2613	4.980	1.379
73.330	2.039e-01	-3.174	2555	5.041	1.285
73.330	2.680e-01	-3.282	2482	5.100	1.202
73.330	3.523e-01	-3.403	2388	5.153	1.130
73.330	4.630e-01	-3.518	2297	5.201	1.069
73.330	6.039e-01	-3.647	2184	5.242	1.020
73.330	7.972e-01	-3.769	2079	5.278	0.979
73.330	1.044e+00	-3.883	1981	5.308	0.946
73.330	1.378e+00	-3.988	1892	5.333	0.918
73.330	1.815e+00	-4.089	1808	5.355	0.895
73.330	2.385e+00	-4.178	1735	5.374	0.877
73.330	3.111e+00	-4.260	1670	5.389	0.862
73.330	4.106e+00	-4.337	1610	5.402	0.848
73.330	5.375e+00	-4.406	1558	5.414	0.837
73.330	7.096e+00	-4.467	1512	5.423	0.828
73.330	9.273e+00	-4.520	1474	5.431	0.821
74.377	1.034e-04	-0.771	3297	3.087	12.283
74.377	1.360e-04	-0.861	3264	3.159	11.299
74.377	1.787e-04	-0.957	3217	3.230	10.415
74.377	2.350e-04	-1.055	3163	3.299	9.621
74.377	3.088e-04	-1.152	3108	3.366	8.913
74.377	4.028e-04	-1.241	3059	3.427	8.307
74.377	5.287e-04	-1.318	3021	3.482	7.793
74.377	6.949e-04	-1.372	2996	3.522	7.440
74.377	9.136e-04	-1.401	2983	3.544	7.257
74.377	1.196e-03	-1.418	2977	3.557	7.148
74.377	1.576e-03	-1.439	2969	3.574	7.013
74.377	2.071e-03	-1.474	2961	3.604	6.770
74.377	2.702e-03	-1.569	2940	3.687	6.157
74.377	3.479e-03	-1.702	2932	3.814	5.316
74.377	4.593e-03	-1.819	2937	3.934	4.632
74.377	6.012e-03	-1.920	2942	4.038	4.108
74.377	7.936e-03	-2.011	2957	4.139	3.659
74.377	1.039e-02	-2.096	2972	4.233	3.284
74.377	1.353e-02	-2.185	2973	4.322	2.965
74.377	1.786e-02	-2.296	2934	4.409	2.681
74.377	2.337e-02	-2.397	2897	4.489	2.446
74.377	3.085e-02	-2.495	2865	4.567	2.235
74.377	4.032e-02	-2.586	2835	4.640	2.055
74.377	5.301e-02	-2.679	2803	4.713	1.889
74.377	6.942e-02	-2.769	2772	4.784	1.742
74.377	9.072e-02	-2.859	2737	4.852	1.609
74.377	1.198e-01	-2.965	2678	4.921	1.487
74.377	1.568e-01	-3.066	2622	4.984	1.383
74.377	2.041e-01	-3.162	2568	5.044	1.291
74.377	2.679e-01	-3.268	2497	5.102	1.207
74.377	3.521e-01	-3.387	2406	5.156	1.135
74.377	4.648e-01	-3.502	2315	5.204	1.073
74.377	6.074e-01	-3.627	2206	5.245	1.023
74.377	7.986e-01	-3.745	2104	5.281	0.983
74.377	1.050e+00	-3.854	2010	5.310	0.950
74.377	1.380e+00	-3.954	1924	5.335	0.923
74.377	1.814e+00	-4.044	1849	5.355	0.902
74.377	2.366e+00	-4.122	1785	5.372	0.885
74.377	3.123e+00	-4.194	1726	5.386	0.870
74.377	4.088e+00	-4.255	1678	5.398	0.859
74.377	5.396e+00	-4.307	1637	5.407	0.850
74.377	7.052e+00	-4.348	1605	5.414	0.843
74.377	9.271e+00	-4.380	1581	5.419	0.838
75.425	1.032e-04	-0.760	3306	3.087	12.370
75.425	1.351e-04	-0.847	3275	3.158	11.392
75.425	1.783e-04	-0.945	3228	3.231	10.482
75.425	2.334e-04	-1.041	3176	3.299	9.692
75.425	3.081e-04	-1.140	3120	3.366	8.966
75.425	4.034e-04	-1.230	3070	3.428	8.349
75.425	5.325e-04	-1.308	3030	3.484	7.831
75.425	6.971e-04	-1.359	3007	3.522	7.497
75.425	9.201e-04	-1.387	2994	3.542	7.321
75.425	1.202e-03	-1.405	2986	3.555	7.214
75.425	1.587e-03	-1.427	2978	3.573	7.070
75.425	2.091e-03	-1.467	2968	3.606	6.803
75.425	2.748e-03	-1.579	2943	3.704	6.080
75.425	3.613e-03	-1.716	2936	3.837	5.216
75.425	4.748e-03	-1.827	2941	3.951	4.574
75.425	6.243e-03	-1.927	2946	4.055	4.060
75.425	8.205e-03	-2.016	2962	4.152	3.629
75.425	1.079e-02	-2.101	2977	4.246	3.256
75.425	1.413e-02	-2.192	2975	4.336	2.935
75.425	1.849e-02	-2.299	2937	4.420	2.664
75.425	2.427e-02	-2.401	2899	4.500	2.430
75.425	3.190e-02	-2.496	2869	4.577	2.225
75.425	4.161e-02	-2.587	2839	4.650	2.046
75.425	5.493e-02	-2.680	2807	4.724	1.879
75.425	7.190e-02	-2.770	2776	4.794	1.733
75.425	9.491e-02	-2.865	2738	4.865	1.597
75.425	1.242e-01	-2.968	2681	4.931	1.480
75.425	1.640e-01	-3.071	2623	4.996	1.373
75.425	2.143e-01	-3.168	2568	5.056	1.281
75.425	2.818e-01	-3.275	2497	5.114	1.198
75.425	3.704e-01	-3.392	2406	5.167	1.128
75.425	4.889e-01	-3.505	2317	5.215	1.067
75.425	6.389e-01	-3.627	2211	5.255	1.020
75.425	8.400e-01	-3.739	2113	5.288	0.981
75.425	1.104e+00	-3.841	2025	5.316	0.950
75.425	1.451e+00	-3.934	1945	5.339	0.925
75.425	1.901e+00	-4.010	1882	5.358	0.906
75.425	2.504e+00	-4.080	1822	5.373	0.890
75.425	3.291e+00	-4.136	1777	5.384	0.878
75.425	4.327e+00	-4.181	1741	5.393	0.869
75.425	5.666e+00	-4.214	1714	5.400	0.863
75.425	7.417e+00	-4.237	1696	5.404	0.859
75.425	9.735e+00	-4.250	1685	5.406	0.856
76.472	1.017e-04	-0.745	3316	3.083	12.505
76.472	1.342e-04	-0.835	3286	3.157	11.484
76.472	1.757e-04	-0.929	3242	3.228	10.589
76.472	2.320e-04	-1.028	3189	3.298	9.763
76.472	3.036e-04	-1.124	3134	3.364	9.050
76.472	3.985e-04	-1.215	3083	3.427	8.420
76.472	5.238e-04	-1.293	3042	3.482	7.907
76.472	6.887e-04	-1.345	3018	3.520	7.569
76.472	9.051e-04	-1.372	3006	3.540	7.396
76.472	1.181e-03	-1.389	2998	3.552	7.288
76.472	1.558e-03	-1.412	2988	3.570	7.143
76.472	2.053e-03	-1.454	2975	3.603	6.872
76.472	2.698e-03	-1.566	2949	3.701	6.140
76.472	3.547e-03	-1.704	2940	3.833	5.274
76.472	4.662e-03	-1.815	2944	3.947	4.629
76.472	6.130e-03	-1.915	2949	4.050	4.110
76.472	8.056e-03	-2.004	2964	4.147	3.676
76.472	1.051e-02	-2.086	2978	4.238	3.309
76.472	1.368e-02	-2.169	2987	4.326	2.990
76.472	1.779e-02	-2.274	2950	4.409	2.718
76.472	2.348e-02	-2.379	2912	4.491	2.472
76.472	3.068e-02	-2.473	2881	4.567	2.266
76.472	4.034e-02	-2.567	2850	4.642	2.078
76.472	5.302e-02	-2.659	2819	4.715	1.910
76.472	6.971e-02	-2.750	2788	4.787	1.759
76.472	9.162e-02	-2.841	2754	4.857	1.622
76.472	1.205e-01	-2.945	2699	4.925	1.500
76.472	1.583e-01	-3.047	2642	4.990	1.393
76.472	2.081e-01	-3.145	2587	5.052	1.297
76.472	2.736e-01	-3.250	2518	5.110	1.212
76.472	3.568e-01	-3.360	2436	5.163	1.142
76.472	4.710e-01	-3.473	2347	5.211	1.080
76.472	6.166e-01	-3.586	2252	5.252	1.030
76.472	8.154e-01	-3.701	2150	5.287	0.989
76.472	1.072e+00	-3.798	2066	5.315	0.958
76.472	1.409e+00	-3.886	1990	5.337	0.934
76.472	1.860e+00	-3.958	1928	5.355	0.915
76.472	2.435e+00	-4.015	1881	5.368	0.901
76.472	3.220e+00	-4.063	1840	5.378	0.890
76.472	4.234e+00	-4.095	1814	5.385	0.883
76.472	5.544e+00	-4.115	1797	5.390	0.879
76.472	7.258e+00	-4.127	1787	5.392	0.876
76.472	9.526e+00	-4.133	1783	5.393	0.875
77.520	1.016e-04	-0.734	3325	3.084	12.589
77.520	1.341e-04	-0.824	3295	3.158	11.559
77.520	1.766e-04	-0.920	3252	3.230	10.634
77.520	2.321e-04	-1.017	3200	3.300	9.815
77.520	3.052e-04	-1.115	3144	3.367	9.085
77.520	3.997e-04	-1.205	3094	3.429	8.460
77.520	5.232e-04	-1.281	3053	3.482	7.959
77.520	6.906e-04	-1.332	3029	3.519	7.627
77.520	9.041e-04	-1.357	3017	3.538	7.464
77.520	1.187e-03	-1.375	3009	3.551	7.352
77.520	1.559e-03	-1.399	2998	3.569	7.202
77.520	2.059e-03	-1.446	2981	3.605	6.908
77.520	2.695e-03	-1.565	2954	3.708	6.131
77.520	3.537e-03	-1.699	2944	3.837	5.289
77.520	4.649e-03	-1.809	2948	3.949	4.650
77.520	6.101e-03	-1.908	2952	4.050	4.136
77.520	7.990e-03	-1.995	2966	4.145	3.707
77.520	1.044e-02	-2.078	2981	4.237	3.337
77.520	1.362e-02	-2.159	2992	4.325	3.015
77.520	1.773e-02	-2.263	2958	4.409	2.737
77.520	2.341e-02	-2.368	2920	4.491	2.489
77.520	3.059e-02	-2.462	2889	4.567	2.281
77.520	4.022e-02	-2.556	2859	4.642	2.092
77.520	5.267e-02	-2.647	2828	4.715	1.925
77.520	6.883e-02	-2.736	2797	4.785	1.776
77.520	8.977e-02	-2.824	2765	4.853	1.641
77.520	1.185e-01	-2.927	2713	4.923	1.515
77.520	1.551e-01	-3.028	2657	4.987	1.407
77.520	2.020e-01	-3.123	2604	5.047	1.313
77.520	2.666e-01	-3.227	2538	5.107	1.225
77.520	3.490e-01	-3.334	2461	5.161	1.152
77.520	4.607e-01	-3.447	2372	5.209	1.089
77.520	6.031e-01	-3.552	2287	5.251	1.039
77.520	7.961e-01	-3.667	2184	5.285	0.998
77.520	1.042e+00	-3.757	2105	5.312	0.967
77.520	1.376e+00	-3.839	2035	5.335	0.943
77.520	1.801e+00	-3.904	1978	5.351	0.925
77.520	2.377e+00	-3.954	1935	5.363	0.913
77.520	3.107e+00	-3.988	1907	5.371	0.904
77.520	4.085e+00	-4.013	1886	5.377	0.898
77.520	5.368e+00	-4.026	1875	5.380	0.895
77.520	7.002e+00	-4.032	1870	5.381	0.894
77.520	9.190e+00	-4.034	1868	5.381	0.893
78.567	1.007e-04	-0.722	3334	3.081	12.704
78.567	1.323e-04	-0.810	3305	3.155	11.676
78.567	1.726e-04	-0.901	3266	3.225	10.770
78.567	2.278e-04	-1.000	3215	3.296	9.923
78.567	2.982e-04	-1.096	3160	3.363	9.191
78.567	3.936e-04	-1.189	3107	3.427	8.538
78.567	5.153e-04	-1.266	3065	3.480	8.033
78.567	6.802e-04	-1.317	3040	3.516	7.700
78.567	8.904e-04	-1.342	3029	3.535	7.538
78.567	1.169e-03	-1.360	3021	3.548	7.425
78.567	1.536e-03	-1.384	3009	3.566	7.271
78.567	2.027e-03	-1.433	2990	3.603	6.970
78.567	2.654e-03	-1.554	2961	3.707	6.181
78.567	3.484e-03	-1.689	2947	3.834	5.339
78.567	4.578e-03	-1.798	2951	3.945	4.698
78.567	6.020e-03	-1.897	2955	4.047	4.179
78.567	7.911e-03	-1.986	2968	4.143	3.742
78.567	1.032e-02	-2.067	2982	4.233	3.373
78.567	1.362e-02	-2.151	2996	4.325	3.034
78.567	1.794e-02	-2.258	2964	4.413	2.743
78.567	2.358e-02	-2.361	2926	4.494	2.498
78.567	3.076e-02	-2.454	2896	4.570	2.290
78.567	4.037e-02	-2.548	2866	4.644	2.101
78.567	5.306e-02	-2.640	2835	4.718	1.931
78.567	6.921e-02	-2.729	2804	4.787	1.782
78.567	9.084e-02	-2.819	2772	4.857	1.644
78.567	1.194e-01	-2.919	2722	4.926	1.519
78.567	1.570e-01	-3.021	2665	4.991	1.409
78.567	2.063e-01	-3.119	2611	5.053	1.312
78.567	2.691e-01	-3.218	2549	5.111	1.228
78.567	3.552e-01	-3.326	2472	5.166	1.153
78.567	4.642e-01	-3.433	2387	5.212	1.093
78.567	6.054e-01	-3.532	2308	5.253	1.043
78.567	7.871e-01	-3.636	2215	5.285	1.005
78.567	1.033e+00	-3.724	2139	5.312	0.974
78.567	1.358e+00	-3.796	2076	5.332	0.952
78.567	1.785e+00	-3.855	2024	5.348	0.935
78.567	2.346e+00	-3.897	1988	5.358	0.924
78.567	3.085e+00	-3.924	1965	5.365	0.917
78.567	4.054e+00	-3.939	1952	5.368	0.913
78.567	5.288e+00	-3.945	1946	5.370	0.911
78.567	6.940e+00	-3.948	1944	5.371	0.911
78.567	9.122e+00	-3.949	1943	5.371	0.910
80.663	1.032e-04	-0.710	3348	3.089	12.763
80.663	1.357e-04	-0.799	3319	3.163	11.725
80.663	1.783e-04	-0.892	3282	3.235	10.787
80.663	2.344e-04	-0.989	3231	3.305	9.946
80.663	3.070e-04	-1.085	3177	3.372	9.214
80.663	4.019e-04	-1.174	3126	3.433	8.586
80.663	5.305e-04	-1.249	3084	3.485	8.092
80.663	6.944e-04	-1.293	3061	3.516	7.807
80.663	9.166e-04	-1.316	3050	3.532	7.660
80.663	1.198e-03	-1.334	3041	3.546	7.543
80.663	1.581e-03	-1.363	3028	3.567	7.360
80.663	2.070e-03	-1.423	3002	3.611	6.993
80.663	2.698e-03	-1.561	2967	3.729	6.105
80.663	3.495e-03	-1.683	2955	3.845	5.346
80.663	4.614e-03	-1.791	2959	3.954	4.712
80.663	6.030e-03	-1.886	2962	4.052	4.212
80.663	7.865e-03	-1.972	2973	4.144	3.789
80.663	1.032e-02	-2.055	2988	4.235	3.411
80.663	1.352e-02	-2.136	3001	4.324	3.080
80.663	1.781e-02	-2.235	2980	4.411	2.784
80.663	2.340e-02	-2.339	2942	4.493	2.534
80.663	3.072e-02	-2.435	2912	4.571	2.318
80.663	4.037e-02	-2.529	2881	4.646	2.125
80.663	5.266e-02	-2.618	2851	4.718	1.957
80.663	6.911e-02	-2.709	2820	4.789	1.802
80.663	9.050e-02	-2.799	2788	4.859	1.663
80.663	1.185e-01	-2.893	2745	4.927	1.538
80.663	1.564e-01	-2.998	2686	4.993	1.424
80.663	2.044e-01	-3.093	2634	5.055	1.328
80.663	2.666e-01	-3.189	2577	5.112	1.243
80.663	3.519e-01	-3.292	2507	5.167	1.166
80.663	4.635e-01	-3.399	2422	5.215	1.104
80.663	6.092e-01	-3.493	2348	5.255	1.054
80.663	7.946e-01	-3.584	2271	5.287	1.016
80.663	1.049e+00	-3.665	2197	5.312	0.987
80.663	1.373e+00	-3.722	2148	5.329	0.968
80.663	1.812e+00	-3.763	2112	5.341	0.955
80.663	2.373e+00	-3.788	2091	5.348	0.947
80.663	3.114e+00	-3.801	2079	5.352	0.943
80.663	4.093e+00	-3.807	2074	5.353	0.941
80.663	5.381e+00	-3.808	2073	5.354	0.941
80.663	7.131e+00	-3.809	2073	5.354	0.941
80.663	9.472e+00	-3.809	2072	5.354	0.941
81.710	1.039e-04	-0.703	3355	3.091	12.813
81.710	1.365e-04	-0.792	3327	3.165	11.771
81.710	1.795e-04	-0.884	3291	3.238	10.825
81.710	2.359e-04	-0.981	3240	3.308	9.981
81.710	3.114e-04	-1.079	3185	3.376	9.225
81.710	4.077e-04	-1.168	3134	3.437	8.602
81.710	5.351e-04	-1.239	3094	3.486	8.132
81.710	7.033e-04	-1.281	3072	3.515	7.861
81.710	9.173e-04	-1.302	3061	3.531	7.726
81.710	1.194e-03	-1.321	3052	3.544	7.608
81.710	1.553e-03	-1.348	3039	3.564	7.431
81.710	2.050e-03	-1.412	3010	3.611	7.039
81.710	2.683e-03	-1.556	2972	3.733	6.118
81.710	3.549e-03	-1.686	2959	3.855	5.315
81.710	4.666e-03	-1.790	2962	3.961	4.704
81.710	6.132e-03	-1.886	2966	4.060	4.201
81.710	8.062e-03	-1.974	2977	4.153	3.771
81.710	1.056e-02	-2.055	2991	4.243	3.401
81.710	1.380e-02	-2.135	3004	4.331	3.075
81.710	1.800e-02	-2.230	2986	4.415	2.790
81.710	2.375e-02	-2.335	2948	4.498	2.536
81.710	3.110e-02	-2.430	2918	4.575	2.321
81.710	4.105e-02	-2.525	2887	4.652	2.125
81.710	5.373e-02	-2.616	2856	4.724	1.955
81.710	7.053e-02	-2.707	2825	4.795	1.801
81.710	9.236e-02	-2.796	2793	4.865	1.662
81.710	1.209e-01	-2.890	2751	4.933	1.537
81.710	1.587e-01	-2.992	2694	4.998	1.426
81.710	2.078e-01	-3.088	2641	5.060	1.328
81.710	2.720e-01	-3.184	2584	5.118	1.242
81.710	3.598e-01	-3.286	2515	5.173	1.166
81.710	4.730e-01	-3.390	2434	5.220	1.105
81.710	6.217e-01	-3.480	2363	5.259	1.057
81.710	8.174e-01	-3.564	2293	5.290	1.019
81.710	1.074e+00	-3.639	2225	5.313	0.993
81.710	1.401e+00	-3.687	2182	5.328	0.976
81.710	1.850e+00	-3.720	2154	5.337	0.965
81.710	2.421e+00	-3.738	2138	5.343	0.959
81.710	3.178e+00	-3.746	2131	5.345	0.956
81.710	4.177e+00	-3.749	2128	5.346	0.956
81.710	5.513e+00	-3.750	2128	5.346	0.955
81.710	7.323e+00	-3.750	2128	5.346	0.955
81.710	9.747e+00	-3.750	2128	5.346	0.955
83.805	1.012e-04	-0.678	3371	3.084	13.077
83.805	1.335e-04	-0.766	3346	3.160	11.990
83.805	1.748e-04	-0.854	3315	3.232	11.036
83.805	2.307e-04	-0.953	3265	3.304	10.153
83.805	3.020e-04	-1.048	3213	3.371	9.399
83.805	3.964e-04	-1.138	3161	3.433	8.754
83.805	5.210e-04	-1.210	3120	3.482	8.274
83.805	6.796e-04	-1.251	3097	3.510	8.009
83.805	8.971e-04	-1.273	3085	3.526	7.866
83.805	1.172e-03	-1.293	3075	3.540	7.742
83.805	1.547e-03	-1.325	3059	3.563	7.537
83.805	2.026e-03	-1.395	3027	3.615	7.102
83.805	2.674e-03	-1.550	2982	3.744	6.120
83.805	3.500e-03	-1.673	2967	3.858	5.367
83.805	4.621e-03	-1.777	2969	3.963	4.754
83.805	6.038e-03	-1.870	2973	4.058	4.262
83.805	7.876e-03	-1.955	2980	4.148	3.844
83.805	1.034e-02	-2.036	2995	4.238	3.466
83.805	1.354e-02	-2.116	3008	4.325	3.134
83.805	1.772e-02	-2.205	3003	4.411	2.839
83.805	2.326e-02	-2.309	2965	4.493	2.584
83.805	3.057e-02	-2.406	2934	4.571	2.360
83.805	4.019e-02	-2.500	2904	4.647	2.163
83.805	5.263e-02	-2.591	2873	4.720	1.989
83.805	6.878e-02	-2.680	2843	4.791	1.833
83.805	8.971e-02	-2.768	2811	4.860	1.694
83.805	1.184e-01	-2.861	2776	4.930	1.562
83.805	1.550e-01	-2.962	2719	4.996	1.448
83.805	2.035e-01	-3.059	2666	5.058	1.348
83.805	2.674e-01	-3.153	2613	5.117	1.259
83.805	3.488e-01	-3.248	2550	5.170	1.185
83.805	4.604e-01	-3.346	2477	5.217	1.122
83.805	6.027e-01	-3.432	2409	5.255	1.074
83.805	7.956e-01	-3.504	2352	5.286	1.037
83.805	1.040e+00	-3.563	2302	5.307	1.012
83.805	1.367e+00	-3.608	2260	5.321	0.996
83.805	1.797e+00	-3.632	2239	5.328	0.988
83.805	2.343e+00	-3.642	2230	5.331	0.985
83.805	3.076e+00	-3.646	2227	5.332	0.983
83.805	4.042e+00	-3.646	2226	5.332	0.983
83.805	5.380e+00	-3.647	2226	5.332	0.983
83.805	7.161e+00	-3.647	2225	5.332	0.983
83.805	9.532e+00	-3.647	2225	5.332	0.983
85.900	1.020e-04	-0.663	3384	3.087	13.197
85.900	1.339e-04	-0.748	3362	3.161	12.118
85.900	1.759e-04	-0.838	3331	3.235	11.136
85.900	2.295e-04	-0.931	3286	3.304	10.277
85.900	3.029e-04	-1.029	3233	3.374	9.488
85.900	3.959e-04	-1.117	3182	3.434	8.851
85.900	5.164e-04	-1.184	3144	3.480	8.393
85.900	6.816e-04	-1.224	3121	3.508	8.131
85.900	8.923e-04	-1.245	3109	3.522	7.998
85.900	1.171e-03	-1.266	3097	3.537	7.864
85.900	1.539e-03	-1.302	3079	3.562	7.640
85.900	2.032e-03	-1.387	3039	3.625	7.108
85.900	2.664e-03	-1.544	2991	3.753	6.129
85.900	3.502e-03	-1.665	2975	3.866	5.386
85.900	4.596e-03	-1.766	2976	3.966	4.795
85.900	6.019e-03	-1.857	2979	4.060	4.303
85.900	7.865e-03	-1.943	2985	4.150	3.883
85.900	1.026e-02	-2.022	2999	4.237	3.514
85.900	1.347e-02	-2.102	3012	4.324	3.177
85.900	1.763e-02	-2.184	3018	4.410	2.879
85.900	2.304e-02	-2.287	2981	4.491	2.621
85.900	3.030e-02	-2.384	2950	4.570	2.393
85.900	3.982e-02	-2.479	2919	4.646	2.192
85.900	5.194e-02	-2.569	2889	4.718	2.018
85.900	6.817e-02	-2.660	2858	4.790	1.857
85.900	8.927e-02	-2.749	2827	4.860	1.713
85.900	1.169e-01	-2.838	2794	4.929	1.583
85.900	1.534e-01	-2.937	2741	4.996	1.466
85.900	2.008e-01	-3.034	2688	5.058	1.365
85.900	2.629e-01	-3.125	2637	5.116	1.276
85.900	3.471e-01	-3.220	2577	5.171	1.198
85.900	4.543e-01	-3.307	2516	5.217	1.137
85.900	5.997e-01	-3.392	2449	5.254	1.089
85.900	7.851e-01	-3.455	2399	5.282	1.055
85.900	1.036e+00	-3.501	2362	5.301	1.031
85.900	1.357e+00	-3.532	2336	5.313	1.018
85.900	1.791e+00	-3.548	2323	5.319	1.011
85.900	2.344e+00	-3.554	2317	5.321	1.008
85.900	3.094e+00	-3.556	2316	5.322	1.008
85.900	4.076e+00	-3.557	2315	5.322	1.007
85.900	5.402e+00	-3.557	2315	5.322	1.007
85.900	7.190e+00	-3.557	2315	5.322	1.007
85.900	9.570e+00	-3.557	2315	5.322	1.007
87.996	1.037e-04	-0.651	3396	3.092	13.281
87.996	1.363e-04	-0.737	3375	3.167	12.187
87.996	1.792e-04	-0.826	3344	3.241	11.194
87.996	2.355e-04	-0.921	3300	3.313	10.304
87.996	3.108e-04	-1.018	3249	3.382	9.516
87.996	4.069e-04	-1.104	3199	3.441	8.890
87.996	5.371e-04	-1.168	3162	3.484	8.454
87.996	7.032e-04	-1.200	3143	3.507	8.238
87.996	9.229e-04	-1.220	3132	3.521	8.110
87.996	1.213e-03	-1.245	3118	3.537	7.957
87.996	1.601e-03	-1.289	3094	3.568	7.675
87.996	2.096e-03	-1.404	3040	3.652	6.972
87.996	2.675e-03	-1.541	2999	3.766	6.115
87.996	3.531e-03	-1.661	2982	3.876	5.386
87.996	4.623e-03	-1.758	2983	3.973	4.814
87.996	6.102e-03	-1.851	2986	4.069	4.315
87.996	7.974e-03	-1.936	2991	4.157	3.899
87.996	1.040e-02	-2.014	3005	4.242	3.533
87.996	1.373e-02	-2.095	3018	4.331	3.190
87.996	1.797e-02	-2.175	3028	4.416	2.893
87.996	2.377e-02	-2.281	2991	4.501	2.623
87.996	3.138e-02	-2.379	2960	4.581	2.392
87.996	4.107e-02	-2.472	2930	4.656	2.194
87.996	5.391e-02	-2.564	2899	4.730	2.015
87.996	7.059e-02	-2.654	2868	4.801	1.856
87.996	9.241e-02	-2.743	2837	4.871	1.713
87.996	1.203e-01	-2.829	2805	4.938	1.585
87.996	1.588e-01	-2.930	2754	5.006	1.466
87.996	2.079e-01	-3.025	2702	5.068	1.365
87.996	2.745e-01	-3.118	2650	5.127	1.275
87.996	3.593e-01	-3.206	2595	5.179	1.202
87.996	4.716e-01	-3.287	2538	5.223	1.143
87.996	6.176e-01	-3.361	2481	5.256	1.099
87.996	8.084e-01	-3.414	2439	5.280	1.069
87.996	1.053e+00	-3.449	2412	5.295	1.051
87.996	1.389e+00	-3.469	2396	5.304	1.040
87.996	1.819e+00	-3.478	2389	5.308	1.036
87.996	2.401e+00	-3.481	2387	5.309	1.034
87.996	3.163e+00	-3.482	2386	5.309	1.034
87.996	4.192e+00	-3.482	2386	5.309	1.034
87.996	5.579e+00	-3.482	2386	5.310	1.034
87.996	7.426e+00	-3.482	2386	5.310	1.034
87.996	9.883e+00	-3.482	2386	5.310	1.034
90.091	1.008e-04	-0.628	3408	3.085	13.553
90.091	1.319e-04	-0.709	3393	3.159	12.448
90.091	1.742e-04	-0.800	3363	3.234	11.414
90.091	2.280e-04	-0.891	3325	3.305	10.512
90.091	3.009e-04	-0.987	3275	3.375	9.699
90.091	3.940e-04	-1.073	3226	3.435	9.052
90.091	5.200e-04	-1.138	3188	3.479	8.603
90.091	6.808e-04	-1.171	3169	3.502	8.382
90.091	8.935e-04	-1.191	3157	3.516	8.250
90.091	1.174e-03	-1.216	3143	3.533	8.092
90.091	1.550e-03	-1.263	3116	3.565	7.800
90.091	2.029e-03	-1.381	3058	3.650	7.068
90.091	2.611e-03	-1.524	3011	3.766	6.187
90.091	3.446e-03	-1.644	2991	3.874	5.462
90.091	4.511e-03	-1.741	2989	3.970	4.891
90.091	5.921e-03	-1.831	2992	4.062	4.399
90.091	7.753e-03	-1.917	2996	4.150	3.976
90.091	1.015e-02	-1.996	3008	4.236	3.601
90.091	1.340e-02	-2.076	3021	4.324	3.254
90.091	1.751e-02	-2.153	3034	4.408	2.954
90.091	2.284e-02	-2.248	3010	4.490	2.689
90.091	3.014e-02	-2.348	2978	4.571	2.449
90.091	3.946e-02	-2.441	2948	4.646	2.245
90.091	5.179e-02	-2.533	2918	4.721	2.061
90.091	6.783e-02	-2.624	2887	4.792	1.897
90.091	8.879e-02	-2.713	2855	4.863	1.750
90.091	1.165e-01	-2.802	2823	4.932	1.616
90.091	1.532e-01	-2.896	2781	5.000	1.495
90.091	2.014e-01	-2.993	2727	5.063	1.389
90.091	2.647e-01	-3.085	2676	5.122	1.298
90.091	3.452e-01	-3.167	2629	5.173	1.224
90.091	4.495e-01	-3.245	2576	5.216	1.166
90.091	5.933e-01	-3.312	2528	5.250	1.120
90.091	7.767e-01	-3.363	2488	5.273	1.091
90.091	1.025e+00	-3.394	2463	5.287	1.073
90.091	1.340e+00	-3.410	2451	5.294	1.065
90.091	1.748e+00	-3.415	2447	5.297	1.062
90.091	2.307e+00	-3.417	2445	5.298	1.061
90.091	3.064e+00	-3.418	2445	5.298	1.061
90.091	4.078e+00	-3.418	2445	5.298	1.061
90.091	5.428e+00	-3.418	2445	5.298	1.060
90.091	7.225e+00	-3.418	2445	5.298	1.060
90.091	9.617e+00	-3.418	2444	5.298	1.060
92.186	1.034e-04	-0.620	3418	3.092	13.595
92.186	1.359e-04	-0.702	3403	3.167	12.469
92.186	1.786e-04	-0.791	3375	3.242	11.445
92.186	2.348e-04	-0.883	3338	3.314	10.527
92.186	3.087e-04	-0.977	3290	3.383	9.728
92.186	4.057e-04	-1.061	3243	3.441	9.093
92.186	5.333e-04	-1.118	3209	3.481	8.689
92.186	7.010e-04	-1.148	3191	3.501	8.492
92.186	9.143e-04	-1.167	3180	3.514	8.363
92.186	1.189e-03	-1.193	3165	3.532	8.192
92.186	1.560e-03	-1.246	3134	3.568	7.859
92.186	2.050e-03	-1.388	3063	3.669	6.993
92.186	2.696e-03	-1.534	3016	3.788	6.098
92.186	3.543e-03	-1.647	2997	3.891	5.419
92.186	4.650e-03	-1.742	2996	3.985	4.863
92.186	6.112e-03	-1.831	2999	4.076	4.381
92.186	8.036e-03	-1.917	3002	4.164	3.959
92.186	1.056e-02	-1.996	3015	4.250	3.584
92.186	1.389e-02	-2.074	3027	4.336	3.247
92.186	1.818e-02	-2.151	3040	4.420	2.947
92.186	2.376e-02	-2.245	3019	4.502	2.682
92.186	3.099e-02	-2.340	2989	4.579	2.453
92.186	4.068e-02	-2.435	2958	4.656	2.246
92.186	5.327e-02	-2.526	2928	4.730	2.063
92.186	6.962e-02	-2.616	2897	4.801	1.901
92.186	9.153e-02	-2.706	2866	4.872	1.751
92.186	1.199e-01	-2.794	2834	4.941	1.618
92.186	1.569e-01	-2.885	2795	5.008	1.498
92.186	2.075e-01	-2.984	2741	5.072	1.391
92.186	2.707e-01	-3.071	2692	5.128	1.304
92.186	3.552e-01	-3.151	2647	5.179	1.230
92.186	4.652e-01	-3.224	2598	5.220	1.173
92.186	6.090e-01	-3.281	2558	5.250	1.133
92.186	7.993e-01	-3.322	2528	5.270	1.107
92.186	1.051e+00	-3.346	2509	5.281	1.094
92.186	1.370e+00	-3.356	2502	5.286	1.088
92.186	1.781e+00	-3.359	2499	5.287	1.086
92.186	2.338e+00	-3.359	2499	5.287	1.086
92.186	3.098e+00	-3.360	2498	5.287	1.086
92.186	4.124e+00	-3.360	2498	5.287	1.086
92.186	5.489e+00	-3.360	2498	5.287	1.086
92.186	7.306e+00	-3.360	2498	5.288	1.085
92.186	9.724e+00	-3.360	2498	5.288	1.085
94.281	1.033e-04	-0.605	3428	3.092	13.747
94.281	1.352e-04	-0.685	3416	3.166	12.623
94.281	1.774e-04	-0.772	3391	3.240	11.588
94.281	2.332e-04	-0.862	3357	3.313	10.655
94.281	3.078e-04	-0.958	3309	3.383	9.834
94.281	4.029e-04	-1.038	3264	3.440	9.207
94.281	5.288e-04	-1.093	3232	3.478	8.814
94.281	6.950e-04	-1.121	3215	3.497	8.622
94.281	9.065e-04	-1.141	3204	3.511	8.488
94.281	1.199e-03	-1.172	3186	3.532	8.289
94.281	1.576e-03	-1.234	3150	3.574	7.892
94.281	2.072e-03	-1.391	3069	3.686	6.935
94.281	2.740e-03	-1.534	3023	3.803	6.065
94.281	3.602e-03	-1.645	3004	3.902	5.408
94.281	4.734e-03	-1.739	3002	3.995	4.861
94.281	6.175e-03	-1.823	3005	4.082	4.399
94.281	8.105e-03	-1.908	3009	4.168	3.982
94.281	1.054e-02	-1.984	3019	4.250	3.623
94.281	1.380e-02	-2.061	3031	4.334	3.289
94.281	1.806e-02	-2.137	3044	4.418	2.988
94.281	2.384e-02	-2.229	3032	4.503	2.708
94.281	3.141e-02	-2.328	3001	4.584	2.468
94.281	4.128e-02	-2.423	2970	4.661	2.258
94.281	5.384e-02	-2.513	2940	4.734	2.077
94.281	7.067e-02	-2.604	2909	4.806	1.910
94.281	9.288e-02	-2.695	2877	4.878	1.760
94.281	1.211e-01	-2.781	2846	4.945	1.628
94.281	1.599e-01	-2.872	2810	5.014	1.504
94.281	2.090e-01	-2.966	2759	5.076	1.401
94.281	2.726e-01	-3.052	2711	5.131	1.314
94.281	3.577e-01	-3.130	2667	5.180	1.242
94.281	4.702e-01	-3.197	2624	5.220	1.186
94.281	6.133e-01	-3.248	2589	5.248	1.149
94.281	8.095e-01	-3.281	2567	5.265	1.126
94.281	1.058e+00	-3.297	2555	5.274	1.115
94.281	1.380e+00	-3.304	2550	5.277	1.111
94.281	1.811e+00	-3.306	2549	5.278	1.110
94.281	2.400e+00	-3.306	2549	5.278	1.109
94.281	3.195e+00	-3.306	2549	5.278	1.109
94.281	4.252e+00	-3.306	2548	5.278	1.109
94.281	5.659e+00	-3.307	2548	5.278	1.109
94.281	7.533e+00	-3.307	2548	5.279	1.109
94.281	1.000e+01	-3.307	2548	5.279	1.109
96.376	1.028e-04	-0.589	3439	3.091	13.912
96.376	1.352e-04	-0.670	3428	3.167	12.756
96.376	1.777e-04	-0.756	3406	3.242	11.701
96.376	2.336e-04	-0.847	3372	3.315	10.757
96.376	3.071e-04	-0.939	3327	3.383	9.938
96.376	4.036e-04	-1.018	3284	3.441	9.305
96.376	5.306e-04	-1.070	3254	3.477	8.928
96.376	6.974e-04	-1.097	3239	3.495	8.745
96.376	9.096e-04	-1.117	3226	3.509	8.606
96.376	1.203e-03	-1.150	3207	3.531	8.385
96.376	1.582e-03	-1.223	3164	3.580	7.922
96.376	2.007e-03	-1.370	3087	3.685	7.027
96.376	2.654e-03	-1.515	3035	3.799	6.157
96.376	3.489e-03	-1.626	3012	3.898	5.498
96.376	4.586e-03	-1.720	3008	3.989	4.949
96.376	6.030e-03	-1.806	3011	4.077	4.470
96.376	7.925e-03	-1.890	3014	4.163	4.049
96.376	1.042e-02	-1.970	3023	4.248	3.672
96.376	1.364e-02	-2.046	3035	4.332	3.336
96.376	1.786e-02	-2.122	3047	4.415	3.032
96.376	2.344e-02	-2.206	3047	4.498	2.754
96.376	3.070e-02	-2.304	3016	4.578	2.512
96.376	4.019e-02	-2.398	2986	4.655	2.300
96.376	5.275e-02	-2.490	2956	4.729	2.110
96.376	6.933e-02	-2.582	2924	4.803	1.939
96.376	9.042e-02	-2.670	2894	4.872	1.790
96.376	1.194e-01	-2.761	2861	4.943	1.650
96.376	1.560e-01	-2.846	2829	5.009	1.529
96.376	2.051e-01	-2.940	2781	5.073	1.420
96.376	2.695e-01	-3.028	2732	5.130	1.330
96.376	3.516e-01	-3.102	2690	5.178	1.259
96.376	4.614e-01	-3.164	2654	5.216	1.205
96.376	6.065e-01	-3.212	2621	5.243	1.168
96.376	7.974e-01	-3.241	2602	5.258	1.148
96.376	1.044e+00	-3.254	2593	5.266	1.138
96.376	1.365e+00	-3.258	2590	5.268	1.135
96.376	1.794e+00	-3.260	2589	5.269	1.134
96.376	2.378e+00	-3.260	2589	5.269	1.134
96.376	3.165e+00	-3.260	2589	5.269	1.134
96.376	4.212e+00	-3.260	2589	5.269	1.134
96.376	5.606e+00	-3.260	2589	5.269	1.134
96.376	7.462e+00	-3.260	2589	5.269	1.133
96.376	9.932e+00	-3.261	2589	5.269	1.133
98.471	1.011e-04	-0.570	3450	3.087	14.134
98.471	1.334e-04	-0.651	3440	3.163	12.942
98.471	1.746e-04	-0.735	3421	3.237	11.884
98.471	2.292e-04	-0.825	3389	3.311	10.925
98.471	3.013e-04	-0.914	3349	3.380	10.089
98.471	3.929e-04	-0.992	3307	3.436	9.459
98.471	5.187e-04	-1.044	3278	3.472	9.067
98.471	6.790e-04	-1.070	3263	3.490	8.883
98.471	8.912e-04	-1.091	3250	3.505	8.736
98.471	1.171e-03	-1.125	3230	3.528	8.510
98.471	1.546e-03	-1.202	3185	3.580	8.012
98.471	2.037e-03	-1.375	3092	3.702	6.963
98.471	2.677e-03	-1.511	3042	3.810	6.148
98.471	3.513e-03	-1.620	3020	3.905	5.509
98.471	4.601e-03	-1.712	3014	3.994	4.974
98.471	6.023e-03	-1.796	3017	4.080	4.506
98.471	7.950e-03	-1.880	3020	4.166	4.079
98.471	1.041e-02	-1.960	3027	4.249	3.708
98.471	1.366e-02	-2.036	3039	4.333	3.369
98.471	1.795e-02	-2.112	3052	4.416	3.059
98.471	2.360e-02	-2.192	3059	4.500	2.777
98.471	3.102e-02	-2.291	3028	4.581	2.529
98.471	4.079e-02	-2.387	2997	4.660	2.312
98.471	5.341e-02	-2.479	2967	4.734	2.122
98.471	6.992e-02	-2.569	2936	4.806	1.952
98.471	9.229e-02	-2.661	2904	4.879	1.795
98.471	1.206e-01	-2.748	2873	4.947	1.659
98.471	1.586e-01	-2.835	2842	5.015	1.535
98.471	2.084e-01	-2.926	2796	5.078	1.427
98.471	2.751e-01	-3.014	2748	5.135	1.337
98.471	3.595e-01	-3.085	2707	5.181	1.268
98.471	4.689e-01	-3.141	2676	5.216	1.218
98.471	6.155e-01	-3.181	2650	5.240	1.185
98.471	8.089e-01	-3.204	2634	5.253	1.168
98.471	1.055e+00	-3.214	2628	5.258	1.160
98.471	1.385e+00	-3.217	2626	5.260	1.158
98.471	1.820e+00	-3.218	2625	5.260	1.158
98.471	2.423e+00	-3.218	2625	5.260	1.158
98.471	3.224e+00	-3.218	2625	5.260	1.158
98.471	4.292e+00	-3.218	2625	5.260	1.158
98.471	5.712e+00	-3.218	2625	5.260	1.157
98.471	7.603e+00	-3.218	2625	5.261	1.157
98.471	1.000e+01	-3.218	2625	5.261	1.157
100.566	1.001e-04	-0.553	3460	3.085	14.321
100.566	1.311e-04	-0.632	3451	3.159	13.146
100.566	1.707e-04	-0.713	3436	3.232	12.091
100.566	2.253e-04	-0.803	3405	3.307	11.090
100.566	2.950e-04	-0.890	3369	3.375	10.248
100.566	3.901e-04	-0.971	3327	3.434	9.577
100.566	5.129e-04	-1.020	3300	3.469	9.196
100.566	6.741e-04	-1.046	3285	3.487	9.011
100.566	8.792e-04	-1.067	3273	3.502	8.861
100.566	1.163e-03	-1.103	3251	3.526	8.612
100.566	1.529e-03	-1.187	3201	3.583	8.065
100.566	1.972e-03	-1.353	3110	3.699	7.059
100.566	2.547e-03	-1.484	3055	3.800	6.288
100.566	3.361e-03	-1.596	3029	3.896	5.625
100.566	4.400e-03	-1.688	3021	3.984	5.085
100.566	5.809e-03	-1.775	3023	4.071	4.598
100.566	7.604e-03	-1.856	3026	4.155	4.177
100.566	1.004e-02	-1.939	3030	4.240	3.789
100.566	1.314e-02	-2.014	3042	4.321	3.448
100.566	1.734e-02	-2.092	3054	4.406	3.128
100.566	2.267e-02	-2.166	3066	4.488	2.847
100.566	2.956e-02	-2.258	3046	4.568	2.597
100.566	3.902e-02	-2.356	3015	4.648	2.368
100.566	5.109e-02	-2.448	2985	4.723	2.172
100.566	6.705e-02	-2.540	2954	4.796	1.996
100.566	8.812e-02	-2.631	2922	4.869	1.837
100.566	1.149e-01	-2.717	2892	4.937	1.698
100.566	1.517e-01	-2.806	2860	5.006	1.568
100.566	1.986e-01	-2.891	2824	5.069	1.458
100.566	2.607e-01	-2.978	2776	5.126	1.366
100.566	3.426e-01	-3.051	2734	5.174	1.293
100.566	4.469e-01	-3.106	2703	5.209	1.242
100.566	5.866e-01	-3.144	2681	5.232	1.208
100.566	7.681e-01	-3.165	2669	5.245	1.190
100.566	1.004e+00	-3.175	2662	5.250	1.183
100.566	1.320e+00	-3.177	2660	5.252	1.181
100.566	1.749e+00	-3.178	2660	5.252	1.181
100.566	2.328e+00	-3.178	2660	5.252	1.181
100.566	3.098e+00	-3.178	2660	5.252	1.181
100.566	4.116e+00	-3.178	2660	5.252	1.180
100.566	5.478e+00	-3.178	2660	5.253	1.180
100.566	7.291e+00	-3.179	2659	5.253	1.180
100.566	9.704e+00	-3.179	2659	5.253	1.180
102.661	1.043e-04	-0.552	3468	3.096	14.281
102.661	1.370e-04	-0.632	3459	3.172	13.092
102.661	1.787e-04	-0.713	3443	3.245	12.033
102.661	2.359e-04	-0.803	3413	3.319	11.042
102.661	3.088e-04	-0.888	3379	3.387	10.221
102.661	4.054e-04	-0.960	3341	3.440	9.614
102.661	5.327e-04	-1.003	3318	3.470	9.283
102.661	6.949e-04	-1.025	3306	3.486	9.118
102.661	9.172e-04	-1.049	3292	3.502	8.945
102.661	1.208e-03	-1.092	3266	3.532	8.647
102.661	1.588e-03	-1.205	3198	3.609	7.912
102.661	2.065e-03	-1.374	3107	3.728	6.900
102.661	2.714e-03	-1.504	3058	3.829	6.139
102.661	3.540e-03	-1.606	3034	3.918	5.540
102.661	4.672e-03	-1.699	3027	4.007	5.005
102.661	6.106e-03	-1.781	3029	4.090	4.549
102.661	8.028e-03	-1.862	3032	4.173	4.132
102.661	1.055e-02	-1.943	3036	4.256	3.757
102.661	1.387e-02	-2.019	3048	4.339	3.416
102.661	1.823e-02	-2.094	3060	4.421	3.105
102.661	2.378e-02	-2.168	3073	4.502	2.829
102.661	3.121e-02	-2.261	3053	4.584	2.575
102.661	4.102e-02	-2.357	3022	4.663	2.352
102.661	5.384e-02	-2.451	2991	4.738	2.156
102.661	7.050e-02	-2.542	2961	4.811	1.983
102.661	9.230e-02	-2.631	2930	4.882	1.827
102.661	1.218e-01	-2.721	2897	4.953	1.684
102.661	1.595e-01	-2.805	2867	5.019	1.560
102.661	2.105e-01	-2.891	2831	5.083	1.450
102.661	2.756e-01	-2.974	2785	5.137	1.362
102.661	3.638e-01	-3.043	2746	5.182	1.294
102.661	4.762e-01	-3.091	2719	5.213	1.249
102.661	6.286e-01	-3.121	2702	5.232	1.222
102.661	8.229e-01	-3.135	2693	5.240	1.209
102.661	1.072e+00	-3.140	2690	5.244	1.205
102.661	1.393e+00	-3.142	2690	5.244	1.204
102.661	1.828e+00	-3.142	2690	5.245	1.204
102.661	2.403e+00	-3.142	2690	5.245	1.204
102.661	3.198e+00	-3.142	2690	5.245	1.203
102.661	4.257e+00	-3.142	2689	5.245	1.203
102.661	5.666e+00	-3.142	2689	5.245	1.203
102.661	7.541e+00	-3.142	2689	5.245	1.203
102.661	1.000e+01	-3.143	2689	5.245	1.203
104.757	1.019e-04	-0.532	3479	3.090	14.527
104.757	1.339e-04	-0.612	3469	3.166	13.316
104.757	1.761e-04	-0.694	3456	3.241	12.207
104.757	2.314e-04	-0.782	3429	3.315	11.212
104.757	3.055e-04	-0.867	3397	3.384	10.352
104.757	3.999e-04	-0.938	3361	3.437	9.745
104.757	5.249e-04	-0.980	3339	3.467	9.416
104.757	6.899e-04	-1.002	3327	3.482	9.245
104.757	8.999e-04	-1.025	3313	3.499	9.072
104.757	1.190e-03	-1.070	3287	3.530	8.751
104.757	1.565e-03	-1.193	3214	3.613	7.953
104.757	2.056e-03	-1.367	3118	3.735	6.911
104.757	2.714e-03	-1.497	3066	3.836	6.154
104.757	3.553e-03	-1.600	3042	3.925	5.556
104.757	4.664e-03	-1.689	3033	4.010	5.037
104.757	6.130e-03	-1.772	3035	4.093	4.575
104.757	8.059e-03	-1.853	3038	4.176	4.159
104.757	1.055e-02	-1.933	3041	4.257	3.789
104.757	1.379e-02	-2.007	3052	4.338	3.455
104.757	1.799e-02	-2.080	3064	4.418	3.150
104.757	2.375e-02	-2.157	3076	4.502	2.860
104.757	3.103e-02	-2.243	3066	4.582	2.606
104.757	4.034e-02	-2.336	3036	4.658	2.388
104.757	5.262e-02	-2.428	3006	4.733	2.192
104.757	6.852e-02	-2.517	2976	4.804	2.018
104.757	9.044e-02	-2.609	2944	4.878	1.854
104.757	1.184e-01	-2.697	2913	4.947	1.713
104.757	1.563e-01	-2.784	2882	5.015	1.583
104.757	2.046e-01	-2.864	2853	5.078	1.474
104.757	2.701e-01	-2.948	2807	5.134	1.381
104.757	3.535e-01	-3.014	2770	5.177	1.314
104.757	4.640e-01	-3.062	2743	5.207	1.269
104.757	6.098e-01	-3.090	2727	5.225	1.243
104.757	7.954e-01	-3.103	2719	5.233	1.231
104.757	1.044e+00	-3.107	2717	5.236	1.227
104.757	1.357e+00	-3.108	2716	5.237	1.226
104.757	1.764e+00	-3.109	2716	5.237	1.226
104.757	2.310e+00	-3.109	2716	5.237	1.226
104.757	3.044e+00	-3.109	2716	5.237	1.226
104.757	4.051e+00	-3.109	2716	5.237	1.226
104.757	5.392e+00	-3.109	2716	5.237	1.226
104.757	7.176e+00	-3.109	2716	5.237	1.226
104.757	9.552e+00	-3.109	2716	5.238	1.226
