Mass/Mjup	Age/Gyr	log(L/Lsun)	Teff	log(g)	Radius/Rjup
0.047	1.031e-04	-6.113	442	1.740	1.458
0.047	1.360e-04	-6.200	433	1.794	1.370
0.047	1.799e-04	-6.266	431	1.852	1.283
0.047	2.370e-04	-6.384	417	1.909	1.200
0.047	3.115e-04	-6.491	404	1.964	1.128
0.047	4.112e-04	-6.599	392	2.018	1.059
0.047	5.416e-04	-6.712	379	2.071	0.996
0.047	7.118e-04	-6.824	365	2.122	0.940
0.047	9.396e-04	-6.943	351	2.171	0.888
0.047	1.243e-03	-7.066	336	2.219	0.840
0.047	1.637e-03	-7.190	321	2.264	0.798
0.047	2.151e-03	-7.313	306	2.305	0.761
0.047	2.840e-03	-7.445	290	2.344	0.728
0.047	3.741e-03	-7.568	276	2.378	0.699
0.047	4.916e-03	-7.693	262	2.411	0.674
0.047	6.490e-03	-7.816	248	2.442	0.650
0.047	8.496e-03	-7.937	235	2.471	0.629
0.047	1.121e-02	-8.061	223	2.498	0.609
0.047	1.468e-02	-8.182	211	2.523	0.592
0.047	1.938e-02	-8.305	199	2.547	0.576
0.047	2.563e-02	-8.430	188	2.569	0.562
0.047	3.355e-02	-8.550	177	2.590	0.549
0.047	4.428e-02	-8.673	167	2.609	0.536
0.047	5.834e-02	-8.796	157	2.628	0.525
0.047	7.715e-02	-8.926	147	2.647	0.513
0.047	1.014e-01	-9.051	139	2.665	0.503
0.047	1.338e-01	-9.176	130	2.681	0.493
0.047	1.770e-01	-9.303	122	2.697	0.485
0.047	2.317e-01	-9.421	115	2.712	0.477
0.047	3.059e-01	-9.544	108	2.726	0.469
0.047	4.029e-01	-9.666	102	2.740	0.461
0.047	5.295e-01	-9.782	96	2.753	0.455
0.047	6.907e-01	-9.895	90	2.765	0.448
0.047	9.117e-01	-10.015	85	2.778	0.442
0.047	1.201e+00	-10.136	80	2.790	0.436
0.047	1.588e+00	-10.257	75	2.801	0.430
0.047	2.087e+00	-10.363	71	2.812	0.425
0.063	1.031e-04	-5.911	500	1.877	1.439
0.063	1.355e-04	-6.011	484	1.922	1.365
0.063	1.792e-04	-6.106	471	1.969	1.294
0.063	2.365e-04	-6.192	461	2.016	1.225
0.063	3.128e-04	-6.299	445	2.065	1.159
0.063	4.136e-04	-6.404	431	2.113	1.096
0.063	5.449e-04	-6.518	415	2.160	1.039
0.063	7.161e-04	-6.624	400	2.205	0.987
0.063	9.471e-04	-6.730	386	2.249	0.937
0.063	1.252e-03	-6.843	371	2.293	0.891
0.063	1.647e-03	-6.958	356	2.335	0.850
0.063	2.164e-03	-7.080	340	2.375	0.811
0.063	2.862e-03	-7.210	322	2.415	0.775
0.063	3.763e-03	-7.339	306	2.451	0.743
0.063	4.946e-03	-7.470	289	2.484	0.716
0.063	6.541e-03	-7.605	272	2.515	0.691
0.063	8.634e-03	-7.734	257	2.543	0.668
0.063	1.130e-02	-7.858	243	2.569	0.649
0.063	1.492e-02	-7.986	229	2.594	0.630
0.063	1.965e-02	-8.114	215	2.617	0.614
0.063	2.599e-02	-8.245	202	2.639	0.599
0.063	3.416e-02	-8.373	190	2.659	0.585
0.063	4.509e-02	-8.507	178	2.678	0.572
0.063	5.964e-02	-8.642	166	2.697	0.560
0.063	7.807e-02	-8.774	156	2.714	0.549
0.063	1.025e-01	-8.909	145	2.730	0.539
0.063	1.347e-01	-9.040	136	2.746	0.529
0.063	1.778e-01	-9.171	127	2.760	0.521
0.063	2.351e-01	-9.295	119	2.773	0.513
0.063	3.078e-01	-9.413	112	2.786	0.505
0.063	4.062e-01	-9.534	105	2.798	0.499
0.063	5.309e-01	-9.650	99	2.809	0.492
0.063	7.008e-01	-9.762	94	2.819	0.486
0.063	9.173e-01	-9.863	89	2.829	0.481
0.063	1.204e+00	-9.956	85	2.837	0.476
0.063	1.582e+00	-10.039	81	2.844	0.472
0.063	2.089e+00	-10.113	78	2.850	0.469
0.063	2.734e+00	-10.174	75	2.856	0.466
0.063	3.609e+00	-10.235	73	2.861	0.464
0.063	4.755e+00	-10.299	71	2.866	0.461
0.126	1.034e-04	-5.455	564	1.932	1.910
0.126	1.353e-04	-5.560	545	1.977	1.813
0.126	1.786e-04	-5.668	525	2.023	1.720
0.126	2.362e-04	-5.773	507	2.067	1.635
0.126	3.124e-04	-5.877	490	2.111	1.555
0.126	4.115e-04	-5.979	474	2.153	1.481
0.126	5.443e-04	-6.081	458	2.195	1.411
0.126	7.198e-04	-6.186	441	2.237	1.344
0.126	9.519e-04	-6.296	424	2.278	1.282
0.126	1.251e-03	-6.402	408	2.317	1.226
0.126	1.651e-03	-6.511	392	2.356	1.172
0.126	2.162e-03	-6.619	376	2.393	1.123
0.126	2.859e-03	-6.736	359	2.430	1.076
0.126	3.781e-03	-6.859	342	2.466	1.033
0.126	5.001e-03	-6.987	324	2.500	0.994
0.126	6.601e-03	-7.116	306	2.531	0.958
0.126	8.695e-03	-7.256	287	2.560	0.927
0.126	1.143e-02	-7.390	270	2.586	0.899
0.126	1.508e-02	-7.527	253	2.611	0.873
0.126	1.975e-02	-7.658	238	2.634	0.851
0.126	2.612e-02	-7.799	222	2.657	0.829
0.126	3.434e-02	-7.938	207	2.677	0.810
0.126	4.513e-02	-8.078	193	2.696	0.793
0.126	5.933e-02	-8.219	180	2.713	0.777
0.126	7.798e-02	-8.359	168	2.730	0.762
0.126	1.025e-01	-8.499	156	2.745	0.749
0.126	1.343e-01	-8.632	146	2.759	0.737
0.126	1.758e-01	-8.763	136	2.772	0.726
0.126	2.320e-01	-8.898	127	2.785	0.716
0.126	3.037e-01	-9.023	119	2.796	0.706
0.126	4.009e-01	-9.154	111	2.808	0.697
0.126	5.239e-01	-9.282	104	2.819	0.688
0.126	6.834e-01	-9.406	97	2.829	0.680
0.126	9.020e-01	-9.537	91	2.839	0.672
0.126	1.188e+00	-9.669	85	2.849	0.664
0.126	1.562e+00	-9.802	79	2.859	0.657
0.126	2.053e+00	-9.929	74	2.868	0.650
0.189	1.002e-04	-5.169	676	2.138	1.845
0.189	1.326e-04	-5.281	649	2.179	1.761
0.189	1.742e-04	-5.392	622	2.217	1.685
0.189	2.291e-04	-5.508	595	2.253	1.616
0.189	3.011e-04	-5.620	569	2.288	1.552
0.189	3.974e-04	-5.735	543	2.323	1.492
0.189	5.256e-04	-5.846	519	2.356	1.435
0.189	6.923e-04	-5.953	497	2.389	1.383
0.189	9.099e-04	-6.060	476	2.420	1.333
0.189	1.201e-03	-6.162	458	2.452	1.285
0.189	1.582e-03	-6.269	438	2.484	1.239
0.189	2.079e-03	-6.380	418	2.514	1.197
0.189	2.750e-03	-6.487	400	2.545	1.155
0.189	3.630e-03	-6.596	383	2.576	1.115
0.189	4.782e-03	-6.712	364	2.605	1.078
0.189	6.262e-03	-6.833	345	2.633	1.043
0.189	8.197e-03	-6.958	326	2.660	1.012
0.189	1.076e-02	-7.090	307	2.685	0.983
0.189	1.414e-02	-7.227	287	2.709	0.957
0.189	1.859e-02	-7.369	268	2.730	0.933
0.189	2.443e-02	-7.502	251	2.751	0.912
0.189	3.225e-02	-7.642	234	2.770	0.892
0.189	4.222e-02	-7.780	219	2.787	0.874
0.189	5.573e-02	-7.923	203	2.804	0.857
0.189	7.296e-02	-8.064	189	2.819	0.842
0.189	9.631e-02	-8.209	175	2.833	0.829
0.189	1.261e-01	-8.349	163	2.847	0.816
0.189	1.664e-01	-8.491	151	2.859	0.804
0.189	2.179e-01	-8.626	141	2.870	0.794
0.189	2.876e-01	-8.762	131	2.881	0.784
0.189	3.765e-01	-8.892	122	2.891	0.775
0.189	4.969e-01	-9.025	114	2.901	0.766
0.189	6.505e-01	-9.154	106	2.910	0.758
0.189	8.587e-01	-9.288	99	2.920	0.750
0.189	1.124e+00	-9.415	93	2.928	0.743
0.189	1.484e+00	-9.548	86	2.937	0.736
0.189	1.955e+00	-9.683	80	2.945	0.729
0.189	2.569e+00	-9.817	74	2.953	0.722
0.262	1.010e-04	-4.940	787	2.314	1.775
0.262	1.333e-04	-5.056	751	2.349	1.705
0.262	1.756e-04	-5.170	717	2.382	1.640
0.262	2.309e-04	-5.286	683	2.415	1.580
0.262	3.035e-04	-5.404	650	2.446	1.525
0.262	3.989e-04	-5.522	618	2.475	1.474
0.262	5.203e-04	-5.638	587	2.503	1.428
0.262	6.868e-04	-5.757	557	2.531	1.383
0.262	9.083e-04	-5.877	528	2.558	1.340
0.262	1.197e-03	-5.986	503	2.584	1.301
0.262	1.573e-03	-6.090	481	2.609	1.263
0.262	2.080e-03	-6.201	458	2.636	1.226
0.262	2.734e-03	-6.302	439	2.661	1.190
0.262	3.581e-03	-6.418	416	2.686	1.157
0.262	4.687e-03	-6.523	397	2.710	1.125
0.262	6.187e-03	-6.632	379	2.735	1.093
0.262	8.151e-03	-6.751	359	2.760	1.062
0.262	1.071e-02	-6.875	338	2.783	1.034
0.262	1.408e-02	-7.006	318	2.805	1.008
0.262	1.851e-02	-7.145	297	2.826	0.985
0.262	2.434e-02	-7.285	277	2.845	0.963
0.262	3.199e-02	-7.426	258	2.863	0.944
0.262	4.172e-02	-7.560	241	2.879	0.926
0.262	5.507e-02	-7.704	224	2.894	0.910
0.262	7.209e-02	-7.845	208	2.909	0.895
0.262	9.516e-02	-7.991	193	2.922	0.881
0.262	1.246e-01	-8.135	179	2.935	0.868
0.262	1.644e-01	-8.281	165	2.947	0.857
0.262	2.153e-01	-8.421	154	2.957	0.846
0.262	2.842e-01	-8.560	143	2.967	0.837
0.262	3.743e-01	-8.694	133	2.976	0.828
0.262	4.920e-01	-8.828	124	2.985	0.819
0.262	6.468e-01	-8.958	115	2.994	0.811
0.262	8.501e-01	-9.090	107	3.002	0.804
0.262	1.109e+00	-9.220	100	3.010	0.797
0.262	1.464e+00	-9.351	93	3.017	0.790
0.262	1.928e+00	-9.484	87	3.025	0.783
0.262	2.534e+00	-9.620	80	3.032	0.777
0.262	3.305e+00	-9.751	75	3.038	0.771
0.524	1.004e-04	-4.390	1095	2.639	1.727
0.524	1.320e-04	-4.515	1037	2.670	1.666
0.524	1.734e-04	-4.636	984	2.700	1.610
0.524	2.289e-04	-4.775	924	2.728	1.558
0.524	3.016e-04	-4.923	861	2.754	1.513
0.524	3.964e-04	-5.042	815	2.777	1.472
0.524	5.211e-04	-5.155	774	2.801	1.433
0.524	6.849e-04	-5.275	731	2.823	1.396
0.524	9.041e-04	-5.404	688	2.845	1.362
0.524	1.184e-03	-5.528	648	2.866	1.330
0.524	1.562e-03	-5.657	609	2.886	1.300
0.524	2.045e-03	-5.781	573	2.904	1.272
0.524	2.684e-03	-5.904	539	2.922	1.246
0.524	3.528e-03	-6.022	509	2.940	1.221
0.524	4.657e-03	-6.135	482	2.958	1.196
0.524	6.134e-03	-6.239	458	2.975	1.172
0.524	8.062e-03	-6.354	433	2.993	1.148
0.524	1.060e-02	-6.466	410	3.010	1.126
0.524	1.393e-02	-6.573	390	3.028	1.104
0.524	1.839e-02	-6.690	368	3.045	1.082
0.524	2.422e-02	-6.816	346	3.062	1.061
0.524	3.184e-02	-6.948	323	3.078	1.041
0.524	4.203e-02	-7.090	301	3.093	1.023
0.524	5.502e-02	-7.232	279	3.107	1.007
0.524	7.262e-02	-7.377	259	3.120	0.992
0.524	9.490e-02	-7.515	241	3.132	0.979
0.524	1.238e-01	-7.655	223	3.143	0.966
0.524	1.634e-01	-7.804	206	3.154	0.954
0.524	2.135e-01	-7.948	191	3.163	0.944
0.524	2.785e-01	-8.094	176	3.172	0.934
0.524	3.656e-01	-8.240	163	3.180	0.926
0.524	4.787e-01	-8.380	151	3.188	0.918
0.524	6.256e-01	-8.513	140	3.195	0.910
0.524	8.225e-01	-8.648	130	3.202	0.903
0.524	1.081e+00	-8.782	121	3.208	0.896
0.524	1.421e+00	-8.915	113	3.215	0.890
0.524	1.868e+00	-9.050	105	3.221	0.883
0.524	2.456e+00	-9.183	97	3.227	0.877
0.524	3.228e+00	-9.313	91	3.232	0.872
0.524	4.244e+00	-9.448	84	3.238	0.866
0.786	1.013e-04	-3.990	1357	2.788	1.782
0.786	1.326e-04	-4.122	1285	2.825	1.707
0.786	1.754e-04	-4.278	1197	2.859	1.641
0.786	2.306e-04	-4.419	1123	2.889	1.585
0.786	3.030e-04	-4.563	1050	2.917	1.536
0.786	3.984e-04	-4.705	982	2.942	1.492
0.786	5.236e-04	-4.837	923	2.965	1.453
0.786	6.884e-04	-4.977	862	2.987	1.417
0.786	9.048e-04	-5.110	808	3.007	1.384
0.786	1.197e-03	-5.242	757	3.026	1.354
0.786	1.573e-03	-5.370	711	3.045	1.325
0.786	2.068e-03	-5.501	666	3.062	1.299
0.786	2.697e-03	-5.627	625	3.078	1.275
0.786	3.540e-03	-5.756	586	3.094	1.252
0.786	4.652e-03	-5.883	549	3.109	1.230
0.786	6.117e-03	-6.002	517	3.124	1.210
0.786	8.039e-03	-6.116	488	3.139	1.189
0.786	1.061e-02	-6.228	462	3.153	1.169
0.786	1.398e-02	-6.334	438	3.168	1.150
0.786	1.849e-02	-6.456	412	3.183	1.130
0.786	2.430e-02	-6.566	390	3.198	1.111
0.786	3.195e-02	-6.680	368	3.212	1.093
0.786	4.199e-02	-6.808	345	3.226	1.076
0.786	5.520e-02	-6.941	322	3.240	1.059
0.786	7.255e-02	-7.082	299	3.252	1.044
0.786	9.539e-02	-7.229	277	3.264	1.030
0.786	1.254e-01	-7.369	257	3.275	1.017
0.786	1.635e-01	-7.510	238	3.285	1.005
0.786	2.159e-01	-7.660	220	3.294	0.994
0.786	2.826e-01	-7.805	203	3.303	0.984
0.786	3.737e-01	-7.960	187	3.311	0.975
0.786	4.913e-01	-8.108	172	3.319	0.967
0.786	6.434e-01	-8.252	159	3.326	0.959
0.786	8.423e-01	-8.389	147	3.332	0.952
0.786	1.112e+00	-8.529	137	3.338	0.946
0.786	1.455e+00	-8.662	127	3.344	0.939
0.786	1.921e+00	-8.799	118	3.349	0.933
0.786	2.511e+00	-8.930	109	3.355	0.928
0.786	3.275e+00	-9.060	102	3.360	0.922
0.786	4.264e+00	-9.189	95	3.364	0.917
0.786	5.629e+00	-9.323	88	3.369	0.912
1.048	1.025e-04	-3.791	1494	2.882	1.846
1.048	1.353e-04	-3.889	1444	2.920	1.767
1.048	1.782e-04	-3.994	1389	2.958	1.692
1.048	2.356e-04	-4.140	1304	2.994	1.623
1.048	3.097e-04	-4.301	1210	3.025	1.566
1.048	4.072e-04	-4.458	1123	3.052	1.518
1.048	5.352e-04	-4.601	1049	3.076	1.475
1.048	6.980e-04	-4.738	981	3.098	1.439
1.048	9.214e-04	-4.885	913	3.119	1.404
1.048	1.214e-03	-5.019	855	3.139	1.373
1.048	1.605e-03	-5.164	794	3.157	1.345
1.048	2.110e-03	-5.293	745	3.174	1.319
1.048	2.774e-03	-5.426	696	3.190	1.295
1.048	3.646e-03	-5.558	651	3.205	1.272
1.048	4.755e-03	-5.687	610	3.219	1.252
1.048	6.277e-03	-5.819	569	3.233	1.231
1.048	8.217e-03	-5.943	534	3.247	1.213
1.048	1.085e-02	-6.064	502	3.260	1.195
1.048	1.429e-02	-6.171	476	3.273	1.177
1.048	1.878e-02	-6.282	450	3.286	1.159
1.048	2.479e-02	-6.401	423	3.299	1.142
1.048	3.245e-02	-6.508	401	3.312	1.125
1.048	4.283e-02	-6.625	378	3.325	1.108
1.048	5.607e-02	-6.749	354	3.338	1.092
1.048	7.401e-02	-6.883	330	3.350	1.077
1.048	9.672e-02	-7.019	307	3.362	1.063
1.048	1.272e-01	-7.162	285	3.372	1.049
1.048	1.671e-01	-7.302	264	3.382	1.037
1.048	2.206e-01	-7.454	243	3.392	1.026
1.048	2.888e-01	-7.600	225	3.401	1.016
1.048	3.812e-01	-7.750	207	3.409	1.006
1.048	4.991e-01	-7.897	191	3.416	0.998
1.048	6.588e-01	-8.050	176	3.423	0.990
1.048	8.624e-01	-8.195	162	3.429	0.983
1.048	1.138e+00	-8.340	150	3.435	0.976
1.048	1.488e+00	-8.476	139	3.441	0.970
1.048	1.956e+00	-8.612	129	3.446	0.964
1.048	2.561e+00	-8.746	120	3.451	0.959
1.048	3.347e+00	-8.876	111	3.456	0.954
1.048	4.401e+00	-9.011	103	3.460	0.948
1.048	5.763e+00	-9.142	96	3.465	0.944
1.048	7.544e+00	-9.272	89	3.469	0.939
1.571	1.040e-04	-3.553	1685	3.028	1.910
1.571	1.375e-04	-3.646	1629	3.062	1.837
1.571	1.807e-04	-3.746	1566	3.095	1.770
1.571	2.386e-04	-3.843	1510	3.128	1.703
1.571	3.155e-04	-3.948	1449	3.161	1.639
1.571	4.173e-04	-4.068	1379	3.194	1.578
1.571	5.518e-04	-4.219	1286	3.224	1.524
1.571	7.269e-04	-4.393	1181	3.251	1.479
1.571	9.554e-04	-4.545	1096	3.273	1.441
1.571	1.246e-03	-4.687	1022	3.293	1.408
1.571	1.645e-03	-4.830	952	3.313	1.377
1.571	2.167e-03	-4.989	877	3.330	1.349
1.571	2.866e-03	-5.125	819	3.347	1.324
1.571	3.766e-03	-5.260	764	3.362	1.301
1.571	4.952e-03	-5.388	716	3.376	1.280
1.571	6.485e-03	-5.520	669	3.390	1.260
1.571	8.489e-03	-5.652	624	3.402	1.242
1.571	1.121e-02	-5.786	582	3.415	1.224
1.571	1.467e-02	-5.914	545	3.427	1.207
1.571	1.925e-02	-6.038	510	3.438	1.192
1.571	2.530e-02	-6.152	481	3.449	1.176
1.571	3.300e-02	-6.263	454	3.460	1.162
1.571	4.365e-02	-6.377	428	3.472	1.146
1.571	5.739e-02	-6.487	404	3.483	1.132
1.571	7.543e-02	-6.605	380	3.494	1.117
1.571	9.956e-02	-6.733	356	3.505	1.103
1.571	1.311e-01	-6.867	331	3.516	1.089
1.571	1.724e-01	-7.004	308	3.526	1.077
1.571	2.248e-01	-7.140	286	3.535	1.065
1.571	2.968e-01	-7.293	263	3.544	1.054
1.571	3.885e-01	-7.439	243	3.552	1.045
1.571	5.128e-01	-7.588	224	3.560	1.035
1.571	6.713e-01	-7.734	207	3.567	1.027
1.571	8.811e-01	-7.887	190	3.573	1.020
1.571	1.158e+00	-8.037	175	3.579	1.013
1.571	1.510e+00	-8.181	162	3.585	1.007
1.571	1.994e+00	-8.325	149	3.590	1.001
1.571	2.610e+00	-8.463	138	3.594	0.995
1.571	3.426e+00	-8.599	128	3.599	0.990
1.571	4.502e+00	-8.733	119	3.603	0.985
1.571	5.873e+00	-8.864	111	3.608	0.980
1.571	7.752e+00	-9.000	102	3.612	0.976
1.571	1.000e+01	-9.125	96	3.615	0.972
2.095	1.019e-04	-3.189	2044	3.124	1.975
2.095	1.334e-04	-3.397	1851	3.160	1.894
2.095	1.757e-04	-3.459	1822	3.196	1.819
2.095	2.310e-04	-3.660	1651	3.226	1.757
2.095	3.055e-04	-3.737	1609	3.256	1.696
2.095	4.032e-04	-3.845	1540	3.288	1.636
2.095	5.311e-04	-3.942	1482	3.319	1.578
2.095	7.024e-04	-4.088	1387	3.350	1.523
2.095	9.289e-04	-4.267	1270	3.376	1.477
2.095	1.221e-03	-4.422	1177	3.399	1.439
2.095	1.592e-03	-4.567	1095	3.419	1.407
2.095	2.102e-03	-4.711	1019	3.438	1.377
2.095	2.752e-03	-4.868	940	3.455	1.350
2.095	3.639e-03	-5.007	876	3.471	1.325
2.095	4.813e-03	-5.147	815	3.486	1.303
2.095	6.278e-03	-5.266	767	3.499	1.283
2.095	8.287e-03	-5.403	714	3.513	1.263
2.095	1.092e-02	-5.542	665	3.526	1.244
2.095	1.429e-02	-5.676	619	3.537	1.227
2.095	1.871e-02	-5.808	578	3.549	1.212
2.095	2.470e-02	-5.942	538	3.560	1.196
2.095	3.254e-02	-6.062	505	3.570	1.182
2.095	4.276e-02	-6.185	473	3.580	1.168
2.095	5.655e-02	-6.297	447	3.591	1.154
2.095	7.436e-02	-6.404	422	3.601	1.141
2.095	9.737e-02	-6.519	398	3.611	1.127
2.095	1.275e-01	-6.639	373	3.621	1.114
2.095	1.683e-01	-6.770	348	3.631	1.101
2.095	2.203e-01	-6.903	324	3.641	1.090
2.095	2.908e-01	-7.044	301	3.650	1.078
2.095	3.800e-01	-7.188	278	3.658	1.068
2.095	4.996e-01	-7.336	256	3.666	1.059
2.095	6.566e-01	-7.482	237	3.673	1.050
2.095	8.633e-01	-7.630	218	3.680	1.042
2.095	1.135e+00	-7.783	201	3.686	1.034
2.095	1.480e+00	-7.931	185	3.692	1.028
2.095	1.953e+00	-8.084	170	3.697	1.021
2.095	2.553e+00	-8.227	157	3.702	1.016
2.095	3.356e+00	-8.369	145	3.706	1.010
2.095	4.411e+00	-8.506	134	3.711	1.005
2.095	5.800e+00	-8.644	124	3.715	1.001
2.095	7.623e+00	-8.776	115	3.719	0.996
2.095	1.000e+01	-8.910	107	3.723	0.992
2.619	1.030e-04	-2.928	2306	3.170	2.095
2.619	1.362e-04	-3.076	2183	3.223	1.971
2.619	1.802e-04	-3.282	1989	3.268	1.871
2.619	2.368e-04	-3.374	1928	3.305	1.792
2.619	3.127e-04	-3.556	1770	3.339	1.724
2.619	4.135e-04	-3.660	1700	3.372	1.659
2.619	5.469e-04	-3.783	1613	3.404	1.599
2.619	7.190e-04	-3.908	1527	3.435	1.545
2.619	9.450e-04	-4.066	1417	3.462	1.497
2.619	1.247e-03	-4.242	1299	3.486	1.456
2.619	1.633e-03	-4.388	1208	3.507	1.422
2.619	2.155e-03	-4.539	1120	3.526	1.390
2.619	2.822e-03	-4.675	1046	3.543	1.363
2.619	3.725e-03	-4.831	965	3.560	1.337
2.619	4.926e-03	-4.968	899	3.575	1.314
2.619	6.489e-03	-5.102	840	3.589	1.293
2.619	8.497e-03	-5.227	787	3.602	1.273
2.619	1.112e-02	-5.364	733	3.615	1.255
2.619	1.460e-02	-5.500	682	3.627	1.238
2.619	1.912e-02	-5.636	635	3.638	1.222
2.619	2.498e-02	-5.768	592	3.649	1.207
2.619	3.285e-02	-5.901	552	3.659	1.193
2.619	4.317e-02	-6.025	517	3.669	1.179
2.619	5.631e-02	-6.155	482	3.678	1.167
2.619	7.391e-02	-6.256	457	3.688	1.154
2.619	9.714e-02	-6.364	432	3.697	1.141
2.619	1.282e-01	-6.480	407	3.707	1.128
2.619	1.689e-01	-6.601	381	3.717	1.116
2.619	2.220e-01	-6.729	356	3.726	1.104
2.619	2.896e-01	-6.858	332	3.735	1.093
2.619	3.822e-01	-6.999	308	3.744	1.082
2.619	5.004e-01	-7.144	285	3.752	1.072
2.619	6.605e-01	-7.292	262	3.759	1.063
2.619	8.646e-01	-7.436	243	3.766	1.054
2.619	1.141e+00	-7.587	223	3.773	1.047
2.619	1.494e+00	-7.737	205	3.779	1.039
2.619	1.972e+00	-7.893	188	3.784	1.033
2.619	2.582e+00	-8.042	173	3.789	1.027
2.619	3.388e+00	-8.189	160	3.794	1.022
2.619	4.453e+00	-8.331	148	3.798	1.016
2.619	5.809e+00	-8.466	137	3.802	1.012
2.619	7.668e+00	-8.605	127	3.806	1.007
2.619	1.000e+01	-8.735	118	3.810	1.003
3.143	1.009e-04	-2.763	2441	3.183	2.259
3.143	1.327e-04	-2.875	2369	3.243	2.109
3.143	1.754e-04	-3.024	2245	3.299	1.979
3.143	2.306e-04	-3.209	2074	3.346	1.874
3.143	3.043e-04	-3.315	1998	3.387	1.787
3.143	4.025e-04	-3.483	1853	3.424	1.712
3.143	5.269e-04	-3.607	1759	3.458	1.648
3.143	6.968e-04	-3.740	1660	3.490	1.587
3.143	9.198e-04	-3.895	1544	3.520	1.534
3.143	1.212e-03	-4.058	1427	3.545	1.489
3.143	1.592e-03	-4.218	1318	3.568	1.452
3.143	2.094e-03	-4.370	1222	3.588	1.419
3.143	2.752e-03	-4.515	1135	3.606	1.390
3.143	3.589e-03	-4.649	1061	3.622	1.364
3.143	4.738e-03	-4.795	984	3.638	1.339
3.143	6.266e-03	-4.933	917	3.652	1.317
3.143	8.203e-03	-5.062	858	3.666	1.296
3.143	1.083e-02	-5.198	800	3.679	1.277
3.143	1.417e-02	-5.333	745	3.691	1.259
3.143	1.871e-02	-5.474	692	3.703	1.242
3.143	2.449e-02	-5.610	644	3.714	1.226
3.143	3.189e-02	-5.740	601	3.724	1.212
3.143	4.210e-02	-5.877	558	3.734	1.198
3.143	5.501e-02	-6.007	521	3.744	1.186
3.143	7.262e-02	-6.133	487	3.753	1.173
3.143	9.566e-02	-6.235	462	3.762	1.161
3.143	1.257e-01	-6.345	436	3.771	1.148
3.143	1.653e-01	-6.458	410	3.781	1.136
3.143	2.186e-01	-6.582	384	3.790	1.124
3.143	2.873e-01	-6.709	359	3.799	1.112
3.143	3.777e-01	-6.845	334	3.808	1.101
3.143	4.965e-01	-6.983	310	3.816	1.090
3.143	6.553e-01	-7.132	285	3.824	1.081
3.143	8.579e-01	-7.274	264	3.831	1.072
3.143	1.132e+00	-7.423	243	3.838	1.064
3.143	1.482e+00	-7.571	224	3.844	1.056
3.143	1.946e+00	-7.723	206	3.850	1.049
3.143	2.548e+00	-7.874	190	3.855	1.043
3.143	3.335e+00	-8.024	174	3.860	1.037
3.143	4.343e+00	-8.167	161	3.864	1.032
3.143	5.700e+00	-8.309	149	3.868	1.027
3.143	7.465e+00	-8.447	138	3.872	1.022
3.143	9.772e+00	-8.582	128	3.876	1.018
3.666	1.004e-04	-2.647	2527	3.194	2.410
3.666	1.309e-04	-2.740	2479	3.254	2.249
3.666	1.728e-04	-2.848	2413	3.315	2.097
3.666	2.276e-04	-2.987	2301	3.371	1.966
3.666	2.991e-04	-3.150	2156	3.421	1.857
3.666	3.949e-04	-3.268	2065	3.465	1.765
3.666	5.222e-04	-3.436	1919	3.505	1.685
3.666	6.836e-04	-3.590	1791	3.539	1.620
3.666	9.024e-04	-3.737	1676	3.570	1.563
3.666	1.181e-03	-3.885	1563	3.598	1.514
3.666	1.559e-03	-4.044	1448	3.623	1.471
3.666	2.041e-03	-4.198	1341	3.645	1.434
3.666	2.694e-03	-4.357	1238	3.665	1.402
3.666	3.527e-03	-4.499	1152	3.682	1.374
3.666	4.656e-03	-4.641	1072	3.699	1.348
3.666	6.095e-03	-4.776	1001	3.714	1.325
3.666	8.061e-03	-4.913	933	3.728	1.303
3.666	1.051e-02	-5.043	872	3.742	1.283
3.666	1.388e-02	-5.183	810	3.755	1.264
3.666	1.817e-02	-5.319	754	3.766	1.247
3.666	2.398e-02	-5.461	700	3.778	1.231
3.666	3.140e-02	-5.597	651	3.788	1.216
3.666	4.144e-02	-5.735	605	3.798	1.202
3.666	5.416e-02	-5.870	563	3.808	1.189
3.666	7.064e-02	-6.004	523	3.817	1.177
3.666	9.342e-02	-6.119	492	3.826	1.165
3.666	1.233e-01	-6.229	465	3.835	1.153
3.666	1.631e-01	-6.341	438	3.844	1.141
3.666	2.135e-01	-6.453	413	3.853	1.129
3.666	2.818e-01	-6.576	387	3.862	1.118
3.666	3.689e-01	-6.702	361	3.870	1.107
3.666	4.870e-01	-6.841	335	3.879	1.096
3.666	6.375e-01	-6.977	311	3.887	1.086
3.666	8.367e-01	-7.120	288	3.894	1.077
3.666	1.100e+00	-7.263	266	3.901	1.068
3.666	1.446e+00	-7.411	245	3.908	1.060
3.666	1.900e+00	-7.562	226	3.914	1.053
3.666	2.498e+00	-7.715	207	3.919	1.046
3.666	3.284e+00	-7.868	191	3.924	1.040
3.666	4.283e+00	-8.017	175	3.929	1.034
3.666	5.653e+00	-8.168	161	3.933	1.029
3.666	7.401e+00	-8.310	149	3.937	1.024
3.666	9.714e+00	-8.448	138	3.941	1.020
4.190	1.035e-04	-2.560	2593	3.210	2.531
4.190	1.366e-04	-2.657	2544	3.274	2.350
4.190	1.788e-04	-2.754	2491	3.335	2.192
4.190	2.347e-04	-2.863	2421	3.394	2.048
4.190	3.085e-04	-2.998	2312	3.449	1.921
4.190	4.080e-04	-3.142	2191	3.499	1.813
4.190	5.321e-04	-3.287	2067	3.543	1.725
4.190	7.024e-04	-3.460	1913	3.581	1.650
4.190	9.195e-04	-3.609	1789	3.614	1.589
4.190	1.197e-03	-3.752	1675	3.643	1.537
4.190	1.580e-03	-3.904	1560	3.671	1.489
4.190	2.069e-03	-4.056	1448	3.694	1.449
4.190	2.731e-03	-4.220	1334	3.716	1.413
4.190	3.575e-03	-4.374	1235	3.735	1.383
4.190	4.719e-03	-4.518	1148	3.752	1.355
4.190	6.178e-03	-4.655	1071	3.768	1.331
4.190	8.155e-03	-4.793	998	3.783	1.308
4.190	1.066e-02	-4.926	931	3.797	1.287
4.190	1.390e-02	-5.058	869	3.810	1.268
4.190	1.824e-02	-5.196	809	3.822	1.251
4.190	2.398e-02	-5.335	752	3.834	1.234
4.190	3.127e-02	-5.470	700	3.844	1.219
4.190	4.105e-02	-5.607	651	3.855	1.204
4.190	5.375e-02	-5.744	604	3.864	1.191
4.190	7.037e-02	-5.881	562	3.873	1.179
4.190	9.289e-02	-6.014	523	3.882	1.167
4.190	1.224e-01	-6.130	492	3.891	1.155
4.190	1.608e-01	-6.239	464	3.900	1.144
4.190	2.114e-01	-6.349	438	3.908	1.132
4.190	2.779e-01	-6.464	412	3.917	1.121
4.190	3.654e-01	-6.586	386	3.926	1.110
4.190	4.802e-01	-6.716	360	3.934	1.099
4.190	6.263e-01	-6.850	335	3.942	1.089
4.190	8.267e-01	-6.991	310	3.950	1.079
4.190	1.082e+00	-7.130	287	3.957	1.070
4.190	1.429e+00	-7.277	265	3.964	1.062
4.190	1.870e+00	-7.423	244	3.970	1.054
4.190	2.469e+00	-7.576	225	3.976	1.047
4.190	3.232e+00	-7.728	206	3.982	1.041
4.190	4.208e+00	-7.878	190	3.986	1.035
4.190	5.554e+00	-8.034	174	3.991	1.030
4.190	7.271e+00	-8.179	160	3.995	1.025
4.190	9.598e+00	-8.326	148	3.999	1.020
4.714	1.027e-04	-2.471	2659	3.215	2.668
4.714	1.345e-04	-2.566	2610	3.279	2.480
4.714	1.775e-04	-2.664	2560	3.343	2.303
4.714	2.320e-04	-2.762	2504	3.403	2.149
4.714	3.026e-04	-2.867	2437	3.460	2.012
4.714	3.971e-04	-3.002	2328	3.516	1.888
4.714	5.219e-04	-3.142	2209	3.565	1.784
4.714	6.862e-04	-3.301	2068	3.609	1.695
4.714	9.019e-04	-3.466	1921	3.646	1.624
4.714	1.191e-03	-3.619	1793	3.679	1.563
4.714	1.568e-03	-3.776	1667	3.709	1.511
4.714	2.061e-03	-3.919	1558	3.735	1.466
4.714	2.721e-03	-4.082	1439	3.759	1.426
4.714	3.584e-03	-4.250	1322	3.780	1.392
4.714	4.710e-03	-4.401	1224	3.798	1.363
4.714	6.193e-03	-4.542	1140	3.815	1.337
4.714	8.139e-03	-4.680	1062	3.831	1.313
4.714	1.062e-02	-4.812	993	3.845	1.292
4.714	1.401e-02	-4.950	924	3.859	1.271
4.714	1.835e-02	-5.085	861	3.872	1.253
4.714	2.408e-02	-5.223	801	3.884	1.236
4.714	3.165e-02	-5.362	744	3.895	1.220
4.714	4.161e-02	-5.501	691	3.906	1.205
4.714	5.448e-02	-5.640	642	3.916	1.191
4.714	7.133e-02	-5.781	595	3.925	1.178
4.714	9.415e-02	-5.920	552	3.934	1.166
4.714	1.240e-01	-6.046	516	3.942	1.155
4.714	1.630e-01	-6.160	485	3.951	1.144
4.714	2.143e-01	-6.267	459	3.959	1.132
4.714	2.817e-01	-6.379	432	3.968	1.121
4.714	3.674e-01	-6.493	407	3.976	1.111
4.714	4.849e-01	-6.619	380	3.985	1.100
4.714	6.348e-01	-6.753	354	3.993	1.089
4.714	8.380e-01	-6.891	328	4.001	1.080
4.714	1.097e+00	-7.027	305	4.008	1.070
4.714	1.440e+00	-7.169	282	4.015	1.062
4.714	1.892e+00	-7.316	260	4.022	1.054
4.714	2.488e+00	-7.466	239	4.028	1.047
4.714	3.270e+00	-7.618	220	4.033	1.040
4.714	4.299e+00	-7.772	202	4.039	1.034
4.714	5.650e+00	-7.928	185	4.043	1.028
4.714	7.429e+00	-8.080	170	4.048	1.023
4.714	9.764e+00	-8.228	157	4.052	1.018
5.238	1.031e-04	-2.393	2718	3.222	2.791
5.238	1.348e-04	-2.489	2669	3.286	2.591
5.238	1.772e-04	-2.587	2618	3.351	2.406
5.238	2.329e-04	-2.684	2567	3.413	2.239
5.238	3.062e-04	-2.788	2505	3.474	2.087
5.238	4.025e-04	-2.896	2434	3.533	1.951
5.238	5.250e-04	-3.032	2319	3.585	1.837
5.238	6.929e-04	-3.174	2199	3.634	1.736
5.238	9.071e-04	-3.344	2041	3.675	1.655
5.238	1.197e-03	-3.503	1902	3.712	1.588
5.238	1.567e-03	-3.655	1774	3.743	1.532
5.238	2.073e-03	-3.809	1651	3.772	1.482
5.238	2.736e-03	-3.962	1534	3.798	1.438
5.238	3.619e-03	-4.133	1409	3.821	1.400
5.238	4.737e-03	-4.292	1301	3.840	1.370
5.238	6.253e-03	-4.441	1206	3.858	1.342
5.238	8.186e-03	-4.580	1123	3.874	1.317
5.238	1.081e-02	-4.719	1046	3.889	1.294
5.238	1.415e-02	-4.853	976	3.903	1.274
5.238	1.857e-02	-4.989	910	3.916	1.254
5.238	2.431e-02	-5.125	847	3.929	1.237
5.238	3.183e-02	-5.262	788	3.940	1.220
5.238	4.177e-02	-5.401	733	3.951	1.205
5.238	5.490e-02	-5.541	680	3.962	1.190
5.238	7.161e-02	-5.683	630	3.971	1.178
5.238	9.453e-02	-5.826	583	3.980	1.165
5.238	1.245e-01	-5.959	543	3.989	1.154
5.238	1.637e-01	-6.085	507	3.997	1.143
5.238	2.135e-01	-6.189	480	4.006	1.132
5.238	2.823e-01	-6.299	453	4.014	1.121
5.238	3.682e-01	-6.410	427	4.022	1.110
5.238	4.861e-01	-6.532	400	4.031	1.099
5.238	6.352e-01	-6.658	374	4.039	1.089
5.238	8.351e-01	-6.794	347	4.047	1.079
5.238	1.098e+00	-6.930	322	4.055	1.070
5.238	1.443e+00	-7.074	298	4.062	1.061
5.238	1.897e+00	-7.218	275	4.068	1.053
5.238	2.474e+00	-7.362	254	4.074	1.046
5.238	3.247e+00	-7.509	234	4.080	1.039
5.238	4.268e+00	-7.663	215	4.086	1.032
5.238	5.611e+00	-7.819	197	4.090	1.027
5.238	7.374e+00	-7.974	181	4.095	1.021
5.238	9.619e+00	-8.120	167	4.099	1.017
6.285	1.024e-04	-2.264	2805	3.226	3.042
6.285	1.336e-04	-2.350	2774	3.293	2.816
6.285	1.753e-04	-2.447	2727	3.360	2.606
6.285	2.304e-04	-2.547	2673	3.426	2.418
6.285	3.030e-04	-2.645	2619	3.489	2.248
6.285	3.967e-04	-2.743	2564	3.550	2.096
6.285	5.184e-04	-2.848	2495	3.607	1.961
6.285	6.762e-04	-2.969	2402	3.662	1.842
6.285	8.926e-04	-3.107	2285	3.713	1.736
6.285	1.176e-03	-3.274	2130	3.758	1.648
6.285	1.545e-03	-3.436	1982	3.796	1.579
6.285	2.040e-03	-3.589	1851	3.830	1.518
6.285	2.670e-03	-3.742	1724	3.859	1.468
6.285	3.525e-03	-3.904	1595	3.886	1.423
6.285	4.615e-03	-4.068	1471	3.909	1.386
6.285	6.091e-03	-4.234	1353	3.929	1.354
6.285	7.974e-03	-4.382	1255	3.947	1.327
6.285	1.038e-02	-4.521	1169	3.963	1.303
6.285	1.371e-02	-4.661	1088	3.978	1.280
6.285	1.794e-02	-4.796	1015	3.992	1.259
6.285	2.355e-02	-4.931	946	4.006	1.240
6.285	3.084e-02	-5.068	881	4.018	1.222
6.285	4.037e-02	-5.205	820	4.030	1.205
6.285	5.329e-02	-5.349	759	4.041	1.190
6.285	6.976e-02	-5.487	705	4.052	1.176
6.285	9.155e-02	-5.635	651	4.061	1.163
6.285	1.203e-01	-5.778	603	4.070	1.151
6.285	1.588e-01	-5.914	560	4.079	1.139
6.285	2.079e-01	-6.034	525	4.087	1.129
6.285	2.750e-01	-6.153	493	4.096	1.118
6.285	3.615e-01	-6.261	466	4.104	1.107
6.285	4.752e-01	-6.376	438	4.112	1.097
6.285	6.247e-01	-6.499	410	4.120	1.087
6.285	8.211e-01	-6.625	383	4.128	1.077
6.285	1.080e+00	-6.758	356	4.136	1.067
6.285	1.419e+00	-6.896	331	4.144	1.058
6.285	1.865e+00	-7.042	305	4.151	1.049
6.285	2.452e+00	-7.185	282	4.157	1.042
6.285	3.224e+00	-7.332	260	4.163	1.034
6.285	4.237e+00	-7.477	240	4.169	1.028
6.285	5.526e+00	-7.626	221	4.174	1.022
6.285	7.294e+00	-7.785	202	4.179	1.016
6.285	9.549e+00	-7.938	186	4.183	1.011
7.333	1.046e-04	-2.165	2873	3.236	3.247
7.333	1.369e-04	-2.253	2842	3.305	2.999
7.333	1.789e-04	-2.341	2810	3.373	2.774
7.333	2.334e-04	-2.435	2764	3.439	2.572
7.333	3.081e-04	-2.537	2708	3.505	2.383
7.333	4.033e-04	-2.634	2654	3.567	2.218
7.333	5.293e-04	-2.733	2597	3.629	2.067
7.333	6.957e-04	-2.840	2526	3.687	1.932
7.333	9.183e-04	-2.961	2434	3.744	1.810
7.333	1.210e-03	-3.097	2319	3.796	1.705
7.333	1.600e-03	-3.270	2155	3.842	1.617
7.333	2.102e-03	-3.430	2009	3.880	1.548
7.333	2.742e-03	-3.576	1882	3.912	1.491
7.333	3.620e-03	-3.732	1751	3.943	1.439
7.333	4.768e-03	-3.903	1611	3.969	1.396
7.333	6.267e-03	-4.072	1482	3.992	1.360
7.333	8.240e-03	-4.234	1365	4.012	1.329
7.333	1.083e-02	-4.385	1264	4.030	1.302
7.333	1.424e-02	-4.529	1175	4.046	1.278
7.333	1.871e-02	-4.668	1094	4.061	1.256
7.333	2.460e-02	-4.805	1019	4.075	1.236
7.333	3.222e-02	-4.939	950	4.088	1.218
7.333	4.218e-02	-5.075	885	4.101	1.201
7.333	5.568e-02	-5.220	820	4.113	1.184
7.333	7.276e-02	-5.355	763	4.123	1.170
7.333	9.490e-02	-5.496	708	4.133	1.156
7.333	1.246e-01	-5.647	652	4.143	1.144
7.333	1.637e-01	-5.788	605	4.151	1.132
7.333	2.152e-01	-5.917	564	4.160	1.122
7.333	2.829e-01	-6.044	527	4.168	1.111
7.333	3.734e-01	-6.158	496	4.176	1.101
7.333	4.919e-01	-6.269	467	4.184	1.090
7.333	6.465e-01	-6.386	439	4.192	1.080
7.333	8.533e-01	-6.514	409	4.201	1.070
7.333	1.124e+00	-6.641	382	4.208	1.060
7.333	1.477e+00	-6.774	356	4.216	1.051
7.333	1.942e+00	-6.920	328	4.223	1.043
7.333	2.553e+00	-7.063	304	4.230	1.035
7.333	3.370e+00	-7.210	280	4.236	1.027
7.333	4.411e+00	-7.350	259	4.242	1.020
7.333	5.823e+00	-7.501	238	4.247	1.014
7.333	7.670e+00	-7.657	219	4.252	1.008
7.333	1.000e+01	-7.808	201	4.257	1.003
8.381	1.016e-04	-2.064	2940	3.233	3.486
8.381	1.335e-04	-2.154	2907	3.303	3.213
8.381	1.755e-04	-2.243	2874	3.373	2.965
8.381	2.289e-04	-2.331	2841	3.440	2.745
8.381	3.004e-04	-2.426	2796	3.508	2.540
8.381	3.948e-04	-2.526	2741	3.573	2.355
8.381	5.182e-04	-2.625	2685	3.636	2.191
8.381	6.811e-04	-2.724	2627	3.698	2.041
8.381	8.990e-04	-2.834	2552	3.757	1.905
8.381	1.177e-03	-2.949	2465	3.813	1.788
8.381	1.554e-03	-3.081	2355	3.865	1.683
8.381	2.046e-03	-3.251	2194	3.912	1.595
8.381	2.690e-03	-3.411	2046	3.950	1.526
8.381	3.530e-03	-3.560	1915	3.985	1.467
8.381	4.640e-03	-3.716	1781	4.015	1.416
8.381	6.124e-03	-3.893	1634	4.042	1.373
8.381	8.017e-03	-4.065	1500	4.064	1.338
8.381	1.058e-02	-4.228	1381	4.084	1.308
8.381	1.385e-02	-4.377	1280	4.102	1.282
8.381	1.818e-02	-4.520	1190	4.118	1.258
8.381	2.390e-02	-4.659	1108	4.133	1.237
8.381	3.142e-02	-4.795	1032	4.147	1.217
8.381	4.129e-02	-4.932	962	4.160	1.199
8.381	5.429e-02	-5.070	895	4.172	1.182
8.381	7.136e-02	-5.220	826	4.184	1.166
8.381	9.419e-02	-5.352	771	4.195	1.151
8.381	1.241e-01	-5.505	710	4.205	1.138
8.381	1.631e-01	-5.658	653	4.214	1.126
8.381	2.153e-01	-5.798	606	4.223	1.115
8.381	2.818e-01	-5.916	569	4.231	1.104
8.381	3.727e-01	-6.057	527	4.240	1.094
8.381	4.928e-01	-6.166	497	4.248	1.084
8.381	6.506e-01	-6.282	467	4.256	1.074
8.381	8.516e-01	-6.403	438	4.264	1.064
8.381	1.124e+00	-6.528	409	4.271	1.054
8.381	1.472e+00	-6.655	382	4.279	1.045
8.381	1.943e+00	-6.789	355	4.286	1.036
8.381	2.559e+00	-6.939	327	4.293	1.028
8.381	3.363e+00	-7.079	303	4.300	1.020
8.381	4.448e+00	-7.227	279	4.306	1.013
8.381	5.848e+00	-7.370	258	4.312	1.007
8.381	7.686e+00	-7.522	237	4.317	1.000
8.381	1.000e+01	-7.673	218	4.322	0.995
9.428	1.036e-04	-1.988	2996	3.241	3.663
9.428	1.354e-04	-2.077	2963	3.311	3.379
9.428	1.761e-04	-2.164	2930	3.378	3.126
9.428	2.296e-04	-2.251	2897	3.446	2.892
9.428	3.031e-04	-2.343	2862	3.516	2.669
9.428	3.993e-04	-2.440	2813	3.584	2.468
9.428	5.248e-04	-2.541	2756	3.649	2.290
9.428	6.845e-04	-2.638	2700	3.710	2.134
9.428	9.036e-04	-2.740	2638	3.772	1.987
9.428	1.181e-03	-2.846	2566	3.830	1.860
9.428	1.540e-03	-2.962	2475	3.884	1.748
9.428	2.033e-03	-3.089	2371	3.936	1.646
9.428	2.678e-03	-3.268	2196	3.982	1.561
9.428	3.520e-03	-3.418	2060	4.020	1.494
9.428	4.620e-03	-3.571	1924	4.055	1.435
9.428	6.072e-03	-3.733	1783	4.085	1.386
9.428	7.919e-03	-3.910	1635	4.110	1.346
9.428	1.045e-02	-4.086	1496	4.133	1.312
9.428	1.368e-02	-4.242	1383	4.151	1.284
9.428	1.806e-02	-4.394	1279	4.169	1.258
9.428	2.365e-02	-4.535	1190	4.185	1.236
9.428	3.121e-02	-4.676	1107	4.199	1.215
9.428	4.079e-02	-4.808	1034	4.213	1.196
9.428	5.321e-02	-4.941	965	4.226	1.179
9.428	7.023e-02	-5.082	896	4.238	1.162
9.428	9.252e-02	-5.230	828	4.250	1.147
9.428	1.216e-01	-5.367	770	4.260	1.133
9.428	1.608e-01	-5.525	707	4.270	1.120
9.428	2.114e-01	-5.675	652	4.279	1.108
9.428	2.779e-01	-5.807	608	4.288	1.097
9.428	3.668e-01	-5.944	564	4.296	1.087
9.428	4.851e-01	-6.069	527	4.304	1.077
9.428	6.390e-01	-6.185	495	4.312	1.067
9.428	8.398e-01	-6.305	465	4.320	1.057
9.428	1.104e+00	-6.426	435	4.328	1.048
9.428	1.451e+00	-6.552	407	4.335	1.039
9.428	1.916e+00	-6.682	379	4.343	1.030
9.428	2.523e+00	-6.814	353	4.350	1.022
9.428	3.316e+00	-6.957	326	4.357	1.014
9.428	4.386e+00	-7.103	301	4.363	1.006
9.428	5.766e+00	-7.247	278	4.369	1.000
9.428	7.579e+00	-7.395	256	4.374	0.993
9.428	9.885e+00	-7.544	236	4.379	0.988
10.476	1.006e-04	-1.904	3053	3.236	3.884
10.476	1.312e-04	-1.993	3020	3.306	3.583
10.476	1.708e-04	-2.081	2986	3.375	3.310
10.476	2.255e-04	-2.174	2950	3.446	3.050
10.476	2.947e-04	-2.262	2916	3.513	2.821
10.476	3.843e-04	-2.348	2883	3.580	2.612
10.476	5.044e-04	-2.446	2833	3.647	2.418
10.476	6.630e-04	-2.547	2774	3.712	2.244
10.476	8.647e-04	-2.644	2718	3.773	2.092
10.476	1.135e-03	-2.744	2657	3.834	1.950
10.476	1.492e-03	-2.853	2581	3.892	1.823
10.476	1.961e-03	-2.974	2485	3.948	1.711
10.476	2.578e-03	-3.096	2385	3.999	1.613
10.476	3.402e-03	-3.277	2207	4.045	1.530
10.476	4.482e-03	-3.423	2075	4.084	1.463
10.476	5.869e-03	-3.578	1936	4.118	1.407
10.476	7.683e-03	-3.746	1787	4.147	1.360
10.476	1.016e-02	-3.936	1626	4.173	1.320
10.476	1.336e-02	-4.105	1493	4.194	1.288
10.476	1.749e-02	-4.259	1381	4.213	1.261
10.476	2.290e-02	-4.405	1282	4.229	1.237
10.476	3.023e-02	-4.549	1191	4.245	1.215
10.476	3.958e-02	-4.685	1111	4.259	1.195
10.476	5.224e-02	-4.823	1034	4.273	1.176
10.476	6.827e-02	-4.956	964	4.286	1.160
10.476	8.976e-02	-5.102	893	4.298	1.143
10.476	1.180e-01	-5.238	831	4.309	1.129
10.476	1.560e-01	-5.389	767	4.320	1.115
10.476	2.059e-01	-5.543	705	4.330	1.102
10.476	2.696e-01	-5.684	654	4.339	1.091
10.476	3.538e-01	-5.814	610	4.347	1.080
10.476	4.650e-01	-5.958	564	4.355	1.070
10.476	6.150e-01	-6.086	526	4.363	1.061
10.476	8.086e-01	-6.207	493	4.371	1.051
10.476	1.063e+00	-6.326	462	4.378	1.042
10.476	1.405e+00	-6.446	433	4.386	1.033
10.476	1.855e+00	-6.580	403	4.394	1.024
10.476	2.444e+00	-6.704	377	4.401	1.016
10.476	3.212e+00	-6.837	350	4.408	1.008
10.476	4.248e+00	-6.981	324	4.414	1.000
10.476	5.585e+00	-7.125	299	4.420	0.993
10.476	7.340e+00	-7.271	276	4.426	0.986
10.476	9.574e+00	-7.418	254	4.431	0.980
11.523	1.011e-04	-1.837	3102	3.237	4.066
11.523	1.316e-04	-1.927	3068	3.308	3.746
11.523	1.727e-04	-2.018	3033	3.380	3.451
11.523	2.262e-04	-2.109	2998	3.450	3.184
11.523	2.956e-04	-2.197	2963	3.518	2.943
11.523	3.843e-04	-2.283	2930	3.585	2.726
11.523	4.996e-04	-2.370	2895	3.650	2.527
11.523	6.517e-04	-2.468	2841	3.715	2.345
11.523	8.602e-04	-2.570	2782	3.781	2.175
11.523	1.126e-03	-2.667	2725	3.842	2.026
11.523	1.478e-03	-2.770	2658	3.903	1.890
11.523	1.942e-03	-2.882	2577	3.960	1.769
11.523	2.554e-03	-3.003	2479	4.014	1.662
11.523	3.357e-03	-3.134	2367	4.065	1.569
11.523	4.378e-03	-3.298	2207	4.107	1.494
11.523	5.779e-03	-3.443	2076	4.145	1.430
11.523	7.613e-03	-3.602	1930	4.179	1.375
11.523	1.001e-02	-3.780	1772	4.208	1.330
11.523	1.315e-02	-3.967	1613	4.231	1.295
11.523	1.729e-02	-4.124	1490	4.251	1.266
11.523	2.273e-02	-4.276	1380	4.269	1.240
11.523	2.988e-02	-4.419	1282	4.285	1.217
11.523	3.897e-02	-4.554	1196	4.300	1.197
11.523	5.144e-02	-4.691	1115	4.314	1.177
11.523	6.734e-02	-4.823	1041	4.327	1.160
11.523	8.838e-02	-4.959	970	4.340	1.143
11.523	1.162e-01	-5.105	898	4.352	1.127
11.523	1.527e-01	-5.241	835	4.363	1.113
11.523	2.020e-01	-5.396	769	4.374	1.099
11.523	2.654e-01	-5.548	709	4.384	1.087
11.523	3.490e-01	-5.692	656	4.393	1.075
11.523	4.587e-01	-5.835	607	4.401	1.064
11.523	6.055e-01	-5.981	561	4.410	1.054
11.523	7.926e-01	-6.110	523	4.417	1.045
11.523	1.040e+00	-6.240	487	4.425	1.036
11.523	1.367e+00	-6.353	459	4.432	1.027
11.523	1.805e+00	-6.481	428	4.440	1.018
11.523	2.387e+00	-6.613	398	4.447	1.010
11.523	3.144e+00	-6.732	373	4.454	1.001
11.523	4.158e+00	-6.873	346	4.461	0.993
11.523	5.465e+00	-7.016	319	4.468	0.986
11.523	7.128e+00	-7.158	295	4.474	0.979
11.523	9.267e+00	-7.301	273	4.479	0.973
12.047	1.040e-04	-1.814	3122	3.245	4.120
12.047	1.373e-04	-1.909	3086	3.320	3.778
12.047	1.797e-04	-2.000	3051	3.391	3.481
12.047	2.340e-04	-2.089	3016	3.460	3.217
12.047	3.089e-04	-2.181	2980	3.531	2.964
12.047	4.036e-04	-2.269	2946	3.599	2.741
12.047	5.265e-04	-2.356	2911	3.666	2.538
12.047	6.949e-04	-2.457	2857	3.734	2.346
12.047	9.097e-04	-2.556	2800	3.798	2.180
12.047	1.201e-03	-2.657	2741	3.862	2.026
12.047	1.569e-03	-2.758	2676	3.921	1.892
12.047	2.047e-03	-2.864	2600	3.977	1.773
12.047	2.702e-03	-2.986	2502	4.033	1.664
12.047	3.537e-03	-3.109	2399	4.082	1.571
12.047	4.678e-03	-3.276	2236	4.127	1.492
12.047	6.174e-03	-3.419	2106	4.166	1.427
12.047	8.133e-03	-3.574	1964	4.200	1.373
12.047	1.069e-02	-3.744	1811	4.229	1.328
12.047	1.394e-02	-3.923	1655	4.251	1.294
12.047	1.840e-02	-4.080	1529	4.271	1.264
12.047	2.409e-02	-4.225	1421	4.288	1.240
12.047	3.180e-02	-4.366	1322	4.305	1.217
12.047	4.156e-02	-4.499	1235	4.319	1.197
12.047	5.464e-02	-4.631	1154	4.333	1.178
12.047	7.182e-02	-4.762	1078	4.346	1.160
12.047	9.443e-02	-4.896	1006	4.359	1.143
12.047	1.241e-01	-5.037	934	4.372	1.126
12.047	1.632e-01	-5.180	866	4.383	1.111
12.047	2.158e-01	-5.334	798	4.395	1.097
12.047	2.836e-01	-5.488	734	4.405	1.084
12.047	3.729e-01	-5.639	677	4.415	1.072
12.047	4.901e-01	-5.786	625	4.424	1.061
12.047	6.469e-01	-5.943	574	4.432	1.050
12.047	8.468e-01	-6.083	532	4.440	1.041
12.047	1.118e+00	-6.221	494	4.448	1.031
12.047	1.473e+00	-6.337	464	4.456	1.022
12.047	1.935e+00	-6.466	433	4.464	1.013
12.047	2.559e+00	-6.601	402	4.471	1.004
12.047	3.365e+00	-6.719	377	4.478	0.996
12.047	4.407e+00	-6.854	350	4.485	0.988
12.047	5.769e+00	-6.996	324	4.492	0.981
12.047	7.511e+00	-7.138	300	4.497	0.974
12.047	9.765e+00	-7.283	277	4.503	0.968
12.571	1.040e-04	-1.783	3145	3.245	4.208
12.571	1.367e-04	-1.878	3109	3.320	3.861
12.571	1.783e-04	-1.968	3074	3.391	3.559
12.571	2.340e-04	-2.060	3038	3.462	3.280
12.571	3.076e-04	-2.150	3002	3.532	3.025
12.571	4.044e-04	-2.240	2967	3.602	2.792
12.571	5.315e-04	-2.330	2932	3.671	2.579
12.571	6.933e-04	-2.423	2887	3.737	2.390
12.571	9.152e-04	-2.526	2827	3.803	2.214
12.571	1.198e-03	-2.624	2770	3.865	2.061
12.571	1.572e-03	-2.723	2710	3.927	1.921
12.571	2.067e-03	-2.831	2633	3.985	1.795
12.571	2.696e-03	-2.945	2544	4.039	1.688
12.571	3.558e-03	-3.063	2450	4.091	1.590
12.571	4.687e-03	-3.217	2301	4.137	1.507
12.571	6.160e-03	-3.358	2170	4.176	1.442
12.571	8.131e-03	-3.501	2038	4.210	1.386
12.571	1.063e-02	-3.646	1906	4.239	1.341
12.571	1.397e-02	-3.820	1750	4.263	1.304
12.571	1.836e-02	-3.978	1615	4.283	1.275
12.571	2.395e-02	-4.108	1513	4.299	1.250
12.571	3.144e-02	-4.239	1415	4.315	1.228
12.571	4.132e-02	-4.366	1327	4.329	1.208
12.571	5.389e-02	-4.488	1246	4.342	1.190
12.571	7.073e-02	-4.611	1170	4.355	1.172
12.571	9.296e-02	-4.738	1095	4.368	1.155
12.571	1.222e-01	-4.872	1022	4.381	1.138
12.571	1.601e-01	-5.012	950	4.394	1.122
12.571	2.108e-01	-5.163	876	4.406	1.106
12.571	2.788e-01	-5.326	804	4.418	1.090
12.571	3.665e-01	-5.490	736	4.429	1.077
12.571	4.818e-01	-5.652	674	4.440	1.064
12.571	6.332e-01	-5.817	617	4.450	1.052
12.571	8.359e-01	-5.985	563	4.459	1.041
12.571	1.094e+00	-6.130	520	4.467	1.031
12.571	1.425e+00	-6.265	484	4.475	1.021
12.571	1.881e+00	-6.389	452	4.483	1.012
12.571	2.477e+00	-6.536	418	4.491	1.003
12.571	3.256e+00	-6.659	391	4.498	0.994
12.571	4.306e+00	-6.790	364	4.506	0.986
12.571	5.684e+00	-6.938	335	4.513	0.978
12.571	7.441e+00	-7.085	309	4.519	0.971
12.571	9.822e+00	-7.238	284	4.525	0.965
13.095	1.014e-04	-1.744	3170	3.238	4.330
13.095	1.333e-04	-1.840	3134	3.314	3.970
13.095	1.739e-04	-1.931	3099	3.385	3.656
13.095	2.264e-04	-2.020	3063	3.454	3.376
13.095	2.972e-04	-2.111	3028	3.525	3.113
13.095	3.906e-04	-2.201	2993	3.595	2.872
13.095	5.095e-04	-2.289	2958	3.662	2.658
13.095	6.726e-04	-2.381	2919	3.732	2.454
13.095	8.789e-04	-2.479	2864	3.797	2.276
13.095	1.156e-03	-2.579	2806	3.861	2.114
13.095	1.513e-03	-2.677	2748	3.922	1.970
13.095	1.978e-03	-2.780	2679	3.981	1.841
13.095	2.600e-03	-2.890	2598	4.038	1.725
13.095	3.417e-03	-3.005	2504	4.090	1.625
13.095	4.493e-03	-3.127	2399	4.137	1.539
13.095	5.905e-03	-3.272	2258	4.177	1.470
13.095	7.794e-03	-3.399	2142	4.211	1.413
13.095	1.020e-02	-3.526	2023	4.240	1.366
13.095	1.339e-02	-3.657	1903	4.265	1.328
13.095	1.760e-02	-3.806	1768	4.285	1.297
13.095	2.323e-02	-3.939	1653	4.302	1.273
13.095	3.042e-02	-4.048	1565	4.316	1.252
13.095	4.015e-02	-4.159	1479	4.329	1.233
13.095	5.289e-02	-4.271	1397	4.342	1.215
13.095	6.951e-02	-4.385	1318	4.355	1.197
13.095	9.139e-02	-4.506	1239	4.368	1.180
13.095	1.201e-01	-4.635	1159	4.381	1.161
13.095	1.585e-01	-4.778	1076	4.396	1.142
13.095	2.088e-01	-4.935	992	4.411	1.123
13.095	2.762e-01	-5.111	904	4.425	1.104
13.095	3.630e-01	-5.295	820	4.440	1.086
13.095	4.792e-01	-5.489	739	4.453	1.069
13.095	6.273e-01	-5.674	669	4.465	1.055
13.095	8.280e-01	-5.866	602	4.476	1.042
13.095	1.091e+00	-6.047	546	4.485	1.030
13.095	1.428e+00	-6.204	501	4.494	1.020
13.095	1.867e+00	-6.327	469	4.502	1.010
13.095	2.426e+00	-6.466	435	4.510	1.001
13.095	3.165e+00	-6.599	405	4.518	0.993
13.095	4.154e+00	-6.719	379	4.525	0.984
13.095	5.494e+00	-6.870	349	4.532	0.976
13.095	7.220e+00	-7.020	322	4.539	0.969
13.095	9.493e+00	-7.172	296	4.545	0.962
13.618	1.014e-04	-1.715	3192	3.238	4.419
13.618	1.332e-04	-1.811	3155	3.314	4.049
13.618	1.752e-04	-1.905	3119	3.388	3.717
13.618	2.302e-04	-1.998	3082	3.460	3.421
13.618	3.003e-04	-2.087	3047	3.529	3.159
13.618	3.942e-04	-2.177	3012	3.599	2.915
13.618	5.162e-04	-2.266	2976	3.667	2.694
13.618	6.757e-04	-2.355	2940	3.735	2.492
13.618	8.919e-04	-2.454	2888	3.803	2.304
13.618	1.175e-03	-2.555	2829	3.869	2.137
13.618	1.544e-03	-2.654	2770	3.931	1.989
13.618	2.030e-03	-2.757	2704	3.991	1.856
13.618	2.659e-03	-2.860	2630	4.047	1.741
13.618	3.480e-03	-2.972	2540	4.097	1.642
13.618	4.594e-03	-3.079	2452	4.144	1.557
13.618	6.004e-03	-3.206	2329	4.182	1.490
13.618	7.831e-03	-3.313	2229	4.212	1.439
13.618	1.034e-02	-3.415	2135	4.239	1.395
13.618	1.362e-02	-3.521	2036	4.262	1.359
13.618	1.790e-02	-3.622	1942	4.281	1.329
13.618	2.334e-02	-3.729	1844	4.298	1.304
13.618	3.081e-02	-3.843	1741	4.313	1.282
13.618	4.034e-02	-3.950	1649	4.326	1.262
13.618	5.334e-02	-4.066	1556	4.341	1.241
13.618	7.041e-02	-4.203	1452	4.357	1.218
13.618	9.218e-02	-4.351	1346	4.374	1.195
13.618	1.217e-01	-4.519	1234	4.392	1.170
13.618	1.603e-01	-4.696	1127	4.410	1.146
13.618	2.107e-01	-4.880	1024	4.428	1.122
13.618	2.770e-01	-5.077	924	4.445	1.100
13.618	3.640e-01	-5.281	829	4.461	1.080
13.618	4.778e-01	-5.478	746	4.475	1.063
13.618	6.279e-01	-5.668	673	4.487	1.049
13.618	8.190e-01	-5.851	610	4.497	1.036
13.618	1.081e+00	-6.029	553	4.507	1.025
13.618	1.415e+00	-6.180	510	4.515	1.015
13.618	1.872e+00	-6.307	476	4.523	1.006
13.618	2.475e+00	-6.450	440	4.532	0.996
13.618	3.267e+00	-6.588	408	4.539	0.987
13.618	4.304e+00	-6.708	383	4.547	0.979
13.618	5.657e+00	-6.854	353	4.554	0.971
13.618	7.467e+00	-7.004	325	4.560	0.964
13.618	9.775e+00	-7.152	300	4.566	0.957
14.142	1.023e-04	-1.690	3212	3.240	4.492
14.142	1.348e-04	-1.787	3174	3.317	4.110
14.142	1.765e-04	-1.881	3138	3.391	3.776
14.142	2.310e-04	-1.973	3101	3.462	3.477
14.142	3.032e-04	-2.064	3066	3.533	3.204
14.142	3.971e-04	-2.153	3031	3.603	2.958
14.142	5.189e-04	-2.242	2995	3.671	2.735
14.142	6.746e-04	-2.328	2960	3.737	2.535
14.142	8.799e-04	-2.419	2918	3.803	2.350
14.142	1.164e-03	-2.523	2857	3.870	2.175
14.142	1.530e-03	-2.622	2798	3.933	2.023
14.142	2.011e-03	-2.720	2738	3.993	1.887
14.142	2.623e-03	-2.819	2669	4.048	1.772
14.142	3.442e-03	-2.924	2587	4.098	1.672
14.142	4.524e-03	-3.022	2507	4.142	1.590
14.142	5.901e-03	-3.114	2428	4.177	1.526
14.142	7.745e-03	-3.211	2333	4.206	1.477
14.142	1.018e-02	-3.289	2260	4.229	1.439
14.142	1.328e-02	-3.360	2194	4.248	1.407
14.142	1.753e-02	-3.440	2119	4.268	1.376
14.142	2.309e-02	-3.538	2027	4.288	1.344
14.142	3.034e-02	-3.657	1915	4.310	1.311
14.142	4.013e-02	-3.825	1763	4.333	1.276
14.142	5.307e-02	-4.005	1610	4.355	1.243
14.142	7.005e-02	-4.200	1458	4.379	1.210
14.142	9.264e-02	-4.405	1313	4.402	1.179
14.142	1.213e-01	-4.600	1188	4.422	1.151
14.142	1.601e-01	-4.794	1074	4.442	1.126
14.142	2.096e-01	-4.982	974	4.459	1.103
14.142	2.772e-01	-5.178	878	4.476	1.083
14.142	3.644e-01	-5.364	795	4.489	1.066
14.142	4.772e-01	-5.539	724	4.501	1.051
14.142	6.236e-01	-5.711	660	4.511	1.039
14.142	8.199e-01	-5.883	601	4.521	1.028
14.142	1.078e+00	-6.040	552	4.529	1.018
14.142	1.417e+00	-6.184	510	4.537	1.009
14.142	1.862e+00	-6.299	479	4.545	1.000
14.142	2.463e+00	-6.434	445	4.552	0.991
14.142	3.251e+00	-6.569	414	4.560	0.983
14.142	4.282e+00	-6.686	388	4.567	0.975
14.142	5.663e+00	-6.828	359	4.574	0.967
14.142	7.443e+00	-6.974	332	4.580	0.960
14.142	9.769e+00	-7.121	306	4.586	0.953
14.666	1.032e-04	-1.665	3231	3.241	4.566
14.666	1.365e-04	-1.765	3193	3.321	4.168
14.666	1.780e-04	-1.858	3156	3.393	3.833
14.666	2.350e-04	-1.953	3119	3.468	3.518
14.666	3.076e-04	-2.044	3083	3.538	3.244
14.666	4.005e-04	-2.131	3049	3.606	2.999
14.666	5.206e-04	-2.218	3014	3.673	2.777
14.666	6.833e-04	-2.308	2977	3.742	2.566
14.666	8.981e-04	-2.398	2940	3.810	2.372
14.666	1.185e-03	-2.501	2879	3.877	2.196
14.666	1.552e-03	-2.599	2821	3.939	2.044
14.666	2.037e-03	-2.695	2763	3.999	1.909
14.666	2.677e-03	-2.792	2697	4.054	1.791
14.666	3.520e-03	-2.887	2626	4.103	1.694
14.666	4.626e-03	-2.974	2554	4.142	1.619
14.666	6.082e-03	-3.045	2497	4.173	1.562
14.666	7.965e-03	-3.108	2441	4.197	1.520
14.666	1.041e-02	-3.172	2380	4.217	1.486
14.666	1.358e-02	-3.236	2318	4.235	1.454
14.666	1.782e-02	-3.315	2245	4.258	1.416
14.666	2.342e-02	-3.435	2131	4.288	1.369
14.666	3.097e-02	-3.611	1965	4.323	1.314
14.666	4.096e-02	-3.857	1740	4.358	1.262
14.666	5.417e-02	-4.100	1539	4.389	1.219
14.666	7.122e-02	-4.329	1370	4.415	1.183
14.666	9.360e-02	-4.536	1232	4.437	1.153
14.666	1.221e-01	-4.720	1120	4.456	1.128
14.666	1.602e-01	-4.897	1022	4.473	1.106
14.666	2.098e-01	-5.068	934	4.488	1.087
14.666	2.747e-01	-5.240	852	4.502	1.070
14.666	3.606e-01	-5.405	780	4.513	1.056
14.666	4.722e-01	-5.567	716	4.524	1.043
14.666	6.181e-01	-5.727	656	4.533	1.032
14.666	8.048e-01	-5.882	603	4.542	1.022
14.666	1.062e+00	-6.032	556	4.550	1.012
14.666	1.391e+00	-6.168	516	4.557	1.004
14.666	1.811e+00	-6.276	487	4.564	0.996
14.666	2.390e+00	-6.402	455	4.572	0.987
14.666	3.149e+00	-6.535	423	4.579	0.979
14.666	4.138e+00	-6.651	397	4.585	0.972
14.666	5.473e+00	-6.783	370	4.592	0.964
14.666	7.238e+00	-6.931	341	4.599	0.957
14.666	9.441e+00	-7.071	315	4.605	0.950
15.190	1.020e-04	-1.636	3248	3.237	4.672
15.190	1.338e-04	-1.732	3215	3.315	4.270
15.190	1.759e-04	-1.828	3177	3.390	3.914
15.190	2.312e-04	-1.923	3140	3.464	3.595
15.190	3.028e-04	-2.014	3104	3.535	3.313
15.190	3.957e-04	-2.103	3069	3.605	3.058
15.190	5.161e-04	-2.191	3034	3.673	2.827
15.190	6.774e-04	-2.281	2997	3.742	2.612
15.190	8.903e-04	-2.370	2962	3.810	2.414
15.190	1.161e-03	-2.466	2909	3.875	2.241
15.190	1.533e-03	-2.567	2849	3.939	2.080
15.190	2.007e-03	-2.661	2792	3.998	1.944
15.190	2.634e-03	-2.751	2735	4.052	1.827
15.190	3.449e-03	-2.834	2676	4.098	1.734
15.190	4.507e-03	-2.907	2617	4.133	1.665
15.190	5.926e-03	-2.966	2569	4.159	1.616
15.190	7.760e-03	-3.012	2531	4.179	1.578
15.190	1.014e-02	-3.057	2494	4.199	1.543
15.190	1.323e-02	-3.122	2436	4.222	1.502
15.190	1.746e-02	-3.229	2334	4.255	1.447
15.190	2.300e-02	-3.392	2178	4.299	1.376
15.190	3.048e-02	-3.634	1950	4.348	1.300
15.190	4.031e-02	-3.940	1675	4.389	1.239
15.190	5.321e-02	-4.196	1471	4.420	1.196
15.190	6.966e-02	-4.411	1318	4.444	1.164
15.190	9.143e-02	-4.599	1196	4.464	1.137
15.190	1.197e-01	-4.767	1097	4.481	1.115
15.190	1.565e-01	-4.924	1011	4.496	1.096
15.190	2.041e-01	-5.080	931	4.510	1.079
15.190	2.699e-01	-5.246	853	4.523	1.063
15.190	3.549e-01	-5.401	784	4.534	1.049
15.190	4.647e-01	-5.554	722	4.544	1.037
15.190	6.083e-01	-5.708	665	4.553	1.027
15.190	7.921e-01	-5.859	612	4.561	1.017
15.190	1.046e+00	-6.007	565	4.569	1.008
15.190	1.366e+00	-6.140	525	4.576	1.000
15.190	1.782e+00	-6.250	495	4.583	0.992
15.190	2.357e+00	-6.370	464	4.590	0.983
15.190	3.111e+00	-6.506	431	4.597	0.976
15.190	4.098e+00	-6.623	404	4.604	0.968
15.190	5.386e+00	-6.745	378	4.611	0.960
15.190	7.123e+00	-6.893	349	4.617	0.953
15.190	9.366e+00	-7.035	323	4.623	0.947
15.713	1.000e-04	-1.611	3255	3.230	4.788
15.713	1.320e-04	-1.702	3236	3.311	4.364
15.713	1.739e-04	-1.800	3197	3.388	3.994
15.713	2.277e-04	-1.893	3160	3.461	3.670
15.713	2.981e-04	-1.985	3124	3.532	3.380
15.713	3.913e-04	-2.076	3088	3.603	3.115
15.713	5.143e-04	-2.166	3052	3.674	2.873
15.713	6.708e-04	-2.254	3016	3.741	2.659
15.713	8.804e-04	-2.343	2982	3.809	2.458
15.713	1.157e-03	-2.438	2934	3.876	2.275
15.713	1.509e-03	-2.534	2877	3.939	2.118
15.713	1.981e-03	-2.628	2820	3.998	1.979
15.713	2.604e-03	-2.711	2771	4.050	1.863
15.713	3.437e-03	-2.788	2717	4.093	1.773
15.713	4.499e-03	-2.845	2676	4.124	1.711
15.713	5.858e-03	-2.890	2639	4.145	1.670
15.713	7.733e-03	-2.932	2605	4.164	1.634
15.713	1.012e-02	-2.980	2565	4.185	1.594
15.713	1.336e-02	-3.054	2504	4.218	1.536
15.713	1.767e-02	-3.197	2373	4.267	1.452
15.713	2.328e-02	-3.433	2146	4.328	1.352
15.713	3.059e-02	-3.729	1867	4.382	1.271
15.713	4.046e-02	-4.025	1609	4.420	1.216
15.713	5.320e-02	-4.257	1430	4.447	1.179
15.713	6.991e-02	-4.451	1295	4.468	1.151
15.713	9.192e-02	-4.622	1186	4.486	1.127
15.713	1.208e-01	-4.778	1094	4.502	1.107
15.713	1.588e-01	-4.929	1011	4.517	1.088
15.713	2.088e-01	-5.083	933	4.530	1.072
15.713	2.745e-01	-5.238	858	4.542	1.057
15.713	3.607e-01	-5.389	792	4.553	1.044
15.713	4.743e-01	-5.541	730	4.563	1.032
15.713	6.234e-01	-5.695	672	4.572	1.021
15.713	8.131e-01	-5.845	619	4.580	1.012
15.713	1.067e+00	-5.990	572	4.588	1.003
15.713	1.403e+00	-6.126	531	4.595	0.995
15.713	1.851e+00	-6.241	499	4.602	0.987
15.713	2.439e+00	-6.360	468	4.609	0.979
15.713	3.205e+00	-6.492	435	4.616	0.971
15.713	4.181e+00	-6.606	409	4.623	0.964
15.713	5.487e+00	-6.725	384	4.629	0.956
15.713	7.186e+00	-6.867	355	4.636	0.949
15.713	9.466e+00	-7.009	328	4.642	0.943
16.237	1.045e-04	-1.605	3262	3.242	4.802
16.237	1.368e-04	-1.690	3250	3.320	4.387
16.237	1.791e-04	-1.786	3212	3.396	4.021
16.237	2.365e-04	-1.883	3173	3.472	3.685
16.237	3.096e-04	-1.974	3137	3.543	3.393
16.237	4.086e-04	-2.067	3100	3.616	3.121
16.237	5.349e-04	-2.157	3064	3.685	2.882
16.237	7.021e-04	-2.247	3028	3.754	2.662
16.237	9.227e-04	-2.335	2994	3.823	2.460
16.237	1.204e-03	-2.426	2950	3.888	2.282
16.237	1.580e-03	-2.523	2892	3.951	2.123
16.237	2.069e-03	-2.612	2838	4.007	1.989
16.237	2.703e-03	-2.686	2795	4.055	1.884
16.237	3.526e-03	-2.747	2755	4.090	1.808
16.237	4.654e-03	-2.792	2722	4.115	1.757
16.237	6.082e-03	-2.827	2698	4.134	1.720
16.237	7.934e-03	-2.865	2668	4.153	1.682
16.237	1.049e-02	-2.928	2616	4.181	1.628
16.237	1.379e-02	-3.030	2531	4.227	1.545
16.237	1.824e-02	-3.229	2352	4.298	1.424
16.237	2.418e-02	-3.535	2055	4.369	1.312
16.237	3.185e-02	-3.837	1774	4.416	1.242
16.237	4.186e-02	-4.083	1567	4.447	1.199
16.237	5.503e-02	-4.290	1410	4.471	1.167
16.237	7.233e-02	-4.469	1287	4.490	1.141
16.237	9.434e-02	-4.625	1187	4.506	1.120
16.237	1.245e-01	-4.778	1097	4.522	1.100
16.237	1.630e-01	-4.922	1018	4.536	1.082
16.237	2.140e-01	-5.071	941	4.549	1.066
16.237	2.812e-01	-5.224	868	4.560	1.052
16.237	3.712e-01	-5.376	800	4.571	1.039
16.237	4.859e-01	-5.523	739	4.581	1.027
16.237	6.414e-01	-5.678	680	4.590	1.017
16.237	8.397e-01	-5.830	626	4.599	1.007
16.237	1.108e+00	-5.979	577	4.606	0.998
16.237	1.451e+00	-6.114	536	4.613	0.990
16.237	1.915e+00	-6.230	503	4.621	0.982
16.237	2.503e+00	-6.344	473	4.627	0.974
16.237	3.304e+00	-6.479	440	4.634	0.966
16.237	4.352e+00	-6.597	412	4.641	0.959
16.237	5.720e+00	-6.716	387	4.648	0.952
16.237	7.521e+00	-6.861	357	4.654	0.945
16.237	9.884e+00	-7.000	331	4.660	0.938
16.761	1.022e-04	-1.581	3267	3.235	4.919
16.761	1.333e-04	-1.656	3271	3.312	4.501
16.761	1.759e-04	-1.756	3232	3.391	4.109
16.761	2.303e-04	-1.851	3194	3.465	3.773
16.761	3.040e-04	-1.946	3157	3.540	3.463
16.761	3.979e-04	-2.036	3121	3.610	3.192
16.761	5.253e-04	-2.129	3084	3.682	2.939
16.761	6.876e-04	-2.218	3048	3.751	2.716
16.761	9.025e-04	-2.306	3014	3.819	2.510
16.761	1.186e-03	-2.395	2976	3.886	2.323
16.761	1.547e-03	-2.490	2920	3.948	2.164
16.761	2.042e-03	-2.579	2866	4.005	2.027
16.761	2.673e-03	-2.648	2826	4.049	1.925
16.761	3.529e-03	-2.699	2796	4.082	1.855
16.761	4.620e-03	-2.735	2771	4.103	1.811
16.761	6.015e-03	-2.766	2749	4.120	1.775
16.761	7.820e-03	-2.805	2722	4.141	1.732
16.761	1.032e-02	-2.875	2668	4.177	1.663
16.761	1.365e-02	-3.013	2552	4.238	1.549
16.761	1.798e-02	-3.250	2341	4.325	1.402
16.761	2.363e-02	-3.551	2046	4.391	1.300
16.761	3.120e-02	-3.832	1784	4.434	1.236
16.761	4.084e-02	-4.061	1590	4.463	1.195
16.761	5.391e-02	-4.264	1434	4.487	1.164
16.761	7.057e-02	-4.436	1312	4.505	1.139
16.761	9.315e-02	-4.598	1208	4.522	1.117
16.761	1.217e-01	-4.743	1121	4.537	1.098
16.761	1.588e-01	-4.883	1042	4.551	1.081
16.761	2.096e-01	-5.030	964	4.564	1.064
16.761	2.744e-01	-5.180	891	4.576	1.050
16.761	3.601e-01	-5.329	823	4.587	1.037
16.761	4.733e-01	-5.477	760	4.597	1.025
16.761	6.223e-01	-5.629	700	4.606	1.014
16.761	8.179e-01	-5.783	644	4.615	1.004
16.761	1.075e+00	-5.933	593	4.623	0.995
16.761	1.413e+00	-6.071	550	4.630	0.987
16.761	1.858e+00	-6.193	515	4.637	0.979
16.761	2.442e+00	-6.307	484	4.644	0.971
16.761	3.224e+00	-6.440	450	4.651	0.963
16.761	4.246e+00	-6.562	421	4.658	0.956
16.761	5.581e+00	-6.677	396	4.664	0.949
16.761	7.338e+00	-6.819	366	4.671	0.942
16.761	9.644e+00	-6.956	340	4.677	0.935
17.285	1.044e-04	-1.570	3273	3.240	4.963
17.285	1.362e-04	-1.643	3280	3.317	4.542
17.285	1.801e-04	-1.742	3246	3.397	4.142
17.285	2.378e-04	-1.840	3207	3.474	3.791
17.285	3.107e-04	-1.931	3171	3.546	3.489
17.285	4.053e-04	-2.021	3136	3.616	3.219
17.285	5.278e-04	-2.109	3100	3.685	2.975
17.285	6.861e-04	-2.196	3065	3.752	2.754
17.285	9.005e-04	-2.284	3031	3.820	2.546
17.285	1.184e-03	-2.371	2996	3.887	2.356
17.285	1.544e-03	-2.463	2944	3.949	2.196
17.285	2.038e-03	-2.548	2892	4.004	2.061
17.285	2.668e-03	-2.611	2856	4.044	1.967
17.285	3.501e-03	-2.653	2831	4.072	1.906
17.285	4.585e-03	-2.683	2814	4.090	1.866
17.285	5.992e-03	-2.712	2796	4.108	1.827
17.285	7.815e-03	-2.757	2764	4.133	1.775
17.285	1.034e-02	-2.843	2701	4.179	1.684
17.285	1.367e-02	-3.023	2554	4.262	1.531
17.285	1.797e-02	-3.277	2324	4.352	1.380
17.285	2.377e-02	-3.567	2036	4.412	1.287
17.285	3.124e-02	-3.826	1794	4.452	1.230
17.285	4.107e-02	-4.049	1604	4.481	1.190
17.285	5.398e-02	-4.245	1452	4.503	1.160
17.285	7.040e-02	-4.412	1333	4.521	1.135
17.285	9.293e-02	-4.573	1227	4.538	1.114
17.285	1.214e-01	-4.716	1139	4.553	1.095
17.285	1.597e-01	-4.859	1058	4.567	1.077
17.285	2.091e-01	-5.000	983	4.580	1.061
17.285	2.737e-01	-5.148	909	4.592	1.047
17.285	3.613e-01	-5.301	838	4.603	1.033
17.285	4.730e-01	-5.444	776	4.613	1.021
17.285	6.244e-01	-5.598	714	4.623	1.010
17.285	8.174e-01	-5.750	657	4.631	1.000
17.285	1.079e+00	-5.904	604	4.639	0.991
17.285	1.412e+00	-6.041	561	4.646	0.983
17.285	1.868e+00	-6.170	523	4.654	0.975
17.285	2.466e+00	-6.287	491	4.661	0.967
17.285	3.248e+00	-6.417	457	4.668	0.960
17.285	4.269e+00	-6.540	428	4.674	0.952
17.285	5.635e+00	-6.656	402	4.681	0.945
17.285	7.376e+00	-6.792	373	4.687	0.938
17.285	9.755e+00	-6.934	345	4.694	0.931
17.809	1.034e-04	-1.551	3278	3.237	5.058
17.809	1.353e-04	-1.624	3286	3.314	4.625
17.809	1.787e-04	-1.716	3265	3.395	4.216
17.809	2.353e-04	-1.814	3225	3.472	3.860
17.809	3.082e-04	-1.907	3188	3.545	3.548
17.809	4.027e-04	-1.998	3153	3.616	3.270
17.809	5.253e-04	-2.087	3117	3.685	3.020
17.809	6.840e-04	-2.174	3081	3.752	2.794
17.809	9.029e-04	-2.264	3047	3.822	2.577
17.809	1.182e-03	-2.349	3013	3.888	2.389
17.809	1.551e-03	-2.438	2967	3.950	2.224
17.809	2.039e-03	-2.518	2919	4.002	2.096
17.809	2.681e-03	-2.575	2886	4.039	2.009
17.809	3.523e-03	-2.610	2865	4.062	1.956
17.809	4.596e-03	-2.636	2850	4.079	1.919
17.809	5.974e-03	-2.666	2832	4.098	1.877
17.809	7.841e-03	-2.717	2800	4.129	1.811
17.809	1.031e-02	-2.823	2724	4.187	1.693
17.809	1.344e-02	-3.023	2565	4.282	1.518
17.809	1.754e-02	-3.261	2348	4.367	1.377
17.809	2.311e-02	-3.536	2071	4.424	1.289
17.809	3.037e-02	-3.779	1843	4.464	1.231
17.809	4.017e-02	-4.010	1642	4.494	1.189
17.809	5.281e-02	-4.206	1486	4.517	1.159
17.809	6.941e-02	-4.379	1360	4.536	1.134
17.809	9.126e-02	-4.537	1254	4.553	1.112
17.809	1.195e-01	-4.682	1163	4.568	1.093
17.809	1.565e-01	-4.822	1082	4.582	1.075
17.809	2.053e-01	-4.962	1006	4.595	1.059
17.809	2.699e-01	-5.109	931	4.607	1.044
17.809	3.520e-01	-5.256	860	4.618	1.031
17.809	4.620e-01	-5.400	797	4.628	1.019
17.809	6.050e-01	-5.549	735	4.638	1.008
17.809	7.920e-01	-5.700	677	4.646	0.998
17.809	1.045e+00	-5.856	622	4.655	0.989
17.809	1.369e+00	-5.996	576	4.662	0.980
17.809	1.796e+00	-6.129	536	4.669	0.973
17.809	2.361e+00	-6.244	504	4.676	0.965
17.809	3.116e+00	-6.370	470	4.683	0.957
17.809	4.105e+00	-6.500	438	4.689	0.950
17.809	5.376e+00	-6.612	412	4.696	0.943
17.809	7.025e+00	-6.735	385	4.702	0.936
17.809	9.273e+00	-6.881	356	4.709	0.929
18.332	1.014e-04	-1.530	3282	3.231	5.167
18.332	1.328e-04	-1.603	3291	3.308	4.726
18.332	1.753e-04	-1.687	3284	3.389	4.307
18.332	2.318e-04	-1.788	3244	3.468	3.933
18.332	3.035e-04	-1.881	3207	3.541	3.614
18.332	3.983e-04	-1.974	3170	3.614	3.325
18.332	5.216e-04	-2.064	3134	3.684	3.066
18.332	6.817e-04	-2.153	3098	3.753	2.833
18.332	8.963e-04	-2.241	3064	3.822	2.616
18.332	1.178e-03	-2.327	3030	3.889	2.423
18.332	1.536e-03	-2.408	2993	3.948	2.262
18.332	2.017e-03	-2.485	2946	3.998	2.137
18.332	2.650e-03	-2.535	2917	4.031	2.057
18.332	3.485e-03	-2.567	2899	4.051	2.009
18.332	4.563e-03	-2.592	2884	4.068	1.971
18.332	6.011e-03	-2.627	2864	4.090	1.921
18.332	7.900e-03	-2.687	2827	4.129	1.838
18.332	1.030e-02	-2.820	2734	4.203	1.687
18.332	1.352e-02	-3.036	2566	4.309	1.494
18.332	1.771e-02	-3.268	2350	4.388	1.364
18.332	2.333e-02	-3.535	2079	4.442	1.282
18.332	3.066e-02	-3.765	1861	4.480	1.226
18.332	4.055e-02	-3.993	1660	4.510	1.185
18.332	5.332e-02	-4.187	1505	4.532	1.155
18.332	7.007e-02	-4.358	1378	4.551	1.130
18.332	9.140e-02	-4.512	1274	4.568	1.109
18.332	1.200e-01	-4.658	1181	4.583	1.090
18.332	1.577e-01	-4.799	1098	4.597	1.072
18.332	2.057e-01	-4.935	1023	4.610	1.056
18.332	2.715e-01	-5.082	947	4.622	1.041
18.332	3.554e-01	-5.231	874	4.634	1.028
18.332	4.691e-01	-5.377	809	4.644	1.015
18.332	6.141e-01	-5.526	746	4.654	1.004
18.332	8.106e-01	-5.682	686	4.663	0.994
18.332	1.061e+00	-5.834	631	4.671	0.985
18.332	1.401e+00	-5.980	583	4.678	0.976
18.332	1.845e+00	-6.116	541	4.685	0.968
18.332	2.425e+00	-6.232	508	4.692	0.961
18.332	3.201e+00	-6.357	475	4.699	0.953
18.332	4.216e+00	-6.488	442	4.706	0.946
18.332	5.542e+00	-6.601	416	4.712	0.939
18.332	7.315e+00	-6.729	388	4.719	0.931
18.332	9.636e+00	-6.873	358	4.725	0.925
18.856	1.014e-04	-1.515	3288	3.230	5.243
18.856	1.333e-04	-1.589	3296	3.309	4.791
18.856	1.739e-04	-1.663	3301	3.386	4.384
18.856	2.299e-04	-1.764	3261	3.465	4.000
18.856	2.999e-04	-1.857	3224	3.539	3.677
18.856	3.959e-04	-1.952	3187	3.613	3.375
18.856	5.174e-04	-2.042	3151	3.683	3.113
18.856	6.748e-04	-2.130	3115	3.752	2.877
18.856	8.908e-04	-2.220	3080	3.822	2.654
18.856	1.166e-03	-2.304	3047	3.887	2.462
18.856	1.518e-03	-2.380	3015	3.945	2.302
18.856	2.004e-03	-2.452	2974	3.993	2.178
18.856	2.624e-03	-2.497	2948	4.023	2.106
18.856	3.444e-03	-2.525	2932	4.041	2.062
18.856	4.526e-03	-2.551	2917	4.058	2.022
18.856	5.951e-03	-2.589	2894	4.083	1.965
18.856	7.792e-03	-2.659	2853	4.128	1.866
18.856	1.026e-02	-2.827	2736	4.224	1.671
18.856	1.349e-02	-3.035	2578	4.328	1.483
18.856	1.781e-02	-3.263	2362	4.404	1.357
18.856	2.346e-02	-3.524	2094	4.456	1.278
18.856	3.083e-02	-3.743	1887	4.495	1.223
18.856	4.021e-02	-3.960	1693	4.523	1.184
18.856	5.278e-02	-4.152	1536	4.546	1.153
18.856	6.861e-02	-4.319	1410	4.564	1.129
18.856	8.985e-02	-4.476	1301	4.581	1.107
18.856	1.176e-01	-4.621	1207	4.596	1.088
18.856	1.544e-01	-4.762	1122	4.610	1.070
18.856	2.022e-01	-4.898	1046	4.624	1.054
18.856	2.647e-01	-5.039	971	4.636	1.039
18.856	3.493e-01	-5.191	896	4.648	1.025
18.856	4.573e-01	-5.335	829	4.658	1.013
18.856	6.048e-01	-5.487	765	4.668	1.001
18.856	7.952e-01	-5.640	704	4.677	0.991
18.856	1.045e+00	-5.795	647	4.686	0.982
18.856	1.374e+00	-5.943	597	4.693	0.973
18.856	1.806e+00	-6.083	553	4.700	0.965
18.856	2.384e+00	-6.201	518	4.707	0.958
18.856	3.121e+00	-6.320	486	4.714	0.950
18.856	4.127e+00	-6.453	452	4.721	0.943
18.856	5.426e+00	-6.570	424	4.727	0.936
18.856	7.106e+00	-6.685	398	4.734	0.929
18.856	9.302e+00	-6.831	368	4.740	0.922
19.380	1.026e-04	-1.503	3293	3.233	5.297
19.380	1.354e-04	-1.578	3302	3.313	4.835
19.380	1.769e-04	-1.651	3309	3.390	4.422
19.380	2.308e-04	-1.745	3276	3.466	4.051
19.380	3.047e-04	-1.842	3238	3.543	3.708
19.380	3.981e-04	-1.934	3202	3.615	3.412
19.380	5.193e-04	-2.024	3166	3.685	3.148
19.380	6.762e-04	-2.112	3130	3.753	2.911
19.380	8.926e-04	-2.201	3095	3.823	2.685
19.380	1.168e-03	-2.284	3062	3.888	2.492
19.380	1.521e-03	-2.358	3033	3.945	2.335
19.380	2.008e-03	-2.421	3000	3.989	2.218
19.380	2.629e-03	-2.460	2977	4.015	2.153
19.380	3.451e-03	-2.486	2962	4.032	2.112
19.380	4.535e-03	-2.513	2947	4.050	2.069
19.380	5.963e-03	-2.556	2921	4.078	2.002
19.380	7.808e-03	-2.644	2869	4.135	1.877
19.380	1.029e-02	-2.840	2733	4.247	1.650
19.380	1.352e-02	-3.030	2591	4.344	1.474
19.380	1.784e-02	-3.250	2383	4.418	1.354
19.380	2.350e-02	-3.507	2117	4.470	1.276
19.380	3.089e-02	-3.718	1917	4.508	1.221
19.380	4.078e-02	-3.943	1713	4.537	1.180
19.380	5.338e-02	-4.131	1557	4.560	1.150
19.380	7.006e-02	-4.304	1425	4.579	1.125
19.380	9.175e-02	-4.461	1315	4.596	1.103
19.380	1.199e-01	-4.605	1220	4.611	1.084
19.380	1.564e-01	-4.743	1137	4.625	1.067
19.380	2.053e-01	-4.879	1059	4.639	1.051
19.380	2.698e-01	-5.021	983	4.651	1.036
19.380	3.547e-01	-5.170	909	4.663	1.022
19.380	4.662e-01	-5.317	840	4.674	1.009
19.380	6.153e-01	-5.467	775	4.684	0.998
19.380	8.106e-01	-5.621	713	4.693	0.987
19.380	1.065e+00	-5.776	655	4.701	0.978
19.380	1.401e+00	-5.925	604	4.709	0.969
19.380	1.841e+00	-6.067	559	4.716	0.961
19.380	2.401e+00	-6.182	525	4.722	0.954
19.380	3.170e+00	-6.303	492	4.729	0.946
19.380	4.149e+00	-6.431	458	4.736	0.939
19.380	5.477e+00	-6.551	429	4.742	0.932
19.380	7.170e+00	-6.666	403	4.749	0.925
19.380	9.464e+00	-6.815	372	4.755	0.919
19.904	1.001e-04	-1.482	3297	3.226	5.413
19.904	1.313e-04	-1.555	3306	3.303	4.952
19.904	1.720e-04	-1.628	3314	3.381	4.529
19.904	2.248e-04	-1.715	3296	3.459	4.142
19.904	2.955e-04	-1.812	3257	3.535	3.793
19.904	3.870e-04	-1.905	3221	3.608	3.486
19.904	5.066e-04	-1.997	3184	3.680	3.211
19.904	6.649e-04	-2.087	3147	3.750	2.961
19.904	8.739e-04	-2.175	3113	3.819	2.734
19.904	1.140e-03	-2.257	3081	3.883	2.541
19.904	1.496e-03	-2.331	3051	3.940	2.379
19.904	1.966e-03	-2.386	3027	3.982	2.268
19.904	2.585e-03	-2.422	3007	4.006	2.205
19.904	3.398e-03	-2.447	2993	4.023	2.164
19.904	4.467e-03	-2.475	2977	4.042	2.117
19.904	5.871e-03	-2.524	2948	4.074	2.040
19.904	7.750e-03	-2.633	2884	4.144	1.882
19.904	1.015e-02	-2.833	2748	4.261	1.645
19.904	1.332e-02	-3.013	2615	4.354	1.477
19.904	1.750e-02	-3.219	2421	4.427	1.359
19.904	2.310e-02	-3.476	2153	4.479	1.279
19.904	3.055e-02	-3.684	1953	4.519	1.222
19.904	4.024e-02	-3.906	1749	4.549	1.180
19.904	5.289e-02	-4.096	1590	4.572	1.149
19.904	6.899e-02	-4.268	1456	4.592	1.124
19.904	9.055e-02	-4.427	1342	4.609	1.102
19.904	1.186e-01	-4.574	1244	4.624	1.082
19.904	1.550e-01	-4.713	1158	4.638	1.065
19.904	2.037e-01	-4.850	1078	4.652	1.048
19.904	2.678e-01	-4.990	1002	4.665	1.033
19.904	3.493e-01	-5.132	929	4.676	1.019
19.904	4.610e-01	-5.284	857	4.687	1.007
19.904	6.073e-01	-5.430	792	4.697	0.995
19.904	7.982e-01	-5.583	730	4.707	0.984
19.904	1.054e+00	-5.741	670	4.715	0.975
19.904	1.379e+00	-5.890	617	4.723	0.966
19.904	1.821e+00	-6.038	569	4.730	0.958
19.904	2.379e+00	-6.156	534	4.737	0.951
19.904	3.128e+00	-6.274	501	4.744	0.943
19.904	4.111e+00	-6.403	467	4.750	0.936
19.904	5.405e+00	-6.524	437	4.757	0.929
19.904	7.104e+00	-6.641	410	4.763	0.922
19.904	9.340e+00	-6.784	379	4.770	0.916
20.428	1.040e-04	-1.479	3303	3.237	5.416
20.428	1.373e-04	-1.553	3312	3.316	4.947
20.428	1.794e-04	-1.625	3320	3.393	4.527
20.428	2.359e-04	-1.713	3304	3.472	4.132
20.428	3.100e-04	-1.810	3266	3.549	3.783
20.428	4.069e-04	-1.904	3229	3.623	3.475
20.428	5.328e-04	-1.995	3192	3.694	3.200
20.428	6.963e-04	-2.084	3156	3.763	2.955
20.428	9.082e-04	-2.169	3123	3.830	2.737
20.428	1.183e-03	-2.248	3092	3.892	2.549
20.428	1.561e-03	-2.318	3064	3.945	2.396
20.428	2.044e-03	-2.363	3045	3.980	2.301
20.428	2.682e-03	-2.391	3032	4.001	2.248
20.428	3.512e-03	-2.414	3020	4.017	2.207
20.428	4.590e-03	-2.446	3002	4.038	2.153
20.428	6.035e-03	-2.507	2966	4.078	2.056
20.428	7.931e-03	-2.651	2880	4.171	1.847
20.428	1.035e-02	-2.841	2755	4.284	1.623
20.428	1.366e-02	-3.018	2621	4.374	1.462
20.428	1.799e-02	-3.222	2427	4.445	1.349
20.428	2.364e-02	-3.472	2162	4.494	1.273
20.428	3.084e-02	-3.665	1978	4.532	1.220
20.428	4.071e-02	-3.886	1772	4.562	1.178
20.428	5.362e-02	-4.076	1610	4.586	1.146
20.428	7.047e-02	-4.253	1471	4.606	1.120
20.428	9.192e-02	-4.409	1358	4.623	1.098
20.428	1.213e-01	-4.561	1255	4.639	1.078
20.428	1.586e-01	-4.699	1169	4.653	1.061
20.428	2.085e-01	-4.836	1089	4.667	1.044
20.428	2.740e-01	-4.975	1013	4.679	1.029
20.428	3.574e-01	-5.116	940	4.691	1.016
20.428	4.717e-01	-5.269	866	4.702	1.003
20.428	6.176e-01	-5.411	803	4.712	0.991
20.428	8.105e-01	-5.562	740	4.721	0.981
20.428	1.065e+00	-5.718	680	4.730	0.971
20.428	1.401e+00	-5.872	625	4.738	0.962
20.428	1.841e+00	-6.019	577	4.745	0.954
20.428	2.420e+00	-6.141	539	4.752	0.947
20.428	3.181e+00	-6.260	506	4.758	0.940
20.428	4.149e+00	-6.384	473	4.765	0.933
20.428	5.477e+00	-6.508	442	4.771	0.926
20.428	7.214e+00	-6.626	414	4.778	0.919
20.428	9.482e+00	-6.766	384	4.784	0.912
20.951	1.022e-04	-1.460	3307	3.232	5.518
20.951	1.333e-04	-1.531	3315	3.307	5.061
20.951	1.749e-04	-1.605	3324	3.385	4.626
20.951	2.299e-04	-1.684	3323	3.464	4.223
20.951	2.999e-04	-1.779	3285	3.539	3.872
20.951	3.958e-04	-1.876	3247	3.616	3.547
20.951	5.173e-04	-1.967	3210	3.687	3.267
20.951	6.724e-04	-2.055	3175	3.755	3.020
20.951	8.742e-04	-2.139	3142	3.821	2.799
20.951	1.140e-03	-2.218	3111	3.883	2.606
20.951	1.485e-03	-2.284	3085	3.935	2.457
20.951	1.960e-03	-2.331	3066	3.970	2.358
20.951	2.565e-03	-2.356	3055	3.990	2.305
20.951	3.340e-03	-2.377	3046	4.006	2.264
20.951	4.409e-03	-2.408	3031	4.029	2.205
20.951	5.808e-03	-2.473	2993	4.072	2.098
20.951	7.634e-03	-2.628	2901	4.173	1.868
20.951	1.004e-02	-2.816	2782	4.287	1.637
20.951	1.319e-02	-2.985	2656	4.376	1.478
20.951	1.721e-02	-3.171	2484	4.445	1.365
20.951	2.248e-02	-3.416	2224	4.498	1.284
20.951	2.960e-02	-3.606	2039	4.538	1.226
20.951	3.875e-02	-3.823	1834	4.570	1.183
20.951	5.115e-02	-4.018	1662	4.595	1.149
20.951	6.738e-02	-4.199	1517	4.616	1.122
20.951	8.855e-02	-4.361	1395	4.633	1.099
20.951	1.155e-01	-4.509	1293	4.649	1.079
20.951	1.525e-01	-4.654	1199	4.664	1.061
20.951	1.996e-01	-4.790	1118	4.678	1.044
20.951	2.640e-01	-4.930	1040	4.691	1.029
20.951	3.470e-01	-5.073	964	4.703	1.014
20.951	4.561e-01	-5.226	888	4.714	1.001
20.951	5.997e-01	-5.367	824	4.725	0.989
20.951	7.882e-01	-5.519	759	4.734	0.979
20.951	1.034e+00	-5.672	699	4.743	0.969
20.951	1.360e+00	-5.829	641	4.751	0.960
20.951	1.788e+00	-5.977	592	4.758	0.952
20.951	2.349e+00	-6.107	551	4.765	0.944
20.951	3.089e+00	-6.226	516	4.772	0.937
20.951	4.060e+00	-6.351	482	4.778	0.930
20.951	5.359e+00	-6.479	450	4.785	0.923
20.951	7.059e+00	-6.596	422	4.791	0.916
20.951	9.278e+00	-6.729	392	4.798	0.910
23.046	1.016e-04	-1.408	3325	3.230	5.796
23.046	1.335e-04	-1.480	3333	3.306	5.310
23.046	1.755e-04	-1.553	3341	3.384	4.857
23.046	2.298e-04	-1.626	3350	3.462	4.442
23.046	3.009e-04	-1.709	3341	3.540	4.060
23.046	3.949e-04	-1.805	3303	3.616	3.718
23.046	5.190e-04	-1.900	3265	3.690	3.413
23.046	6.770e-04	-1.989	3229	3.760	3.150
23.046	8.936e-04	-2.075	3196	3.829	2.911
23.046	1.170e-03	-2.148	3167	3.886	2.726
23.046	1.535e-03	-2.199	3147	3.925	2.604
23.046	2.018e-03	-2.227	3135	3.947	2.539
23.046	2.632e-03	-2.246	3128	3.962	2.496
23.046	3.455e-03	-2.272	3117	3.982	2.439
23.046	4.541e-03	-2.320	3099	4.020	2.336
23.046	5.970e-03	-2.450	3037	4.115	2.094
23.046	7.510e-03	-2.614	2938	4.222	1.851
23.046	9.913e-03	-2.766	2858	4.325	1.644
23.046	1.306e-02	-2.921	2745	4.410	1.490
23.046	1.716e-02	-3.086	2600	4.481	1.374
23.046	2.265e-02	-3.323	2345	4.538	1.286
23.046	2.966e-02	-3.511	2153	4.579	1.227
23.046	3.915e-02	-3.706	1964	4.614	1.179
23.046	5.157e-02	-3.913	1771	4.641	1.143
23.046	6.778e-02	-4.090	1620	4.663	1.114
23.046	8.911e-02	-4.261	1484	4.682	1.090
23.046	1.171e-01	-4.418	1369	4.698	1.069
23.046	1.528e-01	-4.560	1272	4.713	1.051
23.046	2.016e-01	-4.701	1182	4.728	1.034
23.046	2.640e-01	-4.833	1105	4.741	1.018
23.046	3.465e-01	-4.970	1028	4.753	1.004
23.046	4.553e-01	-5.117	951	4.765	0.990
23.046	6.011e-01	-5.266	879	4.776	0.978
23.046	7.918e-01	-5.415	811	4.786	0.967
23.046	1.041e+00	-5.569	746	4.795	0.956
23.046	1.368e+00	-5.727	685	4.804	0.947
23.046	1.798e+00	-5.879	630	4.811	0.939
23.046	2.364e+00	-6.022	583	4.818	0.931
23.046	3.107e+00	-6.149	544	4.825	0.924
23.046	4.085e+00	-6.271	509	4.832	0.917
23.046	5.369e+00	-6.397	475	4.838	0.911
23.046	7.087e+00	-6.519	444	4.845	0.904
23.046	9.336e+00	-6.643	415	4.851	0.897
25.142	1.004e-04	-1.357	3347	3.228	6.067
25.142	1.320e-04	-1.431	3349	3.304	5.565
25.142	1.735e-04	-1.503	3357	3.380	5.098
25.142	2.262e-04	-1.574	3366	3.455	4.673
25.142	2.969e-04	-1.647	3376	3.533	4.271
25.142	3.903e-04	-1.736	3357	3.613	3.899
25.142	5.152e-04	-1.833	3318	3.690	3.568
25.142	6.732e-04	-1.923	3281	3.760	3.289
25.142	8.851e-04	-2.006	3250	3.826	3.050
25.142	1.163e-03	-2.070	3225	3.877	2.877
25.142	1.529e-03	-2.108	3210	3.906	2.780
25.142	2.003e-03	-2.129	3201	3.923	2.728
25.142	2.622e-03	-2.149	3193	3.939	2.677
25.142	3.461e-03	-2.185	3179	3.967	2.593
25.142	4.531e-03	-2.264	3148	4.029	2.414
25.142	5.981e-03	-2.446	3068	4.166	2.062
25.142	7.829e-03	-2.605	2979	4.274	1.821
25.142	1.033e-02	-2.735	2919	4.369	1.633
25.142	1.361e-02	-2.879	2816	4.450	1.487
25.142	1.789e-02	-3.035	2679	4.520	1.372
25.142	2.334e-02	-3.225	2478	4.575	1.288
25.142	3.063e-02	-3.441	2244	4.618	1.225
25.142	4.026e-02	-3.609	2080	4.654	1.175
25.142	5.314e-02	-3.822	1871	4.684	1.136
25.142	6.956e-02	-4.001	1711	4.707	1.106
25.142	9.130e-02	-4.174	1566	4.727	1.081
25.142	1.196e-01	-4.333	1444	4.744	1.060
25.142	1.565e-01	-4.483	1337	4.760	1.041
25.142	2.066e-01	-4.627	1241	4.774	1.024
25.142	2.705e-01	-4.760	1158	4.788	1.008
25.142	3.522e-01	-4.890	1082	4.800	0.994
25.142	4.649e-01	-5.031	1005	4.812	0.980
25.142	6.085e-01	-5.179	929	4.824	0.967
25.142	8.033e-01	-5.323	860	4.834	0.955
25.142	1.052e+00	-5.475	793	4.844	0.945
25.142	1.380e+00	-5.630	728	4.852	0.935
25.142	1.814e+00	-5.788	668	4.860	0.927
25.142	2.385e+00	-5.939	615	4.868	0.919
25.142	3.123e+00	-6.071	572	4.874	0.912
25.142	4.081e+00	-6.196	535	4.881	0.906
25.142	5.324e+00	-6.315	501	4.887	0.899
25.142	6.987e+00	-6.438	468	4.893	0.893
25.142	9.183e+00	-6.562	438	4.899	0.886
27.237	1.036e-04	-1.321	3369	3.239	6.241
27.237	1.349e-04	-1.393	3368	3.310	5.747
27.237	1.770e-04	-1.466	3373	3.385	5.272
27.237	2.318e-04	-1.537	3381	3.461	4.831
27.237	3.035e-04	-1.609	3392	3.538	4.422
27.237	4.006e-04	-1.685	3400	3.618	4.032
27.237	5.235e-04	-1.779	3365	3.694	3.695
27.237	6.828e-04	-1.867	3329	3.764	3.409
27.237	8.962e-04	-1.944	3299	3.825	3.177
27.237	1.178e-03	-1.996	3279	3.867	3.029
27.237	1.549e-03	-2.023	3269	3.888	2.955
27.237	2.028e-03	-2.042	3261	3.903	2.906
27.237	2.671e-03	-2.068	3250	3.924	2.836
27.237	3.511e-03	-2.122	3229	3.965	2.703
27.237	4.597e-03	-2.261	3177	4.077	2.377
27.237	5.978e-03	-2.422	3109	4.200	2.064
27.237	7.906e-03	-2.565	3040	4.304	1.831
27.237	1.040e-02	-2.684	2991	4.394	1.650
27.237	1.361e-02	-2.813	2905	4.474	1.506
27.237	1.782e-02	-2.966	2769	4.543	1.391
27.237	2.339e-02	-3.147	2580	4.601	1.300
27.237	3.074e-02	-3.349	2361	4.649	1.231
27.237	4.010e-02	-3.507	2201	4.686	1.180
27.237	5.293e-02	-3.705	2002	4.719	1.135
27.237	6.972e-02	-3.904	1813	4.745	1.102
27.237	9.163e-02	-4.075	1663	4.766	1.075
27.237	1.205e-01	-4.245	1524	4.785	1.052
27.237	1.583e-01	-4.403	1405	4.801	1.033
27.237	2.090e-01	-4.551	1302	4.816	1.015
27.237	2.736e-01	-4.686	1213	4.830	0.999
27.237	3.612e-01	-4.820	1132	4.844	0.984
27.237	4.728e-01	-4.953	1056	4.856	0.970
27.237	6.241e-01	-5.100	977	4.868	0.957
27.237	8.170e-01	-5.240	907	4.878	0.945
27.237	1.078e+00	-5.395	835	4.889	0.934
27.237	1.412e+00	-5.549	768	4.898	0.924
27.237	1.864e+00	-5.711	703	4.906	0.915
27.237	2.440e+00	-5.864	647	4.914	0.907
27.237	3.220e+00	-6.009	597	4.921	0.900
27.237	4.215e+00	-6.142	555	4.927	0.894
27.237	5.564e+00	-6.264	519	4.934	0.887
27.237	7.330e+00	-6.389	485	4.940	0.880
27.237	9.599e+00	-6.512	453	4.946	0.874
29.332	1.020e-04	-1.276	3390	3.237	6.491
29.332	1.347e-04	-1.351	3389	3.312	5.956
29.332	1.760e-04	-1.425	3388	3.384	5.476
29.332	2.314e-04	-1.497	3396	3.460	5.019
29.332	3.041e-04	-1.569	3406	3.537	4.592
29.332	3.999e-04	-1.641	3417	3.616	4.196
29.332	5.236e-04	-1.722	3411	3.693	3.840
29.332	6.855e-04	-1.811	3375	3.763	3.540
29.332	9.048e-04	-1.882	3348	3.821	3.314
29.332	1.185e-03	-1.922	3332	3.853	3.193
29.332	1.564e-03	-1.944	3323	3.870	3.130
29.332	2.043e-03	-1.964	3316	3.886	3.073
29.332	2.697e-03	-1.999	3302	3.914	2.976
29.332	3.531e-03	-2.082	3268	3.980	2.760
29.332	4.613e-03	-2.251	3207	4.115	2.361
29.332	6.024e-03	-2.395	3150	4.228	2.074
29.332	7.918e-03	-2.520	3100	4.326	1.853
29.332	1.041e-02	-2.632	3058	4.414	1.674
29.332	1.363e-02	-2.752	2988	4.494	1.527
29.332	1.796e-02	-2.912	2840	4.565	1.407
29.332	2.360e-02	-3.075	2678	4.625	1.312
29.332	3.078e-02	-3.246	2495	4.674	1.241
29.332	4.063e-02	-3.436	2291	4.716	1.183
29.332	5.319e-02	-3.592	2136	4.750	1.136
29.332	7.022e-02	-3.807	1920	4.779	1.099
29.332	9.192e-02	-3.980	1760	4.802	1.070
29.332	1.213e-01	-4.157	1609	4.823	1.046
29.332	1.588e-01	-4.320	1479	4.840	1.026
29.332	2.085e-01	-4.471	1368	4.855	1.008
29.332	2.740e-01	-4.612	1272	4.869	0.991
29.332	3.602e-01	-4.744	1188	4.883	0.976
29.332	4.717e-01	-4.875	1110	4.895	0.962
29.332	6.165e-01	-5.009	1034	4.907	0.949
29.332	8.105e-01	-5.152	959	4.919	0.936
29.332	1.065e+00	-5.300	886	4.929	0.925
29.332	1.401e+00	-5.456	814	4.939	0.915
29.332	1.841e+00	-5.615	747	4.948	0.905
29.332	2.401e+00	-5.772	685	4.955	0.897
29.332	3.169e+00	-5.924	631	4.963	0.890
29.332	4.149e+00	-6.065	584	4.969	0.883
29.332	5.477e+00	-6.193	544	4.976	0.877
29.332	7.170e+00	-6.312	510	4.982	0.871
29.332	9.464e+00	-6.438	476	4.988	0.864
31.427	1.009e-04	-1.236	3410	3.237	6.721
31.427	1.332e-04	-1.310	3409	3.310	6.175
31.427	1.741e-04	-1.383	3407	3.382	5.682
31.427	2.271e-04	-1.455	3408	3.455	5.225
31.427	2.957e-04	-1.524	3418	3.529	4.801
31.427	3.881e-04	-1.595	3429	3.606	4.394
31.427	5.082e-04	-1.666	3440	3.682	4.025
31.427	6.641e-04	-1.745	3423	3.753	3.710
31.427	8.731e-04	-1.813	3398	3.807	3.485
31.427	1.148e-03	-1.849	3384	3.836	3.370
31.427	1.497e-03	-1.868	3376	3.852	3.311
31.427	1.976e-03	-1.891	3367	3.870	3.242
31.427	2.603e-03	-1.933	3351	3.903	3.120
31.427	3.421e-03	-2.049	3305	3.995	2.807
31.427	4.252e-03	-2.185	3256	4.106	2.471
31.427	5.612e-03	-2.330	3202	4.221	2.164
31.427	7.347e-03	-2.444	3169	4.318	1.936
31.427	9.698e-03	-2.557	3130	4.409	1.744
31.427	1.267e-02	-2.665	3080	4.489	1.588
31.427	1.666e-02	-2.812	2955	4.564	1.458
31.427	2.190e-02	-2.961	2813	4.628	1.355
31.427	2.879e-02	-3.128	2639	4.683	1.271
31.427	3.784e-02	-3.302	2452	4.730	1.205
31.427	5.005e-02	-3.471	2276	4.769	1.151
31.427	6.580e-02	-3.653	2089	4.803	1.108
31.427	8.648e-02	-3.851	1893	4.829	1.074
31.427	1.142e-01	-4.025	1735	4.852	1.047
31.427	1.494e-01	-4.195	1590	4.871	1.024
31.427	1.976e-01	-4.364	1457	4.888	1.004
31.427	2.598e-01	-4.511	1350	4.903	0.987
31.427	3.415e-01	-4.649	1257	4.917	0.971
31.427	4.454e-01	-4.776	1178	4.930	0.957
31.427	5.880e-01	-4.910	1098	4.942	0.943
31.427	7.697e-01	-5.047	1022	4.954	0.930
31.427	1.016e+00	-5.192	946	4.966	0.918
31.427	1.330e+00	-5.342	873	4.976	0.907
31.427	1.756e+00	-5.503	800	4.985	0.898
31.427	2.298e+00	-5.662	733	4.994	0.889
31.427	3.017e+00	-5.821	672	5.001	0.881
31.427	3.965e+00	-5.970	620	5.008	0.874
31.427	5.213e+00	-6.111	573	5.015	0.868
31.427	6.826e+00	-6.228	538	5.021	0.862
31.427	8.936e+00	-6.349	503	5.027	0.856
34.570	1.018e-04	-1.188	3438	3.244	6.987
34.570	1.328e-04	-1.258	3436	3.313	6.456
34.570	1.744e-04	-1.331	3434	3.385	5.941
34.570	2.292e-04	-1.405	3432	3.459	5.457
34.570	2.989e-04	-1.476	3437	3.532	5.018
34.570	3.923e-04	-1.546	3448	3.607	4.600
34.570	5.137e-04	-1.614	3459	3.681	4.224
34.570	6.714e-04	-1.676	3469	3.747	3.914
34.570	8.757e-04	-1.723	3465	3.793	3.715
34.570	1.156e-03	-1.751	3454	3.816	3.619
34.570	1.511e-03	-1.770	3447	3.831	3.556
34.570	1.994e-03	-1.800	3435	3.855	3.458
34.570	2.610e-03	-1.866	3410	3.908	3.255
34.570	3.378e-03	-2.024	3349	4.035	2.812
34.570	4.309e-03	-2.159	3301	4.144	2.479
34.570	5.620e-03	-2.286	3253	4.246	2.205
34.570	7.377e-03	-2.381	3252	4.341	1.977
34.570	9.695e-03	-2.489	3215	4.429	1.785
34.570	1.275e-02	-2.598	3167	4.512	1.623
34.570	1.675e-02	-2.736	3054	4.586	1.490
34.570	2.185e-02	-2.877	2921	4.650	1.384
34.570	2.884e-02	-3.021	2782	4.709	1.294
34.570	3.800e-02	-3.188	2601	4.760	1.220
34.570	4.994e-02	-3.354	2424	4.803	1.162
34.570	6.566e-02	-3.512	2259	4.839	1.114
34.570	8.629e-02	-3.706	2057	4.871	1.074
34.570	1.139e-01	-3.893	1875	4.896	1.043
34.570	1.489e-01	-4.062	1723	4.917	1.018
34.570	1.942e-01	-4.234	1576	4.935	0.997
34.570	2.563e-01	-4.396	1449	4.952	0.978
34.570	3.376e-01	-4.542	1344	4.967	0.962
34.570	4.421e-01	-4.674	1255	4.980	0.947
34.570	5.787e-01	-4.802	1175	4.993	0.933
34.570	7.596e-01	-4.933	1098	5.005	0.920
34.570	9.983e-01	-5.072	1020	5.017	0.907
34.570	1.302e+00	-5.216	945	5.028	0.896
34.570	1.719e+00	-5.375	867	5.038	0.885
34.570	2.246e+00	-5.532	796	5.047	0.876
34.570	2.953e+00	-5.698	727	5.056	0.868
34.570	3.881e+00	-5.852	668	5.063	0.861
34.570	5.103e+00	-6.002	615	5.070	0.854
34.570	6.683e+00	-6.132	573	5.076	0.848
34.570	8.733e+00	-6.252	537	5.082	0.842
36.665	1.011e-04	-1.154	3459	3.246	7.179
36.665	1.334e-04	-1.227	3453	3.317	6.619
36.665	1.747e-04	-1.299	3451	3.387	6.102
36.665	2.292e-04	-1.372	3450	3.460	5.611
36.665	3.013e-04	-1.446	3450	3.534	5.152
36.665	3.930e-04	-1.514	3460	3.607	4.739
36.665	5.187e-04	-1.583	3471	3.681	4.350
36.665	6.833e-04	-1.642	3480	3.745	4.044
36.665	8.981e-04	-1.676	3488	3.783	3.869
36.665	1.181e-03	-1.694	3491	3.803	3.783
36.665	1.546e-03	-1.712	3490	3.820	3.707
36.665	2.021e-03	-1.749	3476	3.850	3.583
36.665	2.657e-03	-1.849	3436	3.930	3.265
36.665	3.444e-03	-2.016	3375	4.065	2.796
36.665	4.445e-03	-2.148	3327	4.173	2.471
36.665	5.844e-03	-2.265	3293	4.272	2.203
36.665	7.681e-03	-2.356	3298	4.365	1.979
36.665	1.016e-02	-2.464	3264	4.455	1.784
36.665	1.325e-02	-2.577	3201	4.535	1.628
36.665	1.749e-02	-2.711	3094	4.609	1.495
36.665	2.304e-02	-2.851	2964	4.675	1.385
36.665	3.028e-02	-2.988	2833	4.733	1.296
36.665	3.997e-02	-3.148	2663	4.786	1.220
36.665	5.232e-02	-3.306	2492	4.829	1.160
36.665	6.906e-02	-3.476	2310	4.868	1.110
36.665	9.098e-02	-3.651	2130	4.901	1.069
36.665	1.196e-01	-3.840	1939	4.927	1.036
36.665	1.578e-01	-4.016	1776	4.950	1.009
36.665	2.063e-01	-4.190	1624	4.969	0.988
36.665	2.712e-01	-4.358	1489	4.986	0.969
36.665	3.564e-01	-4.505	1379	5.001	0.952
36.665	4.705e-01	-4.644	1284	5.015	0.937
36.665	6.159e-01	-4.771	1202	5.028	0.923
36.665	8.083e-01	-4.900	1124	5.040	0.910
36.665	1.062e+00	-5.039	1045	5.052	0.897
36.665	1.386e+00	-5.180	970	5.063	0.886
36.665	1.829e+00	-5.338	891	5.074	0.875
36.665	2.394e+00	-5.497	817	5.083	0.866
36.665	3.161e+00	-5.665	745	5.092	0.858
36.665	4.164e+00	-5.823	684	5.099	0.850
36.665	5.472e+00	-5.975	629	5.106	0.844
36.665	7.195e+00	-6.110	584	5.112	0.838
36.665	9.456e+00	-6.234	546	5.118	0.832
39.807	1.020e-04	-1.111	3489	3.255	7.406
39.807	1.339e-04	-1.184	3479	3.323	6.849
39.807	1.759e-04	-1.256	3475	3.393	6.319
39.807	2.313e-04	-1.329	3474	3.465	5.816
39.807	3.029e-04	-1.401	3474	3.537	5.352
39.807	3.966e-04	-1.472	3477	3.609	4.926
39.807	5.235e-04	-1.537	3487	3.680	4.540
39.807	6.895e-04	-1.589	3496	3.735	4.261
39.807	9.030e-04	-1.616	3501	3.765	4.117
39.807	1.182e-03	-1.631	3504	3.781	4.039
39.807	1.551e-03	-1.649	3508	3.801	3.947
39.807	2.039e-03	-1.685	3517	3.842	3.768
39.807	2.636e-03	-1.814	3480	3.953	3.317
39.807	3.393e-03	-1.968	3423	4.078	2.871
39.807	4.442e-03	-2.102	3375	4.188	2.531
39.807	5.864e-03	-2.213	3351	4.286	2.258
39.807	7.724e-03	-2.302	3360	4.380	2.029
39.807	1.015e-02	-2.400	3342	4.468	1.832
39.807	1.324e-02	-2.517	3272	4.549	1.670
39.807	1.748e-02	-2.643	3178	4.624	1.532
39.807	2.288e-02	-2.770	3068	4.690	1.419
39.807	3.026e-02	-2.911	2932	4.752	1.322
39.807	3.979e-02	-3.043	2805	4.807	1.241
39.807	5.262e-02	-3.207	2626	4.856	1.172
39.807	6.916e-02	-3.375	2441	4.898	1.117
39.807	9.092e-02	-3.535	2272	4.933	1.073
39.807	1.202e-01	-3.723	2075	4.964	1.035
39.807	1.580e-01	-3.900	1902	4.989	1.006
39.807	2.078e-01	-4.074	1742	5.011	0.981
39.807	2.731e-01	-4.256	1585	5.029	0.961
39.807	3.605e-01	-4.416	1459	5.045	0.943
39.807	4.719e-01	-4.557	1356	5.059	0.928
39.807	6.194e-01	-4.689	1267	5.073	0.913
39.807	8.140e-01	-4.818	1185	5.086	0.900
39.807	1.062e+00	-4.948	1108	5.098	0.887
39.807	1.402e+00	-5.090	1028	5.110	0.875
39.807	1.835e+00	-5.238	950	5.121	0.864
39.807	2.408e+00	-5.398	871	5.130	0.855
39.807	3.165e+00	-5.560	797	5.139	0.846
39.807	4.161e+00	-5.725	729	5.147	0.838
39.807	5.469e+00	-5.882	668	5.154	0.831
39.807	7.219e+00	-6.031	616	5.161	0.825
39.807	9.434e+00	-6.157	575	5.167	0.819
41.903	1.001e-04	-1.077	3514	3.255	7.599
41.903	1.310e-04	-1.150	3499	3.321	7.041
41.903	1.729e-04	-1.225	3491	3.391	6.497
41.903	2.264e-04	-1.295	3489	3.461	5.994
41.903	2.989e-04	-1.369	3489	3.534	5.508
41.903	3.905e-04	-1.439	3489	3.605	5.078
41.903	5.135e-04	-1.503	3497	3.673	4.697
41.903	6.749e-04	-1.551	3504	3.724	4.427
41.903	8.908e-04	-1.576	3509	3.752	4.288
41.903	1.166e-03	-1.591	3512	3.768	4.210
41.903	1.531e-03	-1.610	3516	3.789	4.108
41.903	2.012e-03	-1.651	3526	3.834	3.900
41.903	2.563e-03	-1.772	3515	3.950	3.413
41.903	3.336e-03	-1.931	3457	4.080	2.938
41.903	4.367e-03	-2.064	3410	4.189	2.592
41.903	5.687e-03	-2.170	3386	4.283	2.326
41.903	7.506e-03	-2.258	3397	4.377	2.088
41.903	9.827e-03	-2.346	3397	4.465	1.886
41.903	1.290e-02	-2.467	3326	4.549	1.713
41.903	1.695e-02	-2.590	3235	4.624	1.571
41.903	2.225e-02	-2.713	3135	4.692	1.452
41.903	2.924e-02	-2.844	3014	4.755	1.351
41.903	3.860e-02	-2.973	2893	4.813	1.263
41.903	5.084e-02	-3.125	2731	4.865	1.190
41.903	6.682e-02	-3.285	2557	4.910	1.130
41.903	8.821e-02	-3.459	2365	4.949	1.081
41.903	1.155e-01	-3.616	2201	4.981	1.042
41.903	1.516e-01	-3.800	2012	5.009	1.009
41.903	1.992e-01	-3.975	1844	5.032	0.982
41.903	2.619e-01	-4.155	1682	5.052	0.959
41.903	3.442e-01	-4.326	1539	5.069	0.941
41.903	4.543e-01	-4.480	1421	5.085	0.924
41.903	5.948e-01	-4.617	1324	5.099	0.910
41.903	7.851e-01	-4.748	1237	5.112	0.896
41.903	1.028e+00	-4.876	1158	5.125	0.883
41.903	1.357e+00	-5.015	1076	5.137	0.870
41.903	1.776e+00	-5.159	997	5.148	0.859
41.903	2.331e+00	-5.313	918	5.159	0.849
41.903	3.064e+00	-5.476	840	5.168	0.840
41.903	4.028e+00	-5.644	767	5.176	0.832
41.903	5.294e+00	-5.802	703	5.184	0.825
41.903	6.905e+00	-5.953	647	5.190	0.818
41.903	9.114e+00	-6.091	600	5.197	0.812
45.045	1.034e-04	-1.043	3548	3.270	7.746
45.045	1.359e-04	-1.121	3526	3.336	7.177
45.045	1.772e-04	-1.192	3515	3.402	6.651
45.045	2.339e-04	-1.265	3510	3.473	6.132
45.045	3.062e-04	-1.335	3511	3.543	5.657
45.045	4.019e-04	-1.404	3511	3.612	5.221
45.045	5.283e-04	-1.466	3512	3.674	4.862
45.045	6.945e-04	-1.504	3518	3.715	4.637
45.045	9.128e-04	-1.523	3521	3.736	4.528
45.045	1.191e-03	-1.538	3524	3.752	4.446
45.045	1.572e-03	-1.561	3529	3.778	4.313
45.045	2.057e-03	-1.619	3542	3.842	4.008
45.045	2.684e-03	-1.766	3543	3.990	3.380
45.045	3.444e-03	-1.905	3495	4.105	2.959
45.045	4.508e-03	-2.033	3450	4.211	2.622
45.045	5.917e-03	-2.133	3440	4.306	2.350
45.045	7.777e-03	-2.220	3451	4.398	2.114
45.045	1.022e-02	-2.306	3458	4.487	1.907
45.045	1.339e-02	-2.429	3378	4.570	1.734
45.045	1.753e-02	-2.549	3290	4.644	1.592
45.045	2.301e-02	-2.667	3199	4.713	1.471
45.045	3.013e-02	-2.786	3097	4.776	1.368
45.045	3.944e-02	-2.913	2977	4.834	1.279
45.045	5.206e-02	-3.048	2843	4.889	1.201
45.045	6.858e-02	-3.208	2664	4.937	1.136
45.045	9.013e-02	-3.377	2476	4.978	1.084
45.045	1.185e-01	-3.540	2300	5.013	1.041
45.045	1.557e-01	-3.713	2118	5.043	1.005
45.045	2.031e-01	-3.884	1948	5.068	0.977
45.045	2.681e-01	-4.063	1780	5.090	0.952
45.045	3.532e-01	-4.243	1622	5.109	0.932
45.045	4.642e-01	-4.405	1491	5.125	0.915
45.045	6.055e-01	-4.546	1385	5.139	0.900
45.045	7.993e-01	-4.681	1292	5.153	0.886
45.045	1.046e+00	-4.808	1210	5.165	0.873
45.045	1.373e+00	-4.941	1129	5.178	0.861
45.045	1.798e+00	-5.080	1049	5.190	0.849
45.045	2.350e+00	-5.227	970	5.200	0.839
45.045	3.090e+00	-5.390	888	5.210	0.829
45.045	4.061e+00	-5.555	812	5.219	0.821
45.045	5.340e+00	-5.717	743	5.227	0.814
45.045	6.992e+00	-5.877	680	5.234	0.807
45.045	9.153e+00	-6.020	629	5.240	0.801
47.140	1.048e-04	-1.021	3570	3.277	7.853
47.140	1.372e-04	-1.097	3546	3.342	7.287
47.140	1.796e-04	-1.171	3532	3.409	6.753
47.140	2.370e-04	-1.244	3524	3.478	6.232
47.140	3.103e-04	-1.313	3524	3.547	5.756
47.140	4.096e-04	-1.382	3525	3.617	5.315
47.140	5.353e-04	-1.438	3525	3.673	4.982
47.140	6.982e-04	-1.472	3527	3.707	4.788
47.140	9.216e-04	-1.489	3529	3.726	4.687
47.140	1.204e-03	-1.505	3531	3.742	4.599
47.140	1.590e-03	-1.532	3537	3.773	4.441
47.140	2.081e-03	-1.605	3555	3.854	4.041
47.140	2.747e-03	-1.755	3565	4.009	3.381
47.140	3.619e-03	-1.903	3515	4.132	2.935
47.140	4.739e-03	-2.026	3471	4.234	2.610
47.140	6.193e-03	-2.117	3475	4.326	2.347
47.140	8.142e-03	-2.203	3486	4.418	2.112
47.140	1.070e-02	-2.291	3489	4.507	1.906
47.140	1.396e-02	-2.413	3405	4.588	1.738
47.140	1.842e-02	-2.536	3315	4.663	1.592
47.140	2.412e-02	-2.649	3229	4.731	1.473
47.140	3.166e-02	-2.765	3133	4.795	1.368
47.140	4.161e-02	-2.893	3014	4.855	1.277
47.140	5.470e-02	-3.022	2887	4.910	1.199
47.140	7.190e-02	-3.180	2711	4.958	1.134
47.140	9.490e-02	-3.347	2524	5.001	1.079
47.140	1.242e-01	-3.509	2346	5.036	1.037
47.140	1.631e-01	-3.677	2169	5.067	1.000
47.140	2.143e-01	-3.853	1989	5.094	0.970
47.140	2.818e-01	-4.030	1820	5.116	0.946
47.140	3.703e-01	-4.209	1660	5.135	0.925
47.140	4.888e-01	-4.378	1521	5.152	0.907
47.140	6.399e-01	-4.523	1410	5.166	0.892
47.140	8.399e-01	-4.657	1316	5.180	0.878
47.140	1.104e+00	-4.786	1232	5.193	0.865
47.140	1.440e+00	-4.914	1152	5.205	0.853
47.140	1.901e+00	-5.056	1069	5.218	0.841
47.140	2.488e+00	-5.202	989	5.229	0.831
47.140	3.266e+00	-5.364	906	5.239	0.821
47.140	4.245e+00	-5.523	831	5.247	0.813
47.140	5.559e+00	-5.685	761	5.255	0.806
47.140	7.323e+00	-5.850	694	5.262	0.799
47.140	9.624e+00	-5.998	640	5.269	0.793
50.283	1.041e-04	-0.982	3605	3.283	8.057
50.283	1.374e-04	-1.060	3579	3.349	7.470
50.283	1.799e-04	-1.136	3557	3.414	6.930
50.283	2.374e-04	-1.210	3546	3.483	6.403
50.283	3.108e-04	-1.278	3544	3.550	5.928
50.283	4.079e-04	-1.342	3545	3.615	5.502
50.283	5.361e-04	-1.394	3545	3.666	5.184
50.283	7.049e-04	-1.423	3545	3.695	5.014
50.283	9.264e-04	-1.439	3545	3.711	4.923
50.283	1.208e-03	-1.457	3546	3.729	4.822
50.283	1.595e-03	-1.491	3549	3.765	4.624
50.283	2.088e-03	-1.588	3572	3.874	4.082
50.283	2.607e-03	-1.696	3597	3.994	3.556
50.283	3.426e-03	-1.836	3565	4.118	3.081
50.283	4.504e-03	-1.963	3521	4.223	2.730
50.283	5.920e-03	-2.058	3520	4.318	2.447
50.283	7.783e-03	-2.144	3533	4.410	2.201
50.283	1.019e-02	-2.228	3543	4.499	1.988
50.283	1.332e-02	-2.341	3482	4.582	1.807
50.283	1.758e-02	-2.465	3390	4.660	1.651
50.283	2.302e-02	-2.579	3305	4.729	1.524
50.283	2.997e-02	-2.685	3226	4.794	1.416
50.283	3.956e-02	-2.804	3125	4.857	1.316
50.283	5.211e-02	-2.933	3001	4.915	1.231
50.283	6.849e-02	-3.072	2855	4.968	1.158
50.283	9.040e-02	-3.231	2677	5.015	1.097
50.283	1.183e-01	-3.396	2490	5.055	1.048
50.283	1.562e-01	-3.564	2307	5.089	1.007
50.283	2.041e-01	-3.731	2129	5.118	0.974
50.283	2.684e-01	-3.905	1955	5.143	0.946
50.283	3.528e-01	-4.083	1787	5.165	0.923
50.283	4.638e-01	-4.258	1632	5.183	0.904
50.283	6.096e-01	-4.421	1500	5.199	0.888
50.283	8.046e-01	-4.568	1390	5.213	0.873
50.283	1.053e+00	-4.696	1301	5.227	0.860
50.283	1.390e+00	-4.826	1216	5.240	0.847
50.283	1.820e+00	-4.959	1134	5.252	0.835
50.283	2.403e+00	-5.106	1050	5.264	0.824
50.283	3.165e+00	-5.260	966	5.275	0.813
50.283	4.160e+00	-5.426	883	5.284	0.805
50.283	5.426e+00	-5.590	808	5.293	0.797
50.283	7.162e+00	-5.755	738	5.300	0.790
50.283	9.359e+00	-5.911	677	5.307	0.784
52.378	1.020e-04	-0.951	3633	3.283	8.222
52.378	1.341e-04	-1.029	3603	3.347	7.637
52.378	1.763e-04	-1.107	3578	3.413	7.083
52.378	2.317e-04	-1.181	3563	3.480	6.559
52.378	3.035e-04	-1.250	3557	3.545	6.080
52.378	3.966e-04	-1.312	3557	3.608	5.660
52.378	5.214e-04	-1.361	3558	3.657	5.345
52.378	6.828e-04	-1.388	3558	3.684	5.181
52.378	8.938e-04	-1.404	3558	3.700	5.088
52.378	1.173e-03	-1.422	3558	3.719	4.980
52.378	1.542e-03	-1.459	3559	3.755	4.775
52.378	2.035e-03	-1.562	3580	3.869	4.188
52.378	2.681e-03	-1.692	3612	4.014	3.545
52.378	3.524e-03	-1.824	3587	4.135	3.085
52.378	4.651e-03	-1.951	3542	4.239	2.735
52.378	6.078e-03	-2.039	3551	4.332	2.459
52.378	7.992e-03	-2.124	3565	4.424	2.212
52.378	1.047e-02	-2.212	3566	4.512	1.998
52.378	1.368e-02	-2.322	3508	4.594	1.818
52.378	1.784e-02	-2.440	3423	4.669	1.668
52.378	2.355e-02	-2.556	3336	4.741	1.535
52.378	3.082e-02	-2.661	3263	4.807	1.423
52.378	4.077e-02	-2.778	3166	4.871	1.321
52.378	5.317e-02	-2.902	3047	4.929	1.237
52.378	7.019e-02	-3.034	2914	4.984	1.161
52.378	9.172e-02	-3.186	2742	5.030	1.100
52.378	1.196e-01	-3.345	2562	5.071	1.050
52.378	1.579e-01	-3.515	2372	5.107	1.007
52.378	2.064e-01	-3.682	2193	5.137	0.973
52.378	2.713e-01	-3.855	2015	5.164	0.944
52.378	3.566e-01	-4.031	1844	5.186	0.920
52.378	4.652e-01	-4.201	1690	5.204	0.900
52.378	6.140e-01	-4.374	1545	5.221	0.883
52.378	8.088e-01	-4.523	1430	5.236	0.868
52.378	1.063e+00	-4.656	1335	5.250	0.855
52.378	1.398e+00	-4.785	1249	5.263	0.842
52.378	1.837e+00	-4.918	1165	5.275	0.830
52.378	2.415e+00	-5.060	1082	5.287	0.818
52.378	3.174e+00	-5.210	998	5.298	0.808
52.378	4.166e+00	-5.373	914	5.308	0.799
52.378	5.475e+00	-5.541	834	5.317	0.791
52.378	7.142e+00	-5.699	765	5.325	0.784
52.378	9.374e+00	-5.861	699	5.332	0.778
55.521	1.005e-04	-0.906	3680	3.287	8.430
55.521	1.322e-04	-0.991	3635	3.350	7.835
55.521	1.737e-04	-1.068	3610	3.415	7.275
55.521	2.266e-04	-1.143	3587	3.479	6.761
55.521	2.973e-04	-1.212	3578	3.543	6.275
55.521	3.908e-04	-1.273	3575	3.603	5.855
55.521	5.159e-04	-1.318	3576	3.648	5.560
55.521	6.741e-04	-1.341	3576	3.672	5.414
55.521	8.793e-04	-1.356	3576	3.686	5.322
55.521	1.161e-03	-1.377	3576	3.707	5.196
55.521	1.529e-03	-1.420	3577	3.751	4.941
55.521	2.009e-03	-1.539	3594	3.878	4.266
55.521	2.652e-03	-1.663	3625	4.018	3.634
55.521	3.472e-03	-1.780	3627	4.135	3.175
55.521	4.521e-03	-1.900	3585	4.235	2.830
55.521	5.968e-03	-1.992	3594	4.332	2.532
55.521	7.799e-03	-2.076	3608	4.422	2.283
55.521	1.025e-02	-2.164	3611	4.512	2.058
55.521	1.343e-02	-2.275	3555	4.595	1.870
55.521	1.758e-02	-2.387	3484	4.672	1.711
55.521	2.320e-02	-2.505	3396	4.745	1.573
55.521	3.032e-02	-2.606	3329	4.812	1.457
55.521	3.987e-02	-2.715	3244	4.877	1.352
55.521	5.240e-02	-2.836	3134	4.938	1.260
55.521	6.917e-02	-2.964	3010	4.995	1.180
55.521	9.111e-02	-3.110	2851	5.047	1.112
55.521	1.197e-01	-3.265	2675	5.092	1.056
55.521	1.572e-01	-3.437	2478	5.130	1.010
55.521	2.058e-01	-3.601	2296	5.162	0.973
55.521	2.694e-01	-3.768	2119	5.190	0.943
55.521	3.536e-01	-3.941	1946	5.214	0.917
55.521	4.631e-01	-4.115	1781	5.234	0.896
55.521	6.062e-01	-4.287	1629	5.252	0.878
55.521	8.002e-01	-4.448	1498	5.267	0.862
55.521	1.054e+00	-4.589	1393	5.281	0.848
55.521	1.385e+00	-4.719	1303	5.295	0.835
55.521	1.829e+00	-4.850	1217	5.308	0.823
55.521	2.394e+00	-4.983	1135	5.320	0.812
55.521	3.160e+00	-5.132	1049	5.332	0.801
55.521	4.163e+00	-5.292	962	5.342	0.791
55.521	5.471e+00	-5.457	880	5.351	0.783
55.521	7.193e+00	-5.625	803	5.360	0.775
55.521	9.453e+00	-5.789	733	5.367	0.769
57.616	1.021e-04	-0.886	3706	3.295	8.507
57.616	1.338e-04	-0.972	3657	3.358	7.916
57.616	1.751e-04	-1.049	3629	3.421	7.362
57.616	2.311e-04	-1.127	3603	3.486	6.826
57.616	3.026e-04	-1.194	3592	3.549	6.350
57.616	4.002e-04	-1.255	3587	3.607	5.942
57.616	5.262e-04	-1.293	3587	3.645	5.685
57.616	6.915e-04	-1.313	3588	3.665	5.555
57.616	9.020e-04	-1.328	3588	3.680	5.461
57.616	1.191e-03	-1.352	3588	3.704	5.313
57.616	1.559e-03	-1.405	3589	3.757	4.996
57.616	2.057e-03	-1.539	3607	3.901	4.235
57.616	2.693e-03	-1.654	3637	4.030	3.651
57.616	3.555e-03	-1.767	3648	4.148	3.186
57.616	4.646e-03	-1.887	3606	4.248	2.840
57.616	6.108e-03	-1.974	3623	4.343	2.546
57.616	8.028e-03	-2.059	3638	4.435	2.290
57.616	1.047e-02	-2.148	3632	4.522	2.072
57.616	1.374e-02	-2.259	3576	4.605	1.882
57.616	1.800e-02	-2.367	3512	4.683	1.722
57.616	2.356e-02	-2.481	3428	4.754	1.586
57.616	3.110e-02	-2.585	3359	4.823	1.464
57.616	4.071e-02	-2.691	3280	4.888	1.360
57.616	5.301e-02	-2.804	3182	4.948	1.269
57.616	6.958e-02	-2.929	3059	5.005	1.189
57.616	9.111e-02	-3.061	2922	5.057	1.119
57.616	1.191e-01	-3.213	2749	5.103	1.062
57.616	1.566e-01	-3.383	2552	5.143	1.013
57.616	2.058e-01	-3.555	2357	5.177	0.974
57.616	2.705e-01	-3.719	2182	5.207	0.942
57.616	3.555e-01	-3.889	2007	5.232	0.915
57.616	4.675e-01	-4.067	1834	5.254	0.892
57.616	6.144e-01	-4.240	1678	5.272	0.874
57.616	8.078e-01	-4.405	1540	5.288	0.858
57.616	1.062e+00	-4.551	1428	5.302	0.844
57.616	1.401e+00	-4.683	1334	5.316	0.831
57.616	1.831e+00	-4.808	1250	5.328	0.819
57.616	2.408e+00	-4.942	1166	5.341	0.807
57.616	3.165e+00	-5.085	1081	5.353	0.796
57.616	4.177e+00	-5.241	994	5.364	0.786
57.616	5.502e+00	-5.407	909	5.373	0.777
57.616	7.232e+00	-5.575	829	5.382	0.770
57.616	9.433e+00	-5.735	759	5.389	0.763
60.759	1.025e-04	-0.851	3748	3.302	8.663
60.759	1.345e-04	-0.938	3696	3.365	8.058
60.759	1.768e-04	-1.020	3656	3.429	7.492
60.759	2.324e-04	-1.096	3631	3.492	6.963
60.759	3.055e-04	-1.165	3614	3.553	6.489
60.759	3.984e-04	-1.219	3608	3.604	6.124
60.759	5.259e-04	-1.253	3605	3.637	5.895
60.759	6.885e-04	-1.270	3604	3.654	5.781
60.759	8.964e-04	-1.286	3604	3.669	5.680
60.759	1.165e-03	-1.310	3604	3.694	5.520
60.759	1.515e-03	-1.368	3605	3.752	5.165
60.759	1.968e-03	-1.500	3616	3.889	4.408
60.759	2.519e-03	-1.605	3642	4.007	3.851
60.759	3.325e-03	-1.706	3678	4.125	3.361
60.759	4.380e-03	-1.825	3651	4.231	2.974
60.759	5.757e-03	-1.918	3658	4.327	2.663
60.759	7.569e-03	-2.003	3675	4.420	2.392
60.759	9.912e-03	-2.089	3681	4.509	2.159
60.759	1.295e-02	-2.199	3626	4.593	1.961
60.759	1.689e-02	-2.302	3573	4.670	1.794
60.759	2.230e-02	-2.416	3495	4.746	1.644
60.759	2.919e-02	-2.519	3428	4.815	1.518
60.759	3.854e-02	-2.622	3358	4.883	1.404
60.759	5.036e-02	-2.731	3271	4.946	1.306
60.759	6.621e-02	-2.853	3156	5.006	1.219
60.759	8.702e-02	-2.972	3043	5.062	1.143
60.759	1.135e-01	-3.118	2879	5.111	1.080
60.759	1.498e-01	-3.278	2694	5.156	1.025
60.759	1.974e-01	-3.454	2489	5.194	0.982
60.759	2.594e-01	-3.622	2300	5.226	0.946
60.759	3.424e-01	-3.789	2123	5.253	0.917
60.759	4.482e-01	-3.960	1950	5.276	0.893
60.759	5.917e-01	-4.136	1783	5.297	0.872
60.759	7.746e-01	-4.306	1633	5.314	0.855
60.759	1.017e+00	-4.460	1507	5.329	0.841
60.759	1.336e+00	-4.597	1404	5.342	0.827
60.759	1.743e+00	-4.721	1317	5.355	0.815
60.759	2.300e+00	-4.852	1231	5.368	0.803
60.759	3.011e+00	-4.985	1148	5.380	0.792
60.759	3.983e+00	-5.134	1060	5.392	0.782
60.759	5.257e+00	-5.297	971	5.402	0.772
60.759	6.925e+00	-5.466	886	5.412	0.764
60.759	9.102e+00	-5.632	809	5.420	0.757
62.854	1.023e-04	-0.826	3778	3.306	8.775
62.854	1.339e-04	-0.914	3723	3.368	8.166
62.854	1.750e-04	-0.997	3677	3.430	7.607
62.854	2.282e-04	-1.070	3651	3.491	7.092
62.854	3.013e-04	-1.141	3630	3.552	6.612
62.854	3.944e-04	-1.194	3622	3.600	6.254
62.854	5.206e-04	-1.226	3618	3.630	6.040
62.854	6.815e-04	-1.242	3617	3.646	5.930
62.854	8.945e-04	-1.259	3615	3.663	5.820
62.854	1.176e-03	-1.288	3615	3.691	5.632
62.854	1.552e-03	-1.366	3617	3.770	5.140
62.854	2.010e-03	-1.499	3628	3.908	4.388
62.854	2.612e-03	-1.605	3656	4.027	3.824
62.854	3.447e-03	-1.703	3691	4.142	3.351
62.854	4.505e-03	-1.814	3670	4.244	2.981
62.854	5.876e-03	-1.900	3685	4.337	2.678
62.854	7.757e-03	-1.986	3703	4.431	2.402
62.854	1.014e-02	-2.076	3701	4.520	2.169
62.854	1.322e-02	-2.184	3646	4.602	1.973
62.854	1.745e-02	-2.291	3591	4.682	1.799
62.854	2.281e-02	-2.397	3523	4.756	1.654
62.854	2.975e-02	-2.498	3457	4.824	1.528
62.854	3.927e-02	-2.602	3388	4.893	1.412
62.854	5.141e-02	-2.709	3304	4.956	1.312
62.854	6.786e-02	-2.829	3196	5.018	1.222
62.854	8.883e-02	-2.947	3083	5.074	1.146
62.854	1.173e-01	-3.093	2922	5.127	1.079
62.854	1.545e-01	-3.251	2739	5.172	1.024
62.854	2.030e-01	-3.424	2535	5.211	0.979
62.854	2.648e-01	-3.591	2345	5.242	0.944
62.854	3.475e-01	-3.750	2174	5.270	0.915
62.854	4.567e-01	-3.919	2000	5.294	0.890
62.854	6.005e-01	-4.093	1832	5.315	0.869
62.854	7.893e-01	-4.263	1677	5.332	0.851
62.854	1.029e+00	-4.417	1548	5.347	0.837
62.854	1.359e+00	-4.561	1437	5.361	0.823
62.854	1.790e+00	-4.690	1344	5.375	0.811
62.854	2.353e+00	-4.816	1260	5.387	0.799
62.854	3.105e+00	-4.951	1174	5.400	0.788
62.854	4.091e+00	-5.096	1087	5.412	0.777
62.854	5.376e+00	-5.252	1000	5.422	0.768
62.854	7.097e+00	-5.420	913	5.432	0.759
62.854	9.290e+00	-5.585	834	5.440	0.752
65.997	1.021e-04	-0.790	3823	3.311	8.935
65.997	1.342e-04	-0.881	3762	3.375	8.307
65.997	1.750e-04	-0.966	3711	3.436	7.744
65.997	2.310e-04	-1.044	3677	3.498	7.208
65.997	3.043e-04	-1.111	3657	3.555	6.748
65.997	4.000e-04	-1.160	3643	3.598	6.422
65.997	5.259e-04	-1.187	3639	3.622	6.246
65.997	6.887e-04	-1.202	3637	3.637	6.141
65.997	8.953e-04	-1.220	3635	3.654	6.021
65.997	1.170e-03	-1.254	3632	3.686	5.803
65.997	1.538e-03	-1.348	3633	3.781	5.205
65.997	2.022e-03	-1.484	3642	3.921	4.427
65.997	2.669e-03	-1.592	3671	4.043	3.849
65.997	3.488e-03	-1.683	3705	4.150	3.402
65.997	4.585e-03	-1.787	3703	4.253	3.022
65.997	6.026e-03	-1.873	3724	4.349	2.706
65.997	7.955e-03	-1.959	3742	4.444	2.426
65.997	1.040e-02	-2.053	3731	4.532	2.191
65.997	1.356e-02	-2.160	3677	4.614	1.994
65.997	1.790e-02	-2.266	3622	4.694	1.819
65.997	2.343e-02	-2.367	3567	4.768	1.671
65.997	3.093e-02	-2.473	3498	4.840	1.537
65.997	4.049e-02	-2.574	3430	4.907	1.423
65.997	5.314e-02	-2.679	3352	4.972	1.321
65.997	6.984e-02	-2.790	3258	5.034	1.230
65.997	9.237e-02	-2.915	3138	5.093	1.149
65.997	1.205e-01	-3.045	3000	5.145	1.082
65.997	1.581e-01	-3.199	2819	5.192	1.025
65.997	2.071e-01	-3.366	2621	5.232	0.980
65.997	2.711e-01	-3.538	2420	5.265	0.943
65.997	3.558e-01	-3.695	2248	5.294	0.912
65.997	4.676e-01	-3.857	2076	5.319	0.886
65.997	6.148e-01	-4.027	1906	5.340	0.865
65.997	8.080e-01	-4.193	1752	5.358	0.847
65.997	1.054e+00	-4.349	1615	5.374	0.832
65.997	1.394e+00	-4.500	1493	5.388	0.818
65.997	1.818e+00	-4.625	1399	5.401	0.806
65.997	2.400e+00	-4.751	1312	5.414	0.794
65.997	3.142e+00	-4.876	1229	5.426	0.783
65.997	4.123e+00	-5.012	1144	5.438	0.773
65.997	5.419e+00	-5.159	1058	5.449	0.763
65.997	7.153e+00	-5.323	969	5.459	0.754
65.997	9.365e+00	-5.489	885	5.468	0.746
67.044	1.020e-04	-0.778	3839	3.313	8.988
67.044	1.341e-04	-0.870	3775	3.376	8.356
67.044	1.749e-04	-0.955	3724	3.437	7.791
67.044	2.295e-04	-1.033	3686	3.498	7.266
67.044	3.036e-04	-1.100	3666	3.555	6.803
67.044	3.990e-04	-1.148	3651	3.597	6.486
67.044	5.204e-04	-1.173	3646	3.619	6.320
67.044	6.830e-04	-1.188	3644	3.634	6.214
67.044	8.977e-04	-1.208	3642	3.652	6.085
67.044	1.185e-03	-1.246	3638	3.688	5.836
67.044	1.551e-03	-1.350	3639	3.792	5.176
67.044	1.963e-03	-1.465	3647	3.911	4.514
67.044	2.579e-03	-1.573	3671	4.031	3.934
67.044	3.391e-03	-1.666	3706	4.141	3.467
67.044	4.457e-03	-1.764	3716	4.244	3.079
67.044	5.813e-03	-1.851	3733	4.338	2.763
67.044	7.630e-03	-1.935	3752	4.431	2.482
67.044	1.003e-02	-2.027	3750	4.522	2.235
67.044	1.308e-02	-2.135	3695	4.605	2.032
67.044	1.727e-02	-2.242	3641	4.685	1.852
67.044	2.256e-02	-2.340	3589	4.759	1.701
67.044	2.933e-02	-2.440	3527	4.828	1.570
67.044	3.826e-02	-2.540	3461	4.895	1.454
67.044	5.050e-02	-2.643	3389	4.963	1.346
67.044	6.611e-02	-2.752	3300	5.025	1.253
67.044	8.743e-02	-2.874	3185	5.085	1.168
67.044	1.150e-01	-2.998	3061	5.140	1.097
67.044	1.511e-01	-3.153	2880	5.189	1.036
67.044	1.994e-01	-3.318	2685	5.232	0.987
67.044	2.611e-01	-3.487	2485	5.267	0.948
67.044	3.446e-01	-3.654	2297	5.297	0.916
67.044	4.511e-01	-3.811	2129	5.322	0.889
67.044	5.921e-01	-3.977	1960	5.345	0.867
67.044	7.782e-01	-4.142	1802	5.364	0.848
67.044	1.015e+00	-4.300	1660	5.379	0.833
67.044	1.340e+00	-4.453	1533	5.394	0.819
67.044	1.754e+00	-4.583	1433	5.407	0.807
67.044	2.315e+00	-4.708	1344	5.420	0.795
67.044	3.050e+00	-4.833	1260	5.432	0.783
67.044	4.008e+00	-4.964	1176	5.444	0.773
67.044	5.291e+00	-5.109	1089	5.456	0.762
67.044	6.970e+00	-5.269	999	5.467	0.753
67.044	9.161e+00	-5.436	913	5.476	0.745
68.092	1.049e-04	-0.776	3847	3.321	8.972
68.092	1.364e-04	-0.864	3785	3.382	8.366
68.092	1.786e-04	-0.950	3732	3.444	7.793
68.092	2.338e-04	-1.028	3693	3.503	7.278
68.092	3.086e-04	-1.092	3674	3.558	6.831
68.092	4.040e-04	-1.137	3660	3.596	6.537
68.092	5.333e-04	-1.161	3654	3.618	6.379
68.092	6.969e-04	-1.177	3651	3.632	6.276
68.092	9.060e-04	-1.196	3649	3.650	6.143
68.092	1.182e-03	-1.235	3644	3.687	5.888
68.092	1.560e-03	-1.348	3645	3.800	5.172
68.092	2.055e-03	-1.479	3653	3.935	4.425
68.092	2.700e-03	-1.582	3681	4.052	3.871
68.092	3.522e-03	-1.671	3714	4.156	3.431
68.092	4.649e-03	-1.769	3727	4.260	3.046
68.092	6.125e-03	-1.856	3749	4.357	2.724
68.092	8.050e-03	-1.940	3767	4.450	2.446
68.092	1.050e-02	-2.036	3751	4.538	2.211
68.092	1.367e-02	-2.142	3698	4.619	2.014
68.092	1.805e-02	-2.247	3644	4.699	1.837
68.092	2.362e-02	-2.345	3595	4.773	1.687
68.092	3.101e-02	-2.448	3529	4.844	1.554
68.092	4.075e-02	-2.551	3461	4.913	1.436
68.092	5.358e-02	-2.654	3387	4.979	1.331
68.092	7.016e-02	-2.761	3300	5.041	1.239
68.092	9.242e-02	-2.883	3184	5.100	1.157
68.092	1.215e-01	-3.008	3058	5.155	1.087
68.092	1.584e-01	-3.159	2880	5.202	1.029
68.092	2.091e-01	-3.325	2682	5.244	0.981
68.092	2.738e-01	-3.492	2484	5.279	0.943
68.092	3.614e-01	-3.659	2296	5.308	0.911
68.092	4.731e-01	-3.815	2130	5.333	0.885
68.092	6.245e-01	-3.982	1959	5.356	0.863
68.092	8.175e-01	-4.142	1805	5.374	0.844
68.092	1.073e+00	-4.302	1662	5.390	0.829
68.092	1.410e+00	-4.451	1538	5.404	0.816
68.092	1.861e+00	-4.583	1437	5.418	0.803
68.092	2.452e+00	-4.704	1349	5.430	0.792
68.092	3.223e+00	-4.827	1266	5.442	0.781
68.092	4.204e+00	-4.953	1186	5.454	0.770
68.092	5.549e+00	-5.097	1099	5.466	0.760
68.092	7.309e+00	-5.255	1009	5.476	0.751
68.092	9.606e+00	-5.422	922	5.486	0.743
69.139	1.018e-04	-0.754	3869	3.316	9.095
69.139	1.326e-04	-0.844	3804	3.378	8.475
69.139	1.724e-04	-0.929	3751	3.438	7.909
69.139	2.275e-04	-1.011	3705	3.499	7.371
69.139	2.979e-04	-1.074	3685	3.552	6.932
69.139	3.932e-04	-1.121	3671	3.592	6.621
69.139	5.138e-04	-1.145	3663	3.613	6.463
69.139	6.702e-04	-1.161	3659	3.627	6.360
69.139	8.847e-04	-1.182	3656	3.646	6.221
69.139	1.165e-03	-1.223	3651	3.684	5.952
69.139	1.532e-03	-1.336	3650	3.797	5.231
69.139	1.988e-03	-1.459	3658	3.924	4.518
69.139	2.607e-03	-1.563	3680	4.039	3.956
69.139	3.426e-03	-1.655	3714	4.147	3.495
69.139	4.504e-03	-1.747	3736	4.249	3.108
69.139	5.920e-03	-1.834	3758	4.346	2.779
69.139	7.814e-03	-1.920	3777	4.441	2.490
69.139	1.023e-02	-2.014	3768	4.531	2.246
69.139	1.343e-02	-2.124	3713	4.615	2.039
69.139	1.765e-02	-2.228	3659	4.694	1.861
69.139	2.302e-02	-2.324	3613	4.767	1.711
69.139	3.021e-02	-2.426	3551	4.840	1.575
69.139	3.970e-02	-2.529	3483	4.909	1.454
69.139	5.179e-02	-2.627	3415	4.973	1.350
69.139	6.836e-02	-2.736	3330	5.038	1.253
69.139	8.949e-02	-2.853	3221	5.097	1.171
69.139	1.181e-01	-2.976	3100	5.153	1.097
69.139	1.556e-01	-3.129	2921	5.204	1.035
69.139	2.045e-01	-3.286	2735	5.246	0.986
69.139	2.667e-01	-3.453	2535	5.281	0.947
69.139	3.501e-01	-3.618	2346	5.311	0.914
69.139	4.601e-01	-3.774	2177	5.338	0.887
69.139	6.050e-01	-3.934	2011	5.360	0.865
69.139	7.951e-01	-4.097	1852	5.379	0.846
69.139	1.037e+00	-4.252	1710	5.395	0.830
69.139	1.361e+00	-4.401	1582	5.410	0.816
69.139	1.789e+00	-4.536	1475	5.423	0.804
69.139	2.361e+00	-4.657	1385	5.436	0.793
69.139	3.111e+00	-4.777	1302	5.448	0.782
69.139	4.088e+00	-4.903	1220	5.460	0.771
69.139	5.397e+00	-5.041	1134	5.471	0.761
69.139	7.109e+00	-5.193	1045	5.482	0.751
69.139	9.343e+00	-5.355	958	5.492	0.743
70.187	1.007e-04	-0.738	3887	3.315	9.175
70.187	1.321e-04	-0.832	3819	3.378	8.530
70.187	1.730e-04	-0.919	3763	3.440	7.946
70.187	2.265e-04	-1.000	3716	3.499	7.424
70.187	2.989e-04	-1.065	3693	3.553	6.978
70.187	3.913e-04	-1.108	3680	3.590	6.686
70.187	5.166e-04	-1.132	3673	3.611	6.529
70.187	6.750e-04	-1.148	3668	3.625	6.425
70.187	8.911e-04	-1.171	3663	3.645	6.278
70.187	1.166e-03	-1.214	3657	3.685	5.994
70.187	1.510e-03	-1.324	3654	3.793	5.290
70.187	1.980e-03	-1.451	3663	3.925	4.545
70.187	2.592e-03	-1.555	3684	4.039	3.988
70.187	3.375e-03	-1.643	3716	4.142	3.540
70.187	4.429e-03	-1.731	3746	4.243	3.151
70.187	5.800e-03	-1.817	3767	4.340	2.821
70.187	7.593e-03	-1.901	3787	4.433	2.535
70.187	9.966e-03	-1.993	3784	4.524	2.282
70.187	1.310e-02	-2.104	3729	4.609	2.069
70.187	1.719e-02	-2.208	3675	4.688	1.889
70.187	2.251e-02	-2.306	3627	4.763	1.733
70.187	2.942e-02	-2.403	3574	4.834	1.596
70.187	3.868e-02	-2.507	3505	4.904	1.473
70.187	5.084e-02	-2.608	3436	4.971	1.364
70.187	6.684e-02	-2.713	3356	5.035	1.266
70.187	8.785e-02	-2.829	3252	5.096	1.181
70.187	1.155e-01	-2.949	3135	5.152	1.106
70.187	1.518e-01	-3.096	2967	5.204	1.043
70.187	1.996e-01	-3.251	2783	5.248	0.992
70.187	2.623e-01	-3.419	2581	5.285	0.950
70.187	3.449e-01	-3.587	2386	5.316	0.917
70.187	4.533e-01	-3.741	2217	5.342	0.889
70.187	5.994e-01	-3.901	2049	5.366	0.865
70.187	7.881e-01	-4.062	1889	5.386	0.846
70.187	1.032e+00	-4.216	1745	5.402	0.830
70.187	1.342e+00	-4.359	1621	5.416	0.817
70.187	1.753e+00	-4.493	1511	5.429	0.805
70.187	2.314e+00	-4.615	1418	5.441	0.793
70.187	3.030e+00	-4.730	1337	5.453	0.783
70.187	4.007e+00	-4.853	1254	5.465	0.772
70.187	5.268e+00	-4.983	1171	5.477	0.762
70.187	6.924e+00	-5.126	1086	5.488	0.752
70.187	9.157e+00	-5.288	995	5.499	0.743
71.234	1.018e-04	-0.730	3899	3.319	9.199
71.234	1.343e-04	-0.827	3828	3.384	8.538
71.234	1.758e-04	-0.914	3772	3.445	7.956
71.234	2.308e-04	-0.995	3723	3.504	7.435
71.234	3.033e-04	-1.057	3701	3.555	7.010
71.234	4.004e-04	-1.098	3688	3.591	6.732
71.234	5.241e-04	-1.119	3682	3.609	6.591
71.234	6.879e-04	-1.136	3677	3.623	6.483
71.234	9.041e-04	-1.161	3669	3.644	6.326
71.234	1.193e-03	-1.212	3662	3.692	5.991
71.234	1.562e-03	-1.338	3661	3.818	5.183
71.234	2.066e-03	-1.465	3669	3.948	4.461
71.234	2.695e-03	-1.563	3693	4.057	3.934
71.234	3.537e-03	-1.652	3726	4.162	3.488
71.234	4.632e-03	-1.735	3759	4.261	3.112
71.234	6.053e-03	-1.820	3782	4.356	2.790
71.234	7.896e-03	-1.902	3801	4.447	2.511
71.234	1.036e-02	-1.999	3787	4.538	2.263
71.234	1.362e-02	-2.109	3732	4.622	2.053
71.234	1.791e-02	-2.213	3678	4.701	1.875
71.234	2.354e-02	-2.310	3633	4.776	1.719
71.234	3.107e-02	-2.412	3575	4.850	1.579
71.234	4.092e-02	-2.516	3506	4.920	1.457
71.234	5.359e-02	-2.615	3438	4.986	1.350
71.234	7.015e-02	-2.718	3360	5.049	1.256
71.234	9.260e-02	-2.837	3252	5.110	1.170
71.234	1.220e-01	-2.957	3134	5.167	1.096
71.234	1.597e-01	-3.105	2963	5.217	1.035
71.234	2.091e-01	-3.257	2783	5.259	0.986
71.234	2.760e-01	-3.427	2577	5.297	0.944
71.234	3.614e-01	-3.590	2387	5.327	0.912
71.234	4.770e-01	-3.745	2217	5.353	0.885
71.234	6.244e-01	-3.896	2058	5.375	0.862
71.234	8.242e-01	-4.056	1898	5.395	0.843
71.234	1.079e+00	-4.206	1758	5.411	0.828
71.234	1.416e+00	-4.351	1631	5.425	0.814
71.234	1.861e+00	-4.486	1520	5.438	0.802
71.234	2.457e+00	-4.605	1429	5.450	0.791
71.234	3.216e+00	-4.716	1350	5.462	0.781
71.234	4.245e+00	-4.835	1269	5.474	0.770
71.234	5.558e+00	-4.959	1189	5.485	0.760
71.234	7.350e+00	-5.101	1103	5.496	0.750
71.234	9.702e+00	-5.261	1012	5.507	0.741
72.282	1.020e-04	-0.720	3913	3.321	9.244
72.282	1.346e-04	-0.817	3842	3.386	8.579
72.282	1.762e-04	-0.904	3783	3.447	7.995
72.282	2.313e-04	-0.985	3735	3.506	7.475
72.282	3.039e-04	-1.047	3710	3.556	7.059
72.282	3.996e-04	-1.085	3698	3.589	6.796
72.282	5.252e-04	-1.106	3691	3.606	6.658
72.282	6.851e-04	-1.123	3686	3.621	6.551
72.282	9.060e-04	-1.149	3678	3.643	6.382
72.282	1.191e-03	-1.204	3668	3.693	6.027
72.282	1.503e-03	-1.315	3664	3.802	5.315
72.282	1.987e-03	-1.442	3673	3.934	4.568
72.282	2.592e-03	-1.543	3692	4.043	4.027
72.282	3.422e-03	-1.634	3726	4.150	3.561
72.282	4.479e-03	-1.718	3757	4.249	3.178
72.282	5.879e-03	-1.800	3791	4.346	2.842
72.282	7.727e-03	-1.885	3811	4.441	2.549
72.282	1.008e-02	-1.977	3804	4.530	2.300
72.282	1.330e-02	-2.090	3747	4.616	2.083
72.282	1.742e-02	-2.193	3695	4.694	1.903
72.282	2.299e-02	-2.292	3647	4.771	1.742
72.282	3.009e-02	-2.387	3599	4.843	1.603
72.282	3.950e-02	-2.490	3531	4.913	1.479
72.282	5.191e-02	-2.592	3462	4.980	1.369
72.282	6.771e-02	-2.691	3389	5.043	1.274
72.282	8.938e-02	-2.805	3290	5.106	1.185
72.282	1.170e-01	-2.924	3174	5.162	1.111
72.282	1.544e-01	-3.066	3015	5.215	1.045
72.282	2.022e-01	-3.216	2837	5.259	0.993
72.282	2.669e-01	-3.383	2635	5.298	0.950
72.282	3.494e-01	-3.548	2440	5.329	0.917
72.282	4.612e-01	-3.702	2268	5.356	0.888
72.282	6.099e-01	-3.854	2106	5.379	0.865
72.282	7.984e-01	-4.006	1951	5.399	0.846
72.282	1.054e+00	-4.157	1807	5.416	0.829
72.282	1.380e+00	-4.299	1679	5.430	0.815
72.282	1.821e+00	-4.437	1562	5.443	0.803
72.282	2.399e+00	-4.556	1469	5.455	0.793
72.282	3.153e+00	-4.665	1388	5.466	0.782
72.282	4.113e+00	-4.772	1314	5.477	0.773
72.282	5.429e+00	-4.892	1234	5.489	0.762
72.282	7.106e+00	-5.021	1153	5.500	0.753
72.282	9.398e+00	-5.172	1064	5.511	0.743
73.330	1.011e-04	-0.706	3930	3.321	9.315
73.330	1.329e-04	-0.802	3859	3.385	8.653
73.330	1.734e-04	-0.889	3799	3.445	8.072
73.330	2.289e-04	-0.972	3748	3.505	7.538
73.330	2.996e-04	-1.034	3719	3.553	7.129
73.330	3.955e-04	-1.072	3707	3.586	6.866
73.330	5.177e-04	-1.092	3701	3.603	6.731
73.330	6.795e-04	-1.109	3696	3.618	6.620
73.330	8.930e-04	-1.135	3688	3.640	6.450
73.330	1.179e-03	-1.193	3674	3.692	6.078
73.330	1.543e-03	-1.324	3670	3.821	5.239
73.330	2.041e-03	-1.448	3678	3.948	4.523
73.330	2.662e-03	-1.546	3699	4.056	3.997
73.330	3.514e-03	-1.635	3732	4.161	3.541
73.330	4.592e-03	-1.716	3769	4.259	3.165
73.330	6.037e-03	-1.797	3804	4.356	2.829
73.330	7.935e-03	-1.883	3824	4.451	2.537
73.330	1.041e-02	-1.981	3807	4.541	2.286
73.330	1.369e-02	-2.091	3752	4.626	2.074
73.330	1.800e-02	-2.195	3699	4.705	1.894
73.330	2.365e-02	-2.291	3655	4.780	1.736
73.330	3.085e-02	-2.385	3608	4.851	1.600
73.330	4.072e-02	-2.490	3538	4.923	1.474
73.330	5.331e-02	-2.590	3470	4.989	1.365
73.330	6.997e-02	-2.691	3398	5.053	1.268
73.330	9.196e-02	-2.803	3300	5.115	1.181
73.330	1.209e-01	-2.924	3181	5.172	1.106
73.330	1.583e-01	-3.061	3028	5.223	1.043
73.330	2.073e-01	-3.209	2851	5.267	0.991
73.330	2.736e-01	-3.375	2650	5.306	0.948
73.330	3.575e-01	-3.537	2457	5.337	0.915
73.330	4.664e-01	-3.684	2292	5.362	0.888
73.330	6.156e-01	-3.830	2135	5.386	0.865
73.330	8.059e-01	-3.977	1984	5.405	0.845
73.330	1.058e+00	-4.122	1844	5.422	0.829
73.330	1.390e+00	-4.262	1715	5.436	0.816
73.330	1.828e+00	-4.395	1600	5.449	0.804
73.330	2.402e+00	-4.512	1505	5.460	0.793
73.330	3.158e+00	-4.617	1426	5.471	0.784
73.330	4.151e+00	-4.721	1352	5.482	0.774
73.330	5.489e+00	-4.834	1275	5.493	0.764
73.330	7.217e+00	-4.955	1197	5.504	0.754
73.330	9.486e+00	-5.091	1113	5.515	0.745
74.377	1.007e-04	-0.693	3945	3.321	9.377
74.377	1.322e-04	-0.789	3874	3.385	8.712
74.377	1.737e-04	-0.880	3810	3.447	8.111
74.377	2.265e-04	-0.958	3762	3.504	7.600
74.377	2.973e-04	-1.022	3729	3.552	7.190
74.377	3.908e-04	-1.059	3716	3.583	6.937
74.377	5.138e-04	-1.079	3710	3.600	6.802
74.377	6.728e-04	-1.096	3705	3.615	6.689
74.377	8.863e-04	-1.123	3697	3.638	6.513
74.377	1.165e-03	-1.183	3681	3.690	6.132
74.377	1.527e-03	-1.316	3675	3.821	5.276
74.377	1.993e-03	-1.433	3683	3.942	4.592
74.377	2.631e-03	-1.536	3701	4.053	4.038
74.377	3.444e-03	-1.623	3734	4.155	3.592
74.377	4.520e-03	-1.706	3767	4.254	3.206
74.377	5.919e-03	-1.781	3813	4.350	2.870
74.377	7.749e-03	-1.865	3834	4.443	2.577
74.377	1.023e-02	-1.964	3822	4.536	2.315
74.377	1.347e-02	-2.075	3766	4.622	2.098
74.377	1.764e-02	-2.177	3713	4.700	1.917
74.377	2.306e-02	-2.272	3669	4.774	1.760
74.377	3.008e-02	-2.363	3629	4.846	1.621
74.377	3.947e-02	-2.466	3561	4.917	1.495
74.377	5.188e-02	-2.568	3492	4.984	1.382
74.377	6.767e-02	-2.665	3426	5.048	1.285
74.377	8.933e-02	-2.774	3336	5.111	1.195
74.377	1.169e-01	-2.894	3218	5.168	1.119
74.377	1.535e-01	-3.023	3080	5.221	1.052
74.377	2.017e-01	-3.174	2900	5.267	0.998
74.377	2.652e-01	-3.332	2708	5.307	0.954
74.377	3.486e-01	-3.494	2513	5.339	0.919
74.377	4.610e-01	-3.653	2330	5.367	0.890
74.377	6.061e-01	-3.793	2178	5.390	0.867
74.377	7.966e-01	-3.936	2030	5.410	0.847
74.377	1.039e+00	-4.074	1893	5.426	0.831
74.377	1.364e+00	-4.208	1766	5.441	0.817
74.377	1.792e+00	-4.335	1654	5.453	0.806
74.377	2.366e+00	-4.456	1553	5.465	0.795
74.377	3.116e+00	-4.559	1472	5.475	0.786
74.377	4.096e+00	-4.655	1401	5.485	0.777
74.377	5.406e+00	-4.755	1330	5.495	0.768
74.377	7.065e+00	-4.862	1259	5.505	0.759
74.377	9.289e+00	-4.983	1181	5.516	0.749
75.425	1.003e-04	-0.681	3961	3.322	9.438
75.425	1.308e-04	-0.775	3890	3.385	8.781
75.425	1.717e-04	-0.866	3825	3.446	8.178
75.425	2.256e-04	-0.947	3775	3.504	7.651
75.425	2.943e-04	-1.009	3740	3.550	7.255
75.425	3.885e-04	-1.046	3726	3.581	7.003
75.425	5.086e-04	-1.065	3720	3.597	6.873
75.425	6.622e-04	-1.082	3715	3.612	6.761
75.425	8.609e-04	-1.107	3707	3.633	6.594
75.425	1.136e-03	-1.167	3688	3.685	6.215
75.425	1.488e-03	-1.300	3679	3.812	5.365
75.425	1.967e-03	-1.422	3687	3.939	4.638
75.425	2.566e-03	-1.522	3702	4.045	4.103
75.425	3.387e-03	-1.611	3735	4.150	3.638
75.425	4.434e-03	-1.694	3766	4.247	3.252
75.425	5.853e-03	-1.767	3823	4.347	2.901
75.425	7.710e-03	-1.853	3844	4.442	2.598
75.425	1.010e-02	-1.948	3835	4.533	2.340
75.425	1.322e-02	-2.057	3780	4.617	2.124
75.425	1.745e-02	-2.163	3726	4.698	1.935
75.425	2.280e-02	-2.259	3681	4.773	1.776
75.425	2.974e-02	-2.347	3646	4.844	1.635
75.425	3.872e-02	-2.448	3580	4.913	1.511
75.425	5.034e-02	-2.545	3514	4.979	1.401
75.425	6.645e-02	-2.644	3450	5.046	1.297
75.425	8.699e-02	-2.749	3366	5.108	1.208
75.425	1.150e-01	-2.872	3246	5.168	1.127
75.425	1.513e-01	-2.996	3119	5.222	1.059
75.425	2.000e-01	-3.149	2936	5.270	1.002
75.425	2.629e-01	-3.303	2749	5.310	0.957
75.425	3.456e-01	-3.463	2556	5.343	0.921
75.425	4.543e-01	-3.618	2375	5.370	0.893
75.425	5.997e-01	-3.759	2220	5.394	0.869
75.425	7.850e-01	-3.893	2078	5.413	0.849
75.425	1.030e+00	-4.029	1940	5.430	0.833
75.425	1.354e+00	-4.158	1817	5.445	0.819
75.425	1.780e+00	-4.280	1706	5.457	0.807
75.425	2.331e+00	-4.393	1608	5.468	0.798
75.425	3.052e+00	-4.491	1528	5.477	0.789
75.425	4.036e+00	-4.581	1458	5.487	0.781
75.425	5.328e+00	-4.670	1393	5.496	0.773
75.425	7.018e+00	-4.761	1329	5.505	0.764
75.425	9.224e+00	-4.864	1260	5.515	0.756
76.472	1.040e-04	-0.683	3965	3.332	9.393
76.472	1.356e-04	-0.777	3895	3.394	8.742
76.472	1.780e-04	-0.867	3830	3.456	8.146
76.472	2.340e-04	-0.946	3781	3.512	7.634
76.472	3.076e-04	-1.006	3747	3.556	7.257
76.472	4.043e-04	-1.038	3733	3.582	7.043
76.472	5.273e-04	-1.055	3728	3.597	6.925
76.472	6.921e-04	-1.073	3722	3.612	6.801
76.472	9.097e-04	-1.105	3713	3.639	6.594
76.472	1.201e-03	-1.185	3690	3.709	6.085
76.472	1.513e-03	-1.304	3684	3.825	5.322
76.472	1.971e-03	-1.418	3692	3.943	4.650
76.472	2.590e-03	-1.519	3707	4.051	4.105
76.472	3.379e-03	-1.603	3738	4.150	3.662
76.472	4.435e-03	-1.687	3770	4.248	3.272
76.472	5.828e-03	-1.755	3833	4.346	2.924
76.472	7.708e-03	-1.843	3855	4.443	2.613
76.472	1.005e-02	-1.937	3846	4.533	2.357
76.472	1.327e-02	-2.049	3790	4.620	2.133
76.472	1.737e-02	-2.152	3737	4.698	1.948
76.472	2.293e-02	-2.251	3691	4.775	1.783
76.472	2.997e-02	-2.339	3657	4.848	1.640
76.472	3.940e-02	-2.443	3591	4.919	1.510
76.472	5.179e-02	-2.545	3522	4.988	1.396
76.472	6.755e-02	-2.638	3463	5.052	1.297
76.472	8.916e-02	-2.746	3376	5.116	1.205
76.472	1.175e-01	-2.867	3259	5.175	1.125
76.472	1.544e-01	-2.989	3134	5.229	1.058
76.472	2.013e-01	-3.133	2961	5.275	1.003
76.472	2.658e-01	-3.285	2777	5.316	0.957
76.472	3.473e-01	-3.441	2587	5.348	0.922
76.472	4.566e-01	-3.594	2407	5.376	0.893
76.472	6.002e-01	-3.729	2256	5.398	0.870
76.472	7.922e-01	-3.860	2116	5.418	0.850
76.472	1.037e+00	-3.989	1983	5.435	0.834
76.472	1.369e+00	-4.113	1862	5.450	0.820
76.472	1.792e+00	-4.227	1757	5.461	0.809
76.472	2.366e+00	-4.332	1663	5.472	0.799
76.472	3.091e+00	-4.427	1583	5.481	0.792
76.472	4.064e+00	-4.506	1519	5.488	0.785
76.472	5.342e+00	-4.578	1463	5.496	0.778
76.472	7.051e+00	-4.651	1409	5.503	0.771
76.472	9.231e+00	-4.725	1357	5.511	0.764
77.520	1.036e-04	-0.671	3981	3.332	9.453
77.520	1.346e-04	-0.764	3910	3.394	8.804
77.520	1.759e-04	-0.853	3845	3.455	8.212
77.520	2.313e-04	-0.932	3794	3.511	7.698
77.520	3.040e-04	-0.992	3759	3.554	7.323
77.520	3.997e-04	-1.024	3744	3.580	7.112
77.520	5.234e-04	-1.042	3737	3.594	6.993
77.520	6.804e-04	-1.060	3732	3.609	6.873
77.520	8.892e-04	-1.090	3722	3.635	6.669
77.520	1.169e-03	-1.168	3698	3.702	6.179
77.520	1.537e-03	-1.308	3689	3.838	5.284
77.520	2.020e-03	-1.422	3697	3.956	4.611
77.520	2.655e-03	-1.522	3713	4.062	4.079
77.520	3.491e-03	-1.607	3746	4.163	3.632
77.520	4.588e-03	-1.687	3784	4.261	3.247
77.520	5.984e-03	-1.754	3846	4.356	2.911
77.520	7.914e-03	-1.841	3868	4.453	2.602
77.520	1.032e-02	-1.938	3851	4.542	2.347
77.520	1.363e-02	-2.050	3794	4.629	2.126
77.520	1.784e-02	-2.152	3742	4.707	1.943
77.520	2.323e-02	-2.245	3700	4.780	1.786
77.520	3.066e-02	-2.337	3665	4.855	1.637
77.520	4.039e-02	-2.441	3599	4.927	1.507
77.520	5.308e-02	-2.543	3530	4.995	1.393
77.520	6.924e-02	-2.635	3473	5.059	1.294
77.520	9.139e-02	-2.743	3387	5.124	1.202
77.520	1.204e-01	-2.863	3270	5.183	1.123
77.520	1.582e-01	-2.984	3145	5.237	1.055
77.520	2.064e-01	-3.127	2975	5.282	1.001
77.520	2.687e-01	-3.268	2805	5.321	0.958
77.520	3.527e-01	-3.424	2613	5.354	0.922
77.520	4.635e-01	-3.574	2434	5.381	0.893
77.520	6.119e-01	-3.707	2284	5.404	0.870
77.520	8.060e-01	-3.831	2151	5.423	0.851
77.520	1.059e+00	-3.953	2024	5.440	0.835
77.520	1.393e+00	-4.068	1909	5.454	0.822
77.520	1.824e+00	-4.172	1811	5.465	0.811
77.520	2.388e+00	-4.264	1726	5.475	0.803
77.520	3.152e+00	-4.350	1651	5.483	0.795
77.520	4.152e+00	-4.424	1589	5.489	0.789
77.520	5.456e+00	-4.480	1543	5.495	0.784
77.520	7.202e+00	-4.531	1503	5.500	0.779
77.520	9.412e+00	-4.572	1471	5.504	0.776
78.567	1.032e-04	-0.659	3996	3.333	9.512
78.567	1.351e-04	-0.754	3923	3.396	8.840
78.567	1.783e-04	-0.847	3854	3.459	8.227
78.567	2.334e-04	-0.924	3805	3.513	7.728
78.567	3.064e-04	-0.981	3771	3.555	7.369
78.567	4.027e-04	-1.012	3754	3.578	7.171
78.567	5.252e-04	-1.030	3747	3.592	7.057
78.567	6.933e-04	-1.050	3740	3.609	6.923
78.567	9.132e-04	-1.085	3729	3.639	6.687
78.567	1.200e-03	-1.179	3701	3.720	6.093
78.567	1.547e-03	-1.307	3694	3.845	5.276
78.567	2.033e-03	-1.420	3702	3.961	4.614
78.567	2.651e-03	-1.515	3717	4.064	4.100
78.567	3.500e-03	-1.602	3749	4.165	3.648
78.567	4.582e-03	-1.680	3787	4.261	3.268
78.567	6.013e-03	-1.745	3856	4.358	2.923
78.567	7.903e-03	-1.831	3878	4.453	2.618
78.567	1.037e-02	-1.931	3860	4.545	2.357
78.567	1.363e-02	-2.041	3804	4.630	2.137
78.567	1.792e-02	-2.145	3751	4.709	1.950
78.567	2.356e-02	-2.240	3709	4.785	1.787
78.567	3.073e-02	-2.328	3677	4.857	1.645
78.567	4.064e-02	-2.432	3612	4.930	1.512
78.567	5.343e-02	-2.534	3542	4.999	1.397
78.567	7.022e-02	-2.628	3486	5.065	1.295
78.567	9.269e-02	-2.735	3401	5.129	1.203
78.567	1.213e-01	-2.852	3288	5.187	1.125
78.567	1.593e-01	-2.970	3167	5.241	1.057
78.567	2.086e-01	-3.113	2998	5.288	1.002
78.567	2.730e-01	-3.254	2827	5.327	0.957
78.567	3.583e-01	-3.406	2640	5.360	0.922
78.567	4.710e-01	-3.553	2464	5.387	0.894
78.567	6.192e-01	-3.682	2316	5.409	0.872
78.567	8.138e-01	-3.797	2191	5.427	0.853
78.567	1.074e+00	-3.910	2072	5.444	0.837
78.567	1.406e+00	-4.016	1965	5.457	0.825
78.567	1.856e+00	-4.111	1872	5.468	0.814
78.567	2.430e+00	-4.193	1795	5.476	0.806
78.567	3.208e+00	-4.264	1730	5.484	0.800
78.567	4.192e+00	-4.320	1681	5.489	0.794
78.567	5.511e+00	-4.366	1640	5.493	0.791
78.567	7.243e+00	-4.397	1614	5.496	0.788
78.567	9.524e+00	-4.415	1598	5.498	0.787
80.663	1.034e-04	-0.638	4023	3.336	9.605
80.663	1.359e-04	-0.736	3948	3.401	8.914
80.663	1.773e-04	-0.825	3881	3.460	8.323
80.663	2.341e-04	-0.904	3828	3.515	7.816
80.663	3.059e-04	-0.956	3797	3.553	7.480
80.663	4.022e-04	-0.986	3779	3.575	7.296
80.663	5.266e-04	-1.005	3768	3.588	7.183
80.663	6.937e-04	-1.027	3759	3.606	7.039
80.663	9.117e-04	-1.066	3745	3.639	6.777
80.663	1.199e-03	-1.174	3711	3.731	6.096
80.663	1.585e-03	-1.309	3704	3.863	5.233
80.663	2.084e-03	-1.418	3712	3.976	4.597
80.663	2.739e-03	-1.514	3728	4.079	4.082
80.663	3.600e-03	-1.598	3759	4.177	3.645
80.663	4.696e-03	-1.671	3803	4.270	3.275
80.663	6.164e-03	-1.733	3879	4.367	2.929
80.663	8.101e-03	-1.819	3901	4.463	2.623
80.663	1.063e-02	-1.922	3874	4.554	2.362
80.663	1.397e-02	-2.032	3819	4.639	2.143
80.663	1.823e-02	-2.132	3768	4.716	1.961
80.663	2.373e-02	-2.224	3729	4.789	1.802
80.663	3.085e-02	-2.310	3698	4.860	1.660
80.663	4.049e-02	-2.408	3641	4.932	1.528
80.663	5.322e-02	-2.511	3572	5.001	1.412
80.663	6.998e-02	-2.604	3516	5.068	1.308
80.663	9.197e-02	-2.707	3439	5.132	1.215
80.663	1.214e-01	-2.824	3330	5.193	1.133
80.663	1.599e-01	-2.941	3212	5.247	1.064
80.663	2.094e-01	-3.076	3055	5.295	1.007
80.663	2.737e-01	-3.210	2892	5.334	0.962
80.663	3.569e-01	-3.351	2718	5.367	0.927
80.663	4.712e-01	-3.489	2550	5.394	0.898
80.663	6.168e-01	-3.612	2404	5.415	0.877
80.663	8.142e-01	-3.716	2287	5.432	0.859
80.663	1.066e+00	-3.807	2189	5.447	0.845
80.663	1.399e+00	-3.890	2101	5.459	0.834
80.663	1.839e+00	-3.964	2025	5.468	0.825
80.663	2.427e+00	-4.023	1965	5.475	0.818
80.663	3.172e+00	-4.066	1923	5.480	0.813
80.663	4.170e+00	-4.095	1894	5.484	0.810
80.663	5.480e+00	-4.113	1877	5.486	0.808
80.663	7.206e+00	-4.122	1868	5.487	0.807
80.663	9.436e+00	-4.125	1865	5.487	0.807
81.710	1.046e-04	-0.632	4034	3.340	9.623
81.710	1.375e-04	-0.730	3958	3.405	8.931
81.710	1.808e-04	-0.821	3890	3.466	8.326
81.710	2.367e-04	-0.896	3838	3.517	7.844
81.710	3.099e-04	-0.946	3808	3.553	7.524
81.710	4.090e-04	-0.974	3792	3.574	7.351
81.710	5.345e-04	-0.992	3781	3.587	7.238
81.710	7.056e-04	-1.017	3768	3.606	7.083
81.710	9.237e-04	-1.060	3751	3.642	6.797
81.710	1.219e-03	-1.182	3714	3.746	6.026
81.710	1.606e-03	-1.312	3709	3.874	5.204
81.710	2.111e-03	-1.419	3716	3.984	4.583
81.710	2.775e-03	-1.513	3733	4.086	4.076
81.710	3.648e-03	-1.596	3764	4.183	3.644
81.710	4.758e-03	-1.667	3811	4.276	3.276
81.710	6.245e-03	-1.728	3890	4.372	2.931
81.710	8.258e-03	-1.816	3913	4.470	2.618
81.710	1.085e-02	-1.922	3880	4.562	2.356
81.710	1.433e-02	-2.032	3824	4.647	2.136
81.710	1.876e-02	-2.134	3772	4.725	1.953
81.710	2.462e-02	-2.227	3735	4.800	1.791
81.710	3.235e-02	-2.316	3702	4.874	1.644
81.710	4.220e-02	-2.413	3644	4.944	1.517
81.710	5.539e-02	-2.513	3578	5.013	1.402
81.710	7.253e-02	-2.606	3523	5.078	1.300
81.710	9.554e-02	-2.710	3444	5.143	1.207
81.710	1.256e-01	-2.824	3336	5.202	1.128
81.710	1.651e-01	-2.939	3221	5.256	1.060
81.710	2.170e-01	-3.074	3063	5.303	1.004
81.710	2.853e-01	-3.209	2900	5.343	0.959
81.710	3.750e-01	-3.348	2726	5.375	0.924
81.710	4.930e-01	-3.476	2570	5.401	0.897
81.710	6.479e-01	-3.594	2429	5.421	0.877
81.710	8.519e-01	-3.689	2321	5.437	0.861
81.710	1.120e+00	-3.768	2234	5.450	0.848
81.710	1.472e+00	-3.837	2160	5.460	0.838
81.710	1.928e+00	-3.894	2100	5.468	0.830
81.710	2.523e+00	-3.939	2054	5.474	0.825
81.710	3.331e+00	-3.969	2023	5.478	0.821
81.710	4.361e+00	-3.985	2006	5.480	0.819
81.710	5.723e+00	-3.993	1998	5.481	0.818
81.710	7.522e+00	-3.996	1996	5.481	0.818
81.710	9.929e+00	-3.997	1995	5.481	0.818
83.805	1.028e-04	-0.606	4065	3.338	9.768
83.805	1.349e-04	-0.703	3990	3.403	9.065
83.805	1.767e-04	-0.794	3921	3.463	8.458
83.805	2.313e-04	-0.869	3867	3.514	7.973
83.805	3.053e-04	-0.919	3835	3.550	7.649
83.805	3.997e-04	-0.945	3819	3.569	7.485
83.805	5.246e-04	-0.964	3808	3.583	7.368
83.805	6.895e-04	-0.991	3792	3.602	7.208
83.805	9.101e-04	-1.041	3767	3.641	6.889
83.805	1.191e-03	-1.166	3727	3.748	6.093
83.805	1.573e-03	-1.296	3718	3.873	5.276
83.805	2.059e-03	-1.400	3725	3.980	4.665
83.805	2.718e-03	-1.495	3739	4.082	4.147
83.805	3.551e-03	-1.576	3768	4.176	3.721
83.805	4.669e-03	-1.650	3812	4.270	3.338
83.805	6.137e-03	-1.705	3905	4.367	2.987
83.805	8.116e-03	-1.792	3932	4.466	2.666
83.805	1.071e-02	-1.899	3902	4.559	2.394
83.805	1.411e-02	-2.009	3846	4.645	2.170
83.805	1.855e-02	-2.112	3794	4.724	1.980
83.805	2.439e-02	-2.205	3756	4.800	1.815
83.805	3.205e-02	-2.295	3723	4.874	1.666
83.805	4.180e-02	-2.388	3674	4.945	1.536
83.805	5.443e-02	-2.486	3609	5.012	1.422
83.805	7.185e-02	-2.581	3554	5.080	1.315
83.805	9.406e-02	-2.680	3483	5.143	1.222
83.805	1.242e-01	-2.791	3383	5.204	1.139
83.805	1.625e-01	-2.904	3269	5.258	1.071
83.805	2.145e-01	-3.028	3131	5.307	1.012
83.805	2.826e-01	-3.159	2972	5.347	0.967
83.805	3.701e-01	-3.284	2818	5.379	0.932
83.805	4.836e-01	-3.401	2671	5.404	0.905
83.805	6.359e-01	-3.507	2542	5.423	0.885
83.805	8.357e-01	-3.592	2441	5.438	0.871
83.805	1.103e+00	-3.658	2364	5.448	0.860
83.805	1.442e+00	-3.700	2317	5.456	0.853
83.805	1.880e+00	-3.732	2282	5.461	0.848
83.805	2.482e+00	-3.754	2258	5.465	0.844
83.805	3.249e+00	-3.765	2246	5.466	0.842
83.805	4.289e+00	-3.771	2240	5.467	0.842
83.805	5.650e+00	-3.772	2238	5.467	0.841
83.805	7.520e+00	-3.773	2237	5.468	0.841
83.805	1.000e+01	-3.773	2237	5.468	0.841
85.900	1.003e-04	-0.577	4098	3.334	9.936
85.900	1.318e-04	-0.675	4022	3.399	9.211
85.900	1.733e-04	-0.767	3951	3.461	8.583
85.900	2.278e-04	-0.844	3895	3.512	8.089
85.900	2.995e-04	-0.893	3862	3.546	7.777
85.900	3.936e-04	-0.918	3846	3.565	7.615
85.900	5.135e-04	-0.937	3834	3.578	7.498
85.900	6.790e-04	-0.965	3818	3.599	7.324
85.900	8.928e-04	-1.021	3786	3.640	6.984
85.900	1.173e-03	-1.154	3740	3.752	6.135
85.900	1.549e-03	-1.283	3727	3.874	5.331
85.900	2.028e-03	-1.385	3733	3.979	4.725
85.900	2.661e-03	-1.477	3747	4.078	4.217
85.900	3.498e-03	-1.560	3772	4.173	3.780
85.900	4.599e-03	-1.635	3813	4.267	3.395
85.900	6.022e-03	-1.686	3909	4.361	3.045
85.900	7.933e-03	-1.766	3949	4.459	2.721
85.900	1.043e-02	-1.869	3926	4.552	2.444
85.900	1.376e-02	-1.981	3870	4.639	2.212
85.900	1.802e-02	-2.084	3818	4.717	2.020
85.900	2.346e-02	-2.175	3779	4.791	1.856
85.900	3.096e-02	-2.266	3747	4.867	1.701
85.900	4.046e-02	-2.355	3709	4.939	1.566
85.900	5.278e-02	-2.455	3643	5.007	1.447
85.900	6.967e-02	-2.550	3588	5.076	1.337
85.900	9.120e-02	-2.644	3525	5.140	1.242
85.900	1.197e-01	-2.748	3439	5.201	1.158
85.900	1.573e-01	-2.863	3324	5.256	1.087
85.900	2.052e-01	-2.968	3216	5.304	1.029
85.900	2.709e-01	-3.096	3060	5.345	0.980
85.900	3.540e-01	-3.209	2922	5.378	0.944
85.900	4.654e-01	-3.318	2784	5.403	0.917
85.900	6.117e-01	-3.409	2671	5.422	0.897
85.900	7.979e-01	-3.479	2585	5.436	0.883
85.900	1.047e+00	-3.533	2520	5.445	0.874
85.900	1.376e+00	-3.565	2482	5.450	0.869
85.900	1.810e+00	-3.582	2461	5.453	0.866
85.900	2.370e+00	-3.589	2453	5.454	0.865
85.900	3.102e+00	-3.591	2450	5.454	0.865
85.900	4.120e+00	-3.592	2449	5.454	0.865
85.900	5.484e+00	-3.592	2449	5.455	0.865
85.900	7.299e+00	-3.592	2449	5.455	0.865
85.900	9.715e+00	-3.593	2448	5.455	0.864
87.996	1.024e-04	-0.565	4117	3.340	9.978
87.996	1.345e-04	-0.663	4043	3.406	9.249
87.996	1.769e-04	-0.754	3972	3.467	8.626
87.996	2.325e-04	-0.827	3918	3.516	8.155
87.996	3.052e-04	-0.871	3887	3.546	7.876
87.996	4.011e-04	-0.894	3871	3.562	7.729
87.996	5.231e-04	-0.913	3859	3.576	7.606
87.996	6.918e-04	-0.945	3839	3.599	7.406
87.996	9.096e-04	-1.015	3798	3.650	6.987
87.996	1.165e-03	-1.146	3753	3.760	6.155
87.996	1.540e-03	-1.273	3736	3.879	5.365
87.996	2.025e-03	-1.375	3741	3.984	4.758
87.996	2.662e-03	-1.466	3756	4.081	4.252
87.996	3.500e-03	-1.549	3779	4.175	3.815
87.996	4.600e-03	-1.622	3820	4.268	3.431
87.996	6.047e-03	-1.674	3917	4.363	3.075
87.996	7.948e-03	-1.749	3969	4.460	2.749
87.996	1.049e-02	-1.855	3943	4.555	2.465
87.996	1.382e-02	-1.966	3888	4.641	2.232
87.996	1.810e-02	-2.068	3836	4.720	2.038
87.996	2.365e-02	-2.160	3798	4.795	1.869
87.996	3.109e-02	-2.250	3766	4.870	1.715
87.996	4.072e-02	-2.338	3731	4.942	1.578
87.996	5.364e-02	-2.440	3667	5.014	1.453
87.996	7.050e-02	-2.534	3612	5.082	1.344
87.996	9.195e-02	-2.625	3556	5.145	1.249
87.996	1.207e-01	-2.727	3472	5.206	1.165
87.996	1.586e-01	-2.837	3363	5.261	1.093
87.996	2.085e-01	-2.939	3261	5.310	1.034
87.996	2.741e-01	-3.057	3120	5.350	0.986
87.996	3.604e-01	-3.162	2991	5.382	0.951
87.996	4.719e-01	-3.252	2879	5.406	0.926
87.996	6.178e-01	-3.329	2780	5.423	0.908
87.996	8.155e-01	-3.384	2712	5.434	0.896
87.996	1.068e+00	-3.418	2670	5.441	0.889
87.996	1.390e+00	-3.436	2648	5.444	0.885
87.996	1.835e+00	-3.444	2638	5.446	0.884
87.996	2.417e+00	-3.446	2635	5.446	0.883
87.996	3.177e+00	-3.447	2634	5.447	0.883
87.996	4.228e+00	-3.447	2634	5.447	0.883
87.996	5.627e+00	-3.448	2634	5.447	0.883
87.996	7.490e+00	-3.448	2633	5.447	0.883
87.996	9.969e+00	-3.448	2633	5.447	0.883
90.091	1.025e-04	-0.547	4141	3.342	10.074
90.091	1.352e-04	-0.645	4067	3.409	9.325
90.091	1.767e-04	-0.734	3998	3.468	8.716
90.091	2.324e-04	-0.804	3944	3.515	8.254
90.091	3.054e-04	-0.846	3914	3.544	7.990
90.091	3.983e-04	-0.868	3899	3.559	7.852
90.091	5.258e-04	-0.890	3884	3.574	7.716
90.091	6.926e-04	-0.925	3862	3.599	7.497
90.091	9.103e-04	-1.005	3813	3.658	7.007
90.091	1.197e-03	-1.156	3759	3.784	6.062
90.091	1.573e-03	-1.274	3745	3.895	5.331
90.091	2.076e-03	-1.375	3750	3.998	4.736
90.091	2.714e-03	-1.461	3765	4.092	4.252
90.091	3.539e-03	-1.542	3786	4.182	3.833
90.091	4.672e-03	-1.613	3833	4.275	3.445
90.091	6.116e-03	-1.664	3927	4.368	3.095
90.091	8.027e-03	-1.734	3988	4.464	2.768
90.091	1.055e-02	-1.840	3960	4.558	2.486
90.091	1.393e-02	-1.952	3904	4.645	2.248
90.091	1.823e-02	-2.054	3852	4.724	2.053
90.091	2.374e-02	-2.144	3816	4.798	1.885
90.091	3.116e-02	-2.233	3785	4.873	1.730
90.091	4.080e-02	-2.321	3752	4.945	1.592
90.091	5.341e-02	-2.418	3694	5.015	1.468
90.091	7.050e-02	-2.514	3639	5.085	1.355
90.091	9.229e-02	-2.605	3584	5.149	1.258
90.091	1.211e-01	-2.704	3505	5.210	1.173
90.091	1.592e-01	-2.810	3404	5.265	1.101
90.091	2.093e-01	-2.910	3304	5.313	1.042
90.091	2.751e-01	-3.012	3187	5.353	0.995
90.091	3.631e-01	-3.111	3065	5.384	0.961
90.091	4.754e-01	-3.187	2971	5.406	0.937
90.091	6.275e-01	-3.246	2896	5.421	0.920
90.091	8.266e-01	-3.288	2843	5.430	0.911
90.091	1.086e+00	-3.309	2816	5.435	0.906
90.091	1.417e+00	-3.317	2805	5.436	0.904
90.091	1.845e+00	-3.320	2802	5.437	0.903
90.091	2.436e+00	-3.321	2801	5.437	0.903
90.091	3.235e+00	-3.321	2801	5.437	0.903
90.091	4.306e+00	-3.321	2801	5.437	0.903
90.091	5.731e+00	-3.321	2800	5.437	0.903
90.091	7.628e+00	-3.322	2800	5.437	0.903
90.091	1.000e+01	-3.322	2799	5.438	0.903
92.186	1.009e-04	-0.523	4168	3.340	10.218
92.186	1.326e-04	-0.620	4097	3.407	9.464
92.186	1.743e-04	-0.710	4026	3.467	8.831
92.186	2.291e-04	-0.779	3973	3.513	8.372
92.186	3.013e-04	-0.820	3943	3.540	8.114
92.186	3.959e-04	-0.842	3927	3.555	7.974
92.186	5.165e-04	-0.864	3912	3.570	7.838
92.186	6.830e-04	-0.902	3886	3.597	7.599
92.186	8.980e-04	-0.991	3831	3.662	7.055
92.186	1.180e-03	-1.144	3772	3.788	6.103
92.186	1.552e-03	-1.261	3755	3.897	5.383
92.186	2.039e-03	-1.359	3758	3.996	4.801
92.186	2.681e-03	-1.447	3773	4.091	4.305
92.186	3.524e-03	-1.530	3792	4.182	3.874
92.186	4.597e-03	-1.599	3834	4.270	3.501
92.186	6.033e-03	-1.649	3929	4.363	3.146
92.186	7.929e-03	-1.713	4005	4.461	2.812
92.186	1.047e-02	-1.820	3980	4.556	2.519
92.186	1.379e-02	-1.931	3924	4.643	2.279
92.186	1.806e-02	-2.034	3872	4.723	2.080
92.186	2.359e-02	-2.126	3835	4.798	1.907
92.186	3.102e-02	-2.215	3804	4.873	1.749
92.186	4.062e-02	-2.303	3772	4.946	1.608
92.186	5.318e-02	-2.397	3721	5.017	1.483
92.186	6.980e-02	-2.491	3667	5.085	1.370
92.186	9.174e-02	-2.583	3612	5.151	1.271
92.186	1.197e-01	-2.677	3541	5.211	1.186
92.186	1.579e-01	-2.779	3449	5.267	1.112
92.186	2.068e-01	-2.875	3352	5.313	1.054
92.186	2.714e-01	-2.962	3260	5.352	1.007
92.186	3.567e-01	-3.052	3149	5.382	0.974
92.186	4.652e-01	-3.117	3069	5.402	0.952
92.186	6.106e-01	-3.163	3011	5.415	0.937
92.186	8.025e-01	-3.191	2976	5.423	0.929
92.186	1.047e+00	-3.205	2959	5.426	0.925
92.186	1.374e+00	-3.210	2952	5.428	0.924
92.186	1.799e+00	-3.212	2950	5.428	0.923
92.186	2.370e+00	-3.212	2950	5.428	0.923
92.186	3.154e+00	-3.212	2950	5.428	0.923
92.186	4.198e+00	-3.212	2949	5.428	0.923
92.186	5.588e+00	-3.213	2949	5.428	0.923
92.186	7.438e+00	-3.213	2949	5.429	0.923
92.186	9.900e+00	-3.213	2948	5.429	0.923
94.281	1.004e-04	-0.503	4192	3.340	10.332
94.281	1.320e-04	-0.600	4123	3.407	9.566
94.281	1.735e-04	-0.689	4053	3.467	8.929
94.281	2.262e-04	-0.755	4002	3.511	8.488
94.281	2.986e-04	-0.794	3973	3.537	8.234
94.281	3.910e-04	-0.816	3956	3.552	8.097
94.281	5.131e-04	-0.839	3939	3.568	7.949
94.281	6.744e-04	-0.880	3910	3.596	7.696
94.281	8.902e-04	-0.982	3846	3.669	7.074
94.281	1.165e-03	-1.133	3785	3.792	6.145
94.281	1.530e-03	-1.248	3764	3.898	5.437
94.281	2.010e-03	-1.346	3765	3.996	4.858
94.281	2.643e-03	-1.432	3780	4.089	4.362
94.281	3.474e-03	-1.515	3797	4.180	3.930
94.281	4.531e-03	-1.585	3836	4.267	3.555
94.281	5.981e-03	-1.636	3932	4.361	3.190
94.281	7.830e-03	-1.692	4022	4.456	2.858
94.281	1.035e-02	-1.799	3999	4.554	2.556
94.281	1.361e-02	-1.910	3944	4.641	2.312
94.281	1.789e-02	-2.014	3891	4.721	2.106
94.281	2.334e-02	-2.106	3854	4.797	1.932
94.281	3.081e-02	-2.197	3823	4.873	1.769
94.281	4.033e-02	-2.284	3791	4.946	1.627
94.281	5.293e-02	-2.376	3747	5.018	1.498
94.281	6.931e-02	-2.469	3694	5.086	1.384
94.281	9.058e-02	-2.559	3641	5.151	1.285
94.281	1.181e-01	-2.650	3577	5.211	1.199
94.281	1.560e-01	-2.746	3496	5.267	1.124
94.281	2.038e-01	-2.839	3401	5.313	1.066
94.281	2.680e-01	-2.919	3320	5.351	1.021
94.281	3.509e-01	-2.993	3235	5.379	0.988
94.281	4.562e-01	-3.051	3162	5.398	0.967
94.281	5.961e-01	-3.087	3117	5.409	0.955
94.281	7.838e-01	-3.106	3093	5.415	0.948
94.281	1.030e+00	-3.114	3083	5.417	0.946
94.281	1.354e+00	-3.117	3080	5.418	0.945
94.281	1.795e+00	-3.118	3079	5.418	0.945
94.281	2.389e+00	-3.118	3079	5.418	0.945
94.281	3.180e+00	-3.118	3079	5.418	0.944
94.281	4.232e+00	-3.118	3078	5.418	0.944
94.281	5.633e+00	-3.118	3078	5.418	0.944
94.281	7.498e+00	-3.119	3077	5.418	0.944
94.281	9.979e+00	-3.119	3077	5.419	0.944
96.376	1.029e-04	-0.494	4209	3.347	10.358
96.376	1.346e-04	-0.588	4141	3.413	9.604
96.376	1.777e-04	-0.676	4073	3.472	8.971
96.376	2.327e-04	-0.738	4025	3.514	8.556
96.376	3.071e-04	-0.772	3999	3.537	8.333
96.376	4.014e-04	-0.793	3983	3.551	8.199
96.376	5.218e-04	-0.818	3965	3.567	8.042
96.376	6.806e-04	-0.864	3931	3.599	7.758
96.376	8.983e-04	-0.986	3853	3.686	7.018
96.376	1.176e-03	-1.132	3794	3.804	6.121
96.376	1.555e-03	-1.247	3773	3.910	5.419
96.376	2.029e-03	-1.340	3773	4.003	4.869
96.376	2.663e-03	-1.424	3789	4.095	4.382
96.376	3.499e-03	-1.507	3804	4.184	3.952
96.376	4.601e-03	-1.576	3847	4.273	3.568
96.376	6.047e-03	-1.626	3941	4.365	3.209
96.376	7.982e-03	-1.682	4040	4.464	2.866
96.376	1.051e-02	-1.789	4014	4.559	2.566
96.376	1.382e-02	-1.900	3958	4.646	2.322
96.376	1.814e-02	-2.004	3906	4.727	2.117
96.376	2.384e-02	-2.097	3869	4.804	1.937
96.376	3.134e-02	-2.187	3838	4.880	1.775
96.376	4.119e-02	-2.275	3806	4.953	1.631
96.376	5.373e-02	-2.362	3770	5.024	1.504
96.376	7.106e-02	-2.458	3715	5.095	1.386
96.376	9.268e-02	-2.547	3662	5.159	1.288
96.376	1.216e-01	-2.638	3600	5.219	1.200
96.376	1.599e-01	-2.729	3525	5.273	1.128
96.376	2.102e-01	-2.818	3436	5.318	1.071
96.376	2.763e-01	-2.891	3361	5.353	1.029
96.376	3.603e-01	-2.947	3301	5.378	1.000
96.376	4.757e-01	-2.994	3245	5.395	0.981
96.376	6.266e-01	-3.020	3211	5.404	0.971
96.376	8.205e-01	-3.031	3198	5.407	0.967
96.376	1.072e+00	-3.035	3193	5.408	0.966
96.376	1.415e+00	-3.035	3192	5.408	0.966
96.376	1.884e+00	-3.036	3192	5.408	0.966
96.376	2.507e+00	-3.036	3192	5.408	0.966
96.376	3.337e+00	-3.036	3192	5.408	0.966
96.376	4.442e+00	-3.036	3191	5.409	0.966
96.376	5.912e+00	-3.037	3191	5.409	0.965
96.376	7.869e+00	-3.037	3190	5.409	0.965
96.376	1.000e+01	-3.038	3190	5.409	0.965
98.471	1.040e-04	-0.481	4228	3.351	10.425
98.471	1.366e-04	-0.575	4160	3.418	9.657
98.471	1.793e-04	-0.659	4096	3.475	9.046
98.471	2.357e-04	-0.718	4050	3.514	8.647
98.471	3.099e-04	-0.749	4026	3.534	8.443
98.471	4.058e-04	-0.770	4011	3.549	8.307
98.471	5.345e-04	-0.799	3989	3.568	8.121
98.471	7.025e-04	-0.857	3946	3.607	7.763
98.471	9.217e-04	-1.002	3852	3.711	6.890
98.471	1.199e-03	-1.135	3802	3.820	6.074
98.471	1.570e-03	-1.243	3782	3.919	5.420
98.471	2.060e-03	-1.336	3782	4.013	4.869
98.471	2.698e-03	-1.418	3797	4.102	4.393
98.471	3.532e-03	-1.499	3812	4.189	3.972
98.471	4.636e-03	-1.567	3856	4.277	3.591
98.471	6.093e-03	-1.616	3950	4.369	3.231
98.471	8.042e-03	-1.670	4051	4.466	2.888
98.471	1.059e-02	-1.776	4029	4.563	2.585
98.471	1.392e-02	-1.887	3974	4.649	2.339
98.471	1.827e-02	-1.991	3921	4.730	2.131
98.471	2.402e-02	-2.084	3886	4.808	1.950
98.471	3.133e-02	-2.171	3856	4.881	1.791
98.471	4.135e-02	-2.261	3823	4.956	1.643
98.471	5.404e-02	-2.345	3793	5.027	1.514
98.471	7.133e-02	-2.441	3739	5.098	1.395
98.471	9.338e-02	-2.531	3686	5.163	1.295
98.471	1.216e-01	-2.615	3632	5.221	1.211
98.471	1.596e-01	-2.703	3561	5.275	1.139
98.471	2.097e-01	-2.786	3481	5.319	1.083
98.471	2.758e-01	-2.854	3412	5.352	1.042
98.471	3.624e-01	-2.902	3362	5.375	1.015
98.471	4.765e-01	-2.934	3328	5.389	0.998
98.471	6.263e-01	-2.953	3307	5.396	0.990
98.471	8.234e-01	-2.960	3298	5.399	0.987
98.471	1.082e+00	-2.962	3296	5.400	0.986
98.471	1.429e+00	-2.962	3296	5.400	0.986
98.471	1.901e+00	-2.962	3295	5.400	0.986
98.471	2.531e+00	-2.963	3295	5.400	0.986
98.471	3.368e+00	-2.963	3295	5.400	0.986
98.471	4.483e+00	-2.963	3295	5.400	0.986
98.471	5.967e+00	-2.963	3294	5.400	0.985
98.471	7.943e+00	-2.964	3294	5.400	0.985
100.566	1.001e-04	-0.450	4259	3.343	10.641
100.566	1.301e-04	-0.542	4194	3.407	9.876
100.566	1.697e-04	-0.625	4132	3.465	9.245
100.566	2.241e-04	-0.688	4083	3.507	8.807
100.566	2.933e-04	-0.721	4058	3.529	8.589
100.566	3.850e-04	-0.742	4041	3.543	8.448
100.566	5.060e-04	-0.770	4020	3.562	8.266
100.566	6.679e-04	-0.826	3978	3.600	7.914
100.566	8.743e-04	-0.967	3883	3.698	7.067
100.566	1.148e-03	-1.109	3818	3.812	6.201
100.566	1.508e-03	-1.221	3791	3.911	5.529
100.566	1.967e-03	-1.313	3788	4.001	4.984
100.566	2.582e-03	-1.395	3803	4.091	4.498
100.566	3.393e-03	-1.477	3817	4.179	4.064
100.566	4.426e-03	-1.548	3847	4.263	3.687
100.566	5.843e-03	-1.598	3941	4.355	3.317
100.566	7.696e-03	-1.650	4041	4.451	2.971
100.566	1.011e-02	-1.740	4055	4.547	2.658
100.566	1.338e-02	-1.856	3998	4.638	2.395
100.566	1.759e-02	-1.961	3945	4.720	2.179
100.566	2.303e-02	-2.055	3907	4.797	1.994
100.566	3.015e-02	-2.143	3877	4.872	1.829
100.566	3.957e-02	-2.231	3846	4.946	1.680
100.566	5.182e-02	-2.316	3818	5.018	1.547
100.566	6.784e-02	-2.406	3773	5.088	1.427
100.566	8.955e-02	-2.499	3719	5.155	1.320
100.566	1.172e-01	-2.584	3666	5.215	1.232
100.566	1.539e-01	-2.668	3602	5.269	1.158
100.566	2.022e-01	-2.744	3537	5.313	1.101
100.566	2.659e-01	-2.810	3469	5.346	1.060
100.566	3.494e-01	-2.855	3423	5.368	1.034
100.566	4.594e-01	-2.882	3395	5.380	1.019
100.566	6.016e-01	-2.894	3382	5.386	1.012
100.566	7.862e-01	-2.899	3377	5.389	1.009
100.566	1.025e+00	-2.901	3376	5.389	1.009
100.566	1.346e+00	-2.901	3376	5.389	1.008
100.566	1.784e+00	-2.901	3375	5.389	1.008
100.566	2.374e+00	-2.901	3375	5.389	1.008
100.566	3.160e+00	-2.901	3375	5.390	1.008
100.566	4.206e+00	-2.902	3375	5.390	1.008
100.566	5.598e+00	-2.902	3374	5.390	1.008
100.566	7.451e+00	-2.903	3374	5.390	1.008
100.566	9.917e+00	-2.903	3373	5.390	1.007
102.661	1.034e-04	-0.446	4271	3.352	10.638
102.661	1.362e-04	-0.540	4204	3.419	9.846
102.661	1.790e-04	-0.621	4145	3.475	9.236
102.661	2.335e-04	-0.673	4105	3.510	8.870
102.661	3.040e-04	-0.700	4083	3.528	8.683
102.661	3.991e-04	-0.722	4066	3.543	8.538
102.661	5.245e-04	-0.755	4041	3.565	8.326
102.661	6.923e-04	-0.826	3988	3.612	7.880
102.661	9.063e-04	-0.987	3879	3.726	6.918
102.661	1.199e-03	-1.123	3823	3.836	6.092
102.661	1.576e-03	-1.230	3799	3.932	5.454
102.661	2.071e-03	-1.320	3798	4.022	4.915
102.661	2.723e-03	-1.402	3813	4.111	4.440
102.661	3.579e-03	-1.482	3828	4.198	4.018
102.661	4.705e-03	-1.548	3873	4.284	3.636
102.661	6.184e-03	-1.597	3967	4.375	3.275
102.661	8.131e-03	-1.649	4067	4.471	2.934
102.661	1.065e-02	-1.747	4061	4.565	2.632
102.661	1.394e-02	-1.857	4006	4.651	2.382
102.661	1.840e-02	-1.963	3953	4.734	2.166
102.661	2.409e-02	-2.054	3919	4.811	1.983
102.661	3.179e-02	-2.145	3888	4.888	1.814
102.661	4.155e-02	-2.232	3857	4.961	1.669
102.661	5.419e-02	-2.313	3833	5.031	1.539
102.661	7.154e-02	-2.406	3787	5.103	1.417
102.661	9.365e-02	-2.495	3735	5.168	1.315
102.661	1.219e-01	-2.576	3684	5.225	1.231
102.661	1.610e-01	-2.657	3624	5.278	1.158
102.661	2.107e-01	-2.725	3568	5.318	1.106
102.661	2.781e-01	-2.782	3510	5.348	1.069
102.661	3.641e-01	-2.818	3473	5.365	1.048
102.661	4.779e-01	-2.837	3454	5.374	1.037
102.661	6.213e-01	-2.844	3446	5.378	1.033
102.661	8.135e-01	-2.847	3444	5.379	1.031
102.661	1.072e+00	-2.847	3443	5.379	1.031
102.661	1.426e+00	-2.847	3443	5.379	1.031
102.661	1.899e+00	-2.848	3443	5.379	1.031
102.661	2.527e+00	-2.848	3443	5.379	1.031
102.661	3.363e+00	-2.848	3442	5.379	1.031
102.661	4.477e+00	-2.848	3442	5.379	1.031
102.661	5.958e+00	-2.849	3442	5.380	1.030
102.661	7.931e+00	-2.849	3441	5.380	1.030
104.757	1.017e-04	-0.426	4290	3.348	10.787
104.757	1.337e-04	-0.517	4230	3.416	9.986
104.757	1.765e-04	-0.598	4171	3.472	9.357
104.757	2.307e-04	-0.649	4132	3.507	8.990
104.757	3.033e-04	-0.677	4111	3.525	8.799
104.757	3.972e-04	-0.699	4094	3.540	8.649
104.757	5.232e-04	-0.734	4066	3.564	8.418
104.757	6.876e-04	-0.812	4007	3.616	7.925
104.757	9.040e-04	-0.982	3891	3.734	6.917
104.757	1.188e-03	-1.113	3834	3.840	6.127
104.757	1.559e-03	-1.218	3808	3.934	5.499
104.757	2.050e-03	-1.309	3805	4.023	4.963
104.757	2.673e-03	-1.387	3820	4.107	4.502
104.757	3.529e-03	-1.468	3834	4.195	4.070
104.757	4.620e-03	-1.535	3873	4.280	3.693
104.757	6.063e-03	-1.583	3966	4.369	3.332
104.757	7.969e-03	-1.635	4065	4.464	2.988
104.757	1.048e-02	-1.724	4081	4.560	2.674
104.757	1.377e-02	-1.837	4025	4.648	2.415
104.757	1.807e-02	-1.941	3972	4.730	2.198
104.757	2.367e-02	-2.034	3937	4.807	2.011
104.757	3.098e-02	-2.122	3908	4.882	1.845
104.757	4.090e-02	-2.212	3876	4.958	1.691
104.757	5.354e-02	-2.295	3851	5.030	1.557
104.757	7.067e-02	-2.384	3813	5.102	1.433
104.757	9.309e-02	-2.475	3760	5.168	1.328
104.757	1.219e-01	-2.557	3710	5.227	1.241
104.757	1.593e-01	-2.630	3659	5.276	1.172
104.757	2.078e-01	-2.693	3608	5.315	1.121
104.757	2.743e-01	-2.744	3563	5.343	1.085
104.757	3.591e-01	-2.775	3530	5.359	1.066
104.757	4.713e-01	-2.791	3514	5.367	1.057
104.757	6.171e-01	-2.796	3508	5.369	1.053
104.757	8.065e-01	-2.798	3507	5.370	1.052
104.757	1.052e+00	-2.798	3506	5.370	1.052
104.757	1.397e+00	-2.798	3506	5.370	1.052
104.757	1.860e+00	-2.798	3506	5.370	1.052
104.757	2.475e+00	-2.798	3506	5.370	1.052
104.757	3.295e+00	-2.799	3506	5.370	1.052
104.757	4.385e+00	-2.799	3505	5.370	1.052
104.757	5.837e+00	-2.799	3505	5.371	1.052
104.757	7.769e+00	-2.800	3504	5.371	1.051
104.757	1.000e+01	-2.800	3504	5.371	1.051
