Mass/Mjup	Age/Gyr	log(L/Lsun)	Teff	log(g)	Radius/Rjup
0.047	1.045e-04	-5.950	612	2.144	0.917
0.047	1.382e-04	-6.097	578	2.191	0.868
0.047	1.817e-04	-6.230	548	2.233	0.827
0.047	2.403e-04	-6.338	527	2.273	0.790
0.047	3.172e-04	-6.434	511	2.312	0.755
0.047	4.152e-04	-6.533	493	2.350	0.723
0.047	5.491e-04	-6.643	473	2.388	0.691
0.047	7.219e-04	-6.745	455	2.425	0.663
0.047	9.548e-04	-6.854	437	2.461	0.636
0.047	1.263e-03	-6.973	416	2.496	0.611
0.047	1.660e-03	-7.098	394	2.528	0.589
0.047	2.195e-03	-7.215	375	2.559	0.568
0.047	2.897e-03	-7.334	356	2.588	0.549
0.047	3.831e-03	-7.454	338	2.617	0.532
0.047	5.047e-03	-7.564	322	2.644	0.515
0.047	6.633e-03	-7.671	308	2.671	0.500
0.047	8.772e-03	-7.781	293	2.697	0.485
0.047	1.158e-02	-7.888	280	2.724	0.470
0.047	1.516e-02	-7.994	267	2.749	0.456
0.047	2.005e-02	-8.108	254	2.776	0.443
0.047	2.615e-02	-8.212	243	2.800	0.430
0.047	3.432e-02	-8.320	232	2.825	0.418
0.047	4.511e-02	-8.427	221	2.848	0.407
0.047	5.930e-02	-8.533	210	2.871	0.397
0.047	7.794e-02	-8.643	200	2.894	0.387
0.047	1.029e-01	-8.764	189	2.915	0.377
0.047	1.361e-01	-8.892	178	2.937	0.368
0.047	1.799e-01	-9.037	165	2.956	0.360
0.047	2.375e-01	-9.183	153	2.973	0.353
0.047	3.129e-01	-9.331	142	2.988	0.347
0.047	4.112e-01	-9.468	132	3.001	0.342
0.047	5.407e-01	-9.591	124	3.012	0.337
0.047	7.106e-01	-9.712	116	3.022	0.334
0.047	9.380e-01	-9.827	109	3.030	0.330
0.047	1.228e+00	-9.940	103	3.038	0.327
0.047	1.621e+00	-10.077	96	3.047	0.324
0.047	2.144e+00	-10.237	88	3.057	0.320
0.047	2.835e+00	-10.415	80	3.066	0.317
0.047	3.749e+00	-10.601	72	3.076	0.313
0.063	1.026e-04	-5.727	688	2.250	0.937
0.063	1.358e-04	-5.851	659	2.297	0.887
0.063	1.792e-04	-5.989	623	2.339	0.845
0.063	2.360e-04	-6.120	591	2.377	0.809
0.063	3.122e-04	-6.238	564	2.414	0.776
0.063	4.103e-04	-6.346	540	2.447	0.746
0.063	5.416e-04	-6.457	517	2.481	0.718
0.063	7.162e-04	-6.565	495	2.514	0.691
0.063	9.435e-04	-6.664	476	2.546	0.666
0.063	1.248e-03	-6.767	457	2.579	0.641
0.063	1.650e-03	-6.881	436	2.611	0.618
0.063	2.182e-03	-7.006	413	2.641	0.597
0.063	2.886e-03	-7.128	391	2.670	0.577
0.063	3.817e-03	-7.258	369	2.697	0.560
0.063	5.048e-03	-7.373	350	2.723	0.543
0.063	6.676e-03	-7.487	333	2.748	0.528
0.063	8.829e-03	-7.598	317	2.772	0.513
0.063	1.160e-02	-7.707	301	2.796	0.500
0.063	1.532e-02	-7.816	287	2.819	0.486
0.063	2.018e-02	-7.927	273	2.842	0.473
0.063	2.652e-02	-8.037	260	2.865	0.461
0.063	3.500e-02	-8.151	246	2.888	0.449
0.063	4.611e-02	-8.260	234	2.911	0.438
0.063	6.060e-02	-8.371	223	2.932	0.427
0.063	8.014e-02	-8.479	212	2.954	0.416
0.063	1.058e-01	-8.593	201	2.975	0.406
0.063	1.399e-01	-8.721	189	2.996	0.397
0.063	1.850e-01	-8.855	177	3.016	0.387
0.063	2.437e-01	-9.013	163	3.035	0.379
0.063	3.203e-01	-9.166	151	3.051	0.372
0.063	4.228e-01	-9.326	139	3.065	0.366
0.063	5.570e-01	-9.470	129	3.078	0.361
0.063	7.320e-01	-9.612	119	3.088	0.357
0.063	8.857e-01	-9.713	113	3.095	0.354
0.063	1.171e+00	-9.851	105	3.104	0.350
0.063	1.543e+00	-9.969	98	3.110	0.348
0.063	2.028e+00	-10.066	93	3.115	0.346
0.063	2.677e+00	-10.148	89	3.119	0.344
0.063	3.526e+00	-10.220	86	3.123	0.343
0.063	4.635e+00	-10.283	83	3.126	0.342
0.063	6.093e+00	-10.338	80	3.128	0.341
0.063	8.059e+00	-10.396	78	3.131	0.340
0.126	1.030e-04	-5.256	807	2.355	1.174
0.126	1.354e-04	-5.364	779	2.403	1.110
0.126	1.787e-04	-5.498	741	2.450	1.052
0.126	2.354e-04	-5.612	711	2.492	1.002
0.126	3.113e-04	-5.760	668	2.532	0.957
0.126	4.091e-04	-5.890	633	2.567	0.919
0.126	5.410e-04	-6.015	600	2.601	0.884
0.126	7.141e-04	-6.130	572	2.632	0.853
0.126	9.407e-04	-6.259	540	2.662	0.824
0.126	1.236e-03	-6.378	513	2.690	0.798
0.126	1.626e-03	-6.482	491	2.717	0.774
0.126	2.136e-03	-6.578	471	2.744	0.750
0.126	2.825e-03	-6.688	449	2.771	0.727
0.126	3.737e-03	-6.807	426	2.798	0.705
0.126	4.942e-03	-6.927	404	2.823	0.685
0.126	6.523e-03	-7.062	378	2.847	0.666
0.126	8.592e-03	-7.176	359	2.869	0.649
0.126	1.129e-02	-7.293	340	2.890	0.634
0.126	1.485e-02	-7.403	323	2.911	0.619
0.126	1.951e-02	-7.513	307	2.932	0.604
0.126	2.576e-02	-7.629	290	2.953	0.590
0.126	3.372e-02	-7.746	275	2.972	0.577
0.126	4.460e-02	-7.856	261	2.992	0.564
0.126	5.898e-02	-7.968	247	3.012	0.551
0.126	7.785e-02	-8.076	235	3.031	0.539
0.126	1.030e-01	-8.188	223	3.051	0.527
0.126	1.356e-01	-8.298	211	3.070	0.515
0.126	1.782e-01	-8.415	200	3.088	0.504
0.126	2.353e-01	-8.547	187	3.107	0.494
0.126	3.099e-01	-8.687	174	3.124	0.484
0.126	4.073e-01	-8.842	161	3.139	0.476
0.126	5.356e-01	-8.999	148	3.153	0.468
0.126	7.039e-01	-9.166	135	3.165	0.462
0.126	9.255e-01	-9.327	124	3.176	0.456
0.126	1.216e+00	-9.493	114	3.186	0.451
0.126	1.606e+00	-9.656	104	3.194	0.446
0.126	2.115e+00	-9.814	95	3.202	0.443
0.126	2.780e+00	-9.969	87	3.209	0.439
0.126	3.669e+00	-10.123	80	3.215	0.436
0.126	4.833e+00	-10.274	74	3.221	0.433
0.189	1.028e-04	-4.935	943	2.481	1.243
0.189	1.351e-04	-5.059	903	2.532	1.173
0.189	1.783e-04	-5.192	859	2.577	1.113
0.189	2.349e-04	-5.300	828	2.620	1.059
0.189	3.087e-04	-5.426	788	2.661	1.011
0.189	4.059e-04	-5.572	740	2.698	0.968
0.189	5.334e-04	-5.705	699	2.731	0.932
0.189	7.055e-04	-5.839	659	2.762	0.899
0.189	9.275e-04	-5.964	623	2.791	0.870
0.189	1.219e-03	-6.105	584	2.818	0.843
0.189	1.612e-03	-6.239	548	2.843	0.819
0.189	2.120e-03	-6.352	521	2.866	0.798
0.189	2.786e-03	-6.458	496	2.889	0.777
0.189	3.634e-03	-6.563	473	2.911	0.757
0.189	4.769e-03	-6.674	450	2.934	0.738
0.189	6.268e-03	-6.781	428	2.956	0.720
0.189	8.274e-03	-6.932	397	2.977	0.702
0.189	1.090e-02	-7.049	376	2.997	0.687
0.189	1.432e-02	-7.168	355	3.016	0.672
0.189	1.891e-02	-7.282	336	3.034	0.657
0.189	2.491e-02	-7.394	318	3.053	0.644
0.189	3.274e-02	-7.506	301	3.070	0.631
0.189	4.329e-02	-7.625	284	3.088	0.618
0.189	5.725e-02	-7.741	269	3.106	0.605
0.189	7.558e-02	-7.853	254	3.123	0.594
0.189	9.894e-02	-7.960	241	3.140	0.582
0.189	1.308e-01	-8.071	229	3.157	0.571
0.189	1.727e-01	-8.181	217	3.174	0.560
0.189	2.261e-01	-8.291	205	3.190	0.550
0.189	2.990e-01	-8.420	193	3.207	0.539
0.189	3.947e-01	-8.559	179	3.222	0.529
0.189	5.167e-01	-8.710	166	3.236	0.521
0.189	6.820e-01	-8.868	152	3.249	0.513
0.189	8.984e-01	-9.039	139	3.261	0.507
0.189	1.188e+00	-9.207	127	3.271	0.501
0.189	1.562e+00	-9.377	116	3.280	0.496
0.189	2.061e+00	-9.544	106	3.288	0.491
0.189	2.698e+00	-9.702	97	3.295	0.487
0.189	3.542e+00	-9.860	89	3.301	0.484
0.189	4.655e+00	-10.016	81	3.306	0.481
0.189	6.144e+00	-10.167	75	3.312	0.478
0.262	1.001e-04	-4.679	1066	2.581	1.305
0.262	1.321e-04	-4.799	1025	2.631	1.231
0.262	1.729e-04	-4.911	986	2.677	1.168
0.262	2.287e-04	-5.033	943	2.722	1.109
0.262	3.024e-04	-5.178	889	2.763	1.058
0.262	3.992e-04	-5.291	851	2.801	1.013
0.262	5.279e-04	-5.432	801	2.837	0.971
0.262	6.954e-04	-5.580	749	2.869	0.937
0.262	9.139e-04	-5.709	707	2.898	0.906
0.262	1.206e-03	-5.840	666	2.925	0.878
0.262	1.589e-03	-5.988	621	2.951	0.853
0.262	2.102e-03	-6.130	580	2.974	0.830
0.262	2.762e-03	-6.256	546	2.995	0.810
0.262	3.632e-03	-6.375	516	3.015	0.791
0.262	4.773e-03	-6.484	490	3.035	0.773
0.262	6.300e-03	-6.596	465	3.056	0.756
0.262	8.299e-03	-6.703	442	3.075	0.739
0.262	1.098e-02	-6.852	410	3.095	0.722
0.262	1.443e-02	-6.972	387	3.112	0.708
0.262	1.904e-02	-7.093	364	3.130	0.694
0.262	2.493e-02	-7.209	344	3.146	0.681
0.262	3.290e-02	-7.324	325	3.162	0.668
0.262	4.307e-02	-7.435	308	3.178	0.656
0.262	5.686e-02	-7.554	290	3.194	0.644
0.262	7.490e-02	-7.675	273	3.210	0.633
0.262	9.844e-02	-7.784	259	3.225	0.622
0.262	1.284e-01	-7.890	245	3.240	0.611
0.262	1.695e-01	-7.998	233	3.255	0.601
0.262	2.233e-01	-8.107	220	3.270	0.590
0.262	2.934e-01	-8.218	209	3.285	0.580
0.262	3.873e-01	-8.344	196	3.300	0.570
0.262	5.102e-01	-8.481	182	3.314	0.561
0.262	6.747e-01	-8.634	168	3.328	0.552
0.262	8.868e-01	-8.793	154	3.339	0.545
0.262	1.171e+00	-8.965	141	3.350	0.538
0.262	1.532e+00	-9.129	129	3.359	0.533
0.262	2.023e+00	-9.300	117	3.368	0.528
0.262	2.648e+00	-9.464	107	3.375	0.523
0.262	3.495e+00	-9.629	98	3.381	0.519
0.262	4.576e+00	-9.787	90	3.387	0.516
0.262	6.040e+00	-9.948	82	3.392	0.513
0.524	1.022e-04	-4.096	1389	2.758	1.505
0.524	1.347e-04	-4.209	1347	2.818	1.404
0.524	1.770e-04	-4.343	1288	2.874	1.317
0.524	2.341e-04	-4.487	1220	2.924	1.244
0.524	3.078e-04	-4.613	1164	2.969	1.181
0.524	4.045e-04	-4.737	1111	3.011	1.125
0.524	5.340e-04	-4.866	1054	3.050	1.075
0.524	6.990e-04	-4.995	999	3.086	1.032
0.524	9.227e-04	-5.150	932	3.119	0.993
0.524	1.215e-03	-5.272	884	3.150	0.959
0.524	1.607e-03	-5.415	828	3.178	0.928
0.524	2.113e-03	-5.559	773	3.204	0.901
0.524	2.789e-03	-5.712	718	3.228	0.876
0.524	3.673e-03	-5.874	662	3.249	0.856
0.524	4.828e-03	-6.004	621	3.267	0.837
0.524	6.373e-03	-6.139	581	3.286	0.820
0.524	8.343e-03	-6.270	543	3.302	0.805
0.524	1.095e-02	-6.394	510	3.318	0.790
0.524	1.439e-02	-6.509	482	3.334	0.776
0.524	1.903e-02	-6.643	450	3.349	0.762
0.524	2.502e-02	-6.773	421	3.363	0.750
0.524	3.289e-02	-6.894	396	3.377	0.738
0.524	4.341e-02	-7.015	373	3.391	0.726
0.524	5.683e-02	-7.130	351	3.404	0.715
0.524	7.501e-02	-7.253	330	3.417	0.705
0.524	9.820e-02	-7.371	310	3.430	0.695
0.524	1.299e-01	-7.499	290	3.443	0.684
0.524	1.714e-01	-7.632	271	3.455	0.675
0.524	2.267e-01	-7.723	259	3.467	0.666
0.524	2.998e-01	-7.825	246	3.479	0.656
0.524	3.950e-01	-7.936	232	3.492	0.647
0.524	5.191e-01	-8.051	219	3.504	0.637
0.524	6.852e-01	-8.172	206	3.517	0.628
0.524	9.062e-01	-8.304	192	3.529	0.620
0.524	1.194e+00	-8.443	178	3.540	0.612
0.524	1.569e+00	-8.604	164	3.551	0.604
0.524	2.071e+00	-8.771	149	3.560	0.598
0.524	2.711e+00	-8.941	136	3.568	0.592
0.524	3.578e+00	-9.113	124	3.575	0.588
0.524	4.676e+00	-9.280	113	3.581	0.583
0.524	6.148e+00	-9.444	103	3.587	0.580
0.524	8.052e+00	-9.604	94	3.592	0.576
0.786	1.044e-04	-3.801	1544	2.823	1.710
0.786	1.375e-04	-3.883	1530	2.889	1.585
0.786	1.818e-04	-3.989	1496	2.956	1.469
0.786	2.390e-04	-4.112	1443	3.016	1.370
0.786	3.142e-04	-4.251	1375	3.071	1.286
0.786	4.130e-04	-4.398	1298	3.119	1.216
0.786	5.451e-04	-4.532	1233	3.163	1.156
0.786	7.136e-04	-4.658	1173	3.203	1.105
0.786	9.419e-04	-4.785	1115	3.241	1.057
0.786	1.233e-03	-4.930	1045	3.275	1.017
0.786	1.628e-03	-5.077	978	3.306	0.980
0.786	2.144e-03	-5.210	921	3.335	0.949
0.786	2.818e-03	-5.361	857	3.361	0.921
0.786	3.705e-03	-5.502	801	3.385	0.896
0.786	4.869e-03	-5.667	738	3.406	0.874
0.786	6.402e-03	-5.816	684	3.425	0.855
0.786	8.384e-03	-5.946	641	3.442	0.839
0.786	1.098e-02	-6.084	598	3.458	0.823
0.786	1.451e-02	-6.228	555	3.474	0.808
0.786	1.916e-02	-6.357	520	3.489	0.795
0.786	2.524e-02	-6.490	486	3.503	0.782
0.786	3.317e-02	-6.626	452	3.516	0.771
0.786	4.361e-02	-6.748	425	3.528	0.760
0.786	5.732e-02	-6.869	399	3.540	0.749
0.786	7.566e-02	-6.991	375	3.553	0.739
0.786	9.905e-02	-7.110	352	3.564	0.729
0.786	1.307e-01	-7.236	330	3.576	0.719
0.786	1.722e-01	-7.352	310	3.587	0.710
0.786	2.263e-01	-7.484	289	3.598	0.701
0.786	2.988e-01	-7.591	274	3.608	0.693
0.786	3.936e-01	-7.699	259	3.619	0.684
0.786	5.173e-01	-7.811	244	3.630	0.676
0.786	6.747e-01	-7.919	231	3.641	0.667
0.786	8.906e-01	-8.033	218	3.651	0.659
0.786	1.173e+00	-8.147	205	3.662	0.651
0.786	1.542e+00	-8.276	192	3.673	0.643
0.786	2.039e+00	-8.423	177	3.683	0.636
0.786	2.681e+00	-8.586	162	3.692	0.629
0.786	3.524e+00	-8.749	148	3.700	0.623
0.786	4.651e+00	-8.928	134	3.707	0.618
0.786	6.089e+00	-9.094	122	3.713	0.614
0.786	7.992e+00	-9.266	111	3.719	0.610
1.048	1.044e-04	-3.575	1665	2.853	1.908
1.048	1.381e-04	-3.659	1653	2.925	1.756
1.048	1.815e-04	-3.747	1637	2.996	1.619
1.048	2.395e-04	-3.866	1591	3.064	1.496
1.048	3.136e-04	-3.981	1542	3.126	1.394
1.048	4.147e-04	-4.113	1478	3.184	1.303
1.048	5.474e-04	-4.266	1394	3.236	1.227
1.048	7.166e-04	-4.412	1315	3.280	1.167
1.048	9.459e-04	-4.546	1247	3.321	1.113
1.048	1.238e-03	-4.669	1187	3.359	1.066
1.048	1.634e-03	-4.808	1118	3.394	1.023
1.048	2.140e-03	-4.952	1048	3.426	0.987
1.048	2.830e-03	-5.106	975	3.454	0.955
1.048	3.742e-03	-5.241	915	3.480	0.927
1.048	4.949e-03	-5.393	850	3.504	0.902
1.048	6.533e-03	-5.553	786	3.526	0.879
1.048	8.606e-03	-5.712	724	3.545	0.860
1.048	1.127e-02	-5.848	677	3.562	0.843
1.048	1.473e-02	-5.991	629	3.578	0.828
1.048	1.936e-02	-6.133	584	3.593	0.814
1.048	2.545e-02	-6.265	546	3.607	0.801
1.048	3.359e-02	-6.404	508	3.620	0.789
1.048	4.397e-02	-6.546	471	3.632	0.778
1.048	5.772e-02	-6.669	442	3.644	0.768
1.048	7.586e-02	-6.798	413	3.655	0.758
1.048	9.973e-02	-6.922	387	3.666	0.748
1.048	1.311e-01	-7.043	363	3.677	0.739
1.048	1.730e-01	-7.168	340	3.687	0.730
1.048	2.288e-01	-7.283	320	3.698	0.722
1.048	3.014e-01	-7.403	301	3.708	0.713
1.048	3.962e-01	-7.520	283	3.718	0.705
1.048	5.209e-01	-7.638	266	3.728	0.697
1.048	6.846e-01	-7.756	250	3.737	0.690
1.048	9.001e-01	-7.861	236	3.747	0.682
1.048	1.183e+00	-7.973	223	3.757	0.674
1.048	1.553e+00	-8.078	211	3.766	0.667
1.048	2.041e+00	-8.197	198	3.776	0.659
1.048	2.699e+00	-8.342	183	3.786	0.652
1.048	3.548e+00	-8.497	168	3.795	0.645
1.048	4.692e+00	-8.665	154	3.803	0.639
1.048	6.167e+00	-8.840	139	3.809	0.634
1.048	8.108e+00	-9.011	127	3.815	0.630
1.571	1.030e-04	-3.302	1826	2.916	2.173
1.571	1.362e-04	-3.362	1837	2.987	2.002
1.571	1.798e-04	-3.458	1812	3.060	1.842
1.571	2.368e-04	-3.564	1774	3.129	1.702
1.571	3.112e-04	-3.681	1721	3.193	1.579
1.571	4.108e-04	-3.790	1675	3.255	1.472
1.571	5.412e-04	-3.892	1634	3.314	1.375
1.571	7.112e-04	-4.020	1566	3.369	1.291
1.571	9.388e-04	-4.153	1495	3.420	1.217
1.571	1.242e-03	-4.304	1407	3.466	1.154
1.571	1.625e-03	-4.439	1332	3.506	1.103
1.571	2.133e-03	-4.567	1264	3.543	1.056
1.571	2.794e-03	-4.701	1193	3.577	1.015
1.571	3.657e-03	-4.845	1119	3.608	0.980
1.571	4.837e-03	-5.006	1037	3.637	0.948
1.571	6.384e-03	-5.162	962	3.663	0.920
1.571	8.357e-03	-5.286	907	3.686	0.896
1.571	1.105e-02	-5.466	828	3.707	0.874
1.571	1.459e-02	-5.618	767	3.726	0.856
1.571	1.910e-02	-5.765	711	3.742	0.840
1.571	2.521e-02	-5.909	661	3.757	0.825
1.571	3.321e-02	-6.054	613	3.771	0.812
1.571	4.365e-02	-6.195	569	3.784	0.800
1.571	5.739e-02	-6.342	527	3.796	0.789
1.571	7.589e-02	-6.477	490	3.808	0.779
1.571	1.004e-01	-6.617	455	3.818	0.769
1.571	1.319e-01	-6.748	425	3.828	0.760
1.571	1.741e-01	-6.876	397	3.838	0.752
1.571	2.279e-01	-7.007	370	3.847	0.744
1.571	3.009e-01	-7.126	347	3.857	0.736
1.571	3.939e-01	-7.238	327	3.866	0.729
1.571	5.199e-01	-7.360	307	3.875	0.721
1.571	6.849e-01	-7.482	287	3.883	0.714
1.571	9.002e-01	-7.596	270	3.892	0.707
1.571	1.184e+00	-7.710	254	3.901	0.700
1.571	1.555e+00	-7.820	240	3.909	0.693
1.571	2.057e+00	-7.931	226	3.918	0.686
1.571	2.715e+00	-8.040	214	3.927	0.679
1.571	3.555e+00	-8.154	201	3.936	0.672
1.571	4.701e+00	-8.295	186	3.945	0.665
1.571	6.205e+00	-8.446	172	3.953	0.659
1.571	8.174e+00	-8.619	156	3.960	0.654
2.095	1.019e-04	-3.076	1971	2.948	2.420
2.095	1.334e-04	-3.160	1955	3.018	2.233
2.095	1.752e-04	-3.246	1937	3.088	2.059
2.095	2.302e-04	-3.342	1909	3.158	1.899
2.095	3.027e-04	-3.440	1877	3.227	1.754
2.095	3.978e-04	-3.544	1835	3.293	1.626
2.095	5.251e-04	-3.662	1779	3.356	1.512
2.095	6.874e-04	-3.769	1730	3.414	1.414
2.095	9.073e-04	-3.889	1668	3.471	1.325
2.095	1.188e-03	-4.007	1605	3.522	1.249
2.095	1.568e-03	-4.131	1537	3.572	1.180
2.095	2.065e-03	-4.282	1445	3.616	1.121
2.095	2.714e-03	-4.419	1366	3.655	1.072
2.095	3.569e-03	-4.552	1293	3.691	1.028
2.095	4.690e-03	-4.693	1214	3.724	0.990
2.095	6.167e-03	-4.838	1136	3.754	0.956
2.095	8.105e-03	-5.007	1047	3.781	0.927
2.095	1.066e-02	-5.141	983	3.805	0.902
2.095	1.409e-02	-5.301	908	3.828	0.879
2.095	1.852e-02	-5.468	834	3.847	0.860
2.095	2.445e-02	-5.619	773	3.864	0.842
2.095	3.201e-02	-5.765	716	3.880	0.828
2.095	4.233e-02	-5.916	663	3.894	0.814
2.095	5.565e-02	-6.054	616	3.907	0.802
2.095	7.314e-02	-6.201	570	3.919	0.791
2.095	9.673e-02	-6.350	527	3.931	0.780
2.095	1.279e-01	-6.490	489	3.941	0.771
2.095	1.682e-01	-6.625	455	3.951	0.762
2.095	2.211e-01	-6.762	423	3.961	0.754
2.095	2.907e-01	-6.906	391	3.969	0.746
2.095	3.806e-01	-7.031	366	3.977	0.740
2.095	5.014e-01	-7.143	344	3.986	0.732
2.095	6.589e-01	-7.267	322	3.994	0.726
2.095	8.698e-01	-7.386	302	4.002	0.719
2.095	1.139e+00	-7.494	285	4.010	0.712
2.095	1.503e+00	-7.610	268	4.018	0.706
2.095	1.968e+00	-7.725	252	4.026	0.699
2.095	2.597e+00	-7.832	238	4.034	0.693
2.095	3.421e+00	-7.943	225	4.042	0.686
2.095	4.480e+00	-8.049	212	4.050	0.680
2.095	5.865e+00	-8.166	199	4.058	0.674
2.095	7.757e+00	-8.310	184	4.067	0.667
2.095	1.000e+01	-8.454	170	4.073	0.662
2.619	1.041e-04	-2.953	2043	2.984	2.595
2.619	1.363e-04	-3.029	2032	3.051	2.403
2.619	1.800e-04	-3.112	2017	3.121	2.216
2.619	2.356e-04	-3.195	2000	3.190	2.048
2.619	3.092e-04	-3.286	1974	3.259	1.891
2.619	4.064e-04	-3.381	1944	3.326	1.749
2.619	5.343e-04	-3.485	1902	3.392	1.622
2.619	6.997e-04	-3.592	1854	3.454	1.510
2.619	9.160e-04	-3.702	1800	3.513	1.411
2.619	1.202e-03	-3.819	1737	3.569	1.323
2.619	1.580e-03	-3.936	1674	3.622	1.245
2.619	2.061e-03	-4.050	1612	3.670	1.178
2.619	2.720e-03	-4.203	1515	3.716	1.117
2.619	3.555e-03	-4.341	1432	3.755	1.068
2.619	4.674e-03	-4.476	1353	3.792	1.024
2.619	6.143e-03	-4.617	1271	3.825	0.985
2.619	8.077e-03	-4.760	1192	3.855	0.951
2.619	1.062e-02	-4.922	1103	3.883	0.922
2.619	1.396e-02	-5.065	1030	3.907	0.897
2.619	1.834e-02	-5.221	954	3.929	0.874
2.619	2.421e-02	-5.391	875	3.949	0.854
2.619	3.170e-02	-5.539	811	3.966	0.838
2.619	4.160e-02	-5.690	750	3.982	0.823
2.619	5.468e-02	-5.840	694	3.996	0.809
2.619	7.218e-02	-5.980	645	4.009	0.797
2.619	9.545e-02	-6.136	594	4.022	0.786
2.619	1.250e-01	-6.278	551	4.032	0.776
2.619	1.649e-01	-6.420	511	4.043	0.767
2.619	2.156e-01	-6.555	475	4.052	0.759
2.619	2.834e-01	-6.694	441	4.061	0.751
2.619	3.711e-01	-6.836	408	4.070	0.743
2.619	4.889e-01	-6.971	379	4.078	0.737
2.619	6.425e-01	-7.090	356	4.086	0.730
2.619	8.448e-01	-7.216	332	4.093	0.724
2.619	1.106e+00	-7.334	312	4.101	0.717
2.619	1.448e+00	-7.448	293	4.108	0.711
2.619	1.912e+00	-7.562	276	4.116	0.705
2.619	2.518e+00	-7.676	259	4.123	0.699
2.619	3.310e+00	-7.786	245	4.131	0.693
2.619	4.369e+00	-7.893	231	4.138	0.687
2.619	5.755e+00	-8.001	218	4.146	0.681
2.619	7.563e+00	-8.116	205	4.154	0.675
2.619	9.983e+00	-8.252	190	4.161	0.669
3.143	1.030e-04	-2.843	2108	3.008	2.767
3.143	1.356e-04	-2.926	2087	3.074	2.562
3.143	1.783e-04	-3.005	2073	3.141	2.373
3.143	2.353e-04	-3.085	2059	3.210	2.192
3.143	3.080e-04	-3.168	2041	3.277	2.029
3.143	4.043e-04	-3.257	2016	3.345	1.876
3.143	5.313e-04	-3.351	1985	3.412	1.737
3.143	6.986e-04	-3.453	1944	3.477	1.611
3.143	9.181e-04	-3.560	1894	3.540	1.499
3.143	1.198e-03	-3.669	1840	3.598	1.402
3.143	1.572e-03	-3.784	1778	3.654	1.315
3.143	2.066e-03	-3.898	1717	3.706	1.237
3.143	2.695e-03	-4.013	1652	3.755	1.170
3.143	3.557e-03	-4.170	1550	3.801	1.110
3.143	4.656e-03	-4.309	1464	3.840	1.061
3.143	6.146e-03	-4.445	1382	3.877	1.017
3.143	8.046e-03	-4.586	1298	3.910	0.979
3.143	1.062e-02	-4.732	1215	3.940	0.945
3.143	1.390e-02	-4.887	1129	3.967	0.917
3.143	1.835e-02	-5.034	1052	3.992	0.891
3.143	2.398e-02	-5.195	971	4.013	0.869
3.143	3.153e-02	-5.358	894	4.033	0.850
3.143	4.144e-02	-5.511	827	4.050	0.833
3.143	5.449e-02	-5.665	763	4.065	0.819
3.143	7.161e-02	-5.810	708	4.079	0.806
3.143	9.341e-02	-5.951	657	4.092	0.794
3.143	1.226e-01	-6.100	607	4.103	0.783
3.143	1.611e-01	-6.242	563	4.114	0.774
3.143	2.127e-01	-6.389	521	4.125	0.764
3.143	2.784e-01	-6.526	484	4.134	0.756
3.143	3.675e-01	-6.668	448	4.143	0.748
3.143	4.811e-01	-6.815	414	4.151	0.741
3.143	6.351e-01	-6.952	384	4.159	0.735
3.143	8.366e-01	-7.079	358	4.167	0.728
3.143	1.100e+00	-7.205	335	4.174	0.722
3.143	1.451e+00	-7.328	313	4.181	0.716
3.143	1.912e+00	-7.447	294	4.188	0.711
3.143	2.513e+00	-7.556	277	4.195	0.705
3.143	3.317e+00	-7.668	261	4.202	0.699
3.143	4.342e+00	-7.776	246	4.210	0.693
3.143	5.742e+00	-7.882	233	4.217	0.687
3.143	7.580e+00	-7.993	219	4.225	0.681
3.143	9.923e+00	-8.107	206	4.232	0.676
3.666	1.040e-04	-2.766	2157	3.038	2.884
3.666	1.373e-04	-2.838	2148	3.103	2.678
3.666	1.797e-04	-2.918	2128	3.166	2.489
3.666	2.373e-04	-2.997	2112	3.232	2.306
3.666	3.125e-04	-3.077	2096	3.300	2.135
3.666	4.108e-04	-3.160	2077	3.367	1.977
3.666	5.358e-04	-3.245	2054	3.432	1.833
3.666	7.032e-04	-3.338	2023	3.498	1.699
3.666	9.242e-04	-3.440	1979	3.563	1.577
3.666	1.220e-03	-3.550	1927	3.626	1.467
3.666	1.597e-03	-3.657	1873	3.684	1.372
3.666	2.108e-03	-3.772	1811	3.741	1.285
3.666	2.760e-03	-3.885	1749	3.793	1.210
3.666	3.622e-03	-4.007	1678	3.842	1.143
3.666	4.790e-03	-4.169	1569	3.887	1.085
3.666	6.296e-03	-4.307	1482	3.926	1.037
3.666	8.278e-03	-4.442	1399	3.962	0.995
3.666	1.088e-02	-4.589	1310	3.995	0.959
3.666	1.436e-02	-4.739	1223	4.025	0.927
3.666	1.880e-02	-4.890	1138	4.051	0.899
3.666	2.482e-02	-5.038	1059	4.075	0.875
3.666	3.269e-02	-5.211	971	4.096	0.853
3.666	4.296e-02	-5.367	897	4.114	0.835
3.666	5.649e-02	-5.523	828	4.131	0.820
3.666	7.424e-02	-5.677	764	4.146	0.806
3.666	9.761e-02	-5.820	709	4.159	0.793
3.666	1.283e-01	-5.970	655	4.172	0.782
3.666	1.693e-01	-6.116	606	4.183	0.772
3.666	2.217e-01	-6.266	559	4.194	0.762
3.666	2.926e-01	-6.411	518	4.204	0.754
3.666	3.831e-01	-6.547	481	4.213	0.746
3.666	5.066e-01	-6.692	445	4.221	0.739
3.666	6.687e-01	-6.851	408	4.229	0.732
3.666	8.843e-01	-6.987	379	4.237	0.726
3.666	1.158e+00	-7.117	353	4.244	0.720
3.666	1.528e+00	-7.243	329	4.251	0.714
3.666	2.013e+00	-7.362	309	4.258	0.709
3.666	2.646e+00	-7.474	291	4.264	0.703
3.666	3.499e+00	-7.588	273	4.271	0.698
3.666	4.600e+00	-7.697	258	4.278	0.692
3.666	6.046e+00	-7.802	244	4.285	0.687
3.666	7.996e+00	-7.909	230	4.292	0.681
4.190	1.000e-04	-2.691	2204	3.058	3.013
4.190	1.317e-04	-2.759	2193	3.118	2.814
4.190	1.731e-04	-2.828	2184	3.180	2.621
4.190	2.272e-04	-2.907	2164	3.243	2.437
4.190	2.987e-04	-2.987	2144	3.307	2.264
4.190	3.942e-04	-3.066	2129	3.373	2.097
4.190	5.161e-04	-3.146	2111	3.438	1.946
4.190	6.812e-04	-3.232	2088	3.506	1.800
4.190	8.902e-04	-3.324	2055	3.570	1.671
4.190	1.170e-03	-3.426	2012	3.635	1.551
4.190	1.538e-03	-3.534	1958	3.696	1.445
4.190	2.023e-03	-3.641	1905	3.755	1.351
4.190	2.649e-03	-3.753	1844	3.810	1.268
4.190	3.467e-03	-3.864	1782	3.862	1.194
4.190	4.577e-03	-3.988	1709	3.913	1.126
4.190	6.053e-03	-4.151	1597	3.958	1.069
4.190	7.924e-03	-4.287	1509	3.997	1.023
4.190	1.040e-02	-4.422	1425	4.032	0.982
4.190	1.367e-02	-4.569	1334	4.064	0.946
4.190	1.797e-02	-4.718	1245	4.093	0.915
4.190	2.362e-02	-4.868	1159	4.119	0.888
4.190	3.118e-02	-5.015	1080	4.143	0.864
4.190	4.074e-02	-5.183	992	4.164	0.844
4.190	5.357e-02	-5.339	916	4.182	0.826
4.190	7.040e-02	-5.500	843	4.199	0.811
4.190	9.311e-02	-5.656	778	4.214	0.797
4.190	1.224e-01	-5.805	719	4.227	0.784
4.190	1.609e-01	-5.951	666	4.240	0.773
4.190	2.099e-01	-6.093	618	4.251	0.763
4.190	2.770e-01	-6.253	567	4.261	0.754
4.190	3.626e-01	-6.394	526	4.271	0.746
4.190	4.722e-01	-6.529	489	4.280	0.739
4.190	6.233e-01	-6.681	450	4.288	0.731
4.190	8.145e-01	-6.831	414	4.296	0.725
4.190	1.062e+00	-6.959	387	4.303	0.719
4.190	1.402e+00	-7.097	359	4.310	0.713
4.190	1.847e+00	-7.224	334	4.316	0.708
4.190	2.428e+00	-7.347	313	4.323	0.703
4.190	3.205e+00	-7.465	293	4.329	0.697
4.190	4.222e+00	-7.579	276	4.336	0.692
4.190	5.548e+00	-7.688	260	4.342	0.687
4.190	7.324e+00	-7.793	246	4.349	0.682
4.190	9.648e+00	-7.896	232	4.356	0.677
4.714	1.034e-04	-2.643	2244	3.093	3.070
4.714	1.359e-04	-2.710	2230	3.149	2.878
4.714	1.793e-04	-2.777	2221	3.209	2.687
4.714	2.344e-04	-2.846	2210	3.269	2.508
4.714	3.081e-04	-2.928	2186	3.332	2.333
4.714	4.050e-04	-3.005	2168	3.395	2.169
4.714	5.346e-04	-3.084	2151	3.461	2.010
4.714	6.998e-04	-3.164	2133	3.526	1.866
4.714	9.112e-04	-3.249	2107	3.590	1.733
4.714	1.185e-03	-3.338	2076	3.652	1.613
4.714	1.555e-03	-3.442	2027	3.715	1.500
4.714	2.036e-03	-3.548	1973	3.775	1.400
4.714	2.665e-03	-3.654	1919	3.832	1.311
4.714	3.525e-03	-3.769	1855	3.888	1.229
4.714	4.598e-03	-3.875	1797	3.938	1.160
4.714	6.035e-03	-4.008	1711	3.987	1.097
4.714	7.931e-03	-4.161	1604	4.028	1.046
4.714	1.043e-02	-4.293	1519	4.065	1.002
4.714	1.370e-02	-4.425	1436	4.099	0.964
4.714	1.802e-02	-4.566	1347	4.129	0.931
4.714	2.368e-02	-4.713	1257	4.157	0.902
4.714	3.114e-02	-4.854	1176	4.181	0.877
4.714	4.092e-02	-4.993	1100	4.204	0.854
4.714	5.402e-02	-5.165	1008	4.225	0.834
4.714	7.071e-02	-5.317	933	4.243	0.817
4.714	9.352e-02	-5.487	855	4.260	0.801
4.714	1.230e-01	-5.639	789	4.275	0.788
4.714	1.616e-01	-5.796	727	4.288	0.776
4.714	2.125e-01	-5.943	673	4.301	0.765
4.714	2.810e-01	-6.101	619	4.313	0.754
4.714	3.693e-01	-6.262	567	4.323	0.745
4.714	4.856e-01	-6.410	524	4.333	0.737
4.714	6.382e-01	-6.558	484	4.342	0.729
4.714	8.424e-01	-6.727	441	4.350	0.722
4.714	1.110e+00	-6.865	409	4.358	0.716
4.714	1.453e+00	-7.005	379	4.365	0.710
4.714	1.902e+00	-7.138	352	4.371	0.705
4.714	2.497e+00	-7.267	328	4.378	0.700
4.714	3.269e+00	-7.389	307	4.384	0.695
4.714	4.307e+00	-7.512	287	4.390	0.690
4.714	5.660e+00	-7.621	271	4.396	0.685
4.714	7.472e+00	-7.727	255	4.403	0.680
4.714	9.881e+00	-7.832	241	4.409	0.675
5.238	1.031e-04	-2.599	2278	3.121	3.134
5.238	1.361e-04	-2.659	2270	3.174	2.948
5.238	1.793e-04	-2.726	2255	3.230	2.764
5.238	2.357e-04	-2.793	2245	3.289	2.583
5.238	3.111e-04	-2.867	2228	3.351	2.406
5.238	4.073e-04	-2.947	2204	3.412	2.242
5.238	5.376e-04	-3.023	2189	3.476	2.082
5.238	7.081e-04	-3.103	2171	3.541	1.932
5.238	9.307e-04	-3.184	2151	3.607	1.792
5.238	1.214e-03	-3.272	2121	3.670	1.665
5.238	1.593e-03	-3.364	2088	3.734	1.547
5.238	2.086e-03	-3.472	2033	3.796	1.441
5.238	2.731e-03	-3.576	1980	3.854	1.348
5.238	3.585e-03	-3.683	1922	3.909	1.265
5.238	4.695e-03	-3.789	1862	3.961	1.192
5.238	6.135e-03	-3.887	1808	4.008	1.129
5.238	8.002e-03	-4.018	1718	4.050	1.076
5.238	1.050e-02	-4.148	1627	4.085	1.033
5.238	1.380e-02	-4.256	1556	4.116	0.997
5.238	1.800e-02	-4.357	1491	4.143	0.967
5.238	2.363e-02	-4.467	1420	4.168	0.939
5.238	3.106e-02	-4.580	1349	4.191	0.914
5.238	4.100e-02	-4.707	1270	4.214	0.891
5.238	5.400e-02	-4.831	1197	4.236	0.868
5.238	7.098e-02	-4.966	1123	4.258	0.846
5.238	9.369e-02	-5.143	1026	4.279	0.826
5.238	1.226e-01	-5.309	943	4.299	0.808
5.238	1.622e-01	-5.495	856	4.317	0.791
5.238	2.133e-01	-5.671	781	4.334	0.776
5.238	2.803e-01	-5.850	711	4.348	0.763
5.238	3.700e-01	-6.023	649	4.362	0.751
5.238	4.874e-01	-6.208	587	4.375	0.740
5.238	6.405e-01	-6.378	536	4.386	0.731
5.238	8.422e-01	-6.547	489	4.396	0.722
5.238	1.103e+00	-6.723	444	4.405	0.715
5.238	1.453e+00	-6.867	411	4.413	0.709
5.238	1.909e+00	-7.027	376	4.420	0.703
5.238	2.520e+00	-7.171	348	4.427	0.697
5.238	3.299e+00	-7.302	323	4.433	0.692
5.238	4.330e+00	-7.433	301	4.439	0.687
5.238	5.691e+00	-7.549	283	4.445	0.682
5.238	7.423e+00	-7.655	267	4.451	0.678
5.238	9.799e+00	-7.762	252	4.457	0.673
6.285	1.012e-04	-2.405	2370	3.075	3.621
6.285	1.326e-04	-2.480	2354	3.138	3.367
6.285	1.736e-04	-2.557	2337	3.202	3.127
6.285	2.291e-04	-2.636	2322	3.270	2.893
6.285	3.018e-04	-2.717	2304	3.337	2.676
6.285	3.966e-04	-2.795	2289	3.405	2.476
6.285	5.215e-04	-2.879	2268	3.473	2.290
6.285	6.854e-04	-2.966	2242	3.540	2.119
6.285	9.047e-04	-3.047	2227	3.608	1.959
6.285	1.192e-03	-3.131	2206	3.676	1.812
6.285	1.561e-03	-3.217	2181	3.742	1.679
6.285	2.039e-03	-3.306	2149	3.806	1.560
6.285	2.681e-03	-3.403	2106	3.867	1.454
6.285	3.524e-03	-3.498	2057	3.921	1.366
6.285	4.597e-03	-3.577	2015	3.965	1.299
6.285	6.033e-03	-3.645	1978	4.000	1.248
6.285	7.929e-03	-3.700	1946	4.027	1.209
6.285	1.034e-02	-3.749	1918	4.051	1.177
6.285	1.365e-02	-3.809	1883	4.079	1.140
6.285	1.798e-02	-3.899	1828	4.118	1.090
6.285	2.364e-02	-4.070	1707	4.169	1.027
6.285	3.126e-02	-4.281	1563	4.228	0.960
6.285	4.126e-02	-4.510	1412	4.280	0.904
6.285	5.402e-02	-4.728	1274	4.319	0.864
6.285	7.130e-02	-4.919	1163	4.352	0.832
6.285	9.392e-02	-5.130	1045	4.378	0.808
6.285	1.234e-01	-5.313	952	4.398	0.789
6.285	1.629e-01	-5.495	866	4.416	0.773
6.285	2.133e-01	-5.661	794	4.431	0.760
6.285	2.821e-01	-5.827	727	4.444	0.748
6.285	3.709e-01	-5.977	672	4.456	0.738
6.285	4.875e-01	-6.136	617	4.467	0.729
6.285	6.434e-01	-6.292	567	4.477	0.721
6.285	8.409e-01	-6.436	525	4.486	0.713
6.285	1.110e+00	-6.605	478	4.494	0.707
6.285	1.453e+00	-6.738	445	4.502	0.701
6.285	1.892e+00	-6.884	411	4.508	0.695
6.285	2.497e+00	-7.032	378	4.515	0.690
6.285	3.290e+00	-7.171	351	4.521	0.685
6.285	4.324e+00	-7.301	326	4.527	0.680
6.285	5.707e+00	-7.437	303	4.533	0.676
6.285	7.518e+00	-7.549	285	4.538	0.672
6.285	9.881e+00	-7.656	269	4.544	0.667
7.333	1.029e-04	-2.325	2438	3.111	3.753
7.333	1.353e-04	-2.400	2418	3.171	3.500
7.333	1.771e-04	-2.475	2399	3.233	3.260
7.333	2.319e-04	-2.552	2379	3.295	3.034
7.333	3.044e-04	-2.629	2363	3.360	2.816
7.333	4.000e-04	-2.706	2348	3.426	2.610
7.333	5.290e-04	-2.787	2330	3.494	2.413
7.333	6.956e-04	-2.869	2309	3.561	2.235
7.333	9.142e-04	-2.955	2283	3.627	2.070
7.333	1.207e-03	-3.035	2267	3.694	1.917
7.333	1.590e-03	-3.117	2245	3.760	1.778
7.333	2.089e-03	-3.195	2223	3.820	1.658
7.333	2.725e-03	-3.265	2198	3.871	1.564
7.333	3.577e-03	-3.320	2179	3.910	1.495
7.333	4.684e-03	-3.361	2160	3.937	1.449
7.333	6.121e-03	-3.401	2140	3.960	1.412
7.333	7.983e-03	-3.450	2115	3.989	1.366
7.333	1.054e-02	-3.540	2066	4.039	1.289
7.333	1.394e-02	-3.708	1971	4.124	1.169
7.333	1.824e-02	-3.901	1850	4.208	1.061
7.333	2.408e-02	-4.118	1695	4.273	0.985
7.333	3.153e-02	-4.297	1572	4.321	0.931
7.333	4.138e-02	-4.479	1450	4.362	0.889
7.333	5.438e-02	-4.663	1330	4.395	0.855
7.333	7.178e-02	-4.829	1229	4.424	0.827
7.333	9.397e-02	-5.006	1125	4.448	0.805
7.333	1.240e-01	-5.179	1031	4.469	0.785
7.333	1.624e-01	-5.351	943	4.487	0.770
7.333	2.143e-01	-5.519	864	4.503	0.756
7.333	2.801e-01	-5.677	795	4.516	0.744
7.333	3.683e-01	-5.828	734	4.529	0.733
7.333	4.840e-01	-5.981	677	4.540	0.724
7.333	6.389e-01	-6.136	623	4.551	0.715
7.333	8.364e-01	-6.285	575	4.560	0.707
7.333	1.104e+00	-6.441	528	4.569	0.700
7.333	1.445e+00	-6.594	485	4.577	0.694
7.333	1.908e+00	-6.735	450	4.584	0.688
7.333	2.513e+00	-6.898	411	4.591	0.683
7.333	3.303e+00	-7.035	381	4.597	0.678
7.333	4.360e+00	-7.176	353	4.603	0.673
7.333	5.708e+00	-7.311	327	4.609	0.669
7.333	7.534e+00	-7.442	304	4.614	0.665
7.333	9.924e+00	-7.564	285	4.619	0.661
8.381	1.031e-04	-2.252	2504	3.143	3.867
8.381	1.353e-04	-2.326	2480	3.200	3.620
8.381	1.778e-04	-2.403	2456	3.259	3.381
8.381	2.319e-04	-2.479	2432	3.318	3.158
8.381	3.061e-04	-2.556	2413	3.381	2.937
8.381	4.008e-04	-2.629	2398	3.444	2.732
8.381	5.290e-04	-2.707	2382	3.511	2.531
8.381	6.996e-04	-2.790	2359	3.577	2.345
8.381	9.158e-04	-2.866	2344	3.642	2.177
8.381	1.211e-03	-2.951	2318	3.707	2.019
8.381	1.592e-03	-3.022	2303	3.766	1.886
8.381	2.093e-03	-3.085	2285	3.816	1.781
8.381	2.763e-03	-3.130	2273	3.852	1.709
8.381	3.610e-03	-3.160	2264	3.876	1.662
8.381	4.709e-03	-3.190	2256	3.899	1.619
8.381	6.181e-03	-3.239	2238	3.934	1.554
8.381	8.123e-03	-3.338	2201	4.004	1.434
8.381	1.060e-02	-3.518	2106	4.108	1.273
8.381	1.391e-02	-3.687	2009	4.195	1.152
8.381	1.828e-02	-3.850	1906	4.266	1.061
8.381	2.384e-02	-4.021	1785	4.323	0.993
8.381	3.147e-02	-4.195	1661	4.372	0.939
8.381	4.120e-02	-4.356	1550	4.413	0.896
8.381	5.438e-02	-4.527	1433	4.448	0.860
8.381	7.119e-02	-4.697	1322	4.477	0.832
8.381	9.343e-02	-4.849	1230	4.504	0.807
8.381	1.228e-01	-5.033	1120	4.526	0.786
8.381	1.621e-01	-5.197	1032	4.546	0.768
8.381	2.118e-01	-5.365	945	4.563	0.754
8.381	2.785e-01	-5.527	868	4.578	0.741
8.381	3.660e-01	-5.690	797	4.592	0.729
8.381	4.774e-01	-5.835	738	4.603	0.719
8.381	6.302e-01	-5.991	679	4.615	0.710
8.381	8.250e-01	-6.140	627	4.625	0.702
8.381	1.089e+00	-6.294	577	4.634	0.695
8.381	1.426e+00	-6.452	529	4.642	0.688
8.381	1.871e+00	-6.597	489	4.650	0.682
8.381	2.459e+00	-6.756	448	4.657	0.676
8.381	3.252e+00	-6.905	413	4.663	0.671
8.381	4.293e+00	-7.045	382	4.670	0.667
8.381	5.620e+00	-7.188	353	4.675	0.662
8.381	7.418e+00	-7.330	326	4.681	0.658
8.381	9.711e+00	-7.458	304	4.686	0.654
9.428	1.025e-04	-2.189	2566	3.173	3.961
9.428	1.342e-04	-2.260	2541	3.226	3.724
9.428	1.772e-04	-2.338	2511	3.284	3.486
9.428	2.319e-04	-2.414	2484	3.341	3.264
9.428	3.044e-04	-2.491	2459	3.400	3.048
9.428	4.001e-04	-2.564	2442	3.461	2.841
9.428	5.260e-04	-2.640	2423	3.524	2.643
9.428	6.913e-04	-2.718	2402	3.588	2.457
9.428	9.142e-04	-2.794	2385	3.652	2.283
9.428	1.202e-03	-2.862	2375	3.711	2.131
9.428	1.590e-03	-2.930	2353	3.763	2.008
9.428	2.089e-03	-2.976	2338	3.798	1.928
9.428	2.747e-03	-3.002	2334	3.822	1.877
9.428	3.610e-03	-3.029	2328	3.844	1.829
9.428	4.747e-03	-3.072	2316	3.878	1.758
9.428	6.239e-03	-3.162	2291	3.950	1.619
9.428	8.137e-03	-3.318	2234	4.061	1.424
9.428	1.068e-02	-3.476	2154	4.156	1.277
9.428	1.404e-02	-3.624	2071	4.236	1.165
9.428	1.846e-02	-3.774	1977	4.304	1.077
9.428	2.426e-02	-3.922	1877	4.363	1.006
9.428	3.208e-02	-4.096	1749	4.414	0.949
9.428	4.218e-02	-4.251	1639	4.457	0.903
9.428	5.523e-02	-4.412	1526	4.493	0.866
9.428	7.230e-02	-4.579	1412	4.525	0.835
9.428	9.544e-02	-4.740	1308	4.553	0.809
9.428	1.247e-01	-4.903	1208	4.577	0.786
9.428	1.627e-01	-5.068	1111	4.598	0.768
9.428	2.147e-01	-5.234	1021	4.617	0.751
9.428	2.811e-01	-5.403	935	4.633	0.737
9.428	3.711e-01	-5.564	859	4.648	0.725
9.428	4.857e-01	-5.723	790	4.660	0.715
9.428	6.412e-01	-5.879	727	4.672	0.705
9.428	8.394e-01	-6.023	673	4.683	0.696
9.428	1.108e+00	-6.181	618	4.693	0.689
9.428	1.450e+00	-6.336	568	4.701	0.682
9.428	1.915e+00	-6.491	522	4.709	0.675
9.428	2.506e+00	-6.644	480	4.717	0.670
9.428	3.315e+00	-6.806	439	4.723	0.665
9.428	4.358e+00	-6.942	407	4.730	0.660
9.428	5.728e+00	-7.092	375	4.735	0.656
9.428	7.561e+00	-7.237	346	4.741	0.651
9.428	9.959e+00	-7.379	320	4.746	0.648
10.476	1.009e-04	-2.133	2623	3.201	4.043
10.476	1.321e-04	-2.201	2597	3.251	3.815
10.476	1.744e-04	-2.276	2566	3.306	3.584
10.476	2.279e-04	-2.351	2536	3.360	3.366
10.476	2.996e-04	-2.427	2508	3.417	3.152
10.476	3.938e-04	-2.504	2483	3.476	2.946
10.476	5.136e-04	-2.576	2462	3.534	2.755
10.476	6.780e-04	-2.654	2439	3.595	2.568
10.476	8.876e-04	-2.724	2421	3.653	2.403
10.476	1.172e-03	-2.785	2410	3.706	2.261
10.476	1.534e-03	-2.827	2407	3.746	2.160
10.476	2.024e-03	-2.859	2400	3.772	2.094
10.476	2.646e-03	-2.886	2389	3.792	2.047
10.476	3.478e-03	-2.922	2377	3.819	1.985
10.476	4.572e-03	-2.986	2360	3.871	1.870
10.476	6.011e-03	-3.120	2328	3.981	1.647
10.476	7.900e-03	-3.265	2278	4.088	1.456
10.476	1.039e-02	-3.405	2213	4.178	1.312
10.476	1.365e-02	-3.540	2142	4.256	1.200
10.476	1.795e-02	-3.678	2059	4.325	1.108
10.476	2.359e-02	-3.816	1969	4.385	1.034
10.476	3.077e-02	-3.961	1867	4.438	0.973
10.476	4.006e-02	-4.116	1752	4.482	0.925
10.476	5.288e-02	-4.270	1642	4.524	0.882
10.476	6.911e-02	-4.428	1529	4.559	0.847
10.476	9.014e-02	-4.591	1417	4.589	0.818
10.476	1.190e-01	-4.749	1314	4.616	0.792
10.476	1.558e-01	-4.919	1208	4.640	0.771
10.476	2.056e-01	-5.086	1111	4.661	0.753
10.476	2.692e-01	-5.251	1020	4.679	0.737
10.476	3.553e-01	-5.419	935	4.695	0.724
10.476	4.651e-01	-5.579	859	4.709	0.712
10.476	6.139e-01	-5.741	789	4.721	0.702
10.476	8.037e-01	-5.891	728	4.733	0.693
10.476	1.061e+00	-6.042	672	4.743	0.685
10.476	1.397e+00	-6.200	617	4.753	0.677
10.476	1.830e+00	-6.357	566	4.761	0.671
10.476	2.396e+00	-6.505	522	4.769	0.665
10.476	3.144e+00	-6.673	476	4.776	0.660
10.476	4.158e+00	-6.818	439	4.782	0.655
10.476	5.465e+00	-6.960	406	4.788	0.650
10.476	7.214e+00	-7.112	374	4.794	0.646
10.476	9.503e+00	-7.258	344	4.799	0.642
11.523	1.030e-04	-1.941	2723	3.115	4.678
11.523	1.359e-04	-2.037	2692	3.191	4.287
11.523	1.776e-04	-2.132	2656	3.262	3.951
11.523	2.335e-04	-2.229	2614	3.332	3.644
11.523	3.058e-04	-2.323	2574	3.400	3.373
11.523	4.003e-04	-2.411	2540	3.465	3.128
11.523	5.285e-04	-2.502	2504	3.531	2.899
11.523	6.918e-04	-2.582	2479	3.593	2.701
11.523	9.132e-04	-2.656	2456	3.651	2.526
11.523	1.195e-03	-2.710	2443	3.696	2.398
11.523	1.578e-03	-2.747	2435	3.726	2.315
11.523	2.066e-03	-2.770	2431	3.747	2.262
11.523	2.711e-03	-2.796	2427	3.770	2.203
11.523	3.563e-03	-2.842	2419	3.810	2.102
11.523	4.685e-03	-2.958	2387	3.903	1.889
11.523	6.196e-03	-3.101	2355	4.022	1.647
11.523	8.143e-03	-3.229	2314	4.121	1.471
11.523	1.071e-02	-3.358	2258	4.207	1.332
11.523	1.402e-02	-3.482	2195	4.282	1.221
11.523	1.835e-02	-3.609	2122	4.350	1.129
11.523	2.409e-02	-3.743	2035	4.411	1.052
11.523	3.166e-02	-3.875	1947	4.467	0.987
11.523	4.179e-02	-4.036	1826	4.517	0.932
11.523	5.471e-02	-4.186	1716	4.559	0.888
11.523	7.181e-02	-4.341	1604	4.597	0.850
11.523	9.437e-02	-4.504	1489	4.630	0.819
11.523	1.241e-01	-4.667	1378	4.658	0.792
11.523	1.631e-01	-4.829	1274	4.684	0.769
11.523	2.153e-01	-5.003	1167	4.706	0.750
11.523	2.836e-01	-5.166	1075	4.725	0.733
11.523	3.750e-01	-5.342	981	4.742	0.719
11.523	4.929e-01	-5.500	903	4.757	0.707
11.523	6.480e-01	-5.667	827	4.770	0.696
11.523	8.517e-01	-5.823	761	4.782	0.687
11.523	1.111e+00	-5.965	705	4.792	0.679
11.523	1.469e+00	-6.126	646	4.802	0.671
11.523	1.932e+00	-6.285	593	4.811	0.664
11.523	2.539e+00	-6.437	546	4.819	0.658
11.523	3.351e+00	-6.607	497	4.826	0.653
11.523	4.414e+00	-6.754	458	4.833	0.648
11.523	5.802e+00	-6.899	423	4.839	0.643
11.523	7.658e+00	-7.050	389	4.845	0.639
11.523	1.000e+01	-7.193	359	4.850	0.635
12.047	1.023e-04	-1.907	2750	3.117	4.773
12.047	1.345e-04	-2.000	2721	3.193	4.377
12.047	1.768e-04	-2.097	2685	3.266	4.023
12.047	2.324e-04	-2.195	2642	3.336	3.710
12.047	3.055e-04	-2.291	2601	3.405	3.429
12.047	4.015e-04	-2.382	2564	3.471	3.176
12.047	5.237e-04	-2.470	2527	3.534	2.955
12.047	6.913e-04	-2.554	2496	3.596	2.751
12.047	9.050e-04	-2.621	2475	3.649	2.588
12.047	1.195e-03	-2.674	2459	3.690	2.468
12.047	1.564e-03	-2.704	2452	3.716	2.397
12.047	2.053e-03	-2.727	2447	3.735	2.344
12.047	2.668e-03	-2.755	2441	3.759	2.280
12.047	3.494e-03	-2.809	2431	3.805	2.162
12.047	4.574e-03	-2.935	2401	3.910	1.917
12.047	5.985e-03	-3.065	2375	4.021	1.686
12.047	7.866e-03	-3.187	2341	4.118	1.508
12.047	1.040e-02	-3.315	2288	4.206	1.362
12.047	1.368e-02	-3.438	2228	4.284	1.247
12.047	1.798e-02	-3.563	2159	4.353	1.150
12.047	2.364e-02	-3.694	2076	4.417	1.069
12.047	3.106e-02	-3.824	1991	4.474	1.002
12.047	4.052e-02	-3.969	1885	4.524	0.946
12.047	5.318e-02	-4.123	1770	4.568	0.898
12.047	6.989e-02	-4.273	1661	4.608	0.858
12.047	9.116e-02	-4.430	1547	4.642	0.825
12.047	1.203e-01	-4.597	1431	4.672	0.797
12.047	1.575e-01	-4.751	1329	4.699	0.773
12.047	2.068e-01	-4.926	1218	4.722	0.752
12.047	2.717e-01	-5.086	1124	4.742	0.735
12.047	3.573e-01	-5.259	1028	4.760	0.720
12.047	4.696e-01	-5.419	946	4.775	0.708
12.047	6.198e-01	-5.591	863	4.789	0.696
12.047	8.114e-01	-5.746	795	4.801	0.687
12.047	1.071e+00	-5.898	734	4.813	0.678
12.047	1.402e+00	-6.051	675	4.823	0.670
12.047	1.840e+00	-6.206	621	4.832	0.663
12.047	2.419e+00	-6.363	570	4.840	0.657
12.047	3.174e+00	-6.520	523	4.848	0.651
12.047	4.172e+00	-6.680	479	4.854	0.646
12.047	5.486e+00	-6.829	441	4.861	0.641
12.047	7.210e+00	-6.972	408	4.867	0.637
12.047	9.517e+00	-7.120	375	4.872	0.633
12.571	1.012e-04	-1.873	2774	3.117	4.876
12.571	1.325e-04	-1.964	2749	3.192	4.473
12.571	1.735e-04	-2.059	2714	3.265	4.114
12.571	2.277e-04	-2.156	2672	3.336	3.791
12.571	2.993e-04	-2.253	2631	3.405	3.503
12.571	3.904e-04	-2.343	2592	3.470	3.251
12.571	5.153e-04	-2.436	2552	3.535	3.015
12.571	6.745e-04	-2.519	2517	3.594	2.818
12.571	8.904e-04	-2.586	2494	3.646	2.654
12.571	1.166e-03	-2.632	2480	3.682	2.546
12.571	1.539e-03	-2.662	2471	3.705	2.479
12.571	2.011e-03	-2.685	2464	3.724	2.426
12.571	2.644e-03	-2.718	2457	3.751	2.350
12.571	3.474e-03	-2.786	2441	3.808	2.201
12.571	4.469e-03	-2.911	2415	3.914	1.948
12.571	5.911e-03	-3.040	2391	4.026	1.712
12.571	7.771e-03	-3.160	2358	4.122	1.534
12.571	1.018e-02	-3.278	2313	4.207	1.391
12.571	1.332e-02	-3.397	2258	4.283	1.274
12.571	1.759e-02	-3.519	2193	4.355	1.172
12.571	2.316e-02	-3.647	2115	4.420	1.088
12.571	3.044e-02	-3.777	2030	4.479	1.017
12.571	4.003e-02	-3.913	1935	4.532	0.957
12.571	5.261e-02	-4.070	1817	4.579	0.906
12.571	6.917e-02	-4.219	1707	4.620	0.865
12.571	9.058e-02	-4.376	1592	4.656	0.829
12.571	1.186e-01	-4.537	1478	4.687	0.800
12.571	1.565e-01	-4.699	1368	4.715	0.775
12.571	2.049e-01	-4.867	1259	4.739	0.753
12.571	2.689e-01	-5.031	1160	4.760	0.735
12.571	3.535e-01	-5.198	1065	4.779	0.720
12.571	4.674e-01	-5.369	974	4.795	0.706
12.571	6.146e-01	-5.535	893	4.810	0.695
12.571	8.077e-01	-5.694	820	4.822	0.685
12.571	1.062e+00	-5.848	756	4.833	0.676
12.571	1.396e+00	-6.003	696	4.844	0.668
12.571	1.835e+00	-6.155	640	4.853	0.661
12.571	2.412e+00	-6.315	587	4.862	0.654
12.571	3.146e+00	-6.468	540	4.869	0.649
12.571	4.129e+00	-6.629	494	4.876	0.644
12.571	5.427e+00	-6.778	455	4.883	0.639
12.571	7.135e+00	-6.922	420	4.889	0.635
12.571	9.343e+00	-7.069	388	4.894	0.631
13.095	1.001e-04	-1.841	2796	3.117	4.977
13.095	1.316e-04	-1.931	2775	3.194	4.558
13.095	1.730e-04	-2.027	2740	3.268	4.184
13.095	2.283e-04	-2.127	2698	3.341	3.847
13.095	2.983e-04	-2.222	2657	3.409	3.558
13.095	3.923e-04	-2.316	2616	3.476	3.295
13.095	5.137e-04	-2.406	2574	3.538	3.065
13.095	6.724e-04	-2.488	2538	3.596	2.869
13.095	8.826e-04	-2.552	2513	3.643	2.718
13.095	1.156e-03	-2.593	2500	3.674	2.621
13.095	1.513e-03	-2.619	2492	3.695	2.560
13.095	1.970e-03	-2.643	2485	3.714	2.505
13.095	2.561e-03	-2.680	2473	3.742	2.423
13.095	3.381e-03	-2.759	2454	3.808	2.247
13.095	4.425e-03	-2.896	2426	3.925	1.964
13.095	5.808e-03	-3.016	2405	4.030	1.740
13.095	7.606e-03	-3.133	2372	4.122	1.565
13.095	9.957e-03	-3.242	2338	4.207	1.420
13.095	1.314e-02	-3.362	2284	4.286	1.296
13.095	1.721e-02	-3.476	2227	4.357	1.195
13.095	2.258e-02	-3.598	2156	4.422	1.108
13.095	2.968e-02	-3.728	2071	4.482	1.034
13.095	3.871e-02	-3.852	1989	4.535	0.972
13.095	5.081e-02	-4.005	1873	4.584	0.919
13.095	6.678e-02	-4.156	1760	4.627	0.875
13.095	8.711e-02	-4.304	1651	4.665	0.838
13.095	1.143e-01	-4.463	1536	4.698	0.806
13.095	1.503e-01	-4.628	1421	4.728	0.780
13.095	1.976e-01	-4.789	1314	4.753	0.757
13.095	2.596e-01	-4.964	1204	4.776	0.738
13.095	3.414e-01	-5.126	1109	4.795	0.721
13.095	4.487e-01	-5.299	1014	4.812	0.707
13.095	5.899e-01	-5.459	932	4.827	0.695
13.095	7.753e-01	-5.624	854	4.840	0.685
13.095	1.023e+00	-5.784	785	4.852	0.675
13.095	1.340e+00	-5.933	724	4.863	0.667
13.095	1.768e+00	-6.089	666	4.873	0.660
13.095	2.329e+00	-6.250	610	4.882	0.653
13.095	3.062e+00	-6.405	561	4.890	0.647
13.095	3.993e+00	-6.567	513	4.897	0.642
13.095	5.271e+00	-6.717	472	4.903	0.637
13.095	6.901e+00	-6.864	435	4.909	0.632
13.095	9.126e+00	-7.016	400	4.915	0.628
13.618	1.010e-04	-1.817	2816	3.122	5.046
13.618	1.317e-04	-1.903	2798	3.197	4.630
13.618	1.739e-04	-2.000	2764	3.273	4.242
13.618	2.276e-04	-2.097	2724	3.344	3.909
13.618	3.005e-04	-2.195	2681	3.415	3.603
13.618	3.933e-04	-2.288	2640	3.481	3.340
13.618	5.162e-04	-2.380	2596	3.543	3.108
13.618	6.785e-04	-2.460	2559	3.599	2.915
13.618	8.921e-04	-2.520	2533	3.642	2.776
13.618	1.172e-03	-2.557	2519	3.669	2.690
13.618	1.529e-03	-2.580	2512	3.687	2.635
13.618	2.019e-03	-2.608	2503	3.709	2.569
13.618	2.643e-03	-2.656	2488	3.746	2.460
13.618	3.488e-03	-2.768	2458	3.836	2.218
13.618	4.505e-03	-2.893	2433	3.945	1.958
13.618	5.946e-03	-3.012	2411	4.047	1.740
13.618	7.832e-03	-3.125	2381	4.138	1.567
13.618	1.029e-02	-3.230	2352	4.222	1.422
13.618	1.343e-02	-3.342	2303	4.298	1.304
13.618	1.762e-02	-3.455	2247	4.369	1.201
13.618	2.308e-02	-3.574	2179	4.434	1.115
13.618	3.040e-02	-3.703	2095	4.495	1.039
13.618	3.995e-02	-3.829	2012	4.550	0.975
13.618	5.211e-02	-3.974	1904	4.599	0.922
13.618	6.879e-02	-4.129	1787	4.644	0.876
13.618	8.990e-02	-4.275	1679	4.682	0.838
13.618	1.173e-01	-4.431	1565	4.715	0.806
13.618	1.548e-01	-4.599	1446	4.746	0.778
13.618	2.023e-01	-4.753	1343	4.772	0.756
13.618	2.670e-01	-4.934	1226	4.795	0.736
13.618	3.495e-01	-5.093	1132	4.814	0.719
13.618	4.622e-01	-5.270	1032	4.832	0.705
13.618	6.101e-01	-5.432	949	4.847	0.692
13.618	7.987e-01	-5.596	870	4.861	0.682
13.618	1.054e+00	-5.756	799	4.873	0.673
13.618	1.380e+00	-5.907	737	4.884	0.664
13.618	1.822e+00	-6.063	678	4.894	0.657
13.618	2.385e+00	-6.220	622	4.902	0.650
13.618	3.148e+00	-6.377	571	4.911	0.644
13.618	4.164e+00	-6.547	520	4.918	0.638
13.618	5.485e+00	-6.697	479	4.925	0.633
13.618	7.208e+00	-6.848	441	4.931	0.629
13.618	9.533e+00	-6.999	405	4.937	0.625
14.142	1.038e-04	-1.800	2835	3.133	5.081
14.142	1.365e-04	-1.888	2816	3.210	4.650
14.142	1.788e-04	-1.982	2783	3.284	4.270
14.142	2.341e-04	-2.078	2745	3.355	3.933
14.142	3.072e-04	-2.175	2702	3.424	3.632
14.142	4.038e-04	-2.268	2660	3.491	3.364
14.142	5.266e-04	-2.358	2615	3.551	3.140
14.142	6.952e-04	-2.435	2579	3.604	2.954
14.142	9.100e-04	-2.487	2556	3.640	2.832
14.142	1.194e-03	-2.520	2541	3.663	2.760
14.142	1.564e-03	-2.544	2532	3.681	2.704
14.142	2.060e-03	-2.576	2521	3.706	2.627
14.142	2.708e-03	-2.640	2500	3.755	2.482
14.142	3.532e-03	-2.771	2463	3.860	2.200
14.142	4.662e-03	-2.899	2438	3.970	1.938
14.142	6.142e-03	-3.012	2415	4.066	1.734
14.142	8.072e-03	-3.118	2390	4.154	1.568
14.142	1.061e-02	-3.217	2367	4.237	1.426
14.142	1.395e-02	-3.330	2318	4.313	1.305
14.142	1.841e-02	-3.445	2262	4.385	1.201
14.142	2.425e-02	-3.564	2194	4.452	1.113
14.142	3.188e-02	-3.691	2112	4.512	1.038
14.142	4.191e-02	-3.816	2029	4.568	0.974
14.142	5.488e-02	-3.960	1922	4.618	0.919
14.142	7.185e-02	-4.110	1807	4.661	0.874
14.142	9.484e-02	-4.262	1695	4.701	0.835
14.142	1.241e-01	-4.420	1578	4.736	0.803
14.142	1.639e-01	-4.587	1459	4.766	0.775
14.142	2.145e-01	-4.743	1354	4.792	0.752
14.142	2.816e-01	-4.920	1239	4.815	0.732
14.142	3.701e-01	-5.082	1142	4.835	0.716
14.142	4.865e-01	-5.255	1044	4.853	0.701
14.142	6.395e-01	-5.415	960	4.868	0.689
14.142	8.457e-01	-5.585	878	4.882	0.678
14.142	1.103e+00	-5.739	809	4.893	0.669
14.142	1.456e+00	-5.895	744	4.904	0.661
14.142	1.903e+00	-6.045	686	4.914	0.653
14.142	2.512e+00	-6.207	629	4.923	0.647
14.142	3.309e+00	-6.364	577	4.932	0.640
14.142	4.348e+00	-6.530	527	4.939	0.635
14.142	5.740e+00	-6.682	484	4.946	0.630
14.142	7.514e+00	-6.832	446	4.952	0.626
14.142	9.937e+00	-6.983	410	4.957	0.622
14.666	1.035e-04	-1.774	2853	3.134	5.167
14.666	1.360e-04	-1.862	2836	3.211	4.727
14.666	1.774e-04	-1.953	2808	3.285	4.344
14.666	2.342e-04	-2.051	2768	3.359	3.989
14.666	3.066e-04	-2.146	2727	3.428	3.685
14.666	4.024e-04	-2.240	2684	3.494	3.414
14.666	5.288e-04	-2.330	2638	3.554	3.185
14.666	6.953e-04	-2.403	2603	3.603	3.010
14.666	9.138e-04	-2.450	2581	3.636	2.898
14.666	1.192e-03	-2.479	2568	3.656	2.833
14.666	1.549e-03	-2.504	2556	3.673	2.776
14.666	2.034e-03	-2.542	2540	3.701	2.690
14.666	2.673e-03	-2.618	2515	3.759	2.516
14.666	3.528e-03	-2.764	2471	3.874	2.204
14.666	4.619e-03	-2.883	2447	3.976	1.959
14.666	6.097e-03	-2.995	2423	4.071	1.757
14.666	7.981e-03	-3.096	2400	4.156	1.594
14.666	1.048e-02	-3.186	2388	4.237	1.451
14.666	1.377e-02	-3.298	2341	4.314	1.328
14.666	1.817e-02	-3.412	2286	4.387	1.221
14.666	2.379e-02	-3.526	2224	4.453	1.132
14.666	3.122e-02	-3.648	2148	4.515	1.054
14.666	4.104e-02	-3.773	2065	4.571	0.987
14.666	5.353e-02	-3.903	1973	4.622	0.931
14.666	7.066e-02	-4.060	1852	4.669	0.882
14.666	9.250e-02	-4.205	1743	4.710	0.842
14.666	1.221e-01	-4.367	1623	4.746	0.807
14.666	1.598e-01	-4.528	1505	4.778	0.779
14.666	2.098e-01	-4.687	1395	4.805	0.755
14.666	2.757e-01	-4.861	1280	4.829	0.734
14.666	3.639e-01	-5.028	1177	4.850	0.716
14.666	4.764e-01	-5.195	1080	4.868	0.702
14.666	6.289e-01	-5.361	991	4.884	0.689
14.666	8.284e-01	-5.530	906	4.898	0.678
14.666	1.089e+00	-5.688	834	4.911	0.668
14.666	1.431e+00	-5.844	767	4.922	0.659
14.666	1.875e+00	-5.998	706	4.932	0.652
14.666	2.469e+00	-6.154	649	4.941	0.645
14.666	3.245e+00	-6.312	595	4.950	0.639
14.666	4.267e+00	-6.478	543	4.957	0.633
14.666	5.608e+00	-6.630	500	4.964	0.628
14.666	7.373e+00	-6.788	458	4.970	0.624
14.666	9.751e+00	-6.936	422	4.976	0.620
15.190	1.001e-04	-1.740	2871	3.127	5.303
15.190	1.311e-04	-1.825	2857	3.203	4.856
15.190	1.720e-04	-1.916	2833	3.279	4.451
15.190	2.261e-04	-2.013	2795	3.352	4.089
15.190	2.949e-04	-2.106	2756	3.421	3.778
15.190	3.892e-04	-2.202	2713	3.489	3.493
15.190	5.127e-04	-2.293	2666	3.550	3.256
15.190	6.739e-04	-2.364	2630	3.598	3.083
15.190	8.789e-04	-2.408	2609	3.628	2.978
15.190	1.154e-03	-2.436	2596	3.647	2.912
15.190	1.516e-03	-2.464	2583	3.666	2.849
15.190	1.993e-03	-2.508	2563	3.697	2.750
15.190	2.620e-03	-2.600	2528	3.765	2.544
15.190	3.458e-03	-2.749	2480	3.881	2.226
15.190	4.556e-03	-2.867	2455	3.982	1.981
15.190	5.966e-03	-2.973	2433	4.071	1.788
15.190	7.810e-03	-3.071	2411	4.154	1.624
15.190	1.031e-02	-3.161	2400	4.236	1.478
15.190	1.358e-02	-3.267	2363	4.315	1.351
15.190	1.785e-02	-3.378	2311	4.387	1.243
15.190	2.328e-02	-3.486	2255	4.453	1.152
15.190	3.073e-02	-3.608	2182	4.517	1.070
15.190	4.023e-02	-3.731	2101	4.574	1.001
15.190	5.310e-02	-3.859	2014	4.629	0.941
15.190	6.951e-02	-4.011	1896	4.676	0.891
15.190	9.175e-02	-4.162	1782	4.719	0.848
15.190	1.201e-01	-4.315	1667	4.756	0.812
15.190	1.564e-01	-4.471	1552	4.788	0.783
15.190	2.053e-01	-4.634	1436	4.817	0.758
15.190	2.688e-01	-4.799	1325	4.842	0.736
15.190	3.519e-01	-4.966	1219	4.863	0.718
15.190	4.645e-01	-5.133	1119	4.883	0.702
15.190	6.081e-01	-5.300	1026	4.899	0.689
15.190	8.027e-01	-5.469	939	4.914	0.677
15.190	1.057e+00	-5.629	863	4.927	0.667
15.190	1.390e+00	-5.788	793	4.939	0.658
15.190	1.813e+00	-5.943	730	4.949	0.651
15.190	2.393e+00	-6.094	672	4.958	0.644
15.190	3.164e+00	-6.258	615	4.967	0.637
15.190	4.142e+00	-6.422	562	4.975	0.631
15.190	5.478e+00	-6.579	516	4.982	0.626
15.190	7.202e+00	-6.744	471	4.989	0.622
15.190	9.525e+00	-6.886	435	4.994	0.617
15.713	1.009e-04	-1.721	2886	3.131	5.368
15.713	1.324e-04	-1.805	2875	3.208	4.911
15.713	1.740e-04	-1.896	2850	3.284	4.498
15.713	2.270e-04	-1.989	2816	3.356	4.140
15.713	2.996e-04	-2.086	2776	3.428	3.811
15.713	3.922e-04	-2.178	2735	3.494	3.533
15.713	5.147e-04	-2.265	2689	3.552	3.303
15.713	6.765e-04	-2.332	2655	3.597	3.140
15.713	8.895e-04	-2.373	2634	3.624	3.043
15.713	1.165e-03	-2.399	2621	3.642	2.981
15.713	1.525e-03	-2.429	2607	3.662	2.912
15.713	2.013e-03	-2.483	2582	3.700	2.789
15.713	2.635e-03	-2.599	2534	3.783	2.532
15.713	3.458e-03	-2.742	2488	3.894	2.229
15.713	4.545e-03	-2.856	2462	3.990	1.996
15.713	5.976e-03	-2.960	2440	4.078	1.803
15.713	7.825e-03	-3.056	2420	4.160	1.642
15.713	1.024e-02	-3.143	2408	4.238	1.500
15.713	1.345e-02	-3.238	2384	4.315	1.373
15.713	1.767e-02	-3.347	2335	4.388	1.262
15.713	2.323e-02	-3.457	2280	4.457	1.166
15.713	3.043e-02	-3.572	2213	4.520	1.084
15.713	4.008e-02	-3.697	2131	4.580	1.012
15.713	5.267e-02	-3.821	2048	4.635	0.950
15.713	6.953e-02	-3.971	1933	4.685	0.897
15.713	9.159e-02	-4.123	1817	4.729	0.852
15.713	1.204e-01	-4.274	1703	4.768	0.815
15.713	1.583e-01	-4.435	1583	4.802	0.784
15.713	2.080e-01	-4.601	1464	4.831	0.758
15.713	2.735e-01	-4.764	1353	4.857	0.735
15.713	3.594e-01	-4.938	1240	4.880	0.717
15.713	4.726e-01	-5.102	1141	4.899	0.701
15.713	6.189e-01	-5.269	1046	4.916	0.687
15.713	8.101e-01	-5.433	960	4.931	0.676
15.713	1.063e+00	-5.593	882	4.944	0.666
15.713	1.392e+00	-5.750	811	4.956	0.657
15.713	1.823e+00	-5.908	746	4.966	0.649
15.713	2.373e+00	-6.049	691	4.976	0.642
15.713	3.133e+00	-6.214	632	4.985	0.635
15.713	4.094e+00	-6.376	578	4.992	0.629
15.713	5.404e+00	-6.534	530	5.000	0.624
15.713	7.119e+00	-6.699	484	5.006	0.620
15.713	9.357e+00	-6.840	447	5.012	0.615
16.237	1.005e-04	-1.699	2901	3.132	5.451
16.237	1.311e-04	-1.779	2892	3.207	4.996
16.237	1.731e-04	-1.871	2869	3.285	4.568
16.237	2.266e-04	-1.963	2838	3.358	4.199
16.237	2.991e-04	-2.060	2798	3.431	3.863
16.237	3.915e-04	-2.151	2757	3.496	3.582
16.237	5.178e-04	-2.239	2712	3.554	3.350
16.237	6.754e-04	-2.298	2681	3.594	3.201
16.237	8.915e-04	-2.335	2661	3.619	3.111
16.237	1.165e-03	-2.362	2648	3.636	3.050
16.237	1.514e-03	-2.394	2632	3.658	2.974
16.237	1.975e-03	-2.454	2603	3.699	2.837
16.237	2.608e-03	-2.592	2543	3.796	2.536
16.237	3.448e-03	-2.734	2495	3.905	2.237
16.237	4.514e-03	-2.843	2470	3.997	2.014
16.237	5.925e-03	-2.944	2448	4.082	1.826
16.237	7.759e-03	-3.038	2428	4.162	1.665
16.237	1.016e-02	-3.125	2415	4.239	1.524
16.237	1.323e-02	-3.208	2402	4.313	1.398
16.237	1.746e-02	-3.316	2358	4.389	1.282
16.237	2.281e-02	-3.423	2305	4.457	1.186
16.237	2.976e-02	-3.534	2242	4.520	1.102
16.237	3.928e-02	-3.658	2163	4.582	1.027
16.237	5.142e-02	-3.779	2083	4.637	0.964
16.237	6.788e-02	-3.918	1981	4.689	0.907
16.237	8.886e-02	-4.069	1864	4.734	0.862
16.237	1.173e-01	-4.220	1750	4.775	0.822
16.237	1.533e-01	-4.378	1631	4.810	0.790
16.237	2.015e-01	-4.543	1509	4.841	0.762
16.237	2.649e-01	-4.700	1401	4.868	0.738
16.237	3.482e-01	-4.878	1281	4.892	0.719
16.237	4.577e-01	-5.042	1180	4.912	0.702
16.237	5.970e-01	-5.208	1083	4.929	0.688
16.237	7.880e-01	-5.374	993	4.945	0.676
16.237	1.032e+00	-5.536	912	4.959	0.665
16.237	1.354e+00	-5.695	838	4.971	0.656
16.237	1.779e+00	-5.855	769	4.982	0.648
16.237	2.321e+00	-6.002	711	4.992	0.640
16.237	3.046e+00	-6.160	652	5.001	0.634
16.237	3.989e+00	-6.318	598	5.009	0.628
16.237	5.255e+00	-6.483	546	5.016	0.623
16.237	6.907e+00	-6.639	501	5.023	0.618
16.237	9.134e+00	-6.794	460	5.029	0.613
16.761	1.019e-04	-1.683	2914	3.137	5.502
16.761	1.326e-04	-1.762	2907	3.212	5.046
16.761	1.751e-04	-1.853	2885	3.290	4.613
16.761	2.292e-04	-1.944	2856	3.364	4.239
16.761	3.031e-04	-2.041	2817	3.437	3.898
16.761	3.985e-04	-2.132	2776	3.502	3.614
16.761	5.218e-04	-2.212	2734	3.556	3.398
16.761	6.831e-04	-2.266	2705	3.592	3.259
16.761	9.017e-04	-2.300	2688	3.614	3.178
16.761	1.178e-03	-2.326	2674	3.632	3.113
16.761	1.555e-03	-2.368	2653	3.659	3.017
16.761	2.036e-03	-2.449	2613	3.714	2.832
16.761	2.688e-03	-2.607	2544	3.826	2.491
16.761	3.519e-03	-2.735	2500	3.924	2.225
16.761	4.645e-03	-2.843	2474	4.014	2.006
16.761	6.080e-03	-2.940	2453	4.095	1.826
16.761	7.917e-03	-3.031	2433	4.172	1.672
16.761	1.045e-02	-3.118	2421	4.250	1.528
16.761	1.368e-02	-3.199	2413	4.325	1.401
16.761	1.796e-02	-3.302	2372	4.399	1.287
16.761	2.360e-02	-3.411	2318	4.468	1.188
16.761	3.078e-02	-3.521	2257	4.532	1.104
16.761	4.063e-02	-3.644	2180	4.594	1.028
16.761	5.352e-02	-3.767	2098	4.651	0.963
16.761	7.034e-02	-3.901	2001	4.703	0.907
16.761	9.285e-02	-4.056	1880	4.750	0.860
16.761	1.216e-01	-4.202	1769	4.790	0.821
16.761	1.595e-01	-4.362	1647	4.826	0.788
16.761	2.089e-01	-4.525	1526	4.857	0.760
16.761	2.735e-01	-4.680	1418	4.884	0.737
16.761	3.590e-01	-4.856	1299	4.908	0.717
16.761	4.701e-01	-5.019	1197	4.928	0.700
16.761	6.154e-01	-5.186	1099	4.946	0.686
16.761	8.123e-01	-5.353	1007	4.962	0.673
16.761	1.063e+00	-5.516	924	4.976	0.663
16.761	1.404e+00	-5.679	848	4.988	0.653
16.761	1.837e+00	-5.838	778	4.999	0.645
16.761	2.425e+00	-5.991	717	5.009	0.637
16.761	3.195e+00	-6.152	657	5.019	0.631
16.761	4.199e+00	-6.313	602	5.027	0.625
16.761	5.543e+00	-6.478	549	5.034	0.619
16.761	7.256e+00	-6.634	504	5.041	0.615
16.761	9.524e+00	-6.782	465	5.047	0.610
17.285	1.043e-04	-1.671	2926	3.146	5.532
17.285	1.371e-04	-1.751	2921	3.224	5.059
17.285	1.788e-04	-1.839	2900	3.298	4.643
17.285	2.346e-04	-1.929	2872	3.372	4.263
17.285	3.073e-04	-2.022	2835	3.442	3.933
17.285	4.023e-04	-2.110	2796	3.506	3.655
17.285	5.320e-04	-2.188	2755	3.558	3.441
17.285	6.994e-04	-2.236	2730	3.591	3.316
17.285	9.193e-04	-2.266	2714	3.610	3.242
17.285	1.199e-03	-2.294	2699	3.629	3.172
17.285	1.586e-03	-2.344	2673	3.662	3.054
17.285	2.085e-03	-2.453	2619	3.735	2.807
17.285	2.703e-03	-2.604	2551	3.841	2.487
17.285	3.560e-03	-2.730	2507	3.937	2.226
17.285	4.662e-03	-2.833	2481	4.022	2.018
17.285	6.104e-03	-2.928	2460	4.102	1.841
17.285	8.057e-03	-3.022	2439	4.181	1.681
17.285	1.055e-02	-3.105	2426	4.255	1.542
17.285	1.392e-02	-3.185	2423	4.332	1.412
17.285	1.823e-02	-3.283	2388	4.405	1.298
17.285	2.406e-02	-3.394	2334	4.476	1.196
17.285	3.149e-02	-3.504	2275	4.541	1.110
17.285	4.101e-02	-3.619	2203	4.601	1.036
17.285	5.413e-02	-3.742	2122	4.659	0.969
17.285	7.086e-02	-3.868	2034	4.711	0.912
17.285	9.300e-02	-4.021	1913	4.758	0.864
17.285	1.222e-01	-4.170	1799	4.800	0.824
17.285	1.607e-01	-4.329	1677	4.837	0.789
17.285	2.112e-01	-4.494	1554	4.870	0.761
17.285	2.755e-01	-4.647	1445	4.897	0.737
17.285	3.637e-01	-4.824	1324	4.922	0.716
17.285	4.790e-01	-4.993	1217	4.943	0.699
17.285	6.296e-01	-5.161	1116	4.962	0.684
17.285	8.311e-01	-5.327	1023	4.978	0.671
17.285	1.088e+00	-5.493	938	4.992	0.661
17.285	1.428e+00	-5.652	862	5.004	0.651
17.285	1.877e+00	-5.814	791	5.016	0.643
17.285	2.467e+00	-5.967	728	5.026	0.635
17.285	3.243e+00	-6.125	668	5.035	0.628
17.285	4.281e+00	-6.287	612	5.044	0.622
17.285	5.594e+00	-6.449	560	5.051	0.617
17.285	7.272e+00	-6.598	516	5.058	0.613
17.285	9.486e+00	-6.749	474	5.063	0.608
17.809	1.004e-04	-1.641	2939	3.137	5.672
17.809	1.315e-04	-1.720	2936	3.214	5.195
17.809	1.726e-04	-1.806	2919	3.290	4.756
17.809	2.268e-04	-1.897	2892	3.365	4.363
17.809	2.958e-04	-1.986	2861	3.435	4.027
17.809	3.905e-04	-2.076	2822	3.501	3.732
17.809	5.103e-04	-2.149	2784	3.551	3.523
17.809	6.710e-04	-2.197	2758	3.583	3.395
17.809	8.818e-04	-2.227	2743	3.602	3.320
17.809	1.150e-03	-2.256	2727	3.622	3.247
17.809	1.521e-03	-2.308	2700	3.656	3.121
17.809	2.000e-03	-2.425	2639	3.734	2.854
17.809	2.629e-03	-2.585	2564	3.843	2.515
17.809	3.470e-03	-2.710	2519	3.938	2.256
17.809	4.542e-03	-2.813	2490	4.021	2.051
17.809	5.996e-03	-2.909	2468	4.102	1.869
17.809	7.835e-03	-2.998	2448	4.177	1.714
17.809	1.022e-02	-3.082	2433	4.250	1.576
17.809	1.329e-02	-3.156	2430	4.321	1.451
17.809	1.744e-02	-3.242	2413	4.396	1.332
17.809	2.292e-02	-3.350	2363	4.467	1.227
17.809	3.008e-02	-3.457	2309	4.534	1.136
17.809	3.939e-02	-3.572	2241	4.597	1.057
17.809	5.157e-02	-3.692	2163	4.655	0.989
17.809	6.807e-02	-3.816	2078	4.710	0.928
17.809	8.911e-02	-3.962	1965	4.759	0.877
17.809	1.176e-01	-4.115	1846	4.803	0.833
17.809	1.537e-01	-4.265	1732	4.842	0.797
17.809	2.021e-01	-4.427	1608	4.876	0.767
17.809	2.656e-01	-4.591	1488	4.905	0.741
17.809	3.492e-01	-4.757	1373	4.931	0.719
17.809	4.590e-01	-4.930	1259	4.953	0.701
17.809	6.058e-01	-5.098	1156	4.973	0.685
17.809	7.931e-01	-5.264	1061	4.990	0.672
17.809	1.047e+00	-5.434	970	5.005	0.661
17.809	1.370e+00	-5.592	893	5.018	0.651
17.809	1.799e+00	-5.752	819	5.029	0.642
17.809	2.355e+00	-5.910	753	5.040	0.635
17.809	3.103e+00	-6.065	692	5.049	0.628
17.809	4.078e+00	-6.224	635	5.058	0.621
17.809	5.352e+00	-6.389	580	5.066	0.616
17.809	6.958e+00	-6.540	534	5.072	0.611
17.809	9.112e+00	-6.698	489	5.079	0.607
18.332	1.003e-04	-1.623	2951	3.139	5.744
18.332	1.319e-04	-1.702	2948	3.216	5.254
18.332	1.733e-04	-1.788	2933	3.293	4.809
18.332	2.279e-04	-1.878	2908	3.368	4.411
18.332	2.995e-04	-1.968	2878	3.440	4.062
18.332	3.907e-04	-2.052	2842	3.502	3.782
18.332	5.167e-04	-2.123	2806	3.551	3.573
18.332	6.794e-04	-2.166	2783	3.580	3.457
18.332	8.896e-04	-2.194	2768	3.598	3.385
18.332	1.172e-03	-2.227	2750	3.620	3.299
18.332	1.540e-03	-2.289	2717	3.661	3.148
18.332	2.025e-03	-2.431	2643	3.755	2.825
18.332	2.652e-03	-2.583	2571	3.858	2.509
18.332	3.471e-03	-2.700	2528	3.947	2.266
18.332	4.582e-03	-2.805	2497	4.030	2.059
18.332	5.999e-03	-2.897	2475	4.107	1.885
18.332	7.918e-03	-2.988	2454	4.183	1.726
18.332	1.035e-02	-3.072	2438	4.256	1.588
18.332	1.350e-02	-3.145	2436	4.328	1.462
18.332	1.782e-02	-3.229	2424	4.403	1.340
18.332	2.347e-02	-3.335	2378	4.476	1.233
18.332	3.084e-02	-3.443	2324	4.543	1.140
18.332	4.072e-02	-3.560	2254	4.608	1.058
18.332	5.363e-02	-3.682	2176	4.668	0.988
18.332	7.049e-02	-3.804	2093	4.723	0.927
18.332	9.305e-02	-3.952	1979	4.774	0.875
18.332	1.226e-01	-4.104	1860	4.818	0.831
18.332	1.611e-01	-4.256	1743	4.857	0.794
18.332	2.101e-01	-4.413	1623	4.891	0.765
18.332	2.773e-01	-4.581	1500	4.921	0.738
18.332	3.631e-01	-4.742	1387	4.947	0.717
18.332	4.802e-01	-4.921	1268	4.969	0.698
18.332	6.313e-01	-5.087	1166	4.989	0.683
18.332	8.297e-01	-5.255	1069	5.006	0.669
18.332	1.082e+00	-5.419	980	5.020	0.658
18.332	1.429e+00	-5.582	900	5.034	0.648
18.332	1.870e+00	-5.741	827	5.046	0.640
18.332	2.455e+00	-5.900	759	5.056	0.632
18.332	3.226e+00	-6.054	698	5.066	0.625
18.332	4.266e+00	-6.216	639	5.075	0.619
18.332	5.565e+00	-6.378	585	5.082	0.613
18.332	7.346e+00	-6.538	536	5.089	0.608
18.332	9.676e+00	-6.698	490	5.096	0.604
18.856	1.015e-04	-1.610	2963	3.144	5.789
18.856	1.335e-04	-1.688	2960	3.222	5.297
18.856	1.754e-04	-1.773	2946	3.298	4.849
18.856	2.288e-04	-1.860	2923	3.371	4.458
18.856	3.021e-04	-1.949	2895	3.443	4.103
18.856	3.948e-04	-2.031	2860	3.504	3.825
18.856	5.190e-04	-2.096	2828	3.550	3.631
18.856	6.821e-04	-2.134	2808	3.576	3.523
18.856	8.897e-04	-2.161	2794	3.594	3.451
18.856	1.174e-03	-2.198	2774	3.618	3.354
18.856	1.537e-03	-2.270	2735	3.666	3.177
18.856	2.029e-03	-2.430	2650	3.771	2.813
18.856	2.652e-03	-2.575	2580	3.869	2.513
18.856	3.487e-03	-2.691	2537	3.956	2.274
18.856	4.583e-03	-2.793	2504	4.036	2.074
18.856	5.978e-03	-2.883	2482	4.110	1.904
18.856	7.846e-03	-2.971	2462	4.184	1.748
18.856	1.027e-02	-3.056	2444	4.256	1.609
18.856	1.343e-02	-3.129	2442	4.328	1.482
18.856	1.751e-02	-3.205	2436	4.400	1.364
18.856	2.316e-02	-3.306	2399	4.474	1.252
18.856	3.057e-02	-3.416	2344	4.544	1.155
18.856	4.002e-02	-3.528	2280	4.608	1.074
18.856	5.253e-02	-3.647	2205	4.668	1.002
18.856	6.904e-02	-3.767	2124	4.724	0.939
18.856	9.113e-02	-3.906	2022	4.777	0.884
18.856	1.193e-01	-4.057	1902	4.822	0.839
18.856	1.566e-01	-4.205	1788	4.862	0.801
18.856	2.050e-01	-4.364	1665	4.898	0.769
18.856	2.701e-01	-4.532	1539	4.929	0.742
18.856	3.550e-01	-4.687	1430	4.956	0.719
18.856	4.686e-01	-4.871	1304	4.980	0.699
18.856	6.134e-01	-5.035	1200	5.000	0.684
18.856	8.097e-01	-5.206	1099	5.018	0.670
18.856	1.060e+00	-5.372	1008	5.033	0.658
18.856	1.399e+00	-5.535	925	5.047	0.648
18.856	1.832e+00	-5.695	849	5.059	0.639
18.856	2.404e+00	-5.857	778	5.070	0.631
18.856	3.160e+00	-6.009	717	5.080	0.624
18.856	4.179e+00	-6.172	656	5.089	0.617
18.856	5.450e+00	-6.333	601	5.097	0.612
18.856	7.085e+00	-6.486	552	5.103	0.607
18.856	9.300e+00	-6.648	505	5.110	0.602
19.380	1.033e-04	-1.598	2974	3.151	5.823
19.380	1.357e-04	-1.676	2971	3.228	5.330
19.380	1.792e-04	-1.762	2958	3.306	4.873
19.380	2.345e-04	-1.848	2936	3.379	4.477
19.380	3.078e-04	-1.934	2910	3.449	4.131
19.380	4.031e-04	-2.013	2877	3.508	3.859
19.380	5.277e-04	-2.071	2848	3.549	3.684
19.380	6.966e-04	-2.105	2831	3.573	3.585
19.380	9.103e-04	-2.133	2816	3.591	3.509
19.380	1.202e-03	-2.176	2793	3.620	3.394
19.380	1.573e-03	-2.267	2744	3.680	3.167
19.380	2.048e-03	-2.429	2657	3.787	2.801
19.380	2.692e-03	-2.572	2587	3.883	2.507
19.380	3.533e-03	-2.685	2544	3.967	2.277
19.380	4.644e-03	-2.786	2511	4.045	2.081
19.380	6.057e-03	-2.875	2488	4.118	1.913
19.380	7.995e-03	-2.964	2468	4.193	1.756
19.380	1.047e-02	-3.048	2450	4.264	1.618
19.380	1.382e-02	-3.123	2447	4.337	1.486
19.380	1.809e-02	-3.198	2443	4.410	1.367
19.380	2.374e-02	-3.293	2412	4.482	1.258
19.380	3.120e-02	-3.401	2358	4.551	1.161
19.380	4.095e-02	-3.513	2296	4.616	1.078
19.380	5.382e-02	-3.631	2221	4.677	1.005
19.380	7.076e-02	-3.752	2141	4.734	0.941
19.380	9.299e-02	-3.884	2045	4.787	0.886
19.380	1.228e-01	-4.040	1921	4.834	0.839
19.380	1.607e-01	-4.186	1808	4.874	0.801
19.380	2.109e-01	-4.347	1683	4.911	0.768
19.380	2.762e-01	-4.512	1558	4.942	0.741
19.380	3.616e-01	-4.664	1449	4.969	0.718
19.380	4.773e-01	-4.847	1323	4.993	0.698
19.380	6.287e-01	-5.016	1215	5.014	0.682
19.380	8.263e-01	-5.184	1115	5.032	0.668
19.380	1.091e+00	-5.355	1019	5.048	0.656
19.380	1.428e+00	-5.514	937	5.062	0.646
19.380	1.885e+00	-5.679	859	5.074	0.636
19.380	2.467e+00	-5.839	788	5.085	0.629
19.380	3.213e+00	-5.986	728	5.094	0.622
19.380	4.241e+00	-6.149	666	5.104	0.615
19.380	5.542e+00	-6.310	610	5.112	0.609
19.380	7.228e+00	-6.467	560	5.119	0.605
19.380	9.541e+00	-6.632	511	5.125	0.600
19.904	1.004e-04	-1.574	2985	3.145	5.940
19.904	1.315e-04	-1.651	2983	3.221	5.445
19.904	1.736e-04	-1.735	2972	3.299	4.980
19.904	2.272e-04	-1.819	2954	3.372	4.574
19.904	2.999e-04	-1.907	2927	3.444	4.212
19.904	3.926e-04	-1.982	2900	3.503	3.936
19.904	5.182e-04	-2.040	2871	3.544	3.756
19.904	6.784e-04	-2.072	2855	3.566	3.660
19.904	8.834e-04	-2.100	2841	3.585	3.582
19.904	1.148e-03	-2.141	2820	3.613	3.468
19.904	1.516e-03	-2.237	2767	3.677	3.221
19.904	1.984e-03	-2.406	2676	3.787	2.837
19.904	2.605e-03	-2.547	2605	3.882	2.545
19.904	3.423e-03	-2.662	2558	3.965	2.313
19.904	4.501e-03	-2.764	2521	4.042	2.116
19.904	5.915e-03	-2.856	2496	4.116	1.943
19.904	7.777e-03	-2.942	2476	4.189	1.788
19.904	1.022e-02	-3.027	2458	4.260	1.646
19.904	1.333e-02	-3.100	2453	4.330	1.519
19.904	1.760e-02	-3.176	2450	4.404	1.395
19.904	2.300e-02	-3.258	2435	4.475	1.285
19.904	3.036e-02	-3.368	2381	4.547	1.183
19.904	3.974e-02	-3.475	2325	4.613	1.097
19.904	5.216e-02	-3.592	2253	4.675	1.021
19.904	6.855e-02	-3.711	2175	4.733	0.955
19.904	9.013e-02	-3.836	2088	4.787	0.898
19.904	1.185e-01	-3.989	1967	4.835	0.849
19.904	1.564e-01	-4.140	1848	4.879	0.808
19.904	2.047e-01	-4.296	1727	4.916	0.774
19.904	2.687e-01	-4.461	1600	4.949	0.745
19.904	3.531e-01	-4.619	1485	4.977	0.721
19.904	4.661e-01	-4.796	1361	5.003	0.700
19.904	6.140e-01	-4.967	1249	5.024	0.683
19.904	8.069e-01	-5.135	1146	5.043	0.668
19.904	1.061e+00	-5.301	1051	5.059	0.656
19.904	1.389e+00	-5.466	964	5.073	0.645
19.904	1.819e+00	-5.625	886	5.086	0.636
19.904	2.401e+00	-5.790	811	5.097	0.628
19.904	3.137e+00	-5.942	747	5.107	0.621
19.904	4.125e+00	-6.103	685	5.117	0.614
19.904	5.402e+00	-6.261	628	5.125	0.608
19.904	7.071e+00	-6.423	575	5.132	0.603
19.904	9.334e+00	-6.587	525	5.139	0.598
20.428	1.009e-04	-1.561	2994	3.149	5.994
20.428	1.321e-04	-1.636	2994	3.224	5.496
20.428	1.729e-04	-1.718	2984	3.299	5.041
20.428	2.282e-04	-1.803	2967	3.375	4.620
20.428	2.988e-04	-1.886	2943	3.444	4.267
20.428	3.944e-04	-1.960	2918	3.503	3.988
20.428	5.163e-04	-2.012	2892	3.540	3.821
20.428	6.815e-04	-2.044	2877	3.562	3.726
20.428	8.906e-04	-2.072	2862	3.582	3.641
20.428	1.176e-03	-2.123	2836	3.617	3.498
20.428	1.539e-03	-2.241	2773	3.695	3.197
20.428	2.035e-03	-2.414	2678	3.808	2.808
20.428	2.686e-03	-2.551	2608	3.900	2.526
20.428	3.511e-03	-2.661	2563	3.978	2.307
20.428	4.616e-03	-2.762	2526	4.054	2.114
20.428	6.067e-03	-2.852	2500	4.127	1.945
20.428	7.913e-03	-2.935	2482	4.196	1.795
20.428	1.044e-02	-3.019	2464	4.268	1.652
20.428	1.367e-02	-3.093	2458	4.338	1.524
20.428	1.795e-02	-3.167	2455	4.410	1.403
20.428	2.350e-02	-3.245	2447	4.482	1.291
20.428	3.096e-02	-3.354	2395	4.554	1.189
20.428	4.069e-02	-3.462	2339	4.621	1.101
20.428	5.307e-02	-3.575	2270	4.682	1.026
20.428	7.005e-02	-3.696	2192	4.741	0.958
20.428	9.171e-02	-3.817	2108	4.795	0.901
20.428	1.211e-01	-3.970	1987	4.845	0.850
20.428	1.595e-01	-4.121	1868	4.889	0.808
20.428	2.096e-01	-4.277	1746	4.928	0.773
20.428	2.766e-01	-4.445	1616	4.962	0.744
20.428	3.621e-01	-4.602	1501	4.990	0.720
20.428	4.753e-01	-4.774	1380	5.016	0.699
20.428	6.247e-01	-4.945	1266	5.037	0.682
20.428	8.262e-01	-5.116	1160	5.057	0.667
20.428	1.086e+00	-5.282	1064	5.073	0.654
20.428	1.422e+00	-5.448	975	5.087	0.643
20.428	1.862e+00	-5.607	896	5.100	0.634
20.428	2.458e+00	-5.773	821	5.112	0.626
20.428	3.212e+00	-5.926	755	5.122	0.618
20.428	4.223e+00	-6.087	692	5.131	0.612
20.428	5.550e+00	-6.246	635	5.140	0.606
20.428	7.298e+00	-6.412	580	5.147	0.601
20.428	9.591e+00	-6.573	530	5.154	0.596
20.951	1.020e-04	-1.550	3004	3.154	6.034
20.951	1.340e-04	-1.625	3005	3.230	5.528
20.951	1.769e-04	-1.709	2993	3.307	5.058
20.951	2.316e-04	-1.791	2979	3.380	4.650
20.951	3.057e-04	-1.874	2956	3.450	4.292
20.951	4.002e-04	-1.941	2933	3.504	4.033
20.951	5.282e-04	-1.988	2912	3.538	3.877
20.951	6.915e-04	-2.017	2897	3.559	3.788
20.951	9.076e-04	-2.048	2881	3.581	3.693
20.951	1.193e-03	-2.107	2852	3.621	3.524
20.951	1.575e-03	-2.252	2774	3.718	3.153
20.951	2.082e-03	-2.418	2682	3.825	2.786
20.951	2.726e-03	-2.547	2616	3.911	2.523
20.951	3.578e-03	-2.657	2569	3.990	2.306
20.951	4.702e-03	-2.756	2532	4.064	2.117
20.951	6.183e-03	-2.846	2506	4.135	1.950
20.951	8.126e-03	-2.930	2486	4.206	1.797
20.951	1.068e-02	-3.012	2470	4.276	1.658
20.951	1.404e-02	-3.088	2463	4.347	1.528
20.951	1.831e-02	-3.159	2460	4.417	1.410
20.951	2.418e-02	-3.237	2455	4.491	1.295
20.951	3.159e-02	-3.340	2408	4.561	1.195
20.951	4.121e-02	-3.444	2356	4.626	1.108
20.951	5.409e-02	-3.560	2286	4.689	1.030
20.951	7.108e-02	-3.678	2210	4.749	0.962
20.951	9.383e-02	-3.802	2124	4.805	0.902
20.951	1.228e-01	-3.947	2011	4.854	0.852
20.951	1.621e-01	-4.100	1889	4.899	0.809
20.951	2.119e-01	-4.251	1771	4.937	0.774
20.951	2.764e-01	-4.410	1647	4.971	0.745
20.951	3.655e-01	-4.577	1523	5.001	0.720
20.951	4.806e-01	-4.746	1402	5.027	0.698
20.951	6.316e-01	-4.919	1286	5.049	0.681
20.951	8.337e-01	-5.089	1179	5.069	0.665
20.951	1.091e+00	-5.254	1083	5.086	0.653
20.951	1.432e+00	-5.422	991	5.100	0.642
20.951	1.883e+00	-5.583	910	5.113	0.632
20.951	2.475e+00	-5.745	835	5.125	0.624
20.951	3.253e+00	-5.905	766	5.135	0.616
20.951	4.277e+00	-6.065	702	5.145	0.610
20.951	5.622e+00	-6.222	645	5.153	0.604
20.951	7.391e+00	-6.389	588	5.161	0.599
20.951	9.714e+00	-6.551	538	5.168	0.594
23.046	1.050e-04	-1.457	3024	3.114	6.628
23.046	1.380e-04	-1.536	3038	3.202	5.991
23.046	1.800e-04	-1.620	3038	3.285	5.442
23.046	2.376e-04	-1.709	3026	3.368	4.948
23.046	3.130e-04	-1.790	3012	3.440	4.552
23.046	4.113e-04	-1.850	2997	3.492	4.289
23.046	5.408e-04	-1.888	2981	3.521	4.149
23.046	7.108e-04	-1.916	2970	3.542	4.050
23.046	9.382e-04	-1.959	2952	3.574	3.901
23.046	1.228e-03	-2.061	2903	3.647	3.588
23.046	1.624e-03	-2.238	2807	3.766	3.127
23.046	2.144e-03	-2.387	2723	3.862	2.800
23.046	2.802e-03	-2.509	2657	3.942	2.555
23.046	3.643e-03	-2.616	2604	4.014	2.353
23.046	4.751e-03	-2.710	2566	4.082	2.174
23.046	6.271e-03	-2.802	2533	4.152	2.006
23.046	8.210e-03	-2.885	2510	4.219	1.857
23.046	1.084e-02	-2.964	2496	4.288	1.715
23.046	1.419e-02	-3.040	2485	4.356	1.586
23.046	1.862e-02	-3.113	2480	4.426	1.464
23.046	2.447e-02	-3.186	2477	4.497	1.348
23.046	3.218e-02	-3.264	2469	4.570	1.240
23.046	4.255e-02	-3.376	2414	4.642	1.141
23.046	5.593e-02	-3.486	2354	4.708	1.058
23.046	7.295e-02	-3.600	2283	4.768	0.987
23.046	9.574e-02	-3.718	2205	4.826	0.923
23.046	1.258e-01	-3.843	2115	4.880	0.868
23.046	1.661e-01	-4.000	1988	4.929	0.820
23.046	2.174e-01	-4.147	1872	4.971	0.781
23.046	2.870e-01	-4.310	1742	5.009	0.748
23.046	3.757e-01	-4.477	1611	5.041	0.721
23.046	4.960e-01	-4.635	1495	5.069	0.698
23.046	6.533e-01	-4.817	1366	5.094	0.678
23.046	8.587e-01	-4.984	1256	5.115	0.662
23.046	1.129e+00	-5.152	1152	5.133	0.648
23.046	1.484e+00	-5.324	1053	5.149	0.637
23.046	1.935e+00	-5.481	970	5.163	0.627
23.046	2.555e+00	-5.646	888	5.175	0.618
23.046	3.338e+00	-5.807	815	5.186	0.610
23.046	4.389e+00	-5.969	747	5.196	0.603
23.046	5.769e+00	-6.123	687	5.205	0.597
23.046	7.615e+00	-6.291	626	5.213	0.591
23.046	9.969e+00	-6.455	572	5.220	0.586
25.142	1.001e-04	-1.388	3046	3.096	7.068
25.142	1.311e-04	-1.467	3060	3.183	6.393
25.142	1.730e-04	-1.549	3070	3.271	5.778
25.142	2.279e-04	-1.635	3067	3.354	5.251
25.142	2.996e-04	-1.712	3055	3.425	4.840
25.142	3.939e-04	-1.765	3047	3.473	4.577
25.142	5.177e-04	-1.796	3040	3.500	4.439
25.142	6.806e-04	-1.824	3030	3.523	4.322
25.142	8.945e-04	-1.875	3012	3.563	4.128
25.142	1.181e-03	-2.008	2955	3.663	3.678
25.142	1.555e-03	-2.174	2867	3.777	3.226
25.142	2.044e-03	-2.317	2785	3.869	2.902
25.142	2.688e-03	-2.442	2713	3.949	2.646
25.142	3.532e-03	-2.554	2654	4.022	2.433
25.142	4.607e-03	-2.653	2604	4.089	2.253
25.142	6.047e-03	-2.744	2569	4.155	2.087
25.142	7.948e-03	-2.830	2539	4.221	1.935
25.142	1.045e-02	-2.908	2521	4.287	1.793
25.142	1.373e-02	-2.982	2511	4.354	1.660
25.142	1.791e-02	-3.056	2500	4.421	1.537
25.142	2.365e-02	-3.130	2496	4.492	1.417
25.142	3.096e-02	-3.198	2499	4.562	1.307
25.142	4.086e-02	-3.284	2483	4.636	1.200
25.142	5.404e-02	-3.395	2426	4.707	1.106
25.142	7.074e-02	-3.505	2363	4.772	1.026
25.142	9.211e-02	-3.618	2292	4.832	0.958
25.142	1.216e-01	-3.739	2210	4.890	0.896
25.142	1.602e-01	-3.873	2111	4.944	0.842
25.142	2.105e-01	-4.025	1986	4.991	0.798
25.142	2.779e-01	-4.179	1864	5.033	0.760
25.142	3.631e-01	-4.339	1735	5.069	0.729
25.142	4.774e-01	-4.508	1602	5.100	0.704
25.142	6.252e-01	-4.661	1490	5.127	0.682
25.142	8.235e-01	-4.847	1358	5.151	0.664
25.142	1.082e+00	-5.010	1250	5.171	0.648
25.142	1.429e+00	-5.183	1144	5.189	0.635
25.142	1.870e+00	-5.352	1047	5.204	0.624
25.142	2.469e+00	-5.516	960	5.218	0.614
25.142	3.232e+00	-5.677	881	5.230	0.606
25.142	4.266e+00	-5.845	805	5.241	0.598
25.142	5.585e+00	-6.005	738	5.250	0.592
25.142	7.372e+00	-6.163	677	5.259	0.586
25.142	9.711e+00	-6.336	616	5.267	0.580
27.237	1.009e-04	-1.341	3067	3.096	7.359
27.237	1.321e-04	-1.419	3084	3.183	6.655
27.237	1.734e-04	-1.500	3094	3.269	6.027
27.237	2.279e-04	-1.579	3097	3.350	5.488
27.237	2.996e-04	-1.649	3093	3.418	5.079
27.237	3.938e-04	-1.694	3086	3.459	4.843
27.237	5.177e-04	-1.720	3082	3.483	4.711
27.237	6.779e-04	-1.751	3075	3.510	4.568
27.237	8.875e-04	-1.816	3055	3.564	4.291
27.237	1.171e-03	-1.975	2992	3.687	3.726
27.237	1.531e-03	-2.124	2917	3.792	3.302
27.237	2.013e-03	-2.262	2839	3.882	2.977
27.237	2.645e-03	-2.385	2767	3.961	2.719
27.237	3.451e-03	-2.495	2703	4.031	2.508
27.237	4.529e-03	-2.599	2647	4.098	2.321
27.237	5.931e-03	-2.692	2604	4.162	2.155
27.237	7.764e-03	-2.779	2569	4.226	2.003
27.237	1.025e-02	-2.859	2547	4.291	1.858
27.237	1.342e-02	-2.932	2535	4.356	1.725
27.237	1.761e-02	-3.006	2524	4.422	1.598
27.237	2.314e-02	-3.082	2513	4.490	1.477
27.237	3.019e-02	-3.147	2517	4.558	1.366
27.237	3.985e-02	-3.218	2520	4.632	1.256
27.237	5.216e-02	-3.311	2490	4.703	1.156
27.237	6.846e-02	-3.419	2433	4.772	1.069
27.237	8.965e-02	-3.532	2366	4.836	0.993
27.237	1.174e-01	-3.646	2293	4.895	0.927
27.237	1.549e-01	-3.768	2209	4.953	0.867
27.237	2.041e-01	-3.910	2099	5.005	0.816
27.237	2.682e-01	-4.062	1974	5.051	0.775
27.237	3.540e-01	-4.219	1847	5.092	0.739
27.237	4.664e-01	-4.387	1711	5.127	0.710
27.237	6.129e-01	-4.552	1582	5.157	0.686
27.237	8.059e-01	-4.719	1459	5.183	0.665
27.237	1.055e+00	-4.890	1340	5.205	0.648
27.237	1.379e+00	-5.053	1233	5.225	0.634
27.237	1.813e+00	-5.223	1130	5.242	0.622
27.237	2.374e+00	-5.389	1035	5.256	0.612
27.237	3.108e+00	-5.550	951	5.269	0.602
27.237	4.103e+00	-5.719	868	5.281	0.594
27.237	5.362e+00	-5.882	795	5.292	0.587
27.237	7.050e+00	-6.040	730	5.301	0.581
27.237	9.265e+00	-6.204	668	5.309	0.575
29.332	1.045e-04	-1.307	3086	3.104	7.559
29.332	1.368e-04	-1.383	3107	3.192	6.837
29.332	1.810e-04	-1.465	3116	3.280	6.180
29.332	2.379e-04	-1.541	3120	3.357	5.650
29.332	3.127e-04	-1.598	3123	3.415	5.284
29.332	4.112e-04	-1.631	3121	3.448	5.090
29.332	5.404e-04	-1.656	3118	3.472	4.953
29.332	7.105e-04	-1.698	3109	3.509	4.746
29.332	9.338e-04	-1.809	3078	3.602	4.264
29.332	1.218e-03	-1.962	3019	3.722	3.714
29.332	1.608e-03	-2.106	2948	3.824	3.302
29.332	2.105e-03	-2.234	2875	3.909	2.995
29.332	2.762e-03	-2.354	2804	3.985	2.743
29.332	3.617e-03	-2.465	2738	4.055	2.531
29.332	4.736e-03	-2.568	2680	4.120	2.347
29.332	6.215e-03	-2.665	2630	4.184	2.181
29.332	8.169e-03	-2.752	2594	4.247	2.029
29.332	1.074e-02	-2.831	2569	4.310	1.886
29.332	1.412e-02	-2.906	2554	4.375	1.751
29.332	1.856e-02	-2.979	2544	4.441	1.623
29.332	2.439e-02	-3.054	2533	4.508	1.502
29.332	3.182e-02	-3.120	2534	4.575	1.390
29.332	4.200e-02	-3.190	2538	4.648	1.279
29.332	5.488e-02	-3.265	2532	4.719	1.178
29.332	7.216e-02	-3.377	2474	4.790	1.086
29.332	9.484e-02	-3.488	2411	4.856	1.006
29.332	1.237e-01	-3.598	2343	4.917	0.938
29.332	1.636e-01	-3.719	2262	4.977	0.876
29.332	2.151e-01	-3.848	2167	5.031	0.823
29.332	2.845e-01	-4.004	2037	5.080	0.777
29.332	3.739e-01	-4.154	1915	5.123	0.740
29.332	4.915e-01	-4.317	1781	5.160	0.709
29.332	6.460e-01	-4.487	1644	5.191	0.684
29.332	8.494e-01	-4.641	1529	5.219	0.663
29.332	1.116e+00	-4.824	1395	5.243	0.645
29.332	1.474e+00	-4.990	1283	5.263	0.630
29.332	1.926e+00	-5.156	1179	5.281	0.617
29.332	2.512e+00	-5.322	1080	5.296	0.606
29.332	3.315e+00	-5.489	989	5.310	0.597
29.332	4.340e+00	-5.651	907	5.322	0.588
29.332	5.651e+00	-5.813	832	5.333	0.581
29.332	7.417e+00	-5.976	761	5.342	0.575
29.332	9.749e+00	-6.138	697	5.351	0.569
31.427	1.030e-04	-1.262	3100	3.097	7.893
31.427	1.348e-04	-1.337	3122	3.184	7.138
31.427	1.762e-04	-1.413	3136	3.268	6.480
31.427	2.298e-04	-1.485	3140	3.343	5.946
31.427	3.034e-04	-1.540	3143	3.399	5.572
31.427	3.972e-04	-1.570	3144	3.429	5.382
31.427	5.213e-04	-1.594	3145	3.454	5.233
31.427	6.851e-04	-1.636	3144	3.496	4.985
31.427	9.008e-04	-1.761	3111	3.602	4.411
31.427	1.191e-03	-1.913	3060	3.726	3.825
31.427	1.566e-03	-2.049	2998	3.826	3.409
31.427	2.042e-03	-2.173	2929	3.910	3.094
31.427	2.680e-03	-2.293	2859	3.988	2.831
31.427	3.510e-03	-2.405	2791	4.058	2.611
31.427	4.595e-03	-2.510	2728	4.124	2.421
31.427	6.065e-03	-2.611	2672	4.188	2.246
31.427	7.940e-03	-2.702	2626	4.250	2.093
31.427	1.048e-02	-2.784	2599	4.313	1.946
31.427	1.381e-02	-2.861	2578	4.377	1.809
31.427	1.815e-02	-2.935	2565	4.441	1.679
31.427	2.395e-02	-3.009	2555	4.508	1.554
31.427	3.135e-02	-3.080	2550	4.575	1.439
31.427	4.139e-02	-3.148	2554	4.647	1.326
31.427	5.452e-02	-3.218	2558	4.719	1.219
31.427	7.139e-02	-3.312	2526	4.791	1.122
31.427	9.330e-02	-3.421	2466	4.859	1.038
31.427	1.227e-01	-3.532	2401	4.923	0.964
31.427	1.612e-01	-3.646	2329	4.984	0.899
31.427	2.128e-01	-3.767	2245	5.042	0.841
31.427	2.803e-01	-3.910	2132	5.094	0.792
31.427	3.684e-01	-4.061	2006	5.140	0.751
31.427	4.863e-01	-4.217	1878	5.181	0.717
31.427	6.406e-01	-4.384	1739	5.215	0.689
31.427	8.420e-01	-4.548	1610	5.245	0.666
31.427	1.105e+00	-4.713	1486	5.271	0.646
31.427	1.452e+00	-4.881	1366	5.293	0.630
31.427	1.910e+00	-5.048	1255	5.312	0.616
31.427	2.501e+00	-5.214	1151	5.329	0.604
31.427	3.274e+00	-5.379	1056	5.343	0.594
31.427	4.321e+00	-5.546	967	5.357	0.585
31.427	5.657e+00	-5.710	885	5.368	0.578
31.427	7.467e+00	-5.881	807	5.379	0.571
31.427	9.758e+00	-6.040	741	5.388	0.565
34.570	1.005e-04	-1.200	3116	3.086	8.387
34.570	1.315e-04	-1.273	3141	3.172	7.589
34.570	1.736e-04	-1.349	3160	3.259	6.872
34.570	2.269e-04	-1.416	3169	3.331	6.325
34.570	2.983e-04	-1.464	3171	3.380	5.979
34.570	3.921e-04	-1.490	3172	3.407	5.796
34.570	5.114e-04	-1.516	3174	3.433	5.622
34.570	6.751e-04	-1.570	3176	3.489	5.272
34.570	8.893e-04	-1.712	3151	3.617	4.551
34.570	1.169e-03	-1.851	3110	3.733	3.979
34.570	1.534e-03	-1.979	3057	3.832	3.553
34.570	2.016e-03	-2.101	2997	3.919	3.214
34.570	2.630e-03	-2.215	2932	3.995	2.944
34.570	3.451e-03	-2.329	2862	4.067	2.710
34.570	4.520e-03	-2.436	2796	4.133	2.511
34.570	5.917e-03	-2.537	2735	4.196	2.335
34.570	7.810e-03	-2.635	2681	4.259	2.172
34.570	1.022e-02	-2.719	2645	4.319	2.026
34.570	1.350e-02	-2.800	2617	4.382	1.885
34.570	1.767e-02	-2.875	2597	4.444	1.755
34.570	2.319e-02	-2.948	2584	4.508	1.630
34.570	3.048e-02	-3.017	2580	4.575	1.510
34.570	3.975e-02	-3.086	2576	4.641	1.399
34.570	5.247e-02	-3.155	2580	4.713	1.288
34.570	6.869e-02	-3.226	2581	4.784	1.187
34.570	9.016e-02	-3.323	2543	4.856	1.092
34.570	1.185e-01	-3.434	2482	4.924	1.010
34.570	1.555e-01	-3.542	2420	4.988	0.938
34.570	2.044e-01	-3.656	2346	5.049	0.875
34.570	2.698e-01	-3.776	2263	5.106	0.819
34.570	3.554e-01	-3.919	2146	5.157	0.772
34.570	4.671e-01	-4.067	2023	5.202	0.734
34.570	6.166e-01	-4.220	1895	5.241	0.701
34.570	8.072e-01	-4.380	1761	5.274	0.675
34.570	1.065e+00	-4.541	1632	5.303	0.653
34.570	1.395e+00	-4.699	1512	5.328	0.635
34.570	1.845e+00	-4.864	1392	5.350	0.619
34.570	2.435e+00	-5.027	1281	5.369	0.605
34.570	3.207e+00	-5.192	1177	5.386	0.594
34.570	4.215e+00	-5.357	1079	5.401	0.584
34.570	5.542e+00	-5.520	990	5.414	0.575
34.570	7.284e+00	-5.686	906	5.425	0.567
34.570	9.577e+00	-5.856	826	5.436	0.560
36.665	1.003e-04	-1.166	3127	3.083	8.663
36.665	1.318e-04	-1.239	3154	3.170	7.833
36.665	1.719e-04	-1.309	3173	3.252	7.131
36.665	2.270e-04	-1.375	3183	3.324	6.567
36.665	2.971e-04	-1.416	3189	3.367	6.246
36.665	3.900e-04	-1.441	3190	3.393	6.065
36.665	5.107e-04	-1.470	3191	3.422	5.861
36.665	6.639e-04	-1.531	3194	3.485	5.454
36.665	8.676e-04	-1.670	3178	3.615	4.695
36.665	1.128e-03	-1.801	3142	3.727	4.129
36.665	1.471e-03	-1.922	3099	3.824	3.693
36.665	1.942e-03	-2.043	3043	3.913	3.330
36.665	2.542e-03	-2.158	2982	3.992	3.041
36.665	3.336e-03	-2.271	2914	4.065	2.796
36.665	4.385e-03	-2.381	2845	4.134	2.584
36.665	5.765e-03	-2.486	2780	4.198	2.399
36.665	7.577e-03	-2.584	2723	4.260	2.233
36.665	9.962e-03	-2.674	2678	4.322	2.081
36.665	1.309e-02	-2.755	2647	4.383	1.940
36.665	1.722e-02	-2.835	2620	4.445	1.806
36.665	2.254e-02	-2.908	2604	4.507	1.681
36.665	2.951e-02	-2.975	2599	4.571	1.561
36.665	3.896e-02	-3.047	2595	4.640	1.443
36.665	5.100e-02	-3.116	2593	4.708	1.334
36.665	6.693e-02	-3.186	2595	4.779	1.229
36.665	8.797e-02	-3.261	2592	4.852	1.130
36.665	1.161e-01	-3.375	2530	4.924	1.041
36.665	1.520e-01	-3.482	2469	4.989	0.966
36.665	1.995e-01	-3.590	2405	5.051	0.899
36.665	2.613e-01	-3.701	2331	5.108	0.842
36.665	3.420e-01	-3.820	2245	5.161	0.792
36.665	4.489e-01	-3.967	2120	5.209	0.749
36.665	5.900e-01	-4.107	2003	5.251	0.714
36.665	7.695e-01	-4.253	1879	5.286	0.686
36.665	1.010e+00	-4.411	1747	5.317	0.662
36.665	1.327e+00	-4.555	1632	5.343	0.642
36.665	1.745e+00	-4.711	1512	5.366	0.625
36.665	2.294e+00	-4.861	1403	5.386	0.611
36.665	3.028e+00	-5.016	1297	5.405	0.598
36.665	3.964e+00	-5.168	1199	5.421	0.587
36.665	5.242e+00	-5.333	1100	5.435	0.577
36.665	6.892e+00	-5.492	1011	5.448	0.569
36.665	9.058e+00	-5.656	927	5.460	0.561
39.807	1.013e-04	-1.122	3143	3.084	9.019
39.807	1.326e-04	-1.193	3169	3.169	8.178
39.807	1.727e-04	-1.259	3192	3.247	7.470
39.807	2.279e-04	-1.319	3202	3.313	6.928
39.807	2.984e-04	-1.353	3207	3.350	6.641
39.807	3.939e-04	-1.376	3210	3.375	6.450
39.807	5.156e-04	-1.410	3215	3.412	6.182
39.807	6.806e-04	-1.506	3218	3.509	5.525
39.807	8.910e-04	-1.645	3203	3.640	4.756
39.807	1.178e-03	-1.775	3172	3.752	4.177
39.807	1.549e-03	-1.892	3133	3.849	3.738
39.807	2.029e-03	-2.005	3084	3.934	3.388
39.807	2.656e-03	-2.115	3030	4.013	3.096
39.807	3.486e-03	-2.226	2963	4.086	2.846
39.807	4.565e-03	-2.334	2896	4.153	2.632
39.807	5.965e-03	-2.437	2831	4.217	2.446
39.807	7.781e-03	-2.534	2773	4.278	2.281
39.807	1.027e-02	-2.626	2725	4.340	2.124
39.807	1.345e-02	-2.712	2683	4.400	1.982
39.807	1.765e-02	-2.792	2655	4.460	1.848
39.807	2.319e-02	-2.868	2633	4.523	1.721
39.807	3.025e-02	-2.936	2625	4.585	1.602
39.807	3.971e-02	-3.005	2621	4.651	1.485
39.807	5.219e-02	-3.077	2615	4.719	1.373
39.807	6.861e-02	-3.147	2615	4.789	1.266
39.807	9.018e-02	-3.219	2615	4.861	1.166
39.807	1.186e-01	-3.310	2587	4.933	1.073
39.807	1.558e-01	-3.420	2524	5.001	0.992
39.807	2.045e-01	-3.526	2463	5.065	0.922
39.807	2.688e-01	-3.634	2396	5.124	0.861
39.807	3.506e-01	-3.740	2325	5.178	0.809
39.807	4.628e-01	-3.866	2226	5.229	0.763
39.807	6.048e-01	-3.998	2114	5.271	0.727
39.807	7.952e-01	-4.125	2006	5.307	0.697
39.807	1.041e+00	-4.255	1895	5.338	0.673
39.807	1.363e+00	-4.387	1783	5.364	0.653
39.807	1.799e+00	-4.509	1684	5.386	0.637
39.807	2.351e+00	-4.621	1596	5.406	0.623
39.807	3.104e+00	-4.747	1499	5.423	0.610
39.807	4.063e+00	-4.859	1418	5.438	0.600
39.807	5.364e+00	-4.979	1334	5.452	0.590
39.807	7.021e+00	-5.096	1257	5.465	0.581
39.807	9.268e+00	-5.229	1172	5.478	0.573
41.903	1.011e-04	-1.093	3152	3.082	9.275
41.903	1.327e-04	-1.163	3178	3.167	8.410
41.903	1.738e-04	-1.229	3201	3.245	7.686
41.903	2.260e-04	-1.281	3212	3.303	7.189
41.903	2.953e-04	-1.312	3218	3.337	6.914
41.903	3.852e-04	-1.335	3221	3.361	6.722
41.903	5.084e-04	-1.373	3227	3.402	6.411
41.903	6.656e-04	-1.473	3235	3.507	5.684
41.903	8.639e-04	-1.605	3221	3.632	4.924
41.903	1.135e-03	-1.727	3201	3.742	4.335
41.903	1.493e-03	-1.844	3163	3.840	3.876
41.903	1.955e-03	-1.954	3122	3.926	3.507
41.903	2.559e-03	-2.062	3071	4.006	3.200
41.903	3.332e-03	-2.169	3011	4.079	2.944
41.903	4.374e-03	-2.277	2946	4.148	2.716
41.903	5.748e-03	-2.384	2878	4.215	2.517
41.903	7.498e-03	-2.482	2818	4.276	2.345
41.903	9.897e-03	-2.577	2765	4.339	2.182
41.903	1.296e-02	-2.666	2719	4.398	2.037
41.903	1.700e-02	-2.749	2683	4.459	1.900
41.903	2.235e-02	-2.828	2657	4.520	1.770
41.903	2.938e-02	-2.900	2644	4.583	1.646
41.903	3.862e-02	-2.969	2638	4.648	1.528
41.903	5.078e-02	-3.039	2633	4.716	1.414
41.903	6.649e-02	-3.111	2627	4.784	1.307
41.903	8.704e-02	-3.181	2627	4.853	1.206
41.903	1.149e-01	-3.255	2626	4.927	1.109
41.903	1.502e-01	-3.360	2572	4.996	1.024
41.903	1.974e-01	-3.467	2510	5.061	0.950
41.903	2.595e-01	-3.571	2449	5.122	0.886
41.903	3.411e-01	-3.674	2384	5.178	0.830
41.903	4.483e-01	-3.780	2310	5.229	0.783
41.903	5.895e-01	-3.903	2207	5.274	0.744
41.903	7.719e-01	-4.020	2108	5.310	0.713
41.903	1.011e+00	-4.126	2018	5.340	0.689
41.903	1.336e+00	-4.233	1925	5.366	0.669
41.903	1.757e+00	-4.331	1841	5.386	0.653
41.903	2.309e+00	-4.419	1767	5.402	0.641
41.903	3.036e+00	-4.489	1710	5.415	0.632
41.903	3.991e+00	-4.549	1662	5.426	0.624
41.903	5.247e+00	-4.607	1617	5.436	0.617
41.903	6.896e+00	-4.658	1576	5.443	0.612
41.903	9.102e+00	-4.691	1550	5.447	0.609
45.045	1.010e-04	-1.052	3165	3.079	9.643
45.045	1.317e-04	-1.119	3191	3.161	8.778
45.045	1.728e-04	-1.182	3214	3.237	8.045
45.045	2.272e-04	-1.231	3225	3.291	7.559
45.045	2.963e-04	-1.257	3231	3.320	7.307
45.045	3.889e-04	-1.281	3236	3.347	7.086
45.045	5.111e-04	-1.327	3244	3.398	6.684
45.045	6.720e-04	-1.447	3256	3.524	5.780
45.045	8.832e-04	-1.579	3242	3.648	5.009
45.045	1.161e-03	-1.694	3228	3.756	4.427
45.045	1.526e-03	-1.808	3194	3.851	3.965
45.045	1.991e-03	-1.912	3159	3.936	3.596
45.045	2.613e-03	-2.018	3112	4.017	3.277
45.045	3.434e-03	-2.125	3057	4.092	3.004
45.045	4.479e-03	-2.230	2994	4.161	2.775
45.045	5.879e-03	-2.336	2928	4.228	2.570
45.045	7.698e-03	-2.435	2868	4.291	2.390
45.045	1.008e-02	-2.530	2813	4.352	2.227
45.045	1.330e-02	-2.624	2762	4.414	2.074
45.045	1.738e-02	-2.711	2718	4.473	1.937
45.045	2.286e-02	-2.789	2691	4.534	1.806
45.045	2.993e-02	-2.863	2671	4.596	1.683
45.045	3.918e-02	-2.933	2661	4.659	1.565
45.045	5.172e-02	-3.003	2656	4.726	1.449
45.045	6.770e-02	-3.075	2648	4.793	1.341
45.045	8.937e-02	-3.148	2645	4.863	1.236
45.045	1.170e-01	-3.218	2644	4.933	1.141
45.045	1.544e-01	-3.305	2622	5.006	1.050
45.045	2.042e-01	-3.415	2559	5.074	0.970
45.045	2.674e-01	-3.516	2500	5.134	0.906
45.045	3.481e-01	-3.609	2443	5.187	0.852
45.045	4.595e-01	-3.700	2386	5.237	0.804
45.045	6.005e-01	-3.790	2322	5.279	0.766
45.045	7.833e-01	-3.882	2244	5.312	0.737
45.045	1.034e+00	-3.964	2174	5.339	0.715
45.045	1.354e+00	-4.024	2122	5.357	0.700
45.045	1.762e+00	-4.067	2085	5.370	0.690
45.045	2.313e+00	-4.097	2060	5.378	0.683
45.045	3.040e+00	-4.116	2044	5.384	0.679
45.045	3.965e+00	-4.125	2036	5.386	0.678
45.045	5.234e+00	-4.128	2033	5.387	0.677
45.045	6.895e+00	-4.129	2032	5.387	0.677
45.045	9.177e+00	-4.130	2032	5.387	0.677
47.140	1.038e-04	-1.033	3176	3.087	9.781
47.140	1.362e-04	-1.101	3202	3.169	8.901
47.140	1.790e-04	-1.161	3224	3.240	8.199
47.140	2.353e-04	-1.202	3233	3.287	7.771
47.140	3.093e-04	-1.226	3238	3.313	7.534
47.140	4.034e-04	-1.253	3244	3.343	7.282
47.140	5.325e-04	-1.315	3257	3.412	6.728
47.140	7.015e-04	-1.447	3267	3.550	5.738
47.140	9.219e-04	-1.573	3254	3.669	5.003
47.140	1.210e-03	-1.684	3240	3.773	4.440
47.140	1.585e-03	-1.793	3211	3.866	3.990
47.140	2.071e-03	-1.896	3177	3.950	3.619
47.140	2.701e-03	-1.998	3135	4.029	3.307
47.140	3.565e-03	-2.106	3080	4.105	3.027
47.140	4.659e-03	-2.210	3019	4.175	2.794
47.140	6.126e-03	-2.316	2953	4.242	2.585
47.140	8.051e-03	-2.415	2894	4.307	2.401
47.140	1.059e-02	-2.512	2837	4.369	2.234
47.140	1.391e-02	-2.606	2784	4.430	2.082
47.140	1.815e-02	-2.693	2738	4.489	1.946
47.140	2.395e-02	-2.773	2710	4.551	1.813
47.140	3.136e-02	-2.848	2688	4.612	1.690
47.140	4.139e-02	-2.921	2676	4.676	1.569
47.140	5.452e-02	-2.991	2670	4.743	1.453
47.140	7.166e-02	-3.064	2661	4.810	1.345
47.140	9.422e-02	-3.136	2656	4.879	1.242
47.140	1.238e-01	-3.207	2655	4.949	1.146
47.140	1.628e-01	-3.284	2647	5.020	1.056
47.140	2.153e-01	-3.394	2584	5.088	0.976
47.140	2.830e-01	-3.493	2525	5.148	0.911
47.140	3.691e-01	-3.582	2472	5.200	0.859
47.140	4.845e-01	-3.663	2422	5.246	0.815
47.140	6.367e-01	-3.739	2370	5.284	0.780
47.140	8.405e-01	-3.803	2323	5.314	0.753
47.140	1.098e+00	-3.860	2275	5.334	0.736
47.140	1.444e+00	-3.897	2243	5.346	0.725
47.140	1.891e+00	-3.917	2226	5.353	0.720
47.140	2.471e+00	-3.926	2218	5.356	0.718
47.140	3.223e+00	-3.929	2215	5.357	0.717
47.140	4.231e+00	-3.930	2215	5.357	0.717
47.140	5.607e+00	-3.930	2214	5.357	0.717
47.140	7.462e+00	-3.930	2214	5.357	0.716
47.140	9.932e+00	-3.931	2214	5.357	0.716
50.283	1.004e-04	-0.989	3185	3.075	10.236
50.283	1.320e-04	-1.056	3211	3.156	9.324
50.283	1.728e-04	-1.112	3233	3.225	8.620
50.283	2.263e-04	-1.151	3242	3.268	8.196
50.283	2.987e-04	-1.175	3248	3.295	7.946
50.283	3.903e-04	-1.203	3254	3.326	7.666
50.283	5.132e-04	-1.268	3269	3.400	7.044
50.283	6.744e-04	-1.399	3284	3.539	6.004
50.283	8.867e-04	-1.522	3277	3.658	5.235
50.283	1.165e-03	-1.633	3263	3.762	4.644
50.283	1.520e-03	-1.735	3246	3.854	4.176
50.283	2.007e-03	-1.842	3212	3.943	3.770
50.283	2.627e-03	-1.942	3176	4.023	3.436
50.283	3.467e-03	-2.047	3127	4.102	3.140
50.283	4.539e-03	-2.149	3074	4.173	2.892
50.283	5.957e-03	-2.254	3009	4.242	2.672
50.283	7.830e-03	-2.353	2952	4.307	2.478
50.283	1.029e-02	-2.452	2893	4.371	2.302
50.283	1.348e-02	-2.547	2836	4.432	2.146
50.283	1.762e-02	-2.638	2786	4.492	2.004
50.283	2.316e-02	-2.723	2747	4.552	1.870
50.283	3.044e-02	-2.799	2722	4.613	1.743
50.283	4.018e-02	-2.876	2702	4.677	1.620
50.283	5.260e-02	-2.946	2692	4.740	1.506
50.283	6.904e-02	-3.017	2684	4.806	1.396
50.283	9.074e-02	-3.091	2674	4.874	1.291
50.283	1.193e-01	-3.161	2672	4.942	1.193
50.283	1.568e-01	-3.231	2671	5.012	1.101
50.283	2.045e-01	-3.313	2648	5.078	1.020
50.283	2.684e-01	-3.412	2590	5.139	0.951
50.283	3.528e-01	-3.500	2538	5.192	0.895
50.283	4.602e-01	-3.573	2493	5.235	0.852
50.283	5.982e-01	-3.631	2458	5.267	0.821
50.283	7.790e-01	-3.674	2431	5.291	0.798
50.283	1.022e+00	-3.704	2411	5.307	0.784
50.283	1.344e+00	-3.722	2399	5.316	0.776
50.283	1.767e+00	-3.729	2393	5.319	0.773
50.283	2.322e+00	-3.731	2392	5.320	0.772
50.283	3.029e+00	-3.732	2391	5.321	0.772
50.283	4.023e+00	-3.732	2391	5.321	0.772
50.283	5.354e+00	-3.732	2391	5.321	0.772
50.283	7.126e+00	-3.733	2391	5.321	0.771
50.283	9.485e+00	-3.733	2391	5.321	0.771
52.378	1.012e-04	-0.969	3194	3.077	10.423
52.378	1.336e-04	-1.035	3220	3.158	9.502
52.378	1.746e-04	-1.088	3240	3.221	8.830
52.378	2.278e-04	-1.122	3249	3.260	8.442
52.378	3.006e-04	-1.145	3254	3.286	8.192
52.378	3.929e-04	-1.176	3261	3.321	7.875
52.378	5.166e-04	-1.253	3279	3.408	7.125
52.378	6.789e-04	-1.383	3294	3.546	6.077
52.378	8.962e-04	-1.504	3289	3.664	5.303
52.378	1.171e-03	-1.612	3276	3.765	4.722
52.378	1.540e-03	-1.715	3260	3.859	4.237
52.378	2.024e-03	-1.817	3231	3.947	3.831
52.378	2.661e-03	-1.918	3196	4.029	3.486
52.378	3.484e-03	-2.019	3152	4.105	3.193
52.378	4.561e-03	-2.120	3100	4.177	2.939
52.378	5.939e-03	-2.220	3041	4.244	2.720
52.378	7.840e-03	-2.321	2984	4.312	2.516
52.378	1.024e-02	-2.418	2926	4.375	2.340
52.378	1.336e-02	-2.513	2870	4.436	2.182
52.378	1.754e-02	-2.607	2815	4.496	2.035
52.378	2.297e-02	-2.692	2774	4.556	1.900
52.378	3.007e-02	-2.771	2744	4.616	1.773
52.378	3.976e-02	-2.849	2721	4.679	1.648
52.378	5.228e-02	-2.921	2707	4.743	1.532
52.378	6.871e-02	-2.993	2698	4.808	1.421
52.378	9.034e-02	-3.066	2688	4.875	1.315
52.378	1.187e-01	-3.137	2682	4.943	1.217
52.378	1.549e-01	-3.204	2682	5.009	1.127
52.378	2.044e-01	-3.275	2679	5.078	1.041
52.378	2.693e-01	-3.372	2624	5.140	0.969
52.378	3.539e-01	-3.458	2574	5.192	0.914
52.378	4.616e-01	-3.525	2533	5.231	0.873
52.378	6.011e-01	-3.575	2503	5.260	0.844
52.378	7.814e-01	-3.608	2482	5.279	0.826
52.378	1.026e+00	-3.628	2470	5.290	0.815
52.378	1.343e+00	-3.637	2465	5.295	0.811
52.378	1.755e+00	-3.640	2463	5.297	0.809
52.378	2.317e+00	-3.641	2462	5.298	0.809
52.378	3.084e+00	-3.641	2462	5.298	0.809
52.378	4.104e+00	-3.641	2462	5.298	0.809
52.378	5.463e+00	-3.641	2462	5.298	0.808
52.378	7.271e+00	-3.642	2462	5.298	0.808
52.378	9.678e+00	-3.642	2461	5.298	0.808
55.521	1.031e-04	-0.943	3204	3.083	10.667
55.521	1.353e-04	-1.003	3231	3.158	9.781
55.521	1.779e-04	-1.052	3250	3.216	9.145
55.521	2.339e-04	-1.081	3259	3.250	8.794
55.521	3.074e-04	-1.104	3264	3.276	8.536
55.521	4.041e-04	-1.143	3273	3.319	8.121
55.521	5.311e-04	-1.243	3296	3.432	7.134
55.521	6.983e-04	-1.368	3308	3.563	6.132
55.521	9.178e-04	-1.482	3306	3.676	5.385
55.521	1.205e-03	-1.589	3294	3.777	4.797
55.521	1.583e-03	-1.690	3278	3.869	4.311
55.521	2.065e-03	-1.785	3258	3.954	3.911
55.521	2.726e-03	-1.888	3222	4.037	3.554
55.521	3.568e-03	-1.985	3183	4.114	3.255
55.521	4.684e-03	-2.086	3133	4.187	2.991
55.521	6.133e-03	-2.185	3080	4.256	2.761
55.521	8.015e-03	-2.282	3027	4.323	2.559
55.521	1.045e-02	-2.378	2970	4.386	2.378
55.521	1.380e-02	-2.478	2909	4.450	2.209
55.521	1.807e-02	-2.573	2853	4.511	2.060
55.521	2.385e-02	-2.661	2809	4.572	1.919
55.521	3.122e-02	-2.745	2771	4.632	1.791
55.521	4.121e-02	-2.822	2747	4.695	1.667
55.521	5.394e-02	-2.896	2729	4.757	1.552
55.521	7.134e-02	-2.970	2716	4.823	1.439
55.521	9.305e-02	-3.040	2707	4.887	1.336
55.521	1.221e-01	-3.112	2697	4.953	1.238
55.521	1.599e-01	-3.178	2696	5.019	1.148
55.521	2.094e-01	-3.243	2696	5.083	1.066
55.521	2.748e-01	-3.319	2672	5.143	0.995
55.521	3.612e-01	-3.398	2625	5.192	0.940
55.521	4.740e-01	-3.458	2590	5.227	0.903
55.521	6.207e-01	-3.496	2567	5.250	0.879
55.521	8.126e-01	-3.517	2554	5.263	0.867
55.521	1.067e+00	-3.526	2548	5.268	0.862
55.521	1.397e+00	-3.529	2546	5.270	0.860
55.521	1.840e+00	-3.530	2546	5.270	0.860
55.521	2.449e+00	-3.530	2546	5.270	0.859
55.521	3.259e+00	-3.530	2546	5.270	0.859
55.521	4.338e+00	-3.530	2545	5.270	0.859
55.521	5.774e+00	-3.531	2545	5.271	0.859
55.521	7.685e+00	-3.531	2545	5.271	0.859
55.521	1.000e+01	-3.531	2545	5.271	0.859
57.616	1.034e-04	-0.924	3210	3.083	10.854
57.616	1.362e-04	-0.983	3238	3.157	9.972
57.616	1.790e-04	-1.028	3256	3.211	9.369
57.616	2.335e-04	-1.053	3264	3.242	9.046
57.616	3.065e-04	-1.077	3270	3.268	8.776
57.616	4.028e-04	-1.119	3280	3.315	8.311
57.616	5.297e-04	-1.227	3304	3.436	7.231
57.616	6.936e-04	-1.347	3318	3.563	6.248
57.616	9.080e-04	-1.458	3315	3.673	5.504
57.616	1.199e-03	-1.565	3306	3.776	4.892
57.616	1.566e-03	-1.664	3291	3.866	4.407
57.616	2.043e-03	-1.757	3275	3.951	3.998
57.616	2.681e-03	-1.856	3243	4.033	3.637
57.616	3.524e-03	-1.955	3206	4.111	3.325
57.616	4.597e-03	-2.051	3162	4.184	3.058
57.616	6.068e-03	-2.153	3109	4.256	2.814
57.616	7.929e-03	-2.248	3058	4.323	2.605
57.616	1.034e-02	-2.344	3003	4.387	2.419
57.616	1.357e-02	-2.443	2943	4.451	2.249
57.616	1.784e-02	-2.539	2885	4.513	2.094
57.616	2.346e-02	-2.629	2838	4.574	1.951
57.616	3.072e-02	-2.715	2796	4.634	1.821
57.616	4.021e-02	-2.792	2768	4.694	1.699
57.616	5.308e-02	-2.871	2745	4.757	1.580
57.616	6.949e-02	-2.943	2729	4.820	1.470
57.616	9.172e-02	-3.015	2720	4.886	1.362
57.616	1.201e-01	-3.086	2710	4.951	1.264
57.616	1.585e-01	-3.155	2706	5.017	1.171
57.616	2.075e-01	-3.218	2706	5.080	1.090
57.616	2.723e-01	-3.278	2703	5.139	1.018
57.616	3.579e-01	-3.353	2662	5.187	0.963
57.616	4.724e-01	-3.409	2629	5.221	0.926
57.616	6.174e-01	-3.442	2609	5.241	0.905
57.616	8.053e-01	-3.458	2599	5.250	0.896
57.616	1.057e+00	-3.464	2596	5.254	0.892
57.616	1.384e+00	-3.466	2595	5.255	0.891
57.616	1.823e+00	-3.466	2595	5.255	0.891
57.616	2.427e+00	-3.466	2594	5.255	0.890
57.616	3.230e+00	-3.466	2594	5.255	0.890
57.616	4.299e+00	-3.467	2594	5.256	0.890
57.616	5.722e+00	-3.467	2594	5.256	0.890
57.616	7.616e+00	-3.467	2594	5.256	0.890
57.616	1.000e+01	-3.468	2593	5.256	0.890
60.759	1.028e-04	-0.897	3217	3.083	11.157
60.759	1.357e-04	-0.952	3245	3.153	10.293
60.759	1.776e-04	-0.990	3263	3.201	9.735
60.759	2.331e-04	-1.014	3273	3.230	9.419
60.759	3.052e-04	-1.038	3278	3.257	9.126
60.759	3.996e-04	-1.086	3290	3.310	8.584
60.759	5.270e-04	-1.202	3316	3.441	7.387
60.759	6.881e-04	-1.318	3329	3.563	6.415
60.759	9.047e-04	-1.428	3329	3.674	5.649
60.759	1.189e-03	-1.531	3324	3.774	5.035
60.759	1.563e-03	-1.631	3309	3.866	4.527
60.759	2.047e-03	-1.725	3294	3.952	4.101
60.759	2.675e-03	-1.818	3270	4.033	3.736
60.759	3.489e-03	-1.914	3235	4.110	3.420
60.759	4.606e-03	-2.013	3194	4.186	3.132
60.759	6.030e-03	-2.110	3146	4.257	2.886
60.759	7.959e-03	-2.206	3100	4.328	2.661
60.759	1.042e-02	-2.304	3045	4.394	2.465
60.759	1.368e-02	-2.403	2985	4.458	2.289
60.759	1.797e-02	-2.500	2927	4.521	2.129
60.759	2.363e-02	-2.592	2876	4.583	1.983
60.759	3.106e-02	-2.680	2831	4.644	1.849
60.759	4.051e-02	-2.761	2795	4.703	1.727
60.759	5.347e-02	-2.840	2770	4.766	1.607
60.759	7.000e-02	-2.914	2750	4.828	1.496
60.759	9.258e-02	-2.987	2738	4.893	1.388
60.759	1.217e-01	-3.058	2728	4.957	1.289
60.759	1.600e-01	-3.127	2720	5.021	1.198
60.759	2.103e-01	-3.188	2720	5.082	1.117
60.759	2.764e-01	-3.243	2719	5.137	1.048
60.759	3.635e-01	-3.293	2713	5.182	0.995
60.759	4.777e-01	-3.341	2684	5.213	0.961
60.759	6.305e-01	-3.367	2669	5.228	0.943
60.759	8.240e-01	-3.377	2663	5.234	0.937
60.759	1.075e+00	-3.380	2661	5.236	0.935
60.759	1.421e+00	-3.380	2661	5.237	0.935
60.759	1.876e+00	-3.381	2661	5.237	0.934
60.759	2.497e+00	-3.381	2661	5.237	0.934
60.759	3.324e+00	-3.381	2660	5.237	0.934
60.759	4.424e+00	-3.381	2660	5.237	0.934
60.759	5.888e+00	-3.382	2660	5.237	0.934
60.759	7.838e+00	-3.382	2660	5.237	0.934
60.759	1.000e+01	-3.382	2660	5.238	0.933
62.854	1.003e-04	-0.875	3220	3.077	11.420
62.854	1.318e-04	-0.928	3246	3.144	10.571
62.854	1.733e-04	-0.965	3265	3.192	10.007
62.854	2.278e-04	-0.988	3276	3.220	9.687
62.854	2.995e-04	-1.012	3284	3.248	9.376
62.854	3.936e-04	-1.063	3295	3.305	8.783
62.854	5.175e-04	-1.180	3323	3.436	7.550
62.854	6.802e-04	-1.297	3336	3.561	6.543
62.854	8.979e-04	-1.407	3338	3.672	5.757
62.854	1.173e-03	-1.507	3335	3.770	5.146
62.854	1.530e-03	-1.603	3322	3.859	4.640
62.854	1.993e-03	-1.695	3307	3.944	4.211
62.854	2.591e-03	-1.784	3290	4.024	3.841
62.854	3.400e-03	-1.882	3255	4.103	3.506
62.854	4.453e-03	-1.976	3219	4.178	3.216
62.854	5.829e-03	-2.072	3175	4.250	2.960
62.854	7.694e-03	-2.167	3131	4.321	2.726
62.854	1.014e-02	-2.266	3078	4.390	2.519
62.854	1.332e-02	-2.365	3020	4.456	2.335
62.854	1.737e-02	-2.461	2962	4.518	2.175
62.854	2.293e-02	-2.556	2908	4.581	2.022
62.854	3.002e-02	-2.644	2861	4.641	1.886
62.854	3.941e-02	-2.731	2818	4.702	1.759
62.854	5.179e-02	-2.809	2791	4.763	1.639
62.854	6.809e-02	-2.887	2766	4.825	1.526
62.854	8.949e-02	-2.959	2751	4.888	1.420
62.854	1.177e-01	-3.029	2742	4.951	1.320
62.854	1.546e-01	-3.098	2732	5.014	1.228
62.854	2.017e-01	-3.158	2729	5.072	1.148
62.854	2.663e-01	-3.213	2728	5.127	1.078
62.854	3.486e-01	-3.257	2728	5.170	1.026
62.854	4.575e-01	-3.290	2723	5.201	0.990
62.854	6.013e-01	-3.316	2709	5.218	0.971
62.854	7.843e-01	-3.326	2703	5.224	0.965
62.854	1.035e+00	-3.328	2701	5.225	0.963
62.854	1.364e+00	-3.329	2701	5.226	0.962
62.854	1.815e+00	-3.329	2701	5.226	0.962
62.854	2.416e+00	-3.329	2701	5.226	0.962
62.854	3.215e+00	-3.329	2701	5.226	0.962
62.854	4.280e+00	-3.329	2701	5.226	0.962
62.854	5.696e+00	-3.330	2701	5.226	0.962
62.854	7.582e+00	-3.330	2700	5.227	0.961
62.854	1.000e+01	-3.331	2700	5.227	0.961
65.997	1.017e-04	-0.855	3228	3.083	11.628
65.997	1.331e-04	-0.902	3252	3.143	10.848
65.997	1.747e-04	-0.934	3269	3.184	10.348
65.997	2.296e-04	-0.955	3279	3.210	10.043
65.997	2.995e-04	-0.979	3290	3.240	9.706
65.997	3.953e-04	-1.039	3306	3.308	8.972
65.997	5.207e-04	-1.160	3334	3.445	7.666
65.997	6.843e-04	-1.275	3347	3.566	6.665
65.997	9.033e-04	-1.383	3351	3.675	5.877
65.997	1.183e-03	-1.482	3347	3.772	5.255
65.997	1.561e-03	-1.580	3337	3.866	4.720
65.997	2.040e-03	-1.673	3322	3.951	4.280
65.997	2.682e-03	-1.765	3306	4.034	3.890
65.997	3.525e-03	-1.860	3276	4.113	3.549
65.997	4.635e-03	-1.956	3239	4.190	3.251
65.997	6.091e-03	-2.050	3200	4.263	2.988
65.997	8.008e-03	-2.144	3159	4.334	2.753
65.997	1.053e-02	-2.240	3110	4.403	2.543
65.997	1.373e-02	-2.336	3054	4.468	2.360
65.997	1.812e-02	-2.435	2995	4.533	2.189
65.997	2.372e-02	-2.528	2942	4.595	2.039
65.997	3.131e-02	-2.622	2890	4.658	1.897
65.997	4.099e-02	-2.709	2846	4.718	1.770
65.997	5.411e-02	-2.791	2812	4.779	1.648
65.997	7.084e-02	-2.869	2785	4.840	1.538
65.997	9.297e-02	-2.941	2768	4.901	1.432
65.997	1.222e-01	-3.009	2757	4.963	1.334
65.997	1.607e-01	-3.076	2748	5.024	1.244
65.997	2.112e-01	-3.137	2741	5.080	1.166
65.997	2.754e-01	-3.184	2741	5.128	1.103
65.997	3.615e-01	-3.222	2741	5.166	1.057
65.997	4.751e-01	-3.247	2740	5.190	1.027
65.997	6.197e-01	-3.259	2740	5.202	1.013
65.997	8.069e-01	-3.264	2740	5.207	1.008
65.997	1.065e+00	-3.265	2740	5.208	1.006
65.997	1.415e+00	-3.266	2740	5.209	1.006
65.997	1.883e+00	-3.266	2740	5.209	1.006
65.997	2.506e+00	-3.266	2740	5.209	1.006
65.997	3.336e+00	-3.266	2740	5.209	1.005
65.997	4.440e+00	-3.266	2740	5.209	1.005
65.997	5.910e+00	-3.266	2740	5.209	1.005
65.997	7.866e+00	-3.267	2740	5.210	1.004
65.997	1.000e+01	-3.267	2740	5.210	1.004
67.044	1.019e-04	-0.848	3231	3.084	11.703
67.044	1.348e-04	-0.895	3255	3.144	10.919
67.044	1.773e-04	-0.925	3270	3.183	10.446
67.044	2.330e-04	-0.945	3281	3.208	10.147
67.044	3.039e-04	-0.970	3292	3.239	9.787
67.044	4.011e-04	-1.037	3311	3.315	8.964
67.044	5.241e-04	-1.156	3339	3.449	7.683
67.044	6.876e-04	-1.270	3351	3.569	6.695
67.044	9.037e-04	-1.375	3355	3.676	5.919
67.044	1.179e-03	-1.472	3352	3.771	5.303
67.044	1.547e-03	-1.567	3343	3.863	4.773
67.044	2.026e-03	-1.661	3328	3.949	4.325
67.044	2.652e-03	-1.751	3312	4.030	3.936
67.044	3.501e-03	-1.846	3285	4.111	3.585
67.044	4.583e-03	-1.941	3249	4.187	3.287
67.044	6.050e-03	-2.037	3210	4.262	3.016
67.044	7.920e-03	-2.128	3172	4.332	2.781
67.044	1.045e-02	-2.225	3124	4.402	2.565
67.044	1.366e-02	-2.322	3068	4.468	2.378
67.044	1.782e-02	-2.416	3012	4.531	2.212
67.044	2.352e-02	-2.513	2957	4.595	2.055
67.044	3.079e-02	-2.604	2905	4.656	1.916
67.044	4.065e-02	-2.694	2859	4.718	1.784
67.044	5.321e-02	-2.777	2822	4.778	1.665
67.044	7.024e-02	-2.856	2794	4.840	1.550
67.044	9.194e-02	-2.929	2775	4.900	1.445
67.044	1.214e-01	-2.998	2763	4.963	1.345
67.044	1.589e-01	-3.063	2754	5.022	1.257
67.044	2.097e-01	-3.125	2746	5.079	1.177
67.044	2.741e-01	-3.172	2745	5.126	1.115
67.044	3.575e-01	-3.208	2745	5.161	1.070
67.044	4.692e-01	-3.232	2745	5.185	1.042
67.044	6.167e-01	-3.244	2745	5.197	1.028
67.044	8.043e-01	-3.248	2745	5.201	1.023
67.044	1.047e+00	-3.249	2745	5.202	1.022
67.044	1.382e+00	-3.249	2745	5.202	1.021
67.044	1.836e+00	-3.250	2745	5.202	1.021
67.044	2.444e+00	-3.250	2745	5.202	1.021
67.044	3.253e+00	-3.250	2745	5.203	1.021
67.044	4.311e+00	-3.250	2745	5.203	1.021
67.044	5.738e+00	-3.250	2745	5.203	1.020
67.044	7.637e+00	-3.251	2745	5.203	1.020
67.044	1.000e+01	-3.251	2745	5.204	1.019
68.092	1.009e-04	-0.838	3233	3.082	11.818
68.092	1.334e-04	-0.885	3256	3.141	11.043
68.092	1.754e-04	-0.914	3271	3.178	10.577
68.092	2.306e-04	-0.934	3281	3.203	10.277
68.092	3.007e-04	-0.959	3293	3.235	9.909
68.092	3.970e-04	-1.026	3313	3.312	9.066
68.092	5.197e-04	-1.146	3342	3.447	7.764
68.092	6.821e-04	-1.259	3354	3.566	6.767
68.092	8.964e-04	-1.363	3358	3.673	5.984
68.092	1.169e-03	-1.460	3356	3.769	5.361
68.092	1.535e-03	-1.555	3349	3.860	4.825
68.092	2.010e-03	-1.648	3334	3.946	4.372
68.092	2.631e-03	-1.739	3318	4.028	3.978
68.092	3.473e-03	-1.832	3295	4.109	3.623
68.092	4.546e-03	-1.927	3258	4.185	3.321
68.092	5.967e-03	-2.021	3221	4.258	3.051
68.092	7.842e-03	-2.112	3184	4.330	2.809
68.092	1.035e-02	-2.208	3139	4.401	2.589
68.092	1.353e-02	-2.305	3083	4.467	2.400
68.092	1.779e-02	-2.403	3026	4.532	2.226
68.092	2.337e-02	-2.498	2971	4.595	2.069
68.092	3.049e-02	-2.589	2919	4.656	1.931
68.092	4.025e-02	-2.680	2872	4.718	1.797
68.092	5.268e-02	-2.764	2831	4.778	1.678
68.092	6.915e-02	-2.842	2803	4.838	1.565
68.092	9.088e-02	-2.917	2782	4.899	1.458
68.092	1.195e-01	-2.986	2769	4.961	1.359
68.092	1.570e-01	-3.051	2760	5.020	1.269
68.092	2.048e-01	-3.110	2752	5.074	1.193
68.092	2.704e-01	-3.159	2750	5.122	1.129
68.092	3.540e-01	-3.195	2749	5.157	1.084
68.092	4.672e-01	-3.218	2749	5.180	1.056
68.092	6.116e-01	-3.229	2749	5.191	1.043
68.092	7.964e-01	-3.233	2749	5.195	1.038
68.092	1.051e+00	-3.234	2749	5.196	1.037
68.092	1.396e+00	-3.234	2749	5.196	1.037
68.092	1.859e+00	-3.234	2749	5.196	1.036
68.092	2.474e+00	-3.234	2749	5.196	1.036
68.092	3.293e+00	-3.234	2749	5.196	1.036
68.092	4.382e+00	-3.234	2749	5.197	1.036
68.092	5.833e+00	-3.235	2749	5.197	1.036
68.092	7.764e+00	-3.235	2749	5.197	1.035
68.092	1.000e+01	-3.235	2749	5.198	1.035
69.139	1.015e-04	-0.832	3236	3.084	11.881
69.139	1.329e-04	-0.875	3257	3.139	11.153
69.139	1.740e-04	-0.903	3272	3.175	10.705
69.139	2.296e-04	-0.923	3282	3.200	10.399
69.139	3.001e-04	-0.949	3295	3.232	10.016
69.139	3.945e-04	-1.016	3316	3.311	9.149
69.139	5.185e-04	-1.138	3345	3.448	7.815
69.139	6.844e-04	-1.253	3357	3.569	6.800
69.139	8.960e-04	-1.355	3361	3.673	6.028
69.139	1.167e-03	-1.451	3360	3.768	5.406
69.139	1.531e-03	-1.545	3353	3.859	4.867
69.139	2.013e-03	-1.639	3339	3.946	4.403
69.139	2.625e-03	-1.729	3323	4.027	4.012
69.139	3.465e-03	-1.821	3302	4.108	3.653
69.139	4.528e-03	-1.915	3267	4.184	3.350
69.139	5.906e-03	-2.006	3231	4.256	3.083
69.139	7.796e-03	-2.098	3196	4.329	2.834
69.139	1.021e-02	-2.191	3153	4.398	2.617
69.139	1.340e-02	-2.289	3098	4.466	2.421
69.139	1.761e-02	-2.387	3042	4.531	2.245
69.139	2.296e-02	-2.480	2988	4.593	2.091
69.139	2.990e-02	-2.571	2935	4.653	1.951
69.139	3.887e-02	-2.657	2889	4.712	1.823
69.139	5.102e-02	-2.744	2845	4.773	1.700
69.139	6.705e-02	-2.824	2815	4.833	1.586
69.139	8.816e-02	-2.900	2790	4.894	1.478
69.139	1.159e-01	-2.969	2775	4.955	1.379
69.139	1.523e-01	-3.034	2767	5.014	1.288
69.139	2.002e-01	-3.095	2758	5.069	1.209
69.139	2.612e-01	-3.143	2754	5.115	1.147
69.139	3.447e-01	-3.180	2753	5.151	1.099
69.139	4.505e-01	-3.202	2753	5.174	1.072
69.139	5.876e-01	-3.213	2753	5.185	1.058
69.139	7.712e-01	-3.217	2753	5.189	1.053
69.139	1.010e+00	-3.218	2753	5.190	1.052
69.139	1.320e+00	-3.219	2753	5.190	1.052
69.139	1.742e+00	-3.219	2753	5.190	1.052
69.139	2.319e+00	-3.219	2753	5.190	1.051
69.139	3.086e+00	-3.219	2753	5.190	1.051
69.139	4.108e+00	-3.219	2753	5.191	1.051
69.139	5.468e+00	-3.219	2753	5.191	1.051
69.139	7.277e+00	-3.220	2753	5.191	1.050
69.139	9.686e+00	-3.220	2753	5.192	1.050
70.187	1.005e-04	-0.823	3237	3.083	11.991
70.187	1.322e-04	-0.866	3259	3.137	11.266
70.187	1.731e-04	-0.893	3272	3.171	10.828
70.187	2.266e-04	-0.912	3282	3.195	10.531
70.187	2.974e-04	-0.938	3295	3.229	10.135
70.187	3.909e-04	-1.006	3318	3.309	9.243
70.187	5.159e-04	-1.129	3348	3.447	7.885
70.187	6.796e-04	-1.242	3360	3.566	6.870
70.187	8.932e-04	-1.346	3364	3.672	6.081
70.187	1.174e-03	-1.444	3364	3.770	5.433
70.187	1.544e-03	-1.539	3357	3.862	4.890
70.187	2.013e-03	-1.630	3345	3.946	4.437
70.187	2.658e-03	-1.723	3328	4.031	4.026
70.187	3.473e-03	-1.812	3308	4.109	3.679
70.187	4.566e-03	-1.907	3274	4.186	3.366
70.187	6.001e-03	-2.001	3238	4.260	3.090
70.187	7.890e-03	-2.091	3205	4.333	2.843
70.187	1.037e-02	-2.185	3161	4.403	2.622
70.187	1.353e-02	-2.281	3108	4.469	2.429
70.187	1.785e-02	-2.379	3052	4.536	2.250
70.187	2.337e-02	-2.474	2997	4.599	2.092
70.187	3.085e-02	-2.570	2942	4.663	1.945
70.187	4.032e-02	-2.658	2894	4.723	1.815
70.187	5.301e-02	-2.746	2849	4.783	1.692
70.187	6.967e-02	-2.825	2819	4.844	1.579
70.187	9.087e-02	-2.899	2794	4.903	1.475
70.187	1.200e-01	-2.969	2780	4.964	1.375
70.187	1.570e-01	-3.032	2771	5.021	1.287
70.187	2.073e-01	-3.091	2763	5.075	1.209
70.187	2.713e-01	-3.138	2758	5.119	1.150
70.187	3.561e-01	-3.171	2758	5.152	1.107
70.187	4.664e-01	-3.191	2757	5.171	1.083
70.187	6.095e-01	-3.200	2757	5.180	1.072
70.187	7.950e-01	-3.203	2757	5.183	1.068
70.187	1.049e+00	-3.204	2757	5.184	1.067
70.187	1.394e+00	-3.204	2757	5.184	1.067
70.187	1.855e+00	-3.204	2757	5.184	1.067
70.187	2.469e+00	-3.204	2757	5.185	1.066
70.187	3.287e+00	-3.204	2757	5.185	1.066
70.187	4.374e+00	-3.204	2757	5.185	1.066
70.187	5.822e+00	-3.205	2757	5.185	1.066
70.187	7.749e+00	-3.205	2757	5.186	1.065
70.187	1.000e+01	-3.205	2757	5.186	1.065
71.234	1.002e-04	-0.816	3239	3.083	12.082
71.234	1.319e-04	-0.857	3260	3.135	11.370
71.234	1.734e-04	-0.883	3273	3.169	10.942
71.234	2.262e-04	-0.902	3283	3.192	10.648
71.234	2.986e-04	-0.930	3297	3.227	10.226
71.234	3.908e-04	-1.000	3321	3.311	9.291
71.234	5.169e-04	-1.123	3351	3.449	7.925
71.234	6.823e-04	-1.236	3364	3.569	6.905
71.234	8.932e-04	-1.338	3368	3.672	6.126
71.234	1.172e-03	-1.435	3368	3.770	5.478
71.234	1.541e-03	-1.530	3361	3.861	4.931
71.234	2.010e-03	-1.620	3350	3.945	4.474
71.234	2.638e-03	-1.711	3333	4.028	4.067
71.234	3.454e-03	-1.800	3315	4.107	3.713
71.234	4.514e-03	-1.893	3283	4.183	3.403
71.234	5.935e-03	-1.986	3248	4.258	3.123
71.234	7.800e-03	-2.076	3216	4.330	2.873
71.234	1.017e-02	-2.167	3175	4.399	2.654
71.234	1.343e-02	-2.266	3122	4.469	2.449
71.234	1.758e-02	-2.361	3068	4.534	2.272
71.234	2.321e-02	-2.459	3012	4.599	2.107
71.234	3.033e-02	-2.552	2958	4.661	1.964
71.234	3.956e-02	-2.641	2908	4.720	1.833
71.234	5.221e-02	-2.731	2860	4.782	1.707
71.234	6.823e-02	-2.810	2829	4.841	1.595
71.234	8.971e-02	-2.887	2801	4.901	1.488
71.234	1.175e-01	-2.955	2786	4.960	1.391
71.234	1.538e-01	-3.018	2777	5.017	1.303
71.234	2.030e-01	-3.077	2769	5.071	1.224
71.234	2.658e-01	-3.125	2762	5.115	1.164
71.234	3.508e-01	-3.158	2761	5.147	1.121
71.234	4.592e-01	-3.177	2761	5.166	1.097
71.234	5.980e-01	-3.185	2761	5.175	1.086
71.234	7.848e-01	-3.188	2761	5.178	1.082
71.234	1.031e+00	-3.189	2761	5.179	1.082
71.234	1.373e+00	-3.189	2761	5.179	1.081
71.234	1.827e+00	-3.189	2761	5.179	1.081
71.234	2.432e+00	-3.189	2761	5.179	1.081
71.234	3.237e+00	-3.190	2761	5.179	1.081
71.234	4.309e+00	-3.190	2761	5.179	1.081
71.234	5.735e+00	-3.190	2761	5.180	1.080
71.234	7.633e+00	-3.190	2761	5.180	1.080
71.234	1.000e+01	-3.191	2761	5.181	1.079
72.282	1.003e-04	-0.809	3242	3.083	12.157
72.282	1.324e-04	-0.849	3262	3.134	11.465
72.282	1.730e-04	-0.874	3274	3.166	11.061
72.282	2.256e-04	-0.892	3284	3.189	10.766
72.282	2.978e-04	-0.920	3298	3.225	10.328
72.282	3.899e-04	-0.994	3324	3.312	9.346
72.282	5.157e-04	-1.115	3355	3.449	7.979
72.282	6.807e-04	-1.228	3367	3.568	6.957
72.282	8.911e-04	-1.330	3371	3.672	6.175
72.282	1.170e-03	-1.426	3372	3.769	5.523
72.282	1.532e-03	-1.519	3366	3.859	4.979
72.282	2.005e-03	-1.610	3355	3.945	4.511
72.282	2.646e-03	-1.703	3338	4.029	4.093
72.282	3.464e-03	-1.792	3320	4.108	3.737
72.282	4.547e-03	-1.885	3290	4.185	3.420
72.282	5.976e-03	-1.978	3255	4.260	3.138
72.282	7.795e-03	-2.065	3226	4.331	2.893
72.282	1.029e-02	-2.160	3183	4.403	2.662
72.282	1.347e-02	-2.255	3134	4.470	2.462
72.282	1.778e-02	-2.353	3079	4.538	2.278
72.282	2.328e-02	-2.448	3024	4.602	2.117
72.282	3.055e-02	-2.543	2968	4.664	1.970
72.282	4.015e-02	-2.635	2916	4.726	1.835
72.282	5.279e-02	-2.724	2869	4.787	1.711
72.282	6.938e-02	-2.805	2835	4.847	1.597
72.282	9.122e-02	-2.882	2807	4.907	1.490
72.282	1.199e-01	-2.951	2791	4.966	1.392
72.282	1.576e-01	-3.014	2782	5.023	1.304
72.282	2.072e-01	-3.070	2774	5.074	1.229
72.282	2.724e-01	-3.117	2767	5.117	1.170
72.282	3.580e-01	-3.148	2765	5.146	1.131
72.282	4.707e-01	-3.165	2765	5.163	1.109
72.282	6.164e-01	-3.172	2765	5.171	1.100
72.282	8.069e-01	-3.174	2765	5.173	1.097
72.282	1.072e+00	-3.175	2765	5.173	1.096
72.282	1.426e+00	-3.175	2765	5.174	1.096
72.282	1.899e+00	-3.175	2765	5.174	1.096
72.282	2.527e+00	-3.175	2765	5.174	1.096
72.282	3.364e+00	-3.175	2765	5.174	1.095
72.282	4.477e+00	-3.176	2765	5.174	1.095
72.282	5.959e+00	-3.176	2765	5.174	1.095
72.282	7.931e+00	-3.176	2765	5.175	1.094
73.330	1.045e-04	-0.809	3247	3.092	12.121
73.330	1.362e-04	-0.844	3265	3.137	11.515
73.330	1.798e-04	-0.867	3277	3.166	11.133
73.330	2.354e-04	-0.886	3286	3.190	10.827
73.330	3.090e-04	-0.918	3303	3.231	10.332
73.330	4.061e-04	-1.007	3332	3.336	9.157
73.330	5.340e-04	-1.123	3361	3.467	7.873
73.330	7.018e-04	-1.233	3370	3.582	6.900
73.330	9.153e-04	-1.332	3374	3.682	6.145
73.330	1.201e-03	-1.427	3375	3.778	5.503
73.330	1.579e-03	-1.521	3369	3.869	4.958
73.330	2.060e-03	-1.610	3359	3.953	4.501
73.330	2.719e-03	-1.703	3342	4.037	4.085
73.330	3.553e-03	-1.791	3323	4.115	3.733
73.330	4.634e-03	-1.881	3295	4.190	3.423
73.330	6.117e-03	-1.975	3260	4.266	3.137
73.330	7.994e-03	-2.062	3232	4.338	2.890
73.330	1.051e-02	-2.156	3190	4.409	2.663
73.330	1.381e-02	-2.252	3140	4.478	2.459
73.330	1.802e-02	-2.346	3088	4.543	2.283
73.330	2.365e-02	-2.442	3033	4.607	2.119
73.330	3.108e-02	-2.537	2977	4.670	1.971
73.330	4.054e-02	-2.627	2926	4.730	1.839
73.330	5.321e-02	-2.716	2878	4.790	1.716
73.330	6.993e-02	-2.798	2842	4.850	1.602
73.330	9.194e-02	-2.875	2814	4.910	1.495
73.330	1.208e-01	-2.944	2797	4.969	1.398
73.330	1.589e-01	-3.006	2787	5.025	1.310
73.330	2.080e-01	-3.061	2779	5.075	1.237
73.330	2.724e-01	-3.105	2773	5.115	1.181
73.330	3.575e-01	-3.136	2769	5.143	1.143
73.330	4.698e-01	-3.152	2769	5.159	1.122
73.330	6.128e-01	-3.159	2769	5.166	1.114
73.330	8.089e-01	-3.161	2769	5.168	1.111
73.330	1.066e+00	-3.161	2769	5.168	1.111
73.330	1.418e+00	-3.161	2769	5.168	1.110
73.330	1.888e+00	-3.161	2769	5.169	1.110
73.330	2.502e+00	-3.162	2769	5.169	1.110
73.330	3.330e+00	-3.162	2769	5.169	1.110
73.330	4.432e+00	-3.162	2769	5.169	1.110
73.330	5.899e+00	-3.162	2769	5.169	1.109
73.330	7.851e+00	-3.163	2769	5.170	1.109
73.330	1.000e+01	-3.163	2769	5.170	1.108
74.377	1.039e-04	-0.801	3249	3.092	12.218
74.377	1.366e-04	-0.835	3266	3.136	11.615
74.377	1.795e-04	-0.857	3277	3.163	11.251
74.377	2.342e-04	-0.876	3287	3.187	10.945
74.377	3.091e-04	-0.910	3304	3.230	10.417
74.377	4.047e-04	-1.000	3335	3.337	9.214
74.377	5.311e-04	-1.114	3364	3.466	7.940
74.377	6.981e-04	-1.224	3373	3.580	6.962
74.377	9.105e-04	-1.322	3377	3.681	6.201
74.377	1.202e-03	-1.419	3379	3.778	5.542
74.377	1.573e-03	-1.512	3373	3.867	5.001
74.377	2.077e-03	-1.604	3363	3.955	4.521
74.377	2.719e-03	-1.694	3347	4.037	4.115
74.377	3.568e-03	-1.784	3328	4.116	3.755
74.377	4.690e-03	-1.875	3301	4.194	3.435
74.377	6.166e-03	-1.968	3267	4.269	3.151
74.377	8.104e-03	-2.056	3239	4.342	2.897
74.377	1.070e-02	-2.151	3197	4.414	2.665
74.377	1.398e-02	-2.245	3150	4.482	2.466
74.377	1.838e-02	-2.341	3097	4.549	2.283
74.377	2.416e-02	-2.437	3041	4.614	2.118
74.377	3.171e-02	-2.533	2985	4.677	1.970
74.377	4.152e-02	-2.624	2933	4.737	1.837
74.377	5.426e-02	-2.712	2885	4.797	1.716
74.377	7.134e-02	-2.795	2847	4.857	1.601
74.377	9.376e-02	-2.871	2820	4.916	1.496
74.377	1.233e-01	-2.940	2802	4.974	1.399
74.377	1.620e-01	-3.002	2791	5.029	1.313
74.377	2.126e-01	-3.055	2784	5.078	1.242
74.377	2.795e-01	-3.098	2778	5.116	1.187
74.377	3.675e-01	-3.126	2774	5.142	1.152
74.377	4.812e-01	-3.140	2773	5.156	1.134
74.377	6.288e-01	-3.146	2773	5.161	1.127
74.377	8.175e-01	-3.147	2773	5.163	1.125
74.377	1.063e+00	-3.148	2773	5.163	1.125
74.377	1.386e+00	-3.148	2773	5.163	1.125
74.377	1.841e+00	-3.148	2773	5.164	1.125
74.377	2.451e+00	-3.148	2773	5.164	1.124
74.377	3.262e+00	-3.148	2773	5.164	1.124
74.377	4.341e+00	-3.148	2773	5.164	1.124
74.377	5.778e+00	-3.149	2773	5.164	1.124
74.377	7.691e+00	-3.149	2773	5.165	1.123
74.377	1.000e+01	-3.150	2773	5.165	1.122
75.425	1.037e-04	-0.794	3251	3.091	12.306
75.425	1.363e-04	-0.827	3268	3.134	11.723
75.425	1.791e-04	-0.848	3278	3.160	11.368
75.425	2.336e-04	-0.867	3288	3.184	11.057
75.425	3.084e-04	-0.901	3306	3.229	10.508
75.425	4.037e-04	-0.994	3337	3.338	9.266
75.425	5.329e-04	-1.109	3368	3.469	7.969
75.425	6.977e-04	-1.217	3376	3.581	7.007
75.425	9.084e-04	-1.314	3380	3.680	6.249
75.425	1.192e-03	-1.409	3382	3.775	5.598
75.425	1.561e-03	-1.501	3377	3.865	5.051
75.425	2.040e-03	-1.590	3369	3.949	4.582
75.425	2.683e-03	-1.681	3353	4.033	4.164
75.425	3.513e-03	-1.770	3334	4.112	3.802
75.425	4.591e-03	-1.858	3311	4.188	3.483
75.425	5.988e-03	-1.949	3277	4.261	3.202
75.425	7.904e-03	-2.038	3250	4.335	2.939
75.425	1.035e-02	-2.129	3213	4.406	2.709
75.425	1.358e-02	-2.223	3167	4.475	2.501
75.425	1.778e-02	-2.318	3115	4.542	2.317
75.425	2.328e-02	-2.413	3062	4.606	2.151
75.425	3.031e-02	-2.506	3007	4.668	2.004
75.425	3.941e-02	-2.596	2953	4.728	1.871
75.425	5.123e-02	-2.683	2905	4.786	1.749
75.425	6.724e-02	-2.769	2861	4.845	1.633
75.425	8.837e-02	-2.846	2833	4.905	1.526
75.425	1.153e-01	-2.915	2811	4.961	1.430
75.425	1.522e-01	-2.980	2798	5.017	1.340
75.425	1.992e-01	-3.033	2791	5.066	1.267
75.425	2.614e-01	-3.077	2785	5.107	1.209
75.425	3.424e-01	-3.108	2780	5.134	1.171
75.425	4.482e-01	-3.125	2778	5.150	1.151
75.425	5.882e-01	-3.132	2777	5.156	1.142
75.425	7.703e-01	-3.134	2777	5.158	1.139
75.425	1.015e+00	-3.134	2777	5.159	1.139
75.425	1.345e+00	-3.134	2777	5.159	1.139
75.425	1.790e+00	-3.134	2777	5.159	1.139
75.425	2.382e+00	-3.135	2777	5.159	1.138
75.425	3.171e+00	-3.135	2777	5.159	1.138
75.425	4.220e+00	-3.135	2777	5.159	1.138
75.425	5.617e+00	-3.135	2777	5.160	1.138
75.425	7.476e+00	-3.136	2777	5.160	1.137
75.425	9.951e+00	-3.136	2777	5.160	1.136
76.472	1.026e-04	-0.785	3252	3.090	12.415
76.472	1.348e-04	-0.817	3268	3.130	11.846
76.472	1.772e-04	-0.838	3279	3.157	11.495
76.472	2.321e-04	-0.857	3289	3.181	11.175
76.472	3.038e-04	-0.891	3306	3.224	10.635
76.472	4.010e-04	-0.986	3339	3.336	9.350
76.472	5.304e-04	-1.101	3370	3.467	8.038
76.472	6.987e-04	-1.210	3379	3.581	7.048
76.472	9.182e-04	-1.310	3384	3.684	6.264
76.472	1.198e-03	-1.402	3386	3.777	5.629
76.472	1.572e-03	-1.495	3380	3.867	5.075
76.472	2.066e-03	-1.585	3373	3.953	4.595
76.472	2.695e-03	-1.674	3357	4.034	4.187
76.472	3.557e-03	-1.765	3338	4.115	3.813
76.472	4.657e-03	-1.853	3316	4.192	3.491
76.472	6.147e-03	-1.947	3282	4.268	3.197
76.472	8.047e-03	-2.033	3257	4.340	2.942
76.472	1.056e-02	-2.125	3219	4.412	2.709
76.472	1.388e-02	-2.219	3174	4.482	2.500
76.472	1.810e-02	-2.313	3124	4.547	2.318
76.472	2.376e-02	-2.408	3070	4.613	2.150
76.472	3.112e-02	-2.504	3013	4.676	2.000
76.472	4.067e-02	-2.596	2959	4.737	1.864
76.472	5.347e-02	-2.687	2908	4.797	1.738
76.472	7.027e-02	-2.773	2864	4.857	1.623
76.472	9.239e-02	-2.849	2836	4.916	1.517
76.472	1.214e-01	-2.919	2814	4.973	1.420
76.472	1.584e-01	-2.979	2802	5.025	1.337
76.472	2.079e-01	-3.031	2795	5.073	1.266
76.472	2.722e-01	-3.072	2790	5.110	1.213
76.472	3.564e-01	-3.099	2786	5.135	1.179
76.472	4.640e-01	-3.113	2784	5.147	1.162
76.472	6.090e-01	-3.119	2783	5.153	1.155
76.472	8.004e-01	-3.120	2782	5.154	1.153
76.472	1.057e+00	-3.121	2782	5.154	1.153
76.472	1.406e+00	-3.121	2782	5.154	1.152
76.472	1.872e+00	-3.121	2782	5.154	1.152
76.472	2.491e+00	-3.121	2782	5.155	1.152
76.472	3.316e+00	-3.121	2782	5.155	1.152
76.472	4.413e+00	-3.121	2782	5.155	1.152
76.472	5.862e+00	-3.122	2782	5.155	1.151
76.472	7.803e+00	-3.122	2782	5.156	1.151
76.472	1.000e+01	-3.123	2782	5.156	1.150
77.520	1.020e-04	-0.778	3254	3.089	12.510
77.520	1.341e-04	-0.808	3269	3.128	11.960
77.520	1.763e-04	-0.828	3279	3.153	11.615
77.520	2.308e-04	-0.848	3289	3.178	11.291
77.520	3.022e-04	-0.882	3307	3.222	10.732
77.520	3.989e-04	-0.979	3341	3.336	9.416
77.520	5.276e-04	-1.092	3373	3.466	8.102
77.520	6.906e-04	-1.199	3382	3.577	7.129
77.520	9.116e-04	-1.301	3386	3.681	6.325
77.520	1.193e-03	-1.394	3389	3.775	5.676
77.520	1.575e-03	-1.488	3384	3.867	5.107
77.520	2.062e-03	-1.576	3377	3.952	4.631
77.520	2.685e-03	-1.664	3362	4.032	4.222
77.520	3.524e-03	-1.753	3344	4.112	3.852
77.520	4.581e-03	-1.838	3324	4.187	3.534
77.520	6.000e-03	-1.930	3292	4.261	3.244
77.520	7.854e-03	-2.016	3267	4.334	2.983
77.520	1.031e-02	-2.106	3233	4.406	2.746
77.520	1.355e-02	-2.200	3188	4.476	2.533
77.520	1.767e-02	-2.293	3140	4.543	2.347
77.520	2.333e-02	-2.390	3086	4.610	2.172
77.520	3.054e-02	-2.486	3029	4.673	2.019
77.520	4.008e-02	-2.580	2973	4.735	1.880
77.520	5.267e-02	-2.672	2921	4.796	1.753
77.520	6.926e-02	-2.759	2875	4.856	1.637
77.520	9.102e-02	-2.836	2845	4.914	1.530
77.520	1.197e-01	-2.907	2821	4.971	1.433
77.520	1.573e-01	-2.969	2807	5.024	1.348
77.520	2.068e-01	-3.020	2801	5.071	1.277
77.520	2.718e-01	-3.061	2795	5.108	1.224
77.520	3.545e-01	-3.086	2791	5.132	1.191
77.520	4.616e-01	-3.100	2789	5.144	1.175
77.520	6.059e-01	-3.105	2789	5.149	1.168
77.520	7.963e-01	-3.107	2788	5.150	1.166
77.520	1.051e+00	-3.107	2788	5.150	1.166
77.520	1.399e+00	-3.107	2788	5.150	1.166
77.520	1.862e+00	-3.107	2788	5.150	1.166
77.520	2.478e+00	-3.107	2788	5.150	1.166
77.520	3.299e+00	-3.107	2788	5.151	1.165
77.520	4.391e+00	-3.108	2788	5.151	1.165
77.520	5.844e+00	-3.108	2788	5.151	1.165
77.520	7.778e+00	-3.108	2788	5.151	1.164
77.520	1.000e+01	-3.109	2788	5.152	1.164
78.567	1.008e-04	-0.769	3255	3.087	12.621
78.567	1.331e-04	-0.800	3270	3.126	12.076
78.567	1.742e-04	-0.819	3280	3.150	11.742
78.567	2.286e-04	-0.838	3290	3.175	11.411
78.567	3.005e-04	-0.874	3308	3.220	10.828
78.567	3.951e-04	-0.971	3342	3.334	9.494
78.567	5.174e-04	-1.079	3375	3.460	8.221
78.567	6.773e-04	-1.185	3385	3.571	7.232
78.567	8.889e-04	-1.285	3389	3.673	6.431
78.567	1.168e-03	-1.379	3392	3.768	5.761
78.567	1.536e-03	-1.471	3388	3.859	5.190
78.567	2.019e-03	-1.561	3382	3.945	4.698
78.567	2.633e-03	-1.649	3368	4.026	4.280
78.567	3.456e-03	-1.739	3350	4.106	3.904
78.567	4.542e-03	-1.827	3331	4.184	3.568
78.567	5.972e-03	-1.919	3299	4.260	3.270
78.567	7.849e-03	-2.006	3275	4.334	3.003
78.567	1.024e-02	-2.093	3243	4.405	2.769
78.567	1.351e-02	-2.189	3198	4.476	2.550
78.567	1.769e-02	-2.282	3151	4.544	2.359
78.567	2.322e-02	-2.378	3099	4.610	2.186
78.567	3.041e-02	-2.473	3042	4.674	2.031
78.567	3.981e-02	-2.567	2986	4.735	1.892
78.567	5.254e-02	-2.661	2931	4.797	1.762
78.567	6.879e-02	-2.748	2884	4.856	1.647
78.567	9.080e-02	-2.826	2853	4.915	1.539
78.567	1.189e-01	-2.897	2827	4.971	1.443
78.567	1.569e-01	-2.960	2813	5.024	1.357
78.567	2.054e-01	-3.010	2806	5.070	1.288
78.567	2.711e-01	-3.049	2800	5.106	1.235
78.567	3.543e-01	-3.074	2797	5.129	1.203
78.567	4.621e-01	-3.087	2795	5.140	1.187
78.567	6.017e-01	-3.092	2794	5.145	1.181
78.567	7.943e-01	-3.093	2794	5.146	1.180
78.567	1.055e+00	-3.093	2794	5.146	1.179
78.567	1.404e+00	-3.093	2794	5.146	1.179
78.567	1.869e+00	-3.094	2794	5.146	1.179
78.567	2.488e+00	-3.094	2794	5.146	1.179
78.567	3.311e+00	-3.094	2794	5.147	1.179
78.567	4.407e+00	-3.094	2794	5.147	1.178
78.567	5.866e+00	-3.094	2794	5.147	1.178
78.567	7.807e+00	-3.095	2794	5.147	1.177
78.567	1.000e+01	-3.095	2794	5.148	1.177
80.663	1.032e-04	-0.759	3260	3.091	12.733
80.663	1.356e-04	-0.785	3273	3.124	12.260
80.663	1.783e-04	-0.803	3282	3.147	11.941
80.663	2.335e-04	-0.823	3293	3.173	11.585
80.663	3.057e-04	-0.864	3314	3.225	10.914
80.663	4.035e-04	-0.970	3350	3.349	9.455
80.663	5.273e-04	-1.074	3383	3.470	8.227
80.663	6.933e-04	-1.181	3391	3.581	7.241
80.663	9.079e-04	-1.278	3395	3.681	6.456
80.663	1.189e-03	-1.370	3397	3.774	5.798
80.663	1.569e-03	-1.463	3395	3.865	5.220
80.663	2.050e-03	-1.551	3389	3.950	4.737
80.663	2.674e-03	-1.637	3377	4.031	4.316
80.663	3.530e-03	-1.729	3358	4.112	3.929
80.663	4.613e-03	-1.815	3339	4.188	3.599
80.663	6.017e-03	-1.902	3313	4.262	3.305
80.663	7.942e-03	-1.991	3288	4.338	3.030
80.663	1.040e-02	-2.078	3258	4.410	2.790
80.663	1.372e-02	-2.174	3215	4.482	2.568
80.663	1.797e-02	-2.266	3171	4.550	2.374
80.663	2.372e-02	-2.363	3118	4.618	2.196
80.663	3.105e-02	-2.459	3061	4.682	2.040
80.663	4.098e-02	-2.556	3003	4.745	1.895
80.663	5.356e-02	-2.648	2948	4.805	1.769
80.663	7.041e-02	-2.737	2899	4.865	1.652
80.663	9.254e-02	-2.814	2866	4.922	1.547
80.663	1.217e-01	-2.886	2839	4.977	1.451
80.663	1.599e-01	-2.946	2824	5.028	1.368
80.663	2.103e-01	-2.995	2815	5.072	1.301
80.663	2.763e-01	-3.030	2811	5.105	1.253
80.663	3.604e-01	-3.052	2808	5.124	1.225
80.663	4.758e-01	-3.063	2806	5.134	1.212
80.663	6.217e-01	-3.066	2806	5.137	1.207
80.663	8.175e-01	-3.067	2805	5.138	1.206
80.663	1.083e+00	-3.067	2805	5.138	1.206
80.663	1.442e+00	-3.067	2805	5.138	1.206
80.663	1.919e+00	-3.067	2805	5.138	1.205
80.663	2.554e+00	-3.068	2805	5.139	1.205
80.663	3.400e+00	-3.068	2805	5.139	1.205
80.663	4.525e+00	-3.068	2805	5.139	1.205
80.663	6.023e+00	-3.068	2805	5.139	1.204
80.663	8.017e+00	-3.069	2805	5.140	1.204
81.710	1.022e-04	-0.751	3261	3.089	12.838
81.710	1.344e-04	-0.776	3274	3.121	12.379
81.710	1.767e-04	-0.794	3283	3.144	12.062
81.710	2.313e-04	-0.814	3294	3.170	11.702
81.710	3.028e-04	-0.856	3315	3.222	11.016
81.710	3.997e-04	-0.961	3352	3.347	9.541
81.710	5.224e-04	-1.065	3385	3.468	8.307
81.710	6.868e-04	-1.171	3394	3.578	7.313
81.710	9.027e-04	-1.269	3398	3.679	6.511
81.710	1.187e-03	-1.363	3400	3.774	5.839
81.710	1.554e-03	-1.452	3399	3.862	5.273
81.710	2.031e-03	-1.540	3392	3.947	4.785
81.710	2.649e-03	-1.626	3382	4.028	4.359
81.710	3.497e-03	-1.718	3363	4.109	3.968
81.710	4.570e-03	-1.804	3344	4.186	3.634
81.710	5.961e-03	-1.890	3321	4.260	3.337
81.710	7.823e-03	-1.977	3297	4.334	3.064
81.710	1.028e-02	-2.065	3268	4.407	2.816
81.710	1.352e-02	-2.159	3227	4.478	2.594
81.710	1.777e-02	-2.251	3184	4.548	2.395
81.710	2.336e-02	-2.347	3132	4.615	2.216
81.710	3.059e-02	-2.443	3076	4.680	2.058
81.710	4.005e-02	-2.538	3019	4.742	1.915
81.710	5.256e-02	-2.632	2961	4.803	1.786
81.710	6.908e-02	-2.721	2912	4.862	1.668
81.710	9.083e-02	-2.801	2875	4.920	1.561
81.710	1.194e-01	-2.872	2848	4.975	1.465
81.710	1.557e-01	-2.932	2831	5.024	1.384
81.710	2.055e-01	-2.982	2821	5.068	1.316
81.710	2.691e-01	-3.017	2816	5.100	1.268
81.710	3.531e-01	-3.039	2813	5.121	1.239
81.710	4.624e-01	-3.050	2812	5.130	1.225
81.710	6.054e-01	-3.053	2811	5.134	1.220
81.710	7.991e-01	-3.054	2811	5.134	1.219
81.710	1.057e+00	-3.054	2811	5.135	1.219
81.710	1.407e+00	-3.055	2811	5.135	1.219
81.710	1.872e+00	-3.055	2811	5.135	1.218
81.710	2.492e+00	-3.055	2811	5.135	1.218
81.710	3.317e+00	-3.055	2811	5.135	1.218
81.710	4.414e+00	-3.055	2811	5.135	1.218
81.710	5.876e+00	-3.056	2811	5.136	1.217
81.710	7.820e+00	-3.056	2811	5.136	1.217
81.710	1.000e+01	-3.057	2811	5.137	1.216
83.805	1.042e-04	-0.740	3265	3.091	12.975
83.805	1.370e-04	-0.761	3277	3.119	12.568
83.805	1.800e-04	-0.778	3285	3.140	12.260
83.805	2.348e-04	-0.800	3297	3.168	11.870
83.805	3.100e-04	-0.851	3322	3.232	11.032
83.805	4.083e-04	-0.960	3359	3.361	9.511
83.805	5.366e-04	-1.063	3393	3.481	8.283
83.805	7.083e-04	-1.169	3400	3.591	7.299
83.805	9.273e-04	-1.265	3404	3.689	6.520
83.805	1.224e-03	-1.359	3406	3.784	5.845
83.805	1.600e-03	-1.447	3405	3.871	5.286
83.805	2.086e-03	-1.533	3399	3.954	4.803
83.805	2.738e-03	-1.621	3389	4.037	4.368
83.805	3.599e-03	-1.711	3370	4.117	3.982
83.805	4.732e-03	-1.799	3351	4.195	3.640
83.805	6.219e-03	-1.885	3331	4.271	3.335
83.805	8.177e-03	-1.973	3306	4.346	3.060
83.805	1.071e-02	-2.060	3279	4.418	2.815
83.805	1.402e-02	-2.151	3239	4.489	2.596
83.805	1.850e-02	-2.244	3199	4.560	2.393
83.805	2.422e-02	-2.339	3148	4.626	2.216
83.805	3.197e-02	-2.438	3089	4.693	2.052
83.805	4.185e-02	-2.533	3031	4.755	1.910
83.805	5.493e-02	-2.627	2973	4.816	1.781
83.805	7.220e-02	-2.716	2923	4.875	1.664
83.805	9.417e-02	-2.794	2885	4.930	1.562
83.805	1.243e-01	-2.864	2859	4.985	1.467
83.805	1.627e-01	-2.923	2841	5.032	1.389
83.805	2.136e-01	-2.969	2830	5.072	1.327
83.805	2.807e-01	-3.000	2826	5.101	1.284
83.805	3.691e-01	-3.019	2823	5.117	1.259
83.805	4.833e-01	-3.027	2822	5.125	1.249
83.805	6.283e-01	-3.029	2822	5.127	1.245
83.805	8.211e-01	-3.030	2822	5.127	1.245
83.805	1.084e+00	-3.030	2822	5.127	1.244
83.805	1.443e+00	-3.030	2822	5.128	1.244
83.805	1.920e+00	-3.030	2822	5.128	1.244
83.805	2.556e+00	-3.030	2822	5.128	1.244
83.805	3.402e+00	-3.030	2822	5.128	1.244
83.805	4.527e+00	-3.031	2821	5.128	1.243
83.805	6.014e+00	-3.031	2821	5.129	1.243
83.805	8.004e+00	-3.031	2821	5.129	1.242
85.900	1.009e-04	-0.723	3267	3.086	13.210
85.900	1.326e-04	-0.744	3277	3.112	12.819
85.900	1.743e-04	-0.760	3286	3.133	12.513
85.900	2.273e-04	-0.782	3297	3.161	12.121
85.900	3.001e-04	-0.831	3322	3.223	11.284
85.900	3.953e-04	-0.938	3360	3.350	9.748
85.900	5.195e-04	-1.040	3394	3.470	8.495
85.900	6.819e-04	-1.143	3405	3.578	7.503
85.900	8.962e-04	-1.240	3409	3.677	6.689
85.900	1.178e-03	-1.333	3412	3.771	6.004
85.900	1.543e-03	-1.421	3411	3.859	5.426
85.900	2.016e-03	-1.508	3406	3.943	4.925
85.900	2.630e-03	-1.593	3399	4.024	4.487
85.900	3.452e-03	-1.681	3382	4.105	4.091
85.900	4.537e-03	-1.769	3363	4.183	3.738
85.900	5.965e-03	-1.855	3345	4.259	3.422
85.900	7.840e-03	-1.942	3324	4.335	3.138
85.900	1.035e-02	-2.030	3298	4.410	2.879
85.900	1.355e-02	-2.120	3263	4.481	2.652
85.900	1.788e-02	-2.212	3224	4.552	2.443
85.900	2.356e-02	-2.308	3174	4.622	2.255
85.900	3.096e-02	-2.405	3119	4.688	2.090
85.900	4.038e-02	-2.500	3061	4.750	1.945
85.900	5.300e-02	-2.596	3001	4.811	1.813
85.900	6.966e-02	-2.686	2948	4.871	1.693
85.900	9.158e-02	-2.769	2903	4.927	1.586
85.900	1.204e-01	-2.839	2876	4.980	1.492
85.900	1.583e-01	-2.900	2853	5.028	1.412
85.900	2.080e-01	-2.946	2843	5.067	1.350
85.900	2.713e-01	-2.977	2836	5.094	1.309
85.900	3.581e-01	-2.995	2833	5.111	1.284
85.900	4.688e-01	-3.003	2832	5.118	1.274
85.900	6.104e-01	-3.005	2832	5.120	1.271
85.900	8.057e-01	-3.006	2832	5.120	1.270
85.900	1.070e+00	-3.006	2832	5.121	1.270
85.900	1.424e+00	-3.006	2832	5.121	1.270
85.900	1.896e+00	-3.006	2832	5.121	1.270
85.900	2.524e+00	-3.006	2832	5.121	1.269
85.900	3.359e+00	-3.006	2832	5.121	1.269
85.900	4.471e+00	-3.007	2832	5.121	1.269
85.900	5.950e+00	-3.007	2832	5.122	1.268
85.900	7.886e+00	-3.007	2832	5.122	1.268
87.996	1.011e-04	-0.710	3270	3.085	13.384
87.996	1.324e-04	-0.728	3279	3.109	13.033
87.996	1.738e-04	-0.745	3288	3.129	12.729
87.996	2.259e-04	-0.767	3299	3.158	12.318
87.996	2.958e-04	-0.817	3325	3.221	11.450
87.996	3.896e-04	-0.924	3363	3.348	9.891
87.996	5.121e-04	-1.025	3397	3.466	8.633
87.996	6.721e-04	-1.126	3410	3.573	7.631
87.996	8.834e-04	-1.223	3414	3.673	6.806
87.996	1.152e-03	-1.312	3417	3.764	6.130
87.996	1.512e-03	-1.401	3416	3.852	5.534
87.996	1.980e-03	-1.488	3414	3.937	5.019
87.996	2.588e-03	-1.573	3406	4.019	4.569
87.996	3.376e-03	-1.659	3392	4.098	4.174
87.996	4.456e-03	-1.748	3373	4.177	3.807
87.996	5.823e-03	-1.833	3355	4.252	3.492
87.996	7.595e-03	-1.914	3340	4.326	3.208
87.996	1.003e-02	-2.003	3314	4.401	2.941
87.996	1.312e-02	-2.091	3284	4.473	2.708
87.996	1.732e-02	-2.183	3246	4.546	2.492
87.996	2.268e-02	-2.275	3203	4.614	2.303
87.996	2.994e-02	-2.373	3148	4.682	2.129
87.996	3.912e-02	-2.469	3090	4.746	1.979
87.996	5.144e-02	-2.566	3028	4.808	1.842
87.996	6.736e-02	-2.657	2973	4.867	1.722
87.996	8.818e-02	-2.741	2926	4.922	1.614
87.996	1.164e-01	-2.814	2893	4.976	1.518
87.996	1.524e-01	-2.874	2870	5.023	1.438
87.996	2.011e-01	-2.922	2855	5.062	1.375
87.996	2.633e-01	-2.954	2848	5.089	1.333
87.996	3.456e-01	-2.972	2844	5.104	1.309
87.996	4.492e-01	-2.979	2842	5.111	1.299
87.996	5.840e-01	-2.982	2842	5.113	1.296
87.996	7.648e-01	-2.982	2842	5.114	1.295
87.996	1.007e+00	-2.983	2842	5.114	1.295
87.996	1.341e+00	-2.983	2842	5.114	1.295
87.996	1.785e+00	-2.983	2842	5.114	1.295
87.996	2.375e+00	-2.983	2842	5.114	1.295
87.996	3.162e+00	-2.983	2842	5.115	1.294
87.996	4.208e+00	-2.983	2842	5.115	1.294
87.996	5.601e+00	-2.984	2842	5.115	1.293
87.996	7.455e+00	-2.984	2842	5.116	1.293
87.996	9.923e+00	-2.985	2842	5.116	1.292
90.091	1.026e-04	-0.698	3273	3.085	13.548
90.091	1.343e-04	-0.714	3282	3.106	13.227
90.091	1.763e-04	-0.731	3290	3.127	12.916
90.091	2.317e-04	-0.757	3303	3.160	12.431
90.091	3.046e-04	-0.819	3335	3.238	11.356
90.091	4.003e-04	-0.927	3371	3.365	9.810
90.091	5.284e-04	-1.026	3405	3.482	8.579
90.091	6.917e-04	-1.125	3415	3.586	7.612
90.091	9.007e-04	-1.217	3420	3.680	6.827
90.091	1.189e-03	-1.310	3422	3.774	6.127
90.091	1.556e-03	-1.397	3422	3.861	5.542
90.091	2.054e-03	-1.485	3419	3.948	5.015
90.091	2.689e-03	-1.571	3411	4.030	4.565
90.091	3.550e-03	-1.660	3397	4.112	4.155
90.091	4.639e-03	-1.746	3379	4.188	3.804
90.091	6.100e-03	-1.831	3362	4.265	3.482
90.091	8.017e-03	-1.914	3348	4.341	3.192
90.091	1.046e-02	-2.000	3324	4.413	2.937
90.091	1.372e-02	-2.088	3293	4.486	2.701
90.091	1.797e-02	-2.177	3259	4.556	2.491
90.091	2.353e-02	-2.268	3217	4.625	2.301
90.091	3.106e-02	-2.366	3162	4.693	2.127
90.091	4.065e-02	-2.463	3103	4.757	1.976
90.091	5.336e-02	-2.560	3041	4.819	1.840
90.091	6.988e-02	-2.651	2985	4.877	1.721
90.091	9.147e-02	-2.733	2938	4.933	1.615
90.091	1.201e-01	-2.805	2904	4.984	1.522
90.091	1.578e-01	-2.863	2882	5.029	1.445
90.091	2.075e-01	-2.908	2866	5.064	1.388
90.091	2.717e-01	-2.936	2859	5.088	1.350
90.091	3.556e-01	-2.951	2856	5.101	1.330
90.091	4.631e-01	-2.957	2854	5.106	1.322
90.091	6.020e-01	-2.959	2854	5.108	1.320
90.091	7.947e-01	-2.959	2854	5.108	1.319
90.091	1.056e+00	-2.959	2854	5.108	1.319
90.091	1.405e+00	-2.959	2854	5.108	1.319
90.091	1.870e+00	-2.959	2854	5.108	1.319
90.091	2.489e+00	-2.960	2854	5.108	1.319
90.091	3.313e+00	-2.960	2854	5.109	1.319
90.091	4.409e+00	-2.960	2854	5.109	1.318
90.091	5.868e+00	-2.961	2854	5.109	1.318
90.091	7.811e+00	-2.961	2853	5.110	1.317
90.091	1.000e+01	-2.962	2853	5.110	1.316
92.186	1.003e-04	-0.683	3275	3.081	13.765
92.186	1.318e-04	-0.699	3283	3.101	13.456
92.186	1.726e-04	-0.715	3291	3.121	13.144
92.186	2.274e-04	-0.742	3305	3.156	12.636
92.186	2.989e-04	-0.806	3337	3.236	11.516
92.186	3.898e-04	-0.909	3373	3.358	10.008
92.186	5.146e-04	-1.007	3406	3.474	8.761
92.186	6.779e-04	-1.106	3420	3.580	7.755
92.186	8.909e-04	-1.202	3425	3.677	6.931
92.186	1.171e-03	-1.293	3427	3.769	6.232
92.186	1.534e-03	-1.380	3427	3.857	5.638
92.186	2.005e-03	-1.464	3426	3.940	5.120
92.186	2.615e-03	-1.548	3419	4.021	4.666
92.186	3.451e-03	-1.636	3408	4.103	4.245
92.186	4.510e-03	-1.722	3389	4.180	3.885
92.186	5.930e-03	-1.808	3371	4.257	3.556
92.186	7.765e-03	-1.888	3363	4.332	3.262
92.186	1.017e-02	-1.974	3339	4.406	2.996
92.186	1.342e-02	-2.063	3311	4.480	2.750
92.186	1.757e-02	-2.151	3279	4.551	2.534
92.186	2.323e-02	-2.244	3239	4.623	2.332
92.186	3.054e-02	-2.341	3186	4.691	2.156
92.186	4.014e-02	-2.439	3127	4.757	2.000
92.186	5.278e-02	-2.537	3064	4.819	1.861
92.186	6.912e-02	-2.629	3006	4.878	1.739
92.186	9.048e-02	-2.712	2958	4.933	1.633
92.186	1.178e-01	-2.784	2920	4.982	1.543
92.186	1.555e-01	-2.842	2897	5.027	1.465
92.186	2.032e-01	-2.886	2881	5.061	1.409
92.186	2.651e-01	-2.914	2871	5.083	1.373
92.186	3.452e-01	-2.928	2868	5.095	1.354
92.186	4.530e-01	-2.934	2867	5.101	1.346
92.186	5.932e-01	-2.936	2866	5.102	1.344
92.186	7.814e-01	-2.936	2866	5.102	1.343
92.186	1.040e+00	-2.936	2866	5.102	1.343
92.186	1.384e+00	-2.936	2866	5.103	1.343
92.186	1.843e+00	-2.936	2866	5.103	1.343
92.186	2.453e+00	-2.937	2866	5.103	1.343
92.186	3.264e+00	-2.937	2866	5.103	1.342
92.186	4.345e+00	-2.937	2866	5.103	1.342
92.186	5.758e+00	-2.937	2866	5.104	1.341
92.186	7.664e+00	-2.938	2866	5.104	1.341
92.186	1.000e+01	-2.939	2866	5.105	1.340
94.281	1.037e-04	-0.672	3278	3.081	13.916
94.281	1.363e-04	-0.686	3286	3.100	13.627
94.281	1.777e-04	-0.703	3294	3.121	13.295
94.281	2.311e-04	-0.732	3309	3.158	12.741
94.281	3.033e-04	-0.805	3344	3.249	11.475
94.281	4.011e-04	-0.911	3381	3.374	9.937
94.281	5.271e-04	-1.006	3413	3.485	8.743
94.281	6.876e-04	-1.100	3425	3.586	7.788
94.281	9.076e-04	-1.196	3430	3.684	6.956
94.281	1.186e-03	-1.284	3432	3.773	6.274
94.281	1.559e-03	-1.372	3432	3.861	5.670
94.281	2.050e-03	-1.458	3431	3.946	5.141
94.281	2.673e-03	-1.542	3425	4.027	4.686
94.281	3.529e-03	-1.629	3414	4.109	4.264
94.281	4.611e-03	-1.715	3396	4.186	3.903
94.281	6.015e-03	-1.798	3379	4.260	3.581
94.281	7.940e-03	-1.879	3372	4.338	3.277
94.281	1.039e-02	-1.965	3349	4.412	3.009
94.281	1.364e-02	-2.052	3323	4.485	2.765
94.281	1.793e-02	-2.140	3294	4.557	2.544
94.281	2.357e-02	-2.231	3255	4.628	2.345
94.281	3.098e-02	-2.328	3203	4.697	2.167
94.281	4.041e-02	-2.423	3147	4.761	2.013
94.281	5.304e-02	-2.520	3083	4.823	1.873
94.281	6.946e-02	-2.613	3024	4.882	1.751
94.281	9.093e-02	-2.696	2975	4.936	1.644
94.281	1.200e-01	-2.771	2933	4.987	1.551
94.281	1.571e-01	-2.826	2910	5.029	1.478
94.281	2.062e-01	-2.868	2894	5.061	1.425
94.281	2.710e-01	-2.895	2884	5.082	1.391
94.281	3.535e-01	-2.908	2880	5.092	1.375
94.281	4.640e-01	-2.912	2879	5.096	1.369
94.281	6.098e-01	-2.913	2878	5.097	1.367
94.281	8.117e-01	-2.914	2878	5.097	1.367
94.281	1.080e+00	-2.914	2878	5.097	1.367
94.281	1.438e+00	-2.914	2878	5.097	1.367
94.281	1.914e+00	-2.914	2878	5.097	1.366
94.281	2.547e+00	-2.914	2878	5.097	1.366
94.281	3.391e+00	-2.914	2878	5.098	1.366
94.281	4.513e+00	-2.915	2878	5.098	1.365
94.281	6.007e+00	-2.915	2878	5.098	1.365
94.281	7.995e+00	-2.916	2878	5.099	1.364
96.376	1.015e-04	-0.658	3280	3.078	14.133
96.376	1.332e-04	-0.671	3287	3.095	13.854
96.376	1.732e-04	-0.688	3295	3.116	13.521
96.376	2.268e-04	-0.718	3311	3.155	12.932
96.376	2.968e-04	-0.792	3347	3.247	11.632
96.376	3.896e-04	-0.893	3382	3.366	10.134
96.376	5.121e-04	-0.987	3414	3.477	8.927
96.376	6.732e-04	-1.082	3429	3.580	7.930
96.376	8.848e-04	-1.176	3434	3.676	7.098
96.376	1.154e-03	-1.263	3437	3.765	6.407
96.376	1.515e-03	-1.351	3437	3.852	5.794
96.376	1.984e-03	-1.435	3436	3.936	5.260
96.376	2.597e-03	-1.519	3432	4.018	4.788
96.376	3.428e-03	-1.607	3421	4.100	4.357
96.376	4.479e-03	-1.691	3406	4.177	3.986
96.376	5.843e-03	-1.776	3388	4.252	3.656
96.376	7.712e-03	-1.856	3382	4.329	3.345
96.376	1.016e-02	-1.942	3364	4.406	3.064
96.376	1.335e-02	-2.029	3338	4.480	2.813
96.376	1.742e-02	-2.113	3313	4.550	2.593
96.376	2.286e-02	-2.203	3276	4.621	2.390
96.376	3.004e-02	-2.298	3229	4.691	2.206
96.376	3.966e-02	-2.397	3171	4.759	2.041
96.376	5.191e-02	-2.495	3108	4.821	1.899
96.376	6.814e-02	-2.588	3048	4.881	1.773
96.376	8.955e-02	-2.674	2995	4.936	1.664
96.376	1.168e-01	-2.747	2953	4.984	1.574
96.376	1.542e-01	-2.806	2925	5.027	1.499
96.376	2.018e-01	-2.846	2910	5.058	1.446
96.376	2.628e-01	-2.871	2900	5.077	1.414
96.376	3.449e-01	-2.884	2895	5.087	1.397
96.376	4.517e-01	-2.889	2893	5.091	1.391
96.376	5.950e-01	-2.890	2893	5.092	1.390
96.376	7.886e-01	-2.890	2893	5.092	1.390
96.376	1.050e+00	-2.891	2893	5.092	1.390
96.376	1.397e+00	-2.891	2893	5.092	1.389
96.376	1.859e+00	-2.891	2893	5.093	1.389
96.376	2.475e+00	-2.891	2893	5.093	1.389
96.376	3.294e+00	-2.891	2893	5.093	1.389
96.376	4.384e+00	-2.892	2892	5.093	1.388
96.376	5.836e+00	-2.892	2892	5.094	1.388
96.376	7.767e+00	-2.893	2892	5.094	1.387
96.376	1.000e+01	-2.893	2892	5.095	1.386
98.471	1.026e-04	-0.645	3282	3.076	14.316
98.471	1.341e-04	-0.659	3289	3.092	14.044
98.471	1.763e-04	-0.677	3298	3.116	13.668
98.471	2.309e-04	-0.712	3316	3.160	12.987
98.471	3.023e-04	-0.794	3355	3.262	11.547
98.471	3.990e-04	-0.895	3389	3.381	10.075
98.471	5.224e-04	-0.985	3420	3.487	8.916
98.471	6.895e-04	-1.081	3434	3.590	7.924
98.471	9.027e-04	-1.172	3440	3.683	7.113
98.471	1.185e-03	-1.260	3442	3.773	6.412
98.471	1.551e-03	-1.347	3442	3.860	5.807
98.471	2.027e-03	-1.430	3441	3.942	5.279
98.471	2.666e-03	-1.515	3437	4.025	4.799
98.471	3.491e-03	-1.599	3427	4.105	4.380
98.471	4.570e-03	-1.684	3413	4.182	4.005
98.471	6.032e-03	-1.771	3395	4.260	3.660
98.471	7.883e-03	-1.849	3390	4.335	3.359
98.471	1.036e-02	-1.932	3374	4.411	3.078
98.471	1.362e-02	-2.020	3348	4.485	2.825
98.471	1.777e-02	-2.103	3325	4.556	2.604
98.471	2.332e-02	-2.193	3290	4.628	2.398
98.471	3.065e-02	-2.287	3245	4.697	2.213
98.471	3.998e-02	-2.382	3189	4.762	2.053
98.471	5.277e-02	-2.482	3125	4.827	1.906
98.471	6.908e-02	-2.575	3064	4.886	1.781
98.471	9.067e-02	-2.660	3011	4.941	1.673
98.471	1.192e-01	-2.733	2968	4.989	1.582
98.471	1.567e-01	-2.791	2938	5.029	1.511
98.471	2.059e-01	-2.829	2923	5.058	1.461
98.471	2.707e-01	-2.852	2914	5.076	1.431
98.471	3.545e-01	-2.863	2910	5.084	1.418
98.471	4.633e-01	-2.866	2909	5.087	1.413
98.471	6.115e-01	-2.867	2909	5.088	1.412
98.471	8.140e-01	-2.867	2909	5.088	1.412
98.471	1.083e+00	-2.867	2909	5.088	1.412
98.471	1.439e+00	-2.868	2908	5.088	1.411
98.471	1.915e+00	-2.868	2908	5.088	1.411
98.471	2.538e+00	-2.868	2908	5.088	1.411
98.471	3.371e+00	-2.868	2908	5.089	1.411
98.471	4.487e+00	-2.869	2908	5.089	1.410
98.471	5.973e+00	-2.869	2908	5.089	1.410
98.471	7.950e+00	-2.870	2908	5.090	1.409
100.566	1.011e-04	-0.632	3284	3.072	14.524
100.566	1.334e-04	-0.645	3290	3.089	14.244
100.566	1.746e-04	-0.664	3300	3.113	13.853
100.566	2.305e-04	-0.703	3320	3.163	13.088
100.566	3.036e-04	-0.790	3360	3.270	11.562
100.566	4.024e-04	-0.890	3394	3.388	10.104
100.566	5.300e-04	-0.981	3425	3.494	8.934
100.566	6.941e-04	-1.073	3438	3.593	7.978
100.566	9.087e-04	-1.162	3444	3.686	7.168
100.566	1.199e-03	-1.253	3447	3.777	6.450
100.566	1.570e-03	-1.338	3447	3.863	5.846
100.566	2.061e-03	-1.423	3446	3.947	5.307
100.566	2.709e-03	-1.507	3442	4.029	4.827
100.566	3.561e-03	-1.593	3432	4.110	4.400
100.566	4.663e-03	-1.677	3419	4.187	4.023
100.566	6.094e-03	-1.760	3403	4.263	3.688
100.566	8.013e-03	-1.840	3397	4.339	3.378
100.566	1.053e-02	-1.922	3385	4.415	3.095
100.566	1.374e-02	-2.008	3359	4.488	2.847
100.566	1.813e-02	-2.094	3337	4.562	2.613
100.566	2.388e-02	-2.184	3303	4.635	2.404
100.566	3.139e-02	-2.278	3259	4.705	2.217
100.566	4.094e-02	-2.373	3203	4.770	2.057
100.566	5.405e-02	-2.473	3139	4.835	1.909
100.566	7.063e-02	-2.564	3079	4.893	1.786
100.566	9.286e-02	-2.650	3025	4.947	1.678
100.566	1.220e-01	-2.721	2983	4.994	1.589
100.566	1.592e-01	-2.776	2953	5.031	1.523
100.566	2.101e-01	-2.812	2937	5.059	1.476
100.566	2.751e-01	-2.832	2929	5.074	1.450
100.566	3.610e-01	-2.841	2926	5.081	1.438
100.566	4.693e-01	-2.844	2924	5.083	1.435
100.566	6.102e-01	-2.845	2924	5.084	1.434
100.566	7.990e-01	-2.845	2924	5.084	1.434
100.566	1.053e+00	-2.845	2924	5.084	1.434
100.566	1.401e+00	-2.845	2924	5.084	1.433
100.566	1.865e+00	-2.845	2924	5.084	1.433
100.566	2.482e+00	-2.845	2924	5.084	1.433
100.566	3.303e+00	-2.846	2924	5.084	1.433
100.566	4.378e+00	-2.846	2924	5.085	1.432
100.566	5.827e+00	-2.847	2923	5.085	1.431
100.566	7.755e+00	-2.847	2923	5.086	1.431
100.566	1.000e+01	-2.848	2923	5.086	1.430
102.661	1.040e-04	-0.621	3286	3.071	14.690
102.661	1.352e-04	-0.634	3293	3.088	14.414
102.661	1.771e-04	-0.654	3304	3.114	13.983
102.661	2.318e-04	-0.697	3326	3.168	13.140
102.661	3.060e-04	-0.789	3366	3.281	11.536
102.661	4.006e-04	-0.882	3398	3.391	10.171
102.661	5.287e-04	-0.972	3429	3.497	9.004
102.661	6.910e-04	-1.062	3441	3.593	8.059
102.661	9.085e-04	-1.152	3449	3.687	7.235
102.661	1.190e-03	-1.239	3452	3.775	6.534
102.661	1.555e-03	-1.324	3451	3.860	5.927
102.661	2.028e-03	-1.406	3451	3.942	5.394
102.661	2.640e-03	-1.487	3449	4.021	4.922
102.661	3.485e-03	-1.573	3439	4.103	4.480
102.661	4.555e-03	-1.656	3428	4.180	4.099
102.661	5.989e-03	-1.742	3411	4.258	3.749
102.661	7.871e-03	-1.821	3405	4.334	3.434
102.661	1.027e-02	-1.900	3397	4.408	3.153
102.661	1.355e-02	-1.989	3372	4.484	2.888
102.661	1.774e-02	-2.071	3352	4.557	2.657
102.661	2.342e-02	-2.161	3322	4.631	2.440
102.661	3.065e-02	-2.252	3282	4.700	2.252
102.661	4.046e-02	-2.351	3225	4.769	2.081
102.661	5.288e-02	-2.447	3164	4.832	1.935
102.661	6.952e-02	-2.542	3101	4.892	1.806
102.661	9.137e-02	-2.628	3045	4.946	1.697
102.661	1.201e-01	-2.700	3002	4.993	1.607
102.661	1.573e-01	-2.755	2971	5.030	1.540
102.661	2.045e-01	-2.791	2952	5.055	1.497
102.661	2.673e-01	-2.810	2944	5.070	1.471
102.661	3.514e-01	-2.819	2941	5.077	1.460
102.661	4.618e-01	-2.822	2940	5.079	1.456
102.661	6.096e-01	-2.823	2939	5.080	1.455
102.661	8.114e-01	-2.823	2939	5.080	1.455
102.661	1.080e+00	-2.823	2939	5.080	1.455
102.661	1.437e+00	-2.823	2939	5.080	1.455
102.661	1.913e+00	-2.823	2939	5.080	1.455
102.661	2.547e+00	-2.823	2939	5.080	1.454
102.661	3.390e+00	-2.824	2939	5.080	1.454
102.661	4.511e+00	-2.824	2939	5.081	1.454
102.661	6.005e+00	-2.825	2939	5.081	1.453
102.661	7.992e+00	-2.825	2938	5.082	1.452
104.757	1.009e-04	-0.607	3287	3.067	14.907
104.757	1.332e-04	-0.621	3294	3.085	14.613
104.757	1.744e-04	-0.642	3306	3.112	14.160
104.757	2.302e-04	-0.689	3330	3.172	13.223
104.757	3.032e-04	-0.781	3370	3.284	11.623
104.757	3.985e-04	-0.873	3402	3.393	10.251
104.757	5.231e-04	-0.960	3432	3.495	9.113
104.757	6.875e-04	-1.052	3444	3.592	8.146
104.757	9.039e-04	-1.140	3453	3.686	7.318
104.757	1.188e-03	-1.228	3456	3.775	6.603
104.757	1.549e-03	-1.312	3456	3.859	5.996
104.757	2.045e-03	-1.397	3455	3.944	5.435
104.757	2.678e-03	-1.479	3453	4.025	4.952
104.757	3.534e-03	-1.565	3444	4.106	4.507
104.757	4.627e-03	-1.648	3433	4.184	4.122
104.757	6.024e-03	-1.731	3418	4.259	3.782
104.757	7.952e-03	-1.811	3413	4.336	3.459
104.757	1.041e-02	-1.890	3406	4.412	3.172
104.757	1.366e-02	-1.977	3383	4.486	2.910
104.757	1.796e-02	-2.060	3364	4.560	2.673
104.757	2.361e-02	-2.148	3336	4.634	2.457
104.757	3.092e-02	-2.238	3297	4.704	2.267
104.757	4.048e-02	-2.334	3243	4.771	2.098
104.757	5.343e-02	-2.434	3181	4.836	1.945
104.757	6.994e-02	-2.527	3119	4.895	1.818
104.757	9.232e-02	-2.613	3062	4.950	1.707
104.757	1.209e-01	-2.683	3019	4.995	1.620
104.757	1.586e-01	-2.737	2988	5.031	1.554
104.757	2.062e-01	-2.772	2968	5.055	1.513
104.757	2.700e-01	-2.791	2959	5.068	1.490
104.757	3.535e-01	-2.798	2955	5.074	1.480
104.757	4.640e-01	-2.801	2954	5.075	1.477
104.757	6.149e-01	-2.801	2954	5.076	1.477
104.757	8.184e-01	-2.801	2954	5.076	1.477
104.757	1.089e+00	-2.801	2954	5.076	1.477
104.757	1.450e+00	-2.802	2954	5.076	1.476
104.757	1.930e+00	-2.802	2954	5.076	1.476
104.757	2.569e+00	-2.802	2954	5.076	1.476
104.757	3.419e+00	-2.802	2954	5.076	1.475
104.757	4.550e+00	-2.803	2954	5.077	1.475
104.757	6.056e+00	-2.803	2953	5.077	1.474
104.757	8.061e+00	-2.804	2953	5.078	1.473
