Mass/Mjup	Age/Gyr	log(L/Lsun)	Teff	log(g)	Radius/Rjup
0.047	1.011e-04	-5.874	412	1.378	2.212
0.047	1.279e-04	-6.102	376	1.448	2.042
0.047	1.691e-04	-6.281	351	1.508	1.905
0.047	2.228e-04	-6.338	352	1.570	1.773
0.047	2.928e-04	-6.400	354	1.643	1.632
0.047	3.865e-04	-6.516	346	1.720	1.493
0.047	5.112e-04	-6.658	333	1.793	1.373
0.047	6.692e-04	-6.770	324	1.859	1.272
0.047	8.850e-04	-6.888	314	1.924	1.181
0.047	1.168e-03	-7.004	305	1.985	1.100
0.047	1.539e-03	-7.115	295	2.043	1.030
0.047	2.022e-03	-7.226	286	2.097	0.967
0.047	2.675e-03	-7.337	277	2.151	0.909
0.047	3.531e-03	-7.450	267	2.203	0.856
0.047	4.669e-03	-7.567	257	2.255	0.806
0.047	6.112e-03	-7.679	248	2.303	0.763
0.047	8.084e-03	-7.795	238	2.351	0.722
0.047	1.069e-02	-7.912	229	2.396	0.686
0.047	1.406e-02	-8.026	219	2.437	0.654
0.047	1.847e-02	-8.141	210	2.477	0.625
0.047	2.443e-02	-8.258	201	2.515	0.598
0.047	3.225e-02	-8.383	191	2.550	0.574
0.047	4.248e-02	-8.504	181	2.583	0.553
0.047	5.618e-02	-8.625	172	2.612	0.534
0.047	7.384e-02	-8.746	163	2.640	0.518
0.047	9.765e-02	-8.872	154	2.666	0.502
0.047	1.284e-01	-8.996	145	2.690	0.488
0.047	1.681e-01	-9.122	137	2.713	0.476
0.047	2.201e-01	-9.249	129	2.735	0.464
0.047	2.911e-01	-9.383	121	2.754	0.454
0.047	3.842e-01	-9.517	113	2.772	0.444
0.047	5.030e-01	-9.644	106	2.788	0.436
0.047	6.652e-01	-9.772	99	2.803	0.429
0.047	8.746e-01	-9.898	93	2.817	0.422
0.047	1.149e+00	-10.023	87	2.830	0.416
0.047	1.517e+00	-10.149	82	2.842	0.410
0.047	2.007e+00	-10.280	76	2.854	0.405
0.047	2.643e+00	-10.402	71	2.865	0.399
0.063	1.033e-04	-5.885	410	1.508	2.201
0.063	1.363e-04	-5.831	440	1.577	2.032
0.063	1.796e-04	-6.094	395	1.652	1.864
0.063	2.361e-04	-6.216	381	1.712	1.739
0.063	3.122e-04	-6.288	379	1.776	1.617
0.063	4.129e-04	-6.378	374	1.843	1.497
0.063	5.460e-04	-6.491	364	1.908	1.388
0.063	7.221e-04	-6.613	352	1.970	1.293
0.063	9.532e-04	-6.723	341	2.027	1.210
0.063	1.248e-03	-6.832	331	2.081	1.138
0.063	1.647e-03	-6.943	320	2.135	1.069
0.063	2.170e-03	-7.053	309	2.186	1.008
0.063	2.869e-03	-7.165	299	2.236	0.951
0.063	3.771e-03	-7.273	288	2.284	0.901
0.063	4.987e-03	-7.384	278	2.331	0.854
0.063	6.596e-03	-7.497	267	2.376	0.810
0.063	8.723e-03	-7.610	257	2.420	0.770
0.063	1.147e-02	-7.724	246	2.462	0.734
0.063	1.507e-02	-7.840	236	2.502	0.701
0.063	1.993e-02	-7.960	225	2.541	0.669
0.063	2.636e-02	-8.080	215	2.579	0.641
0.063	3.487e-02	-8.201	204	2.614	0.616
0.063	4.602e-02	-8.327	194	2.647	0.593
0.063	6.025e-02	-8.450	184	2.676	0.574
0.063	7.953e-02	-8.576	173	2.704	0.555
0.063	1.052e-01	-8.711	163	2.730	0.539
0.063	1.385e-01	-8.845	153	2.755	0.524
0.063	1.832e-01	-8.987	143	2.778	0.510
0.063	2.408e-01	-9.132	133	2.800	0.497
0.063	3.185e-01	-9.278	124	2.819	0.486
0.063	4.204e-01	-9.421	115	2.836	0.477
0.063	5.503e-01	-9.553	108	2.851	0.469
0.063	7.264e-01	-9.685	100	2.865	0.461
0.063	9.509e-01	-9.807	94	2.876	0.455
0.063	1.255e+00	-9.918	89	2.886	0.450
0.063	1.643e+00	-10.009	85	2.894	0.446
0.063	2.173e+00	-10.088	81	2.901	0.443
0.063	2.869e+00	-10.158	78	2.906	0.440
0.063	3.755e+00	-10.223	76	2.911	0.437
0.063	4.957e+00	-10.289	73	2.916	0.435
0.063	6.489e+00	-10.345	71	2.921	0.433
0.126	1.011e-04	-5.512	435	1.536	3.012
0.126	1.338e-04	-5.600	430	1.605	2.782
0.126	1.769e-04	-5.551	461	1.677	2.563
0.126	2.335e-04	-5.761	427	1.755	2.341
0.126	3.088e-04	-5.902	408	1.819	2.175
0.126	4.068e-04	-5.991	402	1.879	2.031
0.126	5.347e-04	-6.071	397	1.938	1.896
0.126	7.058e-04	-6.167	389	1.998	1.769
0.126	9.297e-04	-6.276	377	2.056	1.656
0.126	1.222e-03	-6.386	365	2.110	1.556
0.126	1.606e-03	-6.493	354	2.161	1.467
0.126	2.111e-03	-6.602	342	2.210	1.386
0.126	2.792e-03	-6.711	330	2.259	1.311
0.126	3.686e-03	-6.818	319	2.305	1.243
0.126	4.855e-03	-6.927	307	2.349	1.182
0.126	6.381e-03	-7.034	296	2.392	1.125
0.126	8.439e-03	-7.146	284	2.434	1.072
0.126	1.114e-02	-7.259	273	2.474	1.023
0.126	1.467e-02	-7.371	261	2.513	0.978
0.126	1.929e-02	-7.485	250	2.550	0.937
0.126	2.551e-02	-7.604	239	2.587	0.898
0.126	3.367e-02	-7.725	227	2.622	0.863
0.126	4.407e-02	-7.844	216	2.654	0.832
0.126	5.829e-02	-7.971	204	2.686	0.802
0.126	7.663e-02	-8.101	193	2.715	0.775
0.126	1.007e-01	-8.235	181	2.742	0.751
0.126	1.330e-01	-8.378	170	2.768	0.729
0.126	1.751e-01	-8.524	158	2.791	0.710
0.126	2.302e-01	-8.667	147	2.812	0.693
0.126	3.026e-01	-8.811	137	2.832	0.678
0.126	3.977e-01	-8.954	128	2.849	0.664
0.126	5.188e-01	-9.098	118	2.864	0.653
0.126	6.848e-01	-9.249	110	2.879	0.642
0.126	8.965e-01	-9.394	102	2.892	0.632
0.126	1.177e+00	-9.544	94	2.905	0.623
0.126	1.546e+00	-9.695	87	2.916	0.615
0.126	2.041e+00	-9.846	80	2.926	0.608
0.126	2.668e+00	-9.987	74	2.935	0.602
0.189	1.011e-04	-5.218	539	1.793	2.743
0.189	1.329e-04	-5.327	524	1.854	2.557
0.189	1.754e-04	-5.428	512	1.913	2.391
0.189	2.297e-04	-5.525	499	1.967	2.246
0.189	3.037e-04	-5.631	485	2.022	2.109
0.189	4.017e-04	-5.730	472	2.074	1.986
0.189	5.281e-04	-5.830	459	2.124	1.875
0.189	6.941e-04	-5.940	443	2.172	1.774
0.189	9.180e-04	-6.055	425	2.219	1.681
0.189	1.212e-03	-6.151	413	2.264	1.597
0.189	1.603e-03	-6.256	399	2.308	1.517
0.189	2.119e-03	-6.369	383	2.350	1.445
0.189	2.792e-03	-6.473	369	2.391	1.379
0.189	3.669e-03	-6.580	355	2.431	1.317
0.189	4.852e-03	-6.691	341	2.470	1.260
0.189	6.405e-03	-6.800	327	2.507	1.206
0.189	8.385e-03	-6.904	314	2.543	1.157
0.189	1.109e-02	-7.015	301	2.579	1.110
0.189	1.467e-02	-7.127	288	2.614	1.066
0.189	1.936e-02	-7.240	275	2.648	1.026
0.189	2.534e-02	-7.353	263	2.680	0.989
0.189	3.351e-02	-7.473	250	2.712	0.953
0.189	4.424e-02	-7.594	237	2.743	0.920
0.189	5.791e-02	-7.716	225	2.771	0.890
0.189	7.659e-02	-7.843	212	2.799	0.862
0.189	1.007e-01	-7.971	200	2.825	0.837
0.189	1.323e-01	-8.106	188	2.849	0.814
0.189	1.726e-01	-8.241	176	2.871	0.794
0.189	2.279e-01	-8.390	163	2.892	0.775
0.189	2.983e-01	-8.535	152	2.911	0.758
0.189	3.938e-01	-8.684	141	2.928	0.743
0.189	5.155e-01	-8.828	131	2.944	0.730
0.189	6.804e-01	-8.979	121	2.958	0.718
0.189	8.907e-01	-9.128	112	2.971	0.707
0.189	1.176e+00	-9.281	103	2.983	0.698
0.189	1.536e+00	-9.431	95	2.994	0.689
0.189	2.020e+00	-9.586	88	3.004	0.681
0.189	2.655e+00	-9.738	81	3.013	0.674
0.189	3.491e+00	-9.887	74	3.021	0.668
0.262	1.022e-04	-4.983	642	2.004	2.535
0.262	1.343e-04	-5.070	630	2.059	2.381
0.262	1.772e-04	-5.179	610	2.112	2.239
0.262	2.334e-04	-5.293	588	2.162	2.115
0.262	3.068e-04	-5.402	567	2.208	2.005
0.262	4.034e-04	-5.575	525	2.248	1.914
0.262	5.283e-04	-5.615	525	2.288	1.829
0.262	6.959e-04	-5.703	512	2.331	1.740
0.262	9.146e-04	-5.820	490	2.373	1.659
0.262	1.209e-03	-5.938	469	2.413	1.584
0.262	1.590e-03	-6.051	449	2.450	1.517
0.262	2.103e-03	-6.177	426	2.486	1.455
0.262	2.764e-03	-6.296	406	2.520	1.400
0.262	3.649e-03	-6.389	392	2.554	1.347
0.262	4.825e-03	-6.503	374	2.587	1.296
0.262	6.317e-03	-6.606	359	2.619	1.250
0.262	8.338e-03	-6.718	343	2.651	1.205
0.262	1.092e-02	-6.823	329	2.681	1.163
0.262	1.444e-02	-6.932	314	2.712	1.122
0.262	1.883e-02	-7.038	301	2.741	1.086
0.262	2.485e-02	-7.151	287	2.771	1.049
0.262	3.287e-02	-7.270	272	2.800	1.015
0.262	4.303e-02	-7.387	258	2.827	0.984
0.262	5.647e-02	-7.507	245	2.853	0.954
0.262	7.422e-02	-7.627	232	2.878	0.927
0.262	9.759e-02	-7.751	219	2.903	0.901
0.262	1.283e-01	-7.876	206	2.926	0.878
0.262	1.693e-01	-8.011	194	2.948	0.855
0.262	2.216e-01	-8.148	181	2.968	0.836
0.262	2.926e-01	-8.296	168	2.988	0.817
0.262	3.854e-01	-8.446	156	3.005	0.801
0.262	5.047e-01	-8.591	144	3.021	0.787
0.262	6.606e-01	-8.737	134	3.035	0.774
0.262	8.671e-01	-8.884	124	3.048	0.762
0.262	1.140e+00	-9.038	114	3.060	0.752
0.262	1.498e+00	-9.190	105	3.070	0.743
0.262	1.969e+00	-9.346	97	3.080	0.734
0.262	2.589e+00	-9.505	89	3.089	0.727
0.262	3.403e+00	-9.661	82	3.098	0.720
0.262	4.474e+00	-9.813	75	3.105	0.714
0.524	1.025e-04	-4.400	933	2.371	2.349
0.524	1.348e-04	-4.509	901	2.420	2.223
0.524	1.779e-04	-4.615	871	2.466	2.106
0.524	2.329e-04	-4.714	843	2.510	2.002
0.524	3.056e-04	-4.817	815	2.553	1.905
0.524	4.002e-04	-4.944	776	2.594	1.817
0.524	5.230e-04	-5.078	734	2.631	1.742
0.524	6.822e-04	-5.199	698	2.665	1.676
0.524	9.005e-04	-5.321	663	2.698	1.613
0.524	1.186e-03	-5.444	629	2.730	1.555
0.524	1.559e-03	-5.566	596	2.759	1.503
0.524	2.050e-03	-5.688	565	2.788	1.455
0.524	2.694e-03	-5.817	533	2.815	1.410
0.524	3.556e-03	-5.957	499	2.840	1.370
0.524	4.684e-03	-6.071	473	2.864	1.333
0.524	6.157e-03	-6.179	451	2.887	1.297
0.524	8.142e-03	-6.309	424	2.911	1.263
0.524	1.075e-02	-6.435	399	2.932	1.231
0.524	1.416e-02	-6.573	373	2.953	1.202
0.524	1.861e-02	-6.669	357	2.973	1.175
0.524	2.456e-02	-6.768	342	2.994	1.147
0.524	3.215e-02	-6.868	327	3.015	1.120
0.524	4.244e-02	-6.973	311	3.036	1.093
0.524	5.556e-02	-7.082	296	3.057	1.067
0.524	7.292e-02	-7.198	280	3.078	1.042
0.524	9.584e-02	-7.315	265	3.098	1.017
0.524	1.268e-01	-7.434	250	3.118	0.994
0.524	1.667e-01	-7.553	236	3.138	0.972
0.524	2.190e-01	-7.675	223	3.157	0.951
0.524	2.891e-01	-7.802	209	3.175	0.931
0.524	3.785e-01	-7.932	196	3.192	0.913
0.524	5.005e-01	-8.078	182	3.209	0.896
0.524	6.529e-01	-8.222	169	3.223	0.881
0.524	8.618e-01	-8.377	156	3.237	0.867
0.524	1.128e+00	-8.529	144	3.249	0.855
0.524	1.489e+00	-8.685	132	3.260	0.844
0.524	1.946e+00	-8.839	122	3.270	0.835
0.524	2.559e+00	-8.999	112	3.279	0.826
0.524	3.363e+00	-9.156	102	3.287	0.818
0.524	4.421e+00	-9.317	94	3.295	0.811
0.524	5.811e+00	-9.477	86	3.302	0.805
0.524	7.640e+00	-9.635	79	3.308	0.799
0.786	1.017e-04	-4.045	1133	2.529	2.400
0.786	1.343e-04	-4.150	1098	2.580	2.263
0.786	1.769e-04	-4.256	1063	2.629	2.139
0.786	2.324e-04	-4.372	1021	2.675	2.029
0.786	3.068e-04	-4.490	978	2.719	1.928
0.786	4.016e-04	-4.603	938	2.760	1.840
0.786	5.302e-04	-4.716	899	2.800	1.757
0.786	6.984e-04	-4.861	845	2.837	1.684
0.786	9.179e-04	-5.013	789	2.869	1.622
0.786	1.212e-03	-5.147	743	2.899	1.567
0.786	1.586e-03	-5.264	706	2.927	1.518
0.786	2.094e-03	-5.382	670	2.955	1.470
0.786	2.741e-03	-5.509	632	2.980	1.428
0.786	3.597e-03	-5.635	596	3.005	1.388
0.786	4.728e-03	-5.767	560	3.028	1.351
0.786	6.216e-03	-5.897	526	3.050	1.318
0.786	8.170e-03	-6.027	494	3.071	1.286
0.786	1.078e-02	-6.161	463	3.091	1.257
0.786	1.412e-02	-6.290	434	3.109	1.231
0.786	1.867e-02	-6.436	403	3.127	1.206
0.786	2.464e-02	-6.563	379	3.143	1.183
0.786	3.246e-02	-6.661	361	3.160	1.161
0.786	4.267e-02	-6.762	344	3.176	1.139
0.786	5.610e-02	-6.860	329	3.194	1.116
0.786	7.373e-02	-6.962	313	3.211	1.094
0.786	9.732e-02	-7.072	297	3.229	1.072
0.786	1.282e-01	-7.191	280	3.247	1.050
0.786	1.685e-01	-7.304	265	3.264	1.030
0.786	2.215e-01	-7.420	250	3.281	1.010
0.786	2.911e-01	-7.538	236	3.298	0.990
0.786	3.798e-01	-7.656	223	3.314	0.972
0.786	5.022e-01	-7.786	208	3.330	0.955
0.786	6.603e-01	-7.923	194	3.345	0.938
0.786	8.679e-01	-8.067	180	3.359	0.923
0.786	1.148e+00	-8.223	166	3.372	0.910
0.786	1.509e+00	-8.379	153	3.383	0.897
0.786	1.983e+00	-8.535	141	3.394	0.887
0.786	2.608e+00	-8.692	129	3.403	0.877
0.786	3.427e+00	-8.852	118	3.412	0.869
0.786	4.506e+00	-9.014	108	3.419	0.861
0.786	5.901e+00	-9.172	99	3.426	0.854
0.786	7.711e+00	-9.331	91	3.432	0.848
0.786	1.000e+01	-9.484	83	3.438	0.843
1.048	1.045e-04	-3.825	1261	2.621	2.494
1.048	1.374e-04	-3.923	1227	2.672	2.351
1.048	1.807e-04	-4.029	1189	2.721	2.220
1.048	2.374e-04	-4.123	1158	2.770	2.100
1.048	3.097e-04	-4.225	1121	2.816	1.991
1.048	4.096e-04	-4.359	1066	2.862	1.889
1.048	5.342e-04	-4.485	1014	2.902	1.804
1.048	7.052e-04	-4.606	967	2.941	1.725
1.048	9.289e-04	-4.734	918	2.978	1.653
1.048	1.229e-03	-4.914	843	3.011	1.591
1.048	1.625e-03	-5.044	796	3.040	1.539
1.048	2.135e-03	-5.166	754	3.067	1.492
1.048	2.824e-03	-5.293	711	3.093	1.447
1.048	3.713e-03	-5.419	671	3.118	1.407
1.048	4.880e-03	-5.549	631	3.141	1.369
1.048	6.416e-03	-5.685	591	3.163	1.335
1.048	8.432e-03	-5.818	554	3.184	1.304
1.048	1.109e-02	-5.950	519	3.203	1.275
1.048	1.457e-02	-6.084	486	3.222	1.248
1.048	1.916e-02	-6.216	455	3.239	1.224
1.048	2.509e-02	-6.387	416	3.255	1.202
1.048	3.279e-02	-6.501	392	3.269	1.183
1.048	4.328e-02	-6.601	374	3.283	1.163
1.048	5.665e-02	-6.713	353	3.298	1.143
1.048	7.436e-02	-6.812	337	3.313	1.124
1.048	9.773e-02	-6.910	321	3.328	1.104
1.048	1.285e-01	-7.014	305	3.344	1.085
1.048	1.689e-01	-7.125	289	3.359	1.065
1.048	2.220e-01	-7.236	273	3.375	1.046
1.048	2.918e-01	-7.351	258	3.391	1.028
1.048	3.852e-01	-7.470	243	3.406	1.009
1.048	5.034e-01	-7.588	229	3.421	0.992
1.048	6.618e-01	-7.715	215	3.436	0.976
1.048	8.698e-01	-7.848	200	3.449	0.960
1.048	1.144e+00	-7.994	186	3.463	0.946
1.048	1.503e+00	-8.144	172	3.475	0.933
1.048	1.961e+00	-8.296	158	3.485	0.922
1.048	2.573e+00	-8.451	145	3.495	0.911
1.048	3.382e+00	-8.609	133	3.504	0.902
1.048	4.446e+00	-8.768	122	3.512	0.894
1.048	5.844e+00	-8.933	112	3.519	0.886
1.048	7.714e+00	-9.096	102	3.526	0.880
1.048	1.000e+01	-9.251	94	3.531	0.874
1.571	1.038e-04	-3.460	1485	2.715	2.740
1.571	1.359e-04	-3.564	1445	2.772	2.565
1.571	1.779e-04	-3.673	1401	2.827	2.407
1.571	2.352e-04	-3.786	1354	2.881	2.262
1.571	3.093e-04	-3.883	1319	2.933	2.132
1.571	4.065e-04	-3.988	1278	2.983	2.013
1.571	5.366e-04	-4.115	1221	3.031	1.904
1.571	7.024e-04	-4.249	1159	3.074	1.812
1.571	9.272e-04	-4.382	1099	3.115	1.729
1.571	1.214e-03	-4.500	1049	3.151	1.658
1.571	1.602e-03	-4.649	982	3.187	1.591
1.571	2.110e-03	-4.805	914	3.218	1.535
1.571	2.774e-03	-4.958	851	3.245	1.488
1.571	3.661e-03	-5.094	798	3.270	1.445
1.571	4.793e-03	-5.220	752	3.294	1.407
1.571	6.327e-03	-5.344	709	3.316	1.371
1.571	8.334e-03	-5.480	664	3.338	1.337
1.571	1.095e-02	-5.617	621	3.358	1.307
1.571	1.440e-02	-5.753	580	3.377	1.279
1.571	1.893e-02	-5.890	542	3.394	1.254
1.571	2.489e-02	-6.026	506	3.411	1.230
1.571	3.259e-02	-6.169	470	3.426	1.209
1.571	4.266e-02	-6.316	435	3.440	1.189
1.571	5.631e-02	-6.439	409	3.453	1.171
1.571	7.418e-02	-6.595	376	3.466	1.154
1.571	9.749e-02	-6.702	356	3.478	1.138
1.571	1.287e-01	-6.797	340	3.491	1.122
1.571	1.685e-01	-6.889	325	3.503	1.106
1.571	2.228e-01	-6.988	309	3.517	1.088
1.571	2.941e-01	-7.095	293	3.531	1.071
1.571	3.850e-01	-7.205	277	3.544	1.055
1.571	5.082e-01	-7.323	261	3.558	1.038
1.571	6.653e-01	-7.439	246	3.571	1.022
1.571	8.782e-01	-7.562	231	3.585	1.007
1.571	1.150e+00	-7.686	217	3.597	0.992
1.571	1.509e+00	-7.817	202	3.609	0.978
1.571	1.983e+00	-7.961	187	3.621	0.965
1.571	2.607e+00	-8.112	173	3.632	0.954
1.571	3.427e+00	-8.268	159	3.641	0.943
1.571	4.505e+00	-8.425	146	3.650	0.933
1.571	5.921e+00	-8.584	134	3.658	0.925
1.571	7.785e+00	-8.744	122	3.665	0.917
1.571	1.000e+01	-8.897	113	3.671	0.911
2.095	1.027e-04	-3.222	1633	2.768	2.978
2.095	1.356e-04	-3.315	1606	2.832	2.765
2.095	1.786e-04	-3.425	1562	2.894	2.576
2.095	2.348e-04	-3.537	1514	2.952	2.409
2.095	3.062e-04	-3.647	1466	3.005	2.265
2.095	4.042e-04	-3.759	1417	3.058	2.131
2.095	5.325e-04	-3.869	1369	3.109	2.011
2.095	6.999e-04	-3.984	1317	3.156	1.903
2.095	9.238e-04	-4.113	1256	3.202	1.805
2.095	1.209e-03	-4.247	1190	3.243	1.723
2.095	1.596e-03	-4.375	1130	3.281	1.648
2.095	2.090e-03	-4.516	1063	3.316	1.583
2.095	2.743e-03	-4.665	993	3.348	1.527
2.095	3.592e-03	-4.824	921	3.375	1.479
2.095	4.731e-03	-4.970	859	3.400	1.437
2.095	6.218e-03	-5.105	806	3.424	1.399
2.095	8.208e-03	-5.235	757	3.446	1.364
2.095	1.081e-02	-5.362	712	3.467	1.332
2.095	1.421e-02	-5.497	667	3.486	1.302
2.095	1.876e-02	-5.640	621	3.505	1.274
2.095	2.451e-02	-5.777	579	3.522	1.250
2.095	3.223e-02	-5.916	540	3.538	1.227
2.095	4.221e-02	-6.058	501	3.552	1.206
2.095	5.525e-02	-6.203	465	3.566	1.188
2.095	7.307e-02	-6.347	431	3.579	1.170
2.095	9.607e-02	-6.493	399	3.591	1.154
2.095	1.271e-01	-6.602	377	3.602	1.139
2.095	1.670e-01	-6.709	357	3.614	1.124
2.095	2.208e-01	-6.831	335	3.626	1.109
2.095	2.915e-01	-6.931	318	3.638	1.094
2.095	3.840e-01	-7.031	303	3.650	1.079
2.095	5.047e-01	-7.139	287	3.662	1.064
2.095	6.662e-01	-7.256	270	3.674	1.049
2.095	8.721e-01	-7.366	255	3.686	1.034
2.095	1.151e+00	-7.484	240	3.698	1.020
2.095	1.507e+00	-7.602	226	3.710	1.006
2.095	1.989e+00	-7.728	211	3.722	0.993
2.095	2.604e+00	-7.859	197	3.733	0.980
2.095	3.418e+00	-8.007	182	3.743	0.969
2.095	4.492e+00	-8.161	168	3.753	0.958
2.095	5.906e+00	-8.318	154	3.761	0.948
2.095	7.762e+00	-8.478	141	3.769	0.940
2.095	1.000e+01	-8.625	130	3.776	0.933
2.619	1.033e-04	-3.052	1739	2.804	3.192
2.619	1.358e-04	-3.145	1711	2.869	2.961
2.619	1.796e-04	-3.234	1689	2.935	2.745
2.619	2.371e-04	-3.341	1649	3.000	2.548
2.619	3.123e-04	-3.466	1588	3.059	2.379
2.619	4.105e-04	-3.586	1529	3.114	2.234
2.619	5.418e-04	-3.699	1476	3.166	2.104
2.619	7.093e-04	-3.805	1429	3.215	1.989
2.619	9.363e-04	-3.921	1374	3.263	1.882
2.619	1.226e-03	-4.039	1317	3.307	1.788
2.619	1.618e-03	-4.180	1244	3.350	1.703
2.619	2.118e-03	-4.306	1182	3.387	1.631
2.619	2.796e-03	-4.450	1111	3.424	1.564
2.619	3.660e-03	-4.601	1037	3.455	1.509
2.619	4.840e-03	-4.765	960	3.484	1.459
2.619	6.389e-03	-4.914	894	3.509	1.417
2.619	8.416e-03	-5.054	835	3.533	1.380
2.619	1.106e-02	-5.183	785	3.554	1.346
2.619	1.454e-02	-5.312	738	3.574	1.315
2.619	1.923e-02	-5.454	688	3.594	1.286
2.619	2.528e-02	-5.587	643	3.611	1.260
2.619	3.337e-02	-5.732	597	3.628	1.236
2.619	4.368e-02	-5.873	556	3.643	1.215
2.619	5.733e-02	-6.021	514	3.657	1.195
2.619	7.582e-02	-6.178	474	3.671	1.177
2.619	9.964e-02	-6.309	442	3.682	1.161
2.619	1.318e-01	-6.442	412	3.694	1.146
2.619	1.743e-01	-6.566	386	3.705	1.131
2.619	2.291e-01	-6.698	361	3.716	1.117
2.619	3.012e-01	-6.817	339	3.727	1.104
2.619	3.983e-01	-6.919	321	3.737	1.090
2.619	5.236e-01	-7.015	306	3.748	1.076
2.619	6.882e-01	-7.121	290	3.759	1.063
2.619	9.085e-01	-7.235	273	3.771	1.049
2.619	1.187e+00	-7.342	258	3.782	1.035
2.619	1.561e+00	-7.455	244	3.793	1.022
2.619	2.051e+00	-7.571	229	3.805	1.009
2.619	2.697e+00	-7.691	215	3.816	0.996
2.619	3.532e+00	-7.823	201	3.826	0.984
2.619	4.653e+00	-7.972	186	3.836	0.973
2.619	6.115e+00	-8.125	171	3.846	0.962
2.619	8.040e+00	-8.283	157	3.854	0.953
3.143	1.033e-04	-2.921	1814	2.826	3.411
3.143	1.352e-04	-3.017	1783	2.891	3.163
3.143	1.775e-04	-3.109	1756	2.956	2.935
3.143	2.333e-04	-3.195	1734	3.021	2.723
3.143	3.067e-04	-3.303	1690	3.084	2.533
3.143	4.031e-04	-3.424	1630	3.143	2.368
3.143	5.321e-04	-3.549	1566	3.198	2.223
3.143	6.966e-04	-3.657	1514	3.248	2.098
3.143	9.070e-04	-3.761	1466	3.295	1.987
3.143	1.197e-03	-3.878	1409	3.343	1.880
3.143	1.567e-03	-3.995	1351	3.387	1.787
3.143	2.069e-03	-4.135	1277	3.430	1.702
3.143	2.708e-03	-4.261	1214	3.467	1.629
3.143	3.555e-03	-4.405	1141	3.503	1.564
3.143	4.672e-03	-4.558	1063	3.535	1.508
3.143	6.142e-03	-4.718	986	3.563	1.459
3.143	8.073e-03	-4.865	919	3.588	1.417
3.143	1.066e-02	-5.007	859	3.612	1.379
3.143	1.395e-02	-5.137	806	3.633	1.346
3.143	1.845e-02	-5.276	754	3.654	1.314
3.143	2.426e-02	-5.413	704	3.673	1.286
3.143	3.188e-02	-5.547	658	3.690	1.261
3.143	4.208e-02	-5.693	611	3.707	1.237
3.143	5.509e-02	-5.835	568	3.722	1.216
3.143	7.272e-02	-5.980	527	3.735	1.197
3.143	9.579e-02	-6.157	479	3.748	1.179
3.143	1.259e-01	-6.267	452	3.760	1.164
3.143	1.662e-01	-6.401	422	3.771	1.149
3.143	2.175e-01	-6.529	394	3.782	1.135
3.143	2.872e-01	-6.671	365	3.792	1.121
3.143	3.783e-01	-6.783	345	3.802	1.108
3.143	5.002e-01	-6.896	325	3.812	1.096
3.143	6.575e-01	-6.993	309	3.822	1.083
3.143	8.679e-01	-7.098	293	3.833	1.069
3.143	1.136e+00	-7.204	277	3.844	1.057
3.143	1.500e+00	-7.314	262	3.855	1.043
3.143	1.963e+00	-7.423	247	3.865	1.030
3.143	2.577e+00	-7.536	233	3.876	1.018
3.143	3.386e+00	-7.653	219	3.887	1.005
3.143	4.470e+00	-7.790	204	3.898	0.993
3.143	5.852e+00	-7.934	189	3.908	0.982
3.143	7.724e+00	-8.089	174	3.917	0.971
3.143	1.000e+01	-8.238	160	3.925	0.962
3.666	1.000e-04	-2.794	1887	2.834	3.648
3.666	1.315e-04	-2.884	1864	2.903	3.372
3.666	1.736e-04	-2.985	1829	2.970	3.119
3.666	2.272e-04	-3.078	1798	3.034	2.898
3.666	2.959e-04	-3.169	1768	3.096	2.699
3.666	3.905e-04	-3.270	1730	3.159	2.509
3.666	5.165e-04	-3.387	1675	3.220	2.340
3.666	6.803e-04	-3.516	1605	3.275	2.196
3.666	8.942e-04	-3.627	1551	3.326	2.070
3.666	1.176e-03	-3.736	1499	3.376	1.956
3.666	1.545e-03	-3.851	1441	3.423	1.853
3.666	2.040e-03	-3.973	1379	3.469	1.758
3.666	2.687e-03	-4.112	1305	3.510	1.675
3.666	3.531e-03	-4.241	1238	3.549	1.603
3.666	4.606e-03	-4.387	1161	3.583	1.540
3.666	6.079e-03	-4.540	1083	3.615	1.485
3.666	7.959e-03	-4.695	1006	3.643	1.438
3.666	1.045e-02	-4.841	938	3.667	1.398
3.666	1.373e-02	-4.982	877	3.690	1.361
3.666	1.805e-02	-5.118	821	3.712	1.328
3.666	2.372e-02	-5.261	764	3.732	1.298
3.666	3.131e-02	-5.392	717	3.750	1.271
3.666	4.099e-02	-5.529	669	3.767	1.246
3.666	5.411e-02	-5.676	620	3.784	1.223
3.666	7.084e-02	-5.836	571	3.798	1.202
3.666	9.368e-02	-5.970	533	3.812	1.184
3.666	1.239e-01	-6.133	488	3.824	1.167
3.666	1.635e-01	-6.259	457	3.836	1.152
3.666	2.154e-01	-6.393	426	3.847	1.137
3.666	2.821e-01	-6.524	397	3.857	1.124
3.666	3.693e-01	-6.657	370	3.867	1.111
3.666	4.875e-01	-6.786	345	3.876	1.099
3.666	6.447e-01	-6.897	326	3.886	1.087
3.666	8.526e-01	-6.995	310	3.896	1.075
3.666	1.123e+00	-7.098	294	3.906	1.062
3.666	1.476e+00	-7.201	278	3.916	1.050
3.666	1.941e+00	-7.309	263	3.927	1.037
3.666	2.551e+00	-7.420	248	3.937	1.025
3.666	3.354e+00	-7.530	235	3.948	1.012
3.666	4.408e+00	-7.647	221	3.958	1.000
3.666	5.829e+00	-7.788	205	3.969	0.988
3.666	7.664e+00	-7.935	189	3.979	0.977
3.666	1.000e+01	-8.083	175	3.987	0.967
4.190	1.007e-04	-2.695	1947	2.847	3.843
4.190	1.313e-04	-2.784	1923	2.914	3.556
4.190	1.707e-04	-2.870	1900	2.980	3.297
4.190	2.241e-04	-2.969	1865	3.047	3.053
4.190	2.945e-04	-3.065	1833	3.112	2.832
4.190	3.888e-04	-3.171	1790	3.177	2.629
4.190	5.089e-04	-3.268	1752	3.237	2.452
4.190	6.680e-04	-3.379	1700	3.296	2.292
4.190	8.779e-04	-3.505	1632	3.350	2.152
4.190	1.154e-03	-3.617	1576	3.402	2.029
4.190	1.517e-03	-3.727	1522	3.451	1.917
4.190	1.979e-03	-3.840	1464	3.497	1.818
4.190	2.612e-03	-3.967	1397	3.542	1.726
4.190	3.441e-03	-4.102	1324	3.584	1.645
4.190	4.522e-03	-4.231	1256	3.622	1.575
4.190	5.946e-03	-4.388	1171	3.657	1.513
4.190	7.814e-03	-4.536	1094	3.687	1.461
4.190	1.031e-02	-4.693	1016	3.715	1.415
4.190	1.359e-02	-4.842	946	3.740	1.375
4.190	1.786e-02	-4.980	885	3.762	1.340
4.190	2.348e-02	-5.125	824	3.783	1.308
4.190	3.086e-02	-5.268	767	3.802	1.279
4.190	4.057e-02	-5.394	721	3.820	1.253
4.190	5.332e-02	-5.536	671	3.837	1.229
4.190	7.011e-02	-5.683	622	3.853	1.207
4.190	9.214e-02	-5.831	576	3.867	1.187
4.190	1.219e-01	-5.997	528	3.881	1.169
4.190	1.612e-01	-6.130	492	3.892	1.153
4.190	2.127e-01	-6.269	457	3.904	1.138
4.190	2.785e-01	-6.402	426	3.914	1.125
4.190	3.676e-01	-6.539	396	3.924	1.112
4.190	4.804e-01	-6.665	370	3.934	1.100
4.190	6.341e-01	-6.818	341	3.943	1.088
4.190	8.386e-01	-6.912	325	3.952	1.077
4.190	1.105e+00	-7.007	309	3.961	1.065
4.190	1.452e+00	-7.107	293	3.971	1.053
4.190	1.916e+00	-7.211	278	3.981	1.041
4.190	2.509e+00	-7.316	263	3.991	1.029
4.190	3.312e+00	-7.429	248	4.002	1.017
4.190	4.328e+00	-7.534	235	4.012	1.005
4.190	5.690e+00	-7.657	220	4.022	0.993
4.190	7.478e+00	-7.795	204	4.032	0.982
4.190	9.815e+00	-7.942	189	4.042	0.971
4.714	1.003e-04	-2.607	1996	2.854	4.044
4.714	1.318e-04	-2.696	1975	2.924	3.731
4.714	1.726e-04	-2.786	1950	2.993	3.447
4.714	2.260e-04	-2.876	1926	3.060	3.188
4.714	2.966e-04	-2.975	1891	3.127	2.951
4.714	3.898e-04	-3.074	1855	3.193	2.736
4.714	5.125e-04	-3.184	1805	3.256	2.545
4.714	6.736e-04	-3.282	1767	3.317	2.373
4.714	8.909e-04	-3.403	1705	3.376	2.217
4.714	1.171e-03	-3.522	1643	3.430	2.084
4.714	1.539e-03	-3.633	1586	3.481	1.965
4.714	2.024e-03	-3.748	1527	3.529	1.858
4.714	2.660e-03	-3.864	1467	3.576	1.762
4.714	3.491e-03	-3.996	1394	3.619	1.676
4.714	4.589e-03	-4.126	1324	3.659	1.601
4.714	5.985e-03	-4.252	1257	3.695	1.536
4.714	7.915e-03	-4.420	1163	3.728	1.478
4.714	1.045e-02	-4.569	1086	3.758	1.428
4.714	1.365e-02	-4.722	1010	3.784	1.386
4.714	1.795e-02	-4.868	941	3.808	1.348
4.714	2.359e-02	-5.008	879	3.830	1.315
4.714	3.102e-02	-5.154	817	3.850	1.285
4.714	4.077e-02	-5.290	764	3.869	1.257
4.714	5.382e-02	-5.424	715	3.886	1.232
4.714	7.089e-02	-5.570	663	3.903	1.209
4.714	9.317e-02	-5.724	612	3.918	1.188
4.714	1.230e-01	-5.871	567	3.932	1.169
4.714	1.627e-01	-6.027	522	3.944	1.153
4.714	2.143e-01	-6.166	485	3.956	1.137
4.714	2.816e-01	-6.303	451	3.966	1.124
4.714	3.702e-01	-6.439	420	3.976	1.110
4.714	4.848e-01	-6.570	391	3.986	1.098
4.714	6.336e-01	-6.726	360	3.995	1.087
4.714	8.363e-01	-6.842	338	4.003	1.077
4.714	1.106e+00	-6.936	322	4.012	1.065
4.714	1.457e+00	-7.033	306	4.022	1.054
4.714	1.915e+00	-7.131	291	4.031	1.043
4.714	2.518e+00	-7.236	275	4.041	1.031
4.714	3.309e+00	-7.343	260	4.051	1.019
4.714	4.368e+00	-7.454	246	4.061	1.007
4.714	5.718e+00	-7.565	232	4.071	0.996
4.714	7.562e+00	-7.696	216	4.082	0.984
4.714	9.982e+00	-7.837	200	4.091	0.973
5.238	1.038e-04	-2.542	2038	2.870	4.183
5.238	1.365e-04	-2.632	2015	2.941	3.858
5.238	1.794e-04	-2.721	1994	3.011	3.558
5.238	2.359e-04	-2.814	1967	3.081	3.283
5.238	3.089e-04	-2.906	1940	3.149	3.036
5.238	4.043e-04	-3.000	1908	3.215	2.814
5.238	5.337e-04	-3.114	1857	3.281	2.608
5.238	7.031e-04	-3.215	1816	3.343	2.428
5.238	9.207e-04	-3.322	1766	3.401	2.269
5.238	1.205e-03	-3.441	1702	3.456	2.130
5.238	1.591e-03	-3.558	1641	3.510	2.003
5.238	2.083e-03	-3.667	1585	3.559	1.893
5.238	2.734e-03	-3.784	1523	3.606	1.793
5.238	3.593e-03	-3.907	1456	3.651	1.702
5.238	4.724e-03	-4.037	1384	3.693	1.623
5.238	6.186e-03	-4.166	1313	3.731	1.554
5.238	8.098e-03	-4.315	1230	3.765	1.493
5.238	1.071e-02	-4.472	1144	3.797	1.439
5.238	1.397e-02	-4.617	1069	3.824	1.394
5.238	1.844e-02	-4.770	994	3.850	1.354
5.238	2.414e-02	-4.913	927	3.873	1.319
5.238	3.168e-02	-5.057	863	3.894	1.288
5.238	4.164e-02	-5.202	803	3.913	1.259
5.238	5.474e-02	-5.333	753	3.931	1.234
5.238	7.169e-02	-5.469	703	3.948	1.210
5.238	9.385e-02	-5.616	652	3.963	1.189
5.238	1.239e-01	-5.763	604	3.978	1.169
5.238	1.619e-01	-5.923	555	3.990	1.152
5.238	2.137e-01	-6.065	514	4.002	1.136
5.238	2.797e-01	-6.204	478	4.013	1.122
5.238	3.672e-01	-6.339	445	4.023	1.109
5.238	4.825e-01	-6.472	414	4.033	1.097
5.238	6.344e-01	-6.610	385	4.043	1.085
5.238	8.338e-01	-6.765	354	4.051	1.074
5.238	1.103e+00	-6.866	335	4.060	1.064
5.238	1.456e+00	-6.967	318	4.069	1.053
5.238	1.902e+00	-7.067	302	4.077	1.042
5.238	2.511e+00	-7.168	286	4.087	1.031
5.238	3.287e+00	-7.269	272	4.096	1.020
5.238	4.339e+00	-7.380	256	4.106	1.008
5.238	5.680e+00	-7.488	242	4.116	0.997
5.238	7.498e+00	-7.606	228	4.126	0.985
5.238	9.876e+00	-7.737	212	4.136	0.974
6.285	1.040e-04	-2.410	2107	2.876	4.553
6.285	1.367e-04	-2.497	2090	2.949	4.186
6.285	1.797e-04	-2.588	2068	3.022	3.850
6.285	2.362e-04	-2.678	2046	3.093	3.546
6.285	3.080e-04	-2.768	2022	3.162	3.275
6.285	4.043e-04	-2.858	1998	3.232	3.023
6.285	5.294e-04	-2.959	1960	3.299	2.798
6.285	6.931e-04	-3.063	1916	3.364	2.597
6.285	9.149e-04	-3.168	1871	3.427	2.413
6.285	1.196e-03	-3.274	1821	3.486	2.255
6.285	1.572e-03	-3.391	1759	3.543	2.112
6.285	2.066e-03	-3.507	1697	3.597	1.986
6.285	2.695e-03	-3.615	1641	3.646	1.876
6.285	3.537e-03	-3.733	1576	3.694	1.776
6.285	4.648e-03	-3.856	1507	3.739	1.685
6.285	6.063e-03	-3.980	1437	3.780	1.608
6.285	8.003e-03	-4.113	1362	3.820	1.535
6.285	1.048e-02	-4.257	1279	3.856	1.474
6.285	1.386e-02	-4.417	1189	3.888	1.420
6.285	1.807e-02	-4.557	1114	3.916	1.375
6.285	2.386e-02	-4.711	1036	3.943	1.333
6.285	3.123e-02	-4.860	963	3.965	1.299
6.285	4.122e-02	-5.009	895	3.987	1.267
6.285	5.387e-02	-5.152	833	4.006	1.239
6.285	7.111e-02	-5.288	779	4.024	1.213
6.285	9.309e-02	-5.427	726	4.041	1.190
6.285	1.222e-01	-5.572	674	4.057	1.169
6.285	1.606e-01	-5.718	624	4.071	1.150
6.285	2.120e-01	-5.878	574	4.084	1.133
6.285	2.775e-01	-6.024	531	4.096	1.118
6.285	3.663e-01	-6.182	488	4.107	1.104
6.285	4.844e-01	-6.304	458	4.117	1.091
6.285	6.381e-01	-6.441	425	4.127	1.078
6.285	8.386e-01	-6.603	390	4.136	1.067
6.285	1.109e+00	-6.735	363	4.144	1.057
6.285	1.464e+00	-6.847	342	4.153	1.047
6.285	1.916e+00	-6.962	321	4.161	1.037
6.285	2.495e+00	-7.056	306	4.169	1.027
6.285	3.244e+00	-7.149	291	4.178	1.017
6.285	4.282e+00	-7.251	276	4.187	1.007
6.285	5.641e+00	-7.359	261	4.196	0.996
6.285	7.414e+00	-7.470	246	4.205	0.985
6.285	9.670e+00	-7.579	232	4.215	0.975
7.333	1.001e-04	-2.293	2165	2.872	4.939
7.333	1.316e-04	-2.379	2149	2.946	4.537
7.333	1.729e-04	-2.466	2132	3.019	4.170
7.333	2.273e-04	-2.556	2113	3.093	3.831
7.333	2.988e-04	-2.647	2090	3.165	3.526
7.333	3.929e-04	-2.739	2065	3.236	3.248
7.333	5.163e-04	-2.830	2040	3.306	2.997
7.333	6.735e-04	-2.929	2002	3.373	2.776
7.333	8.839e-04	-3.032	1958	3.438	2.575
7.333	1.158e-03	-3.132	1918	3.500	2.396
7.333	1.515e-03	-3.235	1870	3.561	2.235
7.333	2.000e-03	-3.355	1806	3.619	2.089
7.333	2.618e-03	-3.470	1743	3.673	1.964
7.333	3.456e-03	-3.584	1682	3.725	1.850
7.333	4.525e-03	-3.701	1616	3.773	1.751
7.333	5.939e-03	-3.825	1545	3.818	1.662
7.333	7.805e-03	-3.952	1471	3.861	1.582
7.333	1.026e-02	-4.082	1397	3.900	1.512
7.333	1.349e-02	-4.227	1312	3.937	1.450
7.333	1.773e-02	-4.383	1222	3.969	1.397
7.333	2.322e-02	-4.521	1147	3.998	1.351
7.333	3.059e-02	-4.679	1064	4.025	1.310
7.333	4.020e-02	-4.832	988	4.048	1.276
7.333	5.317e-02	-4.984	916	4.070	1.244
7.333	6.990e-02	-5.129	852	4.089	1.216
7.333	9.187e-02	-5.270	794	4.107	1.192
7.333	1.208e-01	-5.409	740	4.124	1.169
7.333	1.588e-01	-5.551	688	4.139	1.148
7.333	2.087e-01	-5.706	635	4.153	1.130
7.333	2.743e-01	-5.853	587	4.166	1.113
7.333	3.621e-01	-6.013	539	4.178	1.098
7.333	4.770e-01	-6.164	497	4.189	1.085
7.333	6.269e-01	-6.285	467	4.199	1.072
7.333	8.291e-01	-6.431	431	4.209	1.060
7.333	1.094e+00	-6.602	393	4.217	1.050
7.333	1.433e+00	-6.723	368	4.225	1.040
7.333	1.891e+00	-6.847	345	4.233	1.030
7.333	2.476e+00	-6.969	323	4.241	1.021
7.333	3.274e+00	-7.059	308	4.249	1.012
7.333	4.322e+00	-7.155	293	4.258	1.002
7.333	5.658e+00	-7.255	278	4.267	0.992
7.333	7.468e+00	-7.362	262	4.276	0.981
7.333	9.759e+00	-7.470	248	4.285	0.971
8.381	1.024e-04	-2.217	2205	2.886	5.195
8.381	1.346e-04	-2.298	2195	2.959	4.775
8.381	1.770e-04	-2.384	2180	3.033	4.386
8.381	2.326e-04	-2.470	2164	3.107	4.030
8.381	3.058e-04	-2.560	2143	3.180	3.703
8.381	4.020e-04	-2.651	2119	3.252	3.411
8.381	5.243e-04	-2.741	2094	3.321	3.151
8.381	6.881e-04	-2.832	2068	3.390	2.909
8.381	9.044e-04	-2.936	2025	3.457	2.691
8.381	1.189e-03	-3.038	1982	3.522	2.497
8.381	1.563e-03	-3.135	1944	3.586	2.322
8.381	2.038e-03	-3.241	1893	3.645	2.168
8.381	2.691e-03	-3.362	1826	3.704	2.027
8.381	3.522e-03	-3.477	1762	3.757	1.907
8.381	4.623e-03	-3.589	1701	3.807	1.799
8.381	6.054e-03	-3.709	1632	3.855	1.703
8.381	7.926e-03	-3.833	1558	3.899	1.618
8.381	1.046e-02	-3.959	1485	3.942	1.540
8.381	1.378e-02	-4.090	1409	3.982	1.472
8.381	1.811e-02	-4.244	1316	4.017	1.413
8.381	2.391e-02	-4.398	1227	4.049	1.362
8.381	3.124e-02	-4.534	1153	4.077	1.319
8.381	4.108e-02	-4.695	1067	4.103	1.280
8.381	5.399e-02	-4.841	993	4.126	1.247
8.381	7.098e-02	-4.989	923	4.146	1.218
8.381	9.329e-02	-5.133	859	4.165	1.191
8.381	1.231e-01	-5.280	798	4.183	1.168
8.381	1.612e-01	-5.410	747	4.199	1.146
8.381	2.128e-01	-5.557	692	4.214	1.126
8.381	2.786e-01	-5.706	640	4.228	1.108
8.381	3.677e-01	-5.862	590	4.241	1.092
8.381	4.844e-01	-6.040	536	4.252	1.078
8.381	6.406e-01	-6.156	504	4.263	1.065
8.381	8.472e-01	-6.300	467	4.273	1.053
8.381	1.113e+00	-6.462	428	4.282	1.041
8.381	1.470e+00	-6.610	395	4.291	1.031
8.381	1.936e+00	-6.746	367	4.299	1.022
8.381	2.545e+00	-6.871	343	4.307	1.012
8.381	3.345e+00	-6.977	324	4.314	1.004
8.381	4.397e+00	-7.079	307	4.322	0.994
8.381	5.804e+00	-7.178	291	4.331	0.985
8.381	7.645e+00	-7.280	276	4.339	0.975
8.381	1.000e+01	-7.385	261	4.348	0.966
9.428	1.016e-04	-2.144	2241	2.893	5.464
9.428	1.335e-04	-2.225	2231	2.966	5.028
9.428	1.741e-04	-2.303	2222	3.037	4.633
9.428	2.298e-04	-2.389	2207	3.111	4.252
9.428	3.008e-04	-2.473	2192	3.183	3.914
9.428	3.971e-04	-2.565	2169	3.257	3.594
9.428	5.198e-04	-2.655	2145	3.327	3.316
9.428	6.862e-04	-2.748	2118	3.399	3.054
9.428	8.983e-04	-2.839	2091	3.467	2.824
9.428	1.179e-03	-2.943	2046	3.534	2.615
9.428	1.550e-03	-3.043	2005	3.598	2.427
9.428	2.037e-03	-3.139	1967	3.662	2.256
9.428	2.678e-03	-3.251	1911	3.723	2.104
9.428	3.520e-03	-3.372	1842	3.780	1.970
9.428	4.627e-03	-3.488	1777	3.833	1.853
9.428	6.083e-03	-3.601	1714	3.884	1.748
9.428	8.045e-03	-3.726	1640	3.932	1.653
9.428	1.057e-02	-3.852	1564	3.976	1.571
9.428	1.396e-02	-3.978	1490	4.018	1.498
9.428	1.824e-02	-4.102	1418	4.055	1.435
9.428	2.408e-02	-4.259	1320	4.089	1.380
9.428	3.152e-02	-4.397	1240	4.118	1.334
9.428	4.160e-02	-4.533	1165	4.145	1.293
9.428	5.480e-02	-4.685	1082	4.169	1.258
9.428	7.203e-02	-4.820	1014	4.191	1.227
9.428	9.470e-02	-4.957	947	4.210	1.200
9.428	1.245e-01	-5.092	885	4.228	1.176
9.428	1.623e-01	-5.230	825	4.243	1.155
9.428	2.147e-01	-5.353	776	4.259	1.134
9.428	2.823e-01	-5.492	722	4.274	1.115
9.428	3.710e-01	-5.638	669	4.288	1.097
9.428	4.897e-01	-5.792	617	4.301	1.081
9.428	6.451e-01	-5.963	563	4.313	1.066
9.428	8.479e-01	-6.096	525	4.323	1.053
9.428	1.106e+00	-6.234	488	4.334	1.041
9.428	1.451e+00	-6.399	446	4.343	1.029
9.428	1.908e+00	-6.548	411	4.352	1.019
9.428	2.523e+00	-6.710	377	4.361	1.009
9.428	3.330e+00	-6.845	350	4.369	0.999
9.428	4.387e+00	-6.965	328	4.378	0.989
9.428	5.766e+00	-7.080	309	4.386	0.980
9.428	7.611e+00	-7.187	292	4.395	0.970
9.428	9.963e+00	-7.289	277	4.403	0.961
10.476	1.004e-04	-2.084	2271	2.901	5.709
10.476	1.319e-04	-2.160	2263	2.972	5.263
10.476	1.734e-04	-2.239	2254	3.044	4.844
10.476	2.279e-04	-2.319	2245	3.116	4.455
10.476	2.973e-04	-2.401	2230	3.187	4.107
10.476	3.925e-04	-2.487	2215	3.261	3.772
10.476	5.138e-04	-2.578	2190	3.332	3.476
10.476	6.782e-04	-2.669	2165	3.404	3.200
10.476	8.878e-04	-2.760	2138	3.473	2.956
10.476	1.165e-03	-2.855	2106	3.541	2.732
10.476	1.526e-03	-2.956	2063	3.607	2.534
10.476	1.997e-03	-3.053	2024	3.670	2.355
10.476	2.637e-03	-3.151	1985	3.735	2.187
10.476	3.446e-03	-3.265	1923	3.794	2.043
10.476	4.530e-03	-3.385	1853	3.850	1.915
10.476	5.954e-03	-3.499	1790	3.902	1.803
10.476	7.828e-03	-3.611	1726	3.952	1.703
10.476	1.029e-02	-3.731	1654	3.997	1.616
10.476	1.353e-02	-3.852	1580	4.039	1.541
10.476	1.778e-02	-3.966	1511	4.076	1.477
10.476	2.338e-02	-4.072	1448	4.109	1.422
10.476	3.072e-02	-4.193	1373	4.137	1.376
10.476	4.055e-02	-4.303	1307	4.160	1.340
10.476	5.300e-02	-4.393	1254	4.180	1.310
10.476	6.995e-02	-4.483	1204	4.198	1.283
10.476	9.158e-02	-4.574	1153	4.214	1.259
10.476	1.211e-01	-4.669	1101	4.229	1.238
10.476	1.580e-01	-4.755	1056	4.242	1.219
10.476	2.085e-01	-4.858	1004	4.258	1.198
10.476	2.747e-01	-4.972	949	4.274	1.176
10.476	3.610e-01	-5.115	883	4.291	1.153
10.476	4.795e-01	-5.261	820	4.309	1.129
10.476	6.302e-01	-5.431	752	4.328	1.105
10.476	8.319e-01	-5.621	681	4.347	1.081
10.476	1.100e+00	-5.835	608	4.364	1.060
10.476	1.440e+00	-6.028	549	4.378	1.043
10.476	1.905e+00	-6.212	497	4.391	1.027
10.476	2.514e+00	-6.418	445	4.403	1.013
10.476	3.291e+00	-6.598	403	4.413	1.001
10.476	4.285e+00	-6.761	369	4.423	0.990
10.476	5.625e+00	-6.909	341	4.432	0.980
10.476	7.392e+00	-7.049	316	4.441	0.970
10.476	9.776e+00	-7.171	296	4.450	0.959
11.523	1.011e-04	-2.016	2304	2.900	5.995
11.523	1.329e-04	-2.097	2293	2.972	5.516
11.523	1.755e-04	-2.178	2284	3.047	5.064
11.523	2.297e-04	-2.257	2276	3.119	4.659
11.523	3.015e-04	-2.339	2265	3.193	4.281
11.523	3.962e-04	-2.424	2248	3.266	3.934
11.523	5.168e-04	-2.509	2231	3.337	3.624
11.523	6.783e-04	-2.601	2206	3.409	3.337
11.523	8.915e-04	-2.692	2180	3.480	3.076
11.523	1.163e-03	-2.783	2151	3.548	2.844
11.523	1.526e-03	-2.881	2114	3.616	2.630
11.523	2.006e-03	-2.980	2075	3.682	2.438
11.523	2.637e-03	-3.077	2036	3.746	2.263
11.523	3.454e-03	-3.178	1990	3.808	2.108
11.523	4.521e-03	-3.296	1923	3.866	1.972
11.523	5.934e-03	-3.410	1858	3.919	1.854
11.523	7.799e-03	-3.516	1798	3.969	1.751
11.523	1.025e-02	-3.621	1736	4.013	1.664
11.523	1.348e-02	-3.720	1676	4.051	1.594
11.523	1.772e-02	-3.807	1622	4.081	1.539
11.523	2.329e-02	-3.877	1578	4.104	1.499
11.523	3.062e-02	-3.933	1544	4.122	1.469
11.523	4.010e-02	-3.981	1515	4.137	1.443
11.523	5.249e-02	-4.030	1486	4.153	1.417
11.523	6.972e-02	-4.102	1443	4.173	1.384
11.523	9.239e-02	-4.214	1372	4.198	1.345
11.523	1.222e-01	-4.360	1285	4.230	1.297
11.523	1.626e-01	-4.568	1166	4.269	1.240
11.523	2.151e-01	-4.809	1037	4.307	1.187
11.523	2.844e-01	-5.055	918	4.340	1.143
11.523	3.747e-01	-5.278	820	4.366	1.108
11.523	4.925e-01	-5.485	737	4.388	1.081
11.523	6.500e-01	-5.685	664	4.407	1.058
11.523	8.563e-01	-5.887	596	4.422	1.040
11.523	1.125e+00	-6.055	545	4.434	1.025
11.523	1.480e+00	-6.229	496	4.446	1.011
11.523	1.957e+00	-6.395	454	4.456	1.000
11.523	2.572e+00	-6.560	415	4.465	0.989
11.523	3.401e+00	-6.711	382	4.473	0.980
11.523	4.490e+00	-6.839	356	4.481	0.971
11.523	5.914e+00	-6.968	332	4.489	0.963
11.523	7.773e+00	-7.076	314	4.496	0.954
11.523	1.000e+01	-7.171	298	4.503	0.947
12.047	1.045e-04	-1.998	2318	2.912	6.048
12.047	1.374e-04	-2.081	2303	2.984	5.564
12.047	1.792e-04	-2.157	2297	3.055	5.128
12.047	2.366e-04	-2.238	2288	3.130	4.707
12.047	3.097e-04	-2.318	2279	3.202	4.329
12.047	4.065e-04	-2.403	2263	3.275	3.980
12.047	5.323e-04	-2.488	2247	3.347	3.662
12.047	6.968e-04	-2.579	2222	3.419	3.373
12.047	9.198e-04	-2.670	2197	3.491	3.104
12.047	1.202e-03	-2.763	2167	3.560	2.869
12.047	1.568e-03	-2.856	2134	3.626	2.656
12.047	2.069e-03	-2.957	2094	3.694	2.458
12.047	2.709e-03	-3.053	2055	3.758	2.284
12.047	3.576e-03	-3.155	2011	3.822	2.122
12.047	4.673e-03	-3.268	1948	3.879	1.985
12.047	6.144e-03	-3.381	1883	3.933	1.866
12.047	8.075e-03	-3.483	1825	3.981	1.766
12.047	1.053e-02	-3.572	1774	4.021	1.687
12.047	1.390e-02	-3.655	1723	4.053	1.625
12.047	1.820e-02	-3.716	1686	4.077	1.582
12.047	2.403e-02	-3.766	1654	4.094	1.550
12.047	3.165e-02	-3.810	1627	4.109	1.524
12.047	4.159e-02	-3.859	1596	4.125	1.497
12.047	5.459e-02	-3.925	1555	4.146	1.461
12.047	7.175e-02	-4.022	1497	4.177	1.409
12.047	9.530e-02	-4.205	1384	4.223	1.337
12.047	1.260e-01	-4.441	1244	4.273	1.261
12.047	1.657e-01	-4.712	1092	4.318	1.198
12.047	2.187e-01	-4.957	968	4.354	1.150
12.047	2.862e-01	-5.173	868	4.380	1.115
12.047	3.727e-01	-5.364	787	4.401	1.088
12.047	4.920e-01	-5.540	719	4.420	1.066
12.047	6.441e-01	-5.720	654	4.435	1.047
12.047	8.501e-01	-5.903	593	4.449	1.031
12.047	1.113e+00	-6.056	547	4.460	1.017
12.047	1.469e+00	-6.227	498	4.471	1.005
12.047	1.923e+00	-6.372	461	4.480	0.994
12.047	2.524e+00	-6.532	423	4.489	0.984
12.047	3.317e+00	-6.682	389	4.497	0.975
12.047	4.387e+00	-6.805	364	4.504	0.967
12.047	5.791e+00	-6.934	340	4.512	0.958
12.047	7.581e+00	-7.043	320	4.519	0.951
12.047	1.000e+01	-7.149	303	4.526	0.942
12.571	1.019e-04	-1.963	2335	2.908	6.206
12.571	1.340e-04	-2.048	2318	2.981	5.707
12.571	1.762e-04	-2.127	2310	3.053	5.250
12.571	2.315e-04	-2.206	2302	3.126	4.827
12.571	3.039e-04	-2.285	2294	3.199	4.437
12.571	3.994e-04	-2.370	2279	3.273	4.077
12.571	5.251e-04	-2.456	2263	3.346	3.747
12.571	6.876e-04	-2.544	2242	3.418	3.449
12.571	9.001e-04	-2.634	2217	3.488	3.181
12.571	1.188e-03	-2.728	2188	3.560	2.929
12.571	1.555e-03	-2.821	2157	3.628	2.708
12.571	2.042e-03	-2.920	2117	3.695	2.508
12.571	2.683e-03	-3.016	2080	3.760	2.326
12.571	3.500e-03	-3.112	2040	3.822	2.167
12.571	4.620e-03	-3.223	1982	3.883	2.020
12.571	6.048e-03	-3.332	1919	3.936	1.900
12.571	7.983e-03	-3.430	1863	3.983	1.800
12.571	1.045e-02	-3.509	1818	4.019	1.726
12.571	1.379e-02	-3.571	1782	4.047	1.673
12.571	1.806e-02	-3.618	1753	4.065	1.638
12.571	2.384e-02	-3.656	1730	4.080	1.610
12.571	3.120e-02	-3.696	1705	4.095	1.582
12.571	4.096e-02	-3.755	1668	4.116	1.544
12.571	5.416e-02	-3.856	1604	4.149	1.486
12.571	7.163e-02	-4.014	1508	4.200	1.402
12.571	9.493e-02	-4.279	1344	4.265	1.302
12.571	1.255e-01	-4.555	1183	4.319	1.223
12.571	1.654e-01	-4.798	1051	4.357	1.170
12.571	2.166e-01	-5.003	950	4.385	1.133
12.571	2.835e-01	-5.190	864	4.408	1.104
12.571	3.749e-01	-5.378	784	4.427	1.079
12.571	4.930e-01	-5.534	724	4.444	1.058
12.571	6.479e-01	-5.706	661	4.459	1.041
12.571	8.451e-01	-5.873	605	4.471	1.026
12.571	1.115e+00	-6.030	556	4.483	1.012
12.571	1.469e+00	-6.193	510	4.494	1.000
12.571	1.943e+00	-6.344	470	4.503	0.989
12.571	2.554e+00	-6.500	431	4.512	0.979
12.571	3.378e+00	-6.657	396	4.520	0.970
12.571	4.459e+00	-6.777	371	4.527	0.962
12.571	5.837e+00	-6.904	346	4.535	0.954
12.571	7.719e+00	-7.022	325	4.542	0.946
12.571	1.000e+01	-7.122	308	4.549	0.938
13.095	1.002e-04	-1.931	2351	2.906	6.349
13.095	1.311e-04	-2.015	2334	2.978	5.846
13.095	1.731e-04	-2.097	2323	3.051	5.372
13.095	2.280e-04	-2.177	2314	3.124	4.938
13.095	2.997e-04	-2.256	2307	3.198	4.538
13.095	3.909e-04	-2.336	2295	3.269	4.179
13.095	5.082e-04	-2.419	2279	3.339	3.854
13.095	6.617e-04	-2.502	2263	3.410	3.553
13.095	8.734e-04	-2.595	2237	3.483	3.265
13.095	1.143e-03	-2.685	2211	3.553	3.013
13.095	1.509e-03	-2.781	2179	3.624	2.777
13.095	1.976e-03	-2.877	2143	3.691	2.571
13.095	2.608e-03	-2.975	2106	3.758	2.380
13.095	3.408e-03	-3.071	2065	3.820	2.215
13.095	4.446e-03	-3.167	2022	3.879	2.070
13.095	5.868e-03	-3.277	1959	3.934	1.942
13.095	7.682e-03	-3.368	1906	3.978	1.847
13.095	1.014e-02	-3.439	1866	4.012	1.776
13.095	1.327e-02	-3.487	1838	4.034	1.732
13.095	1.742e-02	-3.521	1819	4.050	1.701
13.095	2.282e-02	-3.555	1799	4.064	1.672
13.095	2.987e-02	-3.600	1771	4.083	1.637
13.095	3.920e-02	-3.674	1726	4.112	1.584
13.095	5.184e-02	-3.813	1638	4.160	1.498
13.095	6.814e-02	-4.028	1507	4.230	1.383
13.095	8.994e-02	-4.313	1329	4.297	1.280
13.095	1.185e-01	-4.557	1186	4.343	1.213
13.095	1.557e-01	-4.772	1069	4.377	1.167
13.095	2.044e-01	-4.962	973	4.404	1.131
13.095	2.676e-01	-5.141	889	4.426	1.103
13.095	3.525e-01	-5.320	811	4.445	1.079
13.095	4.633e-01	-5.474	749	4.462	1.058
13.095	6.092e-01	-5.637	688	4.477	1.040
13.095	7.977e-01	-5.799	632	4.490	1.024
13.095	1.044e+00	-5.959	580	4.502	1.011
13.095	1.378e+00	-6.111	535	4.513	0.998
13.095	1.823e+00	-6.281	488	4.523	0.987
13.095	2.401e+00	-6.415	454	4.531	0.977
13.095	3.176e+00	-6.595	411	4.540	0.968
13.095	4.174e+00	-6.711	386	4.547	0.959
13.095	5.510e+00	-6.845	359	4.555	0.951
13.095	7.258e+00	-6.971	335	4.562	0.943
13.095	9.539e+00	-7.075	317	4.569	0.936
13.618	1.013e-04	-1.910	2364	2.911	6.435
13.618	1.338e-04	-1.996	2347	2.985	5.909
13.618	1.751e-04	-2.078	2333	3.056	5.444
13.618	2.299e-04	-2.155	2326	3.129	5.010
13.618	3.021e-04	-2.235	2318	3.202	4.606
13.618	3.940e-04	-2.313	2309	3.273	4.242
13.618	5.201e-04	-2.400	2292	3.348	3.893
13.618	6.809e-04	-2.484	2276	3.420	3.583
13.618	8.988e-04	-2.577	2251	3.493	3.292
13.618	1.177e-03	-2.667	2226	3.563	3.037
13.618	1.544e-03	-2.761	2195	3.633	2.804
13.618	2.030e-03	-2.856	2160	3.701	2.592
13.618	2.669e-03	-2.953	2123	3.767	2.401
13.618	3.507e-03	-3.050	2083	3.831	2.231
13.618	4.575e-03	-3.142	2043	3.889	2.087
13.618	5.947e-03	-3.238	1989	3.939	1.970
13.618	7.805e-03	-3.320	1941	3.979	1.881
13.618	1.026e-02	-3.376	1910	4.007	1.823
13.618	1.338e-02	-3.412	1889	4.024	1.787
13.618	1.742e-02	-3.441	1872	4.037	1.760
13.618	2.300e-02	-3.478	1851	4.054	1.726
13.618	3.011e-02	-3.533	1819	4.079	1.676
13.618	3.920e-02	-3.636	1756	4.121	1.598
13.618	5.175e-02	-3.844	1625	4.194	1.470
13.618	6.774e-02	-4.089	1475	4.270	1.346
13.618	8.959e-02	-4.342	1317	4.327	1.261
13.618	1.169e-01	-4.556	1192	4.367	1.204
13.618	1.542e-01	-4.757	1081	4.399	1.161
13.618	2.019e-01	-4.935	990	4.424	1.127
13.618	2.650e-01	-5.110	907	4.446	1.099
13.618	3.470e-01	-5.284	829	4.465	1.076
13.618	4.543e-01	-5.434	767	4.481	1.056
13.618	6.008e-01	-5.593	707	4.496	1.037
13.618	7.931e-01	-5.757	648	4.510	1.021
13.618	1.036e+00	-5.916	595	4.522	1.007
13.618	1.363e+00	-6.067	549	4.533	0.995
13.618	1.791e+00	-6.235	502	4.543	0.984
13.618	2.364e+00	-6.371	466	4.552	0.973
13.618	3.114e+00	-6.541	425	4.560	0.964
13.618	4.093e+00	-6.669	396	4.567	0.956
13.618	5.403e+00	-6.801	369	4.575	0.948
13.618	7.117e+00	-6.930	344	4.582	0.940
13.618	9.353e+00	-7.040	324	4.589	0.932
14.142	1.030e-04	-1.892	2375	2.918	6.508
14.142	1.360e-04	-1.977	2360	2.992	5.977
14.142	1.780e-04	-2.059	2345	3.063	5.506
14.142	2.336e-04	-2.137	2337	3.135	5.068
14.142	3.071e-04	-2.216	2329	3.208	4.660
14.142	4.037e-04	-2.296	2320	3.281	4.281
14.142	5.287e-04	-2.381	2304	3.354	3.938
14.142	6.921e-04	-2.465	2289	3.426	3.625
14.142	9.136e-04	-2.556	2266	3.500	3.330
14.142	1.196e-03	-2.646	2241	3.570	3.071
14.142	1.557e-03	-2.736	2211	3.638	2.841
14.142	2.056e-03	-2.832	2178	3.707	2.622
14.142	2.691e-03	-2.928	2141	3.773	2.431
14.142	3.552e-03	-3.024	2102	3.838	2.257
14.142	4.642e-03	-3.113	2064	3.895	2.113
14.142	6.054e-03	-3.199	2019	3.943	2.000
14.142	7.992e-03	-3.270	1978	3.978	1.920
14.142	1.044e-02	-3.313	1953	3.999	1.874
14.142	1.373e-02	-3.343	1936	4.014	1.843
14.142	1.805e-02	-3.373	1919	4.029	1.811
14.142	2.382e-02	-3.421	1891	4.051	1.765
14.142	3.138e-02	-3.504	1843	4.090	1.689
14.142	4.124e-02	-3.679	1737	4.161	1.556
14.142	5.444e-02	-3.944	1568	4.248	1.406
14.142	7.127e-02	-4.168	1429	4.311	1.308
14.142	9.425e-02	-4.382	1298	4.359	1.239
14.142	1.229e-01	-4.584	1180	4.394	1.189
14.142	1.623e-01	-4.770	1078	4.424	1.150
14.142	2.124e-01	-4.940	991	4.448	1.118
14.142	2.804e-01	-5.113	909	4.469	1.091
14.142	3.671e-01	-5.287	831	4.487	1.068
14.142	4.818e-01	-5.433	771	4.503	1.049
14.142	6.332e-01	-5.588	711	4.518	1.031
14.142	8.359e-01	-5.751	652	4.532	1.015
14.142	1.094e+00	-5.908	600	4.544	1.001
14.142	1.444e+00	-6.062	553	4.555	0.988
14.142	1.903e+00	-6.232	504	4.565	0.977
14.142	2.501e+00	-6.366	469	4.573	0.967
14.142	3.301e+00	-6.534	428	4.582	0.958
14.142	4.321e+00	-6.659	400	4.589	0.950
14.142	5.715e+00	-6.795	371	4.597	0.942
14.142	7.454e+00	-6.920	347	4.603	0.935
14.142	9.839e+00	-7.033	326	4.610	0.927
14.666	1.002e-04	-1.865	2383	2.912	6.668
14.666	1.315e-04	-1.943	2376	2.985	6.135
14.666	1.728e-04	-2.028	2358	3.057	5.644
14.666	2.272e-04	-2.107	2349	3.129	5.193
14.666	2.986e-04	-2.186	2341	3.202	4.777
14.666	3.895e-04	-2.264	2332	3.273	4.400
14.666	5.113e-04	-2.346	2320	3.347	4.045
14.666	6.719e-04	-2.432	2303	3.420	3.718
14.666	8.765e-04	-2.516	2286	3.491	3.426
14.666	1.157e-03	-2.609	2259	3.564	3.150
14.666	1.515e-03	-2.700	2232	3.633	2.908
14.666	1.988e-03	-2.794	2200	3.702	2.686
14.666	2.603e-03	-2.888	2164	3.768	2.490
14.666	3.408e-03	-2.980	2129	3.831	2.315
14.666	4.437e-03	-3.067	2092	3.888	2.170
14.666	5.768e-03	-3.141	2059	3.934	2.057
14.666	7.571e-03	-3.203	2025	3.967	1.980
14.666	9.950e-03	-3.242	2002	3.987	1.936
14.666	1.298e-02	-3.269	1986	4.000	1.906
14.666	1.687e-02	-3.301	1968	4.016	1.873
14.666	2.214e-02	-3.351	1939	4.040	1.820
14.666	2.910e-02	-3.447	1883	4.086	1.727
14.666	3.796e-02	-3.643	1766	4.169	1.569
14.666	5.011e-02	-3.903	1599	4.257	1.419
14.666	6.601e-02	-4.106	1475	4.319	1.320
14.666	8.675e-02	-4.313	1344	4.366	1.251
14.666	1.145e-01	-4.509	1228	4.404	1.197
14.666	1.499e-01	-4.692	1124	4.434	1.157
14.666	1.968e-01	-4.863	1034	4.459	1.124
14.666	2.586e-01	-5.031	951	4.481	1.095
14.666	3.400e-01	-5.203	871	4.501	1.071
14.666	4.468e-01	-5.365	801	4.518	1.051
14.666	5.898e-01	-5.510	743	4.533	1.032
14.666	7.770e-01	-5.673	682	4.547	1.015
14.666	1.021e+00	-5.829	628	4.560	1.001
14.666	1.348e+00	-5.986	577	4.571	0.988
14.666	1.765e+00	-6.148	529	4.581	0.976
14.666	2.334e+00	-6.302	487	4.590	0.966
14.666	3.080e+00	-6.456	448	4.599	0.957
14.666	4.058e+00	-6.600	414	4.607	0.948
14.666	5.333e+00	-6.724	387	4.614	0.940
14.666	7.053e+00	-6.864	359	4.621	0.932
14.666	9.310e+00	-6.983	336	4.628	0.925
15.190	1.023e-04	-1.851	2391	2.920	6.727
15.190	1.339e-04	-1.926	2387	2.991	6.196
15.190	1.771e-04	-2.014	2368	3.065	5.690
15.190	2.329e-04	-2.093	2358	3.138	5.236
15.190	3.060e-04	-2.172	2351	3.210	4.815
15.190	4.024e-04	-2.253	2340	3.284	4.426
15.190	5.288e-04	-2.333	2330	3.357	4.067
15.190	6.953e-04	-2.419	2314	3.431	3.737
15.190	9.105e-04	-2.504	2297	3.503	3.439
15.190	1.192e-03	-2.595	2271	3.574	3.169
15.190	1.564e-03	-2.685	2245	3.644	2.923
15.190	2.049e-03	-2.778	2213	3.712	2.702
15.190	2.682e-03	-2.872	2178	3.778	2.504
15.190	3.540e-03	-2.964	2143	3.842	2.327
15.190	4.626e-03	-3.047	2108	3.896	2.186
15.190	6.034e-03	-3.110	2081	3.937	2.086
15.190	7.965e-03	-3.155	2059	3.964	2.023
15.190	1.043e-02	-3.185	2043	3.979	1.987
15.190	1.358e-02	-3.212	2026	3.993	1.955
15.190	1.792e-02	-3.255	2002	4.015	1.908
15.190	2.346e-02	-3.329	1959	4.051	1.829
15.190	3.097e-02	-3.493	1864	4.129	1.673
15.190	4.079e-02	-3.741	1711	4.227	1.493
15.190	5.342e-02	-3.952	1575	4.296	1.380
15.190	6.993e-02	-4.145	1454	4.350	1.297
15.190	9.249e-02	-4.339	1334	4.393	1.234
15.190	1.216e-01	-4.526	1222	4.428	1.185
15.190	1.598e-01	-4.704	1122	4.457	1.146
15.190	2.110e-01	-4.873	1032	4.482	1.114
15.190	2.762e-01	-5.036	952	4.504	1.086
15.190	3.645e-01	-5.212	870	4.523	1.063
15.190	4.802e-01	-5.368	803	4.539	1.043
15.190	6.311e-01	-5.516	743	4.555	1.024
15.190	8.347e-01	-5.679	682	4.569	1.008
15.190	1.097e+00	-5.833	629	4.581	0.994
15.190	1.442e+00	-5.987	579	4.592	0.981
15.190	1.896e+00	-6.153	530	4.602	0.970
15.190	2.508e+00	-6.305	487	4.611	0.960
15.190	3.296e+00	-6.457	449	4.620	0.951
15.190	4.351e+00	-6.599	416	4.627	0.942
15.190	5.696e+00	-6.725	388	4.635	0.934
15.190	7.475e+00	-6.861	360	4.642	0.927
15.190	9.825e+00	-6.979	338	4.649	0.919
15.713	1.000e-04	-1.827	2399	2.916	6.872
15.713	1.320e-04	-1.901	2399	2.989	6.319
15.713	1.739e-04	-1.987	2380	3.062	5.809
15.713	2.285e-04	-2.067	2370	3.134	5.346
15.713	3.005e-04	-2.146	2361	3.207	4.917
15.713	3.949e-04	-2.227	2350	3.280	4.521
15.713	5.213e-04	-2.306	2344	3.355	4.148
15.713	6.824e-04	-2.391	2327	3.427	3.816
15.713	8.957e-04	-2.475	2312	3.500	3.510
15.713	1.177e-03	-2.566	2287	3.572	3.229
15.713	1.548e-03	-2.657	2262	3.643	2.975
15.713	2.027e-03	-2.750	2231	3.712	2.749
15.713	2.653e-03	-2.842	2198	3.778	2.547
15.713	3.502e-03	-2.933	2162	3.842	2.368
15.713	4.585e-03	-3.011	2131	3.894	2.229
15.713	6.052e-03	-3.070	2105	3.932	2.133
15.713	7.909e-03	-3.104	2091	3.954	2.080
15.713	1.032e-02	-3.127	2081	3.969	2.046
15.713	1.343e-02	-3.155	2066	3.985	2.009
15.713	1.773e-02	-3.205	2038	4.010	1.950
15.713	2.336e-02	-3.305	1980	4.060	1.841
15.713	3.070e-02	-3.513	1859	4.159	1.643
15.713	4.052e-02	-3.745	1714	4.250	1.480
15.713	5.304e-02	-3.943	1587	4.313	1.376
15.713	7.001e-02	-4.129	1470	4.367	1.294
15.713	9.223e-02	-4.314	1353	4.409	1.233
15.713	1.208e-01	-4.491	1247	4.443	1.185
15.713	1.581e-01	-4.667	1146	4.472	1.146
15.713	2.075e-01	-4.831	1058	4.497	1.113
15.713	2.727e-01	-4.994	975	4.519	1.085
15.713	3.586e-01	-5.161	896	4.539	1.061
15.713	4.713e-01	-5.326	823	4.556	1.041
15.713	6.196e-01	-5.470	764	4.571	1.023
15.713	8.144e-01	-5.630	702	4.585	1.006
15.713	1.062e+00	-5.778	650	4.597	0.992
15.713	1.402e+00	-5.936	597	4.609	0.979
15.713	1.836e+00	-6.092	549	4.619	0.967
15.713	2.427e+00	-6.259	501	4.628	0.957
15.713	3.204e+00	-6.406	463	4.637	0.948
15.713	4.221e+00	-6.553	427	4.645	0.939
15.713	5.548e+00	-6.676	400	4.652	0.931
15.713	7.337e+00	-6.823	369	4.660	0.923
15.713	9.703e+00	-6.948	345	4.667	0.916
16.237	1.043e-04	-1.821	2407	2.929	6.882
16.237	1.371e-04	-1.893	2406	3.001	6.338
16.237	1.788e-04	-1.975	2389	3.071	5.845
16.237	2.361e-04	-2.057	2378	3.144	5.372
16.237	3.090e-04	-2.133	2371	3.216	4.947
16.237	4.079e-04	-2.217	2358	3.290	4.544
16.237	5.340e-04	-2.292	2353	3.362	4.180
16.237	7.048e-04	-2.379	2337	3.437	3.835
16.237	9.227e-04	-2.463	2322	3.509	3.530
16.237	1.218e-03	-2.555	2298	3.583	3.242
16.237	1.594e-03	-2.643	2273	3.653	2.991
16.237	2.093e-03	-2.736	2243	3.722	2.761
16.237	2.750e-03	-2.828	2211	3.789	2.558
16.237	3.616e-03	-2.915	2177	3.849	2.386
16.237	4.753e-03	-2.986	2149	3.898	2.257
16.237	6.249e-03	-3.034	2128	3.929	2.177
16.237	8.183e-03	-3.061	2117	3.946	2.134
16.237	1.069e-02	-3.083	2107	3.961	2.099
16.237	1.412e-02	-3.115	2094	3.981	2.049
16.237	1.859e-02	-3.179	2060	4.018	1.965
16.237	2.444e-02	-3.335	1970	4.096	1.797
16.237	3.188e-02	-3.560	1837	4.200	1.594
16.237	4.208e-02	-3.774	1701	4.279	1.455
16.237	5.508e-02	-3.953	1586	4.338	1.360
16.237	7.271e-02	-4.135	1471	4.388	1.283
16.237	9.577e-02	-4.312	1359	4.429	1.225
16.237	1.259e-01	-4.488	1253	4.463	1.177
16.237	1.655e-01	-4.663	1152	4.491	1.139
16.237	2.175e-01	-4.826	1064	4.517	1.107
16.237	2.837e-01	-4.984	984	4.538	1.080
16.237	3.745e-01	-5.152	903	4.558	1.056
16.237	4.903e-01	-5.313	831	4.574	1.035
16.237	6.471e-01	-5.461	770	4.590	1.017
16.237	8.472e-01	-5.619	709	4.604	1.001
16.237	1.118e+00	-5.771	654	4.617	0.986
16.237	1.461e+00	-5.924	603	4.628	0.974
16.237	1.921e+00	-6.083	553	4.638	0.962
16.237	2.525e+00	-6.248	506	4.647	0.952
16.237	3.333e+00	-6.395	467	4.656	0.943
16.237	4.391e+00	-6.540	432	4.664	0.934
16.237	5.771e+00	-6.664	404	4.671	0.926
16.237	7.632e+00	-6.813	372	4.678	0.918
16.237	1.000e+01	-6.935	348	4.685	0.911
16.761	1.015e-04	-1.796	2416	2.925	7.028
16.761	1.335e-04	-1.869	2412	2.995	6.480
16.761	1.748e-04	-1.949	2400	3.066	5.971
16.761	2.289e-04	-2.029	2387	3.137	5.502
16.761	3.021e-04	-2.107	2381	3.211	5.055
16.761	3.955e-04	-2.189	2367	3.283	4.654
16.761	5.220e-04	-2.268	2361	3.357	4.273
16.761	6.834e-04	-2.348	2351	3.430	3.930
16.761	9.021e-04	-2.435	2335	3.504	3.606
16.761	1.181e-03	-2.521	2315	3.576	3.320
16.761	1.559e-03	-2.614	2289	3.649	3.053
16.761	2.041e-03	-2.704	2262	3.718	2.820
16.761	2.678e-03	-2.795	2230	3.784	2.612
16.761	3.520e-03	-2.880	2198	3.844	2.438
16.761	4.628e-03	-2.947	2172	3.891	2.311
16.761	6.082e-03	-2.989	2155	3.919	2.236
16.761	7.997e-03	-3.014	2144	3.936	2.194
16.761	1.051e-02	-3.038	2134	3.951	2.156
16.761	1.371e-02	-3.071	2120	3.973	2.103
16.761	1.810e-02	-3.140	2089	4.016	2.001
16.761	2.369e-02	-3.323	1984	4.110	1.796
16.761	3.109e-02	-3.544	1853	4.213	1.596
16.761	4.086e-02	-3.742	1727	4.288	1.462
16.761	5.373e-02	-3.924	1609	4.347	1.366
16.761	7.061e-02	-4.088	1506	4.397	1.290
16.761	9.321e-02	-4.269	1391	4.439	1.230
16.761	1.220e-01	-4.432	1292	4.473	1.182
16.761	1.602e-01	-4.612	1185	4.503	1.143
16.761	2.105e-01	-4.774	1095	4.529	1.109
16.761	2.778e-01	-4.937	1010	4.552	1.080
16.761	3.631e-01	-5.094	933	4.571	1.056
16.761	4.793e-01	-5.265	855	4.589	1.034
16.761	6.274e-01	-5.411	793	4.604	1.016
16.761	8.282e-01	-5.572	729	4.619	0.999
16.761	1.084e+00	-5.721	674	4.632	0.985
16.761	1.423e+00	-5.874	621	4.643	0.972
16.761	1.870e+00	-6.028	572	4.654	0.960
16.761	2.469e+00	-6.208	519	4.664	0.949
16.761	3.252e+00	-6.350	480	4.672	0.940
16.761	4.274e+00	-6.494	444	4.680	0.931
16.761	5.619e+00	-6.621	415	4.688	0.923
16.761	7.432e+00	-6.772	382	4.695	0.915
16.761	9.767e+00	-6.900	356	4.702	0.908
17.285	1.029e-04	-1.782	2424	2.931	7.089
17.285	1.342e-04	-1.854	2418	2.998	6.558
17.285	1.772e-04	-1.934	2409	3.071	6.030
17.285	2.319e-04	-2.015	2395	3.142	5.558
17.285	3.044e-04	-2.090	2390	3.214	5.115
17.285	4.001e-04	-2.174	2375	3.287	4.704
17.285	5.260e-04	-2.253	2367	3.360	4.325
17.285	6.913e-04	-2.331	2362	3.434	3.972
17.285	9.017e-04	-2.414	2346	3.505	3.658
17.285	1.190e-03	-2.502	2328	3.580	3.358
17.285	1.558e-03	-2.592	2302	3.651	3.095
17.285	2.045e-03	-2.681	2277	3.720	2.856
17.285	2.678e-03	-2.771	2245	3.786	2.648
17.285	3.506e-03	-2.851	2216	3.844	2.478
17.285	4.628e-03	-2.914	2192	3.887	2.357
17.285	6.058e-03	-2.949	2178	3.912	2.291
17.285	7.951e-03	-2.971	2169	3.927	2.252
17.285	1.045e-02	-2.996	2159	3.943	2.210
17.285	1.379e-02	-3.036	2141	3.969	2.144
17.285	1.806e-02	-3.119	2106	4.023	2.016
17.285	2.370e-02	-3.337	1982	4.136	1.770
17.285	3.115e-02	-3.542	1861	4.231	1.586
17.285	4.096e-02	-3.730	1741	4.304	1.459
17.285	5.363e-02	-3.906	1626	4.360	1.367
17.285	7.021e-02	-4.058	1531	4.409	1.293
17.285	9.215e-02	-4.234	1417	4.450	1.233
17.285	1.211e-01	-4.397	1317	4.485	1.184
17.285	1.580e-01	-4.572	1211	4.515	1.144
17.285	2.085e-01	-4.736	1120	4.542	1.109
17.285	2.747e-01	-4.897	1034	4.565	1.079
17.285	3.597e-01	-5.055	955	4.586	1.055
17.285	4.738e-01	-5.224	876	4.604	1.033
17.285	6.227e-01	-5.376	810	4.620	1.014
17.285	8.188e-01	-5.533	746	4.634	0.997
17.285	1.076e+00	-5.684	689	4.647	0.982
17.285	1.404e+00	-5.832	637	4.659	0.969
17.285	1.853e+00	-5.989	586	4.670	0.957
17.285	2.441e+00	-6.170	531	4.680	0.946
17.285	3.208e+00	-6.311	492	4.688	0.937
17.285	4.234e+00	-6.456	455	4.697	0.928
17.285	5.577e+00	-6.589	423	4.704	0.920
17.285	7.376e+00	-6.741	389	4.712	0.912
17.285	9.755e+00	-6.874	362	4.719	0.905
17.809	1.036e-04	-1.768	2432	2.935	7.161
17.809	1.360e-04	-1.843	2424	3.003	6.617
17.809	1.781e-04	-1.918	2416	3.074	6.102
17.809	2.347e-04	-2.001	2402	3.146	5.614
17.809	3.084e-04	-2.075	2399	3.219	5.165
17.809	4.071e-04	-2.161	2382	3.292	4.744
17.809	5.329e-04	-2.239	2374	3.364	4.369
17.809	6.939e-04	-2.312	2372	3.435	4.024
17.809	9.159e-04	-2.399	2356	3.510	3.691
17.809	1.199e-03	-2.483	2339	3.583	3.397
17.809	1.561e-03	-2.571	2315	3.652	3.134
17.809	2.061e-03	-2.661	2290	3.724	2.887
17.809	2.698e-03	-2.749	2260	3.789	2.679
17.809	3.561e-03	-2.827	2232	3.846	2.510
17.809	4.662e-03	-2.882	2211	3.883	2.403
17.809	6.154e-03	-2.913	2199	3.905	2.344
17.809	8.042e-03	-2.933	2191	3.919	2.306
17.809	1.062e-02	-2.959	2181	3.937	2.258
17.809	1.398e-02	-3.008	2161	3.969	2.176
17.809	1.838e-02	-3.121	2112	4.043	1.999
17.809	2.353e-02	-3.334	1991	4.153	1.761
17.809	3.093e-02	-3.529	1875	4.244	1.586
17.809	4.059e-02	-3.707	1762	4.314	1.463
17.809	5.335e-02	-3.884	1645	4.371	1.370
17.809	7.014e-02	-4.030	1555	4.420	1.295
17.809	9.218e-02	-4.207	1439	4.462	1.234
17.809	1.202e-01	-4.362	1343	4.497	1.185
17.809	1.587e-01	-4.541	1233	4.529	1.143
17.809	2.078e-01	-4.701	1142	4.555	1.108
17.809	2.743e-01	-4.864	1055	4.579	1.078
17.809	3.590e-01	-5.021	975	4.600	1.053
17.809	4.739e-01	-5.190	894	4.619	1.031
17.809	6.243e-01	-5.345	826	4.635	1.011
17.809	8.205e-01	-5.502	761	4.650	0.994
17.809	1.083e+00	-5.657	701	4.663	0.979
17.809	1.415e+00	-5.803	649	4.675	0.966
17.809	1.861e+00	-5.959	597	4.686	0.953
17.809	2.446e+00	-6.135	543	4.696	0.943
17.809	3.234e+00	-6.287	500	4.705	0.933
17.809	4.270e+00	-6.427	463	4.713	0.924
17.809	5.624e+00	-6.565	430	4.721	0.916
17.809	7.392e+00	-6.714	396	4.728	0.908
17.809	9.776e+00	-6.850	368	4.735	0.901
18.332	1.020e-04	-1.747	2441	2.933	7.280
18.332	1.346e-04	-1.825	2430	3.003	6.718
18.332	1.763e-04	-1.900	2422	3.072	6.202
18.332	2.327e-04	-1.981	2410	3.145	5.704
18.332	3.046e-04	-2.056	2405	3.216	5.255
18.332	4.020e-04	-2.140	2391	3.290	4.827
18.332	5.296e-04	-2.221	2380	3.363	4.438
18.332	6.961e-04	-2.294	2381	3.437	4.077
18.332	9.079e-04	-2.376	2367	3.509	3.752
18.332	1.198e-03	-2.463	2350	3.583	3.443
18.332	1.569e-03	-2.552	2327	3.655	3.171
18.332	2.059e-03	-2.640	2303	3.725	2.926
18.332	2.706e-03	-2.727	2274	3.790	2.714
18.332	3.572e-03	-2.801	2249	3.844	2.550
18.332	4.668e-03	-2.848	2231	3.878	2.452
18.332	6.089e-03	-2.875	2221	3.896	2.401
18.332	8.038e-03	-2.896	2213	3.911	2.361
18.332	1.059e-02	-2.925	2201	3.931	2.307
18.332	1.392e-02	-2.979	2180	3.969	2.210
18.332	1.830e-02	-3.122	2118	4.062	1.985
18.332	2.304e-02	-3.317	2007	4.163	1.767
18.332	3.042e-02	-3.508	1894	4.253	1.593
18.332	3.982e-02	-3.679	1786	4.322	1.471
18.332	5.256e-02	-3.854	1669	4.380	1.376
18.332	6.881e-02	-3.994	1584	4.428	1.302
18.332	9.083e-02	-4.170	1467	4.472	1.239
18.332	1.187e-01	-4.326	1369	4.507	1.188
18.332	1.548e-01	-4.492	1267	4.539	1.146
18.332	2.044e-01	-4.658	1170	4.567	1.110
18.332	2.692e-01	-4.820	1081	4.591	1.079
18.332	3.538e-01	-4.980	998	4.613	1.053
18.332	4.615e-01	-5.139	921	4.631	1.030
18.332	6.092e-01	-5.298	849	4.648	1.010
18.332	7.961e-01	-5.453	783	4.663	0.993
18.332	1.047e+00	-5.610	721	4.677	0.978
18.332	1.371e+00	-5.751	669	4.689	0.964
18.332	1.805e+00	-5.910	615	4.700	0.952
18.332	2.373e+00	-6.073	563	4.711	0.940
18.332	3.132e+00	-6.244	513	4.720	0.931
18.332	4.100e+00	-6.378	477	4.728	0.922
18.332	5.423e+00	-6.523	441	4.736	0.914
18.332	7.158e+00	-6.664	408	4.743	0.906
18.332	9.466e+00	-6.810	377	4.750	0.898
18.856	1.016e-04	-1.732	2448	2.935	7.370
18.856	1.342e-04	-1.809	2436	3.004	6.804
18.856	1.756e-04	-1.884	2428	3.073	6.287
18.856	2.305e-04	-1.962	2418	3.144	5.794
18.856	3.030e-04	-2.039	2411	3.215	5.334
18.856	3.983e-04	-2.120	2399	3.288	4.906
18.856	5.235e-04	-2.201	2387	3.361	4.514
18.856	6.871e-04	-2.275	2386	3.433	4.150
18.856	8.998e-04	-2.354	2377	3.507	3.814
18.856	1.178e-03	-2.438	2363	3.580	3.508
18.856	1.555e-03	-2.528	2341	3.654	3.221
18.856	2.032e-03	-2.615	2317	3.722	2.975
18.856	2.672e-03	-2.700	2291	3.787	2.761
18.856	3.511e-03	-2.770	2266	3.839	2.601
18.856	4.635e-03	-2.815	2251	3.872	2.506
18.856	6.067e-03	-2.838	2242	3.889	2.457
18.856	7.963e-03	-2.859	2233	3.903	2.416
18.856	1.047e-02	-2.891	2221	3.925	2.356
18.856	1.382e-02	-2.955	2196	3.970	2.238
18.856	1.809e-02	-3.120	2126	4.078	1.975
18.856	2.374e-02	-3.334	2004	4.189	1.739
18.856	3.120e-02	-3.512	1897	4.272	1.580
18.856	4.069e-02	-3.674	1794	4.338	1.465
18.856	5.371e-02	-3.845	1680	4.395	1.372
18.856	7.032e-02	-3.983	1595	4.442	1.299
18.856	9.282e-02	-4.155	1481	4.486	1.236
18.856	1.223e-01	-4.315	1380	4.523	1.184
18.856	1.607e-01	-4.483	1276	4.555	1.141
18.856	2.096e-01	-4.641	1184	4.582	1.106
18.856	2.767e-01	-4.805	1093	4.607	1.075
18.856	3.622e-01	-4.962	1011	4.628	1.049
18.856	4.781e-01	-5.127	929	4.648	1.026
18.856	6.248e-01	-5.280	859	4.664	1.006
18.856	8.247e-01	-5.443	789	4.679	0.989
18.856	1.080e+00	-5.597	728	4.693	0.974
18.856	1.425e+00	-5.741	675	4.706	0.959
18.856	1.877e+00	-5.901	620	4.717	0.947
18.856	2.467e+00	-6.064	567	4.727	0.936
18.856	3.257e+00	-6.237	516	4.736	0.926
18.856	4.263e+00	-6.368	481	4.744	0.918
18.856	5.638e+00	-6.514	444	4.752	0.909
18.856	7.442e+00	-6.657	411	4.760	0.901
18.856	9.843e+00	-6.804	379	4.767	0.894
19.380	1.027e-04	-1.720	2454	2.940	7.428
19.380	1.339e-04	-1.794	2443	3.006	6.884
19.380	1.768e-04	-1.871	2433	3.076	6.351
19.380	2.315e-04	-1.947	2425	3.146	5.860
19.380	3.055e-04	-2.026	2417	3.219	5.389
19.380	4.025e-04	-2.107	2406	3.292	4.954
19.380	5.290e-04	-2.188	2393	3.364	4.558
19.380	6.955e-04	-2.263	2391	3.437	4.190
19.380	9.140e-04	-2.341	2386	3.511	3.846
19.380	1.192e-03	-2.423	2373	3.583	3.540
19.380	1.565e-03	-2.510	2352	3.656	3.256
19.380	2.057e-03	-2.599	2328	3.726	3.003
19.380	2.683e-03	-2.678	2305	3.788	2.797
19.380	3.548e-03	-2.746	2281	3.838	2.641
19.380	4.664e-03	-2.784	2268	3.866	2.557
19.380	6.108e-03	-2.805	2261	3.882	2.512
19.380	7.982e-03	-2.826	2253	3.897	2.468
19.380	1.054e-02	-2.862	2239	3.922	2.397
19.380	1.379e-02	-2.938	2209	3.975	2.256
19.380	1.818e-02	-3.127	2129	4.100	1.954
19.380	2.372e-02	-3.325	2015	4.202	1.737
19.380	3.118e-02	-3.498	1912	4.283	1.582
19.380	4.098e-02	-3.660	1809	4.350	1.465
19.380	5.346e-02	-3.820	1702	4.404	1.376
19.380	7.056e-02	-3.964	1612	4.453	1.301
19.380	9.295e-02	-4.128	1504	4.496	1.237
19.380	1.222e-01	-4.287	1402	4.534	1.185
19.380	1.606e-01	-4.450	1301	4.567	1.141
19.380	2.111e-01	-4.613	1204	4.595	1.105
19.380	2.771e-01	-4.775	1112	4.620	1.074
19.380	3.642e-01	-4.933	1028	4.642	1.047
19.380	4.788e-01	-5.094	948	4.661	1.024
19.380	6.270e-01	-5.251	875	4.678	1.004
19.380	8.259e-01	-5.414	803	4.694	0.986
19.380	1.085e+00	-5.572	740	4.707	0.971
19.380	1.427e+00	-5.710	688	4.720	0.957
19.380	1.876e+00	-5.869	632	4.732	0.944
19.380	2.476e+00	-6.033	578	4.742	0.932
19.380	3.261e+00	-6.211	525	4.751	0.923
19.380	4.286e+00	-6.346	488	4.759	0.914
19.380	5.669e+00	-6.492	451	4.767	0.906
19.380	7.483e+00	-6.630	418	4.775	0.898
19.380	9.896e+00	-6.780	385	4.782	0.891
19.904	1.043e-04	-1.710	2462	2.946	7.472
19.904	1.377e-04	-1.788	2449	3.015	6.904
19.904	1.814e-04	-1.865	2438	3.084	6.377
19.904	2.384e-04	-1.940	2430	3.154	5.879
19.904	3.134e-04	-2.018	2422	3.226	5.414
19.904	4.119e-04	-2.097	2412	3.298	4.982
19.904	5.437e-04	-2.181	2398	3.372	4.578
19.904	7.118e-04	-2.254	2396	3.443	4.215
19.904	9.268e-04	-2.327	2395	3.515	3.880
19.904	1.223e-03	-2.412	2382	3.591	3.557
19.904	1.602e-03	-2.498	2362	3.663	3.274
19.904	2.102e-03	-2.586	2338	3.732	3.023
19.904	2.763e-03	-2.663	2316	3.794	2.817
19.904	3.632e-03	-2.723	2295	3.838	2.678
19.904	4.774e-03	-2.755	2284	3.861	2.606
19.904	6.227e-03	-2.774	2278	3.875	2.563
19.904	8.219e-03	-2.798	2270	3.893	2.512
19.904	1.083e-02	-2.840	2254	3.924	2.425
19.904	1.423e-02	-2.946	2213	3.997	2.229
19.904	1.818e-02	-3.125	2137	4.115	1.946
19.904	2.386e-02	-3.319	2025	4.216	1.732
19.904	3.136e-02	-3.486	1924	4.295	1.582
19.904	4.091e-02	-3.640	1827	4.359	1.470
19.904	5.369e-02	-3.800	1721	4.414	1.378
19.904	7.057e-02	-3.942	1630	4.462	1.304
19.904	9.278e-02	-4.099	1528	4.506	1.240
19.904	1.219e-01	-4.257	1425	4.544	1.187
19.904	1.610e-01	-4.419	1324	4.578	1.142
19.904	2.107e-01	-4.580	1227	4.607	1.105
19.904	2.787e-01	-4.749	1130	4.633	1.072
19.904	3.664e-01	-4.905	1046	4.655	1.045
19.904	4.815e-01	-5.065	965	4.675	1.021
19.904	6.356e-01	-5.228	888	4.692	1.001
19.904	8.373e-01	-5.393	815	4.708	0.983
19.904	1.100e+00	-5.550	750	4.722	0.967
19.904	1.435e+00	-5.684	699	4.734	0.953
19.904	1.895e+00	-5.844	642	4.746	0.940
19.904	2.476e+00	-6.003	590	4.757	0.929
19.904	3.255e+00	-6.182	535	4.766	0.920
19.904	4.279e+00	-6.321	496	4.774	0.911
19.904	5.648e+00	-6.466	458	4.782	0.903
19.904	7.440e+00	-6.597	427	4.790	0.895
19.904	9.839e+00	-6.751	392	4.797	0.887
20.428	1.027e-04	-1.691	2471	2.945	7.580
20.428	1.350e-04	-1.768	2456	3.012	7.018
20.428	1.775e-04	-1.845	2444	3.080	6.489
20.428	2.324e-04	-1.919	2436	3.149	5.994
20.428	3.042e-04	-1.995	2428	3.219	5.529
20.428	3.993e-04	-2.074	2418	3.291	5.091
20.428	5.248e-04	-2.156	2405	3.363	4.686
20.428	6.927e-04	-2.233	2400	3.436	4.305
20.428	9.053e-04	-2.302	2405	3.509	3.960
20.428	1.181e-03	-2.384	2391	3.581	3.643
20.428	1.559e-03	-2.471	2375	3.656	3.343
20.428	2.040e-03	-2.557	2352	3.725	3.087
20.428	2.678e-03	-2.634	2331	3.786	2.878
20.428	3.520e-03	-2.691	2313	3.830	2.737
20.428	4.628e-03	-2.722	2302	3.853	2.665
20.428	6.060e-03	-2.741	2295	3.867	2.621
20.428	7.983e-03	-2.765	2287	3.885	2.568
20.428	1.049e-02	-2.809	2272	3.917	2.475
20.428	1.379e-02	-2.923	2228	3.997	2.257
20.428	1.792e-02	-3.112	2149	4.123	1.952
20.428	2.358e-02	-3.300	2042	4.223	1.740
20.428	3.087e-02	-3.463	1944	4.300	1.593
20.428	4.052e-02	-3.616	1848	4.366	1.477
20.428	5.325e-02	-3.773	1744	4.422	1.384
20.428	6.946e-02	-3.914	1652	4.469	1.311
20.428	9.168e-02	-4.063	1556	4.514	1.245
20.428	1.208e-01	-4.226	1449	4.553	1.190
20.428	1.587e-01	-4.380	1352	4.587	1.145
20.428	2.095e-01	-4.547	1250	4.617	1.105
20.428	2.760e-01	-4.713	1153	4.644	1.072
20.428	3.627e-01	-4.869	1068	4.666	1.045
20.428	4.769e-01	-5.028	986	4.687	1.020
20.428	6.268e-01	-5.189	908	4.705	1.000
20.428	8.241e-01	-5.355	833	4.721	0.981
20.428	1.083e+00	-5.512	767	4.735	0.965
20.428	1.430e+00	-5.656	712	4.748	0.951
20.428	1.883e+00	-5.812	655	4.760	0.938
20.428	2.475e+00	-5.973	601	4.771	0.926
20.428	3.254e+00	-6.154	544	4.780	0.917
20.428	4.304e+00	-6.300	503	4.789	0.908
20.428	5.657e+00	-6.440	466	4.796	0.899
20.428	7.481e+00	-6.572	434	4.804	0.891
20.428	9.875e+00	-6.727	398	4.811	0.884
20.951	1.019e-04	-1.674	2480	2.946	7.669
20.951	1.335e-04	-1.752	2463	3.011	7.113
20.951	1.752e-04	-1.828	2450	3.078	6.583
20.951	2.302e-04	-1.903	2441	3.148	6.079
20.951	3.003e-04	-1.978	2433	3.216	5.616
20.951	3.963e-04	-2.058	2424	3.289	5.165
20.951	5.189e-04	-2.138	2411	3.360	4.760
20.951	6.849e-04	-2.216	2405	3.434	4.374
20.951	8.966e-04	-2.286	2409	3.506	4.023
20.951	1.186e-03	-2.369	2399	3.583	3.685
20.951	1.565e-03	-2.454	2385	3.657	3.381
20.951	2.062e-03	-2.541	2362	3.728	3.117
20.951	2.710e-03	-2.615	2342	3.787	2.911
20.951	3.534e-03	-2.665	2328	3.826	2.784
20.951	4.665e-03	-2.693	2318	3.847	2.717
20.951	6.097e-03	-2.712	2311	3.861	2.673
20.951	8.048e-03	-2.739	2302	3.881	2.613
20.951	1.054e-02	-2.788	2285	3.917	2.506
20.951	1.391e-02	-2.931	2231	4.018	2.231
20.951	1.779e-02	-3.102	2159	4.133	1.956
20.951	2.353e-02	-3.286	2056	4.232	1.744
20.951	3.069e-02	-3.444	1961	4.307	1.600
20.951	4.051e-02	-3.597	1865	4.374	1.482
20.951	5.302e-02	-3.748	1766	4.429	1.390
20.951	6.999e-02	-3.897	1668	4.479	1.313
20.951	9.147e-02	-4.034	1580	4.523	1.248
20.951	1.207e-01	-4.199	1470	4.563	1.192
20.951	1.581e-01	-4.350	1375	4.597	1.146
20.951	2.086e-01	-4.515	1273	4.628	1.106
20.951	2.748e-01	-4.680	1176	4.655	1.072
20.951	3.612e-01	-4.837	1088	4.678	1.044
20.951	4.749e-01	-4.996	1005	4.699	1.019
20.951	6.242e-01	-5.156	927	4.717	0.998
20.951	8.141e-01	-5.318	852	4.733	0.980
20.951	1.077e+00	-5.481	782	4.748	0.963
20.951	1.416e+00	-5.625	725	4.761	0.949
20.951	1.860e+00	-5.777	669	4.773	0.936
20.951	2.456e+00	-5.940	613	4.784	0.924
20.951	3.215e+00	-6.120	556	4.793	0.914
20.951	4.252e+00	-6.270	512	4.802	0.905
20.951	5.612e+00	-6.409	475	4.810	0.896
20.951	7.422e+00	-6.542	442	4.818	0.889
20.951	9.777e+00	-6.695	407	4.825	0.881
23.046	1.001e-04	-1.611	2515	2.948	8.020
23.046	1.321e-04	-1.693	2494	3.015	7.427
23.046	1.730e-04	-1.771	2475	3.081	6.888
23.046	2.283e-04	-1.849	2462	3.149	6.363
23.046	2.989e-04	-1.924	2453	3.218	5.882
23.046	3.945e-04	-2.003	2443	3.289	5.415
23.046	5.165e-04	-2.080	2433	3.360	4.993
23.046	6.779e-04	-2.159	2422	3.431	4.599
23.046	8.909e-04	-2.232	2422	3.504	4.231
23.046	1.162e-03	-2.302	2425	3.576	3.894
23.046	1.534e-03	-2.381	2419	3.651	3.572
23.046	2.021e-03	-2.459	2408	3.721	3.296
23.046	2.656e-03	-2.527	2390	3.775	3.096
23.046	3.485e-03	-2.565	2379	3.806	2.989
23.046	4.581e-03	-2.586	2373	3.822	2.933
23.046	5.975e-03	-2.605	2368	3.837	2.882
23.046	7.902e-03	-2.639	2358	3.864	2.793
23.046	1.039e-02	-2.722	2331	3.928	2.597
23.046	1.326e-02	-2.892	2269	4.050	2.255
23.046	1.703e-02	-3.045	2207	4.155	1.999
23.046	2.248e-02	-3.202	2129	4.250	1.792
23.046	2.938e-02	-3.355	2037	4.326	1.643
23.046	3.832e-02	-3.492	1954	4.390	1.525
23.046	5.029e-02	-3.633	1862	4.449	1.426
23.046	6.586e-02	-3.779	1764	4.500	1.344
23.046	8.621e-02	-3.914	1676	4.546	1.274
23.046	1.123e-01	-4.053	1584	4.588	1.215
23.046	1.482e-01	-4.209	1481	4.626	1.162
23.046	1.952e-01	-4.362	1383	4.660	1.118
23.046	2.565e-01	-4.517	1287	4.690	1.080
23.046	3.386e-01	-4.689	1184	4.717	1.047
23.046	4.433e-01	-4.841	1098	4.739	1.020
23.046	5.852e-01	-5.003	1013	4.760	0.996
23.046	7.660e-01	-5.162	934	4.778	0.976
23.046	1.011e+00	-5.334	853	4.794	0.958
23.046	1.332e+00	-5.493	785	4.808	0.942
23.046	1.751e+00	-5.636	729	4.821	0.928
23.046	2.311e+00	-5.798	668	4.833	0.916
23.046	3.025e+00	-5.957	614	4.844	0.905
23.046	3.993e+00	-6.129	559	4.853	0.895
23.046	5.281e+00	-6.282	514	4.861	0.886
23.046	6.956e+00	-6.426	475	4.869	0.878
23.046	9.142e+00	-6.554	443	4.877	0.871
25.142	1.015e-04	-1.564	2548	2.962	8.251
25.142	1.334e-04	-1.645	2523	3.026	7.661
25.142	1.753e-04	-1.726	2500	3.091	7.106
25.142	2.287e-04	-1.803	2483	3.156	6.597
25.142	3.002e-04	-1.879	2471	3.223	6.105
25.142	3.945e-04	-1.955	2461	3.292	5.637
25.142	5.146e-04	-2.031	2451	3.361	5.210
25.142	6.754e-04	-2.109	2440	3.432	4.802
25.142	8.844e-04	-2.184	2434	3.502	4.428
25.142	1.165e-03	-2.255	2437	3.575	4.069
25.142	1.531e-03	-2.325	2440	3.648	3.744
25.142	2.021e-03	-2.393	2440	3.715	3.465
25.142	2.646e-03	-2.444	2434	3.762	3.283
25.142	3.473e-03	-2.473	2426	3.786	3.195
25.142	4.548e-03	-2.491	2421	3.800	3.141
25.142	5.912e-03	-2.514	2415	3.819	3.076
25.142	7.726e-03	-2.559	2402	3.854	2.952
25.142	1.005e-02	-2.683	2366	3.952	2.639
25.142	1.283e-02	-2.846	2309	4.072	2.297
25.142	1.686e-02	-2.999	2248	4.179	2.031
25.142	2.199e-02	-3.132	2190	4.267	1.836
25.142	2.908e-02	-3.285	2099	4.346	1.676
25.142	3.793e-02	-3.419	2018	4.411	1.555
25.142	5.007e-02	-3.554	1934	4.472	1.449
25.142	6.595e-02	-3.693	1842	4.527	1.361
25.142	8.637e-02	-3.837	1743	4.575	1.288
25.142	1.131e-01	-3.962	1663	4.618	1.225
25.142	1.492e-01	-4.119	1555	4.659	1.168
25.142	1.950e-01	-4.261	1462	4.694	1.122
25.142	2.564e-01	-4.414	1364	4.727	1.081
25.142	3.370e-01	-4.570	1268	4.755	1.046
25.142	4.449e-01	-4.741	1166	4.781	1.016
25.142	5.824e-01	-4.898	1079	4.802	0.991
25.142	7.687e-01	-5.059	994	4.822	0.969
25.142	1.006e+00	-5.221	915	4.839	0.950
25.142	1.331e+00	-5.387	839	4.854	0.934
25.142	1.736e+00	-5.538	775	4.867	0.919
25.142	2.291e+00	-5.695	713	4.880	0.906
25.142	3.018e+00	-5.856	654	4.891	0.895
25.142	3.967e+00	-6.026	596	4.901	0.885
25.142	5.216e+00	-6.188	546	4.910	0.876
25.142	6.898e+00	-6.331	505	4.918	0.868
25.142	9.066e+00	-6.465	470	4.925	0.860
27.237	1.035e-04	-1.517	2587	2.975	8.451
27.237	1.360e-04	-1.605	2550	3.039	7.853
27.237	1.774e-04	-1.683	2527	3.102	7.309
27.237	2.329e-04	-1.764	2504	3.167	6.781
27.237	3.050e-04	-1.840	2490	3.232	6.287
27.237	3.993e-04	-1.916	2477	3.299	5.823
27.237	5.270e-04	-1.994	2466	3.369	5.370
27.237	6.899e-04	-2.070	2456	3.439	4.958
27.237	9.055e-04	-2.147	2447	3.509	4.572
27.237	1.190e-03	-2.217	2449	3.580	4.211
27.237	1.565e-03	-2.284	2452	3.650	3.886
27.237	2.057e-03	-2.343	2454	3.710	3.627
27.237	2.704e-03	-2.379	2456	3.748	3.474
27.237	3.554e-03	-2.396	2459	3.767	3.399
27.237	4.635e-03	-2.411	2460	3.782	3.337
27.237	6.118e-03	-2.441	2455	3.809	3.236
27.237	8.060e-03	-2.521	2433	3.874	3.005
27.237	1.027e-02	-2.682	2386	4.001	2.596
27.237	1.316e-02	-2.828	2336	4.110	2.289
27.237	1.728e-02	-2.968	2281	4.209	2.043
27.237	2.271e-02	-3.097	2227	4.295	1.850
27.237	2.985e-02	-3.235	2149	4.371	1.694
27.237	3.924e-02	-3.369	2067	4.439	1.568
27.237	5.159e-02	-3.496	1990	4.499	1.462
27.237	6.756e-02	-3.628	1903	4.554	1.373
27.237	8.844e-02	-3.768	1807	4.603	1.297
27.237	1.161e-01	-3.901	1718	4.649	1.231
27.237	1.526e-01	-4.039	1625	4.691	1.173
27.237	1.990e-01	-4.182	1529	4.727	1.125
27.237	2.627e-01	-4.332	1430	4.762	1.081
27.237	3.438e-01	-4.480	1337	4.792	1.044
27.237	4.547e-01	-4.658	1226	4.819	1.012
27.237	6.003e-01	-4.816	1134	4.843	0.985
27.237	7.907e-01	-4.976	1047	4.863	0.962
27.237	1.039e+00	-5.137	964	4.881	0.942
27.237	1.366e+00	-5.304	884	4.898	0.924
27.237	1.796e+00	-5.464	813	4.912	0.909
27.237	2.342e+00	-5.615	751	4.924	0.896
27.237	3.098e+00	-5.778	688	4.936	0.884
27.237	4.040e+00	-5.936	632	4.946	0.874
27.237	5.333e+00	-6.101	578	4.955	0.865
27.237	7.026e+00	-6.259	530	4.964	0.857
27.237	9.234e+00	-6.401	491	4.971	0.849
29.332	1.023e-04	-1.463	2628	2.981	8.711
29.332	1.344e-04	-1.554	2587	3.045	8.097
29.332	1.753e-04	-1.638	2554	3.106	7.542
29.332	2.301e-04	-1.717	2531	3.170	7.007
29.332	3.025e-04	-1.798	2509	3.236	6.499
29.332	3.945e-04	-1.873	2494	3.300	6.032
29.332	5.208e-04	-1.950	2482	3.369	5.573
29.332	6.805e-04	-2.025	2472	3.437	5.155
29.332	8.847e-04	-2.099	2462	3.504	4.771
29.332	1.150e-03	-2.168	2459	3.571	4.416
29.332	1.500e-03	-2.232	2462	3.637	4.095
29.332	1.980e-03	-2.287	2465	3.694	3.835
29.332	2.592e-03	-2.319	2466	3.727	3.692
29.332	3.422e-03	-2.336	2467	3.744	3.619
29.332	4.472e-03	-2.351	2469	3.761	3.551
29.332	5.903e-03	-2.377	2474	3.791	3.431
29.332	7.727e-03	-2.459	2470	3.869	3.135
29.332	1.020e-02	-2.646	2416	4.018	2.639
29.332	1.344e-02	-2.798	2365	4.134	2.311
29.332	1.759e-02	-2.931	2315	4.229	2.072
29.332	2.303e-02	-3.053	2264	4.312	1.882
29.332	3.023e-02	-3.178	2202	4.389	1.723
29.332	3.973e-02	-3.311	2121	4.457	1.592
29.332	5.182e-02	-3.434	2047	4.518	1.486
29.332	6.841e-02	-3.563	1964	4.575	1.390
29.332	8.955e-02	-3.695	1875	4.627	1.310
29.332	1.184e-01	-3.840	1774	4.675	1.239
29.332	1.557e-01	-3.963	1694	4.718	1.179
29.332	2.047e-01	-4.115	1588	4.758	1.126
29.332	2.701e-01	-4.260	1491	4.794	1.081
29.332	3.558e-01	-4.413	1391	4.826	1.041
29.332	4.677e-01	-4.576	1288	4.855	1.008
29.332	6.173e-01	-4.741	1188	4.880	0.979
29.332	8.082e-01	-4.897	1099	4.901	0.956
29.332	1.067e+00	-5.060	1012	4.920	0.934
29.332	1.396e+00	-5.222	931	4.937	0.916
29.332	1.843e+00	-5.387	854	4.953	0.900
29.332	2.413e+00	-5.544	786	4.966	0.887
29.332	3.185e+00	-5.709	720	4.978	0.875
29.332	4.163e+00	-5.866	662	4.988	0.864
29.332	5.473e+00	-6.023	608	4.998	0.855
29.332	7.167e+00	-6.192	554	5.006	0.846
29.332	9.317e+00	-6.330	514	5.014	0.839
31.427	1.027e-04	-1.416	2668	2.990	8.924
31.427	1.335e-04	-1.505	2625	3.051	8.319
31.427	1.741e-04	-1.593	2585	3.113	7.752
31.427	2.298e-04	-1.677	2556	3.177	7.199
31.427	3.028e-04	-1.758	2532	3.242	6.679
31.427	3.965e-04	-1.837	2512	3.306	6.201
31.427	5.190e-04	-1.913	2497	3.372	5.750
31.427	6.851e-04	-1.990	2486	3.441	5.311
31.427	8.968e-04	-2.064	2477	3.509	4.911
31.427	1.184e-03	-2.136	2473	3.579	4.533
31.427	1.550e-03	-2.199	2472	3.641	4.220
31.427	2.046e-03	-2.245	2475	3.688	3.995
31.427	2.678e-03	-2.268	2476	3.713	3.885
31.427	3.515e-03	-2.283	2476	3.728	3.818
31.427	4.619e-03	-2.301	2477	3.747	3.734
31.427	6.098e-03	-2.337	2484	3.787	3.566
31.427	7.982e-03	-2.453	2489	3.908	3.104
31.427	1.041e-02	-2.622	2440	4.042	2.659
31.427	1.363e-02	-2.764	2394	4.150	2.347
31.427	1.789e-02	-2.892	2348	4.245	2.106
31.427	2.351e-02	-3.014	2298	4.329	1.911
31.427	3.091e-02	-3.129	2247	4.406	1.749
31.427	4.047e-02	-3.258	2171	4.475	1.616
31.427	5.289e-02	-3.381	2096	4.537	1.504
31.427	6.954e-02	-3.503	2021	4.595	1.407
31.427	9.106e-02	-3.632	1934	4.648	1.323
31.427	1.200e-01	-3.773	1835	4.698	1.250
31.427	1.577e-01	-3.903	1747	4.742	1.187
31.427	2.056e-01	-4.039	1654	4.783	1.133
31.427	2.699e-01	-4.181	1557	4.820	1.086
31.427	3.534e-01	-4.327	1459	4.853	1.045
31.427	4.627e-01	-4.474	1364	4.883	1.010
31.427	6.119e-01	-4.651	1252	4.910	0.978
31.427	8.045e-01	-4.806	1160	4.934	0.953
31.427	1.057e+00	-4.965	1071	4.954	0.930
31.427	1.390e+00	-5.128	986	4.973	0.911
31.427	1.827e+00	-5.292	905	4.989	0.894
31.427	2.383e+00	-5.453	831	5.003	0.880
31.427	3.146e+00	-5.620	761	5.015	0.867
31.427	4.118e+00	-5.776	700	5.026	0.856
31.427	5.446e+00	-5.940	641	5.037	0.846
31.427	7.104e+00	-6.107	585	5.046	0.837
31.427	9.377e+00	-6.258	539	5.054	0.830
34.570	1.014e-04	-1.341	2732	2.998	9.276
34.570	1.333e-04	-1.439	2680	3.062	8.616
34.570	1.739e-04	-1.529	2635	3.123	8.029
34.570	2.282e-04	-1.619	2594	3.186	7.473
34.570	2.989e-04	-1.699	2567	3.248	6.956
34.570	3.906e-04	-1.779	2542	3.311	6.471
34.570	5.095e-04	-1.856	2522	3.374	6.018
34.570	6.687e-04	-1.932	2507	3.440	5.579
34.570	8.757e-04	-2.004	2498	3.506	5.171
34.570	1.153e-03	-2.073	2494	3.572	4.790
34.570	1.516e-03	-2.133	2491	3.630	4.481
34.570	2.001e-03	-2.174	2489	3.669	4.285
34.570	2.620e-03	-2.193	2489	3.688	4.192
34.570	3.438e-03	-2.207	2489	3.703	4.122
34.570	4.519e-03	-2.229	2490	3.725	4.018
34.570	5.965e-03	-2.276	2496	3.776	3.788
34.570	7.809e-03	-2.402	2519	3.918	3.217
34.570	1.033e-02	-2.565	2482	4.055	2.748
34.570	1.347e-02	-2.700	2439	4.160	2.434
34.570	1.778e-02	-2.824	2399	4.255	2.181
34.570	2.324e-02	-2.942	2351	4.338	1.983
34.570	3.055e-02	-3.054	2305	4.416	1.813
34.570	4.001e-02	-3.167	2251	4.487	1.670
34.570	5.237e-02	-3.291	2176	4.553	1.549
34.570	6.874e-02	-3.412	2102	4.613	1.445
34.570	9.034e-02	-3.534	2025	4.670	1.353
34.570	1.178e-01	-3.659	1939	4.721	1.276
34.570	1.558e-01	-3.803	1836	4.770	1.207
34.570	2.049e-01	-3.929	1751	4.814	1.147
34.570	2.683e-01	-4.075	1648	4.853	1.096
34.570	3.512e-01	-4.210	1556	4.889	1.051
34.570	4.645e-01	-4.363	1452	4.923	1.011
34.570	6.107e-01	-4.519	1351	4.953	0.978
34.570	8.027e-01	-4.685	1246	4.978	0.949
34.570	1.062e+00	-4.846	1151	5.001	0.924
34.570	1.396e+00	-5.008	1060	5.021	0.903
34.570	1.834e+00	-5.171	975	5.039	0.885
34.570	2.393e+00	-5.332	897	5.054	0.870
34.570	3.158e+00	-5.501	820	5.068	0.856
34.570	4.127e+00	-5.661	753	5.080	0.844
34.570	5.427e+00	-5.824	690	5.091	0.834
34.570	7.132e+00	-5.982	633	5.100	0.825
34.570	9.303e+00	-6.145	579	5.109	0.817
36.665	1.038e-04	-1.304	2768	3.010	9.427
36.665	1.359e-04	-1.402	2714	3.073	8.761
36.665	1.793e-04	-1.499	2663	3.137	8.137
36.665	2.348e-04	-1.588	2621	3.199	7.579
36.665	3.099e-04	-1.676	2584	3.263	7.044
36.665	4.057e-04	-1.756	2559	3.325	6.556
36.665	5.282e-04	-1.834	2535	3.387	6.104
36.665	6.972e-04	-1.911	2519	3.453	5.656
36.665	9.127e-04	-1.982	2510	3.518	5.253
36.665	1.205e-03	-2.048	2507	3.581	4.882
36.665	1.577e-03	-2.100	2504	3.631	4.610
36.665	2.070e-03	-2.130	2502	3.660	4.457
36.665	2.721e-03	-2.146	2501	3.676	4.378
36.665	3.549e-03	-2.163	2500	3.691	4.301
36.665	4.693e-03	-2.192	2499	3.720	4.162
36.665	6.171e-03	-2.262	2508	3.796	3.811
36.665	7.904e-03	-2.387	2531	3.937	3.241
36.665	1.022e-02	-2.524	2509	4.059	2.815
36.665	1.343e-02	-2.662	2466	4.167	2.488
36.665	1.752e-02	-2.780	2428	4.258	2.240
36.665	2.299e-02	-2.897	2383	4.342	2.033
36.665	3.022e-02	-3.007	2340	4.420	1.858
36.665	3.973e-02	-3.112	2297	4.494	1.708
36.665	5.203e-02	-3.234	2227	4.561	1.580
36.665	6.811e-02	-3.354	2153	4.623	1.471
36.665	8.939e-02	-3.471	2081	4.681	1.376
36.665	1.175e-01	-3.599	1995	4.735	1.293
36.665	1.545e-01	-3.734	1899	4.785	1.220
36.665	2.030e-01	-3.868	1805	4.831	1.158
36.665	2.669e-01	-4.002	1712	4.873	1.103
36.665	3.508e-01	-4.144	1612	4.911	1.056
36.665	4.639e-01	-4.290	1513	4.946	1.014
36.665	6.100e-01	-4.439	1414	4.977	0.978
36.665	8.017e-01	-4.611	1301	5.005	0.948
36.665	1.054e+00	-4.766	1207	5.029	0.922
36.665	1.385e+00	-4.926	1114	5.050	0.900
36.665	1.821e+00	-5.089	1025	5.069	0.881
36.665	2.394e+00	-5.254	941	5.085	0.864
36.665	3.147e+00	-5.423	861	5.100	0.850
36.665	4.137e+00	-5.589	788	5.113	0.837
36.665	5.396e+00	-5.747	724	5.124	0.827
36.665	7.122e+00	-5.911	663	5.134	0.817
36.665	9.382e+00	-6.079	605	5.143	0.808
39.807	1.017e-04	-1.233	2830	3.012	9.791
39.807	1.326e-04	-1.332	2774	3.076	9.095
39.807	1.726e-04	-1.427	2721	3.138	8.471
39.807	2.244e-04	-1.518	2673	3.199	7.903
39.807	2.918e-04	-1.605	2631	3.258	7.376
39.807	3.851e-04	-1.693	2594	3.321	6.859
39.807	5.042e-04	-1.772	2568	3.383	6.387
39.807	6.655e-04	-1.853	2544	3.448	5.930
39.807	8.766e-04	-1.926	2530	3.511	5.512
39.807	1.152e-03	-1.989	2525	3.570	5.151
39.807	1.521e-03	-2.036	2523	3.616	4.888
39.807	1.987e-03	-2.061	2522	3.640	4.754
39.807	2.592e-03	-2.076	2521	3.654	4.677
39.807	3.422e-03	-2.094	2520	3.671	4.585
39.807	4.508e-03	-2.127	2518	3.704	4.417
39.807	5.924e-03	-2.219	2521	3.798	3.962
39.807	7.365e-03	-2.326	2541	3.918	3.450
39.807	9.667e-03	-2.445	2555	4.047	2.975
39.807	1.271e-02	-2.584	2512	4.156	2.623
39.807	1.670e-02	-2.706	2473	4.252	2.351
39.807	2.188e-02	-2.819	2434	4.336	2.133
39.807	2.859e-02	-2.926	2392	4.414	1.950
39.807	3.729e-02	-3.028	2352	4.487	1.793
39.807	4.922e-02	-3.134	2308	4.559	1.650
39.807	6.443e-02	-3.254	2237	4.625	1.530
39.807	8.505e-02	-3.375	2163	4.687	1.424
39.807	1.111e-01	-3.490	2091	4.743	1.335
39.807	1.461e-01	-3.617	2003	4.797	1.255
39.807	1.921e-01	-3.754	1904	4.846	1.186
39.807	2.525e-01	-3.884	1813	4.891	1.126
39.807	3.319e-01	-4.024	1714	4.932	1.074
39.807	4.381e-01	-4.163	1617	4.970	1.028
39.807	5.735e-01	-4.307	1518	5.004	0.989
39.807	7.570e-01	-4.459	1416	5.035	0.954
39.807	9.910e-01	-4.623	1308	5.062	0.925
39.807	1.308e+00	-4.786	1207	5.086	0.900
39.807	1.712e+00	-4.945	1115	5.106	0.879
39.807	2.260e+00	-5.111	1025	5.125	0.860
39.807	2.959e+00	-5.275	941	5.141	0.844
39.807	3.884e+00	-5.442	861	5.155	0.831
39.807	5.104e+00	-5.609	788	5.168	0.819
39.807	6.658e+00	-5.770	723	5.179	0.809
39.807	8.789e+00	-5.934	662	5.189	0.799
41.903	1.017e-04	-1.193	2866	3.017	9.995
41.903	1.326e-04	-1.292	2810	3.082	9.276
41.903	1.750e-04	-1.394	2752	3.147	8.602
41.903	2.291e-04	-1.489	2700	3.209	8.008
41.903	3.007e-04	-1.581	2654	3.271	7.457
41.903	3.938e-04	-1.670	2612	3.332	6.951
41.903	5.155e-04	-1.749	2585	3.394	6.477
41.903	6.805e-04	-1.830	2559	3.457	6.021
41.903	8.893e-04	-1.900	2544	3.517	5.620
41.903	1.174e-03	-1.960	2537	3.572	5.273
41.903	1.537e-03	-1.999	2535	3.610	5.050
41.903	2.028e-03	-2.020	2534	3.630	4.934
41.903	2.655e-03	-2.035	2533	3.644	4.856
41.903	3.512e-03	-2.056	2532	3.664	4.744
41.903	4.617e-03	-2.099	2529	3.705	4.524
41.903	6.068e-03	-2.220	2534	3.830	3.921
41.903	8.010e-03	-2.344	2558	3.970	3.335
41.903	1.049e-02	-2.457	2565	4.088	2.912
41.903	1.376e-02	-2.588	2524	4.191	2.586
41.903	1.809e-02	-2.707	2485	4.283	2.327
41.903	2.378e-02	-2.818	2446	4.366	2.113
41.903	3.126e-02	-2.925	2406	4.444	1.932
41.903	4.077e-02	-3.024	2367	4.516	1.779
41.903	5.382e-02	-3.127	2326	4.588	1.637
41.903	7.045e-02	-3.245	2256	4.654	1.518
41.903	9.300e-02	-3.366	2182	4.716	1.413
41.903	1.215e-01	-3.480	2111	4.772	1.324
41.903	1.598e-01	-3.607	2024	4.826	1.245
41.903	2.100e-01	-3.743	1925	4.876	1.176
41.903	2.739e-01	-3.870	1835	4.919	1.118
41.903	3.616e-01	-4.010	1736	4.962	1.065
41.903	4.763e-01	-4.148	1638	5.000	1.019
41.903	6.260e-01	-4.292	1538	5.035	0.979
41.903	8.230e-01	-4.441	1438	5.066	0.945
41.903	1.082e+00	-4.605	1328	5.093	0.915
41.903	1.428e+00	-4.770	1225	5.118	0.890
41.903	1.869e+00	-4.928	1132	5.138	0.869
41.903	2.467e+00	-5.094	1040	5.157	0.850
41.903	3.230e+00	-5.258	955	5.173	0.834
41.903	4.239e+00	-5.426	874	5.188	0.821
41.903	5.551e+00	-5.592	801	5.200	0.809
41.903	7.267e+00	-5.756	733	5.211	0.799
41.903	9.538e+00	-5.917	672	5.221	0.790
45.045	1.027e-04	-1.141	2913	3.025	10.270
45.045	1.348e-04	-1.242	2858	3.092	9.501
45.045	1.765e-04	-1.342	2800	3.157	8.820
45.045	2.307e-04	-1.438	2746	3.219	8.209
45.045	3.009e-04	-1.532	2695	3.280	7.655
45.045	3.918e-04	-1.620	2651	3.339	7.147
45.045	5.093e-04	-1.704	2613	3.398	6.679
45.045	6.684e-04	-1.781	2587	3.459	6.229
45.045	8.753e-04	-1.853	2566	3.516	5.831
45.045	1.146e-03	-1.907	2558	3.565	5.514
45.045	1.513e-03	-1.942	2554	3.597	5.315
45.045	1.980e-03	-1.960	2551	3.613	5.217
45.045	2.578e-03	-1.974	2550	3.626	5.136
45.045	3.352e-03	-1.996	2549	3.647	5.016
45.045	4.357e-03	-2.040	2546	3.690	4.774
45.045	5.665e-03	-2.163	2547	3.813	4.143
45.045	7.194e-03	-2.271	2563	3.932	3.612
45.045	9.401e-03	-2.377	2581	4.050	3.155
45.045	1.236e-02	-2.489	2575	4.158	2.784
45.045	1.625e-02	-2.612	2536	4.254	2.494
45.045	2.132e-02	-2.725	2496	4.340	2.258
45.045	2.792e-02	-2.831	2458	4.419	2.062
45.045	3.655e-02	-2.932	2421	4.494	1.892
45.045	4.798e-02	-3.031	2384	4.566	1.741
45.045	6.305e-02	-3.130	2344	4.636	1.606
45.045	8.323e-02	-3.250	2273	4.703	1.487
45.045	1.090e-01	-3.366	2202	4.764	1.387
45.045	1.438e-01	-3.485	2127	4.822	1.297
45.045	1.895e-01	-3.612	2039	4.876	1.219
45.045	2.490e-01	-3.748	1940	4.925	1.152
45.045	3.287e-01	-3.879	1847	4.971	1.093
45.045	4.303e-01	-4.018	1746	5.012	1.042
45.045	5.679e-01	-4.154	1650	5.050	0.998
45.045	7.435e-01	-4.297	1549	5.084	0.960
45.045	9.833e-01	-4.449	1446	5.115	0.925
45.045	1.293e+00	-4.609	1340	5.143	0.897
45.045	1.699e+00	-4.774	1235	5.166	0.872
45.045	2.234e+00	-4.935	1139	5.187	0.851
45.045	2.936e+00	-5.099	1048	5.206	0.834
45.045	3.860e+00	-5.266	960	5.222	0.818
45.045	5.073e+00	-5.436	878	5.236	0.805
45.045	6.697e+00	-5.605	803	5.249	0.793
45.045	8.767e+00	-5.771	734	5.260	0.784
47.140	1.022e-04	-1.104	2946	3.026	10.488
47.140	1.341e-04	-1.204	2891	3.095	9.694
47.140	1.762e-04	-1.306	2833	3.161	8.981
47.140	2.298e-04	-1.403	2777	3.223	8.358
47.140	3.017e-04	-1.500	2722	3.286	7.778
47.140	3.950e-04	-1.592	2674	3.347	7.252
47.140	5.171e-04	-1.680	2631	3.407	6.768
47.140	6.826e-04	-1.760	2602	3.467	6.312
47.140	8.936e-04	-1.827	2583	3.522	5.928
47.140	1.180e-03	-1.879	2571	3.566	5.636
47.140	1.541e-03	-1.906	2568	3.590	5.479
47.140	2.011e-03	-1.921	2566	3.604	5.391
47.140	2.654e-03	-1.938	2563	3.619	5.297
47.140	3.496e-03	-1.967	2560	3.646	5.137
47.140	4.595e-03	-2.039	2555	3.714	4.749
47.140	6.065e-03	-2.182	2560	3.861	4.012
47.140	7.990e-03	-2.295	2579	3.987	3.470
47.140	1.050e-02	-2.397	2595	4.099	3.050
47.140	1.381e-02	-2.509	2581	4.202	2.709
47.140	1.814e-02	-2.628	2541	4.294	2.438
47.140	2.382e-02	-2.737	2503	4.377	2.214
47.140	3.130e-02	-2.842	2465	4.455	2.023
47.140	4.083e-02	-2.939	2431	4.528	1.861
47.140	5.358e-02	-3.038	2393	4.599	1.714
47.140	7.042e-02	-3.136	2354	4.669	1.582
47.140	9.259e-02	-3.254	2284	4.735	1.467
47.140	1.217e-01	-3.371	2212	4.796	1.367
47.140	1.600e-01	-3.487	2138	4.853	1.280
47.140	2.103e-01	-3.613	2050	4.906	1.204
47.140	2.765e-01	-3.749	1951	4.956	1.137
47.140	3.634e-01	-3.878	1859	5.000	1.080
47.140	4.740e-01	-4.015	1758	5.041	1.031
47.140	6.221e-01	-4.148	1664	5.078	0.988
47.140	8.176e-01	-4.291	1563	5.113	0.949
47.140	1.075e+00	-4.439	1462	5.144	0.916
47.140	1.413e+00	-4.596	1356	5.171	0.887
47.140	1.865e+00	-4.765	1248	5.196	0.863
47.140	2.441e+00	-4.923	1153	5.216	0.843
47.140	3.204e+00	-5.085	1061	5.235	0.825
47.140	4.211e+00	-5.252	973	5.251	0.809
47.140	5.559e+00	-5.425	888	5.265	0.796
47.140	7.277e+00	-5.589	814	5.278	0.785
47.140	9.606e+00	-5.761	742	5.289	0.775
50.283	1.028e-04	-1.056	2988	3.031	10.770
50.283	1.343e-04	-1.155	2935	3.100	9.952
50.283	1.766e-04	-1.256	2879	3.167	9.208
50.283	2.321e-04	-1.357	2820	3.232	8.541
50.283	3.051e-04	-1.457	2762	3.296	7.940
50.283	4.010e-04	-1.553	2708	3.358	7.396
50.283	5.231e-04	-1.640	2665	3.416	6.913
50.283	6.905e-04	-1.723	2627	3.475	6.463
50.283	9.039e-04	-1.785	2609	3.524	6.103
50.283	1.193e-03	-1.828	2597	3.560	5.856
50.283	1.562e-03	-1.851	2592	3.579	5.732
50.283	2.050e-03	-1.867	2588	3.592	5.646
50.283	2.694e-03	-1.887	2584	3.610	5.534
50.283	3.557e-03	-1.925	2579	3.645	5.315
50.283	4.656e-03	-2.032	2568	3.745	4.736
50.283	5.951e-03	-2.152	2576	3.870	4.102
50.283	7.790e-03	-2.261	2589	3.987	3.583
50.283	1.022e-02	-2.358	2605	4.095	3.164
50.283	1.344e-02	-2.452	2616	4.197	2.815
50.283	1.774e-02	-2.573	2576	4.291	2.525
50.283	2.322e-02	-2.683	2538	4.375	2.293
50.283	3.024e-02	-2.784	2502	4.451	2.100
50.283	3.991e-02	-2.886	2466	4.527	1.923
50.283	5.225e-02	-2.981	2432	4.599	1.771
50.283	6.857e-02	-3.077	2396	4.669	1.634
50.283	9.012e-02	-3.182	2346	4.737	1.511
50.283	1.185e-01	-3.300	2274	4.801	1.404
50.283	1.557e-01	-3.415	2202	4.860	1.311
50.283	2.031e-01	-3.531	2126	4.915	1.232
50.283	2.681e-01	-3.660	2034	4.967	1.159
50.283	3.510e-01	-3.794	1934	5.014	1.098
50.283	4.607e-01	-3.919	1846	5.058	1.045
50.283	6.033e-01	-4.065	1735	5.097	0.999
50.283	7.898e-01	-4.191	1648	5.132	0.958
50.283	1.043e+00	-4.338	1543	5.166	0.922
50.283	1.373e+00	-4.489	1440	5.196	0.891
50.283	1.805e+00	-4.647	1335	5.222	0.864
50.283	2.373e+00	-4.809	1232	5.245	0.842
50.283	3.119e+00	-4.969	1137	5.265	0.823
50.283	4.068e+00	-5.128	1047	5.282	0.807
50.283	5.339e+00	-5.294	961	5.298	0.792
50.283	7.017e+00	-5.462	879	5.311	0.780
50.283	9.226e+00	-5.628	804	5.323	0.770
52.378	1.023e-04	-1.025	3012	3.032	10.983
52.378	1.340e-04	-1.122	2964	3.102	10.135
52.378	1.768e-04	-1.225	2908	3.171	9.359
52.378	2.315e-04	-1.325	2850	3.236	8.684
52.378	3.038e-04	-1.425	2791	3.299	8.072
52.378	3.993e-04	-1.522	2735	3.361	7.517
52.378	5.250e-04	-1.613	2687	3.421	7.015
52.378	6.900e-04	-1.696	2646	3.477	6.575
52.378	9.072e-04	-1.756	2626	3.524	6.229
52.378	1.192e-03	-1.793	2616	3.555	6.013
52.378	1.568e-03	-1.813	2611	3.571	5.900
52.378	2.053e-03	-1.829	2607	3.585	5.812
52.378	2.704e-03	-1.853	2601	3.604	5.681
52.378	3.554e-03	-1.900	2591	3.645	5.421
52.378	4.617e-03	-2.021	2578	3.757	4.763
52.378	5.812e-03	-2.128	2586	3.870	4.187
52.378	7.608e-03	-2.236	2595	3.984	3.668
52.378	1.004e-02	-2.334	2611	4.092	3.239
52.378	1.315e-02	-2.423	2625	4.191	2.891
52.378	1.726e-02	-2.533	2601	4.285	2.596
52.378	2.268e-02	-2.645	2562	4.370	2.352
52.378	2.958e-02	-2.747	2525	4.448	2.151
52.378	3.846e-02	-2.844	2491	4.521	1.978
52.378	5.047e-02	-2.940	2458	4.593	1.819
52.378	6.610e-02	-3.035	2423	4.663	1.679
52.378	8.652e-02	-3.127	2389	4.731	1.552
52.378	1.136e-01	-3.243	2321	4.797	1.439
52.378	1.493e-01	-3.359	2249	4.858	1.341
52.378	1.947e-01	-3.470	2179	4.914	1.257
52.378	2.570e-01	-3.597	2091	4.969	1.180
52.378	3.364e-01	-3.728	1993	5.018	1.116
52.378	4.415e-01	-3.857	1899	5.063	1.059
52.378	5.803e-01	-3.993	1799	5.105	1.010
52.378	7.630e-01	-4.127	1702	5.142	0.967
52.378	1.003e+00	-4.263	1606	5.177	0.929
52.378	1.318e+00	-4.406	1505	5.208	0.897
52.378	1.733e+00	-4.555	1404	5.236	0.868
52.378	2.274e+00	-4.720	1294	5.260	0.845
52.378	2.989e+00	-4.875	1198	5.281	0.824
52.378	3.899e+00	-5.029	1108	5.299	0.807
52.378	5.156e+00	-5.195	1017	5.316	0.792
52.378	6.779e+00	-5.360	932	5.330	0.779
52.378	8.910e+00	-5.524	855	5.343	0.768
55.521	1.039e-04	-0.988	3043	3.038	11.227
55.521	1.371e-04	-1.085	3000	3.111	10.327
55.521	1.795e-04	-1.185	2946	3.179	9.547
55.521	2.370e-04	-1.288	2887	3.247	8.830
55.521	3.102e-04	-1.388	2827	3.310	8.207
55.521	4.072e-04	-1.486	2769	3.372	7.644
55.521	5.352e-04	-1.577	2718	3.431	7.140
55.521	7.036e-04	-1.656	2678	3.484	6.715
55.521	9.247e-04	-1.713	2652	3.525	6.412
55.521	1.216e-03	-1.743	2643	3.548	6.242
55.521	1.592e-03	-1.759	2638	3.561	6.146
55.521	2.081e-03	-1.776	2634	3.575	6.047
55.521	2.747e-03	-1.806	2626	3.600	5.877
55.521	3.595e-03	-1.875	2608	3.657	5.506
55.521	4.746e-03	-2.021	2594	3.794	4.701
55.521	6.252e-03	-2.138	2602	3.916	4.085
55.521	8.217e-03	-2.240	2611	4.024	3.607
55.521	1.072e-02	-2.329	2625	4.122	3.222
55.521	1.395e-02	-2.414	2638	4.216	2.894
55.521	1.814e-02	-2.512	2623	4.304	2.613
55.521	2.381e-02	-2.623	2584	4.389	2.371
55.521	3.129e-02	-2.727	2547	4.468	2.164
55.521	4.082e-02	-2.824	2513	4.542	1.988
55.521	5.357e-02	-2.919	2480	4.614	1.829
55.521	7.016e-02	-3.013	2447	4.684	1.688
55.521	9.168e-02	-3.104	2414	4.752	1.561
55.521	1.205e-01	-3.215	2354	4.819	1.445
55.521	1.584e-01	-3.330	2283	4.881	1.345
55.521	2.091e-01	-3.445	2211	4.940	1.256
55.521	2.755e-01	-3.568	2127	4.996	1.179
55.521	3.620e-01	-3.698	2032	5.046	1.112
55.521	4.722e-01	-3.825	1937	5.091	1.057
55.521	6.233e-01	-3.955	1842	5.134	1.006
55.521	8.160e-01	-4.091	1741	5.171	0.964
55.521	1.077e+00	-4.219	1650	5.206	0.925
55.521	1.419e+00	-4.357	1551	5.237	0.893
55.521	1.865e+00	-4.500	1453	5.265	0.864
55.521	2.452e+00	-4.654	1348	5.290	0.840
55.521	3.222e+00	-4.805	1251	5.311	0.820
55.521	4.254e+00	-4.957	1159	5.330	0.802
55.521	5.603e+00	-5.111	1071	5.347	0.787
55.521	7.364e+00	-5.267	987	5.362	0.774
55.521	9.605e+00	-5.419	911	5.374	0.763
57.616	1.033e-04	-0.959	3065	3.038	11.441
57.616	1.364e-04	-1.056	3023	3.111	10.517
57.616	1.785e-04	-1.154	2973	3.180	9.714
57.616	2.357e-04	-1.256	2916	3.248	8.977
57.616	3.085e-04	-1.357	2855	3.312	8.339
57.616	4.049e-04	-1.455	2796	3.375	7.763
57.616	5.322e-04	-1.548	2743	3.433	7.255
57.616	6.997e-04	-1.625	2702	3.485	6.838
57.616	9.196e-04	-1.678	2678	3.522	6.553
57.616	1.209e-03	-1.706	2665	3.542	6.402
57.616	1.583e-03	-1.723	2658	3.555	6.310
57.616	2.086e-03	-1.743	2652	3.570	6.198
57.616	2.741e-03	-1.777	2642	3.598	6.003
57.616	3.604e-03	-1.864	2619	3.670	5.523
57.616	4.645e-03	-2.002	2603	3.797	4.773
57.616	6.038e-03	-2.110	2610	3.910	4.189
57.616	7.935e-03	-2.213	2617	4.017	3.706
57.616	1.035e-02	-2.301	2630	4.113	3.316
57.616	1.366e-02	-2.389	2643	4.210	2.966
57.616	1.785e-02	-2.478	2644	4.300	2.674
57.616	2.329e-02	-2.587	2606	4.384	2.428
57.616	3.074e-02	-2.694	2568	4.465	2.211
57.616	4.024e-02	-2.792	2534	4.540	2.028
57.616	5.282e-02	-2.888	2501	4.613	1.865
57.616	6.942e-02	-2.982	2468	4.685	1.718
57.616	9.055e-02	-3.073	2435	4.752	1.590
57.616	1.195e-01	-3.177	2387	4.821	1.469
57.616	1.574e-01	-3.292	2318	4.885	1.364
57.616	2.069e-01	-3.406	2246	4.945	1.273
57.616	2.731e-01	-3.524	2169	5.002	1.192
57.616	3.598e-01	-3.651	2078	5.054	1.123
57.616	4.729e-01	-3.784	1977	5.101	1.064
57.616	6.217e-01	-3.905	1890	5.144	1.012
57.616	8.142e-01	-4.045	1782	5.182	0.969
57.616	1.064e+00	-4.161	1701	5.216	0.932
57.616	1.399e+00	-4.294	1604	5.248	0.898
57.616	1.839e+00	-4.426	1511	5.276	0.869
57.616	2.427e+00	-4.565	1416	5.302	0.844
57.616	3.197e+00	-4.717	1313	5.324	0.823
57.616	4.202e+00	-4.855	1227	5.343	0.805
57.616	5.524e+00	-4.996	1142	5.360	0.790
57.616	7.260e+00	-5.139	1061	5.375	0.776
57.616	9.584e+00	-5.288	981	5.388	0.764
60.759	1.004e-04	-0.912	3097	3.031	11.835
60.759	1.325e-04	-1.008	3058	3.105	10.867
60.759	1.735e-04	-1.101	3016	3.175	10.027
60.759	2.290e-04	-1.204	2959	3.245	9.252
60.759	2.998e-04	-1.304	2901	3.310	8.583
60.759	3.958e-04	-1.406	2839	3.375	7.971
60.759	5.181e-04	-1.497	2785	3.432	7.458
60.759	6.800e-04	-1.574	2741	3.482	7.048
60.759	8.937e-04	-1.622	2717	3.515	6.783
60.759	1.166e-03	-1.647	2706	3.532	6.648
60.759	1.530e-03	-1.665	2698	3.545	6.553
60.759	2.011e-03	-1.688	2687	3.561	6.429
60.759	2.654e-03	-1.732	2668	3.593	6.198
60.759	3.475e-03	-1.837	2639	3.679	5.614
60.759	4.420e-03	-1.967	2618	3.795	4.914
60.759	5.835e-03	-2.078	2623	3.910	4.305
60.759	7.625e-03	-2.176	2629	4.011	3.831
60.759	9.945e-03	-2.265	2637	4.105	3.437
60.759	1.305e-02	-2.349	2650	4.198	3.089
60.759	1.709e-02	-2.432	2661	4.288	2.785
60.759	2.234e-02	-2.532	2640	4.374	2.523
60.759	2.914e-02	-2.635	2603	4.453	2.303
60.759	3.824e-02	-2.736	2568	4.530	2.108
60.759	5.026e-02	-2.832	2535	4.604	1.935
60.759	6.556e-02	-2.925	2503	4.674	1.786
60.759	8.654e-02	-3.020	2469	4.745	1.645
60.759	1.131e-01	-3.111	2434	4.813	1.523
60.759	1.487e-01	-3.219	2377	4.879	1.411
60.759	1.954e-01	-3.332	2308	4.941	1.313
60.759	2.549e-01	-3.441	2240	4.998	1.230
60.759	3.345e-01	-3.560	2158	5.052	1.155
60.759	4.397e-01	-3.686	2065	5.102	1.091
60.759	5.735e-01	-3.810	1972	5.146	1.038
60.759	7.527e-01	-3.927	1887	5.186	0.990
60.759	9.893e-01	-4.061	1784	5.222	0.950
60.759	1.301e+00	-4.169	1707	5.254	0.916
60.759	1.709e+00	-4.291	1618	5.283	0.886
60.759	2.257e+00	-4.409	1534	5.309	0.860
60.759	2.972e+00	-4.528	1452	5.331	0.838
60.759	3.907e+00	-4.654	1365	5.351	0.819
60.759	5.157e+00	-4.770	1289	5.367	0.804
60.759	6.751e+00	-4.880	1220	5.382	0.790
60.759	8.911e+00	-4.992	1153	5.395	0.778
62.854	1.007e-04	-0.889	3113	3.033	12.017
62.854	1.324e-04	-0.982	3078	3.106	11.042
62.854	1.740e-04	-1.078	3036	3.178	10.171
62.854	2.288e-04	-1.178	2983	3.247	9.389
62.854	3.007e-04	-1.279	2925	3.314	8.695
62.854	3.954e-04	-1.379	2864	3.377	8.081
62.854	5.197e-04	-1.471	2809	3.435	7.559
62.854	6.778e-04	-1.543	2766	3.481	7.171
62.854	8.896e-04	-1.588	2743	3.511	6.928
62.854	1.169e-03	-1.611	2731	3.527	6.801
62.854	1.525e-03	-1.629	2723	3.540	6.704
62.854	2.017e-03	-1.655	2711	3.559	6.560
62.854	2.652e-03	-1.707	2688	3.596	6.286
62.854	3.485e-03	-1.839	2647	3.700	5.573
62.854	4.565e-03	-1.972	2628	3.821	4.847
62.854	5.999e-03	-2.077	2632	3.929	4.282
62.854	7.874e-03	-2.173	2638	4.029	3.819
62.854	1.031e-02	-2.261	2645	4.122	3.431
62.854	1.350e-02	-2.343	2658	4.212	3.093
62.854	1.772e-02	-2.425	2668	4.301	2.791
62.854	2.328e-02	-2.523	2651	4.388	2.525
62.854	3.074e-02	-2.631	2613	4.470	2.296
62.854	4.017e-02	-2.729	2579	4.546	2.106
62.854	5.239e-02	-2.823	2547	4.618	1.938
62.854	6.916e-02	-2.919	2514	4.691	1.782
62.854	9.053e-02	-3.011	2481	4.760	1.646
62.854	1.195e-01	-3.105	2445	4.829	1.519
62.854	1.564e-01	-3.209	2392	4.895	1.409
62.854	2.053e-01	-3.320	2325	4.957	1.311
62.854	2.699e-01	-3.432	2255	5.016	1.226
62.854	3.520e-01	-3.546	2178	5.069	1.153
62.854	4.646e-01	-3.671	2087	5.119	1.088
62.854	6.072e-01	-3.794	1993	5.163	1.035
62.854	7.983e-01	-3.905	1912	5.202	0.989
62.854	1.045e+00	-4.031	1814	5.237	0.950
62.854	1.366e+00	-4.130	1743	5.266	0.918
62.854	1.803e+00	-4.238	1664	5.294	0.890
62.854	2.361e+00	-4.339	1592	5.317	0.867
62.854	3.116e+00	-4.440	1520	5.338	0.846
62.854	4.079e+00	-4.531	1456	5.355	0.829
62.854	5.385e+00	-4.628	1389	5.370	0.815
62.854	7.093e+00	-4.711	1333	5.382	0.804
62.854	9.322e+00	-4.781	1288	5.392	0.795
65.997	1.042e-04	-0.868	3132	3.043	12.172
65.997	1.359e-04	-0.956	3102	3.114	11.209
65.997	1.784e-04	-1.051	3060	3.186	10.323
65.997	2.344e-04	-1.148	3013	3.256	9.524
65.997	3.082e-04	-1.249	2955	3.323	8.814
65.997	4.051e-04	-1.348	2896	3.387	8.194
65.997	5.326e-04	-1.437	2841	3.443	7.680
65.997	6.974e-04	-1.502	2802	3.484	7.324
65.997	9.130e-04	-1.538	2782	3.508	7.128
65.997	1.198e-03	-1.558	2771	3.521	7.018
65.997	1.575e-03	-1.579	2761	3.535	6.905
65.997	2.079e-03	-1.614	2743	3.559	6.717
65.997	2.721e-03	-1.690	2709	3.613	6.315
65.997	3.531e-03	-1.843	2657	3.732	5.504
65.997	4.386e-03	-1.943	2643	3.823	4.958
65.997	5.744e-03	-2.044	2644	3.925	4.408
65.997	7.519e-03	-2.136	2649	4.021	3.948
65.997	9.869e-03	-2.226	2652	4.113	3.552
65.997	1.292e-02	-2.307	2664	4.201	3.208
65.997	1.689e-02	-2.386	2675	4.287	2.905
65.997	2.203e-02	-2.466	2682	4.372	2.636
65.997	2.913e-02	-2.575	2646	4.457	2.390
65.997	3.845e-02	-2.678	2610	4.536	2.181
65.997	5.034e-02	-2.773	2578	4.610	2.003
65.997	6.607e-02	-2.868	2545	4.683	1.843
65.997	8.684e-02	-2.961	2512	4.753	1.699
65.997	1.133e-01	-3.052	2478	4.820	1.572
65.997	1.495e-01	-3.148	2440	4.889	1.453
65.997	1.957e-01	-3.253	2382	4.953	1.350
65.997	2.584e-01	-3.368	2310	5.014	1.258
65.997	3.382e-01	-3.476	2241	5.070	1.180
65.997	4.439e-01	-3.593	2158	5.121	1.112
65.997	5.834e-01	-3.713	2067	5.167	1.055
65.997	7.701e-01	-3.827	1981	5.207	1.007
65.997	1.006e+00	-3.925	1910	5.241	0.969
65.997	1.308e+00	-4.029	1828	5.269	0.938
65.997	1.706e+00	-4.108	1771	5.292	0.914
65.997	2.257e+00	-4.184	1715	5.313	0.892
65.997	2.967e+00	-4.251	1666	5.329	0.875
65.997	3.900e+00	-4.305	1626	5.342	0.862
65.997	5.087e+00	-4.346	1597	5.352	0.853
65.997	6.714e+00	-4.380	1573	5.359	0.846
65.997	8.775e+00	-4.401	1558	5.363	0.842
67.044	1.023e-04	-0.851	3141	3.038	12.336
67.044	1.334e-04	-0.939	3112	3.110	11.357
67.044	1.761e-04	-1.035	3072	3.183	10.437
67.044	2.305e-04	-1.129	3028	3.253	9.637
67.044	3.043e-04	-1.232	2969	3.321	8.904
67.044	3.984e-04	-1.329	2911	3.384	8.283
67.044	5.229e-04	-1.418	2857	3.440	7.766
67.044	6.872e-04	-1.484	2817	3.482	7.402
67.044	9.035e-04	-1.520	2797	3.505	7.206
67.044	1.183e-03	-1.540	2786	3.518	7.096
67.044	1.538e-03	-1.560	2775	3.532	6.986
67.044	2.010e-03	-1.594	2758	3.555	6.804
67.044	2.643e-03	-1.670	2722	3.608	6.397
67.044	3.439e-03	-1.826	2665	3.728	5.576
67.044	4.508e-03	-1.949	2647	3.839	4.907
67.044	5.925e-03	-2.049	2649	3.940	4.368
67.044	7.728e-03	-2.139	2654	4.033	3.925
67.044	1.020e-02	-2.229	2656	4.125	3.528
67.044	1.333e-02	-2.308	2669	4.212	3.193
67.044	1.739e-02	-2.387	2679	4.297	2.894
67.044	2.295e-02	-2.470	2685	4.385	2.617
67.044	3.024e-02	-2.577	2649	4.468	2.377
67.044	3.974e-02	-2.678	2615	4.546	2.173
67.044	5.225e-02	-2.775	2582	4.621	1.993
67.044	6.842e-02	-2.868	2549	4.693	1.836
67.044	8.957e-02	-2.961	2516	4.762	1.694
67.044	1.176e-01	-3.053	2482	4.831	1.566
67.044	1.545e-01	-3.147	2444	4.899	1.449
67.044	2.031e-01	-3.254	2386	4.963	1.345
67.044	2.670e-01	-3.366	2316	5.024	1.254
67.044	3.482e-01	-3.472	2249	5.078	1.178
67.044	4.597e-01	-3.589	2165	5.130	1.110
67.044	6.018e-01	-3.705	2078	5.175	1.054
67.044	7.943e-01	-3.816	1994	5.214	1.008
67.044	1.038e+00	-3.907	1928	5.247	0.970
67.044	1.370e+00	-4.010	1847	5.274	0.940
67.044	1.794e+00	-4.085	1791	5.296	0.917
67.044	2.354e+00	-4.146	1747	5.314	0.898
67.044	3.094e+00	-4.199	1707	5.327	0.884
67.044	4.084e+00	-4.240	1677	5.338	0.874
67.044	5.337e+00	-4.268	1657	5.344	0.867
67.044	7.018e+00	-4.285	1644	5.348	0.863
67.044	9.223e+00	-4.294	1638	5.350	0.861
68.092	1.002e-04	-0.834	3149	3.033	12.508
68.092	1.307e-04	-0.922	3122	3.105	11.513
68.092	1.726e-04	-1.016	3084	3.179	10.576
68.092	2.273e-04	-1.112	3040	3.250	9.744
68.092	2.977e-04	-1.212	2984	3.317	9.019
68.092	3.921e-04	-1.311	2927	3.382	8.372
68.092	5.153e-04	-1.400	2872	3.438	7.846
68.092	6.776e-04	-1.466	2832	3.479	7.480
68.092	8.905e-04	-1.501	2811	3.502	7.285
68.092	1.162e-03	-1.521	2801	3.515	7.177
68.092	1.533e-03	-1.543	2789	3.530	7.055
68.092	2.020e-03	-1.581	2769	3.555	6.853
68.092	2.654e-03	-1.668	2727	3.616	6.391
68.092	3.504e-03	-1.833	2667	3.743	5.524
68.092	4.616e-03	-1.953	2652	3.853	4.867
68.092	6.066e-03	-2.051	2653	3.952	4.343
68.092	7.976e-03	-2.142	2658	4.046	3.897
68.092	1.048e-02	-2.230	2661	4.136	3.513
68.092	1.367e-02	-2.308	2673	4.221	3.184
68.092	1.805e-02	-2.390	2683	4.310	2.876
68.092	2.363e-02	-2.470	2689	4.394	2.609
68.092	3.076e-02	-2.572	2655	4.474	2.380
68.092	4.061e-02	-2.674	2620	4.553	2.173
68.092	5.316e-02	-2.769	2588	4.627	1.996
68.092	7.017e-02	-2.866	2554	4.701	1.834
68.092	9.170e-02	-2.957	2522	4.770	1.693
68.092	1.196e-01	-3.048	2488	4.837	1.568
68.092	1.579e-01	-3.142	2451	4.905	1.449
68.092	2.067e-01	-3.246	2395	4.969	1.346
68.092	2.728e-01	-3.360	2325	5.030	1.254
68.092	3.571e-01	-3.466	2257	5.086	1.177
68.092	4.688e-01	-3.580	2177	5.136	1.110
68.092	6.138e-01	-3.692	2093	5.180	1.055
68.092	8.036e-01	-3.798	2012	5.218	1.011
68.092	1.061e+00	-3.888	1946	5.250	0.974
68.092	1.397e+00	-3.980	1875	5.277	0.945
68.092	1.836e+00	-4.053	1817	5.296	0.923
68.092	2.414e+00	-4.102	1782	5.312	0.907
68.092	3.173e+00	-4.142	1753	5.323	0.896
68.092	4.139e+00	-4.170	1732	5.330	0.888
68.092	5.464e+00	-4.188	1719	5.335	0.883
68.092	7.197e+00	-4.197	1713	5.337	0.881
68.092	9.459e+00	-4.200	1711	5.338	0.880
69.139	1.023e-04	-0.831	3154	3.039	12.518
69.139	1.335e-04	-0.918	3127	3.111	11.522
69.139	1.752e-04	-1.010	3091	3.183	10.603
69.139	2.303e-04	-1.106	3047	3.254	9.774
69.139	3.028e-04	-1.206	2992	3.322	9.035
69.139	3.979e-04	-1.303	2935	3.386	8.396
69.139	5.190e-04	-1.388	2883	3.440	7.890
69.139	6.851e-04	-1.452	2844	3.480	7.534
69.139	8.969e-04	-1.485	2825	3.501	7.354
69.139	1.177e-03	-1.504	2814	3.514	7.244
69.139	1.547e-03	-1.528	2801	3.529	7.117
69.139	2.042e-03	-1.570	2779	3.557	6.891
69.139	2.673e-03	-1.669	2731	3.626	6.365
69.139	3.525e-03	-1.834	2671	3.753	5.504
69.139	4.653e-03	-1.951	2656	3.861	4.860
69.139	6.091e-03	-2.047	2657	3.957	4.351
69.139	7.995e-03	-2.136	2662	4.049	3.912
69.139	1.051e-02	-2.224	2664	4.138	3.530
69.139	1.382e-02	-2.304	2676	4.226	3.192
69.139	1.816e-02	-2.384	2686	4.312	2.890
69.139	2.368e-02	-2.462	2693	4.395	2.626
69.139	3.108e-02	-2.564	2662	4.477	2.389
69.139	4.085e-02	-2.665	2628	4.556	2.183
69.139	5.371e-02	-2.762	2595	4.631	2.003
69.139	7.034e-02	-2.856	2562	4.702	1.844
69.139	9.208e-02	-2.948	2529	4.772	1.702
69.139	1.209e-01	-3.040	2495	4.841	1.573
69.139	1.583e-01	-3.131	2460	4.907	1.457
69.139	2.072e-01	-3.234	2406	4.971	1.353
69.139	2.735e-01	-3.346	2337	5.033	1.260
69.139	3.580e-01	-3.451	2271	5.088	1.182
69.139	4.699e-01	-3.562	2193	5.139	1.115
69.139	6.176e-01	-3.672	2112	5.184	1.060
69.139	8.055e-01	-3.775	2033	5.220	1.016
69.139	1.057e+00	-3.861	1969	5.251	0.981
69.139	1.384e+00	-3.939	1910	5.276	0.953
69.139	1.812e+00	-4.007	1857	5.294	0.933
69.139	2.392e+00	-4.055	1820	5.307	0.919
69.139	3.151e+00	-4.084	1799	5.316	0.910
69.139	4.142e+00	-4.102	1786	5.322	0.904
69.139	5.446e+00	-4.112	1779	5.325	0.901
69.139	7.157e+00	-4.116	1776	5.326	0.899
69.139	9.410e+00	-4.118	1775	5.326	0.899
70.187	1.015e-04	-0.819	3161	3.037	12.641
70.187	1.334e-04	-0.907	3135	3.111	11.607
70.187	1.741e-04	-0.997	3101	3.182	10.699
70.187	2.284e-04	-1.092	3057	3.252	9.864
70.187	3.002e-04	-1.191	3004	3.321	9.116
70.187	3.948e-04	-1.288	2948	3.385	8.468
70.187	5.188e-04	-1.375	2895	3.440	7.946
70.187	6.767e-04	-1.434	2858	3.478	7.610
70.187	8.933e-04	-1.467	2839	3.499	7.428
70.187	1.167e-03	-1.487	2828	3.511	7.320
70.187	1.541e-03	-1.511	2815	3.528	7.184
70.187	2.017e-03	-1.554	2792	3.556	6.953
70.187	2.663e-03	-1.666	2736	3.633	6.362
70.187	3.448e-03	-1.821	2678	3.751	5.558
70.187	4.539e-03	-1.938	2661	3.857	4.919
70.187	5.942e-03	-2.033	2660	3.952	4.409
70.187	7.799e-03	-2.122	2665	4.043	3.968
70.187	1.025e-02	-2.209	2668	4.132	3.582
70.187	1.337e-02	-2.287	2677	4.216	3.250
70.187	1.755e-02	-2.366	2687	4.302	2.945
70.187	2.306e-02	-2.446	2695	4.387	2.670
70.187	3.008e-02	-2.541	2675	4.468	2.432
70.187	3.948e-02	-2.642	2640	4.547	2.222
70.187	5.189e-02	-2.739	2607	4.622	2.037
70.187	6.769e-02	-2.831	2575	4.693	1.877
70.187	8.935e-02	-2.927	2541	4.765	1.728
70.187	1.168e-01	-3.018	2507	4.833	1.598
70.187	1.523e-01	-3.107	2473	4.899	1.481
70.187	2.010e-01	-3.209	2424	4.966	1.372
70.187	2.632e-01	-3.316	2360	5.027	1.279
70.187	3.474e-01	-3.425	2293	5.085	1.196
70.187	4.540e-01	-3.530	2221	5.135	1.129
70.187	5.969e-01	-3.637	2144	5.181	1.071
70.187	7.844e-01	-3.742	2063	5.218	1.026
70.187	1.031e+00	-3.828	1997	5.249	0.990
70.187	1.356e+00	-3.896	1949	5.273	0.963
70.187	1.768e+00	-3.957	1900	5.291	0.943
70.187	2.334e+00	-4.002	1865	5.303	0.930
70.187	3.055e+00	-4.027	1845	5.310	0.923
70.187	3.978e+00	-4.040	1835	5.313	0.920
70.187	5.221e+00	-4.045	1831	5.315	0.918
70.187	6.862e+00	-4.046	1830	5.315	0.918
70.187	9.058e+00	-4.047	1830	5.315	0.918
71.234	1.015e-04	-0.809	3167	3.037	12.732
71.234	1.329e-04	-0.896	3142	3.110	11.704
71.234	1.731e-04	-0.984	3110	3.181	10.792
71.234	2.285e-04	-1.081	3066	3.253	9.931
71.234	2.991e-04	-1.178	3016	3.321	9.186
71.234	3.948e-04	-1.276	2959	3.386	8.523
71.234	5.168e-04	-1.360	2908	3.440	8.009
71.234	6.822e-04	-1.420	2871	3.477	7.668
71.234	8.931e-04	-1.450	2853	3.497	7.500
71.234	1.172e-03	-1.470	2842	3.510	7.390
71.234	1.541e-03	-1.495	2828	3.526	7.248
71.234	2.034e-03	-1.544	2801	3.558	6.986
71.234	2.662e-03	-1.666	2741	3.642	6.344
71.234	3.521e-03	-1.827	2681	3.765	5.505
71.234	4.647e-03	-1.941	2665	3.869	4.883
71.234	6.084e-03	-2.035	2665	3.963	4.385
71.234	7.985e-03	-2.123	2669	4.053	3.952
71.234	1.049e-02	-2.209	2672	4.141	3.571
71.234	1.380e-02	-2.289	2681	4.227	3.234
71.234	1.807e-02	-2.367	2691	4.312	2.935
71.234	2.365e-02	-2.445	2699	4.395	2.666
71.234	3.080e-02	-2.538	2679	4.476	2.430
71.234	4.042e-02	-2.639	2645	4.554	2.220
71.234	5.313e-02	-2.736	2612	4.629	2.036
71.234	6.930e-02	-2.829	2580	4.700	1.876
71.234	9.095e-02	-2.922	2547	4.771	1.729
71.234	1.195e-01	-3.015	2512	4.840	1.597
71.234	1.572e-01	-3.107	2477	4.908	1.477
71.234	2.058e-01	-3.205	2430	4.973	1.371
71.234	2.694e-01	-3.311	2368	5.034	1.278
71.234	3.556e-01	-3.419	2301	5.091	1.196
71.234	4.648e-01	-3.522	2232	5.141	1.129
71.234	6.111e-01	-3.625	2157	5.186	1.073
71.234	8.002e-01	-3.725	2080	5.222	1.029
71.234	1.048e+00	-3.805	2019	5.251	0.995
71.234	1.364e+00	-3.866	1974	5.273	0.971
71.234	1.800e+00	-3.914	1939	5.289	0.952
71.234	2.353e+00	-3.952	1908	5.299	0.941
71.234	3.069e+00	-3.971	1893	5.305	0.936
71.234	4.051e+00	-3.979	1886	5.307	0.933
71.234	5.294e+00	-3.982	1884	5.308	0.932
71.234	6.905e+00	-3.983	1884	5.308	0.932
71.234	9.172e+00	-3.983	1884	5.308	0.932
72.282	1.002e-04	-0.795	3175	3.034	12.875
72.282	1.317e-04	-0.884	3149	3.108	11.820
72.282	1.718e-04	-0.971	3119	3.179	10.891
72.282	2.255e-04	-1.066	3077	3.250	10.035
72.282	2.964e-04	-1.163	3029	3.319	9.269
72.282	3.897e-04	-1.260	2972	3.383	8.607
72.282	5.122e-04	-1.344	2921	3.438	8.081
72.282	6.734e-04	-1.403	2885	3.475	7.745
72.282	8.850e-04	-1.433	2867	3.494	7.576
72.282	1.154e-03	-1.452	2856	3.507	7.467
72.282	1.515e-03	-1.478	2842	3.524	7.323
72.282	1.991e-03	-1.526	2815	3.556	7.057
72.282	2.629e-03	-1.657	2748	3.645	6.370
72.282	3.436e-03	-1.813	2688	3.762	5.566
72.282	4.536e-03	-1.928	2670	3.865	4.942
72.282	5.938e-03	-2.021	2668	3.958	4.443
72.282	7.793e-03	-2.108	2672	4.048	4.007
72.282	1.024e-02	-2.194	2675	4.135	3.623
72.282	1.336e-02	-2.273	2682	4.218	3.292
72.282	1.763e-02	-2.353	2692	4.305	2.980
72.282	2.309e-02	-2.431	2701	4.388	2.708
72.282	3.006e-02	-2.518	2691	4.469	2.468
72.282	3.968e-02	-2.621	2655	4.549	2.249
72.282	5.194e-02	-2.718	2623	4.624	2.063
72.282	6.856e-02	-2.814	2589	4.699	1.894
72.282	8.960e-02	-2.906	2557	4.768	1.747
72.282	1.169e-01	-2.997	2523	4.836	1.617
72.282	1.543e-01	-3.090	2488	4.905	1.493
72.282	2.016e-01	-3.184	2446	4.969	1.386
72.282	2.651e-01	-3.290	2385	5.032	1.290
72.282	3.484e-01	-3.396	2320	5.089	1.208
72.282	4.598e-01	-3.499	2252	5.141	1.137
72.282	6.020e-01	-3.601	2179	5.185	1.081
72.282	7.946e-01	-3.698	2105	5.222	1.036
72.282	1.040e+00	-3.776	2045	5.250	1.003
72.282	1.365e+00	-3.834	2001	5.271	0.980
72.282	1.788e+00	-3.874	1972	5.285	0.964
72.282	2.340e+00	-3.899	1954	5.295	0.953
72.282	3.089e+00	-3.915	1942	5.300	0.948
72.282	4.070e+00	-3.922	1936	5.301	0.946
72.282	5.349e+00	-3.923	1935	5.302	0.946
72.282	7.104e+00	-3.924	1935	5.302	0.946
72.282	9.456e+00	-3.924	1935	5.302	0.946
73.330	1.001e-04	-0.786	3181	3.034	12.969
73.330	1.316e-04	-0.874	3156	3.108	11.905
73.330	1.717e-04	-0.961	3126	3.179	10.968
73.330	2.266e-04	-1.057	3085	3.252	10.087
73.330	2.967e-04	-1.151	3039	3.320	9.327
73.330	3.916e-04	-1.250	2982	3.385	8.651
73.330	5.126e-04	-1.331	2933	3.438	8.138
73.330	6.767e-04	-1.388	2898	3.474	7.808
73.330	8.858e-04	-1.417	2881	3.492	7.648
73.330	1.163e-03	-1.436	2869	3.505	7.534
73.330	1.528e-03	-1.464	2854	3.523	7.378
73.330	2.017e-03	-1.519	2823	3.560	7.076
73.330	2.641e-03	-1.661	2751	3.657	6.330
73.330	3.466e-03	-1.813	2693	3.771	5.547
73.330	4.555e-03	-1.925	2674	3.871	4.945
73.330	5.941e-03	-2.016	2672	3.961	4.457
73.330	7.842e-03	-2.104	2676	4.052	4.016
73.330	1.027e-02	-2.188	2679	4.137	3.639
73.330	1.347e-02	-2.268	2685	4.222	3.301
73.330	1.771e-02	-2.347	2695	4.307	2.995
73.330	2.328e-02	-2.425	2703	4.391	2.718
73.330	3.060e-02	-2.513	2696	4.474	2.470
73.330	4.039e-02	-2.617	2661	4.555	2.250
73.330	5.288e-02	-2.713	2628	4.630	2.065
73.330	6.980e-02	-2.810	2595	4.704	1.895
73.330	9.138e-02	-2.903	2562	4.774	1.748
73.330	1.206e-01	-2.997	2527	4.845	1.611
73.330	1.576e-01	-3.087	2493	4.911	1.493
73.330	2.072e-01	-3.182	2451	4.977	1.384
73.330	2.724e-01	-3.287	2391	5.039	1.288
73.330	3.581e-01	-3.391	2327	5.096	1.207
73.330	4.690e-01	-3.490	2263	5.147	1.139
73.330	6.139e-01	-3.588	2192	5.189	1.084
73.330	7.994e-01	-3.675	2128	5.224	1.042
73.330	1.055e+00	-3.751	2068	5.251	1.010
73.330	1.381e+00	-3.803	2028	5.270	0.988
73.330	1.813e+00	-3.838	2003	5.282	0.974
73.330	2.374e+00	-3.857	1989	5.289	0.966
73.330	3.108e+00	-3.867	1982	5.292	0.963
73.330	4.102e+00	-3.870	1979	5.294	0.961
73.330	5.404e+00	-3.871	1978	5.294	0.961
73.330	7.162e+00	-3.871	1978	5.294	0.961
73.330	9.532e+00	-3.872	1978	5.294	0.961
74.377	1.017e-04	-0.781	3186	3.038	12.997
74.377	1.329e-04	-0.867	3161	3.111	11.952
74.377	1.747e-04	-0.957	3131	3.184	10.984
74.377	2.296e-04	-1.051	3091	3.256	10.115
74.377	3.030e-04	-1.147	3045	3.326	9.331
74.377	3.960e-04	-1.242	2990	3.388	8.683
74.377	5.207e-04	-1.322	2943	3.441	8.173
74.377	6.843e-04	-1.374	2910	3.474	7.866
74.377	8.997e-04	-1.401	2894	3.491	7.713
74.377	1.178e-03	-1.421	2882	3.504	7.597
74.377	1.552e-03	-1.452	2865	3.524	7.426
74.377	2.040e-03	-1.513	2831	3.564	7.088
74.377	2.665e-03	-1.667	2752	3.669	6.283
74.377	3.416e-03	-1.803	2699	3.771	5.585
74.377	4.472e-03	-1.913	2679	3.869	4.993
74.377	5.904e-03	-2.008	2676	3.962	4.485
74.377	7.728e-03	-2.093	2679	4.049	4.057
74.377	1.020e-02	-2.179	2682	4.137	3.667
74.377	1.333e-02	-2.259	2687	4.220	3.334
74.377	1.753e-02	-2.336	2697	4.304	3.025
74.377	2.304e-02	-2.415	2706	4.388	2.747
74.377	3.005e-02	-2.495	2706	4.469	2.503
74.377	3.944e-02	-2.598	2671	4.548	2.283
74.377	5.183e-02	-2.696	2638	4.625	2.091
74.377	6.761e-02	-2.788	2607	4.697	1.925
74.377	8.924e-02	-2.884	2573	4.769	1.771
74.377	1.168e-01	-2.976	2539	4.838	1.636
74.377	1.533e-01	-3.067	2504	4.906	1.513
74.377	2.015e-01	-3.160	2466	4.972	1.402
74.377	2.650e-01	-3.262	2411	5.035	1.304
74.377	3.482e-01	-3.367	2346	5.092	1.221
74.377	4.542e-01	-3.462	2286	5.142	1.152
74.377	5.996e-01	-3.561	2216	5.187	1.094
74.377	7.849e-01	-3.645	2155	5.222	1.051
74.377	1.038e+00	-3.719	2097	5.249	1.019
74.377	1.365e+00	-3.768	2059	5.267	0.999
74.377	1.794e+00	-3.799	2036	5.278	0.986
74.377	2.358e+00	-3.815	2024	5.283	0.980
74.377	3.100e+00	-3.821	2019	5.286	0.977
74.377	4.075e+00	-3.824	2017	5.286	0.976
74.377	5.401e+00	-3.824	2017	5.287	0.976
74.377	7.188e+00	-3.824	2017	5.287	0.976
74.377	9.567e+00	-3.824	2017	5.287	0.976
75.425	1.017e-04	-0.772	3192	3.038	13.085
75.425	1.337e-04	-0.860	3166	3.112	12.011
75.425	1.743e-04	-0.947	3139	3.184	11.065
75.425	2.301e-04	-1.042	3099	3.257	10.173
75.425	3.031e-04	-1.137	3053	3.326	9.390
75.425	3.984e-04	-1.232	2999	3.390	8.726
75.425	5.238e-04	-1.310	2953	3.442	8.223
75.425	6.884e-04	-1.360	2923	3.473	7.929
75.425	9.052e-04	-1.386	2907	3.489	7.782
75.425	1.185e-03	-1.406	2895	3.503	7.662
75.425	1.561e-03	-1.438	2877	3.524	7.478
75.425	2.052e-03	-1.506	2839	3.569	7.102
75.425	2.698e-03	-1.674	2752	3.683	6.229
75.425	3.546e-03	-1.815	2701	3.791	5.499
75.425	4.662e-03	-1.923	2682	3.887	4.923
75.425	6.128e-03	-2.015	2680	3.977	4.438
75.425	7.992e-03	-2.097	2683	4.062	4.025
75.425	1.055e-02	-2.182	2686	4.149	3.642
75.425	1.381e-02	-2.262	2691	4.232	3.311
75.425	1.823e-02	-2.341	2701	4.317	3.003
75.425	2.387e-02	-2.417	2709	4.399	2.732
75.425	3.107e-02	-2.497	2709	4.479	2.491
75.425	4.079e-02	-2.599	2675	4.558	2.273
75.425	5.360e-02	-2.697	2642	4.635	2.082
75.425	6.992e-02	-2.790	2610	4.706	1.917
75.425	9.229e-02	-2.885	2576	4.779	1.763
75.425	1.208e-01	-2.977	2542	4.848	1.629
75.425	1.586e-01	-3.068	2507	4.915	1.507
75.425	2.077e-01	-3.159	2471	4.980	1.398
75.425	2.714e-01	-3.258	2417	5.042	1.303
75.425	3.582e-01	-3.363	2352	5.099	1.219
75.425	4.689e-01	-3.457	2293	5.149	1.151
75.425	6.190e-01	-3.552	2227	5.193	1.095
75.425	8.103e-01	-3.629	2171	5.226	1.054
75.425	1.064e+00	-3.695	2120	5.250	1.025
75.425	1.398e+00	-3.738	2086	5.265	1.007
75.425	1.838e+00	-3.763	2067	5.274	0.997
75.425	2.415e+00	-3.774	2059	5.278	0.992
75.425	3.176e+00	-3.778	2055	5.280	0.991
75.425	4.174e+00	-3.779	2055	5.280	0.990
75.425	5.555e+00	-3.779	2055	5.280	0.990
75.425	7.394e+00	-3.779	2054	5.280	0.990
75.425	9.841e+00	-3.780	2054	5.280	0.990
76.472	1.037e-04	-0.769	3196	3.044	13.092
76.472	1.358e-04	-0.856	3171	3.117	12.033
76.472	1.792e-04	-0.946	3142	3.191	11.044
76.472	2.346e-04	-1.038	3104	3.262	10.180
76.472	3.097e-04	-1.134	3058	3.332	9.393
76.472	4.079e-04	-1.228	3005	3.395	8.731
76.472	5.361e-04	-1.302	2962	3.445	8.251
76.472	7.049e-04	-1.347	2934	3.473	7.982
76.472	9.264e-04	-1.371	2920	3.489	7.843
76.472	1.208e-03	-1.393	2907	3.502	7.719
76.472	1.598e-03	-1.429	2887	3.526	7.510
76.472	2.101e-03	-1.510	2841	3.580	7.064
76.472	2.742e-03	-1.682	2752	3.697	6.172
76.472	3.598e-03	-1.817	2705	3.801	5.472
76.472	4.728e-03	-1.923	2687	3.896	4.909
76.472	6.217e-03	-2.013	2684	3.985	4.431
76.472	8.170e-03	-2.098	2687	4.071	4.012
76.472	1.074e-02	-2.181	2690	4.156	3.639
76.472	1.412e-02	-2.261	2695	4.239	3.305
76.472	1.856e-02	-2.339	2704	4.323	3.003
76.472	2.431e-02	-2.415	2712	4.405	2.732
76.472	3.182e-02	-2.496	2714	4.486	2.487
76.472	4.208e-02	-2.600	2679	4.568	2.264
76.472	5.533e-02	-2.698	2646	4.644	2.074
76.472	7.246e-02	-2.792	2613	4.717	1.908
76.472	9.486e-02	-2.885	2580	4.787	1.759
76.472	1.245e-01	-2.977	2546	4.856	1.624
76.472	1.636e-01	-3.069	2511	4.924	1.502
76.472	2.151e-01	-3.160	2474	4.990	1.393
76.472	2.817e-01	-3.260	2420	5.051	1.298
76.472	3.682e-01	-3.359	2359	5.106	1.218
76.472	4.802e-01	-3.450	2303	5.154	1.152
76.472	6.339e-01	-3.540	2240	5.196	1.098
76.472	8.298e-01	-3.612	2187	5.228	1.059
76.472	1.095e+00	-3.670	2143	5.250	1.032
76.472	1.434e+00	-3.707	2114	5.264	1.016
76.472	1.882e+00	-3.727	2099	5.271	1.008
76.472	2.464e+00	-3.734	2093	5.273	1.005
76.472	3.221e+00	-3.737	2091	5.274	1.004
76.472	4.251e+00	-3.737	2091	5.274	1.004
76.472	5.658e+00	-3.737	2091	5.274	1.004
76.472	7.531e+00	-3.737	2091	5.274	1.004
76.472	1.000e+01	-3.738	2090	5.275	1.004
77.520	1.023e-04	-0.756	3203	3.040	13.239
77.520	1.344e-04	-0.844	3178	3.114	12.150
77.520	1.767e-04	-0.932	3151	3.188	11.164
77.520	2.322e-04	-1.025	3114	3.260	10.276
77.520	3.053e-04	-1.119	3069	3.329	9.489
77.520	4.013e-04	-1.211	3019	3.392	8.823
77.520	5.297e-04	-1.287	2975	3.442	8.329
77.520	6.935e-04	-1.330	2948	3.471	8.062
77.520	9.154e-04	-1.355	2933	3.486	7.920
77.520	1.196e-03	-1.377	2921	3.500	7.791
77.520	1.579e-03	-1.414	2899	3.525	7.576
77.520	2.067e-03	-1.496	2853	3.579	7.117
77.520	2.729e-03	-1.677	2758	3.702	6.179
77.520	3.572e-03	-1.810	2711	3.804	5.494
77.520	4.688e-03	-1.915	2691	3.896	4.938
77.520	6.162e-03	-2.005	2688	3.984	4.462
77.520	8.101e-03	-2.089	2690	4.070	4.043
77.520	1.065e-02	-2.172	2693	4.154	3.669
77.520	1.400e-02	-2.252	2697	4.238	3.334
77.520	1.840e-02	-2.329	2706	4.320	3.031
77.520	2.400e-02	-2.404	2714	4.401	2.763
77.520	3.150e-02	-2.483	2720	4.483	2.513
77.520	4.125e-02	-2.582	2689	4.562	2.294
77.520	5.390e-02	-2.678	2656	4.637	2.104
77.520	7.087e-02	-2.774	2623	4.711	1.932
77.520	9.280e-02	-2.867	2590	4.782	1.781
77.520	1.215e-01	-2.959	2556	4.851	1.645
77.520	1.582e-01	-3.047	2523	4.917	1.525
77.520	2.088e-01	-3.139	2487	4.984	1.412
77.520	2.734e-01	-3.236	2437	5.046	1.315
77.520	3.608e-01	-3.339	2376	5.103	1.230
77.520	4.724e-01	-3.429	2320	5.153	1.163
77.520	6.200e-01	-3.513	2264	5.194	1.109
77.520	8.148e-01	-3.585	2211	5.225	1.069
77.520	1.063e+00	-3.636	2174	5.247	1.043
77.520	1.403e+00	-3.671	2146	5.260	1.028
77.520	1.837e+00	-3.689	2133	5.266	1.020
77.520	2.410e+00	-3.695	2127	5.269	1.017
77.520	3.157e+00	-3.697	2126	5.269	1.017
77.520	4.125e+00	-3.697	2126	5.269	1.017
77.520	5.380e+00	-3.697	2126	5.269	1.016
77.520	7.147e+00	-3.697	2126	5.269	1.016
77.520	9.512e+00	-3.698	2126	5.269	1.016
78.567	1.013e-04	-0.744	3210	3.037	13.366
78.567	1.331e-04	-0.832	3184	3.112	12.266
78.567	1.757e-04	-0.921	3158	3.187	11.255
78.567	2.297e-04	-1.011	3124	3.257	10.376
78.567	3.020e-04	-1.106	3078	3.327	9.579
78.567	3.969e-04	-1.196	3031	3.390	8.904
78.567	5.218e-04	-1.271	2987	3.440	8.412
78.567	6.858e-04	-1.315	2961	3.468	8.139
78.567	8.945e-04	-1.338	2948	3.483	8.001
78.567	1.181e-03	-1.361	2934	3.498	7.865
78.567	1.561e-03	-1.399	2912	3.523	7.640
78.567	2.044e-03	-1.485	2863	3.580	7.155
78.567	2.698e-03	-1.668	2766	3.703	6.208
78.567	3.554e-03	-1.803	2716	3.807	5.513
78.567	4.671e-03	-1.908	2697	3.899	4.958
78.567	6.142e-03	-1.998	2692	3.986	4.484
78.567	8.072e-03	-2.082	2694	4.071	4.066
78.567	1.053e-02	-2.161	2696	4.152	3.703
78.567	1.390e-02	-2.244	2699	4.236	3.361
78.567	1.819e-02	-2.319	2708	4.318	3.061
78.567	2.402e-02	-2.398	2716	4.401	2.780
78.567	3.144e-02	-2.474	2724	4.482	2.532
78.567	4.126e-02	-2.572	2696	4.563	2.308
78.567	5.423e-02	-2.671	2663	4.640	2.113
78.567	7.130e-02	-2.766	2630	4.714	1.940
78.567	9.371e-02	-2.861	2596	4.786	1.786
78.567	1.222e-01	-2.951	2563	4.854	1.651
78.567	1.613e-01	-3.044	2528	4.923	1.525
78.567	2.109e-01	-3.132	2494	4.987	1.416
78.567	2.750e-01	-3.226	2446	5.048	1.320
78.567	3.610e-01	-3.325	2388	5.105	1.237
78.567	4.744e-01	-3.415	2333	5.154	1.169
78.567	6.188e-01	-3.493	2282	5.194	1.116
78.567	8.168e-01	-3.563	2231	5.225	1.077
78.567	1.069e+00	-3.610	2197	5.245	1.053
78.567	1.411e+00	-3.639	2175	5.257	1.038
78.567	1.859e+00	-3.653	2164	5.262	1.032
78.567	2.435e+00	-3.658	2161	5.264	1.030
78.567	3.182e+00	-3.659	2160	5.264	1.029
78.567	4.200e+00	-3.659	2160	5.265	1.029
78.567	5.590e+00	-3.660	2159	5.265	1.029
78.567	7.441e+00	-3.660	2159	5.265	1.029
78.567	9.904e+00	-3.660	2159	5.265	1.029
80.663	1.003e-04	-0.723	3222	3.035	13.585
80.663	1.310e-04	-0.810	3197	3.108	12.486
80.663	1.709e-04	-0.895	3173	3.180	11.498
80.663	2.243e-04	-0.984	3141	3.252	10.582
80.663	2.948e-04	-1.078	3098	3.321	9.764
80.663	3.876e-04	-1.166	3056	3.385	9.072
80.663	5.094e-04	-1.240	3012	3.435	8.569
80.663	6.698e-04	-1.283	2987	3.463	8.293
80.663	8.803e-04	-1.306	2973	3.479	8.149
80.663	1.148e-03	-1.329	2960	3.493	8.013
80.663	1.516e-03	-1.368	2938	3.519	7.776
80.663	1.984e-03	-1.460	2885	3.580	7.254
80.663	2.614e-03	-1.644	2785	3.702	6.297
80.663	3.437e-03	-1.781	2729	3.804	5.604
80.663	4.518e-03	-1.884	2709	3.895	5.048
80.663	5.893e-03	-1.973	2701	3.978	4.585
80.663	7.734e-03	-2.057	2700	4.061	4.165
80.663	1.016e-02	-2.138	2703	4.144	3.787
80.663	1.326e-02	-2.216	2705	4.224	3.454
80.663	1.750e-02	-2.295	2711	4.307	3.140
80.663	2.291e-02	-2.370	2720	4.387	2.862
80.663	3.024e-02	-2.448	2728	4.471	2.600
80.663	3.959e-02	-2.536	2716	4.551	2.371
80.663	5.236e-02	-2.638	2682	4.631	2.163
80.663	6.829e-02	-2.732	2650	4.704	1.989
80.663	8.963e-02	-2.826	2616	4.776	1.830
80.663	1.178e-01	-2.919	2582	4.846	1.688
80.663	1.537e-01	-3.008	2548	4.913	1.563
80.663	2.017e-01	-3.098	2514	4.979	1.449
80.663	2.651e-01	-3.189	2474	5.042	1.347
80.663	3.485e-01	-3.286	2419	5.100	1.261
80.663	4.580e-01	-3.374	2367	5.149	1.190
80.663	6.022e-01	-3.450	2319	5.190	1.136
80.663	7.914e-01	-3.511	2277	5.220	1.098
80.663	1.041e+00	-3.555	2245	5.239	1.074
80.663	1.368e+00	-3.578	2228	5.249	1.062
80.663	1.784e+00	-3.588	2221	5.253	1.057
80.663	2.341e+00	-3.591	2219	5.254	1.055
80.663	3.077e+00	-3.591	2218	5.255	1.055
80.663	4.096e+00	-3.592	2218	5.255	1.054
80.663	5.451e+00	-3.592	2218	5.255	1.054
80.663	7.256e+00	-3.592	2218	5.255	1.054
80.663	9.657e+00	-3.592	2218	5.255	1.054
81.710	1.037e-04	-0.726	3224	3.044	13.526
81.710	1.357e-04	-0.812	3200	3.118	12.426
81.710	1.792e-04	-0.901	3174	3.192	11.402
81.710	2.346e-04	-0.990	3142	3.264	10.505
81.710	3.096e-04	-1.085	3098	3.334	9.689
81.710	4.053e-04	-1.168	3058	3.395	9.032
81.710	5.350e-04	-1.238	3017	3.441	8.567
81.710	7.004e-04	-1.274	2996	3.465	8.335
81.710	9.193e-04	-1.295	2983	3.479	8.199
81.710	1.208e-03	-1.321	2968	3.496	8.043
81.710	1.595e-03	-1.368	2942	3.527	7.755
81.710	2.088e-03	-1.491	2871	3.609	7.062
81.710	2.761e-03	-1.671	2776	3.729	6.146
81.710	3.645e-03	-1.799	2729	3.828	5.488
81.710	4.763e-03	-1.897	2711	3.914	4.966
81.710	6.212e-03	-1.984	2704	3.997	4.517
81.710	8.200e-03	-2.068	2704	4.081	4.100
81.710	1.073e-02	-2.147	2707	4.162	3.735
81.710	1.409e-02	-2.227	2709	4.243	3.402
81.710	1.852e-02	-2.304	2715	4.324	3.098
81.710	2.435e-02	-2.380	2724	4.406	2.820
81.710	3.188e-02	-2.456	2732	4.486	2.570
81.710	4.166e-02	-2.545	2717	4.566	2.345
81.710	5.478e-02	-2.644	2683	4.644	2.145
81.710	7.200e-02	-2.740	2650	4.718	1.968
81.710	9.391e-02	-2.832	2618	4.789	1.815
81.710	1.223e-01	-2.922	2584	4.856	1.679
81.710	1.614e-01	-3.015	2549	4.926	1.550
81.710	2.109e-01	-3.103	2516	4.990	1.439
81.710	2.742e-01	-3.190	2478	5.050	1.343
81.710	3.577e-01	-3.281	2426	5.106	1.260
81.710	4.721e-01	-3.368	2374	5.155	1.191
81.710	6.180e-01	-3.439	2330	5.193	1.140
81.710	8.112e-01	-3.494	2293	5.220	1.104
81.710	1.066e+00	-3.532	2266	5.237	1.083
81.710	1.391e+00	-3.550	2252	5.245	1.073
81.710	1.836e+00	-3.558	2246	5.249	1.069
81.710	2.403e+00	-3.560	2245	5.250	1.067
81.710	3.192e+00	-3.560	2245	5.250	1.067
81.710	4.248e+00	-3.561	2245	5.250	1.067
81.710	5.654e+00	-3.561	2245	5.250	1.067
81.710	7.526e+00	-3.561	2244	5.250	1.067
81.710	1.000e+01	-3.561	2244	5.250	1.067
83.805	1.012e-04	-0.703	3233	3.037	13.803
83.805	1.322e-04	-0.787	3213	3.111	12.685
83.805	1.719e-04	-0.871	3189	3.182	11.692
83.805	2.242e-04	-0.957	3161	3.252	10.779
83.805	2.960e-04	-1.050	3121	3.323	9.932
83.805	3.874e-04	-1.135	3080	3.385	9.247
83.805	5.114e-04	-1.204	3044	3.433	8.752
83.805	6.695e-04	-1.242	3021	3.458	8.502
83.805	8.787e-04	-1.264	3008	3.473	8.361
83.805	1.155e-03	-1.289	2993	3.490	8.201
83.805	1.524e-03	-1.335	2968	3.521	7.911
83.805	1.996e-03	-1.457	2899	3.601	7.211
83.805	2.639e-03	-1.639	2799	3.722	6.273
83.805	3.484e-03	-1.771	2744	3.820	5.604
83.805	4.553e-03	-1.870	2724	3.906	5.076
83.805	5.986e-03	-1.961	2712	3.990	4.610
83.805	7.867e-03	-2.044	2710	4.072	4.195
83.805	1.026e-02	-2.122	2713	4.151	3.831
83.805	1.347e-02	-2.201	2715	4.231	3.492
83.805	1.770e-02	-2.279	2718	4.312	3.182
83.805	2.327e-02	-2.354	2727	4.393	2.899
83.805	3.059e-02	-2.431	2735	4.474	2.640
83.805	4.021e-02	-2.512	2735	4.556	2.404
83.805	5.318e-02	-2.614	2701	4.636	2.191
83.805	6.990e-02	-2.711	2668	4.712	2.009
83.805	9.117e-02	-2.803	2635	4.782	1.851
83.805	1.203e-01	-2.898	2600	4.854	1.705
83.805	1.575e-01	-2.989	2567	4.922	1.577
83.805	2.080e-01	-3.079	2532	4.989	1.460
83.805	2.722e-01	-3.165	2497	5.050	1.360
83.805	3.600e-01	-3.258	2447	5.108	1.272
83.805	4.734e-01	-3.341	2397	5.155	1.205
83.805	6.221e-01	-3.405	2359	5.192	1.155
83.805	8.180e-01	-3.453	2328	5.217	1.122
83.805	1.071e+00	-3.482	2309	5.232	1.104
83.805	1.402e+00	-3.496	2300	5.238	1.095
83.805	1.840e+00	-3.501	2296	5.241	1.092
83.805	2.419e+00	-3.502	2296	5.241	1.092
83.805	3.193e+00	-3.502	2295	5.241	1.092
83.805	4.250e+00	-3.502	2295	5.241	1.092
83.805	5.656e+00	-3.502	2295	5.241	1.092
83.805	7.529e+00	-3.502	2295	5.241	1.092
83.805	1.000e+01	-3.503	2295	5.241	1.091
85.900	1.033e-04	-0.695	3239	3.043	13.877
85.900	1.348e-04	-0.777	3222	3.116	12.762
85.900	1.752e-04	-0.861	3198	3.187	11.763
85.900	2.300e-04	-0.949	3170	3.259	10.825
85.900	3.023e-04	-1.039	3133	3.329	9.992
85.900	3.974e-04	-1.123	3092	3.390	9.310
85.900	5.205e-04	-1.182	3063	3.433	8.860
85.900	6.801e-04	-1.216	3043	3.456	8.633
85.900	8.872e-04	-1.237	3030	3.470	8.494
85.900	1.171e-03	-1.266	3014	3.488	8.314
85.900	1.543e-03	-1.318	2985	3.525	7.974
85.900	2.027e-03	-1.467	2901	3.623	7.119
85.900	2.666e-03	-1.637	2806	3.736	6.251
85.900	3.503e-03	-1.764	2754	3.830	5.611
85.900	4.606e-03	-1.863	2733	3.916	5.083
85.900	6.054e-03	-1.953	2720	3.998	4.624
85.900	7.896e-03	-2.034	2716	4.076	4.225
85.900	1.042e-02	-2.114	2719	4.158	3.847
85.900	1.364e-02	-2.191	2721	4.237	3.512
85.900	1.801e-02	-2.271	2723	4.318	3.199
85.900	2.358e-02	-2.345	2732	4.397	2.920
85.900	3.095e-02	-2.420	2740	4.478	2.662
85.900	4.067e-02	-2.497	2748	4.559	2.425
85.900	5.369e-02	-2.598	2714	4.639	2.210
85.900	7.028e-02	-2.694	2681	4.714	2.028
85.900	9.151e-02	-2.786	2649	4.785	1.869
85.900	1.208e-01	-2.881	2614	4.857	1.721
85.900	1.581e-01	-2.971	2580	4.924	1.592
85.900	2.087e-01	-3.062	2545	4.991	1.474
85.900	2.733e-01	-3.145	2513	5.053	1.373
85.900	3.607e-01	-3.234	2467	5.109	1.286
85.900	4.722e-01	-3.312	2422	5.155	1.221
85.900	6.233e-01	-3.373	2387	5.190	1.172
85.900	8.159e-01	-3.413	2362	5.213	1.142
85.900	1.071e+00	-3.437	2346	5.225	1.126
85.900	1.407e+00	-3.447	2340	5.230	1.119
85.900	1.851e+00	-3.450	2338	5.232	1.117
85.900	2.452e+00	-3.451	2338	5.232	1.117
85.900	3.264e+00	-3.451	2338	5.232	1.117
85.900	4.345e+00	-3.451	2338	5.232	1.117
85.900	5.783e+00	-3.451	2338	5.232	1.116
85.900	7.697e+00	-3.451	2337	5.232	1.116
85.900	1.000e+01	-3.451	2337	5.233	1.116
87.996	1.024e-04	-0.679	3246	3.041	14.083
87.996	1.351e-04	-0.762	3233	3.117	12.904
87.996	1.769e-04	-0.848	3207	3.190	11.867
87.996	2.335e-04	-0.937	3180	3.263	10.903
87.996	3.052e-04	-1.023	3146	3.331	10.084
87.996	3.980e-04	-1.103	3108	3.390	9.426
87.996	5.254e-04	-1.161	3080	3.432	8.981
87.996	6.866e-04	-1.190	3065	3.453	8.768
87.996	9.028e-04	-1.212	3051	3.467	8.621
87.996	1.196e-03	-1.245	3032	3.489	8.413
87.996	1.576e-03	-1.308	2999	3.533	7.996
87.996	2.071e-03	-1.476	2902	3.644	7.032
87.996	2.739e-03	-1.641	2812	3.754	6.196
87.996	3.573e-03	-1.760	2763	3.843	5.596
87.996	4.716e-03	-1.860	2741	3.928	5.072
87.996	6.163e-03	-1.948	2727	4.007	4.630
87.996	8.039e-03	-2.028	2723	4.085	4.236
87.996	1.055e-02	-2.105	2725	4.164	3.868
87.996	1.387e-02	-2.183	2728	4.243	3.529
87.996	1.809e-02	-2.260	2728	4.320	3.229
87.996	2.374e-02	-2.334	2736	4.400	2.948
87.996	3.120e-02	-2.409	2744	4.480	2.687
87.996	4.070e-02	-2.481	2755	4.559	2.454
87.996	5.291e-02	-2.574	2729	4.635	2.247
87.996	6.944e-02	-2.672	2696	4.711	2.058
87.996	9.093e-02	-2.766	2663	4.784	1.893
87.996	1.188e-01	-2.858	2629	4.854	1.747
87.996	1.562e-01	-2.949	2595	4.923	1.614
87.996	2.053e-01	-3.038	2561	4.989	1.496
87.996	2.700e-01	-3.123	2529	5.051	1.392
87.996	3.536e-01	-3.204	2491	5.106	1.307
87.996	4.628e-01	-3.279	2448	5.152	1.240
87.996	6.109e-01	-3.338	2414	5.186	1.192
87.996	7.998e-01	-3.374	2393	5.207	1.164
87.996	1.041e+00	-3.393	2382	5.218	1.149
87.996	1.375e+00	-3.401	2377	5.222	1.143
87.996	1.796e+00	-3.404	2376	5.224	1.142
87.996	2.371e+00	-3.404	2375	5.224	1.141
87.996	3.156e+00	-3.404	2375	5.224	1.141
87.996	4.201e+00	-3.404	2375	5.224	1.141
87.996	5.591e+00	-3.404	2375	5.224	1.141
87.996	7.442e+00	-3.404	2375	5.224	1.141
87.996	9.905e+00	-3.405	2375	5.224	1.141
90.091	1.035e-04	-0.668	3253	3.044	14.197
90.091	1.348e-04	-0.746	3243	3.116	13.067
90.091	1.779e-04	-0.835	3217	3.192	11.984
90.091	2.328e-04	-0.920	3191	3.263	11.038
90.091	3.074e-04	-1.009	3157	3.333	10.183
90.091	4.049e-04	-1.088	3121	3.392	9.511
90.091	5.321e-04	-1.140	3095	3.431	9.102
90.091	6.996e-04	-1.167	3082	3.450	8.899
90.091	9.162e-04	-1.188	3072	3.465	8.747
90.091	1.207e-03	-1.223	3052	3.488	8.518
90.091	1.586e-03	-1.297	3012	3.539	8.030
90.091	2.085e-03	-1.477	2910	3.659	6.995
90.091	2.738e-03	-1.632	2824	3.762	6.211
90.091	3.614e-03	-1.754	2774	3.853	5.596
90.091	4.722e-03	-1.849	2750	3.934	5.099
90.091	6.209e-03	-1.939	2734	4.014	4.651
90.091	8.160e-03	-2.021	2730	4.092	4.249
90.091	1.064e-02	-2.096	2731	4.169	3.892
90.091	1.405e-02	-2.174	2734	4.249	3.549
90.091	1.839e-02	-2.253	2733	4.326	3.245
90.091	2.414e-02	-2.326	2741	4.405	2.964
90.091	3.173e-02	-2.401	2749	4.485	2.703
90.091	4.138e-02	-2.473	2760	4.563	2.470
90.091	5.432e-02	-2.565	2740	4.643	2.253
90.091	7.139e-02	-2.663	2706	4.720	2.063
90.091	9.370e-02	-2.759	2672	4.793	1.896
90.091	1.231e-01	-2.852	2638	4.864	1.747
90.091	1.606e-01	-2.941	2605	4.931	1.617
90.091	2.088e-01	-3.026	2572	4.994	1.504
90.091	2.741e-01	-3.108	2541	5.055	1.402
90.091	3.602e-01	-3.186	2507	5.110	1.317
90.091	4.736e-01	-3.258	2467	5.154	1.252
90.091	6.224e-01	-3.310	2437	5.185	1.208
90.091	8.118e-01	-3.341	2419	5.203	1.183
90.091	1.066e+00	-3.356	2411	5.211	1.171
90.091	1.395e+00	-3.361	2408	5.214	1.167
90.091	1.823e+00	-3.362	2407	5.215	1.166
90.091	2.407e+00	-3.362	2407	5.215	1.166
90.091	3.204e+00	-3.362	2407	5.215	1.166
90.091	4.264e+00	-3.363	2407	5.215	1.166
90.091	5.676e+00	-3.363	2407	5.216	1.166
90.091	7.554e+00	-3.363	2407	5.216	1.166
90.091	1.000e+01	-3.363	2407	5.216	1.166
92.186	1.028e-04	-0.653	3259	3.043	14.387
92.186	1.346e-04	-0.732	3250	3.116	13.222
92.186	1.773e-04	-0.818	3228	3.191	12.132
92.186	2.330e-04	-0.905	3201	3.263	11.161
92.186	3.063e-04	-0.991	3170	3.332	10.311
92.186	4.012e-04	-1.066	3137	3.390	9.652
92.186	5.252e-04	-1.117	3113	3.426	9.251
92.186	6.932e-04	-1.143	3100	3.446	9.046
92.186	9.059e-04	-1.164	3090	3.461	8.890
92.186	1.196e-03	-1.199	3072	3.486	8.640
92.186	1.565e-03	-1.279	3029	3.541	8.109
92.186	2.066e-03	-1.464	2924	3.665	7.027
92.186	2.705e-03	-1.615	2840	3.766	6.259
92.186	3.571e-03	-1.737	2789	3.855	5.646
92.186	4.674e-03	-1.835	2760	3.936	5.147
92.186	6.135e-03	-1.924	2743	4.014	4.702
92.186	8.034e-03	-2.005	2737	4.091	4.305
92.186	1.052e-02	-2.081	2737	4.167	3.942
92.186	1.388e-02	-2.159	2740	4.247	3.598
92.186	1.814e-02	-2.236	2739	4.323	3.294
92.186	2.385e-02	-2.311	2744	4.402	3.008
92.186	3.135e-02	-2.385	2753	4.482	2.745
92.186	4.122e-02	-2.459	2764	4.562	2.503
92.186	5.417e-02	-2.546	2753	4.642	2.281
92.186	7.164e-02	-2.647	2719	4.721	2.083
92.186	9.345e-02	-2.740	2686	4.794	1.917
92.186	1.226e-01	-2.834	2651	4.865	1.766
92.186	1.612e-01	-2.925	2617	4.934	1.632
92.186	2.119e-01	-3.013	2584	4.999	1.513
92.186	2.785e-01	-3.095	2553	5.060	1.411
92.186	3.633e-01	-3.166	2523	5.111	1.329
92.186	4.796e-01	-3.234	2487	5.154	1.266
92.186	6.278e-01	-3.281	2461	5.182	1.225
92.186	8.175e-01	-3.307	2445	5.198	1.204
92.186	1.073e+00	-3.319	2438	5.205	1.194
92.186	1.405e+00	-3.323	2436	5.207	1.191
92.186	1.851e+00	-3.324	2436	5.207	1.190
92.186	2.453e+00	-3.324	2436	5.207	1.190
92.186	3.265e+00	-3.324	2436	5.208	1.190
92.186	4.345e+00	-3.324	2436	5.208	1.190
92.186	5.784e+00	-3.324	2435	5.208	1.190
92.186	7.698e+00	-3.324	2435	5.208	1.190
92.186	1.000e+01	-3.324	2435	5.208	1.190
94.281	1.012e-04	-0.636	3266	3.039	14.613
94.281	1.330e-04	-0.715	3257	3.113	13.418
94.281	1.749e-04	-0.799	3239	3.187	12.320
94.281	2.298e-04	-0.886	3212	3.260	11.332
94.281	3.022e-04	-0.970	3183	3.329	10.468
94.281	3.972e-04	-1.045	3153	3.387	9.795
94.281	5.222e-04	-1.094	3129	3.423	9.392
94.281	6.863e-04	-1.120	3117	3.442	9.193
94.281	8.951e-04	-1.141	3106	3.457	9.032
94.281	1.184e-03	-1.177	3089	3.483	8.763
94.281	1.556e-03	-1.265	3043	3.545	8.158
94.281	2.046e-03	-1.450	2939	3.670	7.069
94.281	2.690e-03	-1.601	2855	3.771	6.295
94.281	3.535e-03	-1.721	2803	3.858	5.694
94.281	4.648e-03	-1.822	2770	3.938	5.188
94.281	6.108e-03	-1.911	2753	4.017	4.742
94.281	8.031e-03	-1.993	2744	4.094	4.340
94.281	1.052e-02	-2.070	2743	4.169	3.977
94.281	1.377e-02	-2.144	2745	4.246	3.642
94.281	1.817e-02	-2.224	2745	4.325	3.325
94.281	2.379e-02	-2.299	2748	4.402	3.043
94.281	3.140e-02	-2.374	2757	4.482	2.775
94.281	4.111e-02	-2.445	2768	4.561	2.534
94.281	5.426e-02	-2.529	2766	4.643	2.306
94.281	7.177e-02	-2.630	2731	4.722	2.104
94.281	9.395e-02	-2.725	2698	4.796	1.933
94.281	1.223e-01	-2.816	2664	4.865	1.785
94.281	1.615e-01	-2.909	2630	4.935	1.647
94.281	2.114e-01	-2.995	2597	5.000	1.529
94.281	2.790e-01	-3.077	2566	5.061	1.425
94.281	3.646e-01	-3.146	2539	5.112	1.344
94.281	4.756e-01	-3.206	2509	5.151	1.284
94.281	6.278e-01	-3.251	2484	5.179	1.244
94.281	8.204e-01	-3.274	2471	5.193	1.225
94.281	1.079e+00	-3.284	2465	5.198	1.217
94.281	1.418e+00	-3.286	2464	5.200	1.214
94.281	1.871e+00	-3.287	2464	5.200	1.214
94.281	2.491e+00	-3.287	2464	5.200	1.214
94.281	3.315e+00	-3.287	2464	5.200	1.214
94.281	4.413e+00	-3.287	2463	5.200	1.214
94.281	5.873e+00	-3.287	2463	5.200	1.214
94.281	7.817e+00	-3.288	2463	5.200	1.213
94.281	1.000e+01	-3.288	2463	5.201	1.213
96.376	1.035e-04	-0.630	3272	3.046	14.663
96.376	1.355e-04	-0.708	3262	3.118	13.484
96.376	1.765e-04	-0.787	3248	3.190	12.419
96.376	2.329e-04	-0.875	3220	3.263	11.410
96.376	3.049e-04	-0.957	3193	3.331	10.561
96.376	4.002e-04	-1.028	3165	3.386	9.904
96.376	5.241e-04	-1.074	3145	3.420	9.525
96.376	6.861e-04	-1.098	3133	3.438	9.334
96.376	9.005e-04	-1.120	3122	3.454	9.160
96.376	1.184e-03	-1.158	3104	3.482	8.870
96.376	1.562e-03	-1.259	3053	3.555	8.158
96.376	2.045e-03	-1.441	2951	3.677	7.086
96.376	2.684e-03	-1.589	2869	3.776	6.324
96.376	3.528e-03	-1.708	2815	3.862	5.726
96.376	4.639e-03	-1.810	2779	3.942	5.223
96.376	6.096e-03	-1.898	2762	4.020	4.778
96.376	8.015e-03	-1.981	2751	4.096	4.377
96.376	1.053e-02	-2.059	2749	4.172	4.009
96.376	1.374e-02	-2.132	2751	4.247	3.679
96.376	1.803e-02	-2.210	2750	4.324	3.366
96.376	2.370e-02	-2.286	2752	4.401	3.079
96.376	3.116e-02	-2.360	2760	4.480	2.812
96.376	4.096e-02	-2.432	2772	4.560	2.566
96.376	5.342e-02	-2.505	2780	4.638	2.345
96.376	7.052e-02	-2.607	2746	4.718	2.139
96.376	9.232e-02	-2.702	2712	4.792	1.964
96.376	1.219e-01	-2.798	2678	4.865	1.805
96.376	1.592e-01	-2.887	2644	4.933	1.669
96.376	2.077e-01	-2.972	2612	4.997	1.551
96.376	2.742e-01	-3.054	2581	5.058	1.446
96.376	3.589e-01	-3.123	2554	5.108	1.364
96.376	4.674e-01	-3.178	2531	5.147	1.304
96.376	6.169e-01	-3.220	2508	5.174	1.265
96.376	8.076e-01	-3.241	2496	5.187	1.246
96.376	1.052e+00	-3.250	2491	5.192	1.239
96.376	1.388e+00	-3.252	2490	5.193	1.237
96.376	1.828e+00	-3.252	2490	5.193	1.237
96.376	2.434e+00	-3.252	2490	5.193	1.237
96.376	3.239e+00	-3.252	2490	5.193	1.237
96.376	4.311e+00	-3.253	2490	5.193	1.237
96.376	5.738e+00	-3.253	2490	5.194	1.237
96.376	7.638e+00	-3.253	2489	5.194	1.237
96.376	1.000e+01	-3.253	2489	5.194	1.236
98.471	1.039e-04	-0.619	3278	3.047	14.799
98.471	1.363e-04	-0.697	3268	3.120	13.602
98.471	1.792e-04	-0.778	3256	3.194	12.494
98.471	2.356e-04	-0.865	3229	3.266	11.494
98.471	3.096e-04	-0.946	3202	3.334	10.637
98.471	4.038e-04	-1.013	3177	3.386	10.013
98.471	5.300e-04	-1.054	3160	3.418	9.652
98.471	6.890e-04	-1.076	3149	3.435	9.471
98.471	9.022e-04	-1.099	3138	3.452	9.288
98.471	1.181e-03	-1.140	3118	3.481	8.976
98.471	1.559e-03	-1.252	3064	3.563	8.171
98.471	1.979e-03	-1.412	2975	3.672	7.205
98.471	2.515e-03	-1.546	2898	3.760	6.510
98.471	3.281e-03	-1.667	2840	3.846	5.901
98.471	4.330e-03	-1.776	2795	3.927	5.372
98.471	5.669e-03	-1.863	2776	4.003	4.924
98.471	7.483e-03	-1.951	2759	4.080	4.507
98.471	9.779e-03	-2.028	2754	4.153	4.140
98.471	1.286e-02	-2.103	2756	4.230	3.792
98.471	1.690e-02	-2.179	2756	4.306	3.471
98.471	2.204e-02	-2.255	2755	4.381	3.184
98.471	2.870e-02	-2.326	2762	4.457	2.920
98.471	3.788e-02	-2.400	2772	4.537	2.663
98.471	4.959e-02	-2.471	2784	4.616	2.432
98.471	6.509e-02	-2.561	2768	4.695	2.219
98.471	8.554e-02	-2.659	2734	4.772	2.031
98.471	1.116e-01	-2.751	2701	4.843	1.871
98.471	1.464e-01	-2.843	2667	4.913	1.726
98.471	1.925e-01	-2.932	2633	4.980	1.599
98.471	2.531e-01	-3.014	2602	5.041	1.489
98.471	3.326e-01	-3.086	2575	5.095	1.401
98.471	4.338e-01	-3.142	2553	5.136	1.336
98.471	5.694e-01	-3.183	2535	5.164	1.293
98.471	7.483e-01	-3.207	2522	5.179	1.271
98.471	9.761e-01	-3.216	2516	5.185	1.262
98.471	1.281e+00	-3.219	2515	5.187	1.260
98.471	1.684e+00	-3.219	2515	5.187	1.260
98.471	2.241e+00	-3.219	2515	5.187	1.260
98.471	2.983e+00	-3.219	2515	5.187	1.259
98.471	3.970e+00	-3.220	2514	5.187	1.259
98.471	5.284e+00	-3.220	2514	5.187	1.259
98.471	7.033e+00	-3.220	2514	5.187	1.259
98.471	9.361e+00	-3.220	2514	5.187	1.259
100.566	1.009e-04	-0.599	3285	3.040	15.082
100.566	1.316e-04	-0.675	3276	3.111	13.894
100.566	1.727e-04	-0.753	3266	3.184	12.771
100.566	2.269e-04	-0.839	3242	3.257	11.746
100.566	2.960e-04	-0.919	3216	3.323	10.884
100.566	3.907e-04	-0.989	3191	3.379	10.201
100.566	5.115e-04	-1.030	3174	3.412	9.823
100.566	6.660e-04	-1.052	3166	3.429	9.632
100.566	8.658e-04	-1.075	3155	3.446	9.452
100.566	1.136e-03	-1.114	3136	3.475	9.141
100.566	1.494e-03	-1.216	3091	3.551	8.374
100.566	1.957e-03	-1.396	2991	3.674	7.262
100.566	2.572e-03	-1.545	2906	3.774	6.479
100.566	3.395e-03	-1.669	2846	3.861	5.860
100.566	4.445e-03	-1.773	2803	3.939	5.357
100.566	5.834e-03	-1.862	2783	4.014	4.911
100.566	7.668e-03	-1.947	2765	4.089	4.505
100.566	1.000e-02	-2.023	2760	4.162	4.143
100.566	1.320e-02	-2.099	2762	4.239	3.793
100.566	1.725e-02	-2.174	2761	4.313	3.480
100.566	2.250e-02	-2.249	2760	4.388	3.193
100.566	2.953e-02	-2.323	2766	4.465	2.922
100.566	3.882e-02	-2.395	2777	4.544	2.669
100.566	5.104e-02	-2.467	2789	4.624	2.435
100.566	6.683e-02	-2.553	2777	4.703	2.223
100.566	8.749e-02	-2.650	2744	4.778	2.037
100.566	1.155e-01	-2.747	2708	4.853	1.870
100.566	1.509e-01	-2.837	2675	4.922	1.728
100.566	1.984e-01	-2.925	2642	4.988	1.601
100.566	2.608e-01	-3.006	2612	5.048	1.493
100.566	3.402e-01	-3.073	2586	5.098	1.410
100.566	4.465e-01	-3.126	2565	5.137	1.348
100.566	5.868e-01	-3.161	2551	5.163	1.309
100.566	7.654e-01	-3.179	2543	5.175	1.291
100.566	1.005e+00	-3.186	2539	5.180	1.284
100.566	1.306e+00	-3.188	2538	5.181	1.282
100.566	1.698e+00	-3.188	2538	5.181	1.282
100.566	2.223e+00	-3.188	2538	5.181	1.282
100.566	2.928e+00	-3.188	2538	5.181	1.282
100.566	3.898e+00	-3.188	2538	5.181	1.282
100.566	5.188e+00	-3.188	2538	5.181	1.281
100.566	6.905e+00	-3.188	2538	5.181	1.281
100.566	9.191e+00	-3.189	2538	5.181	1.281
102.661	1.021e-04	-0.591	3290	3.043	15.173
102.661	1.334e-04	-0.667	3281	3.115	13.973
102.661	1.740e-04	-0.743	3272	3.186	12.871
102.661	2.284e-04	-0.827	3251	3.258	11.846
102.661	3.001e-04	-0.908	3224	3.326	10.962
102.661	3.915e-04	-0.972	3202	3.378	10.323
102.661	5.168e-04	-1.013	3186	3.410	9.953
102.661	6.765e-04	-1.034	3178	3.426	9.762
102.661	8.879e-04	-1.058	3168	3.445	9.558
102.661	1.167e-03	-1.104	3146	3.479	9.191
102.661	1.540e-03	-1.232	3088	3.575	8.227
102.661	2.029e-03	-1.409	2990	3.695	7.162
102.661	2.667e-03	-1.551	2911	3.791	6.416
102.661	3.478e-03	-1.667	2854	3.873	5.840
102.661	4.565e-03	-1.771	2811	3.950	5.340
102.661	6.000e-03	-1.860	2789	4.025	4.898
102.661	7.889e-03	-1.945	2771	4.100	4.497
102.661	1.037e-02	-2.022	2766	4.174	4.129
102.661	1.352e-02	-2.095	2767	4.247	3.796
102.661	1.785e-02	-2.172	2767	4.324	3.473
102.661	2.337e-02	-2.248	2765	4.399	3.184
102.661	3.067e-02	-2.322	2771	4.476	2.915
102.661	4.031e-02	-2.393	2782	4.555	2.663
102.661	5.300e-02	-2.465	2795	4.635	2.429
102.661	6.966e-02	-2.552	2784	4.715	2.215
102.661	9.212e-02	-2.653	2749	4.793	2.024
102.661	1.202e-01	-2.745	2715	4.864	1.865
102.661	1.577e-01	-2.836	2682	4.934	1.722
102.661	2.073e-01	-2.923	2649	4.999	1.597
102.661	2.725e-01	-3.001	2620	5.057	1.493
102.661	3.569e-01	-3.065	2595	5.105	1.413
102.661	4.672e-01	-3.112	2576	5.140	1.357
102.661	6.132e-01	-3.141	2565	5.161	1.325
102.661	8.030e-01	-3.154	2560	5.171	1.310
102.661	1.049e+00	-3.158	2558	5.174	1.306
102.661	1.380e+00	-3.159	2558	5.175	1.304
102.661	1.828e+00	-3.159	2558	5.175	1.304
102.661	2.434e+00	-3.160	2558	5.175	1.304
102.661	3.239e+00	-3.160	2558	5.175	1.304
102.661	4.311e+00	-3.160	2558	5.175	1.304
102.661	5.738e+00	-3.160	2558	5.175	1.304
102.661	7.638e+00	-3.160	2558	5.175	1.304
102.661	1.000e+01	-3.160	2557	5.175	1.304
104.757	1.026e-04	-0.581	3296	3.045	15.293
104.757	1.348e-04	-0.659	3286	3.118	14.064
104.757	1.758e-04	-0.735	3277	3.189	12.958
104.757	2.308e-04	-0.816	3259	3.261	11.930
104.757	3.033e-04	-0.897	3232	3.328	11.051
104.757	3.988e-04	-0.959	3211	3.379	10.417
104.757	5.242e-04	-0.995	3198	3.407	10.079
104.757	6.837e-04	-1.016	3190	3.424	9.894
104.757	9.025e-04	-1.041	3180	3.444	9.668
104.757	1.189e-03	-1.094	3156	3.483	9.240
104.757	1.562e-03	-1.237	3092	3.590	8.165
104.757	2.062e-03	-1.408	2997	3.707	7.136
104.757	2.700e-03	-1.545	2921	3.800	6.416
104.757	3.544e-03	-1.662	2864	3.882	5.834
104.757	4.640e-03	-1.765	2821	3.959	5.343
104.757	6.075e-03	-1.853	2797	4.032	4.911
104.757	8.019e-03	-1.939	2778	4.107	4.506
104.757	1.050e-02	-2.015	2773	4.179	4.144
104.757	1.386e-02	-2.091	2773	4.255	3.798
104.757	1.811e-02	-2.165	2772	4.329	3.488
104.757	2.381e-02	-2.242	2771	4.405	3.195
104.757	3.118e-02	-2.315	2775	4.481	2.928
104.757	4.081e-02	-2.385	2786	4.558	2.680
104.757	5.357e-02	-2.457	2799	4.637	2.446
104.757	7.040e-02	-2.539	2795	4.717	2.231
104.757	9.293e-02	-2.640	2760	4.796	2.038
104.757	1.217e-01	-2.734	2725	4.868	1.875
104.757	1.584e-01	-2.822	2693	4.935	1.735
104.757	2.091e-01	-2.909	2660	5.001	1.608
104.757	2.737e-01	-2.985	2631	5.058	1.506
104.757	3.564e-01	-3.046	2608	5.104	1.429
104.757	4.678e-01	-3.091	2590	5.138	1.375
104.757	6.148e-01	-3.118	2580	5.157	1.345
104.757	8.019e-01	-3.129	2576	5.165	1.332
104.757	1.053e+00	-3.133	2574	5.168	1.328
104.757	1.383e+00	-3.133	2574	5.168	1.327
104.757	1.841e+00	-3.134	2574	5.169	1.327
104.757	2.451e+00	-3.134	2574	5.169	1.327
104.757	3.262e+00	-3.134	2574	5.169	1.327
104.757	4.341e+00	-3.134	2574	5.169	1.327
104.757	5.778e+00	-3.134	2574	5.169	1.327
104.757	7.691e+00	-3.134	2574	5.169	1.326
104.757	1.000e+01	-3.134	2574	5.169	1.326
