Mass/Mjup	Age/Gyr	log(L/Lsun)	Teff	log(g)	Radius/Rjup
0.047	1.006e-04	-6.098	418	1.631	1.654
0.047	1.331e-04	-6.206	406	1.687	1.550
0.047	1.760e-04	-6.286	401	1.746	1.448
0.047	2.328e-04	-6.383	393	1.808	1.350
0.047	3.079e-04	-6.476	386	1.869	1.257
0.047	4.072e-04	-6.586	375	1.930	1.172
0.047	5.385e-04	-6.703	363	1.988	1.096
0.047	7.121e-04	-6.823	350	2.045	1.027
0.047	9.400e-04	-6.941	337	2.098	0.966
0.047	1.243e-03	-7.061	324	2.149	0.911
0.047	1.638e-03	-7.184	310	2.198	0.861
0.047	2.166e-03	-7.310	296	2.244	0.817
0.047	2.864e-03	-7.441	282	2.287	0.777
0.047	3.764e-03	-7.563	269	2.326	0.743
0.047	4.949e-03	-7.684	256	2.363	0.712
0.047	6.545e-03	-7.804	244	2.397	0.684
0.047	8.603e-03	-7.923	232	2.430	0.659
0.047	1.131e-02	-8.043	220	2.461	0.636
0.047	1.487e-02	-8.164	209	2.490	0.615
0.047	1.962e-02	-8.286	198	2.517	0.596
0.047	2.585e-02	-8.406	187	2.542	0.579
0.047	3.418e-02	-8.529	177	2.566	0.564
0.047	4.493e-02	-8.649	167	2.588	0.549
0.047	5.907e-02	-8.769	158	2.609	0.536
0.047	7.763e-02	-8.889	149	2.629	0.524
0.047	1.027e-01	-9.015	140	2.650	0.512
0.047	1.355e-01	-9.139	132	2.669	0.501
0.047	1.785e-01	-9.263	124	2.687	0.490
0.047	2.346e-01	-9.384	117	2.704	0.481
0.047	3.085e-01	-9.507	110	2.719	0.472
0.047	4.054e-01	-9.628	103	2.734	0.464
0.047	5.331e-01	-9.751	97	2.749	0.457
0.047	7.006e-01	-9.873	91	2.763	0.449
0.047	9.138e-01	-9.992	86	2.775	0.443
0.047	1.206e+00	-10.117	81	2.788	0.436
0.047	1.576e+00	-10.239	76	2.800	0.430
0.047	2.081e+00	-10.349	71	2.811	0.425
0.047	2.547e+00	-10.427	69	2.819	0.421
0.047	3.003e+00	-10.427	69	2.819	0.421
0.047	3.997e+00	-10.427	69	2.819	0.421
0.047	5.320e+00	-10.427	69	2.819	0.421
0.047	7.081e+00	-10.427	69	2.819	0.421
0.047	9.424e+00	-10.427	69	2.819	0.421
0.063	1.041e-04	-5.898	474	1.773	1.622
0.063	1.368e-04	-6.007	459	1.826	1.526
0.063	1.809e-04	-6.114	445	1.878	1.436
0.063	2.388e-04	-6.206	435	1.930	1.354
0.063	3.158e-04	-6.308	422	1.981	1.276
0.063	4.160e-04	-6.407	411	2.032	1.203
0.063	5.468e-04	-6.513	398	2.082	1.136
0.063	7.189e-04	-6.622	384	2.131	1.073
0.063	9.449e-04	-6.730	371	2.179	1.016
0.063	1.247e-03	-6.843	357	2.226	0.962
0.063	1.649e-03	-6.959	343	2.271	0.914
0.063	2.173e-03	-7.076	329	2.315	0.869
0.063	2.856e-03	-7.195	314	2.356	0.829
0.063	3.769e-03	-7.326	298	2.396	0.791
0.063	4.965e-03	-7.457	283	2.434	0.758
0.063	6.526e-03	-7.587	268	2.468	0.729
0.063	8.631e-03	-7.712	254	2.500	0.702
0.063	1.135e-02	-7.835	240	2.530	0.678
0.063	1.491e-02	-7.959	228	2.558	0.657
0.063	1.945e-02	-8.078	215	2.583	0.638
0.063	2.573e-02	-8.206	203	2.609	0.620
0.063	3.396e-02	-8.333	191	2.632	0.603
0.063	4.491e-02	-8.462	180	2.654	0.588
0.063	5.916e-02	-8.591	169	2.675	0.574
0.063	7.824e-02	-8.727	158	2.695	0.561
0.063	1.028e-01	-8.858	148	2.714	0.549
0.063	1.341e-01	-8.985	139	2.732	0.538
0.063	1.774e-01	-9.118	130	2.749	0.527
0.063	2.341e-01	-9.247	122	2.764	0.518
0.063	3.084e-01	-9.372	114	2.779	0.510
0.063	4.054e-01	-9.493	108	2.792	0.502
0.063	5.361e-01	-9.620	101	2.805	0.494
0.063	7.090e-01	-9.740	95	2.817	0.488
0.063	9.321e-01	-9.849	89	2.827	0.482
0.063	1.225e+00	-9.949	85	2.837	0.477
0.063	1.611e+00	-10.036	81	2.844	0.472
0.063	2.117e+00	-10.111	78	2.851	0.469
0.063	2.794e+00	-10.177	75	2.856	0.466
0.063	3.658e+00	-10.237	73	2.861	0.463
0.063	4.838e+00	-10.302	71	2.867	0.460
0.126	1.034e-04	-5.443	531	1.817	2.180
0.126	1.365e-04	-5.555	515	1.873	2.045
0.126	1.787e-04	-5.659	499	1.924	1.927
0.126	2.358e-04	-5.766	483	1.976	1.816
0.126	3.087e-04	-5.867	469	2.024	1.719
0.126	4.083e-04	-5.973	454	2.072	1.625
0.126	5.400e-04	-6.081	438	2.119	1.540
0.126	7.128e-04	-6.191	422	2.164	1.462
0.126	9.389e-04	-6.295	407	2.207	1.391
0.126	1.234e-03	-6.397	394	2.250	1.325
0.126	1.629e-03	-6.504	379	2.292	1.262
0.126	2.132e-03	-6.612	365	2.332	1.205
0.126	2.815e-03	-6.726	349	2.372	1.151
0.126	3.708e-03	-6.844	334	2.410	1.101
0.126	4.873e-03	-6.964	318	2.446	1.057
0.126	6.445e-03	-7.090	302	2.481	1.015
0.126	8.473e-03	-7.225	284	2.513	0.978
0.126	1.114e-02	-7.352	269	2.543	0.945
0.126	1.470e-02	-7.482	254	2.571	0.915
0.126	1.936e-02	-7.611	239	2.598	0.887
0.126	2.545e-02	-7.742	225	2.623	0.862
0.126	3.359e-02	-7.876	211	2.647	0.839
0.126	4.398e-02	-8.010	198	2.669	0.818
0.126	5.805e-02	-8.151	185	2.690	0.798
0.126	7.599e-02	-8.287	173	2.709	0.781
0.126	9.974e-02	-8.426	161	2.727	0.765
0.126	1.311e-01	-8.565	150	2.743	0.750
0.126	1.723e-01	-8.697	140	2.759	0.737
0.126	2.257e-01	-8.828	131	2.773	0.725
0.126	2.973e-01	-8.960	123	2.787	0.713
0.126	3.907e-01	-9.091	115	2.800	0.703
0.126	5.158e-01	-9.226	107	2.813	0.693
0.126	6.821e-01	-9.362	99	2.825	0.683
0.126	8.929e-01	-9.495	93	2.836	0.674
0.126	1.181e+00	-9.634	86	2.847	0.666
0.126	1.553e+00	-9.771	80	2.857	0.658
0.126	2.041e+00	-9.904	75	2.867	0.651
0.126	2.683e+00	-10.030	70	2.876	0.644
0.189	1.016e-04	-5.147	642	2.027	2.096
0.189	1.336e-04	-5.255	621	2.077	1.980
0.189	1.763e-04	-5.371	597	2.124	1.875
0.189	2.308e-04	-5.482	575	2.168	1.783
0.189	3.046e-04	-5.596	551	2.211	1.697
0.189	4.013e-04	-5.713	528	2.251	1.620
0.189	5.274e-04	-5.829	505	2.289	1.550
0.189	6.962e-04	-5.944	482	2.326	1.485
0.189	9.170e-04	-6.057	461	2.362	1.426
0.189	1.205e-03	-6.167	442	2.396	1.371
0.189	1.594e-03	-6.282	422	2.430	1.319
0.189	2.104e-03	-6.387	405	2.463	1.270
0.189	2.772e-03	-6.489	389	2.495	1.223
0.189	3.643e-03	-6.594	373	2.527	1.179
0.189	4.808e-03	-6.708	355	2.559	1.136
0.189	6.334e-03	-6.826	338	2.590	1.096
0.189	8.324e-03	-6.948	320	2.620	1.060
0.189	1.094e-02	-7.077	302	2.647	1.026
0.189	1.438e-02	-7.209	284	2.674	0.996
0.189	1.899e-02	-7.346	267	2.698	0.968
0.189	2.486e-02	-7.473	251	2.721	0.943
0.189	3.287e-02	-7.607	235	2.743	0.919
0.189	4.322e-02	-7.742	220	2.763	0.898
0.189	5.680e-02	-7.878	206	2.782	0.879
0.189	7.468e-02	-8.018	192	2.800	0.861
0.189	9.816e-02	-8.158	179	2.817	0.845
0.189	1.296e-01	-8.303	166	2.832	0.830
0.189	1.696e-01	-8.442	155	2.847	0.816
0.189	2.239e-01	-8.581	144	2.860	0.803
0.189	2.931e-01	-8.713	134	2.873	0.792
0.189	3.847e-01	-8.846	125	2.884	0.781
0.189	5.056e-01	-8.979	117	2.895	0.771
0.189	6.647e-01	-9.113	109	2.906	0.762
0.189	8.737e-01	-9.247	101	2.916	0.753
0.189	1.140e+00	-9.379	94	2.926	0.745
0.189	1.504e+00	-9.518	88	2.935	0.737
0.189	1.969e+00	-9.655	81	2.944	0.730
0.189	2.599e+00	-9.796	75	2.952	0.723
0.262	1.005e-04	-4.905	752	2.202	2.020
0.262	1.322e-04	-5.011	726	2.246	1.919
0.262	1.737e-04	-5.119	699	2.288	1.828
0.262	2.293e-04	-5.240	668	2.330	1.743
0.262	3.002e-04	-5.355	639	2.367	1.669
0.262	3.940e-04	-5.472	610	2.404	1.600
0.262	5.178e-04	-5.593	580	2.438	1.538
0.262	6.835e-04	-5.720	550	2.472	1.480
0.262	8.948e-04	-5.842	522	2.502	1.429
0.262	1.183e-03	-5.964	495	2.532	1.380
0.262	1.562e-03	-6.081	470	2.561	1.335
0.262	2.058e-03	-6.199	447	2.589	1.294
0.262	2.704e-03	-6.307	426	2.615	1.254
0.262	3.527e-03	-6.413	407	2.641	1.218
0.262	4.656e-03	-6.518	389	2.668	1.181
0.262	6.134e-03	-6.622	372	2.694	1.146
0.262	8.061e-03	-6.736	353	2.720	1.112
0.262	1.066e-02	-6.858	334	2.746	1.079
0.262	1.402e-02	-6.984	315	2.770	1.050
0.262	1.842e-02	-7.116	296	2.793	1.022
0.262	2.436e-02	-7.257	277	2.815	0.997
0.262	3.203e-02	-7.389	259	2.835	0.974
0.262	4.210e-02	-7.521	243	2.854	0.954
0.262	5.491e-02	-7.652	228	2.871	0.935
0.262	7.249e-02	-7.791	212	2.888	0.917
0.262	9.489e-02	-7.929	198	2.903	0.900
0.262	1.253e-01	-8.073	183	2.918	0.885
0.262	1.640e-01	-8.214	171	2.932	0.871
0.262	2.164e-01	-8.359	158	2.945	0.859
0.262	2.828e-01	-8.497	147	2.956	0.847
0.262	3.719e-01	-8.631	137	2.967	0.837
0.262	4.888e-01	-8.765	127	2.978	0.827
0.262	6.464e-01	-8.901	119	2.988	0.817
0.262	8.499e-01	-9.035	110	2.997	0.808
0.262	1.117e+00	-9.170	103	3.006	0.800
0.262	1.474e+00	-9.308	95	3.015	0.792
0.262	1.930e+00	-9.444	89	3.023	0.785
0.262	2.533e+00	-9.583	82	3.030	0.778
0.262	3.317e+00	-9.724	76	3.038	0.771
0.524	1.013e-04	-4.359	1049	2.533	1.951
0.524	1.326e-04	-4.473	1004	2.572	1.865
0.524	1.754e-04	-4.592	959	2.611	1.783
0.524	2.306e-04	-4.720	909	2.646	1.712
0.524	3.020e-04	-4.832	869	2.680	1.647
0.524	3.979e-04	-4.969	818	2.712	1.588
0.524	5.262e-04	-5.092	776	2.742	1.533
0.524	6.915e-04	-5.219	733	2.770	1.484
0.524	9.128e-04	-5.353	689	2.797	1.439
0.524	1.195e-03	-5.484	648	2.822	1.399
0.524	1.580e-03	-5.622	606	2.845	1.361
0.524	2.086e-03	-5.756	569	2.867	1.327
0.524	2.731e-03	-5.881	535	2.888	1.297
0.524	3.605e-03	-6.011	503	2.907	1.267
0.524	4.748e-03	-6.139	472	2.926	1.240
0.524	6.241e-03	-6.261	444	2.944	1.215
0.524	8.205e-03	-6.365	423	2.962	1.190
0.524	1.078e-02	-6.467	403	2.980	1.165
0.524	1.424e-02	-6.571	384	2.999	1.141
0.524	1.883e-02	-6.694	361	3.018	1.116
0.524	2.480e-02	-6.818	340	3.035	1.094
0.524	3.259e-02	-6.940	320	3.053	1.072
0.524	4.302e-02	-7.072	300	3.069	1.052
0.524	5.667e-02	-7.209	279	3.085	1.033
0.524	7.448e-02	-7.344	261	3.100	1.016
0.524	9.793e-02	-7.478	243	3.113	1.000
0.524	1.287e-01	-7.615	227	3.127	0.985
0.524	1.692e-01	-7.754	211	3.139	0.971
0.524	2.216e-01	-7.895	195	3.150	0.958
0.524	2.901e-01	-8.038	181	3.161	0.946
0.524	3.829e-01	-8.187	167	3.171	0.935
0.524	5.013e-01	-8.329	155	3.180	0.926
0.524	6.579e-01	-8.468	144	3.189	0.917
0.524	8.647e-01	-8.605	133	3.197	0.908
0.524	1.137e+00	-8.742	124	3.205	0.900
0.524	1.494e+00	-8.877	115	3.212	0.893
0.524	1.949e+00	-9.011	107	3.219	0.886
0.524	2.558e+00	-9.149	99	3.225	0.879
0.524	3.350e+00	-9.285	92	3.232	0.873
0.524	4.385e+00	-9.424	85	3.237	0.867
0.524	5.756e+00	-9.566	79	3.243	0.861
0.786	1.007e-04	-3.984	1283	2.685	2.006
0.786	1.323e-04	-4.122	1215	2.728	1.909
0.786	1.740e-04	-4.249	1155	2.767	1.824
0.786	2.279e-04	-4.375	1097	2.803	1.750
0.786	2.983e-04	-4.504	1038	2.837	1.683
0.786	3.945e-04	-4.635	981	2.870	1.621
0.786	5.146e-04	-4.760	928	2.899	1.568
0.786	6.792e-04	-4.896	872	2.927	1.518
0.786	8.947e-04	-5.037	816	2.953	1.473
0.786	1.176e-03	-5.168	768	2.977	1.433
0.786	1.552e-03	-5.303	720	3.000	1.396
0.786	2.032e-03	-5.437	674	3.020	1.363
0.786	2.667e-03	-5.572	631	3.040	1.333
0.786	3.505e-03	-5.701	592	3.059	1.304
0.786	4.627e-03	-5.836	554	3.077	1.277
0.786	6.057e-03	-5.966	519	3.093	1.253
0.786	7.995e-03	-6.100	485	3.110	1.230
0.786	1.047e-02	-6.217	457	3.125	1.209
0.786	1.384e-02	-6.334	431	3.140	1.187
0.786	1.820e-02	-6.438	410	3.155	1.167
0.786	2.392e-02	-6.548	388	3.171	1.146
0.786	3.163e-02	-6.670	365	3.186	1.126
0.786	4.159e-02	-6.787	344	3.201	1.107
0.786	5.466e-02	-6.911	323	3.216	1.088
0.786	7.215e-02	-7.041	302	3.230	1.070
0.786	9.505e-02	-7.184	280	3.244	1.054
0.786	1.249e-01	-7.318	262	3.256	1.039
0.786	1.642e-01	-7.453	244	3.268	1.025
0.786	2.159e-01	-7.591	227	3.279	1.012
0.786	2.838e-01	-7.732	210	3.290	1.000
0.786	3.730e-01	-7.878	194	3.300	0.988
0.786	4.924e-01	-8.027	179	3.309	0.978
0.786	6.445e-01	-8.173	166	3.317	0.968
0.786	8.460e-01	-8.317	153	3.325	0.960
0.786	1.112e+00	-8.457	142	3.332	0.952
0.786	1.462e+00	-8.595	132	3.339	0.944
0.786	1.921e+00	-8.732	122	3.345	0.937
0.786	2.526e+00	-8.870	113	3.352	0.931
0.786	3.308e+00	-9.007	105	3.358	0.924
0.786	4.330e+00	-9.144	97	3.363	0.919
0.786	5.716e+00	-9.286	90	3.369	0.913
0.786	7.470e+00	-9.425	83	3.373	0.908
0.786	8.689e+00	-9.472	81	3.375	0.906
0.786	9.702e+00	-9.472	81	3.375	0.906
1.048	1.009e-04	-3.742	1437	2.764	2.114
1.048	1.327e-04	-3.839	1397	2.812	2.000
1.048	1.755e-04	-3.971	1330	2.860	1.894
1.048	2.306e-04	-4.115	1254	2.901	1.806
1.048	3.027e-04	-4.253	1184	2.938	1.730
1.048	3.978e-04	-4.385	1118	2.972	1.664
1.048	5.251e-04	-4.525	1051	3.004	1.604
1.048	6.874e-04	-4.652	993	3.033	1.551
1.048	9.074e-04	-4.790	932	3.060	1.503
1.048	1.195e-03	-4.934	871	3.086	1.460
1.048	1.571e-03	-5.072	815	3.109	1.421
1.048	2.078e-03	-5.212	762	3.131	1.386
1.048	2.742e-03	-5.353	710	3.151	1.354
1.048	3.590e-03	-5.489	664	3.170	1.325
1.048	4.712e-03	-5.624	620	3.187	1.299
1.048	6.193e-03	-5.759	579	3.203	1.275
1.048	8.142e-03	-5.898	540	3.219	1.252
1.048	1.070e-02	-6.033	503	3.233	1.232
1.048	1.407e-02	-6.162	471	3.247	1.212
1.048	1.849e-02	-6.277	444	3.261	1.193
1.048	2.412e-02	-6.382	422	3.274	1.175
1.048	3.184e-02	-6.493	399	3.288	1.157
1.048	4.168e-02	-6.604	377	3.301	1.139
1.048	5.502e-02	-6.721	355	3.315	1.121
1.048	7.247e-02	-6.850	332	3.328	1.104
1.048	9.525e-02	-6.976	311	3.341	1.088
1.048	1.257e-01	-7.116	289	3.353	1.073
1.048	1.646e-01	-7.245	270	3.365	1.059
1.048	2.173e-01	-7.383	251	3.376	1.045
1.048	2.844e-01	-7.521	233	3.386	1.033
1.048	3.733e-01	-7.661	217	3.396	1.021
1.048	4.906e-01	-7.807	200	3.405	1.011
1.048	6.450e-01	-7.956	185	3.413	1.001
1.048	8.478e-01	-8.106	170	3.421	0.992
1.048	1.115e+00	-8.253	157	3.428	0.984
1.048	1.465e+00	-8.396	145	3.435	0.977
1.048	1.911e+00	-8.529	135	3.441	0.970
1.048	2.484e+00	-8.662	125	3.447	0.963
1.048	3.234e+00	-8.795	116	3.452	0.957
1.048	4.269e+00	-8.936	108	3.458	0.951
1.048	5.589e+00	-9.074	100	3.463	0.946
1.048	7.378e+00	-9.215	92	3.468	0.940
1.048	9.658e+00	-9.354	85	3.472	0.935
1.571	1.007e-04	-3.505	1589	2.878	2.271
1.571	1.318e-04	-3.595	1545	2.919	2.166
1.571	1.739e-04	-3.685	1503	2.962	2.061
1.571	2.277e-04	-3.767	1470	3.005	1.963
1.571	3.011e-04	-3.857	1433	3.050	1.863
1.571	3.975e-04	-3.984	1365	3.094	1.772
1.571	5.236e-04	-4.124	1289	3.133	1.692
1.571	6.882e-04	-4.269	1210	3.169	1.624
1.571	9.084e-04	-4.422	1129	3.201	1.565
1.571	1.189e-03	-4.559	1061	3.230	1.515
1.571	1.561e-03	-4.704	990	3.256	1.470
1.571	2.051e-03	-4.844	926	3.280	1.430
1.571	2.708e-03	-5.008	854	3.302	1.394
1.571	3.581e-03	-5.156	793	3.322	1.363
1.571	4.688e-03	-5.291	741	3.339	1.335
1.571	6.188e-03	-5.426	693	3.357	1.309
1.571	8.101e-03	-5.566	645	3.372	1.285
1.571	1.063e-02	-5.707	599	3.387	1.264
1.571	1.397e-02	-5.849	557	3.401	1.244
1.571	1.823e-02	-5.982	520	3.414	1.226
1.571	2.406e-02	-6.117	484	3.426	1.208
1.571	3.149e-02	-6.240	454	3.438	1.192
1.571	4.157e-02	-6.354	428	3.449	1.176
1.571	5.442e-02	-6.457	406	3.461	1.161
1.571	7.197e-02	-6.568	384	3.473	1.145
1.571	9.463e-02	-6.695	359	3.485	1.129
1.571	1.244e-01	-6.822	336	3.496	1.115
1.571	1.645e-01	-6.950	314	3.507	1.100
1.571	2.163e-01	-7.080	293	3.518	1.087
1.571	2.842e-01	-7.213	273	3.528	1.074
1.571	3.707e-01	-7.349	254	3.538	1.063
1.571	4.894e-01	-7.491	235	3.547	1.051
1.571	6.406e-01	-7.633	218	3.555	1.041
1.571	8.456e-01	-7.782	201	3.563	1.032
1.571	1.105e+00	-7.930	185	3.571	1.023
1.571	1.441e+00	-8.076	171	3.577	1.015
1.571	1.874e+00	-8.218	158	3.583	1.008
1.571	2.459e+00	-8.358	146	3.589	1.002
1.571	3.197e+00	-8.492	136	3.594	0.996
1.571	4.187e+00	-8.628	126	3.599	0.990
1.571	5.481e+00	-8.765	117	3.604	0.984
1.571	7.235e+00	-8.906	108	3.609	0.979
1.571	9.471e+00	-9.044	100	3.614	0.974
2.095	1.027e-04	-3.178	1869	2.958	2.392
2.095	1.339e-04	-3.346	1747	3.009	2.255
2.095	1.771e-04	-3.528	1612	3.051	2.149
2.095	2.338e-04	-3.622	1561	3.089	2.056
2.095	3.092e-04	-3.706	1522	3.129	1.964
2.095	4.074e-04	-3.786	1487	3.170	1.874
2.095	5.354e-04	-3.875	1448	3.212	1.786
2.095	7.080e-04	-3.981	1396	3.254	1.701
2.095	9.309e-04	-4.132	1309	3.293	1.626
2.095	1.224e-03	-4.297	1214	3.327	1.564
2.095	1.615e-03	-4.447	1133	3.357	1.511
2.095	2.111e-03	-4.596	1055	3.383	1.466
2.095	2.775e-03	-4.739	986	3.407	1.426
2.095	3.647e-03	-4.907	906	3.429	1.391
2.095	4.814e-03	-5.062	838	3.448	1.360
2.095	6.341e-03	-5.195	784	3.466	1.332
2.095	8.334e-03	-5.320	737	3.483	1.307
2.095	1.102e-02	-5.473	681	3.499	1.283
2.095	1.438e-02	-5.616	632	3.513	1.262
2.095	1.898e-02	-5.764	585	3.527	1.242
2.095	2.484e-02	-5.904	544	3.539	1.225
2.095	3.235e-02	-6.038	507	3.550	1.209
2.095	4.270e-02	-6.172	472	3.561	1.194
2.095	5.590e-02	-6.289	444	3.572	1.180
2.095	7.392e-02	-6.395	420	3.583	1.165
2.095	9.758e-02	-6.506	397	3.594	1.150
2.095	1.277e-01	-6.628	372	3.604	1.136
2.095	1.677e-01	-6.753	348	3.615	1.123
2.095	2.196e-01	-6.875	327	3.625	1.110
2.095	2.874e-01	-7.001	306	3.634	1.098
2.095	3.772e-01	-7.133	285	3.644	1.086
2.095	4.958e-01	-7.274	264	3.653	1.074
2.095	6.519e-01	-7.412	245	3.661	1.064
2.095	8.567e-01	-7.554	227	3.669	1.054
2.095	1.126e+00	-7.699	209	3.677	1.045
2.095	1.480e+00	-7.847	193	3.684	1.037
2.095	1.954e+00	-8.001	177	3.690	1.029
2.095	2.558e+00	-8.148	164	3.696	1.022
2.095	3.377e+00	-8.295	151	3.702	1.016
2.095	4.413e+00	-8.432	140	3.707	1.010
2.095	5.802e+00	-8.571	129	3.712	1.004
2.095	7.625e+00	-8.710	120	3.717	0.999
2.095	1.000e+01	-8.847	111	3.721	0.994
2.619	1.009e-04	-2.985	2015	2.993	2.568
2.619	1.326e-04	-3.090	1962	3.051	2.401
2.619	1.743e-04	-3.205	1896	3.107	2.252
2.619	2.291e-04	-3.361	1784	3.157	2.127
2.619	3.024e-04	-3.588	1600	3.195	2.036
2.619	3.958e-04	-3.663	1563	3.229	1.957
2.619	5.235e-04	-3.714	1552	3.268	1.871
2.619	6.910e-04	-3.781	1530	3.311	1.781
2.619	9.139e-04	-3.894	1471	3.355	1.693
2.619	1.209e-03	-4.053	1374	3.396	1.616
2.619	1.582e-03	-4.220	1273	3.429	1.554
2.619	2.088e-03	-4.373	1186	3.460	1.501
2.619	2.751e-03	-4.529	1101	3.486	1.455
2.619	3.616e-03	-4.672	1028	3.510	1.416
2.619	4.773e-03	-4.842	943	3.532	1.381
2.619	6.312e-03	-4.997	873	3.551	1.351
2.619	8.314e-03	-5.127	818	3.569	1.324
2.619	1.093e-02	-5.264	763	3.585	1.298
2.619	1.442e-02	-5.415	706	3.601	1.275
2.619	1.900e-02	-5.568	652	3.615	1.255
2.619	2.497e-02	-5.714	604	3.628	1.237
2.619	3.257e-02	-5.854	561	3.639	1.220
2.619	4.234e-02	-5.988	522	3.650	1.206
2.619	5.558e-02	-6.125	485	3.660	1.191
2.619	7.304e-02	-6.250	454	3.670	1.178
2.619	9.642e-02	-6.357	430	3.680	1.164
2.619	1.275e-01	-6.467	406	3.691	1.150
2.619	1.680e-01	-6.591	380	3.701	1.137
2.619	2.208e-01	-6.714	356	3.711	1.124
2.619	2.920e-01	-6.838	333	3.720	1.111
2.619	3.839e-01	-6.965	312	3.730	1.100
2.619	5.045e-01	-7.100	290	3.739	1.088
2.619	6.580e-01	-7.238	269	3.747	1.078
2.619	8.686e-01	-7.376	250	3.755	1.068
2.619	1.137e+00	-7.513	232	3.763	1.059
2.619	1.492e+00	-7.656	214	3.770	1.050
2.619	1.961e+00	-7.803	198	3.776	1.042
2.619	2.579e+00	-7.956	182	3.783	1.035
2.619	3.377e+00	-8.104	167	3.788	1.028
2.619	4.421e+00	-8.248	154	3.793	1.022
2.619	5.803e+00	-8.388	143	3.798	1.016
2.619	7.626e+00	-8.528	132	3.803	1.010
2.619	1.000e+01	-8.666	122	3.808	1.005
3.143	1.004e-04	-2.844	2116	3.016	2.740
3.143	1.325e-04	-2.949	2064	3.078	2.552
3.143	1.735e-04	-3.053	2010	3.135	2.388
3.143	2.277e-04	-3.168	1942	3.191	2.240
3.143	2.993e-04	-3.285	1870	3.243	2.111
3.143	3.958e-04	-3.530	1662	3.282	2.016
3.143	5.204e-04	-3.584	1647	3.321	1.929
3.143	6.840e-04	-3.653	1622	3.362	1.839
3.143	9.028e-04	-3.753	1570	3.406	1.748
3.143	1.194e-03	-3.895	1482	3.448	1.666
3.143	1.573e-03	-4.055	1381	3.485	1.597
3.143	2.067e-03	-4.215	1282	3.516	1.540
3.143	2.718e-03	-4.363	1196	3.544	1.491
3.143	3.572e-03	-4.514	1113	3.569	1.449
3.143	4.696e-03	-4.659	1037	3.592	1.411
3.143	6.172e-03	-4.815	959	3.612	1.379
3.143	8.163e-03	-4.963	890	3.631	1.349
3.143	1.078e-02	-5.100	831	3.649	1.323
3.143	1.411e-02	-5.244	772	3.664	1.299
3.143	1.862e-02	-5.395	714	3.679	1.277
3.143	2.437e-02	-5.544	660	3.692	1.258
3.143	3.199e-02	-5.690	611	3.704	1.240
3.143	4.205e-02	-5.834	566	3.716	1.224
3.143	5.484e-02	-5.970	527	3.726	1.210
3.143	7.198e-02	-6.114	487	3.736	1.196
3.143	9.460e-02	-6.233	458	3.745	1.183
3.143	1.249e-01	-6.341	433	3.755	1.170
3.143	1.645e-01	-6.448	409	3.765	1.157
3.143	2.175e-01	-6.575	382	3.775	1.144
3.143	2.859e-01	-6.692	359	3.784	1.132
3.143	3.774e-01	-6.816	336	3.793	1.119
3.143	4.941e-01	-6.942	314	3.802	1.108
3.143	6.522e-01	-7.083	292	3.811	1.097
3.143	8.537e-01	-7.220	271	3.819	1.087
3.143	1.121e+00	-7.356	251	3.827	1.077
3.143	1.473e+00	-7.495	233	3.834	1.068
3.143	1.936e+00	-7.638	215	3.841	1.059
3.143	2.545e+00	-7.788	198	3.848	1.051
3.143	3.319e+00	-7.935	183	3.854	1.044
3.143	4.382e+00	-8.089	168	3.859	1.038
3.143	5.726e+00	-8.232	155	3.864	1.032
3.143	7.469e+00	-8.371	144	3.869	1.026
3.143	9.858e+00	-8.513	133	3.873	1.021
3.666	1.037e-04	-2.728	2209	3.041	2.875
3.666	1.363e-04	-2.831	2158	3.105	2.672
3.666	1.785e-04	-2.935	2105	3.165	2.494
3.666	2.337e-04	-3.039	2048	3.222	2.335
3.666	3.084e-04	-3.158	1977	3.278	2.188
3.666	4.063e-04	-3.313	1862	3.330	2.061
3.666	5.340e-04	-3.460	1753	3.372	1.964
3.666	7.049e-04	-3.536	1720	3.415	1.869
3.666	9.228e-04	-3.629	1672	3.459	1.778
3.666	1.220e-03	-3.772	1578	3.502	1.692
3.666	1.611e-03	-3.927	1476	3.539	1.620
3.666	2.109e-03	-4.078	1378	3.572	1.560
3.666	2.789e-03	-4.234	1282	3.602	1.507
3.666	3.667e-03	-4.385	1193	3.628	1.462
3.666	4.819e-03	-4.529	1113	3.652	1.422
3.666	6.286e-03	-4.675	1036	3.673	1.388
3.666	8.297e-03	-4.820	964	3.693	1.357
3.666	1.093e-02	-4.962	898	3.711	1.329
3.666	1.436e-02	-5.106	834	3.728	1.304
3.666	1.889e-02	-5.255	772	3.743	1.281
3.666	2.473e-02	-5.406	713	3.757	1.261
3.666	3.238e-02	-5.553	660	3.769	1.243
3.666	4.250e-02	-5.699	611	3.781	1.227
3.666	5.585e-02	-5.843	566	3.791	1.212
3.666	7.285e-02	-5.985	525	3.801	1.198
3.666	9.616e-02	-6.126	486	3.811	1.185
3.666	1.267e-01	-6.243	457	3.820	1.173
3.666	1.665e-01	-6.359	430	3.829	1.161
3.666	2.198e-01	-6.458	408	3.838	1.148
3.666	2.906e-01	-6.578	383	3.848	1.136
3.666	3.844e-01	-6.698	359	3.857	1.123
3.666	5.032e-01	-6.823	336	3.866	1.112
3.666	6.604e-01	-6.951	314	3.875	1.101
3.666	8.679e-01	-7.097	290	3.883	1.090
3.666	1.141e+00	-7.231	270	3.891	1.081
3.666	1.500e+00	-7.369	250	3.898	1.071
3.666	1.972e+00	-7.508	232	3.906	1.063
3.666	2.582e+00	-7.649	215	3.912	1.055
3.666	3.375e+00	-7.797	198	3.918	1.047
3.666	4.437e+00	-7.951	182	3.924	1.040
3.666	5.831e+00	-8.102	167	3.929	1.034
3.666	7.667e+00	-8.248	154	3.934	1.028
3.666	1.000e+01	-8.386	143	3.939	1.023
4.190	1.025e-04	-2.617	2287	3.048	3.048
4.190	1.341e-04	-2.713	2248	3.114	2.826
4.190	1.761e-04	-2.817	2195	3.178	2.627
4.190	2.314e-04	-2.923	2138	3.239	2.448
4.190	3.018e-04	-3.027	2081	3.295	2.294
4.190	3.961e-04	-3.141	2013	3.351	2.151
4.190	5.206e-04	-3.295	1899	3.403	2.025
4.190	6.873e-04	-3.404	1831	3.450	1.920
4.190	9.089e-04	-3.506	1774	3.496	1.819
4.190	1.197e-03	-3.641	1683	3.540	1.730
4.190	1.583e-03	-3.798	1573	3.580	1.653
4.190	2.081e-03	-3.940	1479	3.615	1.588
4.190	2.747e-03	-4.095	1378	3.647	1.531
4.190	3.618e-03	-4.247	1283	3.675	1.482
4.190	4.756e-03	-4.397	1194	3.700	1.440
4.190	6.203e-03	-4.533	1118	3.722	1.403
4.190	8.188e-03	-4.679	1041	3.743	1.369
4.190	1.072e-02	-4.819	971	3.763	1.339
4.190	1.407e-02	-4.965	902	3.780	1.313
4.190	1.842e-02	-5.111	837	3.796	1.289
4.190	2.412e-02	-5.259	775	3.811	1.267
4.190	3.165e-02	-5.411	715	3.824	1.248
4.190	4.160e-02	-5.559	662	3.836	1.231
4.190	5.470e-02	-5.705	612	3.847	1.215
4.190	7.189e-02	-5.848	567	3.858	1.201
4.190	9.377e-02	-5.997	523	3.867	1.188
4.190	1.238e-01	-6.129	488	3.876	1.175
4.190	1.630e-01	-6.255	456	3.885	1.163
4.190	2.143e-01	-6.365	430	3.894	1.152
4.190	2.829e-01	-6.459	410	3.903	1.140
4.190	3.741e-01	-6.578	385	3.912	1.128
4.190	4.897e-01	-6.696	361	3.921	1.116
4.190	6.476e-01	-6.829	336	3.930	1.104
4.190	8.515e-01	-6.962	313	3.939	1.094
4.190	1.119e+00	-7.107	289	3.947	1.084
4.190	1.471e+00	-7.240	269	3.954	1.074
4.190	1.934e+00	-7.378	250	3.962	1.065
4.190	2.522e+00	-7.513	232	3.968	1.057
4.190	3.330e+00	-7.661	214	3.975	1.049
4.190	4.386e+00	-7.814	196	3.981	1.042
4.190	5.744e+00	-7.967	180	3.986	1.035
4.190	7.519e+00	-8.115	166	3.991	1.029
4.190	9.868e+00	-8.261	153	3.996	1.024
4.714	1.018e-04	-2.529	2341	3.053	3.217
4.714	1.333e-04	-2.616	2315	3.120	2.975
4.714	1.749e-04	-2.715	2273	3.187	2.755
4.714	2.299e-04	-2.821	2218	3.251	2.559
4.714	2.998e-04	-2.926	2161	3.311	2.390
4.714	3.958e-04	-3.034	2101	3.370	2.233
4.714	5.214e-04	-3.149	2031	3.426	2.092
4.714	6.852e-04	-3.273	1950	3.479	1.970
4.714	9.009e-04	-3.403	1860	3.527	1.862
4.714	1.184e-03	-3.532	1773	3.572	1.769
4.714	1.563e-03	-3.679	1668	3.613	1.687
4.714	2.046e-03	-3.817	1572	3.649	1.619
4.714	2.701e-03	-3.958	1478	3.683	1.557
4.714	3.558e-03	-4.115	1375	3.714	1.503
4.714	4.676e-03	-4.268	1279	3.741	1.457
4.714	6.148e-03	-4.415	1192	3.765	1.417
4.714	8.080e-03	-4.556	1112	3.787	1.381
4.714	1.062e-02	-4.698	1037	3.807	1.349
4.714	1.396e-02	-4.843	965	3.826	1.321
4.714	1.836e-02	-4.989	895	3.843	1.295
4.714	2.413e-02	-5.138	829	3.859	1.272
4.714	3.172e-02	-5.291	766	3.873	1.251
4.714	4.169e-02	-5.441	708	3.886	1.233
4.714	5.438e-02	-5.585	656	3.897	1.217
4.714	7.178e-02	-5.733	606	3.908	1.201
4.714	9.380e-02	-5.883	559	3.918	1.188
4.714	1.238e-01	-6.029	516	3.927	1.175
4.714	1.631e-01	-6.166	480	3.936	1.163
4.714	2.144e-01	-6.295	448	3.944	1.152
4.714	2.830e-01	-6.380	428	3.953	1.141
4.714	3.742e-01	-6.482	406	3.962	1.129
4.714	4.929e-01	-6.600	381	3.971	1.117
4.714	6.479e-01	-6.728	356	3.980	1.106
4.714	8.552e-01	-6.859	332	3.989	1.094
4.714	1.120e+00	-7.000	307	3.997	1.084
4.714	1.478e+00	-7.139	285	4.005	1.075
4.714	1.935e+00	-7.272	265	4.012	1.066
4.714	2.554e+00	-7.412	246	4.019	1.057
4.714	3.337e+00	-7.550	228	4.026	1.049
4.714	4.353e+00	-7.696	210	4.032	1.042
4.714	5.668e+00	-7.844	194	4.037	1.035
4.714	7.481e+00	-8.001	177	4.043	1.029
4.714	9.794e+00	-8.147	164	4.048	1.023
5.238	1.025e-04	-2.455	2387	3.058	3.368
5.238	1.348e-04	-2.543	2363	3.128	3.108
5.238	1.758e-04	-2.631	2335	3.196	2.876
5.238	2.320e-04	-2.737	2285	3.264	2.659
5.238	3.038e-04	-2.842	2229	3.327	2.474
5.238	3.987e-04	-2.950	2169	3.387	2.307
5.238	5.240e-04	-3.055	2112	3.445	2.158
5.238	6.834e-04	-3.166	2043	3.499	2.028
5.238	9.039e-04	-3.302	1948	3.552	1.908
5.238	1.188e-03	-3.437	1852	3.599	1.808
5.238	1.562e-03	-3.566	1762	3.642	1.721
5.238	2.037e-03	-3.715	1653	3.679	1.648
5.238	2.674e-03	-3.846	1564	3.714	1.583
5.238	3.514e-03	-3.989	1468	3.747	1.524
5.238	4.639e-03	-4.150	1361	3.777	1.474
5.238	6.072e-03	-4.301	1266	3.802	1.431
5.238	8.016e-03	-4.447	1180	3.826	1.393
5.238	1.048e-02	-4.586	1102	3.847	1.359
5.238	1.366e-02	-4.724	1029	3.866	1.330
5.238	1.804e-02	-4.872	956	3.884	1.302
5.238	2.361e-02	-5.018	887	3.901	1.277
5.238	3.117e-02	-5.171	819	3.916	1.255
5.238	4.080e-02	-5.321	757	3.929	1.236
5.238	5.355e-02	-5.469	700	3.942	1.218
5.238	7.038e-02	-5.618	647	3.953	1.202
5.238	9.180e-02	-5.760	600	3.963	1.188
5.238	1.212e-01	-5.922	549	3.973	1.175
5.238	1.602e-01	-6.067	508	3.982	1.163
5.238	2.111e-01	-6.206	471	3.990	1.152
5.238	2.774e-01	-6.317	444	3.998	1.141
5.238	3.662e-01	-6.392	428	4.007	1.130
5.238	4.843e-01	-6.506	402	4.016	1.118
5.238	6.380e-01	-6.626	377	4.026	1.106
5.238	8.385e-01	-6.761	351	4.034	1.095
5.238	1.102e+00	-6.889	328	4.043	1.085
5.238	1.449e+00	-7.035	303	4.051	1.075
5.238	1.913e+00	-7.170	281	4.058	1.065
5.238	2.504e+00	-7.305	261	4.065	1.057
5.238	3.286e+00	-7.447	242	4.072	1.049
5.238	4.319e+00	-7.593	223	4.078	1.041
5.238	5.678e+00	-7.742	205	4.084	1.034
5.238	7.463e+00	-7.897	189	4.090	1.027
5.238	9.734e+00	-8.044	174	4.095	1.022
6.285	1.023e-04	-2.324	2464	3.061	3.677
6.285	1.340e-04	-2.411	2441	3.132	3.389
6.285	1.768e-04	-2.501	2417	3.205	3.118
6.285	2.315e-04	-2.589	2391	3.275	2.877
6.285	3.056e-04	-2.690	2350	3.345	2.654
6.285	4.000e-04	-2.797	2293	3.409	2.464
6.285	5.280e-04	-2.907	2231	3.472	2.291
6.285	6.912e-04	-3.012	2173	3.531	2.142
6.285	9.072e-04	-3.127	2100	3.587	2.008
6.285	1.192e-03	-3.254	2012	3.640	1.890
6.285	1.577e-03	-3.394	1909	3.688	1.787
6.285	2.057e-03	-3.520	1819	3.730	1.702
6.285	2.715e-03	-3.680	1697	3.770	1.626
6.285	3.554e-03	-3.807	1610	3.805	1.563
6.285	4.700e-03	-3.951	1511	3.838	1.503
6.285	6.204e-03	-4.111	1402	3.868	1.452
6.285	8.122e-03	-4.264	1302	3.894	1.410
6.285	1.072e-02	-4.411	1213	3.918	1.372
6.285	1.401e-02	-4.552	1133	3.939	1.339
6.285	1.842e-02	-4.695	1055	3.959	1.309
6.285	2.421e-02	-4.840	980	3.977	1.282
6.285	3.158e-02	-4.985	911	3.993	1.258
6.285	4.168e-02	-5.141	840	4.008	1.236
6.285	5.457e-02	-5.293	775	4.022	1.217
6.285	7.162e-02	-5.440	717	4.034	1.200
6.285	9.413e-02	-5.590	662	4.045	1.185
6.285	1.228e-01	-5.737	612	4.055	1.171
6.285	1.621e-01	-5.893	563	4.065	1.158
6.285	2.122e-01	-6.038	520	4.074	1.147
6.285	2.801e-01	-6.177	482	4.082	1.136
6.285	3.666e-01	-6.274	458	4.090	1.125
6.285	4.848e-01	-6.382	433	4.099	1.114
6.285	6.412e-01	-6.490	409	4.107	1.103
6.285	8.430e-01	-6.607	384	4.116	1.092
6.285	1.108e+00	-6.743	357	4.124	1.081
6.285	1.445e+00	-6.861	335	4.132	1.072
6.285	1.908e+00	-7.007	309	4.140	1.062
6.285	2.513e+00	-7.141	288	4.148	1.053
6.285	3.303e+00	-7.279	267	4.155	1.044
6.285	4.342e+00	-7.430	246	4.161	1.036
6.285	5.707e+00	-7.574	227	4.167	1.029
6.285	7.504e+00	-7.722	209	4.173	1.022
6.285	9.862e+00	-7.875	192	4.178	1.016
7.333	1.025e-04	-2.216	2527	3.064	3.960
7.333	1.342e-04	-2.304	2504	3.136	3.643
7.333	1.757e-04	-2.392	2481	3.208	3.355
7.333	2.319e-04	-2.482	2456	3.281	3.085
7.333	3.030e-04	-2.570	2431	3.350	2.847
7.333	3.953e-04	-2.661	2398	3.418	2.634
7.333	5.227e-04	-2.771	2341	3.487	2.435
7.333	6.873e-04	-2.882	2278	3.550	2.264
7.333	9.000e-04	-2.988	2217	3.609	2.115
7.333	1.176e-03	-3.101	2145	3.664	1.984
7.333	1.546e-03	-3.225	2059	3.718	1.866
7.333	2.032e-03	-3.364	1954	3.766	1.765
7.333	2.672e-03	-3.492	1862	3.810	1.678
7.333	3.499e-03	-3.659	1730	3.849	1.604
7.333	4.581e-03	-3.780	1646	3.884	1.541
7.333	6.012e-03	-3.915	1552	3.917	1.484
7.333	7.902e-03	-4.073	1442	3.947	1.433
7.333	1.039e-02	-4.231	1337	3.973	1.390
7.333	1.365e-02	-4.377	1246	3.997	1.353
7.333	1.781e-02	-4.518	1163	4.018	1.320
7.333	2.351e-02	-4.665	1081	4.038	1.290
7.333	3.078e-02	-4.810	1005	4.056	1.263
7.333	4.039e-02	-4.958	931	4.073	1.240
7.333	5.309e-02	-5.112	860	4.088	1.218
7.333	6.980e-02	-5.273	790	4.101	1.200
7.333	9.231e-02	-5.417	732	4.114	1.182
7.333	1.213e-01	-5.568	676	4.125	1.167
7.333	1.595e-01	-5.725	621	4.135	1.153
7.333	2.096e-01	-5.869	575	4.145	1.141
7.333	2.767e-01	-6.024	529	4.154	1.129
7.333	3.623e-01	-6.155	492	4.162	1.119
7.333	4.782e-01	-6.267	464	4.170	1.108
7.333	6.299e-01	-6.385	435	4.178	1.098
7.333	8.279e-01	-6.479	414	4.186	1.088
7.333	1.093e+00	-6.601	388	4.195	1.077
7.333	1.440e+00	-6.734	361	4.203	1.067
7.333	1.892e+00	-6.856	338	4.211	1.057
7.333	2.502e+00	-7.001	313	4.219	1.048
7.333	3.303e+00	-7.138	290	4.226	1.039
7.333	4.324e+00	-7.278	269	4.233	1.031
7.333	5.718e+00	-7.436	246	4.239	1.023
7.333	7.518e+00	-7.576	228	4.245	1.016
7.333	9.881e+00	-7.725	210	4.251	1.010
8.381	1.019e-04	-2.118	2584	3.063	4.237
8.381	1.345e-04	-2.211	2560	3.140	3.881
8.381	1.757e-04	-2.299	2536	3.212	3.572
8.381	2.311e-04	-2.389	2511	3.284	3.285
8.381	3.037e-04	-2.478	2486	3.356	3.025
8.381	3.961e-04	-2.565	2460	3.425	2.794
8.381	5.229e-04	-2.659	2428	3.496	2.575
8.381	6.845e-04	-2.766	2371	3.562	2.387
8.381	9.035e-04	-2.877	2309	3.626	2.216
8.381	1.181e-03	-2.983	2247	3.685	2.071
8.381	1.552e-03	-3.100	2170	3.742	1.940
8.381	2.040e-03	-3.228	2078	3.795	1.825
8.381	2.693e-03	-3.366	1974	3.843	1.726
8.381	3.526e-03	-3.492	1883	3.887	1.641
8.381	4.663e-03	-3.669	1740	3.927	1.568
8.381	6.155e-03	-3.790	1656	3.962	1.506
8.381	8.107e-03	-3.933	1555	3.995	1.449
8.381	1.066e-02	-4.091	1444	4.025	1.401
8.381	1.399e-02	-4.249	1338	4.050	1.360
8.381	1.838e-02	-4.395	1247	4.074	1.324
8.381	2.417e-02	-4.539	1161	4.095	1.292
8.381	3.176e-02	-4.686	1079	4.114	1.263
8.381	4.143e-02	-4.830	1004	4.132	1.238
8.381	5.468e-02	-4.983	927	4.148	1.215
8.381	7.159e-02	-5.137	856	4.162	1.195
8.381	9.467e-02	-5.294	788	4.176	1.177
8.381	1.252e-01	-5.443	728	4.188	1.161
8.381	1.653e-01	-5.597	671	4.199	1.146
8.381	2.164e-01	-5.747	619	4.209	1.133
8.381	2.861e-01	-5.901	570	4.219	1.121
8.381	3.762e-01	-6.051	525	4.227	1.110
8.381	4.944e-01	-6.173	492	4.235	1.099
8.381	6.527e-01	-6.310	456	4.243	1.089
8.381	8.597e-01	-6.404	434	4.251	1.080
8.381	1.130e+00	-6.507	411	4.259	1.069
8.381	1.494e+00	-6.645	382	4.267	1.059
8.381	1.973e+00	-6.759	359	4.275	1.050
8.381	2.598e+00	-6.899	333	4.283	1.040
8.381	3.415e+00	-7.034	309	4.290	1.031
8.381	4.508e+00	-7.175	286	4.297	1.023
8.381	5.901e+00	-7.323	264	4.304	1.016
8.381	7.745e+00	-7.466	244	4.310	1.009
8.381	1.000e+01	-7.600	226	4.315	1.002
9.428	1.015e-04	-2.031	2636	3.062	4.503
9.428	1.332e-04	-2.123	2612	3.138	4.123
9.428	1.751e-04	-2.215	2587	3.213	3.781
9.428	2.302e-04	-2.306	2562	3.287	3.474
9.428	3.026e-04	-2.396	2536	3.359	3.196
9.428	3.947e-04	-2.483	2510	3.429	2.950
9.428	5.139e-04	-2.570	2483	3.497	2.727
9.428	6.784e-04	-2.665	2448	3.568	2.514
9.428	8.880e-04	-2.771	2393	3.633	2.331
9.428	1.172e-03	-2.880	2333	3.698	2.165
9.428	1.544e-03	-2.990	2267	3.759	2.018
9.428	2.029e-03	-3.109	2187	3.815	1.891
9.428	2.647e-03	-3.239	2090	3.866	1.783
9.428	3.494e-03	-3.371	1991	3.914	1.687
9.428	4.574e-03	-3.498	1898	3.958	1.604
9.428	6.049e-03	-3.677	1750	3.996	1.535
9.428	8.000e-03	-3.798	1666	4.032	1.473
9.428	1.056e-02	-3.949	1557	4.065	1.418
9.428	1.391e-02	-4.112	1442	4.094	1.371
9.428	1.828e-02	-4.264	1340	4.120	1.332
9.428	2.404e-02	-4.410	1248	4.142	1.297
9.428	3.159e-02	-4.556	1162	4.163	1.267
9.428	4.154e-02	-4.703	1079	4.182	1.239
9.428	5.439e-02	-4.851	1001	4.199	1.215
9.428	7.121e-02	-5.000	927	4.215	1.193
9.428	9.399e-02	-5.180	843	4.229	1.174
9.428	1.238e-01	-5.306	789	4.242	1.157
9.428	1.637e-01	-5.464	726	4.254	1.141
9.428	2.152e-01	-5.617	669	4.265	1.127
9.428	2.807e-01	-5.763	618	4.275	1.114
9.428	3.684e-01	-5.922	567	4.284	1.103
9.428	4.842e-01	-6.059	527	4.292	1.092
9.428	6.392e-01	-6.195	489	4.300	1.082
9.428	8.420e-01	-6.320	457	4.308	1.073
9.428	1.107e+00	-6.413	435	4.315	1.063
9.428	1.463e+00	-6.532	408	4.324	1.053
9.428	1.935e+00	-6.661	381	4.332	1.043
9.428	2.555e+00	-6.780	357	4.339	1.034
9.428	3.365e+00	-6.920	331	4.347	1.025
9.428	4.423e+00	-7.061	307	4.354	1.017
9.428	5.815e+00	-7.198	284	4.361	1.009
9.428	7.643e+00	-7.347	262	4.367	1.002
9.428	9.969e+00	-7.483	243	4.373	0.995
10.476	1.005e-04	-1.950	2685	3.058	4.765
10.476	1.320e-04	-2.045	2660	3.136	4.355
10.476	1.743e-04	-2.139	2633	3.214	3.982
10.476	2.278e-04	-2.229	2608	3.287	3.661
10.476	2.971e-04	-2.317	2583	3.358	3.373
10.476	3.869e-04	-2.405	2556	3.428	3.113
10.476	5.107e-04	-2.496	2528	3.500	2.865
10.476	6.673e-04	-2.584	2500	3.569	2.647
10.476	8.704e-04	-2.677	2463	3.636	2.450
10.476	1.149e-03	-2.783	2409	3.703	2.267
10.476	1.504e-03	-2.890	2349	3.766	2.109
10.476	1.974e-03	-2.999	2283	3.826	1.969
10.476	2.595e-03	-3.120	2200	3.882	1.846
10.476	3.384e-03	-3.254	2096	3.932	1.741
10.476	4.442e-03	-3.376	2007	3.979	1.650
10.476	5.838e-03	-3.519	1896	4.023	1.568
10.476	7.721e-03	-3.680	1767	4.061	1.502
10.476	1.019e-02	-3.808	1675	4.096	1.442
10.476	1.342e-02	-3.965	1558	4.128	1.390
10.476	1.764e-02	-4.123	1446	4.156	1.346
10.476	2.320e-02	-4.272	1346	4.181	1.308
10.476	3.038e-02	-4.415	1256	4.203	1.275
10.476	3.977e-02	-4.559	1170	4.223	1.246
10.476	5.219e-02	-4.704	1087	4.242	1.219
10.476	6.835e-02	-4.852	1009	4.259	1.196
10.476	8.948e-02	-5.002	933	4.274	1.175
10.476	1.181e-01	-5.174	852	4.288	1.156
10.476	1.562e-01	-5.314	792	4.301	1.139
10.476	2.066e-01	-5.472	728	4.313	1.123
10.476	2.704e-01	-5.623	672	4.324	1.110
10.476	3.521e-01	-5.768	621	4.333	1.098
10.476	4.648e-01	-5.929	569	4.342	1.087
10.476	6.122e-01	-6.066	529	4.351	1.076
10.476	8.047e-01	-6.204	490	4.359	1.066
10.476	1.062e+00	-6.322	460	4.366	1.057
10.476	1.399e+00	-6.435	433	4.374	1.047
10.476	1.839e+00	-6.552	407	4.382	1.038
10.476	2.432e+00	-6.672	381	4.390	1.029
10.476	3.210e+00	-6.800	356	4.397	1.020
10.476	4.229e+00	-6.938	330	4.405	1.011
10.476	5.558e+00	-7.080	305	4.412	1.003
10.476	7.336e+00	-7.222	282	4.418	0.996
10.476	9.587e+00	-7.361	262	4.424	0.989
11.523	1.023e-04	-1.884	2724	3.059	4.995
11.523	1.344e-04	-1.979	2702	3.139	4.551
11.523	1.774e-04	-2.075	2675	3.219	4.154
11.523	2.318e-04	-2.167	2649	3.293	3.813
11.523	3.048e-04	-2.259	2622	3.367	3.501
11.523	4.006e-04	-2.350	2595	3.440	3.219
11.523	5.226e-04	-2.438	2567	3.510	2.971
11.523	6.898e-04	-2.530	2538	3.582	2.735
11.523	9.014e-04	-2.618	2509	3.650	2.528
11.523	1.185e-03	-2.720	2461	3.718	2.337
11.523	1.552e-03	-2.820	2411	3.783	2.170
11.523	2.018e-03	-2.926	2348	3.842	2.026
11.523	2.637e-03	-3.037	2277	3.900	1.895
11.523	3.439e-03	-3.158	2190	3.954	1.782
11.523	4.540e-03	-3.297	2081	4.005	1.681
11.523	5.980e-03	-3.414	1998	4.051	1.594
11.523	7.859e-03	-3.590	1849	4.092	1.520
11.523	1.033e-02	-3.711	1761	4.127	1.459
11.523	1.358e-02	-3.843	1663	4.160	1.405
11.523	1.786e-02	-3.998	1547	4.190	1.358
11.523	2.347e-02	-4.146	1442	4.215	1.319
11.523	3.098e-02	-4.287	1347	4.239	1.284
11.523	4.055e-02	-4.424	1260	4.260	1.253
11.523	5.353e-02	-4.568	1173	4.279	1.225
11.523	7.007e-02	-4.708	1093	4.297	1.201
11.523	9.197e-02	-4.854	1015	4.313	1.178
11.523	1.204e-01	-5.003	939	4.328	1.158
11.523	1.587e-01	-5.164	863	4.342	1.140
11.523	2.085e-01	-5.314	797	4.355	1.123
11.523	2.758e-01	-5.474	732	4.367	1.108
11.523	3.626e-01	-5.629	674	4.378	1.094
11.523	4.765e-01	-5.787	619	4.388	1.082
11.523	6.215e-01	-5.940	570	4.396	1.071
11.523	8.158e-01	-6.083	527	4.405	1.060
11.523	1.072e+00	-6.231	486	4.413	1.050
11.523	1.410e+00	-6.343	458	4.421	1.041
11.523	1.864e+00	-6.469	428	4.429	1.031
11.523	2.450e+00	-6.589	401	4.437	1.022
11.523	3.221e+00	-6.708	376	4.444	1.013
11.523	4.234e+00	-6.842	350	4.452	1.004
11.523	5.567e+00	-6.990	323	4.459	0.996
11.523	7.290e+00	-7.125	300	4.466	0.989
11.523	9.526e+00	-7.262	278	4.472	0.982
12.047	1.014e-04	-1.856	2731	3.054	5.132
12.047	1.328e-04	-1.941	2724	3.135	4.677
12.047	1.756e-04	-2.039	2697	3.216	4.261
12.047	2.309e-04	-2.134	2670	3.293	3.901
12.047	3.024e-04	-2.225	2643	3.366	3.583
12.047	3.952e-04	-2.314	2616	3.438	3.300
12.047	5.155e-04	-2.403	2588	3.508	3.044
12.047	6.765e-04	-2.493	2559	3.579	2.806
12.047	8.892e-04	-2.583	2530	3.649	2.588
12.047	1.160e-03	-2.677	2492	3.716	2.396
12.047	1.531e-03	-2.781	2440	3.783	2.217
12.047	2.004e-03	-2.886	2380	3.846	2.063
12.047	2.645e-03	-2.996	2315	3.907	1.922
12.047	3.457e-03	-3.115	2231	3.963	1.804
12.047	4.545e-03	-3.253	2123	4.014	1.700
12.047	5.974e-03	-3.369	2040	4.061	1.611
12.047	7.854e-03	-3.516	1921	4.103	1.534
12.047	1.032e-02	-3.655	1810	4.139	1.472
12.047	1.357e-02	-3.778	1718	4.172	1.418
12.047	1.784e-02	-3.920	1611	4.201	1.371
12.047	2.345e-02	-4.058	1510	4.226	1.331
12.047	3.082e-02	-4.190	1417	4.249	1.297
12.047	4.046e-02	-4.318	1332	4.269	1.267
12.047	5.298e-02	-4.445	1251	4.288	1.240
12.047	6.923e-02	-4.576	1173	4.306	1.215
12.047	9.103e-02	-4.713	1095	4.323	1.191
12.047	1.196e-01	-4.855	1018	4.339	1.169
12.047	1.573e-01	-5.007	941	4.354	1.149
12.047	2.067e-01	-5.165	866	4.368	1.131
12.047	2.734e-01	-5.328	794	4.381	1.114
12.047	3.609e-01	-5.492	728	4.393	1.099
12.047	4.716e-01	-5.650	669	4.404	1.085
12.047	6.201e-01	-5.818	611	4.414	1.072
12.047	8.149e-01	-5.978	560	4.424	1.061
12.047	1.071e+00	-6.133	515	4.433	1.050
12.047	1.417e+00	-6.279	475	4.441	1.040
12.047	1.862e+00	-6.413	442	4.449	1.030
12.047	2.463e+00	-6.534	415	4.458	1.020
12.047	3.251e+00	-6.660	387	4.466	1.010
12.047	4.256e+00	-6.791	361	4.474	1.001
12.047	5.618e+00	-6.941	333	4.481	0.993
12.047	7.400e+00	-7.085	307	4.488	0.985
12.047	9.726e+00	-7.225	285	4.495	0.978
12.571	1.026e-04	-1.835	2738	3.057	5.229
12.571	1.348e-04	-1.914	2743	3.138	4.760
12.571	1.783e-04	-2.013	2715	3.220	4.332
12.571	2.344e-04	-2.108	2688	3.297	3.964
12.571	3.057e-04	-2.198	2661	3.370	3.644
12.571	4.012e-04	-2.290	2633	3.444	3.349
12.571	5.254e-04	-2.380	2605	3.515	3.085
12.571	6.878e-04	-2.469	2576	3.585	2.846
12.571	9.028e-04	-2.559	2547	3.655	2.625
12.571	1.186e-03	-2.652	2513	3.724	2.424
12.571	1.548e-03	-2.752	2463	3.789	2.249
12.571	2.031e-03	-2.856	2407	3.853	2.089
12.571	2.670e-03	-2.961	2347	3.915	1.947
12.571	3.510e-03	-3.080	2266	3.972	1.822
12.571	4.613e-03	-3.211	2165	4.025	1.715
12.571	6.017e-03	-3.329	2077	4.070	1.628
12.571	7.942e-03	-3.450	1986	4.114	1.549
12.571	1.046e-02	-3.602	1858	4.150	1.486
12.571	1.375e-02	-3.715	1772	4.181	1.434
12.571	1.808e-02	-3.826	1689	4.208	1.389
12.571	2.391e-02	-3.956	1589	4.233	1.350
12.571	3.142e-02	-4.069	1507	4.253	1.319
12.571	4.156e-02	-4.180	1429	4.272	1.290
12.571	5.486e-02	-4.290	1355	4.290	1.264
12.571	7.181e-02	-4.401	1284	4.307	1.240
12.571	9.425e-02	-4.520	1210	4.323	1.216
12.571	1.239e-01	-4.649	1134	4.340	1.193
12.571	1.635e-01	-4.795	1053	4.357	1.170
12.571	2.154e-01	-4.955	970	4.374	1.148
12.571	2.831e-01	-5.128	886	4.389	1.128
12.571	3.737e-01	-5.307	806	4.404	1.109
12.571	4.892e-01	-5.485	733	4.417	1.092
12.571	6.457e-01	-5.668	664	4.430	1.076
12.571	8.453e-01	-5.853	601	4.441	1.063
12.571	1.116e+00	-6.030	546	4.451	1.050
12.571	1.470e+00	-6.209	496	4.461	1.039
12.571	1.932e+00	-6.348	460	4.470	1.028
12.571	2.555e+00	-6.486	427	4.479	1.017
12.571	3.359e+00	-6.615	398	4.487	1.007
12.571	4.415e+00	-6.751	370	4.495	0.998
12.571	5.804e+00	-6.899	341	4.503	0.989
12.571	7.628e+00	-7.050	314	4.510	0.981
12.571	1.000e+01	-7.190	291	4.517	0.974
13.095	1.035e-04	-1.815	2744	3.058	5.326
13.095	1.355e-04	-1.888	2756	3.138	4.857
13.095	1.779e-04	-1.982	2734	3.219	4.428
13.095	2.338e-04	-2.077	2707	3.297	4.048
13.095	3.074e-04	-2.171	2679	3.373	3.709
13.095	4.025e-04	-2.262	2651	3.446	3.410
13.095	5.260e-04	-2.352	2623	3.517	3.142
13.095	6.861e-04	-2.440	2595	3.586	2.900
13.095	9.005e-04	-2.531	2565	3.657	2.675
13.095	1.184e-03	-2.621	2534	3.726	2.469
13.095	1.544e-03	-2.719	2488	3.792	2.289
13.095	2.038e-03	-2.823	2434	3.858	2.121
13.095	2.668e-03	-2.926	2376	3.919	1.977
13.095	3.521e-03	-3.041	2302	3.979	1.845
13.095	4.638e-03	-3.165	2211	4.033	1.735
13.095	6.096e-03	-3.289	2114	4.079	1.644
13.095	7.952e-03	-3.391	2040	4.119	1.570
13.095	1.050e-02	-3.528	1925	4.155	1.507
13.095	1.383e-02	-3.630	1845	4.183	1.459
13.095	1.817e-02	-3.721	1774	4.207	1.420
13.095	2.399e-02	-3.806	1711	4.228	1.386
13.095	3.140e-02	-3.898	1639	4.246	1.357
13.095	4.145e-02	-3.985	1574	4.263	1.331
13.095	5.460e-02	-4.079	1505	4.279	1.306
13.095	7.176e-02	-4.180	1434	4.296	1.281
13.095	9.490e-02	-4.302	1353	4.316	1.252
13.095	1.255e-01	-4.447	1259	4.337	1.222
13.095	1.657e-01	-4.616	1157	4.360	1.191
13.095	2.191e-01	-4.808	1050	4.382	1.160
13.095	2.898e-01	-5.021	940	4.403	1.133
13.095	3.817e-01	-5.225	844	4.421	1.109
13.095	5.048e-01	-5.437	754	4.437	1.089
13.095	6.634e-01	-5.637	678	4.451	1.072
13.095	8.723e-01	-5.835	609	4.463	1.057
13.095	1.142e+00	-6.014	553	4.473	1.044
13.095	1.505e+00	-6.195	501	4.483	1.033
13.095	1.978e+00	-6.335	464	4.492	1.022
13.095	2.615e+00	-6.470	432	4.501	1.012
13.095	3.452e+00	-6.598	403	4.509	1.002
13.095	4.519e+00	-6.731	375	4.517	0.993
13.095	5.965e+00	-6.876	347	4.525	0.984
13.095	7.858e+00	-7.028	319	4.532	0.976
13.095	1.000e+01	-7.153	298	4.538	0.970
13.618	1.006e-04	-1.786	2748	3.049	5.491
13.618	1.323e-04	-1.859	2761	3.130	5.002
13.618	1.732e-04	-1.943	2756	3.210	4.559
13.618	2.268e-04	-2.038	2728	3.288	4.169
13.618	2.993e-04	-2.134	2700	3.366	3.811
13.618	3.919e-04	-2.226	2672	3.440	3.502
13.618	5.102e-04	-2.314	2644	3.510	3.228
13.618	6.735e-04	-2.407	2614	3.583	2.968
13.618	8.817e-04	-2.497	2585	3.653	2.739
13.618	1.148e-03	-2.584	2556	3.721	2.534
13.618	1.515e-03	-2.682	2515	3.790	2.338
13.618	1.984e-03	-2.782	2464	3.855	2.170
13.618	2.604e-03	-2.886	2407	3.918	2.019
13.618	3.422e-03	-2.989	2347	3.978	1.885
13.618	4.499e-03	-3.106	2264	4.032	1.770
13.618	5.913e-03	-3.227	2170	4.079	1.677
13.618	7.775e-03	-3.327	2095	4.119	1.603
13.618	1.022e-02	-3.417	2028	4.151	1.543
13.618	1.333e-02	-3.516	1943	4.176	1.499
13.618	1.763e-02	-3.590	1883	4.196	1.466
13.618	2.317e-02	-3.651	1836	4.213	1.438
13.618	3.035e-02	-3.717	1784	4.229	1.411
13.618	3.998e-02	-3.792	1728	4.248	1.380
13.618	5.287e-02	-3.905	1639	4.271	1.345
13.618	6.948e-02	-4.039	1540	4.296	1.307
13.618	9.172e-02	-4.209	1420	4.324	1.265
13.618	1.213e-01	-4.409	1288	4.355	1.221
13.618	1.604e-01	-4.627	1155	4.384	1.181
13.618	2.100e-01	-4.842	1035	4.409	1.148
13.618	2.777e-01	-5.069	920	4.430	1.120
13.618	3.652e-01	-5.279	823	4.448	1.097
13.618	4.799e-01	-5.477	741	4.463	1.078
13.618	6.335e-01	-5.669	668	4.476	1.062
13.618	8.293e-01	-5.850	606	4.487	1.049
13.618	1.095e+00	-6.020	553	4.496	1.037
13.618	1.442e+00	-6.190	504	4.505	1.027
13.618	1.895e+00	-6.320	470	4.513	1.017
13.618	2.506e+00	-6.447	438	4.521	1.008
13.618	3.308e+00	-6.568	411	4.529	0.999
13.618	4.358e+00	-6.697	383	4.537	0.990
13.618	5.728e+00	-6.830	357	4.545	0.981
13.618	7.561e+00	-6.982	328	4.552	0.973
13.618	9.959e+00	-7.122	304	4.559	0.966
14.142	1.015e-04	-1.768	2754	3.051	5.581
14.142	1.329e-04	-1.840	2767	3.131	5.094
14.142	1.754e-04	-1.919	2773	3.213	4.631
14.142	2.311e-04	-2.017	2744	3.294	4.222
14.142	3.037e-04	-2.112	2716	3.371	3.863
14.142	3.962e-04	-2.203	2688	3.444	3.552
14.142	5.200e-04	-2.295	2659	3.517	3.266
14.142	6.810e-04	-2.385	2630	3.588	3.009
14.142	8.914e-04	-2.474	2601	3.658	2.776
14.142	1.170e-03	-2.565	2570	3.728	2.562
14.142	1.538e-03	-2.657	2536	3.797	2.366
14.142	2.022e-03	-2.760	2483	3.863	2.192
14.142	2.657e-03	-2.862	2428	3.926	2.038
14.142	3.466e-03	-2.958	2376	3.984	1.906
14.142	4.584e-03	-3.071	2298	4.039	1.789
14.142	6.050e-03	-3.180	2216	4.085	1.698
14.142	7.921e-03	-3.271	2144	4.120	1.631
14.142	1.046e-02	-3.341	2093	4.147	1.581
14.142	1.369e-02	-3.398	2051	4.168	1.543
14.142	1.810e-02	-3.457	2002	4.186	1.511
14.142	2.389e-02	-3.529	1939	4.203	1.482
14.142	3.147e-02	-3.600	1883	4.222	1.449
14.142	4.162e-02	-3.709	1797	4.250	1.404
14.142	5.516e-02	-3.869	1673	4.286	1.346
14.142	7.295e-02	-4.086	1511	4.326	1.286
14.142	9.648e-02	-4.320	1350	4.364	1.231
14.142	1.276e-01	-4.556	1201	4.397	1.185
14.142	1.684e-01	-4.780	1072	4.424	1.149
14.142	2.205e-01	-4.990	962	4.445	1.121
14.142	2.916e-01	-5.194	864	4.463	1.098
14.142	3.834e-01	-5.386	780	4.478	1.079
14.142	5.020e-01	-5.562	710	4.491	1.064
14.142	6.572e-01	-5.730	649	4.502	1.051
14.142	8.675e-01	-5.903	591	4.511	1.039
14.142	1.136e+00	-6.054	544	4.520	1.029
14.142	1.502e+00	-6.208	500	4.528	1.019
14.142	1.983e+00	-6.340	466	4.536	1.010
14.142	2.611e+00	-6.453	439	4.544	1.001
14.142	3.420e+00	-6.568	412	4.551	0.993
14.142	4.477e+00	-6.692	385	4.558	0.984
14.142	5.909e+00	-6.822	359	4.566	0.976
14.142	7.736e+00	-6.966	332	4.573	0.968
14.142	1.000e+01	-7.095	309	4.579	0.961
14.666	1.012e-04	-1.748	2760	3.050	5.692
14.666	1.336e-04	-1.821	2772	3.131	5.183
14.666	1.750e-04	-1.894	2784	3.211	4.727
14.666	2.296e-04	-1.988	2762	3.291	4.310
14.666	3.018e-04	-2.083	2734	3.369	3.941
14.666	3.968e-04	-2.178	2705	3.445	3.612
14.666	5.196e-04	-2.269	2676	3.518	3.321
14.666	6.790e-04	-2.359	2647	3.589	3.061
14.666	8.857e-04	-2.447	2618	3.658	2.826
14.666	1.169e-03	-2.539	2587	3.729	2.603
14.666	1.528e-03	-2.628	2556	3.797	2.408
14.666	2.009e-03	-2.729	2507	3.864	2.229
14.666	2.640e-03	-2.830	2454	3.928	2.071
14.666	3.471e-03	-2.925	2404	3.987	1.935
14.666	4.562e-03	-3.026	2337	4.040	1.820
14.666	5.998e-03	-3.119	2271	4.083	1.733
14.666	7.883e-03	-3.198	2209	4.114	1.672
14.666	1.041e-02	-3.257	2163	4.136	1.630
14.666	1.360e-02	-3.300	2131	4.153	1.598
14.666	1.788e-02	-3.344	2098	4.171	1.566
14.666	2.350e-02	-3.407	2051	4.193	1.527
14.666	3.102e-02	-3.520	1955	4.223	1.475
14.666	4.120e-02	-3.678	1828	4.265	1.406
14.666	5.449e-02	-3.907	1649	4.315	1.326
14.666	7.161e-02	-4.165	1460	4.361	1.258
14.666	9.453e-02	-4.408	1297	4.399	1.205
14.666	1.237e-01	-4.623	1165	4.427	1.166
14.666	1.624e-01	-4.824	1051	4.450	1.135
14.666	2.135e-01	-5.019	951	4.469	1.111
14.666	2.807e-01	-5.204	862	4.485	1.090
14.666	3.689e-01	-5.380	786	4.499	1.073
14.666	4.841e-01	-5.546	719	4.511	1.059
14.666	6.363e-01	-5.708	659	4.522	1.046
14.666	8.399e-01	-5.874	602	4.531	1.034
14.666	1.099e+00	-6.021	556	4.540	1.024
14.666	1.443e+00	-6.174	511	4.547	1.015
14.666	1.897e+00	-6.298	478	4.555	1.006
14.666	2.504e+00	-6.417	448	4.562	0.998
14.666	3.298e+00	-6.530	422	4.570	0.989
14.666	4.334e+00	-6.654	395	4.577	0.981
14.666	5.721e+00	-6.781	368	4.584	0.973
14.666	7.536e+00	-6.922	341	4.591	0.965
14.666	9.905e+00	-7.058	316	4.598	0.958
15.190	1.025e-04	-1.732	2765	3.053	5.771
15.190	1.348e-04	-1.804	2778	3.133	5.264
15.190	1.765e-04	-1.876	2790	3.213	4.803
15.190	2.325e-04	-1.966	2778	3.295	4.370
15.190	3.056e-04	-2.062	2749	3.373	3.994
15.190	4.011e-04	-2.156	2720	3.449	3.660
15.190	5.252e-04	-2.248	2691	3.522	3.364
15.190	6.876e-04	-2.339	2662	3.594	3.098
15.190	8.953e-04	-2.427	2633	3.663	2.861
15.190	1.164e-03	-2.514	2604	3.730	2.647
15.190	1.528e-03	-2.603	2573	3.799	2.445
15.190	2.008e-03	-2.701	2529	3.867	2.262
15.190	2.640e-03	-2.801	2477	3.931	2.102
15.190	3.469e-03	-2.895	2427	3.989	1.965
15.190	4.561e-03	-2.983	2375	4.040	1.853
15.190	5.995e-03	-3.063	2320	4.079	1.772
15.190	7.882e-03	-3.122	2277	4.106	1.718
15.190	1.036e-02	-3.168	2241	4.124	1.681
15.190	1.362e-02	-3.211	2207	4.141	1.650
15.190	1.790e-02	-3.263	2167	4.160	1.613
15.190	2.363e-02	-3.340	2109	4.190	1.558
15.190	3.125e-02	-3.490	1988	4.237	1.476
15.190	4.116e-02	-3.716	1805	4.296	1.380
15.190	5.410e-02	-3.987	1595	4.352	1.294
15.190	7.141e-02	-4.243	1410	4.395	1.231
15.190	9.349e-02	-4.457	1270	4.426	1.188
15.190	1.234e-01	-4.655	1150	4.452	1.153
15.190	1.613e-01	-4.835	1049	4.472	1.127
15.190	2.120e-01	-5.014	956	4.490	1.104
15.190	2.787e-01	-5.192	871	4.505	1.084
15.190	3.664e-01	-5.360	796	4.518	1.068
15.190	4.815e-01	-5.523	730	4.530	1.054
15.190	6.356e-01	-5.684	669	4.541	1.041
15.190	8.321e-01	-5.841	615	4.550	1.030
15.190	1.083e+00	-5.985	569	4.558	1.020
15.190	1.430e+00	-6.141	522	4.566	1.011
15.190	1.872e+00	-6.264	488	4.573	1.003
15.190	2.476e+00	-6.390	456	4.581	0.994
15.190	3.268e+00	-6.500	430	4.588	0.986
15.190	4.305e+00	-6.625	402	4.595	0.977
15.190	5.658e+00	-6.749	376	4.603	0.969
15.190	7.439e+00	-6.883	349	4.610	0.962
15.190	9.778e+00	-7.018	324	4.616	0.955
15.713	1.034e-04	-1.716	2771	3.055	5.854
15.713	1.365e-04	-1.789	2783	3.136	5.335
15.713	1.787e-04	-1.861	2795	3.216	4.869
15.713	2.359e-04	-1.945	2793	3.298	4.427
15.713	3.120e-04	-2.045	2763	3.379	4.033
15.713	4.085e-04	-2.138	2734	3.454	3.698
15.713	5.361e-04	-2.231	2705	3.529	3.396
15.713	6.969e-04	-2.320	2676	3.598	3.133
15.713	9.127e-04	-2.410	2646	3.669	2.888
15.713	1.193e-03	-2.499	2616	3.738	2.667
15.713	1.568e-03	-2.589	2586	3.808	2.462
15.713	2.053e-03	-2.682	2546	3.874	2.280
15.713	2.688e-03	-2.779	2495	3.937	2.122
15.713	3.548e-03	-2.871	2447	3.994	1.986
15.713	4.637e-03	-2.945	2408	4.040	1.885
15.713	6.097e-03	-3.011	2364	4.074	1.813
15.713	8.013e-03	-3.055	2333	4.096	1.768
15.713	1.054e-02	-3.091	2308	4.112	1.734
15.713	1.380e-02	-3.132	2277	4.131	1.697
15.713	1.817e-02	-3.200	2224	4.157	1.646
15.713	2.389e-02	-3.310	2139	4.200	1.568
15.713	3.159e-02	-3.524	1966	4.267	1.451
15.713	4.170e-02	-3.796	1748	4.336	1.341
15.713	5.514e-02	-4.069	1539	4.386	1.265
15.713	7.219e-02	-4.283	1388	4.421	1.215
15.713	9.529e-02	-4.480	1259	4.450	1.176
15.713	1.245e-01	-4.658	1152	4.472	1.146
15.713	1.624e-01	-4.827	1057	4.492	1.121
15.713	2.144e-01	-5.000	966	4.509	1.098
15.713	2.807e-01	-5.171	883	4.524	1.080
15.713	3.705e-01	-5.339	808	4.537	1.063
15.713	4.850e-01	-5.498	742	4.548	1.050
15.713	6.365e-01	-5.654	682	4.559	1.037
15.713	8.366e-01	-5.812	626	4.568	1.026
15.713	1.100e+00	-5.962	578	4.577	1.016
15.713	1.446e+00	-6.114	531	4.585	1.007
15.713	1.901e+00	-6.243	496	4.592	0.998
15.713	2.514e+00	-6.372	462	4.599	0.990
15.713	3.304e+00	-6.479	436	4.607	0.982
15.713	4.369e+00	-6.606	407	4.614	0.973
15.713	5.745e+00	-6.729	381	4.621	0.965
15.713	7.550e+00	-6.859	355	4.628	0.958
15.713	9.985e+00	-6.996	329	4.635	0.950
16.237	1.030e-04	-1.698	2775	3.054	5.960
16.237	1.348e-04	-1.768	2788	3.132	5.448
16.237	1.770e-04	-1.840	2800	3.212	4.970
16.237	2.317e-04	-1.915	2809	3.292	4.532
16.237	3.028e-04	-2.010	2782	3.370	4.141
16.237	3.982e-04	-2.106	2753	3.448	3.788
16.237	5.214e-04	-2.198	2724	3.522	3.478
16.237	6.814e-04	-2.289	2694	3.594	3.202
16.237	8.888e-04	-2.378	2665	3.664	2.954
16.237	1.167e-03	-2.469	2634	3.734	2.724
16.237	1.533e-03	-2.559	2604	3.804	2.514
16.237	2.000e-03	-2.646	2571	3.870	2.330
16.237	2.600e-03	-2.740	2523	3.931	2.172
16.237	3.385e-03	-2.826	2478	3.985	2.041
16.237	4.468e-03	-2.898	2441	4.031	1.937
16.237	5.849e-03	-2.948	2413	4.061	1.870
16.237	7.677e-03	-2.986	2388	4.081	1.827
16.237	1.009e-02	-3.019	2365	4.097	1.793
16.237	1.316e-02	-3.059	2338	4.118	1.752
16.237	1.741e-02	-3.133	2285	4.151	1.685
16.237	2.297e-02	-3.280	2169	4.208	1.578
16.237	3.038e-02	-3.539	1960	4.291	1.435
16.237	4.002e-02	-3.803	1749	4.357	1.330
16.237	5.260e-02	-4.046	1560	4.402	1.263
16.237	6.916e-02	-4.251	1414	4.436	1.214
16.237	9.090e-02	-4.438	1290	4.463	1.176
16.237	1.186e-01	-4.609	1185	4.486	1.146
16.237	1.556e-01	-4.778	1087	4.506	1.120
16.237	2.045e-01	-4.946	997	4.523	1.098
16.237	2.689e-01	-5.112	914	4.539	1.079
16.237	3.534e-01	-5.281	836	4.552	1.062
16.237	4.665e-01	-5.443	766	4.564	1.048
16.237	6.107e-01	-5.598	705	4.575	1.035
16.237	8.015e-01	-5.754	648	4.584	1.024
16.237	1.053e+00	-5.907	597	4.593	1.014
16.237	1.385e+00	-6.056	550	4.601	1.004
16.237	1.820e+00	-6.195	510	4.608	0.996
16.237	2.403e+00	-6.332	473	4.616	0.987
16.237	3.165e+00	-6.434	448	4.623	0.979
16.237	4.186e+00	-6.559	419	4.630	0.971
16.237	5.502e+00	-6.683	392	4.637	0.963
16.237	7.233e+00	-6.807	366	4.644	0.955
16.237	9.507e+00	-6.941	340	4.651	0.948
16.761	1.007e-04	-1.676	2779	3.048	6.098
16.761	1.319e-04	-1.745	2791	3.125	5.579
16.761	1.731e-04	-1.817	2804	3.205	5.093
16.761	2.266e-04	-1.889	2816	3.284	4.646
16.761	2.985e-04	-1.981	2799	3.366	4.229
16.761	3.923e-04	-2.078	2770	3.444	3.866
16.761	5.179e-04	-2.174	2739	3.521	3.538
16.761	6.768e-04	-2.264	2710	3.593	3.256
16.761	8.828e-04	-2.354	2680	3.663	3.002
16.761	1.159e-03	-2.445	2650	3.734	2.768
16.761	1.506e-03	-2.531	2620	3.801	2.563
16.761	1.972e-03	-2.618	2590	3.868	2.372
16.761	2.578e-03	-2.710	2546	3.930	2.209
16.761	3.362e-03	-2.793	2502	3.983	2.078
16.761	4.438e-03	-2.858	2468	4.024	1.982
16.761	5.810e-03	-2.899	2447	4.050	1.923
16.761	7.565e-03	-2.927	2432	4.068	1.885
16.761	9.929e-03	-2.958	2414	4.085	1.848
16.761	1.305e-02	-3.005	2382	4.110	1.796
16.761	1.722e-02	-3.094	2321	4.153	1.708
16.761	2.278e-02	-3.289	2170	4.232	1.561
16.761	2.982e-02	-3.560	1949	4.316	1.416
16.761	3.944e-02	-3.805	1753	4.376	1.321
16.761	5.185e-02	-4.032	1576	4.419	1.258
16.761	6.815e-02	-4.228	1434	4.452	1.211
16.761	8.945e-02	-4.409	1313	4.479	1.175
16.761	1.163e-01	-4.574	1209	4.501	1.145
16.761	1.523e-01	-4.739	1112	4.521	1.119
16.761	1.993e-01	-4.902	1023	4.538	1.097
16.761	2.631e-01	-5.068	938	4.554	1.077
16.761	3.466e-01	-5.237	858	4.568	1.060
16.761	4.555e-01	-5.397	788	4.580	1.046
16.761	5.989e-01	-5.554	724	4.591	1.033
16.761	7.872e-01	-5.711	666	4.600	1.021
16.761	1.035e+00	-5.866	612	4.609	1.010
16.761	1.355e+00	-6.012	565	4.618	1.001
16.761	1.785e+00	-6.158	522	4.625	0.992
16.761	2.346e+00	-6.293	485	4.632	0.984
16.761	3.097e+00	-6.402	457	4.639	0.976
16.761	4.080e+00	-6.522	429	4.647	0.968
16.761	5.362e+00	-6.647	400	4.654	0.960
16.761	7.078e+00	-6.770	375	4.661	0.952
16.761	9.324e+00	-6.903	348	4.667	0.945
17.285	1.029e-04	-1.665	2785	3.054	6.147
17.285	1.353e-04	-1.735	2797	3.133	5.618
17.285	1.778e-04	-1.807	2810	3.212	5.127
17.285	2.338e-04	-1.880	2822	3.293	4.672
17.285	3.073e-04	-1.968	2811	3.374	4.254
17.285	4.056e-04	-2.067	2781	3.454	3.882
17.285	5.310e-04	-2.160	2751	3.529	3.561
17.285	7.009e-04	-2.255	2721	3.604	3.266
17.285	9.176e-04	-2.345	2691	3.675	3.009
17.285	1.204e-03	-2.436	2660	3.746	2.774
17.285	1.583e-03	-2.525	2629	3.815	2.561
17.285	2.065e-03	-2.610	2600	3.880	2.375
17.285	2.725e-03	-2.701	2558	3.942	2.212
17.285	3.590e-03	-2.778	2517	3.991	2.090
17.285	4.718e-03	-2.829	2490	4.024	2.013
17.285	6.154e-03	-2.860	2474	4.044	1.968
17.285	8.077e-03	-2.885	2461	4.060	1.932
17.285	1.062e-02	-2.919	2443	4.081	1.886
17.285	1.401e-02	-2.982	2404	4.117	1.810
17.285	1.834e-02	-3.117	2312	4.183	1.677
17.285	2.408e-02	-3.366	2119	4.280	1.500
17.285	3.164e-02	-3.623	1904	4.352	1.380
17.285	4.127e-02	-3.840	1730	4.402	1.303
17.285	5.448e-02	-4.056	1563	4.442	1.245
17.285	7.177e-02	-4.244	1428	4.473	1.201
17.285	9.398e-02	-4.417	1312	4.499	1.166
17.285	1.230e-01	-4.582	1208	4.521	1.137
17.285	1.624e-01	-4.749	1110	4.540	1.111
17.285	2.126e-01	-4.910	1022	4.557	1.089
17.285	2.806e-01	-5.075	938	4.573	1.070
17.285	3.697e-01	-5.242	858	4.587	1.053
17.285	4.858e-01	-5.402	788	4.599	1.039
17.285	6.413e-01	-5.561	724	4.609	1.026
17.285	8.381e-01	-5.713	667	4.619	1.015
17.285	1.102e+00	-5.868	613	4.628	1.004
17.285	1.448e+00	-6.016	565	4.636	0.995
17.285	1.912e+00	-6.162	522	4.644	0.986
17.285	2.518e+00	-6.301	484	4.651	0.978
17.285	3.309e+00	-6.404	458	4.658	0.970
17.285	4.369e+00	-6.528	428	4.665	0.962
17.285	5.755e+00	-6.654	400	4.672	0.955
17.285	7.563e+00	-6.774	375	4.679	0.947
17.285	9.983e+00	-6.906	349	4.686	0.940
17.809	1.017e-04	-1.646	2790	3.051	6.262
17.809	1.342e-04	-1.717	2801	3.130	5.719
17.809	1.757e-04	-1.788	2814	3.208	5.228
17.809	2.320e-04	-1.862	2826	3.290	4.758
17.809	3.031e-04	-1.941	2828	3.369	4.341
17.809	3.954e-04	-2.036	2798	3.447	3.973
17.809	5.219e-04	-2.133	2768	3.524	3.632
17.809	6.832e-04	-2.225	2738	3.598	3.338
17.809	9.018e-04	-2.319	2707	3.672	3.066
17.809	1.179e-03	-2.408	2676	3.741	2.829
17.809	1.550e-03	-2.498	2646	3.811	2.611
17.809	2.037e-03	-2.584	2616	3.878	2.418
17.809	2.656e-03	-2.665	2583	3.937	2.259
17.809	3.486e-03	-2.738	2545	3.983	2.141
17.809	4.582e-03	-2.784	2520	4.013	2.069
17.809	5.977e-03	-2.812	2506	4.031	2.027
17.809	7.845e-03	-2.838	2493	4.047	1.989
17.809	1.027e-02	-2.873	2474	4.070	1.939
17.809	1.345e-02	-2.936	2440	4.109	1.853
17.809	1.775e-02	-3.097	2334	4.192	1.684
17.809	2.338e-02	-3.353	2135	4.294	1.498
17.809	3.062e-02	-3.593	1935	4.363	1.384
17.809	4.009e-02	-3.802	1766	4.413	1.306
17.809	5.291e-02	-4.013	1600	4.453	1.247
17.809	6.927e-02	-4.196	1466	4.484	1.204
17.809	9.091e-02	-4.370	1346	4.510	1.168
17.809	1.195e-01	-4.538	1239	4.533	1.137
17.809	1.559e-01	-4.696	1143	4.552	1.112
17.809	2.046e-01	-4.857	1053	4.570	1.090
17.809	2.688e-01	-5.018	969	4.586	1.070
17.809	3.507e-01	-5.179	890	4.599	1.053
17.809	4.602e-01	-5.337	818	4.612	1.039
17.809	6.027e-01	-5.493	753	4.623	1.025
17.809	7.890e-01	-5.646	693	4.633	1.014
17.809	1.041e+00	-5.804	636	4.642	1.003
17.809	1.363e+00	-5.952	587	4.650	0.993
17.809	1.800e+00	-6.106	540	4.658	0.985
17.809	2.371e+00	-6.243	501	4.666	0.976
17.809	3.116e+00	-6.360	470	4.672	0.969
17.809	4.121e+00	-6.476	442	4.680	0.960
17.809	5.449e+00	-6.607	411	4.687	0.953
17.809	7.165e+00	-6.727	385	4.694	0.945
17.809	9.417e+00	-6.851	360	4.700	0.938
18.332	1.044e-04	-1.637	2797	3.059	6.297
18.332	1.372e-04	-1.708	2807	3.136	5.761
18.332	1.804e-04	-1.779	2819	3.216	5.259
18.332	2.371e-04	-1.852	2832	3.296	4.795
18.332	3.093e-04	-1.926	2840	3.375	4.378
18.332	4.090e-04	-2.026	2809	3.456	3.986
18.332	5.378e-04	-2.122	2779	3.533	3.648
18.332	7.068e-04	-2.216	2748	3.608	3.347
18.332	9.292e-04	-2.309	2717	3.681	3.078
18.332	1.221e-03	-2.400	2686	3.752	2.836
18.332	1.593e-03	-2.486	2657	3.819	2.624
18.332	2.071e-03	-2.568	2629	3.883	2.440
18.332	2.718e-03	-2.644	2600	3.940	2.284
18.332	3.572e-03	-2.709	2567	3.982	2.176
18.332	4.697e-03	-2.747	2546	4.007	2.115
18.332	6.151e-03	-2.772	2534	4.023	2.076
18.332	8.052e-03	-2.799	2520	4.040	2.036
18.332	1.065e-02	-2.844	2496	4.069	1.970
18.332	1.400e-02	-2.933	2448	4.124	1.847
18.332	1.840e-02	-3.147	2304	4.232	1.631
18.332	2.400e-02	-3.377	2122	4.320	1.475
18.332	3.150e-02	-3.604	1932	4.384	1.370
18.332	4.140e-02	-3.809	1766	4.432	1.296
18.332	5.443e-02	-4.011	1607	4.470	1.241
18.332	7.154e-02	-4.192	1474	4.501	1.197
18.332	9.390e-02	-4.364	1355	4.527	1.162
18.332	1.234e-01	-4.529	1248	4.550	1.132
18.332	1.610e-01	-4.687	1153	4.569	1.107
18.332	2.125e-01	-4.850	1060	4.587	1.084
18.332	2.781e-01	-5.007	977	4.602	1.065
18.332	3.672e-01	-5.173	895	4.617	1.048
18.332	4.806e-01	-5.330	824	4.629	1.033
18.332	6.344e-01	-5.490	756	4.640	1.020
18.332	8.305e-01	-5.644	696	4.650	1.008
18.332	1.096e+00	-5.802	639	4.659	0.998
18.332	1.435e+00	-5.950	589	4.668	0.988
18.332	1.894e+00	-6.103	542	4.675	0.979
18.332	2.495e+00	-6.242	503	4.683	0.971
18.332	3.280e+00	-6.357	472	4.690	0.963
18.332	4.329e+00	-6.475	443	4.697	0.956
18.332	5.703e+00	-6.604	413	4.704	0.948
18.332	7.495e+00	-6.723	387	4.710	0.941
18.332	9.894e+00	-6.848	362	4.717	0.933
18.856	1.001e-04	-1.610	2803	3.048	6.470
18.856	1.316e-04	-1.682	2809	3.125	5.922
18.856	1.730e-04	-1.753	2822	3.203	5.411
18.856	2.274e-04	-1.825	2834	3.283	4.936
18.856	2.966e-04	-1.896	2846	3.361	4.509
18.856	3.893e-04	-1.988	2829	3.442	4.110
18.856	5.117e-04	-2.084	2798	3.520	3.758
18.856	6.727e-04	-2.179	2767	3.595	3.445
18.856	8.841e-04	-2.272	2737	3.669	3.166
18.856	1.153e-03	-2.361	2706	3.738	2.921
18.856	1.514e-03	-2.450	2676	3.808	2.697
18.856	1.982e-03	-2.534	2647	3.873	2.502
18.856	2.590e-03	-2.607	2621	3.929	2.345
18.856	3.379e-03	-2.664	2597	3.970	2.237
18.856	4.460e-03	-2.703	2576	3.995	2.174
18.856	5.838e-03	-2.727	2564	4.010	2.136
18.856	7.663e-03	-2.754	2550	4.028	2.093
18.856	1.013e-02	-2.801	2525	4.058	2.022
18.856	1.332e-02	-2.898	2474	4.120	1.884
18.856	1.677e-02	-3.072	2366	4.216	1.686
18.856	2.218e-02	-3.312	2179	4.313	1.507
18.856	2.916e-02	-3.532	1997	4.382	1.393
18.856	3.833e-02	-3.728	1837	4.433	1.314
18.856	4.999e-02	-3.920	1683	4.472	1.255
18.856	6.561e-02	-4.110	1537	4.505	1.209
18.856	8.623e-02	-4.285	1412	4.533	1.171
18.856	1.125e-01	-4.446	1305	4.556	1.140
18.856	1.485e-01	-4.610	1201	4.577	1.112
18.856	1.944e-01	-4.767	1109	4.595	1.089
18.856	2.566e-01	-4.929	1020	4.612	1.068
18.856	3.359e-01	-5.087	940	4.627	1.051
18.856	4.442e-01	-5.251	862	4.640	1.034
18.856	5.794e-01	-5.408	792	4.652	1.021
18.856	7.648e-01	-5.566	728	4.662	1.008
18.856	9.994e-01	-5.718	670	4.672	0.998
18.856	1.314e+00	-5.871	617	4.680	0.988
18.856	1.727e+00	-6.025	567	4.688	0.979
18.856	2.271e+00	-6.167	525	4.696	0.970
18.856	2.973e+00	-6.302	488	4.703	0.963
18.856	3.917e+00	-6.405	462	4.710	0.955
18.856	5.148e+00	-6.533	430	4.717	0.947
18.856	6.795e+00	-6.658	402	4.723	0.940
18.856	8.895e+00	-6.774	378	4.730	0.933
19.380	1.011e-04	-1.597	2809	3.051	6.533
19.380	1.330e-04	-1.671	2814	3.128	5.981
19.380	1.748e-04	-1.741	2826	3.206	5.468
19.380	2.280e-04	-1.811	2838	3.283	5.003
19.380	2.992e-04	-1.884	2851	3.363	4.561
19.380	3.933e-04	-1.971	2841	3.445	4.154
19.380	5.201e-04	-2.070	2810	3.525	3.788
19.380	6.838e-04	-2.165	2779	3.600	3.471
19.380	8.954e-04	-2.257	2749	3.673	3.193
19.380	1.164e-03	-2.345	2719	3.742	2.949
19.380	1.521e-03	-2.432	2689	3.810	2.727
19.380	1.984e-03	-2.514	2661	3.873	2.535
19.380	2.619e-03	-2.586	2635	3.929	2.378
19.380	3.429e-03	-2.635	2617	3.966	2.279
19.380	4.526e-03	-2.666	2602	3.987	2.223
19.380	5.925e-03	-2.690	2590	4.003	2.185
19.380	7.715e-03	-2.719	2575	4.022	2.138
19.380	1.018e-02	-2.774	2546	4.057	2.052
19.380	1.333e-02	-2.896	2481	4.135	1.877
19.380	1.763e-02	-3.119	2339	4.255	1.633
19.380	2.318e-02	-3.337	2167	4.340	1.481
19.380	3.046e-02	-3.548	1990	4.403	1.378
19.380	4.021e-02	-3.743	1830	4.453	1.301
19.380	5.264e-02	-3.931	1680	4.491	1.245
19.380	6.909e-02	-4.117	1537	4.523	1.200
19.380	9.081e-02	-4.290	1413	4.550	1.163
19.380	1.184e-01	-4.449	1306	4.573	1.133
19.380	1.564e-01	-4.612	1204	4.594	1.106
19.380	2.047e-01	-4.768	1112	4.612	1.083
19.380	2.702e-01	-4.929	1023	4.629	1.062
19.380	3.537e-01	-5.087	942	4.643	1.045
19.380	4.677e-01	-5.249	865	4.657	1.029
19.380	6.174e-01	-5.414	792	4.669	1.015
19.380	8.083e-01	-5.568	729	4.679	1.003
19.380	1.061e+00	-5.722	671	4.688	0.992
19.380	1.394e+00	-5.875	617	4.697	0.982
19.380	1.833e+00	-6.030	567	4.705	0.973
19.380	2.409e+00	-6.172	525	4.712	0.965
19.380	3.180e+00	-6.306	488	4.719	0.957
19.380	4.189e+00	-6.412	461	4.726	0.950
19.380	5.540e+00	-6.545	429	4.733	0.942
19.380	7.282e+00	-6.667	401	4.740	0.935
19.380	9.574e+00	-6.783	377	4.747	0.928
19.904	1.008e-04	-1.582	2815	3.051	6.622
19.904	1.326e-04	-1.655	2819	3.127	6.066
19.904	1.742e-04	-1.726	2830	3.205	5.548
19.904	2.291e-04	-1.798	2843	3.284	5.063
19.904	3.000e-04	-1.870	2855	3.364	4.621
19.904	3.927e-04	-1.950	2855	3.444	4.214
19.904	5.154e-04	-2.047	2824	3.522	3.850
19.904	6.750e-04	-2.141	2794	3.597	3.530
19.904	8.821e-04	-2.233	2763	3.670	3.247
19.904	1.151e-03	-2.322	2733	3.740	2.995
19.904	1.496e-03	-2.407	2704	3.807	2.774
19.904	1.963e-03	-2.490	2676	3.871	2.576
19.904	2.580e-03	-2.559	2651	3.924	2.424
19.904	3.392e-03	-2.604	2635	3.958	2.330
19.904	4.458e-03	-2.630	2625	3.978	2.278
19.904	5.815e-03	-2.651	2616	3.993	2.239
19.904	7.633e-03	-2.684	2600	4.015	2.184
19.904	1.003e-02	-2.746	2567	4.055	2.085
19.904	1.319e-02	-2.894	2488	4.149	1.870
19.904	1.688e-02	-3.085	2370	4.256	1.655
19.904	2.228e-02	-3.300	2202	4.342	1.497
19.904	2.917e-02	-3.498	2038	4.406	1.392
19.904	3.851e-02	-3.689	1880	4.457	1.312
19.904	5.032e-02	-3.875	1729	4.497	1.253
19.904	6.564e-02	-4.059	1585	4.530	1.207
19.904	8.664e-02	-4.234	1456	4.558	1.168
19.904	1.134e-01	-4.396	1345	4.582	1.136
19.904	1.489e-01	-4.555	1242	4.604	1.109
19.904	1.949e-01	-4.711	1148	4.622	1.085
19.904	2.552e-01	-4.867	1060	4.639	1.064
19.904	3.369e-01	-5.028	975	4.655	1.045
19.904	4.437e-01	-5.189	895	4.668	1.029
19.904	5.832e-01	-5.351	821	4.680	1.015
19.904	7.698e-01	-5.510	754	4.691	1.002
19.904	1.008e+00	-5.663	694	4.701	0.991
19.904	1.323e+00	-5.816	639	4.710	0.981
19.904	1.738e+00	-5.970	588	4.718	0.971
19.904	2.295e+00	-6.121	541	4.726	0.963
19.904	3.004e+00	-6.262	501	4.733	0.955
19.904	3.965e+00	-6.365	474	4.740	0.948
19.904	5.244e+00	-6.496	441	4.747	0.940
19.904	6.908e+00	-6.621	412	4.753	0.933
19.904	9.079e+00	-6.738	387	4.760	0.926
20.428	1.025e-04	-1.572	2821	3.056	6.669
20.428	1.347e-04	-1.645	2825	3.132	6.111
20.428	1.771e-04	-1.717	2835	3.210	5.590
20.428	2.319e-04	-1.787	2847	3.288	5.110
20.428	3.036e-04	-1.859	2860	3.367	4.665
20.428	3.954e-04	-1.932	2867	3.445	4.262
20.428	5.219e-04	-2.032	2836	3.526	3.884
20.428	6.832e-04	-2.127	2805	3.601	3.561
20.428	9.018e-04	-2.222	2774	3.677	3.264
20.428	1.181e-03	-2.312	2743	3.748	3.008
20.428	1.537e-03	-2.397	2714	3.814	2.786
20.428	1.998e-03	-2.475	2687	3.875	2.599
20.428	2.623e-03	-2.538	2665	3.923	2.458
20.428	3.447e-03	-2.577	2651	3.953	2.375
20.428	4.496e-03	-2.599	2643	3.970	2.329
20.428	5.845e-03	-2.619	2636	3.985	2.288
20.428	7.672e-03	-2.653	2622	4.010	2.225
20.428	1.008e-02	-2.727	2583	4.059	2.103
20.428	1.315e-02	-2.900	2492	4.168	1.854
20.428	1.736e-02	-3.103	2363	4.280	1.631
20.428	2.273e-02	-3.300	2208	4.359	1.489
20.428	3.000e-02	-3.498	2043	4.422	1.384
20.428	3.951e-02	-3.684	1890	4.472	1.307
20.428	5.193e-02	-3.871	1737	4.512	1.247
20.428	6.828e-02	-4.057	1591	4.546	1.200
20.428	8.942e-02	-4.226	1466	4.573	1.163
20.428	1.171e-01	-4.387	1355	4.597	1.131
20.428	1.545e-01	-4.549	1250	4.619	1.103
20.428	2.023e-01	-4.704	1155	4.638	1.080
20.428	2.655e-01	-4.861	1066	4.654	1.059
20.428	3.489e-01	-5.019	982	4.670	1.041
20.428	4.587e-01	-5.178	903	4.683	1.024
20.428	6.029e-01	-5.341	828	4.696	1.010
20.428	7.959e-01	-5.500	760	4.707	0.997
20.428	1.042e+00	-5.653	700	4.716	0.986
20.428	1.367e+00	-5.806	644	4.725	0.976
20.428	1.797e+00	-5.961	592	4.733	0.967
20.428	2.372e+00	-6.113	545	4.741	0.959
20.428	3.106e+00	-6.255	504	4.748	0.951
20.428	4.099e+00	-6.358	477	4.755	0.944
20.428	5.421e+00	-6.488	444	4.762	0.936
20.428	7.141e+00	-6.613	415	4.769	0.929
20.428	9.386e+00	-6.730	390	4.775	0.922
20.951	1.037e-04	-1.561	2827	3.060	6.724
20.951	1.369e-04	-1.636	2831	3.137	6.153
20.951	1.792e-04	-1.706	2839	3.213	5.638
20.951	2.352e-04	-1.777	2852	3.291	5.152
20.951	3.091e-04	-1.850	2865	3.371	4.698
20.951	4.032e-04	-1.922	2875	3.450	4.291
20.951	5.292e-04	-2.019	2847	3.530	3.915
20.951	6.956e-04	-2.115	2816	3.607	3.584
20.951	9.145e-04	-2.209	2785	3.681	3.288
20.951	1.202e-03	-2.300	2753	3.753	3.027
20.951	1.568e-03	-2.385	2725	3.820	2.804
20.951	2.058e-03	-2.462	2698	3.880	2.617
20.951	2.704e-03	-2.518	2678	3.923	2.489
20.951	3.556e-03	-2.551	2667	3.948	2.419
20.951	4.656e-03	-2.571	2659	3.964	2.376
20.951	6.133e-03	-2.594	2651	3.982	2.327
20.951	8.061e-03	-2.636	2635	4.013	2.245
20.951	1.060e-02	-2.742	2582	4.083	2.071
20.951	1.393e-02	-2.942	2474	4.210	1.790
20.951	1.817e-02	-3.127	2351	4.306	1.602
20.951	2.398e-02	-3.320	2199	4.382	1.467
20.951	3.159e-02	-3.513	2037	4.442	1.369
20.951	4.152e-02	-3.692	1889	4.490	1.296
20.951	5.481e-02	-3.880	1734	4.530	1.238
20.951	7.220e-02	-4.064	1590	4.563	1.192
20.951	9.489e-02	-4.235	1463	4.591	1.154
20.951	1.248e-01	-4.397	1352	4.614	1.123
20.951	1.640e-01	-4.556	1249	4.635	1.096
20.951	2.139e-01	-4.709	1156	4.654	1.074
20.951	2.823e-01	-4.868	1065	4.671	1.053
20.951	3.696e-01	-5.023	982	4.686	1.035
20.951	4.851e-01	-5.181	904	4.699	1.019
20.951	6.375e-01	-5.344	829	4.711	1.005
20.951	8.415e-01	-5.503	761	4.722	0.992
20.951	1.100e+00	-5.655	701	4.732	0.981
20.951	1.434e+00	-5.805	646	4.741	0.971
20.951	1.893e+00	-5.963	593	4.749	0.962
20.951	2.479e+00	-6.111	547	4.756	0.954
20.951	3.278e+00	-6.259	504	4.763	0.946
20.951	4.310e+00	-6.360	478	4.770	0.939
20.951	5.700e+00	-6.489	445	4.777	0.931
20.951	7.491e+00	-6.612	416	4.784	0.924
20.951	9.888e+00	-6.731	390	4.790	0.917
23.046	1.037e-04	-1.508	2849	3.062	7.032
23.046	1.363e-04	-1.581	2853	3.137	6.451
23.046	1.777e-04	-1.653	2856	3.211	5.924
23.046	2.346e-04	-1.725	2867	3.290	5.412
23.046	3.071e-04	-1.796	2879	3.368	4.948
23.046	4.031e-04	-1.868	2892	3.448	4.513
23.046	5.298e-04	-1.946	2896	3.529	4.111
23.046	6.910e-04	-2.042	2865	3.606	3.763
23.046	9.122e-04	-2.139	2833	3.683	3.443
23.046	1.192e-03	-2.229	2803	3.754	3.173
23.046	1.555e-03	-2.310	2775	3.818	2.946
23.046	2.052e-03	-2.379	2751	3.872	2.770
23.046	2.687e-03	-2.419	2737	3.903	2.672
23.046	3.526e-03	-2.441	2730	3.920	2.620
23.046	4.584e-03	-2.460	2723	3.935	2.576
23.046	6.003e-03	-2.490	2712	3.958	2.508
23.046	7.859e-03	-2.552	2690	4.006	2.373
23.046	1.033e-02	-2.724	2616	4.129	2.060
23.046	1.344e-02	-2.899	2521	4.240	1.812
23.046	1.767e-02	-3.060	2423	4.332	1.630
23.046	2.322e-02	-3.232	2291	4.407	1.496
23.046	3.053e-02	-3.394	2162	4.469	1.393
23.046	4.037e-02	-3.578	2004	4.521	1.311
23.046	5.306e-02	-3.755	1855	4.564	1.249
23.046	6.921e-02	-3.929	1713	4.599	1.199
23.046	9.153e-02	-4.104	1577	4.630	1.157
23.046	1.203e-01	-4.270	1455	4.656	1.123
23.046	1.582e-01	-4.429	1345	4.678	1.094
23.046	2.079e-01	-4.586	1243	4.699	1.069
23.046	2.723e-01	-4.739	1149	4.716	1.047
23.046	3.565e-01	-4.893	1062	4.733	1.028
23.046	4.705e-01	-5.051	978	4.747	1.011
23.046	6.149e-01	-5.206	901	4.760	0.996
23.046	8.117e-01	-5.373	824	4.772	0.982
23.046	1.063e+00	-5.529	758	4.783	0.971
23.046	1.395e+00	-5.683	697	4.792	0.960
23.046	1.833e+00	-5.839	641	4.801	0.951
23.046	2.410e+00	-5.995	588	4.809	0.942
23.046	3.167e+00	-6.142	543	4.816	0.934
23.046	4.131e+00	-6.274	505	4.822	0.927
23.046	5.464e+00	-6.387	475	4.829	0.920
23.046	7.212e+00	-6.511	444	4.836	0.913
23.046	9.500e+00	-6.633	416	4.843	0.906
25.142	1.047e-04	-1.465	2870	3.069	7.289
25.142	1.371e-04	-1.535	2874	3.142	6.705
25.142	1.800e-04	-1.608	2877	3.217	6.151
25.142	2.357e-04	-1.681	2882	3.292	5.639
25.142	3.085e-04	-1.750	2893	3.369	5.163
25.142	4.049e-04	-1.822	2906	3.448	4.715
25.142	5.322e-04	-1.895	2918	3.528	4.298
25.142	6.942e-04	-1.978	2910	3.606	3.927
25.142	9.180e-04	-2.077	2877	3.686	3.585
25.142	1.197e-03	-2.165	2847	3.756	3.306
25.142	1.581e-03	-2.245	2820	3.819	3.075
25.142	2.069e-03	-2.298	2802	3.860	2.931
25.142	2.731e-03	-2.326	2792	3.883	2.857
25.142	3.569e-03	-2.344	2786	3.897	2.811
25.142	4.640e-03	-2.367	2778	3.915	2.752
25.142	6.052e-03	-2.411	2762	3.949	2.646
25.142	7.989e-03	-2.535	2719	4.045	2.369
25.142	1.035e-02	-2.710	2646	4.173	2.046
25.142	1.366e-02	-2.874	2556	4.278	1.813
25.142	1.785e-02	-3.016	2473	4.362	1.646
25.142	2.347e-02	-3.168	2364	4.435	1.513
25.142	3.084e-02	-3.318	2247	4.498	1.408
25.142	4.071e-02	-3.493	2097	4.552	1.322
25.142	5.330e-02	-3.657	1958	4.597	1.255
25.142	7.035e-02	-3.833	1809	4.636	1.201
25.142	9.210e-02	-4.002	1672	4.668	1.157
25.142	1.216e-01	-4.175	1539	4.696	1.120
25.142	1.591e-01	-4.332	1425	4.720	1.090
25.142	2.101e-01	-4.492	1316	4.742	1.063
25.142	2.750e-01	-4.646	1217	4.760	1.040
25.142	3.609e-01	-4.801	1124	4.777	1.020
25.142	4.744e-01	-4.957	1037	4.793	1.002
25.142	6.188e-01	-5.108	958	4.806	0.986
25.142	8.168e-01	-5.273	877	4.819	0.972
25.142	1.067e+00	-5.428	808	4.830	0.960
25.142	1.403e+00	-5.585	742	4.840	0.949
25.142	1.844e+00	-5.742	682	4.849	0.939
25.142	2.406e+00	-5.895	627	4.857	0.930
25.142	3.157e+00	-6.047	577	4.865	0.922
25.142	4.150e+00	-6.202	530	4.872	0.915
25.142	5.478e+00	-6.322	497	4.878	0.908
25.142	7.244e+00	-6.431	468	4.885	0.901
25.142	9.543e+00	-6.557	437	4.892	0.894
27.237	1.043e-04	-1.421	2891	3.073	7.553
27.237	1.371e-04	-1.492	2893	3.145	6.954
27.237	1.796e-04	-1.563	2896	3.218	6.392
27.237	2.346e-04	-1.635	2900	3.292	5.869
27.237	3.061e-04	-1.706	2906	3.367	5.386
27.237	3.979e-04	-1.774	2918	3.442	4.941
27.237	5.222e-04	-1.845	2930	3.521	4.511
27.237	6.839e-04	-1.918	2942	3.600	4.117
27.237	9.008e-04	-2.010	2922	3.680	3.756
27.237	1.184e-03	-2.100	2891	3.752	3.456
27.237	1.554e-03	-2.172	2867	3.810	3.235
27.237	2.042e-03	-2.216	2852	3.844	3.109
27.237	2.664e-03	-2.237	2845	3.861	3.049
27.237	3.463e-03	-2.255	2839	3.875	2.999
27.237	4.545e-03	-2.285	2828	3.899	2.920
27.237	5.974e-03	-2.351	2805	3.950	2.752
27.237	7.792e-03	-2.515	2748	4.078	2.374
27.237	9.291e-03	-2.619	2711	4.159	2.163
27.237	1.198e-02	-2.766	2637	4.257	1.932
27.237	1.569e-02	-2.903	2562	4.345	1.747
27.237	2.054e-02	-3.035	2481	4.421	1.600
27.237	2.696e-02	-3.176	2378	4.489	1.480
27.237	3.543e-02	-3.319	2267	4.549	1.381
27.237	4.677e-02	-3.489	2120	4.602	1.299
27.237	6.122e-02	-3.648	1984	4.646	1.235
27.237	8.081e-02	-3.822	1835	4.685	1.181
27.237	1.058e-01	-3.987	1700	4.717	1.138
27.237	1.396e-01	-4.160	1564	4.745	1.102
27.237	1.840e-01	-4.322	1445	4.769	1.071
27.237	2.409e-01	-4.479	1337	4.790	1.046
27.237	3.153e-01	-4.633	1236	4.809	1.024
27.237	4.139e-01	-4.787	1143	4.826	1.004
27.237	5.440e-01	-4.941	1055	4.842	0.986
27.237	7.095e-01	-5.091	975	4.855	0.971
27.237	9.366e-01	-5.255	894	4.868	0.956
27.237	1.234e+00	-5.414	821	4.879	0.944
27.237	1.616e+00	-5.570	755	4.889	0.933
27.237	2.111e+00	-5.726	694	4.898	0.924
27.237	2.776e+00	-5.884	636	4.907	0.915
27.237	3.635e+00	-6.036	586	4.914	0.907
27.237	4.726e+00	-6.189	538	4.920	0.900
27.237	6.176e+00	-6.308	504	4.927	0.894
27.237	8.152e+00	-6.410	478	4.933	0.887
29.332	1.029e-04	-1.377	2914	3.075	7.823
29.332	1.352e-04	-1.449	2911	3.145	7.215
29.332	1.763e-04	-1.518	2914	3.216	6.651
29.332	2.328e-04	-1.592	2918	3.292	6.095
29.332	3.042e-04	-1.664	2921	3.366	5.595
29.332	3.968e-04	-1.733	2930	3.441	5.133
29.332	5.207e-04	-1.804	2942	3.519	4.691
29.332	6.844e-04	-1.877	2955	3.598	4.281
29.332	8.927e-04	-1.949	2963	3.675	3.918
29.332	1.172e-03	-2.038	2933	3.747	3.608
29.332	1.540e-03	-2.104	2911	3.800	3.395
29.332	2.009e-03	-2.138	2899	3.827	3.291
29.332	2.636e-03	-2.157	2893	3.842	3.234
29.332	3.427e-03	-2.177	2886	3.858	3.173
29.332	4.488e-03	-2.215	2873	3.888	3.066
29.332	5.875e-03	-2.314	2838	3.966	2.804
29.332	7.755e-03	-2.495	2776	4.109	2.379
29.332	1.022e-02	-2.641	2723	4.221	2.090
29.332	1.338e-02	-2.782	2648	4.314	1.879
29.332	1.751e-02	-2.909	2578	4.394	1.713
29.332	2.312e-02	-3.038	2498	4.468	1.573
29.332	3.021e-02	-3.169	2404	4.533	1.460
29.332	3.940e-02	-3.304	2299	4.590	1.366
29.332	5.201e-02	-3.468	2157	4.644	1.285
29.332	6.851e-02	-3.628	2020	4.689	1.220
29.332	9.005e-02	-3.796	1874	4.727	1.167
29.332	1.189e-01	-3.965	1733	4.760	1.123
29.332	1.566e-01	-4.137	1596	4.789	1.087
29.332	2.058e-01	-4.299	1474	4.813	1.057
29.332	2.706e-01	-4.459	1362	4.835	1.031
29.332	3.556e-01	-4.615	1258	4.854	1.009
29.332	4.638e-01	-4.765	1166	4.871	0.990
29.332	6.088e-01	-4.917	1077	4.886	0.972
29.332	8.001e-01	-5.071	994	4.900	0.956
29.332	1.044e+00	-5.225	916	4.913	0.943
29.332	1.378e+00	-5.387	840	4.924	0.930
29.332	1.803e+00	-5.544	772	4.934	0.919
29.332	2.380e+00	-5.707	707	4.944	0.910
29.332	3.116e+00	-5.864	649	4.952	0.901
29.332	4.113e+00	-6.021	595	4.960	0.893
29.332	5.418e+00	-6.187	543	4.966	0.886
29.332	7.121e+00	-6.304	510	4.973	0.880
29.332	9.400e+00	-6.405	483	4.979	0.873
31.427	1.014e-04	-1.335	2937	3.077	8.077
31.427	1.325e-04	-1.406	2932	3.145	7.471
31.427	1.742e-04	-1.478	2931	3.216	6.884
31.427	2.289e-04	-1.549	2934	3.289	6.326
31.427	3.010e-04	-1.622	2938	3.364	5.801
31.427	3.956e-04	-1.696	2942	3.441	5.314
31.427	5.160e-04	-1.765	2954	3.516	4.873
31.427	6.811e-04	-1.837	2966	3.596	4.445
31.427	8.900e-04	-1.906	2978	3.672	4.072
31.427	1.161e-03	-1.977	2974	3.740	3.763
31.427	1.535e-03	-2.038	2953	3.789	3.558
31.427	2.019e-03	-2.066	2944	3.812	3.467
31.427	2.643e-03	-2.084	2937	3.826	3.409
31.427	3.482e-03	-2.111	2928	3.847	3.327
31.427	4.577e-03	-2.166	2909	3.891	3.162
31.427	5.968e-03	-2.319	2856	4.012	2.753
31.427	7.607e-03	-2.463	2807	4.126	2.415
31.427	9.941e-03	-2.597	2759	4.230	2.142
31.427	1.297e-02	-2.725	2699	4.319	1.932
31.427	1.712e-02	-2.854	2628	4.402	1.757
31.427	2.241e-02	-2.971	2561	4.475	1.616
31.427	2.941e-02	-3.094	2480	4.542	1.496
31.427	3.823e-02	-3.224	2381	4.601	1.397
31.427	5.007e-02	-3.361	2271	4.656	1.311
31.427	6.554e-02	-3.521	2130	4.704	1.241
31.427	8.651e-02	-3.683	1988	4.747	1.181
31.427	1.131e-01	-3.849	1844	4.782	1.134
31.427	1.486e-01	-4.013	1708	4.814	1.094
31.427	1.947e-01	-4.180	1576	4.840	1.061
31.427	2.548e-01	-4.341	1456	4.863	1.033
31.427	3.345e-01	-4.498	1345	4.884	1.009
31.427	4.380e-01	-4.651	1245	4.902	0.988
31.427	5.724e-01	-4.801	1153	4.918	0.969
31.427	7.525e-01	-4.953	1066	4.934	0.953
31.427	9.854e-01	-5.105	984	4.947	0.938
31.427	1.298e+00	-5.265	904	4.960	0.924
31.427	1.706e+00	-5.426	829	4.971	0.913
31.427	2.225e+00	-5.584	762	4.980	0.903
31.427	2.937e+00	-5.746	697	4.990	0.893
31.427	3.839e+00	-5.902	640	4.997	0.885
31.427	5.047e+00	-6.071	583	5.005	0.878
31.427	6.633e+00	-6.226	536	5.011	0.871
31.427	8.756e+00	-6.319	510	5.017	0.865
34.570	1.020e-04	-1.281	2977	3.088	8.368
34.570	1.339e-04	-1.357	2962	3.155	7.743
34.570	1.760e-04	-1.430	2958	3.225	7.146
34.570	2.314e-04	-1.501	2958	3.296	6.582
34.570	3.030e-04	-1.572	2962	3.369	6.053
34.570	3.960e-04	-1.643	2965	3.442	5.561
34.570	5.206e-04	-1.717	2970	3.519	5.094
34.570	6.843e-04	-1.786	2982	3.596	4.662
34.570	8.925e-04	-1.853	2993	3.668	4.287
34.570	1.171e-03	-1.911	3003	3.732	3.985
34.570	1.540e-03	-1.947	3008	3.771	3.810
34.570	2.008e-03	-1.966	3006	3.789	3.731
34.570	2.636e-03	-1.987	2999	3.806	3.661
34.570	3.464e-03	-2.022	2987	3.834	3.543
34.570	4.573e-03	-2.119	2953	3.911	3.242
34.570	5.838e-03	-2.282	2897	4.041	2.793
34.570	7.623e-03	-2.426	2848	4.155	2.449
34.570	1.002e-02	-2.553	2802	4.254	2.185
34.570	1.317e-02	-2.670	2757	4.343	1.972
34.570	1.731e-02	-2.794	2689	4.423	1.798
34.570	2.258e-02	-2.907	2625	4.494	1.656
34.570	2.981e-02	-3.022	2556	4.564	1.529
34.570	3.926e-02	-3.147	2469	4.628	1.421
34.570	5.160e-02	-3.278	2367	4.686	1.329
34.570	6.773e-02	-3.428	2238	4.738	1.251
34.570	8.902e-02	-3.582	2101	4.783	1.188
34.570	1.170e-01	-3.747	1956	4.823	1.135
34.570	1.538e-01	-3.913	1812	4.857	1.092
34.570	2.022e-01	-4.080	1674	4.886	1.055
34.570	2.658e-01	-4.248	1542	4.911	1.025
34.570	3.509e-01	-4.411	1422	4.934	0.999
34.570	4.585e-01	-4.565	1316	4.953	0.977
34.570	5.980e-01	-4.714	1220	4.970	0.958
34.570	7.894e-01	-4.867	1127	4.986	0.940
34.570	1.033e+00	-5.017	1043	5.000	0.925
34.570	1.356e+00	-5.171	961	5.014	0.911
34.570	1.783e+00	-5.332	882	5.025	0.899
34.570	2.344e+00	-5.495	808	5.036	0.888
34.570	3.080e+00	-5.659	739	5.045	0.878
34.570	4.050e+00	-5.820	677	5.054	0.870
34.570	5.323e+00	-5.979	621	5.061	0.862
34.570	7.026e+00	-6.148	565	5.068	0.856
34.570	9.198e+00	-6.265	530	5.074	0.850
36.665	1.007e-04	-1.244	3003	3.091	8.588
36.665	1.329e-04	-1.321	2987	3.159	7.941
36.665	1.737e-04	-1.394	2976	3.226	7.352
36.665	2.284e-04	-1.466	2973	3.296	6.779
36.665	3.001e-04	-1.537	2976	3.369	6.236
36.665	3.915e-04	-1.607	2980	3.441	5.738
36.665	5.138e-04	-1.681	2983	3.516	5.264
36.665	6.729e-04	-1.750	2991	3.590	4.831
36.665	8.808e-04	-1.816	3003	3.662	4.446
36.665	1.165e-03	-1.871	3012	3.723	4.145
36.665	1.532e-03	-1.902	3017	3.757	3.988
36.665	2.013e-03	-1.917	3020	3.774	3.910
36.665	2.626e-03	-1.933	3023	3.792	3.829
36.665	3.466e-03	-1.970	3022	3.828	3.675
36.665	4.537e-03	-2.097	2978	3.930	3.268
36.665	5.757e-03	-2.250	2926	4.052	2.839
36.665	7.537e-03	-2.391	2878	4.163	2.497
36.665	9.892e-03	-2.514	2834	4.260	2.234
36.665	1.295e-02	-2.625	2795	4.347	2.021
36.665	1.696e-02	-2.742	2735	4.427	1.844
36.665	2.238e-02	-2.860	2669	4.502	1.691
36.665	2.930e-02	-2.965	2612	4.570	1.564
36.665	3.868e-02	-3.085	2533	4.636	1.449
36.665	5.095e-02	-3.215	2433	4.697	1.352
36.665	6.696e-02	-3.348	2327	4.752	1.269
36.665	8.735e-02	-3.502	2187	4.799	1.202
36.665	1.153e-01	-3.661	2047	4.842	1.144
36.665	1.509e-01	-3.824	1903	4.878	1.097
36.665	1.992e-01	-3.991	1760	4.910	1.057
36.665	2.608e-01	-4.158	1624	4.937	1.025
36.665	3.449e-01	-4.328	1493	4.961	0.997
36.665	4.535e-01	-4.487	1378	4.981	0.974
36.665	5.939e-01	-4.640	1276	5.000	0.954
36.665	7.761e-01	-4.788	1182	5.016	0.936
36.665	1.020e+00	-4.939	1094	5.031	0.920
36.665	1.336e+00	-5.090	1011	5.045	0.905
36.665	1.749e+00	-5.246	930	5.057	0.892
36.665	2.309e+00	-5.412	851	5.069	0.881
36.665	3.023e+00	-5.574	780	5.078	0.871
36.665	3.990e+00	-5.739	713	5.087	0.862
36.665	5.223e+00	-5.898	653	5.095	0.854
36.665	6.895e+00	-6.068	595	5.102	0.847
36.665	9.118e+00	-6.212	550	5.109	0.841
39.807	1.049e-04	-1.207	3039	3.110	8.753
39.807	1.378e-04	-1.283	3020	3.176	8.114
39.807	1.812e-04	-1.360	3004	3.243	7.506
39.807	2.373e-04	-1.432	2998	3.312	6.938
39.807	3.106e-04	-1.502	2998	3.382	6.401
39.807	4.100e-04	-1.574	3001	3.456	5.876
39.807	5.367e-04	-1.646	3004	3.529	5.401
39.807	6.989e-04	-1.715	3008	3.600	4.976
39.807	9.225e-04	-1.777	3018	3.669	4.600
39.807	1.215e-03	-1.821	3026	3.716	4.353
39.807	1.591e-03	-1.842	3029	3.740	4.239
39.807	2.080e-03	-1.856	3032	3.755	4.164
39.807	2.703e-03	-1.875	3035	3.777	4.062
39.807	3.526e-03	-1.919	3043	3.824	3.844
39.807	4.509e-03	-2.059	3017	3.950	3.328
39.807	5.663e-03	-2.199	2969	4.062	2.925
39.807	7.386e-03	-2.334	2923	4.169	2.584
39.807	9.694e-03	-2.455	2880	4.265	2.314
39.807	1.274e-02	-2.566	2841	4.353	2.093
39.807	1.675e-02	-2.674	2799	4.434	1.905
39.807	2.202e-02	-2.790	2734	4.509	1.747
39.807	2.872e-02	-2.894	2679	4.578	1.615
39.807	3.739e-02	-2.999	2617	4.643	1.499
39.807	4.936e-02	-3.119	2534	4.706	1.392
39.807	6.461e-02	-3.246	2434	4.764	1.304
39.807	8.480e-02	-3.385	2316	4.817	1.226
39.807	1.115e-01	-3.539	2177	4.863	1.162
39.807	1.465e-01	-3.699	2034	4.904	1.109
39.807	1.926e-01	-3.863	1889	4.940	1.065
39.807	2.547e-01	-4.032	1745	4.971	1.027
39.807	3.349e-01	-4.205	1603	4.997	0.997
39.807	4.401e-01	-4.367	1479	5.020	0.971
39.807	5.787e-01	-4.526	1366	5.040	0.949
39.807	7.606e-01	-4.679	1263	5.058	0.930
39.807	9.920e-01	-4.825	1172	5.073	0.913
39.807	1.302e+00	-4.976	1084	5.088	0.897
39.807	1.711e+00	-5.130	999	5.102	0.884
39.807	2.232e+00	-5.286	920	5.113	0.872
39.807	2.946e+00	-5.452	841	5.124	0.861
39.807	3.850e+00	-5.614	770	5.134	0.851
39.807	5.062e+00	-5.779	704	5.142	0.843
39.807	6.653e+00	-5.942	644	5.150	0.836
39.807	8.782e+00	-6.107	588	5.157	0.829
41.903	1.005e-04	-1.160	3075	3.106	9.020
41.903	1.321e-04	-1.242	3045	3.171	8.369
41.903	1.723e-04	-1.316	3029	3.236	7.769
41.903	2.262e-04	-1.391	3016	3.303	7.186
41.903	2.973e-04	-1.463	3012	3.373	6.630
41.903	3.909e-04	-1.534	3014	3.445	6.104
41.903	5.118e-04	-1.605	3017	3.517	5.616
41.903	6.700e-04	-1.675	3020	3.589	5.172
41.903	8.794e-04	-1.737	3025	3.655	4.795
41.903	1.156e-03	-1.779	3032	3.701	4.546
41.903	1.520e-03	-1.800	3036	3.724	4.427
41.903	1.990e-03	-1.814	3038	3.740	4.349
41.903	2.621e-03	-1.836	3042	3.763	4.234
41.903	3.445e-03	-1.884	3051	3.816	3.981
41.903	4.425e-03	-2.022	3045	3.952	3.407
41.903	5.590e-03	-2.164	2997	4.065	2.989
41.903	7.291e-03	-2.297	2952	4.172	2.643
41.903	9.569e-03	-2.417	2910	4.268	2.368
41.903	1.258e-02	-2.528	2871	4.355	2.142
41.903	1.654e-02	-2.632	2834	4.436	1.950
41.903	2.173e-02	-2.744	2776	4.513	1.786
41.903	2.869e-02	-2.853	2718	4.585	1.643
41.903	3.749e-02	-2.956	2662	4.651	1.522
41.903	4.874e-02	-3.066	2589	4.713	1.418
41.903	6.357e-02	-3.188	2495	4.771	1.326
41.903	8.391e-02	-3.318	2392	4.828	1.243
41.903	1.097e-01	-3.470	2253	4.876	1.175
41.903	1.442e-01	-3.620	2119	4.920	1.118
41.903	1.895e-01	-3.784	1971	4.957	1.070
41.903	2.491e-01	-3.950	1826	4.990	1.031
41.903	3.274e-01	-4.117	1685	5.018	0.998
41.903	4.305e-01	-4.288	1549	5.043	0.970
41.903	5.658e-01	-4.449	1429	5.064	0.947
41.903	7.380e-01	-4.600	1324	5.082	0.927
41.903	9.686e-01	-4.752	1225	5.099	0.909
41.903	1.273e+00	-4.901	1134	5.115	0.893
41.903	1.674e+00	-5.053	1048	5.129	0.879
41.903	2.192e+00	-5.209	965	5.141	0.866
41.903	2.869e+00	-5.370	885	5.153	0.855
41.903	3.736e+00	-5.530	812	5.162	0.845
41.903	4.932e+00	-5.699	741	5.172	0.836
41.903	6.445e+00	-5.858	679	5.179	0.829
41.903	8.474e+00	-6.023	620	5.187	0.822
45.045	1.033e-04	-1.119	3118	3.121	9.190
45.045	1.352e-04	-1.205	3080	3.185	8.538
45.045	1.785e-04	-1.283	3059	3.252	7.907
45.045	2.336e-04	-1.359	3042	3.318	7.326
45.045	3.084e-04	-1.433	3035	3.388	6.759
45.045	4.030e-04	-1.503	3033	3.457	6.244
45.045	5.240e-04	-1.570	3036	3.526	5.767
45.045	6.834e-04	-1.637	3039	3.594	5.333
45.045	8.899e-04	-1.694	3040	3.652	4.990
45.045	1.175e-03	-1.730	3043	3.689	4.778
45.045	1.538e-03	-1.746	3046	3.707	4.680
45.045	2.002e-03	-1.760	3048	3.723	4.596
45.045	2.603e-03	-1.784	3053	3.749	4.462
45.045	3.436e-03	-1.848	3065	3.820	4.112
45.045	4.303e-03	-1.967	3084	3.950	3.538
45.045	5.680e-03	-2.130	3032	4.083	3.038
45.045	7.435e-03	-2.261	2988	4.188	2.689
45.045	9.759e-03	-2.379	2947	4.282	2.414
45.045	1.283e-02	-2.488	2909	4.369	2.186
45.045	1.673e-02	-2.588	2873	4.447	1.996
45.045	2.196e-02	-2.691	2830	4.524	1.828
45.045	2.886e-02	-2.799	2773	4.596	1.681
45.045	3.794e-02	-2.904	2716	4.665	1.553
45.045	4.969e-02	-3.011	2650	4.730	1.442
45.045	6.504e-02	-3.127	2567	4.791	1.344
45.045	8.602e-02	-3.257	2464	4.849	1.257
45.045	1.122e-01	-3.394	2344	4.900	1.185
45.045	1.481e-01	-3.547	2205	4.947	1.123
45.045	1.939e-01	-3.703	2062	4.987	1.072
45.045	2.545e-01	-3.866	1917	5.022	1.030
45.045	3.345e-01	-4.028	1776	5.052	0.995
45.045	4.415e-01	-4.207	1627	5.079	0.965
45.045	5.815e-01	-4.374	1498	5.102	0.940
45.045	7.643e-01	-4.532	1383	5.121	0.919
45.045	9.969e-01	-4.681	1282	5.139	0.901
45.045	1.298e+00	-4.825	1191	5.154	0.885
45.045	1.713e+00	-4.978	1100	5.169	0.869
45.045	2.243e+00	-5.132	1014	5.183	0.856
45.045	2.944e+00	-5.291	932	5.195	0.844
45.045	3.869e+00	-5.457	852	5.205	0.834
45.045	5.087e+00	-5.624	778	5.215	0.825
45.045	6.686e+00	-5.790	711	5.223	0.817
45.045	8.791e+00	-5.954	650	5.231	0.810
47.140	1.043e-04	-1.091	3148	3.129	9.316
47.140	1.371e-04	-1.179	3107	3.194	8.646
47.140	1.802e-04	-1.260	3079	3.259	8.021
47.140	2.360e-04	-1.335	3062	3.325	7.436
47.140	3.090e-04	-1.409	3050	3.392	6.883
47.140	4.078e-04	-1.482	3046	3.463	6.345
47.140	5.339e-04	-1.550	3048	3.532	5.857
47.140	7.047e-04	-1.617	3051	3.601	5.413
47.140	9.283e-04	-1.669	3053	3.654	5.090
47.140	1.216e-03	-1.698	3054	3.683	4.924
47.140	1.591e-03	-1.713	3054	3.698	4.837
47.140	2.089e-03	-1.730	3056	3.716	4.738
47.140	2.745e-03	-1.762	3061	3.751	4.553
47.140	3.587e-03	-1.856	3079	3.856	4.035
47.140	4.507e-03	-1.973	3098	3.983	3.486
47.140	5.937e-03	-2.126	3049	4.108	3.019
47.140	7.803e-03	-2.254	3005	4.211	2.679
47.140	1.018e-02	-2.367	2966	4.301	2.416
47.140	1.325e-02	-2.470	2930	4.383	2.198
47.140	1.723e-02	-2.568	2895	4.461	2.011
47.140	2.240e-02	-2.662	2861	4.534	1.848
47.140	2.911e-02	-2.766	2807	4.604	1.704
47.140	3.843e-02	-2.873	2749	4.675	1.571
47.140	5.022e-02	-2.975	2689	4.740	1.458
47.140	6.551e-02	-3.086	2614	4.801	1.359
47.140	8.663e-02	-3.215	2511	4.861	1.269
47.140	1.139e-01	-3.346	2403	4.915	1.192
47.140	1.506e-01	-3.502	2259	4.964	1.127
47.140	1.980e-01	-3.656	2119	5.006	1.073
47.140	2.603e-01	-3.816	1973	5.043	1.029
47.140	3.421e-01	-3.981	1827	5.074	0.992
47.140	4.498e-01	-4.156	1679	5.102	0.961
47.140	5.912e-01	-4.324	1545	5.125	0.936
47.140	7.711e-01	-4.480	1428	5.145	0.914
47.140	1.018e+00	-4.637	1319	5.164	0.895
47.140	1.332e+00	-4.785	1223	5.180	0.878
47.140	1.749e+00	-4.934	1132	5.195	0.863
47.140	2.298e+00	-5.088	1044	5.209	0.850
47.140	3.022e+00	-5.247	960	5.221	0.838
47.140	3.972e+00	-5.412	878	5.233	0.827
47.140	5.253e+00	-5.584	800	5.243	0.817
47.140	6.906e+00	-5.752	730	5.251	0.809
47.140	9.077e+00	-5.916	667	5.259	0.802
50.283	1.004e-04	-1.032	3202	3.128	9.634
50.283	1.308e-04	-1.119	3157	3.191	8.963
50.283	1.726e-04	-1.208	3116	3.256	8.309
50.283	2.260e-04	-1.285	3094	3.321	7.714
50.283	2.966e-04	-1.361	3077	3.388	7.145
50.283	3.884e-04	-1.434	3068	3.455	6.613
50.283	5.084e-04	-1.503	3065	3.522	6.119
50.283	6.673e-04	-1.566	3067	3.587	5.678
50.283	8.770e-04	-1.616	3069	3.638	5.355
50.283	1.144e-03	-1.643	3070	3.665	5.190
50.283	1.501e-03	-1.658	3071	3.681	5.099
50.283	1.952e-03	-1.675	3071	3.698	4.999
50.283	2.556e-03	-1.707	3072	3.731	4.812
50.283	3.346e-03	-1.799	3087	3.831	4.286
50.283	4.266e-03	-1.921	3110	3.966	3.672
50.283	5.620e-03	-2.058	3093	4.093	3.171
50.283	7.386e-03	-2.189	3049	4.199	2.807
50.283	9.634e-03	-2.302	3010	4.290	2.528
50.283	1.254e-02	-2.406	2974	4.373	2.297
50.283	1.631e-02	-2.504	2939	4.451	2.100
50.283	2.120e-02	-2.598	2907	4.526	1.928
50.283	2.798e-02	-2.698	2867	4.602	1.766
50.283	3.663e-02	-2.803	2810	4.672	1.629
50.283	4.836e-02	-2.908	2752	4.740	1.505
50.283	6.319e-02	-3.013	2686	4.804	1.399
50.283	8.243e-02	-3.128	2603	4.864	1.306
50.283	1.090e-01	-3.257	2499	4.922	1.222
50.283	1.422e-01	-3.393	2379	4.972	1.152
50.283	1.877e-01	-3.544	2240	5.019	1.092
50.283	2.453e-01	-3.699	2097	5.059	1.043
50.283	3.225e-01	-3.861	1949	5.094	1.002
50.283	4.238e-01	-4.020	1810	5.125	0.967
50.283	5.605e-01	-4.201	1656	5.152	0.937
50.283	7.311e-01	-4.365	1526	5.174	0.914
50.283	9.650e-01	-4.526	1407	5.194	0.893
50.283	1.263e+00	-4.677	1303	5.211	0.875
50.283	1.668e+00	-4.828	1206	5.227	0.859
50.283	2.179e+00	-4.975	1118	5.242	0.845
50.283	2.842e+00	-5.127	1032	5.255	0.832
50.283	3.752e+00	-5.292	945	5.267	0.821
50.283	4.912e+00	-5.457	865	5.278	0.811
50.283	6.447e+00	-5.625	789	5.287	0.802
50.283	8.473e+00	-5.792	720	5.295	0.794
52.378	1.013e-04	-1.005	3233	3.135	9.754
52.378	1.324e-04	-1.095	3184	3.199	9.064
52.378	1.727e-04	-1.181	3143	3.262	8.430
52.378	2.280e-04	-1.264	3112	3.328	7.812
52.378	2.985e-04	-1.339	3095	3.393	7.246
52.378	3.887e-04	-1.411	3082	3.458	6.724
52.378	5.130e-04	-1.482	3077	3.526	6.215
52.378	6.758e-04	-1.544	3078	3.589	5.783
52.378	8.882e-04	-1.589	3080	3.634	5.489
52.378	1.172e-03	-1.612	3081	3.658	5.341
52.378	1.535e-03	-1.626	3081	3.673	5.251
52.378	2.014e-03	-1.646	3082	3.693	5.130
52.378	2.648e-03	-1.689	3083	3.736	4.881
52.378	3.445e-03	-1.805	3099	3.861	4.227
52.378	4.359e-03	-1.915	3120	3.984	3.672
52.378	5.697e-03	-2.039	3113	4.104	3.198
52.378	7.490e-03	-2.168	3069	4.208	2.835
52.378	9.844e-03	-2.284	3030	4.301	2.547
52.378	1.294e-02	-2.391	2993	4.387	2.308
52.378	1.701e-02	-2.492	2957	4.467	2.104
52.378	2.219e-02	-2.585	2926	4.542	1.930
52.378	2.912e-02	-2.681	2891	4.617	1.771
52.378	3.814e-02	-2.785	2835	4.687	1.633
52.378	4.992e-02	-2.887	2778	4.754	1.512
52.378	6.590e-02	-2.995	2714	4.820	1.401
52.378	8.627e-02	-3.107	2634	4.881	1.306
52.378	1.132e-01	-3.234	2531	4.938	1.223
52.378	1.488e-01	-3.368	2416	4.991	1.151
52.378	1.941e-01	-3.514	2280	5.037	1.092
52.378	2.523e-01	-3.662	2143	5.077	1.043
52.378	3.312e-01	-3.820	1997	5.113	1.000
52.378	4.353e-01	-3.979	1856	5.145	0.964
52.378	5.677e-01	-4.152	1706	5.172	0.935
52.378	7.494e-01	-4.325	1566	5.195	0.910
52.378	9.811e-01	-4.483	1446	5.216	0.889
52.378	1.295e+00	-4.639	1336	5.234	0.870
52.378	1.695e+00	-4.786	1239	5.250	0.854
52.378	2.225e+00	-4.935	1147	5.265	0.839
52.378	2.924e+00	-5.091	1057	5.279	0.826
52.378	3.845e+00	-5.251	971	5.291	0.815
52.378	5.053e+00	-5.418	888	5.302	0.804
52.378	6.591e+00	-5.582	812	5.312	0.796
52.378	8.700e+00	-5.753	739	5.320	0.788
55.521	1.013e-04	-0.960	3282	3.141	9.967
55.521	1.321e-04	-1.053	3228	3.205	9.262
55.521	1.734e-04	-1.142	3182	3.270	8.599
55.521	2.279e-04	-1.229	3142	3.334	7.981
55.521	2.996e-04	-1.306	3121	3.400	7.402
55.521	3.924e-04	-1.381	3104	3.465	6.865
55.521	5.136e-04	-1.449	3097	3.529	6.377
55.521	6.793e-04	-1.509	3094	3.588	5.961
55.521	8.931e-04	-1.546	3095	3.626	5.704
55.521	1.174e-03	-1.565	3096	3.645	5.579
55.521	1.543e-03	-1.580	3097	3.661	5.483
55.521	2.028e-03	-1.603	3097	3.684	5.335
55.521	2.677e-03	-1.660	3099	3.742	4.994
55.521	3.411e-03	-1.781	3112	3.870	4.307
55.521	4.463e-03	-1.901	3135	4.003	3.696
55.521	5.857e-03	-2.015	3141	4.121	3.229
55.521	7.670e-03	-2.140	3099	4.222	2.872
55.521	1.004e-02	-2.252	3061	4.313	2.587
55.521	1.318e-02	-2.358	3025	4.398	2.347
55.521	1.732e-02	-2.459	2989	4.478	2.140
55.521	2.277e-02	-2.553	2959	4.555	1.958
55.521	2.982e-02	-2.645	2930	4.629	1.798
55.521	3.897e-02	-2.746	2878	4.700	1.658
55.521	5.124e-02	-2.850	2821	4.769	1.531
55.521	6.734e-02	-2.952	2763	4.835	1.419
55.521	8.889e-02	-3.066	2685	4.898	1.318
55.521	1.164e-01	-3.188	2587	4.957	1.233
55.521	1.536e-01	-3.315	2483	5.012	1.157
55.521	2.023e-01	-3.467	2340	5.061	1.093
55.521	2.659e-01	-3.615	2204	5.105	1.040
55.521	3.469e-01	-3.769	2060	5.141	0.997
55.521	4.553e-01	-3.929	1915	5.174	0.960
55.521	5.962e-01	-4.100	1764	5.203	0.929
55.521	7.791e-01	-4.266	1625	5.227	0.903
55.521	1.016e+00	-4.426	1501	5.247	0.882
55.521	1.341e+00	-4.584	1385	5.266	0.863
55.521	1.753e+00	-4.731	1284	5.283	0.847
55.521	2.287e+00	-4.875	1193	5.298	0.832
55.521	3.001e+00	-5.026	1102	5.312	0.819
55.521	3.944e+00	-5.184	1014	5.325	0.807
55.521	5.186e+00	-5.349	929	5.337	0.796
55.521	6.816e+00	-5.518	847	5.347	0.787
55.521	8.961e+00	-5.689	772	5.356	0.779
57.616	1.041e-04	-0.942	3307	3.152	10.027
57.616	1.364e-04	-1.036	3251	3.217	9.305
57.616	1.785e-04	-1.126	3203	3.281	8.644
57.616	2.324e-04	-1.210	3163	3.344	8.044
57.616	3.068e-04	-1.291	3137	3.410	7.456
57.616	4.009e-04	-1.364	3120	3.474	6.926
57.616	5.230e-04	-1.431	3109	3.535	6.454
57.616	6.903e-04	-1.487	3106	3.589	6.066
57.616	9.037e-04	-1.520	3105	3.621	5.845
57.616	1.193e-03	-1.537	3106	3.638	5.730
57.616	1.559e-03	-1.552	3106	3.654	5.630
57.616	2.058e-03	-1.578	3107	3.681	5.456
57.616	2.694e-03	-1.646	3110	3.749	5.042
57.616	3.365e-03	-1.764	3119	3.873	4.372
57.616	4.442e-03	-1.885	3142	4.007	3.750
57.616	5.815e-03	-1.988	3163	4.121	3.287
57.616	7.572e-03	-2.110	3122	4.221	2.930
57.616	9.995e-03	-2.226	3083	4.315	2.630
57.616	1.306e-02	-2.329	3047	4.398	2.389
57.616	1.704e-02	-2.427	3013	4.476	2.183
57.616	2.236e-02	-2.522	2983	4.553	1.999
57.616	2.928e-02	-2.612	2955	4.627	1.835
57.616	3.827e-02	-2.709	2912	4.699	1.690
57.616	5.031e-02	-2.814	2855	4.769	1.559
57.616	6.612e-02	-2.915	2798	4.836	1.444
57.616	8.625e-02	-3.020	2730	4.898	1.344
57.616	1.138e-01	-3.141	2639	4.960	1.252
57.616	1.490e-01	-3.263	2539	5.015	1.175
57.616	1.956e-01	-3.403	2413	5.066	1.107
57.616	2.571e-01	-3.551	2274	5.111	1.051
57.616	3.353e-01	-3.702	2133	5.150	1.005
57.616	4.401e-01	-3.861	1985	5.185	0.965
57.616	5.784e-01	-4.018	1846	5.216	0.932
57.616	7.635e-01	-4.196	1692	5.242	0.904
57.616	9.995e-01	-4.364	1555	5.264	0.881
57.616	1.319e+00	-4.525	1434	5.284	0.861
57.616	1.727e+00	-4.674	1329	5.302	0.844
57.616	2.267e+00	-4.820	1233	5.317	0.829
57.616	2.979e+00	-4.969	1141	5.332	0.815
57.616	3.917e+00	-5.126	1051	5.345	0.803
57.616	5.148e+00	-5.288	964	5.357	0.792
57.616	6.769e+00	-5.457	880	5.368	0.782
57.616	8.897e+00	-5.627	802	5.377	0.774
60.759	1.023e-04	-0.893	3357	3.153	10.284
60.759	1.340e-04	-0.990	3299	3.219	9.534
60.759	1.754e-04	-1.082	3245	3.284	8.853
60.759	2.315e-04	-1.173	3200	3.349	8.208
60.759	3.026e-04	-1.255	3164	3.412	7.634
60.759	3.946e-04	-1.327	3146	3.474	7.106
60.759	5.209e-04	-1.398	3129	3.536	6.620
60.759	6.808e-04	-1.448	3124	3.583	6.271
60.759	8.951e-04	-1.477	3122	3.611	6.072
60.759	1.176e-03	-1.493	3121	3.626	5.965
60.759	1.534e-03	-1.509	3121	3.642	5.857
60.759	2.029e-03	-1.539	3122	3.673	5.655
60.759	2.668e-03	-1.624	3125	3.759	5.122
60.759	3.290e-03	-1.736	3130	3.874	4.485
60.759	4.325e-03	-1.852	3151	4.002	3.872
60.759	5.686e-03	-1.953	3176	4.116	3.395
60.759	7.473e-03	-2.068	3155	4.220	3.012
60.759	9.864e-03	-2.184	3116	4.314	2.702
60.759	1.289e-02	-2.288	3081	4.398	2.453
60.759	1.681e-02	-2.386	3046	4.477	2.241
60.759	2.219e-02	-2.482	3016	4.556	2.046
60.759	2.905e-02	-2.572	2989	4.630	1.878
60.759	3.835e-02	-2.666	2956	4.705	1.723
60.759	5.021e-02	-2.769	2900	4.775	1.590
60.759	6.627e-02	-2.873	2842	4.844	1.469
60.759	8.660e-02	-2.974	2782	4.908	1.365
60.759	1.139e-01	-3.087	2702	4.970	1.271
60.759	1.497e-01	-3.212	2600	5.027	1.189
60.759	1.952e-01	-3.334	2497	5.080	1.120
60.759	2.577e-01	-3.489	2349	5.128	1.059
60.759	3.373e-01	-3.634	2212	5.170	1.009
60.759	4.427e-01	-3.787	2069	5.206	0.968
60.759	5.797e-01	-3.940	1930	5.238	0.933
60.759	7.576e-01	-4.112	1776	5.266	0.904
60.759	9.882e-01	-4.278	1636	5.289	0.880
60.759	1.304e+00	-4.441	1507	5.310	0.859
60.759	1.708e+00	-4.592	1396	5.328	0.841
60.759	2.254e+00	-4.742	1293	5.345	0.825
60.759	2.951e+00	-4.885	1201	5.360	0.811
60.759	3.895e+00	-5.039	1108	5.374	0.798
60.759	5.131e+00	-5.198	1019	5.386	0.786
60.759	6.743e+00	-5.363	933	5.398	0.776
60.759	8.901e+00	-5.536	849	5.408	0.767
62.854	1.041e-04	-0.873	3383	3.161	10.369
62.854	1.374e-04	-0.972	3322	3.229	9.587
62.854	1.799e-04	-1.066	3267	3.294	8.900
62.854	2.361e-04	-1.155	3221	3.358	8.264
62.854	3.103e-04	-1.241	3180	3.422	7.677
62.854	4.080e-04	-1.316	3160	3.485	7.140
62.854	5.343e-04	-1.381	3144	3.542	6.688
62.854	6.994e-04	-1.427	3136	3.584	6.375
62.854	9.232e-04	-1.451	3135	3.607	6.206
62.854	1.209e-03	-1.466	3134	3.621	6.105
62.854	1.586e-03	-1.485	3132	3.639	5.978
62.854	2.085e-03	-1.522	3131	3.675	5.734
62.854	2.752e-03	-1.632	3135	3.788	5.037
62.854	3.625e-03	-1.767	3145	3.928	4.286
62.854	4.764e-03	-1.874	3168	4.047	3.737
62.854	6.214e-03	-1.967	3190	4.153	3.308
62.854	8.157e-03	-2.082	3162	4.253	2.949
62.854	1.068e-02	-2.192	3125	4.342	2.661
62.854	1.398e-02	-2.295	3090	4.425	2.418
62.854	1.835e-02	-2.394	3056	4.505	2.207
62.854	2.386e-02	-2.482	3030	4.579	2.027
62.854	3.124e-02	-2.572	3002	4.653	1.861
62.854	4.090e-02	-2.663	2971	4.725	1.712
62.854	5.399e-02	-2.769	2913	4.797	1.576
62.854	7.067e-02	-2.870	2857	4.864	1.459
62.854	9.329e-02	-2.974	2795	4.930	1.352
62.854	1.219e-01	-3.084	2716	4.991	1.261
62.854	1.603e-01	-3.208	2616	5.049	1.180
62.854	2.107e-01	-3.333	2510	5.102	1.109
62.854	2.781e-01	-3.489	2360	5.151	1.049
62.854	3.640e-01	-3.633	2224	5.192	1.001
62.854	4.814e-01	-3.788	2078	5.229	0.958
62.854	6.355e-01	-3.943	1936	5.262	0.923
62.854	8.371e-01	-4.117	1780	5.290	0.894
62.854	1.100e+00	-4.287	1636	5.313	0.870
62.854	1.452e+00	-4.449	1508	5.333	0.850
62.854	1.901e+00	-4.597	1399	5.351	0.833
62.854	2.509e+00	-4.744	1298	5.368	0.817
62.854	3.285e+00	-4.886	1206	5.382	0.804
62.854	4.336e+00	-5.039	1114	5.396	0.791
62.854	5.712e+00	-5.197	1024	5.409	0.779
62.854	7.508e+00	-5.361	938	5.420	0.769
62.854	9.910e+00	-5.535	854	5.431	0.760
65.997	1.035e-04	-0.832	3428	3.164	10.591
65.997	1.352e-04	-0.929	3368	3.230	9.810
65.997	1.778e-04	-1.025	3310	3.297	9.089
65.997	2.336e-04	-1.118	3257	3.361	8.435
65.997	3.047e-04	-1.202	3216	3.423	7.854
65.997	4.022e-04	-1.282	3184	3.486	7.309
65.997	5.266e-04	-1.344	3169	3.540	6.872
65.997	6.856e-04	-1.386	3159	3.576	6.587
65.997	9.051e-04	-1.409	3154	3.597	6.435
65.997	1.183e-03	-1.424	3152	3.610	6.334
65.997	1.561e-03	-1.445	3150	3.630	6.189
65.997	2.044e-03	-1.487	3147	3.671	5.908
65.997	2.618e-03	-1.593	3148	3.777	5.226
65.997	3.416e-03	-1.723	3155	3.911	4.481
65.997	4.472e-03	-1.829	3173	4.027	3.920
65.997	5.903e-03	-1.926	3196	4.137	3.455
65.997	7.728e-03	-2.024	3199	4.237	3.080
65.997	1.022e-02	-2.140	3161	4.331	2.762
65.997	1.333e-02	-2.243	3126	4.414	2.510
65.997	1.750e-02	-2.343	3091	4.495	2.288
65.997	2.291e-02	-2.434	3064	4.571	2.095
65.997	2.994e-02	-2.524	3037	4.646	1.923
65.997	3.905e-02	-2.612	3009	4.718	1.770
65.997	5.126e-02	-2.709	2966	4.790	1.629
65.997	6.713e-02	-2.811	2909	4.858	1.506
65.997	8.772e-02	-2.910	2853	4.923	1.397
65.997	1.153e-01	-3.017	2783	4.987	1.298
65.997	1.516e-01	-3.132	2696	5.047	1.211
65.997	1.993e-01	-3.254	2595	5.103	1.136
65.997	2.610e-01	-3.391	2470	5.154	1.071
65.997	3.416e-01	-3.536	2330	5.198	1.018
65.997	4.484e-01	-3.682	2191	5.237	0.973
65.997	5.893e-01	-3.834	2048	5.272	0.935
65.997	7.687e-01	-3.975	1920	5.301	0.904
65.997	1.009e+00	-4.142	1771	5.327	0.878
65.997	1.326e+00	-4.307	1631	5.349	0.856
65.997	1.750e+00	-4.464	1507	5.368	0.837
65.997	2.291e+00	-4.607	1402	5.385	0.821
65.997	3.007e+00	-4.745	1306	5.401	0.806
65.997	3.953e+00	-4.885	1215	5.415	0.793
65.997	5.197e+00	-5.032	1125	5.429	0.781
65.997	6.830e+00	-5.187	1036	5.441	0.769
65.997	8.980e+00	-5.349	950	5.453	0.760
67.044	1.019e-04	-0.814	3444	3.161	10.705
67.044	1.340e-04	-0.913	3384	3.230	9.895
67.044	1.761e-04	-1.010	3325	3.296	9.165
67.044	2.306e-04	-1.103	3272	3.360	8.512
67.044	3.014e-04	-1.188	3228	3.423	7.922
67.044	3.963e-04	-1.268	3193	3.484	7.383
67.044	5.208e-04	-1.330	3178	3.538	6.941
67.044	6.794e-04	-1.372	3168	3.574	6.660
67.044	8.917e-04	-1.394	3162	3.593	6.513
67.044	1.168e-03	-1.410	3159	3.607	6.410
67.044	1.538e-03	-1.431	3156	3.627	6.264
67.044	2.022e-03	-1.475	3153	3.669	5.969
67.044	2.644e-03	-1.595	3153	3.789	5.195
67.044	3.403e-03	-1.716	3159	3.913	4.506
67.044	4.454e-03	-1.821	3176	4.028	3.948
67.044	5.880e-03	-1.918	3199	4.137	3.483
67.044	7.697e-03	-2.012	3209	4.236	3.106
67.044	1.018e-02	-2.128	3171	4.331	2.785
67.044	1.328e-02	-2.230	3136	4.414	2.530
67.044	1.743e-02	-2.330	3101	4.495	2.306
67.044	2.282e-02	-2.422	3074	4.572	2.111
67.044	2.982e-02	-2.511	3047	4.646	1.938
67.044	3.890e-02	-2.599	3019	4.718	1.783
67.044	5.065e-02	-2.691	2982	4.788	1.645
67.044	6.686e-02	-2.796	2924	4.859	1.516
67.044	8.752e-02	-2.896	2867	4.925	1.406
67.044	1.149e-01	-3.001	2800	4.989	1.306
67.044	1.504e-01	-3.112	2719	5.049	1.219
67.044	1.969e-01	-3.233	2619	5.104	1.143
67.044	2.585e-01	-3.364	2502	5.156	1.077
67.044	3.397e-01	-3.514	2356	5.202	1.022
67.044	4.431e-01	-3.653	2224	5.240	0.977
67.044	5.849e-01	-3.804	2081	5.276	0.938
67.044	7.643e-01	-3.947	1950	5.306	0.906
67.044	9.969e-01	-4.105	1807	5.332	0.880
67.044	1.316e+00	-4.272	1663	5.355	0.857
67.044	1.733e+00	-4.426	1539	5.374	0.838
67.044	2.278e+00	-4.570	1431	5.391	0.821
67.044	2.995e+00	-4.708	1334	5.407	0.807
67.044	3.937e+00	-4.845	1243	5.422	0.793
67.044	5.176e+00	-4.988	1154	5.436	0.781
67.044	6.803e+00	-5.138	1066	5.448	0.769
67.044	8.997e+00	-5.301	977	5.460	0.759
68.092	1.037e-04	-0.808	3454	3.167	10.720
68.092	1.363e-04	-0.907	3394	3.235	9.906
68.092	1.792e-04	-1.004	3335	3.302	9.173
68.092	2.355e-04	-1.098	3280	3.367	8.512
68.092	3.096e-04	-1.185	3235	3.431	7.911
68.092	4.069e-04	-1.265	3200	3.491	7.382
68.092	5.371e-04	-1.325	3184	3.543	6.955
68.092	7.031e-04	-1.362	3175	3.575	6.702
68.092	9.281e-04	-1.382	3170	3.592	6.569
68.092	1.213e-03	-1.398	3166	3.606	6.464
68.092	1.601e-03	-1.424	3162	3.629	6.295
68.092	2.096e-03	-1.477	3158	3.680	5.938
68.092	2.753e-03	-1.612	3159	3.816	5.077
68.092	3.589e-03	-1.733	3165	3.940	4.402
68.092	4.737e-03	-1.837	3185	4.055	3.857
68.092	6.191e-03	-1.927	3207	4.157	3.428
68.092	8.075e-03	-2.021	3212	4.254	3.067
68.092	1.068e-02	-2.136	3174	4.347	2.754
68.092	1.393e-02	-2.237	3139	4.430	2.504
68.092	1.828e-02	-2.336	3105	4.510	2.284
68.092	2.403e-02	-2.428	3078	4.587	2.089
68.092	3.134e-02	-2.517	3052	4.661	1.920
68.092	4.113e-02	-2.607	3023	4.734	1.764
68.092	5.387e-02	-2.702	2982	4.806	1.625
68.092	7.052e-02	-2.804	2926	4.874	1.502
68.092	9.308e-02	-2.906	2867	4.942	1.389
68.092	1.216e-01	-3.010	2800	5.004	1.293
68.092	1.599e-01	-3.124	2716	5.065	1.206
68.092	2.102e-01	-3.246	2614	5.121	1.131
68.092	2.764e-01	-3.382	2490	5.172	1.066
68.092	3.632e-01	-3.528	2348	5.216	1.012
68.092	4.794e-01	-3.674	2209	5.256	0.967
68.092	6.316e-01	-3.823	2068	5.290	0.930
68.092	8.300e-01	-3.965	1938	5.320	0.899
68.092	1.096e+00	-4.128	1792	5.346	0.872
68.092	1.443e+00	-4.290	1652	5.368	0.851
68.092	1.897e+00	-4.440	1532	5.386	0.832
68.092	2.494e+00	-4.580	1427	5.403	0.817
68.092	3.278e+00	-4.714	1332	5.418	0.802
68.092	4.275e+00	-4.845	1246	5.432	0.790
68.092	5.567e+00	-4.980	1161	5.445	0.778
68.092	7.348e+00	-5.131	1073	5.458	0.767
68.092	9.680e+00	-5.290	985	5.470	0.756
69.139	1.023e-04	-0.791	3470	3.165	10.828
69.139	1.343e-04	-0.889	3411	3.233	10.006
69.139	1.765e-04	-0.987	3351	3.300	9.264
69.139	2.321e-04	-1.082	3294	3.366	8.593
69.139	3.051e-04	-1.170	3248	3.429	7.987
69.139	3.979e-04	-1.249	3211	3.487	7.468
69.139	5.253e-04	-1.310	3193	3.539	7.039
69.139	6.876e-04	-1.347	3184	3.571	6.783
69.139	9.076e-04	-1.367	3179	3.588	6.649
69.139	1.186e-03	-1.383	3175	3.602	6.542
69.139	1.566e-03	-1.409	3169	3.625	6.374
69.139	2.050e-03	-1.462	3163	3.675	6.018
69.139	2.705e-03	-1.599	3163	3.812	5.140
69.139	3.536e-03	-1.721	3169	3.936	4.453
69.139	4.649e-03	-1.824	3186	4.049	3.912
69.139	6.087e-03	-1.915	3209	4.152	3.475
69.139	7.955e-03	-2.004	3223	4.249	3.107
69.139	1.050e-02	-2.118	3185	4.343	2.789
69.139	1.375e-02	-2.221	3150	4.427	2.532
69.139	1.790e-02	-2.318	3117	4.505	2.315
69.139	2.363e-02	-2.412	3090	4.584	2.114
69.139	3.093e-02	-2.502	3063	4.658	1.940
69.139	4.027e-02	-2.589	3035	4.730	1.786
69.139	5.286e-02	-2.682	3000	4.802	1.643
69.139	6.922e-02	-2.784	2943	4.871	1.518
69.139	9.061e-02	-2.884	2886	4.937	1.407
69.139	1.180e-01	-2.984	2824	5.000	1.310
69.139	1.557e-01	-3.095	2745	5.062	1.219
69.139	2.035e-01	-3.216	2645	5.118	1.143
69.139	2.676e-01	-3.342	2535	5.170	1.076
69.139	3.539e-01	-3.496	2383	5.217	1.020
69.139	4.651e-01	-3.635	2251	5.257	0.974
69.139	6.115e-01	-3.778	2115	5.292	0.936
69.139	8.008e-01	-3.921	1982	5.322	0.904
69.139	1.048e+00	-4.074	1843	5.348	0.877
69.139	1.384e+00	-4.232	1704	5.370	0.854
69.139	1.812e+00	-4.377	1585	5.389	0.836
69.139	2.391e+00	-4.520	1475	5.406	0.820
69.139	3.130e+00	-4.651	1379	5.422	0.806
69.139	4.132e+00	-4.782	1290	5.436	0.792
69.139	5.400e+00	-4.913	1205	5.449	0.780
69.139	7.099e+00	-5.056	1119	5.462	0.769
69.139	9.331e+00	-5.208	1032	5.474	0.758
70.187	1.002e-04	-0.772	3487	3.161	10.963
70.187	1.312e-04	-0.869	3430	3.229	10.133
70.187	1.732e-04	-0.969	3368	3.297	9.366
70.187	2.268e-04	-1.063	3311	3.362	8.695
70.187	2.953e-04	-1.149	3264	3.423	8.101
70.187	3.898e-04	-1.232	3224	3.484	7.551
70.187	5.102e-04	-1.294	3202	3.534	7.131
70.187	6.735e-04	-1.332	3192	3.567	6.864
70.187	8.817e-04	-1.352	3188	3.584	6.731
70.187	1.164e-03	-1.368	3184	3.599	6.620
70.187	1.533e-03	-1.394	3177	3.621	6.450
70.187	2.015e-03	-1.449	3169	3.672	6.085
70.187	2.645e-03	-1.584	3167	3.806	5.216
70.187	3.461e-03	-1.706	3173	3.931	4.517
70.187	4.569e-03	-1.811	3188	4.044	3.963
70.187	5.981e-03	-1.902	3210	4.147	3.522
70.187	7.850e-03	-1.990	3230	4.245	3.145
70.187	1.032e-02	-2.100	3197	4.338	2.826
70.187	1.362e-02	-2.207	3160	4.425	2.557
70.187	1.780e-02	-2.305	3127	4.504	2.334
70.187	2.321e-02	-2.395	3101	4.580	2.139
70.187	3.064e-02	-2.488	3073	4.657	1.957
70.187	4.011e-02	-2.577	3045	4.730	1.799
70.187	5.295e-02	-2.670	3012	4.804	1.652
70.187	6.920e-02	-2.772	2956	4.873	1.526
70.187	9.098e-02	-2.873	2898	4.940	1.412
70.187	1.191e-01	-2.974	2837	5.004	1.312
70.187	1.560e-01	-3.081	2762	5.065	1.224
70.187	2.047e-01	-3.203	2662	5.122	1.146
70.187	2.690e-01	-3.326	2556	5.175	1.079
70.187	3.551e-01	-3.478	2406	5.222	1.022
70.187	4.649e-01	-3.612	2278	5.261	0.976
70.187	6.053e-01	-3.749	2147	5.295	0.939
70.187	7.945e-01	-3.892	2013	5.326	0.907
70.187	1.044e+00	-4.040	1877	5.352	0.879
70.187	1.373e+00	-4.190	1745	5.375	0.856
70.187	1.804e+00	-4.335	1622	5.394	0.838
70.187	2.386e+00	-4.477	1510	5.412	0.821
70.187	3.113e+00	-4.602	1417	5.426	0.807
70.187	4.109e+00	-4.729	1328	5.441	0.794
70.187	5.378e+00	-4.854	1245	5.454	0.782
70.187	7.100e+00	-4.992	1159	5.467	0.770
70.187	9.294e+00	-5.134	1075	5.479	0.760
71.234	1.039e-04	-0.773	3492	3.171	10.914
71.234	1.360e-04	-0.870	3435	3.239	10.088
71.234	1.796e-04	-0.970	3373	3.308	9.324
71.234	2.351e-04	-1.064	3317	3.372	8.658
71.234	3.061e-04	-1.150	3270	3.433	8.070
71.234	4.040e-04	-1.231	3230	3.493	7.534
71.234	5.289e-04	-1.289	3208	3.539	7.143
71.234	6.981e-04	-1.322	3200	3.568	6.908
71.234	9.139e-04	-1.340	3196	3.583	6.788
71.234	1.199e-03	-1.357	3191	3.598	6.673
71.234	1.576e-03	-1.386	3184	3.623	6.483
71.234	2.081e-03	-1.455	3173	3.686	6.028
71.234	2.651e-03	-1.581	3171	3.811	5.221
71.234	3.484e-03	-1.703	3177	3.936	4.521
71.234	4.573e-03	-1.805	3191	4.046	3.983
71.234	6.010e-03	-1.896	3214	4.149	3.537
71.234	7.901e-03	-1.983	3235	4.248	3.158
71.234	1.035e-02	-2.091	3205	4.340	2.842
71.234	1.355e-02	-2.195	3170	4.424	2.578
71.234	1.778e-02	-2.294	3136	4.505	2.350
71.234	2.328e-02	-2.386	3110	4.582	2.150
71.234	3.048e-02	-2.476	3083	4.657	1.972
71.234	3.968e-02	-2.563	3056	4.729	1.816
71.234	5.208e-02	-2.653	3026	4.801	1.670
71.234	6.845e-02	-2.755	2971	4.872	1.539
71.234	9.000e-02	-2.857	2913	4.940	1.424
71.234	1.179e-01	-2.956	2855	5.004	1.323
71.234	1.543e-01	-3.063	2782	5.065	1.233
71.234	2.037e-01	-3.185	2682	5.124	1.152
71.234	2.666e-01	-3.303	2582	5.176	1.085
71.234	3.499e-01	-3.450	2438	5.223	1.028
71.234	4.599e-01	-3.585	2308	5.264	0.981
71.234	6.047e-01	-3.725	2174	5.299	0.941
71.234	7.947e-01	-3.867	2040	5.330	0.909
71.234	1.049e+00	-4.007	1910	5.357	0.881
71.234	1.373e+00	-4.148	1785	5.380	0.858
71.234	1.816e+00	-4.297	1657	5.399	0.839
71.234	2.369e+00	-4.428	1551	5.416	0.823
71.234	3.127e+00	-4.555	1455	5.431	0.809
71.234	4.093e+00	-4.673	1369	5.444	0.797
71.234	5.403e+00	-4.793	1288	5.458	0.785
71.234	7.073e+00	-4.917	1208	5.470	0.773
71.234	9.284e+00	-5.052	1125	5.482	0.763
72.282	1.020e-04	-0.755	3508	3.167	11.043
72.282	1.335e-04	-0.852	3452	3.236	10.202
72.282	1.752e-04	-0.950	3392	3.303	9.441
72.282	2.303e-04	-1.046	3333	3.369	8.753
72.282	3.004e-04	-1.134	3283	3.430	8.154
72.282	3.942e-04	-1.213	3244	3.489	7.623
72.282	5.181e-04	-1.274	3217	3.536	7.222
72.282	6.812e-04	-1.308	3208	3.564	6.990
72.282	8.953e-04	-1.325	3204	3.580	6.866
72.282	1.168e-03	-1.342	3200	3.594	6.753
72.282	1.544e-03	-1.371	3193	3.620	6.559
72.282	2.031e-03	-1.440	3179	3.680	6.114
72.282	2.669e-03	-1.581	3176	3.820	5.209
72.282	3.481e-03	-1.697	3181	3.939	4.539
72.282	4.595e-03	-1.801	3195	4.050	3.994
72.282	6.015e-03	-1.890	3217	4.151	3.557
72.282	7.895e-03	-1.976	3238	4.248	3.180
72.282	1.038e-02	-2.081	3214	4.341	2.858
72.282	1.370e-02	-2.189	3178	4.428	2.584
72.282	1.790e-02	-2.286	3144	4.508	2.359
72.282	2.335e-02	-2.376	3119	4.584	2.161
72.282	3.082e-02	-2.469	3091	4.661	1.977
72.282	4.034e-02	-2.558	3063	4.734	1.817
72.282	5.325e-02	-2.649	3033	4.809	1.668
72.282	6.959e-02	-2.749	2980	4.878	1.540
72.282	9.149e-02	-2.851	2923	4.946	1.425
72.282	1.202e-01	-2.951	2864	5.011	1.322
72.282	1.587e-01	-3.060	2789	5.074	1.229
72.282	2.078e-01	-3.178	2693	5.131	1.151
72.282	2.743e-01	-3.299	2591	5.185	1.082
72.282	3.591e-01	-3.443	2450	5.231	1.026
72.282	4.740e-01	-3.579	2319	5.272	0.979
72.282	6.243e-01	-3.717	2186	5.307	0.940
72.282	8.206e-01	-3.855	2055	5.337	0.908
72.282	1.083e+00	-3.989	1932	5.364	0.880
72.282	1.432e+00	-4.128	1806	5.387	0.857
72.282	1.887e+00	-4.271	1682	5.406	0.839
72.282	2.480e+00	-4.399	1577	5.422	0.823
72.282	3.274e+00	-4.519	1484	5.436	0.810
72.282	4.285e+00	-4.630	1403	5.449	0.798
72.282	5.657e+00	-4.742	1325	5.462	0.786
72.282	7.405e+00	-4.854	1250	5.474	0.776
72.282	9.775e+00	-4.980	1171	5.486	0.765
73.330	1.017e-04	-0.743	3521	3.167	11.120
73.330	1.342e-04	-0.842	3464	3.238	10.245
73.330	1.757e-04	-0.940	3404	3.305	9.485
73.330	2.306e-04	-1.035	3345	3.371	8.796
73.330	3.020e-04	-1.125	3293	3.433	8.187
73.330	3.946e-04	-1.202	3254	3.490	7.668
73.330	5.147e-04	-1.262	3227	3.534	7.285
73.330	6.794e-04	-1.295	3216	3.562	7.058
73.330	8.879e-04	-1.312	3212	3.577	6.940
73.330	1.167e-03	-1.329	3208	3.592	6.819
73.330	1.534e-03	-1.359	3201	3.618	6.620
73.330	2.025e-03	-1.434	3184	3.684	6.136
73.330	2.589e-03	-1.563	3180	3.810	5.305
73.330	3.424e-03	-1.685	3185	3.936	4.591
73.330	4.467e-03	-1.785	3196	4.041	4.064
73.330	5.896e-03	-1.877	3219	4.145	3.608
73.330	7.718e-03	-1.961	3239	4.241	3.230
73.330	1.013e-02	-2.061	3226	4.334	2.902
73.330	1.331e-02	-2.168	3190	4.421	2.627
73.330	1.747e-02	-2.268	3156	4.502	2.392
73.330	2.288e-02	-2.359	3130	4.579	2.188
73.330	2.996e-02	-2.449	3103	4.654	2.007
73.330	3.901e-02	-2.537	3076	4.726	1.847
73.330	5.119e-02	-2.626	3048	4.799	1.698
73.330	6.728e-02	-2.725	3000	4.871	1.564
73.330	8.846e-02	-2.827	2942	4.939	1.445
73.330	1.163e-01	-2.927	2884	5.005	1.340
73.330	1.517e-01	-3.029	2817	5.066	1.249
73.330	2.002e-01	-3.146	2726	5.126	1.166
73.330	2.616e-01	-3.263	2628	5.179	1.097
73.330	3.412e-01	-3.395	2502	5.226	1.039
73.330	4.504e-01	-3.534	2367	5.268	0.990
73.330	5.933e-01	-3.668	2237	5.305	0.949
73.330	7.798e-01	-3.799	2112	5.336	0.916
73.330	1.031e+00	-3.930	1990	5.363	0.887
73.330	1.356e+00	-4.062	1868	5.386	0.864
73.330	1.782e+00	-4.195	1750	5.406	0.845
73.330	2.352e+00	-4.318	1646	5.422	0.829
73.330	3.074e+00	-4.432	1554	5.436	0.816
73.330	4.042e+00	-4.537	1474	5.448	0.804
73.330	5.312e+00	-4.637	1400	5.460	0.794
73.330	6.984e+00	-4.736	1331	5.471	0.784
73.330	9.179e+00	-4.840	1262	5.482	0.774
74.377	1.040e-04	-0.739	3529	3.174	11.114
74.377	1.356e-04	-0.835	3474	3.242	10.273
74.377	1.780e-04	-0.933	3414	3.310	9.502
74.377	2.339e-04	-1.029	3354	3.376	8.808
74.377	3.076e-04	-1.120	3301	3.439	8.192
74.377	4.042e-04	-1.198	3262	3.495	7.674
74.377	5.273e-04	-1.254	3235	3.537	7.316
74.377	6.960e-04	-1.284	3224	3.562	7.112
74.377	9.095e-04	-1.300	3220	3.575	6.999
74.377	1.186e-03	-1.318	3215	3.591	6.876
74.377	1.569e-03	-1.352	3207	3.620	6.649
74.377	2.063e-03	-1.439	3188	3.697	6.084
74.377	2.690e-03	-1.576	3185	3.832	5.207
74.377	3.498e-03	-1.688	3190	3.947	4.563
74.377	4.598e-03	-1.789	3202	4.054	4.033
74.377	6.044e-03	-1.878	3224	4.155	3.592
74.377	7.946e-03	-1.963	3245	4.252	3.213
74.377	1.041e-02	-2.062	3231	4.343	2.892
74.377	1.360e-02	-2.165	3196	4.428	2.624
74.377	1.774e-02	-2.263	3163	4.507	2.395
74.377	2.328e-02	-2.355	3137	4.585	2.189
74.377	3.060e-02	-2.446	3110	4.661	2.005
74.377	4.023e-02	-2.537	3082	4.736	1.840
74.377	5.287e-02	-2.626	3054	4.809	1.691
74.377	6.896e-02	-2.722	3007	4.879	1.561
74.377	9.103e-02	-2.826	2949	4.948	1.441
74.377	1.192e-01	-2.924	2892	5.013	1.338
74.377	1.564e-01	-3.028	2824	5.075	1.245
74.377	2.056e-01	-3.143	2734	5.134	1.163
74.377	2.681e-01	-3.258	2637	5.186	1.095
74.377	3.539e-01	-3.394	2509	5.236	1.035
74.377	4.633e-01	-3.526	2379	5.276	0.988
74.377	6.081e-01	-3.656	2254	5.311	0.949
74.377	7.992e-01	-3.781	2134	5.342	0.916
74.377	1.055e+00	-3.907	2016	5.368	0.889
74.377	1.381e+00	-4.029	1902	5.390	0.866
74.377	1.813e+00	-4.148	1796	5.409	0.848
74.377	2.382e+00	-4.266	1693	5.425	0.832
74.377	3.132e+00	-4.371	1606	5.438	0.820
74.377	4.117e+00	-4.467	1530	5.450	0.809
74.377	5.412e+00	-4.554	1464	5.460	0.799
74.377	7.114e+00	-4.636	1404	5.469	0.791
74.377	9.279e+00	-4.715	1349	5.478	0.783
75.425	1.003e-04	-0.715	3548	3.165	11.302
75.425	1.318e-04	-0.813	3493	3.236	10.417
75.425	1.740e-04	-0.914	3431	3.306	9.615
75.425	2.278e-04	-1.009	3372	3.371	8.918
75.425	2.966e-04	-1.098	3319	3.432	8.313
75.425	3.856e-04	-1.175	3279	3.487	7.801
75.425	5.090e-04	-1.235	3249	3.532	7.409
75.425	6.664e-04	-1.267	3235	3.557	7.201
75.425	8.746e-04	-1.285	3228	3.571	7.083
75.425	1.150e-03	-1.303	3224	3.587	6.958
75.425	1.517e-03	-1.335	3216	3.615	6.738
75.425	1.986e-03	-1.416	3196	3.685	6.216
75.425	2.622e-03	-1.561	3188	3.826	5.285
75.425	3.454e-03	-1.678	3194	3.945	4.605
75.425	4.523e-03	-1.778	3203	4.050	4.081
75.425	5.921e-03	-1.865	3225	4.149	3.642
75.425	7.710e-03	-1.947	3245	4.242	3.272
75.425	1.012e-02	-2.041	3244	4.335	2.941
75.425	1.330e-02	-2.147	3208	4.422	2.660
75.425	1.749e-02	-2.248	3173	4.504	2.421
75.425	2.298e-02	-2.341	3147	4.582	2.211
75.425	2.998e-02	-2.430	3121	4.657	2.030
75.425	3.957e-02	-2.521	3093	4.733	1.860
75.425	5.180e-02	-2.609	3065	4.805	1.711
75.425	6.837e-02	-2.707	3022	4.878	1.573
75.425	8.950e-02	-2.808	2964	4.946	1.455
75.425	1.181e-01	-2.909	2906	5.013	1.347
75.425	1.544e-01	-3.010	2842	5.075	1.254
75.425	2.030e-01	-3.122	2757	5.134	1.171
75.425	2.668e-01	-3.241	2657	5.188	1.101
75.425	3.508e-01	-3.368	2540	5.237	1.040
75.425	4.610e-01	-3.503	2406	5.278	0.992
75.425	6.013e-01	-3.626	2287	5.313	0.953
75.425	7.938e-01	-3.748	2169	5.344	0.920
75.425	1.046e+00	-3.870	2054	5.370	0.893
75.425	1.374e+00	-3.982	1950	5.392	0.871
75.425	1.817e+00	-4.091	1851	5.411	0.852
75.425	2.399e+00	-4.207	1747	5.426	0.837
75.425	3.160e+00	-4.299	1669	5.439	0.825
75.425	4.153e+00	-4.384	1599	5.449	0.815
75.425	5.417e+00	-4.453	1544	5.458	0.807
75.425	7.110e+00	-4.516	1496	5.465	0.800
75.425	9.345e+00	-4.572	1453	5.472	0.794
76.472	1.022e-04	-0.711	3556	3.171	11.306
76.472	1.349e-04	-0.811	3500	3.243	10.406
76.472	1.766e-04	-0.908	3441	3.311	9.626
76.472	2.318e-04	-1.005	3381	3.377	8.922
76.472	3.047e-04	-1.096	3325	3.439	8.300
76.472	4.006e-04	-1.173	3284	3.495	7.785
76.472	5.265e-04	-1.228	3257	3.535	7.432
76.472	6.922e-04	-1.257	3243	3.557	7.248
76.472	9.065e-04	-1.274	3237	3.571	7.136
76.472	1.178e-03	-1.293	3231	3.587	7.006
76.472	1.540e-03	-1.328	3222	3.616	6.771
76.472	2.025e-03	-1.424	3199	3.700	6.149
76.472	2.661e-03	-1.564	3193	3.837	5.252
76.472	3.513e-03	-1.679	3198	3.955	4.585
76.472	4.598e-03	-1.777	3208	4.058	4.071
76.472	6.070e-03	-1.866	3230	4.159	3.626
76.472	7.946e-03	-1.949	3250	4.253	3.253
76.472	1.049e-02	-2.045	3247	4.347	2.920
76.472	1.371e-02	-2.148	3212	4.432	2.648
76.472	1.782e-02	-2.244	3180	4.510	2.420
76.472	2.324e-02	-2.335	3155	4.586	2.216
76.472	3.050e-02	-2.426	3128	4.663	2.030
76.472	4.009e-02	-2.516	3100	4.737	1.863
76.472	5.229e-02	-2.602	3073	4.809	1.716
76.472	6.798e-02	-2.693	3035	4.878	1.584
76.472	8.923e-02	-2.796	2977	4.947	1.464
76.472	1.173e-01	-2.895	2920	5.013	1.356
76.472	1.530e-01	-2.993	2860	5.075	1.263
76.472	2.008e-01	-3.102	2780	5.134	1.179
76.472	2.639e-01	-3.221	2679	5.189	1.108
76.472	3.469e-01	-3.341	2572	5.238	1.047
76.472	4.588e-01	-3.480	2433	5.281	0.996
76.472	6.030e-01	-3.601	2317	5.316	0.957
76.472	7.959e-01	-3.721	2200	5.346	0.924
76.472	1.042e+00	-3.832	2093	5.371	0.898
76.472	1.375e+00	-3.936	1996	5.393	0.876
76.472	1.812e+00	-4.039	1901	5.411	0.858
76.472	2.381e+00	-4.131	1819	5.426	0.843
76.472	3.149e+00	-4.221	1739	5.438	0.832
76.472	4.157e+00	-4.288	1681	5.447	0.823
76.472	5.476e+00	-4.346	1633	5.454	0.816
76.472	7.196e+00	-4.390	1597	5.459	0.811
76.472	9.387e+00	-4.420	1573	5.463	0.808
77.520	1.038e-04	-0.706	3565	3.176	11.320
77.520	1.373e-04	-0.806	3508	3.249	10.411
77.520	1.805e-04	-0.905	3448	3.317	9.617
77.520	2.372e-04	-1.002	3388	3.384	8.912
77.520	3.094e-04	-1.090	3334	3.444	8.311
77.520	4.023e-04	-1.163	3294	3.496	7.826
77.520	5.229e-04	-1.214	3269	3.534	7.497
77.520	6.864e-04	-1.243	3255	3.555	7.317
77.520	8.988e-04	-1.260	3247	3.568	7.206
77.520	1.184e-03	-1.282	3239	3.585	7.064
77.520	1.556e-03	-1.320	3229	3.618	6.802
77.520	2.046e-03	-1.428	3203	3.712	6.108
77.520	2.706e-03	-1.567	3197	3.848	5.224
77.520	3.556e-03	-1.678	3202	3.962	4.580
77.520	4.675e-03	-1.777	3212	4.066	4.064
77.520	6.145e-03	-1.863	3234	4.164	3.629
77.520	8.015e-03	-1.945	3254	4.256	3.263
77.520	1.058e-02	-2.038	3255	4.350	2.929
77.520	1.394e-02	-2.145	3219	4.437	2.649
77.520	1.825e-02	-2.243	3186	4.518	2.415
77.520	2.385e-02	-2.334	3161	4.595	2.210
77.520	3.136e-02	-2.425	3134	4.671	2.024
77.520	4.121e-02	-2.515	3106	4.746	1.857
77.520	5.419e-02	-2.604	3078	4.819	1.706
77.520	7.122e-02	-2.700	3037	4.891	1.571
77.520	9.400e-02	-2.804	2978	4.961	1.449
77.520	1.231e-01	-2.901	2923	5.026	1.345
77.520	1.624e-01	-3.004	2858	5.090	1.249
77.520	2.140e-01	-3.116	2774	5.150	1.166
77.520	2.812e-01	-3.232	2675	5.203	1.097
77.520	3.698e-01	-3.353	2565	5.251	1.038
77.520	4.860e-01	-3.484	2435	5.291	0.991
77.520	6.389e-01	-3.600	2322	5.325	0.953
77.520	8.397e-01	-3.712	2212	5.353	0.923
77.520	1.095e+00	-3.813	2115	5.377	0.898
77.520	1.446e+00	-3.908	2026	5.397	0.878
77.520	1.889e+00	-3.996	1944	5.413	0.862
77.520	2.464e+00	-4.068	1879	5.425	0.849
77.520	3.253e+00	-4.141	1813	5.437	0.838
77.520	4.285e+00	-4.198	1762	5.444	0.831
77.520	5.632e+00	-4.234	1731	5.449	0.827
77.520	7.434e+00	-4.259	1710	5.452	0.823
77.520	9.715e+00	-4.273	1698	5.454	0.822
78.567	1.019e-04	-0.688	3580	3.172	11.453
78.567	1.345e-04	-0.788	3524	3.244	10.533
78.567	1.760e-04	-0.885	3466	3.312	9.738
78.567	2.324e-04	-0.984	3404	3.380	9.009
78.567	3.037e-04	-1.074	3349	3.441	8.395
78.567	3.961e-04	-1.149	3307	3.494	7.899
78.567	5.228e-04	-1.201	3280	3.533	7.555
78.567	6.844e-04	-1.228	3267	3.553	7.384
78.567	8.983e-04	-1.247	3258	3.566	7.271
78.567	1.181e-03	-1.269	3249	3.584	7.125
78.567	1.561e-03	-1.312	3235	3.619	6.839
78.567	2.025e-03	-1.421	3208	3.714	6.133
78.567	2.616e-03	-1.549	3200	3.837	5.320
78.567	3.438e-03	-1.660	3206	3.952	4.665
78.567	4.484e-03	-1.757	3213	4.052	4.154
78.567	5.886e-03	-1.844	3233	4.150	3.712
78.567	7.735e-03	-1.927	3254	4.245	3.328
78.567	1.009e-02	-2.009	3270	4.335	3.001
78.567	1.314e-02	-2.113	3235	4.420	2.722
78.567	1.724e-02	-2.213	3200	4.502	2.476
78.567	2.258e-02	-2.305	3175	4.580	2.263
78.567	2.951e-02	-2.395	3148	4.655	2.075
78.567	3.849e-02	-2.483	3122	4.728	1.907
78.567	5.080e-02	-2.574	3094	4.803	1.750
78.567	6.651e-02	-2.663	3063	4.875	1.611
78.567	8.779e-02	-2.767	3005	4.946	1.485
78.567	1.149e-01	-2.866	2948	5.012	1.377
78.567	1.517e-01	-2.965	2891	5.077	1.277
78.567	1.986e-01	-3.070	2817	5.136	1.193
78.567	2.626e-01	-3.189	2717	5.193	1.117
78.567	3.453e-01	-3.301	2620	5.242	1.056
78.567	4.538e-01	-3.430	2492	5.285	1.006
78.567	5.967e-01	-3.546	2379	5.319	0.966
78.567	7.814e-01	-3.655	2272	5.348	0.935
78.567	1.023e+00	-3.749	2181	5.372	0.910
78.567	1.343e+00	-3.840	2094	5.391	0.889
78.567	1.765e+00	-3.916	2022	5.407	0.873
78.567	2.320e+00	-3.985	1958	5.420	0.860
78.567	3.049e+00	-4.039	1908	5.429	0.851
78.567	4.025e+00	-4.080	1872	5.437	0.844
78.567	5.302e+00	-4.115	1841	5.442	0.839
78.567	6.968e+00	-4.134	1823	5.445	0.836
78.567	9.146e+00	-4.141	1817	5.446	0.835
80.663	1.039e-04	-0.676	3596	3.178	11.518
80.663	1.371e-04	-0.775	3543	3.251	10.589
80.663	1.795e-04	-0.871	3486	3.320	9.786
80.663	2.356e-04	-0.968	3425	3.386	9.067
80.663	3.096e-04	-1.059	3369	3.448	8.443
80.663	4.071e-04	-1.133	3326	3.499	7.955
80.663	5.350e-04	-1.179	3301	3.533	7.655
80.663	7.034e-04	-1.203	3290	3.550	7.503
80.663	9.212e-04	-1.221	3281	3.564	7.387
80.663	1.213e-03	-1.248	3267	3.584	7.217
80.663	1.595e-03	-1.302	3247	3.627	6.872
80.663	2.097e-03	-1.438	3215	3.746	5.992
80.663	2.746e-03	-1.562	3209	3.867	5.211
80.663	3.595e-03	-1.667	3214	3.975	4.604
80.663	4.745e-03	-1.765	3223	4.077	4.093
80.663	6.201e-03	-1.848	3243	4.171	3.674
80.663	8.088e-03	-1.928	3263	4.261	3.309
80.663	1.053e-02	-2.007	3280	4.350	2.989
80.663	1.369e-02	-2.109	3246	4.434	2.714
80.663	1.797e-02	-2.209	3213	4.515	2.470
80.663	2.353e-02	-2.300	3188	4.593	2.258
80.663	3.080e-02	-2.391	3161	4.669	2.069
80.663	4.043e-02	-2.481	3134	4.744	1.899
80.663	5.294e-02	-2.568	3107	4.817	1.746
80.663	6.931e-02	-2.657	3077	4.888	1.608
80.663	9.024e-02	-2.755	3022	4.956	1.487
80.663	1.191e-01	-2.856	2965	5.024	1.376
80.663	1.559e-01	-2.951	2912	5.087	1.279
80.663	2.058e-01	-3.057	2837	5.148	1.192
80.663	2.695e-01	-3.169	2744	5.202	1.120
80.663	3.557e-01	-3.278	2651	5.251	1.059
80.663	4.685e-01	-3.399	2534	5.293	1.009
80.663	6.158e-01	-3.508	2426	5.326	0.971
80.663	8.129e-01	-3.606	2329	5.354	0.941
80.663	1.064e+00	-3.687	2249	5.374	0.919
80.663	1.405e+00	-3.754	2185	5.391	0.902
80.663	1.850e+00	-3.811	2129	5.403	0.889
80.663	2.432e+00	-3.852	2090	5.412	0.880
80.663	3.172e+00	-3.877	2067	5.417	0.875
80.663	4.187e+00	-3.893	2051	5.421	0.871
80.663	5.481e+00	-3.902	2044	5.422	0.869
80.663	7.194e+00	-3.905	2041	5.423	0.869
80.663	9.534e+00	-3.906	2040	5.423	0.869
81.710	1.025e-04	-0.662	3607	3.175	11.632
81.710	1.347e-04	-0.758	3557	3.247	10.703
81.710	1.778e-04	-0.858	3500	3.318	9.863
81.710	2.328e-04	-0.954	3439	3.384	9.142
81.710	3.056e-04	-1.044	3383	3.446	8.514
81.710	4.016e-04	-1.119	3338	3.498	8.025
81.710	5.280e-04	-1.165	3314	3.531	7.725
81.710	6.940e-04	-1.188	3302	3.548	7.574
81.710	9.052e-04	-1.206	3293	3.561	7.459
81.710	1.197e-03	-1.234	3279	3.582	7.282
81.710	1.574e-03	-1.291	3255	3.625	6.926
81.710	2.069e-03	-1.427	3220	3.744	6.045
81.710	2.736e-03	-1.556	3213	3.869	5.233
81.710	3.568e-03	-1.659	3218	3.974	4.636
81.710	4.684e-03	-1.755	3225	4.074	4.134
81.710	6.133e-03	-1.838	3245	4.168	3.709
81.710	8.015e-03	-1.918	3265	4.259	3.341
81.710	1.045e-02	-1.997	3285	4.348	3.016
81.710	1.361e-02	-2.097	3255	4.432	2.736
81.710	1.797e-02	-2.199	3221	4.516	2.484
81.710	2.348e-02	-2.290	3196	4.594	2.272
81.710	3.063e-02	-2.380	3170	4.668	2.084
81.710	4.020e-02	-2.469	3143	4.743	1.912
81.710	5.283e-02	-2.558	3115	4.817	1.756
81.710	6.891e-02	-2.645	3087	4.888	1.619
81.710	9.045e-02	-2.745	3033	4.958	1.494
81.710	1.189e-01	-2.845	2978	5.025	1.383
81.710	1.551e-01	-2.938	2926	5.087	1.287
81.710	2.035e-01	-3.040	2855	5.148	1.201
81.710	2.675e-01	-3.151	2765	5.203	1.127
81.710	3.517e-01	-3.258	2674	5.251	1.066
81.710	4.622e-01	-3.369	2569	5.293	1.016
81.710	6.112e-01	-3.479	2458	5.327	0.977
81.710	7.973e-01	-3.566	2373	5.352	0.949
81.710	1.052e+00	-3.646	2293	5.372	0.927
81.710	1.378e+00	-3.703	2237	5.387	0.911
81.710	1.808e+00	-3.747	2196	5.398	0.900
81.710	2.368e+00	-3.779	2165	5.405	0.892
81.710	3.100e+00	-3.798	2146	5.409	0.888
81.710	4.092e+00	-3.808	2137	5.411	0.886
81.710	5.347e+00	-3.811	2133	5.412	0.885
81.710	7.030e+00	-3.812	2132	5.412	0.885
81.710	9.317e+00	-3.812	2132	5.412	0.885
83.805	1.027e-04	-0.644	3624	3.177	11.757
83.805	1.345e-04	-0.737	3580	3.248	10.826
83.805	1.775e-04	-0.837	3523	3.320	9.970
83.805	2.324e-04	-0.933	3463	3.386	9.238
83.805	3.050e-04	-1.023	3406	3.448	8.608
83.805	4.009e-04	-1.095	3362	3.497	8.128
83.805	5.270e-04	-1.139	3337	3.528	7.847
83.805	6.927e-04	-1.161	3325	3.544	7.703
83.805	9.035e-04	-1.180	3315	3.558	7.583
83.805	1.195e-03	-1.211	3300	3.580	7.388
83.805	1.571e-03	-1.277	3269	3.630	6.976
83.805	2.004e-03	-1.407	3234	3.742	6.136
83.805	2.651e-03	-1.537	3221	3.864	5.328
83.805	3.485e-03	-1.641	3225	3.971	4.713
83.805	4.580e-03	-1.736	3232	4.070	4.206
83.805	6.022e-03	-1.821	3249	4.164	3.773
83.805	7.886e-03	-1.901	3269	4.255	3.399
83.805	1.031e-02	-1.978	3291	4.343	3.069
83.805	1.344e-02	-2.074	3273	4.429	2.780
83.805	1.774e-02	-2.176	3239	4.514	2.523
83.805	2.323e-02	-2.269	3213	4.592	2.305
83.805	3.049e-02	-2.360	3187	4.669	2.110
83.805	4.007e-02	-2.450	3159	4.744	1.934
83.805	5.268e-02	-2.539	3132	4.819	1.776
83.805	6.899e-02	-2.627	3105	4.890	1.635
83.805	9.031e-02	-2.724	3057	4.960	1.509
83.805	1.192e-01	-2.824	3000	5.029	1.394
83.805	1.561e-01	-2.918	2948	5.092	1.296
83.805	2.060e-01	-3.020	2880	5.154	1.207
83.805	2.697e-01	-3.125	2798	5.208	1.134
83.805	3.539e-01	-3.228	2710	5.255	1.074
83.805	4.652e-01	-3.323	2626	5.296	1.025
83.805	6.140e-01	-3.427	2520	5.328	0.987
83.805	8.038e-01	-3.504	2443	5.352	0.961
83.805	1.055e+00	-3.565	2383	5.369	0.942
83.805	1.387e+00	-3.611	2336	5.381	0.930
83.805	1.809e+00	-3.637	2310	5.387	0.923
83.805	2.387e+00	-3.652	2296	5.391	0.919
83.805	3.120e+00	-3.658	2290	5.393	0.917
83.805	4.102e+00	-3.660	2287	5.393	0.916
83.805	5.436e+00	-3.661	2287	5.393	0.916
83.805	7.235e+00	-3.661	2287	5.394	0.916
83.805	9.630e+00	-3.661	2286	5.394	0.916
85.900	1.023e-04	-0.625	3642	3.177	11.906
85.900	1.339e-04	-0.716	3602	3.249	10.958
85.900	1.770e-04	-0.816	3546	3.321	10.080
85.900	2.328e-04	-0.913	3486	3.389	9.326
85.900	3.059e-04	-1.003	3428	3.450	8.692
85.900	3.990e-04	-1.071	3386	3.497	8.237
85.900	5.267e-04	-1.113	3361	3.525	7.969
85.900	6.895e-04	-1.134	3349	3.540	7.833
85.900	9.050e-04	-1.154	3338	3.555	7.703
85.900	1.189e-03	-1.188	3321	3.579	7.491
85.900	1.570e-03	-1.267	3281	3.638	7.002
85.900	1.996e-03	-1.401	3244	3.751	6.142
85.900	2.624e-03	-1.525	3229	3.868	5.372
85.900	3.463e-03	-1.629	3232	3.974	4.756
85.900	4.526e-03	-1.721	3240	4.069	4.262
85.900	5.951e-03	-1.806	3254	4.162	3.828
85.900	7.793e-03	-1.886	3273	4.252	3.451
85.900	1.020e-02	-1.963	3295	4.341	3.117
85.900	1.328e-02	-2.051	3290	4.426	2.825
85.900	1.753e-02	-2.154	3255	4.511	2.562
85.900	2.291e-02	-2.246	3230	4.589	2.341
85.900	2.989e-02	-2.335	3205	4.665	2.146
85.900	3.923e-02	-2.426	3178	4.740	1.967
85.900	5.137e-02	-2.513	3151	4.814	1.808
85.900	6.725e-02	-2.601	3124	4.886	1.664
85.900	8.826e-02	-2.694	3084	4.957	1.533
85.900	1.160e-01	-2.794	3028	5.025	1.417
85.900	1.513e-01	-2.887	2977	5.088	1.318
85.900	1.997e-01	-2.985	2916	5.150	1.227
85.900	2.615e-01	-3.083	2844	5.205	1.152
85.900	3.451e-01	-3.187	2755	5.254	1.089
85.900	4.518e-01	-3.272	2684	5.293	1.041
85.900	5.964e-01	-3.361	2597	5.325	1.003
85.900	7.807e-01	-3.433	2524	5.348	0.978
85.900	1.031e+00	-3.483	2473	5.363	0.961
85.900	1.349e+00	-3.514	2443	5.372	0.951
85.900	1.771e+00	-3.531	2426	5.377	0.946
85.900	2.319e+00	-3.538	2419	5.379	0.943
85.900	3.030e+00	-3.540	2416	5.379	0.943
85.900	4.000e+00	-3.541	2416	5.379	0.943
85.900	5.324e+00	-3.541	2415	5.380	0.943
85.900	7.086e+00	-3.541	2415	5.380	0.942
85.900	9.431e+00	-3.542	2415	5.380	0.942
87.996	1.032e-04	-0.610	3658	3.180	12.005
87.996	1.348e-04	-0.699	3622	3.252	11.052
87.996	1.779e-04	-0.799	3565	3.324	10.168
87.996	2.329e-04	-0.894	3508	3.391	9.416
87.996	3.075e-04	-0.984	3450	3.452	8.773
87.996	4.018e-04	-1.050	3409	3.497	8.332
87.996	5.283e-04	-1.087	3386	3.523	8.088
87.996	6.944e-04	-1.108	3373	3.537	7.955
87.996	9.057e-04	-1.129	3361	3.552	7.819
87.996	1.198e-03	-1.168	3340	3.580	7.574
87.996	1.575e-03	-1.262	3292	3.649	6.994
87.996	2.033e-03	-1.406	3251	3.771	6.077
87.996	2.647e-03	-1.522	3237	3.879	5.367
87.996	3.478e-03	-1.622	3240	3.981	4.776
87.996	4.537e-03	-1.711	3247	4.073	4.291
87.996	5.989e-03	-1.797	3259	4.167	3.854
87.996	7.840e-03	-1.876	3279	4.256	3.480
87.996	1.035e-02	-1.954	3301	4.346	3.135
87.996	1.355e-02	-2.040	3303	4.433	2.837
87.996	1.778e-02	-2.141	3270	4.516	2.577
87.996	2.337e-02	-2.235	3244	4.596	2.350
87.996	3.048e-02	-2.325	3218	4.672	2.154
87.996	4.023e-02	-2.417	3191	4.749	1.971
87.996	5.267e-02	-2.504	3165	4.822	1.812
87.996	6.953e-02	-2.594	3137	4.897	1.663
87.996	9.102e-02	-2.685	3099	4.967	1.534
87.996	1.195e-01	-2.784	3045	5.035	1.418
87.996	1.570e-01	-2.878	2993	5.100	1.317
87.996	2.064e-01	-2.973	2935	5.160	1.228
87.996	2.713e-01	-3.069	2865	5.214	1.154
87.996	3.567e-01	-3.165	2784	5.261	1.094
87.996	4.688e-01	-3.245	2717	5.298	1.048
87.996	6.115e-01	-3.312	2657	5.326	1.014
87.996	8.072e-01	-3.373	2594	5.346	0.991
87.996	1.057e+00	-3.410	2556	5.358	0.978
87.996	1.387e+00	-3.430	2536	5.363	0.972
87.996	1.823e+00	-3.438	2528	5.366	0.969
87.996	2.396e+00	-3.440	2526	5.367	0.968
87.996	3.176e+00	-3.441	2525	5.367	0.968
87.996	4.227e+00	-3.441	2525	5.367	0.968
87.996	5.626e+00	-3.441	2525	5.367	0.968
87.996	7.489e+00	-3.441	2525	5.367	0.968
87.996	9.967e+00	-3.441	2524	5.367	0.968
90.091	1.027e-04	-0.591	3675	3.180	12.151
90.091	1.345e-04	-0.681	3638	3.252	11.176
90.091	1.765e-04	-0.777	3588	3.324	10.294
90.091	2.320e-04	-0.873	3531	3.392	9.519
90.091	3.026e-04	-0.959	3476	3.450	8.897
90.091	3.972e-04	-1.024	3435	3.495	8.452
90.091	5.220e-04	-1.060	3412	3.519	8.217
90.091	6.809e-04	-1.080	3399	3.533	8.087
90.091	8.988e-04	-1.104	3385	3.550	7.937
90.091	1.184e-03	-1.146	3361	3.579	7.673
90.091	1.556e-03	-1.252	3306	3.656	7.017
90.091	2.020e-03	-1.398	3261	3.779	6.097
90.091	2.655e-03	-1.515	3245	3.887	5.380
90.091	3.491e-03	-1.613	3247	3.986	4.799
90.091	4.571e-03	-1.702	3254	4.079	4.313
90.091	5.943e-03	-1.784	3264	4.166	3.901
90.091	7.766e-03	-1.861	3283	4.254	3.528
90.091	1.013e-02	-1.936	3305	4.340	3.195
90.091	1.337e-02	-2.017	3320	4.429	2.883
90.091	1.747e-02	-2.118	3287	4.512	2.621
90.091	2.279e-02	-2.209	3262	4.590	2.395
90.091	2.991e-02	-2.301	3236	4.668	2.189
90.091	3.917e-02	-2.391	3209	4.743	2.008
90.091	5.119e-02	-2.478	3183	4.817	1.846
90.091	6.677e-02	-2.564	3157	4.888	1.700
90.091	8.814e-02	-2.654	3126	4.961	1.563
90.091	1.161e-01	-2.754	3072	5.031	1.442
90.091	1.526e-01	-2.849	3020	5.096	1.338
90.091	1.990e-01	-2.937	2970	5.155	1.250
90.091	2.592e-01	-3.027	2906	5.208	1.176
90.091	3.421e-01	-3.119	2833	5.255	1.114
90.091	4.478e-01	-3.195	2769	5.292	1.068
90.091	5.911e-01	-3.256	2718	5.320	1.034
90.091	7.739e-01	-3.301	2677	5.339	1.012
90.091	1.016e+00	-3.332	2646	5.350	0.999
90.091	1.335e+00	-3.347	2630	5.354	0.994
90.091	1.755e+00	-3.352	2625	5.356	0.992
90.091	2.307e+00	-3.353	2624	5.356	0.991
90.091	3.070e+00	-3.354	2624	5.356	0.991
90.091	4.087e+00	-3.354	2624	5.357	0.991
90.091	5.428e+00	-3.354	2623	5.357	0.991
90.091	7.225e+00	-3.354	2623	5.357	0.991
90.091	9.616e+00	-3.354	2623	5.357	0.991
92.186	1.024e-04	-0.573	3692	3.179	12.294
92.186	1.352e-04	-0.666	3654	3.255	11.275
92.186	1.766e-04	-0.759	3608	3.325	10.395
92.186	2.322e-04	-0.854	3552	3.393	9.610
92.186	3.052e-04	-0.941	3497	3.453	8.973
92.186	4.029e-04	-1.004	3457	3.495	8.544
92.186	5.275e-04	-1.035	3437	3.517	8.333
92.186	6.923e-04	-1.056	3424	3.531	8.201
92.186	9.099e-04	-1.082	3408	3.549	8.037
92.186	1.201e-03	-1.131	3378	3.583	7.725
92.186	1.572e-03	-1.258	3312	3.675	6.945
92.186	2.024e-03	-1.394	3270	3.789	6.095
92.186	2.661e-03	-1.508	3253	3.895	5.397
92.186	3.498e-03	-1.605	3254	3.992	4.825
92.186	4.581e-03	-1.692	3261	4.083	4.343
92.186	5.986e-03	-1.776	3270	4.171	3.926
92.186	7.808e-03	-1.851	3289	4.257	3.556
92.186	1.031e-02	-1.929	3311	4.346	3.209
92.186	1.349e-02	-2.005	3330	4.432	2.906
92.186	1.784e-02	-2.108	3300	4.519	2.630
92.186	2.355e-02	-2.204	3273	4.601	2.393
92.186	3.083e-02	-2.295	3248	4.678	2.189
92.186	4.070e-02	-2.387	3220	4.756	2.003
92.186	5.328e-02	-2.474	3194	4.829	1.840
92.186	7.033e-02	-2.564	3167	4.904	1.689
92.186	9.191e-02	-2.651	3137	4.974	1.558
92.186	1.208e-01	-2.748	3086	5.043	1.439
92.186	1.588e-01	-2.842	3035	5.108	1.335
92.186	2.088e-01	-2.931	2984	5.167	1.247
92.186	2.744e-01	-3.020	2922	5.220	1.173
92.186	3.608e-01	-3.102	2859	5.264	1.116
92.186	4.742e-01	-3.171	2800	5.297	1.074
92.186	6.235e-01	-3.220	2758	5.320	1.046
92.186	8.195e-01	-3.251	2732	5.334	1.029
92.186	1.069e+00	-3.268	2718	5.342	1.020
92.186	1.392e+00	-3.275	2711	5.345	1.016
92.186	1.827e+00	-3.278	2709	5.346	1.015
92.186	2.392e+00	-3.278	2708	5.346	1.015
92.186	3.151e+00	-3.278	2708	5.346	1.015
92.186	4.194e+00	-3.278	2708	5.346	1.015
92.186	5.582e+00	-3.279	2708	5.346	1.014
92.186	7.430e+00	-3.279	2708	5.346	1.014
92.186	9.889e+00	-3.279	2707	5.347	1.014
94.281	1.022e-04	-0.557	3707	3.179	12.431
94.281	1.338e-04	-0.646	3672	3.253	11.425
94.281	1.766e-04	-0.741	3628	3.326	10.497
94.281	2.312e-04	-0.834	3574	3.394	9.715
94.281	3.052e-04	-0.921	3520	3.454	9.068
94.281	3.996e-04	-0.979	3482	3.493	8.663
94.281	5.274e-04	-1.010	3462	3.514	8.454
94.281	6.892e-04	-1.030	3449	3.528	8.323
94.281	9.098e-04	-1.058	3432	3.547	8.141
94.281	1.191e-03	-1.112	3398	3.584	7.803
94.281	1.572e-03	-1.256	3321	3.688	6.925
94.281	2.079e-03	-1.400	3276	3.808	6.029
94.281	2.722e-03	-1.509	3261	3.909	5.369
94.281	3.593e-03	-1.605	3261	4.005	4.806
94.281	4.703e-03	-1.690	3269	4.095	4.334
94.281	6.124e-03	-1.771	3277	4.180	3.928
94.281	8.084e-03	-1.850	3296	4.269	3.546
94.281	1.058e-02	-1.925	3318	4.355	3.213
94.281	1.378e-02	-1.998	3338	4.439	2.917
94.281	1.808e-02	-2.095	3313	4.523	2.646
94.281	2.377e-02	-2.190	3287	4.604	2.410
94.281	3.100e-02	-2.280	3262	4.681	2.207
94.281	4.092e-02	-2.372	3235	4.758	2.018
94.281	5.357e-02	-2.460	3209	4.832	1.854
94.281	7.071e-02	-2.549	3181	4.907	1.702
94.281	9.241e-02	-2.635	3153	4.977	1.569
94.281	1.220e-01	-2.732	3105	5.047	1.447
94.281	1.597e-01	-2.824	3055	5.111	1.345
94.281	2.108e-01	-2.913	3005	5.171	1.255
94.281	2.759e-01	-2.997	2949	5.222	1.184
94.281	3.642e-01	-3.072	2894	5.264	1.127
94.281	4.798e-01	-3.135	2841	5.296	1.088
94.281	6.306e-01	-3.176	2806	5.315	1.063
94.281	8.225e-01	-3.200	2786	5.326	1.050
94.281	1.080e+00	-3.211	2776	5.332	1.043
94.281	1.419e+00	-3.215	2773	5.333	1.041
94.281	1.865e+00	-3.216	2772	5.334	1.041
94.281	2.472e+00	-3.216	2772	5.334	1.041
94.281	3.290e+00	-3.216	2772	5.334	1.040
94.281	4.380e+00	-3.216	2772	5.334	1.040
94.281	5.829e+00	-3.216	2772	5.334	1.040
94.281	7.759e+00	-3.217	2771	5.334	1.040
94.281	1.000e+01	-3.217	2771	5.334	1.040
96.376	1.010e-04	-0.538	3721	3.177	12.608
96.376	1.326e-04	-0.627	3689	3.251	11.574
96.376	1.742e-04	-0.718	3650	3.324	10.643
96.376	2.300e-04	-0.815	3595	3.394	9.823
96.376	3.029e-04	-0.898	3543	3.452	9.179
96.376	3.982e-04	-0.956	3506	3.491	8.777
96.376	5.235e-04	-0.985	3487	3.511	8.579
96.376	6.855e-04	-1.005	3474	3.525	8.443
96.376	9.030e-04	-1.035	3455	3.545	8.249
96.376	1.187e-03	-1.096	3417	3.587	7.863
96.376	1.560e-03	-1.251	3332	3.698	6.917
96.376	2.043e-03	-1.386	3287	3.810	6.080
96.376	2.675e-03	-1.495	3269	3.909	5.427
96.376	3.531e-03	-1.590	3268	4.004	4.867
96.376	4.614e-03	-1.674	3275	4.092	4.398
96.376	5.999e-03	-1.755	3282	4.176	3.991
96.376	7.824e-03	-1.830	3299	4.260	3.623
96.376	1.033e-02	-1.907	3320	4.348	3.275
96.376	1.352e-02	-1.981	3342	4.433	2.969
96.376	1.785e-02	-2.074	3329	4.520	2.686
96.376	2.351e-02	-2.170	3303	4.602	2.443
96.376	3.090e-02	-2.263	3277	4.681	2.231
96.376	4.030e-02	-2.351	3251	4.756	2.047
96.376	5.290e-02	-2.440	3225	4.830	1.879
96.376	6.952e-02	-2.528	3198	4.904	1.726
96.376	9.141e-02	-2.616	3170	4.976	1.589
96.376	1.197e-01	-2.706	3130	5.045	1.468
96.376	1.567e-01	-2.798	3080	5.109	1.363
96.376	2.068e-01	-2.887	3030	5.169	1.272
96.376	2.708e-01	-2.966	2981	5.219	1.200
96.376	3.574e-01	-3.037	2930	5.261	1.144
96.376	4.679e-01	-3.091	2889	5.290	1.106
96.376	6.141e-01	-3.129	2856	5.309	1.083
96.376	8.042e-01	-3.149	2839	5.318	1.071
96.376	1.045e+00	-3.157	2833	5.322	1.067
96.376	1.359e+00	-3.159	2830	5.323	1.065
96.376	1.776e+00	-3.160	2830	5.323	1.065
96.376	2.344e+00	-3.160	2830	5.323	1.065
96.376	3.120e+00	-3.160	2830	5.324	1.065
96.376	4.153e+00	-3.160	2830	5.324	1.065
96.376	5.528e+00	-3.160	2829	5.324	1.065
96.376	7.358e+00	-3.161	2829	5.324	1.064
96.376	9.793e+00	-3.161	2829	5.324	1.064
98.471	1.034e-04	-0.530	3732	3.184	12.643
98.471	1.365e-04	-0.621	3700	3.260	11.584
98.471	1.797e-04	-0.712	3663	3.333	10.646
98.471	2.354e-04	-0.804	3610	3.400	9.856
98.471	3.081e-04	-0.883	3562	3.456	9.245
98.471	4.067e-04	-0.936	3528	3.492	8.870
98.471	5.325e-04	-0.962	3511	3.509	8.691
98.471	6.989e-04	-0.983	3497	3.524	8.547
98.471	9.185e-04	-1.016	3476	3.546	8.328
98.471	1.212e-03	-1.092	3428	3.598	7.848
98.471	1.597e-03	-1.260	3335	3.719	6.830
98.471	2.099e-03	-1.391	3294	3.828	6.024
98.471	2.771e-03	-1.499	3276	3.926	5.377
98.471	3.627e-03	-1.590	3275	4.016	4.849
98.471	4.761e-03	-1.674	3283	4.104	4.381
98.471	6.257e-03	-1.756	3290	4.191	3.965
98.471	8.226e-03	-1.833	3307	4.277	3.592
98.471	1.081e-02	-1.908	3329	4.363	3.254
98.471	1.410e-02	-1.981	3349	4.446	2.955
98.471	1.851e-02	-2.070	3340	4.531	2.680
98.471	2.433e-02	-2.166	3314	4.613	2.440
98.471	3.173e-02	-2.256	3289	4.690	2.233
98.471	4.165e-02	-2.346	3262	4.766	2.045
98.471	5.454e-02	-2.434	3236	4.840	1.878
98.471	7.139e-02	-2.521	3210	4.913	1.727
98.471	9.424e-02	-2.609	3181	4.986	1.588
98.471	1.234e-01	-2.698	3145	5.054	1.468
98.471	1.628e-01	-2.792	3093	5.119	1.361
98.471	2.128e-01	-2.875	3047	5.176	1.276
98.471	2.776e-01	-2.947	3004	5.224	1.207
98.471	3.643e-01	-3.012	2958	5.262	1.155
98.471	4.788e-01	-3.058	2925	5.288	1.121
98.471	6.295e-01	-3.087	2902	5.304	1.101
98.471	8.244e-01	-3.102	2890	5.311	1.092
98.471	1.077e+00	-3.107	2885	5.314	1.089
98.471	1.405e+00	-3.108	2884	5.314	1.088
98.471	1.866e+00	-3.109	2884	5.314	1.088
98.471	2.484e+00	-3.109	2884	5.314	1.088
98.471	3.307e+00	-3.109	2884	5.314	1.088
98.471	4.401e+00	-3.109	2884	5.314	1.088
98.471	5.858e+00	-3.109	2883	5.315	1.087
98.471	7.797e+00	-3.109	2883	5.315	1.087
98.471	1.000e+01	-3.110	2883	5.315	1.087
100.566	1.037e-04	-0.517	3744	3.185	12.756
100.566	1.369e-04	-0.606	3715	3.261	11.685
100.566	1.792e-04	-0.696	3678	3.333	10.758
100.566	2.352e-04	-0.787	3629	3.401	9.953
100.566	3.091e-04	-0.864	3583	3.456	9.340
100.566	4.064e-04	-0.913	3552	3.490	8.985
100.566	5.342e-04	-0.938	3536	3.507	8.810
100.566	6.967e-04	-0.959	3522	3.521	8.662
100.566	9.214e-04	-0.997	3497	3.546	8.415
100.566	1.211e-03	-1.083	3442	3.605	7.867
100.566	1.592e-03	-1.255	3346	3.728	6.825
100.566	2.077e-03	-1.380	3304	3.831	6.061
100.566	2.741e-03	-1.488	3283	3.928	5.422
100.566	3.589e-03	-1.578	3281	4.017	4.897
100.566	4.737e-03	-1.662	3289	4.106	4.421
100.566	6.201e-03	-1.743	3296	4.190	4.011
100.566	8.186e-03	-1.822	3311	4.276	3.631
100.566	1.072e-02	-1.895	3332	4.360	3.296
100.566	1.406e-02	-1.969	3354	4.446	2.989
100.566	1.842e-02	-2.053	3354	4.530	2.713
100.566	2.407e-02	-2.146	3329	4.610	2.472
100.566	3.139e-02	-2.237	3304	4.687	2.262
100.566	4.144e-02	-2.329	3277	4.766	2.067
100.566	5.425e-02	-2.417	3251	4.840	1.898
100.566	7.120e-02	-2.505	3224	4.914	1.744
100.566	9.358e-02	-2.592	3197	4.985	1.605
100.566	1.230e-01	-2.678	3166	5.055	1.482
100.566	1.617e-01	-2.771	3115	5.120	1.376
100.566	2.126e-01	-2.854	3069	5.177	1.288
100.566	2.794e-01	-2.926	3027	5.225	1.219
100.566	3.645e-01	-2.984	2988	5.260	1.170
100.566	4.784e-01	-3.024	2960	5.284	1.138
100.566	6.264e-01	-3.047	2944	5.298	1.121
100.566	8.144e-01	-3.057	2936	5.303	1.113
100.566	1.064e+00	-3.061	2934	5.305	1.111
100.566	1.383e+00	-3.062	2933	5.306	1.110
100.566	1.805e+00	-3.062	2933	5.306	1.110
100.566	2.397e+00	-3.062	2933	5.306	1.110
100.566	3.190e+00	-3.062	2933	5.306	1.110
100.566	4.246e+00	-3.062	2933	5.306	1.110
100.566	5.652e+00	-3.062	2933	5.306	1.110
100.566	7.522e+00	-3.062	2932	5.306	1.110
100.566	1.000e+01	-3.063	2932	5.306	1.109
102.661	1.044e-04	-0.505	3756	3.187	12.855
102.661	1.372e-04	-0.592	3729	3.263	11.789
102.661	1.803e-04	-0.682	3692	3.335	10.839
102.661	2.352e-04	-0.769	3648	3.401	10.048
102.661	3.105e-04	-0.846	3603	3.456	9.434
102.661	4.064e-04	-0.890	3575	3.487	9.101
102.661	5.292e-04	-0.914	3560	3.503	8.935
102.661	6.880e-04	-0.936	3546	3.518	8.782
102.661	9.030e-04	-0.973	3521	3.544	8.528
102.661	1.187e-03	-1.064	3463	3.606	7.943
102.661	1.567e-03	-1.240	3361	3.730	6.880
102.661	2.064e-03	-1.370	3314	3.835	6.096
102.661	2.702e-03	-1.475	3291	3.928	5.479
102.661	3.537e-03	-1.564	3287	4.015	4.955
102.661	4.643e-03	-1.646	3295	4.102	4.487
102.661	6.102e-03	-1.728	3302	4.187	4.068
102.661	8.023e-03	-1.806	3314	4.271	3.691
102.661	1.054e-02	-1.879	3336	4.356	3.348
102.661	1.375e-02	-1.951	3356	4.439	3.044
102.661	1.805e-02	-2.029	3370	4.524	2.761
102.661	2.373e-02	-2.126	3344	4.606	2.509
102.661	3.119e-02	-2.219	3318	4.687	2.288
102.661	4.085e-02	-2.309	3292	4.763	2.095
102.661	5.347e-02	-2.397	3267	4.838	1.923
102.661	7.019e-02	-2.485	3240	4.911	1.767
102.661	9.224e-02	-2.572	3212	4.983	1.626
102.661	1.213e-01	-2.656	3187	5.053	1.501
102.661	1.588e-01	-2.746	3139	5.117	1.394
102.661	2.079e-01	-2.828	3093	5.173	1.306
102.661	2.729e-01	-2.898	3053	5.221	1.237
102.661	3.573e-01	-2.951	3020	5.256	1.188
102.661	4.678e-01	-2.989	2995	5.278	1.158
102.661	6.175e-01	-3.009	2981	5.290	1.142
102.661	8.069e-01	-3.017	2975	5.295	1.135
102.661	1.053e+00	-3.020	2974	5.297	1.133
102.661	1.398e+00	-3.020	2973	5.297	1.133
102.661	1.861e+00	-3.020	2973	5.297	1.133
102.661	2.477e+00	-3.020	2973	5.297	1.133
102.661	3.296e+00	-3.021	2973	5.297	1.133
102.661	4.388e+00	-3.021	2973	5.297	1.133
102.661	5.840e+00	-3.021	2973	5.297	1.132
102.661	7.773e+00	-3.021	2973	5.298	1.132
102.661	1.000e+01	-3.021	2972	5.298	1.132
104.757	1.037e-04	-0.490	3767	3.186	13.005
104.757	1.361e-04	-0.575	3744	3.261	11.930
104.757	1.789e-04	-0.665	3708	3.334	10.967
104.757	2.352e-04	-0.752	3666	3.402	10.144
104.757	3.091e-04	-0.826	3624	3.455	9.544
104.757	4.081e-04	-0.869	3597	3.485	9.214
104.757	5.342e-04	-0.892	3583	3.501	9.048
104.757	7.011e-04	-0.916	3568	3.518	8.877
104.757	9.215e-04	-0.959	3539	3.547	8.580
104.757	1.216e-03	-1.077	3463	3.627	7.829
104.757	1.592e-03	-1.246	3366	3.747	6.818
104.757	2.102e-03	-1.372	3321	3.849	6.062
104.757	2.752e-03	-1.473	3298	3.939	5.464
104.757	3.632e-03	-1.564	3294	4.028	4.935
104.757	4.755e-03	-1.644	3302	4.112	4.480
104.757	6.276e-03	-1.726	3309	4.197	4.059
104.757	8.216e-03	-1.802	3320	4.280	3.692
104.757	1.078e-02	-1.875	3342	4.364	3.353
104.757	1.417e-02	-1.949	3363	4.448	3.041
104.757	1.863e-02	-2.025	3380	4.533	2.757
104.757	2.449e-02	-2.121	3355	4.616	2.506
104.757	3.194e-02	-2.212	3329	4.694	2.291
104.757	4.217e-02	-2.305	3303	4.773	2.092
104.757	5.520e-02	-2.393	3277	4.848	1.920
104.757	7.245e-02	-2.481	3251	4.921	1.764
104.757	9.522e-02	-2.567	3223	4.993	1.624
104.757	1.252e-01	-2.649	3199	5.062	1.500
104.757	1.645e-01	-2.739	3153	5.126	1.393
104.757	2.146e-01	-2.817	3109	5.180	1.309
104.757	2.833e-01	-2.884	3071	5.225	1.243
104.757	3.702e-01	-2.930	3044	5.256	1.199
104.757	4.868e-01	-2.960	3025	5.276	1.173
104.757	6.397e-01	-2.975	3015	5.285	1.161
104.757	8.411e-01	-2.981	3011	5.288	1.156
104.757	1.105e+00	-2.982	3010	5.289	1.155
104.757	1.471e+00	-2.982	3010	5.289	1.155
104.757	1.958e+00	-2.982	3010	5.289	1.155
104.757	2.607e+00	-2.982	3010	5.289	1.155
104.757	3.469e+00	-2.982	3010	5.289	1.155
104.757	4.618e+00	-2.983	3010	5.289	1.155
104.757	6.146e+00	-2.983	3010	5.289	1.155
104.757	8.181e+00	-2.983	3009	5.290	1.154
