Mass/Mjup	Age/Gyr	log(L/Lsun)	Teff	log(g)	Radius/Rjup
0.047	1.028e-04	-6.101	380	1.468	1.996
0.047	1.357e-04	-6.217	367	1.522	1.874
0.047	1.794e-04	-6.332	355	1.578	1.757
0.047	2.373e-04	-6.446	343	1.635	1.647
0.047	3.138e-04	-6.601	324	1.691	1.543
0.047	4.134e-04	-6.679	319	1.741	1.457
0.047	5.502e-04	-6.687	330	1.806	1.352
0.047	7.292e-04	-6.801	321	1.875	1.249
0.047	9.643e-04	-6.919	312	1.940	1.159
0.047	1.262e-03	-7.032	302	1.999	1.082
0.047	1.669e-03	-7.144	293	2.058	1.012
0.047	2.204e-03	-7.256	284	2.113	0.950
0.047	2.914e-03	-7.368	274	2.166	0.893
0.047	3.839e-03	-7.481	265	2.219	0.841
0.047	5.046e-03	-7.595	255	2.269	0.793
0.047	6.660e-03	-7.711	246	2.319	0.749
0.047	8.719e-03	-7.823	236	2.364	0.711
0.047	1.153e-02	-7.939	227	2.409	0.676
0.047	1.522e-02	-8.056	217	2.450	0.644
0.047	1.993e-02	-8.172	208	2.489	0.616
0.047	2.630e-02	-8.293	198	2.526	0.590
0.047	3.465e-02	-8.416	188	2.560	0.567
0.047	4.553e-02	-8.535	179	2.591	0.547
0.047	6.022e-02	-8.657	170	2.620	0.529
0.047	7.949e-02	-8.782	160	2.648	0.513
0.047	1.047e-01	-8.906	151	2.673	0.498
0.047	1.376e-01	-9.030	143	2.697	0.485
0.047	1.817e-01	-9.161	134	2.720	0.472
0.047	2.393e-01	-9.289	126	2.741	0.461
0.047	3.165e-01	-9.425	118	2.760	0.451
0.047	4.159e-01	-9.556	111	2.777	0.442
0.047	5.425e-01	-9.679	104	2.792	0.434
0.047	7.161e-01	-9.807	97	2.807	0.427
0.047	9.374e-01	-9.931	91	2.820	0.421
0.047	1.240e+00	-10.059	86	2.833	0.414
0.047	1.640e+00	-10.186	80	2.845	0.409
0.047	2.168e+00	-10.317	75	2.857	0.403
0.047	2.838e+00	-10.433	70	2.868	0.398
0.063	1.043e-04	-5.901	432	1.612	1.952
0.063	1.371e-04	-6.014	418	1.670	1.826
0.063	1.802e-04	-6.127	405	1.727	1.711
0.063	2.369e-04	-6.242	391	1.782	1.605
0.063	3.133e-04	-6.354	378	1.837	1.507
0.063	4.143e-04	-6.511	356	1.889	1.419
0.063	5.479e-04	-6.580	352	1.937	1.343
0.063	7.246e-04	-6.657	347	1.988	1.266
0.063	9.583e-04	-6.756	338	2.041	1.191
0.063	1.265e-03	-6.859	328	2.093	1.122
0.063	1.666e-03	-6.963	318	2.143	1.059
0.063	2.190e-03	-7.067	308	2.192	1.001
0.063	2.891e-03	-7.174	298	2.241	0.946
0.063	3.784e-03	-7.278	288	2.287	0.898
0.063	5.005e-03	-7.387	278	2.333	0.851
0.063	6.619e-03	-7.497	268	2.378	0.808
0.063	8.753e-03	-7.610	257	2.422	0.768
0.063	1.151e-02	-7.724	247	2.464	0.732
0.063	1.513e-02	-7.838	236	2.504	0.699
0.063	2.000e-02	-7.958	226	2.544	0.667
0.063	2.645e-02	-8.080	215	2.581	0.639
0.063	3.499e-02	-8.203	204	2.616	0.614
0.063	4.627e-02	-8.331	194	2.649	0.591
0.063	6.108e-02	-8.458	183	2.679	0.571
0.063	7.995e-02	-8.583	173	2.706	0.554
0.063	1.057e-01	-8.717	163	2.732	0.538
0.063	1.390e-01	-8.851	153	2.756	0.523
0.063	1.827e-01	-8.989	143	2.778	0.510
0.063	2.412e-01	-9.135	133	2.800	0.497
0.063	3.190e-01	-9.281	124	2.820	0.486
0.063	4.176e-01	-9.420	115	2.836	0.477
0.063	5.512e-01	-9.555	107	2.851	0.469
0.063	7.261e-01	-9.686	100	2.865	0.461
0.063	9.542e-01	-9.810	94	2.876	0.455
0.063	1.252e+00	-9.919	89	2.886	0.450
0.063	1.646e+00	-10.011	85	2.894	0.446
0.063	2.164e+00	-10.088	81	2.901	0.443
0.063	2.844e+00	-10.157	78	2.906	0.440
0.063	3.755e+00	-10.225	76	2.911	0.437
0.063	4.915e+00	-10.288	73	2.916	0.435
0.063	6.488e+00	-10.346	71	2.921	0.433
0.126	1.043e-04	-5.493	472	1.661	2.610
0.126	1.374e-04	-5.591	462	1.723	2.429
0.126	1.805e-04	-5.689	452	1.783	2.266
0.126	2.383e-04	-5.795	440	1.842	2.117
0.126	3.120e-04	-5.899	428	1.897	1.987
0.126	4.062e-04	-6.005	415	1.949	1.873
0.126	5.362e-04	-6.110	402	2.001	1.764
0.126	7.091e-04	-6.248	382	2.049	1.669
0.126	9.378e-04	-6.348	371	2.096	1.581
0.126	1.235e-03	-6.456	357	2.140	1.503
0.126	1.634e-03	-6.552	347	2.184	1.428
0.126	2.147e-03	-6.645	337	2.228	1.359
0.126	2.834e-03	-6.743	327	2.271	1.292
0.126	3.748e-03	-6.844	316	2.315	1.229
0.126	4.937e-03	-6.946	305	2.357	1.171
0.126	6.489e-03	-7.051	294	2.398	1.117
0.126	8.582e-03	-7.157	283	2.439	1.065
0.126	1.135e-02	-7.268	272	2.480	1.017
0.126	1.498e-02	-7.381	261	2.518	0.972
0.126	1.973e-02	-7.495	250	2.556	0.931
0.126	2.594e-02	-7.610	238	2.591	0.894
0.126	3.424e-02	-7.730	227	2.626	0.859
0.126	4.510e-02	-7.854	215	2.659	0.827
0.126	5.927e-02	-7.979	204	2.690	0.798
0.126	7.824e-02	-8.113	192	2.719	0.772
0.126	1.024e-01	-8.248	180	2.746	0.748
0.126	1.352e-01	-8.393	168	2.771	0.727
0.126	1.781e-01	-8.538	157	2.794	0.708
0.126	2.332e-01	-8.679	146	2.814	0.692
0.126	3.053e-01	-8.820	137	2.833	0.677
0.126	4.030e-01	-8.965	127	2.850	0.664
0.126	5.309e-01	-9.113	118	2.866	0.652
0.126	6.977e-01	-9.261	109	2.880	0.641
0.126	9.210e-01	-9.411	101	2.894	0.631
0.126	1.213e+00	-9.563	93	2.906	0.622
0.126	1.594e+00	-9.713	86	2.917	0.614
0.126	2.105e+00	-9.864	79	2.927	0.607
0.126	2.772e+00	-10.007	73	2.937	0.601
0.189	1.030e-04	-5.200	581	1.904	2.415
0.189	1.348e-04	-5.304	564	1.958	2.269
0.189	1.779e-04	-5.407	548	2.012	2.134
0.189	2.325e-04	-5.505	534	2.062	2.015
0.189	3.070e-04	-5.614	515	2.111	1.903
0.189	4.018e-04	-5.723	497	2.157	1.805
0.189	5.304e-04	-5.839	477	2.202	1.714
0.189	6.987e-04	-5.951	458	2.245	1.632
0.189	9.183e-04	-6.074	437	2.285	1.559
0.189	1.214e-03	-6.229	409	2.322	1.493
0.189	1.603e-03	-6.359	386	2.355	1.438
0.189	2.112e-03	-6.461	371	2.386	1.387
0.189	2.775e-03	-6.551	358	2.417	1.337
0.189	3.670e-03	-6.644	346	2.450	1.288
0.189	4.826e-03	-6.734	335	2.483	1.240
0.189	6.342e-03	-6.829	323	2.517	1.193
0.189	8.372e-03	-6.929	311	2.551	1.147
0.189	1.107e-02	-7.031	299	2.585	1.103
0.189	1.458e-02	-7.136	287	2.618	1.062
0.189	1.917e-02	-7.243	275	2.650	1.023
0.189	2.530e-02	-7.357	263	2.683	0.985
0.189	3.312e-02	-7.470	251	2.714	0.951
0.189	4.381e-02	-7.590	238	2.744	0.918
0.189	5.782e-02	-7.715	225	2.773	0.888
0.189	7.570e-02	-7.839	213	2.800	0.861
0.189	9.992e-02	-7.970	200	2.826	0.836
0.189	1.308e-01	-8.106	188	2.850	0.813
0.189	1.727e-01	-8.248	175	2.872	0.793
0.189	2.260e-01	-8.392	163	2.892	0.774
0.189	2.984e-01	-8.540	152	2.911	0.757
0.189	3.930e-01	-8.688	141	2.929	0.742
0.189	5.165e-01	-8.833	131	2.944	0.729
0.189	6.791e-01	-8.981	121	2.958	0.718
0.189	8.926e-01	-9.132	112	2.971	0.707
0.189	1.178e+00	-9.284	103	2.983	0.697
0.189	1.542e+00	-9.435	95	2.994	0.689
0.189	2.036e+00	-9.592	87	3.004	0.681
0.189	2.665e+00	-9.742	80	3.013	0.674
0.189	3.518e+00	-9.892	74	3.021	0.668
0.262	1.028e-04	-4.926	701	2.100	2.271
0.262	1.360e-04	-5.052	672	2.152	2.138
0.262	1.788e-04	-5.165	647	2.200	2.024
0.262	2.350e-04	-5.271	625	2.245	1.922
0.262	3.084e-04	-5.377	603	2.288	1.828
0.262	4.053e-04	-5.490	579	2.330	1.743
0.262	5.350e-04	-5.606	554	2.370	1.664
0.262	7.004e-04	-5.723	529	2.407	1.595
0.262	9.245e-04	-5.839	505	2.443	1.529
0.262	1.223e-03	-5.966	479	2.478	1.469
0.262	1.611e-03	-6.137	442	2.509	1.418
0.262	2.117e-03	-6.280	413	2.535	1.375
0.262	2.794e-03	-6.414	388	2.560	1.337
0.262	3.695e-03	-6.506	373	2.585	1.300
0.262	4.887e-03	-6.588	361	2.610	1.262
0.262	6.437e-03	-6.676	349	2.637	1.223
0.262	8.460e-03	-6.769	336	2.664	1.186
0.262	1.117e-02	-6.866	323	2.692	1.148
0.262	1.471e-02	-6.964	310	2.721	1.111
0.262	1.933e-02	-7.066	297	2.749	1.076
0.262	2.542e-02	-7.171	284	2.777	1.042
0.262	3.341e-02	-7.284	271	2.805	1.009
0.262	4.393e-02	-7.401	257	2.831	0.978
0.262	5.773e-02	-7.520	244	2.857	0.949
0.262	7.621e-02	-7.642	230	2.883	0.922
0.262	1.004e-01	-7.767	217	2.907	0.897
0.262	1.319e-01	-7.894	205	2.930	0.873
0.262	1.742e-01	-8.031	192	2.952	0.852
0.262	2.294e-01	-8.172	179	2.972	0.832
0.262	3.015e-01	-8.318	166	2.990	0.815
0.262	3.933e-01	-8.461	154	3.007	0.799
0.262	5.191e-01	-8.610	143	3.023	0.785
0.262	6.796e-01	-8.755	133	3.037	0.772
0.262	8.970e-01	-8.906	123	3.049	0.761
0.262	1.174e+00	-9.057	113	3.061	0.751
0.262	1.550e+00	-9.211	104	3.072	0.742
0.262	2.029e+00	-9.365	96	3.081	0.733
0.262	2.679e+00	-9.526	88	3.091	0.726
0.262	3.506e+00	-9.680	81	3.099	0.719
0.262	4.602e+00	-9.829	74	3.106	0.713
0.524	1.002e-04	-4.365	990	2.439	2.174
0.524	1.317e-04	-4.463	961	2.485	2.061
0.524	1.742e-04	-4.569	929	2.532	1.953
0.524	2.290e-04	-4.688	889	2.575	1.858
0.524	3.011e-04	-4.812	847	2.616	1.773
0.524	3.957e-04	-4.943	803	2.653	1.698
0.524	5.233e-04	-5.083	756	2.688	1.632
0.524	6.826e-04	-5.192	722	2.719	1.574
0.524	9.010e-04	-5.311	687	2.751	1.518
0.524	1.187e-03	-5.443	648	2.780	1.467
0.524	1.560e-03	-5.566	613	2.808	1.421
0.524	2.063e-03	-5.701	576	2.835	1.378
0.524	2.712e-03	-5.833	542	2.859	1.339
0.524	3.565e-03	-6.025	491	2.881	1.306
0.524	4.687e-03	-6.146	463	2.900	1.278
0.524	6.199e-03	-6.238	444	2.920	1.249
0.524	8.147e-03	-6.407	407	2.938	1.224
0.524	1.075e-02	-6.479	395	2.956	1.199
0.524	1.417e-02	-6.656	360	2.971	1.177
0.524	1.873e-02	-6.734	347	2.989	1.154
0.524	2.462e-02	-6.822	333	3.006	1.131
0.524	3.250e-02	-6.914	320	3.025	1.107
0.524	4.255e-02	-7.003	307	3.044	1.083
0.524	5.616e-02	-7.113	292	3.064	1.058
0.524	7.398e-02	-7.226	276	3.084	1.035
0.524	9.723e-02	-7.338	262	3.103	1.012
0.524	1.283e-01	-7.452	248	3.122	0.990
0.524	1.680e-01	-7.566	235	3.141	0.969
0.524	2.205e-01	-7.685	222	3.159	0.949
0.524	2.898e-01	-7.810	208	3.177	0.930
0.524	3.826e-01	-7.945	195	3.194	0.911
0.524	5.008e-01	-8.085	181	3.210	0.895
0.524	6.573e-01	-8.232	168	3.224	0.880
0.524	8.639e-01	-8.384	155	3.238	0.867
0.524	1.140e+00	-8.540	143	3.250	0.854
0.524	1.493e+00	-8.691	132	3.261	0.844
0.524	1.971e+00	-8.850	121	3.271	0.834
0.524	2.596e+00	-9.010	111	3.280	0.825
0.524	3.412e+00	-9.166	102	3.288	0.818
0.524	4.503e+00	-9.330	93	3.295	0.811
0.524	5.895e+00	-9.487	85	3.302	0.805
0.524	7.782e+00	-9.647	78	3.308	0.799
0.786	1.010e-04	-4.017	1185	2.580	2.263
0.786	1.333e-04	-4.117	1152	2.631	2.135
0.786	1.745e-04	-4.230	1109	2.678	2.022
0.786	2.304e-04	-4.342	1068	2.724	1.918
0.786	3.011e-04	-4.448	1029	2.766	1.826
0.786	3.959e-04	-4.558	990	2.808	1.740
0.786	5.203e-04	-4.708	929	2.847	1.664
0.786	6.868e-04	-4.854	871	2.882	1.598
0.786	9.047e-04	-4.978	826	2.914	1.540
0.786	1.196e-03	-5.136	767	2.944	1.489
0.786	1.582e-03	-5.264	724	2.971	1.443
0.786	2.080e-03	-5.378	688	2.997	1.401
0.786	2.750e-03	-5.521	643	3.021	1.361
0.786	3.630e-03	-5.660	601	3.044	1.326
0.786	4.744e-03	-5.791	564	3.065	1.295
0.786	6.237e-03	-5.927	528	3.084	1.266
0.786	8.198e-03	-6.100	483	3.103	1.240
0.786	1.082e-02	-6.223	454	3.119	1.217
0.786	1.417e-02	-6.374	420	3.134	1.196
0.786	1.859e-02	-6.485	397	3.149	1.176
0.786	2.444e-02	-6.600	375	3.163	1.156
0.786	3.232e-02	-6.757	345	3.177	1.138
0.786	4.274e-02	-6.840	332	3.191	1.120
0.786	5.642e-02	-6.927	318	3.205	1.101
0.786	7.431e-02	-7.017	305	3.221	1.082
0.786	9.767e-02	-7.116	291	3.236	1.063
0.786	1.284e-01	-7.224	276	3.252	1.044
0.786	1.688e-01	-7.329	262	3.268	1.024
0.786	2.228e-01	-7.440	248	3.285	1.005
0.786	2.916e-01	-7.553	234	3.301	0.987
0.786	3.857e-01	-7.676	220	3.317	0.969
0.786	5.071e-01	-7.802	207	3.332	0.952
0.786	6.665e-01	-7.938	193	3.346	0.936
0.786	8.763e-01	-8.082	179	3.360	0.922
0.786	1.152e+00	-8.233	165	3.373	0.909
0.786	1.514e+00	-8.387	152	3.384	0.897
0.786	1.990e+00	-8.542	140	3.394	0.886
0.786	2.617e+00	-8.698	129	3.403	0.877
0.786	3.439e+00	-8.858	118	3.412	0.868
0.786	4.521e+00	-9.019	108	3.419	0.861
0.786	5.921e+00	-9.177	99	3.426	0.854
0.786	7.751e+00	-9.337	91	3.432	0.848
0.786	1.000e+01	-9.486	83	3.438	0.843
1.048	1.029e-04	-3.793	1321	2.668	2.360
1.048	1.342e-04	-3.902	1275	2.717	2.232
1.048	1.771e-04	-3.999	1240	2.766	2.110
1.048	2.333e-04	-4.093	1208	2.814	1.995
1.048	3.086e-04	-4.206	1164	2.862	1.888
1.048	4.055e-04	-4.326	1114	2.907	1.794
1.048	5.332e-04	-4.447	1065	2.949	1.709
1.048	7.008e-04	-4.595	1000	2.987	1.635
1.048	9.250e-04	-4.733	942	3.022	1.571
1.048	1.219e-03	-4.872	886	3.054	1.514
1.048	1.601e-03	-5.029	822	3.082	1.465
1.048	2.114e-03	-5.171	769	3.108	1.423
1.048	2.785e-03	-5.297	725	3.132	1.384
1.048	3.683e-03	-5.430	681	3.156	1.347
1.048	4.840e-03	-5.569	637	3.177	1.314
1.048	6.364e-03	-5.706	595	3.197	1.285
1.048	8.364e-03	-5.847	554	3.215	1.258
1.048	1.100e-02	-5.985	517	3.232	1.233
1.048	1.445e-02	-6.122	482	3.248	1.211
1.048	1.885e-02	-6.264	448	3.263	1.190
1.048	2.474e-02	-6.412	415	3.277	1.172
1.048	3.252e-02	-6.560	384	3.289	1.155
1.048	4.292e-02	-6.688	359	3.301	1.139
1.048	5.654e-02	-6.781	343	3.313	1.123
1.048	7.431e-02	-6.877	327	3.326	1.107
1.048	9.771e-02	-6.975	311	3.339	1.091
1.048	1.292e-01	-7.072	296	3.352	1.074
1.048	1.698e-01	-7.172	282	3.366	1.057
1.048	2.242e-01	-7.274	268	3.381	1.039
1.048	2.935e-01	-7.379	255	3.395	1.022
1.048	3.874e-01	-7.493	240	3.410	1.005
1.048	5.071e-01	-7.609	227	3.424	0.989
1.048	6.656e-01	-7.733	213	3.438	0.973
1.048	8.747e-01	-7.864	199	3.451	0.958
1.048	1.155e+00	-8.010	184	3.464	0.944
1.048	1.512e+00	-8.156	170	3.476	0.932
1.048	1.999e+00	-8.314	157	3.486	0.920
1.048	2.607e+00	-8.465	144	3.496	0.910
1.048	3.442e+00	-8.624	132	3.505	0.901
1.048	4.498e+00	-8.780	122	3.512	0.893
1.048	5.847e+00	-8.936	112	3.519	0.886
1.048	7.627e+00	-9.092	102	3.526	0.880
1.048	1.000e+01	-9.253	94	3.531	0.874
1.571	1.047e-04	-3.444	1547	2.771	2.568
1.571	1.371e-04	-3.550	1504	2.827	2.407
1.571	1.794e-04	-3.658	1457	2.881	2.264
1.571	2.355e-04	-3.757	1418	2.933	2.132
1.571	3.095e-04	-3.852	1383	2.984	2.010
1.571	4.086e-04	-3.971	1330	3.035	1.895
1.571	5.382e-04	-4.109	1261	3.081	1.797
1.571	7.074e-04	-4.238	1200	3.123	1.713
1.571	9.227e-04	-4.353	1148	3.161	1.639
1.571	1.218e-03	-4.514	1068	3.198	1.572
1.571	1.594e-03	-4.657	1002	3.229	1.516
1.571	2.093e-03	-4.800	938	3.257	1.468
1.571	2.750e-03	-4.957	870	3.284	1.424
1.571	3.616e-03	-5.101	811	3.307	1.386
1.571	4.782e-03	-5.234	761	3.329	1.351
1.571	6.285e-03	-5.367	714	3.350	1.319
1.571	8.264e-03	-5.500	669	3.369	1.290
1.571	1.082e-02	-5.640	623	3.387	1.264
1.571	1.417e-02	-5.782	580	3.403	1.240
1.571	1.870e-02	-5.926	538	3.419	1.218
1.571	2.448e-02	-6.065	501	3.433	1.198
1.571	3.231e-02	-6.228	460	3.447	1.180
1.571	4.256e-02	-6.367	427	3.459	1.163
1.571	5.594e-02	-6.498	399	3.470	1.148
1.571	7.384e-02	-6.631	372	3.481	1.134
1.571	9.667e-02	-6.756	348	3.492	1.120
1.571	1.276e-01	-6.864	329	3.502	1.107
1.571	1.681e-01	-6.954	315	3.513	1.093
1.571	2.209e-01	-7.047	300	3.525	1.079
1.571	2.916e-01	-7.139	287	3.537	1.064
1.571	3.817e-01	-7.239	272	3.549	1.049
1.571	5.010e-01	-7.347	258	3.561	1.034
1.571	6.585e-01	-7.458	244	3.574	1.019
1.571	8.658e-01	-7.575	229	3.586	1.005
1.571	1.138e+00	-7.698	215	3.599	0.991
1.571	1.496e+00	-7.827	201	3.610	0.977
1.571	1.959e+00	-7.967	187	3.622	0.965
1.571	2.565e+00	-8.113	173	3.632	0.953
1.571	3.385e+00	-8.270	159	3.642	0.943
1.571	4.432e+00	-8.423	146	3.650	0.934
1.571	5.817e+00	-8.580	134	3.658	0.925
1.571	7.645e+00	-8.739	123	3.665	0.918
1.571	9.971e+00	-8.899	112	3.671	0.911
2.095	1.006e-04	-3.187	1712	2.815	2.819
2.095	1.328e-04	-3.294	1670	2.878	2.621
2.095	1.738e-04	-3.402	1624	2.938	2.448
2.095	2.281e-04	-3.515	1571	2.993	2.296
2.095	2.999e-04	-3.623	1523	3.047	2.158
2.095	3.911e-04	-3.725	1478	3.097	2.037
2.095	5.133e-04	-3.832	1430	3.147	1.924
2.095	6.673e-04	-3.938	1382	3.193	1.824
2.095	8.739e-04	-4.074	1311	3.237	1.734
2.095	1.142e-03	-4.197	1249	3.278	1.655
2.095	1.501e-03	-4.339	1177	3.316	1.583
2.095	1.973e-03	-4.503	1092	3.350	1.523
2.095	2.590e-03	-4.652	1019	3.379	1.473
2.095	3.404e-03	-4.773	966	3.407	1.427
2.095	4.502e-03	-4.955	883	3.432	1.386
2.095	5.954e-03	-5.098	823	3.454	1.351
2.095	7.859e-03	-5.237	769	3.475	1.319
2.095	1.027e-02	-5.360	724	3.493	1.291
2.095	1.356e-02	-5.501	675	3.512	1.264
2.095	1.786e-02	-5.651	625	3.529	1.240
2.095	2.347e-02	-5.797	580	3.544	1.218
2.095	3.086e-02	-5.940	538	3.558	1.198
2.095	4.056e-02	-6.105	493	3.571	1.181
2.095	5.364e-02	-6.248	457	3.583	1.165
2.095	7.080e-02	-6.385	426	3.594	1.150
2.095	9.268e-02	-6.518	396	3.604	1.136
2.095	1.223e-01	-6.647	370	3.614	1.123
2.095	1.612e-01	-6.766	348	3.624	1.111
2.095	2.118e-01	-6.871	329	3.634	1.098
2.095	2.796e-01	-6.975	312	3.644	1.085
2.095	3.683e-01	-7.061	298	3.655	1.072
2.095	4.840e-01	-7.162	283	3.666	1.059
2.095	6.389e-01	-7.274	268	3.677	1.045
2.095	8.417e-01	-7.379	253	3.688	1.032
2.095	1.106e+00	-7.488	240	3.699	1.019
2.095	1.460e+00	-7.606	225	3.711	1.005
2.095	1.911e+00	-7.725	212	3.722	0.993
2.095	2.523e+00	-7.857	197	3.733	0.980
2.095	3.324e+00	-8.005	182	3.743	0.969
2.095	4.368e+00	-8.156	168	3.752	0.958
2.095	5.743e+00	-8.311	155	3.761	0.949
2.095	7.521e+00	-8.467	142	3.769	0.940
2.095	9.846e+00	-8.622	130	3.776	0.933
2.619	1.020e-04	-3.023	1814	2.848	3.036
2.619	1.344e-04	-3.123	1778	2.913	2.816
2.619	1.766e-04	-3.218	1746	2.977	2.617
2.619	2.335e-04	-3.322	1705	3.040	2.434
2.619	3.083e-04	-3.448	1640	3.098	2.275
2.619	4.036e-04	-3.565	1581	3.151	2.141
2.619	5.327e-04	-3.674	1529	3.203	2.017
2.619	6.961e-04	-3.777	1482	3.251	1.909
2.619	9.189e-04	-3.879	1437	3.300	1.804
2.619	1.210e-03	-4.018	1363	3.346	1.711
2.619	1.591e-03	-4.147	1295	3.388	1.631
2.619	2.075e-03	-4.286	1222	3.425	1.561
2.619	2.744e-03	-4.461	1127	3.460	1.501
2.619	3.608e-03	-4.597	1060	3.489	1.451
2.619	4.772e-03	-4.732	997	3.517	1.404
2.619	6.271e-03	-4.917	909	3.542	1.365
2.619	8.278e-03	-5.058	849	3.564	1.331
2.619	1.090e-02	-5.197	793	3.584	1.301
2.619	1.433e-02	-5.327	743	3.602	1.274
2.619	1.892e-02	-5.468	692	3.620	1.248
2.619	2.492e-02	-5.621	640	3.636	1.225
2.619	3.275e-02	-5.770	592	3.650	1.205
2.619	4.306e-02	-5.914	549	3.664	1.186
2.619	5.639e-02	-6.078	503	3.676	1.170
2.619	7.382e-02	-6.219	467	3.686	1.156
2.619	9.763e-02	-6.360	433	3.697	1.142
2.619	1.284e-01	-6.493	403	3.707	1.129
2.619	1.687e-01	-6.621	377	3.716	1.117
2.619	2.218e-01	-6.744	353	3.725	1.105
2.619	2.915e-01	-6.859	332	3.734	1.094
2.619	3.833e-01	-6.953	316	3.743	1.082
2.619	5.037e-01	-7.041	302	3.753	1.070
2.619	6.649e-01	-7.150	286	3.763	1.058
2.619	8.759e-01	-7.256	270	3.774	1.045
2.619	1.151e+00	-7.357	257	3.784	1.033
2.619	1.514e+00	-7.464	243	3.795	1.020
2.619	1.989e+00	-7.576	229	3.806	1.008
2.619	2.611e+00	-7.695	215	3.816	0.995
2.619	3.419e+00	-7.822	201	3.826	0.984
2.619	4.504e+00	-7.967	186	3.836	0.973
2.619	5.919e+00	-8.118	171	3.845	0.963
2.619	7.783e+00	-8.274	158	3.854	0.953
2.619	1.000e+01	-8.418	146	3.861	0.946
3.143	1.008e-04	-2.891	1887	2.863	3.266
3.143	1.322e-04	-2.985	1857	2.930	3.025
3.143	1.738e-04	-3.087	1817	2.995	2.806
3.143	2.285e-04	-3.178	1789	3.058	2.610
3.143	3.003e-04	-3.285	1742	3.119	2.433
3.143	3.964e-04	-3.402	1685	3.177	2.275
3.143	5.222e-04	-3.528	1616	3.232	2.138
3.143	6.863e-04	-3.630	1569	3.282	2.016
3.143	9.024e-04	-3.735	1520	3.332	1.905
3.143	1.186e-03	-3.840	1471	3.380	1.801
3.143	1.565e-03	-3.978	1395	3.426	1.708
3.143	2.062e-03	-4.109	1325	3.468	1.627
3.143	2.710e-03	-4.257	1245	3.507	1.557
3.143	3.535e-03	-4.423	1152	3.539	1.500
3.143	4.666e-03	-4.556	1086	3.569	1.449
3.143	6.147e-03	-4.698	1018	3.597	1.403
3.143	8.079e-03	-4.873	933	3.622	1.364
3.143	1.066e-02	-5.017	869	3.644	1.330
3.143	1.405e-02	-5.160	810	3.664	1.299
3.143	1.846e-02	-5.296	757	3.682	1.272
3.143	2.442e-02	-5.442	703	3.700	1.247
3.143	3.210e-02	-5.595	650	3.716	1.224
3.143	4.204e-02	-5.741	602	3.729	1.205
3.143	5.503e-02	-5.905	552	3.742	1.188
3.143	7.278e-02	-6.058	509	3.754	1.172
3.143	9.607e-02	-6.199	472	3.764	1.157
3.143	1.265e-01	-6.338	438	3.774	1.144
3.143	1.663e-01	-6.471	408	3.784	1.132
3.143	2.187e-01	-6.601	381	3.793	1.120
3.143	2.874e-01	-6.724	356	3.802	1.109
3.143	3.794e-01	-6.846	334	3.810	1.098
3.143	4.966e-01	-6.942	317	3.819	1.087
3.143	6.556e-01	-7.035	303	3.828	1.075
3.143	8.670e-01	-7.139	287	3.838	1.064
3.143	1.135e+00	-7.235	273	3.848	1.052
3.143	1.501e+00	-7.339	258	3.858	1.039
3.143	1.973e+00	-7.446	244	3.868	1.027
3.143	2.584e+00	-7.555	231	3.879	1.015
3.143	3.383e+00	-7.672	217	3.889	1.003
3.143	4.466e+00	-7.805	202	3.899	0.991
3.143	5.846e+00	-7.946	188	3.908	0.981
3.143	7.717e+00	-8.099	173	3.917	0.970
3.143	1.000e+01	-8.247	159	3.925	0.962
3.666	1.030e-04	-2.781	1956	2.884	3.446
3.666	1.348e-04	-2.873	1929	2.951	3.190
3.666	1.779e-04	-2.971	1895	3.018	2.951
3.666	2.329e-04	-3.068	1859	3.082	2.742
3.666	3.074e-04	-3.165	1824	3.146	2.547
3.666	4.018e-04	-3.278	1769	3.205	2.380
3.666	5.283e-04	-3.386	1718	3.262	2.229
3.666	6.943e-04	-3.506	1653	3.316	2.094
3.666	9.164e-04	-3.611	1604	3.368	1.972
3.666	1.207e-03	-3.721	1550	3.418	1.862
3.666	1.587e-03	-3.833	1493	3.467	1.761
3.666	2.086e-03	-3.970	1416	3.511	1.673
3.666	2.742e-03	-4.100	1346	3.552	1.596
3.666	3.605e-03	-4.263	1252	3.590	1.528
3.666	4.738e-03	-4.420	1165	3.622	1.473
3.666	6.218e-03	-4.547	1101	3.651	1.424
3.666	8.172e-03	-4.701	1023	3.678	1.380
3.666	1.074e-02	-4.861	947	3.702	1.343
3.666	1.412e-02	-5.008	881	3.724	1.310
3.666	1.857e-02	-5.154	819	3.743	1.281
3.666	2.440e-02	-5.287	766	3.761	1.255
3.666	3.208e-02	-5.440	709	3.778	1.231
3.666	4.201e-02	-5.589	656	3.793	1.210
3.666	5.500e-02	-5.734	608	3.806	1.191
3.666	7.219e-02	-5.901	556	3.819	1.175
3.666	9.488e-02	-6.049	514	3.830	1.160
3.666	1.252e-01	-6.193	476	3.840	1.146
3.666	1.639e-01	-6.329	443	3.849	1.134
3.666	2.152e-01	-6.464	412	3.859	1.122
3.666	2.828e-01	-6.593	384	3.867	1.111
3.666	3.718e-01	-6.717	359	3.876	1.100
3.666	4.887e-01	-6.842	336	3.884	1.089
3.666	6.374e-01	-6.951	317	3.892	1.079
3.666	8.414e-01	-7.036	303	3.901	1.069
3.666	1.108e+00	-7.131	289	3.910	1.058
3.666	1.457e+00	-7.225	275	3.919	1.046
3.666	1.915e+00	-7.326	261	3.929	1.034
3.666	2.517e+00	-7.433	247	3.939	1.022
3.666	3.283e+00	-7.539	234	3.949	1.011
3.666	4.334e+00	-7.659	219	3.959	0.999
3.666	5.664e+00	-7.787	205	3.969	0.988
3.666	7.446e+00	-7.930	190	3.978	0.977
3.666	9.787e+00	-8.080	175	3.987	0.968
4.190	1.037e-04	-2.686	2011	2.895	3.637
4.190	1.357e-04	-2.771	1993	2.963	3.362
4.190	1.792e-04	-2.869	1960	3.033	3.103
4.190	2.346e-04	-2.965	1926	3.099	2.877
4.190	3.102e-04	-3.064	1891	3.165	2.664
4.190	4.046e-04	-3.162	1851	3.227	2.482
4.190	5.341e-04	-3.281	1791	3.287	2.315
4.190	6.992e-04	-3.387	1740	3.343	2.171
4.190	9.177e-04	-3.502	1679	3.397	2.041
4.190	1.206e-03	-3.606	1629	3.448	1.923
4.190	1.592e-03	-3.721	1570	3.499	1.814
4.190	2.084e-03	-3.843	1503	3.545	1.720
4.190	2.751e-03	-3.978	1427	3.590	1.634
4.190	3.601e-03	-4.102	1359	3.629	1.561
4.190	4.727e-03	-4.279	1252	3.665	1.499
4.190	6.213e-03	-4.416	1178	3.696	1.446
4.190	8.201e-03	-4.555	1106	3.725	1.398
4.190	1.080e-02	-4.723	1020	3.752	1.356
4.190	1.420e-02	-4.871	949	3.775	1.321
4.190	1.867e-02	-5.022	880	3.796	1.289
4.190	2.453e-02	-5.167	819	3.814	1.262
4.190	3.200e-02	-5.304	764	3.832	1.237
4.190	4.232e-02	-5.456	707	3.848	1.214
4.190	5.564e-02	-5.606	654	3.863	1.194
4.190	7.313e-02	-5.763	602	3.876	1.176
4.190	9.653e-02	-5.928	551	3.888	1.160
4.190	1.272e-01	-6.072	510	3.898	1.145
4.190	1.671e-01	-6.217	472	3.908	1.133
4.190	2.197e-01	-6.356	438	3.918	1.120
4.190	2.888e-01	-6.490	408	3.926	1.109
4.190	3.812e-01	-6.621	380	3.935	1.098
4.190	4.981e-01	-6.751	354	3.943	1.088
4.190	6.476e-01	-6.874	331	3.950	1.079
4.190	8.447e-01	-6.969	315	3.958	1.070
4.190	1.117e+00	-7.054	302	3.966	1.059
4.190	1.475e+00	-7.144	288	3.975	1.048
4.190	1.930e+00	-7.239	274	3.985	1.037
4.190	2.548e+00	-7.341	260	3.994	1.026
4.190	3.336e+00	-7.447	246	4.004	1.014
4.190	4.378e+00	-7.558	232	4.014	1.003
4.190	5.754e+00	-7.680	217	4.024	0.991
4.190	7.565e+00	-7.812	203	4.034	0.980
4.190	9.943e+00	-7.958	187	4.043	0.970
4.714	1.022e-04	-2.595	2062	2.898	3.845
4.714	1.350e-04	-2.685	2039	2.969	3.542
4.714	1.767e-04	-2.772	2019	3.038	3.272
4.714	2.332e-04	-2.872	1984	3.108	3.019
4.714	3.053e-04	-2.967	1951	3.174	2.798
4.714	4.007e-04	-3.061	1918	3.239	2.596
4.714	5.247e-04	-3.169	1869	3.301	2.416
4.714	6.869e-04	-3.281	1812	3.360	2.259
4.714	9.016e-04	-3.391	1757	3.416	2.117
4.714	1.185e-03	-3.500	1702	3.470	1.990
4.714	1.546e-03	-3.608	1646	3.520	1.878
4.714	2.040e-03	-3.726	1583	3.570	1.773
4.714	2.687e-03	-3.856	1509	3.617	1.681
4.714	3.532e-03	-3.984	1436	3.659	1.600
4.714	4.644e-03	-4.119	1360	3.699	1.529
4.714	6.081e-03	-4.291	1255	3.732	1.472
4.714	8.011e-03	-4.421	1186	3.763	1.420
4.714	1.053e-02	-4.572	1105	3.791	1.374
4.714	1.373e-02	-4.729	1024	3.816	1.336
4.714	1.802e-02	-4.877	952	3.838	1.302
4.714	2.369e-02	-5.029	883	3.859	1.272
4.714	3.090e-02	-5.169	823	3.877	1.246
4.714	4.079e-02	-5.322	761	3.894	1.221
4.714	5.373e-02	-5.463	708	3.910	1.199
4.714	7.061e-02	-5.615	655	3.924	1.179
4.714	9.210e-02	-5.777	600	3.937	1.162
4.714	1.216e-01	-5.933	553	3.948	1.147
4.714	1.592e-01	-6.077	512	3.958	1.134
4.714	2.101e-01	-6.224	473	3.968	1.121
4.714	2.767e-01	-6.367	438	3.977	1.109
4.714	3.637e-01	-6.499	408	3.986	1.099
4.714	4.801e-01	-6.633	379	3.994	1.088
4.714	6.324e-01	-6.777	351	4.002	1.078
4.714	8.312e-01	-6.907	327	4.009	1.069
4.714	1.097e+00	-6.981	314	4.017	1.060
4.714	1.451e+00	-7.067	301	4.026	1.049
4.714	1.911e+00	-7.158	287	4.035	1.039
4.714	2.512e+00	-7.256	273	4.044	1.028
4.714	3.316e+00	-7.363	258	4.053	1.016
4.714	4.341e+00	-7.469	244	4.063	1.005
4.714	5.730e+00	-7.583	230	4.073	0.994
4.714	7.548e+00	-7.709	215	4.083	0.983
4.714	9.920e+00	-7.844	200	4.092	0.972
5.238	1.029e-04	-2.523	2103	2.906	4.016
5.238	1.348e-04	-2.610	2081	2.975	3.708
5.238	1.779e-04	-2.701	2059	3.047	3.414
5.238	2.325e-04	-2.791	2033	3.115	3.156
5.238	3.057e-04	-2.887	2001	3.183	2.917
5.238	4.017e-04	-2.983	1968	3.251	2.700
5.238	5.303e-04	-3.083	1930	3.317	2.502
5.238	6.930e-04	-3.193	1876	3.378	2.332
5.238	9.111e-04	-3.305	1820	3.436	2.180
5.238	1.197e-03	-3.415	1763	3.492	2.044
5.238	1.562e-03	-3.522	1708	3.544	1.926
5.238	2.050e-03	-3.639	1644	3.594	1.817
5.238	2.694e-03	-3.756	1580	3.642	1.719
5.238	3.542e-03	-3.886	1504	3.687	1.634
5.238	4.656e-03	-4.011	1433	3.728	1.558
5.238	6.073e-03	-4.175	1333	3.765	1.493
5.238	8.031e-03	-4.319	1250	3.798	1.438
5.238	1.060e-02	-4.462	1172	3.829	1.387
5.238	1.396e-02	-4.623	1085	3.856	1.345
5.238	1.835e-02	-4.772	1009	3.880	1.308
5.238	2.423e-02	-4.930	933	3.902	1.275
5.238	3.171e-02	-5.076	868	3.921	1.247
5.238	4.163e-02	-5.226	804	3.939	1.222
5.238	5.471e-02	-5.366	749	3.955	1.200
5.238	7.221e-02	-5.517	692	3.970	1.179
5.238	9.513e-02	-5.674	638	3.984	1.160
5.238	1.250e-01	-5.843	583	3.996	1.145
5.238	1.631e-01	-5.985	540	4.006	1.131
5.238	2.153e-01	-6.138	498	4.017	1.118
5.238	2.836e-01	-6.283	460	4.026	1.106
5.238	3.727e-01	-6.415	429	4.034	1.095
5.238	4.900e-01	-6.547	399	4.043	1.085
5.238	6.416e-01	-6.685	370	4.051	1.075
5.238	8.400e-01	-6.823	343	4.058	1.066
5.238	1.109e+00	-6.919	326	4.065	1.057
5.238	1.461e+00	-7.008	311	4.073	1.047
5.238	1.920e+00	-7.098	297	4.082	1.037
5.238	2.539e+00	-7.196	282	4.091	1.027
5.238	3.338e+00	-7.298	268	4.100	1.016
5.238	4.387e+00	-7.403	253	4.109	1.005
5.238	5.768e+00	-7.512	239	4.118	0.994
5.238	7.580e+00	-7.627	225	4.128	0.983
5.238	9.966e+00	-7.754	210	4.137	0.973
6.285	1.035e-04	-2.390	2176	2.911	4.371
6.285	1.366e-04	-2.482	2153	2.986	4.012
6.285	1.788e-04	-2.570	2133	3.057	3.697
6.285	2.346e-04	-2.661	2109	3.128	3.406
6.285	3.084e-04	-2.755	2081	3.199	3.140
6.285	4.022e-04	-2.846	2052	3.266	2.907
6.285	5.279e-04	-2.941	2020	3.333	2.690
6.285	6.939e-04	-3.040	1982	3.399	2.493
6.285	9.123e-04	-3.143	1937	3.463	2.316
6.285	1.199e-03	-3.258	1877	3.523	2.161
6.285	1.576e-03	-3.372	1816	3.580	2.024
6.285	2.064e-03	-3.482	1758	3.633	1.904
6.285	2.698e-03	-3.594	1697	3.683	1.798
6.285	3.507e-03	-3.706	1633	3.729	1.704
6.285	4.574e-03	-3.833	1557	3.773	1.620
6.285	6.038e-03	-3.961	1482	3.816	1.542
6.285	7.891e-03	-4.107	1393	3.854	1.476
6.285	1.042e-02	-4.261	1300	3.888	1.419
6.285	1.364e-02	-4.405	1219	3.919	1.370
6.285	1.803e-02	-4.565	1129	3.947	1.326
6.285	2.371e-02	-4.713	1052	3.972	1.289
6.285	3.116e-02	-4.873	972	3.994	1.257
6.285	4.113e-02	-5.026	900	4.014	1.228
6.285	5.385e-02	-5.181	832	4.032	1.203
6.285	7.067e-02	-5.320	775	4.048	1.181
6.285	9.255e-02	-5.466	718	4.062	1.161
6.285	1.212e-01	-5.619	663	4.076	1.144
6.285	1.590e-01	-5.780	609	4.088	1.128
6.285	2.090e-01	-5.931	561	4.099	1.114
6.285	2.748e-01	-6.089	516	4.109	1.101
6.285	3.611e-01	-6.231	477	4.118	1.090
6.285	4.767e-01	-6.367	444	4.127	1.079
6.285	6.279e-01	-6.504	412	4.135	1.068
6.285	8.223e-01	-6.646	381	4.143	1.059
6.285	1.083e+00	-6.791	352	4.150	1.050
6.285	1.424e+00	-6.885	335	4.157	1.041
6.285	1.857e+00	-6.984	318	4.164	1.033
6.285	2.451e+00	-7.075	303	4.172	1.023
6.285	3.229e+00	-7.172	288	4.181	1.014
6.285	4.244e+00	-7.274	273	4.189	1.004
6.285	5.579e+00	-7.376	259	4.198	0.994
6.285	7.333e+00	-7.483	245	4.207	0.983
6.285	9.679e+00	-7.595	230	4.216	0.973
7.333	1.044e-04	-2.287	2231	2.919	4.678
7.333	1.372e-04	-2.374	2214	2.993	4.298
7.333	1.804e-04	-2.465	2194	3.067	3.946
7.333	2.371e-04	-2.553	2173	3.140	3.629
7.333	3.093e-04	-2.644	2148	3.209	3.349
7.333	4.083e-04	-2.739	2119	3.281	3.084
7.333	5.345e-04	-2.832	2089	3.349	2.852
7.333	7.015e-04	-2.927	2056	3.416	2.639
7.333	9.186e-04	-3.024	2018	3.481	2.449
7.333	1.203e-03	-3.122	1977	3.544	2.278
7.333	1.587e-03	-3.239	1916	3.606	2.121
7.333	2.078e-03	-3.353	1853	3.662	1.988
7.333	2.743e-03	-3.467	1791	3.717	1.867
7.333	3.585e-03	-3.579	1729	3.767	1.762
7.333	4.713e-03	-3.699	1658	3.816	1.667
7.333	6.194e-03	-3.831	1578	3.861	1.583
7.333	8.144e-03	-3.954	1505	3.902	1.509
7.333	1.066e-02	-4.101	1414	3.941	1.443
7.333	1.396e-02	-4.246	1327	3.974	1.389
7.333	1.843e-02	-4.407	1231	4.006	1.339
7.333	2.428e-02	-4.556	1147	4.033	1.298
7.333	3.190e-02	-4.710	1066	4.058	1.261
7.333	4.211e-02	-4.870	984	4.080	1.230
7.333	5.513e-02	-5.025	910	4.099	1.203
7.333	7.277e-02	-5.180	841	4.117	1.179
7.333	9.586e-02	-5.331	778	4.132	1.157
7.333	1.260e-01	-5.472	723	4.147	1.138
7.333	1.657e-01	-5.634	664	4.160	1.121
7.333	2.177e-01	-5.787	612	4.172	1.106
7.333	2.874e-01	-5.954	560	4.183	1.092
7.333	3.786e-01	-6.108	515	4.193	1.080
7.333	4.975e-01	-6.239	480	4.201	1.069
7.333	6.567e-01	-6.381	444	4.210	1.058
7.333	8.597e-01	-6.523	411	4.218	1.049
7.333	1.128e+00	-6.676	378	4.225	1.040
7.333	1.483e+00	-6.794	355	4.232	1.032
7.333	1.961e+00	-6.905	334	4.239	1.023
7.333	2.558e+00	-7.001	318	4.246	1.015
7.333	3.377e+00	-7.095	302	4.254	1.006
7.333	4.421e+00	-7.191	287	4.262	0.997
7.333	5.835e+00	-7.294	272	4.270	0.988
7.333	7.687e+00	-7.395	258	4.279	0.978
7.333	1.000e+01	-7.496	244	4.287	0.969
8.381	1.026e-04	-2.195	2278	2.921	4.992
8.381	1.352e-04	-2.280	2264	2.996	4.580
8.381	1.777e-04	-2.368	2247	3.069	4.207
8.381	2.318e-04	-2.454	2227	3.141	3.873
8.381	3.059e-04	-2.544	2207	3.215	3.557
8.381	3.998e-04	-2.635	2180	3.285	3.282
8.381	5.256e-04	-2.728	2152	3.356	3.026
8.381	6.883e-04	-2.822	2120	3.423	2.799
8.381	9.011e-04	-2.916	2086	3.490	2.593
8.381	1.189e-03	-3.015	2049	3.557	2.401
8.381	1.557e-03	-3.112	2009	3.620	2.233
8.381	2.044e-03	-3.227	1947	3.680	2.082
8.381	2.686e-03	-3.344	1882	3.738	1.949
8.381	3.531e-03	-3.457	1819	3.792	1.832
8.381	4.641e-03	-3.573	1752	3.843	1.727
8.381	6.102e-03	-3.694	1681	3.891	1.633
8.381	8.020e-03	-3.825	1599	3.936	1.552
8.381	1.046e-02	-3.942	1530	3.976	1.481
8.381	1.381e-02	-4.090	1437	4.016	1.415
8.381	1.819e-02	-4.241	1344	4.050	1.360
8.381	2.382e-02	-4.399	1249	4.080	1.314
8.381	3.118e-02	-4.540	1169	4.107	1.274
8.381	4.116e-02	-4.698	1083	4.132	1.238
8.381	5.388e-02	-4.855	1002	4.153	1.208
8.381	7.112e-02	-5.016	923	4.173	1.181
8.381	9.311e-02	-5.171	853	4.190	1.158
8.381	1.231e-01	-5.323	788	4.205	1.137
8.381	1.619e-01	-5.455	737	4.220	1.119
8.381	2.141e-01	-5.621	675	4.233	1.102
8.381	2.814e-01	-5.779	620	4.245	1.087
8.381	3.700e-01	-5.953	565	4.256	1.074
8.381	4.863e-01	-6.097	522	4.265	1.062
8.381	6.419e-01	-6.236	485	4.274	1.051
8.381	8.455e-01	-6.383	448	4.282	1.041
8.381	1.111e+00	-6.530	413	4.290	1.032
8.381	1.467e+00	-6.684	380	4.297	1.023
8.381	1.932e+00	-6.797	357	4.304	1.015
8.381	2.539e+00	-6.912	336	4.311	1.007
8.381	3.312e+00	-7.006	319	4.318	0.999
8.381	4.381e+00	-7.106	303	4.326	0.991
8.381	5.782e+00	-7.205	287	4.333	0.982
8.381	7.570e+00	-7.300	273	4.341	0.973
8.381	1.000e+01	-7.403	259	4.350	0.964
9.428	1.025e-04	-2.127	2309	2.928	5.251
9.428	1.341e-04	-2.202	2306	3.001	4.830
9.428	1.761e-04	-2.289	2289	3.074	4.439
9.428	2.314e-04	-2.374	2273	3.147	4.080
9.428	3.018e-04	-2.460	2253	3.219	3.758
9.428	3.984e-04	-2.550	2232	3.292	3.454
9.428	5.216e-04	-2.642	2205	3.362	3.187
9.428	6.885e-04	-2.736	2176	3.433	2.936
9.428	9.013e-04	-2.830	2142	3.500	2.717
9.428	1.183e-03	-2.925	2107	3.567	2.516
9.428	1.555e-03	-3.021	2071	3.633	2.333
9.428	2.044e-03	-3.122	2028	3.697	2.167
9.428	2.687e-03	-3.239	1963	3.757	2.021
9.428	3.532e-03	-3.356	1896	3.814	1.894
9.428	4.642e-03	-3.467	1833	3.867	1.781
9.428	6.128e-03	-3.588	1762	3.919	1.679
9.428	8.022e-03	-3.708	1689	3.965	1.591
9.428	1.059e-02	-3.840	1606	4.010	1.512
9.428	1.386e-02	-3.953	1540	4.050	1.444
9.428	1.830e-02	-4.108	1439	4.087	1.382
9.428	2.410e-02	-4.250	1352	4.120	1.331
9.428	3.168e-02	-4.399	1262	4.149	1.287
9.428	4.165e-02	-4.538	1182	4.175	1.249
9.428	5.454e-02	-4.685	1101	4.199	1.216
9.428	7.140e-02	-4.840	1019	4.219	1.188
9.428	9.425e-02	-4.993	943	4.238	1.163
9.428	1.234e-01	-5.150	869	4.254	1.141
9.428	1.632e-01	-5.291	808	4.269	1.122
9.428	2.145e-01	-5.422	756	4.283	1.104
9.428	2.820e-01	-5.580	695	4.296	1.088
9.428	3.722e-01	-5.741	638	4.308	1.073
9.428	4.903e-01	-5.911	582	4.318	1.060
9.428	6.444e-01	-6.057	538	4.328	1.048
9.428	8.505e-01	-6.201	498	4.337	1.037
9.428	1.120e+00	-6.357	457	4.345	1.027
9.428	1.482e+00	-6.510	421	4.353	1.018
9.428	1.947e+00	-6.660	388	4.360	1.009
9.428	2.540e+00	-6.781	363	4.367	1.001
9.428	3.353e+00	-6.906	339	4.375	0.993
9.428	4.417e+00	-7.017	319	4.382	0.984
9.428	5.841e+00	-7.119	303	4.390	0.976
9.428	7.677e+00	-7.219	287	4.398	0.967
9.428	1.000e+01	-7.314	273	4.405	0.958
10.476	1.008e-04	-2.065	2338	2.933	5.505
10.476	1.320e-04	-2.139	2333	3.003	5.075
10.476	1.732e-04	-2.217	2326	3.076	4.668
10.476	2.277e-04	-2.302	2309	3.149	4.291
10.476	2.993e-04	-2.386	2295	3.222	3.946
10.476	3.934e-04	-2.474	2275	3.295	3.629
10.476	5.173e-04	-2.563	2252	3.367	3.341
10.476	6.798e-04	-2.656	2224	3.437	3.080
10.476	8.938e-04	-2.749	2194	3.507	2.842
10.476	1.175e-03	-2.845	2160	3.575	2.628
10.476	1.545e-03	-2.941	2124	3.642	2.433
10.476	2.030e-03	-3.035	2089	3.707	2.257
10.476	2.648e-03	-3.138	2040	3.769	2.102
10.476	3.475e-03	-3.256	1972	3.828	1.963
10.476	4.568e-03	-3.370	1907	3.884	1.841
10.476	5.958e-03	-3.478	1846	3.935	1.736
10.476	7.819e-03	-3.595	1775	3.984	1.641
10.476	1.028e-02	-3.713	1702	4.029	1.558
10.476	1.351e-02	-3.834	1625	4.070	1.486
10.476	1.769e-02	-3.936	1564	4.106	1.426
10.476	2.331e-02	-4.065	1480	4.139	1.373
10.476	3.063e-02	-4.182	1406	4.166	1.330
10.476	4.028e-02	-4.291	1339	4.190	1.294
10.476	5.293e-02	-4.395	1276	4.211	1.263
10.476	6.987e-02	-4.500	1215	4.231	1.235
10.476	9.204e-02	-4.607	1154	4.249	1.210
10.476	1.210e-01	-4.722	1091	4.265	1.187
10.476	1.597e-01	-4.850	1022	4.281	1.166
10.476	2.090e-01	-4.968	963	4.295	1.147
10.476	2.759e-01	-5.107	897	4.310	1.128
10.476	3.649e-01	-5.243	836	4.324	1.109
10.476	4.807e-01	-5.390	775	4.339	1.091
10.476	6.357e-01	-5.564	707	4.354	1.072
10.476	8.407e-01	-5.753	639	4.367	1.055
10.476	1.105e+00	-5.941	577	4.379	1.041
10.476	1.459e+00	-6.111	527	4.390	1.028
10.476	1.929e+00	-6.302	475	4.400	1.016
10.476	2.551e+00	-6.478	431	4.410	1.005
10.476	3.360e+00	-6.649	393	4.418	0.996
10.476	4.417e+00	-6.803	361	4.427	0.986
10.476	5.830e+00	-6.951	333	4.435	0.976
10.476	7.710e+00	-7.081	311	4.444	0.966
10.476	1.000e+01	-7.191	293	4.453	0.957
11.523	1.003e-04	-1.997	2367	2.927	5.809
11.523	1.316e-04	-2.076	2359	3.000	5.342
11.523	1.724e-04	-2.153	2353	3.073	4.914
11.523	2.256e-04	-2.233	2344	3.146	4.516
11.523	2.962e-04	-2.318	2327	3.220	4.150
11.523	3.892e-04	-2.401	2315	3.293	3.812
11.523	5.117e-04	-2.491	2293	3.367	3.503
11.523	6.726e-04	-2.582	2268	3.439	3.224
11.523	8.843e-04	-2.676	2239	3.510	2.971
11.523	1.162e-03	-2.770	2208	3.579	2.743
11.523	1.516e-03	-2.862	2174	3.645	2.542
11.523	2.001e-03	-2.959	2137	3.713	2.351
11.523	2.620e-03	-3.053	2102	3.777	2.184
11.523	3.411e-03	-3.160	2046	3.838	2.037
11.523	4.502e-03	-3.278	1978	3.897	1.903
11.523	5.894e-03	-3.387	1915	3.950	1.791
11.523	7.736e-03	-3.491	1855	3.998	1.693
11.523	1.017e-02	-3.595	1791	4.042	1.611
11.523	1.342e-02	-3.690	1733	4.078	1.544
11.523	1.768e-02	-3.775	1677	4.107	1.494
11.523	2.323e-02	-3.840	1636	4.129	1.456
11.523	3.031e-02	-3.891	1605	4.148	1.426
11.523	3.978e-02	-3.942	1575	4.165	1.397
11.523	5.228e-02	-4.014	1527	4.183	1.368
11.523	6.901e-02	-4.103	1468	4.204	1.335
11.523	9.090e-02	-4.218	1396	4.231	1.295
11.523	1.205e-01	-4.382	1296	4.266	1.245
11.523	1.593e-01	-4.595	1171	4.303	1.193
11.523	2.107e-01	-4.851	1030	4.336	1.147
11.523	2.781e-01	-5.094	910	4.364	1.112
11.523	3.678e-01	-5.314	812	4.386	1.083
11.523	4.845e-01	-5.521	728	4.405	1.061
11.523	6.368e-01	-5.727	653	4.420	1.042
11.523	8.406e-01	-5.928	586	4.432	1.027
11.523	1.100e+00	-6.096	535	4.443	1.015
11.523	1.452e+00	-6.284	483	4.453	1.003
11.523	1.913e+00	-6.444	442	4.461	0.994
11.523	2.515e+00	-6.600	406	4.469	0.985
11.523	3.326e+00	-6.739	377	4.476	0.977
11.523	4.372e+00	-6.869	351	4.483	0.969
11.523	5.747e+00	-6.989	329	4.490	0.961
11.523	7.556e+00	-7.086	312	4.497	0.953
11.523	9.930e+00	-7.181	297	4.504	0.945
12.047	1.026e-04	-1.975	2381	2.935	5.885
12.047	1.354e-04	-2.058	2369	3.010	5.403
12.047	1.773e-04	-2.135	2362	3.082	4.973
12.047	2.327e-04	-2.214	2356	3.156	4.567
12.047	3.058e-04	-2.299	2340	3.230	4.194
12.047	4.021e-04	-2.381	2330	3.304	3.852
12.047	5.285e-04	-2.471	2308	3.377	3.539
12.047	6.893e-04	-2.558	2286	3.448	3.263
12.047	9.047e-04	-2.651	2256	3.518	3.008
12.047	1.189e-03	-2.745	2227	3.588	2.775
12.047	1.563e-03	-2.841	2192	3.657	2.565
12.047	2.055e-03	-2.936	2156	3.724	2.375
12.047	2.680e-03	-3.027	2121	3.787	2.207
12.047	3.538e-03	-3.135	2069	3.851	2.050
12.047	4.631e-03	-3.249	2003	3.909	1.919
12.047	6.113e-03	-3.358	1940	3.963	1.803
12.047	8.003e-03	-3.454	1885	4.009	1.711
12.047	1.056e-02	-3.546	1829	4.048	1.635
12.047	1.383e-02	-3.616	1786	4.078	1.580
12.047	1.825e-02	-3.676	1749	4.100	1.539
12.047	2.390e-02	-3.725	1717	4.117	1.510
12.047	3.154e-02	-3.772	1686	4.133	1.483
12.047	4.129e-02	-3.827	1651	4.151	1.452
12.047	5.451e-02	-3.903	1605	4.178	1.407
12.047	7.208e-02	-4.045	1512	4.217	1.346
12.047	9.575e-02	-4.249	1382	4.265	1.274
12.047	1.258e-01	-4.494	1234	4.312	1.206
12.047	1.664e-01	-4.770	1077	4.353	1.151
12.047	2.188e-01	-5.014	952	4.382	1.113
12.047	2.876e-01	-5.230	851	4.404	1.085
12.047	3.796e-01	-5.437	764	4.423	1.062
12.047	4.969e-01	-5.617	695	4.438	1.044
12.047	6.572e-01	-5.809	627	4.451	1.028
12.047	8.641e-01	-5.980	571	4.461	1.016
12.047	1.136e+00	-6.141	524	4.471	1.004
12.047	1.493e+00	-6.310	478	4.480	0.995
12.047	1.962e+00	-6.466	439	4.488	0.986
12.047	2.590e+00	-6.612	405	4.495	0.977
12.047	3.391e+00	-6.741	377	4.501	0.970
12.047	4.476e+00	-6.867	352	4.508	0.962
12.047	5.896e+00	-6.984	331	4.515	0.955
12.047	7.749e+00	-7.077	315	4.522	0.948
12.047	1.000e+01	-7.166	300	4.528	0.941
12.571	1.042e-04	-1.955	2391	2.941	5.974
12.571	1.367e-04	-2.036	2379	3.014	5.494
12.571	1.797e-04	-2.115	2371	3.087	5.051
12.571	2.344e-04	-2.189	2369	3.159	4.650
12.571	3.094e-04	-2.275	2354	3.234	4.264
12.571	4.050e-04	-2.355	2345	3.307	3.920
12.571	5.316e-04	-2.442	2326	3.380	3.602
12.571	6.986e-04	-2.533	2302	3.453	3.312
12.571	9.112e-04	-2.623	2275	3.523	3.057
12.571	1.196e-03	-2.715	2246	3.593	2.820
12.571	1.572e-03	-2.811	2212	3.662	2.605
12.571	2.067e-03	-2.906	2177	3.729	2.411
12.571	2.706e-03	-2.999	2141	3.794	2.238
12.571	3.518e-03	-3.094	2100	3.855	2.086
12.571	4.598e-03	-3.205	2037	3.913	1.951
12.571	5.997e-03	-3.307	1979	3.964	1.840
12.571	7.871e-03	-3.398	1926	4.008	1.749
12.571	1.034e-02	-3.471	1883	4.043	1.681
12.571	1.360e-02	-3.530	1847	4.067	1.634
12.571	1.788e-02	-3.572	1821	4.085	1.601
12.571	2.332e-02	-3.608	1799	4.100	1.573
12.571	3.078e-02	-3.656	1769	4.119	1.539
12.571	4.054e-02	-3.732	1719	4.145	1.494
12.571	5.362e-02	-3.851	1644	4.186	1.425
12.571	7.047e-02	-4.051	1514	4.244	1.333
12.571	9.320e-02	-4.316	1346	4.304	1.243
12.571	1.230e-01	-4.580	1189	4.352	1.177
12.571	1.610e-01	-4.829	1049	4.385	1.133
12.571	2.114e-01	-5.043	942	4.410	1.101
12.571	2.778e-01	-5.236	852	4.430	1.076
12.571	3.652e-01	-5.423	772	4.446	1.056
12.571	4.783e-01	-5.589	708	4.460	1.039
12.571	6.261e-01	-5.762	645	4.472	1.025
12.571	8.265e-01	-5.935	588	4.483	1.012
12.571	1.089e+00	-6.092	540	4.493	1.001
12.571	1.431e+00	-6.263	492	4.501	0.991
12.571	1.889e+00	-6.411	453	4.509	0.982
12.571	2.488e+00	-6.560	418	4.517	0.974
12.571	3.270e+00	-6.691	389	4.523	0.966
12.571	4.265e+00	-6.812	364	4.530	0.959
12.571	5.545e+00	-6.926	342	4.536	0.952
12.571	7.277e+00	-7.030	324	4.542	0.945
12.571	9.565e+00	-7.129	307	4.549	0.938
13.095	1.025e-04	-1.927	2401	2.938	6.118
13.095	1.353e-04	-2.006	2394	3.012	5.616
13.095	1.782e-04	-2.090	2380	3.086	5.161
13.095	2.342e-04	-2.164	2379	3.159	4.743
13.095	3.092e-04	-2.248	2367	3.235	4.348
13.095	4.047e-04	-2.328	2358	3.308	3.997
13.095	5.342e-04	-2.415	2342	3.383	3.665
13.095	6.994e-04	-2.505	2319	3.456	3.372
13.095	9.231e-04	-2.598	2292	3.529	3.100
13.095	1.206e-03	-2.689	2263	3.598	2.862
13.095	1.586e-03	-2.784	2231	3.667	2.642
13.095	2.085e-03	-2.879	2196	3.735	2.445
13.095	2.719e-03	-2.971	2161	3.799	2.271
13.095	3.589e-03	-3.067	2122	3.864	2.108
13.095	4.699e-03	-3.173	2064	3.921	1.972
13.095	6.202e-03	-3.273	2006	3.972	1.860
13.095	8.119e-03	-3.352	1960	4.011	1.779
13.095	1.066e-02	-3.409	1927	4.038	1.724
13.095	1.395e-02	-3.448	1905	4.057	1.687
13.095	1.824e-02	-3.481	1885	4.072	1.658
13.095	2.398e-02	-3.523	1859	4.089	1.626
13.095	3.140e-02	-3.582	1822	4.114	1.580
13.095	4.136e-02	-3.690	1754	4.155	1.506
13.095	5.436e-02	-3.875	1636	4.219	1.400
13.095	7.175e-02	-4.148	1457	4.292	1.288
13.095	9.452e-02	-4.401	1299	4.345	1.211
13.095	1.242e-01	-4.627	1166	4.383	1.159
13.095	1.640e-01	-4.855	1040	4.412	1.121
13.095	2.147e-01	-5.049	942	4.434	1.092
13.095	2.817e-01	-5.231	857	4.453	1.069
13.095	3.703e-01	-5.410	780	4.469	1.050
13.095	4.888e-01	-5.573	716	4.483	1.033
13.095	6.439e-01	-5.745	653	4.495	1.019
13.095	8.432e-01	-5.912	597	4.506	1.007
13.095	1.104e+00	-6.063	550	4.515	0.996
13.095	1.457e+00	-6.237	500	4.524	0.986
13.095	1.927e+00	-6.384	462	4.532	0.977
13.095	2.538e+00	-6.533	426	4.539	0.969
13.095	3.336e+00	-6.666	396	4.546	0.961
13.095	4.386e+00	-6.791	370	4.552	0.954
13.095	5.764e+00	-6.912	346	4.559	0.947
13.095	7.579e+00	-7.019	327	4.565	0.940
13.095	9.961e+00	-7.121	309	4.572	0.933
13.618	1.028e-04	-1.906	2410	2.940	6.224
13.618	1.357e-04	-1.983	2405	3.014	5.715
13.618	1.773e-04	-2.066	2389	3.085	5.266
13.618	2.341e-04	-2.142	2386	3.159	4.835
13.618	3.064e-04	-2.219	2381	3.233	4.443
13.618	3.990e-04	-2.300	2369	3.304	4.091
13.618	5.267e-04	-2.382	2360	3.380	3.750
13.618	6.882e-04	-2.471	2337	3.453	3.450
13.618	8.977e-04	-2.560	2313	3.523	3.180
13.618	1.185e-03	-2.655	2283	3.596	2.926
13.618	1.549e-03	-2.746	2254	3.664	2.705
13.618	2.036e-03	-2.841	2218	3.732	2.500
13.618	2.666e-03	-2.935	2183	3.798	2.319
13.618	3.490e-03	-3.026	2148	3.861	2.157
13.618	4.581e-03	-3.124	2100	3.919	2.016
13.618	6.021e-03	-3.218	2046	3.968	1.906
13.618	7.916e-03	-3.288	2006	4.003	1.830
13.618	1.040e-02	-3.335	1978	4.027	1.781
13.618	1.357e-02	-3.367	1959	4.042	1.750
13.618	1.781e-02	-3.399	1941	4.057	1.719
13.618	2.341e-02	-3.443	1915	4.079	1.678
13.618	3.090e-02	-3.524	1865	4.114	1.611
13.618	4.070e-02	-3.677	1770	4.175	1.502
13.618	5.350e-02	-3.915	1617	4.257	1.367
13.618	7.061e-02	-4.180	1443	4.323	1.267
13.618	9.244e-02	-4.400	1304	4.368	1.202
13.618	1.220e-01	-4.610	1180	4.404	1.153
13.618	1.607e-01	-4.825	1059	4.432	1.117
13.618	2.113e-01	-5.012	964	4.454	1.089
13.618	2.777e-01	-5.190	879	4.472	1.066
13.618	3.637e-01	-5.371	799	4.488	1.047
13.618	4.761e-01	-5.520	739	4.502	1.031
13.618	6.297e-01	-5.696	673	4.514	1.016
13.618	8.279e-01	-5.863	615	4.525	1.003
13.618	1.088e+00	-6.017	566	4.535	0.992
13.618	1.431e+00	-6.190	515	4.544	0.982
13.618	1.880e+00	-6.332	477	4.552	0.973
13.618	2.482e+00	-6.484	439	4.559	0.965
13.618	3.249e+00	-6.619	407	4.566	0.958
13.618	4.264e+00	-6.747	380	4.572	0.950
13.618	5.605e+00	-6.866	356	4.579	0.943
13.618	7.412e+00	-6.985	334	4.585	0.936
13.618	9.784e+00	-7.090	315	4.592	0.929
14.142	1.015e-04	-1.881	2419	2.938	6.358
14.142	1.334e-04	-1.957	2413	3.010	5.849
14.142	1.740e-04	-2.039	2398	3.081	5.392
14.142	2.296e-04	-2.116	2393	3.155	4.952
14.142	3.006e-04	-2.188	2394	3.228	4.554
14.142	3.976e-04	-2.275	2380	3.304	4.171
14.142	5.227e-04	-2.353	2375	3.379	3.827
14.142	6.870e-04	-2.443	2354	3.453	3.513
14.142	8.961e-04	-2.533	2329	3.525	3.236
14.142	1.167e-03	-2.623	2301	3.594	2.989
14.142	1.540e-03	-2.716	2273	3.665	2.753
14.142	2.016e-03	-2.810	2239	3.733	2.546
14.142	2.646e-03	-2.903	2204	3.799	2.359
14.142	3.478e-03	-2.995	2168	3.863	2.193
14.142	4.573e-03	-3.084	2129	3.920	2.052
14.142	5.988e-03	-3.169	2082	3.966	1.948
14.142	7.839e-03	-3.228	2047	3.996	1.881
14.142	1.021e-02	-3.265	2027	4.015	1.841
14.142	1.340e-02	-3.293	2010	4.029	1.810
14.142	1.754e-02	-3.328	1990	4.046	1.775
14.142	2.293e-02	-3.381	1959	4.072	1.723
14.142	3.014e-02	-3.483	1899	4.120	1.631
14.142	3.961e-02	-3.690	1767	4.202	1.483
14.142	5.229e-02	-3.935	1610	4.285	1.348
14.142	6.916e-02	-4.174	1451	4.344	1.259
14.142	9.053e-02	-4.379	1322	4.387	1.199
14.142	1.195e-01	-4.578	1203	4.422	1.152
14.142	1.564e-01	-4.780	1088	4.449	1.117
14.142	2.065e-01	-4.965	991	4.471	1.088
14.142	2.703e-01	-5.138	906	4.490	1.065
14.142	3.568e-01	-5.325	821	4.506	1.045
14.142	4.700e-01	-5.476	759	4.521	1.028
14.142	6.155e-01	-5.645	694	4.533	1.013
14.142	8.058e-01	-5.807	636	4.544	1.001
14.142	1.064e+00	-5.965	584	4.554	0.989
14.142	1.392e+00	-6.125	536	4.563	0.979
14.142	1.841e+00	-6.282	492	4.571	0.970
14.142	2.431e+00	-6.435	452	4.579	0.961
14.142	3.182e+00	-6.575	419	4.586	0.954
14.142	4.200e+00	-6.709	389	4.592	0.947
14.142	5.499e+00	-6.825	365	4.599	0.940
14.142	7.258e+00	-6.952	341	4.605	0.933
14.142	9.485e+00	-7.053	323	4.611	0.926
14.666	1.021e-04	-1.862	2427	2.941	6.454
14.666	1.348e-04	-1.940	2420	3.014	5.932
14.666	1.764e-04	-2.020	2408	3.086	5.462
14.666	2.329e-04	-2.100	2399	3.159	5.019
14.666	3.048e-04	-2.170	2403	3.232	4.616
14.666	4.001e-04	-2.254	2390	3.306	4.238
14.666	5.259e-04	-2.331	2386	3.381	3.889
14.666	6.859e-04	-2.416	2370	3.454	3.575
14.666	9.054e-04	-2.510	2344	3.529	3.280
14.666	1.185e-03	-2.602	2316	3.600	3.023
14.666	1.556e-03	-2.693	2288	3.670	2.788
14.666	2.045e-03	-2.787	2255	3.739	2.575
14.666	2.699e-03	-2.882	2220	3.807	2.382
14.666	3.533e-03	-2.971	2185	3.868	2.219
14.666	4.637e-03	-3.052	2153	3.923	2.083
14.666	6.072e-03	-3.123	2116	3.964	1.987
14.666	7.949e-03	-3.171	2088	3.989	1.931
14.666	1.043e-02	-3.202	2070	4.005	1.896
14.666	1.371e-02	-3.232	2053	4.020	1.863
14.666	1.803e-02	-3.274	2029	4.042	1.817
14.666	2.369e-02	-3.351	1984	4.080	1.739
14.666	3.115e-02	-3.511	1888	4.154	1.597
14.666	4.080e-02	-3.758	1729	4.247	1.434
14.666	5.303e-02	-3.963	1597	4.314	1.327
14.666	6.931e-02	-4.170	1460	4.366	1.251
14.666	9.040e-02	-4.361	1338	4.406	1.195
14.666	1.193e-01	-4.552	1223	4.440	1.149
14.666	1.572e-01	-4.751	1108	4.467	1.113
14.666	2.066e-01	-4.931	1011	4.490	1.085
14.666	2.716e-01	-5.106	925	4.509	1.061
14.666	3.570e-01	-5.289	840	4.525	1.042
14.666	4.712e-01	-5.445	774	4.539	1.024
14.666	6.207e-01	-5.614	708	4.552	1.009
14.666	8.158e-01	-5.776	649	4.564	0.996
14.666	1.073e+00	-5.932	597	4.574	0.985
14.666	1.410e+00	-6.090	548	4.583	0.975
14.666	1.861e+00	-6.251	502	4.591	0.965
14.666	2.436e+00	-6.398	463	4.598	0.957
14.666	3.216e+00	-6.546	427	4.606	0.949
14.666	4.209e+00	-6.679	397	4.612	0.942
14.666	5.525e+00	-6.796	372	4.618	0.935
14.666	7.307e+00	-6.927	347	4.625	0.929
14.666	9.603e+00	-7.034	327	4.631	0.922
15.190	1.008e-04	-1.838	2435	2.939	6.584
15.190	1.330e-04	-1.917	2427	3.012	6.054
15.190	1.742e-04	-1.995	2418	3.083	5.577
15.190	2.286e-04	-2.076	2405	3.155	5.134
15.190	3.004e-04	-2.148	2407	3.228	4.719
15.190	3.966e-04	-2.229	2400	3.304	4.324
15.190	5.191e-04	-2.307	2394	3.377	3.973
15.190	6.852e-04	-2.390	2386	3.454	3.638
15.190	9.027e-04	-2.484	2360	3.529	3.337
15.190	1.186e-03	-2.576	2332	3.601	3.070
15.190	1.547e-03	-2.666	2304	3.670	2.835
15.190	2.031e-03	-2.758	2274	3.740	2.618
15.190	2.669e-03	-2.852	2239	3.806	2.425
15.190	3.510e-03	-2.940	2205	3.868	2.258
15.190	4.613e-03	-3.016	2176	3.921	2.126
15.190	6.064e-03	-3.074	2150	3.958	2.036
15.190	7.970e-03	-3.113	2129	3.980	1.986
15.190	1.040e-02	-3.141	2113	3.994	1.953
15.190	1.372e-02	-3.173	2094	4.011	1.915
15.190	1.808e-02	-3.227	2063	4.039	1.855
15.190	2.376e-02	-3.331	2003	4.092	1.745
15.190	3.136e-02	-3.549	1871	4.191	1.557
15.190	4.131e-02	-3.783	1718	4.277	1.410
15.190	5.429e-02	-3.980	1591	4.340	1.312
15.190	7.082e-02	-4.170	1465	4.387	1.242
15.190	9.295e-02	-4.358	1345	4.426	1.187
15.190	1.222e-01	-4.539	1235	4.459	1.144
15.190	1.593e-01	-4.725	1126	4.485	1.110
15.190	2.091e-01	-4.905	1028	4.508	1.081
15.190	2.749e-01	-5.078	941	4.527	1.058
15.190	3.585e-01	-5.254	859	4.543	1.038
15.190	4.732e-01	-5.413	790	4.558	1.021
15.190	6.195e-01	-5.576	725	4.570	1.006
15.190	8.178e-01	-5.739	664	4.582	0.993
15.190	1.071e+00	-5.893	611	4.592	0.981
15.190	1.413e+00	-6.052	561	4.602	0.971
15.190	1.861e+00	-6.216	513	4.610	0.961
15.190	2.446e+00	-6.364	473	4.617	0.953
15.190	3.217e+00	-6.513	436	4.625	0.945
15.190	4.227e+00	-6.650	404	4.631	0.938
15.190	5.514e+00	-6.765	380	4.637	0.931
15.190	7.292e+00	-6.899	353	4.644	0.925
15.190	9.626e+00	-7.011	332	4.650	0.918
15.713	1.020e-04	-1.824	2442	2.943	6.660
15.713	1.333e-04	-1.899	2434	3.013	6.146
15.713	1.753e-04	-1.978	2424	3.085	5.657
15.713	2.296e-04	-2.059	2411	3.156	5.212
15.713	3.006e-04	-2.130	2412	3.228	4.798
15.713	3.967e-04	-2.207	2410	3.304	4.398
15.713	5.194e-04	-2.286	2402	3.377	4.041
15.713	6.817e-04	-2.363	2400	3.453	3.705
15.713	8.959e-04	-2.456	2375	3.528	3.399
15.713	1.169e-03	-2.547	2349	3.599	3.131
15.713	1.542e-03	-2.641	2320	3.671	2.881
15.713	2.019e-03	-2.730	2292	3.740	2.661
15.713	2.650e-03	-2.823	2257	3.807	2.465
15.713	3.483e-03	-2.909	2225	3.868	2.298
15.713	4.543e-03	-2.979	2198	3.916	2.174
15.713	5.997e-03	-3.028	2178	3.950	2.091
15.713	7.837e-03	-3.058	2166	3.969	2.046
15.713	1.022e-02	-3.083	2153	3.983	2.011
15.713	1.352e-02	-3.119	2133	4.003	1.966
15.713	1.785e-02	-3.184	2095	4.038	1.889
15.713	2.336e-02	-3.320	2016	4.107	1.744
15.713	3.090e-02	-3.556	1873	4.215	1.540
15.713	4.062e-02	-3.771	1732	4.294	1.407
15.713	5.339e-02	-3.954	1613	4.354	1.313
15.713	6.963e-02	-4.139	1490	4.400	1.244
15.713	9.192e-02	-4.324	1371	4.440	1.188
15.713	1.203e-01	-4.498	1263	4.473	1.145
15.713	1.588e-01	-4.685	1153	4.501	1.108
15.713	2.079e-01	-4.867	1052	4.524	1.080
15.713	2.745e-01	-5.041	963	4.544	1.055
15.713	3.587e-01	-5.216	879	4.560	1.035
15.713	4.678e-01	-5.372	810	4.574	1.019
15.713	6.175e-01	-5.538	742	4.588	1.003
15.713	8.135e-01	-5.700	680	4.599	0.990
15.713	1.069e+00	-5.856	625	4.610	0.978
15.713	1.406e+00	-6.013	575	4.619	0.967
15.713	1.847e+00	-6.178	525	4.628	0.958
15.713	2.439e+00	-6.327	484	4.636	0.949
15.713	3.192e+00	-6.476	446	4.643	0.941
15.713	4.190e+00	-6.615	414	4.649	0.934
15.713	5.507e+00	-6.736	387	4.656	0.927
15.713	7.269e+00	-6.870	360	4.662	0.921
15.713	9.576e+00	-6.984	338	4.668	0.914
16.237	1.037e-04	-1.811	2447	2.949	6.726
16.237	1.352e-04	-1.886	2439	3.018	6.214
16.237	1.785e-04	-1.965	2430	3.091	5.715
16.237	2.337e-04	-2.044	2419	3.162	5.266
16.237	3.085e-04	-2.120	2416	3.236	4.837
16.237	4.038e-04	-2.192	2417	3.309	4.447
16.237	5.341e-04	-2.275	2409	3.385	4.071
16.237	7.022e-04	-2.348	2412	3.461	3.731
16.237	9.229e-04	-2.442	2387	3.536	3.421
16.237	1.218e-03	-2.537	2359	3.611	3.139
16.237	1.592e-03	-2.627	2332	3.681	2.896
16.237	2.076e-03	-2.715	2305	3.749	2.678
16.237	2.704e-03	-2.804	2272	3.813	2.488
16.237	3.569e-03	-2.888	2241	3.872	2.324
16.237	4.664e-03	-2.950	2217	3.916	2.210
16.237	6.083e-03	-2.989	2201	3.943	2.143
16.237	7.984e-03	-3.013	2192	3.959	2.102
16.237	1.046e-02	-3.037	2182	3.975	2.064
16.237	1.377e-02	-3.076	2163	4.000	2.007
16.237	1.810e-02	-3.160	2117	4.045	1.904
16.237	2.389e-02	-3.356	2002	4.145	1.697
16.237	3.123e-02	-3.569	1872	4.241	1.519
16.237	4.073e-02	-3.765	1741	4.312	1.401
16.237	5.376e-02	-3.942	1627	4.371	1.309
16.237	7.038e-02	-4.123	1505	4.417	1.242
16.237	9.237e-02	-4.298	1392	4.455	1.187
16.237	1.214e-01	-4.472	1283	4.488	1.143
16.237	1.596e-01	-4.652	1176	4.517	1.106
16.237	2.098e-01	-4.837	1071	4.540	1.077
16.237	2.769e-01	-5.010	981	4.560	1.052
16.237	3.619e-01	-5.182	898	4.577	1.032
16.237	4.758e-01	-5.346	824	4.592	1.015
16.237	6.253e-01	-5.510	755	4.605	0.999
16.237	8.222e-01	-5.672	693	4.617	0.986
16.237	1.081e+00	-5.826	638	4.628	0.974
16.237	1.421e+00	-5.983	586	4.637	0.963
16.237	1.867e+00	-6.150	535	4.646	0.954
16.237	2.465e+00	-6.299	493	4.654	0.945
16.237	3.247e+00	-6.451	454	4.661	0.937
16.237	4.267e+00	-6.593	420	4.668	0.930
16.237	5.610e+00	-6.716	392	4.674	0.923
16.237	7.374e+00	-6.849	365	4.680	0.916
16.237	9.752e+00	-6.968	342	4.687	0.910
16.761	1.006e-04	-1.786	2455	2.943	6.880
16.761	1.312e-04	-1.860	2447	3.011	6.363
16.761	1.722e-04	-1.937	2438	3.082	5.865
16.761	2.263e-04	-2.016	2428	3.154	5.399
16.761	2.952e-04	-2.092	2420	3.224	4.980
16.761	3.897e-04	-2.165	2422	3.299	4.570
16.761	5.101e-04	-2.242	2417	3.372	4.198
16.761	6.695e-04	-2.317	2418	3.447	3.851
16.761	8.704e-04	-2.398	2407	3.520	3.540
16.761	1.140e-03	-2.491	2380	3.594	3.252
16.761	1.492e-03	-2.582	2353	3.665	2.996
16.761	1.958e-03	-2.673	2325	3.736	2.763
16.761	2.564e-03	-2.762	2295	3.802	2.561
16.761	3.351e-03	-2.842	2265	3.860	2.396
16.761	4.406e-03	-2.905	2241	3.904	2.276
16.761	5.791e-03	-2.943	2226	3.931	2.207
16.761	7.614e-03	-2.967	2217	3.947	2.167
16.761	1.001e-02	-2.990	2208	3.963	2.126
16.761	1.321e-02	-3.030	2192	3.990	2.062
16.761	1.729e-02	-3.116	2149	4.042	1.942
16.761	2.287e-02	-3.331	2024	4.153	1.709
16.761	3.009e-02	-3.540	1897	4.248	1.531
16.761	3.939e-02	-3.729	1771	4.319	1.411
16.761	5.199e-02	-3.898	1662	4.378	1.319
16.761	6.794e-02	-4.076	1541	4.424	1.250
16.761	8.862e-02	-4.241	1433	4.463	1.195
16.761	1.170e-01	-4.416	1323	4.498	1.149
16.761	1.531e-01	-4.586	1219	4.527	1.111
16.761	2.010e-01	-4.774	1109	4.552	1.080
16.761	2.642e-01	-4.943	1019	4.572	1.054
16.761	3.446e-01	-5.109	936	4.590	1.033
16.761	4.548e-01	-5.285	853	4.606	1.015
16.761	5.954e-01	-5.444	785	4.619	0.999
16.761	7.859e-01	-5.613	717	4.632	0.985
16.761	1.029e+00	-5.762	662	4.643	0.973
16.761	1.358e+00	-5.922	608	4.653	0.961
16.761	1.778e+00	-6.087	555	4.662	0.952
16.761	2.347e+00	-6.239	511	4.670	0.943
16.761	3.091e+00	-6.389	471	4.677	0.935
16.761	4.048e+00	-6.536	434	4.684	0.927
16.761	5.299e+00	-6.666	404	4.690	0.921
16.761	6.995e+00	-6.791	378	4.697	0.914
16.761	9.215e+00	-6.921	352	4.703	0.908
17.285	1.032e-04	-1.777	2461	2.952	6.919
17.285	1.351e-04	-1.852	2452	3.020	6.396
17.285	1.774e-04	-1.929	2443	3.090	5.897
17.285	2.331e-04	-2.007	2433	3.162	5.430
17.285	3.065e-04	-2.085	2425	3.234	4.998
17.285	4.028e-04	-2.157	2426	3.308	4.593
17.285	5.254e-04	-2.232	2424	3.380	4.224
17.285	6.935e-04	-2.308	2424	3.457	3.868
17.285	9.063e-04	-2.388	2417	3.532	3.549
17.285	1.192e-03	-2.483	2389	3.607	3.255
17.285	1.566e-03	-2.576	2362	3.679	2.994
17.285	2.043e-03	-2.664	2335	3.747	2.768
17.285	2.681e-03	-2.751	2306	3.813	2.568
17.285	3.511e-03	-2.826	2278	3.867	2.412
17.285	4.596e-03	-2.878	2259	3.904	2.312
17.285	6.067e-03	-2.908	2247	3.925	2.256
17.285	7.929e-03	-2.929	2239	3.940	2.218
17.285	1.042e-02	-2.957	2228	3.959	2.170
17.285	1.370e-02	-3.006	2209	3.993	2.087
17.285	1.801e-02	-3.134	2145	4.070	1.908
17.285	2.302e-02	-3.342	2024	4.177	1.688
17.285	2.879e-02	-3.502	1927	4.252	1.549
17.285	3.762e-02	-3.683	1809	4.322	1.428
17.285	4.946e-02	-3.852	1697	4.381	1.335
17.285	6.477e-02	-4.020	1584	4.429	1.263
17.285	8.479e-02	-4.184	1475	4.470	1.205
17.285	1.119e-01	-4.359	1362	4.506	1.156
17.285	1.465e-01	-4.525	1260	4.536	1.116
17.285	1.923e-01	-4.708	1151	4.562	1.083
17.285	2.527e-01	-4.881	1055	4.584	1.057
17.285	3.323e-01	-5.051	967	4.603	1.034
17.285	4.367e-01	-5.225	883	4.619	1.015
17.285	5.765e-01	-5.391	809	4.634	0.998
17.285	7.594e-01	-5.559	740	4.646	0.983
17.285	9.981e-01	-5.712	682	4.658	0.971
17.285	1.312e+00	-5.867	628	4.668	0.959
17.285	1.725e+00	-6.028	575	4.677	0.949
17.285	2.277e+00	-6.190	526	4.686	0.940
17.285	2.980e+00	-6.334	487	4.693	0.932
17.285	3.912e+00	-6.488	447	4.700	0.925
17.285	5.141e+00	-6.628	414	4.706	0.918
17.285	6.759e+00	-6.743	389	4.713	0.911
17.285	8.939e+00	-6.884	360	4.719	0.904
17.809	1.047e-04	-1.765	2467	2.957	6.977
17.809	1.376e-04	-1.841	2457	3.026	6.447
17.809	1.809e-04	-1.918	2448	3.096	5.945
17.809	2.377e-04	-1.996	2438	3.168	5.476
17.809	3.101e-04	-2.073	2429	3.238	5.053
17.809	4.093e-04	-2.146	2431	3.312	4.639
17.809	5.358e-04	-2.220	2430	3.385	4.263
17.809	7.072e-04	-2.296	2430	3.462	3.903
17.809	9.258e-04	-2.373	2428	3.537	3.578
17.809	1.224e-03	-2.470	2400	3.614	3.274
17.809	1.597e-03	-2.560	2374	3.685	3.018
17.809	2.096e-03	-2.650	2346	3.755	2.786
17.809	2.755e-03	-2.734	2319	3.819	2.588
17.809	3.622e-03	-2.805	2293	3.869	2.441
17.809	4.760e-03	-2.848	2277	3.901	2.355
17.809	6.209e-03	-2.872	2269	3.918	2.309
17.809	8.072e-03	-2.892	2261	3.932	2.271
17.809	1.059e-02	-2.924	2248	3.954	2.215
17.809	1.392e-02	-2.985	2224	3.997	2.109
17.809	1.831e-02	-3.155	2140	4.100	1.872
17.809	2.397e-02	-3.368	2015	4.208	1.653
17.809	3.138e-02	-3.548	1903	4.289	1.506
17.809	4.143e-02	-3.728	1784	4.356	1.394
17.809	5.423e-02	-3.882	1683	4.409	1.311
17.809	7.159e-02	-4.055	1565	4.456	1.242
17.809	9.355e-02	-4.215	1460	4.495	1.188
17.809	1.230e-01	-4.384	1351	4.530	1.142
17.809	1.617e-01	-4.553	1247	4.559	1.103
17.809	2.109e-01	-4.733	1140	4.584	1.073
17.809	2.783e-01	-4.905	1045	4.605	1.046
17.809	3.644e-01	-5.072	960	4.623	1.025
17.809	4.782e-01	-5.244	877	4.639	1.006
17.809	6.285e-01	-5.409	804	4.653	0.990
17.809	8.296e-01	-5.579	735	4.666	0.976
17.809	1.086e+00	-5.725	679	4.677	0.964
17.809	1.434e+00	-5.885	624	4.687	0.952
17.809	1.873e+00	-6.047	571	4.696	0.943
17.809	2.473e+00	-6.203	524	4.704	0.934
17.809	3.258e+00	-6.352	483	4.712	0.926
17.809	4.266e+00	-6.505	444	4.718	0.919
17.809	5.584e+00	-6.637	413	4.725	0.912
17.809	7.372e+00	-6.762	386	4.731	0.905
17.809	9.650e+00	-6.894	359	4.737	0.899
18.332	1.000e-04	-1.737	2477	2.948	7.153
18.332	1.309e-04	-1.813	2464	3.015	6.624
18.332	1.728e-04	-1.890	2455	3.086	6.106
18.332	2.263e-04	-1.966	2446	3.156	5.634
18.332	2.946e-04	-2.042	2436	3.225	5.203
18.332	3.889e-04	-2.117	2434	3.298	4.781
18.332	5.091e-04	-2.189	2436	3.371	4.397
18.332	6.720e-04	-2.267	2434	3.447	4.027
18.332	8.797e-04	-2.336	2441	3.523	3.693
18.332	1.145e-03	-2.425	2420	3.596	3.392
18.332	1.512e-03	-2.521	2392	3.671	3.111
18.332	1.976e-03	-2.609	2365	3.741	2.873
18.332	2.577e-03	-2.691	2340	3.804	2.671
18.332	3.402e-03	-2.763	2315	3.857	2.513
18.332	4.453e-03	-2.807	2299	3.889	2.423
18.332	5.878e-03	-2.832	2290	3.907	2.373
18.332	7.682e-03	-2.852	2283	3.921	2.333
18.332	1.014e-02	-2.884	2271	3.944	2.272
18.332	1.327e-02	-2.948	2245	3.989	2.159
18.332	1.731e-02	-3.112	2172	4.095	1.911
18.332	2.233e-02	-3.312	2055	4.199	1.695
18.332	2.934e-02	-3.491	1946	4.283	1.538
18.332	3.827e-02	-3.657	1838	4.350	1.425
18.332	5.052e-02	-3.823	1726	4.407	1.334
18.332	6.614e-02	-3.980	1621	4.455	1.263
18.332	8.747e-02	-4.144	1512	4.498	1.202
18.332	1.155e-01	-4.317	1398	4.534	1.152
18.332	1.511e-01	-4.478	1297	4.565	1.112
18.332	1.995e-01	-4.658	1187	4.592	1.078
18.332	2.628e-01	-4.837	1086	4.615	1.050
18.332	3.454e-01	-5.005	996	4.634	1.027
18.332	4.505e-01	-5.173	913	4.651	1.008
18.332	5.947e-01	-5.342	836	4.666	0.991
18.332	7.785e-01	-5.507	765	4.678	0.976
18.332	1.022e+00	-5.662	705	4.690	0.963
18.332	1.343e+00	-5.814	650	4.700	0.952
18.332	1.766e+00	-5.974	596	4.710	0.941
18.332	2.321e+00	-6.138	545	4.718	0.932
18.332	3.069e+00	-6.288	502	4.726	0.924
18.332	4.003e+00	-6.441	461	4.733	0.917
18.332	5.284e+00	-6.589	425	4.740	0.910
18.332	6.917e+00	-6.699	401	4.746	0.903
18.332	9.131e+00	-6.846	369	4.752	0.897
18.856	1.030e-04	-1.731	2482	2.958	7.174
18.856	1.354e-04	-1.807	2469	3.025	6.639
18.856	1.767e-04	-1.881	2460	3.093	6.145
18.856	2.319e-04	-1.958	2450	3.163	5.668
18.856	3.047e-04	-2.036	2441	3.234	5.220
18.856	3.975e-04	-2.108	2438	3.304	4.815
18.856	5.247e-04	-2.182	2440	3.379	4.418
18.856	6.868e-04	-2.256	2439	3.453	4.057
18.856	9.015e-04	-2.327	2447	3.529	3.718
18.856	1.180e-03	-2.414	2430	3.605	3.408
18.856	1.545e-03	-2.507	2403	3.678	3.133
18.856	2.040e-03	-2.598	2376	3.749	2.885
18.856	2.670e-03	-2.678	2351	3.811	2.687
18.856	3.505e-03	-2.740	2330	3.858	2.546
18.856	4.606e-03	-2.777	2316	3.885	2.469
18.856	6.008e-03	-2.798	2309	3.900	2.426
18.856	7.931e-03	-2.821	2300	3.916	2.380
18.856	1.045e-02	-2.859	2287	3.944	2.305
18.856	1.373e-02	-2.947	2252	4.005	2.148
18.856	1.795e-02	-3.146	2159	4.130	1.861
18.856	2.325e-02	-3.332	2050	4.226	1.666
18.856	3.056e-02	-3.503	1944	4.306	1.520
18.856	4.017e-02	-3.668	1836	4.371	1.411
18.856	5.281e-02	-3.826	1730	4.425	1.325
18.856	6.941e-02	-3.982	1624	4.473	1.254
18.856	9.126e-02	-4.141	1518	4.514	1.196
18.856	1.199e-01	-4.309	1407	4.550	1.147
18.856	1.577e-01	-4.472	1305	4.581	1.107
18.856	2.073e-01	-4.647	1197	4.608	1.073
18.856	2.725e-01	-4.825	1095	4.631	1.045
18.856	3.581e-01	-4.993	1005	4.650	1.022
18.856	4.671e-01	-5.160	922	4.667	1.003
18.856	6.166e-01	-5.331	843	4.682	0.986
18.856	8.072e-01	-5.497	772	4.695	0.971
18.856	1.059e+00	-5.651	711	4.706	0.959
18.856	1.392e+00	-5.802	656	4.717	0.947
18.856	1.831e+00	-5.963	601	4.726	0.937
18.856	2.406e+00	-6.127	549	4.735	0.928
18.856	3.138e+00	-6.270	508	4.742	0.920
18.856	4.143e+00	-6.431	465	4.749	0.912
18.856	5.479e+00	-6.581	428	4.756	0.905
18.856	7.172e+00	-6.691	403	4.762	0.899
18.856	9.467e+00	-6.839	372	4.768	0.892
19.380	1.004e-04	-1.709	2490	2.954	7.307
19.380	1.312e-04	-1.784	2477	3.019	6.776
19.380	1.712e-04	-1.858	2466	3.086	6.278
19.380	2.260e-04	-1.936	2457	3.157	5.784
19.380	2.958e-04	-2.013	2447	3.227	5.337
19.380	3.883e-04	-2.088	2442	3.298	4.915
19.380	5.103e-04	-2.160	2444	3.372	4.518
19.380	6.656e-04	-2.232	2444	3.444	4.156
19.380	8.786e-04	-2.305	2449	3.521	3.803
19.380	1.148e-03	-2.384	2445	3.597	3.487
19.380	1.498e-03	-2.476	2418	3.670	3.206
19.380	1.977e-03	-2.567	2392	3.742	2.950
19.380	2.583e-03	-2.647	2367	3.803	2.749
19.380	3.396e-03	-2.707	2348	3.850	2.605
19.380	4.448e-03	-2.742	2336	3.876	2.529
19.380	5.823e-03	-2.763	2328	3.891	2.486
19.380	7.642e-03	-2.786	2320	3.907	2.438
19.380	1.004e-02	-2.825	2305	3.936	2.360
19.380	1.326e-02	-2.919	2270	4.003	2.184
19.380	1.689e-02	-3.094	2195	4.119	1.911
19.380	2.220e-02	-3.290	2081	4.223	1.695
19.380	2.913e-02	-3.457	1980	4.303	1.546
19.380	3.829e-02	-3.617	1876	4.370	1.432
19.380	5.034e-02	-3.779	1765	4.426	1.342
19.380	6.616e-02	-3.926	1668	4.475	1.269
19.380	8.630e-02	-4.082	1562	4.517	1.209
19.380	1.139e-01	-4.247	1452	4.555	1.157
19.380	1.491e-01	-4.406	1350	4.587	1.115
19.380	1.972e-01	-4.577	1244	4.616	1.078
19.380	2.603e-01	-4.764	1133	4.640	1.049
19.380	3.408e-01	-4.928	1043	4.660	1.025
19.380	4.437e-01	-5.092	958	4.678	1.004
19.380	5.824e-01	-5.259	878	4.693	0.987
19.380	7.627e-01	-5.431	801	4.707	0.972
19.380	9.984e-01	-5.592	735	4.718	0.959
19.380	1.318e+00	-5.738	681	4.729	0.946
19.380	1.743e+00	-5.903	622	4.739	0.935
19.380	2.282e+00	-6.068	569	4.748	0.926
19.380	3.012e+00	-6.220	524	4.756	0.918
19.380	3.943e+00	-6.375	481	4.763	0.910
19.380	5.214e+00	-6.526	443	4.770	0.903
19.380	6.855e+00	-6.649	414	4.776	0.896
19.380	9.066e+00	-6.799	381	4.783	0.890
19.904	1.015e-04	-1.698	2496	2.959	7.364
19.904	1.326e-04	-1.773	2483	3.024	6.831
19.904	1.744e-04	-1.849	2471	3.092	6.319
19.904	2.283e-04	-1.924	2462	3.161	5.838
19.904	2.989e-04	-2.001	2452	3.230	5.387
19.904	3.923e-04	-2.076	2447	3.302	4.963
19.904	5.157e-04	-2.148	2447	3.375	4.563
19.904	6.780e-04	-2.222	2448	3.449	4.188
19.904	8.910e-04	-2.294	2454	3.525	3.839
19.904	1.172e-03	-2.370	2455	3.602	3.512
19.904	1.549e-03	-2.467	2427	3.679	3.214
19.904	2.036e-03	-2.556	2401	3.749	2.965
19.904	2.677e-03	-2.633	2377	3.809	2.767
19.904	3.519e-03	-2.686	2361	3.850	2.641
19.904	4.626e-03	-2.714	2352	3.871	2.576
19.904	6.058e-03	-2.733	2346	3.886	2.533
19.904	7.980e-03	-2.760	2335	3.905	2.477
19.904	1.049e-02	-2.811	2317	3.942	2.375
19.904	1.384e-02	-2.948	2265	4.039	2.123
19.904	1.785e-02	-3.133	2179	4.157	1.854
19.904	2.361e-02	-3.319	2070	4.254	1.659
19.904	3.104e-02	-3.479	1971	4.329	1.520
19.904	4.064e-02	-3.633	1870	4.392	1.414
19.904	5.321e-02	-3.787	1765	4.445	1.330
19.904	7.023e-02	-3.936	1666	4.494	1.257
19.904	9.194e-02	-4.092	1560	4.536	1.198
19.904	1.207e-01	-4.252	1453	4.573	1.149
19.904	1.586e-01	-4.412	1350	4.605	1.107
19.904	2.085e-01	-4.580	1246	4.633	1.071
19.904	2.731e-01	-4.761	1138	4.657	1.043
19.904	3.575e-01	-4.924	1048	4.677	1.019
19.904	4.692e-01	-5.094	960	4.694	0.999
19.904	6.166e-01	-5.261	880	4.710	0.981
19.904	8.093e-01	-5.437	801	4.723	0.966
19.904	1.064e+00	-5.597	736	4.735	0.953
19.904	1.398e+00	-5.741	681	4.746	0.941
19.904	1.838e+00	-5.904	624	4.756	0.930
19.904	2.426e+00	-6.073	569	4.765	0.921
19.904	3.196e+00	-6.227	523	4.773	0.913
19.904	4.200e+00	-6.382	480	4.780	0.905
19.904	5.544e+00	-6.531	443	4.786	0.898
19.904	7.258e+00	-6.650	415	4.793	0.892
19.904	9.599e+00	-6.802	381	4.799	0.885
20.428	1.003e-04	-1.680	2506	2.958	7.464
20.428	1.319e-04	-1.757	2490	3.025	6.916
20.428	1.727e-04	-1.833	2477	3.091	6.409
20.428	2.260e-04	-1.907	2467	3.159	5.925
20.428	2.984e-04	-1.986	2457	3.230	5.457
20.428	3.906e-04	-2.060	2452	3.301	5.032
20.428	5.156e-04	-2.135	2451	3.375	4.622
20.428	6.749e-04	-2.207	2452	3.448	4.250
20.428	8.909e-04	-2.280	2457	3.524	3.891
20.428	1.166e-03	-2.350	2465	3.600	3.566
20.428	1.542e-03	-2.446	2440	3.678	3.261
20.428	2.036e-03	-2.536	2413	3.749	3.004
20.428	2.661e-03	-2.609	2391	3.806	2.813
20.428	3.498e-03	-2.658	2376	3.844	2.692
20.428	4.598e-03	-2.684	2368	3.864	2.632
20.428	5.997e-03	-2.702	2362	3.878	2.589
20.428	7.931e-03	-2.731	2353	3.900	2.525
20.428	1.034e-02	-2.786	2332	3.939	2.413
20.428	1.347e-02	-2.929	2279	4.042	2.144
20.428	1.731e-02	-3.103	2202	4.157	1.879
20.428	2.275e-02	-3.282	2098	4.252	1.684
20.428	2.968e-02	-3.436	2004	4.326	1.545
20.428	3.917e-02	-3.590	1905	4.392	1.432
20.428	5.128e-02	-3.745	1798	4.447	1.345
20.428	6.769e-02	-3.887	1705	4.497	1.270
20.428	8.846e-02	-4.044	1597	4.540	1.209
20.428	1.163e-01	-4.201	1491	4.578	1.157
20.428	1.529e-01	-4.361	1386	4.611	1.113
20.428	2.018e-01	-4.527	1282	4.641	1.075
20.428	2.658e-01	-4.711	1170	4.666	1.045
20.428	3.493e-01	-4.877	1076	4.688	1.020
20.428	4.611e-01	-5.050	985	4.706	0.998
20.428	6.036e-01	-5.216	903	4.722	0.980
20.428	7.968e-01	-5.397	820	4.736	0.964
20.428	1.050e+00	-5.564	751	4.748	0.951
20.428	1.379e+00	-5.703	697	4.759	0.939
20.428	1.824e+00	-5.870	637	4.770	0.928
20.428	2.399e+00	-6.037	582	4.779	0.918
20.428	3.153e+00	-6.193	534	4.787	0.910
20.428	4.161e+00	-6.348	491	4.794	0.902
20.428	5.482e+00	-6.497	452	4.801	0.895
20.428	7.204e+00	-6.624	422	4.807	0.888
20.428	9.528e+00	-6.778	387	4.813	0.882
20.951	1.013e-04	-1.668	2514	2.963	7.517
20.951	1.326e-04	-1.746	2496	3.028	6.978
20.951	1.736e-04	-1.821	2482	3.094	6.468
20.951	2.291e-04	-1.898	2472	3.163	5.970
20.951	3.000e-04	-1.973	2462	3.232	5.513
20.951	3.959e-04	-2.050	2457	3.305	5.072
20.951	5.183e-04	-2.123	2454	3.376	4.673
20.951	6.842e-04	-2.197	2456	3.451	4.287
20.951	8.957e-04	-2.267	2461	3.525	3.936
20.951	1.182e-03	-2.338	2471	3.603	3.598
20.951	1.557e-03	-2.429	2450	3.680	3.294
20.951	2.047e-03	-2.517	2425	3.750	3.040
20.951	2.670e-03	-2.587	2404	3.804	2.854
20.951	3.524e-03	-2.633	2390	3.840	2.741
20.951	4.613e-03	-2.655	2383	3.857	2.686
20.951	6.007e-03	-2.674	2377	3.872	2.641
20.951	7.809e-03	-2.702	2368	3.893	2.576
20.951	1.031e-02	-2.766	2346	3.941	2.440
20.951	1.349e-02	-2.931	2283	4.059	2.128
20.951	1.781e-02	-3.114	2202	4.179	1.855
20.951	2.332e-02	-3.283	2103	4.268	1.673
20.951	3.061e-02	-3.436	2009	4.342	1.537
20.951	4.008e-02	-3.583	1915	4.405	1.429
20.951	5.247e-02	-3.735	1810	4.460	1.342
20.951	6.926e-02	-3.877	1716	4.509	1.268
20.951	9.050e-02	-4.031	1610	4.552	1.207
20.951	1.180e-01	-4.181	1509	4.589	1.156
20.951	1.558e-01	-4.344	1402	4.624	1.111
20.951	2.053e-01	-4.507	1298	4.654	1.073
20.951	2.698e-01	-4.687	1187	4.679	1.042
20.951	3.561e-01	-4.858	1090	4.701	1.017
20.951	4.654e-01	-5.024	1001	4.719	0.995
20.951	6.118e-01	-5.192	917	4.736	0.977
20.951	8.041e-01	-5.373	833	4.750	0.961
20.951	1.061e+00	-5.541	762	4.762	0.947
20.951	1.390e+00	-5.679	708	4.773	0.935
20.951	1.824e+00	-5.841	649	4.783	0.925
20.951	2.397e+00	-6.006	593	4.792	0.915
20.951	3.152e+00	-6.165	544	4.801	0.907
20.951	4.142e+00	-6.317	500	4.808	0.899
20.951	5.446e+00	-6.467	461	4.815	0.892
20.951	7.157e+00	-6.597	429	4.821	0.885
20.951	9.466e+00	-6.754	394	4.827	0.879
23.046	1.025e-04	-1.614	2546	2.973	7.796
23.046	1.353e-04	-1.697	2522	3.039	7.227
23.046	1.768e-04	-1.773	2505	3.103	6.709
23.046	2.325e-04	-1.850	2491	3.170	6.210
23.046	3.055e-04	-1.925	2482	3.239	5.737
23.046	3.985e-04	-1.997	2476	3.308	5.302
23.046	5.260e-04	-2.074	2471	3.381	4.875
23.046	6.874e-04	-2.147	2469	3.452	4.491
23.046	9.038e-04	-2.217	2475	3.526	4.124
23.046	1.188e-03	-2.286	2485	3.602	3.779
23.046	1.549e-03	-2.354	2493	3.676	3.472
23.046	2.045e-03	-2.439	2471	3.745	3.205
23.046	2.673e-03	-2.499	2453	3.793	3.034
23.046	3.514e-03	-2.531	2444	3.818	2.948
23.046	4.601e-03	-2.549	2438	3.833	2.898
23.046	6.061e-03	-2.573	2431	3.851	2.836
23.046	7.966e-03	-2.618	2417	3.886	2.725
23.046	1.047e-02	-2.741	2378	3.981	2.443
23.046	1.377e-02	-2.925	2309	4.114	2.096
23.046	1.817e-02	-3.080	2244	4.219	1.857
23.046	2.375e-02	-3.235	2153	4.303	1.687
23.046	3.097e-02	-3.376	2068	4.373	1.556
23.046	4.065e-02	-3.515	1979	4.436	1.447
23.046	5.343e-02	-3.658	1883	4.492	1.356
23.046	7.025e-02	-3.800	1785	4.542	1.280
23.046	9.233e-02	-3.942	1689	4.588	1.214
23.046	1.214e-01	-4.092	1586	4.628	1.159
23.046	1.595e-01	-4.248	1481	4.664	1.112
23.046	2.098e-01	-4.403	1379	4.696	1.072
23.046	2.757e-01	-4.569	1274	4.724	1.038
23.046	3.646e-01	-4.753	1161	4.748	1.010
23.046	4.794e-01	-4.923	1066	4.768	0.987
23.046	6.300e-01	-5.092	976	4.786	0.967
23.046	8.316e-01	-5.272	888	4.801	0.950
23.046	1.089e+00	-5.440	812	4.814	0.936
23.046	1.429e+00	-5.594	748	4.826	0.924
23.046	1.878e+00	-5.751	688	4.836	0.912
23.046	2.479e+00	-5.909	632	4.846	0.902
23.046	3.265e+00	-6.079	575	4.855	0.893
23.046	4.292e+00	-6.238	528	4.862	0.886
23.046	5.665e+00	-6.385	487	4.869	0.879
23.046	7.462e+00	-6.525	451	4.876	0.872
23.046	9.808e+00	-6.681	413	4.882	0.866
25.142	1.011e-04	-1.561	2579	2.979	8.085
25.142	1.329e-04	-1.641	2554	3.043	7.515
25.142	1.748e-04	-1.722	2529	3.107	6.976
25.142	2.289e-04	-1.799	2513	3.172	6.473
25.142	2.996e-04	-1.874	2500	3.238	6.000
25.142	3.901e-04	-1.944	2495	3.305	5.556
25.142	5.150e-04	-2.020	2489	3.377	5.115
25.142	6.729e-04	-2.094	2484	3.447	4.717
25.142	8.778e-04	-2.163	2486	3.518	4.348
25.142	1.159e-03	-2.231	2496	3.593	3.986
25.142	1.517e-03	-2.297	2506	3.666	3.666
25.142	1.975e-03	-2.356	2513	3.730	3.406
25.142	2.607e-03	-2.409	2501	3.775	3.236
25.142	3.407e-03	-2.435	2493	3.795	3.160
25.142	4.444e-03	-2.454	2488	3.810	3.107
25.142	5.877e-03	-2.483	2479	3.833	3.026
25.142	7.727e-03	-2.545	2461	3.882	2.860
25.142	9.892e-03	-2.693	2415	3.997	2.504
25.142	1.285e-02	-2.854	2357	4.117	2.182
25.142	1.676e-02	-2.993	2304	4.216	1.947
25.142	2.213e-02	-3.136	2233	4.304	1.758
25.142	2.897e-02	-3.276	2149	4.378	1.616
25.142	3.802e-02	-3.407	2069	4.443	1.498
25.142	4.997e-02	-3.542	1981	4.503	1.399
25.142	6.518e-02	-3.680	1886	4.555	1.318
25.142	8.555e-02	-3.816	1793	4.603	1.247
25.142	1.120e-01	-3.955	1698	4.647	1.185
25.142	1.464e-01	-4.098	1598	4.686	1.134
25.142	1.932e-01	-4.254	1491	4.721	1.088
25.142	2.530e-01	-4.405	1392	4.753	1.050
25.142	3.339e-01	-4.579	1280	4.780	1.016
25.142	4.371e-01	-4.755	1172	4.803	0.990
25.142	5.770e-01	-4.927	1074	4.824	0.967
25.142	7.601e-01	-5.098	983	4.841	0.948
25.142	9.990e-01	-5.276	895	4.856	0.932
25.142	1.303e+00	-5.440	820	4.869	0.918
25.142	1.720e+00	-5.598	754	4.880	0.906
25.142	2.266e+00	-5.757	692	4.891	0.895
25.142	2.978e+00	-5.915	635	4.900	0.885
25.142	3.931e+00	-6.092	577	4.909	0.877
25.142	5.146e+00	-6.241	531	4.916	0.870
25.142	6.754e+00	-6.383	492	4.923	0.863
25.142	8.876e+00	-6.522	456	4.929	0.856
27.237	1.032e-04	-1.515	2615	2.993	8.283
27.237	1.362e-04	-1.603	2580	3.057	7.698
27.237	1.784e-04	-1.682	2555	3.119	7.162
27.237	2.354e-04	-1.764	2532	3.185	6.640
27.237	3.101e-04	-1.840	2518	3.252	6.150
27.237	4.076e-04	-1.912	2511	3.319	5.688
27.237	5.316e-04	-1.984	2506	3.387	5.260
27.237	6.978e-04	-2.059	2500	3.458	4.848
27.237	9.171e-04	-2.131	2499	3.530	4.463
27.237	1.196e-03	-2.195	2509	3.601	4.113
27.237	1.579e-03	-2.260	2519	3.672	3.789
27.237	2.067e-03	-2.311	2526	3.728	3.553
27.237	2.713e-03	-2.340	2530	3.760	3.424
27.237	3.566e-03	-2.356	2532	3.777	3.357
27.237	4.651e-03	-2.374	2531	3.795	3.288
27.237	6.151e-03	-2.418	2518	3.830	3.161
27.237	8.087e-03	-2.540	2482	3.926	2.828
27.237	1.063e-02	-2.717	2426	4.064	2.414
27.237	1.403e-02	-2.864	2374	4.173	2.128
27.237	1.833e-02	-2.991	2324	4.264	1.917
27.237	2.411e-02	-3.122	2260	4.346	1.744
27.237	3.168e-02	-3.257	2180	4.418	1.605
27.237	4.132e-02	-3.381	2104	4.481	1.493
27.237	5.455e-02	-3.514	2018	4.541	1.393
27.237	7.141e-02	-3.648	1927	4.594	1.311
27.237	9.426e-02	-3.786	1830	4.644	1.238
27.237	1.232e-01	-3.919	1739	4.687	1.177
27.237	1.607e-01	-4.058	1641	4.727	1.125
27.237	2.121e-01	-4.211	1535	4.764	1.079
27.237	2.776e-01	-4.362	1434	4.795	1.040
27.237	3.672e-01	-4.530	1323	4.825	1.005
27.237	4.847e-01	-4.715	1206	4.849	0.978
27.237	6.345e-01	-4.881	1110	4.869	0.955
27.237	8.327e-01	-5.050	1017	4.887	0.936
27.237	1.090e+00	-5.222	929	4.902	0.919
27.237	1.428e+00	-5.392	849	4.916	0.905
27.237	1.888e+00	-5.559	777	4.928	0.893
27.237	2.463e+00	-5.713	715	4.938	0.882
27.237	3.251e+00	-5.868	658	4.948	0.873
27.237	4.255e+00	-6.045	597	4.956	0.864
27.237	5.617e+00	-6.204	547	4.964	0.857
27.237	7.428e+00	-6.345	507	4.971	0.850
27.237	9.785e+00	-6.489	468	4.977	0.843
29.332	1.019e-04	-1.462	2656	2.999	8.539
29.332	1.338e-04	-1.552	2614	3.061	7.950
29.332	1.752e-04	-1.634	2583	3.122	7.405
29.332	2.293e-04	-1.713	2559	3.185	6.890
29.332	3.027e-04	-1.793	2538	3.251	6.387
29.332	3.988e-04	-1.867	2528	3.318	5.913
29.332	5.241e-04	-1.940	2522	3.386	5.465
29.332	6.890e-04	-2.014	2516	3.456	5.040
29.332	9.056e-04	-2.086	2514	3.528	4.644
29.332	1.181e-03	-2.152	2519	3.597	4.289
29.332	1.559e-03	-2.213	2529	3.665	3.967
29.332	2.041e-03	-2.258	2535	3.714	3.747
29.332	2.694e-03	-2.283	2539	3.741	3.633
29.332	3.527e-03	-2.297	2541	3.756	3.568
29.332	4.629e-03	-2.315	2544	3.777	3.485
29.332	6.084e-03	-2.354	2550	3.820	3.316
29.332	7.879e-03	-2.499	2513	3.939	2.892
29.332	9.811e-03	-2.637	2470	4.047	2.553
29.332	1.282e-02	-2.779	2421	4.155	2.255
29.332	1.667e-02	-2.901	2379	4.246	2.031
29.332	2.174e-02	-3.019	2331	4.328	1.847
29.332	2.853e-02	-3.144	2266	4.405	1.691
29.332	3.750e-02	-3.273	2188	4.474	1.563
29.332	4.891e-02	-3.393	2115	4.535	1.457
29.332	6.420e-02	-3.521	2031	4.592	1.364
29.332	8.438e-02	-3.657	1937	4.645	1.283
29.332	1.114e-01	-3.793	1842	4.694	1.213
29.332	1.455e-01	-3.924	1750	4.737	1.154
29.332	1.914e-01	-4.069	1649	4.777	1.102
29.332	2.515e-01	-4.220	1543	4.813	1.058
29.332	3.307e-01	-4.372	1440	4.845	1.019
29.332	4.346e-01	-4.538	1330	4.873	0.987
29.332	5.748e-01	-4.722	1213	4.897	0.960
29.332	7.497e-01	-4.886	1116	4.917	0.938
29.332	9.896e-01	-5.060	1021	4.935	0.919
29.332	1.304e+00	-5.236	931	4.951	0.902
29.332	1.713e+00	-5.409	849	4.964	0.889
29.332	2.235e+00	-5.570	779	4.975	0.877
29.332	2.933e+00	-5.722	718	4.985	0.867
29.332	3.855e+00	-5.880	659	4.995	0.857
29.332	5.098e+00	-6.082	590	5.003	0.849
29.332	6.742e+00	-6.214	549	5.011	0.842
29.332	8.916e+00	-6.361	506	5.018	0.835
31.427	1.024e-04	-1.416	2695	3.008	8.747
31.427	1.340e-04	-1.506	2650	3.069	8.150
31.427	1.769e-04	-1.597	2608	3.132	7.580
31.427	2.315e-04	-1.676	2582	3.194	7.060
31.427	3.056e-04	-1.757	2559	3.259	6.551
31.427	4.001e-04	-1.830	2546	3.323	6.082
31.427	5.281e-04	-1.905	2536	3.391	5.623
31.427	6.914e-04	-1.977	2531	3.459	5.200
31.427	9.002e-04	-2.045	2529	3.527	4.810
31.427	1.188e-03	-2.114	2532	3.598	4.435
31.427	1.553e-03	-2.171	2538	3.659	4.134
31.427	2.042e-03	-2.210	2544	3.701	3.936
31.427	2.683e-03	-2.229	2547	3.723	3.840
31.427	3.500e-03	-2.243	2549	3.738	3.773
31.427	4.620e-03	-2.264	2552	3.762	3.671
31.427	6.048e-03	-2.313	2560	3.815	3.452
31.427	7.880e-03	-2.468	2540	3.957	2.933
31.427	1.020e-02	-2.622	2491	4.077	2.553
31.427	1.347e-02	-2.761	2445	4.184	2.259
31.427	1.763e-02	-2.881	2403	4.274	2.036
31.427	2.327e-02	-3.000	2355	4.358	1.848
31.427	3.046e-02	-3.117	2299	4.433	1.696
31.427	3.998e-02	-3.243	2224	4.501	1.567
31.427	5.255e-02	-3.365	2150	4.564	1.457
31.427	6.854e-02	-3.486	2072	4.621	1.365
31.427	9.047e-02	-3.619	1980	4.676	1.282
31.427	1.182e-01	-3.752	1886	4.724	1.213
31.427	1.542e-01	-3.880	1797	4.768	1.153
31.427	2.036e-01	-4.024	1694	4.809	1.099
31.427	2.665e-01	-4.169	1591	4.846	1.054
31.427	3.518e-01	-4.321	1486	4.879	1.014
31.427	4.605e-01	-4.480	1379	4.908	0.981
31.427	6.078e-01	-4.664	1259	4.934	0.952
31.427	7.957e-01	-4.830	1159	4.955	0.929
31.427	1.044e+00	-5.000	1062	4.974	0.910
31.427	1.373e+00	-5.173	970	4.990	0.893
31.427	1.805e+00	-5.349	884	5.004	0.879
31.427	2.372e+00	-5.519	807	5.016	0.867
31.427	3.131e+00	-5.680	740	5.026	0.856
31.427	4.124e+00	-5.838	679	5.036	0.846
31.427	5.454e+00	-6.030	611	5.045	0.838
31.427	7.169e+00	-6.172	566	5.052	0.831
31.427	9.350e+00	-6.314	523	5.059	0.825
34.570	1.017e-04	-1.344	2757	3.017	9.077
34.570	1.342e-04	-1.442	2703	3.080	8.436
34.570	1.754e-04	-1.531	2659	3.141	7.867
34.570	2.307e-04	-1.620	2618	3.203	7.326
34.570	3.032e-04	-1.698	2594	3.266	6.817
34.570	3.986e-04	-1.777	2573	3.330	6.331
34.570	5.219e-04	-1.850	2561	3.395	5.876
34.570	6.833e-04	-1.922	2551	3.461	5.446
34.570	8.968e-04	-1.991	2550	3.528	5.038
34.570	1.179e-03	-2.055	2553	3.594	4.669
34.570	1.550e-03	-2.109	2554	3.649	4.384
34.570	2.037e-03	-2.140	2556	3.682	4.223
34.570	2.678e-03	-2.156	2558	3.698	4.142
34.570	3.519e-03	-2.171	2560	3.715	4.063
34.570	4.646e-03	-2.198	2564	3.745	3.923
34.570	6.082e-03	-2.273	2576	3.828	3.567
34.570	8.028e-03	-2.429	2577	3.985	2.978
34.570	1.057e-02	-2.585	2527	4.107	2.589
34.570	1.385e-02	-2.714	2484	4.206	2.308
34.570	1.810e-02	-2.831	2443	4.294	2.087
34.570	2.360e-02	-2.941	2401	4.374	1.904
34.570	3.116e-02	-3.050	2358	4.451	1.741
34.570	4.072e-02	-3.166	2295	4.521	1.607
34.570	5.311e-02	-3.285	2224	4.584	1.494
34.570	6.971e-02	-3.402	2152	4.645	1.394
34.570	9.161e-02	-3.528	2067	4.701	1.306
34.570	1.195e-01	-3.658	1975	4.751	1.232
34.570	1.568e-01	-3.790	1881	4.799	1.167
34.570	2.061e-01	-3.925	1784	4.842	1.110
34.570	2.710e-01	-4.066	1684	4.882	1.060
34.570	3.562e-01	-4.215	1577	4.918	1.017
34.570	4.683e-01	-4.366	1473	4.950	0.981
34.570	6.155e-01	-4.534	1359	4.978	0.949
34.570	8.140e-01	-4.715	1242	5.002	0.923
34.570	1.070e+00	-4.885	1140	5.023	0.901
34.570	1.407e+00	-5.058	1042	5.041	0.883
34.570	1.857e+00	-5.236	949	5.056	0.868
34.570	2.431e+00	-5.410	865	5.069	0.855
34.570	3.208e+00	-5.583	788	5.081	0.843
34.570	4.193e+00	-5.730	729	5.091	0.834
34.570	5.534e+00	-5.910	660	5.100	0.825
34.570	7.245e+00	-6.079	602	5.108	0.818
34.570	9.564e+00	-6.224	556	5.115	0.811
36.665	1.000e-04	-1.294	2800	3.019	9.323
36.665	1.313e-04	-1.392	2744	3.082	8.671
36.665	1.725e-04	-1.486	2694	3.144	8.073
36.665	2.250e-04	-1.574	2651	3.204	7.535
36.665	2.971e-04	-1.659	2618	3.267	7.009
36.665	3.889e-04	-1.735	2597	3.329	6.524
36.665	5.104e-04	-1.812	2578	3.394	6.059
36.665	6.708e-04	-1.886	2566	3.459	5.617
36.665	8.820e-04	-1.954	2563	3.526	5.203
36.665	1.159e-03	-2.016	2566	3.589	4.836
36.665	1.524e-03	-2.065	2567	3.640	4.564
36.665	2.003e-03	-2.093	2568	3.668	4.419
36.665	2.613e-03	-2.107	2569	3.683	4.343
36.665	3.449e-03	-2.125	2569	3.701	4.255
36.665	4.543e-03	-2.156	2572	3.734	4.096
36.665	5.971e-03	-2.246	2586	3.833	3.651
36.665	7.675e-03	-2.372	2606	3.973	3.110
36.665	1.007e-02	-2.525	2562	4.095	2.701
36.665	1.324e-02	-2.657	2518	4.198	2.400
36.665	1.727e-02	-2.773	2478	4.286	2.169
36.665	2.280e-02	-2.886	2437	4.370	1.969
36.665	2.984e-02	-2.991	2396	4.446	1.804
36.665	3.917e-02	-3.098	2350	4.519	1.659
36.665	5.148e-02	-3.219	2279	4.586	1.534
36.665	6.768e-02	-3.337	2207	4.649	1.427
36.665	8.895e-02	-3.456	2131	4.708	1.335
36.665	1.160e-01	-3.580	2047	4.761	1.256
36.665	1.534e-01	-3.719	1945	4.811	1.184
36.665	2.001e-01	-3.843	1858	4.856	1.125
36.665	2.642e-01	-3.989	1750	4.898	1.072
36.665	3.458e-01	-4.126	1653	4.936	1.026
36.665	4.565e-01	-4.279	1545	4.970	0.986
36.665	6.013e-01	-4.437	1435	5.001	0.952
36.665	7.903e-01	-4.617	1313	5.027	0.924
36.665	1.043e+00	-4.787	1206	5.050	0.900
36.665	1.366e+00	-4.957	1106	5.069	0.880
36.665	1.792e+00	-5.131	1010	5.086	0.864
36.665	2.356e+00	-5.309	920	5.100	0.850
36.665	3.097e+00	-5.482	838	5.112	0.838
36.665	4.056e+00	-5.643	769	5.123	0.827
36.665	5.310e+00	-5.807	703	5.132	0.818
36.665	7.009e+00	-5.990	636	5.141	0.810
36.665	9.175e+00	-6.135	588	5.148	0.804
39.807	1.033e-04	-1.243	2851	3.035	9.540
39.807	1.358e-04	-1.342	2793	3.099	8.862
39.807	1.771e-04	-1.437	2739	3.160	8.263
39.807	2.325e-04	-1.529	2691	3.221	7.700
39.807	3.055e-04	-1.617	2651	3.283	7.173
39.807	4.017e-04	-1.696	2625	3.345	6.676
39.807	5.280e-04	-1.774	2603	3.409	6.205
39.807	6.887e-04	-1.847	2588	3.471	5.775
39.807	9.090e-04	-1.915	2583	3.535	5.362
39.807	1.197e-03	-1.971	2584	3.593	5.020
39.807	1.574e-03	-2.009	2586	3.631	4.801
39.807	2.069e-03	-2.028	2586	3.651	4.693
39.807	2.710e-03	-2.042	2587	3.666	4.615
39.807	3.523e-03	-2.063	2587	3.686	4.506
39.807	4.603e-03	-2.107	2589	3.731	4.279
39.807	6.052e-03	-2.231	2604	3.866	3.664
39.807	7.955e-03	-2.356	2624	4.004	3.126
39.807	1.046e-02	-2.493	2594	4.121	2.732
39.807	1.370e-02	-2.619	2552	4.219	2.441
39.807	1.793e-02	-2.734	2511	4.307	2.207
39.807	2.353e-02	-2.843	2472	4.388	2.009
39.807	3.093e-02	-2.948	2432	4.465	1.840
39.807	4.034e-02	-3.046	2395	4.536	1.695
39.807	5.295e-02	-3.156	2339	4.605	1.565
39.807	6.959e-02	-3.275	2268	4.669	1.453
39.807	9.076e-02	-3.387	2199	4.728	1.358
39.807	1.198e-01	-3.513	2114	4.785	1.271
39.807	1.568e-01	-3.642	2021	4.837	1.198
39.807	2.070e-01	-3.776	1924	4.885	1.133
39.807	2.710e-01	-3.909	1827	4.929	1.078
39.807	3.557e-01	-4.046	1727	4.968	1.030
39.807	4.675e-01	-4.193	1622	5.005	0.988
39.807	6.147e-01	-4.342	1516	5.038	0.951
39.807	8.079e-01	-4.511	1399	5.066	0.920
39.807	1.068e+00	-4.689	1281	5.091	0.894
39.807	1.405e+00	-4.859	1176	5.112	0.873
39.807	1.846e+00	-5.034	1074	5.130	0.855
39.807	2.408e+00	-5.207	981	5.145	0.840
39.807	3.179e+00	-5.386	891	5.159	0.827
39.807	4.161e+00	-5.556	814	5.170	0.816
39.807	5.493e+00	-5.724	743	5.181	0.807
39.807	7.235e+00	-5.898	676	5.190	0.798
39.807	9.509e+00	-6.058	619	5.198	0.791
41.903	1.001e-04	-1.191	2895	3.032	9.823
41.903	1.316e-04	-1.292	2835	3.097	9.114
41.903	1.716e-04	-1.388	2779	3.158	8.492
41.903	2.252e-04	-1.483	2726	3.220	7.910
41.903	2.949e-04	-1.571	2684	3.281	7.376
41.903	3.861e-04	-1.655	2648	3.342	6.877
41.903	5.096e-04	-1.733	2626	3.405	6.392
41.903	6.672e-04	-1.810	2604	3.467	5.950
41.903	8.756e-04	-1.876	2597	3.529	5.544
41.903	1.147e-03	-1.930	2596	3.582	5.213
41.903	1.501e-03	-1.966	2597	3.618	5.002
41.903	1.981e-03	-1.984	2598	3.637	4.893
41.903	2.589e-03	-1.998	2598	3.652	4.813
41.903	3.418e-03	-2.021	2599	3.674	4.688
41.903	4.475e-03	-2.069	2600	3.724	4.427
41.903	5.773e-03	-2.192	2610	3.854	3.813
41.903	7.336e-03	-2.301	2628	3.974	3.319
41.903	9.569e-03	-2.415	2633	4.091	2.901
41.903	1.265e-02	-2.550	2588	4.197	2.568
41.903	1.651e-02	-2.666	2549	4.286	2.319
41.903	2.179e-02	-2.779	2508	4.371	2.103
41.903	2.852e-02	-2.882	2470	4.447	1.925
41.903	3.765e-02	-2.984	2432	4.523	1.765
41.903	4.929e-02	-3.083	2392	4.593	1.628
41.903	6.469e-02	-3.197	2329	4.660	1.507
41.903	8.502e-02	-3.313	2258	4.723	1.402
41.903	1.118e-01	-3.429	2185	4.782	1.310
41.903	1.464e-01	-3.553	2100	4.836	1.230
41.903	1.928e-01	-3.689	2000	4.887	1.160
41.903	2.534e-01	-3.816	1908	4.934	1.100
41.903	3.332e-01	-3.962	1799	4.976	1.047
41.903	4.379e-01	-4.093	1705	5.015	1.002
41.903	5.758e-01	-4.243	1596	5.050	0.962
41.903	7.567e-01	-4.398	1486	5.081	0.928
41.903	9.989e-01	-4.575	1364	5.109	0.899
41.903	1.305e+00	-4.739	1258	5.132	0.876
41.903	1.703e+00	-4.906	1155	5.151	0.856
41.903	2.248e+00	-5.086	1052	5.169	0.839
41.903	2.942e+00	-5.263	958	5.183	0.825
41.903	3.862e+00	-5.437	873	5.196	0.813
41.903	5.057e+00	-5.606	797	5.207	0.803
41.903	6.661e+00	-5.779	726	5.217	0.794
41.903	8.755e+00	-5.947	662	5.225	0.786
45.045	1.020e-04	-1.142	2942	3.042	10.065
45.045	1.341e-04	-1.243	2883	3.108	9.328
45.045	1.749e-04	-1.340	2825	3.170	8.683
45.045	2.274e-04	-1.434	2770	3.230	8.103
45.045	2.984e-04	-1.525	2723	3.292	7.550
45.045	3.922e-04	-1.613	2683	3.353	7.034
45.045	5.116e-04	-1.692	2653	3.413	6.565
45.045	6.753e-04	-1.769	2631	3.476	6.110
45.045	8.840e-04	-1.834	2618	3.533	5.722
45.045	1.167e-03	-1.883	2616	3.580	5.420
45.045	1.528e-03	-1.911	2614	3.607	5.256
45.045	2.016e-03	-1.926	2614	3.622	5.163
45.045	2.635e-03	-1.942	2614	3.638	5.071
45.045	3.478e-03	-1.970	2615	3.666	4.906
45.045	4.553e-03	-2.044	2618	3.742	4.499
45.045	6.010e-03	-2.188	2628	3.893	3.781
45.045	7.917e-03	-2.303	2646	4.019	3.268
45.045	1.041e-02	-2.409	2654	4.131	2.873
45.045	1.374e-02	-2.538	2611	4.232	2.558
45.045	1.798e-02	-2.652	2571	4.319	2.314
45.045	2.341e-02	-2.757	2533	4.398	2.113
45.045	3.090e-02	-2.862	2494	4.476	1.931
45.045	4.046e-02	-2.959	2459	4.549	1.776
45.045	5.340e-02	-3.058	2423	4.621	1.635
45.045	6.979e-02	-3.163	2369	4.688	1.514
45.045	9.175e-02	-3.279	2299	4.752	1.406
45.045	1.206e-01	-3.394	2228	4.812	1.312
45.045	1.592e-01	-3.519	2142	4.869	1.229
45.045	2.084e-01	-3.649	2048	4.920	1.159
45.045	2.751e-01	-3.780	1952	4.968	1.096
45.045	3.601e-01	-3.917	1849	5.011	1.043
45.045	4.726e-01	-4.051	1751	5.050	0.997
45.045	6.211e-01	-4.196	1645	5.087	0.956
45.045	8.167e-01	-4.344	1539	5.119	0.921
45.045	1.073e+00	-4.516	1417	5.148	0.891
45.045	1.417e+00	-4.686	1303	5.173	0.866
45.045	1.855e+00	-4.854	1197	5.193	0.846
45.045	2.448e+00	-5.034	1091	5.212	0.828
45.045	3.205e+00	-5.211	994	5.227	0.814
45.045	4.207e+00	-5.387	905	5.240	0.801
45.045	5.529e+00	-5.563	823	5.251	0.791
45.045	7.211e+00	-5.732	751	5.261	0.782
45.045	9.519e+00	-5.898	686	5.270	0.774
47.140	1.007e-04	-1.102	2976	3.042	10.298
47.140	1.324e-04	-1.202	2919	3.109	9.534
47.140	1.727e-04	-1.301	2860	3.172	8.866
47.140	2.279e-04	-1.401	2801	3.236	8.236
47.140	2.984e-04	-1.493	2751	3.297	7.677
47.140	3.938e-04	-1.583	2708	3.360	7.144
47.140	5.147e-04	-1.667	2671	3.419	6.668
47.140	6.713e-04	-1.739	2649	3.478	6.235
47.140	8.862e-04	-1.805	2635	3.534	5.846
47.140	1.167e-03	-1.850	2630	3.575	5.573
47.140	1.534e-03	-1.874	2628	3.598	5.428
47.140	2.001e-03	-1.888	2627	3.612	5.343
47.140	2.641e-03	-1.906	2626	3.629	5.237
47.140	3.480e-03	-1.939	2626	3.662	5.042
47.140	4.573e-03	-2.034	2629	3.759	4.508
47.140	5.943e-03	-2.168	2636	3.898	3.846
47.140	7.811e-03	-2.278	2654	4.019	3.342
47.140	1.027e-02	-2.379	2668	4.130	2.944
47.140	1.345e-02	-2.498	2637	4.228	2.628
47.140	1.760e-02	-2.612	2597	4.316	2.375
47.140	2.292e-02	-2.718	2559	4.396	2.167
47.140	3.009e-02	-2.821	2521	4.473	1.983
47.140	3.940e-02	-2.918	2486	4.546	1.823
47.140	5.149e-02	-3.012	2452	4.616	1.682
47.140	6.716e-02	-3.108	2411	4.683	1.556
47.140	8.814e-02	-3.221	2347	4.749	1.443
47.140	1.158e-01	-3.336	2276	4.811	1.344
47.140	1.523e-01	-3.453	2201	4.869	1.257
47.140	2.002e-01	-3.578	2112	4.923	1.181
47.140	2.632e-01	-3.713	2012	4.973	1.115
47.140	3.459e-01	-3.837	1923	5.019	1.058
47.140	4.566e-01	-3.987	1807	5.061	1.008
47.140	6.015e-01	-4.123	1708	5.099	0.964
47.140	7.905e-01	-4.266	1605	5.133	0.927
47.140	1.043e+00	-4.432	1484	5.165	0.894
47.140	1.375e+00	-4.602	1367	5.191	0.868
47.140	1.807e+00	-4.769	1258	5.214	0.845
47.140	2.375e+00	-4.944	1150	5.233	0.826
47.140	3.122e+00	-5.124	1047	5.250	0.811
47.140	4.121e+00	-5.305	951	5.264	0.797
47.140	5.385e+00	-5.479	867	5.276	0.787
47.140	7.024e+00	-5.647	791	5.286	0.777
47.140	9.271e+00	-5.818	721	5.295	0.769
50.283	1.018e-04	-1.055	3019	3.048	10.558
50.283	1.332e-04	-1.155	2963	3.115	9.773
50.283	1.759e-04	-1.257	2903	3.182	9.048
50.283	2.303e-04	-1.355	2844	3.245	8.416
50.283	3.022e-04	-1.450	2792	3.308	7.834
50.283	3.957e-04	-1.541	2744	3.368	7.305
50.283	5.181e-04	-1.625	2705	3.428	6.821
50.283	6.839e-04	-1.704	2674	3.486	6.377
50.283	8.952e-04	-1.760	2662	3.535	6.028
50.283	1.182e-03	-1.799	2654	3.569	5.799
50.283	1.547e-03	-1.819	2651	3.586	5.685
50.283	2.030e-03	-1.834	2648	3.600	5.597
50.283	2.668e-03	-1.855	2646	3.620	5.468
50.283	3.522e-03	-1.901	2644	3.664	5.198
50.283	4.611e-03	-2.024	2646	3.788	4.505
50.283	6.040e-03	-2.152	2651	3.919	3.874
50.283	7.956e-03	-2.258	2666	4.036	3.388
50.283	1.042e-02	-2.353	2680	4.140	3.005
50.283	1.362e-02	-2.458	2668	4.237	2.688
50.283	1.790e-02	-2.574	2627	4.326	2.425
50.283	2.353e-02	-2.683	2588	4.408	2.206
50.283	3.093e-02	-2.786	2550	4.486	2.018
50.283	4.066e-02	-2.884	2515	4.560	1.853
50.283	5.345e-02	-2.979	2481	4.632	1.706
50.283	7.000e-02	-3.073	2446	4.700	1.576
50.283	9.147e-02	-3.178	2391	4.766	1.461
50.283	1.193e-01	-3.289	2323	4.828	1.361
50.283	1.566e-01	-3.402	2253	4.887	1.271
50.283	2.058e-01	-3.524	2168	4.943	1.192
50.283	2.706e-01	-3.656	2071	4.994	1.123
50.283	3.557e-01	-3.784	1977	5.042	1.064
50.283	4.639e-01	-3.920	1873	5.084	1.013
50.283	6.123e-01	-4.056	1772	5.124	0.968
50.283	8.066e-01	-4.197	1668	5.160	0.929
50.283	1.060e+00	-4.345	1561	5.192	0.894
50.283	1.402e+00	-4.518	1436	5.221	0.865
50.283	1.829e+00	-4.676	1330	5.245	0.842
50.283	2.414e+00	-4.849	1219	5.266	0.822
50.283	3.160e+00	-5.024	1113	5.284	0.805
50.283	4.148e+00	-5.202	1013	5.299	0.791
50.283	5.451e+00	-5.378	922	5.312	0.779
50.283	7.195e+00	-5.555	839	5.323	0.769
50.283	9.478e+00	-5.728	764	5.333	0.761
52.378	1.003e-04	-1.019	3047	3.046	10.800
52.378	1.318e-04	-1.119	2994	3.116	9.974
52.378	1.733e-04	-1.219	2936	3.182	9.237
52.378	2.287e-04	-1.321	2876	3.248	8.565
52.378	2.994e-04	-1.416	2822	3.310	7.974
52.378	3.930e-04	-1.509	2771	3.371	7.430
52.378	5.165e-04	-1.596	2729	3.431	6.933
52.378	6.790e-04	-1.675	2692	3.488	6.499
52.378	8.925e-04	-1.730	2680	3.534	6.164
52.378	1.178e-03	-1.763	2673	3.563	5.960
52.378	1.542e-03	-1.781	2670	3.578	5.856
52.378	2.024e-03	-1.797	2666	3.592	5.762
52.378	2.660e-03	-1.823	2661	3.615	5.614
52.378	3.512e-03	-1.879	2656	3.667	5.285
52.378	4.597e-03	-2.012	2656	3.801	4.532
52.378	6.079e-03	-2.139	2661	3.931	3.901
52.378	7.930e-03	-2.240	2674	4.040	3.442
52.378	1.047e-02	-2.336	2688	4.145	3.049
52.378	1.368e-02	-2.431	2689	4.241	2.731
52.378	1.784e-02	-2.544	2649	4.328	2.470
52.378	2.355e-02	-2.654	2609	4.412	2.243
52.378	3.078e-02	-2.755	2572	4.488	2.055
52.378	4.001e-02	-2.849	2538	4.559	1.893
52.378	5.219e-02	-2.942	2505	4.629	1.746
52.378	6.795e-02	-3.033	2472	4.697	1.615
52.378	8.919e-02	-3.132	2428	4.765	1.494
52.378	1.172e-01	-3.246	2361	4.829	1.386
52.378	1.541e-01	-3.358	2292	4.891	1.292
52.378	2.026e-01	-3.476	2214	4.948	1.210
52.378	2.674e-01	-3.604	2121	5.002	1.136
52.378	3.500e-01	-3.735	2023	5.050	1.075
52.378	4.620e-01	-3.866	1925	5.096	1.020
52.378	6.048e-01	-4.005	1819	5.136	0.975
52.378	7.984e-01	-4.140	1719	5.173	0.934
52.378	1.052e+00	-4.281	1616	5.207	0.898
52.378	1.382e+00	-4.448	1494	5.237	0.868
52.378	1.824e+00	-4.609	1382	5.262	0.842
52.378	2.384e+00	-4.772	1274	5.284	0.821
52.378	3.135e+00	-4.945	1166	5.303	0.804
52.378	4.120e+00	-5.122	1063	5.319	0.789
52.378	5.438e+00	-5.300	967	5.333	0.776
52.378	7.119e+00	-5.470	883	5.345	0.766
52.378	9.344e+00	-5.640	805	5.355	0.757
55.521	1.041e-04	-0.990	3075	3.058	10.967
55.521	1.368e-04	-1.087	3028	3.128	10.121
55.521	1.784e-04	-1.185	2972	3.194	9.385
55.521	2.355e-04	-1.286	2913	3.260	8.695
55.521	3.084e-04	-1.382	2858	3.323	8.089
55.521	4.070e-04	-1.478	2804	3.386	7.525
55.521	5.328e-04	-1.564	2759	3.444	7.038
55.521	6.993e-04	-1.638	2725	3.496	6.629
55.521	9.191e-04	-1.687	2706	3.534	6.344
55.521	1.208e-03	-1.713	2700	3.555	6.190
55.521	1.583e-03	-1.728	2697	3.568	6.096
55.521	2.057e-03	-1.746	2693	3.584	5.990
55.521	2.688e-03	-1.777	2687	3.611	5.803
55.521	3.535e-03	-1.861	2673	3.685	5.329
55.521	4.554e-03	-1.993	2671	3.816	4.584
55.521	5.833e-03	-2.100	2675	3.926	4.038
55.521	7.669e-03	-2.204	2683	4.035	3.563
55.521	1.008e-02	-2.296	2696	4.136	3.172
55.521	1.315e-02	-2.382	2709	4.230	2.848
55.521	1.726e-02	-2.489	2684	4.320	2.565
55.521	2.268e-02	-2.598	2644	4.404	2.328
55.521	2.958e-02	-2.699	2607	4.481	2.132
55.521	3.883e-02	-2.797	2573	4.556	1.956
55.521	5.084e-02	-2.892	2539	4.627	1.802
55.521	6.644e-02	-2.984	2506	4.696	1.664
55.521	8.667e-02	-3.075	2472	4.764	1.540
55.521	1.137e-01	-3.181	2415	4.830	1.427
55.521	1.495e-01	-3.292	2350	4.893	1.327
55.521	1.966e-01	-3.404	2280	4.952	1.239
55.521	2.583e-01	-3.526	2195	5.008	1.162
55.521	3.397e-01	-3.656	2097	5.060	1.095
55.521	4.464e-01	-3.783	2003	5.106	1.038
55.521	5.823e-01	-3.915	1901	5.148	0.989
55.521	7.686e-01	-4.050	1799	5.187	0.946
55.521	1.012e+00	-4.183	1701	5.222	0.908
55.521	1.331e+00	-4.323	1598	5.254	0.875
55.521	1.756e+00	-4.488	1477	5.282	0.847
55.521	2.314e+00	-4.645	1368	5.307	0.824
55.521	3.041e+00	-4.807	1262	5.327	0.805
55.521	4.014e+00	-4.977	1156	5.345	0.788
55.521	5.287e+00	-5.149	1056	5.361	0.774
55.521	6.949e+00	-5.317	966	5.373	0.763
55.521	9.137e+00	-5.482	884	5.384	0.753
57.616	1.040e-04	-0.963	3097	3.059	11.159
57.616	1.367e-04	-1.058	3052	3.130	10.292
57.616	1.797e-04	-1.159	2996	3.198	9.514
57.616	2.353e-04	-1.256	2941	3.263	8.827
57.616	3.080e-04	-1.353	2885	3.326	8.207
57.616	4.043e-04	-1.447	2831	3.388	7.644
57.616	5.294e-04	-1.534	2784	3.446	7.153
57.616	6.919e-04	-1.605	2749	3.495	6.759
57.616	9.097e-04	-1.652	2730	3.530	6.492
57.616	1.191e-03	-1.677	2720	3.548	6.355
57.616	1.557e-03	-1.692	2716	3.561	6.263
57.616	2.031e-03	-1.712	2711	3.578	6.146
57.616	2.680e-03	-1.749	2703	3.610	5.921
57.616	3.509e-03	-1.851	2683	3.699	5.345
57.616	4.493e-03	-1.977	2680	3.822	4.637
57.616	5.931e-03	-2.093	2685	3.941	4.044
57.616	7.764e-03	-2.193	2690	4.045	3.589
57.616	1.025e-02	-2.284	2704	4.145	3.198
57.616	1.342e-02	-2.369	2716	4.238	2.872
57.616	1.747e-02	-2.467	2702	4.326	2.596
57.616	2.306e-02	-2.578	2661	4.411	2.353
57.616	3.019e-02	-2.680	2624	4.489	2.152
57.616	3.984e-02	-2.780	2589	4.565	1.971
57.616	5.207e-02	-2.873	2556	4.637	1.816
57.616	6.846e-02	-2.968	2522	4.707	1.674
57.616	8.998e-02	-3.061	2487	4.776	1.546
57.616	1.183e-01	-3.165	2435	4.844	1.431
57.616	1.555e-01	-3.275	2370	4.907	1.330
57.616	2.044e-01	-3.385	2302	4.967	1.241
57.616	2.687e-01	-3.505	2220	5.023	1.163
57.616	3.532e-01	-3.633	2125	5.075	1.095
57.616	4.643e-01	-3.760	2029	5.123	1.038
57.616	6.104e-01	-3.891	1930	5.166	0.987
57.616	8.022e-01	-4.024	1828	5.204	0.945
57.616	1.053e+00	-4.149	1734	5.239	0.908
57.616	1.384e+00	-4.282	1637	5.271	0.875
57.616	1.819e+00	-4.437	1521	5.299	0.847
57.616	2.391e+00	-4.586	1415	5.323	0.824
57.616	3.157e+00	-4.741	1311	5.344	0.804
57.616	4.132e+00	-4.897	1210	5.362	0.787
57.616	5.454e+00	-5.063	1111	5.378	0.773
57.616	7.185e+00	-5.224	1020	5.391	0.762
57.616	9.409e+00	-5.379	939	5.402	0.752
60.759	1.024e-04	-0.919	3130	3.057	11.492
60.759	1.341e-04	-1.013	3087	3.127	10.601
60.759	1.770e-04	-1.111	3038	3.197	9.776
60.759	2.317e-04	-1.209	2983	3.263	9.060
60.759	3.065e-04	-1.309	2926	3.330	8.391
60.759	4.029e-04	-1.405	2871	3.393	7.809
60.759	5.296e-04	-1.492	2821	3.450	7.311
60.759	6.908e-04	-1.559	2786	3.495	6.940
60.759	9.118e-04	-1.600	2768	3.525	6.706
60.759	1.192e-03	-1.620	2760	3.540	6.588
60.759	1.554e-03	-1.638	2753	3.553	6.491
60.759	2.021e-03	-1.663	2743	3.572	6.354
60.759	2.631e-03	-1.710	2727	3.609	6.087
60.759	3.420e-03	-1.830	2702	3.713	5.399
60.759	4.489e-03	-1.962	2693	3.840	4.667
60.759	5.878e-03	-2.069	2698	3.949	4.114
60.759	7.695e-03	-2.167	2701	4.049	3.666
60.759	1.016e-02	-2.257	2713	4.147	3.277
60.759	1.327e-02	-2.340	2725	4.237	2.952
60.759	1.731e-02	-2.424	2731	4.325	2.669
60.759	2.273e-02	-2.534	2692	4.410	2.421
60.759	2.987e-02	-2.638	2653	4.489	2.209
60.759	3.927e-02	-2.737	2619	4.565	2.024
60.759	5.161e-02	-2.832	2585	4.638	1.860
60.759	6.732e-02	-2.924	2552	4.708	1.718
60.759	8.765e-02	-3.014	2519	4.775	1.590
60.759	1.150e-01	-3.109	2480	4.842	1.471
60.759	1.512e-01	-3.217	2418	4.908	1.365
60.759	1.988e-01	-3.325	2355	4.969	1.271
60.759	2.613e-01	-3.437	2283	5.028	1.189
60.759	3.449e-01	-3.560	2196	5.082	1.116
60.759	4.515e-01	-3.688	2098	5.131	1.056
60.759	5.960e-01	-3.808	2008	5.176	1.002
60.759	7.788e-01	-3.940	1904	5.215	0.958
60.759	1.024e+00	-4.063	1810	5.250	0.920
60.759	1.346e+00	-4.178	1725	5.282	0.887
60.759	1.769e+00	-4.302	1634	5.311	0.858
60.759	2.340e+00	-4.445	1527	5.336	0.833
60.759	3.076e+00	-4.579	1431	5.358	0.813
60.759	4.044e+00	-4.713	1339	5.376	0.796
60.759	5.315e+00	-4.848	1250	5.393	0.781
60.759	7.015e+00	-4.989	1163	5.407	0.768
60.759	9.241e+00	-5.125	1083	5.419	0.757
62.854	1.012e-04	-0.891	3149	3.054	11.723
62.854	1.330e-04	-0.985	3108	3.126	10.794
62.854	1.748e-04	-1.080	3063	3.196	9.961
62.854	2.280e-04	-1.176	3011	3.262	9.233
62.854	3.010e-04	-1.275	2956	3.329	8.549
62.854	3.940e-04	-1.370	2901	3.391	7.961
62.854	5.171e-04	-1.457	2850	3.447	7.457
62.854	6.796e-04	-1.525	2812	3.492	7.081
62.854	8.935e-04	-1.563	2795	3.519	6.863
62.854	1.170e-03	-1.583	2786	3.534	6.748
62.854	1.529e-03	-1.601	2779	3.547	6.645
62.854	2.018e-03	-1.631	2767	3.569	6.479
62.854	2.642e-03	-1.693	2742	3.616	6.144
62.854	3.422e-03	-1.827	2713	3.731	5.377
62.854	4.370e-03	-1.942	2703	3.840	4.744
62.854	5.745e-03	-2.048	2706	3.948	4.188
62.854	7.551e-03	-2.146	2709	4.048	3.734
62.854	9.928e-03	-2.234	2718	4.142	3.350
62.854	1.305e-02	-2.318	2731	4.234	3.015
62.854	1.716e-02	-2.401	2740	4.323	2.720
62.854	2.247e-02	-2.504	2711	4.408	2.468
62.854	2.941e-02	-2.608	2673	4.487	2.253
62.854	3.829e-02	-2.703	2640	4.561	2.069
62.854	5.055e-02	-2.801	2606	4.636	1.899
62.854	6.617e-02	-2.894	2573	4.706	1.751
62.854	8.685e-02	-2.987	2538	4.775	1.616
62.854	1.137e-01	-3.078	2503	4.843	1.496
62.854	1.489e-01	-3.181	2449	4.908	1.388
62.854	1.965e-01	-3.289	2387	4.972	1.290
62.854	2.568e-01	-3.397	2320	5.030	1.206
62.854	3.390e-01	-3.517	2236	5.086	1.131
62.854	4.438e-01	-3.640	2144	5.135	1.068
62.854	5.858e-01	-3.762	2051	5.181	1.014
62.854	7.669e-01	-3.881	1960	5.221	0.968
62.854	9.985e-01	-3.999	1867	5.255	0.931
62.854	1.318e+00	-4.111	1783	5.286	0.898
62.854	1.736e+00	-4.218	1704	5.314	0.869
62.854	2.282e+00	-4.335	1616	5.339	0.844
62.854	3.018e+00	-4.456	1526	5.361	0.824
62.854	3.984e+00	-4.572	1442	5.379	0.806
62.854	5.215e+00	-4.679	1368	5.395	0.792
62.854	6.884e+00	-4.789	1295	5.409	0.780
62.854	9.068e+00	-4.894	1227	5.420	0.769
65.997	1.011e-04	-0.857	3173	3.055	12.002
65.997	1.317e-04	-0.946	3139	3.125	11.077
65.997	1.738e-04	-1.043	3093	3.196	10.200
65.997	2.275e-04	-1.137	3046	3.264	9.434
65.997	3.003e-04	-1.235	2993	3.332	8.728
65.997	3.932e-04	-1.329	2939	3.394	8.125
65.997	5.160e-04	-1.415	2889	3.449	7.623
65.997	6.782e-04	-1.478	2853	3.490	7.271
65.997	8.917e-04	-1.511	2836	3.513	7.082
65.997	1.168e-03	-1.530	2827	3.527	6.974
65.997	1.518e-03	-1.550	2817	3.541	6.860
65.997	1.984e-03	-1.584	2802	3.566	6.668
65.997	2.608e-03	-1.666	2768	3.626	6.219
65.997	3.428e-03	-1.820	2728	3.755	5.359
65.997	4.471e-03	-1.937	2716	3.865	4.722
65.997	5.902e-03	-2.039	2719	3.969	4.190
65.997	7.713e-03	-2.131	2722	4.063	3.762
65.997	1.006e-02	-2.217	2728	4.152	3.396
65.997	1.310e-02	-2.295	2740	4.238	3.075
65.997	1.719e-02	-2.377	2749	4.325	2.781
65.997	2.251e-02	-2.469	2738	4.410	2.522
65.997	2.942e-02	-2.572	2700	4.490	2.302
65.997	3.868e-02	-2.671	2665	4.567	2.106
65.997	5.084e-02	-2.768	2632	4.641	1.934
65.997	6.632e-02	-2.859	2599	4.710	1.785
65.997	8.704e-02	-2.952	2564	4.780	1.647
65.997	1.144e-01	-3.045	2529	4.849	1.522
65.997	1.504e-01	-3.144	2483	4.916	1.409
65.997	1.977e-01	-3.250	2423	4.979	1.310
65.997	2.578e-01	-3.353	2361	5.038	1.224
65.997	3.384e-01	-3.464	2288	5.094	1.148
65.997	4.448e-01	-3.580	2204	5.145	1.082
65.997	5.848e-01	-3.700	2111	5.190	1.027
65.997	7.686e-01	-3.806	2032	5.230	0.981
65.997	1.010e+00	-3.921	1941	5.264	0.943
65.997	1.328e+00	-4.019	1864	5.293	0.912
65.997	1.746e+00	-4.107	1798	5.318	0.887
65.997	2.295e+00	-4.185	1739	5.339	0.866
65.997	2.993e+00	-4.259	1684	5.357	0.848
65.997	3.929e+00	-4.333	1628	5.372	0.833
65.997	5.164e+00	-4.397	1580	5.384	0.822
65.997	6.816e+00	-4.446	1544	5.393	0.814
65.997	8.978e+00	-4.485	1515	5.399	0.808
67.044	1.002e-04	-0.844	3181	3.053	12.128
67.044	1.317e-04	-0.935	3147	3.125	11.159
67.044	1.718e-04	-1.027	3105	3.194	10.310
67.044	2.267e-04	-1.123	3059	3.264	9.510
67.044	2.968e-04	-1.219	3007	3.330	8.815
67.044	3.925e-04	-1.316	2951	3.395	8.182
67.044	5.161e-04	-1.401	2901	3.450	7.677
67.044	6.783e-04	-1.462	2866	3.490	7.335
67.044	8.918e-04	-1.493	2850	3.511	7.154
67.044	1.168e-03	-1.512	2841	3.524	7.047
67.044	1.518e-03	-1.533	2830	3.539	6.928
67.044	1.984e-03	-1.570	2813	3.566	6.720
67.044	2.608e-03	-1.662	2774	3.633	6.217
67.044	3.428e-03	-1.817	2733	3.763	5.354
67.044	4.507e-03	-1.936	2721	3.874	4.715
67.044	5.924e-03	-2.035	2723	3.974	4.200
67.044	7.727e-03	-2.125	2726	4.066	3.778
67.044	1.014e-02	-2.212	2731	4.156	3.406
67.044	1.333e-02	-2.293	2743	4.245	3.076
67.044	1.739e-02	-2.372	2752	4.329	2.789
67.044	2.282e-02	-2.462	2744	4.415	2.529
67.044	2.988e-02	-2.566	2706	4.495	2.306
67.044	3.912e-02	-2.664	2673	4.570	2.113
67.044	5.163e-02	-2.761	2639	4.646	1.938
67.044	6.748e-02	-2.854	2605	4.716	1.787
67.044	8.801e-02	-2.945	2572	4.784	1.652
67.044	1.162e-01	-3.039	2535	4.854	1.525
67.044	1.521e-01	-3.134	2493	4.920	1.413
67.044	2.011e-01	-3.243	2432	4.985	1.311
67.044	2.644e-01	-3.349	2368	5.045	1.223
67.044	3.476e-01	-3.458	2297	5.101	1.147
67.044	4.533e-01	-3.569	2217	5.151	1.083
67.044	5.950e-01	-3.687	2126	5.196	1.029
67.044	7.820e-01	-3.791	2048	5.235	0.984
67.044	1.028e+00	-3.897	1964	5.268	0.946
67.044	1.351e+00	-3.992	1889	5.296	0.917
67.044	1.784e+00	-4.075	1825	5.319	0.893
67.044	2.350e+00	-4.141	1776	5.338	0.873
67.044	3.088e+00	-4.202	1731	5.354	0.858
67.044	4.060e+00	-4.256	1691	5.367	0.845
67.044	5.336e+00	-4.300	1657	5.376	0.836
67.044	7.057e+00	-4.335	1630	5.383	0.829
67.044	9.279e+00	-4.355	1615	5.387	0.826
68.092	1.045e-04	-0.847	3183	3.064	12.062
68.092	1.369e-04	-0.937	3150	3.136	11.111
68.092	1.792e-04	-1.030	3107	3.205	10.255
68.092	2.351e-04	-1.124	3063	3.274	9.475
68.092	3.091e-04	-1.221	3010	3.341	8.775
68.092	4.063e-04	-1.314	2957	3.403	8.166
68.092	5.321e-04	-1.395	2909	3.456	7.687
68.092	6.966e-04	-1.450	2877	3.491	7.377
68.092	9.195e-04	-1.478	2863	3.511	7.214
68.092	1.202e-03	-1.497	2853	3.524	7.108
68.092	1.586e-03	-1.522	2841	3.541	6.966
68.092	2.076e-03	-1.567	2819	3.574	6.711
68.092	2.741e-03	-1.693	2766	3.666	6.032
68.092	3.600e-03	-1.838	2734	3.790	5.228
68.092	4.731e-03	-1.950	2725	3.896	4.628
68.092	6.221e-03	-2.045	2728	3.994	4.135
68.092	8.176e-03	-2.137	2730	4.087	3.716
68.092	1.066e-02	-2.220	2736	4.174	3.362
68.092	1.408e-02	-2.301	2748	4.263	3.035
68.092	1.843e-02	-2.381	2757	4.348	2.751
68.092	2.432e-02	-2.476	2744	4.435	2.491
68.092	3.179e-02	-2.578	2707	4.513	2.276
68.092	4.132e-02	-2.672	2674	4.586	2.091
68.092	5.390e-02	-2.765	2642	4.658	1.925
68.092	7.074e-02	-2.859	2608	4.730	1.773
68.092	9.298e-02	-2.952	2573	4.800	1.636
68.092	1.213e-01	-3.042	2538	4.866	1.516
68.092	1.601e-01	-3.141	2493	4.934	1.402
68.092	2.109e-01	-3.247	2434	4.998	1.303
68.092	2.771e-01	-3.352	2371	5.057	1.216
68.092	3.615e-01	-3.457	2302	5.111	1.143
68.092	4.772e-01	-3.572	2219	5.162	1.078
68.092	6.247e-01	-3.685	2131	5.205	1.025
68.092	8.245e-01	-3.786	2055	5.243	0.982
68.092	1.079e+00	-3.884	1979	5.275	0.947
68.092	1.425e+00	-3.974	1907	5.300	0.919
68.092	1.865e+00	-4.042	1855	5.321	0.898
68.092	2.467e+00	-4.101	1810	5.337	0.881
68.092	3.256e+00	-4.147	1776	5.350	0.868
68.092	4.263e+00	-4.182	1749	5.359	0.859
68.092	5.627e+00	-4.209	1730	5.366	0.852
68.092	7.353e+00	-4.225	1718	5.370	0.848
68.092	9.591e+00	-4.234	1711	5.372	0.846
69.139	1.005e-04	-0.825	3194	3.054	12.299
69.139	1.321e-04	-0.914	3162	3.127	11.314
69.139	1.736e-04	-1.008	3121	3.198	10.423
69.139	2.282e-04	-1.101	3079	3.267	9.623
69.139	3.012e-04	-1.200	3026	3.336	8.895
69.139	3.943e-04	-1.292	2975	3.398	8.281
69.139	5.175e-04	-1.374	2926	3.451	7.785
69.139	6.802e-04	-1.430	2893	3.488	7.463
69.139	8.943e-04	-1.459	2878	3.507	7.298
69.139	1.171e-03	-1.478	2868	3.520	7.190
69.139	1.543e-03	-1.503	2855	3.538	7.047
69.139	2.028e-03	-1.550	2833	3.571	6.785
69.139	2.666e-03	-1.673	2780	3.661	6.114
69.139	3.525e-03	-1.823	2742	3.787	5.288
69.139	4.633e-03	-1.936	2730	3.892	4.685
69.139	6.092e-03	-2.032	2732	3.990	4.189
69.139	7.978e-03	-2.121	2734	4.081	3.772
69.139	1.043e-02	-2.206	2738	4.168	3.412
69.139	1.371e-02	-2.286	2750	4.255	3.085
69.139	1.802e-02	-2.366	2759	4.341	2.794
69.139	2.350e-02	-2.450	2757	4.424	2.540
69.139	3.102e-02	-2.557	2718	4.507	2.310
69.139	4.060e-02	-2.654	2685	4.582	2.117
69.139	5.360e-02	-2.752	2651	4.658	1.941
69.139	7.016e-02	-2.845	2617	4.729	1.789
69.139	9.209e-02	-2.938	2583	4.798	1.651
69.139	1.210e-01	-3.031	2547	4.867	1.526
69.139	1.579e-01	-3.123	2508	4.932	1.416
69.139	2.072e-01	-3.227	2449	4.995	1.316
69.139	2.723e-01	-3.331	2388	5.056	1.228
69.139	3.552e-01	-3.433	2324	5.110	1.153
69.139	4.698e-01	-3.547	2242	5.162	1.086
69.139	6.176e-01	-3.660	2155	5.206	1.033
69.139	8.117e-01	-3.758	2080	5.243	0.990
69.139	1.059e+00	-3.844	2015	5.273	0.955
69.139	1.398e+00	-3.931	1944	5.298	0.928
69.139	1.830e+00	-3.994	1895	5.317	0.909
69.139	2.401e+00	-4.044	1857	5.331	0.894
69.139	3.156e+00	-4.081	1829	5.341	0.884
69.139	4.117e+00	-4.103	1812	5.348	0.877
69.139	5.434e+00	-4.119	1801	5.352	0.872
69.139	7.114e+00	-4.127	1795	5.355	0.870
69.139	9.336e+00	-4.130	1792	5.356	0.869
70.187	1.047e-04	-0.828	3196	3.065	12.232
70.187	1.377e-04	-0.918	3165	3.138	11.253
70.187	1.810e-04	-1.012	3123	3.209	10.368
70.187	2.379e-04	-1.104	3082	3.278	9.572
70.187	3.140e-04	-1.202	3029	3.346	8.851
70.187	4.110e-04	-1.293	2979	3.407	8.250
70.187	5.352e-04	-1.368	2934	3.457	7.793
70.187	7.065e-04	-1.420	2904	3.490	7.500
70.187	9.248e-04	-1.444	2891	3.507	7.357
70.187	1.221e-03	-1.464	2881	3.521	7.243
70.187	1.614e-03	-1.493	2865	3.541	7.075
70.187	2.131e-03	-1.554	2836	3.583	6.739
70.187	2.790e-03	-1.704	2772	3.694	5.934
70.187	3.683e-03	-1.840	2743	3.811	5.182
70.187	4.851e-03	-1.948	2733	3.914	4.606
70.187	6.352e-03	-2.040	2736	4.007	4.136
70.187	8.302e-03	-2.128	2738	4.096	3.733
70.187	1.083e-02	-2.210	2742	4.182	3.384
70.187	1.429e-02	-2.291	2754	4.269	3.058
70.187	1.871e-02	-2.370	2763	4.354	2.775
70.187	2.470e-02	-2.459	2758	4.440	2.514
70.187	3.253e-02	-2.564	2720	4.521	2.290
70.187	4.276e-02	-2.662	2687	4.597	2.096
70.187	5.577e-02	-2.755	2654	4.669	1.930
70.187	7.251e-02	-2.845	2622	4.738	1.783
70.187	9.516e-02	-2.938	2587	4.808	1.645
70.187	1.251e-01	-3.031	2551	4.876	1.521
70.187	1.644e-01	-3.125	2510	4.943	1.408
70.187	2.153e-01	-3.229	2452	5.006	1.310
70.187	2.819e-01	-3.331	2393	5.065	1.224
70.187	3.721e-01	-3.435	2327	5.121	1.147
70.187	4.863e-01	-3.542	2250	5.170	1.085
70.187	6.343e-01	-3.649	2168	5.212	1.034
70.187	8.372e-01	-3.745	2094	5.248	0.991
70.187	1.096e+00	-3.822	2038	5.277	0.959
70.187	1.439e+00	-3.900	1974	5.300	0.934
70.187	1.891e+00	-3.958	1927	5.316	0.917
70.187	2.486e+00	-3.995	1898	5.327	0.905
70.187	3.267e+00	-4.020	1879	5.335	0.897
70.187	4.261e+00	-4.035	1868	5.339	0.893
70.187	5.593e+00	-4.042	1862	5.341	0.891
70.187	7.324e+00	-4.045	1860	5.342	0.890
70.187	9.571e+00	-4.045	1860	5.342	0.890
71.234	1.003e-04	-0.804	3207	3.054	12.487
71.234	1.318e-04	-0.893	3178	3.127	11.484
71.234	1.719e-04	-0.983	3141	3.196	10.601
71.234	2.273e-04	-1.078	3098	3.267	9.765
71.234	2.965e-04	-1.170	3051	3.333	9.051
71.234	3.891e-04	-1.263	3000	3.396	8.418
71.234	5.115e-04	-1.343	2953	3.450	7.918
71.234	6.671e-04	-1.396	2922	3.484	7.612
71.234	8.806e-04	-1.424	2907	3.502	7.450
71.234	1.151e-03	-1.443	2897	3.515	7.339
71.234	1.519e-03	-1.470	2883	3.534	7.182
71.234	1.989e-03	-1.522	2856	3.570	6.891
71.234	2.625e-03	-1.662	2794	3.672	6.130
71.234	3.469e-03	-1.808	2753	3.793	5.333
71.234	4.541e-03	-1.918	2739	3.894	4.748
71.234	5.961e-03	-2.013	2739	3.988	4.259
71.234	7.749e-03	-2.098	2741	4.075	3.852
71.234	1.015e-02	-2.184	2743	4.162	3.486
71.234	1.326e-02	-2.262	2754	4.247	3.163
71.234	1.730e-02	-2.339	2763	4.330	2.875
71.234	2.270e-02	-2.418	2771	4.414	2.609
71.234	2.973e-02	-2.519	2740	4.495	2.376
71.234	3.865e-02	-2.615	2707	4.570	2.179
71.234	5.050e-02	-2.709	2675	4.644	2.003
71.234	6.640e-02	-2.804	2641	4.716	1.842
71.234	8.727e-02	-2.898	2606	4.787	1.698
71.234	1.147e-01	-2.991	2570	4.856	1.568
71.234	1.508e-01	-3.083	2534	4.924	1.451
71.234	1.983e-01	-3.185	2481	4.989	1.346
71.234	2.606e-01	-3.286	2424	5.050	1.255
71.234	3.399e-01	-3.386	2363	5.105	1.177
71.234	4.487e-01	-3.494	2289	5.158	1.108
71.234	5.910e-01	-3.599	2211	5.203	1.052
71.234	7.768e-01	-3.697	2135	5.240	1.008
71.234	1.020e+00	-3.776	2076	5.269	0.974
71.234	1.335e+00	-3.842	2025	5.293	0.949
71.234	1.748e+00	-3.898	1979	5.309	0.931
71.234	2.294e+00	-3.936	1949	5.320	0.920
71.234	3.015e+00	-3.957	1931	5.326	0.913
71.234	3.964e+00	-3.968	1923	5.329	0.910
71.234	5.210e+00	-3.972	1920	5.330	0.909
71.234	6.795e+00	-3.973	1919	5.330	0.908
71.234	9.026e+00	-3.973	1919	5.331	0.908
72.282	1.044e-04	-0.808	3209	3.065	12.419
72.282	1.365e-04	-0.895	3181	3.136	11.442
72.282	1.780e-04	-0.984	3144	3.206	10.563
72.282	2.354e-04	-1.079	3102	3.277	9.730
72.282	3.071e-04	-1.171	3055	3.343	9.022
72.282	4.053e-04	-1.263	3004	3.406	8.389
72.282	5.306e-04	-1.338	2960	3.455	7.923
72.282	7.004e-04	-1.387	2932	3.487	7.643
72.282	9.169e-04	-1.410	2919	3.502	7.505
72.282	1.203e-03	-1.430	2908	3.516	7.388
72.282	1.582e-03	-1.461	2892	3.537	7.209
72.282	2.088e-03	-1.529	2858	3.584	6.830
72.282	2.733e-03	-1.688	2788	3.700	5.976
72.282	3.614e-03	-1.823	2755	3.815	5.236
72.282	4.752e-03	-1.930	2743	3.914	4.671
72.282	6.223e-03	-2.021	2743	4.006	4.204
72.282	8.147e-03	-2.108	2745	4.094	3.798
72.282	1.075e-02	-2.195	2748	4.182	3.432
72.282	1.408e-02	-2.272	2759	4.266	3.115
72.282	1.858e-02	-2.352	2768	4.352	2.821
72.282	2.428e-02	-2.431	2774	4.435	2.565
72.282	3.167e-02	-2.531	2740	4.514	2.342
72.282	4.181e-02	-2.632	2706	4.593	2.139
72.282	5.473e-02	-2.727	2673	4.666	1.966
72.282	7.184e-02	-2.821	2639	4.738	1.810
72.282	9.441e-02	-2.914	2604	4.808	1.669
72.282	1.231e-01	-3.004	2569	4.875	1.546
72.282	1.626e-01	-3.098	2532	4.943	1.429
72.282	2.128e-01	-3.199	2477	5.006	1.329
72.282	2.809e-01	-3.301	2419	5.068	1.238
72.282	3.677e-01	-3.400	2359	5.122	1.162
72.282	4.826e-01	-3.504	2286	5.172	1.098
72.282	6.320e-01	-3.603	2213	5.214	1.046
72.282	8.274e-01	-3.692	2143	5.248	1.006
72.282	1.092e+00	-3.765	2088	5.275	0.975
72.282	1.430e+00	-3.817	2049	5.295	0.953
72.282	1.876e+00	-3.863	2011	5.308	0.938
72.282	2.466e+00	-3.890	1990	5.316	0.930
72.282	3.217e+00	-3.903	1979	5.320	0.926
72.282	4.222e+00	-3.908	1975	5.321	0.924
72.282	5.529e+00	-3.909	1974	5.322	0.924
72.282	7.283e+00	-3.909	1974	5.322	0.924
72.282	9.694e+00	-3.910	1973	5.322	0.924
73.330	1.005e-04	-0.786	3220	3.055	12.657
73.330	1.321e-04	-0.874	3191	3.128	11.637
73.330	1.730e-04	-0.963	3157	3.198	10.727
73.330	2.264e-04	-1.055	3116	3.268	9.906
73.330	2.989e-04	-1.150	3071	3.337	9.148
73.330	3.912e-04	-1.240	3022	3.399	8.517
73.330	5.164e-04	-1.318	2977	3.451	8.021
73.330	6.761e-04	-1.367	2948	3.482	7.736
73.330	8.924e-04	-1.392	2934	3.499	7.588
73.330	1.166e-03	-1.411	2923	3.513	7.471
73.330	1.539e-03	-1.443	2907	3.534	7.289
73.330	2.015e-03	-1.507	2874	3.578	6.927
73.330	2.643e-03	-1.666	2802	3.693	6.070
73.330	3.442e-03	-1.797	2764	3.801	5.357
73.330	4.543e-03	-1.908	2748	3.902	4.771
73.330	5.947e-03	-2.001	2746	3.993	4.295
73.330	7.806e-03	-2.088	2749	4.082	3.879
73.330	1.022e-02	-2.172	2750	4.167	3.516
73.330	1.338e-02	-2.250	2760	4.251	3.192
73.330	1.766e-02	-2.330	2769	4.337	2.892
73.330	2.308e-02	-2.407	2777	4.419	2.630
73.330	3.035e-02	-2.505	2754	4.502	2.392
73.330	3.989e-02	-2.604	2720	4.580	2.186
73.330	5.265e-02	-2.703	2685	4.656	2.002
73.330	6.892e-02	-2.796	2652	4.728	1.844
73.330	9.046e-02	-2.889	2617	4.798	1.700
73.330	1.185e-01	-2.981	2582	4.866	1.572
73.330	1.548e-01	-3.071	2547	4.932	1.457
73.330	2.035e-01	-3.170	2497	4.998	1.352
73.330	2.675e-01	-3.271	2441	5.059	1.260
73.330	3.517e-01	-3.371	2381	5.115	1.181
73.330	4.623e-01	-3.470	2315	5.166	1.113
73.330	6.102e-01	-3.568	2244	5.210	1.059
73.330	7.988e-01	-3.657	2174	5.244	1.018
73.330	1.054e+00	-3.729	2119	5.271	0.987
73.330	1.380e+00	-3.778	2082	5.290	0.966
73.330	1.812e+00	-3.812	2057	5.303	0.952
73.330	2.372e+00	-3.835	2038	5.310	0.943
73.330	3.106e+00	-3.847	2029	5.313	0.940
73.330	4.099e+00	-3.851	2025	5.314	0.939
73.330	5.422e+00	-3.851	2025	5.315	0.938
73.330	7.201e+00	-3.852	2025	5.315	0.938
73.330	9.585e+00	-3.852	2025	5.315	0.938
74.377	1.041e-04	-0.788	3222	3.064	12.606
74.377	1.374e-04	-0.877	3194	3.138	11.578
74.377	1.798e-04	-0.967	3159	3.209	10.674
74.377	2.374e-04	-1.061	3118	3.280	9.834
74.377	3.108e-04	-1.152	3075	3.347	9.107
74.377	4.102e-04	-1.243	3024	3.409	8.475
74.377	5.370e-04	-1.313	2984	3.456	8.028
74.377	7.088e-04	-1.356	2958	3.484	7.773
74.377	9.279e-04	-1.378	2946	3.499	7.643
74.377	1.218e-03	-1.400	2935	3.514	7.515
74.377	1.601e-03	-1.435	2916	3.538	7.306
74.377	2.113e-03	-1.521	2871	3.597	6.824
74.377	2.783e-03	-1.693	2795	3.722	5.911
74.377	3.658e-03	-1.819	2764	3.829	5.226
74.377	4.828e-03	-1.925	2751	3.927	4.671
74.377	6.310e-03	-2.014	2751	4.015	4.218
74.377	8.296e-03	-2.100	2753	4.103	3.812
74.377	1.086e-02	-2.183	2755	4.188	3.459
74.377	1.420e-02	-2.260	2764	4.270	3.145
74.377	1.867e-02	-2.339	2773	4.354	2.855
74.377	2.444e-02	-2.416	2781	4.437	2.596
74.377	3.194e-02	-2.513	2755	4.517	2.367
74.377	4.200e-02	-2.612	2721	4.595	2.164
74.377	5.520e-02	-2.709	2688	4.670	1.985
74.377	7.257e-02	-2.803	2654	4.742	1.826
74.377	9.538e-02	-2.897	2618	4.813	1.684
74.377	1.254e-01	-2.990	2583	4.882	1.555
74.377	1.648e-01	-3.081	2547	4.949	1.440
74.377	2.150e-01	-3.178	2497	5.012	1.340
74.377	2.822e-01	-3.277	2441	5.072	1.250
74.377	3.708e-01	-3.375	2382	5.127	1.173
74.377	4.837e-01	-3.469	2320	5.175	1.110
74.377	6.385e-01	-3.562	2253	5.217	1.058
74.377	8.344e-01	-3.645	2188	5.249	1.020
74.377	1.097e+00	-3.708	2139	5.272	0.992
74.377	1.442e+00	-3.751	2106	5.289	0.974
74.377	1.881e+00	-3.776	2087	5.298	0.963
74.377	2.468e+00	-3.790	2077	5.304	0.957
74.377	3.244e+00	-3.797	2072	5.306	0.954
74.377	4.265e+00	-3.799	2070	5.307	0.953
74.377	5.653e+00	-3.799	2070	5.307	0.953
74.377	7.524e+00	-3.799	2070	5.307	0.953
74.377	1.000e+01	-3.800	2070	5.307	0.953
75.425	1.040e-04	-0.778	3228	3.064	12.696
75.425	1.365e-04	-0.866	3201	3.137	11.680
75.425	1.787e-04	-0.955	3167	3.208	10.765
75.425	2.354e-04	-1.048	3127	3.278	9.922
75.425	3.094e-04	-1.139	3086	3.346	9.176
75.425	4.036e-04	-1.226	3038	3.406	8.564
75.425	5.327e-04	-1.298	2997	3.455	8.100
75.425	6.974e-04	-1.339	2973	3.482	7.853
75.425	9.153e-04	-1.361	2960	3.496	7.720
75.425	1.203e-03	-1.383	2948	3.511	7.588
75.425	1.588e-03	-1.421	2928	3.537	7.366
75.425	2.079e-03	-1.508	2883	3.597	6.875
75.425	2.740e-03	-1.682	2804	3.723	5.948
75.425	3.583e-03	-1.806	2771	3.827	5.278
75.425	4.730e-03	-1.912	2756	3.923	4.722
75.425	6.192e-03	-2.002	2754	4.012	4.265
75.425	8.127e-03	-2.087	2756	4.098	3.860
75.425	1.064e-02	-2.170	2758	4.183	3.504
75.425	1.393e-02	-2.248	2766	4.265	3.185
75.425	1.839e-02	-2.327	2775	4.350	2.888
75.425	2.407e-02	-2.404	2783	4.432	2.628
75.425	3.160e-02	-2.498	2764	4.514	2.392
75.425	4.153e-02	-2.598	2730	4.593	2.185
75.425	5.417e-02	-2.692	2698	4.666	2.009
75.425	7.109e-02	-2.786	2664	4.738	1.849
75.425	9.310e-02	-2.878	2629	4.808	1.706
75.425	1.219e-01	-2.970	2594	4.876	1.577
75.425	1.609e-01	-3.063	2558	4.944	1.458
75.425	2.106e-01	-3.158	2512	5.008	1.354
75.425	2.780e-01	-3.259	2455	5.070	1.262
75.425	3.633e-01	-3.354	2399	5.124	1.185
75.425	4.776e-01	-3.447	2340	5.174	1.119
75.425	6.278e-01	-3.537	2275	5.215	1.067
75.425	8.286e-01	-3.617	2214	5.248	1.028
75.425	1.085e+00	-3.676	2168	5.270	1.002
75.425	1.432e+00	-3.715	2137	5.285	0.985
75.425	1.874e+00	-3.737	2120	5.293	0.976
75.425	2.441e+00	-3.748	2112	5.297	0.971
75.425	3.203e+00	-3.752	2109	5.298	0.970
75.425	4.210e+00	-3.753	2109	5.299	0.969
75.425	5.604e+00	-3.753	2108	5.299	0.969
75.425	7.459e+00	-3.753	2108	5.299	0.969
75.425	9.928e+00	-3.753	2108	5.299	0.969
76.472	1.019e-04	-0.763	3237	3.059	12.861
76.472	1.330e-04	-0.848	3209	3.130	11.852
76.472	1.745e-04	-0.937	3178	3.202	10.914
76.472	2.285e-04	-1.028	3140	3.271	10.073
76.472	2.987e-04	-1.116	3102	3.338	9.326
76.472	3.927e-04	-1.206	3053	3.401	8.677
76.472	5.161e-04	-1.278	3013	3.450	8.203
76.472	6.732e-04	-1.320	2988	3.477	7.945
76.472	8.835e-04	-1.343	2975	3.493	7.806
76.472	1.149e-03	-1.363	2964	3.507	7.681
76.472	1.504e-03	-1.398	2945	3.530	7.476
76.472	1.969e-03	-1.475	2905	3.583	7.034
76.472	2.599e-03	-1.649	2822	3.707	6.097
76.472	3.402e-03	-1.780	2781	3.813	5.402
76.472	4.491e-03	-1.889	2761	3.909	4.832
76.472	5.879e-03	-1.980	2757	3.998	4.365
76.472	7.717e-03	-2.065	2759	4.084	3.952
76.472	1.014e-02	-2.149	2761	4.169	3.584
76.472	1.333e-02	-2.229	2767	4.253	3.254
76.472	1.746e-02	-2.305	2776	4.335	2.960
76.472	2.282e-02	-2.382	2784	4.416	2.696
76.472	3.000e-02	-2.468	2779	4.499	2.450
76.472	3.929e-02	-2.567	2745	4.577	2.239
76.472	5.143e-02	-2.663	2712	4.652	2.055
76.472	6.697e-02	-2.755	2679	4.723	1.894
76.472	8.840e-02	-2.851	2644	4.796	1.742
76.472	1.157e-01	-2.942	2609	4.864	1.610
76.472	1.519e-01	-3.033	2573	4.931	1.490
76.472	1.996e-01	-3.126	2534	4.997	1.382
76.472	2.604e-01	-3.224	2479	5.057	1.289
76.472	3.417e-01	-3.319	2424	5.114	1.208
76.472	4.491e-01	-3.409	2370	5.164	1.139
76.472	5.858e-01	-3.497	2308	5.206	1.086
76.472	7.733e-01	-3.574	2252	5.240	1.044
76.472	1.012e+00	-3.634	2204	5.263	1.017
76.472	1.336e+00	-3.674	2173	5.278	0.999
76.472	1.749e+00	-3.696	2156	5.286	0.990
76.472	2.278e+00	-3.705	2149	5.290	0.986
76.472	2.961e+00	-3.709	2146	5.291	0.984
76.472	3.849e+00	-3.710	2146	5.292	0.984
76.472	5.052e+00	-3.710	2145	5.292	0.984
76.472	6.640e+00	-3.710	2145	5.292	0.984
76.472	8.838e+00	-3.710	2145	5.292	0.984
77.520	1.012e-04	-0.751	3243	3.057	12.977
77.520	1.330e-04	-0.840	3215	3.130	11.929
77.520	1.748e-04	-0.928	3184	3.202	10.979
77.520	2.280e-04	-1.017	3149	3.271	10.143
77.520	3.010e-04	-1.108	3109	3.341	9.364
77.520	3.965e-04	-1.197	3062	3.403	8.713
77.520	5.211e-04	-1.267	3024	3.450	8.252
77.520	6.851e-04	-1.306	3000	3.477	8.003
77.520	9.005e-04	-1.329	2987	3.492	7.869
77.520	1.175e-03	-1.351	2976	3.507	7.733
77.520	1.553e-03	-1.391	2954	3.535	7.490
77.520	2.042e-03	-1.491	2901	3.603	6.924
77.520	2.639e-03	-1.655	2824	3.720	6.048
77.520	3.439e-03	-1.780	2785	3.821	5.384
77.520	4.519e-03	-1.886	2765	3.915	4.833
77.520	5.942e-03	-1.977	2761	4.004	4.364
77.520	7.809e-03	-2.062	2763	4.090	3.953
77.520	1.019e-02	-2.143	2765	4.172	3.597
77.520	1.326e-02	-2.221	2769	4.252	3.279
77.520	1.751e-02	-2.299	2778	4.336	2.976
77.520	2.292e-02	-2.375	2787	4.418	2.709
77.520	3.025e-02	-2.460	2785	4.502	2.460
77.520	3.953e-02	-2.559	2752	4.580	2.249
77.520	5.198e-02	-2.657	2718	4.656	2.060
77.520	6.832e-02	-2.752	2684	4.729	1.893
77.520	8.982e-02	-2.846	2649	4.801	1.744
77.520	1.176e-01	-2.938	2614	4.869	1.611
77.520	1.540e-01	-3.028	2579	4.936	1.492
77.520	2.033e-01	-3.121	2540	5.002	1.382
77.520	2.656e-01	-3.219	2486	5.063	1.290
77.520	3.492e-01	-3.314	2432	5.119	1.208
77.520	4.590e-01	-3.401	2379	5.169	1.141
77.520	6.035e-01	-3.486	2320	5.210	1.088
77.520	7.931e-01	-3.555	2270	5.241	1.050
77.520	1.034e+00	-3.609	2229	5.263	1.024
77.520	1.366e+00	-3.643	2201	5.276	1.009
77.520	1.784e+00	-3.660	2188	5.282	1.002
77.520	2.328e+00	-3.667	2183	5.285	0.999
77.520	3.055e+00	-3.669	2181	5.285	0.998
77.520	4.049e+00	-3.669	2181	5.285	0.998
77.520	5.389e+00	-3.669	2181	5.286	0.998
77.520	7.172e+00	-3.669	2181	5.286	0.998
77.520	9.546e+00	-3.669	2181	5.286	0.998
78.567	1.021e-04	-0.745	3248	3.060	13.026
78.567	1.348e-04	-0.835	3220	3.134	11.959
78.567	1.761e-04	-0.922	3190	3.205	11.025
78.567	2.316e-04	-1.012	3155	3.275	10.161
78.567	3.043e-04	-1.102	3116	3.344	9.394
78.567	4.017e-04	-1.190	3070	3.406	8.743
78.567	5.292e-04	-1.256	3033	3.452	8.295
78.567	6.955e-04	-1.293	3012	3.476	8.063
78.567	9.072e-04	-1.314	3000	3.490	7.935
78.567	1.197e-03	-1.338	2987	3.507	7.784
78.567	1.577e-03	-1.383	2963	3.537	7.516
78.567	2.073e-03	-1.499	2902	3.617	6.855
78.567	2.666e-03	-1.657	2828	3.730	6.020
78.567	3.519e-03	-1.785	2788	3.834	5.344
78.567	4.607e-03	-1.888	2769	3.924	4.813
78.567	6.081e-03	-1.979	2765	4.013	4.345
78.567	7.960e-03	-2.062	2767	4.097	3.945
78.567	1.037e-02	-2.141	2768	4.178	3.594
78.567	1.368e-02	-2.223	2773	4.262	3.263
78.567	1.788e-02	-2.298	2781	4.343	2.973
78.567	2.351e-02	-2.375	2790	4.426	2.703
78.567	3.078e-02	-2.456	2791	4.507	2.462
78.567	4.023e-02	-2.555	2757	4.585	2.250
78.567	5.247e-02	-2.650	2724	4.659	2.067
78.567	6.926e-02	-2.747	2690	4.734	1.896
78.567	9.067e-02	-2.840	2656	4.804	1.749
78.567	1.190e-01	-2.932	2620	4.873	1.615
78.567	1.558e-01	-3.022	2585	4.940	1.496
78.567	2.037e-01	-3.111	2549	5.004	1.389
78.567	2.678e-01	-3.210	2495	5.066	1.294
78.567	3.519e-01	-3.303	2442	5.121	1.213
78.567	4.590e-01	-3.387	2392	5.169	1.148
78.567	6.025e-01	-3.466	2339	5.210	1.096
78.567	7.918e-01	-3.533	2290	5.240	1.058
78.567	1.041e+00	-3.581	2255	5.261	1.034
78.567	1.368e+00	-3.610	2231	5.272	1.020
78.567	1.785e+00	-3.624	2220	5.277	1.014
78.567	2.342e+00	-3.629	2216	5.279	1.012
78.567	3.079e+00	-3.630	2215	5.280	1.011
78.567	4.098e+00	-3.631	2215	5.280	1.011
78.567	5.454e+00	-3.631	2215	5.280	1.011
78.567	7.259e+00	-3.631	2215	5.280	1.011
78.567	9.662e+00	-3.631	2215	5.280	1.011
80.663	1.034e-04	-0.732	3259	3.063	13.145
80.663	1.365e-04	-0.822	3230	3.138	12.066
80.663	1.784e-04	-0.907	3202	3.208	11.124
80.663	2.326e-04	-0.994	3170	3.277	10.275
80.663	3.077e-04	-1.085	3131	3.347	9.482
80.663	4.045e-04	-1.168	3090	3.407	8.844
80.663	5.317e-04	-1.231	3055	3.450	8.418
80.663	7.018e-04	-1.265	3037	3.473	8.199
80.663	9.171e-04	-1.285	3025	3.487	8.069
80.663	1.211e-03	-1.312	3011	3.506	7.899
80.663	1.595e-03	-1.363	2983	3.541	7.582
80.663	2.088e-03	-1.502	2909	3.636	6.794
80.663	2.751e-03	-1.666	2832	3.754	5.934
80.663	3.615e-03	-1.786	2796	3.851	5.305
80.663	4.753e-03	-1.888	2777	3.941	4.786
80.663	6.225e-03	-1.975	2772	4.025	4.343
80.663	8.149e-03	-2.056	2774	4.108	3.949
80.663	1.070e-02	-2.138	2775	4.190	3.593
80.663	1.406e-02	-2.217	2778	4.272	3.269
80.663	1.848e-02	-2.294	2787	4.354	2.975
80.663	2.429e-02	-2.371	2796	4.436	2.707
80.663	3.168e-02	-2.447	2802	4.515	2.470
80.663	4.182e-02	-2.549	2767	4.596	2.250
80.663	5.475e-02	-2.645	2734	4.672	2.063
80.663	7.227e-02	-2.742	2700	4.746	1.893
80.663	9.444e-02	-2.834	2665	4.816	1.747
80.663	1.232e-01	-2.924	2631	4.884	1.617
80.663	1.617e-01	-3.015	2595	4.951	1.496
80.663	2.117e-01	-3.103	2560	5.015	1.390
80.663	2.772e-01	-3.198	2509	5.075	1.297
80.663	3.658e-01	-3.290	2457	5.131	1.216
80.663	4.789e-01	-3.370	2409	5.177	1.154
80.663	6.286e-01	-3.438	2367	5.214	1.105
80.663	8.261e-01	-3.495	2326	5.240	1.072
80.663	1.086e+00	-3.531	2300	5.257	1.052
80.663	1.422e+00	-3.549	2287	5.265	1.042
80.663	1.859e+00	-3.557	2281	5.268	1.038
80.663	2.425e+00	-3.559	2279	5.269	1.037
80.663	3.220e+00	-3.560	2279	5.270	1.036
80.663	4.286e+00	-3.560	2279	5.270	1.036
80.663	5.705e+00	-3.560	2279	5.270	1.036
80.663	7.594e+00	-3.560	2279	5.270	1.036
80.663	1.000e+01	-3.560	2279	5.270	1.036
81.710	1.008e-04	-0.715	3267	3.056	13.334
81.710	1.323e-04	-0.803	3239	3.129	12.259
81.710	1.739e-04	-0.891	3211	3.202	11.280
81.710	2.286e-04	-0.979	3180	3.273	10.391
81.710	3.005e-04	-1.068	3142	3.342	9.604
81.710	3.950e-04	-1.150	3104	3.403	8.950
81.710	5.192e-04	-1.214	3069	3.447	8.509
81.710	6.826e-04	-1.248	3050	3.470	8.285
81.710	8.939e-04	-1.269	3038	3.484	8.151
81.710	1.178e-03	-1.295	3024	3.502	7.982
81.710	1.548e-03	-1.345	2998	3.537	7.670
81.710	2.043e-03	-1.486	2922	3.634	6.860
81.710	2.691e-03	-1.651	2843	3.751	5.993
81.710	3.537e-03	-1.773	2802	3.848	5.361
81.710	4.650e-03	-1.875	2781	3.937	4.838
81.710	6.089e-03	-1.963	2776	4.021	4.394
81.710	7.972e-03	-2.044	2777	4.103	3.998
81.710	1.052e-02	-2.126	2779	4.186	3.631
81.710	1.375e-02	-2.205	2780	4.266	3.312
81.710	1.794e-02	-2.279	2789	4.345	3.024
81.710	2.368e-02	-2.356	2797	4.428	2.749
81.710	3.099e-02	-2.432	2806	4.509	2.505
81.710	4.091e-02	-2.531	2778	4.590	2.280
81.710	5.389e-02	-2.630	2743	4.668	2.086
81.710	7.057e-02	-2.724	2710	4.741	1.918
81.710	9.239e-02	-2.817	2675	4.811	1.768
81.710	1.203e-01	-2.907	2641	4.879	1.636
81.710	1.588e-01	-2.999	2605	4.947	1.512
81.710	2.075e-01	-3.086	2571	5.011	1.405
81.710	2.707e-01	-3.178	2524	5.071	1.311
81.710	3.573e-01	-3.270	2472	5.127	1.230
81.710	4.677e-01	-3.349	2425	5.173	1.166
81.710	6.174e-01	-3.415	2387	5.211	1.116
81.710	8.082e-01	-3.469	2349	5.237	1.083
81.710	1.067e+00	-3.503	2323	5.253	1.064
81.710	1.397e+00	-3.520	2311	5.260	1.054
81.710	1.818e+00	-3.526	2307	5.263	1.051
81.710	2.387e+00	-3.528	2306	5.264	1.050
81.710	3.137e+00	-3.529	2305	5.264	1.050
81.710	4.141e+00	-3.529	2305	5.264	1.050
81.710	5.511e+00	-3.529	2305	5.264	1.050
81.710	7.335e+00	-3.529	2305	5.264	1.050
81.710	9.763e+00	-3.529	2305	5.264	1.049
83.805	1.003e-04	-0.697	3277	3.055	13.525
83.805	1.316e-04	-0.785	3251	3.128	12.432
83.805	1.729e-04	-0.872	3223	3.201	11.438
83.805	2.256e-04	-0.957	3195	3.270	10.561
83.805	2.961e-04	-1.044	3160	3.338	9.761
83.805	3.891e-04	-1.125	3124	3.399	9.099
83.805	5.076e-04	-1.185	3093	3.442	8.665
83.805	6.700e-04	-1.219	3074	3.465	8.436
83.805	8.755e-04	-1.239	3062	3.479	8.299
83.805	1.138e-03	-1.265	3049	3.497	8.132
83.805	1.485e-03	-1.313	3024	3.531	7.821
83.805	1.960e-03	-1.454	2948	3.628	6.996
83.805	2.581e-03	-1.621	2864	3.745	6.111
83.805	3.393e-03	-1.747	2816	3.841	5.470
83.805	4.425e-03	-1.846	2795	3.927	4.956
83.805	5.808e-03	-1.936	2785	4.011	4.502
83.805	7.634e-03	-2.019	2783	4.093	4.096
83.805	1.004e-02	-2.099	2785	4.174	3.729
83.805	1.314e-02	-2.178	2786	4.254	3.401
83.805	1.718e-02	-2.254	2792	4.333	3.105
83.805	2.258e-02	-2.330	2800	4.414	2.828
83.805	2.957e-02	-2.405	2809	4.495	2.579
83.805	3.865e-02	-2.490	2799	4.574	2.353
83.805	5.101e-02	-2.591	2765	4.653	2.148
83.805	6.678e-02	-2.686	2731	4.727	1.973
83.805	8.765e-02	-2.780	2697	4.799	1.816
83.805	1.152e-01	-2.873	2661	4.869	1.675
83.805	1.515e-01	-2.965	2626	4.938	1.548
83.805	1.991e-01	-3.054	2591	5.003	1.436
83.805	2.617e-01	-3.142	2552	5.065	1.337
83.805	3.440e-01	-3.233	2500	5.121	1.254
83.805	4.487e-01	-3.310	2456	5.167	1.190
83.805	5.922e-01	-3.374	2418	5.204	1.140
83.805	7.753e-01	-3.418	2392	5.229	1.107
83.805	1.023e+00	-3.449	2371	5.245	1.087
83.805	1.340e+00	-3.464	2360	5.251	1.079
83.805	1.758e+00	-3.469	2356	5.254	1.076
83.805	2.311e+00	-3.470	2355	5.254	1.075
83.805	3.014e+00	-3.470	2355	5.254	1.075
83.805	3.979e+00	-3.470	2355	5.254	1.075
83.805	5.285e+00	-3.471	2355	5.254	1.075
83.805	7.034e+00	-3.471	2355	5.254	1.075
83.805	9.363e+00	-3.471	2355	5.255	1.075
85.900	1.029e-04	-0.691	3283	3.062	13.581
85.900	1.348e-04	-0.776	3259	3.135	12.493
85.900	1.764e-04	-0.862	3231	3.206	11.507
85.900	2.297e-04	-0.945	3205	3.275	10.630
85.900	3.015e-04	-1.031	3173	3.343	9.829
85.900	3.963e-04	-1.109	3138	3.402	9.181
85.900	5.210e-04	-1.164	3112	3.442	8.767
85.900	6.847e-04	-1.193	3095	3.463	8.564
85.900	8.931e-04	-1.214	3084	3.477	8.424
85.900	1.179e-03	-1.245	3067	3.498	8.219
85.900	1.553e-03	-1.309	3035	3.544	7.796
85.900	2.041e-03	-1.476	2945	3.659	6.833
85.900	2.699e-03	-1.634	2867	3.770	6.012
85.900	3.521e-03	-1.751	2822	3.860	5.420
85.900	4.647e-03	-1.851	2801	3.947	4.902
85.900	6.084e-03	-1.939	2791	4.028	4.465
85.900	8.031e-03	-2.022	2790	4.111	4.062
85.900	1.051e-02	-2.100	2792	4.190	3.707
85.900	1.380e-02	-2.179	2793	4.270	3.381
85.900	1.807e-02	-2.255	2798	4.349	3.087
85.900	2.365e-02	-2.329	2806	4.428	2.818
85.900	3.122e-02	-2.406	2815	4.511	2.563
85.900	4.087e-02	-2.491	2807	4.591	2.338
85.900	5.406e-02	-2.593	2772	4.670	2.133
85.900	7.051e-02	-2.686	2739	4.743	1.962
85.900	9.254e-02	-2.781	2704	4.815	1.806
85.900	1.203e-01	-2.870	2670	4.882	1.671
85.900	1.564e-01	-2.957	2636	4.947	1.550
85.900	2.048e-01	-3.044	2601	5.011	1.440
85.900	2.681e-01	-3.128	2566	5.072	1.343
85.900	3.539e-01	-3.218	2516	5.127	1.260
85.900	4.633e-01	-3.290	2475	5.171	1.198
85.900	6.115e-01	-3.348	2441	5.205	1.153
85.900	8.006e-01	-3.385	2420	5.226	1.125
85.900	1.057e+00	-3.405	2408	5.238	1.109
85.900	1.381e+00	-3.414	2403	5.243	1.103
85.900	1.816e+00	-3.417	2401	5.245	1.101
85.900	2.406e+00	-3.417	2400	5.245	1.100
85.900	3.203e+00	-3.418	2400	5.245	1.100
85.900	4.263e+00	-3.418	2400	5.245	1.100
85.900	5.674e+00	-3.418	2400	5.245	1.100
85.900	7.552e+00	-3.418	2400	5.245	1.100
85.900	1.000e+01	-3.418	2400	5.245	1.100
87.996	1.036e-04	-0.679	3290	3.064	13.716
87.996	1.356e-04	-0.762	3269	3.137	12.617
87.996	1.773e-04	-0.848	3242	3.208	11.626
87.996	2.312e-04	-0.930	3217	3.277	10.735
87.996	3.035e-04	-1.014	3187	3.345	9.929
87.996	3.988e-04	-1.091	3154	3.403	9.289
87.996	5.244e-04	-1.140	3132	3.440	8.894
87.996	6.892e-04	-1.167	3117	3.460	8.700
87.996	8.989e-04	-1.189	3105	3.474	8.554
87.996	1.189e-03	-1.223	3087	3.498	8.322
87.996	1.563e-03	-1.298	3050	3.552	7.822
87.996	2.038e-03	-1.471	2956	3.671	6.821
87.996	2.674e-03	-1.620	2881	3.776	6.047
87.996	3.514e-03	-1.741	2833	3.866	5.446
87.996	4.620e-03	-1.838	2812	3.951	4.941
87.996	6.073e-03	-1.927	2799	4.032	4.501
87.996	7.984e-03	-2.009	2796	4.112	4.105
87.996	1.049e-02	-2.087	2798	4.192	3.745
87.996	1.369e-02	-2.164	2799	4.269	3.426
87.996	1.796e-02	-2.241	2802	4.348	3.128
87.996	2.361e-02	-2.316	2811	4.428	2.852
87.996	3.080e-02	-2.389	2819	4.506	2.606
87.996	4.042e-02	-2.468	2822	4.587	2.375
87.996	5.312e-02	-2.568	2788	4.666	2.170
87.996	6.984e-02	-2.665	2754	4.741	1.989
87.996	9.146e-02	-2.758	2719	4.813	1.831
87.996	1.197e-01	-2.850	2684	4.882	1.691
87.996	1.572e-01	-2.941	2649	4.950	1.564
87.996	2.065e-01	-3.028	2615	5.015	1.451
87.996	2.694e-01	-3.109	2583	5.074	1.356
87.996	3.556e-01	-3.195	2536	5.128	1.274
87.996	4.655e-01	-3.264	2497	5.171	1.213
87.996	6.062e-01	-3.315	2467	5.201	1.172
87.996	7.956e-01	-3.348	2448	5.220	1.146
87.996	1.042e+00	-3.365	2438	5.230	1.133
87.996	1.361e+00	-3.371	2435	5.234	1.128
87.996	1.776e+00	-3.373	2433	5.235	1.127
87.996	2.359e+00	-3.373	2433	5.235	1.126
87.996	3.140e+00	-3.374	2433	5.235	1.126
87.996	4.179e+00	-3.374	2433	5.235	1.126
87.996	5.562e+00	-3.374	2433	5.235	1.126
87.996	7.403e+00	-3.374	2433	5.235	1.126
87.996	9.853e+00	-3.374	2433	5.235	1.126
90.091	1.017e-04	-0.660	3297	3.059	13.952
90.091	1.332e-04	-0.740	3282	3.132	12.835
90.091	1.744e-04	-0.827	3254	3.204	11.819
90.091	2.289e-04	-0.911	3229	3.275	10.892
90.091	3.009e-04	-0.994	3202	3.343	10.070
90.091	3.971e-04	-1.070	3170	3.401	9.418
90.091	5.199e-04	-1.117	3149	3.437	9.038
90.091	6.862e-04	-1.142	3138	3.456	8.844
90.091	8.968e-04	-1.163	3127	3.471	8.687
90.091	1.179e-03	-1.200	3107	3.496	8.439
90.091	1.550e-03	-1.282	3066	3.556	7.877
90.091	2.046e-03	-1.465	2968	3.682	6.816
90.091	2.695e-03	-1.613	2892	3.786	6.048
90.091	3.541e-03	-1.733	2843	3.875	5.458
90.091	4.656e-03	-1.829	2821	3.958	4.960
90.091	6.120e-03	-1.918	2806	4.038	4.524
90.091	7.982e-03	-1.997	2802	4.115	4.141
90.091	1.054e-02	-2.076	2804	4.195	3.776
90.091	1.379e-02	-2.154	2805	4.273	3.452
90.091	1.810e-02	-2.231	2807	4.351	3.154
90.091	2.379e-02	-2.305	2815	4.431	2.878
90.091	3.103e-02	-2.378	2824	4.509	2.631
90.091	4.096e-02	-2.454	2834	4.591	2.393
90.091	5.396e-02	-2.555	2799	4.671	2.183
90.091	7.092e-02	-2.652	2765	4.746	2.001
90.091	9.251e-02	-2.745	2731	4.817	1.844
90.091	1.214e-01	-2.837	2696	4.887	1.701
90.091	1.590e-01	-2.927	2661	4.954	1.575
90.091	2.081e-01	-3.013	2628	5.018	1.463
90.091	2.732e-01	-3.093	2596	5.078	1.366
90.091	3.590e-01	-3.173	2556	5.130	1.286
90.091	4.721e-01	-3.240	2517	5.171	1.227
90.091	6.204e-01	-3.287	2490	5.199	1.188
90.091	8.157e-01	-3.315	2474	5.216	1.166
90.091	1.068e+00	-3.327	2467	5.223	1.156
90.091	1.396e+00	-3.331	2465	5.225	1.153
90.091	1.815e+00	-3.332	2464	5.226	1.152
90.091	2.367e+00	-3.332	2464	5.226	1.152
90.091	3.144e+00	-3.332	2464	5.226	1.152
90.091	4.185e+00	-3.332	2464	5.226	1.152
90.091	5.570e+00	-3.333	2464	5.226	1.152
90.091	7.413e+00	-3.333	2464	5.226	1.151
90.091	9.867e+00	-3.333	2464	5.226	1.151
92.186	1.019e-04	-0.647	3304	3.060	14.102
92.186	1.327e-04	-0.724	3292	3.131	12.998
92.186	1.752e-04	-0.813	3264	3.205	11.937
92.186	2.293e-04	-0.896	3240	3.275	11.010
92.186	3.010e-04	-0.977	3214	3.343	10.187
92.186	3.942e-04	-1.048	3186	3.398	9.555
92.186	5.160e-04	-1.094	3166	3.433	9.182
92.186	6.811e-04	-1.118	3155	3.451	8.989
92.186	8.901e-04	-1.139	3146	3.467	8.826
92.186	1.175e-03	-1.178	3126	3.495	8.549
92.186	1.548e-03	-1.273	3080	3.564	7.895
92.186	2.001e-03	-1.445	2987	3.683	6.887
92.186	2.606e-03	-1.588	2912	3.782	6.144
92.186	3.426e-03	-1.709	2859	3.871	5.547
92.186	4.468e-03	-1.804	2833	3.950	5.060
92.186	5.898e-03	-1.896	2815	4.031	4.612
92.186	7.708e-03	-1.976	2809	4.107	4.223
92.186	1.005e-02	-2.051	2810	4.183	3.870
92.186	1.327e-02	-2.130	2811	4.263	3.531
92.186	1.737e-02	-2.208	2810	4.340	3.230
92.186	2.293e-02	-2.283	2818	4.420	2.946
92.186	2.997e-02	-2.356	2826	4.498	2.693
92.186	3.940e-02	-2.429	2839	4.579	2.454
92.186	5.160e-02	-2.521	2819	4.658	2.240
92.186	6.754e-02	-2.617	2785	4.734	2.054
92.186	8.865e-02	-2.713	2750	4.807	1.887
92.186	1.161e-01	-2.805	2715	4.877	1.741
92.186	1.520e-01	-2.895	2680	4.945	1.611
92.186	2.006e-01	-2.984	2646	5.011	1.493
92.186	2.626e-01	-3.064	2615	5.070	1.394
92.186	3.447e-01	-3.138	2583	5.123	1.312
92.186	4.530e-01	-3.205	2544	5.164	1.251
92.186	5.909e-01	-3.250	2518	5.192	1.212
92.186	7.755e-01	-3.277	2503	5.208	1.190
92.186	1.016e+00	-3.289	2496	5.215	1.180
92.186	1.327e+00	-3.293	2494	5.217	1.177
92.186	1.731e+00	-3.293	2493	5.218	1.176
92.186	2.254e+00	-3.294	2493	5.218	1.176
92.186	2.975e+00	-3.294	2493	5.218	1.176
92.186	3.952e+00	-3.294	2493	5.218	1.176
92.186	5.260e+00	-3.294	2493	5.218	1.176
92.186	7.001e+00	-3.294	2493	5.218	1.176
92.186	9.318e+00	-3.294	2493	5.218	1.176
94.281	1.009e-04	-0.631	3311	3.058	14.300
94.281	1.327e-04	-0.711	3299	3.131	13.145
94.281	1.744e-04	-0.797	3274	3.204	12.087
94.281	2.293e-04	-0.881	3250	3.275	11.133
94.281	3.014e-04	-0.961	3226	3.343	10.302
94.281	3.962e-04	-1.030	3201	3.398	9.669
94.281	5.208e-04	-1.073	3182	3.431	9.310
94.281	6.793e-04	-1.095	3172	3.447	9.131
94.281	8.966e-04	-1.118	3161	3.465	8.951
94.281	1.181e-03	-1.158	3144	3.495	8.643
94.281	1.552e-03	-1.268	3090	3.575	7.883
94.281	1.992e-03	-1.433	3002	3.689	6.914
94.281	2.629e-03	-1.581	2923	3.791	6.147
94.281	3.442e-03	-1.698	2871	3.877	5.567
94.281	4.544e-03	-1.799	2841	3.960	5.064
94.281	5.948e-03	-1.888	2822	4.037	4.633
94.281	7.851e-03	-1.970	2816	4.115	4.232
94.281	1.028e-02	-2.046	2816	4.192	3.877
94.281	1.357e-02	-2.125	2817	4.271	3.540
94.281	1.773e-02	-2.202	2816	4.347	3.242
94.281	2.331e-02	-2.276	2823	4.425	2.962
94.281	3.053e-02	-2.349	2831	4.504	2.706
94.281	3.996e-02	-2.420	2844	4.583	2.471
94.281	5.275e-02	-2.511	2829	4.665	2.249
94.281	6.948e-02	-2.610	2794	4.742	2.057
94.281	9.099e-02	-2.705	2759	4.815	1.891
94.281	1.191e-01	-2.797	2725	4.885	1.745
94.281	1.572e-01	-2.889	2689	4.954	1.611
94.281	2.058e-01	-2.974	2656	5.018	1.497
94.281	2.680e-01	-3.051	2626	5.075	1.402
94.281	3.538e-01	-3.123	2597	5.127	1.320
94.281	4.631e-01	-3.183	2563	5.165	1.263
94.281	6.113e-01	-3.225	2540	5.191	1.227
94.281	7.989e-01	-3.246	2528	5.203	1.209
94.281	1.042e+00	-3.254	2523	5.208	1.202
94.281	1.375e+00	-3.256	2521	5.210	1.200
94.281	1.812e+00	-3.257	2521	5.210	1.200
94.281	2.401e+00	-3.257	2521	5.210	1.200
94.281	3.196e+00	-3.257	2521	5.210	1.200
94.281	4.254e+00	-3.257	2521	5.210	1.200
94.281	5.662e+00	-3.257	2521	5.210	1.200
94.281	7.536e+00	-3.257	2521	5.210	1.200
94.281	1.000e+01	-3.258	2521	5.211	1.199
96.376	1.026e-04	-0.623	3316	3.063	14.380
96.376	1.349e-04	-0.703	3304	3.136	13.220
96.376	1.767e-04	-0.786	3283	3.207	12.171
96.376	2.313e-04	-0.869	3259	3.278	11.227
96.376	3.053e-04	-0.948	3237	3.345	10.385
96.376	3.990e-04	-1.012	3215	3.397	9.782
96.376	5.246e-04	-1.052	3197	3.428	9.442
96.376	6.895e-04	-1.075	3187	3.445	9.262
96.376	8.993e-04	-1.098	3177	3.462	9.077
96.376	1.189e-03	-1.142	3158	3.496	8.727
96.376	1.564e-03	-1.267	3099	3.588	7.850
96.376	2.068e-03	-1.445	3003	3.711	6.814
96.376	2.718e-03	-1.585	2929	3.808	6.095
96.376	3.545e-03	-1.698	2878	3.891	5.539
96.376	4.653e-03	-1.795	2849	3.971	5.055
96.376	6.093e-03	-1.884	2829	4.047	4.630
96.376	7.963e-03	-1.963	2822	4.122	4.247
96.376	1.047e-02	-2.040	2822	4.199	3.888
96.376	1.371e-02	-2.116	2823	4.275	3.561
96.376	1.792e-02	-2.192	2822	4.351	3.263
96.376	2.356e-02	-2.267	2827	4.429	2.982
96.376	3.096e-02	-2.341	2836	4.508	2.723
96.376	4.038e-02	-2.411	2848	4.586	2.490
96.376	5.331e-02	-2.497	2841	4.667	2.266
96.376	7.022e-02	-2.597	2806	4.745	2.072
96.376	9.195e-02	-2.692	2771	4.819	1.904
96.376	1.202e-01	-2.783	2736	4.888	1.757
96.376	1.562e-01	-2.870	2703	4.954	1.629
96.376	2.038e-01	-2.954	2670	5.017	1.516
96.376	2.674e-01	-3.032	2640	5.075	1.417
96.376	3.515e-01	-3.100	2613	5.125	1.338
96.376	4.585e-01	-3.155	2586	5.162	1.282
96.376	6.017e-01	-3.194	2564	5.186	1.248
96.376	7.908e-01	-3.213	2553	5.198	1.231
96.376	1.032e+00	-3.220	2549	5.202	1.225
96.376	1.362e+00	-3.222	2548	5.203	1.223
96.376	1.809e+00	-3.222	2548	5.203	1.223
96.376	2.407e+00	-3.222	2548	5.203	1.223
96.376	3.204e+00	-3.222	2548	5.203	1.223
96.376	4.264e+00	-3.222	2548	5.203	1.223
96.376	5.676e+00	-3.222	2548	5.203	1.223
96.376	7.555e+00	-3.223	2547	5.203	1.223
96.376	1.000e+01	-3.223	2547	5.204	1.223
98.471	1.040e-04	-0.615	3322	3.066	14.470
98.471	1.362e-04	-0.693	3310	3.138	13.325
98.471	1.797e-04	-0.777	3291	3.212	12.238
98.471	2.368e-04	-0.861	3267	3.283	11.272
98.471	3.100e-04	-0.937	3247	3.348	10.463
98.471	4.059e-04	-0.997	3226	3.398	9.882
98.471	5.357e-04	-1.033	3212	3.426	9.564
98.471	7.013e-04	-1.054	3203	3.442	9.389
98.471	9.205e-04	-1.080	3191	3.462	9.180
98.471	1.210e-03	-1.130	3170	3.500	8.781
98.471	1.597e-03	-1.275	3103	3.608	7.756
98.471	2.112e-03	-1.446	3010	3.726	6.770
98.471	2.765e-03	-1.581	2938	3.819	6.082
98.471	3.629e-03	-1.695	2887	3.903	5.524
98.471	4.769e-03	-1.792	2856	3.981	5.046
98.471	6.270e-03	-1.881	2836	4.058	4.620
98.471	8.211e-03	-1.961	2829	4.133	4.239
98.471	1.075e-02	-2.036	2828	4.208	3.889
98.471	1.411e-02	-2.112	2828	4.284	3.561
98.471	1.848e-02	-2.189	2827	4.360	3.262
98.471	2.414e-02	-2.262	2832	4.436	2.989
98.471	3.174e-02	-2.335	2841	4.515	2.730
98.471	4.172e-02	-2.407	2854	4.595	2.490
98.471	5.442e-02	-2.488	2851	4.673	2.275
98.471	7.183e-02	-2.588	2816	4.752	2.078
98.471	9.403e-02	-2.683	2781	4.825	1.910
98.471	1.241e-01	-2.778	2745	4.898	1.757
98.471	1.625e-01	-2.867	2711	4.965	1.627
98.471	2.145e-01	-2.953	2677	5.029	1.510
98.471	2.808e-01	-3.027	2648	5.085	1.416
98.471	3.685e-01	-3.090	2623	5.132	1.342
98.471	4.843e-01	-3.138	2602	5.165	1.291
98.471	6.368e-01	-3.170	2584	5.185	1.263
98.471	8.370e-01	-3.183	2576	5.193	1.250
98.471	1.092e+00	-3.188	2574	5.196	1.247
98.471	1.441e+00	-3.189	2573	5.196	1.246
98.471	1.914e+00	-3.189	2573	5.197	1.246
98.471	2.548e+00	-3.189	2573	5.197	1.246
98.471	3.376e+00	-3.189	2573	5.197	1.246
98.471	4.494e+00	-3.189	2573	5.197	1.245
98.471	5.981e+00	-3.189	2573	5.197	1.245
98.471	7.961e+00	-3.189	2573	5.197	1.245
100.566	1.002e-04	-0.592	3330	3.057	14.785
100.566	1.315e-04	-0.671	3318	3.129	13.608
100.566	1.722e-04	-0.750	3304	3.201	12.531
100.566	2.254e-04	-0.832	3281	3.271	11.557
100.566	2.975e-04	-0.911	3260	3.338	10.694
100.566	3.895e-04	-0.972	3241	3.390	10.079
100.566	5.141e-04	-1.009	3228	3.420	9.736
100.566	6.730e-04	-1.030	3220	3.436	9.553
100.566	8.833e-04	-1.055	3209	3.455	9.344
100.566	1.161e-03	-1.104	3187	3.493	8.954
100.566	1.532e-03	-1.241	3128	3.597	7.939
100.566	2.027e-03	-1.413	3036	3.717	6.913
100.566	2.653e-03	-1.550	2962	3.811	6.203
100.566	3.482e-03	-1.667	2906	3.895	5.631
100.566	4.560e-03	-1.767	2868	3.973	5.151
100.566	5.969e-03	-1.854	2849	4.048	4.725
100.566	7.835e-03	-1.936	2837	4.122	4.336
100.566	1.030e-02	-2.014	2833	4.198	3.976
100.566	1.343e-02	-2.087	2834	4.272	3.651
100.566	1.773e-02	-2.166	2833	4.350	3.338
100.566	2.317e-02	-2.240	2834	4.425	3.060
100.566	3.012e-02	-2.310	2843	4.500	2.807
100.566	3.928e-02	-2.380	2855	4.577	2.569
100.566	5.156e-02	-2.453	2866	4.657	2.343
100.566	6.777e-02	-2.551	2836	4.736	2.139
100.566	8.945e-02	-2.649	2799	4.813	1.959
100.566	1.169e-01	-2.742	2765	4.883	1.806
100.566	1.525e-01	-2.830	2731	4.950	1.672
100.566	2.001e-01	-2.915	2698	5.014	1.552
100.566	2.630e-01	-2.993	2668	5.073	1.452
100.566	3.431e-01	-3.056	2643	5.120	1.375
100.566	4.528e-01	-3.105	2624	5.156	1.320
100.566	5.928e-01	-3.136	2610	5.177	1.288
100.566	7.825e-01	-3.151	2602	5.187	1.273
100.566	1.023e+00	-3.156	2599	5.190	1.269
100.566	1.334e+00	-3.157	2598	5.190	1.268
100.566	1.772e+00	-3.157	2598	5.191	1.268
100.566	2.358e+00	-3.157	2598	5.191	1.268
100.566	3.139e+00	-3.157	2598	5.191	1.268
100.566	4.178e+00	-3.157	2598	5.191	1.268
100.566	5.560e+00	-3.157	2598	5.191	1.267
100.566	7.401e+00	-3.158	2598	5.191	1.267
100.566	9.850e+00	-3.158	2598	5.191	1.267
102.661	1.018e-04	-0.585	3335	3.061	14.860
102.661	1.336e-04	-0.663	3323	3.133	13.681
102.661	1.736e-04	-0.739	3311	3.203	12.628
102.661	2.257e-04	-0.819	3290	3.271	11.673
102.661	2.956e-04	-0.894	3270	3.336	10.830
102.661	3.869e-04	-0.954	3253	3.387	10.218
102.661	5.078e-04	-0.989	3241	3.416	9.885
102.661	6.674e-04	-1.010	3233	3.432	9.697
102.661	8.706e-04	-1.034	3224	3.452	9.483
102.661	1.149e-03	-1.086	3201	3.491	9.061
102.661	1.504e-03	-1.224	3144	3.598	8.016
102.661	1.986e-03	-1.392	3055	3.716	6.992
102.661	2.600e-03	-1.530	2980	3.810	6.275
102.661	3.431e-03	-1.650	2921	3.896	5.687
102.661	4.484e-03	-1.751	2880	3.972	5.209
102.661	5.896e-03	-1.839	2859	4.048	4.775
102.661	7.749e-03	-1.923	2844	4.122	4.382
102.661	1.011e-02	-1.998	2839	4.195	4.031
102.661	1.327e-02	-2.073	2840	4.270	3.697
102.661	1.743e-02	-2.150	2839	4.346	3.387
102.661	2.274e-02	-2.225	2838	4.421	3.108
102.661	2.985e-02	-2.297	2846	4.498	2.844
102.661	3.923e-02	-2.368	2859	4.577	2.597
102.661	5.158e-02	-2.440	2872	4.657	2.368
102.661	6.779e-02	-2.534	2848	4.736	2.161
102.661	8.948e-02	-2.634	2812	4.813	1.977
102.661	1.169e-01	-2.726	2777	4.884	1.822
102.661	1.537e-01	-2.817	2742	4.953	1.683
102.661	2.021e-01	-2.902	2709	5.017	1.563
102.661	2.635e-01	-2.976	2681	5.073	1.466
102.661	3.459e-01	-3.039	2656	5.120	1.389
102.661	4.530e-01	-3.084	2639	5.153	1.337
102.661	5.930e-01	-3.110	2628	5.172	1.308
102.661	7.783e-01	-3.123	2622	5.181	1.295
102.661	1.019e+00	-3.127	2620	5.184	1.291
102.661	1.343e+00	-3.127	2620	5.184	1.290
102.661	1.787e+00	-3.128	2620	5.184	1.290
102.661	2.378e+00	-3.128	2620	5.185	1.290
102.661	3.166e+00	-3.128	2620	5.185	1.290
102.661	4.214e+00	-3.128	2620	5.185	1.290
102.661	5.608e+00	-3.128	2620	5.185	1.289
102.661	7.465e+00	-3.128	2620	5.185	1.289
102.661	9.935e+00	-3.128	2619	5.185	1.289
104.757	1.028e-04	-0.577	3340	3.065	14.955
104.757	1.341e-04	-0.653	3329	3.135	13.797
104.757	1.744e-04	-0.728	3317	3.204	12.739
104.757	2.289e-04	-0.809	3298	3.275	11.745
104.757	3.008e-04	-0.884	3278	3.339	10.901
104.757	3.955e-04	-0.941	3262	3.388	10.311
104.757	5.179e-04	-0.972	3252	3.414	10.009
104.757	6.780e-04	-0.992	3245	3.430	9.823
104.757	8.899e-04	-1.019	3236	3.451	9.582
104.757	1.170e-03	-1.077	3212	3.497	9.094
104.757	1.538e-03	-1.231	3148	3.616	7.927
104.757	2.021e-03	-1.391	3063	3.729	6.964
104.757	2.657e-03	-1.528	2988	3.822	6.252
104.757	3.492e-03	-1.645	2930	3.905	5.683
104.757	4.555e-03	-1.745	2888	3.980	5.213
104.757	6.013e-03	-1.834	2866	4.056	4.777
104.757	7.871e-03	-1.917	2850	4.129	4.393
104.757	1.039e-02	-1.995	2845	4.204	4.028
104.757	1.360e-02	-2.069	2845	4.278	3.699
104.757	1.785e-02	-2.145	2844	4.354	3.391
104.757	2.346e-02	-2.222	2843	4.430	3.106
104.757	3.060e-02	-2.293	2851	4.505	2.848
104.757	4.040e-02	-2.365	2864	4.585	2.598
104.757	5.279e-02	-2.435	2876	4.663	2.374
104.757	6.941e-02	-2.527	2857	4.743	2.166
104.757	9.123e-02	-2.625	2821	4.819	1.984
104.757	1.197e-01	-2.719	2786	4.891	1.826
104.757	1.568e-01	-2.808	2752	4.959	1.689
104.757	2.053e-01	-2.891	2720	5.022	1.572
104.757	2.709e-01	-2.966	2691	5.078	1.472
104.757	3.541e-01	-3.024	2668	5.122	1.400
104.757	4.655e-01	-3.066	2652	5.153	1.352
104.757	6.096e-01	-3.088	2643	5.169	1.326
104.757	7.925e-01	-3.097	2639	5.176	1.316
104.757	1.036e+00	-3.100	2638	5.178	1.313
104.757	1.367e+00	-3.101	2638	5.178	1.312
104.757	1.820e+00	-3.101	2638	5.178	1.312
104.757	2.422e+00	-3.101	2638	5.178	1.312
104.757	3.223e+00	-3.101	2638	5.178	1.312
104.757	4.290e+00	-3.101	2638	5.178	1.312
104.757	5.711e+00	-3.101	2638	5.179	1.312
104.757	7.601e+00	-3.101	2638	5.179	1.312
104.757	1.000e+01	-3.101	2637	5.179	1.311
