Mass/Mjup	Age/Gyr	log(L/Lsun)	Teff	log(g)	Radius/Rjup
0.047	1.044e-04	-6.183	370	1.501	1.921
0.047	1.372e-04	-6.112	396	1.551	1.813
0.047	1.815e-04	-6.394	348	1.609	1.696
0.047	2.396e-04	-6.512	335	1.657	1.605
0.047	3.169e-04	-6.667	314	1.703	1.522
0.047	4.209e-04	-6.678	322	1.755	1.434
0.047	5.531e-04	-6.706	328	1.817	1.334
0.047	7.315e-04	-6.816	320	1.883	1.237
0.047	9.674e-04	-6.929	311	1.946	1.151
0.047	1.272e-03	-7.040	302	2.005	1.075
0.047	1.682e-03	-7.150	293	2.062	1.006
0.047	2.211e-03	-7.258	284	2.117	0.946
0.047	2.918e-03	-7.368	275	2.170	0.890
0.047	3.844e-03	-7.481	265	2.222	0.838
0.047	5.052e-03	-7.596	256	2.272	0.790
0.047	6.682e-03	-7.712	246	2.322	0.746
0.047	8.837e-03	-7.829	236	2.369	0.707
0.047	1.169e-02	-7.947	226	2.413	0.672
0.047	1.546e-02	-8.065	217	2.454	0.641
0.047	2.032e-02	-8.180	207	2.493	0.613
0.047	2.687e-02	-8.302	198	2.530	0.587
0.047	3.532e-02	-8.424	188	2.564	0.565
0.047	4.662e-02	-8.547	178	2.595	0.545
0.047	6.103e-02	-8.666	169	2.623	0.528
0.047	8.056e-02	-8.791	160	2.650	0.512
0.047	1.061e-01	-8.914	151	2.675	0.497
0.047	1.403e-01	-9.041	142	2.699	0.483
0.047	1.856e-01	-9.173	134	2.722	0.471
0.047	2.439e-01	-9.300	126	2.743	0.460
0.047	3.226e-01	-9.436	117	2.762	0.450
0.047	4.208e-01	-9.564	110	2.778	0.442
0.047	5.555e-01	-9.692	103	2.794	0.434
0.047	7.317e-01	-9.819	97	2.808	0.427
0.047	9.617e-01	-9.944	91	2.821	0.420
0.047	1.272e+00	-10.070	85	2.834	0.414
0.047	1.672e+00	-10.195	80	2.846	0.408
0.047	2.211e+00	-10.326	74	2.858	0.403
0.047	2.906e+00	-10.444	70	2.868	0.398
0.063	1.043e-04	-5.982	423	1.659	1.848
0.063	1.370e-04	-6.092	408	1.706	1.751
0.063	1.809e-04	-6.134	411	1.759	1.648
0.063	2.383e-04	-6.313	381	1.808	1.557
0.063	3.132e-04	-6.417	368	1.854	1.478
0.063	4.142e-04	-6.544	351	1.897	1.405
0.063	5.467e-04	-6.593	350	1.943	1.334
0.063	7.230e-04	-6.670	345	1.993	1.259
0.063	9.562e-04	-6.765	336	2.044	1.187
0.063	1.265e-03	-6.865	327	2.095	1.120
0.063	1.666e-03	-6.966	318	2.145	1.057
0.063	2.189e-03	-7.067	308	2.193	0.999
0.063	2.890e-03	-7.173	298	2.242	0.945
0.063	3.807e-03	-7.278	288	2.289	0.895
0.063	5.034e-03	-7.387	278	2.336	0.849
0.063	6.658e-03	-7.499	268	2.381	0.806
0.063	8.805e-03	-7.611	257	2.425	0.766
0.063	1.164e-02	-7.726	247	2.468	0.729
0.063	1.540e-02	-7.847	236	2.509	0.695
0.063	2.037e-02	-7.969	225	2.548	0.664
0.063	2.694e-02	-8.089	214	2.585	0.637
0.063	3.562e-02	-8.210	204	2.620	0.612
0.063	4.682e-02	-8.335	193	2.652	0.590
0.063	6.155e-02	-8.463	183	2.681	0.570
0.063	8.090e-02	-8.592	172	2.708	0.553
0.063	1.070e-01	-8.726	162	2.734	0.537
0.063	1.412e-01	-8.861	152	2.758	0.522
0.063	1.868e-01	-9.003	142	2.781	0.508
0.063	2.445e-01	-9.145	132	2.802	0.496
0.063	3.234e-01	-9.291	123	2.821	0.485
0.063	4.268e-01	-9.433	114	2.837	0.476
0.063	5.588e-01	-9.564	107	2.852	0.468
0.063	7.376e-01	-9.695	100	2.865	0.461
0.063	9.716e-01	-9.818	94	2.877	0.455
0.063	1.277e+00	-9.927	89	2.887	0.450
0.063	1.679e+00	-10.017	84	2.895	0.446
0.063	2.207e+00	-10.094	81	2.901	0.443
0.063	2.913e+00	-10.164	78	2.906	0.440
0.063	3.813e+00	-10.230	75	2.911	0.437
0.063	5.033e+00	-10.295	73	2.916	0.435
0.063	6.589e+00	-10.352	71	2.921	0.433
0.063	8.168e+00	-10.402	69	2.925	0.431
0.063	9.066e+00	-10.402	69	2.925	0.431
0.126	1.002e-04	-5.527	477	1.713	2.459
0.126	1.312e-04	-5.627	464	1.763	2.319
0.126	1.735e-04	-5.735	449	1.815	2.186
0.126	2.282e-04	-5.837	435	1.864	2.066
0.126	2.999e-04	-5.928	425	1.915	1.949
0.126	3.966e-04	-6.051	407	1.962	1.846
0.126	5.235e-04	-6.160	392	2.007	1.752
0.126	6.896e-04	-6.262	379	2.049	1.668
0.126	9.063e-04	-6.356	368	2.093	1.587
0.126	1.199e-03	-6.456	356	2.136	1.510
0.126	1.582e-03	-6.547	347	2.179	1.437
0.126	2.084e-03	-6.637	337	2.222	1.367
0.126	2.739e-03	-6.731	328	2.265	1.301
0.126	3.623e-03	-6.829	318	2.309	1.237
0.126	4.782e-03	-6.931	307	2.352	1.178
0.126	6.249e-03	-7.032	297	2.393	1.124
0.126	8.249e-03	-7.139	286	2.434	1.071
0.126	1.087e-02	-7.249	274	2.474	1.023
0.126	1.428e-02	-7.358	263	2.513	0.978
0.126	1.889e-02	-7.474	252	2.551	0.936
0.126	2.498e-02	-7.594	240	2.588	0.898
0.126	3.297e-02	-7.715	228	2.623	0.862
0.126	4.316e-02	-7.834	217	2.655	0.831
0.126	5.665e-02	-7.957	206	2.686	0.802
0.126	7.445e-02	-8.087	194	2.715	0.775
0.126	9.772e-02	-8.227	182	2.742	0.751
0.126	1.284e-01	-8.369	170	2.767	0.730
0.126	1.689e-01	-8.512	159	2.790	0.711
0.126	2.219e-01	-8.655	148	2.811	0.694
0.126	2.918e-01	-8.798	138	2.830	0.679
0.126	3.835e-01	-8.940	128	2.847	0.666
0.126	5.002e-01	-9.083	119	2.863	0.654
0.126	6.565e-01	-9.230	111	2.877	0.643
0.126	8.628e-01	-9.377	102	2.891	0.633
0.126	1.125e+00	-9.523	95	2.903	0.625
0.126	1.486e+00	-9.676	87	2.914	0.616
0.126	1.957e+00	-9.825	81	2.925	0.609
0.126	2.563e+00	-9.968	75	2.934	0.603
0.126	3.376e+00	-10.102	70	2.943	0.597
0.189	1.011e-04	-5.263	585	1.979	2.215
0.189	1.323e-04	-5.361	566	2.021	2.110
0.189	1.747e-04	-5.467	546	2.064	2.010
0.189	2.287e-04	-5.571	526	2.103	1.920
0.189	3.019e-04	-5.720	494	2.143	1.835
0.189	3.976e-04	-5.820	476	2.177	1.764
0.189	5.259e-04	-5.893	466	2.214	1.690
0.189	6.955e-04	-6.000	447	2.252	1.619
0.189	9.140e-04	-6.112	428	2.287	1.554
0.189	1.202e-03	-6.244	405	2.321	1.494
0.189	1.579e-03	-6.335	391	2.353	1.440
0.189	2.085e-03	-6.440	375	2.387	1.385
0.189	2.746e-03	-6.560	357	2.418	1.337
0.189	3.632e-03	-6.648	346	2.450	1.288
0.189	4.803e-03	-6.736	335	2.483	1.240
0.189	6.313e-03	-6.828	324	2.516	1.193
0.189	8.333e-03	-6.925	312	2.551	1.148
0.189	1.102e-02	-7.027	300	2.585	1.103
0.189	1.452e-02	-7.132	288	2.618	1.062
0.189	1.908e-02	-7.239	276	2.651	1.022
0.189	2.519e-02	-7.353	263	2.683	0.985
0.189	3.297e-02	-7.468	251	2.714	0.951
0.189	4.352e-02	-7.588	238	2.744	0.918
0.189	5.687e-02	-7.708	226	2.772	0.889
0.189	7.478e-02	-7.832	214	2.800	0.861
0.189	9.828e-02	-7.960	201	2.825	0.836
0.189	1.300e-01	-8.104	188	2.850	0.813
0.189	1.709e-01	-8.246	176	2.872	0.793
0.189	2.246e-01	-8.391	163	2.892	0.774
0.189	2.953e-01	-8.537	152	2.911	0.758
0.189	3.881e-01	-8.683	141	2.928	0.743
0.189	5.103e-01	-8.829	131	2.944	0.730
0.189	6.706e-01	-8.977	121	2.958	0.718
0.189	8.817e-01	-9.128	112	2.971	0.708
0.189	1.159e+00	-9.277	103	2.982	0.698
0.189	1.512e+00	-9.425	95	2.993	0.690
0.189	1.995e+00	-9.582	88	3.003	0.682
0.189	2.612e+00	-9.732	81	3.012	0.675
0.189	3.448e+00	-9.883	75	3.020	0.668
0.262	1.021e-04	-5.024	700	2.193	2.039
0.262	1.348e-04	-5.139	669	2.230	1.955
0.262	1.776e-04	-5.243	642	2.265	1.877
0.262	2.334e-04	-5.355	614	2.299	1.805
0.262	3.081e-04	-5.465	588	2.333	1.737
0.262	4.058e-04	-5.617	548	2.364	1.676
0.262	5.367e-04	-5.697	533	2.394	1.618
0.262	7.054e-04	-5.797	512	2.425	1.563
0.262	9.274e-04	-5.908	489	2.455	1.509
0.262	1.219e-03	-6.023	465	2.484	1.460
0.262	1.609e-03	-6.138	443	2.512	1.413
0.262	2.106e-03	-6.242	423	2.539	1.369
0.262	2.786e-03	-6.402	392	2.566	1.328
0.262	3.677e-03	-6.477	381	2.592	1.289
0.262	4.863e-03	-6.567	367	2.619	1.250
0.262	6.406e-03	-6.694	347	2.645	1.212
0.262	8.471e-03	-6.793	333	2.671	1.177
0.262	1.113e-02	-6.882	321	2.697	1.142
0.262	1.472e-02	-6.975	309	2.725	1.106
0.262	1.944e-02	-7.075	296	2.753	1.071
0.262	2.570e-02	-7.183	283	2.781	1.037
0.262	3.365e-02	-7.292	270	2.808	1.005
0.262	4.450e-02	-7.410	256	2.835	0.974
0.262	5.851e-02	-7.528	243	2.860	0.946
0.262	7.690e-02	-7.648	230	2.885	0.919
0.262	1.015e-01	-7.773	217	2.909	0.894
0.262	1.337e-01	-7.902	204	2.932	0.871
0.262	1.757e-01	-8.039	191	2.953	0.850
0.262	2.311e-01	-8.180	178	2.973	0.831
0.262	3.037e-01	-8.326	165	2.992	0.813
0.262	4.008e-01	-8.475	153	3.009	0.798
0.262	5.238e-01	-8.619	142	3.024	0.784
0.262	6.887e-01	-8.766	132	3.038	0.771
0.262	9.052e-01	-8.915	122	3.050	0.760
0.262	1.190e+00	-9.067	112	3.062	0.750
0.262	1.564e+00	-9.218	104	3.072	0.741
0.262	2.040e+00	-9.370	96	3.082	0.733
0.262	2.693e+00	-9.531	88	3.091	0.726
0.262	3.525e+00	-9.685	80	3.099	0.719
0.262	4.654e+00	-9.836	74	3.106	0.713
0.524	1.003e-04	-4.376	1050	2.553	1.907
0.524	1.319e-04	-4.506	996	2.591	1.825
0.524	1.744e-04	-4.657	931	2.625	1.754
0.524	2.293e-04	-4.795	876	2.655	1.694
0.524	3.003e-04	-4.920	828	2.683	1.640
0.524	3.931e-04	-5.045	782	2.710	1.591
0.524	5.189e-04	-5.172	738	2.736	1.545
0.524	6.835e-04	-5.316	689	2.759	1.503
0.524	8.983e-04	-5.436	651	2.781	1.465
0.524	1.186e-03	-5.550	617	2.803	1.429
0.524	1.562e-03	-5.676	581	2.825	1.394
0.524	2.053e-03	-5.792	550	2.845	1.362
0.524	2.699e-03	-5.897	524	2.865	1.331
0.524	3.547e-03	-6.010	496	2.885	1.300
0.524	4.683e-03	-6.126	470	2.905	1.270
0.524	6.168e-03	-6.252	442	2.925	1.242
0.524	8.157e-03	-6.376	416	2.944	1.216
0.524	1.079e-02	-6.527	385	2.961	1.191
0.524	1.418e-02	-6.665	359	2.978	1.169
0.524	1.875e-02	-6.770	341	2.993	1.148
0.524	2.475e-02	-6.843	330	3.010	1.126
0.524	3.261e-02	-6.926	318	3.028	1.103
0.524	4.312e-02	-7.022	304	3.047	1.079
0.524	5.667e-02	-7.122	291	3.066	1.055
0.524	7.481e-02	-7.231	276	3.086	1.032
0.524	9.793e-02	-7.340	262	3.105	1.009
0.524	1.293e-01	-7.455	248	3.124	0.987
0.524	1.703e-01	-7.573	234	3.143	0.966
0.524	2.238e-01	-7.695	221	3.161	0.946
0.524	2.942e-01	-7.820	207	3.179	0.927
0.524	3.867e-01	-7.954	194	3.196	0.909
0.524	5.085e-01	-8.097	180	3.211	0.893
0.524	6.683e-01	-8.247	167	3.226	0.878
0.524	8.786e-01	-8.398	154	3.239	0.865
0.524	1.155e+00	-8.552	142	3.251	0.853
0.524	1.518e+00	-8.704	131	3.262	0.843
0.524	1.988e+00	-8.859	120	3.271	0.834
0.524	2.598e+00	-9.013	111	3.280	0.825
0.524	3.416e+00	-9.170	102	3.288	0.818
0.524	4.473e+00	-9.328	93	3.295	0.811
0.524	5.856e+00	-9.486	85	3.302	0.805
0.524	7.730e+00	-9.645	78	3.308	0.799
0.524	8.542e+00	-9.670	77	3.309	0.798
0.786	1.013e-04	-4.104	1217	2.713	1.942
0.786	1.337e-04	-4.198	1176	2.747	1.867
0.786	1.750e-04	-4.261	1157	2.783	1.792
0.786	2.314e-04	-4.377	1107	2.821	1.714
0.786	3.055e-04	-4.543	1026	2.855	1.649
0.786	3.999e-04	-4.691	958	2.884	1.595
0.786	5.279e-04	-4.829	898	2.911	1.547
0.786	6.911e-04	-4.967	841	2.935	1.504
0.786	9.139e-04	-5.148	768	2.957	1.466
0.786	1.206e-03	-5.265	726	2.977	1.433
0.786	1.589e-03	-5.375	689	2.997	1.401
0.786	2.102e-03	-5.520	641	3.015	1.371
0.786	2.762e-03	-5.631	608	3.033	1.343
0.786	3.653e-03	-5.735	579	3.052	1.314
0.786	4.831e-03	-5.857	545	3.070	1.287
0.786	6.352e-03	-5.976	514	3.088	1.261
0.786	8.348e-03	-6.105	482	3.105	1.237
0.786	1.104e-02	-6.226	454	3.121	1.213
0.786	1.460e-02	-6.362	424	3.137	1.191
0.786	1.927e-02	-6.518	390	3.152	1.171
0.786	2.539e-02	-6.629	369	3.166	1.152
0.786	3.358e-02	-6.743	349	3.180	1.134
0.786	4.413e-02	-6.849	331	3.194	1.116
0.786	5.836e-02	-6.943	316	3.209	1.097
0.786	7.718e-02	-7.032	303	3.224	1.078
0.786	1.015e-01	-7.131	289	3.240	1.058
0.786	1.334e-01	-7.237	274	3.256	1.039
0.786	1.760e-01	-7.344	260	3.272	1.020
0.786	2.305e-01	-7.452	247	3.288	1.001
0.786	3.048e-01	-7.571	233	3.305	0.983
0.786	4.007e-01	-7.696	218	3.320	0.965
0.786	5.248e-01	-7.822	205	3.335	0.949
0.786	6.870e-01	-7.959	191	3.349	0.934
0.786	9.085e-01	-8.108	176	3.363	0.919
0.786	1.194e+00	-8.259	163	3.375	0.906
0.786	1.570e+00	-8.413	150	3.386	0.895
0.786	2.064e+00	-8.568	138	3.396	0.885
0.786	2.713e+00	-8.724	127	3.405	0.875
0.786	3.567e+00	-8.883	116	3.413	0.867
0.786	4.688e+00	-9.043	107	3.421	0.860
0.786	6.114e+00	-9.198	98	3.427	0.853
0.786	8.071e+00	-9.363	89	3.433	0.847
1.048	1.002e-04	-3.869	1384	2.826	1.969
1.048	1.325e-04	-3.954	1345	2.861	1.890
1.048	1.752e-04	-4.042	1306	2.898	1.813
1.048	2.308e-04	-4.137	1262	2.934	1.737
1.048	3.033e-04	-4.279	1187	2.970	1.668
1.048	4.004e-04	-4.439	1103	3.001	1.609
1.048	5.241e-04	-4.587	1028	3.028	1.560
1.048	6.879e-04	-4.724	964	3.053	1.516
1.048	9.041e-04	-4.866	900	3.076	1.477
1.048	1.193e-03	-5.032	828	3.097	1.442
1.048	1.578e-03	-5.173	772	3.115	1.411
1.048	2.087e-03	-5.296	727	3.134	1.381
1.048	2.760e-03	-5.417	685	3.151	1.354
1.048	3.636e-03	-5.529	648	3.169	1.327
1.048	4.779e-03	-5.648	611	3.185	1.301
1.048	6.320e-03	-5.771	575	3.202	1.276
1.048	8.343e-03	-5.892	541	3.219	1.253
1.048	1.092e-02	-6.009	511	3.234	1.231
1.048	1.444e-02	-6.138	478	3.250	1.209
1.048	1.899e-02	-6.284	444	3.264	1.189
1.048	2.511e-02	-6.425	412	3.278	1.170
1.048	3.321e-02	-6.565	383	3.291	1.153
1.048	4.365e-02	-6.679	361	3.303	1.137
1.048	5.762e-02	-6.799	340	3.315	1.121
1.048	7.590e-02	-6.895	324	3.327	1.105
1.048	9.976e-02	-6.979	310	3.340	1.089
1.048	1.317e-01	-7.075	296	3.354	1.072
1.048	1.724e-01	-7.172	282	3.368	1.055
1.048	2.275e-01	-7.273	269	3.382	1.037
1.048	2.979e-01	-7.377	255	3.397	1.020
1.048	3.932e-01	-7.492	241	3.412	1.003
1.048	5.147e-01	-7.618	226	3.426	0.987
1.048	6.756e-01	-7.745	212	3.440	0.971
1.048	8.879e-01	-7.877	198	3.453	0.956
1.048	1.158e+00	-8.018	184	3.465	0.943
1.048	1.529e+00	-8.169	169	3.477	0.931
1.048	2.001e+00	-8.321	156	3.487	0.920
1.048	2.627e+00	-8.475	144	3.496	0.910
1.048	3.452e+00	-8.631	132	3.505	0.901
1.048	4.503e+00	-8.785	121	3.513	0.893
1.048	5.944e+00	-8.950	111	3.520	0.886
1.048	7.767e+00	-9.105	102	3.526	0.879
1.048	1.000e+01	-9.256	93	3.531	0.874
1.571	1.009e-04	-3.509	1672	2.971	2.041
1.571	1.331e-04	-3.601	1621	3.009	1.953
1.571	1.754e-04	-3.728	1539	3.046	1.871
1.571	2.297e-04	-3.841	1471	3.081	1.798
1.571	3.007e-04	-3.942	1416	3.115	1.729
1.571	3.946e-04	-4.047	1359	3.148	1.663
1.571	5.186e-04	-4.200	1267	3.181	1.603
1.571	6.846e-04	-4.372	1167	3.209	1.552
1.571	8.962e-04	-4.512	1091	3.233	1.509
1.571	1.176e-03	-4.642	1026	3.256	1.470
1.571	1.546e-03	-4.789	955	3.277	1.434
1.571	2.041e-03	-4.975	867	3.296	1.403
1.571	2.688e-03	-5.099	815	3.313	1.376
1.571	3.533e-03	-5.220	768	3.330	1.350
1.571	4.672e-03	-5.340	723	3.346	1.325
1.571	6.143e-03	-5.458	682	3.362	1.301
1.571	8.074e-03	-5.574	644	3.377	1.278
1.571	1.066e-02	-5.699	604	3.392	1.256
1.571	1.395e-02	-5.819	568	3.407	1.235
1.571	1.831e-02	-5.945	533	3.421	1.215
1.571	2.407e-02	-6.080	497	3.435	1.196
1.571	3.164e-02	-6.215	463	3.447	1.179
1.571	4.185e-02	-6.377	425	3.459	1.163
1.571	5.534e-02	-6.500	399	3.470	1.148
1.571	7.273e-02	-6.634	371	3.481	1.134
1.571	9.619e-02	-6.780	343	3.491	1.121
1.571	1.272e-01	-6.858	330	3.502	1.108
1.571	1.679e-01	-6.944	316	3.513	1.093
1.571	2.212e-01	-7.039	301	3.524	1.079
1.571	2.907e-01	-7.127	289	3.537	1.064
1.571	3.837e-01	-7.228	274	3.550	1.048
1.571	5.055e-01	-7.338	259	3.563	1.033
1.571	6.644e-01	-7.456	244	3.575	1.017
1.571	8.770e-01	-7.583	229	3.588	1.003
1.571	1.148e+00	-7.706	214	3.600	0.989
1.571	1.515e+00	-7.839	200	3.612	0.976
1.571	1.984e+00	-7.979	186	3.623	0.963
1.571	2.619e+00	-8.131	171	3.633	0.952
1.571	3.428e+00	-8.283	158	3.642	0.942
1.571	4.525e+00	-8.440	145	3.651	0.933
1.571	5.923e+00	-8.595	133	3.659	0.924
1.571	7.819e+00	-8.755	122	3.666	0.917
1.571	1.000e+01	-8.904	112	3.672	0.911
2.095	1.033e-04	-3.175	1970	3.047	2.159
2.095	1.360e-04	-3.303	1883	3.096	2.040
2.095	1.788e-04	-3.503	1720	3.139	1.942
2.095	2.365e-04	-3.629	1632	3.174	1.865
2.095	3.127e-04	-3.743	1561	3.210	1.790
2.095	4.128e-04	-3.856	1491	3.243	1.722
2.095	5.438e-04	-3.936	1452	3.277	1.655
2.095	7.147e-04	-4.064	1376	3.312	1.591
2.095	9.451e-04	-4.251	1257	3.342	1.537
2.095	1.243e-03	-4.406	1167	3.367	1.493
2.095	1.633e-03	-4.548	1089	3.391	1.453
2.095	2.130e-03	-4.694	1013	3.411	1.420
2.095	2.812e-03	-4.869	926	3.430	1.389
2.095	3.704e-03	-5.000	868	3.447	1.362
2.095	4.899e-03	-5.135	811	3.463	1.337
2.095	6.438e-03	-5.258	762	3.479	1.313
2.095	8.515e-03	-5.368	721	3.494	1.290
2.095	1.124e-02	-5.489	679	3.510	1.267
2.095	1.481e-02	-5.618	636	3.524	1.246
2.095	1.946e-02	-5.743	596	3.538	1.226
2.095	2.538e-02	-5.873	558	3.551	1.208
2.095	3.331e-02	-6.006	520	3.564	1.190
2.095	4.378e-02	-6.185	472	3.576	1.174
2.095	5.779e-02	-6.307	443	3.587	1.159
2.095	7.613e-02	-6.428	416	3.597	1.145
2.095	1.007e-01	-6.585	382	3.608	1.132
2.095	1.323e-01	-6.687	362	3.617	1.120
2.095	1.750e-01	-6.792	343	3.627	1.107
2.095	2.310e-01	-6.905	323	3.637	1.094
2.095	3.043e-01	-6.997	308	3.647	1.082
2.095	3.999e-01	-7.079	296	3.658	1.068
2.095	5.279e-01	-7.186	280	3.670	1.054
2.095	6.954e-01	-7.296	265	3.681	1.040
2.095	9.139e-01	-7.406	250	3.692	1.027
2.095	1.202e+00	-7.522	236	3.704	1.013
2.095	1.579e+00	-7.642	221	3.715	1.000
2.095	2.060e+00	-7.764	208	3.726	0.988
2.095	2.704e+00	-7.900	193	3.736	0.976
2.095	3.540e+00	-8.045	179	3.746	0.965
2.095	4.627e+00	-8.194	165	3.755	0.956
2.095	6.083e+00	-8.348	151	3.763	0.947
2.095	7.995e+00	-8.506	139	3.771	0.938
2.619	1.016e-04	-2.968	2144	3.084	2.314
2.619	1.341e-04	-3.085	2070	3.139	2.171
2.619	1.767e-04	-3.208	1986	3.191	2.046
2.619	2.322e-04	-3.344	1887	3.237	1.938
2.619	3.053e-04	-3.552	1711	3.276	1.855
2.619	4.013e-04	-3.630	1670	3.312	1.780
2.619	5.297e-04	-3.756	1586	3.347	1.708
2.619	6.977e-04	-3.854	1529	3.383	1.640
2.619	9.170e-04	-3.981	1450	3.417	1.576
2.619	1.206e-03	-4.165	1327	3.447	1.523
2.619	1.585e-03	-4.322	1230	3.472	1.479
2.619	2.083e-03	-4.472	1143	3.495	1.440
2.619	2.738e-03	-4.622	1061	3.516	1.406
2.619	3.614e-03	-4.788	976	3.535	1.375
2.619	4.761e-03	-4.920	913	3.552	1.349
2.619	6.297e-03	-5.058	851	3.569	1.323
2.619	8.276e-03	-5.182	799	3.584	1.301
2.619	1.088e-02	-5.296	755	3.599	1.279
2.619	1.430e-02	-5.421	709	3.613	1.258
2.619	1.888e-02	-5.543	666	3.627	1.237
2.619	2.496e-02	-5.675	622	3.641	1.217
2.619	3.268e-02	-5.808	580	3.654	1.200
2.619	4.314e-02	-5.947	540	3.667	1.182
2.619	5.682e-02	-6.127	490	3.678	1.167
2.619	7.468e-02	-6.255	458	3.688	1.154
2.619	9.858e-02	-6.369	431	3.698	1.141
2.619	1.304e-01	-6.510	400	3.708	1.128
2.619	1.724e-01	-6.633	374	3.717	1.116
2.619	2.257e-01	-6.750	352	3.726	1.104
2.619	2.979e-01	-6.880	328	3.735	1.093
2.619	3.925e-01	-6.961	315	3.744	1.081
2.619	5.158e-01	-7.040	303	3.754	1.069
2.619	6.809e-01	-7.150	286	3.765	1.056
2.619	8.969e-01	-7.258	270	3.775	1.043
2.619	1.179e+00	-7.362	256	3.786	1.031
2.619	1.550e+00	-7.471	242	3.797	1.018
2.619	2.030e+00	-7.585	228	3.807	1.006
2.619	2.657e+00	-7.705	214	3.818	0.994
2.619	3.507e+00	-7.840	199	3.828	0.982
2.619	4.591e+00	-7.983	185	3.838	0.971
2.619	6.026e+00	-8.134	170	3.846	0.961
2.619	7.920e+00	-8.289	156	3.855	0.952
2.619	1.000e+01	-8.423	145	3.861	0.945
3.143	1.021e-04	-2.818	2263	3.106	2.470
3.143	1.348e-04	-2.935	2188	3.165	2.308
3.143	1.762e-04	-3.047	2117	3.219	2.169
3.143	2.298e-04	-3.165	2035	3.269	2.047
3.143	3.016e-04	-3.296	1940	3.317	1.938
3.143	3.964e-04	-3.473	1793	3.358	1.848
3.143	5.233e-04	-3.578	1727	3.397	1.767
3.143	6.921e-04	-3.707	1638	3.434	1.693
3.143	9.116e-04	-3.822	1564	3.469	1.626
3.143	1.198e-03	-3.972	1463	3.502	1.565
3.143	1.582e-03	-4.149	1343	3.531	1.514
3.143	2.070e-03	-4.299	1249	3.556	1.472
3.143	2.733e-03	-4.454	1158	3.578	1.434
3.143	3.578e-03	-4.599	1077	3.598	1.401
3.143	4.722e-03	-4.757	995	3.617	1.372
3.143	6.221e-03	-4.891	929	3.634	1.345
3.143	8.176e-03	-5.025	869	3.650	1.321
3.143	1.079e-02	-5.153	814	3.665	1.297
3.143	1.410e-02	-5.273	766	3.680	1.276
3.143	1.840e-02	-5.394	720	3.693	1.256
3.143	2.428e-02	-5.511	679	3.707	1.236
3.143	3.199e-02	-5.647	632	3.721	1.217
3.143	4.204e-02	-5.783	589	3.733	1.199
3.143	5.483e-02	-5.917	549	3.745	1.184
3.143	7.238e-02	-6.106	495	3.755	1.169
3.143	9.535e-02	-6.219	467	3.765	1.157
3.143	1.253e-01	-6.342	437	3.775	1.144
3.143	1.657e-01	-6.476	407	3.784	1.131
3.143	2.179e-01	-6.600	381	3.793	1.120
3.143	2.853e-01	-6.723	357	3.802	1.109
3.143	3.729e-01	-6.870	329	3.810	1.099
3.143	4.864e-01	-6.934	319	3.818	1.088
3.143	6.420e-01	-7.012	306	3.827	1.076
3.143	8.390e-01	-7.112	291	3.837	1.065
3.143	1.103e+00	-7.216	276	3.847	1.052
3.143	1.450e+00	-7.320	261	3.857	1.040
3.143	1.906e+00	-7.429	247	3.868	1.028
3.143	2.496e+00	-7.540	233	3.878	1.016
3.143	3.268e+00	-7.657	219	3.888	1.004
3.143	4.313e+00	-7.791	204	3.899	0.992
3.143	5.646e+00	-7.932	189	3.908	0.981
3.143	7.453e+00	-8.085	174	3.917	0.971
3.143	9.740e+00	-8.238	160	3.925	0.962
3.666	1.023e-04	-2.677	2376	3.117	2.634
3.666	1.348e-04	-2.790	2310	3.182	2.444
3.666	1.771e-04	-2.910	2232	3.241	2.283
3.666	2.338e-04	-3.028	2154	3.298	2.139
3.666	3.060e-04	-3.145	2075	3.350	2.016
3.666	4.040e-04	-3.277	1979	3.399	1.904
3.666	5.321e-04	-3.418	1871	3.443	1.810
3.666	6.994e-04	-3.552	1773	3.484	1.727
3.666	9.195e-04	-3.692	1671	3.521	1.655
3.666	1.204e-03	-3.822	1581	3.554	1.592
3.666	1.576e-03	-3.975	1473	3.585	1.537
3.666	2.069e-03	-4.139	1362	3.612	1.489
3.666	2.719e-03	-4.290	1266	3.636	1.449
3.666	3.589e-03	-4.447	1172	3.659	1.412
3.666	4.699e-03	-4.595	1088	3.678	1.381
3.666	6.202e-03	-4.739	1012	3.696	1.353
3.666	8.120e-03	-4.873	945	3.713	1.327
3.666	1.072e-02	-5.010	882	3.729	1.303
3.666	1.403e-02	-5.138	827	3.743	1.281
3.666	1.852e-02	-5.268	773	3.758	1.260
3.666	2.420e-02	-5.381	730	3.772	1.240
3.666	3.195e-02	-5.507	685	3.785	1.220
3.666	4.208e-02	-5.644	638	3.799	1.202
3.666	5.531e-02	-5.782	593	3.811	1.185
3.666	7.272e-02	-5.951	541	3.822	1.170
3.666	9.558e-02	-6.100	500	3.832	1.157
3.666	1.264e-01	-6.217	470	3.841	1.144
3.666	1.672e-01	-6.354	436	3.851	1.132
3.666	2.207e-01	-6.480	408	3.860	1.120
3.666	2.907e-01	-6.602	382	3.868	1.109
3.666	3.820e-01	-6.805	342	3.877	1.099
3.666	5.043e-01	-6.876	330	3.884	1.089
3.666	6.669e-01	-6.944	318	3.893	1.079
3.666	8.820e-01	-7.030	305	3.902	1.067
3.666	1.155e+00	-7.129	289	3.911	1.056
3.666	1.515e+00	-7.230	274	3.921	1.044
3.666	1.992e+00	-7.335	260	3.931	1.032
3.666	2.619e+00	-7.445	245	3.941	1.020
3.666	3.441e+00	-7.557	231	3.951	1.008
3.666	4.543e+00	-7.682	217	3.962	0.996
3.666	5.947e+00	-7.814	202	3.971	0.985
3.666	7.805e+00	-7.960	187	3.981	0.975
3.666	1.000e+01	-8.098	173	3.988	0.966
4.190	1.018e-04	-2.579	2437	3.121	2.804
4.190	1.339e-04	-2.670	2404	3.188	2.594
4.190	1.760e-04	-2.780	2342	3.254	2.406
4.190	2.328e-04	-2.904	2260	3.315	2.241
4.190	3.060e-04	-3.023	2180	3.372	2.101
4.190	4.022e-04	-3.138	2104	3.424	1.977
4.190	5.246e-04	-3.265	2010	3.472	1.871
4.190	6.885e-04	-3.389	1921	3.518	1.775
4.190	9.106e-04	-3.557	1786	3.559	1.692
4.190	1.197e-03	-3.696	1683	3.595	1.624
4.190	1.574e-03	-3.824	1594	3.629	1.563
4.190	2.068e-03	-3.984	1480	3.659	1.509
4.190	2.730e-03	-4.145	1369	3.686	1.463
4.190	3.574e-03	-4.301	1269	3.709	1.424
4.190	4.690e-03	-4.453	1176	3.730	1.390
4.190	6.164e-03	-4.603	1091	3.749	1.360
4.190	8.137e-03	-4.741	1018	3.767	1.332
4.190	1.065e-02	-4.879	950	3.784	1.307
4.190	1.398e-02	-5.014	887	3.799	1.284
4.190	1.838e-02	-5.145	829	3.814	1.263
4.190	2.416e-02	-5.272	777	3.828	1.242
4.190	3.175e-02	-5.387	733	3.842	1.223
4.190	4.142e-02	-5.511	687	3.854	1.205
4.190	5.436e-02	-5.649	640	3.867	1.188
4.190	7.144e-02	-5.792	593	3.879	1.172
4.190	9.430e-02	-5.977	536	3.889	1.157
4.190	1.242e-01	-6.100	502	3.899	1.145
4.190	1.633e-01	-6.230	469	3.908	1.133
4.190	2.147e-01	-6.360	437	3.917	1.121
4.190	2.811e-01	-6.473	412	3.926	1.110
4.190	3.703e-01	-6.604	384	3.934	1.099
4.190	4.867e-01	-6.816	341	3.942	1.090
4.190	6.464e-01	-6.876	331	3.949	1.081
4.190	8.496e-01	-6.944	320	3.957	1.071
4.190	1.124e+00	-7.031	306	3.966	1.059
4.190	1.483e+00	-7.129	290	3.976	1.048
4.190	1.954e+00	-7.235	275	3.985	1.036
4.190	2.558e+00	-7.337	260	3.995	1.025
4.190	3.343e+00	-7.444	246	4.005	1.013
4.190	4.413e+00	-7.559	232	4.015	1.001
4.190	5.777e+00	-7.682	217	4.025	0.990
4.190	7.583e+00	-7.816	202	4.034	0.979
4.190	9.966e+00	-7.964	187	4.043	0.969
4.714	1.040e-04	-2.505	2481	3.129	2.945
4.714	1.362e-04	-2.593	2451	3.197	2.725
4.714	1.787e-04	-2.683	2420	3.264	2.522
4.714	2.340e-04	-2.794	2355	3.328	2.342
4.714	3.083e-04	-2.916	2274	3.389	2.184
4.714	4.051e-04	-3.036	2191	3.445	2.048
4.714	5.284e-04	-3.144	2122	3.496	1.930
4.714	6.975e-04	-3.284	2014	3.546	1.822
4.714	9.189e-04	-3.423	1908	3.592	1.730
4.714	1.208e-03	-3.581	1783	3.631	1.654
4.714	1.585e-03	-3.716	1682	3.666	1.588
4.714	2.076e-03	-3.843	1593	3.698	1.530
4.714	2.734e-03	-4.006	1475	3.728	1.479
4.714	3.593e-03	-4.167	1365	3.753	1.436
4.714	4.725e-03	-4.327	1261	3.776	1.398
4.714	6.210e-03	-4.481	1168	3.797	1.366
4.714	8.164e-03	-4.626	1086	3.815	1.337
4.714	1.073e-02	-4.766	1012	3.833	1.310
4.714	1.416e-02	-4.906	942	3.849	1.286
4.714	1.854e-02	-5.037	882	3.864	1.264
4.714	2.447e-02	-5.170	824	3.879	1.243
4.714	3.204e-02	-5.293	774	3.892	1.223
4.714	4.237e-02	-5.416	726	3.906	1.204
4.714	5.571e-02	-5.550	677	3.919	1.186
4.714	7.322e-02	-5.690	629	3.931	1.170
4.714	9.665e-02	-5.867	572	3.942	1.155
4.714	1.273e-01	-6.010	530	3.952	1.142
4.714	1.673e-01	-6.142	494	3.961	1.130
4.714	2.209e-01	-6.276	459	3.970	1.118
4.714	2.909e-01	-6.393	432	3.979	1.107
4.714	3.824e-01	-6.516	404	3.988	1.096
4.714	5.019e-01	-6.782	348	3.995	1.087
4.714	6.596e-01	-6.831	340	4.002	1.079
4.714	8.724e-01	-6.890	330	4.009	1.069
4.714	1.154e+00	-6.968	317	4.018	1.059
4.714	1.526e+00	-7.060	302	4.027	1.048
4.714	2.006e+00	-7.160	287	4.036	1.037
4.714	2.636e+00	-7.265	272	4.046	1.025
4.714	3.439e+00	-7.370	257	4.055	1.014
4.714	4.539e+00	-7.482	242	4.065	1.003
4.714	5.942e+00	-7.597	228	4.075	0.991
4.714	7.799e+00	-7.726	213	4.084	0.981
4.714	1.000e+01	-7.852	199	4.093	0.971
5.238	1.047e-04	-2.435	2523	3.134	3.086
5.238	1.376e-04	-2.525	2492	3.203	2.851
5.238	1.795e-04	-2.614	2461	3.269	2.642
5.238	2.369e-04	-2.707	2425	3.338	2.442
5.238	3.096e-04	-2.817	2361	3.401	2.272
5.238	4.038e-04	-2.935	2281	3.459	2.124
5.238	5.330e-04	-3.058	2195	3.515	1.990
5.238	6.977e-04	-3.172	2118	3.567	1.876
5.238	9.210e-04	-3.311	2010	3.616	1.773
5.238	1.206e-03	-3.459	1893	3.658	1.688
5.238	1.582e-03	-3.607	1775	3.696	1.616
5.238	2.080e-03	-3.741	1677	3.730	1.554
5.238	2.734e-03	-3.881	1576	3.763	1.497
5.238	3.594e-03	-4.044	1458	3.791	1.449
5.238	4.744e-03	-4.208	1346	3.816	1.407
5.238	6.210e-03	-4.364	1246	3.838	1.373
5.238	8.197e-03	-4.519	1153	3.858	1.341
5.238	1.080e-02	-4.659	1075	3.877	1.313
5.238	1.414e-02	-4.799	1002	3.893	1.288
5.238	1.851e-02	-4.935	935	3.909	1.265
5.238	2.443e-02	-5.069	873	3.924	1.243
5.238	3.219e-02	-5.202	815	3.938	1.223
5.238	4.230e-02	-5.324	766	3.952	1.204
5.238	5.584e-02	-5.451	717	3.965	1.186
5.238	7.310e-02	-5.589	667	3.978	1.169
5.238	9.649e-02	-5.750	612	3.989	1.153
5.238	1.271e-01	-5.916	560	4.000	1.140
5.238	1.670e-01	-6.048	521	4.009	1.128
5.238	2.205e-01	-6.184	485	4.018	1.116
5.238	2.905e-01	-6.309	454	4.027	1.105
5.238	3.818e-01	-6.418	428	4.035	1.094
5.238	5.049e-01	-6.563	396	4.044	1.083
5.238	6.664e-01	-6.751	356	4.051	1.075
5.238	8.814e-01	-6.827	343	4.058	1.066
5.238	1.166e+00	-6.913	328	4.066	1.056
5.238	1.539e+00	-7.005	312	4.074	1.046
5.238	2.027e+00	-7.101	297	4.083	1.035
5.238	2.664e+00	-7.203	281	4.092	1.024
5.238	3.516e+00	-7.309	266	4.102	1.013
5.238	4.632e+00	-7.418	251	4.111	1.002
5.238	6.087e+00	-7.531	237	4.121	0.991
5.238	8.003e+00	-7.653	222	4.130	0.980
6.285	1.027e-04	-2.300	2603	3.132	3.389
6.285	1.350e-04	-2.392	2571	3.203	3.123
6.285	1.775e-04	-2.484	2537	3.273	2.883
6.285	2.315e-04	-2.574	2504	3.339	2.671
6.285	3.038e-04	-2.665	2469	3.406	2.473
6.285	3.978e-04	-2.761	2426	3.471	2.294
6.285	5.208e-04	-2.874	2356	3.533	2.136
6.285	6.888e-04	-3.000	2268	3.593	1.994
6.285	9.092e-04	-3.121	2183	3.648	1.872
6.285	1.190e-03	-3.249	2086	3.697	1.769
6.285	1.571e-03	-3.394	1971	3.743	1.678
6.285	2.057e-03	-3.545	1847	3.782	1.603
6.285	2.699e-03	-3.692	1733	3.818	1.539
6.285	3.548e-03	-3.821	1640	3.851	1.482
6.285	4.692e-03	-3.982	1521	3.881	1.431
6.285	6.169e-03	-4.142	1408	3.907	1.389
6.285	8.108e-03	-4.304	1300	3.930	1.352
6.285	1.066e-02	-4.459	1203	3.951	1.321
6.285	1.401e-02	-4.601	1120	3.970	1.293
6.285	1.842e-02	-4.746	1041	3.987	1.267
6.285	2.421e-02	-4.885	970	4.003	1.244
6.285	3.177e-02	-5.021	905	4.018	1.223
6.285	4.176e-02	-5.156	844	4.032	1.203
6.285	5.512e-02	-5.282	791	4.046	1.184
6.285	7.216e-02	-5.412	740	4.059	1.166
6.285	9.544e-02	-5.551	688	4.071	1.150
6.285	1.255e-01	-5.709	632	4.083	1.135
6.285	1.649e-01	-5.868	580	4.093	1.122
6.285	2.177e-01	-6.005	539	4.102	1.109
6.285	2.850e-01	-6.147	499	4.111	1.098
6.285	3.769e-01	-6.260	470	4.120	1.087
6.285	4.975e-01	-6.386	440	4.128	1.076
6.285	6.553e-01	-6.582	394	4.136	1.067
6.285	8.666e-01	-6.683	374	4.144	1.058
6.285	1.139e+00	-6.795	352	4.151	1.049
6.285	1.498e+00	-6.896	333	4.158	1.040
6.285	1.981e+00	-6.995	316	4.166	1.031
6.285	2.603e+00	-7.085	302	4.174	1.021
6.285	3.436e+00	-7.184	286	4.183	1.011
6.285	4.526e+00	-7.288	271	4.192	1.001
6.285	5.948e+00	-7.395	256	4.201	0.990
6.285	7.852e+00	-7.508	241	4.210	0.980
6.285	1.000e+01	-7.611	229	4.218	0.971
7.333	1.041e-04	-2.194	2670	3.138	3.637
7.333	1.355e-04	-2.285	2638	3.207	3.357
7.333	1.788e-04	-2.380	2603	3.279	3.090
7.333	2.341e-04	-2.472	2568	3.348	2.857
7.333	3.073e-04	-2.564	2532	3.415	2.643
7.333	4.024e-04	-2.655	2496	3.482	2.449
7.333	5.259e-04	-2.745	2459	3.546	2.273
7.333	6.914e-04	-2.854	2397	3.610	2.112
7.333	9.054e-04	-2.972	2317	3.669	1.973
7.333	1.185e-03	-3.095	2226	3.724	1.853
7.333	1.564e-03	-3.224	2130	3.775	1.746
7.333	2.061e-03	-3.368	2014	3.822	1.655
7.333	2.709e-03	-3.518	1891	3.863	1.579
7.333	3.561e-03	-3.677	1762	3.899	1.514
7.333	4.680e-03	-3.801	1673	3.932	1.457
7.333	6.190e-03	-3.958	1556	3.963	1.406
7.333	8.138e-03	-4.117	1442	3.990	1.364
7.333	1.070e-02	-4.281	1329	4.013	1.327
7.333	1.406e-02	-4.438	1229	4.034	1.296
7.333	1.842e-02	-4.582	1144	4.053	1.268
7.333	2.407e-02	-4.724	1064	4.070	1.244
7.333	3.164e-02	-4.864	991	4.086	1.221
7.333	4.144e-02	-5.000	924	4.101	1.200
7.333	5.424e-02	-5.133	863	4.115	1.181
7.333	7.174e-02	-5.271	804	4.129	1.162
7.333	9.487e-02	-5.404	750	4.142	1.145
7.333	1.247e-01	-5.537	699	4.154	1.129
7.333	1.639e-01	-5.705	639	4.165	1.115
7.333	2.164e-01	-5.853	590	4.175	1.102
7.333	2.833e-01	-5.978	552	4.184	1.090
7.333	3.746e-01	-6.137	506	4.193	1.079
7.333	4.955e-01	-6.241	480	4.202	1.068
7.333	6.553e-01	-6.384	444	4.211	1.058
7.333	8.649e-01	-6.536	409	4.218	1.048
7.333	1.139e+00	-6.682	377	4.226	1.040
7.333	1.497e+00	-6.804	353	4.233	1.031
7.333	1.969e+00	-6.906	334	4.240	1.023
7.333	2.588e+00	-6.999	318	4.247	1.014
7.333	3.422e+00	-7.090	303	4.255	1.005
7.333	4.517e+00	-7.187	288	4.263	0.996
7.333	5.950e+00	-7.290	273	4.272	0.986
7.333	7.820e+00	-7.397	258	4.280	0.976
7.333	1.000e+01	-7.495	245	4.288	0.967
8.381	1.022e-04	-2.091	2734	3.134	3.906
8.381	1.334e-04	-2.184	2701	3.206	3.595
8.381	1.750e-04	-2.279	2665	3.277	3.311
8.381	2.301e-04	-2.373	2629	3.348	3.053
8.381	3.025e-04	-2.467	2592	3.417	2.820
8.381	3.961e-04	-2.558	2555	3.484	2.611
8.381	5.176e-04	-2.647	2521	3.549	2.422
8.381	6.752e-04	-2.736	2485	3.613	2.249
8.381	8.912e-04	-2.842	2427	3.679	2.086
8.381	1.165e-03	-2.954	2356	3.738	1.947
8.381	1.537e-03	-3.085	2258	3.795	1.824
8.381	2.025e-03	-3.213	2161	3.847	1.718
8.381	2.662e-03	-3.357	2044	3.894	1.628
8.381	3.499e-03	-3.503	1924	3.936	1.552
8.381	4.599e-03	-3.672	1783	3.972	1.488
8.381	6.071e-03	-3.791	1697	4.006	1.431
8.381	7.997e-03	-3.945	1581	4.037	1.381
8.381	1.051e-02	-4.106	1464	4.064	1.339
8.381	1.379e-02	-4.268	1352	4.087	1.304
8.381	1.813e-02	-4.422	1252	4.108	1.272
8.381	2.384e-02	-4.569	1163	4.127	1.245
8.381	3.133e-02	-4.715	1080	4.144	1.220
8.381	4.119e-02	-4.855	1005	4.160	1.198
8.381	5.414e-02	-4.994	936	4.175	1.178
8.381	7.061e-02	-5.123	876	4.189	1.159
8.381	9.321e-02	-5.270	811	4.202	1.141
8.381	1.233e-01	-5.396	760	4.215	1.125
8.381	1.614e-01	-5.531	708	4.227	1.110
8.381	2.134e-01	-5.706	644	4.238	1.095
8.381	2.817e-01	-5.846	598	4.248	1.083
8.381	3.711e-01	-6.007	548	4.257	1.071
8.381	4.877e-01	-6.118	516	4.266	1.061
8.381	6.450e-01	-6.246	482	4.275	1.050
8.381	8.530e-01	-6.393	445	4.283	1.040
8.381	1.122e+00	-6.541	411	4.291	1.031
8.381	1.474e+00	-6.692	378	4.298	1.023
8.381	1.946e+00	-6.811	354	4.305	1.015
8.381	2.563e+00	-6.918	335	4.312	1.007
8.381	3.369e+00	-7.009	319	4.319	0.998
8.381	4.446e+00	-7.101	304	4.326	0.990
8.381	5.857e+00	-7.195	289	4.334	0.981
8.381	7.698e+00	-7.297	274	4.343	0.971
8.381	1.000e+01	-7.399	259	4.351	0.963
9.428	1.035e-04	-2.008	2789	3.136	4.131
9.428	1.355e-04	-2.105	2754	3.211	3.789
9.428	1.788e-04	-2.203	2716	3.286	3.478
9.428	2.341e-04	-2.297	2679	3.356	3.209
9.428	3.048e-04	-2.388	2643	3.423	2.969
9.428	4.001e-04	-2.481	2606	3.491	2.745
9.428	5.239e-04	-2.570	2571	3.558	2.543
9.428	6.858e-04	-2.660	2537	3.624	2.357
9.428	8.930e-04	-2.750	2499	3.687	2.191
9.428	1.179e-03	-2.855	2441	3.752	2.033
9.428	1.543e-03	-2.970	2365	3.812	1.897
9.428	2.041e-03	-3.098	2270	3.869	1.776
9.428	2.694e-03	-3.230	2168	3.921	1.673
9.428	3.520e-03	-3.373	2050	3.967	1.589
9.428	4.628e-03	-3.516	1933	4.008	1.515
9.428	6.083e-03	-3.675	1801	4.044	1.453
9.428	8.030e-03	-3.806	1702	4.077	1.398
9.428	1.051e-02	-3.957	1587	4.106	1.352
9.428	1.388e-02	-4.117	1470	4.133	1.312
9.428	1.828e-02	-4.276	1359	4.156	1.277
9.428	2.402e-02	-4.421	1265	4.176	1.248
9.428	3.158e-02	-4.565	1177	4.194	1.222
9.428	4.151e-02	-4.706	1095	4.211	1.199
9.428	5.458e-02	-4.841	1023	4.226	1.178
9.428	7.173e-02	-4.973	955	4.241	1.159
9.428	9.356e-02	-5.103	893	4.254	1.141
9.428	1.235e-01	-5.245	829	4.267	1.125
9.428	1.614e-01	-5.361	781	4.278	1.109
9.428	2.122e-01	-5.499	726	4.290	1.095
9.428	2.806e-01	-5.664	665	4.301	1.081
9.428	3.688e-01	-5.800	618	4.311	1.069
9.428	4.868e-01	-5.957	568	4.320	1.057
9.428	6.413e-01	-6.076	533	4.329	1.047
9.428	8.481e-01	-6.212	495	4.338	1.036
9.428	1.115e+00	-6.364	456	4.346	1.027
9.428	1.463e+00	-6.507	422	4.353	1.017
9.428	1.923e+00	-6.667	386	4.361	1.009
9.428	2.538e+00	-6.794	360	4.368	1.001
9.428	3.343e+00	-6.915	338	4.375	0.993
9.428	4.394e+00	-7.012	320	4.382	0.984
9.428	5.800e+00	-7.106	305	4.390	0.976
9.428	7.593e+00	-7.200	290	4.398	0.967
9.428	1.000e+01	-7.306	274	4.406	0.958
10.476	1.019e-04	-1.936	2821	3.131	4.382
10.476	1.329e-04	-2.020	2807	3.206	4.019
10.476	1.758e-04	-2.121	2768	3.283	3.678
10.476	2.311e-04	-2.218	2730	3.356	3.383
10.476	3.037e-04	-2.313	2692	3.426	3.120
10.476	3.962e-04	-2.405	2655	3.493	2.887
10.476	5.230e-04	-2.497	2619	3.563	2.666
10.476	6.846e-04	-2.587	2584	3.629	2.470
10.476	9.037e-04	-2.680	2547	3.697	2.285
10.476	1.183e-03	-2.774	2504	3.761	2.121
10.476	1.553e-03	-2.878	2445	3.824	1.974
10.476	2.041e-03	-2.993	2368	3.884	1.842
10.476	2.694e-03	-3.122	2272	3.940	1.726
10.476	3.526e-03	-3.253	2168	3.990	1.630
10.476	4.664e-03	-3.396	2050	4.035	1.547
10.476	6.156e-03	-3.541	1929	4.075	1.477
10.476	8.109e-03	-3.677	1819	4.109	1.421
10.476	1.066e-02	-3.811	1714	4.140	1.372
10.476	1.407e-02	-3.951	1606	4.167	1.330
10.476	1.842e-02	-4.083	1507	4.189	1.296
10.476	2.431e-02	-4.213	1415	4.209	1.267
10.476	3.182e-02	-4.332	1334	4.225	1.243
10.476	4.177e-02	-4.440	1264	4.240	1.222
10.476	5.490e-02	-4.549	1197	4.254	1.203
10.476	7.218e-02	-4.653	1135	4.266	1.186
10.476	9.486e-02	-4.753	1079	4.278	1.170
10.476	1.247e-01	-4.855	1024	4.289	1.155
10.476	1.633e-01	-4.956	972	4.300	1.141
10.476	2.138e-01	-5.068	918	4.311	1.126
10.476	2.828e-01	-5.191	860	4.322	1.112
10.476	3.739e-01	-5.313	807	4.334	1.097
10.476	4.936e-01	-5.459	748	4.346	1.082
10.476	6.528e-01	-5.622	685	4.358	1.067
10.476	8.633e-01	-5.776	631	4.369	1.054
10.476	1.137e+00	-5.950	574	4.379	1.041
10.476	1.495e+00	-6.097	531	4.390	1.029
10.476	1.950e+00	-6.274	482	4.399	1.017
10.476	2.578e+00	-6.444	440	4.409	1.007
10.476	3.403e+00	-6.640	395	4.417	0.996
10.476	4.501e+00	-6.797	362	4.426	0.987
10.476	5.952e+00	-6.947	334	4.435	0.977
10.476	7.872e+00	-7.067	313	4.444	0.966
10.476	1.000e+01	-7.163	298	4.452	0.957
11.523	1.012e-04	-1.878	2836	3.123	4.639
11.523	1.331e-04	-1.954	2839	3.201	4.242
11.523	1.736e-04	-2.042	2819	3.276	3.888
11.523	2.291e-04	-2.144	2778	3.353	3.561
11.523	2.999e-04	-2.239	2739	3.424	3.280
11.523	3.905e-04	-2.331	2702	3.492	3.033
11.523	5.125e-04	-2.423	2666	3.561	2.801
11.523	6.736e-04	-2.515	2630	3.629	2.590
11.523	8.786e-04	-2.604	2594	3.695	2.402
11.523	1.144e-03	-2.693	2558	3.759	2.231
11.523	1.502e-03	-2.790	2511	3.824	2.070
11.523	1.973e-03	-2.895	2451	3.886	1.927
11.523	2.595e-03	-3.003	2382	3.945	1.800
11.523	3.410e-03	-3.130	2285	3.999	1.691
11.523	4.501e-03	-3.258	2182	4.048	1.600
11.523	5.893e-03	-3.383	2078	4.087	1.528
11.523	7.778e-03	-3.502	1978	4.121	1.470
11.523	1.025e-02	-3.613	1885	4.148	1.425
11.523	1.347e-02	-3.687	1829	4.170	1.390
11.523	1.781e-02	-3.774	1758	4.188	1.361
11.523	2.323e-02	-3.842	1704	4.202	1.339
11.523	3.066e-02	-3.914	1648	4.216	1.318
11.523	4.039e-02	-3.992	1588	4.230	1.297
11.523	5.289e-02	-4.080	1523	4.245	1.275
11.523	6.968e-02	-4.198	1437	4.262	1.249
11.523	9.157e-02	-4.341	1340	4.283	1.220
11.523	1.194e-01	-4.511	1230	4.305	1.190
11.523	1.580e-01	-4.711	1112	4.329	1.157
11.523	2.089e-01	-4.921	998	4.352	1.127
11.523	2.747e-01	-5.135	893	4.372	1.101
11.523	3.633e-01	-5.343	801	4.391	1.077
11.523	4.774e-01	-5.542	721	4.407	1.058
11.523	6.302e-01	-5.731	651	4.420	1.042
11.523	8.301e-01	-5.921	588	4.432	1.028
11.523	1.091e+00	-6.083	539	4.443	1.015
11.523	1.423e+00	-6.265	488	4.452	1.004
11.523	1.882e+00	-6.411	451	4.461	0.994
11.523	2.484e+00	-6.594	408	4.469	0.985
11.523	3.285e+00	-6.735	377	4.476	0.977
11.523	4.345e+00	-6.875	349	4.483	0.969
11.523	5.746e+00	-6.979	330	4.490	0.962
11.523	7.569e+00	-7.069	315	4.497	0.954
11.523	1.000e+01	-7.161	300	4.505	0.945
12.047	1.033e-04	-1.859	2843	3.128	4.716
12.047	1.353e-04	-1.934	2846	3.204	4.320
12.047	1.762e-04	-2.014	2839	3.280	3.960
12.047	2.325e-04	-2.116	2798	3.357	3.624
12.047	3.044e-04	-2.213	2759	3.429	3.335
12.047	4.018e-04	-2.310	2719	3.501	3.070
12.047	5.260e-04	-2.401	2684	3.569	2.837
12.047	6.904e-04	-2.493	2647	3.637	2.623
12.047	9.041e-04	-2.583	2611	3.704	2.429
12.047	1.181e-03	-2.673	2574	3.769	2.254
12.047	1.553e-03	-2.768	2531	3.835	2.090
12.047	2.042e-03	-2.872	2471	3.897	1.945
12.047	2.695e-03	-2.979	2406	3.957	1.815
12.047	3.528e-03	-3.094	2321	4.011	1.706
12.047	4.657e-03	-3.211	2230	4.058	1.616
12.047	6.096e-03	-3.324	2135	4.095	1.548
12.047	8.047e-03	-3.420	2055	4.125	1.497
12.047	1.053e-02	-3.498	1990	4.146	1.460
12.047	1.391e-02	-3.567	1931	4.163	1.432
12.047	1.820e-02	-3.617	1891	4.177	1.409
12.047	2.407e-02	-3.671	1850	4.193	1.384
12.047	3.178e-02	-3.759	1777	4.211	1.355
12.047	4.160e-02	-3.865	1694	4.233	1.321
12.047	5.501e-02	-4.023	1571	4.261	1.279
12.047	7.276e-02	-4.230	1420	4.293	1.233
12.047	9.604e-02	-4.459	1268	4.325	1.189
12.047	1.270e-01	-4.698	1123	4.353	1.150
12.047	1.663e-01	-4.914	1006	4.377	1.119
12.047	2.195e-01	-5.128	900	4.398	1.093
12.047	2.873e-01	-5.323	812	4.415	1.072
12.047	3.771e-01	-5.502	739	4.429	1.054
12.047	4.956e-01	-5.675	674	4.442	1.039
12.047	6.542e-01	-5.849	613	4.453	1.025
12.047	8.618e-01	-6.004	564	4.463	1.013
12.047	1.133e+00	-6.158	519	4.473	1.003
12.047	1.495e+00	-6.325	474	4.481	0.993
12.047	1.957e+00	-6.458	441	4.488	0.985
12.047	2.588e+00	-6.639	399	4.495	0.977
12.047	3.417e+00	-6.758	374	4.502	0.969
12.047	4.518e+00	-6.886	349	4.509	0.962
12.047	5.952e+00	-6.982	331	4.515	0.955
12.047	7.823e+00	-7.067	316	4.522	0.947
12.047	1.000e+01	-7.147	303	4.529	0.940
12.571	1.043e-04	-1.839	2850	3.130	4.806
12.571	1.372e-04	-1.914	2853	3.207	4.397
12.571	1.797e-04	-1.991	2853	3.284	4.025
12.571	2.367e-04	-2.091	2817	3.361	3.682
12.571	3.110e-04	-2.189	2776	3.435	3.382
12.571	4.057e-04	-2.283	2738	3.504	3.122
12.571	5.355e-04	-2.377	2702	3.576	2.877
12.571	7.011e-04	-2.468	2665	3.643	2.661
12.571	9.128e-04	-2.557	2630	3.709	2.468
12.571	1.187e-03	-2.645	2593	3.773	2.293
12.571	1.558e-03	-2.737	2554	3.838	2.127
12.571	2.047e-03	-2.839	2497	3.901	1.978
12.571	2.702e-03	-2.943	2436	3.961	1.845
12.571	3.537e-03	-3.044	2369	4.014	1.736
12.571	4.669e-03	-3.153	2284	4.060	1.647
12.571	6.102e-03	-3.241	2214	4.094	1.584
12.571	8.022e-03	-3.318	2149	4.119	1.539
12.571	1.051e-02	-3.374	2102	4.136	1.509
12.571	1.373e-02	-3.423	2060	4.151	1.483
12.571	1.791e-02	-3.478	2014	4.166	1.458
12.571	2.350e-02	-3.554	1950	4.186	1.425
12.571	3.089e-02	-3.652	1873	4.214	1.380
12.571	4.077e-02	-3.831	1727	4.252	1.321
12.571	5.392e-02	-4.072	1541	4.295	1.257
12.571	7.132e-02	-4.340	1351	4.334	1.201
12.571	9.431e-02	-4.593	1189	4.366	1.158
12.571	1.235e-01	-4.805	1068	4.391	1.125
12.571	1.630e-01	-5.002	965	4.411	1.099
12.571	2.134e-01	-5.180	879	4.428	1.078
12.571	2.816e-01	-5.366	797	4.443	1.060
12.571	3.710e-01	-5.520	735	4.455	1.045
12.571	4.876e-01	-5.679	675	4.467	1.031
12.571	6.436e-01	-5.840	619	4.478	1.018
12.571	8.478e-01	-5.989	571	4.487	1.007
12.571	1.114e+00	-6.136	527	4.496	0.997
12.571	1.471e+00	-6.300	482	4.504	0.988
12.571	1.937e+00	-6.423	451	4.511	0.980
12.571	2.546e+00	-6.601	409	4.518	0.972
12.571	3.368e+00	-6.723	382	4.525	0.965
12.571	4.445e+00	-6.854	356	4.531	0.958
12.571	5.819e+00	-6.947	338	4.537	0.951
12.571	7.681e+00	-7.042	322	4.544	0.943
12.571	1.000e+01	-7.127	308	4.551	0.936
13.095	1.018e-04	-1.810	2856	3.123	4.946
13.095	1.332e-04	-1.884	2859	3.198	4.535
13.095	1.758e-04	-1.961	2861	3.277	4.142
13.095	2.302e-04	-2.049	2841	3.353	3.794
13.095	3.044e-04	-2.152	2800	3.430	3.473
13.095	3.971e-04	-2.246	2761	3.500	3.203
13.095	5.241e-04	-2.341	2724	3.571	2.950
13.095	6.861e-04	-2.433	2688	3.640	2.727
13.095	9.057e-04	-2.526	2650	3.709	2.519
13.095	1.186e-03	-2.617	2613	3.775	2.335
13.095	1.565e-03	-2.710	2573	3.841	2.162
13.095	2.045e-03	-2.806	2524	3.904	2.013
13.095	2.689e-03	-2.905	2466	3.963	1.881
13.095	3.534e-03	-2.995	2413	4.015	1.771
13.095	4.647e-03	-3.090	2341	4.057	1.686
13.095	6.107e-03	-3.162	2285	4.087	1.629
13.095	7.966e-03	-3.212	2246	4.108	1.591
13.095	1.051e-02	-3.259	2208	4.124	1.561
13.095	1.376e-02	-3.309	2165	4.141	1.532
13.095	1.807e-02	-3.379	2106	4.162	1.495
13.095	2.389e-02	-3.492	2010	4.194	1.440
13.095	3.140e-02	-3.657	1877	4.240	1.366
13.095	4.153e-02	-3.931	1654	4.295	1.283
13.095	5.482e-02	-4.215	1442	4.341	1.217
13.095	7.176e-02	-4.451	1283	4.373	1.172
13.095	9.472e-02	-4.663	1152	4.399	1.138
13.095	1.240e-01	-4.846	1050	4.420	1.111
13.095	1.637e-01	-5.023	958	4.437	1.089
13.095	2.139e-01	-5.183	881	4.452	1.070
13.095	2.824e-01	-5.361	802	4.466	1.053
13.095	3.696e-01	-5.498	746	4.478	1.039
13.095	4.879e-01	-5.654	686	4.489	1.025
13.095	6.376e-01	-5.804	633	4.499	1.014
13.095	8.383e-01	-5.954	584	4.509	1.003
13.095	1.102e+00	-6.099	540	4.517	0.993
13.095	1.454e+00	-6.263	493	4.525	0.984
13.095	1.923e+00	-6.386	462	4.533	0.975
13.095	2.518e+00	-6.556	420	4.540	0.968
13.095	3.305e+00	-6.682	392	4.546	0.961
13.095	4.370e+00	-6.812	365	4.553	0.954
13.095	5.744e+00	-6.914	346	4.559	0.947
13.095	7.597e+00	-7.016	327	4.565	0.940
13.095	1.000e+01	-7.106	312	4.572	0.932
13.618	1.008e-04	-1.787	2862	3.120	5.060
13.618	1.330e-04	-1.862	2865	3.197	4.630
13.618	1.741e-04	-1.937	2867	3.273	4.242
13.618	2.298e-04	-2.019	2862	3.352	3.874
13.618	3.004e-04	-2.118	2821	3.426	3.557
13.618	3.949e-04	-2.216	2781	3.499	3.269
13.618	5.171e-04	-2.309	2745	3.569	3.016
13.618	6.770e-04	-2.401	2708	3.638	2.787
13.618	8.815e-04	-2.490	2673	3.704	2.583
13.618	1.157e-03	-2.581	2635	3.771	2.391
13.618	1.521e-03	-2.673	2595	3.837	2.217
13.618	1.983e-03	-2.763	2555	3.899	2.064
13.618	2.618e-03	-2.862	2498	3.959	1.927
13.618	3.421e-03	-2.946	2448	4.008	1.820
13.618	4.498e-03	-3.017	2405	4.048	1.738
13.618	5.912e-03	-3.078	2358	4.075	1.685
13.618	7.711e-03	-3.119	2327	4.093	1.651
13.618	1.002e-02	-3.157	2298	4.109	1.621
13.618	1.316e-02	-3.206	2260	4.129	1.584
13.618	1.729e-02	-3.293	2187	4.159	1.529
13.618	2.287e-02	-3.453	2050	4.207	1.448
13.618	3.019e-02	-3.692	1853	4.271	1.345
13.618	3.976e-02	-3.981	1621	4.327	1.260
13.618	5.226e-02	-4.235	1433	4.367	1.204
13.618	6.817e-02	-4.440	1295	4.395	1.165
13.618	8.998e-02	-4.634	1174	4.419	1.134
13.618	1.178e-01	-4.806	1075	4.439	1.109
13.618	1.555e-01	-4.972	987	4.456	1.087
13.618	2.035e-01	-5.132	908	4.471	1.068
13.618	2.687e-01	-5.308	827	4.485	1.051
13.618	3.553e-01	-5.451	767	4.497	1.037
13.618	4.652e-01	-5.595	711	4.508	1.023
13.618	6.140e-01	-5.749	654	4.519	1.011
13.618	8.038e-01	-5.898	604	4.528	1.000
13.618	1.061e+00	-6.045	558	4.537	0.990
13.618	1.398e+00	-6.210	509	4.545	0.981
13.618	1.848e+00	-6.337	476	4.553	0.972
13.618	2.429e+00	-6.496	436	4.560	0.964
13.618	3.213e+00	-6.638	403	4.567	0.957
13.618	4.241e+00	-6.761	377	4.573	0.950
13.618	5.586e+00	-6.875	354	4.579	0.943
13.618	7.342e+00	-6.979	335	4.585	0.936
13.618	9.710e+00	-7.074	318	4.592	0.929
14.142	1.005e-04	-1.766	2868	3.119	5.160
14.142	1.315e-04	-1.838	2871	3.194	4.737
14.142	1.736e-04	-1.915	2873	3.272	4.330
14.142	2.269e-04	-1.991	2873	3.347	3.969
14.142	2.995e-04	-2.088	2841	3.425	3.628
14.142	3.945e-04	-2.188	2800	3.500	3.330
14.142	5.166e-04	-2.281	2763	3.570	3.070
14.142	6.763e-04	-2.374	2727	3.639	2.836
14.142	8.927e-04	-2.468	2689	3.709	2.617
14.142	1.169e-03	-2.559	2651	3.775	2.424
14.142	1.543e-03	-2.652	2612	3.842	2.245
14.142	2.016e-03	-2.739	2574	3.904	2.091
14.142	2.629e-03	-2.829	2524	3.960	1.960
14.142	3.471e-03	-2.910	2476	4.008	1.855
14.142	4.543e-03	-2.967	2442	4.041	1.785
14.142	5.997e-03	-3.007	2418	4.064	1.739
14.142	7.837e-03	-3.043	2392	4.081	1.706
14.142	1.022e-02	-3.082	2362	4.099	1.671
14.142	1.349e-02	-3.147	2313	4.127	1.617
14.142	1.778e-02	-3.270	2215	4.175	1.531
14.142	2.336e-02	-3.507	2012	4.245	1.412
14.142	3.084e-02	-3.787	1781	4.313	1.305
14.142	4.037e-02	-4.032	1589	4.359	1.238
14.142	5.329e-02	-4.259	1422	4.393	1.191
14.142	6.976e-02	-4.450	1293	4.419	1.155
14.142	9.156e-02	-4.628	1182	4.441	1.126
14.142	1.203e-01	-4.795	1085	4.460	1.102
14.142	1.582e-01	-4.954	1000	4.477	1.081
14.142	2.079e-01	-5.113	920	4.492	1.062
14.142	2.734e-01	-5.288	839	4.505	1.046
14.142	3.616e-01	-5.429	779	4.518	1.032
14.142	4.752e-01	-5.574	721	4.529	1.018
14.142	6.237e-01	-5.723	666	4.539	1.006
14.142	8.197e-01	-5.872	614	4.549	0.995
14.142	1.078e+00	-6.017	568	4.558	0.985
14.142	1.416e+00	-6.181	519	4.566	0.976
14.142	1.848e+00	-6.304	486	4.573	0.968
14.142	2.439e+00	-6.458	446	4.580	0.960
14.142	3.213e+00	-6.605	412	4.587	0.953
14.142	4.222e+00	-6.722	386	4.593	0.946
14.142	5.584e+00	-6.847	361	4.599	0.939
14.142	7.385e+00	-6.955	340	4.606	0.932
14.142	9.632e+00	-7.050	323	4.612	0.925
14.666	1.026e-04	-1.753	2874	3.125	5.219
14.666	1.349e-04	-1.826	2877	3.200	4.787
14.666	1.760e-04	-1.899	2879	3.275	4.394
14.666	2.323e-04	-1.977	2879	3.353	4.015
14.666	3.041e-04	-2.066	2857	3.429	3.679
14.666	3.991e-04	-2.165	2817	3.503	3.378
14.666	5.245e-04	-2.261	2779	3.575	3.109
14.666	6.841e-04	-2.352	2743	3.643	2.874
14.666	8.979e-04	-2.444	2706	3.712	2.655
14.666	1.176e-03	-2.535	2668	3.779	2.459
14.666	1.537e-03	-2.625	2630	3.843	2.284
14.666	2.020e-03	-2.713	2592	3.906	2.125
14.666	2.646e-03	-2.795	2550	3.960	1.995
14.666	3.463e-03	-2.867	2508	4.003	1.900
14.666	4.546e-03	-2.916	2479	4.031	1.838
14.666	5.974e-03	-2.948	2460	4.050	1.799
14.666	7.793e-03	-2.977	2442	4.067	1.765
14.666	1.029e-02	-3.019	2417	4.090	1.718
14.666	1.360e-02	-3.104	2354	4.130	1.642
14.666	1.792e-02	-3.278	2216	4.199	1.515
14.666	2.355e-02	-3.559	1977	4.281	1.379
14.666	3.091e-02	-3.810	1769	4.340	1.289
14.666	4.063e-02	-4.036	1591	4.382	1.229
14.666	5.299e-02	-4.241	1439	4.412	1.186
14.666	6.995e-02	-4.429	1311	4.439	1.150
14.666	9.157e-02	-4.601	1202	4.460	1.122
14.666	1.209e-01	-4.768	1105	4.479	1.098
14.666	1.580e-01	-4.921	1021	4.496	1.077
14.666	2.077e-01	-5.079	940	4.511	1.059
14.666	2.730e-01	-5.253	857	4.524	1.042
14.666	3.603e-01	-5.396	795	4.537	1.028
14.666	4.765e-01	-5.542	736	4.548	1.014
14.666	6.277e-01	-5.694	679	4.559	1.002
14.666	8.219e-01	-5.837	628	4.568	0.991
14.666	1.074e+00	-5.979	582	4.577	0.981
14.666	1.412e+00	-6.138	533	4.585	0.972
14.666	1.856e+00	-6.274	496	4.593	0.964
14.666	2.450e+00	-6.421	457	4.600	0.955
14.666	3.240e+00	-6.577	420	4.607	0.948
14.666	4.242e+00	-6.692	394	4.613	0.941
14.666	5.610e+00	-6.822	367	4.619	0.935
14.666	7.405e+00	-6.929	346	4.626	0.928
14.666	9.694e+00	-7.032	328	4.632	0.921
15.190	1.033e-04	-1.736	2880	3.127	5.298
15.190	1.350e-04	-1.807	2883	3.201	4.870
15.190	1.775e-04	-1.882	2884	3.277	4.462
15.190	2.332e-04	-1.959	2885	3.353	4.085
15.190	3.042e-04	-2.040	2876	3.429	3.746
15.190	4.024e-04	-2.142	2834	3.506	3.428
15.190	5.290e-04	-2.238	2796	3.578	3.153
15.190	6.953e-04	-2.332	2758	3.649	2.907
15.190	9.069e-04	-2.423	2722	3.716	2.690
15.190	1.181e-03	-2.512	2684	3.782	2.495
15.190	1.559e-03	-2.604	2645	3.848	2.311
15.190	2.040e-03	-2.689	2608	3.908	2.156
15.190	2.657e-03	-2.762	2575	3.959	2.034
15.190	3.507e-03	-2.826	2538	3.998	1.944
15.190	4.591e-03	-2.866	2515	4.022	1.892
15.190	6.026e-03	-2.894	2498	4.038	1.857
15.190	7.920e-03	-2.925	2479	4.057	1.818
15.190	1.045e-02	-2.976	2449	4.086	1.757
15.190	1.368e-02	-3.080	2379	4.139	1.653
15.190	1.810e-02	-3.319	2188	4.233	1.483
15.190	2.380e-02	-3.581	1965	4.309	1.359
15.190	3.127e-02	-3.816	1770	4.362	1.279
15.190	4.128e-02	-4.032	1600	4.402	1.221
15.190	5.404e-02	-4.231	1452	4.432	1.179
15.190	7.133e-02	-4.413	1327	4.458	1.145
15.190	9.397e-02	-4.586	1216	4.480	1.117
15.190	1.231e-01	-4.745	1121	4.498	1.093
15.190	1.611e-01	-4.899	1036	4.515	1.072
15.190	2.126e-01	-5.059	954	4.530	1.054
15.190	2.784e-01	-5.228	872	4.544	1.038
15.190	3.681e-01	-5.374	807	4.556	1.023
15.190	4.859e-01	-5.520	747	4.567	1.009
15.190	6.361e-01	-5.668	690	4.578	0.998
15.190	8.349e-01	-5.809	640	4.587	0.987
15.190	1.097e+00	-5.955	591	4.596	0.976
15.190	1.443e+00	-6.111	543	4.605	0.967
15.190	1.908e+00	-6.255	502	4.612	0.959
15.190	2.508e+00	-6.397	465	4.620	0.951
15.190	3.316e+00	-6.555	426	4.626	0.943
15.190	4.378e+00	-6.674	399	4.633	0.936
15.190	5.767e+00	-6.805	372	4.639	0.930
15.190	7.551e+00	-6.910	351	4.645	0.923
15.190	9.947e+00	-7.020	331	4.651	0.917
15.713	1.041e-04	-1.719	2888	3.130	5.373
15.713	1.357e-04	-1.791	2888	3.202	4.944
15.713	1.792e-04	-1.867	2890	3.279	4.526
15.713	2.345e-04	-1.942	2890	3.354	4.150
15.713	3.078e-04	-2.020	2889	3.431	3.798
15.713	4.031e-04	-2.117	2851	3.506	3.485
15.713	5.268e-04	-2.212	2814	3.578	3.208
15.713	6.926e-04	-2.307	2776	3.649	2.956
15.713	9.070e-04	-2.399	2738	3.718	2.731
15.713	1.187e-03	-2.490	2700	3.784	2.529
15.713	1.546e-03	-2.577	2663	3.847	2.353
15.713	2.041e-03	-2.662	2626	3.908	2.194
15.713	2.672e-03	-2.731	2596	3.957	2.074
15.713	3.526e-03	-2.782	2571	3.991	1.994
15.713	4.617e-03	-2.816	2551	4.011	1.948
15.713	6.059e-03	-2.843	2534	4.027	1.913
15.713	7.935e-03	-2.878	2513	4.048	1.868
15.713	1.039e-02	-2.938	2477	4.083	1.794
15.713	1.371e-02	-3.075	2389	4.156	1.648
15.713	1.806e-02	-3.337	2179	4.259	1.465
15.713	2.374e-02	-3.577	1976	4.328	1.352
15.713	3.116e-02	-3.798	1791	4.379	1.276
15.713	4.080e-02	-3.998	1632	4.417	1.221
15.713	5.341e-02	-4.194	1483	4.447	1.179
15.713	7.050e-02	-4.373	1358	4.473	1.144
15.713	9.287e-02	-4.546	1245	4.496	1.115
15.713	1.221e-01	-4.707	1147	4.515	1.091
15.713	1.592e-01	-4.859	1061	4.531	1.070
15.713	2.090e-01	-5.014	980	4.547	1.051
15.713	2.746e-01	-5.180	897	4.561	1.035
15.713	3.625e-01	-5.335	827	4.573	1.020
15.713	4.775e-01	-5.478	767	4.585	1.007
15.713	6.276e-01	-5.628	707	4.595	0.994
15.713	8.186e-01	-5.765	657	4.605	0.984
15.713	1.081e+00	-5.912	607	4.614	0.973
15.713	1.415e+00	-6.057	561	4.622	0.964
15.713	1.871e+00	-6.214	515	4.630	0.955
15.713	2.474e+00	-6.352	478	4.638	0.947
15.713	3.266e+00	-6.516	436	4.644	0.940
15.713	4.302e+00	-6.636	409	4.651	0.933
15.713	5.654e+00	-6.771	380	4.657	0.926
15.713	7.421e+00	-6.874	359	4.663	0.920
15.713	9.753e+00	-6.994	336	4.669	0.913
16.237	1.022e-04	-1.695	2896	3.126	5.489
16.237	1.336e-04	-1.769	2893	3.198	5.051
16.237	1.756e-04	-1.843	2895	3.273	4.632
16.237	2.308e-04	-1.919	2896	3.349	4.243
16.237	3.034e-04	-1.996	2896	3.426	3.883
16.237	3.974e-04	-2.087	2870	3.502	3.560
16.237	5.202e-04	-2.184	2832	3.575	3.272
16.237	6.866e-04	-2.280	2793	3.648	3.009
16.237	8.989e-04	-2.372	2756	3.717	2.780
16.237	1.186e-03	-2.466	2717	3.786	2.567
16.237	1.551e-03	-2.554	2679	3.849	2.387
16.237	2.022e-03	-2.633	2645	3.906	2.236
16.237	2.654e-03	-2.698	2617	3.951	2.121
16.237	3.489e-03	-2.740	2598	3.981	2.050
16.237	4.550e-03	-2.767	2585	3.999	2.007
16.237	6.007e-03	-2.794	2570	4.016	1.969
16.237	7.863e-03	-2.833	2546	4.040	1.916
16.237	1.032e-02	-2.908	2501	4.084	1.822
16.237	1.356e-02	-3.076	2395	4.176	1.638
16.237	1.790e-02	-3.332	2191	4.277	1.458
16.237	2.359e-02	-3.561	1995	4.344	1.350
16.237	3.089e-02	-3.770	1820	4.393	1.276
16.237	4.043e-02	-3.963	1665	4.431	1.221
16.237	5.347e-02	-4.164	1510	4.463	1.177
16.237	7.030e-02	-4.338	1386	4.489	1.143
16.237	9.240e-02	-4.510	1272	4.511	1.113
16.237	1.220e-01	-4.673	1171	4.531	1.088
16.237	1.597e-01	-4.827	1083	4.548	1.067
16.237	2.079e-01	-4.976	1002	4.563	1.049
16.237	2.744e-01	-5.141	919	4.578	1.032
16.237	3.615e-01	-5.301	844	4.590	1.017
16.237	4.751e-01	-5.443	783	4.602	1.003
16.237	6.271e-01	-5.596	722	4.613	0.991
16.237	8.210e-01	-5.734	670	4.622	0.980
16.237	1.078e+00	-5.877	621	4.631	0.970
16.237	1.416e+00	-6.023	573	4.640	0.960
16.237	1.869e+00	-6.182	526	4.648	0.951
16.237	2.472e+00	-6.317	489	4.655	0.943
16.237	3.257e+00	-6.482	446	4.662	0.936
16.237	4.280e+00	-6.605	417	4.669	0.929
16.237	5.660e+00	-6.743	387	4.675	0.922
16.237	7.486e+00	-6.852	364	4.681	0.916
16.237	9.881e+00	-6.979	340	4.687	0.909
16.761	1.039e-04	-1.682	2903	3.131	5.544
16.761	1.353e-04	-1.756	2899	3.202	5.108
16.761	1.786e-04	-1.831	2900	3.278	4.681
16.761	2.339e-04	-1.906	2901	3.352	4.295
16.761	3.045e-04	-1.979	2901	3.426	3.944
16.761	3.997e-04	-2.065	2886	3.503	3.611
16.761	5.253e-04	-2.163	2847	3.578	3.314
16.761	6.906e-04	-2.259	2809	3.650	3.049
16.761	9.077e-04	-2.353	2771	3.720	2.812
16.761	1.184e-03	-2.443	2733	3.786	2.606
16.761	1.563e-03	-2.533	2694	3.851	2.418
16.761	2.046e-03	-2.609	2661	3.906	2.270
16.761	2.700e-03	-2.668	2635	3.948	2.163
16.761	3.535e-03	-2.703	2620	3.973	2.102
16.761	4.640e-03	-2.727	2609	3.990	2.063
16.761	6.076e-03	-2.752	2598	4.007	2.021
16.761	7.899e-03	-2.796	2574	4.035	1.957
16.761	1.032e-02	-2.889	2518	4.090	1.837
16.761	1.346e-02	-3.081	2398	4.197	1.624
16.761	1.711e-02	-3.282	2242	4.281	1.475
16.761	2.258e-02	-3.514	2040	4.349	1.363
16.761	2.956e-02	-3.711	1875	4.400	1.286
16.761	3.910e-02	-3.910	1712	4.441	1.227
16.761	5.140e-02	-4.103	1561	4.473	1.182
16.761	6.756e-02	-4.278	1433	4.500	1.146
16.761	8.918e-02	-4.455	1312	4.524	1.115
16.761	1.167e-01	-4.615	1211	4.544	1.090
16.761	1.541e-01	-4.774	1117	4.562	1.067
16.761	2.017e-01	-4.925	1033	4.578	1.048
16.761	2.648e-01	-5.081	952	4.592	1.031
16.761	3.480e-01	-5.246	872	4.605	1.015
16.761	4.593e-01	-5.393	807	4.617	1.001
16.761	6.051e-01	-5.545	744	4.628	0.989
16.761	7.952e-01	-5.688	689	4.638	0.978
16.761	1.037e+00	-5.824	641	4.647	0.967
16.761	1.369e+00	-5.973	591	4.656	0.957
16.761	1.792e+00	-6.130	542	4.664	0.949
16.761	2.366e+00	-6.265	504	4.672	0.941
16.761	3.117e+00	-6.422	462	4.679	0.933
16.761	4.096e+00	-6.560	428	4.685	0.926
16.761	5.385e+00	-6.684	400	4.691	0.919
16.761	7.122e+00	-6.808	374	4.697	0.913
16.761	9.361e+00	-6.932	350	4.704	0.907
17.285	1.005e-04	-1.656	2911	3.122	5.684
17.285	1.316e-04	-1.731	2906	3.195	5.229
17.285	1.720e-04	-1.805	2905	3.267	4.810
17.285	2.262e-04	-1.880	2906	3.343	4.410
17.285	2.972e-04	-1.956	2906	3.419	4.039
17.285	3.908e-04	-2.034	2904	3.496	3.696
17.285	5.118e-04	-2.131	2867	3.571	3.392
17.285	6.699e-04	-2.226	2829	3.643	3.122
17.285	8.793e-04	-2.320	2791	3.713	2.879
17.285	1.151e-03	-2.411	2753	3.781	2.664
17.285	1.505e-03	-2.498	2716	3.843	2.479
17.285	1.963e-03	-2.572	2683	3.897	2.330
17.285	2.576e-03	-2.628	2659	3.937	2.225
17.285	3.386e-03	-2.662	2644	3.961	2.165
17.285	4.451e-03	-2.684	2634	3.977	2.125
17.285	5.851e-03	-2.711	2622	3.996	2.080
17.285	7.692e-03	-2.757	2601	4.027	2.005
17.285	1.011e-02	-2.868	2536	4.095	1.855
17.285	1.334e-02	-3.076	2407	4.213	1.620
17.285	1.747e-02	-3.290	2241	4.302	1.462
17.285	2.306e-02	-3.509	2050	4.367	1.357
17.285	3.019e-02	-3.699	1891	4.416	1.282
17.285	3.992e-02	-3.894	1730	4.457	1.223
17.285	5.249e-02	-4.084	1581	4.489	1.178
17.285	6.899e-02	-4.259	1451	4.516	1.142
17.285	9.106e-02	-4.434	1330	4.540	1.111
17.285	1.192e-01	-4.593	1228	4.560	1.086
17.285	1.565e-01	-4.749	1134	4.578	1.064
17.285	2.056e-01	-4.902	1049	4.594	1.044
17.285	2.682e-01	-5.055	968	4.609	1.027
17.285	3.540e-01	-5.222	886	4.622	1.011
17.285	4.664e-01	-5.370	819	4.634	0.997
17.285	6.130e-01	-5.521	756	4.645	0.985
17.285	8.045e-01	-5.664	700	4.655	0.974
17.285	1.057e+00	-5.801	650	4.664	0.963
17.285	1.390e+00	-5.950	600	4.673	0.953
17.285	1.827e+00	-6.108	550	4.681	0.944
17.285	2.412e+00	-6.246	511	4.689	0.936
17.285	3.157e+00	-6.396	470	4.696	0.929
17.285	4.144e+00	-6.539	435	4.702	0.922
17.285	5.480e+00	-6.663	406	4.709	0.915
17.285	7.248e+00	-6.791	379	4.715	0.909
17.285	9.525e+00	-6.916	354	4.721	0.902
17.809	1.001e-04	-1.638	2919	3.122	5.772
17.809	1.316e-04	-1.715	2913	3.195	5.305
17.809	1.724e-04	-1.789	2910	3.268	4.878
17.809	2.252e-04	-1.862	2911	3.341	4.484
17.809	2.961e-04	-1.938	2911	3.418	4.107
17.809	3.892e-04	-2.015	2911	3.494	3.760
17.809	5.117e-04	-2.108	2883	3.571	3.443
17.809	6.726e-04	-2.206	2844	3.644	3.163
17.809	8.878e-04	-2.302	2805	3.717	2.911
17.809	1.162e-03	-2.393	2767	3.784	2.694
17.809	1.525e-03	-2.479	2730	3.846	2.507
17.809	2.005e-03	-2.551	2698	3.898	2.361
17.809	2.636e-03	-2.600	2677	3.933	2.268
17.809	3.464e-03	-2.628	2665	3.953	2.217
17.809	4.519e-03	-2.649	2655	3.968	2.179
17.809	5.976e-03	-2.679	2642	3.990	2.125
17.809	7.888e-03	-2.737	2616	4.031	2.028
17.809	1.033e-02	-2.885	2532	4.121	1.827
17.809	1.355e-02	-3.084	2409	4.234	1.604
17.809	1.781e-02	-3.290	2247	4.320	1.454
17.809	2.342e-02	-3.499	2066	4.382	1.353
17.809	3.067e-02	-3.682	1912	4.431	1.279
17.809	4.015e-02	-3.868	1757	4.470	1.223
17.809	5.300e-02	-4.057	1606	4.503	1.177
17.809	6.938e-02	-4.231	1476	4.531	1.140
17.809	9.158e-02	-4.404	1355	4.555	1.109
17.809	1.199e-01	-4.563	1251	4.575	1.083
17.809	1.573e-01	-4.719	1156	4.593	1.061
17.809	2.068e-01	-4.872	1068	4.610	1.041
17.809	2.697e-01	-5.025	986	4.624	1.024
17.809	3.540e-01	-5.188	905	4.638	1.008
17.809	4.653e-01	-5.337	836	4.650	0.994
17.809	6.154e-01	-5.493	770	4.661	0.981
17.809	8.091e-01	-5.638	712	4.671	0.970
17.809	1.063e+00	-5.773	663	4.681	0.959
17.809	1.406e+00	-5.925	610	4.690	0.949
17.809	1.834e+00	-6.079	561	4.698	0.941
17.809	2.421e+00	-6.219	520	4.705	0.933
17.809	3.189e+00	-6.370	479	4.713	0.925
17.809	4.192e+00	-6.518	441	4.719	0.918
17.809	5.468e+00	-6.630	415	4.725	0.912
17.809	7.231e+00	-6.766	385	4.731	0.905
17.809	9.563e+00	-6.893	359	4.737	0.899
18.332	1.035e-04	-1.632	2925	3.132	5.790
18.332	1.367e-04	-1.709	2919	3.206	5.316
18.332	1.786e-04	-1.784	2915	3.278	4.893
18.332	2.330e-04	-1.856	2916	3.351	4.501
18.332	3.034e-04	-1.929	2916	3.424	4.137
18.332	3.982e-04	-2.005	2917	3.500	3.790
18.332	5.214e-04	-2.093	2895	3.576	3.474
18.332	6.826e-04	-2.189	2857	3.649	3.194
18.332	9.010e-04	-2.286	2818	3.721	2.939
18.332	1.177e-03	-2.376	2780	3.788	2.722
18.332	1.548e-03	-2.460	2743	3.849	2.536
18.332	2.027e-03	-2.526	2715	3.897	2.400
18.332	2.654e-03	-2.568	2696	3.927	2.318
18.332	3.483e-03	-2.593	2685	3.945	2.271
18.332	4.561e-03	-2.615	2676	3.960	2.231
18.332	6.008e-03	-2.649	2661	3.985	2.169
18.332	7.897e-03	-2.717	2630	4.033	2.053
18.332	1.038e-02	-2.894	2531	4.143	1.807
18.332	1.360e-02	-3.079	2418	4.249	1.600
18.332	1.791e-02	-3.274	2267	4.332	1.454
18.332	2.354e-02	-3.479	2088	4.394	1.354
18.332	3.089e-02	-3.657	1939	4.443	1.280
18.332	4.060e-02	-3.845	1780	4.483	1.222
18.332	5.338e-02	-4.029	1633	4.517	1.176
18.332	7.016e-02	-4.207	1498	4.545	1.138
18.332	9.225e-02	-4.374	1380	4.569	1.107
18.332	1.212e-01	-4.537	1272	4.590	1.081
18.332	1.581e-01	-4.689	1177	4.608	1.058
18.332	2.087e-01	-4.845	1087	4.625	1.038
18.332	2.733e-01	-5.000	1003	4.640	1.020
18.332	3.558e-01	-5.159	922	4.653	1.005
18.332	4.697e-01	-5.310	851	4.666	0.991
18.332	6.149e-01	-5.463	784	4.677	0.978
18.332	8.070e-01	-5.610	725	4.687	0.967
18.332	1.061e+00	-5.740	676	4.696	0.956
18.332	1.383e+00	-5.885	625	4.705	0.946
18.332	1.826e+00	-6.043	574	4.714	0.937
18.332	2.391e+00	-6.185	531	4.721	0.929
18.332	3.156e+00	-6.330	490	4.728	0.922
18.332	4.173e+00	-6.488	450	4.735	0.914
18.332	5.463e+00	-6.600	423	4.741	0.908
18.332	7.225e+00	-6.743	391	4.747	0.901
18.332	9.555e+00	-6.867	365	4.754	0.895
18.856	1.026e-04	-1.614	2932	3.130	5.883
18.856	1.348e-04	-1.690	2926	3.203	5.411
18.856	1.758e-04	-1.765	2920	3.274	4.985
18.856	2.308e-04	-1.839	2920	3.348	4.578
18.856	3.033e-04	-1.914	2921	3.424	4.198
18.856	3.987e-04	-1.990	2921	3.500	3.845
18.856	5.241e-04	-2.073	2910	3.577	3.519
18.856	6.836e-04	-2.169	2872	3.649	3.237
18.856	9.023e-04	-2.266	2832	3.722	2.977
18.856	1.179e-03	-2.355	2795	3.788	2.758
18.856	1.538e-03	-2.436	2760	3.847	2.578
18.856	2.019e-03	-2.499	2732	3.893	2.446
18.856	2.653e-03	-2.537	2716	3.920	2.370
18.856	3.461e-03	-2.559	2706	3.936	2.327
18.856	4.568e-03	-2.582	2696	3.953	2.282
18.856	5.980e-03	-2.619	2679	3.979	2.214
18.856	7.893e-03	-2.702	2642	4.038	2.069
18.856	9.936e-03	-2.862	2556	4.140	1.840
18.856	1.314e-02	-3.051	2441	4.249	1.623
18.856	1.728e-02	-3.226	2315	4.332	1.474
18.856	2.271e-02	-3.431	2136	4.397	1.369
18.856	2.962e-02	-3.596	1998	4.446	1.293
18.856	3.910e-02	-3.790	1831	4.489	1.231
18.856	5.118e-02	-3.966	1689	4.524	1.183
18.856	6.756e-02	-4.151	1544	4.554	1.143
18.856	8.844e-02	-4.315	1425	4.578	1.111
18.856	1.167e-01	-4.482	1311	4.601	1.082
18.856	1.528e-01	-4.637	1213	4.620	1.059
18.856	2.017e-01	-4.794	1119	4.637	1.038
18.856	2.641e-01	-4.947	1034	4.653	1.020
18.856	3.466e-01	-5.110	949	4.667	1.003
18.856	4.555e-01	-5.263	875	4.679	0.989
18.856	6.013e-01	-5.423	804	4.691	0.976
18.856	7.921e-01	-5.573	742	4.701	0.964
18.856	1.037e+00	-5.700	693	4.711	0.954
18.856	1.366e+00	-5.848	640	4.720	0.944
18.856	1.796e+00	-6.000	589	4.729	0.934
18.856	2.370e+00	-6.153	542	4.736	0.926
18.856	3.103e+00	-6.291	502	4.743	0.918
18.856	4.096e+00	-6.450	460	4.750	0.911
18.856	5.417e+00	-6.572	431	4.757	0.905
18.856	7.164e+00	-6.717	398	4.763	0.898
18.856	9.474e+00	-6.837	372	4.769	0.892
19.380	1.030e-04	-1.600	2938	3.132	5.950
19.380	1.353e-04	-1.676	2933	3.205	5.475
19.380	1.765e-04	-1.751	2926	3.276	5.045
19.380	2.330e-04	-1.827	2925	3.351	4.627
19.380	3.050e-04	-1.900	2925	3.425	4.250
19.380	4.026e-04	-1.977	2926	3.502	3.888
19.380	5.261e-04	-2.053	2924	3.577	3.565
19.380	6.944e-04	-2.154	2884	3.654	3.265
19.380	9.091e-04	-2.248	2845	3.725	3.009
19.380	1.200e-03	-2.340	2807	3.793	2.782
19.380	1.571e-03	-2.418	2773	3.850	2.605
19.380	2.062e-03	-2.475	2748	3.891	2.484
19.380	2.710e-03	-2.507	2734	3.914	2.419
19.380	3.535e-03	-2.528	2725	3.929	2.378
19.380	4.666e-03	-2.554	2714	3.948	2.327
19.380	6.108e-03	-2.598	2694	3.979	2.244
19.380	8.062e-03	-2.707	2645	4.056	2.053
19.380	1.055e-02	-2.904	2535	4.180	1.781
19.380	1.385e-02	-3.072	2434	4.277	1.594
19.380	1.821e-02	-3.244	2306	4.355	1.456
19.380	2.408e-02	-3.445	2129	4.418	1.355
19.380	3.140e-02	-3.606	1996	4.466	1.282
19.380	4.122e-02	-3.795	1832	4.507	1.222
19.380	5.417e-02	-3.972	1689	4.542	1.174
19.380	7.066e-02	-4.146	1552	4.570	1.137
19.380	9.327e-02	-4.315	1430	4.596	1.104
19.380	1.229e-01	-4.480	1317	4.618	1.076
19.380	1.615e-01	-4.637	1216	4.637	1.053
19.380	2.106e-01	-4.787	1127	4.654	1.032
19.380	2.743e-01	-4.937	1042	4.669	1.015
19.380	3.620e-01	-5.103	955	4.683	0.998
19.380	4.739e-01	-5.254	882	4.696	0.984
19.380	6.256e-01	-5.416	809	4.707	0.971
19.380	8.240e-01	-5.566	746	4.717	0.959
19.380	1.079e+00	-5.692	698	4.727	0.949
19.380	1.421e+00	-5.840	644	4.736	0.939
19.380	1.868e+00	-5.993	593	4.745	0.930
19.380	2.466e+00	-6.146	545	4.753	0.921
19.380	3.228e+00	-6.285	505	4.760	0.914
19.380	4.237e+00	-6.441	464	4.766	0.907
19.380	5.569e+00	-6.562	434	4.773	0.900
19.380	7.351e+00	-6.704	401	4.779	0.894
19.380	9.721e+00	-6.825	376	4.785	0.888
19.904	1.034e-04	-1.587	2945	3.135	6.014
19.904	1.349e-04	-1.660	2940	3.205	5.549
19.904	1.771e-04	-1.737	2933	3.277	5.104
19.904	2.327e-04	-1.812	2929	3.351	4.690
19.904	3.035e-04	-1.885	2930	3.423	4.314
19.904	4.007e-04	-1.961	2930	3.500	3.948
19.904	5.245e-04	-2.035	2933	3.576	3.619
19.904	6.924e-04	-2.133	2899	3.653	3.312
19.904	9.120e-04	-2.229	2859	3.726	3.046
19.904	1.194e-03	-2.318	2822	3.792	2.823
19.904	1.564e-03	-2.394	2789	3.847	2.647
19.904	2.064e-03	-2.448	2766	3.886	2.531
19.904	2.702e-03	-2.476	2753	3.907	2.472
19.904	3.546e-03	-2.497	2744	3.922	2.430
19.904	4.661e-03	-2.525	2732	3.942	2.375
19.904	6.152e-03	-2.577	2709	3.980	2.274
19.904	8.053e-03	-2.707	2650	4.071	2.046
19.904	1.057e-02	-2.900	2543	4.193	1.779
19.904	1.389e-02	-3.062	2445	4.287	1.597
19.904	1.827e-02	-3.224	2329	4.364	1.460
19.904	2.401e-02	-3.418	2159	4.426	1.360
19.904	3.131e-02	-3.578	2024	4.475	1.286
19.904	4.133e-02	-3.767	1861	4.518	1.224
19.904	5.401e-02	-3.938	1721	4.552	1.176
19.904	7.101e-02	-4.116	1580	4.582	1.136
19.904	9.333e-02	-4.283	1457	4.608	1.103
19.904	1.227e-01	-4.448	1342	4.630	1.075
19.904	1.613e-01	-4.605	1240	4.650	1.051
19.904	2.104e-01	-4.755	1148	4.667	1.030
19.904	2.777e-01	-4.912	1059	4.683	1.011
19.904	3.635e-01	-5.073	973	4.697	0.995
19.904	4.807e-01	-5.232	895	4.710	0.980
19.904	6.321e-01	-5.395	820	4.722	0.967
19.904	8.307e-01	-5.544	757	4.732	0.956
19.904	1.097e+00	-5.673	707	4.742	0.945
19.904	1.444e+00	-5.820	653	4.751	0.935
19.904	1.898e+00	-5.973	601	4.760	0.926
19.904	2.506e+00	-6.127	552	4.768	0.918
19.904	3.280e+00	-6.268	512	4.775	0.910
19.904	4.306e+00	-6.422	470	4.782	0.903
19.904	5.638e+00	-6.545	439	4.788	0.897
19.904	7.427e+00	-6.686	407	4.794	0.890
19.904	9.823e+00	-6.805	381	4.800	0.884
20.428	1.018e-04	-1.569	2951	3.132	6.113
20.428	1.333e-04	-1.643	2946	3.202	5.637
20.428	1.760e-04	-1.721	2939	3.276	5.177
20.428	2.304e-04	-1.796	2934	3.348	4.765
20.428	3.024e-04	-1.870	2934	3.422	4.376
20.428	3.974e-04	-1.945	2935	3.498	4.012
20.428	5.184e-04	-2.017	2938	3.572	3.683
20.428	6.843e-04	-2.109	2914	3.649	3.369
20.428	9.014e-04	-2.206	2875	3.723	3.096
20.428	1.185e-03	-2.296	2837	3.790	2.867
20.428	1.545e-03	-2.369	2805	3.843	2.695
20.428	2.040e-03	-2.419	2783	3.880	2.583
20.428	2.670e-03	-2.446	2772	3.899	2.526
20.428	3.477e-03	-2.466	2763	3.914	2.484
20.428	4.589e-03	-2.495	2750	3.935	2.424
20.428	6.008e-03	-2.550	2726	3.975	2.316
20.428	7.846e-03	-2.690	2662	4.074	2.066
20.428	1.014e-02	-2.867	2568	4.188	1.812
20.428	1.333e-02	-3.029	2470	4.282	1.626
20.428	1.739e-02	-3.175	2372	4.359	1.489
20.428	2.295e-02	-3.363	2213	4.425	1.380
20.428	3.005e-02	-3.530	2069	4.476	1.300
20.428	3.966e-02	-3.710	1915	4.522	1.234
20.428	5.224e-02	-3.885	1769	4.559	1.183
20.428	6.841e-02	-4.059	1629	4.589	1.141
20.428	9.012e-02	-4.229	1500	4.616	1.107
20.428	1.184e-01	-4.395	1382	4.640	1.077
20.428	1.557e-01	-4.554	1276	4.660	1.052
20.428	2.039e-01	-4.708	1180	4.678	1.031
20.428	2.670e-01	-4.860	1091	4.694	1.012
20.428	3.524e-01	-5.023	1002	4.709	0.994
20.428	4.613e-01	-5.179	923	4.722	0.980
20.428	6.055e-01	-5.344	845	4.734	0.966
20.428	7.958e-01	-5.494	780	4.745	0.955
20.428	1.050e+00	-5.630	725	4.755	0.944
20.428	1.375e+00	-5.766	674	4.764	0.934
20.428	1.819e+00	-5.920	620	4.773	0.924
20.428	2.391e+00	-6.076	570	4.781	0.916
20.428	3.142e+00	-6.218	527	4.788	0.908
20.428	4.148e+00	-6.376	483	4.795	0.901
20.428	5.430e+00	-6.509	449	4.801	0.894
20.428	7.168e+00	-6.644	417	4.808	0.888
20.428	9.479e+00	-6.765	390	4.814	0.882
20.951	1.003e-04	-1.552	2958	3.129	6.210
20.951	1.323e-04	-1.627	2952	3.201	5.716
20.951	1.733e-04	-1.702	2946	3.272	5.265
20.951	2.287e-04	-1.781	2938	3.347	4.835
20.951	2.989e-04	-1.853	2938	3.419	4.448
20.951	3.898e-04	-1.926	2939	3.492	4.089
20.951	5.116e-04	-1.999	2943	3.568	3.748
20.951	6.724e-04	-2.083	2931	3.644	3.432
20.951	8.771e-04	-2.177	2892	3.716	3.161
20.951	1.158e-03	-2.269	2854	3.784	2.922
20.951	1.513e-03	-2.341	2823	3.838	2.747
20.951	1.973e-03	-2.388	2802	3.872	2.640
20.951	2.590e-03	-2.414	2791	3.891	2.583
20.951	3.392e-03	-2.435	2782	3.906	2.540
20.951	4.468e-03	-2.465	2768	3.928	2.476
20.951	5.872e-03	-2.525	2742	3.971	2.356
20.951	7.720e-03	-2.681	2671	4.082	2.074
20.951	1.010e-02	-2.858	2579	4.197	1.816
20.951	1.313e-02	-3.010	2487	4.286	1.640
20.951	1.716e-02	-3.151	2396	4.363	1.501
20.951	2.257e-02	-3.325	2251	4.429	1.391
20.951	2.966e-02	-3.498	2102	4.482	1.308
20.951	3.900e-02	-3.668	1957	4.528	1.241
20.951	5.125e-02	-3.845	1807	4.566	1.187
20.951	6.727e-02	-4.018	1666	4.598	1.144
20.951	8.841e-02	-4.189	1534	4.626	1.108
20.951	1.153e-01	-4.348	1419	4.649	1.079
20.951	1.522e-01	-4.510	1308	4.671	1.053
20.951	1.989e-01	-4.664	1211	4.689	1.031
20.951	2.615e-01	-4.818	1118	4.706	1.011
20.951	3.437e-01	-4.978	1029	4.721	0.993
20.951	4.519e-01	-5.138	946	4.735	0.978
20.951	5.940e-01	-5.302	867	4.747	0.964
20.951	7.841e-01	-5.459	797	4.758	0.952
20.951	1.033e+00	-5.599	739	4.768	0.941
20.951	1.357e+00	-5.732	689	4.777	0.931
20.951	1.792e+00	-5.885	634	4.786	0.921
20.951	2.360e+00	-6.042	582	4.795	0.913
20.951	3.102e+00	-6.185	538	4.802	0.905
20.951	4.095e+00	-6.343	493	4.809	0.898
20.951	5.360e+00	-6.483	457	4.815	0.891
20.951	7.076e+00	-6.610	426	4.822	0.885
20.951	9.358e+00	-6.738	397	4.828	0.879
23.046	1.040e-04	-1.510	2982	3.143	6.409
23.046	1.373e-04	-1.585	2975	3.214	5.909
23.046	1.797e-04	-1.659	2968	3.284	5.449
23.046	2.359e-04	-1.736	2960	3.356	5.015
23.046	3.100e-04	-1.812	2954	3.429	4.611
23.046	4.076e-04	-1.886	2955	3.503	4.234
23.046	5.357e-04	-1.959	2959	3.579	3.882
23.046	7.043e-04	-2.033	2963	3.655	3.557
23.046	9.223e-04	-2.120	2938	3.727	3.272
23.046	1.207e-03	-2.203	2903	3.789	3.046
23.046	1.594e-03	-2.261	2878	3.833	2.897
23.046	2.086e-03	-2.291	2865	3.855	2.825
23.046	2.738e-03	-2.311	2856	3.869	2.777
23.046	3.599e-03	-2.338	2844	3.889	2.715
23.046	4.751e-03	-2.391	2821	3.927	2.598
23.046	6.219e-03	-2.528	2760	4.027	2.317
23.046	8.014e-03	-2.692	2685	4.143	2.028
23.046	1.053e-02	-2.844	2606	4.243	1.807
23.046	1.385e-02	-2.985	2522	4.327	1.640
23.046	1.820e-02	-3.114	2443	4.401	1.506
23.046	2.374e-02	-3.257	2334	4.465	1.399
23.046	3.133e-02	-3.433	2179	4.521	1.312
23.046	4.102e-02	-3.584	2053	4.568	1.243
23.046	5.415e-02	-3.766	1892	4.609	1.185
23.046	7.088e-02	-3.932	1753	4.643	1.140
23.046	9.357e-02	-4.101	1619	4.673	1.101
23.046	1.225e-01	-4.263	1496	4.698	1.070
23.046	1.617e-01	-4.428	1378	4.721	1.042
23.046	2.117e-01	-4.583	1275	4.740	1.019
23.046	2.794e-01	-4.743	1175	4.758	0.998
23.046	3.657e-01	-4.901	1083	4.774	0.980
23.046	4.828e-01	-5.066	993	4.788	0.964
23.046	6.320e-01	-5.223	913	4.801	0.951
23.046	8.295e-01	-5.384	838	4.812	0.938
23.046	1.090e+00	-5.531	774	4.822	0.927
23.046	1.433e+00	-5.662	722	4.832	0.917
23.046	1.884e+00	-5.809	667	4.841	0.908
23.046	2.457e+00	-5.960	614	4.849	0.899
23.046	3.244e+00	-6.109	566	4.857	0.891
23.046	4.239e+00	-6.262	521	4.864	0.884
23.046	5.595e+00	-6.413	479	4.870	0.877
23.046	7.399e+00	-6.538	447	4.877	0.871
23.046	9.747e+00	-6.674	415	4.882	0.865
25.142	1.034e-04	-1.461	3009	3.148	6.659
25.142	1.364e-04	-1.537	2997	3.217	6.150
25.142	1.786e-04	-1.610	2990	3.285	5.682
25.142	2.358e-04	-1.687	2982	3.358	5.227
25.142	3.081e-04	-1.763	2974	3.429	4.819
25.142	4.019e-04	-1.836	2970	3.500	4.441
25.142	5.225e-04	-1.904	2974	3.571	4.092
25.142	6.858e-04	-1.976	2978	3.645	3.756
25.142	9.013e-04	-2.047	2981	3.717	3.456
25.142	1.190e-03	-2.122	2958	3.779	3.220
25.142	1.567e-03	-2.171	2937	3.815	3.089
25.142	2.060e-03	-2.195	2926	3.833	3.026
25.142	2.687e-03	-2.216	2917	3.848	2.973
25.142	3.553e-03	-2.251	2902	3.874	2.885
25.142	4.671e-03	-2.331	2867	3.933	2.696
25.142	6.036e-03	-2.501	2790	4.056	2.339
25.142	7.800e-03	-2.650	2721	4.162	2.071
25.142	1.030e-02	-2.788	2657	4.258	1.854
25.142	1.348e-02	-2.920	2580	4.339	1.689
25.142	1.769e-02	-3.044	2506	4.412	1.553
25.142	2.317e-02	-3.165	2427	4.478	1.439
25.142	3.033e-02	-3.316	2303	4.538	1.344
25.142	4.003e-02	-3.479	2160	4.590	1.266
25.142	5.231e-02	-3.633	2028	4.634	1.203
25.142	6.824e-02	-3.799	1882	4.671	1.153
25.142	8.956e-02	-3.963	1746	4.704	1.110
25.142	1.177e-01	-4.128	1614	4.733	1.074
25.142	1.554e-01	-4.294	1489	4.758	1.043
25.142	2.047e-01	-4.457	1373	4.780	1.017
25.142	2.680e-01	-4.614	1268	4.799	0.994
25.142	3.509e-01	-4.770	1170	4.816	0.975
25.142	4.631e-01	-4.936	1073	4.832	0.958
25.142	6.063e-01	-5.094	987	4.845	0.943
25.142	7.958e-01	-5.258	905	4.857	0.930
25.142	1.046e+00	-5.411	834	4.868	0.918
25.142	1.381e+00	-5.557	771	4.879	0.908
25.142	1.807e+00	-5.692	718	4.888	0.898
25.142	2.386e+00	-5.842	661	4.897	0.889
25.142	3.123e+00	-5.996	608	4.905	0.881
25.142	4.099e+00	-6.149	559	4.912	0.873
25.142	5.387e+00	-6.300	515	4.919	0.867
25.142	7.083e+00	-6.446	475	4.925	0.860
25.142	9.367e+00	-6.575	442	4.931	0.854
27.237	1.014e-04	-1.411	3040	3.150	6.915
27.237	1.327e-04	-1.486	3023	3.215	6.412
27.237	1.755e-04	-1.563	3010	3.285	5.918
27.237	2.307e-04	-1.637	3003	3.355	5.460
27.237	3.032e-04	-1.713	2995	3.426	5.030
27.237	3.955e-04	-1.788	2987	3.496	4.640
27.237	5.221e-04	-1.861	2988	3.570	4.261
27.237	6.835e-04	-1.931	2992	3.642	3.922
27.237	9.022e-04	-1.999	2995	3.713	3.617
27.237	1.179e-03	-2.052	2997	3.766	3.401
27.237	1.550e-03	-2.085	2992	3.797	3.282
27.237	2.037e-03	-2.107	2983	3.813	3.221
27.237	2.657e-03	-2.131	2972	3.831	3.155
27.237	3.508e-03	-2.178	2952	3.866	3.032
27.237	4.592e-03	-2.302	2897	3.957	2.729
27.237	5.789e-03	-2.457	2827	4.070	2.398
27.237	7.642e-03	-2.608	2757	4.177	2.118
27.237	9.986e-03	-2.734	2699	4.266	1.912
27.237	1.303e-02	-2.851	2640	4.345	1.746
27.237	1.710e-02	-2.974	2566	4.419	1.604
27.237	2.239e-02	-3.089	2496	4.486	1.485
27.237	2.926e-02	-3.209	2414	4.547	1.384
27.237	3.862e-02	-3.368	2276	4.604	1.295
27.237	5.056e-02	-3.517	2147	4.652	1.226
27.237	6.635e-02	-3.680	2004	4.695	1.167
27.237	8.721e-02	-3.844	1862	4.732	1.119
27.237	1.137e-01	-3.998	1734	4.763	1.080
27.237	1.493e-01	-4.165	1601	4.790	1.046
27.237	1.962e-01	-4.332	1475	4.814	1.017
27.237	2.580e-01	-4.492	1362	4.836	0.993
27.237	3.378e-01	-4.649	1257	4.854	0.972
27.237	4.423e-01	-4.806	1160	4.871	0.953
27.237	5.838e-01	-4.974	1062	4.886	0.937
27.237	7.642e-01	-5.132	977	4.899	0.923
27.237	1.009e+00	-5.296	895	4.911	0.910
27.237	1.321e+00	-5.448	825	4.921	0.899
27.237	1.733e+00	-5.588	765	4.931	0.889
27.237	2.278e+00	-5.727	710	4.940	0.880
27.237	3.013e+00	-5.886	652	4.949	0.871
27.237	3.961e+00	-6.036	600	4.957	0.863
27.237	5.206e+00	-6.201	548	4.964	0.856
27.237	6.885e+00	-6.355	504	4.971	0.850
27.237	9.088e+00	-6.478	471	4.977	0.844
29.332	1.024e-04	-1.370	3071	3.159	7.099
29.332	1.351e-04	-1.451	3046	3.226	6.575
29.332	1.769e-04	-1.525	3032	3.292	6.093
29.332	2.335e-04	-1.601	3021	3.361	5.625
29.332	3.057e-04	-1.675	3013	3.430	5.194
29.332	4.035e-04	-1.752	3005	3.503	4.778
29.332	5.283e-04	-1.825	3001	3.574	4.405
29.332	6.933e-04	-1.893	3005	3.644	4.060
29.332	9.112e-04	-1.956	3008	3.709	3.768
29.332	1.198e-03	-2.001	3010	3.755	3.574
29.332	1.569e-03	-2.024	3011	3.779	3.478
29.332	2.050e-03	-2.040	3011	3.795	3.415
29.332	2.665e-03	-2.061	3012	3.816	3.331
29.332	3.477e-03	-2.115	2997	3.861	3.162
29.332	4.453e-03	-2.264	2931	3.972	2.784
29.332	5.810e-03	-2.430	2855	4.093	2.423
29.332	7.606e-03	-2.569	2791	4.192	2.162
29.332	9.904e-03	-2.688	2736	4.277	1.960
29.332	1.307e-02	-2.802	2686	4.358	1.785
29.332	1.711e-02	-2.921	2616	4.431	1.641
29.332	2.228e-02	-3.033	2548	4.497	1.521
29.332	2.925e-02	-3.146	2475	4.560	1.414
29.332	3.844e-02	-3.278	2375	4.620	1.321
29.332	5.054e-02	-3.433	2238	4.672	1.243
29.332	6.642e-02	-3.577	2116	4.718	1.179
29.332	8.768e-02	-3.754	1956	4.759	1.125
29.332	1.148e-01	-3.915	1817	4.793	1.082
29.332	1.506e-01	-4.074	1688	4.823	1.046
29.332	1.980e-01	-4.238	1559	4.849	1.015
29.332	2.614e-01	-4.404	1435	4.872	0.988
29.332	3.421e-01	-4.561	1326	4.892	0.966
29.332	4.516e-01	-4.724	1220	4.910	0.946
29.332	5.902e-01	-4.886	1122	4.925	0.929
29.332	7.760e-01	-5.050	1029	4.939	0.914
29.332	1.020e+00	-5.211	945	4.952	0.901
29.332	1.330e+00	-5.364	870	4.963	0.890
29.332	1.756e+00	-5.518	801	4.973	0.879
29.332	2.299e+00	-5.649	747	4.982	0.870
29.332	3.034e+00	-5.803	687	4.991	0.861
29.332	3.997e+00	-5.959	631	5.000	0.853
29.332	5.253e+00	-6.131	574	5.007	0.846
29.332	6.852e+00	-6.264	534	5.013	0.840
29.332	9.044e+00	-6.413	492	5.020	0.834
31.427	1.045e-04	-1.336	3099	3.171	7.248
31.427	1.369e-04	-1.414	3075	3.235	6.734
31.427	1.792e-04	-1.491	3053	3.300	6.248
31.427	2.365e-04	-1.568	3039	3.368	5.775
31.427	3.096e-04	-1.641	3030	3.436	5.340
31.427	4.087e-04	-1.716	3023	3.508	4.918
31.427	5.341e-04	-1.788	3018	3.577	4.541
31.427	7.022e-04	-1.858	3017	3.646	4.195
31.427	9.229e-04	-1.915	3021	3.705	3.920
31.427	1.213e-03	-1.951	3022	3.743	3.753
31.427	1.595e-03	-1.970	3023	3.762	3.671
31.427	2.080e-03	-1.986	3023	3.778	3.603
31.427	2.751e-03	-2.015	3024	3.807	3.486
31.427	3.617e-03	-2.088	3023	3.880	3.205
31.427	4.754e-03	-2.280	2940	4.023	2.718
31.427	6.250e-03	-2.434	2869	4.134	2.391
31.427	8.215e-03	-2.565	2807	4.228	2.145
31.427	1.080e-02	-2.681	2756	4.313	1.947
31.427	1.414e-02	-2.788	2710	4.389	1.782
31.427	1.848e-02	-2.901	2645	4.461	1.642
31.427	2.403e-02	-3.012	2577	4.526	1.524
31.427	3.134e-02	-3.120	2508	4.587	1.419
31.427	4.114e-02	-3.241	2422	4.647	1.325
31.427	5.406e-02	-3.388	2295	4.701	1.245
31.427	7.108e-02	-3.534	2169	4.749	1.178
31.427	9.342e-02	-3.702	2018	4.791	1.122
31.427	1.219e-01	-3.859	1881	4.826	1.078
31.427	1.599e-01	-4.015	1750	4.857	1.040
31.427	2.094e-01	-4.177	1619	4.884	1.008
31.427	2.742e-01	-4.342	1493	4.908	0.981
31.427	3.619e-01	-4.504	1377	4.930	0.957
31.427	4.738e-01	-4.663	1270	4.948	0.937
31.427	6.218e-01	-4.826	1167	4.964	0.919
31.427	8.173e-01	-4.993	1069	4.979	0.904
31.427	1.075e+00	-5.154	982	4.992	0.891
31.427	1.407e+00	-5.311	903	5.003	0.879
31.427	1.842e+00	-5.466	831	5.014	0.869
31.427	2.431e+00	-5.606	771	5.023	0.859
31.427	3.203e+00	-5.756	711	5.032	0.850
31.427	4.210e+00	-5.914	652	5.041	0.842
31.427	5.491e+00	-6.074	597	5.048	0.835
31.427	7.248e+00	-6.222	551	5.055	0.829
31.427	9.547e+00	-6.372	507	5.061	0.823
34.570	1.033e-04	-1.275	3149	3.179	7.533
34.570	1.363e-04	-1.357	3117	3.243	6.994
34.570	1.795e-04	-1.438	3090	3.309	6.488
34.570	2.360e-04	-1.515	3069	3.374	6.015
34.570	3.102e-04	-1.590	3055	3.442	5.567
34.570	4.077e-04	-1.663	3048	3.510	5.144
34.570	5.318e-04	-1.733	3043	3.577	4.762
34.570	6.980e-04	-1.800	3039	3.642	4.421
34.570	9.174e-04	-1.851	3037	3.692	4.171
34.570	1.206e-03	-1.879	3039	3.721	4.036
34.570	1.585e-03	-1.895	3039	3.737	3.961
34.570	2.068e-03	-1.913	3040	3.755	3.879
34.570	2.735e-03	-1.949	3041	3.792	3.719
34.570	3.552e-03	-2.047	3043	3.892	3.315
34.570	4.560e-03	-2.204	2996	4.021	2.855
34.570	5.993e-03	-2.357	2926	4.133	2.512
34.570	7.816e-03	-2.484	2867	4.225	2.260
34.570	1.018e-02	-2.596	2817	4.306	2.057
34.570	1.343e-02	-2.705	2770	4.386	1.877
34.570	1.756e-02	-2.806	2725	4.459	1.726
34.570	2.290e-02	-2.917	2659	4.527	1.596
34.570	3.023e-02	-3.031	2587	4.593	1.478
34.570	3.957e-02	-3.139	2518	4.654	1.378
34.570	5.194e-02	-3.257	2432	4.712	1.289
34.570	6.826e-02	-3.402	2308	4.766	1.212
34.570	9.010e-02	-3.549	2181	4.814	1.146
34.570	1.177e-01	-3.714	2029	4.855	1.094
34.570	1.548e-01	-3.875	1889	4.890	1.050
34.570	2.035e-01	-4.033	1755	4.922	1.013
34.570	2.675e-01	-4.195	1624	4.949	0.981
34.570	3.516e-01	-4.362	1496	4.973	0.955
34.570	4.641e-01	-4.525	1379	4.994	0.932
34.570	6.076e-01	-4.687	1269	5.012	0.913
34.570	7.974e-01	-4.853	1164	5.028	0.896
34.570	1.048e+00	-5.019	1067	5.043	0.881
34.570	1.378e+00	-5.181	979	5.055	0.868
34.570	1.811e+00	-5.342	898	5.067	0.857
34.570	2.381e+00	-5.496	827	5.077	0.847
34.570	3.118e+00	-5.636	767	5.086	0.838
34.570	4.082e+00	-5.790	705	5.095	0.830
34.570	5.388e+00	-5.947	647	5.103	0.822
34.570	7.097e+00	-6.108	593	5.110	0.816
34.570	9.328e+00	-6.261	544	5.116	0.810
36.665	1.044e-04	-1.239	3185	3.188	7.673
36.665	1.367e-04	-1.324	3143	3.251	7.144
36.665	1.804e-04	-1.405	3115	3.315	6.630
36.665	2.362e-04	-1.484	3088	3.379	6.159
36.665	3.100e-04	-1.558	3074	3.445	5.709
36.665	4.074e-04	-1.631	3063	3.512	5.284
36.665	5.314e-04	-1.699	3059	3.578	4.901
36.665	6.975e-04	-1.762	3055	3.639	4.567
36.665	9.167e-04	-1.809	3052	3.684	4.338
36.665	1.205e-03	-1.834	3050	3.707	4.221
36.665	1.578e-03	-1.849	3049	3.723	4.149
36.665	2.079e-03	-1.869	3050	3.744	4.050
36.665	2.732e-03	-1.912	3052	3.787	3.852
36.665	3.568e-03	-2.034	3054	3.910	3.342
36.665	4.572e-03	-2.174	3024	4.033	2.902
36.665	5.985e-03	-2.321	2956	4.141	2.564
36.665	7.900e-03	-2.452	2895	4.235	2.299
36.665	1.034e-02	-2.564	2846	4.318	2.091
36.665	1.365e-02	-2.672	2800	4.397	1.908
36.665	1.784e-02	-2.772	2755	4.469	1.756
36.665	2.327e-02	-2.877	2698	4.538	1.623
36.665	3.072e-02	-2.991	2626	4.605	1.502
36.665	4.014e-02	-3.098	2559	4.666	1.400
36.665	5.236e-02	-3.208	2482	4.724	1.310
36.665	6.911e-02	-3.337	2382	4.781	1.227
36.665	9.140e-02	-3.489	2247	4.832	1.157
36.665	1.196e-01	-3.642	2110	4.876	1.100
36.665	1.558e-01	-3.800	1968	4.912	1.054
36.665	2.056e-01	-3.960	1830	4.946	1.014
36.665	2.709e-01	-4.118	1699	4.976	0.980
36.665	3.560e-01	-4.290	1562	5.001	0.952
36.665	4.681e-01	-4.451	1442	5.023	0.928
36.665	6.152e-01	-4.615	1327	5.043	0.907
36.665	8.089e-01	-4.781	1218	5.060	0.889
36.665	1.063e+00	-4.950	1115	5.075	0.874
36.665	1.387e+00	-5.109	1025	5.088	0.861
36.665	1.830e+00	-5.275	938	5.100	0.849
36.665	2.392e+00	-5.430	863	5.110	0.839
36.665	3.145e+00	-5.575	798	5.120	0.830
36.665	4.118e+00	-5.728	735	5.129	0.822
36.665	5.382e+00	-5.881	676	5.137	0.814
36.665	7.020e+00	-6.036	621	5.144	0.808
36.665	9.284e+00	-6.188	571	5.151	0.801
39.807	1.040e-04	-1.182	3241	3.197	7.915
39.807	1.361e-04	-1.270	3193	3.259	7.370
39.807	1.797e-04	-1.356	3152	3.323	6.848
39.807	2.352e-04	-1.434	3125	3.386	6.370
39.807	3.105e-04	-1.513	3101	3.452	5.905
39.807	4.064e-04	-1.585	3087	3.516	5.483
39.807	5.334e-04	-1.652	3081	3.580	5.096
39.807	7.011e-04	-1.710	3077	3.635	4.782
39.807	9.145e-04	-1.746	3075	3.670	4.594
39.807	1.207e-03	-1.766	3073	3.689	4.494
39.807	1.577e-03	-1.782	3072	3.704	4.416
39.807	2.082e-03	-1.808	3070	3.730	4.288
39.807	2.726e-03	-1.869	3067	3.788	4.008
39.807	3.598e-03	-2.013	3070	3.934	3.388
39.807	4.710e-03	-2.144	3058	4.058	2.937
39.807	6.229e-03	-2.290	2990	4.165	2.596
39.807	8.125e-03	-2.412	2933	4.254	2.346
39.807	1.073e-02	-2.524	2885	4.337	2.130
39.807	1.404e-02	-2.627	2840	4.413	1.951
39.807	1.853e-02	-2.730	2795	4.488	1.791
39.807	2.426e-02	-2.829	2748	4.558	1.653
39.807	3.184e-02	-2.940	2679	4.624	1.531
39.807	4.185e-02	-3.049	2609	4.688	1.423
39.807	5.503e-02	-3.157	2539	4.748	1.328
39.807	7.206e-02	-3.270	2457	4.805	1.244
39.807	9.433e-02	-3.407	2341	4.857	1.171
39.807	1.245e-01	-3.552	2215	4.905	1.107
39.807	1.640e-01	-3.722	2057	4.947	1.055
39.807	2.156e-01	-3.879	1919	4.983	1.013
39.807	2.812e-01	-4.034	1786	5.014	0.978
39.807	3.712e-01	-4.200	1649	5.042	0.946
39.807	4.889e-01	-4.366	1520	5.066	0.920
39.807	6.426e-01	-4.529	1401	5.087	0.898
39.807	8.449e-01	-4.695	1287	5.106	0.880
39.807	1.110e+00	-4.865	1178	5.122	0.863
39.807	1.448e+00	-5.028	1081	5.135	0.850
39.807	1.912e+00	-5.195	989	5.148	0.838
39.807	2.503e+00	-5.354	908	5.159	0.827
39.807	3.304e+00	-5.510	835	5.169	0.817
39.807	4.325e+00	-5.661	769	5.178	0.809
39.807	5.709e+00	-5.822	705	5.186	0.801
39.807	7.473e+00	-5.973	649	5.194	0.794
39.807	9.883e+00	-6.131	595	5.201	0.788
41.903	1.005e-04	-1.134	3287	3.195	8.138
41.903	1.315e-04	-1.224	3233	3.257	7.578
41.903	1.726e-04	-1.313	3184	3.320	7.053
41.903	2.269e-04	-1.393	3152	3.382	6.560
41.903	2.983e-04	-1.473	3125	3.447	6.094
41.903	3.920e-04	-1.547	3106	3.511	5.661
41.903	5.175e-04	-1.616	3096	3.573	5.265
41.903	6.774e-04	-1.669	3092	3.625	4.962
41.903	8.942e-04	-1.704	3090	3.658	4.775
41.903	1.171e-03	-1.722	3088	3.675	4.682
41.903	1.536e-03	-1.738	3087	3.691	4.597
41.903	2.019e-03	-1.766	3085	3.718	4.458
41.903	2.665e-03	-1.839	3079	3.787	4.117
41.903	3.385e-03	-1.966	3079	3.915	3.555
41.903	4.477e-03	-2.094	3081	4.043	3.066
41.903	5.840e-03	-2.226	3032	4.148	2.718
41.903	7.708e-03	-2.355	2972	4.242	2.439
41.903	1.009e-02	-2.466	2924	4.324	2.218
41.903	1.332e-02	-2.573	2878	4.404	2.024
41.903	1.744e-02	-2.673	2834	4.477	1.861
41.903	2.289e-02	-2.772	2789	4.548	1.715
41.903	3.008e-02	-2.875	2733	4.616	1.585
41.903	3.923e-02	-2.982	2665	4.680	1.474
41.903	5.149e-02	-3.089	2596	4.741	1.373
41.903	6.768e-02	-3.198	2522	4.800	1.283
41.903	8.898e-02	-3.316	2434	4.856	1.202
41.903	1.177e-01	-3.464	2305	4.909	1.132
41.903	1.547e-01	-3.613	2172	4.955	1.074
41.903	2.045e-01	-3.781	2017	4.995	1.025
41.903	2.689e-01	-3.939	1878	5.029	0.986
41.903	3.535e-01	-4.095	1747	5.059	0.952
41.903	4.666e-01	-4.267	1607	5.086	0.923
41.903	6.108e-01	-4.427	1485	5.108	0.900
41.903	8.016e-01	-4.591	1367	5.128	0.879
41.903	1.054e+00	-4.759	1253	5.146	0.861
41.903	1.385e+00	-4.930	1146	5.161	0.846
41.903	1.821e+00	-5.097	1049	5.175	0.833
41.903	2.394e+00	-5.262	960	5.186	0.822
41.903	3.146e+00	-5.422	881	5.197	0.812
41.903	4.136e+00	-5.576	811	5.206	0.803
41.903	5.417e+00	-5.732	745	5.215	0.796
41.903	7.091e+00	-5.884	685	5.223	0.789
41.903	9.360e+00	-6.038	630	5.230	0.782
45.045	1.018e-04	-1.084	3342	3.207	8.329
45.045	1.338e-04	-1.180	3281	3.270	7.744
45.045	1.752e-04	-1.269	3229	3.332	7.213
45.045	2.290e-04	-1.354	3185	3.393	6.724
45.045	2.987e-04	-1.430	3157	3.453	6.268
45.045	3.920e-04	-1.506	3132	3.515	5.838
45.045	5.152e-04	-1.570	3120	3.573	5.460
45.045	6.801e-04	-1.620	3113	3.619	5.181
45.045	8.903e-04	-1.647	3110	3.644	5.033
45.045	1.168e-03	-1.662	3109	3.659	4.946
45.045	1.536e-03	-1.681	3108	3.677	4.846
45.045	2.027e-03	-1.716	3106	3.711	4.661
45.045	2.654e-03	-1.815	3097	3.805	4.182
45.045	3.380e-03	-1.941	3093	3.929	3.624
45.045	4.461e-03	-2.062	3095	4.050	3.153
45.045	5.830e-03	-2.178	3073	4.154	2.799
45.045	7.604e-03	-2.301	3015	4.244	2.523
45.045	1.004e-02	-2.414	2966	4.329	2.287
45.045	1.314e-02	-2.518	2921	4.407	2.092
45.045	1.711e-02	-2.616	2879	4.479	1.926
45.045	2.224e-02	-2.711	2835	4.547	1.779
45.045	2.919e-02	-2.808	2789	4.616	1.643
45.045	3.837e-02	-2.914	2727	4.683	1.522
45.045	5.044e-02	-3.023	2657	4.746	1.415
45.045	6.630e-02	-3.128	2590	4.807	1.319
45.045	8.648e-02	-3.237	2513	4.863	1.236
45.045	1.141e-01	-3.364	2412	4.919	1.160
45.045	1.504e-01	-3.505	2288	4.969	1.095
45.045	1.976e-01	-3.664	2143	5.013	1.040
45.045	2.609e-01	-3.824	1997	5.052	0.995
45.045	3.415e-01	-3.982	1858	5.085	0.959
45.045	4.516e-01	-4.144	1723	5.114	0.926
45.045	5.938e-01	-4.309	1589	5.140	0.899
45.045	7.804e-01	-4.472	1466	5.162	0.877
45.045	1.030e+00	-4.641	1345	5.182	0.857
45.045	1.349e+00	-4.810	1232	5.198	0.841
45.045	1.780e+00	-4.984	1124	5.213	0.826
45.045	2.330e+00	-5.149	1030	5.226	0.815
45.045	3.076e+00	-5.314	942	5.237	0.804
45.045	4.020e+00	-5.472	866	5.247	0.795
45.045	5.243e+00	-5.623	798	5.256	0.787
45.045	6.921e+00	-5.783	731	5.264	0.779
45.045	9.044e+00	-5.929	675	5.272	0.773
47.140	1.012e-04	-1.048	3382	3.210	8.486
47.140	1.330e-04	-1.145	3317	3.274	7.886
47.140	1.748e-04	-1.237	3261	3.336	7.338
47.140	2.280e-04	-1.324	3212	3.397	6.845
47.140	2.993e-04	-1.404	3178	3.458	6.377
47.140	3.933e-04	-1.478	3153	3.519	5.946
47.140	5.172e-04	-1.542	3136	3.574	5.582
47.140	6.797e-04	-1.586	3129	3.614	5.333
47.140	8.937e-04	-1.610	3125	3.635	5.201
47.140	1.170e-03	-1.625	3123	3.650	5.116
47.140	1.542e-03	-1.646	3121	3.669	5.003
47.140	2.026e-03	-1.686	3119	3.708	4.783
47.140	2.647e-03	-1.803	3108	3.819	4.210
47.140	3.425e-03	-1.932	3102	3.945	3.643
47.140	4.522e-03	-2.048	3104	4.061	3.186
47.140	5.909e-03	-2.153	3095	4.162	2.836
47.140	7.707e-03	-2.276	3038	4.252	2.558
47.140	1.012e-02	-2.386	2991	4.335	2.323
47.140	1.329e-02	-2.491	2946	4.414	2.123
47.140	1.748e-02	-2.592	2901	4.488	1.948
47.140	2.297e-02	-2.691	2856	4.560	1.794
47.140	2.997e-02	-2.786	2812	4.627	1.660
47.140	3.933e-02	-2.887	2756	4.694	1.537
47.140	5.169e-02	-2.995	2686	4.758	1.428
47.140	6.742e-02	-3.097	2621	4.817	1.334
47.140	8.900e-02	-3.208	2546	4.877	1.245
47.140	1.165e-01	-3.323	2458	4.932	1.169
47.140	1.538e-01	-3.463	2338	4.984	1.101
47.140	2.013e-01	-3.609	2206	5.030	1.045
47.140	2.662e-01	-3.777	2050	5.070	0.997
47.140	3.501e-01	-3.934	1911	5.105	0.958
47.140	4.601e-01	-4.089	1779	5.135	0.925
47.140	6.073e-01	-4.257	1640	5.162	0.896
47.140	7.950e-01	-4.418	1515	5.185	0.873
47.140	1.049e+00	-4.585	1392	5.206	0.853
47.140	1.374e+00	-4.753	1277	5.224	0.836
47.140	1.803e+00	-4.926	1166	5.239	0.821
47.140	2.370e+00	-5.095	1066	5.252	0.809
47.140	3.116e+00	-5.260	976	5.264	0.798
47.140	4.080e+00	-5.420	896	5.274	0.788
47.140	5.332e+00	-5.573	824	5.283	0.780
47.140	6.955e+00	-5.726	758	5.291	0.773
47.140	9.180e+00	-5.879	697	5.299	0.766
50.283	1.007e-04	-0.996	3438	3.216	8.708
50.283	1.322e-04	-1.094	3372	3.280	8.089
50.283	1.732e-04	-1.189	3309	3.342	7.531
50.283	2.267e-04	-1.278	3257	3.403	7.020
50.283	2.992e-04	-1.365	3210	3.465	6.537
50.283	3.941e-04	-1.438	3184	3.523	6.110
50.283	5.180e-04	-1.497	3165	3.573	5.772
50.283	6.757e-04	-1.535	3154	3.604	5.567
50.283	8.919e-04	-1.555	3151	3.622	5.453
50.283	1.166e-03	-1.570	3148	3.637	5.364
50.283	1.538e-03	-1.596	3144	3.659	5.225
50.283	2.014e-03	-1.648	3137	3.708	4.940
50.283	2.628e-03	-1.782	3125	3.835	4.267
50.283	3.385e-03	-1.904	3115	3.952	3.732
50.283	4.451e-03	-2.013	3116	4.062	3.288
50.283	5.849e-03	-2.114	3116	4.162	2.928
50.283	7.691e-03	-2.230	3076	4.255	2.631
50.283	1.011e-02	-2.341	3029	4.340	2.387
50.283	1.318e-02	-2.443	2985	4.416	2.186
50.283	1.717e-02	-2.540	2942	4.489	2.011
50.283	2.253e-02	-2.639	2897	4.560	1.851
50.283	2.951e-02	-2.735	2852	4.629	1.711
50.283	3.863e-02	-2.829	2807	4.696	1.584
50.283	5.099e-02	-2.937	2741	4.762	1.467
50.283	6.674e-02	-3.041	2675	4.824	1.367
50.283	8.760e-02	-3.145	2608	4.884	1.276
50.283	1.151e-01	-3.257	2526	4.941	1.195
50.283	1.514e-01	-3.381	2427	4.995	1.122
50.283	1.990e-01	-3.519	2307	5.045	1.060
50.283	2.626e-01	-3.683	2154	5.089	1.007
50.283	3.459e-01	-3.840	2011	5.127	0.964
50.283	4.547e-01	-3.997	1871	5.160	0.929
50.283	5.978e-01	-4.153	1740	5.189	0.898
50.283	7.857e-01	-4.316	1608	5.214	0.872
50.283	1.037e+00	-4.481	1481	5.237	0.850
50.283	1.355e+00	-4.646	1362	5.256	0.832
50.283	1.782e+00	-4.819	1244	5.272	0.816
50.283	2.342e+00	-4.990	1137	5.287	0.802
50.283	3.055e+00	-5.153	1043	5.299	0.791
50.283	4.032e+00	-5.317	955	5.310	0.781
50.283	5.278e+00	-5.473	877	5.320	0.772
50.283	6.967e+00	-5.632	805	5.329	0.765
50.283	9.105e+00	-5.782	741	5.336	0.758
52.378	1.005e-04	-0.963	3475	3.219	8.855
52.378	1.327e-04	-1.065	3405	3.285	8.207
52.378	1.737e-04	-1.160	3341	3.347	7.639
52.378	2.279e-04	-1.252	3284	3.409	7.116
52.378	2.985e-04	-1.337	3235	3.468	6.644
52.378	3.907e-04	-1.409	3204	3.524	6.233
52.378	5.158e-04	-1.466	3186	3.570	5.907
52.378	6.752e-04	-1.499	3176	3.598	5.720
52.378	8.912e-04	-1.519	3170	3.614	5.616
52.378	1.165e-03	-1.536	3164	3.629	5.522
52.378	1.537e-03	-1.564	3160	3.655	5.362
52.378	2.013e-03	-1.630	3149	3.714	5.009
52.378	2.618e-03	-1.769	3135	3.846	4.303
52.378	3.365e-03	-1.887	3123	3.957	3.786
52.378	4.442e-03	-1.995	3124	4.066	3.340
52.378	5.814e-03	-2.092	3124	4.163	2.986
52.378	7.631e-03	-2.197	3101	4.255	2.686
52.378	1.003e-02	-2.309	3054	4.340	2.436
52.378	1.319e-02	-2.414	3009	4.419	2.223
52.378	1.733e-02	-2.515	2965	4.495	2.039
52.378	2.261e-02	-2.611	2920	4.565	1.880
52.378	2.944e-02	-2.705	2877	4.632	1.740
52.378	3.863e-02	-2.800	2831	4.700	1.610
52.378	5.059e-02	-2.900	2776	4.765	1.493
52.378	6.611e-02	-3.004	2709	4.827	1.390
52.378	8.624e-02	-3.105	2644	4.886	1.299
52.378	1.138e-01	-3.215	2568	4.945	1.213
52.378	1.490e-01	-3.331	2480	5.000	1.139
52.378	1.967e-01	-3.466	2364	5.052	1.073
52.378	2.575e-01	-3.610	2234	5.098	1.018
52.378	3.405e-01	-3.776	2079	5.139	0.971
52.378	4.477e-01	-3.931	1940	5.174	0.933
52.378	5.885e-01	-4.084	1808	5.204	0.901
52.378	7.768e-01	-4.246	1673	5.231	0.873
52.378	1.017e+00	-4.406	1546	5.255	0.850
52.378	1.342e+00	-4.573	1421	5.275	0.830
52.378	1.757e+00	-4.742	1303	5.293	0.813
52.378	2.324e+00	-4.917	1188	5.308	0.799
52.378	3.055e+00	-5.085	1087	5.321	0.787
52.378	4.016e+00	-5.246	997	5.333	0.777
52.378	5.238e+00	-5.400	918	5.342	0.768
52.378	6.874e+00	-5.553	845	5.351	0.760
52.378	9.035e+00	-5.707	777	5.360	0.753
55.521	1.028e-04	-0.925	3522	3.229	9.007
55.521	1.346e-04	-1.025	3453	3.294	8.360
55.521	1.766e-04	-1.122	3385	3.358	7.771
55.521	2.313e-04	-1.215	3324	3.419	7.244
55.521	3.022e-04	-1.299	3274	3.477	6.776
55.521	3.974e-04	-1.373	3234	3.529	6.377
55.521	5.223e-04	-1.421	3217	3.568	6.098
55.521	6.867e-04	-1.448	3209	3.590	5.946
55.521	8.992e-04	-1.465	3203	3.604	5.851
55.521	1.184e-03	-1.486	3196	3.621	5.736
55.521	1.557e-03	-1.524	3184	3.653	5.530
55.521	2.047e-03	-1.623	3165	3.741	4.996
55.521	2.690e-03	-1.766	3148	3.875	4.282
55.521	3.551e-03	-1.887	3136	3.989	3.755
55.521	4.640e-03	-1.986	3135	4.088	3.350
55.521	6.101e-03	-2.081	3135	4.183	3.003
55.521	8.019e-03	-2.176	3128	4.274	2.707
55.521	1.046e-02	-2.284	3082	4.356	2.462
55.521	1.373e-02	-2.388	3037	4.435	2.249
55.521	1.798e-02	-2.487	2994	4.509	2.065
55.521	2.337e-02	-2.582	2950	4.578	1.907
55.521	3.054e-02	-2.677	2905	4.646	1.762
55.521	3.983e-02	-2.769	2861	4.713	1.633
55.521	5.187e-02	-2.861	2816	4.777	1.516
55.521	6.847e-02	-2.969	2748	4.842	1.407
55.521	8.963e-02	-3.073	2681	4.903	1.312
55.521	1.176e-01	-3.177	2612	4.962	1.226
55.521	1.546e-01	-3.289	2529	5.018	1.149
55.521	2.041e-01	-3.416	2425	5.072	1.080
55.521	2.672e-01	-3.550	2308	5.119	1.022
55.521	3.506e-01	-3.713	2152	5.161	0.974
55.521	4.609e-01	-3.864	2014	5.198	0.934
55.521	6.059e-01	-4.018	1878	5.230	0.900
55.521	7.964e-01	-4.170	1749	5.258	0.871
55.521	1.051e+00	-4.331	1617	5.283	0.847
55.521	1.376e+00	-4.489	1495	5.304	0.826
55.521	1.816e+00	-4.656	1373	5.323	0.809
55.521	2.374e+00	-4.819	1261	5.339	0.794
55.521	3.121e+00	-4.984	1156	5.352	0.782
55.521	4.102e+00	-5.144	1061	5.364	0.771
55.521	5.350e+00	-5.294	979	5.374	0.762
55.521	7.062e+00	-5.446	902	5.384	0.754
55.521	9.245e+00	-5.592	833	5.392	0.747
57.616	1.037e-04	-0.899	3552	3.234	9.123
57.616	1.363e-04	-1.000	3482	3.301	8.452
57.616	1.792e-04	-1.099	3413	3.365	7.850
57.616	2.337e-04	-1.191	3351	3.425	7.325
57.616	3.067e-04	-1.277	3298	3.483	6.853
57.616	4.031e-04	-1.347	3260	3.533	6.472
57.616	5.258e-04	-1.391	3239	3.565	6.231
57.616	6.902e-04	-1.414	3230	3.584	6.099
57.616	9.038e-04	-1.431	3225	3.598	6.004
57.616	1.191e-03	-1.454	3217	3.617	5.873
57.616	1.565e-03	-1.499	3203	3.654	5.625
57.616	2.035e-03	-1.615	3175	3.755	5.010
57.616	2.640e-03	-1.746	3159	3.877	4.353
57.616	3.470e-03	-1.863	3147	3.987	3.836
57.616	4.526e-03	-1.961	3143	4.084	3.432
57.616	5.941e-03	-2.054	3143	4.177	3.083
57.616	7.779e-03	-2.142	3144	4.265	2.784
57.616	1.025e-02	-2.248	3108	4.352	2.521
57.616	1.347e-02	-2.354	3063	4.431	2.300
57.616	1.757e-02	-2.452	3020	4.505	2.113
57.616	2.287e-02	-2.548	2975	4.575	1.948
57.616	3.002e-02	-2.644	2930	4.645	1.798
57.616	3.931e-02	-2.739	2886	4.713	1.663
57.616	5.138e-02	-2.830	2842	4.778	1.543
57.616	6.701e-02	-2.930	2784	4.841	1.434
57.616	8.846e-02	-3.037	2714	4.905	1.333
57.616	1.158e-01	-3.139	2648	4.964	1.246
57.616	1.520e-01	-3.248	2570	5.021	1.167
57.616	1.998e-01	-3.367	2476	5.075	1.096
57.616	2.626e-01	-3.498	2363	5.125	1.035
57.616	3.452e-01	-3.650	2222	5.170	0.983
57.616	4.538e-01	-3.803	2080	5.208	0.940
57.616	5.943e-01	-3.952	1946	5.241	0.905
57.616	7.780e-01	-4.098	1819	5.270	0.876
57.616	1.029e+00	-4.254	1688	5.296	0.849
57.616	1.353e+00	-4.409	1564	5.319	0.828
57.616	1.778e+00	-4.566	1445	5.338	0.809
57.616	2.319e+00	-4.723	1332	5.355	0.794
57.616	3.061e+00	-4.886	1223	5.369	0.781
57.616	4.007e+00	-5.040	1127	5.382	0.770
57.616	5.260e+00	-5.189	1041	5.392	0.761
57.616	6.913e+00	-5.334	963	5.402	0.752
57.616	9.016e+00	-5.470	895	5.410	0.745
60.759	1.001e-04	-0.845	3606	3.229	9.423
60.759	1.314e-04	-0.945	3540	3.297	8.721
60.759	1.727e-04	-1.045	3469	3.362	8.091
60.759	2.253e-04	-1.138	3404	3.422	7.545
60.759	2.974e-04	-1.227	3345	3.481	7.054
60.759	3.893e-04	-1.294	3306	3.527	6.686
60.759	5.139e-04	-1.338	3282	3.558	6.453
60.759	6.728e-04	-1.360	3269	3.574	6.334
60.759	8.830e-04	-1.380	3259	3.588	6.235
60.759	1.168e-03	-1.407	3248	3.610	6.083
60.759	1.535e-03	-1.462	3230	3.655	5.774
60.759	2.018e-03	-1.603	3191	3.775	5.030
60.759	2.652e-03	-1.732	3172	3.894	4.386
60.759	3.487e-03	-1.843	3161	3.998	3.888
60.759	4.583e-03	-1.943	3153	4.094	3.482
60.759	5.978e-03	-2.031	3153	4.183	3.145
60.759	7.846e-03	-2.118	3155	4.270	2.844
60.759	1.031e-02	-2.212	3140	4.355	2.577
60.759	1.345e-02	-2.315	3095	4.434	2.355
60.759	1.775e-02	-2.418	3050	4.511	2.154
60.759	2.320e-02	-2.515	3005	4.583	1.984
60.759	3.026e-02	-2.609	2961	4.651	1.833
60.759	3.940e-02	-2.701	2918	4.718	1.698
60.759	5.172e-02	-2.795	2874	4.784	1.573
60.759	6.773e-02	-2.889	2825	4.849	1.459
60.759	8.866e-02	-2.994	2757	4.912	1.358
60.759	1.164e-01	-3.097	2690	4.972	1.267
60.759	1.524e-01	-3.200	2621	5.030	1.186
60.759	1.995e-01	-3.311	2538	5.085	1.113
60.759	2.633e-01	-3.438	2430	5.137	1.048
60.759	3.441e-01	-3.565	2320	5.183	0.994
60.759	4.488e-01	-3.721	2170	5.223	0.950
60.759	5.925e-01	-3.867	2036	5.258	0.912
60.759	7.743e-01	-4.009	1909	5.288	0.881
60.759	1.010e+00	-4.145	1791	5.314	0.855
60.759	1.333e+00	-4.291	1670	5.338	0.832
60.759	1.745e+00	-4.432	1557	5.358	0.813
60.759	2.304e+00	-4.581	1445	5.376	0.796
60.759	3.016e+00	-4.725	1341	5.391	0.783
60.759	3.958e+00	-4.867	1245	5.404	0.771
60.759	5.202e+00	-5.005	1157	5.414	0.761
60.759	6.839e+00	-5.133	1081	5.424	0.753
60.759	8.989e+00	-5.254	1013	5.432	0.746
62.854	1.014e-04	-0.823	3632	3.235	9.527
62.854	1.331e-04	-0.923	3566	3.302	8.812
62.854	1.749e-04	-1.023	3496	3.368	8.171
62.854	2.281e-04	-1.116	3431	3.428	7.621
62.854	3.011e-04	-1.204	3371	3.485	7.137
62.854	3.942e-04	-1.267	3332	3.529	6.791
62.854	5.203e-04	-1.305	3311	3.555	6.586
62.854	6.812e-04	-1.325	3300	3.570	6.476
62.854	8.940e-04	-1.346	3289	3.584	6.368
62.854	1.175e-03	-1.379	3270	3.608	6.195
62.854	1.551e-03	-1.451	3243	3.666	5.799
62.854	2.043e-03	-1.603	3199	3.794	5.006
62.854	2.685e-03	-1.726	3181	3.907	4.392
62.854	3.524e-03	-1.833	3169	4.008	3.911
62.854	4.615e-03	-1.931	3160	4.100	3.516
62.854	6.042e-03	-2.019	3160	4.188	3.178
62.854	7.867e-03	-2.101	3162	4.272	2.886
62.854	1.038e-02	-2.189	3160	4.358	2.612
62.854	1.368e-02	-2.296	3114	4.440	2.378
62.854	1.798e-02	-2.398	3069	4.517	2.177
62.854	2.345e-02	-2.494	3024	4.588	2.006
62.854	3.095e-02	-2.593	2978	4.660	1.847
62.854	4.045e-02	-2.686	2934	4.727	1.709
62.854	5.276e-02	-2.777	2891	4.792	1.585
62.854	6.925e-02	-2.870	2846	4.858	1.470
62.854	9.101e-02	-2.976	2779	4.922	1.365
62.854	1.187e-01	-3.077	2713	4.981	1.275
62.854	1.558e-01	-3.179	2645	5.040	1.192
62.854	2.040e-01	-3.288	2565	5.095	1.119
62.854	2.688e-01	-3.410	2465	5.147	1.053
62.854	3.533e-01	-3.535	2356	5.195	0.997
62.854	4.644e-01	-3.687	2211	5.236	0.951
62.854	6.104e-01	-3.828	2081	5.272	0.913
62.854	7.962e-01	-3.963	1958	5.301	0.882
62.854	1.045e+00	-4.094	1844	5.327	0.856
62.854	1.373e+00	-4.227	1731	5.351	0.834
62.854	1.806e+00	-4.357	1624	5.371	0.814
62.854	2.373e+00	-4.490	1520	5.388	0.798
62.854	3.096e+00	-4.615	1426	5.403	0.785
62.854	4.086e+00	-4.744	1334	5.415	0.774
62.854	5.349e+00	-4.860	1255	5.426	0.764
62.854	7.021e+00	-4.970	1184	5.435	0.757
62.854	9.227e+00	-5.067	1124	5.442	0.750
65.997	1.037e-04	-0.792	3670	3.243	9.669
65.997	1.363e-04	-0.893	3603	3.312	8.933
65.997	1.799e-04	-0.994	3534	3.379	8.269
65.997	2.355e-04	-1.088	3467	3.439	7.711
65.997	3.109e-04	-1.171	3409	3.493	7.246
65.997	4.070e-04	-1.226	3374	3.530	6.946
65.997	5.372e-04	-1.256	3355	3.551	6.783
65.997	7.020e-04	-1.275	3344	3.564	6.680
65.997	9.267e-04	-1.300	3330	3.582	6.546
65.997	1.213e-03	-1.345	3305	3.613	6.311
65.997	1.601e-03	-1.461	3254	3.702	5.698
65.997	2.096e-03	-1.606	3210	3.824	4.950
65.997	2.767e-03	-1.723	3192	3.931	4.376
65.997	3.622e-03	-1.824	3181	4.026	3.924
65.997	4.782e-03	-1.922	3169	4.118	3.531
65.997	6.259e-03	-2.007	3170	4.203	3.201
65.997	8.262e-03	-2.091	3174	4.289	2.899
65.997	1.082e-02	-2.170	3180	4.372	2.635
65.997	1.430e-02	-2.277	3137	4.455	2.395
65.997	1.888e-02	-2.380	3091	4.533	2.190
65.997	2.468e-02	-2.477	3046	4.604	2.017
65.997	3.244e-02	-2.574	3000	4.675	1.859
65.997	4.248e-02	-2.668	2956	4.743	1.719
65.997	5.562e-02	-2.760	2913	4.809	1.593
65.997	7.341e-02	-2.854	2869	4.877	1.474
65.997	9.610e-02	-2.955	2806	4.940	1.370
65.997	1.269e-01	-3.061	2737	5.002	1.276
65.997	1.661e-01	-3.161	2672	5.060	1.193
65.997	2.180e-01	-3.268	2594	5.116	1.119
65.997	2.865e-01	-3.384	2500	5.168	1.054
65.997	3.781e-01	-3.505	2397	5.216	0.998
65.997	4.950e-01	-3.640	2270	5.257	0.952
65.997	6.497e-01	-3.775	2143	5.291	0.915
65.997	8.508e-01	-3.898	2029	5.320	0.885
65.997	1.114e+00	-4.014	1926	5.344	0.860
65.997	1.462e+00	-4.122	1831	5.365	0.840
65.997	1.900e+00	-4.223	1745	5.383	0.823
65.997	2.489e+00	-4.321	1665	5.398	0.808
65.997	3.258e+00	-4.413	1591	5.411	0.796
65.997	4.300e+00	-4.498	1524	5.422	0.787
65.997	5.630e+00	-4.571	1469	5.431	0.779
65.997	7.389e+00	-4.633	1423	5.437	0.773
65.997	9.711e+00	-4.679	1389	5.442	0.769
67.044	1.010e-04	-0.771	3687	3.237	9.813
67.044	1.328e-04	-0.871	3623	3.306	9.059
67.044	1.746e-04	-0.970	3556	3.373	8.391
67.044	2.277e-04	-1.063	3490	3.433	7.826
67.044	3.006e-04	-1.148	3430	3.488	7.348
67.044	3.928e-04	-1.204	3393	3.525	7.039
67.044	5.164e-04	-1.236	3373	3.547	6.870
67.044	6.763e-04	-1.255	3361	3.560	6.765
67.044	8.908e-04	-1.280	3346	3.577	6.633
67.044	1.171e-03	-1.324	3322	3.608	6.398
67.044	1.539e-03	-1.436	3267	3.692	5.813
67.044	2.023e-03	-1.587	3218	3.816	5.037
67.044	2.671e-03	-1.705	3198	3.923	4.456
67.044	3.496e-03	-1.805	3187	4.017	3.997
67.044	4.588e-03	-1.901	3175	4.107	3.605
67.044	6.009e-03	-1.987	3173	4.192	3.269
67.044	7.866e-03	-2.069	3175	4.275	2.970
67.044	1.038e-02	-2.149	3184	4.360	2.694
67.044	1.368e-02	-2.248	3154	4.442	2.449
67.044	1.798e-02	-2.351	3109	4.520	2.240
67.044	2.373e-02	-2.452	3062	4.595	2.055
67.044	3.101e-02	-2.547	3018	4.665	1.896
67.044	4.045e-02	-2.640	2974	4.732	1.755
67.044	5.339e-02	-2.735	2930	4.801	1.621
67.044	6.989e-02	-2.826	2887	4.866	1.504
67.044	9.173e-02	-2.924	2831	4.931	1.396
67.044	1.193e-01	-3.025	2765	4.991	1.303
67.044	1.562e-01	-3.125	2700	5.049	1.218
67.044	2.041e-01	-3.227	2630	5.105	1.142
67.044	2.683e-01	-3.337	2544	5.158	1.074
67.044	3.526e-01	-3.457	2442	5.207	1.016
67.044	4.636e-01	-3.575	2339	5.250	0.966
67.044	6.094e-01	-3.717	2201	5.286	0.927
67.044	8.012e-01	-3.838	2089	5.317	0.895
67.044	1.053e+00	-3.952	1985	5.342	0.869
67.044	1.393e+00	-4.056	1893	5.364	0.848
67.044	1.816e+00	-4.151	1811	5.381	0.831
67.044	2.398e+00	-4.240	1735	5.396	0.817
67.044	3.158e+00	-4.319	1670	5.409	0.805
67.044	4.151e+00	-4.389	1613	5.419	0.796
67.044	5.479e+00	-4.448	1567	5.427	0.789
67.044	7.173e+00	-4.491	1533	5.432	0.784
67.044	9.414e+00	-4.522	1509	5.436	0.780
68.092	1.006e-04	-0.759	3699	3.236	9.894
68.092	1.322e-04	-0.857	3638	3.306	9.131
68.092	1.746e-04	-0.958	3570	3.374	8.446
68.092	2.281e-04	-1.051	3504	3.435	7.873
68.092	2.975e-04	-1.132	3447	3.487	7.416
68.092	3.927e-04	-1.189	3409	3.524	7.102
68.092	5.141e-04	-1.218	3389	3.544	6.942
68.092	6.748e-04	-1.238	3377	3.558	6.835
68.092	8.869e-04	-1.264	3361	3.575	6.698
68.092	1.171e-03	-1.312	3333	3.609	6.440
68.092	1.533e-03	-1.434	3272	3.699	5.811
68.092	2.013e-03	-1.581	3223	3.820	5.055
68.092	2.652e-03	-1.697	3202	3.924	4.484
68.092	3.485e-03	-1.797	3191	4.019	4.021
68.092	4.582e-03	-1.893	3180	4.108	3.628
68.092	6.022e-03	-1.980	3176	4.194	3.287
68.092	7.917e-03	-2.063	3179	4.277	2.984
68.092	1.041e-02	-2.142	3187	4.361	2.712
68.092	1.368e-02	-2.236	3164	4.443	2.467
68.092	1.798e-02	-2.339	3118	4.521	2.256
68.092	2.374e-02	-2.441	3072	4.596	2.068
68.092	3.102e-02	-2.536	3027	4.666	1.909
68.092	4.046e-02	-2.629	2983	4.733	1.766
68.092	5.310e-02	-2.722	2940	4.801	1.634
68.092	6.979e-02	-2.814	2897	4.867	1.514
68.092	9.103e-02	-2.908	2847	4.931	1.407
68.092	1.204e-01	-3.015	2776	4.994	1.307
68.092	1.583e-01	-3.117	2710	5.054	1.220
68.092	2.080e-01	-3.219	2640	5.111	1.143
68.092	2.735e-01	-3.328	2556	5.164	1.075
68.092	3.582e-01	-3.444	2458	5.212	1.018
68.092	4.689e-01	-3.556	2361	5.254	0.969
68.092	6.189e-01	-3.695	2226	5.291	0.929
68.092	8.102e-01	-3.809	2120	5.320	0.898
68.092	1.063e+00	-3.916	2021	5.345	0.874
68.092	1.398e+00	-4.012	1935	5.365	0.853
68.092	1.838e+00	-4.097	1862	5.382	0.837
68.092	2.415e+00	-4.172	1797	5.395	0.824
68.092	3.150e+00	-4.234	1744	5.406	0.814
68.092	4.158e+00	-4.287	1700	5.414	0.806
68.092	5.443e+00	-4.326	1668	5.420	0.801
68.092	7.185e+00	-4.355	1644	5.425	0.797
68.092	9.465e+00	-4.373	1630	5.427	0.794
69.139	1.022e-04	-0.753	3707	3.241	9.915
69.139	1.350e-04	-0.853	3646	3.312	9.138
69.139	1.764e-04	-0.949	3581	3.377	8.476
69.139	2.319e-04	-1.044	3514	3.439	7.892
69.139	3.048e-04	-1.124	3457	3.491	7.437
69.139	4.007e-04	-1.176	3423	3.525	7.150
69.139	5.266e-04	-1.203	3405	3.543	7.001
69.139	6.869e-04	-1.223	3392	3.557	6.895
69.139	9.085e-04	-1.252	3374	3.576	6.741
69.139	1.194e-03	-1.307	3341	3.615	6.447
69.139	1.570e-03	-1.448	3272	3.719	5.719
69.139	2.072e-03	-1.591	3225	3.837	4.994
69.139	2.713e-03	-1.700	3205	3.936	4.456
69.139	3.560e-03	-1.799	3194	4.028	4.006
69.139	4.679e-03	-1.893	3183	4.116	3.620
69.139	6.103e-03	-1.978	3179	4.199	3.292
69.139	8.011e-03	-2.059	3182	4.282	2.992
69.139	1.053e-02	-2.137	3190	4.365	2.720
69.139	1.384e-02	-2.229	3172	4.447	2.475
69.139	1.819e-02	-2.332	3126	4.525	2.263
69.139	2.402e-02	-2.434	3079	4.600	2.075
69.139	3.138e-02	-2.529	3035	4.670	1.914
69.139	4.093e-02	-2.622	2991	4.737	1.771
69.139	5.373e-02	-2.715	2948	4.805	1.639
69.139	7.061e-02	-2.807	2905	4.871	1.518
69.139	9.210e-02	-2.899	2857	4.935	1.411
69.139	1.209e-01	-3.004	2788	4.997	1.313
69.139	1.589e-01	-3.105	2722	5.057	1.226
69.139	2.072e-01	-3.203	2657	5.112	1.150
69.139	2.735e-01	-3.311	2575	5.167	1.081
69.139	3.581e-01	-3.426	2478	5.214	1.023
69.139	4.727e-01	-3.537	2382	5.258	0.973
69.139	6.177e-01	-3.664	2260	5.293	0.934
69.139	8.122e-01	-3.777	2154	5.322	0.903
69.139	1.064e+00	-3.876	2062	5.346	0.879
69.139	1.392e+00	-3.963	1983	5.365	0.860
69.139	1.838e+00	-4.037	1918	5.380	0.845
69.139	2.402e+00	-4.098	1864	5.392	0.833
69.139	3.158e+00	-4.149	1820	5.401	0.824
69.139	4.150e+00	-4.185	1789	5.408	0.818
69.139	5.413e+00	-4.209	1769	5.412	0.814
69.139	7.145e+00	-4.224	1756	5.415	0.812
69.139	9.354e+00	-4.231	1751	5.416	0.811
70.187	1.007e-04	-0.737	3720	3.238	10.027
70.187	1.330e-04	-0.835	3663	3.309	9.237
70.187	1.738e-04	-0.932	3599	3.375	8.564
70.187	2.267e-04	-1.024	3534	3.436	7.988
70.187	2.975e-04	-1.104	3476	3.487	7.525
70.187	3.910e-04	-1.156	3441	3.522	7.232
70.187	5.141e-04	-1.184	3422	3.540	7.081
70.187	6.733e-04	-1.204	3409	3.554	6.972
70.187	8.869e-04	-1.234	3390	3.573	6.817
70.187	1.166e-03	-1.290	3356	3.612	6.519
70.187	1.530e-03	-1.432	3282	3.715	5.788
70.187	2.001e-03	-1.571	3233	3.829	5.080
70.187	2.631e-03	-1.684	3211	3.929	4.527
70.187	3.458e-03	-1.782	3200	4.021	4.070
70.187	4.510e-03	-1.873	3189	4.107	3.689
70.187	5.920e-03	-1.961	3182	4.191	3.349
70.187	7.780e-03	-2.043	3184	4.274	3.044
70.187	1.023e-02	-2.121	3193	4.356	2.768
70.187	1.344e-02	-2.206	3186	4.438	2.518
70.187	1.775e-02	-2.312	3140	4.518	2.297
70.187	2.323e-02	-2.411	3094	4.592	2.110
70.187	3.067e-02	-2.510	3048	4.665	1.940
70.187	4.015e-02	-2.604	3003	4.734	1.792
70.187	5.299e-02	-2.699	2959	4.803	1.655
70.187	6.937e-02	-2.790	2917	4.868	1.535
70.187	9.105e-02	-2.883	2871	4.934	1.424
70.187	1.197e-01	-2.987	2803	4.997	1.324
70.187	1.573e-01	-3.089	2737	5.057	1.235
70.187	2.068e-01	-3.188	2671	5.114	1.157
70.187	2.719e-01	-3.294	2592	5.167	1.088
70.187	3.573e-01	-3.406	2499	5.216	1.028
70.187	4.698e-01	-3.513	2408	5.259	0.979
70.187	6.152e-01	-3.631	2297	5.295	0.939
70.187	8.054e-01	-3.741	2192	5.323	0.909
70.187	1.057e+00	-3.833	2107	5.346	0.886
70.187	1.389e+00	-3.913	2033	5.364	0.867
70.187	1.834e+00	-3.979	1973	5.378	0.853
70.187	2.401e+00	-4.026	1931	5.388	0.844
70.187	3.151e+00	-4.062	1900	5.396	0.836
70.187	4.141e+00	-4.087	1878	5.400	0.832
70.187	5.445e+00	-4.100	1866	5.403	0.829
70.187	7.156e+00	-4.106	1861	5.404	0.828
70.187	9.392e+00	-4.108	1859	5.404	0.828
71.234	1.012e-04	-0.728	3730	3.240	10.080
71.234	1.331e-04	-0.823	3676	3.310	9.296
71.234	1.750e-04	-0.922	3610	3.377	8.603
71.234	2.291e-04	-1.015	3546	3.439	8.018
71.234	2.994e-04	-1.092	3490	3.488	7.571
71.234	3.892e-04	-1.140	3457	3.520	7.300
71.234	5.077e-04	-1.166	3440	3.538	7.155
71.234	6.611e-04	-1.186	3426	3.551	7.046
71.234	8.594e-04	-1.214	3408	3.569	6.898
71.234	1.134e-03	-1.272	3372	3.608	6.596
71.234	1.485e-03	-1.414	3293	3.710	5.870
71.234	1.960e-03	-1.558	3242	3.826	5.133
71.234	2.566e-03	-1.669	3217	3.924	4.586
71.234	3.387e-03	-1.769	3205	4.017	4.120
71.234	4.427e-03	-1.860	3194	4.103	3.734
71.234	5.774e-03	-1.947	3185	4.184	3.398
71.234	7.578e-03	-2.028	3187	4.266	3.092
71.234	9.960e-03	-2.105	3195	4.348	2.813
71.234	1.299e-02	-2.183	3200	4.428	2.566
71.234	1.715e-02	-2.288	3155	4.509	2.339
71.234	2.245e-02	-2.387	3109	4.583	2.147
71.234	2.946e-02	-2.485	3064	4.655	1.976
71.234	3.872e-02	-2.581	3019	4.725	1.823
71.234	5.051e-02	-2.672	2976	4.792	1.688
71.234	6.667e-02	-2.766	2933	4.860	1.561
71.234	8.728e-02	-2.856	2890	4.925	1.449
71.234	1.152e-01	-2.960	2825	4.990	1.345
71.234	1.508e-01	-3.061	2760	5.049	1.255
71.234	1.979e-01	-3.159	2696	5.107	1.175
71.234	2.602e-01	-3.262	2621	5.161	1.104
71.234	3.421e-01	-3.370	2535	5.211	1.043
71.234	4.496e-01	-3.477	2443	5.254	0.992
71.234	5.864e-01	-3.577	2355	5.290	0.951
71.234	7.740e-01	-3.693	2241	5.320	0.919
71.234	1.013e+00	-3.780	2160	5.343	0.895
71.234	1.338e+00	-3.853	2092	5.361	0.877
71.234	1.751e+00	-3.910	2040	5.373	0.865
71.234	2.298e+00	-3.951	2002	5.382	0.856
71.234	3.020e+00	-3.978	1978	5.388	0.850
71.234	3.940e+00	-3.992	1965	5.391	0.847
71.234	5.171e+00	-3.999	1959	5.392	0.846
71.234	6.771e+00	-4.002	1956	5.393	0.845
71.234	8.919e+00	-4.003	1956	5.393	0.845
72.282	1.009e-04	-0.716	3741	3.239	10.160
72.282	1.321e-04	-0.809	3691	3.309	9.378
72.282	1.743e-04	-0.909	3624	3.378	8.666
72.282	2.282e-04	-1.001	3560	3.439	8.078
72.282	3.012e-04	-1.080	3504	3.489	7.619
72.282	3.943e-04	-1.126	3472	3.520	7.355
72.282	5.205e-04	-1.152	3455	3.537	7.214
72.282	6.802e-04	-1.173	3441	3.551	7.098
72.282	8.943e-04	-1.206	3419	3.573	6.921
72.282	1.175e-03	-1.276	3374	3.620	6.555
72.282	1.545e-03	-1.436	3289	3.736	5.737
72.282	2.031e-03	-1.570	3241	3.845	5.060
72.282	2.671e-03	-1.679	3219	3.941	4.528
72.282	3.510e-03	-1.775	3207	4.031	4.083
72.282	4.578e-03	-1.865	3196	4.115	3.708
72.282	6.009e-03	-1.952	3188	4.198	3.371
72.282	7.897e-03	-2.032	3191	4.279	3.068
72.282	1.038e-02	-2.110	3199	4.361	2.792
72.282	1.365e-02	-2.189	3203	4.443	2.541
72.282	1.801e-02	-2.295	3156	4.523	2.317
72.282	2.358e-02	-2.395	3110	4.597	2.128
72.282	3.113e-02	-2.494	3064	4.670	1.956
72.282	4.068e-02	-2.588	3020	4.739	1.808
72.282	5.348e-02	-2.681	2976	4.807	1.671
72.282	7.029e-02	-2.773	2933	4.874	1.547
72.282	9.168e-02	-2.862	2891	4.938	1.438
72.282	1.210e-01	-2.966	2826	5.002	1.335
72.282	1.584e-01	-3.066	2761	5.062	1.246
72.282	2.091e-01	-3.166	2696	5.120	1.166
72.282	2.738e-01	-3.267	2621	5.173	1.097
72.282	3.614e-01	-3.374	2535	5.221	1.037
72.282	4.760e-01	-3.477	2447	5.263	0.988
72.282	6.233e-01	-3.571	2365	5.298	0.949
72.282	8.146e-01	-3.675	2263	5.325	0.920
72.282	1.071e+00	-3.754	2188	5.346	0.899
72.282	1.403e+00	-3.813	2133	5.361	0.883
72.282	1.836e+00	-3.857	2093	5.371	0.873
72.282	2.424e+00	-3.887	2065	5.378	0.866
72.282	3.173e+00	-3.902	2051	5.381	0.863
72.282	4.164e+00	-3.909	2044	5.383	0.861
72.282	5.473e+00	-3.912	2042	5.384	0.861
72.282	7.224e+00	-3.913	2041	5.384	0.860
72.282	9.615e+00	-3.913	2041	5.384	0.860
73.330	1.012e-04	-0.706	3751	3.241	10.219
73.330	1.322e-04	-0.798	3702	3.310	9.436
73.330	1.719e-04	-0.893	3640	3.375	8.754
73.330	2.242e-04	-0.983	3578	3.436	8.165
73.330	2.960e-04	-1.062	3522	3.486	7.699
73.330	3.874e-04	-1.108	3489	3.517	7.432
73.330	5.045e-04	-1.133	3473	3.533	7.295
73.330	6.558e-04	-1.153	3459	3.547	7.182
73.330	8.608e-04	-1.186	3437	3.568	7.009
73.330	1.131e-03	-1.253	3393	3.613	6.655
73.330	1.487e-03	-1.413	3303	3.726	5.842
73.330	1.955e-03	-1.549	3253	3.836	5.152
73.330	2.570e-03	-1.660	3226	3.932	4.611
73.330	3.366e-03	-1.755	3213	4.020	4.165
73.330	4.398e-03	-1.845	3202	4.104	3.781
73.330	5.737e-03	-1.931	3191	4.185	3.446
73.330	7.530e-03	-2.012	3192	4.266	3.139
73.330	9.896e-03	-2.089	3201	4.347	2.858
73.330	1.291e-02	-2.164	3208	4.426	2.609
73.330	1.704e-02	-2.263	3175	4.508	2.376
73.330	2.245e-02	-2.366	3128	4.584	2.175
73.330	2.939e-02	-2.463	3083	4.656	2.002
73.330	3.841e-02	-2.557	3038	4.725	1.850
73.330	5.010e-02	-2.648	2996	4.792	1.713
73.330	6.613e-02	-2.742	2952	4.860	1.583
73.330	8.657e-02	-2.832	2909	4.925	1.469
73.330	1.143e-01	-2.932	2852	4.991	1.362
73.330	1.496e-01	-3.033	2787	5.051	1.271
73.330	1.975e-01	-3.133	2722	5.110	1.188
73.330	2.585e-01	-3.230	2653	5.163	1.117
73.330	3.412e-01	-3.333	2574	5.213	1.054
73.330	4.467e-01	-3.435	2487	5.255	1.005
73.330	5.863e-01	-3.525	2411	5.291	0.964
73.330	7.706e-01	-3.620	2322	5.320	0.932
73.330	1.013e+00	-3.700	2243	5.341	0.910
73.330	1.332e+00	-3.756	2191	5.356	0.895
73.330	1.737e+00	-3.792	2157	5.365	0.885
73.330	2.261e+00	-3.815	2136	5.371	0.880
73.330	2.985e+00	-3.827	2124	5.374	0.877
73.330	3.908e+00	-3.832	2120	5.375	0.875
73.330	5.088e+00	-3.834	2118	5.375	0.875
73.330	6.678e+00	-3.834	2118	5.375	0.875
73.330	8.777e+00	-3.834	2118	5.375	0.875
74.377	1.028e-04	-0.701	3758	3.245	10.236
74.377	1.354e-04	-0.796	3708	3.317	9.429
74.377	1.780e-04	-0.894	3644	3.384	8.724
74.377	2.322e-04	-0.982	3584	3.443	8.149
74.377	3.065e-04	-1.056	3531	3.491	7.712
74.377	4.012e-04	-1.097	3503	3.518	7.475
74.377	5.266e-04	-1.120	3487	3.534	7.345
74.377	6.845e-04	-1.142	3472	3.548	7.223
74.377	8.964e-04	-1.179	3447	3.573	7.023
74.377	1.173e-03	-1.262	3393	3.628	6.586
74.377	1.549e-03	-1.433	3299	3.751	5.721
74.377	2.028e-03	-1.561	3253	3.854	5.080
74.377	2.677e-03	-1.670	3227	3.949	4.554
74.377	3.498e-03	-1.762	3215	4.035	4.124
74.377	4.599e-03	-1.853	3204	4.119	3.741
74.377	6.022e-03	-1.939	3194	4.200	3.408
74.377	7.884e-03	-2.017	3197	4.280	3.109
74.377	1.041e-02	-2.095	3205	4.363	2.828
74.377	1.362e-02	-2.171	3213	4.443	2.579
74.377	1.798e-02	-2.273	3175	4.523	2.350
74.377	2.369e-02	-2.375	3128	4.600	2.153
74.377	3.113e-02	-2.473	3082	4.672	1.980
74.377	4.061e-02	-2.566	3038	4.740	1.831
74.377	5.360e-02	-2.661	2994	4.810	1.690
74.377	7.005e-02	-2.751	2952	4.876	1.567
74.377	9.210e-02	-2.843	2908	4.941	1.452
74.377	1.210e-01	-2.942	2850	5.005	1.349
74.377	1.579e-01	-3.040	2787	5.064	1.261
74.377	2.084e-01	-3.139	2722	5.123	1.179
74.377	2.728e-01	-3.236	2654	5.175	1.110
74.377	3.601e-01	-3.336	2576	5.224	1.049
74.377	4.714e-01	-3.433	2493	5.264	1.002
74.377	6.223e-01	-3.519	2421	5.298	0.963
74.377	8.147e-01	-3.600	2345	5.325	0.934
74.377	1.077e+00	-3.672	2275	5.343	0.914
74.377	1.405e+00	-3.716	2232	5.355	0.902
74.377	1.844e+00	-3.742	2208	5.362	0.895
74.377	2.424e+00	-3.756	2195	5.365	0.892
74.377	3.187e+00	-3.761	2190	5.367	0.890
74.377	4.189e+00	-3.763	2188	5.367	0.890
74.377	5.575e+00	-3.764	2188	5.367	0.889
74.377	7.421e+00	-3.764	2187	5.367	0.889
74.377	9.877e+00	-3.764	2187	5.367	0.889
75.425	1.046e-04	-0.697	3766	3.250	10.250
75.425	1.370e-04	-0.790	3716	3.320	9.458
75.425	1.793e-04	-0.885	3655	3.387	8.760
75.425	2.367e-04	-0.976	3593	3.448	8.165
75.425	3.098e-04	-1.044	3545	3.492	7.758
75.425	4.067e-04	-1.083	3518	3.518	7.533
75.425	5.325e-04	-1.105	3502	3.532	7.408
75.425	7.015e-04	-1.129	3485	3.548	7.271
75.425	9.220e-04	-1.172	3456	3.577	7.038
75.425	1.217e-03	-1.280	3386	3.649	6.474
75.425	1.593e-03	-1.445	3298	3.768	5.647
75.425	2.091e-03	-1.570	3253	3.869	5.027
75.425	2.748e-03	-1.674	3230	3.961	4.524
75.425	3.613e-03	-1.767	3218	4.047	4.095
75.425	4.749e-03	-1.857	3207	4.131	3.719
75.425	6.194e-03	-1.941	3196	4.210	3.395
75.425	8.052e-03	-2.016	3200	4.287	3.106
75.425	1.048e-02	-2.090	3208	4.365	2.840
75.425	1.376e-02	-2.166	3216	4.446	2.588
75.425	1.802e-02	-2.263	3184	4.524	2.364
75.425	2.359e-02	-2.363	3137	4.599	2.169
75.425	3.096e-02	-2.460	3092	4.671	1.996
75.425	4.055e-02	-2.555	3047	4.741	1.843
75.425	5.308e-02	-2.647	3005	4.808	1.705
75.425	6.967e-02	-2.739	2962	4.875	1.578
75.425	9.156e-02	-2.831	2918	4.941	1.463
75.425	1.194e-01	-2.925	2866	5.004	1.361
75.425	1.576e-01	-3.028	2799	5.066	1.268
75.425	2.064e-01	-3.124	2736	5.122	1.188
75.425	2.709e-01	-3.218	2671	5.175	1.117
75.425	3.560e-01	-3.314	2598	5.223	1.058
75.425	4.699e-01	-3.411	2516	5.264	1.009
75.425	6.152e-01	-3.491	2448	5.296	0.972
75.425	8.010e-01	-3.558	2390	5.322	0.944
75.425	1.057e+00	-3.624	2326	5.340	0.924
75.425	1.393e+00	-3.665	2285	5.351	0.913
75.425	1.824e+00	-3.687	2264	5.357	0.907
75.425	2.383e+00	-3.696	2255	5.359	0.904
75.425	3.109e+00	-3.699	2252	5.360	0.904
75.425	4.129e+00	-3.700	2251	5.360	0.903
75.425	5.496e+00	-3.700	2251	5.360	0.903
75.425	7.315e+00	-3.701	2251	5.360	0.903
75.425	9.737e+00	-3.701	2251	5.360	0.903
76.472	1.038e-04	-0.684	3777	3.249	10.339
76.472	1.365e-04	-0.778	3727	3.320	9.527
76.472	1.794e-04	-0.874	3667	3.387	8.812
76.472	2.368e-04	-0.964	3607	3.448	8.217
76.472	3.095e-04	-1.030	3560	3.491	7.818
76.472	4.070e-04	-1.067	3534	3.516	7.600
76.472	5.329e-04	-1.089	3518	3.530	7.475
76.472	6.928e-04	-1.113	3502	3.546	7.340
76.472	9.053e-04	-1.156	3473	3.574	7.105
76.472	1.190e-03	-1.264	3401	3.647	6.539
76.472	1.564e-03	-1.433	3307	3.767	5.693
76.472	2.057e-03	-1.558	3261	3.867	5.071
76.472	2.703e-03	-1.663	3235	3.958	4.568
76.472	3.526e-03	-1.753	3222	4.042	4.149
76.472	4.654e-03	-1.843	3211	4.126	3.764
76.472	6.083e-03	-1.929	3201	4.206	3.436
76.472	7.934e-03	-2.005	3203	4.283	3.141
76.472	1.041e-02	-2.081	3211	4.363	2.865
76.472	1.364e-02	-2.156	3219	4.443	2.614
76.472	1.782e-02	-2.248	3194	4.521	2.389
76.472	2.324e-02	-2.347	3149	4.595	2.193
76.472	3.068e-02	-2.447	3102	4.670	2.014
76.472	4.009e-02	-2.541	3058	4.739	1.860
76.472	5.230e-02	-2.632	3016	4.806	1.722
76.472	6.864e-02	-2.724	2973	4.873	1.594
76.472	8.989e-02	-2.814	2930	4.938	1.479
76.472	1.177e-01	-2.907	2882	5.001	1.374
76.472	1.553e-01	-3.010	2815	5.064	1.279
76.472	2.033e-01	-3.106	2752	5.121	1.198
76.472	2.684e-01	-3.201	2688	5.175	1.126
76.472	3.514e-01	-3.294	2618	5.222	1.067
76.472	4.638e-01	-3.386	2542	5.263	1.017
76.472	6.071e-01	-3.464	2475	5.294	0.981
76.472	8.014e-01	-3.527	2421	5.319	0.953
76.472	1.049e+00	-3.577	2377	5.337	0.934
76.472	1.388e+00	-3.616	2338	5.347	0.923
76.472	1.810e+00	-3.633	2321	5.352	0.918
76.472	2.389e+00	-3.640	2314	5.353	0.916
76.472	3.147e+00	-3.642	2312	5.354	0.916
76.472	4.188e+00	-3.642	2312	5.354	0.916
76.472	5.575e+00	-3.642	2312	5.354	0.916
76.472	7.420e+00	-3.642	2312	5.354	0.916
76.472	9.876e+00	-3.643	2312	5.354	0.916
77.520	1.027e-04	-0.670	3789	3.246	10.439
77.520	1.343e-04	-0.763	3740	3.316	9.634
77.520	1.765e-04	-0.857	3683	3.384	8.907
77.520	2.312e-04	-0.945	3625	3.444	8.316
77.520	3.026e-04	-1.012	3577	3.488	7.903
77.520	3.995e-04	-1.050	3551	3.513	7.676
77.520	5.230e-04	-1.072	3535	3.528	7.549
77.520	6.864e-04	-1.098	3518	3.544	7.406
77.520	9.021e-04	-1.143	3486	3.575	7.152
77.520	1.191e-03	-1.264	3406	3.655	6.521
77.520	1.511e-03	-1.413	3319	3.759	5.782
77.520	1.918e-03	-1.524	3277	3.848	5.223
77.520	2.502e-03	-1.630	3246	3.937	4.715
77.520	3.284e-03	-1.724	3229	4.022	4.272
77.520	4.316e-03	-1.813	3218	4.105	3.883
77.520	5.675e-03	-1.900	3207	4.186	3.536
77.520	7.458e-03	-1.982	3204	4.266	3.226
77.520	9.728e-03	-2.055	3212	4.344	2.951
77.520	1.277e-02	-2.131	3220	4.424	2.691
77.520	1.678e-02	-2.214	3214	4.504	2.453
77.520	2.215e-02	-2.319	3166	4.583	2.241
77.520	2.900e-02	-2.417	3120	4.655	2.061
77.520	3.806e-02	-2.513	3075	4.726	1.899
77.520	5.002e-02	-2.607	3031	4.796	1.754
77.520	6.576e-02	-2.700	2988	4.863	1.622
77.520	8.612e-02	-2.790	2946	4.929	1.504
77.520	1.127e-01	-2.880	2901	4.993	1.398
77.520	1.491e-01	-2.983	2837	5.056	1.299
77.520	1.960e-01	-3.081	2773	5.115	1.215
77.520	2.576e-01	-3.174	2711	5.168	1.142
77.520	3.361e-01	-3.264	2645	5.215	1.082
77.520	4.436e-01	-3.351	2575	5.257	1.031
77.520	5.807e-01	-3.429	2509	5.289	0.994
77.520	7.622e-01	-3.489	2458	5.313	0.966
77.520	1.002e+00	-3.533	2420	5.330	0.948
77.520	1.317e+00	-3.562	2394	5.341	0.936
77.520	1.725e+00	-3.579	2378	5.346	0.930
77.520	2.258e+00	-3.586	2371	5.348	0.928
77.520	2.980e+00	-3.588	2370	5.349	0.928
77.520	3.941e+00	-3.588	2369	5.349	0.928
77.520	5.246e+00	-3.588	2369	5.349	0.928
77.520	6.982e+00	-3.589	2369	5.349	0.928
77.520	9.294e+00	-3.589	2369	5.349	0.928
78.567	1.001e-04	-0.652	3802	3.239	10.591
78.567	1.318e-04	-0.747	3753	3.312	9.746
78.567	1.733e-04	-0.840	3700	3.380	9.008
78.567	2.278e-04	-0.929	3640	3.441	8.398
78.567	2.983e-04	-0.995	3594	3.485	7.980
78.567	3.878e-04	-1.032	3568	3.510	7.760
78.567	5.068e-04	-1.054	3553	3.524	7.630
78.567	6.663e-04	-1.080	3535	3.541	7.485
78.567	8.757e-04	-1.125	3504	3.571	7.233
78.567	1.156e-03	-1.243	3424	3.649	6.611
78.567	1.513e-03	-1.411	3325	3.766	5.778
78.567	1.998e-03	-1.536	3276	3.866	5.149
78.567	2.615e-03	-1.640	3247	3.954	4.654
78.567	3.432e-03	-1.733	3231	4.038	4.224
78.567	4.511e-03	-1.821	3220	4.120	3.843
78.567	5.931e-03	-1.907	3209	4.200	3.503
78.567	7.795e-03	-1.987	3208	4.280	3.198
78.567	1.029e-02	-2.063	3216	4.360	2.914
78.567	1.347e-02	-2.138	3224	4.439	2.661
78.567	1.754e-02	-2.220	3215	4.517	2.433
78.567	2.315e-02	-2.325	3167	4.595	2.224
78.567	3.031e-02	-2.423	3121	4.668	2.046
78.567	3.946e-02	-2.516	3078	4.736	1.890
78.567	5.179e-02	-2.609	3034	4.805	1.746
78.567	6.807e-02	-2.702	2991	4.873	1.615
78.567	8.950e-02	-2.793	2948	4.939	1.497
78.567	1.176e-01	-2.885	2903	5.004	1.389
78.567	1.547e-01	-2.985	2840	5.066	1.294
78.567	2.033e-01	-3.082	2776	5.123	1.211
78.567	2.651e-01	-3.170	2718	5.175	1.141
78.567	3.500e-01	-3.261	2651	5.222	1.080
78.567	4.581e-01	-3.341	2588	5.261	1.033
78.567	6.047e-01	-3.415	2526	5.292	0.997
78.567	7.916e-01	-3.467	2480	5.313	0.973
78.567	1.045e+00	-3.504	2450	5.328	0.957
78.567	1.366e+00	-3.525	2432	5.336	0.948
78.567	1.781e+00	-3.535	2422	5.340	0.944
78.567	2.351e+00	-3.539	2419	5.341	0.942
78.567	3.097e+00	-3.540	2418	5.342	0.942
78.567	4.122e+00	-3.540	2418	5.342	0.942
78.567	5.487e+00	-3.540	2418	5.342	0.941
78.567	7.303e+00	-3.541	2418	5.342	0.941
78.567	9.720e+00	-3.541	2417	5.342	0.941
80.663	1.018e-04	-0.639	3815	3.245	10.668
80.663	1.339e-04	-0.732	3770	3.316	9.821
80.663	1.759e-04	-0.823	3721	3.385	9.079
80.663	2.295e-04	-0.908	3663	3.443	8.492
80.663	3.029e-04	-0.972	3620	3.486	8.084
80.663	3.966e-04	-1.005	3597	3.508	7.880
80.663	5.205e-04	-1.027	3582	3.522	7.749
80.663	6.841e-04	-1.055	3562	3.541	7.583
80.663	9.030e-04	-1.112	3522	3.579	7.263
80.663	1.182e-03	-1.258	3423	3.675	6.499
80.663	1.552e-03	-1.417	3330	3.786	5.721
80.663	2.039e-03	-1.536	3284	3.880	5.131
80.663	2.681e-03	-1.639	3254	3.967	4.643
80.663	3.524e-03	-1.730	3237	4.050	4.221
80.663	4.596e-03	-1.814	3227	4.128	3.857
80.663	6.032e-03	-1.899	3216	4.207	3.522
80.663	7.899e-03	-1.978	3214	4.285	3.221
80.663	1.034e-02	-2.051	3222	4.363	2.945
80.663	1.357e-02	-2.126	3230	4.442	2.688
80.663	1.777e-02	-2.205	3230	4.521	2.455
80.663	2.311e-02	-2.304	3184	4.595	2.253
80.663	3.019e-02	-2.401	3139	4.668	2.073
80.663	3.970e-02	-2.498	3093	4.739	1.909
80.663	5.218e-02	-2.592	3050	4.809	1.762
80.663	6.806e-02	-2.682	3008	4.875	1.633
80.663	8.983e-02	-2.775	2965	4.942	1.511
80.663	1.176e-01	-2.864	2922	5.006	1.404
80.663	1.552e-01	-2.963	2862	5.069	1.306
80.663	2.032e-01	-3.058	2800	5.126	1.223
80.663	2.667e-01	-3.147	2742	5.178	1.152
80.663	3.493e-01	-3.229	2684	5.223	1.094
80.663	4.572e-01	-3.302	2627	5.260	1.049
80.663	6.001e-01	-3.364	2577	5.288	1.015
80.663	7.887e-01	-3.410	2538	5.307	0.993
80.663	1.037e+00	-3.438	2514	5.318	0.980
80.663	1.358e+00	-3.451	2502	5.324	0.974
80.663	1.775e+00	-3.456	2498	5.326	0.972
80.663	2.315e+00	-3.458	2497	5.326	0.971
80.663	3.075e+00	-3.458	2496	5.327	0.971
80.663	4.092e+00	-3.458	2496	5.327	0.971
80.663	5.447e+00	-3.459	2496	5.327	0.971
80.663	7.250e+00	-3.459	2496	5.327	0.970
80.663	9.649e+00	-3.459	2496	5.327	0.970
81.710	1.011e-04	-0.628	3824	3.243	10.757
81.710	1.335e-04	-0.722	3780	3.316	9.889
81.710	1.758e-04	-0.813	3731	3.385	9.136
81.710	2.302e-04	-0.898	3675	3.443	8.541
81.710	3.014e-04	-0.957	3634	3.484	8.151
81.710	3.979e-04	-0.990	3612	3.506	7.945
81.710	5.208e-04	-1.012	3597	3.521	7.814
81.710	6.888e-04	-1.043	3576	3.541	7.633
81.710	9.056e-04	-1.104	3533	3.581	7.289
81.710	1.190e-03	-1.262	3426	3.685	6.465
81.710	1.571e-03	-1.420	3332	3.796	5.694
81.710	2.057e-03	-1.534	3288	3.887	5.125
81.710	2.715e-03	-1.638	3257	3.974	4.637
81.710	3.554e-03	-1.727	3240	4.055	4.226
81.710	4.691e-03	-1.814	3230	4.136	3.848
81.710	6.141e-03	-1.898	3219	4.214	3.519
81.710	8.107e-03	-1.978	3217	4.293	3.212
81.710	1.061e-02	-2.051	3225	4.370	2.938
81.710	1.393e-02	-2.126	3233	4.449	2.682
81.710	1.824e-02	-2.204	3234	4.528	2.449
81.710	2.384e-02	-2.305	3188	4.604	2.245
81.710	3.134e-02	-2.405	3141	4.678	2.061
81.710	4.119e-02	-2.502	3096	4.749	1.899
81.710	5.373e-02	-2.593	3054	4.817	1.757
81.710	7.092e-02	-2.687	3010	4.886	1.623
81.710	9.284e-02	-2.777	2968	4.951	1.506
81.710	1.225e-01	-2.868	2924	5.017	1.396
81.710	1.604e-01	-2.963	2866	5.077	1.302
81.710	2.118e-01	-3.060	2803	5.135	1.218
81.710	2.767e-01	-3.145	2746	5.185	1.150
81.710	3.610e-01	-3.222	2692	5.228	1.095
81.710	4.765e-01	-3.294	2638	5.263	1.051
81.710	6.237e-01	-3.347	2596	5.289	1.020
81.710	8.233e-01	-3.387	2562	5.306	1.001
81.710	1.078e+00	-3.408	2543	5.314	0.991
81.710	1.403e+00	-3.417	2535	5.318	0.986
81.710	1.824e+00	-3.421	2533	5.320	0.985
81.710	2.408e+00	-3.421	2532	5.320	0.985
81.710	3.199e+00	-3.422	2532	5.320	0.984
81.710	4.257e+00	-3.422	2532	5.320	0.984
81.710	5.667e+00	-3.422	2532	5.320	0.984
81.710	7.542e+00	-3.422	2531	5.320	0.984
81.710	1.000e+01	-3.422	2531	5.320	0.984
83.805	1.008e-04	-0.609	3841	3.242	10.900
83.805	1.325e-04	-0.700	3800	3.315	10.031
83.805	1.742e-04	-0.791	3751	3.383	9.271
83.805	2.289e-04	-0.873	3700	3.442	8.663
83.805	3.010e-04	-0.932	3661	3.482	8.276
83.805	3.955e-04	-0.962	3641	3.502	8.082
83.805	5.159e-04	-0.983	3627	3.517	7.948
83.805	6.823e-04	-1.016	3604	3.539	7.751
83.805	8.971e-04	-1.083	3557	3.583	7.362
83.805	1.179e-03	-1.250	3442	3.693	6.488
83.805	1.559e-03	-1.407	3348	3.801	5.728
83.805	2.050e-03	-1.523	3299	3.892	5.159
83.805	2.694e-03	-1.624	3266	3.976	4.683
83.805	3.543e-03	-1.715	3248	4.057	4.267
83.805	4.656e-03	-1.800	3237	4.136	3.896
83.805	6.073e-03	-1.881	3227	4.212	3.570
83.805	7.907e-03	-1.959	3222	4.287	3.275
83.805	1.044e-02	-2.034	3230	4.366	2.990
83.805	1.366e-02	-2.107	3238	4.444	2.734
83.805	1.779e-02	-2.180	3244	4.521	2.502
83.805	2.335e-02	-2.278	3208	4.599	2.287
83.805	3.058e-02	-2.377	3162	4.672	2.101
83.805	4.003e-02	-2.473	3117	4.743	1.936
83.805	5.254e-02	-2.566	3074	4.813	1.788
83.805	6.905e-02	-2.659	3031	4.881	1.653
83.805	9.007e-02	-2.748	2989	4.946	1.534
83.805	1.189e-01	-2.839	2946	5.011	1.422
83.805	1.556e-01	-2.930	2897	5.073	1.325
83.805	2.043e-01	-3.024	2834	5.130	1.241
83.805	2.685e-01	-3.111	2777	5.181	1.170
83.805	3.502e-01	-3.184	2728	5.223	1.115
83.805	4.596e-01	-3.249	2680	5.257	1.072
83.805	6.041e-01	-3.297	2644	5.282	1.042
83.805	7.942e-01	-3.328	2620	5.297	1.024
83.805	1.040e+00	-3.345	2606	5.304	1.015
83.805	1.362e+00	-3.352	2600	5.307	1.012
83.805	1.797e+00	-3.354	2598	5.308	1.011
83.805	2.387e+00	-3.354	2598	5.308	1.010
83.805	3.177e+00	-3.354	2598	5.308	1.010
83.805	4.229e+00	-3.354	2598	5.308	1.010
83.805	5.629e+00	-3.354	2598	5.308	1.010
83.805	7.492e+00	-3.355	2597	5.309	1.010
83.805	9.972e+00	-3.355	2597	5.309	1.010
85.900	1.002e-04	-0.590	3855	3.241	11.052
85.900	1.315e-04	-0.679	3819	3.313	10.172
85.900	1.728e-04	-0.769	3771	3.382	9.401
85.900	2.272e-04	-0.849	3726	3.440	8.789
85.900	2.987e-04	-0.905	3688	3.479	8.409
85.900	3.927e-04	-0.934	3668	3.498	8.219
85.900	5.142e-04	-0.956	3654	3.514	8.077
85.900	6.720e-04	-0.989	3632	3.536	7.873
85.900	8.835e-04	-1.062	3581	3.585	7.442
85.900	1.161e-03	-1.236	3460	3.699	6.525
85.900	1.536e-03	-1.390	3365	3.805	5.776
85.900	2.019e-03	-1.507	3312	3.894	5.213
85.900	2.644e-03	-1.608	3276	3.976	4.745
85.900	3.455e-03	-1.696	3257	4.054	4.338
85.900	4.543e-03	-1.780	3245	4.132	3.964
85.900	5.971e-03	-1.863	3235	4.209	3.627
85.900	7.788e-03	-1.942	3228	4.284	3.327
85.900	1.028e-02	-2.017	3235	4.362	3.040
85.900	1.346e-02	-2.090	3242	4.440	2.781
85.900	1.776e-02	-2.166	3250	4.520	2.535
85.900	2.321e-02	-2.256	3225	4.597	2.320
85.900	3.052e-02	-2.357	3178	4.673	2.127
85.900	4.011e-02	-2.455	3132	4.745	1.957
85.900	5.274e-02	-2.549	3089	4.815	1.805
85.900	6.932e-02	-2.642	3046	4.884	1.668
85.900	9.114e-02	-2.734	3003	4.950	1.545
85.900	1.198e-01	-2.823	2961	5.015	1.434
85.900	1.575e-01	-2.911	2916	5.077	1.335
85.900	2.070e-01	-3.006	2855	5.134	1.250
85.900	2.717e-01	-3.089	2799	5.184	1.181
85.900	3.570e-01	-3.160	2752	5.225	1.126
85.900	4.657e-01	-3.215	2714	5.256	1.087
85.900	6.147e-01	-3.257	2682	5.277	1.060
85.900	8.047e-01	-3.280	2664	5.289	1.046
85.900	1.056e+00	-3.291	2656	5.295	1.039
85.900	1.388e+00	-3.295	2653	5.296	1.037
85.900	1.811e+00	-3.296	2652	5.297	1.037
85.900	2.390e+00	-3.296	2652	5.297	1.036
85.900	3.175e+00	-3.296	2652	5.297	1.036
85.900	4.225e+00	-3.296	2652	5.297	1.036
85.900	5.624e+00	-3.296	2652	5.297	1.036
85.900	7.485e+00	-3.297	2652	5.297	1.036
85.900	9.963e+00	-3.297	2652	5.297	1.036
87.996	1.027e-04	-0.582	3866	3.248	11.099
87.996	1.344e-04	-0.669	3831	3.319	10.224
87.996	1.757e-04	-0.756	3786	3.386	9.471
87.996	2.291e-04	-0.829	3747	3.441	8.889
87.996	3.025e-04	-0.882	3712	3.477	8.524
87.996	3.953e-04	-0.908	3694	3.495	8.348
87.996	5.155e-04	-0.931	3680	3.511	8.202
87.996	6.818e-04	-0.968	3655	3.537	7.959
87.996	8.964e-04	-1.058	3593	3.597	7.428
87.996	1.178e-03	-1.240	3467	3.716	6.474
87.996	1.537e-03	-1.382	3378	3.813	5.790
87.996	2.029e-03	-1.499	3321	3.902	5.229
87.996	2.655e-03	-1.598	3285	3.982	4.769
87.996	3.485e-03	-1.687	3265	4.060	4.359
87.996	4.581e-03	-1.771	3252	4.137	3.990
87.996	6.023e-03	-1.853	3242	4.213	3.652
87.996	7.887e-03	-1.932	3235	4.289	3.349
87.996	1.032e-02	-2.005	3240	4.364	3.070
87.996	1.363e-02	-2.080	3248	4.443	2.802
87.996	1.781e-02	-2.154	3255	4.521	2.564
87.996	2.323e-02	-2.238	3241	4.597	2.347
87.996	3.072e-02	-2.341	3193	4.675	2.147
87.996	4.007e-02	-2.437	3148	4.746	1.979
87.996	5.290e-02	-2.532	3104	4.817	1.822
87.996	6.924e-02	-2.624	3062	4.885	1.686
87.996	9.140e-02	-2.717	3018	4.953	1.559
87.996	1.197e-01	-2.805	2977	5.016	1.449
87.996	1.558e-01	-2.887	2938	5.076	1.352
87.996	2.057e-01	-2.981	2879	5.134	1.265
87.996	2.692e-01	-3.062	2825	5.183	1.196
87.996	3.534e-01	-3.130	2780	5.223	1.143
87.996	4.594e-01	-3.179	2747	5.251	1.106
87.996	6.015e-01	-3.213	2723	5.270	1.082
87.996	7.875e-01	-3.233	2708	5.281	1.069
87.996	1.034e+00	-3.241	2702	5.285	1.064
87.996	1.353e+00	-3.244	2700	5.286	1.062
87.996	1.772e+00	-3.244	2699	5.286	1.062
87.996	2.353e+00	-3.244	2699	5.286	1.062
87.996	3.132e+00	-3.245	2699	5.286	1.062
87.996	4.169e+00	-3.245	2699	5.287	1.062
87.996	5.549e+00	-3.245	2699	5.287	1.062
87.996	7.386e+00	-3.245	2699	5.287	1.061
87.996	9.831e+00	-3.245	2699	5.287	1.061
90.091	1.019e-04	-0.564	3879	3.246	11.252
90.091	1.329e-04	-0.649	3847	3.317	10.376
90.091	1.745e-04	-0.736	3805	3.384	9.599
90.091	2.293e-04	-0.809	3766	3.440	9.004
90.091	3.027e-04	-0.857	3738	3.475	8.652
90.091	3.963e-04	-0.883	3720	3.492	8.479
90.091	5.201e-04	-0.907	3704	3.509	8.319
90.091	6.836e-04	-0.947	3678	3.537	8.052
90.091	8.987e-04	-1.052	3607	3.607	7.425
90.091	1.181e-03	-1.235	3478	3.727	6.467
90.091	1.553e-03	-1.377	3389	3.824	5.785
90.091	2.034e-03	-1.491	3331	3.908	5.251
90.091	2.662e-03	-1.588	3296	3.987	4.796
90.091	3.494e-03	-1.677	3273	4.064	4.390
90.091	4.576e-03	-1.760	3259	4.139	4.026
90.091	5.990e-03	-1.840	3249	4.214	3.695
90.091	7.907e-03	-1.920	3242	4.291	3.381
90.091	1.035e-02	-1.994	3245	4.366	3.101
90.091	1.366e-02	-2.068	3253	4.444	2.832
90.091	1.789e-02	-2.142	3260	4.522	2.591
90.091	2.361e-02	-2.225	3254	4.602	2.363
90.091	3.085e-02	-2.325	3208	4.677	2.168
90.091	4.057e-02	-2.423	3161	4.750	1.993
90.091	5.332e-02	-2.518	3119	4.821	1.837
90.091	6.954e-02	-2.608	3077	4.887	1.701
90.091	9.180e-02	-2.701	3033	4.955	1.573
90.091	1.202e-01	-2.788	2992	5.019	1.462
90.091	1.577e-01	-2.872	2953	5.080	1.362
90.091	2.065e-01	-2.959	2900	5.136	1.277
90.091	2.704e-01	-3.038	2848	5.184	1.209
90.091	3.569e-01	-3.104	2804	5.222	1.157
90.091	4.672e-01	-3.149	2774	5.249	1.122
90.091	6.084e-01	-3.176	2756	5.265	1.102
90.091	7.985e-01	-3.190	2747	5.273	1.091
90.091	1.049e+00	-3.196	2743	5.276	1.088
90.091	1.369e+00	-3.197	2742	5.277	1.087
90.091	1.818e+00	-3.198	2742	5.277	1.086
90.091	2.409e+00	-3.198	2742	5.277	1.086
90.091	3.207e+00	-3.198	2742	5.277	1.086
90.091	4.268e+00	-3.198	2741	5.277	1.086
90.091	5.681e+00	-3.198	2741	5.277	1.086
90.091	7.562e+00	-3.198	2741	5.277	1.086
90.091	1.000e+01	-3.198	2741	5.277	1.086
92.186	1.038e-04	-0.555	3890	3.252	11.314
92.186	1.371e-04	-0.642	3858	3.325	10.398
92.186	1.794e-04	-0.726	3819	3.391	9.639
92.186	2.369e-04	-0.796	3780	3.444	9.069
92.186	3.101e-04	-0.836	3759	3.473	8.764
92.186	4.093e-04	-0.860	3744	3.491	8.593
92.186	5.391e-04	-0.887	3726	3.509	8.410
92.186	7.086e-04	-0.937	3694	3.544	8.083
92.186	9.316e-04	-1.073	3601	3.635	7.275
92.186	1.232e-03	-1.250	3477	3.751	6.364
92.186	1.619e-03	-1.386	3391	3.844	5.720
92.186	2.112e-03	-1.494	3337	3.924	5.214
92.186	2.772e-03	-1.591	3301	4.003	4.766
92.186	3.630e-03	-1.678	3278	4.078	4.371
92.186	4.752e-03	-1.759	3264	4.152	4.014
92.186	6.237e-03	-1.840	3254	4.226	3.683
92.186	8.168e-03	-1.917	3249	4.301	3.381
92.186	1.069e-02	-1.991	3251	4.376	3.102
92.186	1.411e-02	-2.065	3259	4.454	2.834
92.186	1.848e-02	-2.138	3265	4.531	2.594
92.186	2.439e-02	-2.219	3264	4.611	2.366
92.186	3.187e-02	-2.318	3218	4.686	2.170
92.186	4.191e-02	-2.417	3172	4.759	1.994
92.186	5.488e-02	-2.510	3129	4.829	1.840
92.186	7.184e-02	-2.602	3087	4.897	1.702
92.186	9.483e-02	-2.694	3043	4.965	1.574
92.186	1.241e-01	-2.781	3003	5.028	1.463
92.186	1.629e-01	-2.864	2964	5.089	1.365
92.186	2.141e-01	-2.948	2915	5.144	1.281
92.186	2.815e-01	-3.024	2865	5.190	1.215
92.186	3.700e-01	-3.083	2826	5.224	1.167
92.186	4.826e-01	-3.121	2800	5.247	1.138
92.186	6.284e-01	-3.142	2786	5.259	1.121
92.186	8.248e-01	-3.152	2780	5.265	1.114
92.186	1.072e+00	-3.155	2778	5.267	1.112
92.186	1.404e+00	-3.156	2777	5.267	1.111
92.186	1.850e+00	-3.156	2777	5.267	1.111
92.186	2.462e+00	-3.156	2777	5.267	1.111
92.186	3.277e+00	-3.156	2777	5.267	1.111
92.186	4.361e+00	-3.156	2777	5.268	1.111
92.186	5.780e+00	-3.156	2777	5.268	1.111
92.186	7.693e+00	-3.156	2777	5.268	1.110
92.186	1.000e+01	-3.157	2777	5.268	1.110
94.281	1.022e-04	-0.535	3903	3.247	11.497
94.281	1.338e-04	-0.619	3875	3.319	10.590
94.281	1.752e-04	-0.701	3840	3.385	9.813
94.281	2.317e-04	-0.772	3801	3.439	9.223
94.281	3.046e-04	-0.812	3780	3.469	8.910
94.281	4.003e-04	-0.835	3767	3.486	8.737
94.281	5.222e-04	-0.860	3753	3.504	8.555
94.281	6.906e-04	-0.912	3719	3.540	8.208
94.281	9.079e-04	-1.050	3625	3.634	7.366
94.281	1.201e-03	-1.226	3501	3.750	6.446
94.281	1.578e-03	-1.363	3411	3.842	5.797
94.281	2.075e-03	-1.478	3349	3.924	5.274
94.281	2.727e-03	-1.574	3314	4.002	4.823
94.281	3.557e-03	-1.661	3288	4.075	4.434
94.281	4.695e-03	-1.745	3271	4.151	4.064
94.281	6.146e-03	-1.824	3261	4.224	3.735
94.281	8.003e-03	-1.899	3256	4.296	3.437
94.281	1.050e-02	-1.974	3255	4.371	3.152
94.281	1.381e-02	-2.047	3263	4.448	2.886
94.281	1.801e-02	-2.119	3270	4.523	2.646
94.281	2.377e-02	-2.196	3275	4.603	2.414
94.281	3.106e-02	-2.291	3237	4.679	2.212
94.281	4.052e-02	-2.388	3192	4.751	2.036
94.281	5.318e-02	-2.482	3149	4.822	1.876
94.281	6.989e-02	-2.576	3106	4.891	1.732
94.281	9.116e-02	-2.665	3064	4.957	1.607
94.281	1.203e-01	-2.754	3022	5.022	1.490
94.281	1.575e-01	-2.836	2984	5.082	1.390
94.281	2.068e-01	-2.915	2945	5.138	1.304
94.281	2.717e-01	-2.991	2894	5.184	1.237
94.281	3.544e-01	-3.047	2857	5.218	1.190
94.281	4.679e-01	-3.086	2831	5.240	1.159
94.281	6.125e-01	-3.105	2818	5.252	1.144
94.281	7.975e-01	-3.114	2813	5.257	1.137
94.281	1.047e+00	-3.116	2811	5.258	1.135
94.281	1.376e+00	-3.117	2811	5.259	1.135
94.281	1.831e+00	-3.117	2810	5.259	1.135
94.281	2.437e+00	-3.117	2810	5.259	1.135
94.281	3.244e+00	-3.117	2810	5.259	1.135
94.281	4.317e+00	-3.117	2810	5.259	1.135
94.281	5.746e+00	-3.117	2810	5.259	1.134
94.281	7.649e+00	-3.117	2810	5.259	1.134
94.281	1.000e+01	-3.118	2810	5.259	1.134
96.376	1.002e-04	-0.514	3917	3.242	11.694
96.376	1.311e-04	-0.598	3889	3.314	10.771
96.376	1.721e-04	-0.679	3856	3.381	9.971
96.376	2.262e-04	-0.748	3822	3.433	9.382
96.376	2.974e-04	-0.788	3800	3.464	9.060
96.376	3.909e-04	-0.811	3788	3.481	8.883
96.376	5.099e-04	-0.836	3775	3.499	8.695
96.376	6.743e-04	-0.887	3743	3.537	8.332
96.376	8.795e-04	-1.023	3653	3.630	7.481
96.376	1.143e-03	-1.190	3534	3.740	6.594
96.376	1.501e-03	-1.330	3439	3.832	5.927
96.376	1.972e-03	-1.449	3368	3.915	5.391
96.376	2.573e-03	-1.543	3331	3.990	4.945
96.376	3.396e-03	-1.636	3299	4.066	4.532
96.376	4.445e-03	-1.718	3280	4.138	4.168
96.376	5.788e-03	-1.795	3270	4.209	3.840
96.376	7.640e-03	-1.874	3263	4.285	3.521
96.376	1.000e-02	-1.949	3260	4.359	3.234
96.376	1.313e-02	-2.022	3266	4.434	2.965
96.376	1.725e-02	-2.095	3273	4.511	2.713
96.376	2.250e-02	-2.168	3278	4.587	2.486
96.376	2.971e-02	-2.257	3260	4.667	2.269
96.376	3.882e-02	-2.356	3214	4.740	2.085
96.376	5.064e-02	-2.449	3171	4.810	1.923
96.376	6.684e-02	-2.544	3127	4.881	1.772
96.376	8.750e-02	-2.634	3085	4.948	1.641
96.376	1.155e-01	-2.725	3043	5.014	1.520
96.376	1.512e-01	-2.807	3005	5.075	1.418
96.376	1.984e-01	-2.883	2969	5.130	1.330
96.376	2.599e-01	-2.956	2925	5.177	1.261
96.376	3.402e-01	-3.013	2887	5.211	1.212
96.376	4.491e-01	-3.051	2861	5.234	1.181
96.376	5.878e-01	-3.070	2849	5.245	1.166
96.376	7.654e-01	-3.077	2844	5.249	1.160
96.376	1.005e+00	-3.079	2842	5.251	1.158
96.376	1.316e+00	-3.080	2842	5.251	1.158
96.376	1.733e+00	-3.080	2842	5.251	1.158
96.376	2.307e+00	-3.080	2842	5.251	1.158
96.376	3.070e+00	-3.080	2842	5.251	1.158
96.376	4.086e+00	-3.080	2842	5.251	1.157
96.376	5.439e+00	-3.080	2842	5.251	1.157
96.376	7.239e+00	-3.081	2842	5.251	1.157
96.376	9.635e+00	-3.081	2841	5.251	1.157
98.471	1.031e-04	-0.508	3926	3.250	11.714
98.471	1.355e-04	-0.593	3898	3.322	10.782
98.471	1.781e-04	-0.673	3866	3.388	9.996
98.471	2.341e-04	-0.735	3836	3.437	9.450
98.471	3.054e-04	-0.770	3818	3.463	9.172
98.471	4.008e-04	-0.792	3806	3.479	8.999
98.471	5.249e-04	-0.819	3791	3.500	8.785
98.471	6.871e-04	-0.876	3759	3.542	8.368
98.471	9.070e-04	-1.038	3650	3.653	7.364
98.471	1.199e-03	-1.207	3530	3.764	6.484
98.471	1.570e-03	-1.340	3440	3.852	5.858
98.471	2.073e-03	-1.456	3371	3.933	5.334
98.471	2.713e-03	-1.550	3335	4.008	4.895
98.471	3.582e-03	-1.642	3303	4.083	4.490
98.471	4.689e-03	-1.723	3285	4.155	4.134
98.471	6.154e-03	-1.801	3274	4.228	3.801
98.471	8.088e-03	-1.878	3269	4.301	3.492
98.471	1.063e-02	-1.954	3266	4.376	3.203
98.471	1.393e-02	-2.026	3272	4.451	2.940
98.471	1.823e-02	-2.098	3279	4.527	2.694
98.471	2.406e-02	-2.175	3284	4.606	2.459
98.471	3.150e-02	-2.262	3265	4.683	2.251
98.471	4.134e-02	-2.361	3218	4.757	2.066
98.471	5.434e-02	-2.457	3174	4.829	1.901
98.471	7.087e-02	-2.548	3133	4.897	1.759
98.471	9.214e-02	-2.635	3091	4.962	1.632
98.471	1.209e-01	-2.722	3051	5.026	1.516
98.471	1.589e-01	-2.804	3013	5.086	1.414
98.471	2.090e-01	-2.878	2979	5.140	1.329
98.471	2.736e-01	-2.944	2940	5.183	1.265
98.471	3.582e-01	-2.995	2906	5.214	1.221
98.471	4.702e-01	-3.025	2886	5.232	1.196
98.471	6.157e-01	-3.039	2877	5.240	1.185
98.471	8.046e-01	-3.044	2873	5.243	1.181
98.471	1.050e+00	-3.045	2873	5.244	1.180
98.471	1.394e+00	-3.045	2872	5.244	1.180
98.471	1.847e+00	-3.045	2872	5.244	1.180
98.471	2.459e+00	-3.045	2872	5.244	1.180
98.471	3.273e+00	-3.045	2872	5.244	1.180
98.471	4.356e+00	-3.045	2872	5.244	1.180
98.471	5.798e+00	-3.045	2872	5.244	1.180
98.471	7.717e+00	-3.046	2872	5.244	1.179
98.471	1.000e+01	-3.046	2872	5.244	1.179
100.566	1.028e-04	-0.493	3938	3.249	11.847
100.566	1.357e-04	-0.579	3909	3.322	10.891
100.566	1.773e-04	-0.656	3881	3.386	10.121
100.566	2.305e-04	-0.713	3855	3.432	9.596
100.566	3.007e-04	-0.747	3837	3.458	9.315
100.566	3.916e-04	-0.769	3825	3.474	9.143
100.566	5.168e-04	-0.798	3810	3.496	8.915
100.566	6.808e-04	-0.858	3779	3.542	8.456
100.566	8.948e-04	-1.022	3670	3.655	7.424
100.566	1.183e-03	-1.189	3550	3.765	6.543
100.566	1.544e-03	-1.321	3459	3.852	5.921
100.566	2.026e-03	-1.436	3389	3.931	5.403
100.566	2.663e-03	-1.533	3347	4.006	4.956
100.566	3.501e-03	-1.624	3312	4.080	4.555
100.566	4.584e-03	-1.705	3293	4.151	4.196
100.566	5.991e-03	-1.783	3281	4.222	3.866
100.566	7.877e-03	-1.859	3276	4.295	3.553
100.566	1.035e-02	-1.935	3273	4.370	3.262
100.566	1.361e-02	-2.009	3276	4.445	2.991
100.566	1.789e-02	-2.081	3283	4.521	2.739
100.566	2.352e-02	-2.156	3288	4.599	2.504
100.566	3.080e-02	-2.236	3283	4.676	2.292
100.566	4.057e-02	-2.338	3235	4.753	2.099
100.566	5.332e-02	-2.434	3191	4.825	1.931
100.566	6.955e-02	-2.525	3150	4.893	1.785
100.566	9.056e-02	-2.614	3108	4.959	1.655
100.566	1.177e-01	-2.698	3069	5.021	1.541
100.566	1.554e-01	-2.781	3031	5.082	1.436
100.566	2.031e-01	-2.853	2997	5.135	1.352
100.566	2.649e-01	-2.914	2966	5.178	1.287
100.566	3.477e-01	-2.964	2934	5.208	1.242
100.566	4.569e-01	-2.993	2914	5.226	1.217
100.566	5.960e-01	-3.006	2905	5.234	1.206
100.566	7.748e-01	-3.010	2903	5.236	1.203
100.566	1.017e+00	-3.011	2902	5.237	1.202
100.566	1.348e+00	-3.011	2902	5.237	1.202
100.566	1.794e+00	-3.012	2902	5.237	1.202
100.566	2.387e+00	-3.012	2902	5.237	1.201
100.566	3.178e+00	-3.012	2902	5.237	1.201
100.566	4.230e+00	-3.012	2901	5.237	1.201
100.566	5.630e+00	-3.012	2901	5.237	1.201
100.566	7.493e+00	-3.012	2901	5.238	1.201
100.566	9.973e+00	-3.013	2901	5.238	1.201
102.661	1.029e-04	-0.480	3949	3.250	11.967
102.661	1.352e-04	-0.564	3921	3.321	11.017
102.661	1.778e-04	-0.640	3894	3.386	10.229
102.661	2.337e-04	-0.697	3869	3.432	9.701
102.661	3.072e-04	-0.729	3854	3.456	9.431
102.661	4.023e-04	-0.751	3842	3.473	9.253
102.661	5.299e-04	-0.783	3825	3.497	8.995
102.661	6.965e-04	-0.855	3788	3.552	8.445
102.661	9.157e-04	-1.031	3672	3.674	7.339
102.661	1.204e-03	-1.189	3558	3.778	6.516
102.661	1.589e-03	-1.323	3464	3.866	5.887
102.661	2.080e-03	-1.435	3396	3.943	5.386
102.661	2.745e-03	-1.533	3353	4.018	4.939
102.661	3.588e-03	-1.621	3319	4.089	4.552
102.661	4.679e-03	-1.701	3300	4.159	4.201
102.661	6.177e-03	-1.781	3286	4.232	3.862
102.661	8.086e-03	-1.855	3282	4.304	3.556
102.661	1.067e-02	-1.932	3279	4.379	3.261
102.661	1.395e-02	-2.004	3281	4.452	2.997
102.661	1.819e-02	-2.075	3288	4.526	2.752
102.661	2.388e-02	-2.149	3293	4.603	2.519
102.661	3.138e-02	-2.227	3294	4.681	2.302
102.661	4.143e-02	-2.329	3246	4.759	2.106
102.661	5.423e-02	-2.424	3203	4.830	1.939
102.661	7.061e-02	-2.515	3161	4.898	1.793
102.661	9.321e-02	-2.608	3118	4.967	1.657
102.661	1.220e-01	-2.693	3078	5.030	1.541
102.661	1.601e-01	-2.773	3041	5.089	1.439
102.661	2.097e-01	-2.843	3009	5.140	1.357
102.661	2.745e-01	-2.899	2981	5.181	1.295
102.661	3.624e-01	-2.943	2954	5.209	1.254
102.661	4.744e-01	-2.967	2939	5.223	1.234
102.661	6.262e-01	-2.976	2932	5.229	1.225
102.661	8.198e-01	-2.979	2930	5.230	1.223
102.661	1.089e+00	-2.979	2930	5.231	1.223
102.661	1.449e+00	-2.980	2930	5.231	1.223
102.661	1.929e+00	-2.980	2930	5.231	1.223
102.661	2.568e+00	-2.980	2930	5.231	1.223
102.661	3.417e+00	-2.980	2930	5.231	1.222
102.661	4.548e+00	-2.980	2930	5.231	1.222
102.661	6.054e+00	-2.980	2930	5.231	1.222
102.661	8.058e+00	-2.980	2929	5.231	1.222
104.757	1.044e-04	-0.471	3958	3.253	12.034
104.757	1.367e-04	-0.554	3930	3.324	11.095
104.757	1.790e-04	-0.627	3905	3.386	10.328
104.757	2.349e-04	-0.681	3883	3.430	9.819
104.757	3.087e-04	-0.709	3871	3.453	9.560
104.757	4.027e-04	-0.731	3860	3.470	9.378
104.757	5.316e-04	-0.766	3841	3.496	9.098
104.757	6.959e-04	-0.844	3801	3.556	8.491
104.757	9.185e-04	-1.024	3684	3.682	7.345
104.757	1.210e-03	-1.181	3571	3.785	6.529
104.757	1.590e-03	-1.312	3478	3.871	5.914
104.757	2.074e-03	-1.422	3411	3.946	5.421
104.757	2.738e-03	-1.521	3363	4.021	4.975
104.757	3.584e-03	-1.610	3329	4.091	4.586
104.757	4.704e-03	-1.692	3307	4.162	4.227
104.757	6.160e-03	-1.770	3292	4.233	3.898
104.757	8.065e-03	-1.844	3288	4.304	3.590
104.757	1.065e-02	-1.920	3285	4.379	3.294
104.757	1.391e-02	-1.993	3285	4.452	3.029
104.757	1.815e-02	-2.063	3292	4.526	2.782
104.757	2.395e-02	-2.139	3297	4.604	2.542
104.757	3.130e-02	-2.213	3301	4.680	2.329
104.757	4.132e-02	-2.312	3260	4.758	2.129
104.757	5.443e-02	-2.410	3216	4.832	1.955
104.757	7.127e-02	-2.503	3173	4.901	1.805
104.757	9.314e-02	-2.592	3131	4.968	1.672
104.757	1.215e-01	-2.676	3092	5.030	1.556
104.757	1.594e-01	-2.755	3056	5.089	1.455
104.757	2.073e-01	-2.822	3025	5.138	1.375
104.757	2.714e-01	-2.877	2999	5.178	1.313
104.757	3.553e-01	-2.915	2979	5.204	1.274
104.757	4.664e-01	-2.937	2965	5.218	1.254
104.757	6.130e-01	-2.946	2959	5.223	1.246
104.757	8.059e-01	-2.948	2958	5.225	1.244
104.757	1.068e+00	-2.949	2957	5.225	1.243
104.757	1.422e+00	-2.949	2957	5.225	1.243
104.757	1.892e+00	-2.949	2957	5.225	1.243
104.757	2.518e+00	-2.949	2957	5.225	1.243
104.757	3.352e+00	-2.949	2957	5.225	1.243
104.757	4.461e+00	-2.949	2957	5.225	1.243
104.757	5.938e+00	-2.950	2957	5.225	1.243
104.757	7.904e+00	-2.950	2957	5.226	1.243
