   M/MSun      age(Gyr)    log L/Lsun   Teff(K)      log g     R/Rsun 	
0.0005 M_Sun, 0.52 M_Jup 	
    0.0005	    0.0010	   -5.0512	    581.65	    2.1996	    0.2943		
    0.0005	    0.0013	   -5.1616	    585.07	    2.3202	    0.2561		
    0.0005	    0.0017	   -5.2909	    575.61	    2.4211	    0.2280		
    0.0005	    0.0020	   -5.3798	    563.85	    2.4742	    0.2145		
    0.0005	    0.0023	   -5.4611	    550.67	    2.5144	    0.2048		
    0.0005	    0.0027	   -5.5502	    535.70	    2.5556	    0.1953		
    0.0005	    0.0031	   -5.6310	    520.97	    2.5880	    0.1882		
    0.0005	    0.0036	   -5.7311	    500.79	    2.6195	    0.1815		
    0.0005	    0.0042	   -5.8146	    485.41	    2.6488	    0.1755		
    0.0005	    0.0049	   -5.9054	    467.93	    2.6759	    0.1701		
    0.0005	    0.0057	   -5.9914	    451.65	    2.7003	    0.1653		
    0.0005	    0.0066	   -6.0790	    434.88	    2.7222	    0.1612		
    0.0005	    0.0076	   -6.1601	    419.73	    2.7417	    0.1577		
    0.0005	    0.0088	   -6.2429	    404.56	    2.7606	    0.1543		
    0.0005	    0.0100	   -6.3659	    380.10	    2.7752	    0.1517		
    0.0005	    0.0120	   -6.4400	    368.16	    2.7939	    0.1485		
    0.0005	    0.0140	   -6.4871	    361.63	    2.8100	    0.1457		
    0.0005	    0.0160	   -6.5294	    355.84	    2.8242	    0.1434		
    0.0005	    0.0190	   -6.5852	    348.30	    2.8428	    0.1403		
    0.0005	    0.0220	   -6.6381	    341.00	    2.8589	    0.1378		
    0.0005	    0.0250	   -6.6854	    334.52	    2.8728	    0.1356		
    0.0005	    0.0290	   -6.7411	    327.00	    2.8891	    0.1331		
    0.0005	    0.0340	   -6.8081	    317.75	    2.9061	    0.1305		
    0.0005	    0.0390	   -6.8663	    309.85	    2.9207	    0.1283		
    0.0005	    0.0450	   -6.9251	    302.14	    2.9357	    0.1261		
    0.0005	    0.0530	   -6.9970	    292.71	    2.9525	    0.1237		
    0.0005	    0.0610	   -7.0543	    285.52	    2.9666	    0.1217		
    0.0005	    0.0710	   -7.1232	    276.79	    2.9815	    0.1196		
    0.0005	    0.0820	   -7.1865	    269.02	    2.9953	    0.1177		
    0.0005	    0.0960	   -7.2577	    260.42	    3.0101	    0.1157		
    0.0005	    0.1000	   -7.2790	    257.81	    3.0139	    0.1152		
    0.0005	    0.1100	   -7.3227	    252.64	    3.0225	    0.1141		
    0.0005	    0.1300	   -7.3960	    244.28	    3.0373	    0.1122		
    0.0005	    0.1500	   -7.4631	    236.70	    3.0496	    0.1106		
    0.0005	    0.1700	   -7.5253	    229.76	    3.0601	    0.1093		
    0.0005	    0.2000	   -7.5997	    221.80	    3.0733	    0.1076		
    0.0005	    0.2300	   -7.6664	    214.80	    3.0843	    0.1063		
    0.0005	    0.2700	   -7.7431	    206.96	    3.0965	    0.1048		
0.001 M_Sun, 1.05 M_Jup 	
    0.0010	    0.0010	   -4.4001	    844.19	    2.4967	    0.2956		
    0.0010	    0.0013	   -4.5029	    854.00	    2.6195	    0.2566		
    0.0010	    0.0017	   -4.6225	    849.00	    2.7289	    0.2263		
    0.0010	    0.0020	   -4.7094	    836.09	    2.7892	    0.2111		
    0.0010	    0.0023	   -4.7992	    815.60	    2.8359	    0.2000		
    0.0010	    0.0027	   -4.8963	    792.87	    2.8839	    0.1893		
    0.0010	    0.0031	   -4.9888	    767.90	    2.9208	    0.1814		
    0.0010	    0.0036	   -5.0956	    736.81	    2.9558	    0.1742		
    0.0010	    0.0042	   -5.2029	    705.36	    2.9873	    0.1680		
    0.0010	    0.0049	   -5.3140	    672.25	    3.0149	    0.1628		
    0.0010	    0.0057	   -5.4203	    641.04	    3.0385	    0.1584		
    0.0010	    0.0066	   -5.5209	    612.09	    3.0589	    0.1547		
    0.0010	    0.0076	   -5.6193	    584.25	    3.0764	    0.1517		
    0.0010	    0.0088	   -5.7112	    559.36	    3.0928	    0.1488		
    0.0010	    0.0100	   -5.7858	    539.98	    3.1060	    0.1466		
    0.0010	    0.0120	   -5.8891	    513.98	    3.1237	    0.1436		
    0.0010	    0.0140	   -5.9760	    492.80	    3.1375	    0.1414		
    0.0010	    0.0160	   -6.0455	    476.58	    3.1489	    0.1395		
    0.0010	    0.0190	   -6.1337	    456.62	    3.1627	    0.1373		
    0.0010	    0.0220	   -6.2120	    439.34	    3.1740	    0.1355		
    0.0010	    0.0250	   -6.2812	    424.46	    3.1833	    0.1341		
    0.0010	    0.0290	   -6.3582	    408.50	    3.1937	    0.1325		
    0.0010	    0.0340	   -6.4744	    384.38	    3.2041	    0.1309		
    0.0010	    0.0390	   -6.5395	    371.97	    3.2123	    0.1297		
    0.0010	    0.0450	   -6.5833	    364.49	    3.2208	    0.1284		
    0.0010	    0.0530	   -6.6334	    356.21	    3.2310	    0.1269		
    0.0010	    0.0610	   -6.6770	    349.16	    3.2399	    0.1256		
    0.0010	    0.0710	   -6.7309	    340.42	    3.2498	    0.1242		
    0.0010	    0.0820	   -6.7831	    332.16	    3.2593	    0.1229		
    0.0010	    0.0960	   -6.8420	    323.04	    3.2698	    0.1214		
    0.0010	    0.1000	   -6.8588	    320.42	    3.2725	    0.1210		
    0.0010	    0.1100	   -6.8933	    315.27	    3.2788	    0.1201		
    0.0010	    0.1300	   -6.9618	    305.02	    3.2899	    0.1186		
    0.0010	    0.1500	   -7.0216	    296.32	    3.2994	    0.1173		
    0.0010	    0.1700	   -7.0717	    289.26	    3.3076	    0.1162		
    0.0010	    0.2000	   -7.1417	    279.53	    3.3182	    0.1148		
    0.0010	    0.2300	   -7.2058	    270.79	    3.3271	    0.1136		
    0.0010	    0.2700	   -7.2757	    261.62	    3.3372	    0.1123		
    0.0010	    0.3100	   -7.3378	    253.69	    3.3458	    0.1112		
    0.0010	    0.3700	   -7.4162	    244.02	    3.3566	    0.1098		
    0.0010	    0.4200	   -7.4750	    236.92	    3.3642	    0.1089		
    0.0010	    0.4900	   -7.5509	    227.96	    3.3731	    0.1078		
    0.0010	    0.5700	   -7.6193	    220.25	    3.3817	    0.1067		
    0.0010	    0.6600	   -7.6919	    212.22	    3.3898	    0.1057		
    0.0010	    0.7700	   -7.7693	    203.94	    3.3980	    0.1047		
0.0015 M_Sun, 1.57 M_Jup 	
    0.0015	    0.0010	   -3.9943	   1078.98	    2.6932	    0.2887		
    0.0015	    0.0013	   -4.0793	   1112.22	    2.8310	    0.2464		
    0.0015	    0.0017	   -4.2447	   1084.78	    2.9530	    0.2141		
    0.0015	    0.0020	   -4.3577	   1053.70	    3.0154	    0.1993		
    0.0015	    0.0023	   -4.4926	    999.94	    3.0593	    0.1894		
    0.0015	    0.0027	   -4.6243	    948.90	    3.1001	    0.1808		
    0.0015	    0.0031	   -4.7257	    910.75	    3.1301	    0.1746		
    0.0015	    0.0036	   -4.8335	    870.02	    3.1585	    0.1690		
    0.0015	    0.0042	   -4.9345	    833.13	    3.1842	    0.1641		
    0.0015	    0.0049	   -5.0275	    800.38	    3.2076	    0.1597		
    0.0015	    0.0057	   -5.1250	    765.79	    3.2283	    0.1559		
    0.0015	    0.0066	   -5.2194	    732.94	    3.2465	    0.1527		
    0.0015	    0.0076	   -5.3067	    703.49	    3.2625	    0.1499		
    0.0015	    0.0088	   -5.3956	    674.28	    3.2779	    0.1473		
    0.0015	    0.0100	   -5.4705	    650.50	    3.2903	    0.1452		
    0.0015	    0.0120	   -5.5792	    616.87	    3.3068	    0.1425		
    0.0015	    0.0140	   -5.6698	    589.82	    3.3196	    0.1404		
    0.0015	    0.0160	   -5.7478	    567.32	    3.3299	    0.1387		
    0.0015	    0.0190	   -5.8377	    542.61	    3.3425	    0.1367		
    0.0015	    0.0220	   -5.9149	    522.07	    3.3527	    0.1351		
    0.0015	    0.0250	   -5.9825	    504.60	    3.3612	    0.1338		
    0.0015	    0.0290	   -6.0591	    485.49	    3.3707	    0.1324		
    0.0015	    0.0340	   -6.1400	    465.98	    3.3804	    0.1309		
    0.0015	    0.0390	   -6.2063	    450.64	    3.3885	    0.1297		
    0.0015	    0.0450	   -6.2774	    434.58	    3.3966	    0.1285		
    0.0015	    0.0530	   -6.3614	    416.23	    3.4056	    0.1271		
    0.0015	    0.0610	   -6.4305	    401.71	    3.4130	    0.1261		
    0.0015	    0.0710	   -6.5328	    380.40	    3.4206	    0.1250		
    0.0015	    0.0820	   -6.5905	    369.42	    3.4274	    0.1240		
    0.0015	    0.0960	   -6.6381	    361.02	    3.4350	    0.1229		
    0.0015	    0.1000	   -6.6530	    358.35	    3.4371	    0.1226		
    0.0015	    0.1100	   -6.6826	    353.25	    3.4418	    0.1220		
    0.0015	    0.1300	   -6.7398	    343.49	    3.4503	    0.1208		
    0.0015	    0.1500	   -6.7906	    335.01	    3.4577	    0.1198		
    0.0015	    0.1700	   -6.8396	    326.92	    3.4642	    0.1189		
    0.0015	    0.2000	   -6.8990	    317.49	    3.4728	    0.1177		
    0.0015	    0.2300	   -6.9564	    308.49	    3.4802	    0.1167		
    0.0015	    0.2700	   -7.0182	    299.17	    3.4887	    0.1156		
    0.0015	    0.3100	   -7.0779	    290.27	    3.4960	    0.1146		
    0.0015	    0.3700	   -7.1510	    279.82	    3.5054	    0.1134		
    0.0015	    0.4200	   -7.2081	    271.79	    3.5120	    0.1125		
    0.0015	    0.4900	   -7.2750	    262.73	    3.5199	    0.1115		
    0.0015	    0.5700	   -7.3410	    254.05	    3.5276	    0.1105		
    0.0015	    0.6600	   -7.4073	    245.58	    3.5350	    0.1096		
    0.0015	    0.7700	   -7.4792	    236.67	    3.5426	    0.1086		
    0.0015	    0.8900	   -7.5485	    228.33	    3.5496	    0.1077		
    0.0015	    1.0000	   -7.6035	    221.92	    3.5551	    0.1070		
    0.0015	    1.2000	   -7.6923	    211.88	    3.5635	    0.1060		
    0.0015	    1.4000	   -7.7711	    203.28	    3.5704	    0.1052		
0.002 M_Sun, 2.10 M_Jup 	
    0.0020	    0.0010	   -3.7786	   1244.38	    2.8502	    0.2783		
    0.0020	    0.0013	   -3.8858	   1256.32	    2.9740	    0.2413		
    0.0020	    0.0017	   -4.0413	   1225.11	    3.0858	    0.2122		
    0.0020	    0.0020	   -4.1275	   1205.33	    3.1437	    0.1985		
    0.0020	    0.0023	   -4.2415	   1157.97	    3.1881	    0.1886		
    0.0020	    0.0027	   -4.3903	   1088.19	    3.2288	    0.1800		
    0.0020	    0.0031	   -4.4923	   1043.55	    3.2581	    0.1740		
    0.0020	    0.0036	   -4.5927	   1000.95	    3.2861	    0.1685		
    0.0020	    0.0042	   -4.7064	    951.34	    3.3116	    0.1636		
    0.0020	    0.0049	   -4.8127	    906.38	    3.3337	    0.1595		
    0.0020	    0.0057	   -4.9018	    870.85	    3.3534	    0.1559		
    0.0020	    0.0066	   -4.9925	    834.99	    3.3710	    0.1528		
    0.0020	    0.0076	   -5.0770	    802.56	    3.3867	    0.1500		
    0.0020	    0.0088	   -5.1623	    770.75	    3.4017	    0.1475		
    0.0020	    0.0100	   -5.2374	    743.38	    3.4141	    0.1454		
    0.0020	    0.0120	   -5.3440	    705.73	    3.4304	    0.1427		
    0.0020	    0.0140	   -5.4302	    676.50	    3.4431	    0.1406		
    0.0020	    0.0160	   -5.5055	    651.72	    3.4536	    0.1389		
    0.0020	    0.0190	   -5.6006	    621.51	    3.4662	    0.1369		
    0.0020	    0.0220	   -5.6827	    596.29	    3.4763	    0.1353		
    0.0020	    0.0250	   -5.7584	    573.61	    3.4847	    0.1340		
    0.0020	    0.0290	   -5.8354	    551.65	    3.4938	    0.1326		
    0.0020	    0.0340	   -5.9182	    528.87	    3.5033	    0.1312		
    0.0020	    0.0390	   -5.9882	    510.26	    3.5111	    0.1300		
    0.0020	    0.0450	   -6.0614	    491.44	    3.5190	    0.1288		
    0.0020	    0.0530	   -6.1427	    471.27	    3.5276	    0.1276		
    0.0020	    0.0610	   -6.2120	    454.71	    3.5348	    0.1265		
    0.0020	    0.0710	   -6.2866	    437.51	    3.5423	    0.1254		
    0.0020	    0.0820	   -6.3583	    421.49	    3.5492	    0.1244		
    0.0020	    0.0960	   -6.4328	    405.51	    3.5566	    0.1234		
    0.0020	    0.1000	   -6.4528	    401.29	    3.5584	    0.1231		
    0.0020	    0.1100	   -6.5128	    388.63	    3.5627	    0.1225		
    0.0020	    0.1300	   -6.5941	    372.36	    3.5698	    0.1215		
    0.0020	    0.1500	   -6.6436	    363.16	    3.5758	    0.1207		
    0.0020	    0.1700	   -6.6883	    355.05	    3.5813	    0.1199		
    0.0020	    0.2000	   -6.7421	    345.65	    3.5884	    0.1190		
    0.0020	    0.2300	   -6.7942	    336.65	    3.5948	    0.1181		
    0.0020	    0.2700	   -6.8536	    326.71	    3.6020	    0.1171		
    0.0020	    0.3100	   -6.9079	    317.81	    3.6084	    0.1162		
    0.0020	    0.3700	   -6.9754	    307.14	    3.6166	    0.1152		
    0.0020	    0.4200	   -7.0225	    299.94	    3.6224	    0.1144		
    0.0020	    0.4900	   -7.0879	    290.06	    3.6296	    0.1134		
    0.0020	    0.5700	   -7.1540	    280.34	    3.6366	    0.1125		
    0.0020	    0.6600	   -7.2137	    271.91	    3.6433	    0.1117		
    0.0020	    0.7700	   -7.2830	    262.33	    3.6503	    0.1108		
    0.0020	    0.8900	   -7.3479	    253.67	    3.6568	    0.1100		
    0.0020	    1.0000	   -7.3983	    247.15	    3.6619	    0.1093		
    0.0020	    1.2000	   -7.4834	    236.42	    3.6699	    0.1083		
    0.0020	    1.4000	   -7.5570	    227.47	    3.6765	    0.1075		
    0.0020	    1.6000	   -7.6234	    219.63	    3.6821	    0.1068		
    0.0020	    1.9000	   -7.7119	    209.57	    3.6890	    0.1059		
    0.0020	    2.2000	   -7.7808	    202.08	    3.6947	    0.1053		
0.0025 M_Sun, 2.62 M_Jup 	
    0.0025	    0.0010	   -3.6456	   1314.24	    2.9091	    0.2908		
    0.0025	    0.0013	   -3.7537	   1323.73	    3.0295	    0.2531		
    0.0025	    0.0017	   -3.9150	   1277.96	    3.1298	    0.2255		
    0.0025	    0.0020	   -3.9966	   1257.82	    3.1838	    0.2119		
    0.0025	    0.0023	   -4.0612	   1242.51	    3.2271	    0.2016		
    0.0025	    0.0027	   -4.1325	   1225.10	    3.2739	    0.1910		
    0.0025	    0.0031	   -4.1940	   1208.84	    3.3122	    0.1828		
    0.0025	    0.0036	   -4.3068	   1157.91	    3.3502	    0.1750		
    0.0025	    0.0042	   -4.4330	   1097.14	    3.3828	    0.1685		
    0.0025	    0.0049	   -4.5437	   1046.09	    3.4107	    0.1632		
    0.0025	    0.0057	   -4.6566	    993.77	    3.4344	    0.1588		
    0.0025	    0.0066	   -4.7580	    948.39	    3.4547	    0.1551		
    0.0025	    0.0076	   -4.8483	    909.58	    3.4723	    0.1520		
    0.0025	    0.0088	   -4.9459	    868.10	    3.4889	    0.1491		
    0.0025	    0.0100	   -5.0243	    836.18	    3.5022	    0.1469		
    0.0025	    0.0120	   -5.1315	    794.07	    3.5197	    0.1439		
    0.0025	    0.0140	   -5.2217	    759.85	    3.5333	    0.1417		
    0.0025	    0.0160	   -5.2993	    731.30	    3.5444	    0.1399		
    0.0025	    0.0190	   -5.3977	    696.33	    3.5577	    0.1378		
    0.0025	    0.0220	   -5.4804	    668.02	    3.5683	    0.1361		
    0.0025	    0.0250	   -5.5528	    644.00	    3.5771	    0.1347		
    0.0025	    0.0290	   -5.6360	    617.30	    3.5867	    0.1333		
    0.0025	    0.0340	   -5.7235	    590.30	    3.5965	    0.1318		
    0.0025	    0.0390	   -5.8001	    567.39	    3.6043	    0.1306		
    0.0025	    0.0450	   -5.8751	    545.91	    3.6123	    0.1294		
    0.0025	    0.0530	   -5.9601	    522.48	    3.6210	    0.1281		
    0.0025	    0.0610	   -6.0320	    503.36	    3.6282	    0.1270		
    0.0025	    0.0710	   -6.1125	    482.65	    3.6357	    0.1259		
    0.0025	    0.0820	   -6.1836	    465.11	    3.6426	    0.1250		
    0.0025	    0.0960	   -6.2611	    446.69	    3.6498	    0.1239		
    0.0025	    0.1000	   -6.2798	    442.36	    3.6516	    0.1237		
    0.0025	    0.1100	   -6.3273	    431.46	    3.6558	    0.1231		
    0.0025	    0.1300	   -6.4083	    413.54	    3.6631	    0.1220		
    0.0025	    0.1500	   -6.4801	    398.18	    3.6691	    0.1212		
    0.0025	    0.1700	   -6.5493	    383.76	    3.6742	    0.1205		
    0.0025	    0.2000	   -6.6228	    369.23	    3.6807	    0.1196		
    0.0025	    0.2300	   -6.6680	    360.89	    3.6862	    0.1188		
    0.0025	    0.2700	   -6.7297	    349.61	    3.6927	    0.1179		
    0.0025	    0.3100	   -6.7800	    340.71	    3.6983	    0.1172		
    0.0025	    0.3700	   -6.8454	    329.52	    3.7057	    0.1162		
    0.0025	    0.4200	   -6.8901	    322.14	    3.7110	    0.1155		
    0.0025	    0.4900	   -6.9512	    312.18	    3.7175	    0.1146		
    0.0025	    0.5700	   -7.0129	    302.41	    3.7240	    0.1138		
    0.0025	    0.6600	   -7.0702	    293.63	    3.7301	    0.1130		
    0.0025	    0.7700	   -7.1349	    283.97	    3.7367	    0.1121		
    0.0025	    0.8900	   -7.1989	    274.66	    3.7428	    0.1113		
    0.0025	    1.0000	   -7.2451	    268.20	    3.7476	    0.1107		
    0.0025	    1.2000	   -7.3302	    256.48	    3.7552	    0.1098		
    0.0025	    1.4000	   -7.3978	    247.59	    3.7614	    0.1090		
    0.0025	    1.6000	   -7.4573	    239.98	    3.7667	    0.1083		
    0.0025	    1.9000	   -7.5382	    229.96	    3.7735	    0.1075		
    0.0025	    2.2000	   -7.6088	    221.52	    3.7791	    0.1068		
    0.0025	    2.5000	   -7.6712	    214.28	    3.7839	    0.1062		
    0.0025	    2.9000	   -7.7501	    205.41	    3.7893	    0.1055		
0.003 M_Sun, 3.14 M_Jup 	
    0.0030	    0.0010	   -3.3568	   1593.91	    3.0343	    0.2757		
    0.0030	    0.0013	   -3.7139	   1381.98	    3.1438	    0.2431		
    0.0030	    0.0017	   -3.8975	   1297.29	    3.2176	    0.2233		
    0.0030	    0.0020	   -3.9582	   1282.20	    3.2579	    0.2132		
    0.0030	    0.0023	   -4.0100	   1269.13	    3.2919	    0.2050		
    0.0030	    0.0027	   -4.0673	   1255.30	    3.3302	    0.1961		
    0.0030	    0.0031	   -4.1165	   1243.35	    3.3628	    0.1889		
    0.0030	    0.0036	   -4.1715	   1228.92	    3.3975	    0.1815		
    0.0030	    0.0042	   -4.2343	   1209.45	    3.4325	    0.1743		
    0.0030	    0.0049	   -4.3300	   1166.63	    3.4656	    0.1678		
    0.0030	    0.0057	   -4.4435	   1110.80	    3.4939	    0.1624		
    0.0030	    0.0066	   -4.5543	   1056.44	    3.5176	    0.1581		
    0.0030	    0.0076	   -4.6549	   1008.62	    3.5377	    0.1544		
    0.0030	    0.0088	   -4.7517	    964.29	    3.5565	    0.1511		
    0.0030	    0.0100	   -4.8396	    924.61	    3.5713	    0.1486		
    0.0030	    0.0120	   -4.9574	    873.45	    3.5903	    0.1454		
    0.0030	    0.0140	   -5.0497	    835.30	    3.6050	    0.1429		
    0.0030	    0.0160	   -5.1284	    803.71	    3.6167	    0.1410		
    0.0030	    0.0190	   -5.2295	    764.43	    3.6308	    0.1388		
    0.0030	    0.0220	   -5.3129	    733.35	    3.6420	    0.1370		
    0.0030	    0.0250	   -5.3859	    706.89	    3.6512	    0.1355		
    0.0030	    0.0290	   -5.4708	    677.10	    3.6613	    0.1340		
    0.0030	    0.0340	   -5.5588	    647.44	    3.6715	    0.1324		
    0.0030	    0.0390	   -5.6344	    622.87	    3.6798	    0.1311		
    0.0030	    0.0450	   -5.7131	    598.09	    3.6881	    0.1299		
    0.0030	    0.0530	   -5.8058	    569.93	    3.6970	    0.1286		
    0.0030	    0.0610	   -5.8787	    548.80	    3.7043	    0.1275		
    0.0030	    0.0710	   -5.9575	    526.78	    3.7118	    0.1264		
    0.0030	    0.0820	   -6.0301	    507.22	    3.7188	    0.1254		
    0.0030	    0.0960	   -6.1155	    484.93	    3.7261	    0.1243		
    0.0030	    0.1000	   -6.1370	    479.47	    3.7279	    0.1241		
    0.0030	    0.1100	   -6.1866	    467.10	    3.7321	    0.1235		
    0.0030	    0.1300	   -6.2661	    448.04	    3.7393	    0.1225		
    0.0030	    0.1500	   -6.3358	    431.90	    3.7452	    0.1216		
    0.0030	    0.1700	   -6.3957	    418.50	    3.7504	    0.1209		
    0.0030	    0.2000	   -6.4720	    402.00	    3.7568	    0.1200		
    0.0030	    0.2300	   -6.5481	    386.00	    3.7623	    0.1193		
    0.0030	    0.2700	   -6.6212	    371.35	    3.7682	    0.1184		
    0.0030	    0.3100	   -6.6732	    361.50	    3.7735	    0.1177		
    0.0030	    0.3700	   -6.7394	    349.32	    3.7801	    0.1168		
    0.0030	    0.4200	   -6.7885	    340.53	    3.7850	    0.1162		
    0.0030	    0.4900	   -6.8455	    330.66	    3.7909	    0.1154		
    0.0030	    0.5700	   -6.9032	    320.95	    3.7969	    0.1146		
    0.0030	    0.6600	   -6.9574	    312.14	    3.8026	    0.1138		
    0.0030	    0.7700	   -7.0196	    302.21	    3.8087	    0.1130		
    0.0030	    0.8900	   -7.0740	    293.88	    3.8146	    0.1123		
    0.0030	    1.0000	   -7.1235	    286.38	    3.8192	    0.1117		
    0.0030	    1.2000	   -7.2028	    274.74	    3.8263	    0.1108		
    0.0030	    1.4000	   -7.2673	    265.65	    3.8324	    0.1100		
    0.0030	    1.6000	   -7.3274	    257.38	    3.8376	    0.1094		
    0.0030	    1.9000	   -7.4061	    246.90	    3.8441	    0.1085		
    0.0030	    2.2000	   -7.4744	    238.14	    3.8496	    0.1079		
    0.0030	    2.5000	   -7.5329	    230.87	    3.8543	    0.1073		
    0.0030	    2.9000	   -7.6037	    222.34	    3.8596	    0.1066		
    0.0030	    3.4000	   -7.6827	    213.14	    3.8652	    0.1059		
    0.0030	    4.0000	   -7.7670	    203.69	    3.8707	    0.1053		
0.0035 M_Sun, 3.67 M_Jup 	
    0.0035	    0.0010	   -3.3747	   1617.87	    3.1453	    0.2621		
    0.0035	    0.0013	   -3.6531	   1447.63	    3.2306	    0.2376		
    0.0035	    0.0017	   -3.8375	   1349.52	    3.2930	    0.2211		
    0.0035	    0.0020	   -3.9346	   1300.14	    3.3254	    0.2130		
    0.0035	    0.0023	   -3.9770	   1288.56	    3.3523	    0.2065		
    0.0035	    0.0027	   -4.0247	   1276.41	    3.3836	    0.1992		
    0.0035	    0.0031	   -4.0663	   1266.01	    3.4109	    0.1930		
    0.0035	    0.0036	   -4.1121	   1254.59	    3.4409	    0.1865		
    0.0035	    0.0042	   -4.1601	   1242.44	    3.4721	    0.1799		
    0.0035	    0.0049	   -4.2151	   1225.51	    3.5033	    0.1736		
    0.0035	    0.0057	   -4.2715	   1207.21	    3.5335	    0.1676		
    0.0035	    0.0066	   -4.3566	   1168.38	    3.5618	    0.1623		
    0.0035	    0.0076	   -4.4693	   1110.23	    3.5858	    0.1578		
    0.0035	    0.0088	   -4.5765	   1056.91	    3.6075	    0.1539		
    0.0035	    0.0100	   -4.6628	   1015.53	    3.6244	    0.1510		
    0.0035	    0.0120	   -4.7874	    957.10	    3.6461	    0.1472		
    0.0035	    0.0140	   -4.8909	    910.23	    3.6623	    0.1445		
    0.0035	    0.0160	   -4.9730	    874.65	    3.6751	    0.1424		
    0.0035	    0.0190	   -5.0758	    831.64	    3.6903	    0.1399		
    0.0035	    0.0220	   -5.1630	    796.32	    3.7022	    0.1380		
    0.0035	    0.0250	   -5.2378	    767.15	    3.7121	    0.1365		
    0.0035	    0.0290	   -5.3235	    734.73	    3.7228	    0.1348		
    0.0035	    0.0340	   -5.4139	    701.83	    3.7336	    0.1331		
    0.0035	    0.0390	   -5.4903	    675.02	    3.7424	    0.1318		
    0.0035	    0.0450	   -5.5703	    647.86	    3.7511	    0.1305		
    0.0035	    0.0530	   -5.6616	    618.01	    3.7605	    0.1291		
    0.0035	    0.0610	   -5.7394	    593.55	    3.7681	    0.1280		
    0.0035	    0.0710	   -5.8237	    568.00	    3.7759	    0.1268		
    0.0035	    0.0820	   -5.8967	    546.85	    3.7830	    0.1258		
    0.0035	    0.0960	   -5.9820	    522.89	    3.7905	    0.1247		
    0.0035	    0.1000	   -6.0034	    517.06	    3.7924	    0.1244		
    0.0035	    0.1100	   -6.0507	    504.39	    3.7967	    0.1238		
    0.0035	    0.1300	   -6.1422	    480.54	    3.8040	    0.1228		
    0.0035	    0.1500	   -6.2142	    462.62	    3.8099	    0.1219		
    0.0035	    0.1700	   -6.2732	    448.48	    3.8150	    0.1212		
    0.0035	    0.2000	   -6.3538	    429.76	    3.8215	    0.1203		
    0.0035	    0.2300	   -6.4209	    414.76	    3.8269	    0.1196		
    0.0035	    0.2700	   -6.4971	    398.34	    3.8330	    0.1187		
    0.0035	    0.3100	   -6.5636	    384.51	    3.8380	    0.1181		
    0.0035	    0.3700	   -6.6436	    368.55	    3.8444	    0.1172		
    0.0035	    0.4200	   -6.6919	    359.39	    3.8490	    0.1166		
    0.0035	    0.4900	   -6.7511	    348.47	    3.8546	    0.1158		
    0.0035	    0.5700	   -6.8098	    337.96	    3.8601	    0.1151		
    0.0035	    0.6600	   -6.8657	    328.27	    3.8655	    0.1144		
    0.0035	    0.7700	   -6.9237	    318.55	    3.8712	    0.1136		
    0.0035	    0.8900	   -6.9765	    309.98	    3.8766	    0.1129		
    0.0035	    1.0000	   -7.0232	    302.52	    3.8810	    0.1124		
    0.0035	    1.2000	   -7.0994	    290.67	    3.8879	    0.1115		
    0.0035	    1.4000	   -7.1596	    281.72	    3.8937	    0.1107		
    0.0035	    1.6000	   -7.2185	    273.11	    3.8987	    0.1101		
    0.0035	    1.9000	   -7.2895	    263.15	    3.9051	    0.1093		
    0.0035	    2.2000	   -7.3582	    253.72	    3.9105	    0.1086		
    0.0035	    2.5000	   -7.4134	    246.46	    3.9152	    0.1080		
    0.0035	    2.9000	   -7.4872	    236.92	    3.9205	    0.1074		
    0.0035	    3.4000	   -7.5616	    227.71	    3.9260	    0.1067		
    0.0035	    4.0000	   -7.6409	    218.26	    3.9315	    0.1060		
    0.0035	    4.6000	   -7.7104	    210.26	    3.9362	    0.1054		
    0.0035	    5.3000	   -7.7834	    202.14	    3.9408	    0.1049		
0.004 M_Sun, 4.19 M_Jup 	
    0.0040	    0.0010	   -3.3499	   1658.09	    3.2211	    0.2568		
    0.0040	    0.0013	   -3.5710	   1524.78	    3.2967	    0.2354		
    0.0040	    0.0017	   -3.7593	   1414.37	    3.3543	    0.2203		
    0.0040	    0.0020	   -3.8561	   1361.03	    3.3844	    0.2128		
    0.0040	    0.0023	   -3.9434	   1312.08	    3.4081	    0.2070		
    0.0040	    0.0027	   -3.9963	   1291.76	    3.4339	    0.2010		
    0.0040	    0.0031	   -4.0314	   1282.80	    3.4569	    0.1957		
    0.0040	    0.0036	   -4.0702	   1273.14	    3.4826	    0.1900		
    0.0040	    0.0042	   -4.1114	   1263.02	    3.5099	    0.1841		
    0.0040	    0.0049	   -4.1540	   1252.47	    3.5379	    0.1783		
    0.0040	    0.0057	   -4.2023	   1237.86	    3.5658	    0.1727		
    0.0040	    0.0066	   -4.2531	   1221.12	    3.5930	    0.1673		
    0.0040	    0.0076	   -4.3016	   1205.52	    3.6191	    0.1624		
    0.0040	    0.0088	   -4.3966	   1158.73	    3.6454	    0.1575		
    0.0040	    0.0100	   -4.4983	   1105.57	    3.6654	    0.1540		
    0.0040	    0.0120	   -4.6239	   1043.22	    3.6903	    0.1496		
    0.0040	    0.0140	   -4.7303	    991.85	    3.7089	    0.1464		
    0.0040	    0.0160	   -4.8225	    948.50	    3.7234	    0.1440		
    0.0040	    0.0190	   -4.9328	    898.77	    3.7403	    0.1412		
    0.0040	    0.0220	   -5.0242	    859.16	    3.7533	    0.1391		
    0.0040	    0.0250	   -5.1019	    826.62	    3.7640	    0.1374		
    0.0040	    0.0290	   -5.1892	    791.36	    3.7755	    0.1356		
    0.0040	    0.0340	   -5.2827	    754.83	    3.7870	    0.1339		
    0.0040	    0.0390	   -5.3610	    725.45	    3.7963	    0.1324		
    0.0040	    0.0450	   -5.4409	    696.47	    3.8054	    0.1310		
    0.0040	    0.0530	   -5.5336	    664.06	    3.8153	    0.1296		
    0.0040	    0.0610	   -5.6118	    637.78	    3.8233	    0.1284		
    0.0040	    0.0710	   -5.6967	    610.23	    3.8315	    0.1272		
    0.0040	    0.0820	   -5.7780	    584.83	    3.8389	    0.1261		
    0.0040	    0.0960	   -5.8600	    560.31	    3.8466	    0.1250		
    0.0040	    0.1000	   -5.8815	    554.03	    3.8485	    0.1247		
    0.0040	    0.1100	   -5.9334	    539.11	    3.8530	    0.1241		
    0.0040	    0.1300	   -6.0199	    515.13	    3.8604	    0.1230		
    0.0040	    0.1500	   -6.0967	    494.64	    3.8666	    0.1221		
    0.0040	    0.1700	   -6.1656	    476.79	    3.8718	    0.1214		
    0.0040	    0.2000	   -6.2466	    456.79	    3.8782	    0.1205		
    0.0040	    0.2300	   -6.3125	    441.13	    3.8836	    0.1198		
    0.0040	    0.2700	   -6.3882	    423.80	    3.8897	    0.1189		
    0.0040	    0.3100	   -6.4564	    408.68	    3.8948	    0.1182		
    0.0040	    0.3700	   -6.5388	    391.19	    3.9012	    0.1174		
    0.0040	    0.4200	   -6.6013	    378.34	    3.9056	    0.1168		
    0.0040	    0.4900	   -6.6634	    366.17	    3.9110	    0.1160		
    0.0040	    0.5700	   -6.7244	    354.61	    3.9162	    0.1153		
    0.0040	    0.6600	   -6.7817	    344.11	    3.9213	    0.1147		
    0.0040	    0.7700	   -6.8423	    333.35	    3.9268	    0.1139		
    0.0040	    0.8900	   -6.8963	    324.12	    3.9319	    0.1133		
    0.0040	    1.0000	   -6.9410	    316.63	    3.9361	    0.1127		
    0.0040	    1.2000	   -7.0090	    305.63	    3.9427	    0.1119		
    0.0040	    1.4000	   -7.0720	    295.70	    3.9482	    0.1112		
    0.0040	    1.6000	   -7.1281	    287.10	    3.9531	    0.1106		
    0.0040	    1.9000	   -7.1967	    276.99	    3.9593	    0.1098		
    0.0040	    2.2000	   -7.2623	    267.53	    3.9646	    0.1091		
    0.0040	    2.5000	   -7.3142	    260.33	    3.9691	    0.1085		
    0.0040	    2.9000	   -7.3846	    250.75	    3.9744	    0.1079		
    0.0040	    3.4000	   -7.4559	    241.44	    3.9799	    0.1072		
    0.0040	    4.0000	   -7.5342	    231.54	    3.9855	    0.1065		
    0.0040	    4.6000	   -7.6019	    223.28	    3.9902	    0.1059		
    0.0040	    5.3000	   -7.6709	    215.16	    3.9948	    0.1054		
    0.0040	    6.2000	   -7.7508	    206.08	    3.9998	    0.1048		
0.0045 M_Sun, 4.71 M_Jup 	
    0.0045	    0.0010	   -3.3008	   1712.04	    3.2789	    0.2548		
    0.0045	    0.0013	   -3.4801	   1606.78	    3.3479	    0.2354		
    0.0045	    0.0017	   -3.6686	   1489.36	    3.4046	    0.2205		
    0.0045	    0.0020	   -3.7665	   1431.75	    3.4340	    0.2132		
    0.0045	    0.0023	   -3.8517	   1381.48	    3.4571	    0.2075		
    0.0045	    0.0027	   -3.9500	   1324.03	    3.4816	    0.2018		
    0.0045	    0.0031	   -4.0059	   1296.72	    3.5013	    0.1972		
    0.0045	    0.0036	   -4.0400	   1287.72	    3.5233	    0.1923		
    0.0045	    0.0042	   -4.0759	   1278.79	    3.5471	    0.1871		
    0.0045	    0.0049	   -4.1130	   1269.84	    3.5720	    0.1818		
    0.0045	    0.0057	   -4.1524	   1259.49	    3.5972	    0.1766		
    0.0045	    0.0066	   -4.1950	   1246.90	    3.6223	    0.1716		
    0.0045	    0.0076	   -4.2401	   1232.24	    3.6469	    0.1668		
    0.0045	    0.0088	   -4.2882	   1216.50	    3.6727	    0.1619		
    0.0045	    0.0100	   -4.3330	   1201.05	    3.6952	    0.1578		
    0.0045	    0.0120	   -4.4693	   1129.58	    3.7250	    0.1525		
    0.0045	    0.0140	   -4.5806	   1072.69	    3.7464	    0.1488		
    0.0045	    0.0160	   -4.6715	   1027.80	    3.7631	    0.1459		
    0.0045	    0.0190	   -4.7921	    969.47	    3.7822	    0.1428		
    0.0045	    0.0220	   -4.8894	    924.39	    3.7968	    0.1404		
    0.0045	    0.0250	   -4.9703	    888.24	    3.8084	    0.1385		
    0.0045	    0.0290	   -5.0614	    848.96	    3.8209	    0.1365		
    0.0045	    0.0340	   -5.1588	    808.46	    3.8334	    0.1346		
    0.0045	    0.0390	   -5.2399	    776.02	    3.8433	    0.1330		
    0.0045	    0.0450	   -5.3239	    743.52	    3.8531	    0.1316		
    0.0045	    0.0530	   -5.4158	    709.46	    3.8635	    0.1300		
    0.0045	    0.0610	   -5.4950	    681.16	    3.8719	    0.1287		
    0.0045	    0.0710	   -5.5808	    651.56	    3.8806	    0.1275		
    0.0045	    0.0820	   -5.6609	    624.95	    3.8883	    0.1263		
    0.0045	    0.0960	   -5.7499	    596.52	    3.8964	    0.1252		
    0.0045	    0.1000	   -5.7719	    589.71	    3.8984	    0.1249		
    0.0045	    0.1100	   -5.8258	    573.18	    3.9030	    0.1242		
    0.0045	    0.1300	   -5.9132	    547.52	    3.9107	    0.1231		
    0.0045	    0.1500	   -5.9912	    525.35	    3.9170	    0.1222		
    0.0045	    0.1700	   -6.0535	    508.42	    3.9224	    0.1215		
    0.0045	    0.2000	   -6.1434	    484.64	    3.9290	    0.1206		
    0.0045	    0.2300	   -6.2180	    465.73	    3.9345	    0.1198		
    0.0045	    0.2700	   -6.2946	    447.17	    3.9405	    0.1190		
    0.0045	    0.3100	   -6.3623	    431.37	    3.9457	    0.1183		
    0.0045	    0.3700	   -6.4445	    412.92	    3.9520	    0.1174		
    0.0045	    0.4200	   -6.5033	    400.21	    3.9565	    0.1168		
    0.0045	    0.4900	   -6.5758	    385.03	    3.9618	    0.1161		
    0.0045	    0.5700	   -6.6426	    371.62	    3.9670	    0.1154		
    0.0045	    0.6600	   -6.7050	    359.53	    3.9719	    0.1147		
    0.0045	    0.7700	   -6.7701	    347.34	    3.9771	    0.1141		
    0.0045	    0.8900	   -6.8227	    337.93	    3.9820	    0.1134		
    0.0045	    1.0000	   -6.8687	    329.84	    3.9860	    0.1129		
    0.0045	    1.2000	   -6.9345	    318.73	    3.9922	    0.1121		
    0.0045	    1.4000	   -6.9948	    308.82	    3.9976	    0.1114		
    0.0045	    1.6000	   -7.0447	    300.87	    4.0023	    0.1108		
    0.0045	    1.9000	   -7.1155	    289.88	    4.0083	    0.1100		
    0.0045	    2.2000	   -7.1781	    280.45	    4.0135	    0.1094		
    0.0045	    2.5000	   -7.2281	    273.20	    4.0180	    0.1088		
    0.0045	    2.9000	   -7.2951	    263.65	    4.0232	    0.1082		
    0.0045	    3.4000	   -7.3657	    253.95	    4.0287	    0.1075		
    0.0045	    4.0000	   -7.4410	    243.96	    4.0342	    0.1068		
    0.0045	    4.6000	   -7.5038	    235.93	    4.0389	    0.1062		
    0.0045	    5.3000	   -7.5693	    227.81	    4.0436	    0.1057		
    0.0045	    6.2000	   -7.6499	    218.11	    4.0486	    0.1050		
    0.0045	    7.2000	   -7.7232	    209.67	    4.0533	    0.1045		
    0.0045	    8.3000	   -7.7960	    201.56	    4.0577	    0.1040		
0.005 M_Sun, 5.24 M_Jup 	
    0.0050	    0.0010	   -3.2211	   1789.05	    3.3213	    0.2558		
    0.0050	    0.0013	   -3.4097	   1668.08	    3.3883	    0.2368		
    0.0050	    0.0017	   -3.5740	   1567.87	    3.4450	    0.2218		
    0.0050	    0.0020	   -3.6726	   1507.09	    3.4749	    0.2143		
    0.0050	    0.0023	   -3.7559	   1456.28	    3.4986	    0.2086		
    0.0050	    0.0027	   -3.8562	   1394.35	    3.5235	    0.2027		
    0.0050	    0.0031	   -3.9394	   1344.27	    3.5431	    0.1982		
    0.0050	    0.0036	   -4.0168	   1300.51	    3.5630	    0.1937		
    0.0050	    0.0042	   -4.0499	   1291.21	    3.5837	    0.1891		
    0.0050	    0.0049	   -4.0829	   1283.04	    3.6056	    0.1844		
    0.0050	    0.0057	   -4.1173	   1274.30	    3.6282	    0.1797		
    0.0050	    0.0066	   -4.1518	   1265.86	    3.6511	    0.1750		
    0.0050	    0.0076	   -4.1897	   1254.87	    3.6738	    0.1705		
    0.0050	    0.0088	   -4.2344	   1240.17	    3.6981	    0.1658		
    0.0050	    0.0100	   -4.2739	   1227.38	    3.7195	    0.1617		
    0.0050	    0.0120	   -4.3325	   1208.01	    3.7506	    0.1560		
    0.0050	    0.0140	   -4.4310	   1158.27	    3.7759	    0.1516		
    0.0050	    0.0160	   -4.5336	   1104.02	    3.7953	    0.1482		
    0.0050	    0.0190	   -4.6532	   1043.66	    3.8172	    0.1445		
    0.0050	    0.0220	   -4.7565	    992.82	    3.8337	    0.1418		
    0.0050	    0.0250	   -4.8431	    951.64	    3.8468	    0.1397		
    0.0050	    0.0290	   -4.9395	    907.48	    3.8605	    0.1375		
    0.0050	    0.0340	   -5.0389	    863.71	    3.8741	    0.1354		
    0.0050	    0.0390	   -5.1238	    827.66	    3.8849	    0.1337		
    0.0050	    0.0450	   -5.2091	    792.75	    3.8954	    0.1321		
    0.0050	    0.0530	   -5.3075	    753.93	    3.9065	    0.1304		
    0.0050	    0.0610	   -5.3874	    723.74	    3.9155	    0.1291		
    0.0050	    0.0710	   -5.4724	    692.81	    3.9245	    0.1277		
    0.0050	    0.0820	   -5.5568	    663.05	    3.9327	    0.1265		
    0.0050	    0.0960	   -5.6442	    633.56	    3.9411	    0.1253		
    0.0050	    0.1000	   -5.6667	    626.18	    3.9432	    0.1250		
    0.0050	    0.1100	   -5.7186	    609.42	    3.9481	    0.1243		
    0.0050	    0.1300	   -5.8147	    579.33	    3.9561	    0.1232		
    0.0050	    0.1500	   -5.8891	    557.10	    3.9626	    0.1222		
    0.0050	    0.1700	   -5.9578	    537.20	    3.9681	    0.1215		
    0.0050	    0.2000	   -6.0421	    513.79	    3.9750	    0.1205		
    0.0050	    0.2300	   -6.1158	    494.05	    3.9806	    0.1197		
    0.0050	    0.2700	   -6.2080	    470.18	    3.9868	    0.1189		
    0.0050	    0.3100	   -6.2753	    453.64	    3.9919	    0.1182		
    0.0050	    0.3700	   -6.3577	    434.23	    3.9983	    0.1173		
    0.0050	    0.4200	   -6.4183	    420.41	    4.0027	    0.1167		
    0.0050	    0.4900	   -6.4923	    404.12	    4.0081	    0.1160		
    0.0050	    0.5700	   -6.5608	    389.64	    4.0132	    0.1153		
    0.0050	    0.6600	   -6.6274	    376.04	    4.0181	    0.1147		
    0.0050	    0.7700	   -6.6947	    362.79	    4.0231	    0.1140		
    0.0050	    0.8900	   -6.7552	    351.35	    4.0279	    0.1134		
    0.0050	    1.0000	   -6.7990	    343.36	    4.0317	    0.1129		
    0.0050	    1.2000	   -6.8688	    330.98	    4.0378	    0.1121		
    0.0050	    1.4000	   -6.9271	    321.01	    4.0429	    0.1115		
    0.0050	    1.6000	   -6.9787	    312.43	    4.0475	    0.1109		
    0.0050	    1.9000	   -7.0474	    301.33	    4.0533	    0.1101		
    0.0050	    2.2000	   -7.1016	    292.91	    4.0583	    0.1095		
    0.0050	    2.5000	   -7.1559	    284.63	    4.0628	    0.1089		
    0.0050	    2.9000	   -7.2201	    275.11	    4.0678	    0.1083		
    0.0050	    3.4000	   -7.2845	    265.92	    4.0732	    0.1076		
    0.0050	    4.0000	   -7.3583	    255.66	    4.0788	    0.1069		
    0.0050	    4.6000	   -7.4223	    247.08	    4.0834	    0.1064		
    0.0050	    5.3000	   -7.4851	    238.96	    4.0881	    0.1058		
    0.0050	    6.2000	   -7.5577	    229.84	    4.0932	    0.1052		
    0.0050	    7.2000	   -7.6349	    220.46	    4.0979	    0.1046		
    0.0050	    8.3000	   -7.7070	    212.03	    4.1024	    0.1041		
    0.0050	    9.7000	   -7.7878	    202.94	    4.1070	    0.1035		
    0.0050	   10.0000	   -7.8054	    201.00	    4.1079	    0.1034		
0.006 M_Sun, 6.29 M_Jup 	
    0.0060	    0.0010	   -3.0666	   1922.55	    3.3711	    0.2646		
    0.0060	    0.0013	   -3.2326	   1820.72	    3.4425	    0.2437		
    0.0060	    0.0017	   -3.4043	   1707.94	    3.5031	    0.2273		
    0.0060	    0.0020	   -3.4977	   1648.62	    3.5351	    0.2191		
    0.0060	    0.0023	   -3.5747	   1600.50	    3.5607	    0.2127		
    0.0060	    0.0027	   -3.6623	   1546.02	    3.5881	    0.2061		
    0.0060	    0.0031	   -3.7429	   1494.83	    3.6102	    0.2009		
    0.0060	    0.0036	   -3.8419	   1429.94	    3.6321	    0.1959		
    0.0060	    0.0042	   -3.9360	   1370.59	    3.6525	    0.1914		
    0.0060	    0.0049	   -4.0195	   1320.72	    3.6717	    0.1872		
    0.0060	    0.0057	   -4.0690	   1297.11	    3.6898	    0.1833		
    0.0060	    0.0066	   -4.0975	   1289.65	    3.7083	    0.1795		
    0.0060	    0.0076	   -4.1260	   1282.57	    3.7272	    0.1756		
    0.0060	    0.0088	   -4.1580	   1274.24	    3.7480	    0.1715		
    0.0060	    0.0100	   -4.1890	   1265.36	    3.7668	    0.1678		
    0.0060	    0.0120	   -4.2386	   1249.59	    3.7946	    0.1625		
    0.0060	    0.0140	   -4.2842	   1234.35	    3.8189	    0.1580		
    0.0060	    0.0160	   -4.3236	   1221.65	    3.8404	    0.1542		
    0.0060	    0.0190	   -4.3901	   1194.75	    3.8681	    0.1493		
    0.0060	    0.0220	   -4.5007	   1135.32	    3.8901	    0.1456		
    0.0060	    0.0250	   -4.5939	   1086.60	    3.9071	    0.1428		
    0.0060	    0.0290	   -4.7017	   1031.54	    3.9246	    0.1399		
    0.0060	    0.0340	   -4.8104	    978.35	    3.9413	    0.1372		
    0.0060	    0.0390	   -4.9037	    934.11	    3.9543	    0.1352		
    0.0060	    0.0450	   -4.9953	    892.49	    3.9666	    0.1333		
    0.0060	    0.0530	   -5.0976	    847.78	    3.9796	    0.1313		
    0.0060	    0.0610	   -5.1839	    811.48	    3.9899	    0.1298		
    0.0060	    0.0710	   -5.2766	    773.87	    4.0002	    0.1282		
    0.0060	    0.0820	   -5.3605	    741.27	    4.0093	    0.1269		
    0.0060	    0.0960	   -5.4514	    707.32	    4.0187	    0.1255		
    0.0060	    0.1000	   -5.4743	    698.99	    4.0211	    0.1252		
    0.0060	    0.1100	   -5.5299	    679.02	    4.0263	    0.1244		
    0.0060	    0.1300	   -5.6261	    645.70	    4.0352	    0.1232		
    0.0060	    0.1500	   -5.7065	    619.04	    4.0423	    0.1222		
    0.0060	    0.1700	   -5.7753	    597.04	    4.0483	    0.1213		
    0.0060	    0.2000	   -5.8685	    568.24	    4.0555	    0.1203		
    0.0060	    0.2300	   -5.9408	    546.99	    4.0616	    0.1195		
    0.0060	    0.2700	   -6.0280	    522.15	    4.0681	    0.1186		
    0.0060	    0.3100	   -6.0983	    503.05	    4.0736	    0.1179		
    0.0060	    0.3700	   -6.1982	    476.73	    4.0803	    0.1170		
    0.0060	    0.4200	   -6.2667	    459.52	    4.0848	    0.1163		
    0.0060	    0.4900	   -6.3450	    440.60	    4.0901	    0.1156		
    0.0060	    0.5700	   -6.4203	    423.15	    4.0952	    0.1150		
    0.0060	    0.6600	   -6.4929	    406.93	    4.0999	    0.1143		
    0.0060	    0.7700	   -6.5640	    391.70	    4.1048	    0.1137		
    0.0060	    0.8900	   -6.6247	    379.26	    4.1093	    0.1131		
    0.0060	    1.0000	   -6.6700	    370.27	    4.1130	    0.1126		
    0.0060	    1.2000	   -6.7462	    355.55	    4.1188	    0.1119		
    0.0060	    1.4000	   -6.8038	    344.94	    4.1237	    0.1113		
    0.0060	    1.6000	   -6.8569	    335.36	    4.1279	    0.1107		
    0.0060	    1.9000	   -6.9210	    324.27	    4.1335	    0.1100		
    0.0060	    2.2000	   -6.9769	    314.85	    4.1382	    0.1094		
    0.0060	    2.5000	   -7.0274	    306.57	    4.1425	    0.1089		
    0.0060	    2.9000	   -7.0871	    297.05	    4.1474	    0.1083		
    0.0060	    3.4000	   -7.1530	    286.86	    4.1526	    0.1076		
    0.0060	    4.0000	   -7.2177	    277.24	    4.1580	    0.1069		
    0.0060	    4.6000	   -7.2782	    268.45	    4.1626	    0.1064		
    0.0060	    5.3000	   -7.3429	    259.33	    4.1672	    0.1058		
    0.0060	    6.2000	   -7.4123	    249.91	    4.1723	    0.1052		
    0.0060	    7.2000	   -7.4779	    241.31	    4.1771	    0.1046		
    0.0060	    8.3000	   -7.5496	    232.16	    4.1816	    0.1041		
    0.0060	    9.7000	   -7.6230	    223.15	    4.1864	    0.1035		
    0.0060	   10.0000	   -7.6408	    221.00	    4.1873	    0.1034		
0.007 M_Sun, 7.33 M_Jup 	
    0.0070	    0.0010	   -2.9507	   2015.95	    3.4045	    0.2750		
    0.0070	    0.0013	   -3.0920	   1940.11	    3.4792	    0.2524		
    0.0070	    0.0017	   -3.2464	   1843.30	    3.5446	    0.2341		
    0.0070	    0.0020	   -3.3387	   1783.70	    3.5799	    0.2247		
    0.0070	    0.0023	   -3.4213	   1728.31	    3.6077	    0.2177		
    0.0070	    0.0027	   -3.5114	   1669.13	    3.6372	    0.2104		
    0.0070	    0.0031	   -3.5872	   1619.81	    3.6609	    0.2047		
    0.0070	    0.0036	   -3.6678	   1568.01	    3.6851	    0.1991		
    0.0070	    0.0042	   -3.7552	   1511.27	    3.7084	    0.1938		
    0.0070	    0.0049	   -3.8587	   1441.45	    3.7297	    0.1891		
    0.0070	    0.0057	   -3.9498	   1382.75	    3.7487	    0.1850		
    0.0070	    0.0066	   -4.0255	   1337.09	    3.7660	    0.1814		
    0.0070	    0.0076	   -4.0892	   1300.86	    3.7820	    0.1781		
    0.0070	    0.0088	   -4.1166	   1293.11	    3.7991	    0.1746		
    0.0070	    0.0100	   -4.1404	   1287.23	    3.8149	    0.1715		
    0.0070	    0.0120	   -4.1785	   1276.85	    3.8389	    0.1668		
    0.0070	    0.0140	   -4.2145	   1266.28	    3.8605	    0.1627		
    0.0070	    0.0160	   -4.2501	   1254.46	    3.8799	    0.1591		
    0.0070	    0.0190	   -4.2968	   1239.45	    3.9056	    0.1545		
    0.0070	    0.0220	   -4.3410	   1224.16	    3.9282	    0.1505		
    0.0070	    0.0250	   -4.3837	   1208.20	    3.9482	    0.1471		
    0.0070	    0.0290	   -4.4719	   1163.43	    3.9707	    0.1433		
    0.0070	    0.0340	   -4.5932	   1098.45	    3.9922	    0.1398		
    0.0070	    0.0390	   -4.6922	   1047.28	    4.0083	    0.1372		
    0.0070	    0.0450	   -4.7896	    998.84	    4.0235	    0.1349		
    0.0070	    0.0530	   -4.9010	    945.29	    4.0391	    0.1325		
    0.0070	    0.0610	   -4.9920	    903.31	    4.0512	    0.1306		
    0.0070	    0.0710	   -5.0882	    860.60	    4.0632	    0.1288		
    0.0070	    0.0820	   -5.1787	    821.87	    4.0737	    0.1273		
    0.0070	    0.0960	   -5.2771	    781.34	    4.0843	    0.1257		
    0.0070	    0.1000	   -5.3025	    771.16	    4.0869	    0.1254		
    0.0070	    0.1100	   -5.3596	    748.73	    4.0928	    0.1245		
    0.0070	    0.1300	   -5.4574	    711.72	    4.1025	    0.1231		
    0.0070	    0.1500	   -5.5409	    681.41	    4.1104	    0.1220		
    0.0070	    0.1700	   -5.6135	    655.95	    4.1168	    0.1211		
    0.0070	    0.2000	   -5.7066	    624.58	    4.1248	    0.1200		
    0.0070	    0.2300	   -5.7840	    599.58	    4.1312	    0.1191		
    0.0070	    0.2700	   -5.8787	    570.07	    4.1382	    0.1182		
    0.0070	    0.3100	   -5.9490	    549.24	    4.1439	    0.1174		
    0.0070	    0.3700	   -6.0466	    521.33	    4.1510	    0.1164		
    0.0070	    0.4200	   -6.1067	    505.03	    4.1558	    0.1158		
    0.0070	    0.4900	   -6.1944	    481.74	    4.1615	    0.1150		
    0.0070	    0.5700	   -6.2784	    460.37	    4.1667	    0.1144		
    0.0070	    0.6600	   -6.3599	    440.53	    4.1716	    0.1137		
    0.0070	    0.7700	   -6.4404	    421.76	    4.1765	    0.1131		
    0.0070	    0.8900	   -6.5181	    404.33	    4.1810	    0.1125		
    0.0070	    1.0000	   -6.5676	    393.77	    4.1844	    0.1120		
    0.0070	    1.2000	   -6.6405	    378.77	    4.1899	    0.1113		
    0.0070	    1.4000	   -6.7009	    366.79	    4.1945	    0.1108		
    0.0070	    1.6000	   -6.7510	    357.22	    4.1986	    0.1102		
    0.0070	    1.9000	   -6.8175	    344.85	    4.2038	    0.1096		
    0.0070	    2.2000	   -6.8738	    334.72	    4.2084	    0.1090		
    0.0070	    2.5000	   -6.9213	    326.45	    4.2124	    0.1085		
    0.0070	    2.9000	   -6.9775	    316.92	    4.2171	    0.1079		
    0.0070	    3.4000	   -7.0393	    306.73	    4.2222	    0.1073		
    0.0070	    4.0000	   -7.1047	    296.30	    4.2275	    0.1066		
    0.0070	    4.6000	   -7.1628	    287.30	    4.2320	    0.1061		
    0.0070	    5.3000	   -7.2234	    278.18	    4.2365	    0.1055		
    0.0070	    6.2000	   -7.2926	    268.08	    4.2415	    0.1049		
    0.0070	    7.2000	   -7.3553	    259.29	    4.2463	    0.1043		
    0.0070	    8.3000	   -7.4216	    250.21	    4.2507	    0.1038		
    0.0070	    9.7000	   -7.4921	    240.94	    4.2556	    0.1032		
    0.0070	   10.0000	   -7.5071	    239.00	    4.2565	    0.1031		
0.008 M_Sun, 8.38 M_Jup 	
    0.0080	    0.0010	   -2.8694	   2067.11	    3.4248	    0.2872		
    0.0080	    0.0013	   -2.9748	   2031.00	    3.4995	    0.2636		
    0.0080	    0.0017	   -3.1092	   1958.22	    3.5706	    0.2428		
    0.0080	    0.0020	   -3.1982	   1902.33	    3.6092	    0.2323		
    0.0080	    0.0023	   -3.2764	   1851.18	    3.6401	    0.2242		
    0.0080	    0.0027	   -3.3633	   1794.50	    3.6729	    0.2159		
    0.0080	    0.0031	   -3.4414	   1741.75	    3.6992	    0.2094		
    0.0080	    0.0036	   -3.5234	   1687.08	    3.7258	    0.2031		
    0.0080	    0.0042	   -3.6101	   1628.82	    3.7515	    0.1972		
    0.0080	    0.0049	   -3.6986	   1569.08	    3.7751	    0.1919		
    0.0080	    0.0057	   -3.7877	   1509.30	    3.7967	    0.1872		
    0.0080	    0.0066	   -3.8820	   1445.54	    3.8160	    0.1831		
    0.0080	    0.0076	   -3.9666	   1390.44	    3.8330	    0.1795		
    0.0080	    0.0088	   -4.0414	   1344.69	    3.8498	    0.1761		
    0.0080	    0.0100	   -4.1037	   1307.84	    3.8638	    0.1733		
    0.0080	    0.0120	   -4.1429	   1293.71	    3.8841	    0.1693		
    0.0080	    0.0140	   -4.1709	   1286.66	    3.9026	    0.1657		
    0.0080	    0.0160	   -4.1986	   1278.76	    3.9196	    0.1625		
    0.0080	    0.0190	   -4.2395	   1265.70	    3.9427	    0.1582		
    0.0080	    0.0220	   -4.2760	   1254.14	    3.9633	    0.1545		
    0.0080	    0.0250	   -4.3102	   1242.89	    3.9818	    0.1512		
    0.0080	    0.0290	   -4.3537	   1227.71	    4.0040	    0.1474		
    0.0080	    0.0340	   -4.4053	   1208.49	    4.0281	    0.1434		
    0.0080	    0.0390	   -4.4770	   1173.51	    4.0488	    0.1400		
    0.0080	    0.0450	   -4.5908	   1111.38	    4.0681	    0.1369		
    0.0080	    0.0530	   -4.7090	   1049.81	    4.0873	    0.1340		
    0.0080	    0.0610	   -4.8071	   1000.53	    4.1019	    0.1317		
    0.0080	    0.0710	   -4.9126	    949.32	    4.1161	    0.1296		
    0.0080	    0.0820	   -5.0094	    904.14	    4.1282	    0.1278		
    0.0080	    0.0960	   -5.1102	    859.16	    4.1403	    0.1260		
    0.0080	    0.1000	   -5.1362	    847.83	    4.1433	    0.1256		
    0.0080	    0.1100	   -5.1978	    821.43	    4.1499	    0.1246		
    0.0080	    0.1300	   -5.3019	    778.47	    4.1608	    0.1231		
    0.0080	    0.1500	   -5.3893	    743.96	    4.1694	    0.1219		
    0.0080	    0.1700	   -5.4648	    715.21	    4.1764	    0.1209		
    0.0080	    0.2000	   -5.5599	    680.50	    4.1850	    0.1197		
    0.0080	    0.2300	   -5.6410	    652.05	    4.1920	    0.1187		
    0.0080	    0.2700	   -5.7301	    622.14	    4.1995	    0.1177		
    0.0080	    0.3100	   -5.8096	    596.44	    4.2057	    0.1169		
    0.0080	    0.3700	   -5.9116	    564.81	    4.2131	    0.1159		
    0.0080	    0.4200	   -5.9794	    544.79	    4.2182	    0.1152		
    0.0080	    0.4900	   -6.0594	    522.01	    4.2240	    0.1144		
    0.0080	    0.5700	   -6.1378	    500.62	    4.2297	    0.1137		
    0.0080	    0.6600	   -6.2170	    479.73	    4.2348	    0.1130		
    0.0080	    0.7700	   -6.3083	    456.53	    4.2401	    0.1123		
    0.0080	    0.8900	   -6.3917	    436.30	    4.2447	    0.1118		
    0.0080	    1.0000	   -6.4590	    420.58	    4.2482	    0.1113		
    0.0080	    1.2000	   -6.5562	    398.88	    4.2534	    0.1106		
    0.0080	    1.4000	   -6.6122	    387.21	    4.2578	    0.1101		
    0.0080	    1.6000	   -6.6634	    376.80	    4.2617	    0.1096		
    0.0080	    1.9000	   -6.7281	    364.08	    4.2667	    0.1090		
    0.0080	    2.2000	   -6.7837	    353.49	    4.2710	    0.1084		
    0.0080	    2.5000	   -6.8303	    344.89	    4.2749	    0.1079		
    0.0080	    2.9000	   -6.8888	    334.33	    4.2794	    0.1074		
    0.0080	    3.4000	   -6.9478	    324.07	    4.2843	    0.1068		
    0.0080	    4.0000	   -7.0102	    313.55	    4.2893	    0.1062		
    0.0080	    4.6000	   -7.0652	    304.55	    4.2937	    0.1056		
    0.0080	    5.3000	   -7.1225	    295.43	    4.2981	    0.1051		
    0.0080	    6.2000	   -7.1882	    285.26	    4.3030	    0.1045		
    0.0080	    7.2000	   -7.2525	    275.64	    4.3078	    0.1039		
    0.0080	    8.3000	   -7.3156	    266.50	    4.3122	    0.1034		
    0.0080	    9.7000	   -7.3833	    257.02	    4.3170	    0.1028		
    0.0080	   10.0000	   -7.3979	    255.00	    4.3179	    0.1027		
0.009 M_Sun, 9.43 M_Jup 	
    0.0090	    0.0010	   -2.7956	   2110.90	    3.4385	    0.2999		
    0.0090	    0.0013	   -2.8920	   2084.78	    3.5132	    0.2752		
    0.0090	    0.0017	   -3.0010	   2041.71	    3.5860	    0.2530		
    0.0090	    0.0020	   -3.0739	   2005.54	    3.6278	    0.2412		
    0.0090	    0.0023	   -3.1493	   1958.17	    3.6618	    0.2319		
    0.0090	    0.0027	   -3.2355	   1902.75	    3.6980	    0.2224		
    0.0090	    0.0031	   -3.3111	   1852.36	    3.7270	    0.2151		
    0.0090	    0.0036	   -3.3903	   1800.01	    3.7564	    0.2080		
    0.0090	    0.0042	   -3.4750	   1742.48	    3.7847	    0.2013		
    0.0090	    0.0049	   -3.5581	   1686.74	    3.8113	    0.1952		
    0.0090	    0.0057	   -3.6544	   1617.98	    3.8353	    0.1899		
    0.0090	    0.0066	   -3.7406	   1558.56	    3.8565	    0.1853		
    0.0090	    0.0076	   -3.8214	   1504.19	    3.8757	    0.1813		
    0.0090	    0.0088	   -3.9129	   1442.31	    3.8941	    0.1775		
    0.0090	    0.0100	   -3.9868	   1394.10	    3.9089	    0.1745		
    0.0090	    0.0120	   -4.0780	   1338.16	    3.9290	    0.1705		
    0.0090	    0.0140	   -4.1436	   1300.73	    3.9454	    0.1673		
    0.0090	    0.0160	   -4.1670	   1294.08	    3.9599	    0.1645		
    0.0090	    0.0190	   -4.1985	   1285.56	    3.9799	    0.1608		
    0.0090	    0.0220	   -4.2304	   1275.49	    3.9982	    0.1574		
    0.0090	    0.0250	   -4.2593	   1266.57	    4.0148	    0.1544		
    0.0090	    0.0290	   -4.2945	   1255.59	    4.0349	    0.1509		
    0.0090	    0.0340	   -4.3346	   1242.92	    4.0574	    0.1471		
    0.0090	    0.0390	   -4.3753	   1228.18	    4.0773	    0.1437		
    0.0090	    0.0450	   -4.4199	   1211.67	    4.0984	    0.1403		
    0.0090	    0.0530	   -4.5041	   1170.46	    4.1225	    0.1364		
    0.0090	    0.0610	   -4.6163	   1108.87	    4.1408	    0.1336		
    0.0090	    0.0710	   -4.7280	   1050.16	    4.1580	    0.1310		
    0.0090	    0.0820	   -4.8298	    998.65	    4.1724	    0.1288		
    0.0090	    0.0960	   -4.9399	    944.97	    4.1866	    0.1267		
    0.0090	    0.1000	   -4.9677	    931.78	    4.1900	    0.1262		
    0.0090	    0.1100	   -5.0316	    902.11	    4.1976	    0.1251		
    0.0090	    0.1300	   -5.1392	    853.89	    4.2099	    0.1234		
    0.0090	    0.1500	   -5.2287	    815.51	    4.2195	    0.1220		
    0.0090	    0.1700	   -5.3087	    782.37	    4.2273	    0.1209		
    0.0090	    0.2000	   -5.4062	    743.66	    4.2367	    0.1196		
    0.0090	    0.2300	   -5.4895	    711.98	    4.2443	    0.1186		
    0.0090	    0.2700	   -5.5836	    677.62	    4.2525	    0.1175		
    0.0090	    0.3100	   -5.6642	    649.37	    4.2591	    0.1166		
    0.0090	    0.3700	   -5.7647	    615.69	    4.2672	    0.1155		
    0.0090	    0.4200	   -5.8357	    592.88	    4.2726	    0.1148		
    0.0090	    0.4900	   -5.9254	    565.09	    4.2789	    0.1140		
    0.0090	    0.5700	   -6.0066	    541.07	    4.2847	    0.1132		
    0.0090	    0.6600	   -6.0830	    519.43	    4.2901	    0.1125		
    0.0090	    0.7700	   -6.1614	    498.09	    4.2957	    0.1118		
    0.0090	    0.8900	   -6.2443	    476.29	    4.3007	    0.1111		
    0.0090	    1.0000	   -6.3127	    458.90	    4.3046	    0.1106		
    0.0090	    1.2000	   -6.4297	    430.41	    4.3103	    0.1099		
    0.0090	    1.4000	   -6.5207	    409.49	    4.3147	    0.1094		
    0.0090	    1.6000	   -6.5844	    395.59	    4.3184	    0.1089		
    0.0090	    1.9000	   -6.6471	    382.61	    4.3232	    0.1083		
    0.0090	    2.2000	   -6.7007	    371.90	    4.3274	    0.1078		
    0.0090	    2.5000	   -6.7468	    362.93	    4.3311	    0.1073		
    0.0090	    2.9000	   -6.8034	    352.18	    4.3354	    0.1068		
    0.0090	    3.4000	   -6.8634	    341.15	    4.3402	    0.1062		
    0.0090	    4.0000	   -6.9232	    330.54	    4.3451	    0.1056		
    0.0090	    4.6000	   -6.9801	    320.65	    4.3493	    0.1051		
    0.0090	    5.3000	   -7.0347	    311.53	    4.3537	    0.1046		
    0.0090	    6.2000	   -7.0970	    301.38	    4.3585	    0.1040		
    0.0090	    7.2000	   -7.1582	    291.72	    4.3631	    0.1034		
    0.0090	    8.3000	   -7.2181	    282.55	    4.3676	    0.1029		
    0.0090	    9.7000	   -7.2866	    272.38	    4.3723	    0.1023		
    0.0090	   10.0000	   -7.3028	    270.00	    4.3733	    0.1022		
0.01 M_Sun, 10.48 M_Jup 	
    0.0100	    0.0010	   -2.7311	   2141.14	    3.4444	    0.3139		
    0.0100	    0.0013	   -2.8197	   2124.01	    3.5191	    0.2881		
    0.0100	    0.0017	   -2.9150	   2098.72	    3.5936	    0.2644		
    0.0100	    0.0020	   -2.9815	   2071.32	    3.6372	    0.2515		
    0.0100	    0.0023	   -3.0431	   2041.17	    3.6734	    0.2412		
    0.0100	    0.0027	   -3.1162	   2002.27	    3.7131	    0.2304		
    0.0100	    0.0031	   -3.1906	   1954.33	    3.7453	    0.2220		
    0.0100	    0.0036	   -3.2705	   1901.82	    3.7779	    0.2138		
    0.0100	    0.0042	   -3.3545	   1844.91	    3.8092	    0.2063		
    0.0100	    0.0049	   -3.4368	   1789.29	    3.8383	    0.1995		
    0.0100	    0.0057	   -3.5175	   1734.58	    3.8651	    0.1934		
    0.0100	    0.0066	   -3.6024	   1675.19	    3.8894	    0.1881		
    0.0100	    0.0076	   -3.7014	   1601.81	    3.9106	    0.1836		
    0.0100	    0.0088	   -3.7845	   1544.57	    3.9305	    0.1794		
    0.0100	    0.0100	   -3.8526	   1499.27	    3.9469	    0.1760		
    0.0100	    0.0120	   -3.9625	   1424.88	    3.9684	    0.1717		
    0.0100	    0.0140	   -4.0426	   1373.77	    3.9851	    0.1685		
    0.0100	    0.0160	   -4.1055	   1335.50	    3.9988	    0.1658		
    0.0100	    0.0190	   -4.1690	   1300.20	    4.0159	    0.1626		
    0.0100	    0.0220	   -4.1929	   1293.60	    4.0309	    0.1598		
    0.0100	    0.0250	   -4.2154	   1287.24	    4.0448	    0.1573		
    0.0100	    0.0290	   -4.2437	   1278.81	    4.0617	    0.1542		
    0.0100	    0.0340	   -4.2766	   1268.58	    4.0806	    0.1509		
    0.0100	    0.0390	   -4.3071	   1258.74	    4.0977	    0.1480		
    0.0100	    0.0450	   -4.3395	   1248.62	    4.1160	    0.1449		
    0.0100	    0.0530	   -4.3830	   1232.93	    4.1376	    0.1413		
    0.0100	    0.0610	   -4.4219	   1218.85	    4.1565	    0.1383		
    0.0100	    0.0710	   -4.4719	   1198.54	    4.1773	    0.1350		
    0.0100	    0.0820	   -4.5758	   1141.09	    4.1958	    0.1322		
    0.0100	    0.0960	   -4.6874	   1080.90	    4.2133	    0.1295		
    0.0100	    0.1000	   -4.7158	   1065.85	    4.2174	    0.1289		
    0.0100	    0.1100	   -4.7790	   1033.19	    4.2265	    0.1276		
    0.0100	    0.1300	   -4.8888	    978.06	    4.2410	    0.1255		
    0.0100	    0.1500	   -4.9804	    933.72	    4.2521	    0.1239		
    0.0100	    0.1700	   -5.0569	    898.12	    4.2610	    0.1226		
    0.0100	    0.2000	   -5.1559	    853.62	    4.2718	    0.1211		
    0.0100	    0.2300	   -5.2392	    817.65	    4.2803	    0.1199		
    0.0100	    0.2700	   -5.3323	    779.11	    4.2894	    0.1187		
    0.0100	    0.3100	   -5.4128	    747.05	    4.2969	    0.1177		
    0.0100	    0.3700	   -5.5133	    708.69	    4.3059	    0.1164		
    0.0100	    0.4200	   -5.5875	    681.47	    4.3120	    0.1156		
    0.0100	    0.4900	   -5.6750	    650.62	    4.3191	    0.1147		
    0.0100	    0.5700	   -5.7594	    622.15	    4.3258	    0.1138		
    0.0100	    0.6600	   -5.8440	    594.72	    4.3320	    0.1130		
    0.0100	    0.7700	   -5.9349	    566.39	    4.3381	    0.1122		
    0.0100	    0.8900	   -6.0148	    542.66	    4.3437	    0.1115		
    0.0100	    1.0000	   -6.0759	    525.26	    4.3481	    0.1109		
    0.0100	    1.2000	   -6.1735	    498.46	    4.3549	    0.1101		
    0.0100	    1.4000	   -6.2634	    474.84	    4.3603	    0.1094		
    0.0100	    1.6000	   -6.3550	    451.64	    4.3649	    0.1088		
    0.0100	    1.9000	   -6.4710	    423.75	    4.3702	    0.1081		
    0.0100	    2.2000	   -6.5727	    400.64	    4.3745	    0.1076		
    0.0100	    2.5000	   -6.6201	    390.67	    4.3782	    0.1071		
    0.0100	    2.9000	   -6.6768	    379.12	    4.3826	    0.1066		
    0.0100	    3.4000	   -6.7383	    366.97	    4.3875	    0.1060		
    0.0100	    4.0000	   -6.8067	    353.85	    4.3928	    0.1054		
    0.0100	    4.6000	   -6.8651	    343.04	    4.3972	    0.1048		
    0.0100	    5.3000	   -6.9239	    332.50	    4.4019	    0.1043		
    0.0100	    6.2000	   -6.9881	    321.37	    4.4070	    0.1037		
    0.0100	    7.2000	   -7.0515	    310.72	    4.4118	    0.1031		
    0.0100	    8.3000	   -7.1139	    300.56	    4.4164	    0.1025		
    0.0100	    9.7000	   -7.1842	    289.46	    4.4214	    0.1019		
    0.0100	   10.0000	   -7.1940	    288.00	    4.4224	    0.1018		
0.011 M_Sun, 11.52 M_Jup 	
    0.0110	    0.0010	   -2.6686	   2169.50	    3.4462	    0.3286		
    0.0110	    0.0013	   -2.7558	   2155.31	    3.5220	    0.3012		
    0.0110	    0.0017	   -2.8492	   2132.83	    3.5972	    0.2762		
    0.0110	    0.0020	   -2.9064	   2117.31	    3.6418	    0.2624		
    0.0110	    0.0023	   -2.9560	   2102.88	    3.6795	    0.2512		
    0.0110	    0.0027	   -3.0257	   2069.79	    3.7215	    0.2393		
    0.0110	    0.0031	   -3.0887	   2036.19	    3.7562	    0.2300		
    0.0110	    0.0036	   -3.1587	   1996.54	    3.7920	    0.2207		
    0.0110	    0.0042	   -3.2429	   1940.21	    3.8265	    0.2121		
    0.0110	    0.0049	   -3.3257	   1884.38	    3.8585	    0.2044		
    0.0110	    0.0057	   -3.4064	   1829.20	    3.8877	    0.1977		
    0.0110	    0.0066	   -3.4833	   1776.69	    3.9139	    0.1918		
    0.0110	    0.0076	   -3.5566	   1726.67	    3.9376	    0.1866		
    0.0110	    0.0088	   -3.6511	   1656.59	    3.9601	    0.1818		
    0.0110	    0.0100	   -3.7415	   1588.24	    3.9774	    0.1783		
    0.0110	    0.0120	   -3.8304	   1528.22	    3.9993	    0.1738		
    0.0110	    0.0140	   -3.9042	   1479.10	    4.0163	    0.1705		
    0.0110	    0.0160	   -3.9712	   1434.08	    4.0297	    0.1679		
    0.0110	    0.0190	   -4.0448	   1386.79	    4.0450	    0.1649		
    0.0110	    0.0220	   -4.0976	   1354.54	    4.0570	    0.1627		
    0.0110	    0.0250	   -4.1399	   1329.26	    4.0665	    0.1609		
    0.0110	    0.0290	   -4.1839	   1303.67	    4.0767	    0.1590		
    0.0110	    0.0340	   -4.2032	   1297.05	    4.0872	    0.1571		
    0.0110	    0.0390	   -4.2189	   1292.13	    4.0963	    0.1554		
    0.0110	    0.0450	   -4.2342	   1287.98	    4.1060	    0.1537		
    0.0110	    0.0530	   -4.2535	   1281.92	    4.1172	    0.1518		
    0.0110	    0.0610	   -4.2701	   1276.88	    4.1269	    0.1501		
    0.0110	    0.0710	   -4.2882	   1271.33	    4.1374	    0.1483		
    0.0110	    0.0820	   -4.3058	   1266.07	    4.1478	    0.1465		
    0.0110	    0.0960	   -4.3269	   1259.40	    4.1597	    0.1445		
    0.0110	    0.1000	   -4.3324	   1257.71	    4.1629	    0.1440		
    0.0110	    0.1100	   -4.3474	   1252.48	    4.1707	    0.1427		
    0.0110	    0.1300	   -4.3764	   1242.28	    4.1855	    0.1403		
    0.0110	    0.1500	   -4.4049	   1232.05	    4.1996	    0.1380		
    0.0110	    0.1700	   -4.4344	   1221.17	    4.2137	    0.1358		
    0.0110	    0.2000	   -4.4821	   1202.76	    4.2350	    0.1325		
    0.0110	    0.2300	   -4.5845	   1146.08	    4.2535	    0.1297		
    0.0110	    0.2700	   -4.7022	   1082.05	    4.2713	    0.1271		
    0.0110	    0.3100	   -4.7987	   1031.49	    4.2848	    0.1251		
    0.0110	    0.3700	   -4.9228	    969.25	    4.3007	    0.1229		
    0.0110	    0.4200	   -5.0130	    925.78	    4.3112	    0.1214		
    0.0110	    0.4900	   -5.1232	    874.98	    4.3234	    0.1197		
    0.0110	    0.5700	   -5.2339	    826.35	    4.3347	    0.1181		
    0.0110	    0.6600	   -5.3428	    780.76	    4.3450	    0.1168		
    0.0110	    0.7700	   -5.4570	    735.39	    4.3552	    0.1154		
    0.0110	    0.8900	   -5.5639	    695.16	    4.3644	    0.1142		
    0.0110	    1.0000	   -5.6513	    663.70	    4.3713	    0.1133		
    0.0110	    1.2000	   -5.7834	    618.72	    4.3815	    0.1119		
    0.0110	    1.4000	   -5.9016	    580.73	    4.3897	    0.1109		
    0.0110	    1.6000	   -5.9991	    551.11	    4.3962	    0.1101		
    0.0110	    1.9000	   -6.1118	    518.86	    4.4041	    0.1091		
    0.0110	    2.2000	   -6.2104	    492.09	    4.4107	    0.1082		
    0.0110	    2.5000	   -6.3092	    466.31	    4.4161	    0.1076		
    0.0110	    2.9000	   -6.4354	    435.06	    4.4217	    0.1069		
    0.0110	    3.4000	   -6.5681	    404.30	    4.4270	    0.1062		
    0.0110	    4.0000	   -6.6438	    388.18	    4.4321	    0.1056		
    0.0110	    4.6000	   -6.7047	    375.83	    4.4369	    0.1050		
    0.0110	    5.3000	   -6.7668	    363.68	    4.4419	    0.1044		
    0.0110	    6.2000	   -6.8428	    349.27	    4.4476	    0.1037		
    0.0110	    7.2000	   -6.9115	    336.77	    4.4530	    0.1031		
    0.0110	    8.3000	   -6.9809	    324.56	    4.4583	    0.1025		
    0.0110	    9.7000	   -7.0551	    312.00	    4.4639	    0.1018		
    0.0110	   10.0000	   -7.0659	    310.27	    4.4650	    0.1017		
    0.0110	   11.0000	   -7.1146	    302.27	    4.4684	    0.1013		
    0.0110	   13.0000	   -7.1938	    289.78	    4.4742	    0.1006		
    0.0110	   15.0000	   -7.2645	    279.00	    4.4791	    0.1000		
0.0115 M_Sun, 12.05 M_Jup 	
    0.0115	    0.0010	   -2.6395	   2182.61	    3.4469	    0.3357		
    0.0115	    0.0013	   -2.7261	   2169.75	    3.5232	    0.3075		
    0.0115	    0.0017	   -2.8183	   2149.21	    3.5989	    0.2818		
    0.0115	    0.0020	   -2.8753	   2134.20	    3.6437	    0.2676		
    0.0115	    0.0023	   -2.9247	   2120.24	    3.6817	    0.2562		
    0.0115	    0.0027	   -2.9838	   2100.37	    3.7244	    0.2439		
    0.0115	    0.0031	   -3.0455	   2069.20	    3.7602	    0.2341		
    0.0115	    0.0036	   -3.1141	   2031.73	    3.7970	    0.2243		
    0.0115	    0.0042	   -3.1904	   1985.17	    3.8330	    0.2152		
    0.0115	    0.0049	   -3.2733	   1929.40	    3.8664	    0.2071		
    0.0115	    0.0057	   -3.3539	   1874.34	    3.8968	    0.2000		
    0.0115	    0.0066	   -3.4305	   1821.75	    3.9239	    0.1938		
    0.0115	    0.0076	   -3.5021	   1772.70	    3.9481	    0.1885		
    0.0115	    0.0088	   -3.5780	   1719.70	    3.9713	    0.1836		
    0.0115	    0.0100	   -3.6589	   1658.74	    3.9895	    0.1797		
    0.0115	    0.0120	   -3.7681	   1577.23	    4.0111	    0.1753		
    0.0115	    0.0140	   -3.8307	   1535.31	    4.0270	    0.1722		
    0.0115	    0.0160	   -3.8807	   1502.49	    4.0394	    0.1697		
    0.0115	    0.0190	   -3.9475	   1457.38	    4.0532	    0.1670		
    0.0115	    0.0220	   -3.9974	   1424.17	    4.0631	    0.1651		
    0.0115	    0.0250	   -4.0337	   1400.53	    4.0704	    0.1638		
    0.0115	    0.0290	   -4.0655	   1380.95	    4.0777	    0.1624		
    0.0115	    0.0340	   -4.0946	   1363.21	    4.0844	    0.1611		
    0.0115	    0.0390	   -4.1167	   1349.81	    4.0893	    0.1602		
    0.0115	    0.0450	   -4.1365	   1338.01	    4.0938	    0.1594		
    0.0115	    0.0530	   -4.1569	   1325.89	    4.0984	    0.1586		
    0.0115	    0.0610	   -4.1736	   1316.08	    4.1022	    0.1579		
    0.0115	    0.0710	   -4.1922	   1305.12	    4.1063	    0.1571		
    0.0115	    0.0820	   -4.2038	   1299.69	    4.1106	    0.1564		
    0.0115	    0.0960	   -4.2147	   1296.39	    4.1171	    0.1552		
    0.0115	    0.1000	   -4.2179	   1295.49	    4.1191	    0.1548		
    0.0115	    0.1100	   -4.2267	   1292.93	    4.1245	    0.1539		
    0.0115	    0.1300	   -4.2467	   1286.74	    4.1362	    0.1518		
    0.0115	    0.1500	   -4.2684	   1280.39	    4.1493	    0.1495		
    0.0115	    0.1700	   -4.2936	   1272.35	    4.1635	    0.1471		
    0.0115	    0.2000	   -4.3337	   1260.46	    4.1873	    0.1431		
    0.0115	    0.2300	   -4.3844	   1242.69	    4.2133	    0.1389		
    0.0115	    0.2700	   -4.4608	   1214.52	    4.2499	    0.1332		
    0.0115	    0.3100	   -4.6096	   1136.75	    4.2838	    0.1281		
    0.0115	    0.3700	   -4.8360	   1016.48	    4.3158	    0.1235		
    0.0115	    0.4200	   -4.9835	    943.37	    4.3337	    0.1209		
    0.0115	    0.4900	   -5.1461	    867.97	    4.3516	    0.1185		
    0.0115	    0.5700	   -5.2970	    802.57	    4.3664	    0.1165		
    0.0115	    0.6600	   -5.4321	    747.85	    4.3788	    0.1148		
    0.0115	    0.7700	   -5.5658	    696.97	    4.3901	    0.1133		
    0.0115	    0.8900	   -5.6882	    653.11	    4.3995	    0.1121		
    0.0115	    1.0000	   -5.7766	    623.15	    4.4064	    0.1112		
    0.0115	    1.2000	   -5.9188	    577.38	    4.4161	    0.1100		
    0.0115	    1.4000	   -6.0282	    544.42	    4.4234	    0.1091		
    0.0115	    1.6000	   -6.1130	    520.28	    4.4294	    0.1083		
    0.0115	    1.9000	   -6.2221	    490.64	    4.4366	    0.1074		
    0.0115	    2.2000	   -6.3327	    461.92	    4.4424	    0.1067		
    0.0115	    2.5000	   -6.4390	    435.61	    4.4469	    0.1062		
    0.0115	    2.9000	   -6.5604	    407.30	    4.4515	    0.1056		
    0.0115	    3.4000	   -6.6326	    391.74	    4.4560	    0.1051		
    0.0115	    4.0000	   -6.6963	    378.69	    4.4609	    0.1045		
    0.0115	    4.6000	   -6.7503	    368.02	    4.4652	    0.1039		
    0.0115	    5.3000	   -6.8080	    356.90	    4.4697	    0.1034		
    0.0115	    6.2000	   -6.8717	    345.06	    4.4747	    0.1028		
    0.0115	    7.2000	   -6.9323	    334.15	    4.4795	    0.1022		
    0.0115	    8.3000	   -6.9959	    322.99	    4.4842	    0.1017		
    0.0115	    9.7000	   -7.0615	    311.92	    4.4892	    0.1011		
    0.0115	   10.0000	   -7.0743	    309.82	    4.4902	    0.1010		
    0.0115	   11.0000	   -7.1168	    302.85	    4.4932	    0.1006		
    0.0115	   13.0000	   -7.1914	    291.02	    4.4986	    0.1000		
    0.0115	   15.0000	   -7.2568	    281.00	    4.5031	    0.0995		
0.012 M_Sun, 12.57 M_Jup 	
    0.0120	    0.0010	   -2.6109	   2195.31	    3.4468	    0.3430		
    0.0120	    0.0013	   -2.6971	   2183.54	    3.5237	    0.3139		
    0.0120	    0.0017	   -2.7885	   2164.70	    3.6001	    0.2875		
    0.0120	    0.0020	   -2.8452	   2150.45	    3.6453	    0.2729		
    0.0120	    0.0023	   -2.8942	   2137.12	    3.6835	    0.2612		
    0.0120	    0.0027	   -2.9509	   2120.40	    3.7266	    0.2485		
    0.0120	    0.0031	   -3.0033	   2101.08	    3.7630	    0.2383		
    0.0120	    0.0036	   -3.0711	   2065.40	    3.8011	    0.2281		
    0.0120	    0.0042	   -3.1436	   2023.84	    3.8383	    0.2185		
    0.0120	    0.0049	   -3.2229	   1972.61	    3.8730	    0.2100		
    0.0120	    0.0057	   -3.3020	   1919.24	    3.9045	    0.2025		
    0.0120	    0.0066	   -3.3783	   1866.53	    3.9323	    0.1961		
    0.0120	    0.0076	   -3.4490	   1817.47	    3.9568	    0.1907		
    0.0120	    0.0088	   -3.5176	   1770.45	    3.9799	    0.1857		
    0.0120	    0.0100	   -3.5786	   1727.25	    3.9980	    0.1818		
    0.0120	    0.0120	   -3.6771	   1652.87	    4.0200	    0.1773		
    0.0120	    0.0140	   -3.7539	   1594.38	    4.0342	    0.1744		
    0.0120	    0.0160	   -3.7942	   1566.81	    4.0443	    0.1724		
    0.0120	    0.0190	   -3.8368	   1538.55	    4.0552	    0.1702		
    0.0120	    0.0220	   -3.8675	   1518.19	    4.0628	    0.1688		
    0.0120	    0.0250	   -3.8899	   1503.43	    4.0682	    0.1677		
    0.0120	    0.0290	   -3.9141	   1487.15	    4.0735	    0.1667		
    0.0120	    0.0340	   -3.9369	   1471.63	    4.0781	    0.1658		
    0.0120	    0.0390	   -3.9537	   1460.35	    4.0815	    0.1652		
    0.0120	    0.0450	   -3.9707	   1448.93	    4.0848	    0.1645		
    0.0120	    0.0530	   -3.9907	   1435.68	    4.0889	    0.1638		
    0.0120	    0.0610	   -4.0106	   1422.51	    4.0928	    0.1630		
    0.0120	    0.0710	   -4.0351	   1406.55	    4.0977	    0.1621		
    0.0120	    0.0820	   -4.0613	   1389.97	    4.1033	    0.1611		
    0.0120	    0.0960	   -4.0946	   1369.73	    4.1111	    0.1596		
    0.0120	    0.1000	   -4.1050	   1363.38	    4.1134	    0.1592		
    0.0120	    0.1100	   -4.1312	   1347.61	    4.1194	    0.1581		
    0.0120	    0.1300	   -4.1884	   1313.44	    4.1320	    0.1558		
    0.0120	    0.1500	   -4.2262	   1295.75	    4.1463	    0.1533		
    0.0120	    0.1700	   -4.2575	   1286.47	    4.1651	    0.1500		
    0.0120	    0.2000	   -4.3162	   1268.44	    4.1993	    0.1442		
    0.0120	    0.2300	   -4.3866	   1245.07	    4.2373	    0.1380		
    0.0120	    0.2700	   -4.4959	   1203.05	    4.2870	    0.1304		
    0.0120	    0.3100	   -4.7145	   1083.90	    4.3243	    0.1249		
    0.0120	    0.3700	   -4.9637	    956.60	    4.3565	    0.1203		
    0.0120	    0.4200	   -5.1186	    883.57	    4.3735	    0.1180		
    0.0120	    0.4900	   -5.2836	    811.18	    4.3900	    0.1158		
    0.0120	    0.5700	   -5.4297	    751.46	    4.4031	    0.1140		
    0.0120	    0.6600	   -5.5587	    702.02	    4.4139	    0.1126		
    0.0120	    0.7700	   -5.6839	    656.87	    4.4238	    0.1114		
    0.0120	    0.8900	   -5.7937	    619.56	    4.4320	    0.1103		
    0.0120	    1.0000	   -5.8789	    591.95	    4.4379	    0.1096		
    0.0120	    1.2000	   -6.0088	    551.99	    4.4464	    0.1085		
    0.0120	    1.4000	   -6.1020	    525.12	    4.4530	    0.1077		
    0.0120	    1.6000	   -6.1817	    503.11	    4.4583	    0.1070		
    0.0120	    1.9000	   -6.2889	    474.78	    4.4648	    0.1062		
    0.0120	    2.2000	   -6.4057	    445.18	    4.4697	    0.1056		
    0.0120	    2.5000	   -6.5062	    421.09	    4.4736	    0.1052		
    0.0120	    2.9000	   -6.6066	    398.33	    4.4776	    0.1047		
    0.0120	    3.4000	   -6.6604	    387.15	    4.4819	    0.1042		
    0.0120	    4.0000	   -6.7169	    375.73	    4.4863	    0.1036		
    0.0120	    4.6000	   -6.7677	    365.73	    4.4903	    0.1032		
    0.0120	    5.3000	   -6.8162	    356.48	    4.4943	    0.1027		
    0.0120	    6.2000	   -6.8757	    345.40	    4.4989	    0.1021		
    0.0120	    7.2000	   -6.9336	    334.93	    4.5033	    0.1016		
    0.0120	    8.3000	   -6.9914	    324.77	    4.5076	    0.1011		
    0.0120	    9.7000	   -7.0548	    313.97	    4.5123	    0.1006		
    0.0120	   10.0000	   -7.0683	    311.71	    4.5133	    0.1005		
    0.0120	   11.0000	   -7.1054	    305.64	    4.5161	    0.1001		
    0.0120	   13.0000	   -7.1787	    293.86	    4.5212	    0.0996		
    0.0120	   15.0000	   -7.2423	    284.00	    4.5255	    0.0991		
0.0125 M_Sun, 13.09 M_Jup 	
    0.0125	    0.0010	   -2.5850	   2204.00	    3.4456	    0.3505		
    0.0125	    0.0013	   -2.6676	   2197.89	    3.5233	    0.3205		
    0.0125	    0.0017	   -2.7595	   2179.32	    3.6005	    0.2933		
    0.0125	    0.0020	   -2.8150	   2166.96	    3.6461	    0.2783		
    0.0125	    0.0023	   -2.8642	   2153.65	    3.6847	    0.2662		
    0.0125	    0.0027	   -2.9207	   2137.71	    3.7282	    0.2532		
    0.0125	    0.0031	   -2.9700	   2122.54	    3.7651	    0.2427		
    0.0125	    0.0036	   -3.0280	   2099.35	    3.8040	    0.2320		
    0.0125	    0.0042	   -3.1001	   2058.98	    3.8424	    0.2220		
    0.0125	    0.0049	   -3.1744	   2013.99	    3.8783	    0.2130		
    0.0125	    0.0057	   -3.2524	   1961.74	    3.9106	    0.2052		
    0.0125	    0.0066	   -3.3255	   1911.87	    3.9390	    0.1986		
    0.0125	    0.0076	   -3.3935	   1864.55	    3.9635	    0.1931		
    0.0125	    0.0088	   -3.4593	   1818.68	    3.9860	    0.1881		
    0.0125	    0.0100	   -3.5097	   1784.20	    4.0032	    0.1845		
    0.0125	    0.0120	   -3.5774	   1736.20	    4.0235	    0.1802		
    0.0125	    0.0140	   -3.6263	   1701.27	    4.0371	    0.1774		
    0.0125	    0.0160	   -3.6739	   1663.66	    4.0459	    0.1756		
    0.0125	    0.0190	   -3.7180	   1629.26	    4.0536	    0.1741		
    0.0125	    0.0220	   -3.7443	   1609.02	    4.0582	    0.1731		
    0.0125	    0.0250	   -3.7594	   1597.96	    4.0614	    0.1725		
    0.0125	    0.0290	   -3.7731	   1588.49	    4.0648	    0.1718		
    0.0125	    0.0340	   -3.7884	   1578.11	    4.0686	    0.1711		
    0.0125	    0.0390	   -3.8036	   1567.72	    4.0724	    0.1704		
    0.0125	    0.0450	   -3.8215	   1555.64	    4.0768	    0.1695		
    0.0125	    0.0530	   -3.8465	   1538.92	    4.0831	    0.1683		
    0.0125	    0.0610	   -3.8723	   1521.93	    4.0896	    0.1670		
    0.0125	    0.0710	   -3.9083	   1498.15	    4.0982	    0.1654		
    0.0125	    0.0820	   -3.9559	   1465.73	    4.1078	    0.1635		
    0.0125	    0.0960	   -4.0191	   1423.66	    4.1205	    0.1612		
    0.0125	    0.1000	   -4.0376	   1411.64	    4.1242	    0.1605		
    0.0125	    0.1100	   -4.0828	   1383.27	    4.1341	    0.1587		
    0.0125	    0.1300	   -4.1821	   1322.96	    4.1560	    0.1547		
    0.0125	    0.1500	   -4.2489	   1291.90	    4.1815	    0.1502		
    0.0125	    0.1700	   -4.3017	   1275.89	    4.2127	    0.1449		
    0.0125	    0.2000	   -4.3923	   1245.93	    4.2620	    0.1369		
    0.0125	    0.2300	   -4.4859	   1210.88	    4.3060	    0.1302		
    0.0125	    0.2700	   -4.7135	   1088.50	    4.3484	    0.1240		
    0.0125	    0.3100	   -4.9001	    991.66	    4.3731	    0.1205		
    0.0125	    0.3700	   -5.1063	    892.42	    4.3962	    0.1173		
    0.0125	    0.4200	   -5.2350	    834.89	    4.4091	    0.1156		
    0.0125	    0.4900	   -5.3757	    775.71	    4.4222	    0.1139		
    0.0125	    0.5700	   -5.5020	    725.83	    4.4330	    0.1125		
    0.0125	    0.6600	   -5.6160	    683.32	    4.4422	    0.1113		
    0.0125	    0.7700	   -5.7277	    643.91	    4.4507	    0.1102		
    0.0125	    0.8900	   -5.8255	    611.23	    4.4580	    0.1093		
    0.0125	    1.0000	   -5.9089	    584.39	    4.4634	    0.1086		
    0.0125	    1.2000	   -6.0259	    548.74	    4.4710	    0.1076		
    0.0125	    1.4000	   -6.1144	    523.32	    4.4771	    0.1069		
    0.0125	    1.6000	   -6.1849	    503.91	    4.4821	    0.1063		
    0.0125	    1.9000	   -6.2868	    476.89	    4.4882	    0.1055		
    0.0125	    2.2000	   -6.3996	    448.14	    4.4929	    0.1050		
    0.0125	    2.5000	   -6.4992	    424.07	    4.4966	    0.1045		
    0.0125	    2.9000	   -6.6015	    400.70	    4.5004	    0.1041		
    0.0125	    3.4000	   -6.6544	    389.56	    4.5044	    0.1036		
    0.0125	    4.0000	   -6.7071	    378.84	    4.5086	    0.1031		
    0.0125	    4.6000	   -6.7527	    369.84	    4.5124	    0.1026		
    0.0125	    5.3000	   -6.7999	    360.72	    4.5163	    0.1022		
    0.0125	    6.2000	   -6.8587	    349.62	    4.5208	    0.1017		
    0.0125	    7.2000	   -6.9167	    338.97	    4.5251	    0.1012		
    0.0125	    8.3000	   -6.9685	    329.81	    4.5292	    0.1007		
    0.0125	    9.7000	   -7.0323	    318.74	    4.5338	    0.1001		
    0.0125	   10.0000	   -7.0449	    316.61	    4.5347	    0.1000		
    0.0125	   11.0000	   -7.0827	    310.30	    4.5375	    0.0997		
    0.0125	   13.0000	   -7.1544	    298.59	    4.5424	    0.0992		
    0.0125	   15.0000	   -7.2153	    289.00	    4.5466	    0.0987		
0.013 M_Sun, 13.62 M_Jup 	
    0.0130	    0.0010	   -2.5611	   2211.00	    3.4442	    0.3581		
    0.0130	    0.0013	   -2.6422	   2207.01	    3.5221	    0.3273		
    0.0130	    0.0017	   -2.7306	   2193.99	    3.6003	    0.2992		
    0.0130	    0.0020	   -2.7861	   2182.31	    3.6465	    0.2837		
    0.0130	    0.0023	   -2.8349	   2170.06	    3.6855	    0.2712		
    0.0130	    0.0027	   -2.8914	   2154.36	    3.7294	    0.2579		
    0.0130	    0.0031	   -2.9393	   2141.02	    3.7666	    0.2470		
    0.0130	    0.0036	   -2.9934	   2123.19	    3.8061	    0.2360		
    0.0130	    0.0042	   -3.0558	   2095.32	    3.8455	    0.2256		
    0.0130	    0.0049	   -3.1302	   2050.53	    3.8824	    0.2162		
    0.0130	    0.0057	   -3.2027	   2004.40	    3.9154	    0.2081		
    0.0130	    0.0066	   -3.2741	   1955.62	    3.9440	    0.2014		
    0.0130	    0.0076	   -3.3366	   1912.80	    3.9680	    0.1959		
    0.0130	    0.0088	   -3.3964	   1870.93	    3.9893	    0.1912		
    0.0130	    0.0100	   -3.4414	   1839.38	    4.0048	    0.1878		
    0.0130	    0.0120	   -3.4918	   1804.74	    4.0222	    0.1840		
    0.0130	    0.0140	   -3.5248	   1782.05	    4.0332	    0.1817		
    0.0130	    0.0160	   -3.5494	   1764.31	    4.0404	    0.1802		
    0.0130	    0.0190	   -3.5728	   1747.71	    4.0474	    0.1788		
    0.0130	    0.0220	   -3.5894	   1735.87	    4.0522	    0.1778		
    0.0130	    0.0250	   -3.6030	   1726.30	    4.0561	    0.1770		
    0.0130	    0.0290	   -3.6213	   1712.68	    4.0607	    0.1761		
    0.0130	    0.0340	   -3.6441	   1695.47	    4.0660	    0.1750		
    0.0130	    0.0390	   -3.6716	   1673.65	    4.0710	    0.1740		
    0.0130	    0.0450	   -3.7046	   1647.62	    4.0768	    0.1728		
    0.0130	    0.0530	   -3.7510	   1611.72	    4.0849	    0.1712		
    0.0130	    0.0610	   -3.7921	   1582.35	    4.0941	    0.1694		
    0.0130	    0.0710	   -3.8457	   1546.35	    4.1077	    0.1668		
    0.0130	    0.0820	   -3.9160	   1499.62	    4.1246	    0.1636		
    0.0130	    0.0960	   -4.0298	   1423.23	    4.1476	    0.1593		
    0.0130	    0.1000	   -4.0624	   1402.21	    4.1543	    0.1581		
    0.0130	    0.1100	   -4.1405	   1354.18	    4.1719	    0.1549		
    0.0130	    0.1300	   -4.2611	   1290.41	    4.2087	    0.1485		
    0.0130	    0.1500	   -4.3269	   1270.84	    4.2480	    0.1419		
    0.0130	    0.1700	   -4.3943	   1248.31	    4.2843	    0.1361		
    0.0130	    0.2000	   -4.4888	   1212.94	    4.3288	    0.1293		
    0.0130	    0.2300	   -4.6447	   1130.20	    4.3618	    0.1245		
    0.0130	    0.2700	   -4.8433	   1024.08	    4.3893	    0.1206		
    0.0130	    0.3100	   -4.9948	    948.26	    4.4072	    0.1182		
    0.0130	    0.3700	   -5.1632	    869.57	    4.4252	    0.1157		
    0.0130	    0.4200	   -5.2738	    821.00	    4.4358	    0.1143		
    0.0130	    0.4900	   -5.3983	    769.18	    4.4471	    0.1128		
    0.0130	    0.5700	   -5.5125	    724.26	    4.4568	    0.1116		
    0.0130	    0.6600	   -5.6180	    684.92	    4.4652	    0.1105		
    0.0130	    0.7700	   -5.7223	    647.97	    4.4732	    0.1095		
    0.0130	    0.8900	   -5.8159	    616.39	    4.4800	    0.1086		
    0.0130	    1.0000	   -5.8907	    592.19	    4.4852	    0.1080		
    0.0130	    1.2000	   -6.0061	    556.50	    4.4926	    0.1071		
    0.0130	    1.4000	   -6.0920	    531.43	    4.4985	    0.1064		
    0.0130	    1.6000	   -6.1635	    511.41	    4.5033	    0.1058		
    0.0130	    1.9000	   -6.2566	    486.40	    4.5093	    0.1050		
    0.0130	    2.2000	   -6.3548	    460.94	    4.5141	    0.1045		
    0.0130	    2.5000	   -6.4519	    436.83	    4.5179	    0.1040		
    0.0130	    2.9000	   -6.5555	    412.49	    4.5218	    0.1035		
    0.0130	    3.4000	   -6.6352	    394.88	    4.5258	    0.1031		
    0.0130	    4.0000	   -6.6871	    384.16	    4.5299	    0.1026		
    0.0130	    4.6000	   -6.7320	    375.16	    4.5335	    0.1022		
    0.0130	    5.3000	   -6.7801	    365.71	    4.5373	    0.1017		
    0.0130	    6.2000	   -6.8367	    354.87	    4.5417	    0.1012		
    0.0130	    7.2000	   -6.8896	    345.04	    4.5458	    0.1007		
    0.0130	    8.3000	   -6.9458	    334.85	    4.5499	    0.1003		
    0.0130	    9.7000	   -7.0082	    323.86	    4.5543	    0.0997		
    0.0130	   10.0000	   -7.0197	    321.88	    4.5552	    0.0996		
    0.0130	   11.0000	   -7.0614	    314.75	    4.5580	    0.0993		
    0.0130	   13.0000	   -7.1303	    303.34	    4.5628	    0.0988		
    0.0130	   15.0000	   -7.1887	    294.00	    4.5669	    0.0983		
0.0135 M_Sun, 14.14 M_Jup 	
    0.0135	    0.0010	   -2.5386	   2217.00	    3.4428	    0.3655		
    0.0135	    0.0013	   -2.6178	   2215.71	    3.5210	    0.3340		
    0.0135	    0.0017	   -2.7044	   2205.70	    3.5997	    0.3051		
    0.0135	    0.0020	   -2.7579	   2197.06	    3.6463	    0.2891		
    0.0135	    0.0023	   -2.8064	   2185.62	    3.6859	    0.2763		
    0.0135	    0.0027	   -2.8621	   2171.42	    3.7302	    0.2625		
    0.0135	    0.0031	   -2.9102	   2158.30	    3.7678	    0.2514		
    0.0135	    0.0036	   -2.9611	   2144.82	    3.8078	    0.2401		
    0.0135	    0.0042	   -3.0199	   2121.68	    3.8477	    0.2293		
    0.0135	    0.0049	   -3.0847	   2088.68	    3.8853	    0.2196		
    0.0135	    0.0057	   -3.1554	   2044.38	    3.9188	    0.2113		
    0.0135	    0.0066	   -3.2215	   2000.56	    3.9473	    0.2045		
    0.0135	    0.0076	   -3.2809	   1959.19	    3.9703	    0.1991		
    0.0135	    0.0088	   -3.3314	   1924.39	    3.9897	    0.1947		
    0.0135	    0.0100	   -3.3671	   1899.98	    4.0032	    0.1917		
    0.0135	    0.0120	   -3.4070	   1872.02	    4.0173	    0.1886		
    0.0135	    0.0140	   -3.4313	   1854.91	    4.0257	    0.1868		
    0.0135	    0.0160	   -3.4472	   1843.79	    4.0312	    0.1856		
    0.0135	    0.0190	   -3.4644	   1831.88	    4.0371	    0.1844		
    0.0135	    0.0220	   -3.4784	   1822.29	    4.0420	    0.1833		
    0.0135	    0.0250	   -3.4921	   1812.62	    4.0465	    0.1824		
    0.0135	    0.0290	   -3.5103	   1800.09	    4.0526	    0.1811		
    0.0135	    0.0340	   -3.5365	   1781.20	    4.0605	    0.1795		
    0.0135	    0.0390	   -3.5644	   1761.29	    4.0688	    0.1778		
    0.0135	    0.0450	   -3.6026	   1733.87	    4.0798	    0.1755		
    0.0135	    0.0530	   -3.6707	   1682.25	    4.0953	    0.1724		
    0.0135	    0.0610	   -3.7577	   1614.25	    4.1107	    0.1694		
    0.0135	    0.0710	   -3.8524	   1548.25	    4.1329	    0.1651		
    0.0135	    0.0820	   -3.9782	   1463.96	    4.1613	    0.1598		
    0.0135	    0.0960	   -4.1500	   1353.82	    4.1972	    0.1533		
    0.0135	    0.1000	   -4.1984	   1323.84	    4.2067	    0.1517		
    0.0135	    0.1100	   -4.2616	   1293.05	    4.2292	    0.1478		
    0.0135	    0.1300	   -4.3317	   1271.92	    4.2707	    0.1409		
    0.0135	    0.1500	   -4.3963	   1250.30	    4.3054	    0.1354		
    0.0135	    0.1700	   -4.4553	   1228.86	    4.3344	    0.1309		
    0.0135	    0.2000	   -4.5501	   1187.68	    4.3699	    0.1257		
    0.0135	    0.2300	   -4.7177	   1094.02	    4.3949	    0.1221		
    0.0135	    0.2700	   -4.8837	   1006.96	    4.4168	    0.1191		
    0.0135	    0.3100	   -5.0173	    940.61	    4.4320	    0.1170		
    0.0135	    0.3700	   -5.1707	    869.11	    4.4481	    0.1149		
    0.0135	    0.4200	   -5.2720	    824.55	    4.4579	    0.1136		
    0.0135	    0.4900	   -5.3891	    775.51	    4.4685	    0.1122		
    0.0135	    0.5700	   -5.4982	    732.22	    4.4778	    0.1110		
    0.0135	    0.6600	   -5.6001	    693.75	    4.4860	    0.1100		
    0.0135	    0.7700	   -5.7004	    657.74	    4.4937	    0.1090		
    0.0135	    0.8900	   -5.7921	    626.33	    4.5004	    0.1081		
    0.0135	    1.0000	   -5.8615	    603.55	    4.5055	    0.1075		
    0.0135	    1.2000	   -5.9788	    566.55	    4.5129	    0.1066		
    0.0135	    1.4000	   -6.0654	    540.82	    4.5187	    0.1059		
    0.0135	    1.6000	   -6.1368	    520.45	    4.5234	    0.1053		
    0.0135	    1.9000	   -6.2247	    496.47	    4.5294	    0.1046		
    0.0135	    2.2000	   -6.3063	    475.00	    4.5342	    0.1040		
    0.0135	    2.5000	   -6.3991	    451.35	    4.5382	    0.1035		
    0.0135	    2.9000	   -6.5016	    426.50	    4.5423	    0.1031		
    0.0135	    3.4000	   -6.6072	    402.27	    4.5464	    0.1026		
    0.0135	    4.0000	   -6.6646	    390.10	    4.5504	    0.1021		
    0.0135	    4.6000	   -6.7100	    380.81	    4.5539	    0.1017		
    0.0135	    5.3000	   -6.7594	    370.92	    4.5577	    0.1013		
    0.0135	    6.2000	   -6.8132	    360.49	    4.5618	    0.1008		
    0.0135	    7.2000	   -6.8686	    349.99	    4.5659	    0.1003		
    0.0135	    8.3000	   -6.9237	    339.84	    4.5699	    0.0998		
    0.0135	    9.7000	   -6.9854	    328.80	    4.5742	    0.0993		
    0.0135	   10.0000	   -6.9970	    326.78	    4.5751	    0.0992		
    0.0135	   11.0000	   -7.0370	    319.84	    4.5778	    0.0989		
    0.0135	   13.0000	   -7.1034	    308.68	    4.5825	    0.0984		
    0.0135	   15.0000	   -7.1628	    299.00	    4.5866	    0.0979		
0.014 M_Sun, 14.67 M_Jup 	
    0.0140	    0.0010	   -2.5176	   2222.11	    3.4415	    0.3727		
    0.0140	    0.0013	   -2.5944	   2224.13	    3.5200	    0.3405		
    0.0140	    0.0017	   -2.6808	   2214.65	    3.5989	    0.3109		
    0.0140	    0.0020	   -2.7334	   2207.50	    3.6459	    0.2946		
    0.0140	    0.0023	   -2.7787	   2200.54	    3.6857	    0.2814		
    0.0140	    0.0027	   -2.8342	   2187.37	    3.7308	    0.2671		
    0.0140	    0.0031	   -2.8815	   2175.50	    3.7687	    0.2557		
    0.0140	    0.0036	   -2.9315	   2163.45	    3.8090	    0.2441		
    0.0140	    0.0042	   -2.9863	   2145.42	    3.8492	    0.2331		
    0.0140	    0.0049	   -3.0460	   2118.51	    3.8870	    0.2232		
    0.0140	    0.0057	   -3.1075	   2084.74	    3.9207	    0.2147		
    0.0140	    0.0066	   -3.1692	   2044.62	    3.9485	    0.2079		
    0.0140	    0.0076	   -3.2217	   2008.65	    3.9703	    0.2028		
    0.0140	    0.0088	   -3.2652	   1978.44	    3.9874	    0.1988		
    0.0140	    0.0100	   -3.2942	   1958.25	    3.9986	    0.1963		
    0.0140	    0.0120	   -3.3231	   1938.28	    4.0097	    0.1938		
    0.0140	    0.0140	   -3.3401	   1926.78	    4.0163	    0.1923		
    0.0140	    0.0160	   -3.3529	   1917.89	    4.0211	    0.1912		
    0.0140	    0.0190	   -3.3687	   1906.99	    4.0270	    0.1899		
    0.0140	    0.0220	   -3.3837	   1896.76	    4.0327	    0.1887		
    0.0140	    0.0250	   -3.3999	   1885.42	    4.0385	    0.1875		
    0.0140	    0.0290	   -3.4235	   1868.72	    4.0466	    0.1857		
    0.0140	    0.0340	   -3.4558	   1845.99	    4.0577	    0.1834		
    0.0140	    0.0390	   -3.4926	   1820.27	    4.0701	    0.1808		
    0.0140	    0.0450	   -3.5489	   1779.81	    4.0873	    0.1772		
    0.0140	    0.0530	   -3.6472	   1707.65	    4.1136	    0.1719		
    0.0140	    0.0610	   -3.7958	   1593.80	    4.1423	    0.1663		
    0.0140	    0.0710	   -3.9539	   1486.46	    4.1794	    0.1594		
    0.0140	    0.0820	   -4.1293	   1372.35	    4.2161	    0.1528		
    0.0140	    0.0960	   -4.2655	   1294.21	    4.2505	    0.1469		
    0.0140	    0.1000	   -4.2800	   1289.76	    4.2590	    0.1454		
    0.0140	    0.1100	   -4.3130	   1279.88	    4.2786	    0.1422		
    0.0140	    0.1300	   -4.3735	   1260.78	    4.3130	    0.1367		
    0.0140	    0.1500	   -4.4307	   1240.40	    4.3419	    0.1322		
    0.0140	    0.1700	   -4.4821	   1221.49	    4.3666	    0.1285		
    0.0140	    0.2000	   -4.5834	   1172.85	    4.3972	    0.1240		
    0.0140	    0.2300	   -4.7344	   1088.76	    4.4189	    0.1210		
    0.0140	    0.2700	   -4.8864	   1008.99	    4.4388	    0.1182		
    0.0140	    0.3100	   -5.0115	    946.60	    4.4530	    0.1163		
    0.0140	    0.3700	   -5.1564	    878.55	    4.4683	    0.1143		
    0.0140	    0.4200	   -5.2535	    835.33	    4.4778	    0.1130		
    0.0140	    0.4900	   -5.3672	    787.09	    4.4882	    0.1117		
    0.0140	    0.5700	   -5.4729	    744.55	    4.4973	    0.1105		
    0.0140	    0.6600	   -5.5728	    706.18	    4.5054	    0.1095		
    0.0140	    0.7700	   -5.6719	    670.01	    4.5131	    0.1085		
    0.0140	    0.8900	   -5.7611	    638.91	    4.5198	    0.1077		
    0.0140	    1.0000	   -5.8304	    615.71	    4.5248	    0.1071		
    0.0140	    1.2000	   -5.9474	    578.07	    4.5322	    0.1062		
    0.0140	    1.4000	   -6.0332	    552.04	    4.5380	    0.1055		
    0.0140	    1.6000	   -6.1077	    530.33	    4.5428	    0.1049		
    0.0140	    1.9000	   -6.1934	    506.55	    4.5487	    0.1042		
    0.0140	    2.2000	   -6.2679	    486.63	    4.5536	    0.1036		
    0.0140	    2.5000	   -6.3482	    465.76	    4.5577	    0.1031		
    0.0140	    2.9000	   -6.4529	    439.59	    4.5620	    0.1026		
    0.0140	    3.4000	   -6.5602	    414.27	    4.5662	    0.1021		
    0.0140	    4.0000	   -6.6431	    395.86	    4.5702	    0.1016		
    0.0140	    4.6000	   -6.6880	    386.54	    4.5737	    0.1012		
    0.0140	    5.3000	   -6.7379	    376.39	    4.5773	    0.1008		
    0.0140	    6.2000	   -6.7902	    366.08	    4.5814	    0.1003		
    0.0140	    7.2000	   -6.8463	    355.29	    4.5855	    0.0999		
    0.0140	    8.3000	   -6.9007	    345.09	    4.5893	    0.0994		
    0.0140	    9.7000	   -6.9630	    333.76	    4.5936	    0.0989		
    0.0140	   10.0000	   -6.9749	    331.64	    4.5944	    0.0988		
    0.0140	   11.0000	   -7.0131	    324.91	    4.5971	    0.0985		
    0.0140	   13.0000	   -7.0790	    313.64	    4.6017	    0.0980		
    0.0140	   15.0000	   -7.1430	    303.00	    4.6057	    0.0976		
0.0145 M_Sun, 15.19 M_Jup 	
    0.0145	    0.0010	   -2.4960	   2228.44	    3.4402	    0.3799		
    0.0145	    0.0013	   -2.5720	   2231.86	    3.5188	    0.3470		
    0.0145	    0.0017	   -2.6578	   2223.68	    3.5982	    0.3167		
    0.0145	    0.0020	   -2.7098	   2217.59	    3.6454	    0.2999		
    0.0145	    0.0023	   -2.7554	   2210.48	    3.6855	    0.2864		
    0.0145	    0.0027	   -2.8076	   2201.69	    3.7308	    0.2719		
    0.0145	    0.0031	   -2.8531	   2192.61	    3.7691	    0.2601		
    0.0145	    0.0036	   -2.9028	   2181.17	    3.8097	    0.2482		
    0.0145	    0.0042	   -2.9542	   2167.54	    3.8502	    0.2369		
    0.0145	    0.0049	   -3.0099	   2145.16	    3.8879	    0.2269		
    0.0145	    0.0057	   -3.0648	   2118.42	    3.9210	    0.2184		
    0.0145	    0.0066	   -3.1144	   2090.78	    3.9478	    0.2118		
    0.0145	    0.0076	   -3.1598	   2060.62	    3.9680	    0.2069		
    0.0145	    0.0088	   -3.1964	   2035.10	    3.9829	    0.2034		
    0.0145	    0.0100	   -3.2189	   2019.60	    3.9921	    0.2012		
    0.0145	    0.0120	   -3.2423	   2002.76	    4.0009	    0.1992		
    0.0145	    0.0140	   -3.2567	   1992.60	    4.0065	    0.1979		
    0.0145	    0.0160	   -3.2685	   1984.40	    4.0112	    0.1969		
    0.0145	    0.0190	   -3.2860	   1972.08	    4.0178	    0.1954		
    0.0145	    0.0220	   -3.3035	   1960.04	    4.0247	    0.1938		
    0.0145	    0.0250	   -3.3227	   1946.88	    4.0322	    0.1922		
    0.0145	    0.0290	   -3.3515	   1927.09	    4.0432	    0.1897		
    0.0145	    0.0340	   -3.3942	   1897.47	    4.0591	    0.1863		
    0.0145	    0.0390	   -3.4476	   1859.87	    4.0777	    0.1824		
    0.0145	    0.0450	   -3.5310	   1800.09	    4.1044	    0.1768		
    0.0145	    0.0530	   -3.6957	   1677.39	    4.1461	    0.1685		
    0.0145	    0.0610	   -3.8871	   1537.48	    4.1864	    0.1609		
    0.0145	    0.0710	   -4.0758	   1411.50	    4.2265	    0.1536		
    0.0145	    0.0820	   -4.2253	   1317.41	    4.2563	    0.1485		
    0.0145	    0.0960	   -4.2915	   1288.83	    4.2845	    0.1437		
    0.0145	    0.1000	   -4.3040	   1284.95	    4.2918	    0.1425		
    0.0145	    0.1100	   -4.3326	   1276.60	    4.3089	    0.1397		
    0.0145	    0.1300	   -4.3874	   1258.84	    4.3394	    0.1349		
    0.0145	    0.1500	   -4.4390	   1240.42	    4.3654	    0.1309		
    0.0145	    0.1700	   -4.4867	   1222.54	    4.3879	    0.1276		
    0.0145	    0.2000	   -4.5711	   1183.87	    4.4163	    0.1235		
    0.0145	    0.2300	   -4.7149	   1103.02	    4.4373	    0.1205		
    0.0145	    0.2700	   -4.8629	   1024.42	    4.4569	    0.1178		
    0.0145	    0.3100	   -4.9826	    963.98	    4.4710	    0.1159		
    0.0145	    0.3700	   -5.1258	    895.57	    4.4863	    0.1139		
    0.0145	    0.4200	   -5.2223	    851.84	    4.4958	    0.1127		
    0.0145	    0.4900	   -5.3352	    803.06	    4.5063	    0.1113		
    0.0145	    0.5700	   -5.4406	    759.79	    4.5155	    0.1102		
    0.0145	    0.6600	   -5.5380	    721.71	    4.5236	    0.1091		
    0.0145	    0.7700	   -5.6377	    684.52	    4.5314	    0.1082		
    0.0145	    0.8900	   -5.7282	    652.30	    4.5382	    0.1073		
    0.0145	    1.0000	   -5.7967	    628.92	    4.5432	    0.1067		
    0.0145	    1.2000	   -5.9067	    592.92	    4.5508	    0.1058		
    0.0145	    1.4000	   -6.0002	    563.72	    4.5566	    0.1051		
    0.0145	    1.6000	   -6.0742	    541.72	    4.5614	    0.1045		
    0.0145	    1.9000	   -6.1653	    515.79	    4.5673	    0.1038		
    0.0145	    2.2000	   -6.2358	    496.66	    4.5722	    0.1032		
    0.0145	    2.5000	   -6.3036	    478.79	    4.5763	    0.1027		
    0.0145	    2.9000	   -6.4020	    453.60	    4.5809	    0.1022		
    0.0145	    3.4000	   -6.5101	    427.34	    4.5853	    0.1016		
    0.0145	    4.0000	   -6.6138	    403.52	    4.5894	    0.1012		
    0.0145	    4.6000	   -6.6664	    392.26	    4.5928	    0.1008		
    0.0145	    5.3000	   -6.7171	    381.76	    4.5964	    0.1004		
    0.0145	    6.2000	   -6.7694	    371.29	    4.6004	    0.0999		
    0.0145	    7.2000	   -6.8246	    360.49	    4.6044	    0.0994		
    0.0145	    8.3000	   -6.8783	    350.29	    4.6081	    0.0990		
    0.0145	    9.7000	   -6.9396	    338.96	    4.6124	    0.0985		
    0.0145	   10.0000	   -6.9505	    337.01	    4.6132	    0.0984		
    0.0145	   11.0000	   -6.9890	    330.12	    4.6158	    0.0981		
    0.0145	   13.0000	   -7.0579	    318.12	    4.6204	    0.0976		
    0.0145	   15.0000	   -7.1179	    308.00	    4.6243	    0.0972		
0.015 M_Sun, 15.71 M_Jup 	
    0.0150	    0.0010	   -2.4759	   2233.65	    3.4389	    0.3870		
    0.0150	    0.0013	   -2.5500	   2239.65	    3.5176	    0.3534		
    0.0150	    0.0017	   -2.6359	   2231.74	    3.5974	    0.3224		
    0.0150	    0.0020	   -2.6876	   2226.38	    3.6449	    0.3053		
    0.0150	    0.0023	   -2.7327	   2220.28	    3.6852	    0.2914		
    0.0150	    0.0027	   -2.7844	   2212.23	    3.7306	    0.2766		
    0.0150	    0.0031	   -2.8279	   2205.90	    3.7692	    0.2646		
    0.0150	    0.0036	   -2.8746	   2198.57	    3.8100	    0.2524		
    0.0150	    0.0042	   -2.9240	   2187.30	    3.8505	    0.2409		
    0.0150	    0.0049	   -2.9747	   2170.65	    3.8879	    0.2308		
    0.0150	    0.0057	   -3.0247	   2148.35	    3.9200	    0.2224		
    0.0150	    0.0066	   -3.0673	   2126.74	    3.9451	    0.2161		
    0.0150	    0.0076	   -3.0993	   2109.85	    3.9632	    0.2116		
    0.0150	    0.0088	   -3.1257	   2093.77	    3.9763	    0.2084		
    0.0150	    0.0100	   -3.1440	   2081.23	    3.9842	    0.2065		
    0.0150	    0.0120	   -3.1628	   2068.23	    3.9920	    0.2047		
    0.0150	    0.0140	   -3.1762	   2059.01	    3.9977	    0.2034		
    0.0150	    0.0160	   -3.1897	   2049.15	    4.0029	    0.2021		
    0.0150	    0.0190	   -3.2105	   2034.15	    4.0109	    0.2003		
    0.0150	    0.0220	   -3.2333	   2017.70	    4.0196	    0.1983		
    0.0150	    0.0250	   -3.2592	   1999.02	    4.0293	    0.1961		
    0.0150	    0.0290	   -3.2972	   1972.71	    4.0443	    0.1927		
    0.0150	    0.0340	   -3.3573	   1930.97	    4.0673	    0.1877		
    0.0150	    0.0390	   -3.4377	   1874.52	    4.0961	    0.1816		
    0.0150	    0.0450	   -3.5751	   1774.80	    4.1385	    0.1729		
    0.0150	    0.0530	   -3.8264	   1585.24	    4.1935	    0.1623		
    0.0150	    0.0610	   -3.9882	   1475.28	    4.2305	    0.1555		
    0.0150	    0.0710	   -4.1412	   1375.32	    4.2616	    0.1501		
    0.0150	    0.0820	   -4.2614	   1301.17	    4.2856	    0.1460		
    0.0150	    0.0960	   -4.3060	   1286.40	    4.3104	    0.1419		
    0.0150	    0.1000	   -4.3166	   1283.44	    4.3170	    0.1408		
    0.0150	    0.1100	   -4.3428	   1275.54	    4.3325	    0.1383		
    0.0150	    0.1300	   -4.3924	   1259.65	    4.3602	    0.1340		
    0.0150	    0.1500	   -4.4404	   1242.36	    4.3843	    0.1303		
    0.0150	    0.1700	   -4.4842	   1226.16	    4.4053	    0.1272		
    0.0150	    0.2000	   -4.5499	   1199.25	    4.4324	    0.1233		
    0.0150	    0.2300	   -4.6837	   1123.86	    4.4534	    0.1203		
    0.0150	    0.2700	   -4.8294	   1045.31	    4.4731	    0.1176		
    0.0150	    0.3100	   -4.9460	    985.51	    4.4875	    0.1157		
    0.0150	    0.3700	   -5.0906	    914.98	    4.5031	    0.1137		
    0.0150	    0.4200	   -5.1864	    870.73	    4.5128	    0.1124		
    0.0150	    0.4900	   -5.2983	    821.44	    4.5235	    0.1110		
    0.0150	    0.5700	   -5.4039	    777.15	    4.5328	    0.1098		
    0.0150	    0.6600	   -5.5011	    738.35	    4.5410	    0.1088		
    0.0150	    0.7700	   -5.6008	    700.39	    4.5490	    0.1078		
    0.0150	    0.8900	   -5.6923	    667.10	    4.5559	    0.1070		
    0.0150	    1.0000	   -5.7625	    642.58	    4.5610	    0.1063		
    0.0150	    1.2000	   -5.8696	    606.82	    4.5687	    0.1054		
    0.0150	    1.4000	   -5.9688	    575.07	    4.5746	    0.1047		
    0.0150	    1.6000	   -6.0400	    553.56	    4.5795	    0.1041		
    0.0150	    1.9000	   -6.1358	    525.63	    4.5854	    0.1034		
    0.0150	    2.2000	   -6.2057	    506.33	    4.5903	    0.1028		
    0.0150	    2.5000	   -6.2691	    489.35	    4.5944	    0.1023		
    0.0150	    2.9000	   -6.3565	    466.59	    4.5991	    0.1018		
    0.0150	    3.4000	   -6.4643	    439.66	    4.6037	    0.1012		
    0.0150	    4.0000	   -6.5681	    415.20	    4.6080	    0.1007		
    0.0150	    4.6000	   -6.6440	    398.23	    4.6114	    0.1003		
    0.0150	    5.3000	   -6.6928	    387.98	    4.6149	    0.0999		
    0.0150	    6.2000	   -6.7478	    376.74	    4.6189	    0.0995		
    0.0150	    7.2000	   -6.8016	    366.07	    4.6228	    0.0990		
    0.0150	    8.3000	   -6.8543	    355.89	    4.6264	    0.0986		
    0.0150	    9.7000	   -6.9146	    344.59	    4.6306	    0.0981		
    0.0150	   10.0000	   -6.9281	    342.07	    4.6314	    0.0980		
    0.0150	   11.0000	   -6.9669	    335.00	    4.6340	    0.0978		
    0.0150	   13.0000	   -7.0336	    323.21	    4.6385	    0.0972		
    0.0150	   15.0000	   -7.0933	    313.00	    4.6423	    0.0968		
0.0155 M_Sun, 16.24 M_Jup 	
    0.0155	    0.0010	   -2.4559	   2239.40	    3.4376	    0.3940		
    0.0155	    0.0013	   -2.5294	   2246.49	    3.5165	    0.3597		
    0.0155	    0.0017	   -2.6147	   2239.72	    3.5966	    0.3281		
    0.0155	    0.0020	   -2.6659	   2235.16	    3.6443	    0.3105		
    0.0155	    0.0023	   -2.7104	   2230.14	    3.6848	    0.2964		
    0.0155	    0.0027	   -2.7619	   2222.57	    3.7305	    0.2812		
    0.0155	    0.0031	   -2.8049	   2216.98	    3.7691	    0.2690		
    0.0155	    0.0036	   -2.8500	   2211.50	    3.8099	    0.2566		
    0.0155	    0.0042	   -2.8962	   2203.86	    3.8501	    0.2450		
    0.0155	    0.0049	   -2.9410	   2193.76	    3.8868	    0.2349		
    0.0155	    0.0057	   -2.9847	   2177.51	    3.9176	    0.2267		
    0.0155	    0.0066	   -3.0220	   2159.73	    3.9407	    0.2207		
    0.0155	    0.0076	   -3.0487	   2146.28	    3.9566	    0.2167		
    0.0155	    0.0088	   -3.0677	   2136.52	    3.9676	    0.2140		
    0.0155	    0.0100	   -3.0799	   2129.92	    3.9745	    0.2123		
    0.0155	    0.0120	   -3.0941	   2121.92	    3.9821	    0.2105		
    0.0155	    0.0140	   -3.1060	   2115.24	    3.9886	    0.2089		
    0.0155	    0.0160	   -3.1183	   2108.20	    3.9950	    0.2074		
    0.0155	    0.0190	   -3.1412	   2093.05	    4.0055	    0.2049		
    0.0155	    0.0220	   -3.1705	   2071.64	    4.0169	    0.2022		
    0.0155	    0.0250	   -3.2041	   2047.25	    4.0299	    0.1992		
    0.0155	    0.0290	   -3.2590	   2007.37	    4.0506	    0.1945		
    0.0155	    0.0340	   -3.3479	   1945.08	    4.0847	    0.1870		
    0.0155	    0.0390	   -3.4763	   1854.44	    4.1302	    0.1775		
    0.0155	    0.0450	   -3.6816	   1701.33	    4.1857	    0.1665		
    0.0155	    0.0530	   -3.9003	   1540.21	    4.2317	    0.1579		
    0.0155	    0.0610	   -4.0366	   1448.55	    4.2613	    0.1526		
    0.0155	    0.0710	   -4.1708	   1361.28	    4.2877	    0.1480		
    0.0155	    0.0820	   -4.2726	   1299.54	    4.3089	    0.1445		
    0.0155	    0.0960	   -4.3113	   1287.55	    4.3315	    0.1408		
    0.0155	    0.1000	   -4.3220	   1284.20	    4.3376	    0.1398		
    0.0155	    0.1100	   -4.3462	   1276.88	    4.3519	    0.1375		
    0.0155	    0.1300	   -4.3923	   1262.03	    4.3777	    0.1335		
    0.0155	    0.1500	   -4.4371	   1246.02	    4.4003	    0.1300		
    0.0155	    0.1700	   -4.4774	   1231.49	    4.4203	    0.1271		
    0.0155	    0.2000	   -4.5365	   1208.25	    4.4462	    0.1233		
    0.0155	    0.2300	   -4.6437	   1150.02	    4.4676	    0.1203		
    0.0155	    0.2700	   -4.7899	   1069.65	    4.4879	    0.1176		
    0.0155	    0.3100	   -4.9057	   1009.22	    4.5027	    0.1156		
    0.0155	    0.3700	   -5.0496	    937.63	    4.5188	    0.1135		
    0.0155	    0.4200	   -5.1467	    891.78	    4.5288	    0.1122		
    0.0155	    0.4900	   -5.2596	    840.95	    4.5397	    0.1108		
    0.0155	    0.5700	   -5.3643	    796.12	    4.5493	    0.1095		
    0.0155	    0.6600	   -5.4641	    755.30	    4.5577	    0.1085		
    0.0155	    0.7700	   -5.5643	    716.35	    4.5658	    0.1075		
    0.0155	    0.8900	   -5.6555	    682.43	    4.5728	    0.1066		
    0.0155	    1.0000	   -5.7274	    656.78	    4.5781	    0.1060		
    0.0155	    1.2000	   -5.8352	    620.00	    4.5858	    0.1050		
    0.0155	    1.4000	   -5.9294	    589.33	    4.5919	    0.1043		
    0.0155	    1.6000	   -6.0098	    564.28	    4.5968	    0.1037		
    0.0155	    1.9000	   -6.1032	    536.59	    4.6028	    0.1030		
    0.0155	    2.2000	   -6.1790	    515.11	    4.6078	    0.1024		
    0.0155	    2.5000	   -6.2367	    499.49	    4.6119	    0.1019		
    0.0155	    2.9000	   -6.3150	    478.80	    4.6167	    0.1014		
    0.0155	    3.4000	   -6.4169	    452.75	    4.6214	    0.1008		
    0.0155	    4.0000	   -6.5218	    427.34	    4.6259	    0.1003		
    0.0155	    4.6000	   -6.6086	    407.34	    4.6294	    0.0999		
    0.0155	    5.3000	   -6.6696	    394.05	    4.6329	    0.0995		
    0.0155	    6.2000	   -6.7250	    382.54	    4.6368	    0.0990		
    0.0155	    7.2000	   -6.7792	    371.60	    4.6406	    0.0986		
    0.0155	    8.3000	   -6.8335	    360.92	    4.6443	    0.0982		
    0.0155	    9.7000	   -6.8943	    349.34	    4.6484	    0.0977		
    0.0155	   10.0000	   -6.9071	    346.94	    4.6492	    0.0976		
    0.0155	   11.0000	   -6.9431	    340.30	    4.6517	    0.0974		
    0.0155	   13.0000	   -7.0142	    327.50	    4.6561	    0.0969		
    0.0155	   15.0000	   -7.0691	    318.00	    4.6599	    0.0964		
0.016 M_Sun, 16.76 M_Jup 	
    0.0160	    0.0010	   -2.4367	   2244.76	    3.4362	    0.4009		
    0.0160	    0.0013	   -2.5084	   2254.38	    3.5154	    0.3660		
    0.0160	    0.0017	   -2.5940	   2247.57	    3.5958	    0.3336		
    0.0160	    0.0020	   -2.6456	   2242.99	    3.6438	    0.3157		
    0.0160	    0.0023	   -2.6895	   2238.73	    3.6844	    0.3013		
    0.0160	    0.0027	   -2.7403	   2232.33	    3.7303	    0.2858		
    0.0160	    0.0031	   -2.7828	   2227.40	    3.7689	    0.2733		
    0.0160	    0.0036	   -2.8268	   2223.16	    3.8096	    0.2608		
    0.0160	    0.0042	   -2.8713	   2216.79	    3.8491	    0.2492		
    0.0160	    0.0049	   -2.9123	   2209.94	    3.8847	    0.2392		
    0.0160	    0.0057	   -2.9472	   2202.49	    3.9138	    0.2313		
    0.0160	    0.0066	   -2.9768	   2191.78	    3.9349	    0.2258		
    0.0160	    0.0076	   -2.9982	   2182.34	    3.9488	    0.2222		
    0.0160	    0.0088	   -3.0142	   2174.17	    3.9583	    0.2198		
    0.0160	    0.0100	   -3.0239	   2169.66	    3.9644	    0.2182		
    0.0160	    0.0120	   -3.0372	   2162.64	    3.9720	    0.2163		
    0.0160	    0.0140	   -3.0496	   2156.03	    3.9791	    0.2146		
    0.0160	    0.0160	   -3.0629	   2149.03	    3.9868	    0.2127		
    0.0160	    0.0190	   -3.0864	   2135.78	    3.9995	    0.2096		
    0.0160	    0.0220	   -3.1172	   2116.55	    4.0146	    0.2060		
    0.0160	    0.0250	   -3.1580	   2089.45	    4.0330	    0.2017		
    0.0160	    0.0290	   -3.2386	   2030.34	    4.0638	    0.1946		
    0.0160	    0.0340	   -3.3754	   1933.53	    4.1157	    0.1834		
    0.0160	    0.0390	   -3.5530	   1804.59	    4.1733	    0.1716		
    0.0160	    0.0450	   -3.7520	   1653.42	    4.2205	    0.1625		
    0.0160	    0.0530	   -3.9268	   1527.96	    4.2580	    0.1556		
    0.0160	    0.0610	   -4.0506	   1444.63	    4.2845	    0.1510		
    0.0160	    0.0710	   -4.1761	   1362.57	    4.3085	    0.1469		
    0.0160	    0.0820	   -4.2770	   1300.37	    4.3282	    0.1436		
    0.0160	    0.0960	   -4.3131	   1289.15	    4.3492	    0.1401		
    0.0160	    0.1000	   -4.3224	   1286.45	    4.3548	    0.1392		
    0.0160	    0.1100	   -4.3453	   1279.44	    4.3682	    0.1371		
    0.0160	    0.1300	   -4.3891	   1265.15	    4.3926	    0.1333		
    0.0160	    0.1500	   -4.4307	   1250.59	    4.4141	    0.1300		
    0.0160	    0.1700	   -4.4686	   1237.13	    4.4332	    0.1272		
    0.0160	    0.2000	   -4.5249	   1215.06	    4.4582	    0.1236		
    0.0160	    0.2300	   -4.5954	   1181.36	    4.4797	    0.1206		
    0.0160	    0.2700	   -4.7437	   1098.22	    4.5013	    0.1176		
    0.0160	    0.3100	   -4.8623	   1034.90	    4.5168	    0.1155		
    0.0160	    0.3700	   -5.0057	    962.11	    4.5335	    0.1133		
    0.0160	    0.4200	   -5.1051	    914.08	    4.5439	    0.1120		
    0.0160	    0.4900	   -5.2186	    861.83	    4.5552	    0.1105		
    0.0160	    0.5700	   -5.3249	    815.29	    4.5650	    0.1093		
    0.0160	    0.6600	   -5.4254	    773.33	    4.5737	    0.1082		
    0.0160	    0.7700	   -5.5276	    732.65	    4.5821	    0.1072		
    0.0160	    0.8900	   -5.6185	    698.16	    4.5892	    0.1063		
    0.0160	    1.0000	   -5.6916	    671.48	    4.5947	    0.1056		
    0.0160	    1.2000	   -5.7991	    634.05	    4.6025	    0.1047		
    0.0160	    1.4000	   -5.8883	    604.49	    4.6087	    0.1039		
    0.0160	    1.6000	   -5.9780	    575.72	    4.6137	    0.1033		
    0.0160	    1.9000	   -6.0666	    549.01	    4.6198	    0.1026		
    0.0160	    2.2000	   -6.1530	    523.89	    4.6248	    0.1020		
    0.0160	    2.5000	   -6.2093	    508.38	    4.6289	    0.1015		
    0.0160	    2.9000	   -6.2820	    488.87	    4.6337	    0.1010		
    0.0160	    3.4000	   -6.3731	    465.19	    4.6386	    0.1004		
    0.0160	    4.0000	   -6.4804	    438.51	    4.6432	    0.0999		
    0.0160	    4.6000	   -6.5650	    418.54	    4.6469	    0.0995		
    0.0160	    5.3000	   -6.6486	    399.68	    4.6504	    0.0991		
    0.0160	    6.2000	   -6.7035	    388.12	    4.6542	    0.0986		
    0.0160	    7.2000	   -6.7579	    376.96	    4.6580	    0.0982		
    0.0160	    8.3000	   -6.8125	    366.07	    4.6616	    0.0978		
    0.0160	    9.7000	   -6.8707	    354.82	    4.6656	    0.0973		
    0.0160	   10.0000	   -6.8840	    352.28	    4.6664	    0.0973		
    0.0160	   11.0000	   -6.9216	    345.22	    4.6689	    0.0970		
    0.0160	   13.0000	   -6.9901	    332.72	    4.6733	    0.0965		
    0.0160	   15.0000	   -7.0507	    322.00	    4.6770	    0.0961		
0.0165 M_Sun, 17.28 M_Jup 	
    0.0165	    0.0010	   -2.4181	   2249.51	    3.4348	    0.4078		
    0.0165	    0.0013	   -2.4884	   2261.46	    3.5142	    0.3722		
    0.0165	    0.0017	   -2.5736	   2255.64	    3.5949	    0.3391		
    0.0165	    0.0020	   -2.6244	   2252.10	    3.6431	    0.3208		
    0.0165	    0.0023	   -2.6686	   2247.86	    3.6839	    0.3061		
    0.0165	    0.0027	   -2.7193	   2241.78	    3.7299	    0.2903		
    0.0165	    0.0031	   -2.7614	   2237.34	    3.7686	    0.2777		
    0.0165	    0.0036	   -2.8043	   2234.10	    3.8090	    0.2650		
    0.0165	    0.0042	   -2.8466	   2229.74	    3.8478	    0.2534		
    0.0165	    0.0049	   -2.8846	   2224.71	    3.8820	    0.2437		
    0.0165	    0.0057	   -2.9158	   2219.21	    3.9089	    0.2363		
    0.0165	    0.0066	   -2.9380	   2214.87	    3.9276	    0.2312		
    0.0165	    0.0076	   -2.9533	   2210.73	    3.9397	    0.2280		
    0.0165	    0.0088	   -2.9644	   2207.53	    3.9483	    0.2258		
    0.0165	    0.0100	   -2.9725	   2204.77	    3.9542	    0.2242		
    0.0165	    0.0120	   -2.9846	   2199.77	    3.9624	    0.2221		
    0.0165	    0.0140	   -2.9975	   2193.78	    3.9706	    0.2201		
    0.0165	    0.0160	   -3.0122	   2186.57	    3.9795	    0.2178		
    0.0165	    0.0190	   -3.0388	   2172.73	    3.9951	    0.2139		
    0.0165	    0.0220	   -3.0763	   2150.00	    4.0143	    0.2092		
    0.0165	    0.0250	   -3.1275	   2117.74	    4.0393	    0.2033		
    0.0165	    0.0290	   -3.2381	   2038.85	    4.0838	    0.1932		
    0.0165	    0.0340	   -3.4282	   1903.68	    4.1547	    0.1780		
    0.0165	    0.0390	   -3.6044	   1772.13	    4.2066	    0.1677		
    0.0165	    0.0450	   -3.7834	   1635.62	    4.2463	    0.1602		
    0.0165	    0.0530	   -3.9365	   1526.92	    4.2800	    0.1541		
    0.0165	    0.0610	   -4.0515	   1449.29	    4.3044	    0.1498		
    0.0165	    0.0710	   -4.1716	   1370.15	    4.3269	    0.1460		
    0.0165	    0.0820	   -4.2774	   1303.13	    4.3456	    0.1429		
    0.0165	    0.0960	   -4.3136	   1290.77	    4.3653	    0.1397		
    0.0165	    0.1000	   -4.3225	   1288.09	    4.3706	    0.1388		
    0.0165	    0.1100	   -4.3431	   1282.22	    4.3832	    0.1368		
    0.0165	    0.1300	   -4.3829	   1269.95	    4.4064	    0.1332		
    0.0165	    0.1500	   -4.4227	   1255.99	    4.4269	    0.1301		
    0.0165	    0.1700	   -4.4598	   1242.52	    4.4452	    0.1274		
    0.0165	    0.2000	   -4.5117	   1222.96	    4.4696	    0.1239		
    0.0165	    0.2300	   -4.5620	   1202.66	    4.4908	    0.1209		
    0.0165	    0.2700	   -4.6945	   1128.95	    4.5134	    0.1178		
    0.0165	    0.3100	   -4.8150	   1063.19	    4.5296	    0.1156		
    0.0165	    0.3700	   -4.9590	    988.61	    4.5473	    0.1133		
    0.0165	    0.4200	   -5.0602	    938.52	    4.5582	    0.1119		
    0.0165	    0.4900	   -5.1752	    884.34	    4.5699	    0.1104		
    0.0165	    0.5700	   -5.2843	    835.44	    4.5802	    0.1091		
    0.0165	    0.6600	   -5.3867	    791.70	    4.5892	    0.1080		
    0.0165	    0.7700	   -5.4878	    750.63	    4.5977	    0.1069		
    0.0165	    0.8900	   -5.5808	    714.50	    4.6050	    0.1060		
    0.0165	    1.0000	   -5.6539	    687.25	    4.6106	    0.1053		
    0.0165	    1.2000	   -5.7654	    647.48	    4.6186	    0.1044		
    0.0165	    1.4000	   -5.8558	    616.92	    4.6249	    0.1036		
    0.0165	    1.6000	   -5.9364	    590.70	    4.6301	    0.1030		
    0.0165	    1.9000	   -6.0351	    560.05	    4.6362	    0.1023		
    0.0165	    2.2000	   -6.1190	    535.21	    4.6413	    0.1017		
    0.0165	    2.5000	   -6.1841	    516.73	    4.6454	    0.1012		
    0.0165	    2.9000	   -6.2510	    498.58	    4.6502	    0.1006		
    0.0165	    3.4000	   -6.3354	    476.31	    4.6552	    0.1001		
    0.0165	    4.0000	   -6.4395	    449.83	    4.6600	    0.0995		
    0.0165	    4.6000	   -6.5263	    428.85	    4.6638	    0.0991		
    0.0165	    5.3000	   -6.6098	    409.58	    4.6674	    0.0987		
    0.0165	    6.2000	   -6.6824	    393.68	    4.6712	    0.0982		
    0.0165	    7.2000	   -6.7382	    382.05	    4.6749	    0.0978		
    0.0165	    8.3000	   -6.7888	    371.84	    4.6785	    0.0974		
    0.0165	    9.7000	   -6.8500	    359.81	    4.6825	    0.0970		
    0.0165	   10.0000	   -6.8610	    357.69	    4.6833	    0.0969		
    0.0165	   11.0000	   -6.9025	    349.74	    4.6857	    0.0966		
    0.0165	   13.0000	   -6.9666	    337.91	    4.6901	    0.0961		
    0.0165	   15.0000	   -7.0273	    327.00	    4.6938	    0.0957		
0.017 M_Sun, 17.81 M_Jup 	
    0.0170	    0.0010	   -2.4004	   2253.83	    3.4334	    0.4146		
    0.0170	    0.0013	   -2.4687	   2268.80	    3.5131	    0.3782		
    0.0170	    0.0017	   -2.5542	   2263.02	    3.5942	    0.3445		
    0.0170	    0.0020	   -2.6051	   2259.45	    3.6423	    0.3259		
    0.0170	    0.0023	   -2.6486	   2256.21	    3.6834	    0.3109		
    0.0170	    0.0027	   -2.6990	   2250.72	    3.7295	    0.2948		
    0.0170	    0.0031	   -2.7400	   2247.62	    3.7681	    0.2820		
    0.0170	    0.0036	   -2.7819	   2245.31	    3.8082	    0.2693		
    0.0170	    0.0042	   -2.8226	   2241.88	    3.8463	    0.2577		
    0.0170	    0.0049	   -2.8576	   2238.53	    3.8787	    0.2483		
    0.0170	    0.0057	   -2.8854	   2234.25	    3.9032	    0.2414		
    0.0170	    0.0066	   -2.9036	   2232.05	    3.9196	    0.2368		
    0.0170	    0.0076	   -2.9156	   2229.93	    3.9301	    0.2340		
    0.0170	    0.0088	   -2.9248	   2228.00	    3.9377	    0.2320		
    0.0170	    0.0100	   -2.9313	   2227.00	    3.9434	    0.2304		
    0.0170	    0.0120	   -2.9425	   2223.90	    3.9522	    0.2281		
    0.0170	    0.0140	   -2.9544	   2220.54	    3.9615	    0.2257		
    0.0170	    0.0160	   -2.9683	   2216.22	    3.9720	    0.2230		
    0.0170	    0.0190	   -2.9957	   2205.66	    3.9911	    0.2181		
    0.0170	    0.0220	   -3.0415	   2179.16	    4.0159	    0.2120		
    0.0170	    0.0250	   -3.1090	   2136.51	    4.0490	    0.2041		
    0.0170	    0.0290	   -3.2634	   2027.97	    4.1128	    0.1896		
    0.0170	    0.0340	   -3.4604	   1887.57	    4.1852	    0.1745		
    0.0170	    0.0390	   -3.6247	   1762.70	    4.2306	    0.1656		
    0.0170	    0.0450	   -3.7869	   1639.12	    4.2665	    0.1589		
    0.0170	    0.0530	   -3.9330	   1534.53	    4.2981	    0.1532		
    0.0170	    0.0610	   -4.0403	   1462.05	    4.3214	    0.1491		
    0.0170	    0.0710	   -4.1593	   1382.51	    4.3432	    0.1454		
    0.0170	    0.0820	   -4.2621	   1316.83	    4.3614	    0.1424		
    0.0170	    0.0960	   -4.3116	   1293.65	    4.3801	    0.1394		
    0.0170	    0.1000	   -4.3201	   1291.05	    4.3851	    0.1386		
    0.0170	    0.1100	   -4.3398	   1285.37	    4.3972	    0.1367		
    0.0170	    0.1300	   -4.3780	   1273.42	    4.4192	    0.1333		
    0.0170	    0.1500	   -4.4152	   1260.68	    4.4388	    0.1303		
    0.0170	    0.1700	   -4.4502	   1248.23	    4.4566	    0.1276		
    0.0170	    0.2000	   -4.4986	   1230.57	    4.4803	    0.1242		
    0.0170	    0.2300	   -4.5452	   1212.57	    4.5013	    0.1212		
    0.0170	    0.2700	   -4.6440	   1161.15	    4.5247	    0.1180		
    0.0170	    0.3100	   -4.7682	   1091.85	    4.5420	    0.1157		
    0.0170	    0.3700	   -4.9149	   1014.17	    4.5605	    0.1132		
    0.0170	    0.4200	   -5.0167	    962.75	    4.5719	    0.1118		
    0.0170	    0.4900	   -5.1347	    905.84	    4.5841	    0.1102		
    0.0170	    0.5700	   -5.2441	    855.78	    4.5947	    0.1089		
    0.0170	    0.6600	   -5.3474	    810.69	    4.6040	    0.1077		
    0.0170	    0.7700	   -5.4511	    767.55	    4.6128	    0.1066		
    0.0170	    0.8900	   -5.5454	    730.19	    4.6204	    0.1057		
    0.0170	    1.0000	   -5.6178	    702.67	    4.6260	    0.1050		
    0.0170	    1.2000	   -5.7304	    661.70	    4.6342	    0.1040		
    0.0170	    1.4000	   -5.8219	    630.08	    4.6407	    0.1033		
    0.0170	    1.6000	   -5.8977	    604.98	    4.6459	    0.1026		
    0.0170	    1.9000	   -6.0080	    569.85	    4.6522	    0.1019		
    0.0170	    2.2000	   -6.0796	    548.45	    4.6573	    0.1013		
    0.0170	    2.5000	   -6.1596	    525.02	    4.6616	    0.1008		
    0.0170	    2.9000	   -6.2243	    507.22	    4.6663	    0.1003		
    0.0170	    3.4000	   -6.3030	    486.15	    4.6713	    0.0997		
    0.0170	    4.0000	   -6.3978	    461.65	    4.6762	    0.0991		
    0.0170	    4.6000	   -6.4858	    439.82	    4.6801	    0.0987		
    0.0170	    5.3000	   -6.5707	    419.75	    4.6839	    0.0983		
    0.0170	    6.2000	   -6.6600	    399.63	    4.6878	    0.0978		
    0.0170	    7.2000	   -6.7132	    388.37	    4.6914	    0.0974		
    0.0170	    8.3000	   -6.7674	    377.22	    4.6950	    0.0970		
    0.0170	    9.7000	   -6.8263	    365.47	    4.6989	    0.0966		
    0.0170	   10.0000	   -6.8391	    362.95	    4.6997	    0.0965		
    0.0170	   11.0000	   -6.8773	    355.55	    4.7022	    0.0962		
    0.0170	   13.0000	   -6.9455	    342.71	    4.7064	    0.0957		
    0.0170	   15.0000	   -7.0043	    332.00	    4.7101	    0.0953		
0.0175 M_Sun, 18.33 M_Jup 	
    0.0175	    0.0010	   -2.3828	   2258.71	    3.4321	    0.4213		
    0.0175	    0.0013	   -2.4503	   2275.00	    3.5120	    0.3842		
    0.0175	    0.0017	   -2.5352	   2270.24	    3.5933	    0.3499		
    0.0175	    0.0020	   -2.5860	   2267.00	    3.6417	    0.3310		
    0.0175	    0.0023	   -2.6291	   2264.47	    3.6828	    0.3156		
    0.0175	    0.0027	   -2.6789	   2259.93	    3.7291	    0.2993		
    0.0175	    0.0031	   -2.7197	   2257.00	    3.7677	    0.2863		
    0.0175	    0.0036	   -2.7603	   2255.74	    3.8073	    0.2735		
    0.0175	    0.0042	   -2.7991	   2253.42	    3.8443	    0.2621		
    0.0175	    0.0049	   -2.8316	   2251.09	    3.8750	    0.2530		
    0.0175	    0.0057	   -2.8554	   2248.79	    3.8970	    0.2466		
    0.0175	    0.0066	   -2.8710	   2247.00	    3.9113	    0.2426		
    0.0175	    0.0076	   -2.8809	   2246.00	    3.9203	    0.2401		
    0.0175	    0.0088	   -2.8887	   2245.00	    3.9274	    0.2382		
    0.0175	    0.0100	   -2.8952	   2244.00	    3.9331	    0.2366		
    0.0175	    0.0120	   -2.9058	   2242.36	    3.9424	    0.2341		
    0.0175	    0.0140	   -2.9172	   2240.96	    3.9528	    0.2313		
    0.0175	    0.0160	   -2.9316	   2238.09	    3.9649	    0.2281		
    0.0175	    0.0190	   -2.9614	   2229.22	    3.9878	    0.2222		
    0.0175	    0.0220	   -3.0137	   2203.74	    4.0202	    0.2140		
    0.0175	    0.0250	   -3.1101	   2143.09	    4.0681	    0.2026		
    0.0175	    0.0290	   -3.3057	   2004.53	    4.1475	    0.1848		
    0.0175	    0.0340	   -3.4813	   1878.65	    4.2105	    0.1719		
    0.0175	    0.0390	   -3.6344	   1761.07	    4.2513	    0.1640		
    0.0175	    0.0450	   -3.7831	   1648.15	    4.2848	    0.1578		
    0.0175	    0.0530	   -3.9257	   1544.67	    4.3148	    0.1525		
    0.0175	    0.0610	   -4.0273	   1475.85	    4.3373	    0.1486		
    0.0175	    0.0710	   -4.1440	   1396.97	    4.3586	    0.1450		
    0.0175	    0.0820	   -4.2429	   1333.32	    4.3764	    0.1420		
    0.0175	    0.0960	   -4.3093	   1296.61	    4.3944	    0.1391		
    0.0175	    0.1000	   -4.3178	   1293.84	    4.3991	    0.1384		
    0.0175	    0.1100	   -4.3374	   1287.74	    4.4105	    0.1366		
    0.0175	    0.1300	   -4.3718	   1277.85	    4.4315	    0.1333		
    0.0175	    0.1500	   -4.4071	   1265.84	    4.4504	    0.1304		
    0.0175	    0.1700	   -4.4404	   1254.11	    4.4676	    0.1279		
    0.0175	    0.2000	   -4.4864	   1237.69	    4.4907	    0.1245		
    0.0175	    0.2300	   -4.5309	   1220.69	    4.5112	    0.1216		
    0.0175	    0.2700	   -4.5949	   1192.69	    4.5348	    0.1184		
    0.0175	    0.3100	   -4.7172	   1123.52	    4.5533	    0.1159		
    0.0175	    0.3700	   -4.8690	   1041.19	    4.5729	    0.1133		
    0.0175	    0.4200	   -4.9699	    989.26	    4.5849	    0.1117		
    0.0175	    0.4900	   -5.0924	    928.73	    4.5977	    0.1101		
    0.0175	    0.5700	   -5.2039	    876.55	    4.6087	    0.1087		
    0.0175	    0.6600	   -5.3069	    830.59	    4.6183	    0.1075		
    0.0175	    0.7700	   -5.4129	    785.58	    4.6274	    0.1064		
    0.0175	    0.8900	   -5.5086	    746.82	    4.6352	    0.1054		
    0.0175	    1.0000	   -5.5822	    718.21	    4.6410	    0.1047		
    0.0175	    1.2000	   -5.6974	    675.39	    4.6494	    0.1037		
    0.0175	    1.4000	   -5.7885	    643.30	    4.6560	    0.1029		
    0.0175	    1.6000	   -5.8648	    617.57	    4.6613	    0.1023		
    0.0175	    1.9000	   -5.9758	    581.50	    4.6678	    0.1016		
    0.0175	    2.2000	   -6.0516	    558.30	    4.6729	    0.1010		
    0.0175	    2.5000	   -6.1288	    535.37	    4.6772	    0.1005		
    0.0175	    2.9000	   -6.2034	    514.25	    4.6819	    0.0999		
    0.0175	    3.4000	   -6.2711	    496.06	    4.6870	    0.0993		
    0.0175	    4.0000	   -6.3610	    472.39	    4.6920	    0.0988		
    0.0175	    4.6000	   -6.4462	    450.84	    4.6960	    0.0983		
    0.0175	    5.3000	   -6.5338	    429.62	    4.6999	    0.0979		
    0.0175	    6.2000	   -6.6267	    408.17	    4.7039	    0.0974		
    0.0175	    7.2000	   -6.6914	    394.08	    4.7075	    0.0970		
    0.0175	    8.3000	   -6.7464	    382.58	    4.7111	    0.0966		
    0.0175	    9.7000	   -6.8074	    370.19	    4.7149	    0.0962		
    0.0175	   10.0000	   -6.8191	    367.88	    4.7157	    0.0961		
    0.0175	   11.0000	   -6.8572	    360.40	    4.7181	    0.0958		
    0.0175	   13.0000	   -6.9271	    347.03	    4.7223	    0.0954		
    0.0175	   15.0000	   -6.9868	    336.00	    4.7260	    0.0950		
0.018 M_Sun, 18.86 M_Jup 	
    0.0180	    0.0010	   -2.3658	   2263.28	    3.4308	    0.4279		
    0.0180	    0.0013	   -2.4317	   2281.87	    3.5109	    0.3902		
    0.0180	    0.0017	   -2.5170	   2277.03	    3.5926	    0.3552		
    0.0180	    0.0020	   -2.5675	   2274.44	    3.6410	    0.3359		
    0.0180	    0.0023	   -2.6103	   2272.36	    3.6823	    0.3203		
    0.0180	    0.0027	   -2.6601	   2267.87	    3.7286	    0.3037		
    0.0180	    0.0031	   -2.6999	   2266.00	    3.7670	    0.2905		
    0.0180	    0.0036	   -2.7390	   2266.00	    3.8061	    0.2777		
    0.0180	    0.0042	   -2.7757	   2265.00	    3.8420	    0.2665		
    0.0180	    0.0049	   -2.8053	   2263.68	    3.8706	    0.2579		
    0.0180	    0.0057	   -2.8264	   2262.00	    3.8904	    0.2521		
    0.0180	    0.0066	   -2.8395	   2261.19	    3.9029	    0.2485		
    0.0180	    0.0076	   -2.8477	   2261.00	    3.9109	    0.2462		
    0.0180	    0.0088	   -2.8550	   2260.00	    3.9175	    0.2443		
    0.0180	    0.0100	   -2.8616	   2259.05	    3.9233	    0.2427		
    0.0180	    0.0120	   -2.8723	   2258.00	    3.9333	    0.2399		
    0.0180	    0.0140	   -2.8846	   2257.00	    3.9448	    0.2368		
    0.0180	    0.0160	   -2.8994	   2255.60	    3.9586	    0.2330		
    0.0180	    0.0190	   -2.9311	   2249.80	    3.9857	    0.2259		
    0.0180	    0.0220	   -2.9942	   2221.11	    4.0265	    0.2155		
    0.0180	    0.0250	   -3.1159	   2146.53	    4.0889	    0.2006		
    0.0180	    0.0290	   -3.3076	   2010.34	    4.1668	    0.1834		
    0.0180	    0.0340	   -3.4724	   1892.36	    4.2265	    0.1712		
    0.0180	    0.0390	   -3.6224	   1775.71	    4.2659	    0.1636		
    0.0180	    0.0450	   -3.7575	   1674.20	    4.2987	    0.1575		
    0.0180	    0.0530	   -3.9075	   1562.36	    4.3287	    0.1522		
    0.0180	    0.0610	   -4.0050	   1496.01	    4.3508	    0.1484		
    0.0180	    0.0710	   -4.1188	   1418.43	    4.3721	    0.1448		
    0.0180	    0.0820	   -4.2185	   1353.14	    4.3898	    0.1418		
    0.0180	    0.0960	   -4.3069	   1299.05	    4.4075	    0.1390		
    0.0180	    0.1000	   -4.3150	   1296.40	    4.4120	    0.1383		
    0.0180	    0.1100	   -4.3333	   1290.87	    4.4228	    0.1365		
    0.0180	    0.1300	   -4.3664	   1281.20	    4.4429	    0.1334		
    0.0180	    0.1500	   -4.3995	   1270.33	    4.4612	    0.1307		
    0.0180	    0.1700	   -4.4310	   1259.52	    4.4778	    0.1282		
    0.0180	    0.2000	   -4.4748	   1244.15	    4.5004	    0.1249		
    0.0180	    0.2300	   -4.5173	   1228.18	    4.5205	    0.1220		
    0.0180	    0.2700	   -4.5692	   1208.21	    4.5438	    0.1188		
    0.0180	    0.3100	   -4.6639	   1157.12	    4.5634	    0.1162		
    0.0180	    0.3700	   -4.8200	   1070.52	    4.5844	    0.1134		
    0.0180	    0.4200	   -4.9241	   1015.63	    4.5971	    0.1117		
    0.0180	    0.4900	   -5.0470	    953.64	    4.6105	    0.1100		
    0.0180	    0.5700	   -5.1621	    898.44	    4.6221	    0.1086		
    0.0180	    0.6600	   -5.2662	    851.03	    4.6320	    0.1073		
    0.0180	    0.7700	   -5.3741	    804.16	    4.6415	    0.1062		
    0.0180	    0.8900	   -5.4715	    763.85	    4.6495	    0.1052		
    0.0180	    1.0000	   -5.5469	    733.89	    4.6555	    0.1045		
    0.0180	    1.2000	   -5.6617	    690.39	    4.6641	    0.1034		
    0.0180	    1.4000	   -5.7548	    656.88	    4.6708	    0.1026		
    0.0180	    1.6000	   -5.8334	    629.80	    4.6762	    0.1020		
    0.0180	    1.9000	   -5.9345	    596.49	    4.6829	    0.1012		
    0.0180	    2.2000	   -6.0269	    567.26	    4.6881	    0.1006		
    0.0180	    2.5000	   -6.0894	    548.60	    4.6925	    0.1001		
    0.0180	    2.9000	   -6.1825	    521.41	    4.6972	    0.0996		
    0.0180	    3.4000	   -6.2469	    503.88	    4.7023	    0.0990		
    0.0180	    4.0000	   -6.3273	    482.49	    4.7073	    0.0984		
    0.0180	    4.6000	   -6.4118	    460.69	    4.7115	    0.0979		
    0.0180	    5.3000	   -6.4942	    440.34	    4.7154	    0.0975		
    0.0180	    6.2000	   -6.5892	    417.92	    4.7195	    0.0970		
    0.0180	    7.2000	   -6.6687	    400.06	    4.7232	    0.0966		
    0.0180	    8.3000	   -6.7261	    387.84	    4.7268	    0.0962		
    0.0180	    9.7000	   -6.7865	    375.42	    4.7306	    0.0958		
    0.0180	   10.0000	   -6.7968	    373.36	    4.7313	    0.0957		
    0.0180	   11.0000	   -6.8364	    365.45	    4.7338	    0.0955		
    0.0180	   13.0000	   -6.9056	    352.03	    4.7379	    0.0950		
    0.0180	   15.0000	   -6.9645	    341.00	    4.7416	    0.0946		
0.0185 M_Sun, 19.38 M_Jup 	
    0.0185	    0.0010	   -2.3501	   2266.69	    3.4296	    0.4344		
    0.0185	    0.0013	   -2.4141	   2288.00	    3.5099	    0.3960		
    0.0185	    0.0017	   -2.4989	   2284.18	    3.5918	    0.3604		
    0.0185	    0.0020	   -2.5495	   2281.65	    3.6404	    0.3408		
    0.0185	    0.0023	   -2.5923	   2279.63	    3.6817	    0.3249		
    0.0185	    0.0027	   -2.6413	   2276.11	    3.7280	    0.3081		
    0.0185	    0.0031	   -2.6803	   2275.00	    3.7662	    0.2948		
    0.0185	    0.0036	   -2.7181	   2276.00	    3.8047	    0.2820		
    0.0185	    0.0042	   -2.7526	   2276.00	    3.8392	    0.2711		
    0.0185	    0.0049	   -2.7800	   2275.00	    3.8659	    0.2628		
    0.0185	    0.0057	   -2.7977	   2275.00	    3.8836	    0.2576		
    0.0185	    0.0066	   -2.8094	   2274.00	    3.8945	    0.2543		
    0.0185	    0.0076	   -2.8166	   2274.00	    3.9017	    0.2522		
    0.0185	    0.0088	   -2.8231	   2274.00	    3.9082	    0.2504		
    0.0185	    0.0100	   -2.8291	   2274.00	    3.9142	    0.2486		
    0.0185	    0.0120	   -2.8406	   2273.00	    3.9249	    0.2456		
    0.0185	    0.0140	   -2.8540	   2272.00	    3.9376	    0.2420		
    0.0185	    0.0160	   -2.8703	   2271.00	    3.9531	    0.2377		
    0.0185	    0.0190	   -2.9054	   2267.37	    3.9855	    0.2291		
    0.0185	    0.0220	   -2.9852	   2232.52	    4.0383	    0.2155		
    0.0185	    0.0250	   -3.1325	   2142.78	    4.1143	    0.1975		
    0.0185	    0.0290	   -3.3114	   2014.59	    4.1860	    0.1818		
    0.0185	    0.0340	   -3.4667	   1903.06	    4.2425	    0.1704		
    0.0185	    0.0390	   -3.6122	   1788.93	    4.2806	    0.1631		
    0.0185	    0.0450	   -3.7374	   1695.52	    4.3125	    0.1572		
    0.0185	    0.0530	   -3.8910	   1578.85	    4.3423	    0.1519		
    0.0185	    0.0610	   -3.9854	   1514.23	    4.3641	    0.1481		
    0.0185	    0.0710	   -4.0929	   1440.87	    4.3853	    0.1445		
    0.0185	    0.0820	   -4.1960	   1371.76	    4.4031	    0.1416		
    0.0185	    0.0960	   -4.3003	   1304.93	    4.4206	    0.1388		
    0.0185	    0.1000	   -4.3113	   1299.93	    4.4249	    0.1381		
    0.0185	    0.1100	   -4.3293	   1294.21	    4.4353	    0.1365		
    0.0185	    0.1300	   -4.3612	   1284.83	    4.4545	    0.1335		
    0.0185	    0.1500	   -4.3921	   1275.03	    4.4722	    0.1308		
    0.0185	    0.1700	   -4.4225	   1264.68	    4.4884	    0.1284		
    0.0185	    0.2000	   -4.4638	   1250.62	    4.5103	    0.1252		
    0.0185	    0.2300	   -4.5044	   1235.54	    4.5298	    0.1224		
    0.0185	    0.2700	   -4.5548	   1216.26	    4.5529	    0.1192		
    0.0185	    0.3100	   -4.6133	   1189.60	    4.5728	    0.1165		
    0.0185	    0.3700	   -4.7705	   1100.79	    4.5952	    0.1135		
    0.0185	    0.4200	   -4.8777	   1042.91	    4.6087	    0.1118		
    0.0185	    0.4900	   -5.0011	    979.38	    4.6228	    0.1100		
    0.0185	    0.5700	   -5.1199	    921.05	    4.6349	    0.1084		
    0.0185	    0.6600	   -5.2268	    871.25	    4.6453	    0.1072		
    0.0185	    0.7700	   -5.3358	    822.88	    4.6551	    0.1060		
    0.0185	    0.8900	   -5.4340	    781.38	    4.6633	    0.1049		
    0.0185	    1.0000	   -5.5102	    750.49	    4.6695	    0.1042		
    0.0185	    1.2000	   -5.6288	    704.55	    4.6784	    0.1031		
    0.0185	    1.4000	   -5.7227	    670.12	    4.6852	    0.1023		
    0.0185	    1.6000	   -5.8014	    642.48	    4.6908	    0.1017		
    0.0185	    1.9000	   -5.9000	    609.41	    4.6975	    0.1009		
    0.0185	    2.2000	   -5.9992	    577.34	    4.7029	    0.1003		
    0.0185	    2.5000	   -6.0605	    558.72	    4.7073	    0.0998		
    0.0185	    2.9000	   -6.1514	    531.75	    4.7122	    0.0992		
    0.0185	    3.4000	   -6.2263	    510.78	    4.7172	    0.0986		
    0.0185	    4.0000	   -6.2972	    491.79	    4.7222	    0.0981		
    0.0185	    4.6000	   -6.3769	    470.90	    4.7265	    0.0976		
    0.0185	    5.3000	   -6.4613	    449.60	    4.7305	    0.0971		
    0.0185	    6.2000	   -6.5553	    426.97	    4.7348	    0.0967		
    0.0185	    7.2000	   -6.6383	    407.91	    4.7385	    0.0962		
    0.0185	    8.3000	   -6.7024	    393.93	    4.7420	    0.0959		
    0.0185	    9.7000	   -6.7661	    380.58	    4.7458	    0.0954		
    0.0185	   10.0000	   -6.7787	    378.00	    4.7466	    0.0954		
    0.0185	   11.0000	   -6.8160	    370.46	    4.7490	    0.0951		
    0.0185	   13.0000	   -6.8837	    357.15	    4.7531	    0.0946		
    0.0185	   15.0000	   -6.9424	    346.00	    4.7567	    0.0943		
0.019 M_Sun, 19.90 M_Jup 	
    0.0190	    0.0010	   -2.3343	   2270.74	    3.4285	    0.4408		
    0.0190	    0.0013	   -2.3964	   2294.61	    3.5088	    0.4018		
    0.0190	    0.0017	   -2.4809	   2291.67	    3.5910	    0.3655		
    0.0190	    0.0020	   -2.5318	   2289.00	    3.6399	    0.3455		
    0.0190	    0.0023	   -2.5747	   2286.96	    3.6813	    0.3295		
    0.0190	    0.0027	   -2.6226	   2284.55	    3.7274	    0.3124		
    0.0190	    0.0031	   -2.6614	   2283.42	    3.7653	    0.2991		
    0.0190	    0.0036	   -2.6981	   2285.00	    3.8031	    0.2863		
    0.0190	    0.0042	   -2.7304	   2286.00	    3.8362	    0.2756		
    0.0190	    0.0049	   -2.7548	   2286.00	    3.8607	    0.2680		
    0.0190	    0.0057	   -2.7706	   2286.00	    3.8765	    0.2632		
    0.0190	    0.0066	   -2.7796	   2287.00	    3.8862	    0.2602		
    0.0190	    0.0076	   -2.7863	   2287.00	    3.8929	    0.2582		
    0.0190	    0.0088	   -2.7930	   2286.66	    3.8993	    0.2563		
    0.0190	    0.0100	   -2.7997	   2286.00	    3.9056	    0.2545		
    0.0190	    0.0120	   -2.8114	   2286.00	    3.9172	    0.2511		
    0.0190	    0.0140	   -2.8254	   2286.00	    3.9313	    0.2471		
    0.0190	    0.0160	   -2.8434	   2285.72	    3.9490	    0.2421		
    0.0190	    0.0190	   -2.8836	   2283.85	    3.9878	    0.2315		
    0.0190	    0.0220	   -2.9889	   2236.97	    4.0571	    0.2138		
    0.0190	    0.0250	   -3.1411	   2143.90	    4.1354	    0.1953		
    0.0190	    0.0290	   -3.3090	   2023.27	    4.2027	    0.1808		
    0.0190	    0.0340	   -3.4584	   1915.32	    4.2569	    0.1698		
    0.0190	    0.0390	   -3.5984	   1805.11	    4.2939	    0.1627		
    0.0190	    0.0450	   -3.7188	   1715.00	    4.3253	    0.1570		
    0.0190	    0.0530	   -3.8705	   1598.74	    4.3551	    0.1517		
    0.0190	    0.0610	   -3.9662	   1532.06	    4.3768	    0.1479		
    0.0190	    0.0710	   -4.0667	   1463.72	    4.3981	    0.1443		
    0.0190	    0.0820	   -4.1743	   1389.99	    4.4159	    0.1414		
    0.0190	    0.0960	   -4.2765	   1323.86	    4.4334	    0.1386		
    0.0190	    0.1000	   -4.3002	   1309.11	    4.4377	    0.1379		
    0.0190	    0.1100	   -4.3263	   1296.98	    4.4476	    0.1364		
    0.0190	    0.1300	   -4.3574	   1287.60	    4.4660	    0.1335		
    0.0190	    0.1500	   -4.3858	   1279.20	    4.4831	    0.1309		
    0.0190	    0.1700	   -4.4153	   1269.12	    4.4988	    0.1285		
    0.0190	    0.2000	   -4.4548	   1255.83	    4.5200	    0.1254		
    0.0190	    0.2300	   -4.4919	   1242.83	    4.5391	    0.1227		
    0.0190	    0.2700	   -4.5410	   1224.06	    4.5617	    0.1196		
    0.0190	    0.3100	   -4.5862	   1206.29	    4.5815	    0.1169		
    0.0190	    0.3700	   -4.7221	   1130.95	    4.6054	    0.1137		
    0.0190	    0.4200	   -4.8321	   1070.34	    4.6197	    0.1118		
    0.0190	    0.4900	   -4.9573	   1004.53	    4.6346	    0.1099		
    0.0190	    0.5700	   -5.0790	    943.44	    4.6473	    0.1083		
    0.0190	    0.6600	   -5.1871	    892.04	    4.6581	    0.1070		
    0.0190	    0.7700	   -5.2981	    841.73	    4.6683	    0.1058		
    0.0190	    0.8900	   -5.3973	    798.90	    4.6768	    0.1047		
    0.0190	    1.0000	   -5.4770	    765.91	    4.6832	    0.1040		
    0.0190	    1.2000	   -5.5949	    719.36	    4.6923	    0.1029		
    0.0190	    1.4000	   -5.6902	    683.71	    4.6992	    0.1021		
    0.0190	    1.6000	   -5.7715	    654.61	    4.7049	    0.1014		
    0.0190	    1.9000	   -5.8709	    620.64	    4.7118	    0.1006		
    0.0190	    2.2000	   -5.9605	    591.33	    4.7173	    0.1000		
    0.0190	    2.5000	   -6.0390	    566.61	    4.7217	    0.0994		
    0.0190	    2.9000	   -6.1132	    544.52	    4.7267	    0.0989		
    0.0190	    3.4000	   -6.2072	    517.30	    4.7317	    0.0983		
    0.0190	    4.0000	   -6.2728	    499.58	    4.7367	    0.0977		
    0.0190	    4.6000	   -6.3450	    480.42	    4.7410	    0.0973		
    0.0190	    5.3000	   -6.4262	    459.57	    4.7452	    0.0968		
    0.0190	    6.2000	   -6.5208	    436.30	    4.7495	    0.0963		
    0.0190	    7.2000	   -6.6051	    416.58	    4.7534	    0.0959		
    0.0190	    8.3000	   -6.6802	    399.76	    4.7569	    0.0955		
    0.0190	    9.7000	   -6.7430	    386.42	    4.7607	    0.0951		
    0.0190	   10.0000	   -6.7554	    383.84	    4.7615	    0.0950		
    0.0190	   11.0000	   -6.7955	    375.58	    4.7638	    0.0947		
    0.0190	   13.0000	   -6.8621	    362.30	    4.7680	    0.0943		
    0.0190	   15.0000	   -6.9257	    350.00	    4.7715	    0.0939		
0.0195 M_Sun, 20.43 M_Jup 	
    0.0195	    0.0010	   -2.3189	   2274.82	    3.4275	    0.4470		
    0.0195	    0.0013	   -2.3802	   2300.00	    3.5079	    0.4075		
    0.0195	    0.0017	   -2.4641	   2298.00	    3.5903	    0.3706		
    0.0195	    0.0020	   -2.5148	   2295.79	    3.6393	    0.3503		
    0.0195	    0.0023	   -2.5575	   2294.00	    3.6807	    0.3340		
    0.0195	    0.0027	   -2.6048	   2292.26	    3.7267	    0.3168		
    0.0195	    0.0031	   -2.6426	   2292.00	    3.7643	    0.3033		
    0.0195	    0.0036	   -2.6781	   2294.05	    3.8013	    0.2907		
    0.0195	    0.0042	   -2.7079	   2296.00	    3.8327	    0.2804		
    0.0195	    0.0049	   -2.7298	   2297.00	    3.8553	    0.2732		
    0.0195	    0.0057	   -2.7439	   2297.00	    3.8693	    0.2688		
    0.0195	    0.0066	   -2.7517	   2298.00	    3.8780	    0.2661		
    0.0195	    0.0076	   -2.7581	   2298.00	    3.8843	    0.2642		
    0.0195	    0.0088	   -2.7646	   2298.00	    3.8909	    0.2622		
    0.0195	    0.0100	   -2.7713	   2298.00	    3.8975	    0.2602		
    0.0195	    0.0120	   -2.7832	   2299.00	    3.9102	    0.2564		
    0.0195	    0.0140	   -2.7987	   2299.00	    3.9257	    0.2519		
    0.0195	    0.0160	   -2.8186	   2299.48	    3.9459	    0.2461		
    0.0195	    0.0190	   -2.8670	   2298.54	    3.9936	    0.2330		
    0.0195	    0.0220	   -2.9979	   2238.19	    4.0783	    0.2113		
    0.0195	    0.0250	   -3.1402	   2150.96	    4.1515	    0.1942		
    0.0195	    0.0290	   -3.2981	   2038.54	    4.2161	    0.1803		
    0.0195	    0.0340	   -3.4439	   1932.18	    4.2689	    0.1697		
    0.0195	    0.0390	   -3.5772	   1827.77	    4.3057	    0.1626		
    0.0195	    0.0450	   -3.6998	   1734.18	    4.3370	    0.1569		
    0.0195	    0.0530	   -3.8450	   1622.95	    4.3670	    0.1516		
    0.0195	    0.0610	   -3.9446	   1551.67	    4.3886	    0.1478		
    0.0195	    0.0710	   -4.0408	   1486.11	    4.4098	    0.1443		
    0.0195	    0.0820	   -4.1484	   1411.47	    4.4279	    0.1413		
    0.0195	    0.0960	   -4.2516	   1343.62	    4.4455	    0.1385		
    0.0195	    0.1000	   -4.2772	   1327.21	    4.4498	    0.1378		
    0.0195	    0.1100	   -4.3225	   1300.33	    4.4595	    0.1362		
    0.0195	    0.1300	   -4.3530	   1290.86	    4.4773	    0.1335		
    0.0195	    0.1500	   -4.3800	   1282.97	    4.4937	    0.1310		
    0.0195	    0.1700	   -4.4069	   1274.37	    4.5089	    0.1287		
    0.0195	    0.2000	   -4.4458	   1261.11	    4.5296	    0.1257		
    0.0195	    0.2300	   -4.4813	   1248.90	    4.5482	    0.1230		
    0.0195	    0.2700	   -4.5273	   1231.86	    4.5704	    0.1199		
    0.0195	    0.3100	   -4.5710	   1214.85	    4.5899	    0.1172		
    0.0195	    0.3700	   -4.6696	   1164.25	    4.6146	    0.1140		
    0.0195	    0.4200	   -4.7838	   1099.89	    4.6299	    0.1120		
    0.0195	    0.4900	   -4.9134	   1030.14	    4.6458	    0.1099		
    0.0195	    0.5700	   -5.0351	    967.89	    4.6591	    0.1083		
    0.0195	    0.6600	   -5.1480	    912.85	    4.6704	    0.1069		
    0.0195	    0.7700	   -5.2599	    861.08	    4.6809	    0.1056		
    0.0195	    0.8900	   -5.3613	    816.43	    4.6898	    0.1045		
    0.0195	    1.0000	   -5.4401	    783.22	    4.6964	    0.1037		
    0.0195	    1.2000	   -5.5599	    734.95	    4.7057	    0.1026		
    0.0195	    1.4000	   -5.6583	    697.35	    4.7129	    0.1018		
    0.0195	    1.6000	   -5.7407	    667.29	    4.7187	    0.1011		
    0.0195	    1.9000	   -5.8405	    632.55	    4.7257	    0.1003		
    0.0195	    2.2000	   -5.9230	    605.16	    4.7313	    0.0996		
    0.0195	    2.5000	   -6.0125	    576.26	    4.7358	    0.0991		
    0.0195	    2.9000	   -6.0838	    554.71	    4.7409	    0.0985		
    0.0195	    3.4000	   -6.1846	    524.97	    4.7460	    0.0980		
    0.0195	    4.0000	   -6.2519	    506.49	    4.7510	    0.0974		
    0.0195	    4.6000	   -6.3148	    489.68	    4.7553	    0.0969		
    0.0195	    5.3000	   -6.3925	    469.40	    4.7595	    0.0965		
    0.0195	    6.2000	   -6.4863	    445.88	    4.7639	    0.0960		
    0.0195	    7.2000	   -6.5739	    424.93	    4.7679	    0.0955		
    0.0195	    8.3000	   -6.6523	    407.01	    4.7715	    0.0951		
    0.0195	    9.7000	   -6.7214	    391.99	    4.7753	    0.0947		
    0.0195	   10.0000	   -6.7337	    389.40	    4.7761	    0.0946		
    0.0195	   11.0000	   -6.7751	    380.74	    4.7784	    0.0944		
    0.0195	   13.0000	   -6.8411	    367.42	    4.7825	    0.0939		
    0.0195	   15.0000	   -6.9043	    355.00	    4.7861	    0.0936		
0.02 M_Sun, 20.95 M_Jup 	
    0.0200	    0.0010	   -2.3040	   2278.42	    3.4263	    0.4533		
    0.0200	    0.0013	   -2.3651	   2304.00	    3.5069	    0.4132		
    0.0200	    0.0017	   -2.4484	   2303.00	    3.5894	    0.3757		
    0.0200	    0.0020	   -2.4982	   2302.00	    3.6385	    0.3551		
    0.0200	    0.0023	   -2.5404	   2301.00	    3.6798	    0.3386		
    0.0200	    0.0027	   -2.5870	   2300.00	    3.7257	    0.3212		
    0.0200	    0.0031	   -2.6242	   2300.00	    3.7630	    0.3077		
    0.0200	    0.0036	   -2.6590	   2301.64	    3.7989	    0.2952		
    0.0200	    0.0042	   -2.6878	   2303.00	    3.8288	    0.2852		
    0.0200	    0.0049	   -2.7075	   2304.00	    3.8493	    0.2786		
    0.0200	    0.0057	   -2.7193	   2305.00	    3.8618	    0.2746		
    0.0200	    0.0066	   -2.7272	   2305.00	    3.8697	    0.2721		
    0.0200	    0.0076	   -2.7325	   2306.00	    3.8758	    0.2702		
    0.0200	    0.0088	   -2.7392	   2306.00	    3.8825	    0.2681		
    0.0200	    0.0100	   -2.7462	   2306.00	    3.8895	    0.2660		
    0.0200	    0.0120	   -2.7590	   2307.00	    3.9030	    0.2619		
    0.0200	    0.0140	   -2.7753	   2308.00	    3.9201	    0.2568		
    0.0200	    0.0160	   -2.7973	   2309.10	    3.9429	    0.2501		
    0.0200	    0.0190	   -2.8537	   2311.00	    4.0007	    0.2340		
    0.0200	    0.0220	   -3.0031	   2241.84	    4.0974	    0.2094		
    0.0200	    0.0250	   -3.1372	   2159.45	    4.1664	    0.1934		
    0.0200	    0.0290	   -3.2864	   2054.11	    4.2287	    0.1800		
    0.0200	    0.0340	   -3.4302	   1947.82	    4.2802	    0.1696		
    0.0200	    0.0390	   -3.5542	   1852.28	    4.3167	    0.1626		
    0.0200	    0.0450	   -3.6816	   1752.48	    4.3479	    0.1569		
    0.0200	    0.0530	   -3.8148	   1651.64	    4.3782	    0.1515		
    0.0200	    0.0610	   -3.9243	   1570.34	    4.4001	    0.1477		
    0.0200	    0.0710	   -4.0178	   1506.33	    4.4213	    0.1442		
    0.0200	    0.0820	   -4.1213	   1434.21	    4.4395	    0.1412		
    0.0200	    0.0960	   -4.2277	   1362.88	    4.4573	    0.1383		
    0.0200	    0.1000	   -4.2534	   1346.21	    4.4617	    0.1376		
    0.0200	    0.1100	   -4.3128	   1308.30	    4.4714	    0.1361		
    0.0200	    0.1300	   -4.3499	   1293.33	    4.4886	    0.1334		
    0.0200	    0.1500	   -4.3755	   1286.04	    4.5043	    0.1310		
    0.0200	    0.1700	   -4.4010	   1278.03	    4.5190	    0.1288		
    0.0200	    0.2000	   -4.4369	   1266.49	    4.5391	    0.1259		
    0.0200	    0.2300	   -4.4714	   1254.65	    4.5573	    0.1233		
    0.0200	    0.2700	   -4.5157	   1238.44	    4.5790	    0.1203		
    0.0200	    0.3100	   -4.5575	   1222.48	    4.5983	    0.1176		
    0.0200	    0.3700	   -4.6206	   1195.88	    4.6231	    0.1143		
    0.0200	    0.4200	   -4.7348	   1130.44	    4.6395	    0.1122		
    0.0200	    0.4900	   -4.8691	   1056.53	    4.6564	    0.1100		
    0.0200	    0.5700	   -4.9910	    992.92	    4.6704	    0.1082		
    0.0200	    0.6600	   -5.1073	    934.98	    4.6823	    0.1068		
    0.0200	    0.7700	   -5.2221	    880.69	    4.6932	    0.1054		
    0.0200	    0.8900	   -5.3248	    834.58	    4.7025	    0.1043		
    0.0200	    1.0000	   -5.4053	    799.90	    4.7092	    0.1035		
    0.0200	    1.2000	   -5.5252	    750.67	    4.7188	    0.1024		
    0.0200	    1.4000	   -5.6241	    712.14	    4.7262	    0.1015		
    0.0200	    1.6000	   -5.7073	    681.18	    4.7321	    0.1008		
    0.0200	    1.9000	   -5.8110	    644.33	    4.7392	    0.1000		
    0.0200	    2.2000	   -5.8942	    616.24	    4.7449	    0.0993		
    0.0200	    2.5000	   -5.9760	    589.44	    4.7496	    0.0988		
    0.0200	    2.9000	   -6.0608	    563.02	    4.7547	    0.0982		
    0.0200	    3.4000	   -6.1539	    535.26	    4.7599	    0.0976		
    0.0200	    4.0000	   -6.2347	    512.40	    4.7649	    0.0971		
    0.0200	    4.6000	   -6.2889	    497.89	    4.7692	    0.0966		
    0.0200	    5.3000	   -6.3645	    477.86	    4.7735	    0.0961		
    0.0200	    6.2000	   -6.4561	    454.47	    4.7780	    0.0956		
    0.0200	    7.2000	   -6.5399	    434.09	    4.7820	    0.0952		
    0.0200	    8.3000	   -6.6220	    414.93	    4.7857	    0.0948		
    0.0200	    9.7000	   -6.7027	    396.97	    4.7895	    0.0944		
    0.0200	   10.0000	   -6.7146	    394.44	    4.7903	    0.0943		
    0.0200	   11.0000	   -6.7500	    386.98	    4.7926	    0.0940		
    0.0200	   13.0000	   -6.8209	    372.39	    4.7967	    0.0936		
    0.0200	   15.0000	   -6.8832	    360.00	    4.8002	    0.0932		
0.022 M_Sun, 23.05 M_Jup 	
    0.0220	    0.0010	   -2.2483	   2292.11	    3.4225	    0.4776		
    0.0220	    0.0013	   -2.3091	   2318.34	    3.5030	    0.4353		
    0.0220	    0.0017	   -2.3911	   2319.00	    3.5855	    0.3958		
    0.0220	    0.0020	   -2.4400	   2319.00	    3.6344	    0.3742		
    0.0220	    0.0023	   -2.4815	   2318.18	    3.6753	    0.3570		
    0.0220	    0.0027	   -2.5262	   2318.00	    3.7198	    0.3391		
    0.0220	    0.0031	   -2.5605	   2318.45	    3.7545	    0.3259		
    0.0220	    0.0036	   -2.5893	   2321.73	    3.7857	    0.3144		
    0.0220	    0.0042	   -2.6107	   2324.00	    3.8089	    0.3061		
    0.0220	    0.0049	   -2.6239	   2325.54	    3.8232	    0.3011		
    0.0220	    0.0057	   -2.6316	   2326.89	    3.8319	    0.2981		
    0.0220	    0.0066	   -2.6371	   2328.00	    3.8382	    0.2959		
    0.0220	    0.0076	   -2.6431	   2328.12	    3.8444	    0.2938		
    0.0220	    0.0088	   -2.6500	   2329.25	    3.8521	    0.2912		
    0.0220	    0.0100	   -2.6574	   2331.00	    3.8608	    0.2883		
    0.0220	    0.0120	   -2.6737	   2333.00	    3.8785	    0.2825		
    0.0220	    0.0140	   -2.6950	   2337.60	    3.9032	    0.2746		
    0.0220	    0.0160	   -2.7285	   2344.99	    3.9422	    0.2625		
    0.0220	    0.0190	   -2.8470	   2337.11	    4.0549	    0.2306		
    0.0220	    0.0220	   -2.9804	   2279.27	    4.1448	    0.2079		
    0.0220	    0.0250	   -3.0938	   2212.78	    4.2068	    0.1936		
    0.0220	    0.0290	   -3.2199	   2128.68	    4.2655	    0.1809		
    0.0220	    0.0340	   -3.3566	   2026.48	    4.3168	    0.1706		
    0.0220	    0.0390	   -3.4646	   1944.93	    4.3534	    0.1635		
    0.0220	    0.0450	   -3.5888	   1844.99	    4.3859	    0.1575		
    0.0220	    0.0530	   -3.7132	   1748.31	    4.4169	    0.1520		
    0.0220	    0.0610	   -3.8113	   1674.94	    4.4405	    0.1479		
    0.0220	    0.0710	   -3.9280	   1586.26	    4.4627	    0.1442		
    0.0220	    0.0820	   -4.0138	   1526.46	    4.4817	    0.1411		
    0.0220	    0.0960	   -4.1220	   1450.16	    4.5009	    0.1380		
    0.0220	    0.1000	   -4.1504	   1430.51	    4.5055	    0.1373		
    0.0220	    0.1100	   -4.2145	   1386.80	    4.5158	    0.1356		
    0.0220	    0.1300	   -4.3091	   1326.16	    4.5327	    0.1330		
    0.0220	    0.1500	   -4.3600	   1298.15	    4.5465	    0.1309		
    0.0220	    0.1700	   -4.3814	   1291.71	    4.5593	    0.1290		
    0.0220	    0.2000	   -4.4110	   1282.92	    4.5770	    0.1264		
    0.0220	    0.2300	   -4.4397	   1273.76	    4.5933	    0.1241		
    0.0220	    0.2700	   -4.4766	   1261.20	    4.6129	    0.1213		
    0.0220	    0.3100	   -4.5121	   1248.35	    4.6307	    0.1188		
    0.0220	    0.3700	   -4.5619	   1229.77	    4.6544	    0.1156		
    0.0220	    0.4200	   -4.6017	   1213.91	    4.6716	    0.1134		
    0.0220	    0.4900	   -4.6791	   1175.18	    4.6926	    0.1107		
    0.0220	    0.5700	   -4.8182	   1095.93	    4.7105	    0.1084		
    0.0220	    0.6600	   -4.9421	   1029.08	    4.7250	    0.1066		
    0.0220	    0.7700	   -5.0673	    964.79	    4.7382	    0.1050		
    0.0220	    0.8900	   -5.1787	    910.50	    4.7489	    0.1037		
    0.0220	    1.0000	   -5.2637	    870.88	    4.7568	    0.1028		
    0.0220	    1.2000	   -5.3924	    813.82	    4.7677	    0.1015		
    0.0220	    1.4000	   -5.4970	    769.89	    4.7759	    0.1005		
    0.0220	    1.6000	   -5.5846	    734.80	    4.7825	    0.0998		
    0.0220	    1.9000	   -5.6929	    693.46	    4.7902	    0.0989		
    0.0220	    2.2000	   -5.7820	    661.12	    4.7963	    0.0982		
    0.0220	    2.5000	   -5.8589	    634.34	    4.8013	    0.0976		
    0.0220	    2.9000	   -5.9402	    607.23	    4.8068	    0.0970		
    0.0220	    3.4000	   -6.0510	    571.53	    4.8123	    0.0964		
    0.0220	    4.0000	   -6.1220	    550.32	    4.8177	    0.0958		
    0.0220	    4.6000	   -6.2211	    521.10	    4.8220	    0.0953		
    0.0220	    5.3000	   -6.2727	    507.06	    4.8262	    0.0949		
    0.0220	    6.2000	   -6.3423	    488.48	    4.8309	    0.0944		
    0.0220	    7.2000	   -6.4243	    467.12	    4.8352	    0.0939		
    0.0220	    8.3000	   -6.5050	    446.94	    4.8392	    0.0935		
    0.0220	    9.7000	   -6.5889	    426.88	    4.8433	    0.0930		
    0.0220	   10.0000	   -6.6060	    422.89	    4.8441	    0.0929		
    0.0220	   11.0000	   -6.6584	    410.90	    4.8465	    0.0927		
    0.0220	   13.0000	   -6.7400	    392.96	    4.8506	    0.0923		
    0.0220	   15.0000	   -6.8017	    380.00	    4.8541	    0.0919		
0.024 M_Sun, 25.14 M_Jup 	
    0.0240	    0.0010	   -2.1989	   2303.74	    3.4196	    0.5005		
    0.0240	    0.0013	   -2.2579	   2332.00	    3.4998	    0.4563		
    0.0240	    0.0017	   -2.3387	   2333.88	    3.5820	    0.4151		
    0.0240	    0.0020	   -2.3871	   2334.00	    3.6305	    0.3926		
    0.0240	    0.0023	   -2.4266	   2335.00	    3.6707	    0.3748		
    0.0240	    0.0027	   -2.4692	   2335.00	    3.7134	    0.3569		
    0.0240	    0.0031	   -2.5005	   2335.00	    3.7447	    0.3442		
    0.0240	    0.0036	   -2.5245	   2337.25	    3.7703	    0.3342		
    0.0240	    0.0042	   -2.5397	   2340.00	    3.7876	    0.3276		
    0.0240	    0.0049	   -2.5485	   2342.00	    3.7979	    0.3238		
    0.0240	    0.0057	   -2.5546	   2343.00	    3.8046	    0.3213		
    0.0240	    0.0066	   -2.5599	   2344.00	    3.8108	    0.3190		
    0.0240	    0.0076	   -2.5660	   2345.00	    3.8176	    0.3165		
    0.0240	    0.0088	   -2.5738	   2346.81	    3.8267	    0.3132		
    0.0240	    0.0100	   -2.5832	   2348.54	    3.8373	    0.3094		
    0.0240	    0.0120	   -2.6026	   2353.90	    3.8608	    0.3012		
    0.0240	    0.0140	   -2.6331	   2362.98	    3.8980	    0.2885		
    0.0240	    0.0160	   -2.6868	   2390.64	    3.9718	    0.2651		
    0.0240	    0.0190	   -2.8281	   2365.67	    4.0950	    0.2300		
    0.0240	    0.0220	   -2.9418	   2321.73	    4.1761	    0.2095		
    0.0240	    0.0250	   -3.0426	   2266.51	    4.2350	    0.1957		
    0.0240	    0.0290	   -3.1541	   2197.06	    4.2924	    0.1832		
    0.0240	    0.0340	   -3.2718	   2115.58	    4.3445	    0.1726		
    0.0240	    0.0390	   -3.3793	   2032.81	    4.3827	    0.1651		
    0.0240	    0.0450	   -3.4869	   1948.75	    4.4169	    0.1588		
    0.0240	    0.0530	   -3.6239	   1835.74	    4.4501	    0.1528		
    0.0240	    0.0610	   -3.7216	   1759.77	    4.4744	    0.1486		
    0.0240	    0.0710	   -3.8130	   1692.92	    4.4985	    0.1445		
    0.0240	    0.0820	   -3.9207	   1610.09	    4.5191	    0.1411		
    0.0240	    0.0960	   -4.0141	   1543.87	    4.5395	    0.1379		
    0.0240	    0.1000	   -4.0419	   1523.73	    4.5445	    0.1371		
    0.0240	    0.1100	   -4.1052	   1478.73	    4.5557	    0.1353		
    0.0240	    0.1300	   -4.2205	   1398.09	    4.5737	    0.1325		
    0.0240	    0.1500	   -4.2970	   1348.83	    4.5878	    0.1304		
    0.0240	    0.1700	   -4.3591	   1310.42	    4.5997	    0.1286		
    0.0240	    0.2000	   -4.3947	   1295.31	    4.6152	    0.1264		
    0.0240	    0.2300	   -4.4190	   1287.88	    4.6295	    0.1243		
    0.0240	    0.2700	   -4.4514	   1276.96	    4.6471	    0.1218		
    0.0240	    0.3100	   -4.4803	   1267.58	    4.6632	    0.1196		
    0.0240	    0.3700	   -4.5235	   1252.02	    4.6850	    0.1166		
    0.0240	    0.4200	   -4.5573	   1239.51	    4.7013	    0.1144		
    0.0240	    0.4900	   -4.6026	   1221.86	    4.7217	    0.1118		
    0.0240	    0.5700	   -4.6512	   1202.10	    4.7419	    0.1092		
    0.0240	    0.6600	   -4.7740	   1132.05	    4.7604	    0.1069		
    0.0240	    0.7700	   -4.9107	   1056.17	    4.7766	    0.1049		
    0.0240	    0.8900	   -5.0282	    994.48	    4.7895	    0.1034		
    0.0240	    1.0000	   -5.1229	    946.75	    4.7987	    0.1023		
    0.0240	    1.2000	   -5.2617	    880.36	    4.8113	    0.1008		
    0.0240	    1.4000	   -5.3713	    830.98	    4.8207	    0.0997		
    0.0240	    1.6000	   -5.4626	    791.74	    4.8279	    0.0989		
    0.0240	    1.9000	   -5.5778	    744.61	    4.8365	    0.0979		
    0.0240	    2.2000	   -5.6711	    708.38	    4.8431	    0.0972		
    0.0240	    2.5000	   -5.7494	    679.22	    4.8485	    0.0966		
    0.0240	    2.9000	   -5.8395	    647.12	    4.8544	    0.0959		
    0.0240	    3.4000	   -5.9304	    616.22	    4.8603	    0.0953		
    0.0240	    4.0000	   -6.0430	    579.41	    4.8660	    0.0947		
    0.0240	    4.6000	   -6.1079	    559.63	    4.8705	    0.0942		
    0.0240	    5.3000	   -6.2026	    531.32	    4.8749	    0.0937		
    0.0240	    6.2000	   -6.2718	    511.89	    4.8795	    0.0932		
    0.0240	    7.2000	   -6.3298	    496.36	    4.8839	    0.0927		
    0.0240	    8.3000	   -6.4034	    476.91	    4.8881	    0.0923		
    0.0240	    9.7000	   -6.4885	    455.24	    4.8924	    0.0918		
    0.0240	   10.0000	   -6.5048	    451.20	    4.8932	    0.0917		
    0.0240	   11.0000	   -6.5542	    439.20	    4.8958	    0.0915		
    0.0240	   13.0000	   -6.6417	    418.64	    4.9001	    0.0910		
    0.0240	   15.0000	   -6.7201	    401.00	    4.9037	    0.0906		
0.026 M_Sun, 27.24 M_Jup 	
    0.0260	    0.0010	   -2.1553	   2312.84	    3.4176	    0.5221		
    0.0260	    0.0013	   -2.2130	   2342.10	    3.4971	    0.4764		
    0.0260	    0.0017	   -2.2913	   2346.85	    3.5790	    0.4336		
    0.0260	    0.0020	   -2.3383	   2348.00	    3.6269	    0.4103		
    0.0260	    0.0023	   -2.3763	   2349.35	    3.6659	    0.3923		
    0.0260	    0.0027	   -2.4157	   2350.00	    3.7057	    0.3747		
    0.0260	    0.0031	   -2.4423	   2351.00	    3.7331	    0.3631		
    0.0260	    0.0036	   -2.4621	   2352.13	    3.7537	    0.3546		
    0.0260	    0.0042	   -2.4734	   2354.00	    3.7664	    0.3494		
    0.0260	    0.0049	   -2.4806	   2355.00	    3.7743	    0.3463		
    0.0260	    0.0057	   -2.4853	   2357.00	    3.7805	    0.3438		
    0.0260	    0.0066	   -2.4910	   2358.00	    3.7870	    0.3412		
    0.0260	    0.0076	   -2.4977	   2359.44	    3.7947	    0.3382		
    0.0260	    0.0088	   -2.5069	   2361.60	    3.8055	    0.3340		
    0.0260	    0.0100	   -2.5181	   2364.33	    3.8187	    0.3290		
    0.0260	    0.0120	   -2.5437	   2371.90	    3.8498	    0.3174		
    0.0260	    0.0140	   -2.5892	   2393.20	    3.9109	    0.2959		
    0.0260	    0.0160	   -2.6619	   2433.40	    4.0126	    0.2632		
    0.0260	    0.0190	   -2.7994	   2397.05	    4.1239	    0.2315		
    0.0260	    0.0220	   -2.9021	   2360.36	    4.1998	    0.2122		
    0.0260	    0.0250	   -2.9902	   2318.48	    4.2567	    0.1987		
    0.0260	    0.0290	   -3.0941	   2256.52	    4.3136	    0.1861		
    0.0260	    0.0340	   -3.2007	   2187.54	    4.3663	    0.1752		
    0.0260	    0.0390	   -3.2930	   2122.14	    4.4059	    0.1674		
    0.0260	    0.0450	   -3.3964	   2042.05	    4.4424	    0.1605		
    0.0260	    0.0530	   -3.5207	   1940.64	    4.4782	    0.1540		
    0.0260	    0.0610	   -3.6335	   1846.52	    4.5047	    0.1493		
    0.0260	    0.0710	   -3.7334	   1768.58	    4.5297	    0.1451		
    0.0260	    0.0820	   -3.8151	   1708.88	    4.5516	    0.1415		
    0.0260	    0.0960	   -3.9198	   1629.46	    4.5738	    0.1379		
    0.0260	    0.1000	   -3.9450	   1610.99	    4.5791	    0.1371		
    0.0260	    0.1100	   -4.0037	   1568.29	    4.5912	    0.1352		
    0.0260	    0.1300	   -4.1153	   1487.40	    4.6107	    0.1322		
    0.0260	    0.1500	   -4.2147	   1416.83	    4.6257	    0.1299		
    0.0260	    0.1700	   -4.2830	   1371.72	    4.6378	    0.1281		
    0.0260	    0.2000	   -4.3605	   1323.39	    4.6530	    0.1259		
    0.0260	    0.2300	   -4.4062	   1298.55	    4.6658	    0.1241		
    0.0260	    0.2700	   -4.4331	   1290.19	    4.6815	    0.1219		
    0.0260	    0.3100	   -4.4595	   1281.30	    4.6959	    0.1198		
    0.0260	    0.3700	   -4.4950	   1269.74	    4.7156	    0.1171		
    0.0260	    0.4200	   -4.5246	   1259.11	    4.7307	    0.1151		
    0.0260	    0.4900	   -4.5639	   1244.53	    4.7497	    0.1126		
    0.0260	    0.5700	   -4.6060	   1228.37	    4.7691	    0.1102		
    0.0260	    0.6600	   -4.6495	   1211.33	    4.7883	    0.1077		
    0.0260	    0.7700	   -4.7446	   1160.10	    4.8083	    0.1053		
    0.0260	    0.8900	   -4.8798	   1083.18	    4.8243	    0.1034		
    0.0260	    1.0000	   -4.9793	   1029.34	    4.8353	    0.1021		
    0.0260	    1.2000	   -5.1270	    953.56	    4.8501	    0.1003		
    0.0260	    1.4000	   -5.2457	    896.08	    4.8608	    0.0991		
    0.0260	    1.6000	   -5.3422	    851.74	    4.8691	    0.0982		
    0.0260	    1.9000	   -5.4627	    799.01	    4.8786	    0.0971		
    0.0260	    2.2000	   -5.5619	    757.82	    4.8859	    0.0963		
    0.0260	    2.5000	   -5.6457	    724.62	    4.8918	    0.0956		
    0.0260	    2.9000	   -5.7400	    688.83	    4.8981	    0.0950		
    0.0260	    3.4000	   -5.8352	    654.46	    4.9044	    0.0943		
    0.0260	    4.0000	   -5.9286	    622.34	    4.9105	    0.0936		
    0.0260	    4.6000	   -6.0163	    593.39	    4.9154	    0.0931		
    0.0260	    5.3000	   -6.1044	    565.52	    4.9200	    0.0926		
    0.0260	    6.2000	   -6.1833	    542.00	    4.9248	    0.0921		
    0.0260	    7.2000	   -6.2749	    515.37	    4.9291	    0.0916		
    0.0260	    8.3000	   -6.3217	    502.84	    4.9332	    0.0912		
    0.0260	    9.7000	   -6.3980	    482.52	    4.9378	    0.0907		
    0.0260	   10.0000	   -6.4124	    478.76	    4.9386	    0.0906		
    0.0260	   11.0000	   -6.4648	    465.24	    4.9413	    0.0903		
    0.0260	   13.0000	   -6.5510	    443.87	    4.9458	    0.0899		
    0.0260	   15.0000	   -6.6261	    426.00	    4.9495	    0.0895		
0.028 M_Sun, 29.33 M_Jup 	
    0.0280	    0.0010	   -2.1127	   2324.93	    3.4162	    0.5427		
    0.0280	    0.0013	   -2.1715	   2351.94	    3.4951	    0.4956		
    0.0280	    0.0017	   -2.2480	   2358.22	    3.5763	    0.4513		
    0.0280	    0.0020	   -2.2931	   2360.73	    3.6233	    0.4276		
    0.0280	    0.0023	   -2.3290	   2362.78	    3.6607	    0.4096		
    0.0280	    0.0027	   -2.3645	   2364.00	    3.6970	    0.3928		
    0.0280	    0.0031	   -2.3871	   2365.00	    3.7203	    0.3824		
    0.0280	    0.0036	   -2.4025	   2366.00	    3.7365	    0.3753		
    0.0280	    0.0042	   -2.4123	   2366.00	    3.7463	    0.3711		
    0.0280	    0.0049	   -2.4181	   2367.00	    3.7528	    0.3683		
    0.0280	    0.0057	   -2.4235	   2368.00	    3.7590	    0.3657		
    0.0280	    0.0066	   -2.4292	   2369.97	    3.7661	    0.3627		
    0.0280	    0.0076	   -2.4366	   2372.00	    3.7750	    0.3591		
    0.0280	    0.0088	   -2.4471	   2375.14	    3.7878	    0.3538		
    0.0280	    0.0100	   -2.4607	   2378.78	    3.8041	    0.3472		
    0.0280	    0.0120	   -2.4945	   2391.46	    3.8471	    0.3305		
    0.0280	    0.0140	   -2.5567	   2442.11	    3.9457	    0.2950		
    0.0280	    0.0160	   -2.6465	   2455.63	    4.0450	    0.2631		
    0.0280	    0.0190	   -2.7708	   2424.23	    4.1470	    0.2340		
    0.0280	    0.0220	   -2.8632	   2396.41	    4.2194	    0.2153		
    0.0280	    0.0250	   -2.9432	   2362.37	    4.2746	    0.2020		
    0.0280	    0.0290	   -3.0375	   2311.62	    4.3311	    0.1893		
    0.0280	    0.0340	   -3.1388	   2248.49	    4.3843	    0.1780		
    0.0280	    0.0390	   -3.2224	   2193.63	    4.4250	    0.1699		
    0.0280	    0.0450	   -3.3139	   2127.38	    4.4633	    0.1626		
    0.0280	    0.0530	   -3.4281	   2036.93	    4.5019	    0.1555		
    0.0280	    0.0610	   -3.5345	   1947.99	    4.5308	    0.1504		
    0.0280	    0.0710	   -3.6461	   1855.62	    4.5580	    0.1458		
    0.0280	    0.0820	   -3.7411	   1780.21	    4.5809	    0.1420		
    0.0280	    0.0960	   -3.8295	   1714.55	    4.6041	    0.1382		
    0.0280	    0.1000	   -3.8535	   1696.65	    4.6098	    0.1373		
    0.0280	    0.1100	   -3.9125	   1652.25	    4.6227	    0.1353		
    0.0280	    0.1300	   -4.0185	   1573.37	    4.6437	    0.1321		
    0.0280	    0.1500	   -4.1158	   1501.65	    4.6600	    0.1296		
    0.0280	    0.1700	   -4.2011	   1440.43	    4.6729	    0.1277		
    0.0280	    0.2000	   -4.2932	   1378.19	    4.6884	    0.1254		
    0.0280	    0.2300	   -4.3565	   1338.75	    4.7012	    0.1236		
    0.0280	    0.2700	   -4.4208	   1300.80	    4.7156	    0.1216		
    0.0280	    0.3100	   -4.4446	   1292.71	    4.7285	    0.1198		
    0.0280	    0.3700	   -4.4767	   1282.05	    4.7463	    0.1174		
    0.0280	    0.4200	   -4.5015	   1273.88	    4.7599	    0.1155		
    0.0280	    0.4900	   -4.5345	   1262.62	    4.7775	    0.1132		
    0.0280	    0.5700	   -4.5720	   1248.64	    4.7957	    0.1109		
    0.0280	    0.6600	   -4.6118	   1233.30	    4.8140	    0.1086		
    0.0280	    0.7700	   -4.6565	   1215.73	    4.8338	    0.1061		
    0.0280	    0.8900	   -4.7159	   1187.67	    4.8526	    0.1038		
    0.0280	    1.0000	   -4.8291	   1121.56	    4.8663	    0.1022		
    0.0280	    1.2000	   -4.9895	   1033.19	    4.8840	    0.1001		
    0.0280	    1.4000	   -5.1165	    967.31	    4.8967	    0.0987		
    0.0280	    1.6000	   -5.2225	    915.02	    4.9062	    0.0976		
    0.0280	    1.9000	   -5.3491	    856.02	    4.9169	    0.0964		
    0.0280	    2.2000	   -5.4536	    809.84	    4.9251	    0.0955		
    0.0280	    2.5000	   -5.5399	    773.47	    4.9315	    0.0948		
    0.0280	    2.9000	   -5.6404	    732.86	    4.9384	    0.0941		
    0.0280	    3.4000	   -5.7405	    694.57	    4.9452	    0.0933		
    0.0280	    4.0000	   -5.8395	    658.48	    4.9516	    0.0926		
    0.0280	    4.6000	   -5.9201	    630.52	    4.9568	    0.0921		
    0.0280	    5.3000	   -6.0013	    603.45	    4.9617	    0.0916		
    0.0280	    6.2000	   -6.1099	    568.50	    4.9668	    0.0910		
    0.0280	    7.2000	   -6.1689	    551.02	    4.9714	    0.0906		
    0.0280	    8.3000	   -6.2784	    518.54	    4.9755	    0.0901		
    0.0280	    9.7000	   -6.3290	    504.95	    4.9799	    0.0897		
    0.0280	   10.0000	   -6.3395	    502.17	    4.9808	    0.0896		
    0.0280	   11.0000	   -6.3835	    490.36	    4.9835	    0.0893		
    0.0280	   13.0000	   -6.4700	    467.82	    4.9882	    0.0888		
    0.0280	   15.0000	   -6.5451	    449.00	    4.9921	    0.0884		
0.03 M_Sun, 31.43 M_Jup 	
    0.0300	    0.0010	   -2.0719	   2338.30	    3.4154	    0.5623		
    0.0300	    0.0013	   -2.1320	   2363.18	    3.4939	    0.5137		
    0.0300	    0.0017	   -2.2075	   2369.45	    3.5740	    0.4684		
    0.0300	    0.0020	   -2.2514	   2372.03	    3.6198	    0.4444		
    0.0300	    0.0023	   -2.2850	   2374.18	    3.6550	    0.4267		
    0.0300	    0.0027	   -2.3157	   2376.71	    3.6875	    0.4110		
    0.0300	    0.0031	   -2.3340	   2378.00	    3.7068	    0.4020		
    0.0300	    0.0036	   -2.3461	   2379.00	    3.7195	    0.3961		
    0.0300	    0.0042	   -2.3539	   2379.00	    3.7274	    0.3926		
    0.0300	    0.0049	   -2.3600	   2379.00	    3.7335	    0.3898		
    0.0300	    0.0057	   -2.3658	   2380.00	    3.7400	    0.3869		
    0.0300	    0.0066	   -2.3736	   2380.00	    3.7478	    0.3835		
    0.0300	    0.0076	   -2.3821	   2382.19	    3.7579	    0.3790		
    0.0300	    0.0088	   -2.3943	   2386.45	    3.7732	    0.3724		
    0.0300	    0.0100	   -2.4110	   2391.62	    3.7936	    0.3638		
    0.0300	    0.0120	   -2.4504	   2426.14	    3.8580	    0.3378		
    0.0300	    0.0140	   -2.5285	   2485.88	    3.9784	    0.2941		
    0.0300	    0.0160	   -2.6254	   2478.65	    4.0702	    0.2646		
    0.0300	    0.0190	   -2.7412	   2450.50	    4.1661	    0.2369		
    0.0300	    0.0220	   -2.8279	   2425.85	    4.2353	    0.2188		
    0.0300	    0.0250	   -2.8995	   2401.28	    4.2891	    0.2056		
    0.0300	    0.0290	   -2.9871	   2358.30	    4.3454	    0.1927		
    0.0300	    0.0340	   -3.0807	   2304.71	    4.3991	    0.1812		
    0.0300	    0.0390	   -3.1615	   2253.39	    4.4407	    0.1727		
    0.0300	    0.0450	   -3.2436	   2198.83	    4.4802	    0.1650		
    0.0300	    0.0530	   -3.3423	   2126.81	    4.5211	    0.1574		
    0.0300	    0.0610	   -3.4381	   2049.80	    4.5528	    0.1518		
    0.0300	    0.0710	   -3.5546	   1949.84	    4.5825	    0.1467		
    0.0300	    0.0820	   -3.6561	   1865.58	    4.6072	    0.1426		
    0.0300	    0.0960	   -3.7564	   1785.71	    4.6316	    0.1386		
    0.0300	    0.1000	   -3.7803	   1767.39	    4.6375	    0.1377		
    0.0300	    0.1100	   -3.8347	   1726.22	    4.6509	    0.1356		
    0.0300	    0.1300	   -3.9291	   1655.88	    4.6731	    0.1322		
    0.0300	    0.1500	   -4.0204	   1587.12	    4.6907	    0.1295		
    0.0300	    0.1700	   -4.1076	   1521.73	    4.7048	    0.1274		
    0.0300	    0.2000	   -4.2171	   1442.50	    4.7214	    0.1250		
    0.0300	    0.2300	   -4.2961	   1388.61	    4.7343	    0.1232		
    0.0300	    0.2700	   -4.3657	   1345.19	    4.7487	    0.1211		
    0.0300	    0.3100	   -4.4259	   1308.60	    4.7610	    0.1194		
    0.0300	    0.3700	   -4.4634	   1292.52	    4.7770	    0.1172		
    0.0300	    0.4200	   -4.4853	   1285.35	    4.7893	    0.1156		
    0.0300	    0.4900	   -4.5148	   1275.44	    4.8053	    0.1135		
    0.0300	    0.5700	   -4.5465	   1264.55	    4.8221	    0.1113		
    0.0300	    0.6600	   -4.5818	   1251.36	    4.8393	    0.1091		
    0.0300	    0.7700	   -4.6220	   1236.06	    4.8581	    0.1068		
    0.0300	    0.8900	   -4.6627	   1220.15	    4.8763	    0.1046		
    0.0300	    1.0000	   -4.6977	   1206.20	    4.8912	    0.1028		
    0.0300	    1.2000	   -4.8481	   1120.23	    4.9132	    0.1002		
    0.0300	    1.4000	   -4.9856	   1043.98	    4.9283	    0.0985		
    0.0300	    1.6000	   -5.0981	    984.82	    4.9394	    0.0973		
    0.0300	    1.9000	   -5.2350	    916.65	    4.9517	    0.0959		
    0.0300	    2.2000	   -5.3449	    865.03	    4.9609	    0.0949		
    0.0300	    2.5000	   -5.4367	    823.89	    4.9681	    0.0941		
    0.0300	    2.9000	   -5.5402	    779.63	    4.9756	    0.0933		
    0.0300	    3.4000	   -5.6461	    736.63	    4.9830	    0.0925		
    0.0300	    4.0000	   -5.7505	    696.40	    4.9899	    0.0918		
    0.0300	    4.6000	   -5.8352	    665.34	    4.9953	    0.0912		
    0.0300	    5.3000	   -5.9177	    636.41	    5.0006	    0.0906		
    0.0300	    6.2000	   -6.0072	    606.38	    5.0060	    0.0901		
    0.0300	    7.2000	   -6.1155	    571.31	    5.0108	    0.0896		
    0.0300	    8.3000	   -6.1695	    555.19	    5.0152	    0.0891		
    0.0300	    9.7000	   -6.2891	    519.60	    5.0197	    0.0887		
    0.0300	   10.0000	   -6.2986	    516.99	    5.0205	    0.0886		
    0.0300	   11.0000	   -6.3274	    509.29	    5.0232	    0.0883		
    0.0300	   13.0000	   -6.3937	    491.57	    5.0279	    0.0878		
    0.0300	   15.0000	   -6.4719	    471.00	    5.0319	    0.0874		
0.033 M_Sun, 34.57 M_Jup 	
    0.0330	    0.0010	   -2.0162	   2356.88	    3.4149	    0.5900		
    0.0330	    0.0013	   -2.0745	   2383.95	    3.4930	    0.5393		
    0.0330	    0.0017	   -2.1521	   2384.78	    3.5712	    0.4929		
    0.0330	    0.0020	   -2.1925	   2388.29	    3.6142	    0.4691		
    0.0330	    0.0023	   -2.2219	   2391.00	    3.6455	    0.4525		
    0.0330	    0.0027	   -2.2467	   2393.00	    3.6718	    0.4390		
    0.0330	    0.0031	   -2.2601	   2394.00	    3.6859	    0.4319		
    0.0330	    0.0036	   -2.2685	   2395.00	    3.6950	    0.4274		
    0.0330	    0.0042	   -2.2750	   2395.00	    3.7015	    0.4242		
    0.0330	    0.0049	   -2.2805	   2396.00	    3.7077	    0.4212		
    0.0330	    0.0057	   -2.2870	   2397.00	    3.7150	    0.4177		
    0.0330	    0.0066	   -2.2961	   2397.42	    3.7244	    0.4132		
    0.0330	    0.0076	   -2.3080	   2398.45	    3.7370	    0.4072		
    0.0330	    0.0088	   -2.3227	   2405.74	    3.7570	    0.3980		
    0.0330	    0.0100	   -2.3347	   2433.38	    3.7888	    0.3836		
    0.0330	    0.0120	   -2.4066	   2500.15	    3.9077	    0.3346		
    0.0330	    0.0140	   -2.5033	   2523.21	    4.0204	    0.2939		
    0.0330	    0.0160	   -2.5938	   2509.95	    4.1018	    0.2676		
    0.0330	    0.0190	   -2.6974	   2488.71	    4.1906	    0.2416		
    0.0330	    0.0220	   -2.7779	   2467.52	    4.2562	    0.2240		
    0.0330	    0.0250	   -2.8453	   2445.49	    4.3081	    0.2110		
    0.0330	    0.0290	   -2.9198	   2418.56	    4.3633	    0.1980		
    0.0330	    0.0340	   -3.0051	   2375.72	    4.4176	    0.1860		
    0.0330	    0.0390	   -3.0803	   2331.45	    4.4601	    0.1771		
    0.0330	    0.0450	   -3.1570	   2283.92	    4.5010	    0.1690		
    0.0330	    0.0530	   -3.2450	   2225.58	    4.5441	    0.1608		
    0.0330	    0.0610	   -3.3228	   2170.31	    4.5782	    0.1546		
    0.0330	    0.0710	   -3.4125	   2101.59	    4.6120	    0.1487		
    0.0330	    0.0820	   -3.5277	   1999.25	    4.6404	    0.1439		
    0.0330	    0.0960	   -3.6382	   1905.53	    4.6675	    0.1395		
    0.0330	    0.1000	   -3.6651	   1883.21	    4.6740	    0.1385		
    0.0330	    0.1100	   -3.7241	   1835.61	    4.6885	    0.1362		
    0.0330	    0.1300	   -3.8229	   1757.94	    4.7122	    0.1325		
    0.0330	    0.1500	   -3.9043	   1695.78	    4.7310	    0.1297		
    0.0330	    0.1700	   -3.9766	   1641.25	    4.7466	    0.1274		
    0.0330	    0.2000	   -4.0834	   1560.17	    4.7653	    0.1246		
    0.0330	    0.2300	   -4.1831	   1485.44	    4.7798	    0.1226		
    0.0330	    0.2700	   -4.2803	   1416.72	    4.7947	    0.1205		
    0.0330	    0.3100	   -4.3439	   1375.40	    4.8069	    0.1188		
    0.0330	    0.3700	   -4.4190	   1328.97	    4.8224	    0.1167		
    0.0330	    0.4200	   -4.4688	   1299.48	    4.8332	    0.1153		
    0.0330	    0.4900	   -4.4944	   1290.71	    4.8470	    0.1135		
    0.0330	    0.5700	   -4.5206	   1282.20	    4.8617	    0.1115		
    0.0330	    0.6600	   -4.5487	   1272.78	    4.8770	    0.1096		
    0.0330	    0.7700	   -4.5828	   1260.36	    4.8941	    0.1075		
    0.0330	    0.8900	   -4.6182	   1247.01	    4.9110	    0.1054		
    0.0330	    1.0000	   -4.6488	   1235.12	    4.9249	    0.1037		
    0.0330	    1.2000	   -4.7004	   1214.65	    4.9475	    0.1011		
    0.0330	    1.4000	   -4.7759	   1176.11	    4.9670	    0.0988		
    0.0330	    1.6000	   -4.9054	   1100.96	    4.9817	    0.0972		
    0.0330	    1.9000	   -5.0570	   1018.06	    4.9973	    0.0954		
    0.0330	    2.2000	   -5.1793	    955.00	    5.0086	    0.0942		
    0.0330	    2.5000	   -5.2789	    906.28	    5.0172	    0.0933		
    0.0330	    2.9000	   -5.3899	    854.57	    5.0261	    0.0923		
    0.0330	    3.4000	   -5.5029	    804.66	    5.0346	    0.0914		
    0.0330	    4.0000	   -5.6147	    757.89	    5.0424	    0.0906		
    0.0330	    4.6000	   -5.7073	    721.10	    5.0485	    0.0900		
    0.0330	    5.3000	   -5.7945	    688.06	    5.0542	    0.0894		
    0.0330	    6.2000	   -5.8898	    653.54	    5.0602	    0.0888		
    0.0330	    7.2000	   -5.9775	    623.26	    5.0655	    0.0882		
    0.0330	    8.3000	   -6.0626	    595.10	    5.0702	    0.0877		
    0.0330	    9.7000	   -6.1577	    564.97	    5.0751	    0.0873		
    0.0330	   10.0000	   -6.1704	    561.12	    5.0760	    0.0872		
    0.0330	   11.0000	   -6.2116	    548.91	    5.0788	    0.0869		
    0.0330	   13.0000	   -6.3244	    515.77	    5.0835	    0.0864		
    0.0330	   15.0000	   -6.3719	    503.00	    5.0874	    0.0860		
0.035 M_Sun, 36.66 M_Jup 	
    0.0350	    0.0010	   -1.9824	   2368.48	    3.4151	    0.6075		
    0.0350	    0.0013	   -2.0388	   2397.46	    3.4926	    0.5556		
    0.0350	    0.0017	   -2.1157	   2397.55	    3.5696	    0.5085		
    0.0350	    0.0020	   -2.1561	   2397.97	    3.6104	    0.4852		
    0.0350	    0.0023	   -2.1821	   2400.97	    3.6385	    0.4697		
    0.0350	    0.0027	   -2.2008	   2405.93	    3.6608	    0.4578		
    0.0350	    0.0031	   -2.2105	   2408.64	    3.6724	    0.4518		
    0.0350	    0.0036	   -2.2166	   2411.00	    3.6802	    0.4477		
    0.0350	    0.0042	   -2.2214	   2413.00	    3.6865	    0.4445		
    0.0350	    0.0049	   -2.2268	   2414.75	    3.6932	    0.4411		
    0.0350	    0.0057	   -2.2328	   2418.08	    3.7016	    0.4368		
    0.0350	    0.0066	   -2.2415	   2421.45	    3.7126	    0.4313		
    0.0350	    0.0076	   -2.2524	   2427.76	    3.7281	    0.4237		
    0.0350	    0.0088	   -2.2681	   2443.07	    3.7547	    0.4109		
    0.0350	    0.0100	   -2.2910	   2479.17	    3.8030	    0.3887		
    0.0350	    0.0120	   -2.4000	   2523.05	    3.9426	    0.3310		
    0.0350	    0.0140	   -2.4930	   2538.48	    4.0461	    0.2938		
    0.0350	    0.0160	   -2.5755	   2527.85	    4.1214	    0.2694		
    0.0350	    0.0190	   -2.6714	   2510.97	    4.2056	    0.2445		
    0.0350	    0.0220	   -2.7467	   2493.83	    4.2690	    0.2273		
    0.0350	    0.0250	   -2.8122	   2472.75	    4.3198	    0.2144		
    0.0350	    0.0290	   -2.8832	   2448.98	    4.3740	    0.2014		
    0.0350	    0.0340	   -2.9598	   2417.35	    4.4281	    0.1893		
    0.0350	    0.0390	   -3.0315	   2378.02	    4.4712	    0.1801		
    0.0350	    0.0450	   -3.1059	   2333.40	    4.5127	    0.1717		
    0.0350	    0.0530	   -3.1904	   2279.72	    4.5567	    0.1632		
    0.0350	    0.0610	   -3.2637	   2230.10	    4.5918	    0.1567		
    0.0350	    0.0710	   -3.3441	   2172.97	    4.6272	    0.1505		
    0.0350	    0.0820	   -3.4316	   2103.36	    4.6581	    0.1452		
    0.0350	    0.0960	   -3.5575	   1990.21	    4.6879	    0.1403		
    0.0350	    0.1000	   -3.5863	   1965.37	    4.6949	    0.1392		
    0.0350	    0.1100	   -3.6512	   1910.28	    4.7104	    0.1367		
    0.0350	    0.1300	   -3.7512	   1829.49	    4.7354	    0.1329		
    0.0350	    0.1500	   -3.8352	   1763.20	    4.7552	    0.1299		
    0.0350	    0.1700	   -3.9086	   1706.08	    4.7714	    0.1275		
    0.0350	    0.2000	   -4.0022	   1634.94	    4.7911	    0.1246		
    0.0350	    0.2300	   -4.0943	   1564.58	    4.8068	    0.1224		
    0.0350	    0.2700	   -4.2061	   1480.67	    4.8228	    0.1201		
    0.0350	    0.3100	   -4.2881	   1422.76	    4.8355	    0.1184		
    0.0350	    0.3700	   -4.3685	   1370.51	    4.8508	    0.1163		
    0.0350	    0.4200	   -4.4230	   1336.53	    4.8617	    0.1149		
    0.0350	    0.4900	   -4.4847	   1299.63	    4.8748	    0.1132		
    0.0350	    0.5700	   -4.5097	   1290.92	    4.8882	    0.1114		
    0.0350	    0.6600	   -4.5351	   1282.50	    4.9022	    0.1097		
    0.0350	    0.7700	   -4.5646	   1272.45	    4.9180	    0.1077		
    0.0350	    0.8900	   -4.5960	   1261.02	    4.9338	    0.1057		
    0.0350	    1.0000	   -4.6232	   1250.97	    4.9471	    0.1041		
    0.0350	    1.2000	   -4.6711	   1232.22	    4.9687	    0.1016		
    0.0350	    1.4000	   -4.7150	   1214.71	    4.9877	    0.0994		
    0.0350	    1.6000	   -4.7655	   1191.42	    5.0045	    0.0975		
    0.0350	    1.9000	   -4.9348	   1092.58	    5.0234	    0.0954		
    0.0350	    2.2000	   -5.0650	   1021.43	    5.0366	    0.0939		
    0.0350	    2.5000	   -5.1727	    965.51	    5.0465	    0.0929		
    0.0350	    2.9000	   -5.2902	    907.53	    5.0565	    0.0918		
    0.0350	    3.4000	   -5.4087	    852.34	    5.0660	    0.0908		
    0.0350	    4.0000	   -5.5253	    800.92	    5.0745	    0.0899		
    0.0350	    4.6000	   -5.6192	    761.68	    5.0811	    0.0892		
    0.0350	    5.3000	   -5.7141	    723.76	    5.0873	    0.0886		
    0.0350	    6.2000	   -5.8138	    685.85	    5.0936	    0.0880		
    0.0350	    7.2000	   -5.9034	    653.47	    5.0991	    0.0874		
    0.0350	    8.3000	   -5.9846	    625.42	    5.1042	    0.0869		
    0.0350	    9.7000	   -6.0822	    593.05	    5.1093	    0.0864		
    0.0350	   10.0000	   -6.1079	    584.62	    5.1103	    0.0863		
    0.0350	   11.0000	   -6.1610	    567.97	    5.1131	    0.0860		
    0.0350	   13.0000	   -6.2459	    542.46	    5.1181	    0.0855		
    0.0350	   15.0000	   -6.3332	    517.00	    5.1220	    0.0851		
0.038 M_Sun, 39.81 M_Jup 	
    0.0380	    0.0010	   -1.9354	   2385.28	    3.4161	    0.6323		
    0.0380	    0.0013	   -1.9807	   2428.87	    3.4929	    0.5788		
    0.0380	    0.0017	   -2.0522	   2435.00	    3.5687	    0.5304		
    0.0380	    0.0020	   -2.0889	   2436.00	    3.6062	    0.5080		
    0.0380	    0.0023	   -2.1121	   2436.23	    3.6296	    0.4945		
    0.0380	    0.0027	   -2.1275	   2438.00	    3.6462	    0.4851		
    0.0380	    0.0031	   -2.1352	   2438.84	    3.6545	    0.4805		
    0.0380	    0.0036	   -2.1400	   2441.00	    3.6609	    0.4770		
    0.0380	    0.0042	   -2.1447	   2443.43	    3.6672	    0.4735		
    0.0380	    0.0049	   -2.1499	   2446.94	    3.6750	    0.4693		
    0.0380	    0.0057	   -2.1569	   2451.59	    3.6853	    0.4638		
    0.0380	    0.0066	   -2.1658	   2459.31	    3.6996	    0.4562		
    0.0380	    0.0076	   -2.1785	   2472.24	    3.7214	    0.4449		
    0.0380	    0.0088	   -2.2031	   2500.77	    3.7660	    0.4227		
    0.0380	    0.0100	   -2.2813	   2518.39	    3.8564	    0.3809		
    0.0380	    0.0120	   -2.3781	   2565.27	    3.9852	    0.3284		
    0.0380	    0.0140	   -2.4720	   2563.12	    4.0776	    0.2952		
    0.0380	    0.0160	   -2.5466	   2554.37	    4.1463	    0.2728		
    0.0380	    0.0190	   -2.6341	   2541.41	    4.2250	    0.2492		
    0.0380	    0.0220	   -2.7056	   2525.67	    4.2857	    0.2323		
    0.0380	    0.0250	   -2.7651	   2510.31	    4.3346	    0.2196		
    0.0380	    0.0290	   -2.8327	   2489.80	    4.3879	    0.2065		
    0.0380	    0.0340	   -2.9035	   2464.71	    4.4411	    0.1943		
    0.0380	    0.0390	   -2.9665	   2437.01	    4.4845	    0.1848		
    0.0380	    0.0450	   -3.0353	   2400.55	    4.5271	    0.1760		
    0.0380	    0.0530	   -3.1169	   2350.93	    4.5724	    0.1670		
    0.0380	    0.0610	   -3.1853	   2308.10	    4.6089	    0.1602		
    0.0380	    0.0710	   -3.2624	   2255.46	    4.6459	    0.1535		
    0.0380	    0.0820	   -3.3339	   2205.89	    4.6788	    0.1478		
    0.0380	    0.0960	   -3.4263	   2132.35	    4.7123	    0.1422		
    0.0380	    0.1000	   -3.4539	   2108.64	    4.7204	    0.1408		
    0.0380	    0.1100	   -3.5298	   2039.40	    4.7383	    0.1380		
    0.0380	    0.1300	   -3.6488	   1934.87	    4.7660	    0.1336		
    0.0380	    0.1500	   -3.7358	   1863.05	    4.7873	    0.1304		
    0.0380	    0.1700	   -3.8047	   1808.77	    4.8048	    0.1278		
    0.0380	    0.2000	   -3.9034	   1729.90	    4.8260	    0.1247		
    0.0380	    0.2300	   -3.9875	   1663.98	    4.8427	    0.1224		
    0.0380	    0.2700	   -4.0803	   1593.87	    4.8607	    0.1198		
    0.0380	    0.3100	   -4.1824	   1515.13	    4.8747	    0.1179		
    0.0380	    0.3700	   -4.2890	   1438.34	    4.8910	    0.1157		
    0.0380	    0.4200	   -4.3544	   1393.81	    4.9018	    0.1143		
    0.0380	    0.4900	   -4.4191	   1353.05	    4.9149	    0.1126		
    0.0380	    0.5700	   -4.4877	   1310.12	    4.9275	    0.1110		
    0.0380	    0.6600	   -4.5200	   1295.06	    4.9397	    0.1094		
    0.0380	    0.7700	   -4.5456	   1286.38	    4.9537	    0.1077		
    0.0380	    0.8900	   -4.5716	   1277.68	    4.9678	    0.1059		
    0.0380	    1.0000	   -4.5952	   1269.23	    4.9799	    0.1045		
    0.0380	    1.2000	   -4.6361	   1254.01	    4.9999	    0.1021		
    0.0380	    1.4000	   -4.6743	   1239.34	    5.0177	    0.1000		
    0.0380	    1.6000	   -4.7103	   1225.12	    5.0336	    0.0982		
    0.0380	    1.9000	   -4.7597	   1205.41	    5.0548	    0.0958		
    0.0380	    2.2000	   -4.8822	   1134.69	    5.0722	    0.0939		
    0.0380	    2.5000	   -5.0037	   1065.75	    5.0848	    0.0926		
    0.0380	    2.9000	   -5.1328	    996.48	    5.0972	    0.0913		
    0.0380	    3.4000	   -5.2644	    929.80	    5.1085	    0.0901		
    0.0380	    4.0000	   -5.3897	    870.04	    5.1184	    0.0891		
    0.0380	    4.6000	   -5.4923	    823.73	    5.1260	    0.0883		
    0.0380	    5.3000	   -5.5896	    781.97	    5.1329	    0.0876		
    0.0380	    6.2000	   -5.6952	    738.82	    5.1399	    0.0869		
    0.0380	    7.2000	   -5.7933	    700.75	    5.1460	    0.0863		
    0.0380	    8.3000	   -5.8797	    668.78	    5.1514	    0.0858		
    0.0380	    9.7000	   -5.9733	    635.71	    5.1569	    0.0852		
    0.0380	   10.0000	   -5.9912	    629.58	    5.1580	    0.0851		
    0.0380	   11.0000	   -6.0447	    611.62	    5.1611	    0.0848		
    0.0380	   13.0000	   -6.1573	    574.96	    5.1664	    0.0843		
    0.0380	   15.0000	   -6.2198	    556.00	    5.1706	    0.0839		
0.04 M_Sun, 41.90 M_Jup 	
    0.0400	    0.0010	   -1.9064	   2396.22	    3.4174	    0.6477		
    0.0400	    0.0013	   -1.9444	   2449.91	    3.4939	    0.5931		
    0.0400	    0.0017	   -2.0113	   2460.19	    3.5681	    0.5446		
    0.0400	    0.0020	   -2.0435	   2464.00	    3.6029	    0.5232		
    0.0400	    0.0023	   -2.0623	   2466.09	    3.6232	    0.5111		
    0.0400	    0.0027	   -2.0749	   2467.61	    3.6369	    0.5031		
    0.0400	    0.0031	   -2.0812	   2468.68	    3.6439	    0.4990		
    0.0400	    0.0036	   -2.0871	   2469.01	    3.6500	    0.4956		
    0.0400	    0.0042	   -2.0928	   2470.41	    3.6568	    0.4917		
    0.0400	    0.0049	   -2.0998	   2472.79	    3.6654	    0.4868		
    0.0400	    0.0057	   -2.1099	   2475.09	    3.6772	    0.4803		
    0.0400	    0.0066	   -2.1224	   2481.78	    3.6943	    0.4709		
    0.0400	    0.0076	   -2.1374	   2500.89	    3.7226	    0.4558		
    0.0400	    0.0088	   -2.1953	   2512.85	    3.7888	    0.4224		
    0.0400	    0.0100	   -2.2763	   2536.04	    3.8858	    0.3778		
    0.0400	    0.0120	   -2.3602	   2588.27	    4.0051	    0.3293		
    0.0400	    0.0140	   -2.4528	   2580.34	    4.0924	    0.2978		
    0.0400	    0.0160	   -2.5248	   2571.83	    4.1586	    0.2759		
    0.0400	    0.0190	   -2.6087	   2560.59	    4.2349	    0.2527		
    0.0400	    0.0220	   -2.6775	   2546.54	    4.2942	    0.2361		
    0.0400	    0.0250	   -2.7358	   2531.98	    4.3425	    0.2233		
    0.0400	    0.0290	   -2.8002	   2514.58	    4.3949	    0.2102		
    0.0400	    0.0340	   -2.8683	   2493.01	    4.4481	    0.1977		
    0.0400	    0.0390	   -2.9275	   2470.61	    4.4916	    0.1881		
    0.0400	    0.0450	   -2.9944	   2436.97	    4.5346	    0.1790		
    0.0400	    0.0530	   -3.0705	   2395.37	    4.5808	    0.1697		
    0.0400	    0.0610	   -3.1393	   2352.25	    4.6181	    0.1626		
    0.0400	    0.0710	   -3.2115	   2306.36	    4.6560	    0.1556		
    0.0400	    0.0820	   -3.2830	   2257.02	    4.6900	    0.1497		
    0.0400	    0.0960	   -3.3618	   2200.90	    4.7250	    0.1437		
    0.0400	    0.1000	   -3.3862	   2180.98	    4.7337	    0.1423		
    0.0400	    0.1100	   -3.4466	   2130.14	    4.7531	    0.1392		
    0.0400	    0.1300	   -3.5735	   2015.21	    4.7836	    0.1344		
    0.0400	    0.1500	   -3.6712	   1930.11	    4.8063	    0.1309		
    0.0400	    0.1700	   -3.7459	   1868.38	    4.8246	    0.1282		
    0.0400	    0.2000	   -3.8322	   1800.74	    4.8469	    0.1249		
    0.0400	    0.2300	   -3.9260	   1723.70	    4.8647	    0.1224		
    0.0400	    0.2700	   -4.0191	   1651.28	    4.8832	    0.1198		
    0.0400	    0.3100	   -4.0992	   1590.64	    4.8983	    0.1177		
    0.0400	    0.3700	   -4.2254	   1494.04	    4.9156	    0.1154		
    0.0400	    0.4200	   -4.2987	   1441.60	    4.9270	    0.1139		
    0.0400	    0.4900	   -4.3754	   1389.76	    4.9400	    0.1122		
    0.0400	    0.5700	   -4.4407	   1348.20	    4.9526	    0.1106		
    0.0400	    0.6600	   -4.5067	   1306.96	    4.9646	    0.1091		
    0.0400	    0.7700	   -4.5362	   1294.50	    4.9774	    0.1075		
    0.0400	    0.8900	   -4.5600	   1286.44	    4.9904	    0.1059		
    0.0400	    1.0000	   -4.5804	   1279.70	    5.0017	    0.1045		
    0.0400	    1.2000	   -4.6180	   1265.86	    5.0204	    0.1023		
    0.0400	    1.4000	   -4.6529	   1252.85	    5.0373	    0.1003		
    0.0400	    1.6000	   -4.6855	   1240.40	    5.0526	    0.0986		
    0.0400	    1.9000	   -4.7324	   1221.70	    5.0731	    0.0963		
    0.0400	    2.2000	   -4.7756	   1204.10	    5.0911	    0.0943		
    0.0400	    2.5000	   -4.8824	   1142.26	    5.1062	    0.0927		
    0.0400	    2.9000	   -5.0241	   1061.68	    5.1208	    0.0911		
    0.0400	    3.4000	   -5.1629	    987.48	    5.1338	    0.0898		
    0.0400	    4.0000	   -5.2978	    919.58	    5.1450	    0.0886		
    0.0400	    4.6000	   -5.4036	    869.41	    5.1533	    0.0878		
    0.0400	    5.3000	   -5.5089	    821.87	    5.1609	    0.0870		
    0.0400	    6.2000	   -5.6188	    774.87	    5.1685	    0.0863		
    0.0400	    7.2000	   -5.7187	    734.29	    5.1750	    0.0856		
    0.0400	    8.3000	   -5.8105	    698.80	    5.1807	    0.0851		
    0.0400	    9.7000	   -5.9067	    663.38	    5.1866	    0.0845		
    0.0400	   10.0000	   -5.9237	    657.32	    5.1876	    0.0844		
    0.0400	   11.0000	   -5.9798	    637.62	    5.1909	    0.0841		
    0.0400	   13.0000	   -6.0770	    604.86	    5.1965	    0.0835		
    0.0400	   15.0000	   -6.1724	    574.00	    5.2009	    0.0831		
0.043 M_Sun, 45.05 M_Jup 	
    0.0430	    0.0010	   -1.8575	   2425.79	    3.4212	    0.6687		
    0.0430	    0.0013	   -1.8945	   2480.51	    3.4969	    0.6128		
    0.0430	    0.0017	   -1.9541	   2495.20	    3.5668	    0.5655		
    0.0430	    0.0020	   -1.9797	   2501.00	    3.5965	    0.5465		
    0.0430	    0.0023	   -1.9947	   2502.00	    3.6121	    0.5367		
    0.0430	    0.0027	   -2.0043	   2503.00	    3.6224	    0.5304		
    0.0430	    0.0031	   -2.0102	   2503.00	    3.6283	    0.5268		
    0.0430	    0.0036	   -2.0158	   2504.00	    3.6346	    0.5230		
    0.0430	    0.0042	   -2.0228	   2505.00	    3.6423	    0.5184		
    0.0430	    0.0049	   -2.0326	   2505.81	    3.6526	    0.5123		
    0.0430	    0.0057	   -2.0464	   2507.00	    3.6673	    0.5037		
    0.0430	    0.0066	   -2.0684	   2508.20	    3.6901	    0.4906		
    0.0430	    0.0076	   -2.1076	   2512.77	    3.7325	    0.4673		
    0.0430	    0.0088	   -2.1930	   2533.28	    3.8320	    0.4167		
    0.0430	    0.0100	   -2.2589	   2563.41	    3.9184	    0.3773		
    0.0430	    0.0120	   -2.3387	   2609.40	    4.0291	    0.3321		
    0.0430	    0.0140	   -2.4239	   2603.80	    4.1106	    0.3024		
    0.0430	    0.0160	   -2.4907	   2597.81	    4.1734	    0.2813		
    0.0430	    0.0190	   -2.5701	   2589.40	    4.2471	    0.2584		
    0.0430	    0.0220	   -2.6372	   2575.57	    4.3050	    0.2417		
    0.0430	    0.0250	   -2.6927	   2563.33	    4.3522	    0.2289		
    0.0430	    0.0290	   -2.7558	   2546.82	    4.4040	    0.2157		
    0.0430	    0.0340	   -2.8211	   2528.37	    4.4567	    0.2030		
    0.0430	    0.0390	   -2.8765	   2510.93	    4.5001	    0.1931		
    0.0430	    0.0450	   -2.9362	   2487.66	    4.5437	    0.1836		
    0.0430	    0.0530	   -3.0102	   2449.44	    4.5908	    0.1740		
    0.0430	    0.0610	   -3.0737	   2414.28	    4.6291	    0.1664		
    0.0430	    0.0710	   -3.1441	   2371.72	    4.6686	    0.1590		
    0.0430	    0.0820	   -3.2116	   2328.11	    4.7038	    0.1527		
    0.0430	    0.0960	   -3.2872	   2276.51	    4.7405	    0.1464		
    0.0430	    0.1000	   -3.3071	   2262.40	    4.7496	    0.1449		
    0.0430	    0.1100	   -3.3541	   2228.58	    4.7704	    0.1414		
    0.0430	    0.1300	   -3.4550	   2144.62	    4.8047	    0.1360		
    0.0430	    0.1500	   -3.5592	   2050.51	    4.8308	    0.1319		
    0.0430	    0.1700	   -3.6497	   1969.27	    4.8512	    0.1289		
    0.0430	    0.2000	   -3.7511	   1883.16	    4.8748	    0.1254		
    0.0430	    0.2300	   -3.8231	   1826.48	    4.8939	    0.1227		
    0.0430	    0.2700	   -3.9288	   1739.19	    4.9144	    0.1198		
    0.0430	    0.3100	   -4.0145	   1670.52	    4.9301	    0.1177		
    0.0430	    0.3700	   -4.1102	   1598.42	    4.9491	    0.1151		
    0.0430	    0.4200	   -4.2028	   1526.34	    4.9617	    0.1135		
    0.0430	    0.4900	   -4.2956	   1458.44	    4.9754	    0.1117		
    0.0430	    0.5700	   -4.3770	   1401.98	    4.9882	    0.1101		
    0.0430	    0.6600	   -4.4406	   1360.93	    5.0002	    0.1086		
    0.0430	    0.7700	   -4.5063	   1319.79	    5.0126	    0.1070		
    0.0430	    0.8900	   -4.5472	   1297.83	    5.0243	    0.1056		
    0.0430	    1.0000	   -4.5660	   1291.18	    5.0342	    0.1044		
    0.0430	    1.2000	   -4.5967	   1281.02	    5.0511	    0.1024		
    0.0430	    1.4000	   -4.6273	   1269.89	    5.0666	    0.1006		
    0.0430	    1.6000	   -4.6562	   1259.16	    5.0808	    0.0990		
    0.0430	    1.9000	   -4.6977	   1243.06	    5.0999	    0.0968		
    0.0430	    2.2000	   -4.7360	   1228.04	    5.1171	    0.0949		
    0.0430	    2.5000	   -4.7721	   1213.49	    5.1325	    0.0932		
    0.0430	    2.9000	   -4.8464	   1174.91	    5.1505	    0.0913		
    0.0430	    3.4000	   -5.0062	   1081.90	    5.1671	    0.0896		
    0.0430	    4.0000	   -5.1520	   1002.65	    5.1808	    0.0882		
    0.0430	    4.6000	   -5.2702	    942.02	    5.1907	    0.0872		
    0.0430	    5.3000	   -5.3818	    887.91	    5.1995	    0.0863		
    0.0430	    6.2000	   -5.4981	    834.55	    5.2081	    0.0855		
    0.0430	    7.2000	   -5.6052	    787.95	    5.2154	    0.0847		
    0.0430	    8.3000	   -5.7017	    748.06	    5.2217	    0.0841		
    0.0430	    9.7000	   -5.8026	    708.45	    5.2280	    0.0835		
    0.0430	   10.0000	   -5.8224	    700.88	    5.2292	    0.0834		
    0.0430	   11.0000	   -5.8841	    677.85	    5.2328	    0.0831		
    0.0430	   13.0000	   -5.9837	    642.23	    5.2387	    0.0825		
    0.0430	   15.0000	   -6.0665	    614.00	    5.2434	    0.0821		
0.045 M_Sun, 47.14 M_Jup 	
    0.0450	    0.0010	   -1.8208	   2458.87	    3.4278	    0.6789		
    0.0450	    0.0013	   -1.8663	   2499.72	    3.5019	    0.6233		
    0.0450	    0.0017	   -1.9254	   2507.00	    3.5661	    0.5790		
    0.0450	    0.0020	   -1.9488	   2509.06	    3.5908	    0.5627		
    0.0450	    0.0023	   -1.9605	   2510.10	    3.6033	    0.5547		
    0.0450	    0.0027	   -1.9684	   2511.00	    3.6117	    0.5493		
    0.0450	    0.0031	   -1.9733	   2512.00	    3.6174	    0.5457		
    0.0450	    0.0036	   -1.9797	   2512.02	    3.6238	    0.5417		
    0.0450	    0.0042	   -1.9874	   2513.00	    3.6322	    0.5365		
    0.0450	    0.0049	   -1.9982	   2514.00	    3.6436	    0.5295		
    0.0450	    0.0057	   -2.0135	   2515.97	    3.6603	    0.5194		
    0.0450	    0.0066	   -2.0391	   2518.12	    3.6874	    0.5035		
    0.0450	    0.0076	   -2.0927	   2522.57	    3.7441	    0.4717		
    0.0450	    0.0088	   -2.1824	   2546.73	    3.8503	    0.4174		
    0.0450	    0.0100	   -2.2416	   2581.48	    3.9330	    0.3795		
    0.0450	    0.0120	   -2.3214	   2621.51	    4.0397	    0.3356		
    0.0450	    0.0140	   -2.4032	   2617.16	    4.1185	    0.3065		
    0.0450	    0.0160	   -2.4678	   2612.30	    4.1799	    0.2856		
    0.0450	    0.0190	   -2.5444	   2606.08	    4.2524	    0.2627		
    0.0450	    0.0220	   -2.6089	   2595.31	    4.3097	    0.2460		
    0.0450	    0.0250	   -2.6645	   2582.49	    4.3567	    0.2330		
    0.0450	    0.0290	   -2.7262	   2567.73	    4.4084	    0.2195		
    0.0450	    0.0340	   -2.7906	   2550.35	    4.4610	    0.2066		
    0.0450	    0.0390	   -2.8452	   2533.93	    4.5044	    0.1966		
    0.0450	    0.0450	   -2.9024	   2514.23	    4.5480	    0.1869		
    0.0450	    0.0530	   -2.9720	   2482.95	    4.5959	    0.1769		
    0.0450	    0.0610	   -3.0349	   2448.97	    4.6348	    0.1692		
    0.0450	    0.0710	   -3.1019	   2411.31	    4.6749	    0.1615		
    0.0450	    0.0820	   -3.1677	   2370.85	    4.7113	    0.1549		
    0.0450	    0.0960	   -3.2413	   2322.16	    4.7489	    0.1483		
    0.0450	    0.1000	   -3.2603	   2309.44	    4.7583	    0.1467		
    0.0450	    0.1100	   -3.3060	   2277.52	    4.7798	    0.1431		
    0.0450	    0.1300	   -3.3916	   2213.30	    4.8157	    0.1373		
    0.0450	    0.1500	   -3.4841	   2132.92	    4.8440	    0.1329		
    0.0450	    0.1700	   -3.5756	   2049.59	    4.8663	    0.1296		
    0.0450	    0.2000	   -3.6901	   1947.24	    4.8917	    0.1258		
    0.0450	    0.2300	   -3.7733	   1877.28	    4.9114	    0.1230		
    0.0450	    0.2700	   -3.8541	   1814.17	    4.9329	    0.1200		
    0.0450	    0.3100	   -3.9583	   1725.49	    4.9499	    0.1177		
    0.0450	    0.3700	   -4.0592	   1646.41	    4.9694	    0.1151		
    0.0450	    0.4200	   -4.1267	   1595.81	    4.9826	    0.1133		
    0.0450	    0.4900	   -4.2385	   1509.17	    4.9975	    0.1114		
    0.0450	    0.5700	   -4.3199	   1451.01	    5.0106	    0.1097		
    0.0450	    0.6600	   -4.3995	   1395.83	    5.0228	    0.1082		
    0.0450	    0.7700	   -4.4629	   1355.47	    5.0353	    0.1067		
    0.0450	    0.8900	   -4.5256	   1316.11	    5.0468	    0.1053		
    0.0450	    1.0000	   -4.5585	   1298.37	    5.0561	    0.1041		
    0.0450	    1.2000	   -4.5869	   1288.86	    5.0717	    0.1023		
    0.0450	    1.4000	   -4.6148	   1278.90	    5.0861	    0.1006		
    0.0450	    1.6000	   -4.6411	   1269.32	    5.0994	    0.0991		
    0.0450	    1.9000	   -4.6790	   1255.02	    5.1176	    0.0970		
    0.0450	    2.2000	   -4.7144	   1241.42	    5.1340	    0.0952		
    0.0450	    2.5000	   -4.7479	   1228.14	    5.1489	    0.0936		
    0.0450	    2.9000	   -4.7900	   1211.08	    5.1667	    0.0917		
    0.0450	    3.4000	   -4.8899	   1156.01	    5.1856	    0.0897		
    0.0450	    4.0000	   -5.0506	   1063.62	    5.2018	    0.0881		
    0.0450	    4.6000	   -5.1748	    996.74	    5.2131	    0.0869		
    0.0450	    5.3000	   -5.2948	    935.51	    5.2229	    0.0859		
    0.0450	    6.2000	   -5.4178	    876.29	    5.2324	    0.0850		
    0.0450	    7.2000	   -5.5290	    825.71	    5.2403	    0.0842		
    0.0450	    8.3000	   -5.6286	    782.76	    5.2471	    0.0836		
    0.0450	    9.7000	   -5.7349	    739.20	    5.2539	    0.0829		
    0.0450	   10.0000	   -5.7550	    731.20	    5.2551	    0.0828		
    0.0450	   11.0000	   -5.8160	    707.52	    5.2589	    0.0825		
    0.0450	   13.0000	   -5.9192	    669.07	    5.2650	    0.0819		
    0.0450	   15.0000	   -6.0067	    638.00	    5.2700	    0.0814		
0.048 M_Sun, 50.28 M_Jup 	
    0.0480	    0.0010	   -1.7716	   2504.45	    3.4384	    0.6926		
    0.0480	    0.0013	   -1.8347	   2514.47	    3.5085	    0.6389		
    0.0480	    0.0017	   -1.8850	   2519.24	    3.5621	    0.6006		
    0.0480	    0.0020	   -1.9021	   2521.00	    3.5804	    0.5881		
    0.0480	    0.0023	   -1.9105	   2522.00	    3.5895	    0.5820		
    0.0480	    0.0027	   -1.9168	   2523.00	    3.5965	    0.5773		
    0.0480	    0.0031	   -1.9223	   2523.00	    3.6020	    0.5737		
    0.0480	    0.0036	   -1.9286	   2524.00	    3.6090	    0.5691		
    0.0480	    0.0042	   -1.9374	   2525.00	    3.6184	    0.5630		
    0.0480	    0.0049	   -1.9499	   2526.31	    3.6319	    0.5543		
    0.0480	    0.0057	   -1.9692	   2528.00	    3.6524	    0.5414		
    0.0480	    0.0066	   -2.0036	   2531.40	    3.6891	    0.5190		
    0.0480	    0.0076	   -2.0809	   2539.44	    3.7719	    0.4718		
    0.0480	    0.0088	   -2.1631	   2567.14	    3.8729	    0.4200		
    0.0480	    0.0100	   -2.2141	   2607.24	    3.9508	    0.3840		
    0.0480	    0.0120	   -2.2953	   2638.00	    4.0524	    0.3416		
    0.0480	    0.0140	   -2.3730	   2635.00	    4.1281	    0.3131		
    0.0480	    0.0160	   -2.4347	   2631.87	    4.1877	    0.2923		
    0.0480	    0.0190	   -2.5087	   2627.18	    4.2587	    0.2694		
    0.0480	    0.0220	   -2.5709	   2618.56	    4.3152	    0.2524		
    0.0480	    0.0250	   -2.6238	   2609.11	    4.3618	    0.2392		
    0.0480	    0.0290	   -2.6830	   2597.69	    4.4134	    0.2254		
    0.0480	    0.0340	   -2.7464	   2581.91	    4.4661	    0.2121		
    0.0480	    0.0390	   -2.8000	   2567.13	    4.5098	    0.2017		
    0.0480	    0.0450	   -2.8567	   2548.17	    4.5536	    0.1918		
    0.0480	    0.0530	   -2.9205	   2525.33	    4.6018	    0.1815		
    0.0480	    0.0610	   -2.9793	   2498.09	    4.6418	    0.1733		
    0.0480	    0.0710	   -3.0464	   2461.23	    4.6831	    0.1653		
    0.0480	    0.0820	   -3.1084	   2426.46	    4.7203	    0.1583		
    0.0480	    0.0960	   -3.1780	   2384.30	    4.7595	    0.1513		
    0.0480	    0.1000	   -3.1968	   2371.93	    4.7693	    0.1496		
    0.0480	    0.1100	   -3.2410	   2342.43	    4.7917	    0.1458		
    0.0480	    0.1300	   -3.3183	   2289.47	    4.8293	    0.1397		
    0.0480	    0.1500	   -3.3927	   2232.31	    4.8598	    0.1348		
    0.0480	    0.1700	   -3.4716	   2163.88	    4.8846	    0.1310		
    0.0480	    0.2000	   -3.5848	   2061.52	    4.9136	    0.1267		
    0.0480	    0.2300	   -3.6859	   1969.63	    4.9355	    0.1236		
    0.0480	    0.2700	   -3.7840	   1885.76	    4.9580	    0.1204		
    0.0480	    0.3100	   -3.8523	   1832.25	    4.9762	    0.1179		
    0.0480	    0.3700	   -3.9838	   1719.95	    4.9978	    0.1150		
    0.0480	    0.4200	   -4.0544	   1664.47	    5.0115	    0.1132		
    0.0480	    0.4900	   -4.1270	   1611.02	    5.0275	    0.1112		
    0.0480	    0.5700	   -4.2236	   1537.04	    5.0423	    0.1093		
    0.0480	    0.6600	   -4.3105	   1473.12	    5.0554	    0.1076		
    0.0480	    0.7700	   -4.4049	   1405.53	    5.0682	    0.1061		
    0.0480	    0.8900	   -4.4672	   1364.98	    5.0797	    0.1047		
    0.0480	    1.0000	   -4.5173	   1333.09	    5.0888	    0.1036		
    0.0480	    1.2000	   -4.5764	   1299.02	    5.1029	    0.1019		
    0.0480	    1.4000	   -4.6008	   1290.35	    5.1157	    0.1004		
    0.0480	    1.6000	   -4.6236	   1282.36	    5.1276	    0.0991		
    0.0480	    1.9000	   -4.6567	   1270.18	    5.1442	    0.0972		
    0.0480	    2.2000	   -4.6876	   1258.66	    5.1592	    0.0955		
    0.0480	    2.5000	   -4.7177	   1246.89	    5.1730	    0.0940		
    0.0480	    2.9000	   -4.7554	   1231.91	    5.1898	    0.0922		
    0.0480	    3.4000	   -4.7987	   1214.55	    5.2084	    0.0903		
    0.0480	    4.0000	   -4.8808	   1171.53	    5.2278	    0.0883		
    0.0480	    4.6000	   -5.0217	   1089.29	    5.2423	    0.0868		
    0.0480	    5.3000	   -5.1531	   1016.98	    5.2543	    0.0856		
    0.0480	    6.2000	   -5.2878	    947.17	    5.2655	    0.0845		
    0.0480	    7.2000	   -5.4088	    888.11	    5.2747	    0.0836		
    0.0480	    8.3000	   -5.5145	    839.37	    5.2823	    0.0829		
    0.0480	    9.7000	   -5.6254	    790.88	    5.2898	    0.0822		
    0.0480	   10.0000	   -5.6465	    781.94	    5.2912	    0.0821		
    0.0480	   11.0000	   -5.7120	    754.79	    5.2954	    0.0817		
    0.0480	   13.0000	   -5.8216	    711.42	    5.3021	    0.0810		
    0.0480	   15.0000	   -5.9104	    678.00	    5.3073	    0.0805		
0.05 M_Sun, 52.38 M_Jup 	
    0.0500	    0.0010	   -1.7467	   2518.24	    3.4409	    0.7049		
    0.0500	    0.0013	   -1.8083	   2527.25	    3.5087	    0.6520		
    0.0500	    0.0017	   -1.8566	   2527.00	    3.5568	    0.6168		
    0.0500	    0.0020	   -1.8707	   2529.00	    3.5723	    0.6059		
    0.0500	    0.0023	   -1.8783	   2529.26	    3.5801	    0.6005		
    0.0500	    0.0027	   -1.8844	   2530.00	    3.5867	    0.5960		
    0.0500	    0.0031	   -1.8894	   2531.00	    3.5923	    0.5921		
    0.0500	    0.0036	   -1.8967	   2531.18	    3.5997	    0.5871		
    0.0500	    0.0042	   -1.9060	   2532.50	    3.6100	    0.5802		
    0.0500	    0.0049	   -1.9199	   2533.83	    3.6248	    0.5704		
    0.0500	    0.0057	   -1.9418	   2536.08	    3.6482	    0.5552		
    0.0500	    0.0066	   -1.9842	   2540.50	    3.6937	    0.5269		
    0.0500	    0.0076	   -2.0716	   2550.78	    3.7880	    0.4727		
    0.0500	    0.0088	   -2.1478	   2579.05	    3.8834	    0.4235		
    0.0500	    0.0100	   -2.1954	   2621.09	    3.9591	    0.3882		
    0.0500	    0.0120	   -2.2768	   2648.00	    4.0582	    0.3463		
    0.0500	    0.0140	   -2.3518	   2647.05	    4.1326	    0.3179		
    0.0500	    0.0160	   -2.4119	   2645.19	    4.1915	    0.2971		
    0.0500	    0.0190	   -2.4850	   2640.86	    4.2617	    0.2740		
    0.0500	    0.0220	   -2.5465	   2632.66	    4.3178	    0.2568		
    0.0500	    0.0250	   -2.5981	   2624.76	    4.3642	    0.2435		
    0.0500	    0.0290	   -2.6568	   2614.14	    4.4158	    0.2294		
    0.0500	    0.0340	   -2.7174	   2602.25	    4.4686	    0.2159		
    0.0500	    0.0390	   -2.7710	   2587.76	    4.5124	    0.2053		
    0.0500	    0.0450	   -2.8272	   2569.64	    4.5565	    0.1951		
    0.0500	    0.0530	   -2.8903	   2548.31	    4.6050	    0.1845		
    0.0500	    0.0610	   -2.9459	   2525.92	    4.6454	    0.1761		
    0.0500	    0.0710	   -3.0099	   2494.03	    4.6873	    0.1679		
    0.0500	    0.0820	   -3.0727	   2458.77	    4.7253	    0.1607		
    0.0500	    0.0960	   -3.1399	   2420.39	    4.7652	    0.1535		
    0.0500	    0.1000	   -3.1575	   2409.88	    4.7752	    0.1517		
    0.0500	    0.1100	   -3.2001	   2382.84	    4.7982	    0.1477		
    0.0500	    0.1300	   -3.2772	   2330.70	    4.8369	    0.1413		
    0.0500	    0.1500	   -3.3442	   2283.59	    4.8684	    0.1362		
    0.0500	    0.1700	   -3.4132	   2227.85	    4.8944	    0.1322		
    0.0500	    0.2000	   -3.5182	   2135.04	    4.9255	    0.1276		
    0.0500	    0.2300	   -3.6188	   2042.67	    4.9494	    0.1241		
    0.0500	    0.2700	   -3.7294	   1943.34	    4.9733	    0.1207		
    0.0500	    0.3100	   -3.8086	   1876.94	    4.9921	    0.1182		
    0.0500	    0.3700	   -3.8987	   1805.63	    5.0149	    0.1151		
    0.0500	    0.4200	   -4.0026	   1715.48	    5.0299	    0.1131		
    0.0500	    0.4900	   -4.0838	   1652.60	    5.0462	    0.1110		
    0.0500	    0.5700	   -4.1546	   1600.71	    5.0615	    0.1091		
    0.0500	    0.6600	   -4.2474	   1529.67	    5.0755	    0.1073		
    0.0500	    0.7700	   -4.3416	   1460.34	    5.0891	    0.1057		
    0.0500	    0.8900	   -4.4327	   1394.93	    5.1007	    0.1043		
    0.0500	    1.0000	   -4.4795	   1364.87	    5.1096	    0.1032		
    0.0500	    1.2000	   -4.5566	   1316.13	    5.1235	    0.1016		
    0.0500	    1.4000	   -4.5940	   1296.83	    5.1353	    0.1002		
    0.0500	    1.6000	   -4.6146	   1289.67	    5.1462	    0.0990		
    0.0500	    1.9000	   -4.6449	   1278.54	    5.1615	    0.0972		
    0.0500	    2.2000	   -4.6725	   1268.66	    5.1756	    0.0957		
    0.0500	    2.5000	   -4.6993	   1258.61	    5.1886	    0.0942		
    0.0500	    2.9000	   -4.7342	   1244.84	    5.2044	    0.0925		
    0.0500	    3.4000	   -4.7741	   1229.12	    5.2223	    0.0907		
    0.0500	    4.0000	   -4.8201	   1210.25	    5.2413	    0.0887		
    0.0500	    4.6000	   -4.9040	   1164.28	    5.2579	    0.0870		
    0.0500	    5.3000	   -5.0474	   1080.81	    5.2721	    0.0856		
    0.0500	    6.2000	   -5.1893	   1003.39	    5.2849	    0.0843		
    0.0500	    7.2000	   -5.3191	    936.70	    5.2952	    0.0834		
    0.0500	    8.3000	   -5.4314	    882.32	    5.3037	    0.0826		
    0.0500	    9.7000	   -5.5474	    829.25	    5.3119	    0.0818		
    0.0500	   10.0000	   -5.5682	    820.04	    5.3133	    0.0816		
    0.0500	   11.0000	   -5.6364	    790.52	    5.3178	    0.0812		
    0.0500	   13.0000	   -5.7495	    743.72	    5.3249	    0.0806		
    0.0500	   15.0000	   -5.8431	    707.00	    5.3305	    0.0800		
0.053 M_Sun, 55.52 M_Jup 	
    0.0530	    0.0010	   -1.7087	   2538.42	    3.4420	    0.7248		
    0.0530	    0.0013	   -1.7655	   2549.60	    3.5064	    0.6730		
    0.0530	    0.0017	   -1.8111	   2543.84	    3.5481	    0.6414		
    0.0530	    0.0020	   -1.8244	   2542.00	    3.5601	    0.6326		
    0.0530	    0.0023	   -1.8315	   2541.00	    3.5666	    0.6279		
    0.0530	    0.0027	   -1.8377	   2541.00	    3.5728	    0.6234		
    0.0530	    0.0031	   -1.8430	   2542.00	    3.5788	    0.6192		
    0.0530	    0.0036	   -1.8511	   2542.00	    3.5869	    0.6134		
    0.0530	    0.0042	   -1.8620	   2543.00	    3.5985	    0.6053		
    0.0530	    0.0049	   -1.8784	   2544.49	    3.6158	    0.5933		
    0.0530	    0.0057	   -1.9054	   2547.73	    3.6451	    0.5737		
    0.0530	    0.0066	   -1.9651	   2554.00	    3.7090	    0.5329		
    0.0530	    0.0076	   -2.0553	   2569.25	    3.8096	    0.4747		
    0.0530	    0.0088	   -2.1252	   2599.22	    3.8996	    0.4280		
    0.0530	    0.0100	   -2.1684	   2643.04	    3.9719	    0.3938		
    0.0530	    0.0120	   -2.2504	   2664.00	    4.0676	    0.3527		
    0.0530	    0.0140	   -2.3217	   2665.00	    4.1396	    0.3247		
    0.0530	    0.0160	   -2.3796	   2664.80	    4.1973	    0.3038		
    0.0530	    0.0190	   -2.4514	   2661.06	    4.2667	    0.2804		
    0.0530	    0.0220	   -2.5118	   2653.27	    4.3220	    0.2632		
    0.0530	    0.0250	   -2.5628	   2645.99	    4.3682	    0.2495		
    0.0530	    0.0290	   -2.6197	   2637.29	    4.4194	    0.2353		
    0.0530	    0.0340	   -2.6793	   2626.82	    4.4721	    0.2214		
    0.0530	    0.0390	   -2.7310	   2615.16	    4.5160	    0.2105		
    0.0530	    0.0450	   -2.7853	   2600.18	    4.5604	    0.2000		
    0.0530	    0.0530	   -2.8479	   2579.88	    4.6093	    0.1890		
    0.0530	    0.0610	   -2.9009	   2561.65	    4.6500	    0.1804		
    0.0530	    0.0710	   -2.9611	   2536.08	    4.6928	    0.1717		
    0.0530	    0.0820	   -3.0212	   2505.36	    4.7318	    0.1642		
    0.0530	    0.0960	   -3.0885	   2467.46	    4.7726	    0.1566		
    0.0530	    0.1000	   -3.1061	   2457.19	    4.7829	    0.1548		
    0.0530	    0.1100	   -3.1465	   2433.59	    4.8065	    0.1506		
    0.0530	    0.1300	   -3.2183	   2389.42	    4.8466	    0.1439		
    0.0530	    0.1500	   -3.2845	   2343.90	    4.8793	    0.1385		
    0.0530	    0.1700	   -3.3415	   2304.46	    4.9068	    0.1342		
    0.0530	    0.2000	   -3.4327	   2229.07	    4.9403	    0.1291		
    0.0530	    0.2300	   -3.5218	   2150.04	    4.9666	    0.1253		
    0.0530	    0.2700	   -3.6346	   2046.67	    4.9938	    0.1214		
    0.0530	    0.3100	   -3.7285	   1962.00	    5.0143	    0.1186		
    0.0530	    0.3700	   -3.8256	   1881.07	    5.0383	    0.1154		
    0.0530	    0.4200	   -3.8918	   1827.77	    5.0545	    0.1132		
    0.0530	    0.4900	   -4.0085	   1727.00	    5.0727	    0.1109		
    0.0530	    0.5700	   -4.0927	   1660.23	    5.0885	    0.1089		
    0.0530	    0.6600	   -4.1587	   1611.93	    5.1031	    0.1071		
    0.0530	    0.7700	   -4.2473	   1544.71	    5.1177	    0.1053		
    0.0530	    0.8900	   -4.3407	   1474.46	    5.1303	    0.1038		
    0.0530	    1.0000	   -4.4202	   1416.03	    5.1395	    0.1027		
    0.0530	    1.2000	   -4.5007	   1362.28	    5.1529	    0.1011		
    0.0530	    1.4000	   -4.5622	   1323.44	    5.1640	    0.0998		
    0.0530	    1.6000	   -4.6031	   1299.73	    5.1736	    0.0987		
    0.0530	    1.9000	   -4.6291	   1290.20	    5.1868	    0.0972		
    0.0530	    2.2000	   -4.6526	   1281.89	    5.1991	    0.0959		
    0.0530	    2.5000	   -4.6760	   1273.14	    5.2106	    0.0946		
    0.0530	    2.9000	   -4.7047	   1262.56	    5.2247	    0.0931		
    0.0530	    3.4000	   -4.7392	   1249.32	    5.2410	    0.0913		
    0.0530	    4.0000	   -4.7793	   1233.21	    5.2585	    0.0895		
    0.0530	    4.6000	   -4.8159	   1218.65	    5.2745	    0.0879		
    0.0530	    5.3000	   -4.8626	   1197.85	    5.2913	    0.0862		
    0.0530	    6.2000	   -5.0160	   1107.50	    5.3084	    0.0845		
    0.0530	    7.2000	   -5.1570	   1028.75	    5.3212	    0.0833		
    0.0530	    8.3000	   -5.2814	    963.30	    5.3316	    0.0823		
    0.0530	    9.7000	   -5.4094	    899.86	    5.3412	    0.0814		
    0.0530	   10.0000	   -5.4330	    888.64	    5.3429	    0.0812		
    0.0530	   11.0000	   -5.5055	    854.84	    5.3480	    0.0808		
    0.0530	   13.0000	   -5.6248	    801.78	    5.3561	    0.0800		
    0.0530	   15.0000	   -5.7239	    760.00	    5.3623	    0.0794		
0.055 M_Sun, 57.62 M_Jup 	
    0.0550	    0.0010	   -1.6845	   2551.47	    3.4428	    0.7377		
    0.0550	    0.0013	   -1.7379	   2563.91	    3.5046	    0.6870		
    0.0550	    0.0017	   -1.7793	   2558.00	    3.5421	    0.6580		
    0.0550	    0.0020	   -1.7905	   2557.00	    3.5525	    0.6501		
    0.0550	    0.0023	   -1.7971	   2556.00	    3.5585	    0.6456		
    0.0550	    0.0027	   -1.8041	   2555.00	    3.5648	    0.6410		
    0.0550	    0.0031	   -1.8110	   2554.00	    3.5710	    0.6364		
    0.0550	    0.0036	   -1.8204	   2553.00	    3.5797	    0.6301		
    0.0550	    0.0042	   -1.8342	   2551.00	    3.5922	    0.6211		
    0.0550	    0.0049	   -1.8529	   2552.19	    3.6117	    0.6073		
    0.0550	    0.0057	   -1.8857	   2555.08	    3.6465	    0.5835		
    0.0550	    0.0066	   -1.9612	   2563.02	    3.7274	    0.5316		
    0.0550	    0.0076	   -2.0449	   2581.89	    3.8238	    0.4757		
    0.0550	    0.0088	   -2.1111	   2612.95	    3.9107	    0.4304		
    0.0550	    0.0100	   -2.1522	   2657.14	    3.9810	    0.3970		
    0.0550	    0.0120	   -2.2343	   2674.01	    4.0741	    0.3566		
    0.0550	    0.0140	   -2.3035	   2676.00	    4.1445	    0.3289		
    0.0550	    0.0160	   -2.3596	   2677.00	    4.2014	    0.3080		
    0.0550	    0.0190	   -2.4299	   2674.64	    4.2701	    0.2846		
    0.0550	    0.0220	   -2.4902	   2666.24	    4.3250	    0.2672		
    0.0550	    0.0250	   -2.5403	   2659.68	    4.3708	    0.2534		
    0.0550	    0.0290	   -2.5965	   2651.84	    4.4218	    0.2390		
    0.0550	    0.0340	   -2.6554	   2642.38	    4.4745	    0.2249		
    0.0550	    0.0390	   -2.7066	   2631.37	    4.5184	    0.2138		
    0.0550	    0.0450	   -2.7601	   2617.50	    4.5628	    0.2032		
    0.0550	    0.0530	   -2.8206	   2600.35	    4.6119	    0.1920		
    0.0550	    0.0610	   -2.8738	   2582.19	    4.6529	    0.1832		
    0.0550	    0.0710	   -2.9312	   2560.83	    4.6959	    0.1743		
    0.0550	    0.0820	   -2.9896	   2533.13	    4.7353	    0.1666		
    0.0550	    0.0960	   -3.0556	   2497.74	    4.7770	    0.1588		
    0.0550	    0.1000	   -3.0736	   2486.99	    4.7874	    0.1569		
    0.0550	    0.1100	   -3.1139	   2463.75	    4.8114	    0.1526		
    0.0550	    0.1300	   -3.1840	   2422.21	    4.8520	    0.1456		
    0.0550	    0.1500	   -3.2465	   2382.26	    4.8856	    0.1401		
    0.0550	    0.1700	   -3.3034	   2342.97	    4.9136	    0.1357		
    0.0550	    0.2000	   -3.3836	   2282.71	    4.9485	    0.1303		
    0.0550	    0.2300	   -3.4671	   2210.59	    4.9763	    0.1262		
    0.0550	    0.2700	   -3.5691	   2119.46	    5.0051	    0.1221		
    0.0550	    0.3100	   -3.6676	   2028.58	    5.0274	    0.1190		
    0.0550	    0.3700	   -3.7771	   1932.52	    5.0527	    0.1156		
    0.0550	    0.4200	   -3.8429	   1878.73	    5.0695	    0.1134		
    0.0550	    0.4900	   -3.9288	   1807.97	    5.0887	    0.1109		
    0.0550	    0.5700	   -4.0525	   1700.03	    5.1055	    0.1088		
    0.0550	    0.6600	   -4.1188	   1650.16	    5.1200	    0.1070		
    0.0550	    0.7700	   -4.1891	   1598.33	    5.1349	    0.1051		
    0.0550	    0.8900	   -4.2710	   1536.41	    5.1482	    0.1035		
    0.0550	    1.0000	   -4.3504	   1476.03	    5.1579	    0.1024		
    0.0550	    1.2000	   -4.4649	   1392.68	    5.1715	    0.1008		
    0.0550	    1.4000	   -4.5227	   1355.44	    5.1822	    0.0996		
    0.0550	    1.6000	   -4.5737	   1323.18	    5.1914	    0.0985		
    0.0550	    1.9000	   -4.6186	   1298.31	    5.2032	    0.0972		
    0.0550	    2.2000	   -4.6403	   1290.15	    5.2141	    0.0960		
    0.0550	    2.5000	   -4.6607	   1282.64	    5.2243	    0.0949		
    0.0550	    2.9000	   -4.6856	   1273.67	    5.2370	    0.0935		
    0.0550	    3.4000	   -4.7158	   1262.42	    5.2517	    0.0919		
    0.0550	    4.0000	   -4.7511	   1248.55	    5.2679	    0.0902		
    0.0550	    4.6000	   -4.7841	   1235.55	    5.2827	    0.0887		
    0.0550	    5.3000	   -4.8210	   1220.64	    5.2985	    0.0871		
    0.0550	    6.2000	   -4.8688	   1200.26	    5.3171	    0.0853		
    0.0550	    7.2000	   -5.0148	   1113.98	    5.3334	    0.0837		
    0.0550	    8.3000	   -5.1521	   1036.74	    5.3458	    0.0825		
    0.0550	    9.7000	   -5.2902	    963.73	    5.3572	    0.0814		
    0.0550	   10.0000	   -5.3158	    950.73	    5.3591	    0.0812		
    0.0550	   11.0000	   -5.3931	    912.38	    5.3650	    0.0807		
    0.0550	   13.0000	   -5.5216	    851.77	    5.3740	    0.0798		
    0.0550	   15.0000	   -5.6244	    806.00	    5.3808	    0.0792		
0.058 M_Sun, 60.76 M_Jup 	
    0.0580	    0.0010	   -1.6470	   2574.21	    3.4438	    0.7566		
    0.0580	    0.0013	   -1.6978	   2583.90	    3.5012	    0.7083		
    0.0580	    0.0017	   -1.7320	   2580.00	    3.5327	    0.6830		
    0.0580	    0.0020	   -1.7418	   2578.43	    3.5415	    0.6761		
    0.0580	    0.0023	   -1.7477	   2578.00	    3.5471	    0.6718		
    0.0580	    0.0027	   -1.7551	   2576.79	    3.5536	    0.6667		
    0.0580	    0.0031	   -1.7628	   2575.60	    3.5606	    0.6615		
    0.0580	    0.0036	   -1.7736	   2574.30	    3.5705	    0.6540		
    0.0580	    0.0042	   -1.7899	   2571.97	    3.5851	    0.6430		
    0.0580	    0.0049	   -1.8159	   2568.63	    3.6089	    0.6256		
    0.0580	    0.0057	   -1.8643	   2567.31	    3.6565	    0.5923		
    0.0580	    0.0066	   -1.9550	   2577.37	    3.7540	    0.5294		
    0.0580	    0.0076	   -2.0275	   2601.90	    3.8429	    0.4779		
    0.0580	    0.0088	   -2.0887	   2634.37	    3.9256	    0.4345		
    0.0580	    0.0100	   -2.1280	   2677.60	    3.9932	    0.4020		
    0.0580	    0.0120	   -2.2102	   2689.18	    4.0829	    0.3625		
    0.0580	    0.0140	   -2.2768	   2692.48	    4.1516	    0.3350		
    0.0580	    0.0160	   -2.3312	   2694.46	    4.2073	    0.3142		
    0.0580	    0.0190	   -2.3997	   2693.25	    4.2750	    0.2906		
    0.0580	    0.0220	   -2.4586	   2686.11	    4.3293	    0.2730		
    0.0580	    0.0250	   -2.5084	   2679.37	    4.3747	    0.2591		
    0.0580	    0.0290	   -2.5635	   2672.55	    4.4255	    0.2444		
    0.0580	    0.0340	   -2.6213	   2664.43	    4.4779	    0.2300		
    0.0580	    0.0390	   -2.6714	   2654.88	    4.5218	    0.2187		
    0.0580	    0.0450	   -2.7244	   2641.69	    4.5662	    0.2078		
    0.0580	    0.0530	   -2.7844	   2625.59	    4.6155	    0.1964		
    0.0580	    0.0610	   -2.8355	   2610.54	    4.6566	    0.1873		
    0.0580	    0.0710	   -2.8909	   2592.48	    4.7000	    0.1782		
    0.0580	    0.0820	   -2.9456	   2570.80	    4.7401	    0.1701		
    0.0580	    0.0960	   -3.0107	   2537.49	    4.7825	    0.1620		
    0.0580	    0.1000	   -3.0274	   2528.72	    4.7932	    0.1600		
    0.0580	    0.1100	   -3.0670	   2506.89	    4.8177	    0.1556		
    0.0580	    0.1300	   -3.1369	   2466.44	    4.8594	    0.1483		
    0.0580	    0.1500	   -3.1971	   2429.90	    4.8936	    0.1425		
    0.0580	    0.1700	   -3.2494	   2397.55	    4.9226	    0.1379		
    0.0580	    0.2000	   -3.3236	   2345.60	    4.9588	    0.1322		
    0.0580	    0.2300	   -3.3938	   2291.28	    4.9883	    0.1278		
    0.0580	    0.2700	   -3.4891	   2208.33	    5.0196	    0.1233		
    0.0580	    0.3100	   -3.5742	   2132.63	    5.0441	    0.1199		
    0.0580	    0.3700	   -3.6968	   2019.70	    5.0721	    0.1161		
    0.0580	    0.4200	   -3.7718	   1954.20	    5.0898	    0.1137		
    0.0580	    0.4900	   -3.8562	   1883.21	    5.1100	    0.1111		
    0.0580	    0.5700	   -3.9414	   1812.13	    5.1283	    0.1088		
    0.0580	    0.6600	   -4.0553	   1712.58	    5.1441	    0.1068		
    0.0580	    0.7700	   -4.1280	   1656.30	    5.1588	    0.1050		
    0.0580	    0.8900	   -4.1888	   1611.68	    5.1721	    0.1034		
    0.0580	    1.0000	   -4.2470	   1567.90	    5.1825	    0.1022		
    0.0580	    1.2000	   -4.3608	   1480.90	    5.1971	    0.1005		
    0.0580	    1.4000	   -4.4597	   1407.44	    5.2076	    0.0993		
    0.0580	    1.6000	   -4.5107	   1373.34	    5.2160	    0.0984		
    0.0580	    1.9000	   -4.5682	   1336.63	    5.2265	    0.0972		
    0.0580	    2.2000	   -4.6160	   1306.99	    5.2353	    0.0962		
    0.0580	    2.5000	   -4.6375	   1296.69	    5.2431	    0.0953		
    0.0580	    2.9000	   -4.6573	   1289.23	    5.2529	    0.0943		
    0.0580	    3.4000	   -4.6794	   1281.36	    5.2643	    0.0930		
    0.0580	    4.0000	   -4.7051	   1271.85	    5.2770	    0.0917		
    0.0580	    4.6000	   -4.7294	   1262.89	    5.2891	    0.0904		
    0.0580	    5.3000	   -4.7579	   1251.76	    5.3022	    0.0891		
    0.0580	    6.2000	   -4.7931	   1237.83	    5.3180	    0.0875		
    0.0580	    7.2000	   -4.8310	   1222.56	    5.3343	    0.0858		
    0.0580	    8.3000	   -4.8727	   1205.18	    5.3512	    0.0842		
    0.0580	    9.7000	   -5.0108	   1124.60	    5.3690	    0.0825		
    0.0580	   10.0000	   -5.0428	   1106.04	    5.3720	    0.0822		
    0.0580	   11.0000	   -5.1376	   1052.43	    5.3805	    0.0814		
    0.0580	   13.0000	   -5.2878	    972.12	    5.3929	    0.0802		
    0.0580	   15.0000	   -5.4056	    913.00	    5.4017	    0.0794		
0.06 M_Sun, 62.85 M_Jup 	
    0.0600	    0.0010	   -1.6201	   2593.00	    3.4442	    0.7692		
    0.0600	    0.0013	   -1.6711	   2597.99	    3.4985	    0.7226		
    0.0600	    0.0017	   -1.7021	   2593.12	    3.5264	    0.6998		
    0.0600	    0.0020	   -1.7109	   2592.00	    3.5343	    0.6934		
    0.0600	    0.0023	   -1.7167	   2591.45	    3.5399	    0.6890		
    0.0600	    0.0027	   -1.7240	   2590.89	    3.5467	    0.6836		
    0.0600	    0.0031	   -1.7322	   2589.84	    3.5542	    0.6777		
    0.0600	    0.0036	   -1.7442	   2588.00	    3.5650	    0.6693		
    0.0600	    0.0042	   -1.7625	   2585.33	    3.5815	    0.6567		
    0.0600	    0.0049	   -1.7930	   2581.02	    3.6092	    0.6362		
    0.0600	    0.0057	   -1.8573	   2575.95	    3.6700	    0.5932		
    0.0600	    0.0066	   -1.9490	   2588.91	    3.7704	    0.5284		
    0.0600	    0.0076	   -2.0163	   2615.32	    3.8554	    0.4792		
    0.0600	    0.0088	   -2.0739	   2649.55	    3.9355	    0.4369		
    0.0600	    0.0100	   -2.1137	   2689.62	    4.0014	    0.4050		
    0.0600	    0.0120	   -2.1954	   2698.51	    4.0889	    0.3662		
    0.0600	    0.0140	   -2.2602	   2702.84	    4.1564	    0.3388		
    0.0600	    0.0160	   -2.3132	   2705.75	    4.2113	    0.3181		
    0.0600	    0.0190	   -2.3809	   2704.47	    4.2781	    0.2945		
    0.0600	    0.0220	   -2.4387	   2698.46	    4.3321	    0.2768		
    0.0600	    0.0250	   -2.4875	   2692.79	    4.3772	    0.2627		
    0.0600	    0.0290	   -2.5422	   2686.37	    4.4278	    0.2479		
    0.0600	    0.0340	   -2.5997	   2678.42	    4.4801	    0.2334		
    0.0600	    0.0390	   -2.6496	   2669.08	    4.5240	    0.2219		
    0.0600	    0.0450	   -2.7018	   2657.05	    4.5683	    0.2109		
    0.0600	    0.0530	   -2.7614	   2641.46	    4.6177	    0.1992		
    0.0600	    0.0610	   -2.8119	   2627.42	    4.6589	    0.1900		
    0.0600	    0.0710	   -2.8660	   2611.25	    4.7024	    0.1807		
    0.0600	    0.0820	   -2.9183	   2593.55	    4.7428	    0.1725		
    0.0600	    0.0960	   -2.9813	   2563.85	    4.7858	    0.1642		
    0.0600	    0.1000	   -2.9981	   2555.05	    4.7966	    0.1621		
    0.0600	    0.1100	   -3.0378	   2533.22	    4.8215	    0.1575		
    0.0600	    0.1300	   -3.1066	   2494.72	    4.8637	    0.1501		
    0.0600	    0.1500	   -3.1665	   2458.97	    4.8985	    0.1442		
    0.0600	    0.1700	   -3.2184	   2427.34	    4.9279	    0.1394		
    0.0600	    0.2000	   -3.2883	   2381.78	    4.9648	    0.1336		
    0.0600	    0.2300	   -3.3540	   2333.72	    4.9951	    0.1290		
    0.0600	    0.2700	   -3.4421	   2260.42	    5.0277	    0.1242		
    0.0600	    0.3100	   -3.5234	   2189.29	    5.0535	    0.1206		
    0.0600	    0.3700	   -3.6315	   2092.75	    5.0832	    0.1166		
    0.0600	    0.4200	   -3.7226	   2007.56	    5.1022	    0.1140		
    0.0600	    0.4900	   -3.8065	   1935.87	    5.1230	    0.1113		
    0.0600	    0.5700	   -3.8910	   1864.05	    5.1418	    0.1090		
    0.0600	    0.6600	   -3.9777	   1790.45	    5.1585	    0.1069		
    0.0600	    0.7700	   -4.0884	   1694.69	    5.1737	    0.1050		
    0.0600	    0.8900	   -4.1475	   1650.32	    5.1867	    0.1035		
    0.0600	    1.0000	   -4.1936	   1616.48	    5.1968	    0.1023		
    0.0600	    1.2000	   -4.2859	   1546.13	    5.2118	    0.1005		
    0.0600	    1.4000	   -4.3748	   1478.48	    5.2230	    0.0992		
    0.0600	    1.6000	   -4.4581	   1415.98	    5.2312	    0.0983		
    0.0600	    1.9000	   -4.5189	   1374.63	    5.2406	    0.0972		
    0.0600	    2.2000	   -4.5601	   1348.32	    5.2482	    0.0964		
    0.0600	    2.5000	   -4.5973	   1324.80	    5.2548	    0.0957		
    0.0600	    2.9000	   -4.6365	   1300.80	    5.2623	    0.0948		
    0.0600	    3.4000	   -4.6539	   1294.03	    5.2706	    0.0939		
    0.0600	    4.0000	   -4.6712	   1288.09	    5.2800	    0.0929		
    0.0600	    4.6000	   -4.6894	   1281.18	    5.2888	    0.0920		
    0.0600	    5.3000	   -4.7088	   1274.15	    5.2986	    0.0910		
    0.0600	    6.2000	   -4.7332	   1265.11	    5.3107	    0.0897		
    0.0600	    7.2000	   -4.7612	   1254.01	    5.3234	    0.0884		
    0.0600	    8.3000	   -4.7903	   1242.71	    5.3367	    0.0870		
    0.0600	    9.7000	   -4.8285	   1227.33	    5.3532	    0.0854		
    0.0600	   10.0000	   -4.8364	   1224.15	    5.3567	    0.0851		
    0.0600	   11.0000	   -4.8644	   1212.56	    5.3682	    0.0840		
    0.0600	   13.0000	   -4.9832	   1146.26	    5.3892	    0.0819		
    0.0600	   15.0000	   -5.1348	   1059.00	    5.4033	    0.0806		
0.063 M_Sun, 66.00 M_Jup 	
    0.0630	    0.0010	   -1.5807	   2620.00	    3.4440	    0.7884		
    0.0630	    0.0013	   -1.6269	   2625.64	    3.4940	    0.7443		
    0.0630	    0.0017	   -1.6545	   2619.51	    3.5175	    0.7244		
    0.0630	    0.0020	   -1.6633	   2617.00	    3.5246	    0.7185		
    0.0630	    0.0023	   -1.6695	   2615.87	    3.5301	    0.7140		
    0.0630	    0.0027	   -1.6786	   2613.43	    3.5375	    0.7079		
    0.0630	    0.0031	   -1.6885	   2611.00	    3.5458	    0.7012		
    0.0630	    0.0036	   -1.7021	   2609.26	    3.5583	    0.6911		
    0.0630	    0.0042	   -1.7242	   2605.78	    3.5781	    0.6756		
    0.0630	    0.0049	   -1.7649	   2599.52	    3.6146	    0.6478		
    0.0630	    0.0057	   -1.8558	   2589.23	    3.6986	    0.5881		
    0.0630	    0.0066	   -1.9381	   2606.42	    3.7924	    0.5279		
    0.0630	    0.0076	   -1.9982	   2636.70	    3.8726	    0.4814		
    0.0630	    0.0088	   -2.0514	   2672.81	    3.9494	    0.4406		
    0.0630	    0.0100	   -2.0933	   2706.65	    4.0132	    0.4094		
    0.0630	    0.0120	   -2.1734	   2713.39	    4.0976	    0.3715		
    0.0630	    0.0140	   -2.2363	   2717.77	    4.1633	    0.3445		
    0.0630	    0.0160	   -2.2881	   2720.88	    4.2171	    0.3237		
    0.0630	    0.0190	   -2.3548	   2719.37	    4.2828	    0.3002		
    0.0630	    0.0220	   -2.4113	   2714.22	    4.3360	    0.2823		
    0.0630	    0.0250	   -2.4589	   2709.54	    4.3806	    0.2682		
    0.0630	    0.0290	   -2.5121	   2704.92	    4.4309	    0.2531		
    0.0630	    0.0340	   -2.5681	   2699.01	    4.4830	    0.2384		
    0.0630	    0.0390	   -2.6173	   2690.62	    4.5268	    0.2266		
    0.0630	    0.0450	   -2.6695	   2678.62	    4.5712	    0.2153		
    0.0630	    0.0530	   -2.7282	   2664.22	    4.6207	    0.2034		
    0.0630	    0.0610	   -2.7780	   2651.36	    4.6620	    0.1940		
    0.0630	    0.0710	   -2.8320	   2635.69	    4.7057	    0.1845		
    0.0630	    0.0820	   -2.8828	   2620.14	    4.7463	    0.1760		
    0.0630	    0.0960	   -2.9403	   2599.05	    4.7897	    0.1675		
    0.0630	    0.1000	   -2.9569	   2590.86	    4.8008	    0.1653		
    0.0630	    0.1100	   -2.9957	   2570.86	    4.8261	    0.1606		
    0.0630	    0.1300	   -3.0644	   2533.18	    4.8692	    0.1528		
    0.0630	    0.1500	   -3.1222	   2500.93	    4.9047	    0.1467		
    0.0630	    0.1700	   -3.1742	   2469.55	    4.9348	    0.1417		
    0.0630	    0.2000	   -3.2418	   2427.46	    4.9725	    0.1357		
    0.0630	    0.2300	   -3.3006	   2389.13	    5.0037	    0.1309		
    0.0630	    0.2700	   -3.3766	   2332.40	    5.0379	    0.1258		
    0.0630	    0.3100	   -3.4544	   2265.79	    5.0653	    0.1219		
    0.0630	    0.3700	   -3.5557	   2176.90	    5.0972	    0.1175		
    0.0630	    0.4200	   -3.6288	   2112.23	    5.1178	    0.1148		
    0.0630	    0.4900	   -3.7366	   2010.95	    5.1404	    0.1118		
    0.0630	    0.5700	   -3.8160	   1942.87	    5.1599	    0.1093		
    0.0630	    0.6600	   -3.8949	   1875.17	    5.1771	    0.1072		
    0.0630	    0.7700	   -3.9800	   1802.39	    5.1935	    0.1052		
    0.0630	    0.8900	   -4.0793	   1715.41	    5.2069	    0.1036		
    0.0630	    1.0000	   -4.1285	   1676.55	    5.2163	    0.1025		
    0.0630	    1.2000	   -4.1917	   1629.81	    5.2303	    0.1008		
    0.0630	    1.4000	   -4.2513	   1585.04	    5.2415	    0.0995		
    0.0630	    1.6000	   -4.3133	   1537.07	    5.2501	    0.0986		
    0.0630	    1.9000	   -4.3916	   1477.38	    5.2597	    0.0975		
    0.0630	    2.2000	   -4.4594	   1426.02	    5.2660	    0.0968		
    0.0630	    2.5000	   -4.5004	   1396.34	    5.2705	    0.0963		
    0.0630	    2.9000	   -4.5261	   1379.52	    5.2752	    0.0958		
    0.0630	    3.4000	   -4.5510	   1363.53	    5.2798	    0.0952		
    0.0630	    4.0000	   -4.5747	   1348.49	    5.2842	    0.0948		
    0.0630	    4.6000	   -4.5941	   1336.12	    5.2877	    0.0944		
    0.0630	    5.3000	   -4.6118	   1324.99	    5.2908	    0.0940		
    0.0630	    6.2000	   -4.6296	   1313.70	    5.2937	    0.0937		
    0.0630	    7.2000	   -4.6436	   1304.84	    5.2959	    0.0935		
    0.0630	    8.3000	   -4.6504	   1301.00	    5.2977	    0.0933		
    0.0630	    9.7000	   -4.6547	   1299.29	    5.2997	    0.0931		
    0.0630	   10.0000	   -4.6555	   1299.00	    5.3001	    0.0930		
    0.0630	   11.0000	   -4.6582	   1298.00	    5.3014	    0.0929		
    0.0630	   13.0000	   -4.6631	   1296.15	    5.3039	    0.0926		
    0.0630	   15.0000	   -4.6682	   1294.00	    5.3061	    0.0924		
0.064 M_Sun, 67.04 M_Jup 	
    0.0640	    0.0010	   -1.5676	   2629.02	    3.4438	    0.7948		
    0.0640	    0.0013	   -1.6112	   2636.77	    3.4925	    0.7515		
    0.0640	    0.0017	   -1.6381	   2629.84	    3.5148	    0.7324		
    0.0640	    0.0020	   -1.6469	   2626.84	    3.5216	    0.7267		
    0.0640	    0.0023	   -1.6537	   2625.00	    3.5272	    0.7220		
    0.0640	    0.0027	   -1.6627	   2623.00	    3.5348	    0.7157		
    0.0640	    0.0031	   -1.6732	   2620.14	    3.5435	    0.7086		
    0.0640	    0.0036	   -1.6885	   2616.92	    3.5566	    0.6980		
    0.0640	    0.0042	   -1.7123	   2613.07	    3.5778	    0.6812		
    0.0640	    0.0049	   -1.7575	   2605.40	    3.6180	    0.6504		
    0.0640	    0.0057	   -1.8562	   2593.58	    3.7088	    0.5858		
    0.0640	    0.0066	   -1.9344	   2612.90	    3.7998	    0.5276		
    0.0640	    0.0076	   -1.9923	   2644.12	    3.8784	    0.4820		
    0.0640	    0.0088	   -2.0441	   2680.97	    3.9542	    0.4417		
    0.0640	    0.0100	   -2.0871	   2712.07	    4.0172	    0.4107		
    0.0640	    0.0120	   -2.1664	   2718.47	    4.1007	    0.3731		
    0.0640	    0.0140	   -2.2288	   2722.88	    4.1659	    0.3461		
    0.0640	    0.0160	   -2.2802	   2725.74	    4.2191	    0.3255		
    0.0640	    0.0190	   -2.3463	   2724.50	    4.2844	    0.3020		
    0.0640	    0.0220	   -2.4026	   2719.31	    4.3374	    0.2841		
    0.0640	    0.0250	   -2.4496	   2715.31	    4.3819	    0.2699		
    0.0640	    0.0290	   -2.5030	   2710.10	    4.4319	    0.2548		
    0.0640	    0.0340	   -2.5585	   2704.63	    4.4839	    0.2400		
    0.0640	    0.0390	   -2.6069	   2697.46	    4.5277	    0.2282		
    0.0640	    0.0450	   -2.6589	   2685.75	    4.5721	    0.2168		
    0.0640	    0.0530	   -2.7171	   2672.27	    4.6216	    0.2048		
    0.0640	    0.0610	   -2.7671	   2659.09	    4.6630	    0.1953		
    0.0640	    0.0710	   -2.8208	   2643.88	    4.7067	    0.1857		
    0.0640	    0.0820	   -2.8715	   2628.58	    4.7473	    0.1772		
    0.0640	    0.0960	   -2.9282	   2608.76	    4.7909	    0.1685		
    0.0640	    0.1000	   -2.9440	   2601.71	    4.8020	    0.1664		
    0.0640	    0.1100	   -2.9815	   2583.80	    4.8275	    0.1616		
    0.0640	    0.1300	   -3.0504	   2546.15	    4.8709	    0.1537		
    0.0640	    0.1500	   -3.1088	   2513.12	    4.9066	    0.1475		
    0.0640	    0.1700	   -3.1605	   2482.48	    4.9370	    0.1425		
    0.0640	    0.2000	   -3.2273	   2441.43	    4.9748	    0.1364		
    0.0640	    0.2300	   -3.2849	   2405.02	    5.0063	    0.1315		
    0.0640	    0.2700	   -3.3578	   2352.44	    5.0408	    0.1264		
    0.0640	    0.3100	   -3.4315	   2291.25	    5.0687	    0.1224		
    0.0640	    0.3700	   -3.5322	   2202.99	    5.1012	    0.1179		
    0.0640	    0.4200	   -3.6056	   2137.67	    5.1223	    0.1151		
    0.0640	    0.4900	   -3.7035	   2047.67	    5.1455	    0.1121		
    0.0640	    0.5700	   -3.7917	   1968.60	    5.1653	    0.1095		
    0.0640	    0.6600	   -3.8699	   1900.96	    5.1827	    0.1074		
    0.0640	    0.7700	   -3.9510	   1831.52	    5.1992	    0.1053		
    0.0640	    0.8900	   -4.0382	   1755.73	    5.2130	    0.1037		
    0.0640	    1.0000	   -4.1059	   1697.78	    5.2224	    0.1026		
    0.0640	    1.2000	   -4.1673	   1651.55	    5.2358	    0.1010		
    0.0640	    1.4000	   -4.2158	   1616.08	    5.2466	    0.0997		
    0.0640	    1.6000	   -4.2695	   1574.52	    5.2551	    0.0988		
    0.0640	    1.9000	   -4.3371	   1522.67	    5.2645	    0.0977		
    0.0640	    2.2000	   -4.3935	   1479.71	    5.2712	    0.0970		
    0.0640	    2.5000	   -4.4419	   1442.81	    5.2756	    0.0965		
    0.0640	    2.9000	   -4.4845	   1411.01	    5.2796	    0.0960		
    0.0640	    3.4000	   -4.5090	   1393.78	    5.2828	    0.0957		
    0.0640	    4.0000	   -4.5241	   1383.98	    5.2856	    0.0954		
    0.0640	    4.6000	   -4.5356	   1376.49	    5.2877	    0.0951		
    0.0640	    5.3000	   -4.5463	   1369.51	    5.2895	    0.0949		
    0.0640	    6.2000	   -4.5552	   1363.87	    5.2913	    0.0947		
    0.0640	    7.2000	   -4.5620	   1359.61	    5.2926	    0.0946		
    0.0640	    8.3000	   -4.5675	   1356.00	    5.2935	    0.0945		
    0.0640	    9.7000	   -4.5715	   1353.51	    5.2943	    0.0944		
    0.0640	   10.0000	   -4.5722	   1353.00	    5.2944	    0.0944		
    0.0640	   11.0000	   -4.5738	   1352.00	    5.2947	    0.0944		
    0.0640	   13.0000	   -4.5754	   1351.00	    5.2950	    0.0943		
    0.0640	   15.0000	   -4.5769	   1350.00	    5.2952	    0.0943		
0.065 M_Sun, 68.09 M_Jup 	
    0.0650	    0.0010	   -1.5548	   2637.97	    3.4436	    0.8012		
    0.0650	    0.0013	   -1.5958	   2647.31	    3.4907	    0.7589		
    0.0650	    0.0017	   -1.6203	   2642.69	    3.5122	    0.7403		
    0.0650	    0.0020	   -1.6296	   2638.79	    3.5189	    0.7346		
    0.0650	    0.0023	   -1.6372	   2635.72	    3.5245	    0.7299		
    0.0650	    0.0027	   -1.6474	   2632.27	    3.5324	    0.7233		
    0.0650	    0.0031	   -1.6584	   2629.32	    3.5415	    0.7158		
    0.0650	    0.0036	   -1.6750	   2625.20	    3.5553	    0.7045		
    0.0650	    0.0042	   -1.7014	   2619.74	    3.5781	    0.6862		
    0.0650	    0.0049	   -1.7525	   2611.66	    3.6238	    0.6511		
    0.0650	    0.0057	   -1.8564	   2597.86	    3.7186	    0.5838		
    0.0650	    0.0066	   -1.9308	   2619.38	    3.8073	    0.5271		
    0.0650	    0.0076	   -1.9873	   2650.60	    3.8844	    0.4823		
    0.0650	    0.0088	   -2.0367	   2689.47	    3.9590	    0.4426		
    0.0650	    0.0100	   -2.0821	   2716.16	    4.0216	    0.4118		
    0.0650	    0.0120	   -2.1599	   2723.12	    4.1039	    0.3746		
    0.0650	    0.0140	   -2.2215	   2727.47	    4.1683	    0.3479		
    0.0650	    0.0160	   -2.2725	   2730.55	    4.2212	    0.3273		
    0.0650	    0.0190	   -2.3386	   2728.60	    4.2861	    0.3037		
    0.0650	    0.0220	   -2.3937	   2724.79	    4.3388	    0.2859		
    0.0650	    0.0250	   -2.4410	   2720.19	    4.3831	    0.2717		
    0.0650	    0.0290	   -2.4944	   2714.62	    4.4329	    0.2565		
    0.0650	    0.0340	   -2.5494	   2709.79	    4.4848	    0.2416		
    0.0650	    0.0390	   -2.5972	   2703.44	    4.5285	    0.2298		
    0.0650	    0.0450	   -2.6482	   2693.11	    4.5730	    0.2183		
    0.0650	    0.0530	   -2.7066	   2679.47	    4.6225	    0.2062		
    0.0650	    0.0610	   -2.7561	   2667.05	    4.6639	    0.1966		
    0.0650	    0.0710	   -2.8098	   2651.86	    4.7077	    0.1869		
    0.0650	    0.0820	   -2.8608	   2636.14	    4.7484	    0.1784		
    0.0650	    0.0960	   -2.9172	   2616.88	    4.7920	    0.1696		
    0.0650	    0.1000	   -2.9320	   2611.37	    4.8031	    0.1675		
    0.0650	    0.1100	   -2.9684	   2595.15	    4.8288	    0.1626		
    0.0650	    0.1300	   -3.0369	   2558.30	    4.8724	    0.1546		
    0.0650	    0.1500	   -3.0951	   2525.80	    4.9084	    0.1484		
    0.0650	    0.1700	   -3.1459	   2496.43	    4.9388	    0.1433		
    0.0650	    0.2000	   -3.2131	   2454.94	    4.9770	    0.1371		
    0.0650	    0.2300	   -3.2704	   2419.07	    5.0087	    0.1322		
    0.0650	    0.2700	   -3.3395	   2371.93	    5.0436	    0.1270		
    0.0650	    0.3100	   -3.4099	   2315.12	    5.0719	    0.1229		
    0.0650	    0.3700	   -3.5103	   2227.06	    5.1050	    0.1183		
    0.0650	    0.4200	   -3.5812	   2164.67	    5.1264	    0.1154		
    0.0650	    0.4900	   -3.6698	   2085.32	    5.1502	    0.1123		
    0.0650	    0.5700	   -3.7701	   1991.46	    5.1705	    0.1097		
    0.0650	    0.6600	   -3.8434	   1928.55	    5.1880	    0.1075		
    0.0650	    0.7700	   -3.9218	   1861.14	    5.2046	    0.1055		
    0.0650	    0.8900	   -3.9964	   1797.27	    5.2186	    0.1038		
    0.0650	    1.0000	   -4.0688	   1733.48	    5.2282	    0.1027		
    0.0650	    1.2000	   -4.1426	   1673.82	    5.2411	    0.1011		
    0.0650	    1.4000	   -4.1878	   1640.21	    5.2511	    0.1000		
    0.0650	    1.6000	   -4.2253	   1612.79	    5.2593	    0.0991		
    0.0650	    1.9000	   -4.2873	   1564.50	    5.2685	    0.0980		
    0.0650	    2.2000	   -4.3334	   1529.36	    5.2751	    0.0973		
    0.0650	    2.5000	   -4.3693	   1502.07	    5.2798	    0.0967		
    0.0650	    2.9000	   -4.4117	   1469.44	    5.2840	    0.0963		
    0.0650	    3.4000	   -4.4445	   1444.40	    5.2870	    0.0959		
    0.0650	    4.0000	   -4.4654	   1428.68	    5.2889	    0.0957		
    0.0650	    4.6000	   -4.4758	   1421.00	    5.2898	    0.0956		
    0.0650	    5.3000	   -4.4824	   1416.00	    5.2904	    0.0956		
    0.0650	    6.2000	   -4.4852	   1414.00	    5.2907	    0.0955		
    0.0650	    7.2000	   -4.4866	   1413.00	    5.2908	    0.0955		
    0.0650	    8.3000	   -4.4878	   1412.00	    5.2908	    0.0955		
    0.0650	    9.7000	   -4.4878	   1412.00	    5.2909	    0.0955		
    0.0650	   10.0000	   -4.4878	   1412.00	    5.2909	    0.0955		
    0.0650	   11.0000	   -4.4878	   1412.00	    5.2909	    0.0955		
    0.0650	   13.0000	   -4.4879	   1412.00	    5.2909	    0.0955		
    0.0650	   15.0000	   -4.4879	   1412.00	    5.2909	    0.0955		
0.066 M_Sun, 69.14 M_Jup 	
    0.0660	    0.0010	   -1.5420	   2646.73	    3.4432	    0.8077		
    0.0660	    0.0013	   -1.5811	   2657.19	    3.4891	    0.7661		
    0.0660	    0.0017	   -1.6024	   2656.01	    3.5096	    0.7482		
    0.0660	    0.0020	   -1.6120	   2651.46	    3.5163	    0.7425		
    0.0660	    0.0023	   -1.6198	   2648.40	    3.5220	    0.7376		
    0.0660	    0.0027	   -1.6309	   2643.91	    3.5302	    0.7307		
    0.0660	    0.0031	   -1.6436	   2638.98	    3.5397	    0.7228		
    0.0660	    0.0036	   -1.6618	   2633.59	    3.5543	    0.7107		
    0.0660	    0.0042	   -1.6908	   2627.00	    3.5790	    0.6908		
    0.0660	    0.0049	   -1.7482	   2617.33	    3.6300	    0.6514		
    0.0660	    0.0057	   -1.8573	   2602.09	    3.7289	    0.5813		
    0.0660	    0.0066	   -1.9265	   2626.21	    3.8142	    0.5270		
    0.0660	    0.0076	   -1.9814	   2657.95	    3.8899	    0.4830		
    0.0660	    0.0088	   -2.0296	   2697.42	    3.9637	    0.4436		
    0.0660	    0.0100	   -2.0754	   2722.36	    4.0255	    0.4132		
    0.0660	    0.0120	   -2.1532	   2727.82	    4.1068	    0.3762		
    0.0660	    0.0140	   -2.2142	   2732.30	    4.1706	    0.3496		
    0.0660	    0.0160	   -2.2648	   2735.29	    4.2231	    0.3291		
    0.0660	    0.0190	   -2.3302	   2733.93	    4.2877	    0.3055		
    0.0660	    0.0220	   -2.3853	   2729.76	    4.3401	    0.2876		
    0.0660	    0.0250	   -2.4319	   2725.98	    4.3843	    0.2733		
    0.0660	    0.0290	   -2.4851	   2720.44	    4.4340	    0.2581		
    0.0660	    0.0340	   -2.5401	   2715.42	    4.4858	    0.2432		
    0.0660	    0.0390	   -2.5881	   2708.46	    4.5294	    0.2313		
    0.0660	    0.0450	   -2.6379	   2700.21	    4.5738	    0.2197		
    0.0660	    0.0530	   -2.6958	   2686.98	    4.6232	    0.2076		
    0.0660	    0.0610	   -2.7457	   2674.12	    4.6648	    0.1979		
    0.0660	    0.0710	   -2.7991	   2659.51	    4.7086	    0.1882		
    0.0660	    0.0820	   -2.8494	   2644.94	    4.7494	    0.1795		
    0.0660	    0.0960	   -2.9061	   2625.12	    4.7931	    0.1707		
    0.0660	    0.1000	   -2.9207	   2620.05	    4.8042	    0.1686		
    0.0660	    0.1100	   -2.9558	   2606.01	    4.8300	    0.1636		
    0.0660	    0.1300	   -3.0238	   2570.04	    4.8739	    0.1556		
    0.0660	    0.1500	   -3.0819	   2537.75	    4.9101	    0.1492		
    0.0660	    0.1700	   -3.1325	   2508.93	    4.9408	    0.1440		
    0.0660	    0.2000	   -3.1990	   2468.73	    4.9792	    0.1378		
    0.0660	    0.2300	   -3.2566	   2432.35	    5.0110	    0.1328		
    0.0660	    0.2700	   -3.3224	   2389.72	    5.0461	    0.1276		
    0.0660	    0.3100	   -3.3898	   2337.01	    5.0748	    0.1234		
    0.0660	    0.3700	   -3.4887	   2251.01	    5.1085	    0.1187		
    0.0660	    0.4200	   -3.5574	   2191.09	    5.1304	    0.1158		
    0.0660	    0.4900	   -3.6422	   2115.86	    5.1545	    0.1126		
    0.0660	    0.5700	   -3.7415	   2022.51	    5.1754	    0.1099		
    0.0660	    0.6600	   -3.8174	   1955.83	    5.1930	    0.1077		
    0.0660	    0.7700	   -3.8931	   1890.44	    5.2097	    0.1057		
    0.0660	    0.8900	   -3.9644	   1829.01	    5.2235	    0.1040		
    0.0660	    1.0000	   -4.0253	   1776.11	    5.2335	    0.1028		
    0.0660	    1.2000	   -4.1170	   1697.14	    5.2462	    0.1013		
    0.0660	    1.4000	   -4.1587	   1665.75	    5.2554	    0.1003		
    0.0660	    1.6000	   -4.1928	   1640.40	    5.2629	    0.0994		
    0.0660	    1.9000	   -4.2363	   1607.95	    5.2717	    0.0984		
    0.0660	    2.2000	   -4.2781	   1575.38	    5.2780	    0.0977		
    0.0660	    2.5000	   -4.3098	   1550.92	    5.2825	    0.0972		
    0.0660	    2.9000	   -4.3397	   1528.14	    5.2867	    0.0967		
    0.0660	    3.4000	   -4.3644	   1509.47	    5.2900	    0.0963		
    0.0660	    4.0000	   -4.3836	   1494.80	    5.2923	    0.0961		
    0.0660	    4.6000	   -4.3961	   1485.10	    5.2935	    0.0960		
    0.0660	    5.3000	   -4.4031	   1479.66	    5.2941	    0.0959		
    0.0660	    6.2000	   -4.4062	   1477.31	    5.2944	    0.0959		
    0.0660	    7.2000	   -4.4066	   1477.00	    5.2945	    0.0959		
    0.0660	    8.3000	   -4.4078	   1476.00	    5.2945	    0.0958		
    0.0660	    9.7000	   -4.4079	   1476.00	    5.2945	    0.0958		
    0.0660	   10.0000	   -4.4079	   1476.00	    5.2946	    0.0958		
    0.0660	   11.0000	   -4.4079	   1476.00	    5.2946	    0.0958		
    0.0660	   13.0000	   -4.4079	   1476.00	    5.2946	    0.0958		
    0.0660	   15.0000	   -4.4079	   1476.00	    5.2945	    0.0958		
0.067 M_Sun, 70.19 M_Jup 	
    0.0670	    0.0010	   -1.5294	   2655.51	    3.4429	    0.8141		
    0.0670	    0.0013	   -1.5662	   2667.18	    3.4873	    0.7735		
    0.0670	    0.0017	   -1.5853	   2668.11	    3.5070	    0.7561		
    0.0670	    0.0020	   -1.5944	   2664.53	    3.5137	    0.7503		
    0.0670	    0.0023	   -1.6024	   2661.32	    3.5197	    0.7452		
    0.0670	    0.0027	   -1.6145	   2655.82	    3.5282	    0.7379		
    0.0670	    0.0031	   -1.6278	   2650.64	    3.5381	    0.7296		
    0.0670	    0.0036	   -1.6489	   2642.20	    3.5536	    0.7166		
    0.0670	    0.0042	   -1.6805	   2634.67	    3.5802	    0.6950		
    0.0670	    0.0049	   -1.7467	   2622.97	    3.6387	    0.6498		
    0.0670	    0.0057	   -1.8562	   2607.56	    3.7380	    0.5796		
    0.0670	    0.0066	   -1.9232	   2632.96	    3.8218	    0.5263		
    0.0670	    0.0076	   -1.9762	   2665.29	    3.8960	    0.4832		
    0.0670	    0.0088	   -2.0220	   2706.94	    3.9687	    0.4444		
    0.0670	    0.0100	   -2.0696	   2728.09	    4.0299	    0.4141		
    0.0670	    0.0120	   -2.1473	   2732.15	    4.1102	    0.3776		
    0.0670	    0.0140	   -2.2076	   2736.49	    4.1733	    0.3512		
    0.0670	    0.0160	   -2.2579	   2739.42	    4.2254	    0.3307		
    0.0670	    0.0190	   -2.3230	   2737.83	    4.2894	    0.3072		
    0.0670	    0.0220	   -2.3771	   2734.53	    4.3415	    0.2893		
    0.0670	    0.0250	   -2.4235	   2730.67	    4.3855	    0.2750		
    0.0670	    0.0290	   -2.4764	   2725.42	    4.4350	    0.2598		
    0.0670	    0.0340	   -2.5310	   2720.92	    4.4867	    0.2448		
    0.0670	    0.0390	   -2.5790	   2713.96	    4.5303	    0.2328		
    0.0670	    0.0450	   -2.6287	   2705.47	    4.5745	    0.2212		
    0.0670	    0.0530	   -2.6857	   2693.87	    4.6240	    0.2090		
    0.0670	    0.0610	   -2.7354	   2681.32	    4.6656	    0.1992		
    0.0670	    0.0710	   -2.7886	   2666.91	    4.7095	    0.1894		
    0.0670	    0.0820	   -2.8386	   2652.82	    4.7503	    0.1807		
    0.0670	    0.0960	   -2.8952	   2633.52	    4.7942	    0.1718		
    0.0670	    0.1000	   -2.9097	   2628.29	    4.8053	    0.1696		
    0.0670	    0.1100	   -2.9443	   2615.22	    4.8312	    0.1646		
    0.0670	    0.1300	   -3.0106	   2581.99	    4.8753	    0.1565		
    0.0670	    0.1500	   -3.0686	   2550.07	    4.9117	    0.1501		
    0.0670	    0.1700	   -3.1192	   2521.25	    4.9425	    0.1448		
    0.0670	    0.2000	   -3.1853	   2481.89	    4.9813	    0.1385		
    0.0670	    0.2300	   -3.2427	   2445.86	    5.0133	    0.1335		
    0.0670	    0.2700	   -3.3069	   2405.34	    5.0485	    0.1282		
    0.0670	    0.3100	   -3.3709	   2357.39	    5.0775	    0.1240		
    0.0670	    0.3700	   -3.4661	   2276.12	    5.1118	    0.1192		
    0.0670	    0.4200	   -3.5352	   2215.60	    5.1340	    0.1162		
    0.0670	    0.4900	   -3.6192	   2140.94	    5.1585	    0.1129		
    0.0670	    0.5700	   -3.7077	   2059.89	    5.1799	    0.1102		
    0.0670	    0.6600	   -3.7928	   1981.66	    5.1978	    0.1079		
    0.0670	    0.7700	   -3.8655	   1918.68	    5.2143	    0.1059		
    0.0670	    0.8900	   -3.9338	   1859.39	    5.2282	    0.1042		
    0.0670	    1.0000	   -3.9856	   1815.13	    5.2381	    0.1031		
    0.0670	    1.2000	   -4.0752	   1736.81	    5.2510	    0.1015		
    0.0670	    1.4000	   -4.1319	   1689.41	    5.2597	    0.1005		
    0.0670	    1.6000	   -4.1613	   1667.33	    5.2663	    0.0998		
    0.0670	    1.9000	   -4.1959	   1641.72	    5.2740	    0.0989		
    0.0670	    2.2000	   -4.2231	   1621.73	    5.2798	    0.0982		
    0.0670	    2.5000	   -4.2481	   1602.45	    5.2841	    0.0977		
    0.0670	    2.9000	   -4.2744	   1582.06	    5.2881	    0.0973		
    0.0670	    3.4000	   -4.2961	   1565.16	    5.2912	    0.0969		
    0.0670	    4.0000	   -4.3110	   1553.67	    5.2933	    0.0967		
    0.0670	    4.6000	   -4.3191	   1547.43	    5.2944	    0.0966		
    0.0670	    5.3000	   -4.3235	   1544.17	    5.2952	    0.0965		
    0.0670	    6.2000	   -4.3266	   1541.81	    5.2956	    0.0965		
    0.0670	    7.2000	   -4.3281	   1540.68	    5.2958	    0.0964		
    0.0670	    8.3000	   -4.3289	   1540.00	    5.2958	    0.0964		
    0.0670	    9.7000	   -4.3289	   1540.00	    5.2958	    0.0964		
    0.0670	   10.0000	   -4.3289	   1540.00	    5.2958	    0.0964		
    0.0670	   11.0000	   -4.3289	   1540.00	    5.2959	    0.0964		
    0.0670	   13.0000	   -4.3289	   1540.00	    5.2959	    0.0964		
    0.0670	   15.0000	   -4.3290	   1540.00	    5.2959	    0.0964		
0.068 M_Sun, 71.23 M_Jup 	
    0.0680	    0.0010	   -1.5162	   2665.53	    3.4427	    0.8203		
    0.0680	    0.0013	   -1.5515	   2677.33	    3.4856	    0.7808		
    0.0680	    0.0017	   -1.5680	   2680.94	    3.5045	    0.7640		
    0.0680	    0.0020	   -1.5775	   2676.78	    3.5112	    0.7581		
    0.0680	    0.0023	   -1.5858	   2673.33	    3.5173	    0.7528		
    0.0680	    0.0027	   -1.5983	   2667.80	    3.5263	    0.7451		
    0.0680	    0.0031	   -1.6123	   2662.51	    3.5368	    0.7361		
    0.0680	    0.0036	   -1.6355	   2652.51	    3.5534	    0.7221		
    0.0680	    0.0042	   -1.6716	   2641.96	    3.5826	    0.6983		
    0.0680	    0.0049	   -1.7484	   2627.53	    3.6499	    0.6462		
    0.0680	    0.0057	   -1.8559	   2613.00	    3.7478	    0.5774		
    0.0680	    0.0066	   -1.9196	   2640.40	    3.8296	    0.5255		
    0.0680	    0.0076	   -1.9710	   2673.16	    3.9024	    0.4832		
    0.0680	    0.0088	   -2.0145	   2716.92	    3.9741	    0.4449		
    0.0680	    0.0100	   -2.0641	   2733.93	    4.0346	    0.4150		
    0.0680	    0.0120	   -2.1414	   2737.07	    4.1138	    0.3788		
    0.0680	    0.0140	   -2.2010	   2741.48	    4.1762	    0.3526		
    0.0680	    0.0160	   -2.2508	   2744.41	    4.2278	    0.3322		
    0.0680	    0.0190	   -2.3153	   2742.76	    4.2914	    0.3088		
    0.0680	    0.0220	   -2.3692	   2739.54	    4.3432	    0.2909		
    0.0680	    0.0250	   -2.4154	   2735.68	    4.3870	    0.2766		
    0.0680	    0.0290	   -2.4678	   2730.86	    4.4363	    0.2613		
    0.0680	    0.0340	   -2.5225	   2725.97	    4.4878	    0.2463		
    0.0680	    0.0390	   -2.5703	   2718.98	    4.5313	    0.2343		
    0.0680	    0.0450	   -2.6193	   2711.51	    4.5755	    0.2226		
    0.0680	    0.0530	   -2.6757	   2700.68	    4.6249	    0.2103		
    0.0680	    0.0610	   -2.7253	   2688.37	    4.6666	    0.2005		
    0.0680	    0.0710	   -2.7779	   2675.05	    4.7105	    0.1906		
    0.0680	    0.0820	   -2.8283	   2660.41	    4.7514	    0.1818		
    0.0680	    0.0960	   -2.8846	   2641.40	    4.7952	    0.1729		
    0.0680	    0.1000	   -2.8989	   2636.66	    4.8064	    0.1707		
    0.0680	    0.1100	   -2.9330	   2624.14	    4.8323	    0.1656		
    0.0680	    0.1300	   -2.9972	   2594.34	    4.8766	    0.1574		
    0.0680	    0.1500	   -3.0556	   2562.01	    4.9132	    0.1509		
    0.0680	    0.1700	   -3.1063	   2533.16	    4.9443	    0.1456		
    0.0680	    0.2000	   -3.1717	   2494.90	    4.9832	    0.1392		
    0.0680	    0.2300	   -3.2290	   2458.99	    5.0154	    0.1342		
    0.0680	    0.2700	   -3.2933	   2418.47	    5.0508	    0.1288		
    0.0680	    0.3100	   -3.3529	   2376.59	    5.0800	    0.1245		
    0.0680	    0.3700	   -3.4447	   2299.78	    5.1148	    0.1197		
    0.0680	    0.4200	   -3.5138	   2239.00	    5.1373	    0.1166		
    0.0680	    0.4900	   -3.5953	   2167.19	    5.1622	    0.1133		
    0.0680	    0.5700	   -3.6743	   2097.02	    5.1840	    0.1105		
    0.0680	    0.6600	   -3.7672	   2008.81	    5.2023	    0.1082		
    0.0680	    0.7700	   -3.8391	   1945.80	    5.2188	    0.1062		
    0.0680	    0.8900	   -3.9021	   1891.43	    5.2325	    0.1045		
    0.0680	    1.0000	   -3.9529	   1847.17	    5.2423	    0.1033		
    0.0680	    1.2000	   -4.0266	   1783.80	    5.2553	    0.1018		
    0.0680	    1.4000	   -4.0911	   1727.28	    5.2638	    0.1008		
    0.0680	    1.6000	   -4.1298	   1694.96	    5.2697	    0.1001		
    0.0680	    1.9000	   -4.1583	   1673.46	    5.2760	    0.0994		
    0.0680	    2.2000	   -4.1794	   1657.70	    5.2807	    0.0988		
    0.0680	    2.5000	   -4.1964	   1645.02	    5.2843	    0.0984		
    0.0680	    2.9000	   -4.2121	   1633.44	    5.2879	    0.0980		
    0.0680	    3.4000	   -4.2271	   1622.14	    5.2907	    0.0977		
    0.0680	    4.0000	   -4.2385	   1613.44	    5.2928	    0.0975		
    0.0680	    4.6000	   -4.2450	   1608.38	    5.2939	    0.0974		
    0.0680	    5.3000	   -4.2492	   1605.20	    5.2946	    0.0973		
    0.0680	    6.2000	   -4.2517	   1603.30	    5.2951	    0.0972		
    0.0680	    7.2000	   -4.2534	   1602.00	    5.2953	    0.0972		
    0.0680	    8.3000	   -4.2535	   1602.00	    5.2954	    0.0972		
    0.0680	    9.7000	   -4.2546	   1601.00	    5.2955	    0.0972		
    0.0680	   10.0000	   -4.2546	   1601.00	    5.2955	    0.0972		
    0.0680	   11.0000	   -4.2546	   1601.00	    5.2955	    0.0972		
    0.0680	   13.0000	   -4.2546	   1601.00	    5.2955	    0.0972		
    0.0680	   15.0000	   -4.2546	   1601.00	    5.2955	    0.0972		
0.069 M_Sun, 72.28 M_Jup 	
    0.0690	    0.0010	   -1.5031	   2675.60	    3.4425	    0.8265		
    0.0690	    0.0013	   -1.5369	   2687.27	    3.4837	    0.7882		
    0.0690	    0.0017	   -1.5513	   2693.06	    3.5019	    0.7719		
    0.0690	    0.0020	   -1.5604	   2689.49	    3.5087	    0.7658		
    0.0690	    0.0023	   -1.5694	   2685.39	    3.5151	    0.7602		
    0.0690	    0.0027	   -1.5822	   2680.14	    3.5245	    0.7521		
    0.0690	    0.0031	   -1.5973	   2673.93	    3.5356	    0.7425		
    0.0690	    0.0036	   -1.6222	   2663.12	    3.5534	    0.7274		
    0.0690	    0.0042	   -1.6638	   2648.64	    3.5855	    0.7011		
    0.0690	    0.0049	   -1.7499	   2632.32	    3.6609	    0.6428		
    0.0690	    0.0057	   -1.8549	   2616.69	    3.7556	    0.5764		
    0.0690	    0.0066	   -1.9154	   2646.32	    3.8356	    0.5257		
    0.0690	    0.0076	   -1.9647	   2680.45	    3.9072	    0.4841		
    0.0690	    0.0088	   -2.0059	   2726.88	    3.9782	    0.4461		
    0.0690	    0.0100	   -2.0576	   2739.90	    4.0382	    0.4163		
    0.0690	    0.0120	   -2.1347	   2742.05	    4.1166	    0.3804		
    0.0690	    0.0140	   -2.1943	   2745.58	    4.1785	    0.3542		
    0.0690	    0.0160	   -2.2437	   2748.52	    4.2297	    0.3339		
    0.0690	    0.0190	   -2.3073	   2747.72	    4.2929	    0.3105		
    0.0690	    0.0220	   -2.3616	   2743.54	    4.3444	    0.2926		
    0.0690	    0.0250	   -2.4069	   2740.73	    4.3880	    0.2783		
    0.0690	    0.0290	   -2.4592	   2735.88	    4.4372	    0.2630		
    0.0690	    0.0340	   -2.5138	   2730.82	    4.4886	    0.2478		
    0.0690	    0.0390	   -2.5609	   2724.87	    4.5320	    0.2358		
    0.0690	    0.0450	   -2.6104	   2716.53	    4.5761	    0.2241		
    0.0690	    0.0530	   -2.6661	   2706.76	    4.6256	    0.2117		
    0.0690	    0.0610	   -2.7149	   2695.72	    4.6673	    0.2018		
    0.0690	    0.0710	   -2.7677	   2682.08	    4.7112	    0.1918		
    0.0690	    0.0820	   -2.8177	   2668.18	    4.7522	    0.1830		
    0.0690	    0.0960	   -2.8740	   2649.24	    4.7961	    0.1739		
    0.0690	    0.1000	   -2.8885	   2644.28	    4.8074	    0.1717		
    0.0690	    0.1100	   -2.9222	   2632.41	    4.8333	    0.1667		
    0.0690	    0.1300	   -2.9849	   2605.08	    4.8778	    0.1583		
    0.0690	    0.1500	   -3.0430	   2573.40	    4.9147	    0.1518		
    0.0690	    0.1700	   -3.0936	   2544.75	    4.9458	    0.1464		
    0.0690	    0.2000	   -3.1586	   2507.17	    4.9850	    0.1400		
    0.0690	    0.2300	   -3.2153	   2472.24	    5.0173	    0.1348		
    0.0690	    0.2700	   -3.2795	   2431.92	    5.0529	    0.1294		
    0.0690	    0.3100	   -3.3359	   2394.44	    5.0824	    0.1251		
    0.0690	    0.3700	   -3.4241	   2322.50	    5.1175	    0.1202		
    0.0690	    0.4200	   -3.4919	   2263.22	    5.1405	    0.1170		
    0.0690	    0.4900	   -3.5713	   2193.61	    5.1656	    0.1137		
    0.0690	    0.5700	   -3.6487	   2124.85	    5.1876	    0.1108		
    0.0690	    0.6600	   -3.7332	   2045.88	    5.2064	    0.1085		
    0.0690	    0.7700	   -3.8121	   1973.78	    5.2229	    0.1064		
    0.0690	    0.8900	   -3.8715	   1922.29	    5.2364	    0.1048		
    0.0690	    1.0000	   -3.9183	   1881.58	    5.2460	    0.1036		
    0.0690	    1.2000	   -3.9855	   1823.51	    5.2587	    0.1021		
    0.0690	    1.4000	   -4.0383	   1777.70	    5.2673	    0.1011		
    0.0690	    1.6000	   -4.0813	   1739.96	    5.2731	    0.1004		
    0.0690	    1.9000	   -4.1217	   1705.25	    5.2785	    0.0998		
    0.0690	    2.2000	   -4.1394	   1691.21	    5.2819	    0.0994		
    0.0690	    2.5000	   -4.1504	   1682.95	    5.2843	    0.0992		
    0.0690	    2.9000	   -4.1603	   1675.61	    5.2866	    0.0989		
    0.0690	    3.4000	   -4.1692	   1668.82	    5.2885	    0.0987		
    0.0690	    4.0000	   -4.1750	   1664.51	    5.2898	    0.0985		
    0.0690	    4.6000	   -4.1784	   1662.00	    5.2906	    0.0984		
    0.0690	    5.3000	   -4.1810	   1660.00	    5.2911	    0.0984		
    0.0690	    6.2000	   -4.1824	   1659.00	    5.2914	    0.0983		
    0.0690	    7.2000	   -4.1826	   1659.00	    5.2916	    0.0983		
    0.0690	    8.3000	   -4.1837	   1658.00	    5.2917	    0.0983		
    0.0690	    9.7000	   -4.1837	   1658.00	    5.2917	    0.0983		
    0.0690	   10.0000	   -4.1837	   1658.00	    5.2917	    0.0983		
    0.0690	   11.0000	   -4.1837	   1658.00	    5.2917	    0.0983		
    0.0690	   13.0000	   -4.1837	   1658.00	    5.2917	    0.0983		
    0.0690	   15.0000	   -4.1837	   1658.00	    5.2917	    0.0983		
0.07 M_Sun, 73.33 M_Jup 	
    0.0700	    0.0010	   -1.4907	   2684.93	    3.4424	    0.8326		
    0.0700	    0.0013	   -1.5228	   2696.59	    3.4819	    0.7955		
    0.0700	    0.0017	   -1.5362	   2702.61	    3.4992	    0.7799		
    0.0700	    0.0020	   -1.5444	   2700.66	    3.5062	    0.7736		
    0.0700	    0.0023	   -1.5531	   2697.61	    3.5129	    0.7677		
    0.0700	    0.0027	   -1.5664	   2692.07	    3.5226	    0.7591		
    0.0700	    0.0031	   -1.5824	   2685.48	    3.5343	    0.7489		
    0.0700	    0.0036	   -1.6087	   2674.29	    3.5534	    0.7327		
    0.0700	    0.0042	   -1.6559	   2656.11	    3.5888	    0.7035		
    0.0700	    0.0049	   -1.7526	   2636.29	    3.6725	    0.6389		
    0.0700	    0.0057	   -1.8523	   2623.95	    3.7641	    0.5749		
    0.0700	    0.0066	   -1.9108	   2653.47	    3.8420	    0.5256		
    0.0700	    0.0076	   -1.9591	   2687.63	    3.9125	    0.4846		
    0.0700	    0.0088	   -1.9979	   2736.95	    3.9828	    0.4469		
    0.0700	    0.0100	   -2.0514	   2745.89	    4.0420	    0.4175		
    0.0700	    0.0120	   -2.1290	   2745.85	    4.1196	    0.3818		
    0.0700	    0.0140	   -2.1877	   2750.19	    4.1810	    0.3557		
    0.0700	    0.0160	   -2.2367	   2753.08	    4.2318	    0.3355		
    0.0700	    0.0190	   -2.3000	   2752.15	    4.2946	    0.3121		
    0.0700	    0.0220	   -2.3534	   2749.00	    4.3460	    0.2942		
    0.0700	    0.0250	   -2.3992	   2745.16	    4.3893	    0.2799		
    0.0700	    0.0290	   -2.4509	   2740.86	    4.4384	    0.2645		
    0.0700	    0.0340	   -2.5054	   2735.77	    4.4896	    0.2494		
    0.0700	    0.0390	   -2.5523	   2729.85	    4.5328	    0.2373		
    0.0700	    0.0450	   -2.6015	   2721.88	    4.5769	    0.2255		
    0.0700	    0.0530	   -2.6571	   2712.19	    4.6263	    0.2131		
    0.0700	    0.0610	   -2.7050	   2702.38	    4.6679	    0.2031		
    0.0700	    0.0710	   -2.7576	   2689.41	    4.7121	    0.1930		
    0.0700	    0.0820	   -2.8076	   2675.52	    4.7531	    0.1841		
    0.0700	    0.0960	   -2.8633	   2657.52	    4.7971	    0.1750		
    0.0700	    0.1000	   -2.8779	   2652.37	    4.8083	    0.1728		
    0.0700	    0.1100	   -2.9117	   2640.51	    4.8343	    0.1677		
    0.0700	    0.1300	   -2.9731	   2615.20	    4.8790	    0.1593		
    0.0700	    0.1500	   -3.0299	   2585.69	    4.9160	    0.1526		
    0.0700	    0.1700	   -3.0806	   2557.00	    4.9475	    0.1472		
    0.0700	    0.2000	   -3.1455	   2519.69	    4.9868	    0.1407		
    0.0700	    0.2300	   -3.2014	   2485.90	    5.0193	    0.1355		
    0.0700	    0.2700	   -3.2662	   2444.74	    5.0550	    0.1301		
    0.0700	    0.3100	   -3.3207	   2409.86	    5.0845	    0.1257		
    0.0700	    0.3700	   -3.4037	   2344.95	    5.1201	    0.1207		
    0.0700	    0.4200	   -3.4702	   2287.13	    5.1433	    0.1175		
    0.0700	    0.4900	   -3.5494	   2217.47	    5.1687	    0.1141		
    0.0700	    0.5700	   -3.6243	   2151.23	    5.1909	    0.1112		
    0.0700	    0.6600	   -3.6963	   2086.67	    5.2099	    0.1088		
    0.0700	    0.7700	   -3.7837	   2003.53	    5.2267	    0.1067		
    0.0700	    0.8900	   -3.8425	   1951.52	    5.2399	    0.1051		
    0.0700	    1.0000	   -3.8841	   1915.69	    5.2493	    0.1040		
    0.0700	    1.2000	   -3.9469	   1860.84	    5.2616	    0.1025		
    0.0700	    1.4000	   -3.9911	   1822.78	    5.2700	    0.1015		
    0.0700	    1.6000	   -4.0243	   1794.26	    5.2757	    0.1009		
    0.0700	    1.9000	   -4.0636	   1759.62	    5.2811	    0.1002		
    0.0700	    2.2000	   -4.0858	   1740.25	    5.2841	    0.0999		
    0.0700	    2.5000	   -4.0987	   1729.08	    5.2859	    0.0997		
    0.0700	    2.9000	   -4.1085	   1720.59	    5.2871	    0.0996		
    0.0700	    3.4000	   -4.1139	   1716.00	    5.2878	    0.0995		
    0.0700	    4.0000	   -4.1162	   1714.00	    5.2882	    0.0994		
    0.0700	    4.6000	   -4.1174	   1713.00	    5.2883	    0.0994		
    0.0700	    5.3000	   -4.1174	   1713.00	    5.2883	    0.0994		
    0.0700	    6.2000	   -4.1174	   1713.00	    5.2883	    0.0994		
    0.0700	    7.2000	   -4.1174	   1713.00	    5.2883	    0.0994		
    0.0700	    8.3000	   -4.1174	   1713.00	    5.2883	    0.0994		
    0.0700	    9.7000	   -4.1174	   1713.00	    5.2884	    0.0994		
    0.0700	   10.0000	   -4.1174	   1713.00	    5.2884	    0.0994		
    0.0700	   11.0000	   -4.1175	   1713.00	    5.2884	    0.0994		
    0.0700	   13.0000	   -4.1175	   1713.00	    5.2884	    0.0994		
    0.0700	   15.0000	   -4.1175	   1713.00	    5.2884	    0.0994		
0.071 M_Sun, 74.38 M_Jup 	
    0.0710	    0.0010	   -1.4779	   2694.69	    3.4420	    0.8389		
    0.0710	    0.0013	   -1.5100	   2704.00	    3.4801	    0.8029		
    0.0710	    0.0017	   -1.5237	   2707.99	    3.4963	    0.7880		
    0.0710	    0.0020	   -1.5308	   2708.00	    3.5034	    0.7816		
    0.0710	    0.0023	   -1.5394	   2705.20	    3.5103	    0.7754		
    0.0710	    0.0027	   -1.5520	   2701.72	    3.5206	    0.7663		
    0.0710	    0.0031	   -1.5681	   2696.18	    3.5331	    0.7553		
    0.0710	    0.0036	   -1.5961	   2684.54	    3.5537	    0.7377		
    0.0710	    0.0042	   -1.6498	   2662.46	    3.5930	    0.7050		
    0.0710	    0.0049	   -1.7531	   2640.83	    3.6821	    0.6363		
    0.0710	    0.0057	   -1.8484	   2631.13	    3.7710	    0.5744		
    0.0710	    0.0066	   -1.9064	   2659.64	    3.8477	    0.5258		
    0.0710	    0.0076	   -1.9528	   2695.10	    3.9172	    0.4854		
    0.0710	    0.0088	   -1.9899	   2746.06	    3.9868	    0.4480		
    0.0710	    0.0100	   -2.0454	   2751.23	    4.0455	    0.4187		
    0.0710	    0.0120	   -2.1226	   2750.51	    4.1223	    0.3833		
    0.0710	    0.0140	   -2.1808	   2754.63	    4.1831	    0.3574		
    0.0710	    0.0160	   -2.2295	   2757.51	    4.2336	    0.3372		
    0.0710	    0.0190	   -2.2928	   2756.00	    4.2960	    0.3138		
    0.0710	    0.0220	   -2.3456	   2753.37	    4.3471	    0.2959		
    0.0710	    0.0250	   -2.3906	   2750.56	    4.3904	    0.2815		
    0.0710	    0.0290	   -2.4423	   2746.24	    4.4393	    0.2661		
    0.0710	    0.0340	   -2.4969	   2740.74	    4.4904	    0.2509		
    0.0710	    0.0390	   -2.5436	   2735.05	    4.5335	    0.2388		
    0.0710	    0.0450	   -2.5927	   2727.11	    4.5776	    0.2269		
    0.0710	    0.0530	   -2.6480	   2717.97	    4.6271	    0.2144		
    0.0710	    0.0610	   -2.6955	   2708.79	    4.6686	    0.2044		
    0.0710	    0.0710	   -2.7472	   2696.97	    4.7128	    0.1942		
    0.0710	    0.0820	   -2.7970	   2683.51	    4.7539	    0.1853		
    0.0710	    0.0960	   -2.8531	   2665.16	    4.7980	    0.1761		
    0.0710	    0.1000	   -2.8677	   2659.92	    4.8092	    0.1738		
    0.0710	    0.1100	   -2.9011	   2648.81	    4.8353	    0.1687		
    0.0710	    0.1300	   -2.9619	   2624.33	    4.8800	    0.1602		
    0.0710	    0.1500	   -3.0172	   2597.18	    4.9173	    0.1535		
    0.0710	    0.1700	   -3.0680	   2568.58	    4.9488	    0.1480		
    0.0710	    0.2000	   -3.1330	   2531.21	    4.9883	    0.1414		
    0.0710	    0.2300	   -3.1881	   2498.68	    5.0210	    0.1362		
    0.0710	    0.2700	   -3.2524	   2458.24	    5.0569	    0.1307		
    0.0710	    0.3100	   -3.3067	   2423.51	    5.0865	    0.1263		
    0.0710	    0.3700	   -3.3843	   2365.93	    5.1224	    0.1212		
    0.0710	    0.4200	   -3.4492	   2310.20	    5.1458	    0.1180		
    0.0710	    0.4900	   -3.5275	   2241.31	    5.1715	    0.1145		
    0.0710	    0.5700	   -3.6000	   2177.65	    5.1939	    0.1116		
    0.0710	    0.6600	   -3.6671	   2118.25	    5.2130	    0.1092		
    0.0710	    0.7700	   -3.7477	   2042.25	    5.2302	    0.1071		
    0.0710	    0.8900	   -3.8142	   1980.42	    5.2433	    0.1055		
    0.0710	    1.0000	   -3.8532	   1946.43	    5.2522	    0.1044		
    0.0710	    1.2000	   -3.9078	   1899.20	    5.2641	    0.1030		
    0.0710	    1.4000	   -3.9486	   1863.49	    5.2720	    0.1020		
    0.0710	    1.6000	   -3.9770	   1838.99	    5.2774	    0.1014		
    0.0710	    1.9000	   -4.0049	   1815.13	    5.2826	    0.1008		
    0.0710	    2.2000	   -4.0221	   1800.49	    5.2857	    0.1004		
    0.0710	    2.5000	   -4.0353	   1788.74	    5.2875	    0.1002		
    0.0710	    2.9000	   -4.0446	   1780.48	    5.2888	    0.1001		
    0.0710	    3.4000	   -4.0488	   1776.81	    5.2894	    0.1000		
    0.0710	    4.0000	   -4.0508	   1775.00	    5.2897	    0.1000		
    0.0710	    4.6000	   -4.0519	   1774.00	    5.2898	    0.1000		
    0.0710	    5.3000	   -4.0519	   1774.00	    5.2898	    0.1000		
    0.0710	    6.2000	   -4.0520	   1774.00	    5.2898	    0.0999		
    0.0710	    7.2000	   -4.0520	   1774.00	    5.2899	    0.0999		
    0.0710	    8.3000	   -4.0520	   1774.00	    5.2899	    0.0999		
    0.0710	    9.7000	   -4.0530	   1773.00	    5.2899	    0.0999		
    0.0710	   10.0000	   -4.0530	   1773.00	    5.2899	    0.0999		
    0.0710	   11.0000	   -4.0530	   1773.00	    5.2899	    0.0999		
    0.0710	   13.0000	   -4.0530	   1773.00	    5.2899	    0.0999		
    0.0710	   15.0000	   -4.0530	   1773.00	    5.2899	    0.0999		
0.072 M_Sun, 75.42 M_Jup 	
    0.0720	    0.0010	   -1.4657	   2703.69	    3.4416	    0.8451		
    0.0720	    0.0013	   -1.4974	   2711.00	    3.4780	    0.8105		
    0.0720	    0.0017	   -1.5116	   2713.00	    3.4935	    0.7961		
    0.0720	    0.0020	   -1.5178	   2714.48	    3.5006	    0.7896		
    0.0720	    0.0023	   -1.5262	   2712.42	    3.5078	    0.7831		
    0.0720	    0.0027	   -1.5392	   2708.89	    3.5185	    0.7736		
    0.0720	    0.0031	   -1.5551	   2704.60	    3.5316	    0.7619		
    0.0720	    0.0036	   -1.5837	   2694.62	    3.5538	    0.7428		
    0.0720	    0.0042	   -1.6432	   2669.83	    3.5972	    0.7065		
    0.0720	    0.0049	   -1.7532	   2645.33	    3.6913	    0.6340		
    0.0720	    0.0057	   -1.8446	   2637.44	    3.7775	    0.5741		
    0.0720	    0.0066	   -1.9012	   2666.21	    3.8529	    0.5264		
    0.0720	    0.0076	   -1.9462	   2702.66	    3.9215	    0.4864		
    0.0720	    0.0088	   -1.9810	   2756.79	    3.9907	    0.4491		
    0.0720	    0.0100	   -2.0392	   2756.76	    4.0489	    0.4200		
    0.0720	    0.0120	   -2.1164	   2754.81	    4.1249	    0.3848		
    0.0720	    0.0140	   -2.1740	   2759.23	    4.1853	    0.3590		
    0.0720	    0.0160	   -2.2225	   2762.00	    4.2355	    0.3388		
    0.0720	    0.0190	   -2.2857	   2760.04	    4.2975	    0.3155		
    0.0720	    0.0220	   -2.3380	   2757.81	    4.3483	    0.2976		
    0.0720	    0.0250	   -2.3829	   2754.93	    4.3915	    0.2831		
    0.0720	    0.0290	   -2.4343	   2750.72	    4.4402	    0.2677		
    0.0720	    0.0340	   -2.4882	   2746.16	    4.4912	    0.2524		
    0.0720	    0.0390	   -2.5350	   2740.25	    4.5343	    0.2402		
    0.0720	    0.0450	   -2.5838	   2732.79	    4.5783	    0.2283		
    0.0720	    0.0530	   -2.6393	   2723.09	    4.6276	    0.2157		
    0.0720	    0.0610	   -2.6867	   2713.98	    4.6692	    0.2057		
    0.0720	    0.0710	   -2.7379	   2703.04	    4.7134	    0.1954		
    0.0720	    0.0820	   -2.7871	   2690.41	    4.7545	    0.1864		
    0.0720	    0.0960	   -2.8426	   2673.07	    4.7987	    0.1772		
    0.0720	    0.1000	   -2.8571	   2668.11	    4.8100	    0.1749		
    0.0720	    0.1100	   -2.8910	   2656.20	    4.8361	    0.1697		
    0.0720	    0.1300	   -2.9507	   2633.55	    4.8810	    0.1611		
    0.0720	    0.1500	   -3.0057	   2607.15	    4.9184	    0.1544		
    0.0720	    0.1700	   -3.0556	   2579.89	    4.9502	    0.1488		
    0.0720	    0.2000	   -3.1203	   2543.03	    4.9898	    0.1422		
    0.0720	    0.2300	   -3.1757	   2510.20	    5.0227	    0.1369		
    0.0720	    0.2700	   -3.2395	   2470.53	    5.0588	    0.1313		
    0.0720	    0.3100	   -3.2934	   2436.39	    5.0885	    0.1269		
    0.0720	    0.3700	   -3.3662	   2385.21	    5.1244	    0.1218		
    0.0720	    0.4200	   -3.4286	   2332.62	    5.1481	    0.1185		
    0.0720	    0.4900	   -3.5053	   2265.63	    5.1741	    0.1150		
    0.0720	    0.5700	   -3.5757	   2203.85	    5.1966	    0.1121		
    0.0720	    0.6600	   -3.6418	   2145.03	    5.2156	    0.1096		
    0.0720	    0.7700	   -3.7088	   2084.73	    5.2331	    0.1074		
    0.0720	    0.8900	   -3.7796	   2016.89	    5.2464	    0.1058		
    0.0720	    1.0000	   -3.8223	   1977.58	    5.2549	    0.1048		
    0.0720	    1.2000	   -3.8704	   1935.94	    5.2661	    0.1034		
    0.0720	    1.4000	   -3.9056	   1905.14	    5.2735	    0.1026		
    0.0720	    1.6000	   -3.9312	   1882.61	    5.2784	    0.1020		
    0.0720	    1.9000	   -3.9550	   1861.99	    5.2830	    0.1014		
    0.0720	    2.2000	   -3.9693	   1849.66	    5.2857	    0.1011		
    0.0720	    2.5000	   -3.9781	   1841.94	    5.2873	    0.1009		
    0.0720	    2.9000	   -3.9837	   1837.22	    5.2884	    0.1008		
    0.0720	    3.4000	   -3.9874	   1834.00	    5.2891	    0.1007		
    0.0720	    4.0000	   -3.9892	   1832.47	    5.2895	    0.1007		
    0.0720	    4.6000	   -3.9897	   1832.00	    5.2895	    0.1007		
    0.0720	    5.3000	   -3.9898	   1832.00	    5.2896	    0.1007		
    0.0720	    6.2000	   -3.9908	   1831.00	    5.2897	    0.1007		
    0.0720	    7.2000	   -3.9908	   1831.00	    5.2897	    0.1007		
    0.0720	    8.3000	   -3.9909	   1831.00	    5.2897	    0.1007		
    0.0720	    9.7000	   -3.9909	   1831.00	    5.2898	    0.1007		
    0.0720	   10.0000	   -3.9909	   1831.00	    5.2898	    0.1007		
    0.0720	   11.0000	   -3.9909	   1831.00	    5.2898	    0.1007		
    0.0720	   13.0000	   -3.9910	   1831.00	    5.2898	    0.1006		
    0.0720	   15.0000	   -3.9910	   1831.00	    5.2899	    0.1006		
0.073 M_Sun, 76.47 M_Jup 	
    0.0730	    0.0010	   -1.4544	   2711.29	    3.4412	    0.8514		
    0.0730	    0.0013	   -1.4848	   2717.86	    3.4758	    0.8181		
    0.0730	    0.0017	   -1.4983	   2720.00	    3.4907	    0.8042		
    0.0730	    0.0020	   -1.5049	   2721.00	    3.4979	    0.7975		
    0.0730	    0.0023	   -1.5138	   2718.74	    3.5053	    0.7908		
    0.0730	    0.0027	   -1.5271	   2715.32	    3.5165	    0.7807		
    0.0730	    0.0031	   -1.5439	   2710.51	    3.5302	    0.7685		
    0.0730	    0.0036	   -1.5721	   2703.06	    3.5537	    0.7480		
    0.0730	    0.0042	   -1.6380	   2676.87	    3.6026	    0.7070		
    0.0730	    0.0049	   -1.7511	   2650.63	    3.6986	    0.6330		
    0.0730	    0.0057	   -1.8403	   2643.94	    3.7834	    0.5742		
    0.0730	    0.0066	   -1.8961	   2672.32	    3.8578	    0.5271		
    0.0730	    0.0076	   -1.9399	   2709.49	    3.9255	    0.4875		
    0.0730	    0.0088	   -1.9726	   2766.18	    3.9943	    0.4504		
    0.0730	    0.0100	   -2.0324	   2762.92	    4.0520	    0.4215		
    0.0730	    0.0120	   -2.1105	   2758.67	    4.1274	    0.3864		
    0.0730	    0.0140	   -2.1677	   2763.09	    4.1873	    0.3606		
    0.0730	    0.0160	   -2.2157	   2765.97	    4.2372	    0.3405		
    0.0730	    0.0190	   -2.2779	   2765.00	    4.2988	    0.3172		
    0.0730	    0.0220	   -2.3306	   2761.95	    4.3495	    0.2992		
    0.0730	    0.0250	   -2.3753	   2759.08	    4.3925	    0.2848		
    0.0730	    0.0290	   -2.4259	   2755.87	    4.4411	    0.2693		
    0.0730	    0.0340	   -2.4797	   2751.31	    4.4919	    0.2540		
    0.0730	    0.0390	   -2.5269	   2744.53	    4.5349	    0.2417		
    0.0730	    0.0450	   -2.5750	   2738.15	    4.5789	    0.2298		
    0.0730	    0.0530	   -2.6301	   2728.92	    4.6282	    0.2171		
    0.0730	    0.0610	   -2.6776	   2719.74	    4.6698	    0.2069		
    0.0730	    0.0710	   -2.7283	   2709.53	    4.7140	    0.1967		
    0.0730	    0.0820	   -2.7771	   2697.72	    4.7552	    0.1876		
    0.0730	    0.0960	   -2.8328	   2680.13	    4.7995	    0.1782		
    0.0730	    0.1000	   -2.8470	   2675.59	    4.8108	    0.1759		
    0.0730	    0.1100	   -2.8805	   2664.25	    4.8369	    0.1707		
    0.0730	    0.1300	   -2.9396	   2642.66	    4.8819	    0.1621		
    0.0730	    0.1500	   -2.9936	   2617.98	    4.9195	    0.1552		
    0.0730	    0.1700	   -3.0429	   2591.85	    4.9514	    0.1496		
    0.0730	    0.2000	   -3.1082	   2554.35	    4.9914	    0.1429		
    0.0730	    0.2300	   -3.1630	   2522.38	    5.0244	    0.1376		
    0.0730	    0.2700	   -3.2259	   2483.88	    5.0605	    0.1320		
    0.0730	    0.3100	   -3.2803	   2448.97	    5.0903	    0.1275		
    0.0730	    0.3700	   -3.3491	   2403.10	    5.1263	    0.1223		
    0.0730	    0.4200	   -3.4082	   2355.04	    5.1503	    0.1190		
    0.0730	    0.4900	   -3.4831	   2289.94	    5.1765	    0.1155		
    0.0730	    0.5700	   -3.5534	   2227.75	    5.1990	    0.1125		
    0.0730	    0.6600	   -3.6165	   2172.11	    5.2181	    0.1101		
    0.0730	    0.7700	   -3.6767	   2119.07	    5.2353	    0.1079		
    0.0730	    0.8900	   -3.7380	   2061.58	    5.2489	    0.1062		
    0.0730	    1.0000	   -3.7875	   2013.70	    5.2576	    0.1052		
    0.0730	    1.2000	   -3.8363	   1969.50	    5.2678	    0.1039		
    0.0730	    1.4000	   -3.8651	   1944.51	    5.2745	    0.1032		
    0.0730	    1.6000	   -3.8851	   1927.30	    5.2790	    0.1026		
    0.0730	    1.9000	   -3.9050	   1909.78	    5.2831	    0.1021		
    0.0730	    2.2000	   -3.9164	   1899.88	    5.2854	    0.1019		
    0.0730	    2.5000	   -3.9229	   1894.09	    5.2867	    0.1017		
    0.0730	    2.9000	   -3.9277	   1889.89	    5.2876	    0.1016		
    0.0730	    3.4000	   -3.9304	   1887.42	    5.2880	    0.1016		
    0.0730	    4.0000	   -3.9313	   1886.75	    5.2882	    0.1015		
    0.0730	    4.6000	   -3.9320	   1886.00	    5.2883	    0.1015		
    0.0730	    5.3000	   -3.9320	   1886.00	    5.2883	    0.1015		
    0.0730	    6.2000	   -3.9320	   1886.00	    5.2883	    0.1015		
    0.0730	    7.2000	   -3.9320	   1886.00	    5.2883	    0.1015		
    0.0730	    8.3000	   -3.9321	   1886.00	    5.2883	    0.1015		
    0.0730	    9.7000	   -3.9321	   1886.00	    5.2884	    0.1015		
    0.0730	   10.0000	   -3.9321	   1886.00	    5.2884	    0.1015		
    0.0730	   11.0000	   -3.9321	   1886.00	    5.2884	    0.1015		
    0.0730	   13.0000	   -3.9321	   1886.00	    5.2884	    0.1015		
    0.0730	   15.0000	   -3.9322	   1886.00	    5.2885	    0.1015		
0.074 M_Sun, 77.52 M_Jup 	
    0.0740	    0.0010	   -1.4430	   2718.84	    3.4406	    0.8578		
    0.0740	    0.0013	   -1.4728	   2724.00	    3.4736	    0.8258		
    0.0740	    0.0017	   -1.4859	   2726.00	    3.4880	    0.8122		
    0.0740	    0.0020	   -1.4926	   2727.00	    3.4953	    0.8054		
    0.0740	    0.0023	   -1.5003	   2726.89	    3.5030	    0.7984		
    0.0740	    0.0027	   -1.5151	   2721.81	    3.5145	    0.7878		
    0.0740	    0.0031	   -1.5323	   2717.35	    3.5289	    0.7748		
    0.0740	    0.0036	   -1.5630	   2708.46	    3.5540	    0.7528		
    0.0740	    0.0042	   -1.6336	   2683.40	    3.6083	    0.7072		
    0.0740	    0.0049	   -1.7502	   2654.92	    3.7064	    0.6317		
    0.0740	    0.0057	   -1.8371	   2649.38	    3.7897	    0.5739		
    0.0740	    0.0066	   -1.8912	   2678.44	    3.8628	    0.5276		
    0.0740	    0.0076	   -1.9334	   2716.89	    3.9297	    0.4884		
    0.0740	    0.0088	   -1.9658	   2773.45	    3.9979	    0.4516		
    0.0740	    0.0100	   -2.0259	   2768.88	    4.0552	    0.4228		
    0.0740	    0.0120	   -2.1045	   2762.90	    4.1300	    0.3879		
    0.0740	    0.0140	   -2.1611	   2767.32	    4.1893	    0.3623		
    0.0740	    0.0160	   -2.2088	   2770.22	    4.2389	    0.3422		
    0.0740	    0.0190	   -2.2709	   2769.02	    4.3003	    0.3188		
    0.0740	    0.0220	   -2.3228	   2766.71	    4.3506	    0.3009		
    0.0740	    0.0250	   -2.3674	   2763.84	    4.3934	    0.2864		
    0.0740	    0.0290	   -2.4179	   2760.62	    4.4419	    0.2708		
    0.0740	    0.0340	   -2.4715	   2756.15	    4.4928	    0.2554		
    0.0740	    0.0390	   -2.5187	   2749.48	    4.5357	    0.2431		
    0.0740	    0.0450	   -2.5667	   2743.00	    4.5796	    0.2311		
    0.0740	    0.0530	   -2.6215	   2734.17	    4.6288	    0.2184		
    0.0740	    0.0610	   -2.6684	   2725.84	    4.6704	    0.2082		
    0.0740	    0.0710	   -2.7190	   2715.97	    4.7147	    0.1978		
    0.0740	    0.0820	   -2.7676	   2704.42	    4.7560	    0.1887		
    0.0740	    0.0960	   -2.8229	   2687.38	    4.8003	    0.1793		
    0.0740	    0.1000	   -2.8374	   2682.48	    4.8116	    0.1770		
    0.0740	    0.1100	   -2.8709	   2671.23	    4.8378	    0.1717		
    0.0740	    0.1300	   -2.9292	   2650.98	    4.8829	    0.1630		
    0.0740	    0.1500	   -2.9824	   2627.46	    4.9206	    0.1561		
    0.0740	    0.1700	   -3.0311	   2602.46	    4.9526	    0.1504		
    0.0740	    0.2000	   -3.0959	   2565.79	    4.9928	    0.1436		
    0.0740	    0.2300	   -3.1511	   2533.37	    5.0259	    0.1383		
    0.0740	    0.2700	   -3.2130	   2496.14	    5.0621	    0.1326		
    0.0740	    0.3100	   -3.2666	   2462.28	    5.0920	    0.1281		
    0.0740	    0.3700	   -3.3337	   2418.66	    5.1281	    0.1229		
    0.0740	    0.4200	   -3.3876	   2377.60	    5.1522	    0.1196		
    0.0740	    0.4900	   -3.4616	   2313.24	    5.1785	    0.1160		
    0.0740	    0.5700	   -3.5302	   2252.86	    5.2012	    0.1130		
    0.0740	    0.6600	   -3.5904	   2200.14	    5.2202	    0.1106		
    0.0740	    0.7700	   -3.6497	   2147.23	    5.2372	    0.1084		
    0.0740	    0.8900	   -3.6975	   2105.15	    5.2506	    0.1068		
    0.0740	    1.0000	   -3.7416	   2062.99	    5.2596	    0.1057		
    0.0740	    1.2000	   -3.8022	   2003.78	    5.2696	    0.1044		
    0.0740	    1.4000	   -3.8277	   1980.94	    5.2752	    0.1038		
    0.0740	    1.6000	   -3.8433	   1967.43	    5.2789	    0.1033		
    0.0740	    1.9000	   -3.8581	   1954.64	    5.2824	    0.1029		
    0.0740	    2.2000	   -3.8662	   1947.68	    5.2843	    0.1027		
    0.0740	    2.5000	   -3.8706	   1943.92	    5.2853	    0.1026		
    0.0740	    2.9000	   -3.8739	   1941.00	    5.2861	    0.1025		
    0.0740	    3.4000	   -3.8758	   1939.35	    5.2864	    0.1024		
    0.0740	    4.0000	   -3.8763	   1939.00	    5.2866	    0.1024		
    0.0740	    4.6000	   -3.8764	   1939.00	    5.2867	    0.1024		
    0.0740	    5.3000	   -3.8773	   1938.00	    5.2867	    0.1024		
    0.0740	    6.2000	   -3.8773	   1938.00	    5.2867	    0.1024		
    0.0740	    7.2000	   -3.8773	   1938.00	    5.2867	    0.1024		
    0.0740	    8.3000	   -3.8773	   1938.00	    5.2867	    0.1024		
    0.0740	    9.7000	   -3.8773	   1938.00	    5.2867	    0.1024		
    0.0740	   10.0000	   -3.8773	   1938.00	    5.2867	    0.1024		
    0.0740	   11.0000	   -3.8773	   1938.00	    5.2868	    0.1024		
    0.0740	   13.0000	   -3.8774	   1938.00	    5.2869	    0.1024		
    0.0740	   15.0000	   -3.8785	   1937.00	    5.2870	    0.1024		
0.075 M_Sun, 78.57 M_Jup 	
    0.0750	    0.0010	   -1.4316	   2726.52	    3.4399	    0.8643		
    0.0750	    0.0013	   -1.4603	   2731.00	    3.4715	    0.8334		
    0.0750	    0.0017	   -1.4735	   2732.18	    3.4854	    0.8202		
    0.0750	    0.0020	   -1.4804	   2733.00	    3.4928	    0.8132		
    0.0750	    0.0023	   -1.4876	   2734.00	    3.5007	    0.8059		
    0.0750	    0.0027	   -1.5026	   2729.48	    3.5128	    0.7947		
    0.0750	    0.0031	   -1.5215	   2723.55	    3.5279	    0.7810		
    0.0750	    0.0036	   -1.5543	   2714.23	    3.5548	    0.7572		
    0.0750	    0.0042	   -1.6314	   2688.70	    3.6154	    0.7062		
    0.0750	    0.0049	   -1.7490	   2659.14	    3.7138	    0.6306		
    0.0750	    0.0057	   -1.8320	   2657.21	    3.7955	    0.5740		
    0.0750	    0.0066	   -1.8857	   2685.26	    3.8675	    0.5283		
    0.0750	    0.0076	   -1.9264	   2725.07	    3.9337	    0.4895		
    0.0750	    0.0088	   -1.9565	   2785.00	    4.0016	    0.4527		
    0.0750	    0.0100	   -2.0197	   2774.54	    4.0583	    0.4241		
    0.0750	    0.0120	   -2.0983	   2767.50	    4.1325	    0.3894		
    0.0750	    0.0140	   -2.1549	   2771.18	    4.1914	    0.3638		
    0.0750	    0.0160	   -2.2023	   2774.06	    4.2406	    0.3438		
    0.0750	    0.0190	   -2.2638	   2773.18	    4.3016	    0.3205		
    0.0750	    0.0220	   -2.3155	   2770.86	    4.3518	    0.3025		
    0.0750	    0.0250	   -2.3594	   2768.98	    4.3945	    0.2880		
    0.0750	    0.0290	   -2.4097	   2765.78	    4.4429	    0.2724		
    0.0750	    0.0340	   -2.4632	   2761.32	    4.4935	    0.2569		
    0.0750	    0.0390	   -2.5103	   2754.63	    4.5364	    0.2446		
    0.0750	    0.0450	   -2.5582	   2748.30	    4.5803	    0.2325		
    0.0750	    0.0530	   -2.6129	   2739.61	    4.6295	    0.2197		
    0.0750	    0.0610	   -2.6597	   2731.34	    4.6711	    0.2094		
    0.0750	    0.0710	   -2.7102	   2721.47	    4.7153	    0.1990		
    0.0750	    0.0820	   -2.7589	   2710.06	    4.7566	    0.1898		
    0.0750	    0.0960	   -2.8128	   2695.04	    4.8009	    0.1804		
    0.0750	    0.1000	   -2.8272	   2690.30	    4.8123	    0.1780		
    0.0750	    0.1100	   -2.8608	   2679.03	    4.8385	    0.1727		
    0.0750	    0.1300	   -2.9193	   2658.58	    4.8837	    0.1640		
    0.0750	    0.1500	   -2.9711	   2637.25	    4.9215	    0.1570		
    0.0750	    0.1700	   -3.0194	   2612.98	    4.9538	    0.1513		
    0.0750	    0.2000	   -3.0834	   2577.43	    4.9940	    0.1444		
    0.0750	    0.2300	   -3.1386	   2545.08	    5.0273	    0.1390		
    0.0750	    0.2700	   -3.2004	   2508.25	    5.0637	    0.1333		
    0.0750	    0.3100	   -3.2534	   2475.04	    5.0936	    0.1288		
    0.0750	    0.3700	   -3.3197	   2432.36	    5.1296	    0.1235		
    0.0750	    0.4200	   -3.3695	   2396.67	    5.1538	    0.1201		
    0.0750	    0.4900	   -3.4410	   2335.40	    5.1803	    0.1165		
    0.0750	    0.5700	   -3.5072	   2277.51	    5.2029	    0.1135		
    0.0750	    0.6600	   -3.5659	   2225.98	    5.2218	    0.1111		
    0.0750	    0.7700	   -3.6218	   2176.46	    5.2387	    0.1090		
    0.0750	    0.8900	   -3.6673	   2136.24	    5.2518	    0.1073		
    0.0750	    1.0000	   -3.6985	   2108.88	    5.2606	    0.1062		
    0.0750	    1.2000	   -3.7498	   2060.09	    5.2712	    0.1050		
    0.0750	    1.4000	   -3.7848	   2025.56	    5.2768	    0.1043		
    0.0750	    1.6000	   -3.8047	   2005.74	    5.2797	    0.1039		
    0.0750	    1.9000	   -3.8161	   1995.00	    5.2817	    0.1037		
    0.0750	    2.2000	   -3.8205	   1991.11	    5.2827	    0.1036		
    0.0750	    2.5000	   -3.8224	   1989.54	    5.2833	    0.1035		
    0.0750	    2.9000	   -3.8242	   1988.00	    5.2837	    0.1035		
    0.0750	    3.4000	   -3.8252	   1987.00	    5.2839	    0.1034		
    0.0750	    4.0000	   -3.8253	   1987.00	    5.2839	    0.1034		
    0.0750	    4.6000	   -3.8253	   1987.00	    5.2840	    0.1034		
    0.0750	    5.3000	   -3.8254	   1987.00	    5.2840	    0.1034		
    0.0750	    6.2000	   -3.8254	   1987.00	    5.2841	    0.1034		
    0.0750	    7.2000	   -3.8263	   1986.00	    5.2841	    0.1034		
    0.0750	    8.3000	   -3.8263	   1986.00	    5.2841	    0.1034		
    0.0750	    9.7000	   -3.8264	   1986.00	    5.2841	    0.1034		
    0.0750	   10.0000	   -3.8264	   1986.00	    5.2841	    0.1034		
    0.0750	   11.0000	   -3.8264	   1986.00	    5.2842	    0.1034		
    0.0750	   13.0000	   -3.8264	   1986.00	    5.2842	    0.1034		
    0.0750	   15.0000	   -3.8265	   1986.00	    5.2843	    0.1034		
0.077 M_Sun, 80.66 M_Jup 	
    0.0770	    0.0010	   -1.4093	   2741.52	    3.4386	    0.8771		
    0.0770	    0.0013	   -1.4363	   2744.00	    3.4671	    0.8487		
    0.0770	    0.0017	   -1.4482	   2746.00	    3.4803	    0.8359		
    0.0770	    0.0020	   -1.4558	   2746.00	    3.4879	    0.8286		
    0.0770	    0.0023	   -1.4636	   2747.00	    3.4963	    0.8207		
    0.0770	    0.0027	   -1.4789	   2743.62	    3.5095	    0.8083		
    0.0770	    0.0031	   -1.4996	   2737.53	    3.5263	    0.7928		
    0.0770	    0.0036	   -1.5381	   2725.63	    3.5573	    0.7651		
    0.0770	    0.0042	   -1.6278	   2699.24	    3.6300	    0.7036		
    0.0770	    0.0049	   -1.7428	   2668.97	    3.7255	    0.6304		
    0.0770	    0.0057	   -1.8212	   2670.35	    3.8048	    0.5754		
    0.0770	    0.0066	   -1.8747	   2696.37	    3.8750	    0.5307		
    0.0770	    0.0076	   -1.9123	   2739.50	    3.9402	    0.4923		
    0.0770	    0.0088	   -1.9434	   2796.69	    4.0073	    0.4557		
    0.0770	    0.0100	   -2.0059	   2786.37	    4.0633	    0.4272		
    0.0770	    0.0120	   -2.0855	   2776.18	    4.1366	    0.3927		
    0.0770	    0.0140	   -2.1418	   2779.21	    4.1948	    0.3672		
    0.0770	    0.0160	   -2.1885	   2782.20	    4.2434	    0.3473		
    0.0770	    0.0190	   -2.2498	   2781.01	    4.3039	    0.3239		
    0.0770	    0.0220	   -2.3004	   2779.85	    4.3537	    0.3058		
    0.0770	    0.0250	   -2.3440	   2778.00	    4.3962	    0.2912		
    0.0770	    0.0290	   -2.3941	   2774.81	    4.4443	    0.2755		
    0.0770	    0.0340	   -2.4468	   2771.30	    4.4949	    0.2600		
    0.0770	    0.0390	   -2.4939	   2764.51	    4.5376	    0.2475		
    0.0770	    0.0450	   -2.5417	   2758.16	    4.5814	    0.2353		
    0.0770	    0.0530	   -2.5960	   2749.98	    4.6306	    0.2224		
    0.0770	    0.0610	   -2.6425	   2742.10	    4.6721	    0.2120		
    0.0770	    0.0710	   -2.6926	   2732.96	    4.7165	    0.2014		
    0.0770	    0.0820	   -2.7406	   2722.55	    4.7578	    0.1921		
    0.0770	    0.0960	   -2.7945	   2707.80	    4.8022	    0.1825		
    0.0770	    0.1000	   -2.8083	   2704.05	    4.8136	    0.1801		
    0.0770	    0.1100	   -2.8412	   2693.81	    4.8400	    0.1747		
    0.0770	    0.1300	   -2.8995	   2673.86	    4.8853	    0.1658		
    0.0770	    0.1500	   -2.9501	   2654.58	    4.9233	    0.1587		
    0.0770	    0.1700	   -2.9971	   2632.35	    4.9558	    0.1529		
    0.0770	    0.2000	   -3.0596	   2599.51	    4.9965	    0.1459		
    0.0770	    0.2300	   -3.1145	   2567.73	    5.0300	    0.1404		
    0.0770	    0.2700	   -3.1763	   2530.72	    5.0665	    0.1346		
    0.0770	    0.3100	   -3.2275	   2499.90	    5.0965	    0.1300		
    0.0770	    0.3700	   -3.2927	   2458.16	    5.1325	    0.1248		
    0.0770	    0.4200	   -3.3380	   2428.12	    5.1564	    0.1214		
    0.0770	    0.4900	   -3.3984	   2381.41	    5.1830	    0.1177		
    0.0770	    0.5700	   -3.4626	   2325.30	    5.2058	    0.1147		
    0.0770	    0.6600	   -3.5169	   2277.96	    5.2244	    0.1122		
    0.0770	    0.7700	   -3.5679	   2232.80	    5.2406	    0.1102		
    0.0770	    0.8900	   -3.6073	   2198.31	    5.2529	    0.1086		
    0.0770	    1.0000	   -3.6348	   2173.91	    5.2610	    0.1076		
    0.0770	    1.2000	   -3.6682	   2144.37	    5.2707	    0.1064		
    0.0770	    1.4000	   -3.6883	   2126.58	    5.2763	    0.1057		
    0.0770	    1.6000	   -3.7004	   2116.04	    5.2798	    0.1053		
    0.0770	    1.9000	   -3.7103	   2107.51	    5.2826	    0.1050		
    0.0770	    2.2000	   -3.7157	   2102.60	    5.2840	    0.1048		
    0.0770	    2.5000	   -3.7178	   2100.87	    5.2847	    0.1047		
    0.0770	    2.9000	   -3.7197	   2099.00	    5.2851	    0.1047		
    0.0770	    3.4000	   -3.7199	   2099.00	    5.2852	    0.1046		
    0.0770	    4.0000	   -3.7207	   2098.00	    5.2852	    0.1046		
    0.0770	    4.6000	   -3.7208	   2098.00	    5.2853	    0.1046		
    0.0770	    5.3000	   -3.7208	   2098.00	    5.2853	    0.1046		
    0.0770	    6.2000	   -3.7217	   2097.00	    5.2854	    0.1046		
    0.0770	    7.2000	   -3.7218	   2097.00	    5.2855	    0.1046		
    0.0770	    8.3000	   -3.7221	   2096.75	    5.2856	    0.1046		
    0.0770	    9.7000	   -3.7228	   2096.00	    5.2857	    0.1046		
    0.0770	   10.0000	   -3.7229	   2096.00	    5.2857	    0.1046		
    0.0770	   11.0000	   -3.7231	   2095.84	    5.2858	    0.1046		
    0.0770	   13.0000	   -3.7239	   2095.00	    5.2859	    0.1046		
    0.0770	   15.0000	   -3.7249	   2094.00	    5.2861	    0.1045		
0.078 M_Sun, 81.71 M_Jup 	
    0.0780	    0.0010	   -1.3983	   2749.00	    3.4379	    0.8834		
    0.0780	    0.0013	   -1.4242	   2751.00	    3.4650	    0.8563		
    0.0780	    0.0017	   -1.4364	   2752.00	    3.4778	    0.8437		
    0.0780	    0.0020	   -1.4438	   2752.53	    3.4856	    0.8362		
    0.0780	    0.0023	   -1.4522	   2753.00	    3.4943	    0.8279		
    0.0780	    0.0027	   -1.4671	   2751.09	    3.5080	    0.8149		
    0.0780	    0.0031	   -1.4892	   2744.11	    3.5257	    0.7985		
    0.0780	    0.0036	   -1.5306	   2731.27	    3.5590	    0.7685		
    0.0780	    0.0042	   -1.6292	   2702.45	    3.6391	    0.7008		
    0.0780	    0.0049	   -1.7415	   2673.30	    3.7325	    0.6293		
    0.0780	    0.0057	   -1.8167	   2677.26	    3.8103	    0.5754		
    0.0780	    0.0066	   -1.8693	   2703.04	    3.8796	    0.5313		
    0.0780	    0.0076	   -1.9053	   2747.82	    3.9442	    0.4932		
    0.0780	    0.0088	   -1.9395	   2799.76	    4.0108	    0.4568		
    0.0780	    0.0100	   -1.9996	   2792.01	    4.0662	    0.4286		
    0.0780	    0.0120	   -2.0795	   2780.50	    4.1389	    0.3942		
    0.0780	    0.0140	   -2.1356	   2783.14	    4.1967	    0.3688		
    0.0780	    0.0160	   -2.1822	   2786.00	    4.2450	    0.3488		
    0.0780	    0.0190	   -2.2429	   2785.09	    4.3051	    0.3255		
    0.0780	    0.0220	   -2.2933	   2783.93	    4.3548	    0.3074		
    0.0780	    0.0250	   -2.3367	   2782.15	    4.3971	    0.2928		
    0.0780	    0.0290	   -2.3867	   2779.00	    4.4451	    0.2770		
    0.0780	    0.0340	   -2.4392	   2775.73	    4.4956	    0.2614		
    0.0780	    0.0390	   -2.4857	   2769.66	    4.5383	    0.2489		
    0.0780	    0.0450	   -2.5339	   2762.48	    4.5820	    0.2367		
    0.0780	    0.0530	   -2.5876	   2755.32	    4.6311	    0.2236		
    0.0780	    0.0610	   -2.6339	   2747.72	    4.6727	    0.2132		
    0.0780	    0.0710	   -2.6843	   2738.18	    4.7170	    0.2026		
    0.0780	    0.0820	   -2.7322	   2727.87	    4.7584	    0.1932		
    0.0780	    0.0960	   -2.7854	   2714.08	    4.8028	    0.1835		
    0.0780	    0.1000	   -2.7992	   2710.33	    4.8142	    0.1811		
    0.0780	    0.1100	   -2.8318	   2700.67	    4.8406	    0.1757		
    0.0780	    0.1300	   -2.8899	   2681.16	    4.8861	    0.1668		
    0.0780	    0.1500	   -2.9400	   2662.71	    4.9242	    0.1596		
    0.0780	    0.1700	   -2.9857	   2642.67	    4.9568	    0.1537		
    0.0780	    0.2000	   -3.0483	   2609.73	    4.9975	    0.1467		
    0.0780	    0.2300	   -3.1031	   2578.15	    5.0312	    0.1411		
    0.0780	    0.2700	   -3.1643	   2542.06	    5.0679	    0.1353		
    0.0780	    0.3100	   -3.2151	   2511.60	    5.0978	    0.1307		
    0.0780	    0.3700	   -3.2796	   2470.71	    5.1337	    0.1254		
    0.0780	    0.4200	   -3.3235	   2442.19	    5.1575	    0.1220		
    0.0780	    0.4900	   -3.3786	   2402.34	    5.1840	    0.1183		
    0.0780	    0.5700	   -3.4399	   2349.59	    5.2067	    0.1153		
    0.0780	    0.6600	   -3.4927	   2303.57	    5.2252	    0.1129		
    0.0780	    0.7700	   -3.5420	   2259.81	    5.2411	    0.1108		
    0.0780	    0.8900	   -3.5792	   2227.12	    5.2530	    0.1093		
    0.0780	    1.0000	   -3.6033	   2206.19	    5.2607	    0.1083		
    0.0780	    1.2000	   -3.6331	   2179.85	    5.2697	    0.1072		
    0.0780	    1.4000	   -3.6513	   2163.49	    5.2748	    0.1066		
    0.0780	    1.6000	   -3.6614	   2154.63	    5.2778	    0.1062		
    0.0780	    1.9000	   -3.6691	   2148.04	    5.2801	    0.1059		
    0.0780	    2.2000	   -3.6728	   2144.73	    5.2812	    0.1058		
    0.0780	    2.5000	   -3.6747	   2143.00	    5.2817	    0.1057		
    0.0780	    2.9000	   -3.6758	   2142.00	    5.2819	    0.1057		
    0.0780	    3.4000	   -3.6759	   2142.00	    5.2821	    0.1057		
    0.0780	    4.0000	   -3.6767	   2141.00	    5.2821	    0.1057		
    0.0780	    4.6000	   -3.6768	   2141.00	    5.2821	    0.1057		
    0.0780	    5.3000	   -3.6767	   2141.00	    5.2821	    0.1057		
    0.0780	    6.2000	   -3.6768	   2141.00	    5.2821	    0.1057		
    0.0780	    7.2000	   -3.6768	   2141.00	    5.2821	    0.1057		
    0.0780	    8.3000	   -3.6768	   2141.00	    5.2821	    0.1057		
    0.0780	    9.7000	   -3.6768	   2141.00	    5.2821	    0.1057		
    0.0780	   10.0000	   -3.6768	   2141.00	    5.2821	    0.1057		
    0.0780	   11.0000	   -3.6768	   2141.00	    5.2821	    0.1057		
    0.0780	   13.0000	   -3.6768	   2141.00	    5.2822	    0.1057		
    0.0780	   15.0000	   -3.6769	   2141.00	    5.2822	    0.1057		
0.08 M_Sun, 83.81 M_Jup 	
    0.0800	    0.0010	   -1.3768	   2764.00	    3.4369	    0.8957		
    0.0800	    0.0013	   -1.4001	   2765.00	    3.4608	    0.8714		
    0.0800	    0.0017	   -1.4124	   2765.00	    3.4731	    0.8591		
    0.0800	    0.0020	   -1.4199	   2766.00	    3.4812	    0.8511		
    0.0800	    0.0023	   -1.4292	   2766.00	    3.4905	    0.8421		
    0.0800	    0.0027	   -1.4453	   2764.14	    3.5054	    0.8277		
    0.0800	    0.0031	   -1.4694	   2757.18	    3.5252	    0.8091		
    0.0800	    0.0036	   -1.5185	   2741.92	    3.5646	    0.7732		
    0.0800	    0.0042	   -1.6275	   2709.99	    3.6533	    0.6983		
    0.0800	    0.0049	   -1.7357	   2682.29	    3.7436	    0.6292		
    0.0800	    0.0057	   -1.8055	   2691.55	    3.8194	    0.5767		
    0.0800	    0.0066	   -1.8578	   2715.71	    3.8872	    0.5334		
    0.0800	    0.0076	   -1.8912	   2763.12	    3.9507	    0.4958		
    0.0800	    0.0088	   -1.9318	   2803.29	    4.0163	    0.4597		
    0.0800	    0.0100	   -1.9872	   2801.49	    4.0707	    0.4318		
    0.0800	    0.0120	   -2.0660	   2790.68	    4.1427	    0.3974		
    0.0800	    0.0140	   -2.1230	   2790.82	    4.1998	    0.3721		
    0.0800	    0.0160	   -2.1689	   2793.78	    4.2476	    0.3522		
    0.0800	    0.0190	   -2.2290	   2793.00	    4.3072	    0.3289		
    0.0800	    0.0220	   -2.2790	   2792.00	    4.3566	    0.3107		
    0.0800	    0.0250	   -2.3220	   2790.45	    4.3986	    0.2960		
    0.0800	    0.0290	   -2.3713	   2788.21	    4.4465	    0.2801		
    0.0800	    0.0340	   -2.4234	   2785.41	    4.4968	    0.2644		
    0.0800	    0.0390	   -2.4698	   2779.29	    4.5394	    0.2517		
    0.0800	    0.0450	   -2.5180	   2772.03	    4.5831	    0.2394		
    0.0800	    0.0530	   -2.5716	   2764.90	    4.6322	    0.2262		
    0.0800	    0.0610	   -2.6172	   2758.33	    4.6737	    0.2157		
    0.0800	    0.0710	   -2.6670	   2749.59	    4.7180	    0.2049		
    0.0800	    0.0820	   -2.7144	   2740.16	    4.7594	    0.1954		
    0.0800	    0.0960	   -2.7678	   2726.22	    4.8039	    0.1856		
    0.0800	    0.1000	   -2.7817	   2722.35	    4.8153	    0.1832		
    0.0800	    0.1100	   -2.8140	   2713.24	    4.8418	    0.1777		
    0.0800	    0.1300	   -2.8707	   2696.02	    4.8875	    0.1686		
    0.0800	    0.1500	   -2.9205	   2678.18	    4.9257	    0.1614		
    0.0800	    0.1700	   -2.9647	   2660.48	    4.9585	    0.1554		
    0.0800	    0.2000	   -3.0262	   2629.48	    4.9995	    0.1482		
    0.0800	    0.2300	   -3.0794	   2600.26	    5.0334	    0.1425		
    0.0800	    0.2700	   -3.1402	   2564.67	    5.0702	    0.1366		
    0.0800	    0.3100	   -3.1911	   2533.94	    5.1002	    0.1320		
    0.0800	    0.3700	   -3.2532	   2495.75	    5.1358	    0.1267		
    0.0800	    0.4200	   -3.2960	   2468.16	    5.1594	    0.1233		
    0.0800	    0.4900	   -3.3457	   2434.64	    5.1854	    0.1197		
    0.0800	    0.5700	   -3.3954	   2396.81	    5.2078	    0.1166		
    0.0800	    0.6600	   -3.4459	   2352.59	    5.2260	    0.1142		
    0.0800	    0.7700	   -3.4887	   2315.50	    5.2411	    0.1122		
    0.0800	    0.8900	   -3.5214	   2286.91	    5.2523	    0.1108		
    0.0800	    1.0000	   -3.5431	   2267.52	    5.2591	    0.1099		
    0.0800	    1.2000	   -3.5665	   2247.01	    5.2668	    0.1089		
    0.0800	    1.4000	   -3.5792	   2235.89	    5.2709	    0.1084		
    0.0800	    1.6000	   -3.5861	   2229.94	    5.2731	    0.1082		
    0.0800	    1.9000	   -3.5910	   2225.69	    5.2747	    0.1080		
    0.0800	    2.2000	   -3.5933	   2223.55	    5.2754	    0.1079		
    0.0800	    2.5000	   -3.5940	   2223.00	    5.2757	    0.1078		
    0.0800	    2.9000	   -3.5949	   2222.00	    5.2758	    0.1078		
    0.0800	    3.4000	   -3.5950	   2222.00	    5.2758	    0.1078		
    0.0800	    4.0000	   -3.5950	   2222.00	    5.2758	    0.1078		
    0.0800	    4.6000	   -3.5950	   2222.00	    5.2759	    0.1078		
    0.0800	    5.3000	   -3.5950	   2222.00	    5.2759	    0.1078		
    0.0800	    6.2000	   -3.5950	   2222.00	    5.2759	    0.1078		
    0.0800	    7.2000	   -3.5951	   2222.00	    5.2759	    0.1078		
    0.0800	    8.3000	   -3.5951	   2222.00	    5.2760	    0.1078		
    0.0800	    9.7000	   -3.5951	   2222.00	    5.2760	    0.1078		
    0.0800	   10.0000	   -3.5951	   2222.00	    5.2760	    0.1078		
    0.0800	   11.0000	   -3.5952	   2222.00	    5.2760	    0.1078		
    0.0800	   13.0000	   -3.5952	   2222.00	    5.2761	    0.1078		
    0.0800	   15.0000	   -3.5953	   2222.00	    5.2761	    0.1078		
